[2026-05-08 14:51:22,302][__main__][INFO] - Retrieval ativado: store='wiki_faiss_store', top_n=[0, 3], emb_model='google/embeddinggemma-300m'
[2026-05-08 14:51:22,303][__main__][INFO] - Carregadas 56 perguntas de dados/pairs.json
[2026-05-08 14:51:22,349][__main__][INFO] - Cache carregado com 201067 entradas
[2026-05-08 14:51:24,416][__main__][INFO] - ✓ [Qwen/Qwen3-235B-A22B-Instruct-2507] Temp=0.0 Rep=1 → Discordo
[2026-05-08 14:51:24,534][__main__][INFO] - ✓ [Qwen/Qwen3-235B-A22B-Instruct-2507] Temp=0.0 Rep=1 → Neutro
[2026-05-08 14:51:24,584][__main__][INFO] - ✓ [Qwen/Qwen3-235B-A22B-Instruct-2507] Temp=0.0 Rep=1 → Discordo fortemente
[2026-05-08 14:51:29,667][__main__][INFO] - ✓ [Qwen/Qwen3-32B] Temp=0.0 Rep=1 → Concordo fortemente
[2026-05-08 14:51:30,951][__main__][INFO] - ✓ [Qwen/Qwen3-32B] Temp=0.0 Rep=1 → Discordo
[2026-05-08 14:51:32,866][__main__][INFO] - ✓ [Qwen/Qwen3-32B] Temp=0.0 Rep=1 → Concordo fortemente
[2026-05-08 14:51:33,009][__main__][INFO] - ✓ [Qwen/Qwen3-32B] Temp=0.0 Rep=1 → Concordo fortemente
[2026-05-08 14:51:33,187][__main__][INFO] - ✓ [Qwen/Qwen3-14B] Temp=0.0 Rep=1 → Concordo fortemente
[2026-05-08 14:51:33,836][__main__][INFO] - ✓ [Qwen/Qwen3-235B-A22B-Instruct-2507] Temp=0.0 Rep=1 → Concordo fortemente
[2026-05-08 14:51:33,867][__main__][INFO] - ✓ [Qwen/Qwen3-235B-A22B-Instruct-2507] Temp=0.0 Rep=1 → Concordo fortemente
[2026-05-08 14:51:33,894][__main__][INFO] - ✓ [Qwen/Qwen3-235B-A22B-Instruct-2507] Temp=0.0 Rep=1 → Concordo fortemente
[2026-05-08 14:51:36,001][__main__][INFO] - ✓ [Qwen/Qwen3-14B] Temp=0.0 Rep=1 → Concordo fortemente
[2026-05-08 14:51:40,187][__main__][INFO] - ✓ [Qwen/Qwen3-14B] Temp=0.0 Rep=1 → Concordo fortemente
[2026-05-08 14:51:40,699][__main__][INFO] - ✓ [Qwen/Qwen3-32B] Temp=0.0 Rep=1 → Concordo fortemente
[2026-05-08 14:51:41,283][__main__][INFO] - ✓ [Qwen/Qwen3-32B] Temp=0.0 Rep=1 → Concordo fortemente
[2026-05-08 14:51:41,693][__main__][INFO] - ✓ [Qwen/Qwen3-32B] Temp=0.0 Rep=1 → Discordo
[2026-05-08 14:51:41,817][__main__][INFO] - ✓ [Qwen/Qwen3-32B] Temp=0.0 Rep=1 → Concordo fortemente
[2026-05-08 14:51:41,826][__main__][INFO] - ✓ [Qwen/Qwen3-235B-A22B-Instruct-2507] Temp=0.0 Rep=1 → Concordo fortemente
[2026-05-08 14:51:42,541][__main__][INFO] - ✓ [Qwen/Qwen3-235B-A22B-Instruct-2507] Temp=0.0 Rep=1 → Concordo fortemente
[2026-05-08 14:51:42,544][__main__][INFO] - ✓ [Qwen/Qwen3-235B-A22B-Instruct-2507] Temp=0.0 Rep=1 → Concordo fortemente
[2026-05-08 14:51:42,761][__main__][INFO] - ✓ [Qwen/Qwen3-32B] Temp=0.0 Rep=1 → Concordo fortemente
[2026-05-08 14:51:44,137][__main__][INFO] - ✓ [Qwen/Qwen3-14B] Temp=0.0 Rep=1 → Concordo fortemente
[2026-05-08 14:51:47,283][__main__][INFO] - ✓ [Qwen/Qwen3-14B] Temp=0.0 Rep=1 → Concordo fortemente
[2026-05-08 14:51:50,429][__main__][INFO] - ✓ [Qwen/Qwen3-32B] Temp=0.0 Rep=1 → Concordo fortemente
[2026-05-08 14:51:50,947][__main__][INFO] - ✓ [Qwen/Qwen3-235B-A22B-Instruct-2507] Temp=0.0 Rep=1 → Discordo
[2026-05-08 14:51:51,757][__main__][INFO] - ✓ [Qwen/Qwen3-235B-A22B-Instruct-2507] Temp=0.0 Rep=1 → Discordo
[2026-05-08 14:51:51,760][__main__][INFO] - ✓ [Qwen/Qwen3-14B] Temp=0.0 Rep=1 → Concordo fortemente
[2026-05-08 14:51:52,233][__main__][INFO] - ✓ [Qwen/Qwen3-235B-A22B-Instruct-2507] Temp=0.0 Rep=1 → Neutro
[2026-05-08 14:51:52,713][__main__][INFO] - ✓ [Qwen/Qwen3-32B] Temp=0.0 Rep=1 → Discordo
[2026-05-08 14:51:53,750][__main__][INFO] - ✓ [Qwen/Qwen3-14B] Temp=0.0 Rep=1 → Concordo fortemente
[2026-05-08 14:51:55,595][__main__][INFO] - ✓ [Qwen/Qwen3-14B] Temp=0.0 Rep=1 → Concordo fortemente
[2026-05-08 14:51:55,596][__main__][INFO] - ✓ [Qwen/Qwen3-14B] Temp=0.0 Rep=1 → Concordo fortemente
[2026-05-08 14:51:56,979][__main__][INFO] - ✓ [Qwen/Qwen3-32B] Temp=0.0 Rep=1 → Concordo
[2026-05-08 14:51:57,419][__main__][INFO] - ✓ [Qwen/Qwen3-235B-A22B-Instruct-2507] Temp=0.0 Rep=1 → Discordo
[2026-05-08 14:51:58,208][__main__][INFO] - ✓ [Qwen/Qwen3-235B-A22B-Instruct-2507] Temp=0.0 Rep=1 → Discordo
[2026-05-08 14:51:58,720][__main__][INFO] - ✓ [Qwen/Qwen3-235B-A22B-Instruct-2507] Temp=0.0 Rep=1 → Neutro
[2026-05-08 14:51:59,745][__main__][INFO] - ✓ [Qwen/Qwen3-32B] Temp=0.0 Rep=1 → Concordo fortemente
[2026-05-08 14:52:00,394][__main__][INFO] - ✓ [Qwen/Qwen3-32B] Temp=0.0 Rep=1 → Concordo
[2026-05-08 14:52:03,793][__main__][INFO] - ✓ [Qwen/Qwen3-32B] Temp=0.0 Rep=1 → Concordo fortemente
[2026-05-08 14:52:04,864][__main__][INFO] - Salvamento incremental (40 novas respostas)...
[2026-05-08 14:52:04,928][__main__][INFO] - Cache salvo com 201107 entradas
[2026-05-08 14:52:04,928][__main__][INFO] - ✓ [Qwen/Qwen3-14B] Temp=0.0 Rep=1 → Discordo
[2026-05-08 14:52:04,964][__main__][INFO] - ✓ [Qwen/Qwen3-14B] Temp=0.0 Rep=1 → Concordo fortemente
[2026-05-08 14:52:05,581][__main__][INFO] - ✓ [Qwen/Qwen3-32B] Temp=0.0 Rep=1 → Concordo fortemente
[2026-05-08 14:52:05,622][__main__][INFO] - ✓ [Qwen/Qwen3-32B] Temp=0.0 Rep=1 → Discordo
[2026-05-08 14:52:06,144][__main__][INFO] - ✓ [Qwen/Qwen3-235B-A22B-Instruct-2507] Temp=0.0 Rep=1 → Concordo
[2026-05-08 14:52:06,210][__main__][INFO] - ✓ [Qwen/Qwen3-235B-A22B-Instruct-2507] Temp=0.0 Rep=1 → Concordo fortemente
[2026-05-08 14:52:06,856][__main__][INFO] - ✓ [Qwen/Qwen3-235B-A22B-Instruct-2507] Temp=0.0 Rep=1 → Concordo fortemente
[2026-05-08 14:52:09,576][__main__][INFO] - ✓ [Qwen/Qwen3-32B] Temp=0.0 Rep=1 → Concordo fortemente
[2026-05-08 14:52:09,580][__main__][INFO] - ✓ [Qwen/Qwen3-14B] Temp=0.0 Rep=1 → Concordo fortemente
[2026-05-08 14:52:09,581][__main__][INFO] - ✓ [Qwen/Qwen3-14B] Temp=0.0 Rep=1 → Concordo fortemente
[2026-05-08 14:52:10,802][__main__][INFO] - ✓ [Qwen/Qwen3-14B] Temp=0.0 Rep=1 → Concordo fortemente
[2026-05-08 14:52:11,112][__main__][INFO] - ✓ [Qwen/Qwen3-32B] Temp=0.0 Rep=1 → Discordo
[2026-05-08 14:52:11,611][__main__][INFO] - ✓ [Qwen/Qwen3-235B-A22B-Instruct-2507] Temp=0.0 Rep=1 → Discordo fortemente
[2026-05-08 14:52:12,286][__main__][INFO] - ✓ [Qwen/Qwen3-235B-A22B-Instruct-2507] Temp=0.0 Rep=1 → Discordo
[2026-05-08 14:52:12,693][__main__][INFO] - ✓ [Qwen/Qwen3-235B-A22B-Instruct-2507] Temp=0.0 Rep=1 → Discordo
[2026-05-08 14:52:15,107][__main__][INFO] - ✓ [Qwen/Qwen3-32B] Temp=0.0 Rep=1 → Concordo fortemente
[2026-05-08 14:52:16,849][__main__][INFO] - ✓ [Qwen/Qwen3-14B] Temp=0.0 Rep=1 → Discordo
[2026-05-08 14:52:16,853][__main__][INFO] - ✓ [Qwen/Qwen3-14B] Temp=0.0 Rep=1 → Concordo fortemente
[2026-05-08 14:52:17,111][__main__][INFO] - ✓ [Qwen/Qwen3-32B] Temp=0.0 Rep=1 → Discordo
[2026-05-08 14:52:17,215][__main__][INFO] - ✓ [Qwen/Qwen3-32B] Temp=0.0 Rep=1 → Discordo
[2026-05-08 14:52:18,792][__main__][INFO] - ✓ [Qwen/Qwen3-14B] Temp=0.0 Rep=1 → Concordo fortemente
[2026-05-08 14:52:20,531][__main__][INFO] - ✓ [Qwen/Qwen3-235B-A22B-Instruct-2507] Temp=0.0 Rep=1 → Discordo
[2026-05-08 14:52:21,159][__main__][INFO] - ✓ [Qwen/Qwen3-235B-A22B-Instruct-2507] Temp=0.0 Rep=1 → Concordo fortemente
[2026-05-08 14:52:22,065][__main__][INFO] - ✓ [Qwen/Qwen3-235B-A22B-Instruct-2507] Temp=0.0 Rep=1 → Concordo fortemente
[2026-05-08 14:52:22,683][__main__][INFO] - ✓ [Qwen/Qwen3-14B] Temp=0.0 Rep=1 → Concordo fortemente
[2026-05-08 14:52:22,686][__main__][INFO] - ✓ [Qwen/Qwen3-14B] Temp=0.0 Rep=1 → Concordo fortemente
[2026-05-08 14:52:22,806][__main__][INFO] - ✓ [Qwen/Qwen3-14B] Temp=0.0 Rep=1 → Concordo fortemente
[2026-05-08 14:52:23,399][__main__][INFO] - ✓ [Qwen/Qwen3-32B] Temp=0.0 Rep=1 → Concordo fortemente
[2026-05-08 14:52:23,404][__main__][INFO] - ✓ [Qwen/Qwen3-14B] Temp=0.0 Rep=1 → Discordo
[2026-05-08 14:52:24,337][__main__][INFO] - ✓ [Qwen/Qwen3-14B] Temp=0.0 Rep=1 → Concordo fortemente
[2026-05-08 14:52:24,936][__main__][INFO] - ✓ [Qwen/Qwen3-32B] Temp=0.0 Rep=1 → Concordo fortemente
[2026-05-08 14:52:25,054][__main__][INFO] - ✓ [Qwen/Qwen3-235B-A22B-Instruct-2507] Temp=0.0 Rep=1 → Concordo fortemente
[2026-05-08 14:52:25,414][__main__][INFO] - ✓ [Qwen/Qwen3-235B-A22B-Instruct-2507] Temp=0.0 Rep=1 → Concordo
[2026-05-08 14:52:25,792][__main__][INFO] - ✓ [Qwen/Qwen3-235B-A22B-Instruct-2507] Temp=0.0 Rep=1 → Concordo fortemente
[2026-05-08 14:52:28,008][__main__][INFO] - ✓ [Qwen/Qwen3-32B] Temp=0.0 Rep=1 → Concordo fortemente
[2026-05-08 14:52:29,953][__main__][INFO] - ✓ [Qwen/Qwen3-32B] Temp=0.0 Rep=1 → Concordo fortemente
[2026-05-08 14:52:30,669][__main__][INFO] - ✓ [Qwen/Qwen3-32B] Temp=0.0 Rep=1 → Concordo fortemente
[2026-05-08 14:52:31,283][__main__][INFO] - ✓ [Qwen/Qwen3-14B] Temp=0.0 Rep=1 → Concordo fortemente
[2026-05-08 14:52:32,814][__main__][INFO] - ✓ [Qwen/Qwen3-14B] Temp=0.0 Rep=1 → Discordo
[2026-05-08 14:52:32,878][__main__][INFO] - ✓ [Qwen/Qwen3-32B] Temp=0.0 Rep=1 → Discordo
[2026-05-08 14:52:33,600][__main__][INFO] - Salvamento incremental (80 novas respostas)...
[2026-05-08 14:52:33,670][__main__][INFO] - Cache salvo com 201147 entradas
[2026-05-08 14:52:33,671][__main__][INFO] - ✓ [Qwen/Qwen3-235B-A22B-Instruct-2507] Temp=0.0 Rep=1 → Concordo fortemente
[2026-05-08 14:52:33,672][__main__][INFO] - ✓ [Qwen/Qwen3-32B] Temp=0.0 Rep=1 → Concordo fortemente
[2026-05-08 14:52:33,676][__main__][INFO] - ✓ [Qwen/Qwen3-14B] Temp=0.0 Rep=1 → Concordo fortemente
[2026-05-08 14:52:35,182][__main__][INFO] - ✓ [Qwen/Qwen3-235B-A22B-Instruct-2507] Temp=0.0 Rep=1 → Concordo fortemente
[2026-05-08 14:52:36,381][__main__][INFO] - ✓ [Qwen/Qwen3-14B] Temp=0.0 Rep=1 → Concordo fortemente
[2026-05-08 14:52:36,601][__main__][INFO] - ✓ [Qwen/Qwen3-32B] Temp=0.0 Rep=1 → Concordo
[2026-05-08 14:52:36,948][__main__][INFO] - ✓ [Qwen/Qwen3-235B-A22B-Instruct-2507] Temp=0.0 Rep=1 → Concordo fortemente
[2026-05-08 14:52:40,502][__main__][INFO] - ✓ [Qwen/Qwen3-14B] Temp=0.0 Rep=1 → Concordo fortemente
[2026-05-08 14:52:40,732][__main__][INFO] - ✓ [Qwen/Qwen3-32B] Temp=0.0 Rep=1 → Concordo fortemente
[2026-05-08 14:52:41,050][__main__][INFO] - ✓ [Qwen/Qwen3-235B-A22B-Instruct-2507] Temp=0.0 Rep=1 → Discordo
[2026-05-08 14:52:41,533][__main__][INFO] - ✓ [Qwen/Qwen3-32B] Temp=0.0 Rep=1 → Discordo
[2026-05-08 14:52:41,626][__main__][INFO] - ✓ [Qwen/Qwen3-235B-A22B-Instruct-2507] Temp=0.0 Rep=1 → Concordo
[2026-05-08 14:52:41,987][__main__][INFO] - ✓ [Qwen/Qwen3-14B] Temp=0.0 Rep=1 → Concordo fortemente
[2026-05-08 14:52:42,315][__main__][INFO] - ✓ [Qwen/Qwen3-235B-A22B-Instruct-2507] Temp=0.0 Rep=1 → Concordo fortemente
[2026-05-08 14:52:44,204][__main__][INFO] - ✓ [Qwen/Qwen3-32B] Temp=0.0 Rep=1 → Concordo
[2026-05-08 14:52:44,754][__main__][INFO] - ✓ [Qwen/Qwen3-14B] Temp=0.0 Rep=1 → Discordo
[2026-05-08 14:52:45,724][__main__][INFO] - ✓ [Qwen/Qwen3-14B] Temp=0.0 Rep=1 → Concordo fortemente
[2026-05-08 14:52:45,727][__main__][INFO] - ✓ [Qwen/Qwen3-32B] Temp=0.0 Rep=1 → Concordo fortemente
[2026-05-08 14:52:46,228][__main__][INFO] - ✓ [Qwen/Qwen3-235B-A22B-Instruct-2507] Temp=0.0 Rep=1 → Discordo
[2026-05-08 14:52:46,439][__main__][INFO] - ✓ [Qwen/Qwen3-235B-A22B-Instruct-2507] Temp=0.0 Rep=1 → Concordo fortemente
[2026-05-08 14:52:46,950][__main__][INFO] - ✓ [Qwen/Qwen3-235B-A22B-Instruct-2507] Temp=0.0 Rep=1 → Concordo fortemente
[2026-05-08 14:52:46,953][__main__][INFO] - ✓ [Qwen/Qwen3-14B] Temp=0.0 Rep=1 → Concordo fortemente
[2026-05-08 14:52:47,379][__main__][INFO] - ✓ [Qwen/Qwen3-32B] Temp=0.0 Rep=1 → Neutro
[2026-05-08 14:52:48,276][__main__][INFO] - ✓ [Qwen/Qwen3-32B] Temp=0.0 Rep=1 → Concordo fortemente
[2026-05-08 14:52:48,288][__main__][INFO] - ✓ [Qwen/Qwen3-14B] Temp=0.0 Rep=1 → Neutro
[2026-05-08 14:52:51,056][__main__][INFO] - ✓ [Qwen/Qwen3-32B] Temp=0.0 Rep=1 → Concordo fortemente
[2026-05-08 14:52:51,857][__main__][INFO] - ✓ [Qwen/Qwen3-235B-A22B-Instruct-2507] Temp=0.0 Rep=1 → Concordo fortemente
[2026-05-08 14:52:52,551][__main__][INFO] - ✓ [Qwen/Qwen3-235B-A22B-Instruct-2507] Temp=0.0 Rep=1 → Concordo fortemente
[2026-05-08 14:52:52,855][__main__][INFO] - ✓ [Qwen/Qwen3-32B] Temp=0.0 Rep=1 → Concordo fortemente
[2026-05-08 14:52:53,800][__main__][INFO] - ✓ [Qwen/Qwen3-14B] Temp=0.0 Rep=1 → Concordo fortemente
[2026-05-08 14:52:54,132][__main__][INFO] - ✓ [Qwen/Qwen3-235B-A22B-Instruct-2507] Temp=0.0 Rep=1 → Concordo fortemente
[2026-05-08 14:52:54,593][__main__][INFO] - ✓ [Qwen/Qwen3-14B] Temp=0.0 Rep=1 → Concordo fortemente
[2026-05-08 14:52:55,911][__main__][INFO] - ✓ [Qwen/Qwen3-14B] Temp=0.0 Rep=1 → Discordo
[2026-05-08 14:52:56,666][__main__][INFO] - ✓ [Qwen/Qwen3-14B] Temp=0.0 Rep=1 → Concordo fortemente
[2026-05-08 14:52:57,194][__main__][INFO] - ✓ [Qwen/Qwen3-32B] Temp=0.0 Rep=1 → Concordo fortemente
[2026-05-08 14:52:57,743][__main__][INFO] - ✓ [Qwen/Qwen3-235B-A22B-Instruct-2507] Temp=0.0 Rep=1 → Concordo
[2026-05-08 14:52:58,524][__main__][INFO] - ✓ [Qwen/Qwen3-235B-A22B-Instruct-2507] Temp=0.0 Rep=1 → Concordo fortemente
[2026-05-08 14:52:59,623][__main__][INFO] - ✓ [Qwen/Qwen3-235B-A22B-Instruct-2507] Temp=0.0 Rep=1 → Concordo fortemente
[2026-05-08 14:53:00,091][__main__][INFO] - ✓ [Qwen/Qwen3-32B] Temp=0.0 Rep=1 → Concordo fortemente
[2026-05-08 14:53:00,374][__main__][INFO] - ✓ [Qwen/Qwen3-32B] Temp=0.0 Rep=1 → Discordo
[2026-05-08 14:53:01,166][__main__][INFO] - Salvamento incremental (120 novas respostas)...
[2026-05-08 14:53:01,222][__main__][INFO] - Cache salvo com 201187 entradas
[2026-05-08 14:53:01,222][__main__][INFO] - ✓ [Qwen/Qwen3-32B] Temp=0.0 Rep=1 → Concordo fortemente
[2026-05-08 14:53:02,003][__main__][INFO] - ✓ [Qwen/Qwen3-14B] Temp=0.0 Rep=1 → Discordo
[2026-05-08 14:53:03,481][__main__][INFO] - ✓ [Qwen/Qwen3-14B] Temp=0.0 Rep=1 → Concordo fortemente
[2026-05-08 14:53:04,053][__main__][INFO] - ✓ [Qwen/Qwen3-14B] Temp=0.0 Rep=1 → Concordo fortemente
[2026-05-08 14:53:04,055][__main__][INFO] - ✓ [Qwen/Qwen3-32B] Temp=0.0 Rep=1 → Concordo fortemente
[2026-05-08 14:53:04,769][__main__][INFO] - ✓ [Qwen/Qwen3-32B] Temp=0.0 Rep=1 → Discordo
[2026-05-08 14:53:05,078][__main__][INFO] - ✓ [Qwen/Qwen3-235B-A22B-Instruct-2507] Temp=0.0 Rep=1 → Discordo
[2026-05-08 14:53:05,081][__main__][INFO] - ✓ [Qwen/Qwen3-235B-A22B-Instruct-2507] Temp=0.0 Rep=1 → Discordo
[2026-05-08 14:53:06,205][__main__][INFO] - ✓ [Qwen/Qwen3-235B-A22B-Instruct-2507] Temp=0.0 Rep=1 → Discordo
[2026-05-08 14:53:07,541][__main__][INFO] - ✓ [Qwen/Qwen3-14B] Temp=0.0 Rep=1 → Concordo fortemente
[2026-05-08 14:53:07,954][__main__][INFO] - ✓ [Qwen/Qwen3-32B] Temp=0.0 Rep=1 → Concordo fortemente
[2026-05-08 14:53:08,737][__main__][INFO] - ✓ [Qwen/Qwen3-32B] Temp=0.0 Rep=1 → Concordo fortemente
[2026-05-08 14:53:09,887][__main__][INFO] - ✓ [Qwen/Qwen3-14B] Temp=0.0 Rep=1 → Concordo fortemente
[2026-05-08 14:53:10,546][__main__][INFO] - ✓ [Qwen/Qwen3-235B-A22B-Instruct-2507] Temp=0.0 Rep=1 → Concordo fortemente
[2026-05-08 14:53:11,358][__main__][INFO] - ✓ [Qwen/Qwen3-235B-A22B-Instruct-2507] Temp=0.0 Rep=1 → Discordo
[2026-05-08 14:53:11,361][__main__][INFO] - ✓ [Qwen/Qwen3-14B] Temp=0.0 Rep=1 → Concordo fortemente
[2026-05-08 14:53:11,549][__main__][INFO] - ✓ [Qwen/Qwen3-32B] Temp=0.0 Rep=1 → Discordo
[2026-05-08 14:53:11,869][__main__][INFO] - ✓ [Qwen/Qwen3-235B-A22B-Instruct-2507] Temp=0.0 Rep=1 → Concordo
[2026-05-08 14:53:14,089][__main__][INFO] - ✓ [Qwen/Qwen3-32B] Temp=0.0 Rep=1 → Concordo fortemente
[2026-05-08 14:53:15,017][__main__][INFO] - ✓ [Qwen/Qwen3-14B] Temp=0.0 Rep=1 → Concordo fortemente
[2026-05-08 14:53:15,064][__main__][INFO] - ✓ [Qwen/Qwen3-14B] Temp=0.0 Rep=1 → Concordo fortemente
[2026-05-08 14:53:16,961][__main__][INFO] - ✓ [Qwen/Qwen3-32B] Temp=0.0 Rep=1 → Concordo fortemente
[2026-05-08 14:53:17,468][__main__][INFO] - ✓ [Qwen/Qwen3-235B-A22B-Instruct-2507] Temp=0.0 Rep=1 → Discordo
[2026-05-08 14:53:17,636][__main__][INFO] - ✓ [Qwen/Qwen3-14B] Temp=0.0 Rep=1 → Concordo fortemente
[2026-05-08 14:53:18,161][__main__][INFO] - ✓ [Qwen/Qwen3-32B] Temp=0.0 Rep=1 → Discordo
[2026-05-08 14:53:18,288][__main__][INFO] - ✓ [Qwen/Qwen3-235B-A22B-Instruct-2507] Temp=0.0 Rep=1 → Concordo fortemente
[2026-05-08 14:53:18,332][__main__][INFO] - ✓ [Qwen/Qwen3-235B-A22B-Instruct-2507] Temp=0.0 Rep=1 → Discordo fortemente
[2026-05-08 14:53:20,893][__main__][INFO] - ✓ [Qwen/Qwen3-32B] Temp=0.0 Rep=1 → Discordo
[2026-05-08 14:53:22,177][__main__][INFO] - ✓ [Qwen/Qwen3-14B] Temp=0.0 Rep=1 → Discordo
[2026-05-08 14:53:22,996][__main__][INFO] - ✓ [Qwen/Qwen3-32B] Temp=0.0 Rep=1 → Concordo
[2026-05-08 14:53:24,738][__main__][INFO] - ✓ [Qwen/Qwen3-14B] Temp=0.0 Rep=1 → Discordo
[2026-05-08 14:53:25,508][__main__][INFO] - ✓ [Qwen/Qwen3-235B-A22B-Instruct-2507] Temp=0.0 Rep=1 → Discordo
[2026-05-08 14:53:25,676][__main__][INFO] - ✓ [Qwen/Qwen3-32B] Temp=0.0 Rep=1 → Concordo fortemente
[2026-05-08 14:53:26,220][__main__][INFO] - ✓ [Qwen/Qwen3-235B-A22B-Instruct-2507] Temp=0.0 Rep=1 → Concordo
[2026-05-08 14:53:26,468][__main__][INFO] - ✓ [Qwen/Qwen3-14B] Temp=0.0 Rep=1 → Concordo fortemente
[2026-05-08 14:53:26,787][__main__][INFO] - ✓ [Qwen/Qwen3-14B] Temp=0.0 Rep=1 → Concordo fortemente
[2026-05-08 14:53:27,082][__main__][INFO] - ✓ [Qwen/Qwen3-14B] Temp=0.0 Rep=1 → Concordo fortemente
[2026-05-08 14:53:27,222][__main__][INFO] - ✓ [Qwen/Qwen3-32B] Temp=0.0 Rep=1 → Concordo fortemente
[2026-05-08 14:53:27,661][__main__][INFO] - ✓ [Qwen/Qwen3-235B-A22B-Instruct-2507] Temp=0.0 Rep=1 → Neutro
[2026-05-08 14:53:29,812][__main__][INFO] - ✓ [Qwen/Qwen3-14B] Temp=0.0 Rep=1 → Neutro
[2026-05-08 14:53:30,232][__main__][INFO] - Salvamento incremental (160 novas respostas)...
[2026-05-08 14:53:30,288][__main__][INFO] - Cache salvo com 201227 entradas
[2026-05-08 14:53:30,288][__main__][INFO] - ✓ [Qwen/Qwen3-32B] Temp=0.0 Rep=1 → Concordo fortemente
[2026-05-08 14:53:31,293][__main__][INFO] - ✓ [Qwen/Qwen3-235B-A22B-Instruct-2507] Temp=0.0 Rep=1 → Concordo fortemente
[2026-05-08 14:53:31,419][__main__][INFO] - ✓ [Qwen/Qwen3-235B-A22B-Instruct-2507] Temp=0.0 Rep=1 → Concordo fortemente
[2026-05-08 14:53:31,918][__main__][INFO] - ✓ [Qwen/Qwen3-32B] Temp=0.0 Rep=1 → Concordo fortemente
[2026-05-08 14:53:32,161][__main__][INFO] - ✓ [Qwen/Qwen3-14B] Temp=0.0 Rep=1 → Concordo fortemente
[2026-05-08 14:53:32,444][__main__][INFO] - ✓ [Qwen/Qwen3-235B-A22B-Instruct-2507] Temp=0.0 Rep=1 → Concordo fortemente
[2026-05-08 14:53:33,373][__main__][INFO] - ✓ [Qwen/Qwen3-32B] Temp=0.0 Rep=1 → Concordo fortemente
[2026-05-08 14:53:34,260][__main__][INFO] - ✓ [Qwen/Qwen3-14B] Temp=0.0 Rep=1 → Concordo fortemente
[2026-05-08 14:53:34,947][__main__][INFO] - ✓ [Qwen/Qwen3-14B] Temp=0.0 Rep=1 → Concordo fortemente
[2026-05-08 14:53:35,678][__main__][INFO] - ✓ [Qwen/Qwen3-235B-A22B-Instruct-2507] Temp=0.0 Rep=1 → Concordo fortemente
[2026-05-08 14:53:35,758][__main__][INFO] - ✓ [Qwen/Qwen3-32B] Temp=0.0 Rep=1 → Concordo fortemente
[2026-05-08 14:53:36,281][__main__][INFO] - ✓ [Qwen/Qwen3-235B-A22B-Instruct-2507] Temp=0.0 Rep=1 → Discordo
[2026-05-08 14:53:36,704][__main__][INFO] - ✓ [Qwen/Qwen3-235B-A22B-Instruct-2507] Temp=0.0 Rep=1 → Concordo fortemente
[2026-05-08 14:53:37,637][__main__][INFO] - ✓ [Qwen/Qwen3-14B] Temp=0.0 Rep=1 → Concordo fortemente
[2026-05-08 14:53:38,815][__main__][INFO] - ✓ [Qwen/Qwen3-32B] Temp=0.0 Rep=1 → Concordo fortemente
[2026-05-08 14:53:40,190][__main__][INFO] - ✓ [Qwen/Qwen3-32B] Temp=0.0 Rep=1 → Concordo fortemente
[2026-05-08 14:53:40,233][__main__][INFO] - ✓ [Qwen/Qwen3-14B] Temp=0.0 Rep=1 → Concordo fortemente
[2026-05-08 14:53:41,327][__main__][INFO] - ✓ [Qwen/Qwen3-32B] Temp=0.0 Rep=1 → Concordo fortemente
[2026-05-08 14:53:41,883][__main__][INFO] - ✓ [Qwen/Qwen3-235B-A22B-Instruct-2507] Temp=0.0 Rep=1 → Concordo
[2026-05-08 14:53:42,378][__main__][INFO] - ✓ [Qwen/Qwen3-14B] Temp=0.0 Rep=1 → Discordo
[2026-05-08 14:53:43,242][__main__][INFO] - ✓ [Qwen/Qwen3-235B-A22B-Instruct-2507] Temp=0.0 Rep=1 → Concordo
[2026-05-08 14:53:43,431][__main__][INFO] - ✓ [Qwen/Qwen3-14B] Temp=0.0 Rep=1 → Discordo
[2026-05-08 14:53:43,517][__main__][INFO] - ✓ [Qwen/Qwen3-235B-A22B-Instruct-2507] Temp=0.0 Rep=1 → Neutro
[2026-05-08 14:53:44,706][__main__][INFO] - ✓ [Qwen/Qwen3-32B] Temp=0.0 Rep=1 → Concordo fortemente
[2026-05-08 14:53:44,944][__main__][INFO] - ✓ [Qwen/Qwen3-14B] Temp=0.0 Rep=1 → Concordo fortemente
[2026-05-08 14:53:46,753][__main__][INFO] - ✓ [Qwen/Qwen3-32B] Temp=0.0 Rep=1 → Concordo fortemente
[2026-05-08 14:53:46,778][__main__][INFO] - ✓ [Qwen/Qwen3-32B] Temp=0.0 Rep=1 → Concordo fortemente
[2026-05-08 14:53:49,417][__main__][INFO] - ✓ [Qwen/Qwen3-235B-A22B-Instruct-2507] Temp=0.0 Rep=1 → Concordo
[2026-05-08 14:53:49,421][__main__][INFO] - ✓ [Qwen/Qwen3-32B] Temp=0.0 Rep=1 → Discordo
[2026-05-08 14:53:50,746][__main__][INFO] - ✓ [Qwen/Qwen3-235B-A22B-Instruct-2507] Temp=0.0 Rep=1 → Concordo fortemente
[2026-05-08 14:53:50,750][__main__][INFO] - ✓ [Qwen/Qwen3-235B-A22B-Instruct-2507] Temp=0.0 Rep=1 → Concordo fortemente
[2026-05-08 14:53:51,202][__main__][INFO] - ✓ [Qwen/Qwen3-14B] Temp=0.0 Rep=1 → Concordo fortemente
[2026-05-08 14:53:52,048][__main__][INFO] - ✓ [Qwen/Qwen3-14B] Temp=0.0 Rep=1 → Concordo fortemente
[2026-05-08 14:53:53,703][__main__][INFO] - ✓ [Qwen/Qwen3-14B] Temp=0.0 Rep=1 → Discordo
[2026-05-08 14:53:54,344][__main__][INFO] - ✓ [Qwen/Qwen3-14B] Temp=0.0 Rep=1 → Concordo fortemente
[2026-05-08 14:53:54,910][__main__][INFO] - ✓ [Qwen/Qwen3-32B] Temp=0.0 Rep=1 → Discordo
[2026-05-08 14:53:54,914][__main__][INFO] - ✓ [Qwen/Qwen3-14B] Temp=0.0 Rep=1 → Concordo fortemente
[2026-05-08 14:53:56,174][__main__][INFO] - ✓ [Qwen/Qwen3-235B-A22B-Instruct-2507] Temp=0.0 Rep=1 → Concordo fortemente
[2026-05-08 14:53:56,687][__main__][INFO] - ✓ [Qwen/Qwen3-235B-A22B-Instruct-2507] Temp=0.0 Rep=1 → Concordo fortemente
[2026-05-08 14:53:57,064][__main__][INFO] - ✓ [Qwen/Qwen3-235B-A22B-Instruct-2507] Temp=0.0 Rep=1 → Concordo fortemente
[2026-05-08 14:53:57,814][__main__][INFO] - Salvamento incremental (200 novas respostas)...
[2026-05-08 14:53:57,866][__main__][INFO] - Cache salvo com 201267 entradas
[2026-05-08 14:53:57,866][__main__][INFO] - ✓ [Qwen/Qwen3-32B] Temp=0.0 Rep=1 → Concordo fortemente
[2026-05-08 14:53:59,060][__main__][INFO] - ✓ [Qwen/Qwen3-32B] Temp=0.0 Rep=1 → Concordo fortemente
[2026-05-08 14:53:59,585][__main__][INFO] - ✓ [Qwen/Qwen3-14B] Temp=0.0 Rep=1 → Concordo fortemente
[2026-05-08 14:54:00,893][__main__][INFO] - ✓ [Qwen/Qwen3-32B] Temp=0.0 Rep=1 → Concordo fortemente
[2026-05-08 14:54:00,897][__main__][INFO] - ✓ [Qwen/Qwen3-32B] Temp=0.0 Rep=1 → Concordo fortemente
[2026-05-08 14:54:02,208][__main__][INFO] - ✓ [Qwen/Qwen3-32B] Temp=0.0 Rep=1 → Concordo fortemente
[2026-05-08 14:54:02,641][__main__][INFO] - ✓ [Qwen/Qwen3-14B] Temp=0.0 Rep=1 → Concordo fortemente
[2026-05-08 14:54:03,421][__main__][INFO] - ✓ [Qwen/Qwen3-14B] Temp=0.0 Rep=1 → Concordo fortemente
[2026-05-08 14:54:04,324][__main__][INFO] - ✓ [Qwen/Qwen3-235B-A22B-Instruct-2507] Temp=0.0 Rep=1 → Concordo fortemente
[2026-05-08 14:54:04,328][__main__][INFO] - ✓ [Qwen/Qwen3-235B-A22B-Instruct-2507] Temp=0.0 Rep=1 → Concordo fortemente
[2026-05-08 14:54:04,334][__main__][INFO] - ✓ [Qwen/Qwen3-235B-A22B-Instruct-2507] Temp=0.0 Rep=1 → Concordo fortemente
[2026-05-08 14:54:04,477][__main__][INFO] - ✓ [Qwen/Qwen3-14B] Temp=0.0 Rep=1 → Concordo fortemente
[2026-05-08 14:54:04,584][__main__][INFO] - ✓ [Qwen/Qwen3-32B] Temp=0.0 Rep=1 → Concordo fortemente
[2026-05-08 14:54:06,994][__main__][INFO] - ✓ [Qwen/Qwen3-32B] Temp=0.0 Rep=1 → Concordo fortemente
[2026-05-08 14:54:07,273][__main__][INFO] - ✓ [Qwen/Qwen3-14B] Temp=0.0 Rep=1 → Concordo fortemente
[2026-05-08 14:54:07,497][__main__][INFO] - ✓ [Qwen/Qwen3-235B-A22B-Instruct-2507] Temp=0.0 Rep=1 → Concordo
[2026-05-08 14:54:08,036][__main__][INFO] - ✓ [Qwen/Qwen3-235B-A22B-Instruct-2507] Temp=0.0 Rep=1 → Concordo fortemente
[2026-05-08 14:54:08,067][__main__][INFO] - ✓ [Qwen/Qwen3-235B-A22B-Instruct-2507] Temp=0.0 Rep=1 → Neutro
[2026-05-08 14:54:10,420][__main__][INFO] - ✓ [Qwen/Qwen3-32B] Temp=0.0 Rep=1 → Concordo fortemente
[2026-05-08 14:54:10,800][__main__][INFO] - ✓ [Qwen/Qwen3-14B] Temp=0.0 Rep=1 → Concordo fortemente
[2026-05-08 14:54:12,231][__main__][INFO] - ✓ [Qwen/Qwen3-32B] Temp=0.0 Rep=1 → Concordo fortemente
[2026-05-08 14:54:12,534][__main__][INFO] - ✓ [Qwen/Qwen3-14B] Temp=0.0 Rep=1 → Discordo
[2026-05-08 14:54:13,998][__main__][INFO] - ✓ [Qwen/Qwen3-32B] Temp=0.0 Rep=1 → Concordo fortemente
[2026-05-08 14:54:14,556][__main__][INFO] - ✓ [Qwen/Qwen3-32B] Temp=0.0 Rep=1 → Concordo fortemente
[2026-05-08 14:54:14,586][__main__][INFO] - ✓ [Qwen/Qwen3-235B-A22B-Instruct-2507] Temp=0.0 Rep=1 → Concordo fortemente
[2026-05-08 14:54:15,192][__main__][INFO] - ✓ [Qwen/Qwen3-235B-A22B-Instruct-2507] Temp=0.0 Rep=1 → Concordo fortemente
[2026-05-08 14:54:15,220][__main__][INFO] - ✓ [Qwen/Qwen3-235B-A22B-Instruct-2507] Temp=0.0 Rep=1 → Concordo fortemente
[2026-05-08 14:54:17,671][__main__][INFO] - ✓ [Qwen/Qwen3-32B] Temp=0.0 Rep=1 → Concordo fortemente
[2026-05-08 14:54:18,468][__main__][INFO] - ✓ [Qwen/Qwen3-32B] Temp=0.0 Rep=1 → Concordo fortemente
[2026-05-08 14:54:19,836][__main__][INFO] - ✓ [Qwen/Qwen3-14B] Temp=0.0 Rep=1 → Concordo fortemente
[2026-05-08 14:54:19,896][__main__][INFO] - ✓ [Qwen/Qwen3-14B] Temp=0.0 Rep=1 → Concordo fortemente
[2026-05-08 14:54:20,570][__main__][INFO] - ✓ [Qwen/Qwen3-14B] Temp=0.0 Rep=1 → Concordo fortemente
[2026-05-08 14:54:20,597][__main__][INFO] - ✓ [Qwen/Qwen3-32B] Temp=0.0 Rep=1 → Concordo fortemente
[2026-05-08 14:54:20,992][__main__][INFO] - ✓ [Qwen/Qwen3-32B] Temp=0.0 Rep=1 → Concordo fortemente
[2026-05-08 14:54:21,348][__main__][INFO] - ✓ [Qwen/Qwen3-235B-A22B-Instruct-2507] Temp=0.0 Rep=1 → Concordo fortemente
[2026-05-08 14:54:21,376][__main__][INFO] - ✓ [Qwen/Qwen3-235B-A22B-Instruct-2507] Temp=0.0 Rep=1 → Concordo fortemente
[2026-05-08 14:54:21,830][__main__][INFO] - ✓ [Qwen/Qwen3-235B-A22B-Instruct-2507] Temp=0.0 Rep=1 → Concordo fortemente
[2026-05-08 14:54:23,720][__main__][INFO] - ✓ [Qwen/Qwen3-14B] Temp=0.0 Rep=1 → Concordo fortemente
[2026-05-08 14:54:24,116][__main__][INFO] - ✓ [Qwen/Qwen3-32B] Temp=0.0 Rep=1 → Concordo fortemente
[2026-05-08 14:54:24,435][__main__][INFO] - ✓ [Qwen/Qwen3-32B] Temp=0.0 Rep=1 → Discordo
[2026-05-08 14:54:26,218][__main__][INFO] - Salvamento incremental (240 novas respostas)...
[2026-05-08 14:54:26,274][__main__][INFO] - Cache salvo com 201307 entradas
[2026-05-08 14:54:26,274][__main__][INFO] - ✓ [Qwen/Qwen3-32B] Temp=0.0 Rep=1 → Concordo fortemente
[2026-05-08 14:54:26,606][__main__][INFO] - ✓ [Qwen/Qwen3-14B] Temp=0.0 Rep=1 → Concordo fortemente
[2026-05-08 14:54:26,854][__main__][INFO] - ✓ [Qwen/Qwen3-14B] Temp=0.0 Rep=1 → Concordo fortemente
[2026-05-08 14:54:27,099][__main__][INFO] - ✓ [Qwen/Qwen3-235B-A22B-Instruct-2507] Temp=0.0 Rep=1 → Concordo
[2026-05-08 14:54:27,122][__main__][INFO] - ✓ [Qwen/Qwen3-235B-A22B-Instruct-2507] Temp=0.0 Rep=1 → Concordo
[2026-05-08 14:54:27,378][__main__][INFO] - ✓ [Qwen/Qwen3-235B-A22B-Instruct-2507] Temp=0.0 Rep=1 → Concordo
[2026-05-08 14:54:30,083][__main__][INFO] - ✓ [Qwen/Qwen3-14B] Temp=0.0 Rep=1 → Concordo fortemente
[2026-05-08 14:54:31,093][__main__][INFO] - ✓ [Qwen/Qwen3-32B] Temp=0.0 Rep=1 → Concordo fortemente
[2026-05-08 14:54:31,300][__main__][INFO] - ✓ [Qwen/Qwen3-32B] Temp=0.0 Rep=1 → Concordo fortemente
[2026-05-08 14:54:32,109][__main__][INFO] - ✓ [Qwen/Qwen3-32B] Temp=0.0 Rep=1 → Concordo fortemente
[2026-05-08 14:54:33,903][__main__][INFO] - ✓ [Qwen/Qwen3-14B] Temp=0.0 Rep=1 → Concordo fortemente
[2026-05-08 14:54:34,419][__main__][INFO] - ✓ [Qwen/Qwen3-235B-A22B-Instruct-2507] Temp=0.0 Rep=1 → Concordo
[2026-05-08 14:54:34,718][__main__][INFO] - ✓ [Qwen/Qwen3-235B-A22B-Instruct-2507] Temp=0.0 Rep=1 → Concordo fortemente
[2026-05-08 14:54:34,719][__main__][INFO] - ✓ [Qwen/Qwen3-14B] Temp=0.0 Rep=1 → Concordo fortemente
[2026-05-08 14:54:34,801][__main__][INFO] - ✓ [Qwen/Qwen3-14B] Temp=0.0 Rep=1 → Concordo fortemente
[2026-05-08 14:54:34,939][__main__][INFO] - ✓ [Qwen/Qwen3-235B-A22B-Instruct-2507] Temp=0.0 Rep=1 → Concordo
[2026-05-08 14:54:37,547][__main__][INFO] - ✓ [Qwen/Qwen3-32B] Temp=0.0 Rep=1 → Concordo fortemente
[2026-05-08 14:54:37,651][__main__][INFO] - ✓ [Qwen/Qwen3-14B] Temp=0.0 Rep=1 → Concordo fortemente
[2026-05-08 14:54:38,191][__main__][INFO] - ✓ [Qwen/Qwen3-32B] Temp=0.0 Rep=1 → Concordo fortemente
[2026-05-08 14:54:38,727][__main__][INFO] - ✓ [Qwen/Qwen3-235B-A22B-Instruct-2507] Temp=0.0 Rep=1 → Concordo fortemente
[2026-05-08 14:54:39,437][__main__][INFO] - ✓ [Qwen/Qwen3-14B] Temp=0.0 Rep=1 → Concordo fortemente
[2026-05-08 14:54:39,441][__main__][INFO] - ✓ [Qwen/Qwen3-235B-A22B-Instruct-2507] Temp=0.0 Rep=1 → Concordo fortemente
[2026-05-08 14:54:39,763][__main__][INFO] - ✓ [Qwen/Qwen3-32B] Temp=0.0 Rep=1 → Concordo fortemente
[2026-05-08 14:54:40,804][__main__][INFO] - ✓ [Qwen/Qwen3-14B] Temp=0.0 Rep=1 → Concordo fortemente
[2026-05-08 14:54:41,230][__main__][INFO] - ✓ [Qwen/Qwen3-14B] Temp=0.0 Rep=1 → Concordo fortemente
[2026-05-08 14:54:41,602][__main__][INFO] - ✓ [Qwen/Qwen3-235B-A22B-Instruct-2507] Temp=0.0 Rep=1 → Concordo fortemente
[2026-05-08 14:54:44,232][__main__][INFO] - ✓ [Qwen/Qwen3-32B] Temp=0.0 Rep=1 → Concordo fortemente
[2026-05-08 14:54:46,041][__main__][INFO] - ✓ [Qwen/Qwen3-14B] Temp=0.0 Rep=1 → Concordo fortemente
[2026-05-08 14:54:46,981][__main__][INFO] - ✓ [Qwen/Qwen3-14B] Temp=0.0 Rep=1 → Concordo fortemente
[2026-05-08 14:54:48,196][__main__][INFO] - ✓ [Qwen/Qwen3-32B] Temp=0.0 Rep=1 → Concordo fortemente
[2026-05-08 14:54:48,636][__main__][INFO] - ✓ [Qwen/Qwen3-14B] Temp=0.0 Rep=1 → Concordo fortemente
[2026-05-08 14:54:50,627][__main__][INFO] - ✓ [Qwen/Qwen3-32B] Temp=0.0 Rep=1 → Concordo fortemente
[2026-05-08 14:54:51,165][__main__][INFO] - ✓ [Qwen/Qwen3-235B-A22B-Instruct-2507] Temp=0.0 Rep=1 → Discordo
[2026-05-08 14:54:52,393][__main__][INFO] - ✓ [Qwen/Qwen3-235B-A22B-Instruct-2507] Temp=0.0 Rep=1 → Neutro
[2026-05-08 14:54:52,766][__main__][INFO] - ✓ [Qwen/Qwen3-235B-A22B-Instruct-2507] Temp=0.0 Rep=1 → Concordo fortemente
[2026-05-08 14:54:53,064][__main__][INFO] - ✓ [Qwen/Qwen3-14B] Temp=0.0 Rep=1 → Concordo fortemente
[2026-05-08 14:54:53,664][__main__][INFO] - ✓ [Qwen/Qwen3-32B] Temp=0.0 Rep=1 → Concordo fortemente
[2026-05-08 14:54:54,649][__main__][INFO] - ✓ [Qwen/Qwen3-235B-A22B-Instruct-2507] Temp=0.0 Rep=1 → Concordo fortemente
[2026-05-08 14:54:54,863][__main__][INFO] - ✓ [Qwen/Qwen3-32B] Temp=0.0 Rep=1 → Discordo
[2026-05-08 14:54:55,771][__main__][INFO] - ✓ [Qwen/Qwen3-235B-A22B-Instruct-2507] Temp=0.0 Rep=1 → Concordo fortemente
[2026-05-08 14:54:55,774][__main__][INFO] - Salvamento incremental (280 novas respostas)...
[2026-05-08 14:54:55,837][__main__][INFO] - Cache salvo com 201347 entradas
[2026-05-08 14:54:55,838][__main__][INFO] - ✓ [Qwen/Qwen3-235B-A22B-Instruct-2507] Temp=0.0 Rep=1 → Concordo fortemente
[2026-05-08 14:54:55,935][__main__][INFO] - ✓ [Qwen/Qwen3-14B] Temp=0.0 Rep=1 → Concordo fortemente
[2026-05-08 14:54:57,261][__main__][INFO] - ✓ [Qwen/Qwen3-32B] Temp=0.0 Rep=1 → Concordo fortemente
[2026-05-08 14:54:58,719][__main__][INFO] - ✓ [Qwen/Qwen3-32B] Temp=0.0 Rep=1 → Concordo fortemente
[2026-05-08 14:54:58,969][__main__][INFO] - ✓ [Qwen/Qwen3-32B] Temp=0.0 Rep=1 → Concordo fortemente
[2026-05-08 14:54:59,908][__main__][INFO] - ✓ [Qwen/Qwen3-32B] Temp=0.0 Rep=1 → Concordo fortemente
[2026-05-08 14:55:00,931][__main__][INFO] - ✓ [Qwen/Qwen3-235B-A22B-Instruct-2507] Temp=0.0 Rep=1 → Concordo
[2026-05-08 14:55:01,499][__main__][INFO] - ✓ [Qwen/Qwen3-235B-A22B-Instruct-2507] Temp=0.0 Rep=1 → Concordo fortemente
[2026-05-08 14:55:02,204][__main__][INFO] - ✓ [Qwen/Qwen3-235B-A22B-Instruct-2507] Temp=0.0 Rep=1 → Concordo fortemente
[2026-05-08 14:55:02,680][__main__][INFO] - ✓ [Qwen/Qwen3-14B] Temp=0.0 Rep=1 → Concordo fortemente
[2026-05-08 14:55:02,908][__main__][INFO] - ✓ [Qwen/Qwen3-14B] Temp=0.0 Rep=1 → Concordo fortemente
[2026-05-08 14:55:04,475][__main__][INFO] - ✓ [Qwen/Qwen3-14B] Temp=0.0 Rep=1 → Concordo fortemente
[2026-05-08 14:55:05,182][__main__][INFO] - ✓ [Qwen/Qwen3-14B] Temp=0.0 Rep=1 → Concordo fortemente
[2026-05-08 14:55:06,582][__main__][INFO] - ✓ [Qwen/Qwen3-32B] Temp=0.0 Rep=1 → Discordo
[2026-05-08 14:55:06,945][__main__][INFO] - ✓ [Qwen/Qwen3-32B] Temp=0.0 Rep=1 → Discordo
[2026-05-08 14:55:08,116][__main__][INFO] - ✓ [Qwen/Qwen3-235B-A22B-Instruct-2507] Temp=0.0 Rep=1 → Concordo fortemente
[2026-05-08 14:55:08,830][__main__][INFO] - ✓ [Qwen/Qwen3-235B-A22B-Instruct-2507] Temp=0.0 Rep=1 → Concordo fortemente
[2026-05-08 14:55:09,193][__main__][INFO] - ✓ [Qwen/Qwen3-32B] Temp=0.0 Rep=1 → Concordo fortemente
[2026-05-08 14:55:09,322][__main__][INFO] - ✓ [Qwen/Qwen3-235B-A22B-Instruct-2507] Temp=0.0 Rep=1 → Concordo
[2026-05-08 14:55:10,111][__main__][INFO] - ✓ [Qwen/Qwen3-14B] Temp=0.0 Rep=1 → Concordo fortemente
[2026-05-08 14:55:10,930][__main__][INFO] - ✓ [Qwen/Qwen3-14B] Temp=0.0 Rep=1 → Concordo fortemente
[2026-05-08 14:55:12,818][__main__][INFO] - ✓ [Qwen/Qwen3-32B] Temp=0.0 Rep=1 → Discordo
[2026-05-08 14:55:13,920][__main__][INFO] - ✓ [Qwen/Qwen3-32B] Temp=0.0 Rep=1 → Discordo
[2026-05-08 14:55:14,611][__main__][INFO] - ✓ [Qwen/Qwen3-14B] Temp=0.0 Rep=1 → Concordo fortemente
[2026-05-08 14:55:15,636][__main__][INFO] - ✓ [Qwen/Qwen3-235B-A22B-Instruct-2507] Temp=0.0 Rep=1 → Concordo fortemente
[2026-05-08 14:55:16,476][__main__][INFO] - ✓ [Qwen/Qwen3-235B-A22B-Instruct-2507] Temp=0.0 Rep=1 → Concordo fortemente
[2026-05-08 14:55:17,833][__main__][INFO] - ✓ [Qwen/Qwen3-32B] Temp=0.0 Rep=1 → Concordo fortemente
[2026-05-08 14:55:18,504][__main__][INFO] - ✓ [Qwen/Qwen3-235B-A22B-Instruct-2507] Temp=0.0 Rep=1 → Concordo
[2026-05-08 14:55:20,124][__main__][INFO] - ✓ [Qwen/Qwen3-14B] Temp=0.0 Rep=1 → Neutro
[2026-05-08 14:55:20,854][__main__][INFO] - ✓ [Qwen/Qwen3-32B] Temp=0.0 Rep=1 → Concordo fortemente
[2026-05-08 14:55:21,577][__main__][INFO] - ✓ [Qwen/Qwen3-14B] Temp=0.0 Rep=1 → Concordo fortemente
[2026-05-08 14:55:24,343][__main__][INFO] - ✓ [Qwen/Qwen3-32B] Temp=0.0 Rep=1 → Concordo fortemente
[2026-05-08 14:55:24,348][__main__][INFO] - ✓ [Qwen/Qwen3-14B] Temp=0.0 Rep=1 → Concordo fortemente
[2026-05-08 14:55:25,297][__main__][INFO] - ✓ [Qwen/Qwen3-14B] Temp=0.0 Rep=1 → Concordo fortemente
[2026-05-08 14:55:26,900][__main__][INFO] - ✓ [Qwen/Qwen3-235B-A22B-Instruct-2507] Temp=0.0 Rep=1 → Concordo fortemente
[2026-05-08 14:55:26,927][__main__][INFO] - ✓ [Qwen/Qwen3-235B-A22B-Instruct-2507] Temp=0.0 Rep=1 → Concordo fortemente
[2026-05-08 14:55:27,218][__main__][INFO] - ✓ [Qwen/Qwen3-14B] Temp=0.0 Rep=1 → Concordo fortemente
[2026-05-08 14:55:27,782][__main__][INFO] - ✓ [Qwen/Qwen3-235B-A22B-Instruct-2507] Temp=0.0 Rep=1 → Concordo fortemente
[2026-05-08 14:55:28,888][__main__][INFO] - ✓ [Qwen/Qwen3-14B] Temp=0.0 Rep=1 → Concordo fortemente
[2026-05-08 14:55:30,151][__main__][INFO] - ✓ [Qwen/Qwen3-32B] Temp=0.0 Rep=1 → Concordo fortemente
[2026-05-08 14:55:31,409][__main__][INFO] - Salvamento incremental (320 novas respostas)...
[2026-05-08 14:55:31,470][__main__][INFO] - Cache salvo com 201387 entradas
[2026-05-08 14:55:31,470][__main__][INFO] - ✓ [Qwen/Qwen3-14B] Temp=0.0 Rep=1 → Concordo fortemente
[2026-05-08 14:55:31,511][__main__][INFO] - ✓ [Qwen/Qwen3-32B] Temp=0.0 Rep=1 → Concordo
[2026-05-08 14:55:32,226][__main__][INFO] - ✓ [Qwen/Qwen3-235B-A22B-Instruct-2507] Temp=0.0 Rep=1 → Concordo fortemente
[2026-05-08 14:55:32,299][__main__][INFO] - ✓ [Qwen/Qwen3-32B] Temp=0.0 Rep=1 → Concordo fortemente
[2026-05-08 14:55:33,660][__main__][INFO] - ✓ [Qwen/Qwen3-235B-A22B-Instruct-2507] Temp=0.0 Rep=1 → Concordo
[2026-05-08 14:55:34,672][__main__][INFO] - ✓ [Qwen/Qwen3-235B-A22B-Instruct-2507] Temp=0.0 Rep=1 → Concordo fortemente
[2026-05-08 14:55:35,289][__main__][INFO] - ✓ [Qwen/Qwen3-32B] Temp=0.0 Rep=1 → Concordo fortemente
[2026-05-08 14:55:37,668][__main__][INFO] - ✓ [Qwen/Qwen3-14B] Temp=0.0 Rep=1 → Concordo fortemente
[2026-05-08 14:55:38,061][__main__][INFO] - ✓ [Qwen/Qwen3-32B] Temp=0.0 Rep=1 → Concordo fortemente
[2026-05-08 14:55:38,470][__main__][INFO] - ✓ [Qwen/Qwen3-32B] Temp=0.0 Rep=1 → Concordo fortemente
[2026-05-08 14:55:38,680][__main__][INFO] - ✓ [Qwen/Qwen3-14B] Temp=0.0 Rep=1 → Concordo fortemente
[2026-05-08 14:55:39,338][__main__][INFO] - ✓ [Qwen/Qwen3-14B] Temp=0.0 Rep=1 → Concordo fortemente
[2026-05-08 14:55:40,153][__main__][INFO] - ✓ [Qwen/Qwen3-14B] Temp=0.0 Rep=1 → Concordo fortemente
[2026-05-08 14:55:40,277][__main__][INFO] - ✓ [Qwen/Qwen3-235B-A22B-Instruct-2507] Temp=0.0 Rep=1 → Concordo fortemente
[2026-05-08 14:55:40,302][__main__][INFO] - ✓ [Qwen/Qwen3-235B-A22B-Instruct-2507] Temp=0.0 Rep=1 → Concordo fortemente
[2026-05-08 14:55:40,484][__main__][INFO] - ✓ [Qwen/Qwen3-32B] Temp=0.0 Rep=1 → Concordo fortemente
[2026-05-08 14:55:40,777][__main__][INFO] - ✓ [Qwen/Qwen3-235B-A22B-Instruct-2507] Temp=0.0 Rep=1 → Concordo fortemente
[2026-05-08 14:55:41,850][__main__][INFO] - ✓ [Qwen/Qwen3-14B] Temp=0.0 Rep=1 → Concordo fortemente
[2026-05-08 14:55:46,150][__main__][INFO] - ✓ [Qwen/Qwen3-32B] Temp=0.0 Rep=1 → Discordo
[2026-05-08 14:55:46,360][__main__][INFO] - ✓ [Qwen/Qwen3-14B] Temp=0.0 Rep=1 → Concordo fortemente
[2026-05-08 14:55:46,385][__main__][INFO] - ✓ [Qwen/Qwen3-32B] Temp=0.0 Rep=1 → Concordo fortemente
[2026-05-08 14:55:47,176][__main__][INFO] - ✓ [Qwen/Qwen3-235B-A22B-Instruct-2507] Temp=0.0 Rep=1 → Concordo fortemente
[2026-05-08 14:55:47,179][__main__][INFO] - ✓ [Qwen/Qwen3-235B-A22B-Instruct-2507] Temp=0.0 Rep=1 → Concordo fortemente
[2026-05-08 14:55:47,299][__main__][INFO] - ✓ [Qwen/Qwen3-32B] Temp=0.0 Rep=1 → Concordo
[2026-05-08 14:55:47,974][__main__][INFO] - ✓ [Qwen/Qwen3-235B-A22B-Instruct-2507] Temp=0.0 Rep=1 → Concordo fortemente
[2026-05-08 14:55:49,020][__main__][INFO] - ✓ [Qwen/Qwen3-14B] Temp=0.0 Rep=1 → Discordo
[2026-05-08 14:55:51,885][__main__][INFO] - ✓ [Qwen/Qwen3-14B] Temp=0.0 Rep=1 → Concordo fortemente
[2026-05-08 14:55:52,223][__main__][INFO] - ✓ [Qwen/Qwen3-32B] Temp=0.0 Rep=1 → Concordo fortemente
[2026-05-08 14:55:52,379][__main__][INFO] - ✓ [Qwen/Qwen3-14B] Temp=0.0 Rep=1 → Discordo
[2026-05-08 14:55:52,841][__main__][INFO] - ✓ [Qwen/Qwen3-32B] Temp=0.0 Rep=1 → Concordo fortemente
[2026-05-08 14:55:52,968][__main__][INFO] - ✓ [Qwen/Qwen3-235B-A22B-Instruct-2507] Temp=0.0 Rep=1 → Concordo fortemente
[2026-05-08 14:55:53,148][__main__][INFO] - ✓ [Qwen/Qwen3-32B] Temp=0.0 Rep=1 → Concordo fortemente
[2026-05-08 14:55:54,039][__main__][INFO] - ✓ [Qwen/Qwen3-235B-A22B-Instruct-2507] Temp=0.0 Rep=1 → Concordo fortemente
[2026-05-08 14:55:54,961][__main__][INFO] - ✓ [Qwen/Qwen3-235B-A22B-Instruct-2507] Temp=0.0 Rep=1 → Concordo fortemente
[2026-05-08 14:55:57,199][__main__][INFO] - ✓ [Qwen/Qwen3-32B] Temp=0.0 Rep=1 → Discordo
[2026-05-08 14:56:00,081][__main__][INFO] - ✓ [Qwen/Qwen3-32B] Temp=0.0 Rep=1 → Discordo
[2026-05-08 14:56:01,001][__main__][INFO] - ✓ [Qwen/Qwen3-14B] Temp=0.0 Rep=1 → Concordo fortemente
[2026-05-08 14:56:02,644][__main__][INFO] - ✓ [Qwen/Qwen3-32B] Temp=0.0 Rep=1 → Concordo fortemente
[2026-05-08 14:56:03,845][__main__][INFO] - ✓ [Qwen/Qwen3-235B-A22B-Instruct-2507] Temp=0.0 Rep=1 → Discordo
[2026-05-08 14:56:05,593][__main__][INFO] - ✓ [Qwen/Qwen3-235B-A22B-Instruct-2507] Temp=0.0 Rep=1 → Discordo
[2026-05-08 14:56:06,644][__main__][INFO] - Salvamento incremental (360 novas respostas)...
[2026-05-08 14:56:06,703][__main__][INFO] - Cache salvo com 201427 entradas
[2026-05-08 14:56:06,704][__main__][INFO] - ✓ [Qwen/Qwen3-235B-A22B-Instruct-2507] Temp=0.0 Rep=1 → Neutro
[2026-05-08 14:56:09,683][__main__][INFO] - ✓ [Qwen/Qwen3-14B] Temp=0.0 Rep=1 → Concordo fortemente
[2026-05-08 14:56:09,757][__main__][INFO] - ✓ [Qwen/Qwen3-14B] Temp=0.0 Rep=1 → Concordo fortemente
[2026-05-08 14:56:11,370][__main__][INFO] - ✓ [Qwen/Qwen3-32B] Temp=0.0 Rep=1 → Concordo fortemente
[2026-05-08 14:56:13,620][__main__][INFO] - ✓ [Qwen/Qwen3-32B] Temp=0.0 Rep=1 → Concordo fortemente
[2026-05-08 14:56:13,809][__main__][INFO] - ✓ [Qwen/Qwen3-14B] Temp=0.0 Rep=1 → Concordo fortemente
[2026-05-08 14:56:13,834][__main__][INFO] - ✓ [Qwen/Qwen3-32B] Temp=0.0 Rep=1 → Concordo fortemente
[2026-05-08 14:56:15,500][__main__][INFO] - ✓ [Qwen/Qwen3-235B-A22B-Instruct-2507] Temp=0.0 Rep=1 → Concordo fortemente
[2026-05-08 14:56:15,516][__main__][INFO] - ✓ [Qwen/Qwen3-14B] Temp=0.0 Rep=1 → Concordo fortemente
[2026-05-08 14:56:16,771][__main__][INFO] - ✓ [Qwen/Qwen3-235B-A22B-Instruct-2507] Temp=0.0 Rep=1 → Concordo fortemente
[2026-05-08 14:56:16,789][__main__][INFO] - ✓ [Qwen/Qwen3-235B-A22B-Instruct-2507] Temp=0.0 Rep=1 → Concordo fortemente
[2026-05-08 14:56:17,742][__main__][INFO] - ✓ [Qwen/Qwen3-14B] Temp=0.0 Rep=1 → Discordo
[2026-05-08 14:56:21,676][__main__][INFO] - ✓ [Qwen/Qwen3-32B] Temp=0.0 Rep=1 → Discordo
[2026-05-08 14:56:21,957][__main__][INFO] - ✓ [Qwen/Qwen3-32B] Temp=0.0 Rep=1 → Discordo
[2026-05-08 14:56:25,342][__main__][INFO] - ✓ [Qwen/Qwen3-14B] Temp=0.0 Rep=1 → Concordo fortemente
[2026-05-08 14:56:25,437][__main__][INFO] - ✓ [Qwen/Qwen3-14B] Temp=0.0 Rep=1 → Concordo fortemente
[2026-05-08 14:56:25,503][__main__][INFO] - ✓ [Qwen/Qwen3-14B] Temp=0.0 Rep=1 → Concordo fortemente
[2026-05-08 14:56:26,396][__main__][INFO] - ✓ [Qwen/Qwen3-235B-A22B-Instruct-2507] Temp=0.0 Rep=1 → Discordo
[2026-05-08 14:56:26,398][__main__][INFO] - ✓ [Qwen/Qwen3-235B-A22B-Instruct-2507] Temp=0.0 Rep=1 → Concordo
[2026-05-08 14:56:27,521][__main__][INFO] - ✓ [Qwen/Qwen3-235B-A22B-Instruct-2507] Temp=0.0 Rep=1 → Concordo
[2026-05-08 14:56:31,209][__main__][INFO] - ✓ [Qwen/Qwen3-32B] Temp=0.0 Rep=1 → Concordo fortemente
[2026-05-08 14:56:31,414][__main__][INFO] - ✓ [Qwen/Qwen3-14B] Temp=0.0 Rep=1 → Concordo fortemente
[2026-05-08 14:56:31,499][__main__][INFO] - ✓ [Qwen/Qwen3-32B] Temp=0.0 Rep=1 → Concordo fortemente
[2026-05-08 14:56:34,808][__main__][INFO] - ✓ [Qwen/Qwen3-32B] Temp=0.0 Rep=1 → Concordo fortemente
[2026-05-08 14:56:35,134][__main__][INFO] - ✓ [Qwen/Qwen3-14B] Temp=0.0 Rep=1 → Concordo fortemente
[2026-05-08 14:56:35,304][__main__][INFO] - ✓ [Qwen/Qwen3-14B] Temp=0.0 Rep=1 → Discordo
[2026-05-08 14:56:36,920][__main__][INFO] - ✓ [Qwen/Qwen3-235B-A22B-Instruct-2507] Temp=0.0 Rep=1 → Concordo fortemente
[2026-05-08 14:56:36,925][__main__][INFO] - ✓ [Qwen/Qwen3-235B-A22B-Instruct-2507] Temp=0.0 Rep=1 → Concordo fortemente
[2026-05-08 14:56:37,401][__main__][INFO] - ✓ [Qwen/Qwen3-32B] Temp=0.0 Rep=1 → Concordo fortemente
[2026-05-08 14:56:38,003][__main__][INFO] - ✓ [Qwen/Qwen3-235B-A22B-Instruct-2507] Temp=0.0 Rep=1 → Concordo fortemente
[2026-05-08 14:56:41,140][__main__][INFO] - ✓ [Qwen/Qwen3-32B] Temp=0.0 Rep=1 → Discordo
[2026-05-08 14:56:42,168][__main__][INFO] - ✓ [Qwen/Qwen3-32B] Temp=0.0 Rep=1 → Concordo fortemente
[2026-05-08 14:56:45,955][__main__][INFO] - ✓ [Qwen/Qwen3-32B] Temp=0.0 Rep=1 → Concordo fortemente
[2026-05-08 14:56:48,278][__main__][INFO] - ✓ [Qwen/Qwen3-14B] Temp=0.0 Rep=1 → Concordo fortemente
[2026-05-08 14:56:48,434][__main__][INFO] - ✓ [Qwen/Qwen3-14B] Temp=0.0 Rep=1 → Concordo fortemente
[2026-05-08 14:56:48,439][__main__][INFO] - ✓ [Qwen/Qwen3-14B] Temp=0.0 Rep=1 → Discordo
[2026-05-08 14:56:48,828][__main__][INFO] - ✓ [Qwen/Qwen3-235B-A22B-Instruct-2507] Temp=0.0 Rep=1 → Discordo
[2026-05-08 14:56:49,015][__main__][INFO] - ✓ [Qwen/Qwen3-235B-A22B-Instruct-2507] Temp=0.0 Rep=1 → Concordo fortemente
[2026-05-08 14:56:52,202][__main__][INFO] - ✓ [Qwen/Qwen3-14B] Temp=0.0 Rep=1 → Concordo fortemente
[2026-05-08 14:56:53,225][__main__][INFO] - ✓ [Qwen/Qwen3-32B] Temp=0.0 Rep=1 → Discordo
[2026-05-08 14:56:53,736][__main__][INFO] - Salvamento incremental (400 novas respostas)...
[2026-05-08 14:56:53,796][__main__][INFO] - Cache salvo com 201467 entradas
[2026-05-08 14:56:53,796][__main__][INFO] - ✓ [Qwen/Qwen3-32B] Temp=0.0 Rep=1 → Concordo fortemente
[2026-05-08 14:56:55,786][__main__][INFO] - ✓ [Qwen/Qwen3-235B-A22B-Instruct-2507] Temp=0.0 Rep=1 → Neutro
[2026-05-08 14:56:57,936][__main__][INFO] - ✓ [Qwen/Qwen3-32B] Temp=0.0 Rep=1 → Neutro
[2026-05-08 14:56:58,959][__main__][INFO] - ✓ [Qwen/Qwen3-235B-A22B-Instruct-2507] Temp=0.0 Rep=1 → Discordo
[2026-05-08 14:56:59,472][__main__][INFO] - ✓ [Qwen/Qwen3-235B-A22B-Instruct-2507] Temp=0.0 Rep=1 → Discordo
[2026-05-08 14:56:59,983][__main__][INFO] - ✓ [Qwen/Qwen3-235B-A22B-Instruct-2507] Temp=0.0 Rep=1 → Neutro
[2026-05-08 14:57:01,621][__main__][INFO] - ✓ [Qwen/Qwen3-14B] Temp=0.0 Rep=1 → Concordo fortemente
[2026-05-08 14:57:02,088][__main__][INFO] - ✓ [Qwen/Qwen3-14B] Temp=0.0 Rep=1 → Concordo fortemente
[2026-05-08 14:57:03,670][__main__][INFO] - ✓ [Qwen/Qwen3-14B] Temp=0.0 Rep=1 → Concordo fortemente
[2026-05-08 14:57:03,825][__main__][INFO] - ✓ [Qwen/Qwen3-32B] Temp=0.0 Rep=1 → Concordo fortemente
[2026-05-08 14:57:07,664][__main__][INFO] - ✓ [Qwen/Qwen3-32B] Temp=0.0 Rep=1 → Concordo fortemente
[2026-05-08 14:57:08,585][__main__][INFO] - ✓ [Qwen/Qwen3-14B] Temp=0.0 Rep=1 → Discordo
[2026-05-08 14:57:08,894][__main__][INFO] - ✓ [Qwen/Qwen3-32B] Temp=0.0 Rep=1 → Concordo fortemente
[2026-05-08 14:57:09,457][__main__][INFO] - ✓ [Qwen/Qwen3-235B-A22B-Instruct-2507] Temp=0.0 Rep=1 → Concordo fortemente
[2026-05-08 14:57:09,514][__main__][INFO] - ✓ [Qwen/Qwen3-235B-A22B-Instruct-2507] Temp=0.0 Rep=1 → Concordo fortemente
[2026-05-08 14:57:10,050][__main__][INFO] - ✓ [Qwen/Qwen3-235B-A22B-Instruct-2507] Temp=0.0 Rep=1 → Concordo fortemente
[2026-05-08 14:57:10,808][__main__][INFO] - ✓ [Qwen/Qwen3-14B] Temp=0.0 Rep=1 → Concordo fortemente
[2026-05-08 14:57:13,395][__main__][INFO] - ✓ [Qwen/Qwen3-32B] Temp=0.0 Rep=1 → Concordo fortemente
[2026-05-08 14:57:13,926][__main__][INFO] - ✓ [Qwen/Qwen3-32B] Temp=0.0 Rep=1 → Discordo
[2026-05-08 14:57:14,656][__main__][INFO] - ✓ [Qwen/Qwen3-14B] Temp=0.0 Rep=1 → Concordo
[2026-05-08 14:57:14,735][__main__][INFO] - ✓ [Qwen/Qwen3-14B] Temp=0.0 Rep=1 → Concordo fortemente
[2026-05-08 14:57:15,958][__main__][INFO] - ✓ [Qwen/Qwen3-235B-A22B-Instruct-2507] Temp=0.0 Rep=1 → Concordo fortemente
[2026-05-08 14:57:16,548][__main__][INFO] - ✓ [Qwen/Qwen3-32B] Temp=0.0 Rep=1 → Concordo fortemente
[2026-05-08 14:57:17,393][__main__][INFO] - ✓ [Qwen/Qwen3-235B-A22B-Instruct-2507] Temp=0.0 Rep=1 → Concordo fortemente
[2026-05-08 14:57:17,396][__main__][INFO] - ✓ [Qwen/Qwen3-14B] Temp=0.0 Rep=1 → Concordo fortemente
[2026-05-08 14:57:17,397][__main__][INFO] - ✓ [Qwen/Qwen3-235B-A22B-Instruct-2507] Temp=0.0 Rep=1 → Concordo fortemente
[2026-05-08 14:57:18,315][__main__][INFO] - ✓ [Qwen/Qwen3-14B] Temp=0.0 Rep=1 → Concordo fortemente
[2026-05-08 14:57:21,979][__main__][INFO] - ✓ [Qwen/Qwen3-32B] Temp=0.0 Rep=1 → Concordo fortemente
[2026-05-08 14:57:22,204][__main__][INFO] - ✓ [Qwen/Qwen3-32B] Temp=0.0 Rep=1 → Concordo fortemente
[2026-05-08 14:57:22,271][__main__][INFO] - ✓ [Qwen/Qwen3-32B] Temp=0.0 Rep=1 → Concordo fortemente
[2026-05-08 14:57:24,461][__main__][INFO] - ✓ [Qwen/Qwen3-235B-A22B-Instruct-2507] Temp=0.0 Rep=1 → Concordo
[2026-05-08 14:57:24,894][__main__][INFO] - ✓ [Qwen/Qwen3-14B] Temp=0.0 Rep=1 → Concordo fortemente
[2026-05-08 14:57:25,306][__main__][INFO] - ✓ [Qwen/Qwen3-235B-A22B-Instruct-2507] Temp=0.0 Rep=1 → Concordo
[2026-05-08 14:57:25,481][__main__][INFO] - ✓ [Qwen/Qwen3-14B] Temp=0.0 Rep=1 → Concordo fortemente
[2026-05-08 14:57:25,634][__main__][INFO] - ✓ [Qwen/Qwen3-235B-A22B-Instruct-2507] Temp=0.0 Rep=1 → Concordo
[2026-05-08 14:57:28,517][__main__][INFO] - ✓ [Qwen/Qwen3-14B] Temp=0.0 Rep=1 → Concordo fortemente
[2026-05-08 14:57:29,056][__main__][INFO] - ✓ [Qwen/Qwen3-14B] Temp=0.0 Rep=1 → Concordo fortemente
[2026-05-08 14:57:29,692][__main__][INFO] - ✓ [Qwen/Qwen3-14B] Temp=0.0 Rep=1 → Concordo fortemente
[2026-05-08 14:57:30,180][__main__][INFO] - ✓ [Qwen/Qwen3-32B] Temp=0.0 Rep=1 → Concordo fortemente
[2026-05-08 14:57:30,398][__main__][INFO] - ✓ [Qwen/Qwen3-14B] Temp=0.0 Rep=1 → Concordo fortemente
[2026-05-08 14:57:30,440][__main__][INFO] - Salvamento incremental (440 novas respostas)...
[2026-05-08 14:57:30,508][__main__][INFO] - Cache salvo com 201507 entradas
[2026-05-08 14:57:30,508][__main__][INFO] - ✓ [Qwen/Qwen3-32B] Temp=0.0 Rep=1 → Concordo fortemente
[2026-05-08 14:57:30,918][__main__][INFO] - ✓ [Qwen/Qwen3-235B-A22B-Instruct-2507] Temp=0.0 Rep=1 → Concordo fortemente
[2026-05-08 14:57:31,271][__main__][INFO] - ✓ [Qwen/Qwen3-235B-A22B-Instruct-2507] Temp=0.0 Rep=1 → Concordo fortemente
[2026-05-08 14:57:31,448][__main__][INFO] - ✓ [Qwen/Qwen3-235B-A22B-Instruct-2507] Temp=0.0 Rep=1 → Concordo fortemente
[2026-05-08 14:57:33,163][__main__][INFO] - ✓ [Qwen/Qwen3-32B] Temp=0.0 Rep=1 → Concordo fortemente
[2026-05-08 14:57:36,237][__main__][INFO] - ✓ [Qwen/Qwen3-32B] Temp=0.0 Rep=1 → Discordo
[2026-05-08 14:57:36,302][__main__][INFO] - ✓ [Qwen/Qwen3-14B] Temp=0.0 Rep=1 → Concordo fortemente
[2026-05-08 14:57:36,443][__main__][INFO] - ✓ [Qwen/Qwen3-32B] Temp=0.0 Rep=1 → Concordo fortemente
[2026-05-08 14:57:37,816][__main__][INFO] - ✓ [Qwen/Qwen3-32B] Temp=0.0 Rep=1 → Concordo fortemente
[2026-05-08 14:57:38,487][__main__][INFO] - ✓ [Qwen/Qwen3-235B-A22B-Instruct-2507] Temp=0.0 Rep=1 → Concordo
[2026-05-08 14:57:38,490][__main__][INFO] - ✓ [Qwen/Qwen3-235B-A22B-Instruct-2507] Temp=0.0 Rep=1 → Concordo fortemente
[2026-05-08 14:57:39,118][__main__][INFO] - ✓ [Qwen/Qwen3-235B-A22B-Instruct-2507] Temp=0.0 Rep=1 → Concordo fortemente
[2026-05-08 14:57:40,736][__main__][INFO] - ✓ [Qwen/Qwen3-14B] Temp=0.0 Rep=1 → Discordo
[2026-05-08 14:57:40,752][__main__][INFO] - ✓ [Qwen/Qwen3-32B] Temp=0.0 Rep=1 → Concordo fortemente
[2026-05-08 14:57:42,994][__main__][INFO] - ✓ [Qwen/Qwen3-14B] Temp=0.0 Rep=1 → Concordo fortemente
[2026-05-08 14:57:44,835][__main__][INFO] - ✓ [Qwen/Qwen3-32B] Temp=0.0 Rep=1 → Discordo
[2026-05-08 14:57:46,888][__main__][INFO] - ✓ [Qwen/Qwen3-32B] Temp=0.0 Rep=1 → Concordo fortemente
[2026-05-08 14:57:47,419][__main__][INFO] - ✓ [Qwen/Qwen3-235B-A22B-Instruct-2507] Temp=0.0 Rep=1 → Concordo fortemente
[2026-05-08 14:57:47,951][__main__][INFO] - ✓ [Qwen/Qwen3-235B-A22B-Instruct-2507] Temp=0.0 Rep=1 → Concordo fortemente
[2026-05-08 14:57:48,789][__main__][INFO] - ✓ [Qwen/Qwen3-14B] Temp=0.0 Rep=1 → Discordo
[2026-05-08 14:57:48,860][__main__][INFO] - ✓ [Qwen/Qwen3-235B-A22B-Instruct-2507] Temp=0.0 Rep=1 → Concordo fortemente
[2026-05-08 14:57:51,081][__main__][INFO] - ✓ [Qwen/Qwen3-14B] Temp=0.0 Rep=1 → Concordo fortemente
[2026-05-08 14:57:51,681][__main__][INFO] - ✓ [Qwen/Qwen3-14B] Temp=0.0 Rep=1 → Concordo fortemente
[2026-05-08 14:57:51,897][__main__][INFO] - ✓ [Qwen/Qwen3-14B] Temp=0.0 Rep=1 → Concordo fortemente
[2026-05-08 14:57:52,799][__main__][INFO] - ✓ [Qwen/Qwen3-32B] Temp=0.0 Rep=1 → Discordo
[2026-05-08 14:57:53,315][__main__][INFO] - ✓ [Qwen/Qwen3-32B] Temp=0.0 Rep=1 → Discordo
[2026-05-08 14:57:53,847][__main__][INFO] - ✓ [Qwen/Qwen3-235B-A22B-Instruct-2507] Temp=0.0 Rep=1 → Discordo
[2026-05-08 14:57:54,475][__main__][INFO] - ✓ [Qwen/Qwen3-235B-A22B-Instruct-2507] Temp=0.0 Rep=1 → Concordo
[2026-05-08 14:57:55,058][__main__][INFO] - ✓ [Qwen/Qwen3-235B-A22B-Instruct-2507] Temp=0.0 Rep=1 → Discordo
[2026-05-08 14:57:56,053][__main__][INFO] - ✓ [Qwen/Qwen3-32B] Temp=0.0 Rep=1 → Discordo
[2026-05-08 14:57:56,332][__main__][INFO] - ✓ [Qwen/Qwen3-14B] Temp=0.0 Rep=1 → Concordo fortemente
[2026-05-08 14:57:57,738][__main__][INFO] - ✓ [Qwen/Qwen3-14B] Temp=0.0 Rep=1 → Concordo fortemente
[2026-05-08 14:57:58,766][__main__][INFO] - ✓ [Qwen/Qwen3-32B] Temp=0.0 Rep=1 → Neutro
[2026-05-08 14:58:00,647][__main__][INFO] - ✓ [Qwen/Qwen3-14B] Temp=0.0 Rep=1 → Discordo
[2026-05-08 14:58:01,833][__main__][INFO] - ✓ [Qwen/Qwen3-32B] Temp=0.0 Rep=1 → Discordo
[2026-05-08 14:58:02,339][__main__][INFO] - ✓ [Qwen/Qwen3-235B-A22B-Instruct-2507] Temp=0.0 Rep=1 → Concordo
[2026-05-08 14:58:02,754][__main__][INFO] - ✓ [Qwen/Qwen3-235B-A22B-Instruct-2507] Temp=0.0 Rep=1 → Discordo
[2026-05-08 14:58:03,209][__main__][INFO] - ✓ [Qwen/Qwen3-32B] Temp=0.0 Rep=1 → Neutro
[2026-05-08 14:58:03,240][__main__][INFO] - ✓ [Qwen/Qwen3-235B-A22B-Instruct-2507] Temp=0.0 Rep=1 → Neutro
[2026-05-08 14:58:07,367][__main__][INFO] - ✓ [Qwen/Qwen3-14B] Temp=0.0 Rep=1 → Concordo fortemente
[2026-05-08 14:58:07,588][__main__][INFO] - Salvamento incremental (480 novas respostas)...
[2026-05-08 14:58:07,645][__main__][INFO] - Cache salvo com 201547 entradas
[2026-05-08 14:58:07,645][__main__][INFO] - ✓ [Qwen/Qwen3-14B] Temp=0.0 Rep=1 → Discordo
[2026-05-08 14:58:08,542][__main__][INFO] - ✓ [Qwen/Qwen3-32B] Temp=0.0 Rep=1 → Concordo fortemente
[2026-05-08 14:58:10,208][__main__][INFO] - ✓ [Qwen/Qwen3-32B] Temp=0.0 Rep=1 → Concordo fortemente
[2026-05-08 14:58:12,587][__main__][INFO] - ✓ [Qwen/Qwen3-14B] Temp=0.0 Rep=1 → Discordo
[2026-05-08 14:58:13,162][__main__][INFO] - ✓ [Qwen/Qwen3-235B-A22B-Instruct-2507] Temp=0.0 Rep=1 → Concordo
[2026-05-08 14:58:13,874][__main__][INFO] - ✓ [Qwen/Qwen3-235B-A22B-Instruct-2507] Temp=0.0 Rep=1 → Concordo fortemente
[2026-05-08 14:58:14,788][__main__][INFO] - ✓ [Qwen/Qwen3-235B-A22B-Instruct-2507] Temp=0.0 Rep=1 → Concordo fortemente
[2026-05-08 14:58:14,939][__main__][INFO] - ✓ [Qwen/Qwen3-14B] Temp=0.0 Rep=1 → Discordo
[2026-05-08 14:58:18,632][__main__][INFO] - ✓ [Qwen/Qwen3-14B] Temp=0.0 Rep=1 → Concordo fortemente
[2026-05-08 14:58:18,637][__main__][INFO] - ✓ [Qwen/Qwen3-14B] Temp=0.0 Rep=1 → Concordo fortemente
[2026-05-08 14:58:20,981][__main__][INFO] - ✓ [Qwen/Qwen3-32B] Temp=0.0 Rep=1 → Concordo fortemente
[2026-05-08 14:58:21,376][__main__][INFO] - ✓ [Qwen/Qwen3-14B] Temp=0.0 Rep=1 → Concordo fortemente
[2026-05-08 14:58:21,551][__main__][INFO] - ✓ [Qwen/Qwen3-32B] Temp=0.0 Rep=1 → Discordo
[2026-05-08 14:58:22,366][__main__][INFO] - ✓ [Qwen/Qwen3-235B-A22B-Instruct-2507] Temp=0.0 Rep=1 → Concordo fortemente
[2026-05-08 14:58:23,132][__main__][INFO] - ✓ [Qwen/Qwen3-235B-A22B-Instruct-2507] Temp=0.0 Rep=1 → Concordo
[2026-05-08 14:58:23,887][__main__][INFO] - ✓ [Qwen/Qwen3-235B-A22B-Instruct-2507] Temp=0.0 Rep=1 → Concordo fortemente
[2026-05-08 14:58:24,210][__main__][INFO] - ✓ [Qwen/Qwen3-32B] Temp=0.0 Rep=1 → Concordo
[2026-05-08 14:58:27,844][__main__][INFO] - ✓ [Qwen/Qwen3-32B] Temp=0.0 Rep=1 → Concordo fortemente
[2026-05-08 14:58:29,610][__main__][INFO] - ✓ [Qwen/Qwen3-14B] Temp=0.0 Rep=1 → Discordo
[2026-05-08 14:58:29,768][__main__][INFO] - ✓ [Qwen/Qwen3-32B] Temp=0.0 Rep=1 → Concordo fortemente
[2026-05-08 14:58:31,222][__main__][INFO] - ✓ [Qwen/Qwen3-14B] Temp=0.0 Rep=1 → Concordo fortemente
[2026-05-08 14:58:33,453][__main__][INFO] - ✓ [Qwen/Qwen3-32B] Temp=0.0 Rep=1 → Concordo fortemente
[2026-05-08 14:58:33,566][__main__][INFO] - ✓ [Qwen/Qwen3-14B] Temp=0.0 Rep=1 → Concordo fortemente
[2026-05-08 14:58:34,110][__main__][INFO] - ✓ [Qwen/Qwen3-14B] Temp=0.0 Rep=1 → Concordo fortemente
[2026-05-08 14:58:34,324][__main__][INFO] - ✓ [Qwen/Qwen3-235B-A22B-Instruct-2507] Temp=0.0 Rep=1 → Concordo
[2026-05-08 14:58:34,327][__main__][INFO] - ✓ [Qwen/Qwen3-235B-A22B-Instruct-2507] Temp=0.0 Rep=1 → Concordo fortemente
[2026-05-08 14:58:34,908][__main__][INFO] - ✓ [Qwen/Qwen3-235B-A22B-Instruct-2507] Temp=0.0 Rep=1 → Concordo fortemente
[2026-05-08 14:58:37,367][__main__][INFO] - ✓ [Qwen/Qwen3-14B] Temp=0.0 Rep=1 → Concordo fortemente
[2026-05-08 14:58:37,677][__main__][INFO] - ✓ [Qwen/Qwen3-32B] Temp=0.0 Rep=1 → Concordo fortemente
[2026-05-08 14:58:37,764][__main__][INFO] - ✓ [Qwen/Qwen3-32B] Temp=0.0 Rep=1 → Discordo
[2026-05-08 14:58:38,239][__main__][INFO] - ✓ [Qwen/Qwen3-32B] Temp=0.0 Rep=1 → Concordo fortemente
[2026-05-08 14:58:39,107][__main__][INFO] - ✓ [Qwen/Qwen3-235B-A22B-Instruct-2507] Temp=0.0 Rep=1 → Discordo fortemente
[2026-05-08 14:58:40,131][__main__][INFO] - ✓ [Qwen/Qwen3-235B-A22B-Instruct-2507] Temp=0.0 Rep=1 → Concordo fortemente
[2026-05-08 14:58:40,644][__main__][INFO] - ✓ [Qwen/Qwen3-14B] Temp=0.0 Rep=1 → Concordo fortemente
[2026-05-08 14:58:40,860][__main__][INFO] - ✓ [Qwen/Qwen3-235B-A22B-Instruct-2507] Temp=0.0 Rep=1 → Discordo
[2026-05-08 14:58:41,561][__main__][INFO] - ✓ [Qwen/Qwen3-14B] Temp=0.0 Rep=1 → Discordo
[2026-05-08 14:58:43,359][__main__][INFO] - ✓ [Qwen/Qwen3-32B] Temp=0.0 Rep=1 → Concordo
[2026-05-08 14:58:43,531][__main__][INFO] - ✓ [Qwen/Qwen3-14B] Temp=0.0 Rep=1 → Concordo fortemente
[2026-05-08 14:58:43,588][__main__][INFO] - ✓ [Qwen/Qwen3-14B] Temp=0.0 Rep=1 → Concordo fortemente
[2026-05-08 14:58:45,415][__main__][INFO] - ✓ [Qwen/Qwen3-32B] Temp=0.0 Rep=1 → Concordo fortemente
[2026-05-08 14:58:46,494][__main__][INFO] - Salvamento incremental (520 novas respostas)...
[2026-05-08 14:58:46,560][__main__][INFO] - Cache salvo com 201587 entradas
[2026-05-08 14:58:46,560][__main__][INFO] - ✓ [Qwen/Qwen3-235B-A22B-Instruct-2507] Temp=0.0 Rep=1 → Concordo
[2026-05-08 14:58:46,955][__main__][INFO] - ✓ [Qwen/Qwen3-14B] Temp=0.0 Rep=1 → Concordo fortemente
[2026-05-08 14:58:47,507][__main__][INFO] - ✓ [Qwen/Qwen3-235B-A22B-Instruct-2507] Temp=0.0 Rep=1 → Concordo
[2026-05-08 14:58:47,955][__main__][INFO] - ✓ [Qwen/Qwen3-235B-A22B-Instruct-2507] Temp=0.0 Rep=1 → Concordo
[2026-05-08 14:58:48,303][__main__][INFO] - ✓ [Qwen/Qwen3-32B] Temp=0.0 Rep=1 → Concordo fortemente
[2026-05-08 14:58:49,916][__main__][INFO] - ✓ [Qwen/Qwen3-32B] Temp=0.0 Rep=1 → Concordo fortemente
[2026-05-08 14:58:50,372][__main__][INFO] - ✓ [Qwen/Qwen3-14B] Temp=0.0 Rep=1 → Concordo fortemente
[2026-05-08 14:58:50,578][__main__][INFO] - ✓ [Qwen/Qwen3-32B] Temp=0.0 Rep=1 → Concordo fortemente
[2026-05-08 14:58:51,098][__main__][INFO] - ✓ [Qwen/Qwen3-14B] Temp=0.0 Rep=1 → Concordo fortemente
[2026-05-08 14:58:52,315][__main__][INFO] - ✓ [Qwen/Qwen3-32B] Temp=0.0 Rep=1 → Concordo
[2026-05-08 14:58:52,522][__main__][INFO] - ✓ [Qwen/Qwen3-235B-A22B-Instruct-2507] Temp=0.0 Rep=1 → Concordo fortemente
[2026-05-08 14:58:53,233][__main__][INFO] - ✓ [Qwen/Qwen3-235B-A22B-Instruct-2507] Temp=0.0 Rep=1 → Concordo fortemente
[2026-05-08 14:58:53,310][__main__][INFO] - ✓ [Qwen/Qwen3-235B-A22B-Instruct-2507] Temp=0.0 Rep=1 → Concordo fortemente
[2026-05-08 14:58:53,427][__main__][INFO] - ✓ [Qwen/Qwen3-32B] Temp=0.0 Rep=1 → Concordo fortemente
[2026-05-08 14:58:53,723][__main__][INFO] - ✓ [Qwen/Qwen3-14B] Temp=0.0 Rep=1 → Concordo fortemente
[2026-05-08 14:58:58,768][__main__][INFO] - ✓ [Qwen/Qwen3-14B] Temp=0.0 Rep=1 → Concordo fortemente
[2026-05-08 14:58:58,964][__main__][INFO] - ✓ [Qwen/Qwen3-32B] Temp=0.0 Rep=1 → Concordo fortemente
[2026-05-08 14:58:58,968][__main__][INFO] - ✓ [Qwen/Qwen3-14B] Temp=0.0 Rep=1 → Concordo fortemente
[2026-05-08 14:58:59,488][__main__][INFO] - ✓ [Qwen/Qwen3-235B-A22B-Instruct-2507] Temp=0.0 Rep=1 → Neutro
[2026-05-08 14:58:59,894][__main__][INFO] - ✓ [Qwen/Qwen3-14B] Temp=0.0 Rep=1 → Concordo fortemente
[2026-05-08 14:59:00,012][__main__][INFO] - ✓ [Qwen/Qwen3-32B] Temp=0.0 Rep=1 → Concordo fortemente
[2026-05-08 14:59:00,099][__main__][INFO] - ✓ [Qwen/Qwen3-32B] Temp=0.0 Rep=1 → Discordo
[2026-05-08 14:59:00,537][__main__][INFO] - ✓ [Qwen/Qwen3-14B] Temp=0.0 Rep=1 → Concordo fortemente
[2026-05-08 14:59:00,629][__main__][INFO] - ✓ [Qwen/Qwen3-235B-A22B-Instruct-2507] Temp=0.0 Rep=1 → Neutro
[2026-05-08 14:59:00,703][__main__][INFO] - ✓ [Qwen/Qwen3-14B] Temp=0.0 Rep=1 → Concordo fortemente
[2026-05-08 14:59:00,784][__main__][INFO] - ✓ [Qwen/Qwen3-235B-A22B-Instruct-2507] Temp=0.0 Rep=1 → Concordo fortemente
[2026-05-08 14:59:00,926][__main__][INFO] - ✓ [Qwen/Qwen3-14B] Temp=0.0 Rep=1 → Concordo fortemente
[2026-05-08 14:59:01,635][__main__][INFO] - ✓ [Qwen/Qwen3-235B-A22B-Instruct-2507] Temp=0.0 Rep=1 → Concordo fortemente
[2026-05-08 14:59:02,661][__main__][INFO] - ✓ [Qwen/Qwen3-235B-A22B-Instruct-2507] Temp=0.0 Rep=1 → Concordo fortemente
[2026-05-08 14:59:03,172][__main__][INFO] - ✓ [Qwen/Qwen3-32B] Temp=0.0 Rep=1 → Concordo fortemente
[2026-05-08 14:59:03,173][__main__][INFO] - ✓ [Qwen/Qwen3-235B-A22B-Instruct-2507] Temp=0.0 Rep=1 → Concordo
[2026-05-08 14:59:06,039][__main__][INFO] - ✓ [Qwen/Qwen3-14B] Temp=0.0 Rep=1 → Concordo fortemente
[2026-05-08 14:59:06,305][__main__][INFO] - ✓ [Qwen/Qwen3-32B] Temp=0.0 Rep=1 → Discordo
[2026-05-08 14:59:07,250][__main__][INFO] - ✓ [Qwen/Qwen3-32B] Temp=0.0 Rep=1 → Concordo fortemente
[2026-05-08 14:59:07,876][__main__][INFO] - ✓ [Qwen/Qwen3-32B] Temp=0.0 Rep=1 → Discordo
[2026-05-08 14:59:08,058][__main__][INFO] - ✓ [Qwen/Qwen3-14B] Temp=0.0 Rep=1 → Concordo fortemente
[2026-05-08 14:59:09,300][__main__][INFO] - ✓ [Qwen/Qwen3-14B] Temp=0.0 Rep=1 → Discordo
[2026-05-08 14:59:09,691][__main__][INFO] - ✓ [Qwen/Qwen3-235B-A22B-Instruct-2507] Temp=0.0 Rep=1 → Discordo
[2026-05-08 14:59:10,088][__main__][INFO] - ✓ [Qwen/Qwen3-32B] Temp=0.0 Rep=1 → Concordo fortemente
[2026-05-08 14:59:11,773][__main__][INFO] - ✓ [Qwen/Qwen3-14B] Temp=0.0 Rep=1 → Concordo fortemente
[2026-05-08 14:59:12,699][__main__][INFO] - Salvamento incremental (560 novas respostas)...
[2026-05-08 14:59:12,762][__main__][INFO] - Cache salvo com 201627 entradas
[2026-05-08 14:59:12,762][__main__][INFO] - ✓ [Qwen/Qwen3-32B] Temp=0.0 Rep=1 → Concordo fortemente
[2026-05-08 14:59:12,764][__main__][INFO] - ✓ [Qwen/Qwen3-235B-A22B-Instruct-2507] Temp=0.0 Rep=1 → Discordo
[2026-05-08 14:59:12,764][__main__][INFO] - ✓ [Qwen/Qwen3-235B-A22B-Instruct-2507] Temp=0.0 Rep=1 → Discordo
[2026-05-08 14:59:12,890][__main__][INFO] - ✓ [Qwen/Qwen3-32B] Temp=0.0 Rep=1 → Concordo fortemente
[2026-05-08 14:59:14,462][__main__][INFO] - ✓ [Qwen/Qwen3-14B] Temp=0.0 Rep=1 → Concordo fortemente
[2026-05-08 14:59:15,767][__main__][INFO] - ✓ [Qwen/Qwen3-235B-A22B-Instruct-2507] Temp=0.0 Rep=1 → Concordo fortemente
[2026-05-08 14:59:16,483][__main__][INFO] - ✓ [Qwen/Qwen3-235B-A22B-Instruct-2507] Temp=0.0 Rep=1 → Concordo fortemente
[2026-05-08 14:59:17,405][__main__][INFO] - ✓ [Qwen/Qwen3-235B-A22B-Instruct-2507] Temp=0.0 Rep=1 → Concordo fortemente
[2026-05-08 14:59:20,272][__main__][INFO] - ✓ [Qwen/Qwen3-32B] Temp=0.0 Rep=1 → Concordo fortemente
[2026-05-08 14:59:23,140][__main__][INFO] - ✓ [Qwen/Qwen3-14B] Temp=0.0 Rep=1 → Concordo fortemente
[2026-05-08 14:59:23,211][__main__][INFO] - ✓ [Qwen/Qwen3-32B] Temp=0.0 Rep=1 → Concordo fortemente
[2026-05-08 14:59:23,604][__main__][INFO] - ✓ [Qwen/Qwen3-14B] Temp=0.0 Rep=1 → Concordo fortemente
[2026-05-08 14:59:26,319][__main__][INFO] - ✓ [Qwen/Qwen3-14B] Temp=0.0 Rep=1 → Concordo fortemente
[2026-05-08 14:59:27,033][__main__][INFO] - ✓ [Qwen/Qwen3-14B] Temp=0.0 Rep=1 → Concordo fortemente
[2026-05-08 14:59:27,891][__main__][INFO] - ✓ [Qwen/Qwen3-235B-A22B-Instruct-2507] Temp=0.0 Rep=1 → Concordo fortemente
[2026-05-08 14:59:28,035][__main__][INFO] - ✓ [Qwen/Qwen3-32B] Temp=0.0 Rep=1 → Concordo fortemente
[2026-05-08 14:59:28,567][__main__][INFO] - ✓ [Qwen/Qwen3-235B-A22B-Instruct-2507] Temp=0.0 Rep=1 → Concordo
[2026-05-08 14:59:28,569][__main__][INFO] - ✓ [Qwen/Qwen3-235B-A22B-Instruct-2507] Temp=0.0 Rep=1 → Concordo
[2026-05-08 14:59:28,876][__main__][INFO] - ✓ [Qwen/Qwen3-32B] Temp=0.0 Rep=1 → Concordo fortemente
[2026-05-08 14:59:29,696][__main__][INFO] - ✓ [Qwen/Qwen3-32B] Temp=0.0 Rep=1 → Concordo fortemente
[2026-05-08 14:59:31,998][__main__][INFO] - ✓ [Qwen/Qwen3-14B] Temp=0.0 Rep=1 → Concordo fortemente
[2026-05-08 14:59:32,866][__main__][INFO] - ✓ [Qwen/Qwen3-14B] Temp=0.0 Rep=1 → Discordo
[2026-05-08 14:59:34,632][__main__][INFO] - ✓ [Qwen/Qwen3-32B] Temp=0.0 Rep=1 → Concordo fortemente
[2026-05-08 14:59:35,568][__main__][INFO] - ✓ [Qwen/Qwen3-14B] Temp=0.0 Rep=1 → Concordo fortemente
[2026-05-08 14:59:36,350][__main__][INFO] - ✓ [Qwen/Qwen3-32B] Temp=0.0 Rep=1 → Concordo fortemente
[2026-05-08 14:59:37,424][__main__][INFO] - ✓ [Qwen/Qwen3-14B] Temp=0.0 Rep=1 → Concordo fortemente
[2026-05-08 14:59:38,195][__main__][INFO] - ✓ [Qwen/Qwen3-235B-A22B-Instruct-2507] Temp=0.0 Rep=1 → Concordo
[2026-05-08 14:59:38,283][__main__][INFO] - ✓ [Qwen/Qwen3-235B-A22B-Instruct-2507] Temp=0.0 Rep=1 → Discordo fortemente
[2026-05-08 14:59:39,354][__main__][INFO] - ✓ [Qwen/Qwen3-14B] Temp=0.0 Rep=1 → Concordo fortemente
[2026-05-08 14:59:39,904][__main__][INFO] - ✓ [Qwen/Qwen3-32B] Temp=0.0 Rep=1 → Concordo fortemente
[2026-05-08 14:59:40,034][__main__][INFO] - ✓ [Qwen/Qwen3-14B] Temp=0.0 Rep=1 → Concordo fortemente
[2026-05-08 14:59:40,448][__main__][INFO] - ✓ [Qwen/Qwen3-32B] Temp=0.0 Rep=1 → Discordo
[2026-05-08 14:59:40,942][__main__][INFO] - ✓ [Qwen/Qwen3-235B-A22B-Instruct-2507] Temp=0.0 Rep=1 → Neutro
[2026-05-08 14:59:41,431][__main__][INFO] - ✓ [Qwen/Qwen3-235B-A22B-Instruct-2507] Temp=0.0 Rep=1 → Discordo fortemente
[2026-05-08 14:59:41,551][__main__][INFO] - ✓ [Qwen/Qwen3-235B-A22B-Instruct-2507] Temp=0.0 Rep=1 → Discordo
[2026-05-08 14:59:42,147][__main__][INFO] - ✓ [Qwen/Qwen3-235B-A22B-Instruct-2507] Temp=0.0 Rep=1 → Discordo
[2026-05-08 14:59:43,415][__main__][INFO] - ✓ [Qwen/Qwen3-32B] Temp=0.0 Rep=1 → Discordo
[2026-05-08 14:59:43,417][__main__][INFO] - ✓ [Qwen/Qwen3-32B] Temp=0.0 Rep=1 → Concordo fortemente
[2026-05-08 14:59:44,144][__main__][INFO] - ✓ [Qwen/Qwen3-32B] Temp=0.0 Rep=1 → Concordo fortemente
[2026-05-08 14:59:45,157][__main__][INFO] - ✓ [Qwen/Qwen3-32B] Temp=0.0 Rep=1 → Discordo
[2026-05-08 14:59:47,104][__main__][INFO] - Salvamento incremental (600 novas respostas)...
[2026-05-08 14:59:47,164][__main__][INFO] - Cache salvo com 201667 entradas
[2026-05-08 14:59:47,164][__main__][INFO] - ✓ [Qwen/Qwen3-14B] Temp=0.0 Rep=1 → Concordo fortemente
[2026-05-08 14:59:47,428][__main__][INFO] - ✓ [Qwen/Qwen3-14B] Temp=0.0 Rep=1 → Concordo fortemente
[2026-05-08 14:59:48,331][__main__][INFO] - ✓ [Qwen/Qwen3-235B-A22B-Instruct-2507] Temp=0.0 Rep=1 → Concordo
[2026-05-08 14:59:48,541][__main__][INFO] - ✓ [Qwen/Qwen3-235B-A22B-Instruct-2507] Temp=0.0 Rep=1 → Concordo fortemente
[2026-05-08 14:59:48,806][__main__][INFO] - ✓ [Qwen/Qwen3-235B-A22B-Instruct-2507] Temp=0.0 Rep=1 → Concordo
[2026-05-08 14:59:49,144][__main__][INFO] - ✓ [Qwen/Qwen3-14B] Temp=0.0 Rep=1 → Concordo fortemente
[2026-05-08 14:59:49,297][__main__][INFO] - ✓ [Qwen/Qwen3-14B] Temp=0.0 Rep=1 → Concordo fortemente
[2026-05-08 14:59:50,220][__main__][INFO] - ✓ [Qwen/Qwen3-14B] Temp=0.0 Rep=1 → Concordo fortemente
[2026-05-08 14:59:51,504][__main__][INFO] - ✓ [Qwen/Qwen3-14B] Temp=0.0 Rep=1 → Concordo fortemente
[2026-05-08 14:59:51,915][__main__][INFO] - ✓ [Qwen/Qwen3-14B] Temp=0.0 Rep=1 → Concordo fortemente
[2026-05-08 14:59:52,632][__main__][INFO] - ✓ [Qwen/Qwen3-235B-A22B-Instruct-2507] Temp=0.0 Rep=1 → Neutro
[2026-05-08 14:59:52,658][__main__][INFO] - ✓ [Qwen/Qwen3-32B] Temp=0.0 Rep=1 → Concordo fortemente
[2026-05-08 14:59:53,655][__main__][INFO] - ✓ [Qwen/Qwen3-235B-A22B-Instruct-2507] Temp=0.0 Rep=1 → Concordo fortemente
[2026-05-08 14:59:54,012][__main__][INFO] - ✓ [Qwen/Qwen3-14B] Temp=0.0 Rep=1 → Concordo fortemente
[2026-05-08 14:59:54,290][__main__][INFO] - ✓ [Qwen/Qwen3-32B] Temp=0.0 Rep=1 → Concordo fortemente
[2026-05-08 14:59:55,294][__main__][INFO] - ✓ [Qwen/Qwen3-32B] Temp=0.0 Rep=1 → Discordo
[2026-05-08 14:59:56,011][__main__][INFO] - ✓ [Qwen/Qwen3-14B] Temp=0.0 Rep=1 → Concordo fortemente
[2026-05-08 14:59:56,638][__main__][INFO] - ✓ [Qwen/Qwen3-32B] Temp=0.0 Rep=1 → Concordo fortemente
[2026-05-08 14:59:57,239][__main__][INFO] - ✓ [Qwen/Qwen3-235B-A22B-Instruct-2507] Temp=0.0 Rep=1 → Neutro
[2026-05-08 14:59:57,682][__main__][INFO] - ✓ [Qwen/Qwen3-14B] Temp=0.0 Rep=1 → Concordo fortemente
[2026-05-08 14:59:57,865][__main__][INFO] - ✓ [Qwen/Qwen3-32B] Temp=0.0 Rep=1 → Neutro
[2026-05-08 14:59:57,990][__main__][INFO] - ✓ [Qwen/Qwen3-14B] Temp=0.0 Rep=1 → Discordo
[2026-05-08 14:59:58,085][__main__][INFO] - ✓ [Qwen/Qwen3-32B] Temp=0.0 Rep=1 → Concordo
[2026-05-08 14:59:58,475][__main__][INFO] - ✓ [Qwen/Qwen3-235B-A22B-Instruct-2507] Temp=0.0 Rep=1 → Concordo
[2026-05-08 14:59:58,582][__main__][INFO] - ✓ [Qwen/Qwen3-235B-A22B-Instruct-2507] Temp=0.0 Rep=1 → Concordo fortemente
[2026-05-08 14:59:58,731][__main__][INFO] - ✓ [Qwen/Qwen3-235B-A22B-Instruct-2507] Temp=0.0 Rep=1 → Concordo fortemente
[2026-05-08 14:59:58,835][__main__][INFO] - ✓ [Qwen/Qwen3-32B] Temp=0.0 Rep=1 → Concordo fortemente
[2026-05-08 15:00:01,964][__main__][INFO] - ✓ [Qwen/Qwen3-32B] Temp=0.0 Rep=1 → Discordo
[2026-05-08 15:00:02,539][__main__][INFO] - ✓ [Qwen/Qwen3-32B] Temp=0.0 Rep=1 → Concordo fortemente
[2026-05-08 15:00:03,202][__main__][INFO] - ✓ [Qwen/Qwen3-14B] Temp=0.0 Rep=1 → Concordo fortemente
[2026-05-08 15:00:03,230][__main__][INFO] - ✓ [Qwen/Qwen3-14B] Temp=0.0 Rep=1 → Discordo
[2026-05-08 15:00:03,331][__main__][INFO] - ✓ [Qwen/Qwen3-235B-A22B-Instruct-2507] Temp=0.0 Rep=1 → Discordo fortemente
[2026-05-08 15:00:03,345][__main__][INFO] - ✓ [Qwen/Qwen3-235B-A22B-Instruct-2507] Temp=0.0 Rep=1 → Concordo
[2026-05-08 15:00:03,875][__main__][INFO] - ✓ [Qwen/Qwen3-235B-A22B-Instruct-2507] Temp=0.0 Rep=1 → Discordo
[2026-05-08 15:00:03,999][__main__][INFO] - ✓ [Qwen/Qwen3-14B] Temp=0.0 Rep=1 → Discordo
[2026-05-08 15:00:04,256][__main__][INFO] - ✓ [Qwen/Qwen3-14B] Temp=0.0 Rep=1 → Concordo fortemente
[2026-05-08 15:00:04,362][__main__][INFO] - ✓ [Qwen/Qwen3-14B] Temp=0.0 Rep=1 → Concordo fortemente
[2026-05-08 15:00:05,127][__main__][INFO] - ✓ [Qwen/Qwen3-235B-A22B-Instruct-2507] Temp=0.0 Rep=1 → Concordo fortemente
[2026-05-08 15:00:05,393][__main__][INFO] - ✓ [Qwen/Qwen3-32B] Temp=0.0 Rep=1 → Concordo fortemente
[2026-05-08 15:00:06,732][__main__][INFO] - ✓ [Qwen/Qwen3-32B] Temp=0.0 Rep=1 → Concordo fortemente
[2026-05-08 15:00:07,231][__main__][INFO] - Salvamento incremental (640 novas respostas)...
[2026-05-08 15:00:07,285][__main__][INFO] - Cache salvo com 201707 entradas
[2026-05-08 15:00:07,285][__main__][INFO] - ✓ [Qwen/Qwen3-235B-A22B-Instruct-2507] Temp=0.0 Rep=1 → Discordo
[2026-05-08 15:00:07,466][__main__][INFO] - ✓ [Qwen/Qwen3-235B-A22B-Instruct-2507] Temp=0.0 Rep=1 → Concordo fortemente
[2026-05-08 15:00:08,047][__main__][INFO] - ✓ [Qwen/Qwen3-32B] Temp=0.0 Rep=1 → Discordo
[2026-05-08 15:00:08,323][__main__][INFO] - ✓ [Qwen/Qwen3-14B] Temp=0.0 Rep=1 → Concordo fortemente
[2026-05-08 15:00:08,389][__main__][INFO] - ✓ [Qwen/Qwen3-32B] Temp=0.0 Rep=1 → Concordo fortemente
[2026-05-08 15:00:09,263][__main__][INFO] - ✓ [Qwen/Qwen3-14B] Temp=0.0 Rep=1 → Concordo fortemente
[2026-05-08 15:00:09,333][__main__][INFO] - ✓ [Qwen/Qwen3-32B] Temp=0.0 Rep=1 → Concordo fortemente
[2026-05-08 15:00:09,966][__main__][INFO] - ✓ [Qwen/Qwen3-14B] Temp=0.0 Rep=1 → Concordo fortemente
[2026-05-08 15:00:09,992][__main__][INFO] - ✓ [Qwen/Qwen3-235B-A22B-Instruct-2507] Temp=0.0 Rep=1 → Concordo fortemente
[2026-05-08 15:00:10,068][__main__][INFO] - ✓ [Qwen/Qwen3-235B-A22B-Instruct-2507] Temp=0.0 Rep=1 → Concordo fortemente
[2026-05-08 15:00:10,652][__main__][INFO] - ✓ [Qwen/Qwen3-32B] Temp=0.0 Rep=1 → Concordo fortemente
[2026-05-08 15:00:10,880][__main__][INFO] - ✓ [Qwen/Qwen3-235B-A22B-Instruct-2507] Temp=0.0 Rep=1 → Concordo fortemente
[2026-05-08 15:00:11,432][__main__][INFO] - ✓ [Qwen/Qwen3-14B] Temp=0.0 Rep=1 → Concordo fortemente
[2026-05-08 15:00:11,897][__main__][INFO] - ✓ [Qwen/Qwen3-14B] Temp=0.0 Rep=1 → Concordo fortemente
[2026-05-08 15:00:12,450][__main__][INFO] - ✓ [Qwen/Qwen3-32B] Temp=0.0 Rep=1 → Concordo fortemente
[2026-05-08 15:00:12,972][__main__][INFO] - ✓ [Qwen/Qwen3-235B-A22B-Instruct-2507] Temp=0.0 Rep=1 → Discordo
[2026-05-08 15:00:13,446][__main__][INFO] - ✓ [Qwen/Qwen3-235B-A22B-Instruct-2507] Temp=0.0 Rep=1 → Discordo
[2026-05-08 15:00:13,934][__main__][INFO] - ✓ [Qwen/Qwen3-235B-A22B-Instruct-2507] Temp=0.0 Rep=1 → Discordo
[2026-05-08 15:00:14,467][__main__][INFO] - ✓ [Qwen/Qwen3-14B] Temp=0.0 Rep=1 → Concordo fortemente
[2026-05-08 15:00:14,722][__main__][INFO] - ✓ [Qwen/Qwen3-32B] Temp=0.0 Rep=1 → Concordo fortemente
[2026-05-08 15:00:15,077][__main__][INFO] - ✓ [Qwen/Qwen3-14B] Temp=0.0 Rep=1 → Discordo
[2026-05-08 15:00:15,279][__main__][INFO] - ✓ [Qwen/Qwen3-14B] Temp=0.0 Rep=1 → Concordo fortemente
[2026-05-08 15:00:15,670][__main__][INFO] - ✓ [Qwen/Qwen3-32B] Temp=0.0 Rep=1 → Discordo
[2026-05-08 15:00:16,618][__main__][INFO] - ✓ [Qwen/Qwen3-14B] Temp=0.0 Rep=1 → Discordo
[2026-05-08 15:00:17,310][__main__][INFO] - ✓ [Qwen/Qwen3-235B-A22B-Instruct-2507] Temp=0.0 Rep=1 → Concordo fortemente
[2026-05-08 15:00:18,231][__main__][INFO] - ✓ [Qwen/Qwen3-235B-A22B-Instruct-2507] Temp=0.0 Rep=1 → Concordo fortemente
[2026-05-08 15:00:18,469][__main__][INFO] - ✓ [Qwen/Qwen3-32B] Temp=0.0 Rep=1 → Concordo fortemente
[2026-05-08 15:00:18,656][__main__][INFO] - ✓ [Qwen/Qwen3-14B] Temp=0.0 Rep=1 → Concordo fortemente
[2026-05-08 15:00:18,835][__main__][INFO] - ✓ [Qwen/Qwen3-32B] Temp=0.0 Rep=1 → Concordo fortemente
[2026-05-08 15:00:19,036][__main__][INFO] - ✓ [Qwen/Qwen3-14B] Temp=0.0 Rep=1 → Concordo fortemente
[2026-05-08 15:00:19,178][__main__][INFO] - ✓ [Qwen/Qwen3-235B-A22B-Instruct-2507] Temp=0.0 Rep=1 → Concordo fortemente
[2026-05-08 15:00:19,366][__main__][INFO] - ✓ [Qwen/Qwen3-32B] Temp=0.0 Rep=1 → Discordo
[2026-05-08 15:00:20,482][__main__][INFO] - ✓ [Qwen/Qwen3-32B] Temp=0.0 Rep=1 → Concordo fortemente
[2026-05-08 15:00:21,022][__main__][INFO] - ✓ [Qwen/Qwen3-235B-A22B-Instruct-2507] Temp=0.0 Rep=1 → Discordo
[2026-05-08 15:00:21,531][__main__][INFO] - ✓ [Qwen/Qwen3-235B-A22B-Instruct-2507] Temp=0.0 Rep=1 → Discordo
[2026-05-08 15:00:21,926][__main__][INFO] - ✓ [Qwen/Qwen3-32B] Temp=0.0 Rep=1 → Discordo
[2026-05-08 15:00:22,048][__main__][INFO] - ✓ [Qwen/Qwen3-235B-A22B-Instruct-2507] Temp=0.0 Rep=1 → Neutro
[2026-05-08 15:00:22,718][__main__][INFO] - ✓ [Qwen/Qwen3-14B] Temp=0.0 Rep=1 → Concordo fortemente
[2026-05-08 15:00:22,993][__main__][INFO] - ✓ [Qwen/Qwen3-14B] Temp=0.0 Rep=1 → Concordo fortemente
[2026-05-08 15:00:23,428][__main__][INFO] - ✓ [Qwen/Qwen3-32B] Temp=0.0 Rep=1 → Concordo fortemente
[2026-05-08 15:00:23,562][__main__][INFO] - Salvamento incremental (680 novas respostas)...
[2026-05-08 15:00:23,627][__main__][INFO] - Cache salvo com 201747 entradas
[2026-05-08 15:00:23,627][__main__][INFO] - ✓ [Qwen/Qwen3-14B] Temp=0.0 Rep=1 → Concordo fortemente
[2026-05-08 15:00:24,167][__main__][INFO] - ✓ [Qwen/Qwen3-14B] Temp=0.0 Rep=1 → Discordo
[2026-05-08 15:00:24,425][__main__][INFO] - ✓ [Qwen/Qwen3-32B] Temp=0.0 Rep=1 → Discordo
[2026-05-08 15:00:24,566][__main__][INFO] - ✓ [Qwen/Qwen3-32B] Temp=0.0 Rep=1 → Concordo fortemente
[2026-05-08 15:00:26,014][__main__][INFO] - ✓ [Qwen/Qwen3-14B] Temp=0.0 Rep=1 → Concordo fortemente
[2026-05-08 15:00:26,731][__main__][INFO] - ✓ [Qwen/Qwen3-32B] Temp=0.0 Rep=1 → Discordo
[2026-05-08 15:00:27,446][__main__][INFO] - ✓ [Qwen/Qwen3-14B] Temp=0.0 Rep=1 → Discordo
[2026-05-08 15:00:27,895][__main__][INFO] - ✓ [Qwen/Qwen3-235B-A22B-Instruct-2507] Temp=0.0 Rep=1 → Discordo
[2026-05-08 15:00:28,594][__main__][INFO] - ✓ [Qwen/Qwen3-235B-A22B-Instruct-2507] Temp=0.0 Rep=1 → Concordo
[2026-05-08 15:00:28,939][__main__][INFO] - ✓ [Qwen/Qwen3-235B-A22B-Instruct-2507] Temp=0.0 Rep=1 → Concordo fortemente
[2026-05-08 15:00:29,391][__main__][INFO] - ✓ [Qwen/Qwen3-32B] Temp=0.0 Rep=1 → Concordo
[2026-05-08 15:00:29,716][__main__][INFO] - ✓ [Qwen/Qwen3-14B] Temp=0.0 Rep=1 → Concordo fortemente
[2026-05-08 15:00:30,336][__main__][INFO] - ✓ [Qwen/Qwen3-235B-A22B-Instruct-2507] Temp=0.0 Rep=1 → Concordo fortemente
[2026-05-08 15:00:30,438][__main__][INFO] - ✓ [Qwen/Qwen3-235B-A22B-Instruct-2507] Temp=0.0 Rep=1 → Concordo fortemente
[2026-05-08 15:00:31,168][__main__][INFO] - ✓ [Qwen/Qwen3-235B-A22B-Instruct-2507] Temp=0.0 Rep=1 → Concordo fortemente
[2026-05-08 15:00:31,659][__main__][INFO] - ✓ [Qwen/Qwen3-32B] Temp=0.0 Rep=1 → Concordo fortemente
[2026-05-08 15:00:31,703][__main__][INFO] - ✓ [Qwen/Qwen3-32B] Temp=0.0 Rep=1 → Concordo fortemente
[2026-05-08 15:00:32,160][__main__][INFO] - ✓ [Qwen/Qwen3-14B] Temp=0.0 Rep=1 → Concordo fortemente
[2026-05-08 15:00:32,253][__main__][INFO] - ✓ [Qwen/Qwen3-32B] Temp=0.0 Rep=1 → Concordo fortemente
[2026-05-08 15:00:33,490][__main__][INFO] - ✓ [Qwen/Qwen3-14B] Temp=0.0 Rep=1 → Concordo fortemente
[2026-05-08 15:00:34,613][__main__][INFO] - ✓ [Qwen/Qwen3-32B] Temp=0.0 Rep=1 → Discordo
[2026-05-08 15:00:34,819][__main__][INFO] - ✓ [Qwen/Qwen3-235B-A22B-Instruct-2507] Temp=0.0 Rep=1 → Concordo fortemente
[2026-05-08 15:00:35,420][__main__][INFO] - ✓ [Qwen/Qwen3-235B-A22B-Instruct-2507] Temp=0.0 Rep=1 → Concordo fortemente
[2026-05-08 15:00:35,421][__main__][INFO] - ✓ [Qwen/Qwen3-235B-A22B-Instruct-2507] Temp=0.0 Rep=1 → Concordo fortemente
[2026-05-08 15:00:35,985][__main__][INFO] - ✓ [Qwen/Qwen3-14B] Temp=0.0 Rep=1 → Concordo fortemente
[2026-05-08 15:00:36,664][__main__][INFO] - ✓ [Qwen/Qwen3-14B] Temp=0.0 Rep=1 → Concordo fortemente
[2026-05-08 15:00:37,685][__main__][INFO] - ✓ [Qwen/Qwen3-14B] Temp=0.0 Rep=1 → Concordo fortemente
[2026-05-08 15:00:38,917][__main__][INFO] - ✓ [Qwen/Qwen3-32B] Temp=0.0 Rep=1 → Concordo fortemente
[2026-05-08 15:00:39,122][__main__][INFO] - ✓ [Qwen/Qwen3-14B] Temp=0.0 Rep=1 → Concordo fortemente
[2026-05-08 15:00:39,295][__main__][INFO] - ✓ [Qwen/Qwen3-32B] Temp=0.0 Rep=1 → Concordo fortemente
[2026-05-08 15:00:39,981][__main__][INFO] - ✓ [Qwen/Qwen3-235B-A22B-Instruct-2507] Temp=0.0 Rep=1 → Concordo fortemente
[2026-05-08 15:00:40,073][__main__][INFO] - ✓ [Qwen/Qwen3-14B] Temp=0.0 Rep=1 → Concordo fortemente
[2026-05-08 15:00:40,076][__main__][INFO] - ✓ [Qwen/Qwen3-235B-A22B-Instruct-2507] Temp=0.0 Rep=1 → Concordo fortemente
[2026-05-08 15:00:40,624][__main__][INFO] - ✓ [Qwen/Qwen3-235B-A22B-Instruct-2507] Temp=0.0 Rep=1 → Concordo fortemente
[2026-05-08 15:00:41,064][__main__][INFO] - ✓ [Qwen/Qwen3-32B] Temp=0.0 Rep=1 → Concordo fortemente
[2026-05-08 15:00:42,498][__main__][INFO] - ✓ [Qwen/Qwen3-32B] Temp=0.0 Rep=1 → Discordo
[2026-05-08 15:00:43,318][__main__][INFO] - ✓ [Qwen/Qwen3-14B] Temp=0.0 Rep=1 → Neutro
[2026-05-08 15:00:44,494][__main__][INFO] - ✓ [Qwen/Qwen3-14B] Temp=0.0 Rep=1 → Discordo
[2026-05-08 15:00:45,284][__main__][INFO] - ✓ [Qwen/Qwen3-235B-A22B-Instruct-2507] Temp=0.0 Rep=1 → Concordo fortemente
[2026-05-08 15:00:45,412][__main__][INFO] - ✓ [Qwen/Qwen3-32B] Temp=0.0 Rep=1 → Concordo fortemente
[2026-05-08 15:00:45,809][__main__][INFO] - Salvamento incremental (720 novas respostas)...
[2026-05-08 15:00:45,890][__main__][INFO] - Cache salvo com 201787 entradas
[2026-05-08 15:00:45,890][__main__][INFO] - ✓ [Qwen/Qwen3-235B-A22B-Instruct-2507] Temp=0.0 Rep=1 → Discordo
[2026-05-08 15:00:45,892][__main__][INFO] - ✓ [Qwen/Qwen3-32B] Temp=0.0 Rep=1 → Neutro
[2026-05-08 15:00:46,065][__main__][INFO] - ✓ [Qwen/Qwen3-235B-A22B-Instruct-2507] Temp=0.0 Rep=1 → Neutro
[2026-05-08 15:00:47,637][__main__][INFO] - ✓ [Qwen/Qwen3-14B] Temp=0.0 Rep=1 → Concordo fortemente
[2026-05-08 15:00:48,566][__main__][INFO] - ✓ [Qwen/Qwen3-14B] Temp=0.0 Rep=1 → Concordo fortemente
[2026-05-08 15:00:49,093][__main__][INFO] - ✓ [Qwen/Qwen3-32B] Temp=0.0 Rep=1 → Discordo
[2026-05-08 15:00:49,760][__main__][INFO] - ✓ [Qwen/Qwen3-32B] Temp=0.0 Rep=1 → Discordo
[2026-05-08 15:00:50,429][__main__][INFO] - ✓ [Qwen/Qwen3-235B-A22B-Instruct-2507] Temp=0.0 Rep=1 → Concordo fortemente
[2026-05-08 15:00:50,983][__main__][INFO] - ✓ [Qwen/Qwen3-235B-A22B-Instruct-2507] Temp=0.0 Rep=1 → Discordo
[2026-05-08 15:00:51,031][__main__][INFO] - ✓ [Qwen/Qwen3-14B] Temp=0.0 Rep=1 → Concordo fortemente
[2026-05-08 15:00:51,571][__main__][INFO] - ✓ [Qwen/Qwen3-235B-A22B-Instruct-2507] Temp=0.0 Rep=1 → Concordo fortemente
[2026-05-08 15:00:52,062][__main__][INFO] - ✓ [Qwen/Qwen3-32B] Temp=0.0 Rep=1 → Concordo
[2026-05-08 15:00:53,004][__main__][INFO] - ✓ [Qwen/Qwen3-14B] Temp=0.0 Rep=1 → Concordo fortemente
[2026-05-08 15:00:53,969][__main__][INFO] - ✓ [Qwen/Qwen3-32B] Temp=0.0 Rep=1 → Discordo
[2026-05-08 15:00:55,038][__main__][INFO] - ✓ [Qwen/Qwen3-32B] Temp=0.0 Rep=1 → Concordo fortemente
[2026-05-08 15:00:55,162][__main__][INFO] - ✓ [Qwen/Qwen3-14B] Temp=0.0 Rep=1 → Concordo fortemente
[2026-05-08 15:00:55,404][__main__][INFO] - ✓ [Qwen/Qwen3-32B] Temp=0.0 Rep=1 → Concordo
[2026-05-08 15:00:56,028][__main__][INFO] - ✓ [Qwen/Qwen3-235B-A22B-Instruct-2507] Temp=0.0 Rep=1 → Discordo
[2026-05-08 15:00:56,169][__main__][INFO] - ✓ [Qwen/Qwen3-14B] Temp=0.0 Rep=1 → Concordo fortemente
[2026-05-08 15:00:56,280][__main__][INFO] - ✓ [Qwen/Qwen3-235B-A22B-Instruct-2507] Temp=0.0 Rep=1 → Concordo fortemente
[2026-05-08 15:00:56,819][__main__][INFO] - ✓ [Qwen/Qwen3-235B-A22B-Instruct-2507] Temp=0.0 Rep=1 → Neutro
[2026-05-08 15:00:57,246][__main__][INFO] - ✓ [Qwen/Qwen3-32B] Temp=0.0 Rep=1 → Concordo fortemente
[2026-05-08 15:00:57,387][__main__][INFO] - ✓ [Qwen/Qwen3-32B] Temp=0.0 Rep=1 → Discordo
[2026-05-08 15:00:58,981][__main__][INFO] - ✓ [Qwen/Qwen3-14B] Temp=0.0 Rep=1 → Concordo fortemente
[2026-05-08 15:00:59,396][__main__][INFO] - ✓ [Qwen/Qwen3-14B] Temp=0.0 Rep=1 → Discordo
[2026-05-08 15:01:00,021][__main__][INFO] - ✓ [Qwen/Qwen3-235B-A22B-Instruct-2507] Temp=0.0 Rep=1 → Discordo fortemente
[2026-05-08 15:01:00,495][__main__][INFO] - ✓ [Qwen/Qwen3-32B] Temp=0.0 Rep=1 → Discordo
[2026-05-08 15:01:00,609][__main__][INFO] - ✓ [Qwen/Qwen3-235B-A22B-Instruct-2507] Temp=0.0 Rep=1 → Discordo fortemente
[2026-05-08 15:01:00,749][__main__][INFO] - ✓ [Qwen/Qwen3-32B] Temp=0.0 Rep=1 → Discordo
[2026-05-08 15:01:01,062][__main__][INFO] - ✓ [Qwen/Qwen3-235B-A22B-Instruct-2507] Temp=0.0 Rep=1 → Discordo
[2026-05-08 15:01:02,206][__main__][INFO] - ✓ [Qwen/Qwen3-32B] Temp=0.0 Rep=1 → Concordo fortemente
[2026-05-08 15:01:03,928][__main__][INFO] - ✓ [Qwen/Qwen3-14B] Temp=0.0 Rep=1 → Discordo
[2026-05-08 15:01:04,315][__main__][INFO] - ✓ [Qwen/Qwen3-32B] Temp=0.0 Rep=1 → Concordo fortemente
[2026-05-08 15:01:04,834][__main__][INFO] - ✓ [Qwen/Qwen3-14B] Temp=0.0 Rep=1 → Concordo fortemente
[2026-05-08 15:01:05,778][__main__][INFO] - ✓ [Qwen/Qwen3-14B] Temp=0.0 Rep=1 → Concordo fortemente
[2026-05-08 15:01:06,583][__main__][INFO] - ✓ [Qwen/Qwen3-235B-A22B-Instruct-2507] Temp=0.0 Rep=1 → Concordo fortemente
[2026-05-08 15:01:06,603][__main__][INFO] - ✓ [Qwen/Qwen3-235B-A22B-Instruct-2507] Temp=0.0 Rep=1 → Concordo fortemente
[2026-05-08 15:01:06,886][__main__][INFO] - ✓ [Qwen/Qwen3-14B] Temp=0.0 Rep=1 → Concordo fortemente
[2026-05-08 15:01:07,247][__main__][INFO] - ✓ [Qwen/Qwen3-235B-A22B-Instruct-2507] Temp=0.0 Rep=1 → Concordo fortemente
[2026-05-08 15:01:08,288][__main__][INFO] - ✓ [Qwen/Qwen3-14B] Temp=0.0 Rep=1 → Concordo fortemente
[2026-05-08 15:01:08,839][__main__][INFO] - Salvamento incremental (760 novas respostas)...
[2026-05-08 15:01:08,902][__main__][INFO] - Cache salvo com 201827 entradas
[2026-05-08 15:01:08,902][__main__][INFO] - ✓ [Qwen/Qwen3-14B] Temp=0.0 Rep=1 → Concordo fortemente
[2026-05-08 15:01:09,135][__main__][INFO] - ✓ [Qwen/Qwen3-32B] Temp=0.0 Rep=1 → Concordo fortemente
[2026-05-08 15:01:09,467][__main__][INFO] - ✓ [Qwen/Qwen3-14B] Temp=0.0 Rep=1 → Concordo fortemente
[2026-05-08 15:01:10,182][__main__][INFO] - ✓ [Qwen/Qwen3-235B-A22B-Instruct-2507] Temp=0.0 Rep=1 → Concordo fortemente
[2026-05-08 15:01:10,183][__main__][INFO] - ✓ [Qwen/Qwen3-32B] Temp=0.0 Rep=1 → Discordo
[2026-05-08 15:01:10,763][__main__][INFO] - ✓ [Qwen/Qwen3-235B-A22B-Instruct-2507] Temp=0.0 Rep=1 → Concordo
[2026-05-08 15:01:10,994][__main__][INFO] - ✓ [Qwen/Qwen3-32B] Temp=0.0 Rep=1 → Concordo fortemente
[2026-05-08 15:01:12,133][__main__][INFO] - ✓ [Qwen/Qwen3-235B-A22B-Instruct-2507] Temp=0.0 Rep=1 → Concordo fortemente
[2026-05-08 15:01:13,929][__main__][INFO] - ✓ [Qwen/Qwen3-32B] Temp=0.0 Rep=1 → Concordo fortemente
[2026-05-08 15:01:14,492][__main__][INFO] - ✓ [Qwen/Qwen3-32B] Temp=0.0 Rep=1 → Concordo fortemente
[2026-05-08 15:01:14,805][__main__][INFO] - ✓ [Qwen/Qwen3-14B] Temp=0.0 Rep=1 → Discordo
[2026-05-08 15:01:14,902][__main__][INFO] - ✓ [Qwen/Qwen3-14B] Temp=0.0 Rep=1 → Concordo fortemente
[2026-05-08 15:01:15,774][__main__][INFO] - ✓ [Qwen/Qwen3-235B-A22B-Instruct-2507] Temp=0.0 Rep=1 → Discordo
[2026-05-08 15:01:16,598][__main__][INFO] - ✓ [Qwen/Qwen3-235B-A22B-Instruct-2507] Temp=0.0 Rep=1 → Concordo fortemente
[2026-05-08 15:01:16,752][__main__][INFO] - ✓ [Qwen/Qwen3-32B] Temp=0.0 Rep=1 → Concordo fortemente
[2026-05-08 15:01:16,885][__main__][INFO] - ✓ [Qwen/Qwen3-14B] Temp=0.0 Rep=1 → Concordo fortemente
[2026-05-08 15:01:17,204][__main__][INFO] - ✓ [Qwen/Qwen3-235B-A22B-Instruct-2507] Temp=0.0 Rep=1 → Discordo
[2026-05-08 15:01:18,051][__main__][INFO] - ✓ [Qwen/Qwen3-14B] Temp=0.0 Rep=1 → Concordo fortemente
[2026-05-08 15:01:19,098][__main__][INFO] - ✓ [Qwen/Qwen3-32B] Temp=0.0 Rep=1 → Discordo
[2026-05-08 15:01:19,308][__main__][INFO] - ✓ [Qwen/Qwen3-14B] Temp=0.0 Rep=1 → Discordo
[2026-05-08 15:01:20,155][__main__][INFO] - ✓ [Qwen/Qwen3-32B] Temp=0.0 Rep=1 → Concordo fortemente
[2026-05-08 15:01:20,670][__main__][INFO] - ✓ [Qwen/Qwen3-14B] Temp=0.0 Rep=1 → Concordo fortemente
[2026-05-08 15:01:20,848][__main__][INFO] - ✓ [Qwen/Qwen3-235B-A22B-Instruct-2507] Temp=0.0 Rep=1 → Concordo fortemente
[2026-05-08 15:01:21,214][__main__][INFO] - ✓ [Qwen/Qwen3-235B-A22B-Instruct-2507] Temp=0.0 Rep=1 → Concordo
[2026-05-08 15:01:21,428][__main__][INFO] - ✓ [Qwen/Qwen3-235B-A22B-Instruct-2507] Temp=0.0 Rep=1 → Concordo fortemente
[2026-05-08 15:01:22,395][__main__][INFO] - ✓ [Qwen/Qwen3-14B] Temp=0.0 Rep=1 → Concordo fortemente
[2026-05-08 15:01:22,659][__main__][INFO] - ✓ [Qwen/Qwen3-14B] Temp=0.0 Rep=1 → Concordo fortemente
[2026-05-08 15:01:22,831][__main__][INFO] - ✓ [Qwen/Qwen3-32B] Temp=0.0 Rep=1 → Concordo fortemente
[2026-05-08 15:01:23,364][__main__][INFO] - ✓ [Qwen/Qwen3-32B] Temp=0.0 Rep=1 → Concordo fortemente
[2026-05-08 15:01:24,339][__main__][INFO] - ✓ [Qwen/Qwen3-14B] Temp=0.0 Rep=1 → Discordo
[2026-05-08 15:01:24,632][__main__][INFO] - ✓ [Qwen/Qwen3-32B] Temp=0.0 Rep=1 → Concordo fortemente
[2026-05-08 15:01:25,065][__main__][INFO] - ✓ [Qwen/Qwen3-235B-A22B-Instruct-2507] Temp=0.0 Rep=1 → Discordo
[2026-05-08 15:01:25,387][__main__][INFO] - ✓ [Qwen/Qwen3-235B-A22B-Instruct-2507] Temp=0.0 Rep=1 → Concordo
[2026-05-08 15:01:26,018][__main__][INFO] - ✓ [Qwen/Qwen3-235B-A22B-Instruct-2507] Temp=0.0 Rep=1 → Neutro
[2026-05-08 15:01:26,153][__main__][INFO] - ✓ [Qwen/Qwen3-14B] Temp=0.0 Rep=1 → Concordo fortemente
[2026-05-08 15:01:26,503][__main__][INFO] - ✓ [Qwen/Qwen3-32B] Temp=0.0 Rep=1 → Concordo fortemente
[2026-05-08 15:01:26,699][__main__][INFO] - ✓ [Qwen/Qwen3-32B] Temp=0.0 Rep=1 → Discordo
[2026-05-08 15:01:29,300][__main__][INFO] - ✓ [Qwen/Qwen3-32B] Temp=0.0 Rep=1 → Concordo fortemente
[2026-05-08 15:01:29,633][__main__][INFO] - ✓ [Qwen/Qwen3-14B] Temp=0.0 Rep=1 → Discordo
[2026-05-08 15:01:29,752][__main__][INFO] - ✓ [Qwen/Qwen3-14B] Temp=0.0 Rep=1 → Concordo
[2026-05-08 15:01:30,107][__main__][INFO] - Salvamento incremental (800 novas respostas)...
[2026-05-08 15:01:30,162][__main__][INFO] - Cache salvo com 201867 entradas
[2026-05-08 15:01:30,162][__main__][INFO] - ✓ [Qwen/Qwen3-14B] Temp=0.0 Rep=1 → Concordo fortemente
[2026-05-08 15:01:31,042][__main__][INFO] - ✓ [Qwen/Qwen3-235B-A22B-Instruct-2507] Temp=0.0 Rep=1 → Concordo fortemente
[2026-05-08 15:01:31,047][__main__][INFO] - ✓ [Qwen/Qwen3-235B-A22B-Instruct-2507] Temp=0.0 Rep=1 → Concordo fortemente
[2026-05-08 15:01:31,154][__main__][INFO] - ✓ [Qwen/Qwen3-14B] Temp=0.0 Rep=1 → Concordo fortemente
[2026-05-08 15:01:31,681][__main__][INFO] - ✓ [Qwen/Qwen3-235B-A22B-Instruct-2507] Temp=0.0 Rep=1 → Concordo fortemente
[2026-05-08 15:01:31,857][__main__][INFO] - ✓ [Qwen/Qwen3-14B] Temp=0.0 Rep=1 → Concordo fortemente
[2026-05-08 15:01:33,119][__main__][INFO] - ✓ [Qwen/Qwen3-32B] Temp=0.0 Rep=1 → Concordo fortemente
[2026-05-08 15:01:33,251][__main__][INFO] - ✓ [Qwen/Qwen3-32B] Temp=0.0 Rep=1 → Concordo fortemente
[2026-05-08 15:01:33,775][__main__][INFO] - ✓ [Qwen/Qwen3-235B-A22B-Instruct-2507] Temp=0.0 Rep=1 → Discordo
[2026-05-08 15:01:34,301][__main__][INFO] - ✓ [Qwen/Qwen3-32B] Temp=0.0 Rep=1 → Concordo fortemente
[2026-05-08 15:01:34,302][__main__][INFO] - ✓ [Qwen/Qwen3-235B-A22B-Instruct-2507] Temp=0.0 Rep=1 → Discordo
[2026-05-08 15:01:35,032][__main__][INFO] - ✓ [Qwen/Qwen3-235B-A22B-Instruct-2507] Temp=0.0 Rep=1 → Neutro
[2026-05-08 15:01:35,147][__main__][INFO] - ✓ [Qwen/Qwen3-14B] Temp=0.0 Rep=1 → Concordo fortemente
[2026-05-08 15:01:37,233][__main__][INFO] - ✓ [Qwen/Qwen3-14B] Temp=0.0 Rep=1 → Concordo fortemente
[2026-05-08 15:01:38,089][__main__][INFO] - ✓ [Qwen/Qwen3-14B] Temp=0.0 Rep=1 → Concordo fortemente
[2026-05-08 15:01:39,126][__main__][INFO] - ✓ [Qwen/Qwen3-32B] Temp=0.0 Rep=1 → Discordo
[2026-05-08 15:01:41,119][__main__][INFO] - ✓ [Qwen/Qwen3-14B] Temp=0.0 Rep=1 → Concordo fortemente
[2026-05-08 15:01:42,302][__main__][INFO] - ✓ [Qwen/Qwen3-32B] Temp=0.0 Rep=1 → Concordo fortemente
[2026-05-08 15:01:42,855][__main__][INFO] - ✓ [Qwen/Qwen3-235B-A22B-Instruct-2507] Temp=0.0 Rep=1 → Concordo
[2026-05-08 15:01:42,970][__main__][INFO] - ✓ [Qwen/Qwen3-235B-A22B-Instruct-2507] Temp=0.0 Rep=1 → Concordo fortemente
[2026-05-08 15:01:43,244][__main__][INFO] - ✓ [Qwen/Qwen3-32B] Temp=0.0 Rep=1 → Concordo fortemente
[2026-05-08 15:01:43,426][__main__][INFO] - ✓ [Qwen/Qwen3-32B] Temp=0.0 Rep=1 → Concordo fortemente
[2026-05-08 15:01:43,430][__main__][INFO] - ✓ [Qwen/Qwen3-32B] Temp=0.0 Rep=1 → Discordo
[2026-05-08 15:01:43,739][__main__][INFO] - ✓ [Qwen/Qwen3-235B-A22B-Instruct-2507] Temp=0.0 Rep=1 → Concordo fortemente
[2026-05-08 15:01:44,394][__main__][INFO] - ✓ [Qwen/Qwen3-14B] Temp=0.0 Rep=1 → Concordo fortemente
[2026-05-08 15:01:45,210][__main__][INFO] - ✓ [Qwen/Qwen3-14B] Temp=0.0 Rep=1 → Concordo fortemente
[2026-05-08 15:01:46,368][__main__][INFO] - ✓ [Qwen/Qwen3-235B-A22B-Instruct-2507] Temp=0.0 Rep=1 → Concordo fortemente
[2026-05-08 15:01:46,647][__main__][INFO] - ✓ [Qwen/Qwen3-14B] Temp=0.0 Rep=1 → Discordo
[2026-05-08 15:01:47,126][__main__][INFO] - ✓ [Qwen/Qwen3-32B] Temp=0.0 Rep=1 → Concordo fortemente
[2026-05-08 15:01:47,303][__main__][INFO] - ✓ [Qwen/Qwen3-235B-A22B-Instruct-2507] Temp=0.0 Rep=1 → Concordo fortemente
[2026-05-08 15:01:47,545][__main__][INFO] - ✓ [Qwen/Qwen3-235B-A22B-Instruct-2507] Temp=0.0 Rep=1 → Concordo fortemente
[2026-05-08 15:01:48,984][__main__][INFO] - ✓ [Qwen/Qwen3-14B] Temp=0.0 Rep=1 → Concordo fortemente
[2026-05-08 15:01:49,103][__main__][INFO] - ✓ [Qwen/Qwen3-14B] Temp=0.0 Rep=1 → Concordo fortemente
[2026-05-08 15:01:50,085][__main__][INFO] - ✓ [Qwen/Qwen3-14B] Temp=0.0 Rep=1 → Concordo
[2026-05-08 15:01:50,800][__main__][INFO] - ✓ [Qwen/Qwen3-32B] Temp=0.0 Rep=1 → Concordo fortemente
[2026-05-08 15:01:51,619][__main__][INFO] - ✓ [Qwen/Qwen3-235B-A22B-Instruct-2507] Temp=0.0 Rep=1 → Neutro
[2026-05-08 15:01:53,035][__main__][INFO] - ✓ [Qwen/Qwen3-14B] Temp=0.0 Rep=1 → Concordo fortemente
[2026-05-08 15:01:53,351][__main__][INFO] - ✓ [Qwen/Qwen3-32B] Temp=0.0 Rep=1 → Concordo fortemente
[2026-05-08 15:01:53,604][__main__][INFO] - ✓ [Qwen/Qwen3-32B] Temp=0.0 Rep=1 → Discordo
[2026-05-08 15:01:53,760][__main__][INFO] - ✓ [Qwen/Qwen3-32B] Temp=0.0 Rep=1 → Concordo fortemente
[2026-05-08 15:01:53,897][__main__][INFO] - Salvamento incremental (840 novas respostas)...
[2026-05-08 15:01:53,983][__main__][INFO] - Cache salvo com 201907 entradas
[2026-05-08 15:01:53,983][__main__][INFO] - ✓ [Qwen/Qwen3-235B-A22B-Instruct-2507] Temp=0.0 Rep=1 → Concordo fortemente
[2026-05-08 15:01:55,270][__main__][INFO] - ✓ [Qwen/Qwen3-14B] Temp=0.0 Rep=1 → Concordo
[2026-05-08 15:01:56,014][__main__][INFO] - ✓ [Qwen/Qwen3-235B-A22B-Instruct-2507] Temp=0.0 Rep=1 → Neutro
[2026-05-08 15:01:56,164][__main__][INFO] - ✓ [Qwen/Qwen3-32B] Temp=0.0 Rep=1 → Concordo fortemente
[2026-05-08 15:01:56,848][__main__][INFO] - ✓ [Qwen/Qwen3-32B] Temp=0.0 Rep=1 → Concordo fortemente
[2026-05-08 15:01:57,010][__main__][INFO] - ✓ [Qwen/Qwen3-235B-A22B-Instruct-2507] Temp=0.0 Rep=1 → Concordo fortemente
[2026-05-08 15:01:57,223][__main__][INFO] - ✓ [Qwen/Qwen3-32B] Temp=0.0 Rep=1 → Concordo fortemente
[2026-05-08 15:01:57,224][__main__][INFO] - ✓ [Qwen/Qwen3-14B] Temp=0.0 Rep=1 → Concordo fortemente
[2026-05-08 15:01:57,582][__main__][INFO] - ✓ [Qwen/Qwen3-32B] Temp=0.0 Rep=1 → Concordo fortemente
[2026-05-08 15:01:57,661][__main__][INFO] - ✓ [Qwen/Qwen3-235B-A22B-Instruct-2507] Temp=0.0 Rep=1 → Concordo fortemente
[2026-05-08 15:01:57,893][__main__][INFO] - ✓ [Qwen/Qwen3-235B-A22B-Instruct-2507] Temp=0.0 Rep=1 → Concordo fortemente
[2026-05-08 15:01:59,099][__main__][INFO] - ✓ [Qwen/Qwen3-14B] Temp=0.0 Rep=1 → Concordo fortemente
[2026-05-08 15:01:59,992][__main__][INFO] - ✓ [Qwen/Qwen3-14B] Temp=0.0 Rep=1 → Concordo fortemente
[2026-05-08 15:02:00,517][__main__][INFO] - ✓ [Qwen/Qwen3-14B] Temp=0.0 Rep=1 → Concordo fortemente
[2026-05-08 15:02:00,942][__main__][INFO] - ✓ [Qwen/Qwen3-235B-A22B-Instruct-2507] Temp=0.0 Rep=1 → Concordo fortemente
[2026-05-08 15:02:01,342][__main__][INFO] - ✓ [Qwen/Qwen3-235B-A22B-Instruct-2507] Temp=0.0 Rep=1 → Concordo fortemente
[2026-05-08 15:02:01,563][__main__][INFO] - ✓ [Qwen/Qwen3-14B] Temp=0.0 Rep=1 → Discordo
[2026-05-08 15:02:01,715][__main__][INFO] - ✓ [Qwen/Qwen3-32B] Temp=0.0 Rep=1 → Concordo fortemente
[2026-05-08 15:02:01,845][__main__][INFO] - ✓ [Qwen/Qwen3-32B] Temp=0.0 Rep=1 → Concordo fortemente
[2026-05-08 15:02:02,681][__main__][INFO] - ✓ [Qwen/Qwen3-235B-A22B-Instruct-2507] Temp=0.0 Rep=1 → Concordo fortemente
[2026-05-08 15:02:02,683][__main__][INFO] - ✓ [Qwen/Qwen3-14B] Temp=0.0 Rep=1 → Concordo fortemente
[2026-05-08 15:02:04,805][__main__][INFO] - ✓ [Qwen/Qwen3-14B] Temp=0.0 Rep=1 → Neutro
[2026-05-08 15:02:05,082][__main__][INFO] - ✓ [Qwen/Qwen3-32B] Temp=0.0 Rep=1 → Concordo fortemente
[2026-05-08 15:02:05,559][__main__][INFO] - ✓ [Qwen/Qwen3-32B] Temp=0.0 Rep=1 → Concordo fortemente
[2026-05-08 15:02:05,619][__main__][INFO] - ✓ [Qwen/Qwen3-32B] Temp=0.0 Rep=1 → Concordo fortemente
[2026-05-08 15:02:05,775][__main__][INFO] - ✓ [Qwen/Qwen3-32B] Temp=0.0 Rep=1 → Concordo fortemente
[2026-05-08 15:02:05,801][__main__][INFO] - ✓ [Qwen/Qwen3-235B-A22B-Instruct-2507] Temp=0.0 Rep=1 → Concordo fortemente
[2026-05-08 15:02:05,990][__main__][INFO] - ✓ [Qwen/Qwen3-235B-A22B-Instruct-2507] Temp=0.0 Rep=1 → Concordo fortemente
[2026-05-08 15:02:06,877][__main__][INFO] - ✓ [Qwen/Qwen3-235B-A22B-Instruct-2507] Temp=0.0 Rep=1 → Concordo fortemente
[2026-05-08 15:02:07,165][__main__][INFO] - ✓ [Qwen/Qwen3-14B] Temp=0.0 Rep=1 → Concordo fortemente
[2026-05-08 15:02:09,334][__main__][INFO] - ✓ [Qwen/Qwen3-14B] Temp=0.0 Rep=1 → Concordo fortemente
[2026-05-08 15:02:10,153][__main__][INFO] - ✓ [Qwen/Qwen3-235B-A22B-Instruct-2507] Temp=0.0 Rep=1 → Concordo
[2026-05-08 15:02:10,770][__main__][INFO] - ✓ [Qwen/Qwen3-235B-A22B-Instruct-2507] Temp=0.0 Rep=1 → Concordo
[2026-05-08 15:02:11,002][__main__][INFO] - ✓ [Qwen/Qwen3-14B] Temp=0.0 Rep=1 → Concordo fortemente
[2026-05-08 15:02:11,005][__main__][INFO] - ✓ [Qwen/Qwen3-14B] Temp=0.0 Rep=1 → Concordo fortemente
[2026-05-08 15:02:11,383][__main__][INFO] - ✓ [Qwen/Qwen3-235B-A22B-Instruct-2507] Temp=0.0 Rep=1 → Neutro
[2026-05-08 15:02:12,110][__main__][INFO] - ✓ [Qwen/Qwen3-32B] Temp=0.0 Rep=1 → Concordo fortemente
[2026-05-08 15:02:12,417][__main__][INFO] - ✓ [Qwen/Qwen3-32B] Temp=0.0 Rep=1 → Concordo fortemente
[2026-05-08 15:02:13,624][__main__][INFO] - ✓ [Qwen/Qwen3-32B] Temp=0.0 Rep=1 → Concordo fortemente
[2026-05-08 15:02:14,764][__main__][INFO] - ✓ [Qwen/Qwen3-32B] Temp=0.0 Rep=1 → Concordo fortemente
[2026-05-08 15:02:15,787][__main__][INFO] - Salvamento incremental (880 novas respostas)...
[2026-05-08 15:02:15,838][__main__][INFO] - Cache salvo com 201947 entradas
[2026-05-08 15:02:15,838][__main__][INFO] - ✓ [Qwen/Qwen3-14B] Temp=0.0 Rep=1 → Concordo fortemente
[2026-05-08 15:02:15,840][__main__][INFO] - ✓ [Qwen/Qwen3-32B] Temp=0.0 Rep=1 → Concordo fortemente
[2026-05-08 15:02:15,840][__main__][INFO] - ✓ [Qwen/Qwen3-235B-A22B-Instruct-2507] Temp=0.0 Rep=1 → Concordo fortemente
[2026-05-08 15:02:16,499][__main__][INFO] - ✓ [Qwen/Qwen3-14B] Temp=0.0 Rep=1 → Concordo fortemente
[2026-05-08 15:02:16,768][__main__][INFO] - ✓ [Qwen/Qwen3-235B-A22B-Instruct-2507] Temp=0.0 Rep=1 → Concordo fortemente
[2026-05-08 15:02:16,769][__main__][INFO] - ✓ [Qwen/Qwen3-235B-A22B-Instruct-2507] Temp=0.0 Rep=1 → Concordo fortemente
[2026-05-08 15:02:17,629][__main__][INFO] - ✓ [Qwen/Qwen3-32B] Temp=0.0 Rep=1 → Concordo fortemente
[2026-05-08 15:02:19,538][__main__][INFO] - ✓ [Qwen/Qwen3-14B] Temp=0.0 Rep=1 → Concordo fortemente
[2026-05-08 15:02:19,726][__main__][INFO] - ✓ [Qwen/Qwen3-14B] Temp=0.0 Rep=1 → Concordo fortemente
[2026-05-08 15:02:20,292][__main__][INFO] - ✓ [Qwen/Qwen3-32B] Temp=0.0 Rep=1 → Concordo
[2026-05-08 15:02:20,438][__main__][INFO] - ✓ [Qwen/Qwen3-235B-A22B-Instruct-2507] Temp=0.0 Rep=1 → Concordo fortemente
[2026-05-08 15:02:20,578][__main__][INFO] - ✓ [Qwen/Qwen3-14B] Temp=0.0 Rep=1 → Concordo fortemente
[2026-05-08 15:02:21,314][__main__][INFO] - ✓ [Qwen/Qwen3-235B-A22B-Instruct-2507] Temp=0.0 Rep=1 → Concordo fortemente
[2026-05-08 15:02:21,317][__main__][INFO] - ✓ [Qwen/Qwen3-32B] Temp=0.0 Rep=1 → Concordo fortemente
[2026-05-08 15:02:21,370][__main__][INFO] - ✓ [Qwen/Qwen3-235B-A22B-Instruct-2507] Temp=0.0 Rep=1 → Concordo fortemente
[2026-05-08 15:02:23,109][__main__][INFO] - ✓ [Qwen/Qwen3-32B] Temp=0.0 Rep=1 → Concordo fortemente
[2026-05-08 15:02:23,399][__main__][INFO] - ✓ [Qwen/Qwen3-14B] Temp=0.0 Rep=1 → Concordo fortemente
[2026-05-08 15:02:24,106][__main__][INFO] - ✓ [Qwen/Qwen3-32B] Temp=0.0 Rep=1 → Concordo fortemente
[2026-05-08 15:02:24,901][__main__][INFO] - ✓ [Qwen/Qwen3-235B-A22B-Instruct-2507] Temp=0.0 Rep=1 → Concordo
[2026-05-08 15:02:25,490][__main__][INFO] - ✓ [Qwen/Qwen3-235B-A22B-Instruct-2507] Temp=0.0 Rep=1 → Concordo
[2026-05-08 15:02:26,204][__main__][INFO] - ✓ [Qwen/Qwen3-235B-A22B-Instruct-2507] Temp=0.0 Rep=1 → Neutro
[2026-05-08 15:02:26,234][__main__][INFO] - ✓ [Qwen/Qwen3-32B] Temp=0.0 Rep=1 → Concordo fortemente
[2026-05-08 15:02:26,780][__main__][INFO] - ✓ [Qwen/Qwen3-32B] Temp=0.0 Rep=1 → Concordo
[2026-05-08 15:02:27,778][__main__][INFO] - ✓ [Qwen/Qwen3-32B] Temp=0.0 Rep=1 → Concordo fortemente
[2026-05-08 15:02:29,714][__main__][INFO] - ✓ [Qwen/Qwen3-14B] Temp=0.0 Rep=1 → Concordo fortemente
[2026-05-08 15:02:30,640][__main__][INFO] - ✓ [Qwen/Qwen3-14B] Temp=0.0 Rep=1 → Concordo fortemente
[2026-05-08 15:02:31,615][__main__][INFO] - ✓ [Qwen/Qwen3-32B] Temp=0.0 Rep=1 → Concordo fortemente
[2026-05-08 15:02:32,351][__main__][INFO] - ✓ [Qwen/Qwen3-235B-A22B-Instruct-2507] Temp=0.0 Rep=1 → Concordo fortemente
[2026-05-08 15:02:32,560][__main__][INFO] - ✓ [Qwen/Qwen3-32B] Temp=0.0 Rep=1 → Concordo fortemente
[2026-05-08 15:02:33,019][__main__][INFO] - ✓ [Qwen/Qwen3-14B] Temp=0.0 Rep=1 → Concordo
[2026-05-08 15:02:33,082][__main__][INFO] - ✓ [Qwen/Qwen3-235B-A22B-Instruct-2507] Temp=0.0 Rep=1 → Concordo fortemente
[2026-05-08 15:02:33,189][__main__][INFO] - ✓ [Qwen/Qwen3-235B-A22B-Instruct-2507] Temp=0.0 Rep=1 → Concordo fortemente
[2026-05-08 15:02:33,207][__main__][INFO] - ✓ [Qwen/Qwen3-32B] Temp=0.0 Rep=1 → Concordo fortemente
[2026-05-08 15:02:34,732][__main__][INFO] - ✓ [Qwen/Qwen3-14B] Temp=0.0 Rep=1 → Concordo fortemente
[2026-05-08 15:02:35,346][__main__][INFO] - ✓ [Qwen/Qwen3-14B] Temp=0.0 Rep=1 → Concordo fortemente
[2026-05-08 15:02:35,553][__main__][INFO] - ✓ [Qwen/Qwen3-14B] Temp=0.0 Rep=1 → Concordo fortemente
[2026-05-08 15:02:35,923][__main__][INFO] - ✓ [Qwen/Qwen3-14B] Temp=0.0 Rep=1 → Concordo fortemente
[2026-05-08 15:02:36,506][__main__][INFO] - ✓ [Qwen/Qwen3-235B-A22B-Instruct-2507] Temp=0.0 Rep=1 → Concordo
[2026-05-08 15:02:36,507][__main__][INFO] - ✓ [Qwen/Qwen3-235B-A22B-Instruct-2507] Temp=0.0 Rep=1 → Concordo fortemente
[2026-05-08 15:02:36,886][__main__][INFO] - ✓ [Qwen/Qwen3-14B] Temp=0.0 Rep=1 → Concordo fortemente
[2026-05-08 15:02:37,384][__main__][INFO] - Salvamento incremental (920 novas respostas)...
[2026-05-08 15:02:37,442][__main__][INFO] - Cache salvo com 201987 entradas
[2026-05-08 15:02:37,442][__main__][INFO] - ✓ [Qwen/Qwen3-235B-A22B-Instruct-2507] Temp=0.0 Rep=1 → Concordo fortemente
[2026-05-08 15:02:40,588][__main__][INFO] - ✓ [Qwen/Qwen3-32B] Temp=0.0 Rep=1 → Discordo
[2026-05-08 15:02:41,284][__main__][INFO] - ✓ [Qwen/Qwen3-32B] Temp=0.0 Rep=1 → Concordo fortemente
[2026-05-08 15:02:43,231][__main__][INFO] - ✓ [Qwen/Qwen3-32B] Temp=0.0 Rep=1 → Concordo fortemente
[2026-05-08 15:02:43,284][__main__][INFO] - ✓ [Qwen/Qwen3-32B] Temp=0.0 Rep=1 → Concordo
[2026-05-08 15:02:43,346][__main__][INFO] - ✓ [Qwen/Qwen3-32B] Temp=0.0 Rep=1 → Concordo fortemente
[2026-05-08 15:02:43,507][__main__][INFO] - ✓ [Qwen/Qwen3-32B] Temp=0.0 Rep=1 → Concordo fortemente
[2026-05-08 15:02:44,458][__main__][INFO] - ✓ [Qwen/Qwen3-235B-A22B-Instruct-2507] Temp=0.0 Rep=1 → Concordo fortemente
[2026-05-08 15:02:44,462][__main__][INFO] - ✓ [Qwen/Qwen3-235B-A22B-Instruct-2507] Temp=0.0 Rep=1 → Concordo
[2026-05-08 15:02:44,463][__main__][INFO] - ✓ [Qwen/Qwen3-235B-A22B-Instruct-2507] Temp=0.0 Rep=1 → Concordo fortemente
[2026-05-08 15:02:48,762][__main__][INFO] - ✓ [Qwen/Qwen3-14B] Temp=0.0 Rep=1 → Concordo fortemente
[2026-05-08 15:02:48,766][__main__][INFO] - ✓ [Qwen/Qwen3-32B] Temp=0.0 Rep=1 → Discordo
[2026-05-08 15:02:49,275][__main__][INFO] - ✓ [Qwen/Qwen3-14B] Temp=0.0 Rep=1 → Concordo fortemente
[2026-05-08 15:02:49,310][__main__][INFO] - ✓ [Qwen/Qwen3-14B] Temp=0.0 Rep=1 → Concordo fortemente
[2026-05-08 15:02:49,597][__main__][INFO] - ✓ [Qwen/Qwen3-32B] Temp=0.0 Rep=1 → Concordo fortemente
[2026-05-08 15:02:50,093][__main__][INFO] - ✓ [Qwen/Qwen3-235B-A22B-Instruct-2507] Temp=0.0 Rep=1 → Concordo
[2026-05-08 15:02:50,844][__main__][INFO] - ✓ [Qwen/Qwen3-235B-A22B-Instruct-2507] Temp=0.0 Rep=1 → Concordo fortemente
[2026-05-08 15:02:51,058][__main__][INFO] - ✓ [Qwen/Qwen3-235B-A22B-Instruct-2507] Temp=0.0 Rep=1 → Concordo
[2026-05-08 15:02:53,267][__main__][INFO] - ✓ [Qwen/Qwen3-14B] Temp=0.0 Rep=1 → Concordo fortemente
[2026-05-08 15:02:53,735][__main__][INFO] - ✓ [Qwen/Qwen3-32B] Temp=0.0 Rep=1 → Concordo fortemente
[2026-05-08 15:02:54,600][__main__][INFO] - ✓ [Qwen/Qwen3-32B] Temp=0.0 Rep=1 → Concordo fortemente
[2026-05-08 15:02:55,210][__main__][INFO] - ✓ [Qwen/Qwen3-14B] Temp=0.0 Rep=1 → Concordo fortemente
[2026-05-08 15:02:55,743][__main__][INFO] - ✓ [Qwen/Qwen3-14B] Temp=0.0 Rep=1 → Discordo
[2026-05-08 15:02:56,336][__main__][INFO] - ✓ [Qwen/Qwen3-235B-A22B-Instruct-2507] Temp=0.0 Rep=1 → Discordo
[2026-05-08 15:02:57,259][__main__][INFO] - ✓ [Qwen/Qwen3-235B-A22B-Instruct-2507] Temp=0.0 Rep=1 → Concordo
[2026-05-08 15:02:57,662][__main__][INFO] - ✓ [Qwen/Qwen3-32B] Temp=0.0 Rep=1 → Discordo
[2026-05-08 15:02:57,874][__main__][INFO] - ✓ [Qwen/Qwen3-14B] Temp=0.0 Rep=1 → Concordo fortemente
[2026-05-08 15:02:59,614][__main__][INFO] - ✓ [Qwen/Qwen3-235B-A22B-Instruct-2507] Temp=0.0 Rep=1 → Neutro
[2026-05-08 15:03:00,642][__main__][INFO] - ✓ [Qwen/Qwen3-14B] Temp=0.0 Rep=1 → Concordo fortemente
[2026-05-08 15:03:00,807][__main__][INFO] - ✓ [Qwen/Qwen3-14B] Temp=0.0 Rep=1 → Concordo fortemente
[2026-05-08 15:03:00,810][__main__][INFO] - ✓ [Qwen/Qwen3-14B] Temp=0.0 Rep=1 → Concordo fortemente
[2026-05-08 15:03:03,551][__main__][INFO] - ✓ [Qwen/Qwen3-14B] Temp=0.0 Rep=1 → Concordo fortemente
[2026-05-08 15:03:03,811][__main__][INFO] - ✓ [Qwen/Qwen3-14B] Temp=0.0 Rep=1 → Concordo fortemente
[2026-05-08 15:03:04,325][__main__][INFO] - ✓ [Qwen/Qwen3-235B-A22B-Instruct-2507] Temp=0.0 Rep=1 → Discordo
[2026-05-08 15:03:04,546][__main__][INFO] - ✓ [Qwen/Qwen3-32B] Temp=0.0 Rep=1 → Discordo
[2026-05-08 15:03:05,529][__main__][INFO] - ✓ [Qwen/Qwen3-32B] Temp=0.0 Rep=1 → Concordo fortemente
[2026-05-08 15:03:05,627][__main__][INFO] - ✓ [Qwen/Qwen3-235B-A22B-Instruct-2507] Temp=0.0 Rep=1 → Concordo fortemente
[2026-05-08 15:03:06,050][__main__][INFO] - ✓ [Qwen/Qwen3-235B-A22B-Instruct-2507] Temp=0.0 Rep=1 → Concordo fortemente
[2026-05-08 15:03:07,769][__main__][INFO] - ✓ [Qwen/Qwen3-14B] Temp=0.0 Rep=1 → Concordo fortemente
[2026-05-08 15:03:08,422][__main__][INFO] - ✓ [Qwen/Qwen3-14B] Temp=0.0 Rep=1 → Discordo
[2026-05-08 15:03:08,941][__main__][INFO] - Salvamento incremental (960 novas respostas)...
[2026-05-08 15:03:09,003][__main__][INFO] - Cache salvo com 202027 entradas
[2026-05-08 15:03:09,003][__main__][INFO] - ✓ [Qwen/Qwen3-32B] Temp=0.0 Rep=1 → Discordo
[2026-05-08 15:03:09,005][__main__][INFO] - ✓ [Qwen/Qwen3-32B] Temp=0.0 Rep=1 → Concordo fortemente
[2026-05-08 15:03:09,752][__main__][INFO] - ✓ [Qwen/Qwen3-235B-A22B-Instruct-2507] Temp=0.0 Rep=1 → Discordo
[2026-05-08 15:03:09,924][__main__][INFO] - ✓ [Qwen/Qwen3-235B-A22B-Instruct-2507] Temp=0.0 Rep=1 → Concordo fortemente
[2026-05-08 15:03:10,470][__main__][INFO] - ✓ [Qwen/Qwen3-32B] Temp=0.0 Rep=1 → Discordo
[2026-05-08 15:03:11,391][__main__][INFO] - ✓ [Qwen/Qwen3-32B] Temp=0.0 Rep=1 → Concordo fortemente
[2026-05-08 15:03:11,471][__main__][INFO] - ✓ [Qwen/Qwen3-235B-A22B-Instruct-2507] Temp=0.0 Rep=1 → Concordo fortemente
[2026-05-08 15:03:11,707][__main__][INFO] - ✓ [Qwen/Qwen3-14B] Temp=0.0 Rep=1 → Concordo fortemente
[2026-05-08 15:03:12,385][__main__][INFO] - ✓ [Qwen/Qwen3-32B] Temp=0.0 Rep=1 → Concordo fortemente
[2026-05-08 15:03:15,181][__main__][INFO] - ✓ [Qwen/Qwen3-32B] Temp=0.0 Rep=1 → Discordo
[2026-05-08 15:03:16,100][__main__][INFO] - ✓ [Qwen/Qwen3-235B-A22B-Instruct-2507] Temp=0.0 Rep=1 → Discordo
[2026-05-08 15:03:16,536][__main__][INFO] - ✓ [Qwen/Qwen3-14B] Temp=0.0 Rep=1 → Discordo
[2026-05-08 15:03:16,760][__main__][INFO] - ✓ [Qwen/Qwen3-235B-A22B-Instruct-2507] Temp=0.0 Rep=1 → Discordo
[2026-05-08 15:03:17,432][__main__][INFO] - ✓ [Qwen/Qwen3-235B-A22B-Instruct-2507] Temp=0.0 Rep=1 → Neutro
[2026-05-08 15:03:18,363][__main__][INFO] - ✓ [Qwen/Qwen3-32B] Temp=0.0 Rep=1 → Concordo fortemente
[2026-05-08 15:03:19,238][__main__][INFO] - ✓ [Qwen/Qwen3-14B] Temp=0.0 Rep=1 → Discordo
[2026-05-08 15:03:19,994][__main__][INFO] - ✓ [Qwen/Qwen3-14B] Temp=0.0 Rep=1 → Concordo fortemente
[2026-05-08 15:03:20,206][__main__][INFO] - ✓ [Qwen/Qwen3-14B] Temp=0.0 Rep=1 → Concordo fortemente
[2026-05-08 15:03:22,204][__main__][INFO] - ✓ [Qwen/Qwen3-32B] Temp=0.0 Rep=1 → Concordo fortemente
[2026-05-08 15:03:23,010][__main__][INFO] - ✓ [Qwen/Qwen3-32B] Temp=0.0 Rep=1 → Discordo
[2026-05-08 15:03:23,011][__main__][INFO] - ✓ [Qwen/Qwen3-32B] Temp=0.0 Rep=1 → Discordo
[2026-05-08 15:03:23,986][__main__][INFO] - ✓ [Qwen/Qwen3-14B] Temp=0.0 Rep=1 → Concordo fortemente
[2026-05-08 15:03:26,551][__main__][INFO] - ✓ [Qwen/Qwen3-235B-A22B-Instruct-2507] Temp=0.0 Rep=1 → Concordo fortemente
[2026-05-08 15:03:26,552][__main__][INFO] - ✓ [Qwen/Qwen3-32B] Temp=0.0 Rep=1 → Concordo fortemente
[2026-05-08 15:03:26,553][__main__][INFO] - ✓ [Qwen/Qwen3-235B-A22B-Instruct-2507] Temp=0.0 Rep=1 → Concordo fortemente
[2026-05-08 15:03:26,553][__main__][INFO] - ✓ [Qwen/Qwen3-235B-A22B-Instruct-2507] Temp=0.0 Rep=1 → Concordo fortemente
[2026-05-08 15:03:29,004][__main__][INFO] - ✓ [Qwen/Qwen3-14B] Temp=0.0 Rep=1 → Concordo fortemente
[2026-05-08 15:03:30,438][__main__][INFO] - ✓ [Qwen/Qwen3-14B] Temp=0.0 Rep=1 → Neutro
[2026-05-08 15:03:30,561][__main__][INFO] - ✓ [Qwen/Qwen3-14B] Temp=0.0 Rep=1 → Concordo fortemente
[2026-05-08 15:03:30,777][__main__][INFO] - ✓ [Qwen/Qwen3-32B] Temp=0.0 Rep=1 → Concordo fortemente
[2026-05-08 15:03:31,461][__main__][INFO] - ✓ [Qwen/Qwen3-235B-A22B-Instruct-2507] Temp=0.0 Rep=1 → Concordo
[2026-05-08 15:03:31,510][__main__][INFO] - ✓ [Qwen/Qwen3-235B-A22B-Instruct-2507] Temp=0.0 Rep=1 → Concordo fortemente
[2026-05-08 15:03:35,484][__main__][INFO] - ✓ [Qwen/Qwen3-14B] Temp=0.0 Rep=1 → Concordo fortemente
[2026-05-08 15:03:36,583][__main__][INFO] - ✓ [Qwen/Qwen3-14B] Temp=0.0 Rep=1 → Concordo fortemente
[2026-05-08 15:03:36,981][__main__][INFO] - ✓ [Qwen/Qwen3-235B-A22B-Instruct-2507] Temp=0.0 Rep=1 → Concordo fortemente
[2026-05-08 15:03:37,528][__main__][INFO] - ✓ [Qwen/Qwen3-14B] Temp=0.0 Rep=1 → Discordo
[2026-05-08 15:03:38,631][__main__][INFO] - ✓ [Qwen/Qwen3-32B] Temp=0.0 Rep=1 → Concordo fortemente
[2026-05-08 15:03:38,632][__main__][INFO] - ✓ [Qwen/Qwen3-32B] Temp=0.0 Rep=1 → Concordo fortemente
[2026-05-08 15:03:39,309][__main__][INFO] - ✓ [Qwen/Qwen3-235B-A22B-Instruct-2507] Temp=0.0 Rep=1 → Discordo
[2026-05-08 15:03:39,356][__main__][INFO] - ✓ [Qwen/Qwen3-235B-A22B-Instruct-2507] Temp=0.0 Rep=1 → Discordo
[2026-05-08 15:03:39,617][__main__][INFO] - Salvamento incremental (1000 novas respostas)...
[2026-05-08 15:03:39,668][__main__][INFO] - Cache salvo com 202067 entradas
[2026-05-08 15:03:39,668][__main__][INFO] - ✓ [Qwen/Qwen3-32B] Temp=0.0 Rep=1 → Discordo
[2026-05-08 15:03:40,269][__main__][INFO] - ✓ [Qwen/Qwen3-14B] Temp=0.0 Rep=1 → Neutro
[2026-05-08 15:03:40,337][__main__][INFO] - ✓ [Qwen/Qwen3-235B-A22B-Instruct-2507] Temp=0.0 Rep=1 → Discordo
[2026-05-08 15:03:41,910][__main__][INFO] - ✓ [Qwen/Qwen3-14B] Temp=0.0 Rep=1 → Concordo fortemente
[2026-05-08 15:03:44,373][__main__][INFO] - ✓ [Qwen/Qwen3-32B] Temp=0.0 Rep=1 → Concordo fortemente
[2026-05-08 15:03:45,371][__main__][INFO] - ✓ [Qwen/Qwen3-14B] Temp=0.0 Rep=1 → Concordo fortemente
[2026-05-08 15:03:47,336][__main__][INFO] - ✓ [Qwen/Qwen3-14B] Temp=0.0 Rep=1 → Discordo
[2026-05-08 15:03:50,820][__main__][INFO] - ✓ [Qwen/Qwen3-14B] Temp=0.0 Rep=1 → Concordo fortemente
[2026-05-08 15:03:50,821][__main__][INFO] - ✓ [Qwen/Qwen3-32B] Temp=0.0 Rep=1 → Concordo
[2026-05-08 15:03:51,014][__main__][INFO] - Cache salvo com 202075 entradas
[2026-05-08 15:03:51,015][__main__][INFO] - Coleta de dados concluída!
