[2026-05-12 11:57:34,878][__main__][INFO] - Retrieval ativado: store='wiki_faiss_store', top_n=[0, 1, 3, 5], emb_model='google/embeddinggemma-300m'
[2026-05-12 11:57:34,878][__main__][INFO] - Carregadas 56 perguntas de dados/pairs.json
[2026-05-12 11:57:34,924][__main__][INFO] - Cache carregado com 236464 entradas
[2026-05-12 11:57:38,636][__main__][INFO] - ✓ [google/gemma-3-12b-it] Temp=0.0 Rep=1 → Neutro
[2026-05-12 11:57:38,640][__main__][INFO] - ✓ [mistralai/Mixtral-8x7B-Instruct-v0.1] Temp=0.0 Rep=1 → Discordo
[2026-05-12 11:57:38,642][__main__][INFO] - ✓ [mistralai/Mixtral-8x7B-Instruct-v0.1] Temp=0.0 Rep=1 → Concordo fortemente
[2026-05-12 11:57:38,645][__main__][INFO] - ✓ [mistralai/Mixtral-8x7B-Instruct-v0.1] Temp=0.0 Rep=1 → Discordo
[2026-05-12 11:57:38,650][__main__][INFO] - ✓ [google/gemma-3-12b-it] Temp=0.0 Rep=1 → Discordo
[2026-05-12 11:57:38,677][__main__][INFO] - ✓ [google/gemma-3-12b-it] Temp=0.0 Rep=1 → Concordo
[2026-05-12 11:57:38,681][__main__][INFO] - ✓ [mistralai/Mixtral-8x7B-Instruct-v0.1] Temp=0.0 Rep=1 → Neutro
[2026-05-12 11:57:38,698][__main__][INFO] - ✓ [mistralai/Mixtral-8x7B-Instruct-v0.1] Temp=0.0 Rep=1 → Discordo fortemente
[2026-05-12 11:57:38,708][__main__][INFO] - ✓ [google/gemma-3-12b-it] Temp=0.0 Rep=1 → Concordo fortemente
[2026-05-12 11:57:38,713][__main__][INFO] - ✓ [mistralai/Mixtral-8x7B-Instruct-v0.1] Temp=0.0 Rep=1 → Concordo fortemente
[2026-05-12 11:57:39,060][__main__][INFO] - ✓ [mistralai/Mixtral-8x7B-Instruct-v0.1] Temp=0.0 Rep=1 → Concordo
[2026-05-12 11:57:39,061][__main__][INFO] - ✓ [mistralai/Mixtral-8x7B-Instruct-v0.1] Temp=0.0 Rep=1 → Concordo fortemente
[2026-05-12 11:57:39,062][__main__][INFO] - ✓ [mistralai/Mixtral-8x7B-Instruct-v0.1] Temp=0.0 Rep=1 → Concordo fortemente
[2026-05-12 11:57:39,069][__main__][INFO] - ✓ [mistralai/Mixtral-8x7B-Instruct-v0.1] Temp=0.0 Rep=1 → Neutro
[2026-05-12 11:57:39,070][__main__][INFO] - ✓ [mistralai/Mixtral-8x7B-Instruct-v0.1] Temp=0.0 Rep=1 → Concordo fortemente
[2026-05-12 11:57:39,116][__main__][INFO] - ✓ [google/gemma-3-12b-it] Temp=0.0 Rep=1 → Discordo
[2026-05-12 11:57:39,223][__main__][INFO] - ✓ [mistralai/Mixtral-8x7B-Instruct-v0.1] Temp=0.0 Rep=1 → Discordo fortemente
[2026-05-12 11:57:39,236][__main__][INFO] - ✓ [google/gemma-3-12b-it] Temp=0.0 Rep=1 → Neutro
[2026-05-12 11:57:39,261][__main__][INFO] - ✓ [google/gemma-3-12b-it] Temp=0.0 Rep=1 → Concordo fortemente
[2026-05-12 11:57:39,264][__main__][INFO] - ✓ [google/gemma-3-12b-it] Temp=0.0 Rep=1 → Concordo
[2026-05-12 11:57:39,376][__main__][INFO] - ✓ [mistralai/Mixtral-8x7B-Instruct-v0.1] Temp=0.0 Rep=1 → Concordo
[2026-05-12 11:57:39,392][__main__][INFO] - ✓ [mistralai/Mixtral-8x7B-Instruct-v0.1] Temp=0.0 Rep=1 → Concordo fortemente
[2026-05-12 11:57:39,456][__main__][INFO] - ✓ [mistralai/Mixtral-8x7B-Instruct-v0.1] Temp=0.0 Rep=1 → Concordo fortemente
[2026-05-12 11:57:39,574][__main__][INFO] - ✓ [google/gemma-3-12b-it] Temp=0.0 Rep=1 → Neutro
[2026-05-12 11:57:39,578][__main__][INFO] - ✓ [google/gemma-3-12b-it] Temp=0.0 Rep=1 → Concordo fortemente
[2026-05-12 11:57:39,579][__main__][INFO] - ✓ [google/gemma-3-12b-it] Temp=0.0 Rep=1 → Concordo fortemente
[2026-05-12 11:57:39,580][__main__][INFO] - ✓ [mistralai/Mixtral-8x7B-Instruct-v0.1] Temp=0.0 Rep=1 → Discordo fortemente
[2026-05-12 11:57:39,684][__main__][INFO] - ✓ [google/gemma-3-12b-it] Temp=0.0 Rep=1 → Neutro
[2026-05-12 11:57:39,685][__main__][INFO] - ✓ [google/gemma-3-12b-it] Temp=0.0 Rep=1 → Discordo
[2026-05-12 11:57:39,691][__main__][INFO] - ✓ [google/gemma-3-12b-it] Temp=0.0 Rep=1 → Concordo
[2026-05-12 11:57:39,697][__main__][INFO] - ✓ [mistralai/Mixtral-8x7B-Instruct-v0.1] Temp=0.0 Rep=1 → Concordo fortemente
[2026-05-12 11:57:39,709][__main__][INFO] - ✓ [mistralai/Mixtral-8x7B-Instruct-v0.1] Temp=0.0 Rep=1 → Discordo fortemente
[2026-05-12 11:57:39,789][__main__][INFO] - ✓ [google/gemma-3-12b-it] Temp=0.0 Rep=1 → Discordo
[2026-05-12 11:57:39,917][__main__][INFO] - ✓ [mistralai/Mixtral-8x7B-Instruct-v0.1] Temp=0.0 Rep=1 → Concordo fortemente
[2026-05-12 11:57:39,921][__main__][INFO] - ✓ [mistralai/Mixtral-8x7B-Instruct-v0.1] Temp=0.0 Rep=1 → Discordo fortemente
[2026-05-12 11:57:39,932][__main__][INFO] - ✓ [google/gemma-3-12b-it] Temp=0.0 Rep=1 → Neutro
[2026-05-12 11:57:40,103][__main__][INFO] - ✓ [mistralai/Mixtral-8x7B-Instruct-v0.1] Temp=0.0 Rep=1 → Discordo fortemente
[2026-05-12 11:57:40,104][__main__][INFO] - ✓ [mistralai/Mixtral-8x7B-Instruct-v0.1] Temp=0.0 Rep=1 → Neutro
[2026-05-12 11:57:40,106][__main__][INFO] - ✓ [google/gemma-3-12b-it] Temp=0.0 Rep=1 → Discordo
[2026-05-12 11:57:40,106][__main__][INFO] - Salvamento incremental (40 novas respostas)...
[2026-05-12 11:57:40,158][__main__][INFO] - Cache salvo com 236504 entradas
[2026-05-12 11:57:40,158][__main__][INFO] - ✓ [mistralai/Mixtral-8x7B-Instruct-v0.1] Temp=0.0 Rep=1 → Concordo
[2026-05-12 11:57:40,163][__main__][INFO] - ✓ [google/gemma-3-12b-it] Temp=0.0 Rep=1 → Concordo
[2026-05-12 11:57:40,191][__main__][INFO] - ✓ [mistralai/Mixtral-8x7B-Instruct-v0.1] Temp=0.0 Rep=1 → Discordo
[2026-05-12 11:57:40,196][__main__][INFO] - ✓ [google/gemma-3-12b-it] Temp=0.0 Rep=1 → Discordo fortemente
[2026-05-12 11:57:40,203][__main__][INFO] - ✓ [google/gemma-3-12b-it] Temp=0.0 Rep=1 → Concordo fortemente
[2026-05-12 11:57:40,280][__main__][INFO] - ✓ [google/gemma-3-12b-it] Temp=0.0 Rep=1 → Neutro
[2026-05-12 11:57:40,350][__main__][INFO] - ✓ [google/gemma-3-12b-it] Temp=0.0 Rep=1 → Concordo fortemente
[2026-05-12 11:57:40,479][__main__][INFO] - ✓ [mistralai/Mixtral-8x7B-Instruct-v0.1] Temp=0.0 Rep=1 → Concordo fortemente
[2026-05-12 11:57:40,502][__main__][INFO] - ✓ [mistralai/Mixtral-8x7B-Instruct-v0.1] Temp=0.0 Rep=1 → Discordo
[2026-05-12 11:57:40,508][__main__][INFO] - ✓ [mistralai/Mixtral-8x7B-Instruct-v0.1] Temp=0.0 Rep=1 → Concordo fortemente
[2026-05-12 11:57:40,536][__main__][INFO] - ✓ [mistralai/Mixtral-8x7B-Instruct-v0.1] Temp=0.0 Rep=1 → Concordo fortemente
[2026-05-12 11:57:40,632][__main__][INFO] - ✓ [mistralai/Mixtral-8x7B-Instruct-v0.1] Temp=0.0 Rep=1 → Discordo
[2026-05-12 11:57:40,641][__main__][INFO] - ✓ [google/gemma-3-12b-it] Temp=0.0 Rep=1 → Neutro
[2026-05-12 11:57:40,641][__main__][INFO] - ✓ [google/gemma-3-12b-it] Temp=0.0 Rep=1 → Concordo
[2026-05-12 11:57:40,644][__main__][INFO] - ✓ [mistralai/Mixtral-8x7B-Instruct-v0.1] Temp=0.0 Rep=1 → Concordo fortemente
[2026-05-12 11:57:40,709][__main__][INFO] - ✓ [google/gemma-3-12b-it] Temp=0.0 Rep=1 → Neutro
[2026-05-12 11:57:40,719][__main__][INFO] - ✓ [google/gemma-3-12b-it] Temp=0.0 Rep=1 → Concordo fortemente
[2026-05-12 11:57:40,801][__main__][INFO] - ✓ [google/gemma-3-12b-it] Temp=0.0 Rep=1 → Discordo
[2026-05-12 11:57:40,914][__main__][INFO] - ✓ [mistralai/Mixtral-8x7B-Instruct-v0.1] Temp=0.0 Rep=1 → Concordo fortemente
[2026-05-12 11:57:40,918][__main__][INFO] - ✓ [google/gemma-3-12b-it] Temp=0.0 Rep=1 → Concordo fortemente
[2026-05-12 11:57:40,921][__main__][INFO] - ✓ [google/gemma-3-12b-it] Temp=0.0 Rep=1 → Concordo fortemente
[2026-05-12 11:57:40,925][__main__][INFO] - ✓ [mistralai/Mixtral-8x7B-Instruct-v0.1] Temp=0.0 Rep=1 → Concordo
[2026-05-12 11:57:40,928][__main__][INFO] - ✓ [mistralai/Mixtral-8x7B-Instruct-v0.1] Temp=0.0 Rep=1 → Concordo
[2026-05-12 11:57:41,016][__main__][INFO] - ✓ [mistralai/Mixtral-8x7B-Instruct-v0.1] Temp=0.0 Rep=1 → Discordo fortemente
[2026-05-12 11:57:41,149][__main__][INFO] - ✓ [mistralai/Mixtral-8x7B-Instruct-v0.1] Temp=0.0 Rep=1 → Concordo
[2026-05-12 11:57:41,153][__main__][INFO] - ✓ [google/gemma-3-12b-it] Temp=0.0 Rep=1 → Discordo
[2026-05-12 11:57:41,153][__main__][INFO] - ✓ [google/gemma-3-12b-it] Temp=0.0 Rep=1 → Concordo fortemente
[2026-05-12 11:57:41,154][__main__][INFO] - ✓ [google/gemma-3-12b-it] Temp=0.0 Rep=1 → Discordo
[2026-05-12 11:57:41,204][__main__][INFO] - ✓ [mistralai/Mixtral-8x7B-Instruct-v0.1] Temp=0.0 Rep=1 → Discordo
[2026-05-12 11:57:41,229][__main__][INFO] - ✓ [mistralai/Mixtral-8x7B-Instruct-v0.1] Temp=0.0 Rep=1 → Discordo fortemente
[2026-05-12 11:57:41,285][__main__][INFO] - ✓ [mistralai/Mixtral-8x7B-Instruct-v0.1] Temp=0.0 Rep=1 → Concordo
[2026-05-12 11:57:41,296][__main__][INFO] - ✓ [google/gemma-3-12b-it] Temp=0.0 Rep=1 → Discordo
[2026-05-12 11:57:41,331][__main__][INFO] - ✓ [google/gemma-3-12b-it] Temp=0.0 Rep=1 → Discordo
[2026-05-12 11:57:41,359][__main__][INFO] - ✓ [google/gemma-3-12b-it] Temp=0.0 Rep=1 → Concordo
[2026-05-12 11:57:41,451][__main__][INFO] - ✓ [mistralai/Mixtral-8x7B-Instruct-v0.1] Temp=0.0 Rep=1 → Discordo
[2026-05-12 11:57:41,554][__main__][INFO] - ✓ [google/gemma-3-12b-it] Temp=0.0 Rep=1 → Concordo
[2026-05-12 11:57:41,558][__main__][INFO] - ✓ [mistralai/Mixtral-8x7B-Instruct-v0.1] Temp=0.0 Rep=1 → Concordo fortemente
[2026-05-12 11:57:41,558][__main__][INFO] - ✓ [google/gemma-3-12b-it] Temp=0.0 Rep=1 → Discordo fortemente
[2026-05-12 11:57:41,575][__main__][INFO] - ✓ [mistralai/Mixtral-8x7B-Instruct-v0.1] Temp=0.0 Rep=1 → Discordo
[2026-05-12 11:57:41,673][__main__][INFO] - ✓ [mistralai/Mixtral-8x7B-Instruct-v0.1] Temp=0.0 Rep=1 → Concordo fortemente
[2026-05-12 11:57:41,676][__main__][INFO] - Salvamento incremental (80 novas respostas)...
[2026-05-12 11:57:41,726][__main__][INFO] - Cache salvo com 236544 entradas
[2026-05-12 11:57:41,726][__main__][INFO] - ✓ [google/gemma-3-12b-it] Temp=0.0 Rep=1 → Concordo fortemente
[2026-05-12 11:57:41,744][__main__][INFO] - ✓ [mistralai/Mixtral-8x7B-Instruct-v0.1] Temp=0.0 Rep=1 → Concordo fortemente
[2026-05-12 11:57:41,848][__main__][INFO] - ✓ [mistralai/Mixtral-8x7B-Instruct-v0.1] Temp=0.0 Rep=1 → Concordo
[2026-05-12 11:57:41,853][__main__][INFO] - ✓ [mistralai/Mixtral-8x7B-Instruct-v0.1] Temp=0.0 Rep=1 → Concordo
[2026-05-12 11:57:42,000][__main__][INFO] - ✓ [google/gemma-3-12b-it] Temp=0.0 Rep=1 → Discordo
[2026-05-12 11:57:42,013][__main__][INFO] - ✓ [mistralai/Mixtral-8x7B-Instruct-v0.1] Temp=0.0 Rep=1 → Discordo fortemente
[2026-05-12 11:57:42,028][__main__][INFO] - ✓ [mistralai/Mixtral-8x7B-Instruct-v0.1] Temp=0.0 Rep=1 → Concordo fortemente
[2026-05-12 11:57:42,033][__main__][INFO] - ✓ [google/gemma-3-12b-it] Temp=0.0 Rep=1 → Concordo fortemente
[2026-05-12 11:57:42,056][__main__][INFO] - ✓ [google/gemma-3-12b-it] Temp=0.0 Rep=1 → Concordo fortemente
[2026-05-12 11:57:42,059][__main__][INFO] - ✓ [google/gemma-3-12b-it] Temp=0.0 Rep=1 → Concordo
[2026-05-12 11:57:42,208][__main__][INFO] - ✓ [google/gemma-3-12b-it] Temp=0.0 Rep=1 → Discordo fortemente
[2026-05-12 11:57:42,208][__main__][INFO] - ✓ [mistralai/Mixtral-8x7B-Instruct-v0.1] Temp=0.0 Rep=1 → Neutro
[2026-05-12 11:57:42,209][__main__][INFO] - ✓ [google/gemma-3-12b-it] Temp=0.0 Rep=1 → Neutro
[2026-05-12 11:57:42,331][__main__][INFO] - ✓ [mistralai/Mixtral-8x7B-Instruct-v0.1] Temp=0.0 Rep=1 → Discordo
[2026-05-12 11:57:42,351][__main__][INFO] - ✓ [mistralai/Mixtral-8x7B-Instruct-v0.1] Temp=0.0 Rep=1 → Neutro
[2026-05-12 11:57:42,354][__main__][INFO] - ✓ [mistralai/Mixtral-8x7B-Instruct-v0.1] Temp=0.0 Rep=1 → Concordo fortemente
[2026-05-12 11:57:42,436][__main__][INFO] - ✓ [google/gemma-3-12b-it] Temp=0.0 Rep=1 → Neutro
[2026-05-12 11:57:42,440][__main__][INFO] - ✓ [google/gemma-3-12b-it] Temp=0.0 Rep=1 → Discordo
[2026-05-12 11:57:42,538][__main__][INFO] - ✓ [mistralai/Mixtral-8x7B-Instruct-v0.1] Temp=0.0 Rep=1 → Concordo fortemente
[2026-05-12 11:57:42,551][__main__][INFO] - ✓ [google/gemma-3-12b-it] Temp=0.0 Rep=1 → Concordo fortemente
[2026-05-12 11:57:42,612][__main__][INFO] - ✓ [mistralai/Mixtral-8x7B-Instruct-v0.1] Temp=0.0 Rep=1 → Discordo
[2026-05-12 11:57:42,725][__main__][INFO] - ✓ [mistralai/Mixtral-8x7B-Instruct-v0.1] Temp=0.0 Rep=1 → Neutro
[2026-05-12 11:57:42,725][__main__][INFO] - ✓ [google/gemma-3-12b-it] Temp=0.0 Rep=1 → Concordo fortemente
[2026-05-12 11:57:42,740][__main__][INFO] - ✓ [google/gemma-3-12b-it] Temp=0.0 Rep=1 → Discordo
[2026-05-12 11:57:42,868][__main__][INFO] - ✓ [google/gemma-3-12b-it] Temp=0.0 Rep=1 → Neutro
[2026-05-12 11:57:42,891][__main__][INFO] - ✓ [mistralai/Mixtral-8x7B-Instruct-v0.1] Temp=0.0 Rep=1 → Concordo fortemente
[2026-05-12 11:57:42,895][__main__][INFO] - ✓ [mistralai/Mixtral-8x7B-Instruct-v0.1] Temp=0.0 Rep=1 → Discordo fortemente
[2026-05-12 11:57:42,995][__main__][INFO] - ✓ [google/gemma-3-12b-it] Temp=0.0 Rep=1 → Discordo fortemente
[2026-05-12 11:57:42,999][__main__][INFO] - ✓ [google/gemma-3-12b-it] Temp=0.0 Rep=1 → Neutro
[2026-05-12 11:57:43,021][__main__][INFO] - ✓ [google/gemma-3-12b-it] Temp=0.0 Rep=1 → Concordo
[2026-05-12 11:57:43,047][__main__][INFO] - ✓ [mistralai/Mixtral-8x7B-Instruct-v0.1] Temp=0.0 Rep=1 → Neutro
[2026-05-12 11:57:43,244][__main__][INFO] - ✓ [google/gemma-3-12b-it] Temp=0.0 Rep=1 → Discordo
[2026-05-12 11:57:43,248][__main__][INFO] - ✓ [google/gemma-3-12b-it] Temp=0.0 Rep=1 → Neutro
[2026-05-12 11:57:43,249][__main__][INFO] - ✓ [google/gemma-3-12b-it] Temp=0.0 Rep=1 → Concordo fortemente
[2026-05-12 11:57:43,250][__main__][INFO] - ✓ [mistralai/Mixtral-8x7B-Instruct-v0.1] Temp=0.0 Rep=1 → Concordo fortemente
[2026-05-12 11:57:43,250][__main__][INFO] - ✓ [mistralai/Mixtral-8x7B-Instruct-v0.1] Temp=0.0 Rep=1 → Discordo fortemente
[2026-05-12 11:57:43,257][__main__][INFO] - ✓ [mistralai/Mixtral-8x7B-Instruct-v0.1] Temp=0.0 Rep=1 → Neutro
[2026-05-12 11:57:43,403][__main__][INFO] - ✓ [google/gemma-3-12b-it] Temp=0.0 Rep=1 → Concordo
[2026-05-12 11:57:43,404][__main__][INFO] - ✓ [mistralai/Mixtral-8x7B-Instruct-v0.1] Temp=0.0 Rep=1 → Discordo fortemente
[2026-05-12 11:57:43,435][__main__][INFO] - ✓ [google/gemma-3-12b-it] Temp=0.0 Rep=1 → Discordo fortemente
[2026-05-12 11:57:43,461][__main__][INFO] - Salvamento incremental (120 novas respostas)...
[2026-05-12 11:57:43,507][__main__][INFO] - Cache salvo com 236584 entradas
[2026-05-12 11:57:43,507][__main__][INFO] - ✓ [google/gemma-3-12b-it] Temp=0.0 Rep=1 → Discordo fortemente
[2026-05-12 11:57:43,583][__main__][INFO] - ✓ [mistralai/Mixtral-8x7B-Instruct-v0.1] Temp=0.0 Rep=1 → Discordo fortemente
[2026-05-12 11:57:43,638][__main__][INFO] - ✓ [mistralai/Mixtral-8x7B-Instruct-v0.1] Temp=0.0 Rep=1 → Discordo fortemente
[2026-05-12 11:57:43,769][__main__][INFO] - ✓ [mistralai/Mixtral-8x7B-Instruct-v0.1] Temp=0.0 Rep=1 → Discordo fortemente
[2026-05-12 11:57:43,774][__main__][INFO] - ✓ [mistralai/Mixtral-8x7B-Instruct-v0.1] Temp=0.0 Rep=1 → Discordo fortemente
[2026-05-12 11:57:43,774][__main__][INFO] - ✓ [mistralai/Mixtral-8x7B-Instruct-v0.1] Temp=0.0 Rep=1 → Discordo fortemente
[2026-05-12 11:57:43,775][__main__][INFO] - ✓ [google/gemma-3-12b-it] Temp=0.0 Rep=1 → Concordo
[2026-05-12 11:57:43,776][__main__][INFO] - ✓ [google/gemma-3-12b-it] Temp=0.0 Rep=1 → Discordo fortemente
[2026-05-12 11:57:43,777][__main__][INFO] - ✓ [google/gemma-3-12b-it] Temp=0.0 Rep=1 → Discordo fortemente
[2026-05-12 11:57:43,934][__main__][INFO] - ✓ [google/gemma-3-12b-it] Temp=0.0 Rep=1 → Concordo fortemente
[2026-05-12 11:57:43,951][__main__][INFO] - ✓ [mistralai/Mixtral-8x7B-Instruct-v0.1] Temp=0.0 Rep=1 → Concordo fortemente
[2026-05-12 11:57:43,968][__main__][INFO] - ✓ [google/gemma-3-12b-it] Temp=0.0 Rep=1 → Neutro
[2026-05-12 11:57:44,006][__main__][INFO] - ✓ [google/gemma-3-12b-it] Temp=0.0 Rep=1 → Discordo fortemente
[2026-05-12 11:57:44,159][__main__][INFO] - ✓ [google/gemma-3-12b-it] Temp=0.0 Rep=1 → Concordo fortemente
[2026-05-12 11:57:44,184][__main__][INFO] - ✓ [google/gemma-3-12b-it] Temp=0.0 Rep=1 → Concordo
[2026-05-12 11:57:44,187][__main__][INFO] - ✓ [google/gemma-3-12b-it] Temp=0.0 Rep=1 → Concordo
[2026-05-12 11:57:44,302][__main__][INFO] - ✓ [mistralai/Mixtral-8x7B-Instruct-v0.1] Temp=0.0 Rep=1 → Discordo
[2026-05-12 11:57:44,302][__main__][INFO] - ✓ [mistralai/Mixtral-8x7B-Instruct-v0.1] Temp=0.0 Rep=1 → Concordo
[2026-05-12 11:57:44,306][__main__][INFO] - ✓ [mistralai/Mixtral-8x7B-Instruct-v0.1] Temp=0.0 Rep=1 → Concordo fortemente
[2026-05-12 11:57:44,307][__main__][INFO] - ✓ [mistralai/Mixtral-8x7B-Instruct-v0.1] Temp=0.0 Rep=1 → Neutro
[2026-05-12 11:57:44,310][__main__][INFO] - ✓ [mistralai/Mixtral-8x7B-Instruct-v0.1] Temp=0.0 Rep=1 → Concordo fortemente
[2026-05-12 11:57:44,459][__main__][INFO] - ✓ [mistralai/Mixtral-8x7B-Instruct-v0.1] Temp=0.0 Rep=1 → Concordo
[2026-05-12 11:57:44,476][__main__][INFO] - ✓ [google/gemma-3-12b-it] Temp=0.0 Rep=1 → Concordo fortemente
[2026-05-12 11:57:44,483][__main__][INFO] - ✓ [mistralai/Mixtral-8x7B-Instruct-v0.1] Temp=0.0 Rep=1 → Concordo fortemente
[2026-05-12 11:57:44,496][__main__][INFO] - ✓ [google/gemma-3-12b-it] Temp=0.0 Rep=1 → Concordo
[2026-05-12 11:57:44,570][__main__][INFO] - ✓ [google/gemma-3-12b-it] Temp=0.0 Rep=1 → Concordo
[2026-05-12 11:57:44,588][__main__][INFO] - ✓ [mistralai/Mixtral-8x7B-Instruct-v0.1] Temp=0.0 Rep=1 → Concordo fortemente
[2026-05-12 11:57:44,592][__main__][INFO] - ✓ [mistralai/Mixtral-8x7B-Instruct-v0.1] Temp=0.0 Rep=1 → Concordo fortemente
[2026-05-12 11:57:44,716][__main__][INFO] - ✓ [mistralai/Mixtral-8x7B-Instruct-v0.1] Temp=0.0 Rep=1 → Concordo
[2026-05-12 11:57:44,862][__main__][INFO] - ✓ [google/gemma-3-12b-it] Temp=0.0 Rep=1 → Concordo
[2026-05-12 11:57:44,863][__main__][INFO] - ✓ [google/gemma-3-12b-it] Temp=0.0 Rep=1 → Concordo
[2026-05-12 11:57:44,867][__main__][INFO] - ✓ [mistralai/Mixtral-8x7B-Instruct-v0.1] Temp=0.0 Rep=1 → Discordo fortemente
[2026-05-12 11:57:44,873][__main__][INFO] - ✓ [mistralai/Mixtral-8x7B-Instruct-v0.1] Temp=0.0 Rep=1 → Discordo fortemente
[2026-05-12 11:57:44,929][__main__][INFO] - ✓ [google/gemma-3-12b-it] Temp=0.0 Rep=1 → Concordo fortemente
[2026-05-12 11:57:44,976][__main__][INFO] - ✓ [google/gemma-3-12b-it] Temp=0.0 Rep=1 → Concordo
[2026-05-12 11:57:44,984][__main__][INFO] - ✓ [google/gemma-3-12b-it] Temp=0.0 Rep=1 → Discordo fortemente
[2026-05-12 11:57:44,986][__main__][INFO] - ✓ [mistralai/Mixtral-8x7B-Instruct-v0.1] Temp=0.0 Rep=1 → Discordo fortemente
[2026-05-12 11:57:45,080][__main__][INFO] - ✓ [mistralai/Mixtral-8x7B-Instruct-v0.1] Temp=0.0 Rep=1 → Concordo fortemente
[2026-05-12 11:57:45,106][__main__][INFO] - ✓ [google/gemma-3-12b-it] Temp=0.0 Rep=1 → Discordo fortemente
[2026-05-12 11:57:45,179][__main__][INFO] - ✓ [mistralai/Mixtral-8x7B-Instruct-v0.1] Temp=0.0 Rep=1 → Discordo fortemente
[2026-05-12 11:57:45,231][__main__][INFO] - Salvamento incremental (160 novas respostas)...
[2026-05-12 11:57:45,281][__main__][INFO] - Cache salvo com 236624 entradas
[2026-05-12 11:57:45,281][__main__][INFO] - ✓ [mistralai/Mixtral-8x7B-Instruct-v0.1] Temp=0.0 Rep=1 → Concordo fortemente
[2026-05-12 11:57:45,340][__main__][INFO] - ✓ [mistralai/Mixtral-8x7B-Instruct-v0.1] Temp=0.0 Rep=1 → Neutro
[2026-05-12 11:57:45,363][__main__][INFO] - ✓ [google/gemma-3-12b-it] Temp=0.0 Rep=1 → Neutro
[2026-05-12 11:57:45,372][__main__][INFO] - ✓ [mistralai/Mixtral-8x7B-Instruct-v0.1] Temp=0.0 Rep=1 → Concordo fortemente
[2026-05-12 11:57:45,452][__main__][INFO] - ✓ [google/gemma-3-12b-it] Temp=0.0 Rep=1 → Concordo
[2026-05-12 11:57:45,454][__main__][INFO] - ✓ [mistralai/Mixtral-8x7B-Instruct-v0.1] Temp=0.0 Rep=1 → Discordo
[2026-05-12 11:57:45,504][__main__][INFO] - ✓ [google/gemma-3-12b-it] Temp=0.0 Rep=1 → Neutro
[2026-05-12 11:57:45,622][__main__][INFO] - ✓ [mistralai/Mixtral-8x7B-Instruct-v0.1] Temp=0.0 Rep=1 → Neutro
[2026-05-12 11:57:45,687][__main__][INFO] - ✓ [google/gemma-3-12b-it] Temp=0.0 Rep=1 → Neutro
[2026-05-12 11:57:45,694][__main__][INFO] - ✓ [google/gemma-3-12b-it] Temp=0.0 Rep=1 → Neutro
[2026-05-12 11:57:45,734][__main__][INFO] - ✓ [google/gemma-3-12b-it] Temp=0.0 Rep=1 → Discordo fortemente
[2026-05-12 11:57:45,767][__main__][INFO] - ✓ [google/gemma-3-12b-it] Temp=0.0 Rep=1 → Concordo fortemente
[2026-05-12 11:57:45,874][__main__][INFO] - ✓ [mistralai/Mixtral-8x7B-Instruct-v0.1] Temp=0.0 Rep=1 → Discordo fortemente
[2026-05-12 11:57:45,875][__main__][INFO] - ✓ [mistralai/Mixtral-8x7B-Instruct-v0.1] Temp=0.0 Rep=1 → Concordo
[2026-05-12 11:57:45,876][__main__][INFO] - ✓ [google/gemma-3-12b-it] Temp=0.0 Rep=1 → Concordo
[2026-05-12 11:57:45,876][__main__][INFO] - ✓ [google/gemma-3-12b-it] Temp=0.0 Rep=1 → Discordo fortemente
[2026-05-12 11:57:45,882][__main__][INFO] - ✓ [mistralai/Mixtral-8x7B-Instruct-v0.1] Temp=0.0 Rep=1 → Discordo fortemente
[2026-05-12 11:57:46,044][__main__][INFO] - ✓ [google/gemma-3-12b-it] Temp=0.0 Rep=1 → Neutro
[2026-05-12 11:57:46,061][__main__][INFO] - ✓ [mistralai/Mixtral-8x7B-Instruct-v0.1] Temp=0.0 Rep=1 → Concordo fortemente
[2026-05-12 11:57:46,069][__main__][INFO] - ✓ [mistralai/Mixtral-8x7B-Instruct-v0.1] Temp=0.0 Rep=1 → Neutro
[2026-05-12 11:57:46,119][__main__][INFO] - ✓ [google/gemma-3-12b-it] Temp=0.0 Rep=1 → Concordo fortemente
[2026-05-12 11:57:46,174][__main__][INFO] - ✓ [mistralai/Mixtral-8x7B-Instruct-v0.1] Temp=0.0 Rep=1 → Discordo fortemente
[2026-05-12 11:57:46,226][__main__][INFO] - ✓ [google/gemma-3-12b-it] Temp=0.0 Rep=1 → Discordo fortemente
[2026-05-12 11:57:46,460][__main__][INFO] - ✓ [mistralai/Mixtral-8x7B-Instruct-v0.1] Temp=0.0 Rep=1 → Concordo fortemente
[2026-05-12 11:57:46,494][__main__][INFO] - ✓ [google/gemma-3-12b-it] Temp=0.0 Rep=1 → Neutro
[2026-05-12 11:57:46,515][__main__][INFO] - ✓ [mistralai/Mixtral-8x7B-Instruct-v0.1] Temp=0.0 Rep=1 → Neutro
[2026-05-12 11:57:46,541][__main__][INFO] - ✓ [mistralai/Mixtral-8x7B-Instruct-v0.1] Temp=0.0 Rep=1 → Neutro
[2026-05-12 11:57:46,549][__main__][INFO] - ✓ [mistralai/Mixtral-8x7B-Instruct-v0.1] Temp=0.0 Rep=1 → Concordo fortemente
[2026-05-12 11:57:46,639][__main__][INFO] - ✓ [google/gemma-3-12b-it] Temp=0.0 Rep=1 → Neutro
[2026-05-12 11:57:46,643][__main__][INFO] - ✓ [google/gemma-3-12b-it] Temp=0.0 Rep=1 → Concordo
[2026-05-12 11:57:46,646][__main__][INFO] - ✓ [google/gemma-3-12b-it] Temp=0.0 Rep=1 → Neutro
[2026-05-12 11:57:46,665][__main__][INFO] - ✓ [google/gemma-3-12b-it] Temp=0.0 Rep=1 → Concordo
[2026-05-12 11:57:46,691][__main__][INFO] - ✓ [google/gemma-3-12b-it] Temp=0.0 Rep=1 → Concordo fortemente
[2026-05-12 11:57:46,730][__main__][INFO] - ✓ [mistralai/Mixtral-8x7B-Instruct-v0.1] Temp=0.0 Rep=1 → Discordo
[2026-05-12 11:57:46,820][__main__][INFO] - ✓ [mistralai/Mixtral-8x7B-Instruct-v0.1] Temp=0.0 Rep=1 → Neutro
[2026-05-12 11:57:46,927][__main__][INFO] - ✓ [google/gemma-3-12b-it] Temp=0.0 Rep=1 → Discordo fortemente
[2026-05-12 11:57:46,929][__main__][INFO] - ✓ [mistralai/Mixtral-8x7B-Instruct-v0.1] Temp=0.0 Rep=1 → Discordo
[2026-05-12 11:57:46,935][__main__][INFO] - ✓ [mistralai/Mixtral-8x7B-Instruct-v0.1] Temp=0.0 Rep=1 → Concordo fortemente
[2026-05-12 11:57:46,937][__main__][INFO] - ✓ [mistralai/Mixtral-8x7B-Instruct-v0.1] Temp=0.0 Rep=1 → Discordo fortemente
[2026-05-12 11:57:46,972][__main__][INFO] - ✓ [google/gemma-3-12b-it] Temp=0.0 Rep=1 → Concordo fortemente
[2026-05-12 11:57:47,197][__main__][INFO] - Salvamento incremental (200 novas respostas)...
[2026-05-12 11:57:47,246][__main__][INFO] - Cache salvo com 236664 entradas
[2026-05-12 11:57:47,246][__main__][INFO] - ✓ [mistralai/Mixtral-8x7B-Instruct-v0.1] Temp=0.0 Rep=1 → Concordo
[2026-05-12 11:57:47,248][__main__][INFO] - ✓ [mistralai/Mixtral-8x7B-Instruct-v0.1] Temp=0.0 Rep=1 → Concordo fortemente
[2026-05-12 11:57:47,248][__main__][INFO] - ✓ [google/gemma-3-12b-it] Temp=0.0 Rep=1 → Discordo
[2026-05-12 11:57:47,249][__main__][INFO] - ✓ [mistralai/Mixtral-8x7B-Instruct-v0.1] Temp=0.0 Rep=1 → Concordo fortemente
[2026-05-12 11:57:47,305][__main__][INFO] - ✓ [google/gemma-3-12b-it] Temp=0.0 Rep=1 → Concordo
[2026-05-12 11:57:47,326][__main__][INFO] - ✓ [google/gemma-3-12b-it] Temp=0.0 Rep=1 → Concordo fortemente
[2026-05-12 11:57:47,439][__main__][INFO] - ✓ [google/gemma-3-12b-it] Temp=0.0 Rep=1 → Discordo fortemente
[2026-05-12 11:57:47,442][__main__][INFO] - ✓ [google/gemma-3-12b-it] Temp=0.0 Rep=1 → Discordo fortemente
[2026-05-12 11:57:47,443][__main__][INFO] - ✓ [google/gemma-3-12b-it] Temp=0.0 Rep=1 → Concordo fortemente
[2026-05-12 11:57:47,540][__main__][INFO] - ✓ [mistralai/Mixtral-8x7B-Instruct-v0.1] Temp=0.0 Rep=1 → Discordo fortemente
[2026-05-12 11:57:47,543][__main__][INFO] - ✓ [mistralai/Mixtral-8x7B-Instruct-v0.1] Temp=0.0 Rep=1 → Concordo fortemente
[2026-05-12 11:57:47,546][__main__][INFO] - ✓ [google/gemma-3-12b-it] Temp=0.0 Rep=1 → Discordo fortemente
[2026-05-12 11:57:47,550][__main__][INFO] - ✓ [mistralai/Mixtral-8x7B-Instruct-v0.1] Temp=0.0 Rep=1 → Discordo
[2026-05-12 11:57:47,607][__main__][INFO] - ✓ [google/gemma-3-12b-it] Temp=0.0 Rep=1 → Discordo
[2026-05-12 11:57:47,655][__main__][INFO] - ✓ [google/gemma-3-12b-it] Temp=0.0 Rep=1 → Concordo
[2026-05-12 11:57:47,719][__main__][INFO] - ✓ [google/gemma-3-12b-it] Temp=0.0 Rep=1 → Concordo fortemente
[2026-05-12 11:57:47,735][__main__][INFO] - ✓ [mistralai/Mixtral-8x7B-Instruct-v0.1] Temp=0.0 Rep=1 → Concordo fortemente
[2026-05-12 11:57:47,744][__main__][INFO] - ✓ [mistralai/Mixtral-8x7B-Instruct-v0.1] Temp=0.0 Rep=1 → Concordo fortemente
[2026-05-12 11:57:47,754][__main__][INFO] - ✓ [mistralai/Mixtral-8x7B-Instruct-v0.1] Temp=0.0 Rep=1 → Concordo
[2026-05-12 11:57:47,821][__main__][INFO] - ✓ [mistralai/Mixtral-8x7B-Instruct-v0.1] Temp=0.0 Rep=1 → Discordo fortemente
[2026-05-12 11:57:47,962][__main__][INFO] - ✓ [mistralai/Mixtral-8x7B-Instruct-v0.1] Temp=0.0 Rep=1 → Concordo fortemente
[2026-05-12 11:57:47,966][__main__][INFO] - ✓ [mistralai/Mixtral-8x7B-Instruct-v0.1] Temp=0.0 Rep=1 → Discordo
[2026-05-12 11:57:47,975][__main__][INFO] - ✓ [google/gemma-3-12b-it] Temp=0.0 Rep=1 → Discordo fortemente
[2026-05-12 11:57:47,977][__main__][INFO] - ✓ [google/gemma-3-12b-it] Temp=0.0 Rep=1 → Discordo fortemente
[2026-05-12 11:57:47,978][__main__][INFO] - ✓ [google/gemma-3-12b-it] Temp=0.0 Rep=1 → Concordo fortemente
[2026-05-12 11:57:48,085][__main__][INFO] - ✓ [google/gemma-3-12b-it] Temp=0.0 Rep=1 → Neutro
[2026-05-12 11:57:48,098][__main__][INFO] - ✓ [mistralai/Mixtral-8x7B-Instruct-v0.1] Temp=0.0 Rep=1 → Discordo fortemente
[2026-05-12 11:57:48,127][__main__][INFO] - ✓ [google/gemma-3-12b-it] Temp=0.0 Rep=1 → Discordo fortemente
[2026-05-12 11:57:48,143][__main__][INFO] - ✓ [mistralai/Mixtral-8x7B-Instruct-v0.1] Temp=0.0 Rep=1 → Concordo fortemente
[2026-05-12 11:57:48,170][__main__][INFO] - ✓ [google/gemma-3-12b-it] Temp=0.0 Rep=1 → Concordo fortemente
[2026-05-12 11:57:48,253][__main__][INFO] - ✓ [mistralai/Mixtral-8x7B-Instruct-v0.1] Temp=0.0 Rep=1 → Neutro
[2026-05-12 11:57:48,274][__main__][INFO] - ✓ [mistralai/Mixtral-8x7B-Instruct-v0.1] Temp=0.0 Rep=1 → Concordo fortemente
[2026-05-12 11:57:48,282][__main__][INFO] - ✓ [google/gemma-3-12b-it] Temp=0.0 Rep=1 → Discordo
[2026-05-12 11:57:48,343][__main__][INFO] - ✓ [google/gemma-3-12b-it] Temp=0.0 Rep=1 → Concordo
[2026-05-12 11:57:48,352][__main__][INFO] - ✓ [mistralai/Mixtral-8x7B-Instruct-v0.1] Temp=0.0 Rep=1 → Concordo
[2026-05-12 11:57:48,359][__main__][INFO] - ✓ [google/gemma-3-12b-it] Temp=0.0 Rep=1 → Concordo fortemente
[2026-05-12 11:57:48,485][__main__][INFO] - ✓ [mistralai/Mixtral-8x7B-Instruct-v0.1] Temp=0.0 Rep=1 → Concordo fortemente
[2026-05-12 11:57:48,554][__main__][INFO] - ✓ [google/gemma-3-12b-it] Temp=0.0 Rep=1 → Neutro
[2026-05-12 11:57:48,578][__main__][INFO] - ✓ [mistralai/Mixtral-8x7B-Instruct-v0.1] Temp=0.0 Rep=1 → Neutro
[2026-05-12 11:57:48,580][__main__][INFO] - ✓ [mistralai/Mixtral-8x7B-Instruct-v0.1] Temp=0.0 Rep=1 → Concordo fortemente
[2026-05-12 11:57:48,599][__main__][INFO] - Salvamento incremental (240 novas respostas)...
[2026-05-12 11:57:48,645][__main__][INFO] - Cache salvo com 236704 entradas
[2026-05-12 11:57:48,646][__main__][INFO] - ✓ [mistralai/Mixtral-8x7B-Instruct-v0.1] Temp=0.0 Rep=1 → Discordo fortemente
[2026-05-12 11:57:48,760][__main__][INFO] - ✓ [google/gemma-3-12b-it] Temp=0.0 Rep=1 → Neutro
[2026-05-12 11:57:48,761][__main__][INFO] - ✓ [mistralai/Mixtral-8x7B-Instruct-v0.1] Temp=0.0 Rep=1 → Concordo fortemente
[2026-05-12 11:57:48,764][__main__][INFO] - ✓ [google/gemma-3-12b-it] Temp=0.0 Rep=1 → Discordo fortemente
[2026-05-12 11:57:48,781][__main__][INFO] - ✓ [google/gemma-3-12b-it] Temp=0.0 Rep=1 → Concordo
[2026-05-12 11:57:48,785][__main__][INFO] - ✓ [google/gemma-3-12b-it] Temp=0.0 Rep=1 → Concordo fortemente
[2026-05-12 11:57:48,787][__main__][INFO] - ✓ [google/gemma-3-12b-it] Temp=0.0 Rep=1 → Discordo fortemente
[2026-05-12 11:57:48,869][__main__][INFO] - ✓ [mistralai/Mixtral-8x7B-Instruct-v0.1] Temp=0.0 Rep=1 → Discordo fortemente
[2026-05-12 11:57:48,877][__main__][INFO] - ✓ [mistralai/Mixtral-8x7B-Instruct-v0.1] Temp=0.0 Rep=1 → Neutro
[2026-05-12 11:57:49,055][__main__][INFO] - ✓ [google/gemma-3-12b-it] Temp=0.0 Rep=1 → Discordo fortemente
[2026-05-12 11:57:49,059][__main__][INFO] - ✓ [mistralai/Mixtral-8x7B-Instruct-v0.1] Temp=0.0 Rep=1 → Concordo fortemente
[2026-05-12 11:57:49,063][__main__][INFO] - ✓ [google/gemma-3-12b-it] Temp=0.0 Rep=1 → Concordo fortemente
[2026-05-12 11:57:49,081][__main__][INFO] - ✓ [mistralai/Mixtral-8x7B-Instruct-v0.1] Temp=0.0 Rep=1 → Concordo fortemente
[2026-05-12 11:57:49,096][__main__][INFO] - ✓ [mistralai/Mixtral-8x7B-Instruct-v0.1] Temp=0.0 Rep=1 → Neutro
[2026-05-12 11:57:49,166][__main__][INFO] - ✓ [mistralai/Mixtral-8x7B-Instruct-v0.1] Temp=0.0 Rep=1 → Discordo fortemente
[2026-05-12 11:57:49,247][__main__][INFO] - ✓ [google/gemma-3-12b-it] Temp=0.0 Rep=1 → Neutro
[2026-05-12 11:57:49,284][__main__][INFO] - ✓ [google/gemma-3-12b-it] Temp=0.0 Rep=1 → Discordo fortemente
[2026-05-12 11:57:49,299][__main__][INFO] - ✓ [google/gemma-3-12b-it] Temp=0.0 Rep=1 → Neutro
[2026-05-12 11:57:49,344][__main__][INFO] - ✓ [mistralai/Mixtral-8x7B-Instruct-v0.1] Temp=0.0 Rep=1 → Neutro
[2026-05-12 11:57:49,347][__main__][INFO] - ✓ [google/gemma-3-12b-it] Temp=0.0 Rep=1 → Concordo fortemente
[2026-05-12 11:57:49,369][__main__][INFO] - ✓ [mistralai/Mixtral-8x7B-Instruct-v0.1] Temp=0.0 Rep=1 → Concordo fortemente
[2026-05-12 11:57:49,402][__main__][INFO] - ✓ [google/gemma-3-12b-it] Temp=0.0 Rep=1 → Discordo
[2026-05-12 11:57:49,443][__main__][INFO] - ✓ [google/gemma-3-12b-it] Temp=0.0 Rep=1 → Concordo
[2026-05-12 11:57:49,444][__main__][INFO] - ✓ [mistralai/Mixtral-8x7B-Instruct-v0.1] Temp=0.0 Rep=1 → Discordo fortemente
[2026-05-12 11:57:49,544][__main__][INFO] - ✓ [google/gemma-3-12b-it] Temp=0.0 Rep=1 → Concordo fortemente
[2026-05-12 11:57:49,548][__main__][INFO] - ✓ [mistralai/Mixtral-8x7B-Instruct-v0.1] Temp=0.0 Rep=1 → Concordo fortemente
[2026-05-12 11:57:49,551][__main__][INFO] - ✓ [mistralai/Mixtral-8x7B-Instruct-v0.1] Temp=0.0 Rep=1 → Concordo
[2026-05-12 11:57:49,663][__main__][INFO] - ✓ [mistralai/Mixtral-8x7B-Instruct-v0.1] Temp=0.0 Rep=1 → Concordo fortemente
[2026-05-12 11:57:49,673][__main__][INFO] - ✓ [mistralai/Mixtral-8x7B-Instruct-v0.1] Temp=0.0 Rep=1 → Discordo
[2026-05-12 11:57:49,712][__main__][INFO] - ✓ [google/gemma-3-12b-it] Temp=0.0 Rep=1 → Neutro
[2026-05-12 11:57:49,743][__main__][INFO] - ✓ [google/gemma-3-12b-it] Temp=0.0 Rep=1 → Discordo fortemente
[2026-05-12 11:57:49,816][__main__][INFO] - ✓ [mistralai/Mixtral-8x7B-Instruct-v0.1] Temp=0.0 Rep=1 → Concordo
[2026-05-12 11:57:49,850][__main__][INFO] - ✓ [mistralai/Mixtral-8x7B-Instruct-v0.1] Temp=0.0 Rep=1 → Discordo fortemente
[2026-05-12 11:57:49,932][__main__][INFO] - ✓ [google/gemma-3-12b-it] Temp=0.0 Rep=1 → Concordo fortemente
[2026-05-12 11:57:49,946][__main__][INFO] - ✓ [mistralai/Mixtral-8x7B-Instruct-v0.1] Temp=0.0 Rep=1 → Concordo fortemente
[2026-05-12 11:57:49,951][__main__][INFO] - ✓ [mistralai/Mixtral-8x7B-Instruct-v0.1] Temp=0.0 Rep=1 → Concordo
[2026-05-12 11:57:50,113][__main__][INFO] - ✓ [google/gemma-3-12b-it] Temp=0.0 Rep=1 → Discordo
[2026-05-12 11:57:50,123][__main__][INFO] - ✓ [google/gemma-3-12b-it] Temp=0.0 Rep=1 → Neutro
[2026-05-12 11:57:50,140][__main__][INFO] - ✓ [google/gemma-3-12b-it] Temp=0.0 Rep=1 → Discordo
[2026-05-12 11:57:50,160][__main__][INFO] - ✓ [google/gemma-3-12b-it] Temp=0.0 Rep=1 → Concordo
[2026-05-12 11:57:50,221][__main__][INFO] - Salvamento incremental (280 novas respostas)...
[2026-05-12 11:57:50,279][__main__][INFO] - Cache salvo com 236744 entradas
[2026-05-12 11:57:50,279][__main__][INFO] - ✓ [mistralai/Mixtral-8x7B-Instruct-v0.1] Temp=0.0 Rep=1 → Concordo fortemente
[2026-05-12 11:57:50,281][__main__][INFO] - ✓ [mistralai/Mixtral-8x7B-Instruct-v0.1] Temp=0.0 Rep=1 → Discordo fortemente
[2026-05-12 11:57:50,281][__main__][INFO] - ✓ [mistralai/Mixtral-8x7B-Instruct-v0.1] Temp=0.0 Rep=1 → Neutro
[2026-05-12 11:57:50,292][__main__][INFO] - ✓ [google/gemma-3-12b-it] Temp=0.0 Rep=1 → Concordo
[2026-05-12 11:57:50,373][__main__][INFO] - ✓ [google/gemma-3-12b-it] Temp=0.0 Rep=1 → Neutro
[2026-05-12 11:57:50,413][__main__][INFO] - ✓ [mistralai/Mixtral-8x7B-Instruct-v0.1] Temp=0.0 Rep=1 → Discordo fortemente
[2026-05-12 11:57:50,431][__main__][INFO] - ✓ [google/gemma-3-12b-it] Temp=0.0 Rep=1 → Neutro
[2026-05-12 11:57:50,442][__main__][INFO] - ✓ [mistralai/Mixtral-8x7B-Instruct-v0.1] Temp=0.0 Rep=1 → Concordo fortemente
[2026-05-12 11:57:50,457][__main__][INFO] - ✓ [google/gemma-3-12b-it] Temp=0.0 Rep=1 → Discordo fortemente
[2026-05-12 11:57:50,592][__main__][INFO] - ✓ [mistralai/Mixtral-8x7B-Instruct-v0.1] Temp=0.0 Rep=1 → Neutro
[2026-05-12 11:57:50,643][__main__][INFO] - ✓ [mistralai/Mixtral-8x7B-Instruct-v0.1] Temp=0.0 Rep=1 → Concordo fortemente
[2026-05-12 11:57:50,703][__main__][INFO] - ✓ [mistralai/Mixtral-8x7B-Instruct-v0.1] Temp=0.0 Rep=1 → Concordo
[2026-05-12 11:57:50,723][__main__][INFO] - ✓ [mistralai/Mixtral-8x7B-Instruct-v0.1] Temp=0.0 Rep=1 → Discordo
[2026-05-12 11:57:50,794][__main__][INFO] - ✓ [google/gemma-3-12b-it] Temp=0.0 Rep=1 → Concordo
[2026-05-12 11:57:50,831][__main__][INFO] - ✓ [google/gemma-3-12b-it] Temp=0.0 Rep=1 → Discordo
[2026-05-12 11:57:50,860][__main__][INFO] - ✓ [google/gemma-3-12b-it] Temp=0.0 Rep=1 → Concordo
[2026-05-12 11:57:50,895][__main__][INFO] - ✓ [google/gemma-3-12b-it] Temp=0.0 Rep=1 → Discordo
[2026-05-12 11:57:50,955][__main__][INFO] - ✓ [google/gemma-3-12b-it] Temp=0.0 Rep=1 → Concordo fortemente
[2026-05-12 11:57:50,966][__main__][INFO] - ✓ [mistralai/Mixtral-8x7B-Instruct-v0.1] Temp=0.0 Rep=1 → Concordo fortemente
[2026-05-12 11:57:50,973][__main__][INFO] - ✓ [google/gemma-3-12b-it] Temp=0.0 Rep=1 → Concordo fortemente
[2026-05-12 11:57:50,996][__main__][INFO] - ✓ [mistralai/Mixtral-8x7B-Instruct-v0.1] Temp=0.0 Rep=1 → Concordo
[2026-05-12 11:57:51,017][__main__][INFO] - ✓ [mistralai/Mixtral-8x7B-Instruct-v0.1] Temp=0.0 Rep=1 → Discordo
[2026-05-12 11:57:51,217][__main__][INFO] - ✓ [google/gemma-3-12b-it] Temp=0.0 Rep=1 → Discordo
[2026-05-12 11:57:51,225][__main__][INFO] - ✓ [google/gemma-3-12b-it] Temp=0.0 Rep=1 → Concordo
[2026-05-12 11:57:51,230][__main__][INFO] - ✓ [mistralai/Mixtral-8x7B-Instruct-v0.1] Temp=0.0 Rep=1 → Discordo
[2026-05-12 11:57:51,236][__main__][INFO] - ✓ [mistralai/Mixtral-8x7B-Instruct-v0.1] Temp=0.0 Rep=1 → Concordo fortemente
[2026-05-12 11:57:51,238][__main__][INFO] - ✓ [google/gemma-3-12b-it] Temp=0.0 Rep=1 → Concordo
[2026-05-12 11:57:51,312][__main__][INFO] - ✓ [mistralai/Mixtral-8x7B-Instruct-v0.1] Temp=0.0 Rep=1 → Concordo
[2026-05-12 11:57:51,360][__main__][INFO] - ✓ [google/gemma-3-12b-it] Temp=0.0 Rep=1 → Concordo
[2026-05-12 11:57:51,370][__main__][INFO] - ✓ [google/gemma-3-12b-it] Temp=0.0 Rep=1 → Concordo
[2026-05-12 11:57:51,397][__main__][INFO] - ✓ [google/gemma-3-12b-it] Temp=0.0 Rep=1 → Concordo fortemente
[2026-05-12 11:57:51,443][__main__][INFO] - ✓ [google/gemma-3-12b-it] Temp=0.0 Rep=1 → Neutro
[2026-05-12 11:57:51,509][__main__][INFO] - ✓ [mistralai/Mixtral-8x7B-Instruct-v0.1] Temp=0.0 Rep=1 → Concordo
[2026-05-12 11:57:51,517][__main__][INFO] - ✓ [mistralai/Mixtral-8x7B-Instruct-v0.1] Temp=0.0 Rep=1 → Concordo fortemente
[2026-05-12 11:57:51,536][__main__][INFO] - ✓ [mistralai/Mixtral-8x7B-Instruct-v0.1] Temp=0.0 Rep=1 → Neutro
[2026-05-12 11:57:51,641][__main__][INFO] - ✓ [google/gemma-3-12b-it] Temp=0.0 Rep=1 → Discordo
[2026-05-12 11:57:51,658][__main__][INFO] - ✓ [google/gemma-3-12b-it] Temp=0.0 Rep=1 → Neutro
[2026-05-12 11:57:51,684][__main__][INFO] - ✓ [google/gemma-3-12b-it] Temp=0.0 Rep=1 → Concordo
[2026-05-12 11:57:51,708][__main__][INFO] - ✓ [mistralai/Mixtral-8x7B-Instruct-v0.1] Temp=0.0 Rep=1 → Concordo fortemente
[2026-05-12 11:57:51,721][__main__][INFO] - ✓ [mistralai/Mixtral-8x7B-Instruct-v0.1] Temp=0.0 Rep=1 → Neutro
[2026-05-12 11:57:51,721][__main__][INFO] - Salvamento incremental (320 novas respostas)...
[2026-05-12 11:57:51,766][__main__][INFO] - Cache salvo com 236784 entradas
[2026-05-12 11:57:51,766][__main__][INFO] - ✓ [mistralai/Mixtral-8x7B-Instruct-v0.1] Temp=0.0 Rep=1 → Discordo fortemente
[2026-05-12 11:57:51,817][__main__][INFO] - ✓ [mistralai/Mixtral-8x7B-Instruct-v0.1] Temp=0.0 Rep=1 → Concordo fortemente
[2026-05-12 11:57:51,832][__main__][INFO] - ✓ [google/gemma-3-12b-it] Temp=0.0 Rep=1 → Concordo fortemente
[2026-05-12 11:57:51,841][__main__][INFO] - ✓ [google/gemma-3-12b-it] Temp=0.0 Rep=1 → Discordo
[2026-05-12 11:57:51,856][__main__][INFO] - ✓ [google/gemma-3-12b-it] Temp=0.0 Rep=1 → Neutro
[2026-05-12 11:57:51,933][__main__][INFO] - ✓ [mistralai/Mixtral-8x7B-Instruct-v0.1] Temp=0.0 Rep=1 → Concordo
[2026-05-12 11:57:51,958][__main__][INFO] - ✓ [mistralai/Mixtral-8x7B-Instruct-v0.1] Temp=0.0 Rep=1 → Neutro
[2026-05-12 11:57:52,166][__main__][INFO] - ✓ [mistralai/Mixtral-8x7B-Instruct-v0.1] Temp=0.0 Rep=1 → Discordo fortemente
[2026-05-12 11:57:52,166][__main__][INFO] - ✓ [mistralai/Mixtral-8x7B-Instruct-v0.1] Temp=0.0 Rep=1 → Concordo fortemente
[2026-05-12 11:57:52,167][__main__][INFO] - ✓ [mistralai/Mixtral-8x7B-Instruct-v0.1] Temp=0.0 Rep=1 → Neutro
[2026-05-12 11:57:52,225][__main__][INFO] - ✓ [mistralai/Mixtral-8x7B-Instruct-v0.1] Temp=0.0 Rep=1 → Concordo fortemente
[2026-05-12 11:57:52,259][__main__][INFO] - ✓ [google/gemma-3-12b-it] Temp=0.0 Rep=1 → Neutro
[2026-05-12 11:57:52,327][__main__][INFO] - ✓ [google/gemma-3-12b-it] Temp=0.0 Rep=1 → Concordo fortemente
[2026-05-12 11:57:52,368][__main__][INFO] - ✓ [google/gemma-3-12b-it] Temp=0.0 Rep=1 → Discordo
[2026-05-12 11:57:52,411][__main__][INFO] - ✓ [google/gemma-3-12b-it] Temp=0.0 Rep=1 → Neutro
[2026-05-12 11:57:52,456][__main__][INFO] - ✓ [google/gemma-3-12b-it] Temp=0.0 Rep=1 → Discordo fortemente
[2026-05-12 11:57:52,472][__main__][INFO] - ✓ [mistralai/Mixtral-8x7B-Instruct-v0.1] Temp=0.0 Rep=1 → Concordo
[2026-05-12 11:57:52,473][__main__][INFO] - ✓ [mistralai/Mixtral-8x7B-Instruct-v0.1] Temp=0.0 Rep=1 → Neutro
[2026-05-12 11:57:52,541][__main__][INFO] - ✓ [google/gemma-3-12b-it] Temp=0.0 Rep=1 → Concordo
[2026-05-12 11:57:52,590][__main__][INFO] - ✓ [mistralai/Mixtral-8x7B-Instruct-v0.1] Temp=0.0 Rep=1 → Discordo
[2026-05-12 11:57:52,681][__main__][INFO] - ✓ [google/gemma-3-12b-it] Temp=0.0 Rep=1 → Discordo
[2026-05-12 11:57:52,684][__main__][INFO] - ✓ [mistralai/Mixtral-8x7B-Instruct-v0.1] Temp=0.0 Rep=1 → Concordo
[2026-05-12 11:57:52,751][__main__][INFO] - ✓ [mistralai/Mixtral-8x7B-Instruct-v0.1] Temp=0.0 Rep=1 → Concordo
[2026-05-12 11:57:52,842][__main__][INFO] - ✓ [google/gemma-3-12b-it] Temp=0.0 Rep=1 → Concordo
[2026-05-12 11:57:52,855][__main__][INFO] - ✓ [google/gemma-3-12b-it] Temp=0.0 Rep=1 → Concordo
[2026-05-12 11:57:52,859][__main__][INFO] - ✓ [mistralai/Mixtral-8x7B-Instruct-v0.1] Temp=0.0 Rep=1 → Concordo
[2026-05-12 11:57:52,892][__main__][INFO] - ✓ [google/gemma-3-12b-it] Temp=0.0 Rep=1 → Concordo
[2026-05-12 11:57:52,922][__main__][INFO] - ✓ [google/gemma-3-12b-it] Temp=0.0 Rep=1 → Discordo
[2026-05-12 11:57:52,949][__main__][INFO] - ✓ [google/gemma-3-12b-it] Temp=0.0 Rep=1 → Concordo
[2026-05-12 11:57:52,975][__main__][INFO] - ✓ [mistralai/Mixtral-8x7B-Instruct-v0.1] Temp=0.0 Rep=1 → Concordo
[2026-05-12 11:57:52,992][__main__][INFO] - ✓ [mistralai/Mixtral-8x7B-Instruct-v0.1] Temp=0.0 Rep=1 → Concordo
[2026-05-12 11:57:53,207][__main__][INFO] - ✓ [google/gemma-3-12b-it] Temp=0.0 Rep=1 → Discordo
[2026-05-12 11:57:53,215][__main__][INFO] - ✓ [google/gemma-3-12b-it] Temp=0.0 Rep=1 → Concordo fortemente
[2026-05-12 11:57:53,222][__main__][INFO] - ✓ [mistralai/Mixtral-8x7B-Instruct-v0.1] Temp=0.0 Rep=1 → Concordo
[2026-05-12 11:57:53,222][__main__][INFO] - ✓ [mistralai/Mixtral-8x7B-Instruct-v0.1] Temp=0.0 Rep=1 → Concordo fortemente
[2026-05-12 11:57:53,222][__main__][INFO] - ✓ [mistralai/Mixtral-8x7B-Instruct-v0.1] Temp=0.0 Rep=1 → Concordo
[2026-05-12 11:57:53,245][__main__][INFO] - ✓ [mistralai/Mixtral-8x7B-Instruct-v0.1] Temp=0.0 Rep=1 → Discordo
[2026-05-12 11:57:53,270][__main__][INFO] - ✓ [google/gemma-3-12b-it] Temp=0.0 Rep=1 → Discordo
[2026-05-12 11:57:53,388][__main__][INFO] - ✓ [google/gemma-3-12b-it] Temp=0.0 Rep=1 → Concordo
[2026-05-12 11:57:53,488][__main__][INFO] - ✓ [mistralai/Mixtral-8x7B-Instruct-v0.1] Temp=0.0 Rep=1 → Concordo
[2026-05-12 11:57:53,501][__main__][INFO] - Salvamento incremental (360 novas respostas)...
[2026-05-12 11:57:53,546][__main__][INFO] - Cache salvo com 236824 entradas
[2026-05-12 11:57:53,546][__main__][INFO] - ✓ [mistralai/Mixtral-8x7B-Instruct-v0.1] Temp=0.0 Rep=1 → Concordo
[2026-05-12 11:57:53,548][__main__][INFO] - ✓ [mistralai/Mixtral-8x7B-Instruct-v0.1] Temp=0.0 Rep=1 → Discordo
[2026-05-12 11:57:53,574][__main__][INFO] - ✓ [google/gemma-3-12b-it] Temp=0.0 Rep=1 → Discordo
[2026-05-12 11:57:53,606][__main__][INFO] - ✓ [mistralai/Mixtral-8x7B-Instruct-v0.1] Temp=0.0 Rep=1 → Concordo fortemente
[2026-05-12 11:57:53,730][__main__][INFO] - ✓ [google/gemma-3-12b-it] Temp=0.0 Rep=1 → Concordo
[2026-05-12 11:57:53,731][__main__][INFO] - ✓ [google/gemma-3-12b-it] Temp=0.0 Rep=1 → Concordo
[2026-05-12 11:57:53,736][__main__][INFO] - ✓ [mistralai/Mixtral-8x7B-Instruct-v0.1] Temp=0.0 Rep=1 → Concordo
[2026-05-12 11:57:53,740][__main__][INFO] - ✓ [google/gemma-3-12b-it] Temp=0.0 Rep=1 → Concordo fortemente
[2026-05-12 11:57:53,741][__main__][INFO] - ✓ [google/gemma-3-12b-it] Temp=0.0 Rep=1 → Concordo
[2026-05-12 11:57:53,846][__main__][INFO] - ✓ [mistralai/Mixtral-8x7B-Instruct-v0.1] Temp=0.0 Rep=1 → Concordo fortemente
[2026-05-12 11:57:53,884][__main__][INFO] - ✓ [mistralai/Mixtral-8x7B-Instruct-v0.1] Temp=0.0 Rep=1 → Concordo
[2026-05-12 11:57:53,923][__main__][INFO] - ✓ [google/gemma-3-12b-it] Temp=0.0 Rep=1 → Discordo
[2026-05-12 11:57:53,997][__main__][INFO] - ✓ [google/gemma-3-12b-it] Temp=0.0 Rep=1 → Concordo fortemente
[2026-05-12 11:57:54,032][__main__][INFO] - ✓ [mistralai/Mixtral-8x7B-Instruct-v0.1] Temp=0.0 Rep=1 → Discordo
[2026-05-12 11:57:54,058][__main__][INFO] - ✓ [mistralai/Mixtral-8x7B-Instruct-v0.1] Temp=0.0 Rep=1 → Concordo
[2026-05-12 11:57:54,133][__main__][INFO] - ✓ [google/gemma-3-12b-it] Temp=0.0 Rep=1 → Discordo
[2026-05-12 11:57:54,136][__main__][INFO] - ✓ [mistralai/Mixtral-8x7B-Instruct-v0.1] Temp=0.0 Rep=1 → Concordo
[2026-05-12 11:57:54,149][__main__][INFO] - ✓ [google/gemma-3-12b-it] Temp=0.0 Rep=1 → Concordo
[2026-05-12 11:57:54,255][__main__][INFO] - ✓ [google/gemma-3-12b-it] Temp=0.0 Rep=1 → Neutro
[2026-05-12 11:57:54,256][__main__][INFO] - ✓ [google/gemma-3-12b-it] Temp=0.0 Rep=1 → Concordo
[2026-05-12 11:57:54,261][__main__][INFO] - ✓ [mistralai/Mixtral-8x7B-Instruct-v0.1] Temp=0.0 Rep=1 → Neutro
[2026-05-12 11:57:54,269][__main__][INFO] - ✓ [google/gemma-3-12b-it] Temp=0.0 Rep=1 → Discordo
[2026-05-12 11:57:54,376][__main__][INFO] - ✓ [mistralai/Mixtral-8x7B-Instruct-v0.1] Temp=0.0 Rep=1 → Discordo
[2026-05-12 11:57:54,401][__main__][INFO] - ✓ [mistralai/Mixtral-8x7B-Instruct-v0.1] Temp=0.0 Rep=1 → Concordo
[2026-05-12 11:57:54,414][__main__][INFO] - ✓ [google/gemma-3-12b-it] Temp=0.0 Rep=1 → Concordo
[2026-05-12 11:57:54,418][__main__][INFO] - ✓ [mistralai/Mixtral-8x7B-Instruct-v0.1] Temp=0.0 Rep=1 → Neutro
[2026-05-12 11:57:54,454][__main__][INFO] - ✓ [google/gemma-3-12b-it] Temp=0.0 Rep=1 → Neutro
[2026-05-12 11:57:54,538][__main__][INFO] - ✓ [mistralai/Mixtral-8x7B-Instruct-v0.1] Temp=0.0 Rep=1 → Discordo fortemente
[2026-05-12 11:57:54,550][__main__][INFO] - ✓ [mistralai/Mixtral-8x7B-Instruct-v0.1] Temp=0.0 Rep=1 → Concordo
[2026-05-12 11:57:54,650][__main__][INFO] - ✓ [google/gemma-3-12b-it] Temp=0.0 Rep=1 → Discordo
[2026-05-12 11:57:54,664][__main__][INFO] - ✓ [mistralai/Mixtral-8x7B-Instruct-v0.1] Temp=0.0 Rep=1 → Neutro
[2026-05-12 11:57:54,780][__main__][INFO] - ✓ [mistralai/Mixtral-8x7B-Instruct-v0.1] Temp=0.0 Rep=1 → Concordo fortemente
[2026-05-12 11:57:54,784][__main__][INFO] - ✓ [google/gemma-3-12b-it] Temp=0.0 Rep=1 → Neutro
[2026-05-12 11:57:54,793][__main__][INFO] - ✓ [google/gemma-3-12b-it] Temp=0.0 Rep=1 → Neutro
[2026-05-12 11:57:54,795][__main__][INFO] - ✓ [google/gemma-3-12b-it] Temp=0.0 Rep=1 → Concordo
[2026-05-12 11:57:54,829][__main__][INFO] - ✓ [google/gemma-3-12b-it] Temp=0.0 Rep=1 → Discordo
[2026-05-12 11:57:54,834][__main__][INFO] - ✓ [mistralai/Mixtral-8x7B-Instruct-v0.1] Temp=0.0 Rep=1 → Discordo
[2026-05-12 11:57:54,859][__main__][INFO] - ✓ [mistralai/Mixtral-8x7B-Instruct-v0.1] Temp=0.0 Rep=1 → Neutro
[2026-05-12 11:57:54,885][__main__][INFO] - ✓ [google/gemma-3-12b-it] Temp=0.0 Rep=1 → Concordo fortemente
[2026-05-12 11:57:55,019][__main__][INFO] - ✓ [google/gemma-3-12b-it] Temp=0.0 Rep=1 → Neutro
[2026-05-12 11:57:55,088][__main__][INFO] - Salvamento incremental (400 novas respostas)...
[2026-05-12 11:57:55,142][__main__][INFO] - Cache salvo com 236864 entradas
[2026-05-12 11:57:55,142][__main__][INFO] - ✓ [mistralai/Mixtral-8x7B-Instruct-v0.1] Temp=0.0 Rep=1 → Neutro
[2026-05-12 11:57:55,144][__main__][INFO] - ✓ [mistralai/Mixtral-8x7B-Instruct-v0.1] Temp=0.0 Rep=1 → Neutro
[2026-05-12 11:57:55,144][__main__][INFO] - ✓ [mistralai/Mixtral-8x7B-Instruct-v0.1] Temp=0.0 Rep=1 → Concordo fortemente
[2026-05-12 11:57:55,163][__main__][INFO] - ✓ [mistralai/Mixtral-8x7B-Instruct-v0.1] Temp=0.0 Rep=1 → Concordo fortemente
[2026-05-12 11:57:55,319][__main__][INFO] - ✓ [google/gemma-3-12b-it] Temp=0.0 Rep=1 → Neutro
[2026-05-12 11:57:55,320][__main__][INFO] - ✓ [google/gemma-3-12b-it] Temp=0.0 Rep=1 → Concordo
[2026-05-12 11:57:55,323][__main__][INFO] - ✓ [mistralai/Mixtral-8x7B-Instruct-v0.1] Temp=0.0 Rep=1 → Discordo
[2026-05-12 11:57:55,381][__main__][INFO] - ✓ [google/gemma-3-12b-it] Temp=0.0 Rep=1 → Neutro
[2026-05-12 11:57:55,384][__main__][INFO] - ✓ [google/gemma-3-12b-it] Temp=0.0 Rep=1 → Neutro
[2026-05-12 11:57:55,416][__main__][INFO] - ✓ [mistralai/Mixtral-8x7B-Instruct-v0.1] Temp=0.0 Rep=1 → Neutro
[2026-05-12 11:57:55,431][__main__][INFO] - ✓ [google/gemma-3-12b-it] Temp=0.0 Rep=1 → Concordo fortemente
[2026-05-12 11:57:55,554][__main__][INFO] - ✓ [google/gemma-3-12b-it] Temp=0.0 Rep=1 → Concordo fortemente
[2026-05-12 11:57:55,588][__main__][INFO] - ✓ [google/gemma-3-12b-it] Temp=0.0 Rep=1 → Concordo
[2026-05-12 11:57:55,593][__main__][INFO] - ✓ [google/gemma-3-12b-it] Temp=0.0 Rep=1 → Neutro
[2026-05-12 11:57:55,621][__main__][INFO] - ✓ [mistralai/Mixtral-8x7B-Instruct-v0.1] Temp=0.0 Rep=1 → Concordo
[2026-05-12 11:57:55,623][__main__][INFO] - ✓ [mistralai/Mixtral-8x7B-Instruct-v0.1] Temp=0.0 Rep=1 → Concordo fortemente
[2026-05-12 11:57:55,625][__main__][INFO] - ✓ [mistralai/Mixtral-8x7B-Instruct-v0.1] Temp=0.0 Rep=1 → Concordo fortemente
[2026-05-12 11:57:55,833][__main__][INFO] - ✓ [mistralai/Mixtral-8x7B-Instruct-v0.1] Temp=0.0 Rep=1 → Concordo
[2026-05-12 11:57:55,833][__main__][INFO] - ✓ [mistralai/Mixtral-8x7B-Instruct-v0.1] Temp=0.0 Rep=1 → Concordo
[2026-05-12 11:57:55,875][__main__][INFO] - ✓ [mistralai/Mixtral-8x7B-Instruct-v0.1] Temp=0.0 Rep=1 → Concordo
[2026-05-12 11:57:55,915][__main__][INFO] - ✓ [mistralai/Mixtral-8x7B-Instruct-v0.1] Temp=0.0 Rep=1 → Concordo
[2026-05-12 11:57:56,106][__main__][INFO] - ✓ [google/gemma-3-12b-it] Temp=0.0 Rep=1 → Neutro
[2026-05-12 11:57:56,128][__main__][INFO] - ✓ [google/gemma-3-12b-it] Temp=0.0 Rep=1 → Concordo
[2026-05-12 11:57:56,130][__main__][INFO] - ✓ [mistralai/Mixtral-8x7B-Instruct-v0.1] Temp=0.0 Rep=1 → Concordo fortemente
[2026-05-12 11:57:56,201][__main__][INFO] - ✓ [mistralai/Mixtral-8x7B-Instruct-v0.1] Temp=0.0 Rep=1 → Concordo
[2026-05-12 11:57:56,363][__main__][INFO] - ✓ [google/gemma-3-12b-it] Temp=0.0 Rep=1 → Concordo
[2026-05-12 11:57:56,366][__main__][INFO] - ✓ [google/gemma-3-12b-it] Temp=0.0 Rep=1 → Concordo
[2026-05-12 11:57:56,429][__main__][INFO] - ✓ [mistralai/Mixtral-8x7B-Instruct-v0.1] Temp=0.0 Rep=1 → Concordo
[2026-05-12 11:57:56,439][__main__][INFO] - ✓ [mistralai/Mixtral-8x7B-Instruct-v0.1] Temp=0.0 Rep=1 → Concordo
[2026-05-12 11:57:56,480][__main__][INFO] - ✓ [mistralai/Mixtral-8x7B-Instruct-v0.1] Temp=0.0 Rep=1 → Concordo
[2026-05-12 11:57:56,762][__main__][INFO] - ✓ [mistralai/Mixtral-8x7B-Instruct-v0.1] Temp=0.0 Rep=1 → Neutro
[2026-05-12 11:57:56,884][__main__][INFO] - ✓ [mistralai/Mixtral-8x7B-Instruct-v0.1] Temp=0.0 Rep=1 → Concordo fortemente
[2026-05-12 11:57:56,890][__main__][INFO] - ✓ [google/gemma-3-12b-it] Temp=0.0 Rep=1 → Neutro
[2026-05-12 11:57:56,894][__main__][INFO] - ✓ [google/gemma-3-12b-it] Temp=0.0 Rep=1 → Neutro
[2026-05-12 11:57:56,895][__main__][INFO] - ✓ [google/gemma-3-12b-it] Temp=0.0 Rep=1 → Concordo
[2026-05-12 11:57:56,900][__main__][INFO] - ✓ [google/gemma-3-12b-it] Temp=0.0 Rep=1 → Concordo
[2026-05-12 11:57:56,932][__main__][INFO] - ✓ [google/gemma-3-12b-it] Temp=0.0 Rep=1 → Concordo
[2026-05-12 11:57:56,938][__main__][INFO] - ✓ [google/gemma-3-12b-it] Temp=0.0 Rep=1 → Concordo fortemente
[2026-05-12 11:57:56,973][__main__][INFO] - ✓ [google/gemma-3-12b-it] Temp=0.0 Rep=1 → Concordo
[2026-05-12 11:57:57,043][__main__][INFO] - ✓ [mistralai/Mixtral-8x7B-Instruct-v0.1] Temp=0.0 Rep=1 → Concordo
[2026-05-12 11:57:57,102][__main__][INFO] - Salvamento incremental (440 novas respostas)...
[2026-05-12 11:57:57,151][__main__][INFO] - Cache salvo com 236904 entradas
[2026-05-12 11:57:57,152][__main__][INFO] - ✓ [google/gemma-3-12b-it] Temp=0.0 Rep=1 → Concordo
[2026-05-12 11:57:57,193][__main__][INFO] - ✓ [mistralai/Mixtral-8x7B-Instruct-v0.1] Temp=0.0 Rep=1 → Concordo
[2026-05-12 11:57:57,201][__main__][INFO] - ✓ [mistralai/Mixtral-8x7B-Instruct-v0.1] Temp=0.0 Rep=1 → Concordo
[2026-05-12 11:57:57,216][__main__][INFO] - ✓ [mistralai/Mixtral-8x7B-Instruct-v0.1] Temp=0.0 Rep=1 → Concordo
[2026-05-12 11:57:57,438][__main__][INFO] - ✓ [google/gemma-3-12b-it] Temp=0.0 Rep=1 → Concordo
[2026-05-12 11:57:57,442][__main__][INFO] - ✓ [mistralai/Mixtral-8x7B-Instruct-v0.1] Temp=0.0 Rep=1 → Discordo
[2026-05-12 11:57:57,444][__main__][INFO] - ✓ [google/gemma-3-12b-it] Temp=0.0 Rep=1 → Concordo
[2026-05-12 11:57:57,448][__main__][INFO] - ✓ [google/gemma-3-12b-it] Temp=0.0 Rep=1 → Concordo
[2026-05-12 11:57:57,453][__main__][INFO] - ✓ [google/gemma-3-12b-it] Temp=0.0 Rep=1 → Discordo
[2026-05-12 11:57:57,455][__main__][INFO] - ✓ [mistralai/Mixtral-8x7B-Instruct-v0.1] Temp=0.0 Rep=1 → Concordo fortemente
[2026-05-12 11:57:57,480][__main__][INFO] - ✓ [mistralai/Mixtral-8x7B-Instruct-v0.1] Temp=0.0 Rep=1 → Neutro
[2026-05-12 11:57:57,535][__main__][INFO] - ✓ [google/gemma-3-12b-it] Temp=0.0 Rep=1 → Concordo fortemente
[2026-05-12 11:57:57,614][__main__][INFO] - ✓ [google/gemma-3-12b-it] Temp=0.0 Rep=1 → Concordo
[2026-05-12 11:57:57,658][__main__][INFO] - ✓ [google/gemma-3-12b-it] Temp=0.0 Rep=1 → Concordo
[2026-05-12 11:57:57,727][__main__][INFO] - ✓ [mistralai/Mixtral-8x7B-Instruct-v0.1] Temp=0.0 Rep=1 → Concordo
[2026-05-12 11:57:57,733][__main__][INFO] - ✓ [mistralai/Mixtral-8x7B-Instruct-v0.1] Temp=0.0 Rep=1 → Concordo fortemente
[2026-05-12 11:57:57,753][__main__][INFO] - ✓ [mistralai/Mixtral-8x7B-Instruct-v0.1] Temp=0.0 Rep=1 → Neutro
[2026-05-12 11:57:57,929][__main__][INFO] - ✓ [google/gemma-3-12b-it] Temp=0.0 Rep=1 → Neutro
[2026-05-12 11:57:57,940][__main__][INFO] - ✓ [mistralai/Mixtral-8x7B-Instruct-v0.1] Temp=0.0 Rep=1 → Discordo fortemente
[2026-05-12 11:57:57,942][__main__][INFO] - ✓ [google/gemma-3-12b-it] Temp=0.0 Rep=1 → Discordo
[2026-05-12 11:57:57,943][__main__][INFO] - ✓ [google/gemma-3-12b-it] Temp=0.0 Rep=1 → Neutro
[2026-05-12 11:57:57,950][__main__][INFO] - ✓ [mistralai/Mixtral-8x7B-Instruct-v0.1] Temp=0.0 Rep=1 → Concordo fortemente
[2026-05-12 11:57:58,018][__main__][INFO] - ✓ [mistralai/Mixtral-8x7B-Instruct-v0.1] Temp=0.0 Rep=1 → Neutro
[2026-05-12 11:57:58,181][__main__][INFO] - ✓ [google/gemma-3-12b-it] Temp=0.0 Rep=1 → Neutro
[2026-05-12 11:57:58,223][__main__][INFO] - ✓ [mistralai/Mixtral-8x7B-Instruct-v0.1] Temp=0.0 Rep=1 → Neutro
[2026-05-12 11:57:58,267][__main__][INFO] - ✓ [google/gemma-3-12b-it] Temp=0.0 Rep=1 → Concordo
[2026-05-12 11:57:58,286][__main__][INFO] - ✓ [google/gemma-3-12b-it] Temp=0.0 Rep=1 → Concordo
[2026-05-12 11:57:58,297][__main__][INFO] - ✓ [mistralai/Mixtral-8x7B-Instruct-v0.1] Temp=0.0 Rep=1 → Neutro
[2026-05-12 11:57:58,305][__main__][INFO] - ✓ [mistralai/Mixtral-8x7B-Instruct-v0.1] Temp=0.0 Rep=1 → Concordo fortemente
[2026-05-12 11:57:58,455][__main__][INFO] - ✓ [google/gemma-3-12b-it] Temp=0.0 Rep=1 → Neutro
[2026-05-12 11:57:58,456][__main__][INFO] - ✓ [google/gemma-3-12b-it] Temp=0.0 Rep=1 → Neutro
[2026-05-12 11:57:58,474][__main__][INFO] - ✓ [google/gemma-3-12b-it] Temp=0.0 Rep=1 → Concordo
[2026-05-12 11:57:58,497][__main__][INFO] - ✓ [mistralai/Mixtral-8x7B-Instruct-v0.1] Temp=0.0 Rep=1 → Discordo fortemente
[2026-05-12 11:57:58,514][__main__][INFO] - ✓ [google/gemma-3-12b-it] Temp=0.0 Rep=1 → Neutro
[2026-05-12 11:57:58,557][__main__][INFO] - ✓ [mistralai/Mixtral-8x7B-Instruct-v0.1] Temp=0.0 Rep=1 → Concordo fortemente
[2026-05-12 11:57:58,579][__main__][INFO] - ✓ [mistralai/Mixtral-8x7B-Instruct-v0.1] Temp=0.0 Rep=1 → Neutro
[2026-05-12 11:57:58,671][__main__][INFO] - ✓ [google/gemma-3-12b-it] Temp=0.0 Rep=1 → Neutro
[2026-05-12 11:57:58,768][__main__][INFO] - ✓ [google/gemma-3-12b-it] Temp=0.0 Rep=1 → Neutro
[2026-05-12 11:57:58,771][__main__][INFO] - ✓ [mistralai/Mixtral-8x7B-Instruct-v0.1] Temp=0.0 Rep=1 → Neutro
[2026-05-12 11:57:58,779][__main__][INFO] - ✓ [mistralai/Mixtral-8x7B-Instruct-v0.1] Temp=0.0 Rep=1 → Neutro
[2026-05-12 11:57:58,815][__main__][INFO] - Salvamento incremental (480 novas respostas)...
[2026-05-12 11:57:58,867][__main__][INFO] - Cache salvo com 236944 entradas
[2026-05-12 11:57:58,868][__main__][INFO] - ✓ [google/gemma-3-12b-it] Temp=0.0 Rep=1 → Concordo
[2026-05-12 11:57:58,874][__main__][INFO] - ✓ [mistralai/Mixtral-8x7B-Instruct-v0.1] Temp=0.0 Rep=1 → Concordo fortemente
[2026-05-12 11:57:58,977][__main__][INFO] - ✓ [google/gemma-3-12b-it] Temp=0.0 Rep=1 → Neutro
[2026-05-12 11:57:58,978][__main__][INFO] - ✓ [mistralai/Mixtral-8x7B-Instruct-v0.1] Temp=0.0 Rep=1 → Discordo
[2026-05-12 11:57:58,985][__main__][INFO] - ✓ [google/gemma-3-12b-it] Temp=0.0 Rep=1 → Discordo
[2026-05-12 11:57:58,992][__main__][INFO] - ✓ [google/gemma-3-12b-it] Temp=0.0 Rep=1 → Neutro
[2026-05-12 11:57:59,002][__main__][INFO] - ✓ [google/gemma-3-12b-it] Temp=0.0 Rep=1 → Concordo fortemente
[2026-05-12 11:57:59,062][__main__][INFO] - ✓ [mistralai/Mixtral-8x7B-Instruct-v0.1] Temp=0.0 Rep=1 → Neutro
[2026-05-12 11:57:59,062][__main__][INFO] - ✓ [mistralai/Mixtral-8x7B-Instruct-v0.1] Temp=0.0 Rep=1 → Concordo fortemente
[2026-05-12 11:57:59,260][__main__][INFO] - ✓ [mistralai/Mixtral-8x7B-Instruct-v0.1] Temp=0.0 Rep=1 → Concordo fortemente
[2026-05-12 11:57:59,263][__main__][INFO] - ✓ [mistralai/Mixtral-8x7B-Instruct-v0.1] Temp=0.0 Rep=1 → Concordo
[2026-05-12 11:57:59,274][__main__][INFO] - ✓ [mistralai/Mixtral-8x7B-Instruct-v0.1] Temp=0.0 Rep=1 → Discordo
[2026-05-12 11:57:59,286][__main__][INFO] - ✓ [google/gemma-3-12b-it] Temp=0.0 Rep=1 → Concordo
[2026-05-12 11:57:59,290][__main__][INFO] - ✓ [google/gemma-3-12b-it] Temp=0.0 Rep=1 → Concordo fortemente
[2026-05-12 11:57:59,354][__main__][INFO] - ✓ [mistralai/Mixtral-8x7B-Instruct-v0.1] Temp=0.0 Rep=1 → Discordo fortemente
[2026-05-12 11:57:59,499][__main__][INFO] - ✓ [google/gemma-3-12b-it] Temp=0.0 Rep=1 → Discordo
[2026-05-12 11:57:59,540][__main__][INFO] - ✓ [google/gemma-3-12b-it] Temp=0.0 Rep=1 → Concordo
[2026-05-12 11:57:59,546][__main__][INFO] - ✓ [google/gemma-3-12b-it] Temp=0.0 Rep=1 → Discordo
[2026-05-12 11:57:59,553][__main__][INFO] - ✓ [google/gemma-3-12b-it] Temp=0.0 Rep=1 → Neutro
[2026-05-12 11:57:59,583][__main__][INFO] - ✓ [mistralai/Mixtral-8x7B-Instruct-v0.1] Temp=0.0 Rep=1 → Concordo fortemente
[2026-05-12 11:57:59,811][__main__][INFO] - ✓ [mistralai/Mixtral-8x7B-Instruct-v0.1] Temp=0.0 Rep=1 → Neutro
[2026-05-12 11:57:59,818][__main__][INFO] - ✓ [mistralai/Mixtral-8x7B-Instruct-v0.1] Temp=0.0 Rep=1 → Concordo fortemente
[2026-05-12 11:57:59,925][__main__][INFO] - ✓ [mistralai/Mixtral-8x7B-Instruct-v0.1] Temp=0.0 Rep=1 → Discordo
[2026-05-12 11:58:00,022][__main__][INFO] - ✓ [google/gemma-3-12b-it] Temp=0.0 Rep=1 → Discordo
[2026-05-12 11:58:00,025][__main__][INFO] - ✓ [mistralai/Mixtral-8x7B-Instruct-v0.1] Temp=0.0 Rep=1 → Concordo
[2026-05-12 11:58:00,025][__main__][INFO] - ✓ [google/gemma-3-12b-it] Temp=0.0 Rep=1 → Concordo
[2026-05-12 11:58:00,084][__main__][INFO] - ✓ [google/gemma-3-12b-it] Temp=0.0 Rep=1 → Concordo
[2026-05-12 11:58:00,113][__main__][INFO] - ✓ [mistralai/Mixtral-8x7B-Instruct-v0.1] Temp=0.0 Rep=1 → Discordo
[2026-05-12 11:58:00,117][__main__][INFO] - ✓ [mistralai/Mixtral-8x7B-Instruct-v0.1] Temp=0.0 Rep=1 → Concordo fortemente
[2026-05-12 11:58:00,186][__main__][INFO] - ✓ [google/gemma-3-12b-it] Temp=0.0 Rep=1 → Discordo
[2026-05-12 11:58:00,200][__main__][INFO] - ✓ [mistralai/Mixtral-8x7B-Instruct-v0.1] Temp=0.0 Rep=1 → Neutro
[2026-05-12 11:58:00,215][__main__][INFO] - ✓ [google/gemma-3-12b-it] Temp=0.0 Rep=1 → Concordo
[2026-05-12 11:58:00,244][__main__][INFO] - ✓ [google/gemma-3-12b-it] Temp=0.0 Rep=1 → Concordo fortemente
[2026-05-12 11:58:00,384][__main__][INFO] - ✓ [mistralai/Mixtral-8x7B-Instruct-v0.1] Temp=0.0 Rep=1 → Discordo
[2026-05-12 11:58:00,391][__main__][INFO] - ✓ [mistralai/Mixtral-8x7B-Instruct-v0.1] Temp=0.0 Rep=1 → Concordo fortemente
[2026-05-12 11:58:00,424][__main__][INFO] - ✓ [mistralai/Mixtral-8x7B-Instruct-v0.1] Temp=0.0 Rep=1 → Neutro
[2026-05-12 11:58:00,562][__main__][INFO] - ✓ [google/gemma-3-12b-it] Temp=0.0 Rep=1 → Discordo fortemente
[2026-05-12 11:58:00,563][__main__][INFO] - ✓ [mistralai/Mixtral-8x7B-Instruct-v0.1] Temp=0.0 Rep=1 → Discordo fortemente
[2026-05-12 11:58:00,610][__main__][INFO] - ✓ [google/gemma-3-12b-it] Temp=0.0 Rep=1 → Discordo fortemente
[2026-05-12 11:58:00,612][__main__][INFO] - ✓ [google/gemma-3-12b-it] Temp=0.0 Rep=1 → Concordo
[2026-05-12 11:58:00,649][__main__][INFO] - Salvamento incremental (520 novas respostas)...
[2026-05-12 11:58:00,696][__main__][INFO] - Cache salvo com 236984 entradas
[2026-05-12 11:58:00,696][__main__][INFO] - ✓ [google/gemma-3-12b-it] Temp=0.0 Rep=1 → Neutro
[2026-05-12 11:58:00,698][__main__][INFO] - ✓ [mistralai/Mixtral-8x7B-Instruct-v0.1] Temp=0.0 Rep=1 → Neutro
[2026-05-12 11:58:00,698][__main__][INFO] - ✓ [mistralai/Mixtral-8x7B-Instruct-v0.1] Temp=0.0 Rep=1 → Concordo fortemente
[2026-05-12 11:58:00,716][__main__][INFO] - ✓ [google/gemma-3-12b-it] Temp=0.0 Rep=1 → Concordo fortemente
[2026-05-12 11:58:00,722][__main__][INFO] - ✓ [google/gemma-3-12b-it] Temp=0.0 Rep=1 → Discordo fortemente
[2026-05-12 11:58:00,900][__main__][INFO] - ✓ [mistralai/Mixtral-8x7B-Instruct-v0.1] Temp=0.0 Rep=1 → Discordo fortemente
[2026-05-12 11:58:00,913][__main__][INFO] - ✓ [mistralai/Mixtral-8x7B-Instruct-v0.1] Temp=0.0 Rep=1 → Concordo fortemente
[2026-05-12 11:58:01,080][__main__][INFO] - ✓ [mistralai/Mixtral-8x7B-Instruct-v0.1] Temp=0.0 Rep=1 → Discordo fortemente
[2026-05-12 11:58:01,081][__main__][INFO] - ✓ [mistralai/Mixtral-8x7B-Instruct-v0.1] Temp=0.0 Rep=1 → Neutro
[2026-05-12 11:58:01,085][__main__][INFO] - ✓ [google/gemma-3-12b-it] Temp=0.0 Rep=1 → Neutro
[2026-05-12 11:58:01,149][__main__][INFO] - ✓ [google/gemma-3-12b-it] Temp=0.0 Rep=1 → Neutro
[2026-05-12 11:58:01,178][__main__][INFO] - ✓ [mistralai/Mixtral-8x7B-Instruct-v0.1] Temp=0.0 Rep=1 → Concordo fortemente
[2026-05-12 11:58:01,252][__main__][INFO] - ✓ [mistralai/Mixtral-8x7B-Instruct-v0.1] Temp=0.0 Rep=1 → Neutro
[2026-05-12 11:58:01,269][__main__][INFO] - ✓ [google/gemma-3-12b-it] Temp=0.0 Rep=1 → Discordo fortemente
[2026-05-12 11:58:01,361][__main__][INFO] - ✓ [google/gemma-3-12b-it] Temp=0.0 Rep=1 → Concordo fortemente
[2026-05-12 11:58:01,396][__main__][INFO] - ✓ [google/gemma-3-12b-it] Temp=0.0 Rep=1 → Discordo fortemente
[2026-05-12 11:58:01,429][__main__][INFO] - ✓ [mistralai/Mixtral-8x7B-Instruct-v0.1] Temp=0.0 Rep=1 → Concordo fortemente
[2026-05-12 11:58:01,450][__main__][INFO] - ✓ [google/gemma-3-12b-it] Temp=0.0 Rep=1 → Concordo
[2026-05-12 11:58:01,460][__main__][INFO] - ✓ [mistralai/Mixtral-8x7B-Instruct-v0.1] Temp=0.0 Rep=1 → Discordo fortemente
[2026-05-12 11:58:01,604][__main__][INFO] - ✓ [mistralai/Mixtral-8x7B-Instruct-v0.1] Temp=0.0 Rep=1 → Neutro
[2026-05-12 11:58:01,604][__main__][INFO] - ✓ [google/gemma-3-12b-it] Temp=0.0 Rep=1 → Neutro
[2026-05-12 11:58:01,605][__main__][INFO] - ✓ [google/gemma-3-12b-it] Temp=0.0 Rep=1 → Discordo
[2026-05-12 11:58:01,735][__main__][INFO] - ✓ [mistralai/Mixtral-8x7B-Instruct-v0.1] Temp=0.0 Rep=1 → Concordo fortemente
[2026-05-12 11:58:01,769][__main__][INFO] - ✓ [mistralai/Mixtral-8x7B-Instruct-v0.1] Temp=0.0 Rep=1 → Discordo fortemente
[2026-05-12 11:58:01,791][__main__][INFO] - ✓ [google/gemma-3-12b-it] Temp=0.0 Rep=1 → Discordo
[2026-05-12 11:58:01,800][__main__][INFO] - ✓ [mistralai/Mixtral-8x7B-Instruct-v0.1] Temp=0.0 Rep=1 → Neutro
[2026-05-12 11:58:01,807][__main__][INFO] - ✓ [google/gemma-3-12b-it] Temp=0.0 Rep=1 → Concordo
[2026-05-12 11:58:01,922][__main__][INFO] - ✓ [google/gemma-3-12b-it] Temp=0.0 Rep=1 → Concordo fortemente
[2026-05-12 11:58:02,122][__main__][INFO] - ✓ [google/gemma-3-12b-it] Temp=0.0 Rep=1 → Neutro
[2026-05-12 11:58:02,123][__main__][INFO] - ✓ [mistralai/Mixtral-8x7B-Instruct-v0.1] Temp=0.0 Rep=1 → Concordo fortemente
[2026-05-12 11:58:02,124][__main__][INFO] - ✓ [mistralai/Mixtral-8x7B-Instruct-v0.1] Temp=0.0 Rep=1 → Neutro
[2026-05-12 11:58:02,203][__main__][INFO] - ✓ [google/gemma-3-12b-it] Temp=0.0 Rep=1 → Neutro
[2026-05-12 11:58:02,204][__main__][INFO] - ✓ [google/gemma-3-12b-it] Temp=0.0 Rep=1 → Discordo
[2026-05-12 11:58:02,286][__main__][INFO] - ✓ [mistralai/Mixtral-8x7B-Instruct-v0.1] Temp=0.0 Rep=1 → Discordo fortemente
[2026-05-12 11:58:02,306][__main__][INFO] - ✓ [google/gemma-3-12b-it] Temp=0.0 Rep=1 → Concordo
[2026-05-12 11:58:02,310][__main__][INFO] - ✓ [google/gemma-3-12b-it] Temp=0.0 Rep=1 → Concordo fortemente
[2026-05-12 11:58:02,372][__main__][INFO] - ✓ [google/gemma-3-12b-it] Temp=0.0 Rep=1 → Neutro
[2026-05-12 11:58:02,428][__main__][INFO] - ✓ [google/gemma-3-12b-it] Temp=0.0 Rep=1 → Discordo fortemente
[2026-05-12 11:58:02,431][__main__][INFO] - ✓ [mistralai/Mixtral-8x7B-Instruct-v0.1] Temp=0.0 Rep=1 → Concordo
[2026-05-12 11:58:02,435][__main__][INFO] - ✓ [mistralai/Mixtral-8x7B-Instruct-v0.1] Temp=0.0 Rep=1 → Concordo
[2026-05-12 11:58:02,650][__main__][INFO] - Salvamento incremental (560 novas respostas)...
[2026-05-12 11:58:02,703][__main__][INFO] - Cache salvo com 237024 entradas
[2026-05-12 11:58:02,703][__main__][INFO] - ✓ [mistralai/Mixtral-8x7B-Instruct-v0.1] Temp=0.0 Rep=1 → Concordo
[2026-05-12 11:58:02,711][__main__][INFO] - ✓ [mistralai/Mixtral-8x7B-Instruct-v0.1] Temp=0.0 Rep=1 → Concordo fortemente
[2026-05-12 11:58:02,712][__main__][INFO] - ✓ [mistralai/Mixtral-8x7B-Instruct-v0.1] Temp=0.0 Rep=1 → Concordo
[2026-05-12 11:58:02,714][__main__][INFO] - ✓ [mistralai/Mixtral-8x7B-Instruct-v0.1] Temp=0.0 Rep=1 → Discordo fortemente
[2026-05-12 11:58:02,742][__main__][INFO] - ✓ [google/gemma-3-12b-it] Temp=0.0 Rep=1 → Discordo
[2026-05-12 11:58:02,783][__main__][INFO] - ✓ [google/gemma-3-12b-it] Temp=0.0 Rep=1 → Concordo
[2026-05-12 11:58:02,824][__main__][INFO] - ✓ [google/gemma-3-12b-it] Temp=0.0 Rep=1 → Concordo fortemente
[2026-05-12 11:58:02,858][__main__][INFO] - ✓ [google/gemma-3-12b-it] Temp=0.0 Rep=1 → Neutro
[2026-05-12 11:58:02,907][__main__][INFO] - ✓ [google/gemma-3-12b-it] Temp=0.0 Rep=1 → Concordo
[2026-05-12 11:58:03,002][__main__][INFO] - ✓ [mistralai/Mixtral-8x7B-Instruct-v0.1] Temp=0.0 Rep=1 → Concordo
[2026-05-12 11:58:03,006][__main__][INFO] - ✓ [mistralai/Mixtral-8x7B-Instruct-v0.1] Temp=0.0 Rep=1 → Discordo fortemente
[2026-05-12 11:58:03,010][__main__][INFO] - ✓ [mistralai/Mixtral-8x7B-Instruct-v0.1] Temp=0.0 Rep=1 → Neutro
[2026-05-12 11:58:03,182][__main__][INFO] - ✓ [mistralai/Mixtral-8x7B-Instruct-v0.1] Temp=0.0 Rep=1 → Concordo fortemente
[2026-05-12 11:58:03,183][__main__][INFO] - ✓ [mistralai/Mixtral-8x7B-Instruct-v0.1] Temp=0.0 Rep=1 → Discordo
[2026-05-12 11:58:03,183][__main__][INFO] - ✓ [google/gemma-3-12b-it] Temp=0.0 Rep=1 → Discordo
[2026-05-12 11:58:03,183][__main__][INFO] - ✓ [google/gemma-3-12b-it] Temp=0.0 Rep=1 → Discordo fortemente
[2026-05-12 11:58:03,197][__main__][INFO] - ✓ [mistralai/Mixtral-8x7B-Instruct-v0.1] Temp=0.0 Rep=1 → Concordo
[2026-05-12 11:58:03,216][__main__][INFO] - ✓ [google/gemma-3-12b-it] Temp=0.0 Rep=1 → Concordo
[2026-05-12 11:58:03,221][__main__][INFO] - ✓ [google/gemma-3-12b-it] Temp=0.0 Rep=1 → Concordo fortemente
[2026-05-12 11:58:03,374][__main__][INFO] - ✓ [google/gemma-3-12b-it] Temp=0.0 Rep=1 → Discordo
[2026-05-12 11:58:03,458][__main__][INFO] - ✓ [mistralai/Mixtral-8x7B-Instruct-v0.1] Temp=0.0 Rep=1 → Discordo
[2026-05-12 11:58:03,473][__main__][INFO] - ✓ [google/gemma-3-12b-it] Temp=0.0 Rep=1 → Concordo fortemente
[2026-05-12 11:58:03,477][__main__][INFO] - ✓ [mistralai/Mixtral-8x7B-Instruct-v0.1] Temp=0.0 Rep=1 → Discordo
[2026-05-12 11:58:03,489][__main__][INFO] - ✓ [mistralai/Mixtral-8x7B-Instruct-v0.1] Temp=0.0 Rep=1 → Concordo fortemente
[2026-05-12 11:58:03,499][__main__][INFO] - ✓ [google/gemma-3-12b-it] Temp=0.0 Rep=1 → Concordo
[2026-05-12 11:58:03,500][__main__][INFO] - ✓ [mistralai/Mixtral-8x7B-Instruct-v0.1] Temp=0.0 Rep=1 → Discordo fortemente
[2026-05-12 11:58:03,692][__main__][INFO] - ✓ [mistralai/Mixtral-8x7B-Instruct-v0.1] Temp=0.0 Rep=1 → Concordo
[2026-05-12 11:58:03,695][__main__][INFO] - ✓ [google/gemma-3-12b-it] Temp=0.0 Rep=1 → Neutro
[2026-05-12 11:58:03,705][__main__][INFO] - ✓ [google/gemma-3-12b-it] Temp=0.0 Rep=1 → Concordo
[2026-05-12 11:58:03,776][__main__][INFO] - ✓ [mistralai/Mixtral-8x7B-Instruct-v0.1] Temp=0.0 Rep=1 → Neutro
[2026-05-12 11:58:03,789][__main__][INFO] - ✓ [mistralai/Mixtral-8x7B-Instruct-v0.1] Temp=0.0 Rep=1 → Concordo fortemente
[2026-05-12 11:58:03,795][__main__][INFO] - ✓ [mistralai/Mixtral-8x7B-Instruct-v0.1] Temp=0.0 Rep=1 → Discordo fortemente
[2026-05-12 11:58:03,869][__main__][INFO] - ✓ [google/gemma-3-12b-it] Temp=0.0 Rep=1 → Discordo fortemente
[2026-05-12 11:58:03,872][__main__][INFO] - ✓ [google/gemma-3-12b-it] Temp=0.0 Rep=1 → Discordo fortemente
[2026-05-12 11:58:03,962][__main__][INFO] - ✓ [google/gemma-3-12b-it] Temp=0.0 Rep=1 → Concordo
[2026-05-12 11:58:03,971][__main__][INFO] - ✓ [mistralai/Mixtral-8x7B-Instruct-v0.1] Temp=0.0 Rep=1 → Neutro
[2026-05-12 11:58:03,995][__main__][INFO] - ✓ [google/gemma-3-12b-it] Temp=0.0 Rep=1 → Neutro
[2026-05-12 11:58:04,082][__main__][INFO] - ✓ [mistralai/Mixtral-8x7B-Instruct-v0.1] Temp=0.0 Rep=1 → Discordo
[2026-05-12 11:58:04,090][__main__][INFO] - ✓ [mistralai/Mixtral-8x7B-Instruct-v0.1] Temp=0.0 Rep=1 → Concordo fortemente
[2026-05-12 11:58:04,118][__main__][INFO] - ✓ [google/gemma-3-12b-it] Temp=0.0 Rep=1 → Neutro
[2026-05-12 11:58:04,218][__main__][INFO] - Salvamento incremental (600 novas respostas)...
[2026-05-12 11:58:04,277][__main__][INFO] - Cache salvo com 237064 entradas
[2026-05-12 11:58:04,278][__main__][INFO] - ✓ [google/gemma-3-12b-it] Temp=0.0 Rep=1 → Concordo fortemente
[2026-05-12 11:58:04,279][__main__][INFO] - ✓ [google/gemma-3-12b-it] Temp=0.0 Rep=1 → Concordo
[2026-05-12 11:58:04,333][__main__][INFO] - ✓ [mistralai/Mixtral-8x7B-Instruct-v0.1] Temp=0.0 Rep=1 → Neutro
[2026-05-12 11:58:04,343][__main__][INFO] - ✓ [google/gemma-3-12b-it] Temp=0.0 Rep=1 → Discordo fortemente
[2026-05-12 11:58:04,351][__main__][INFO] - ✓ [mistralai/Mixtral-8x7B-Instruct-v0.1] Temp=0.0 Rep=1 → Concordo fortemente
[2026-05-12 11:58:04,394][__main__][INFO] - ✓ [google/gemma-3-12b-it] Temp=0.0 Rep=1 → Concordo
[2026-05-12 11:58:04,402][__main__][INFO] - ✓ [mistralai/Mixtral-8x7B-Instruct-v0.1] Temp=0.0 Rep=1 → Discordo fortemente
[2026-05-12 11:58:04,403][__main__][INFO] - ✓ [mistralai/Mixtral-8x7B-Instruct-v0.1] Temp=0.0 Rep=1 → Neutro
[2026-05-12 11:58:04,580][__main__][INFO] - ✓ [google/gemma-3-12b-it] Temp=0.0 Rep=1 → Neutro
[2026-05-12 11:58:04,643][__main__][INFO] - ✓ [mistralai/Mixtral-8x7B-Instruct-v0.1] Temp=0.0 Rep=1 → Concordo fortemente
[2026-05-12 11:58:04,656][__main__][INFO] - ✓ [mistralai/Mixtral-8x7B-Instruct-v0.1] Temp=0.0 Rep=1 → Neutro
[2026-05-12 11:58:04,751][__main__][INFO] - ✓ [mistralai/Mixtral-8x7B-Instruct-v0.1] Temp=0.0 Rep=1 → Neutro
[2026-05-12 11:58:04,752][__main__][INFO] - ✓ [google/gemma-3-12b-it] Temp=0.0 Rep=1 → Concordo
[2026-05-12 11:58:04,857][__main__][INFO] - ✓ [mistralai/Mixtral-8x7B-Instruct-v0.1] Temp=0.0 Rep=1 → Discordo fortemente
[2026-05-12 11:58:04,914][__main__][INFO] - ✓ [google/gemma-3-12b-it] Temp=0.0 Rep=1 → Concordo
[2026-05-12 11:58:04,944][__main__][INFO] - ✓ [mistralai/Mixtral-8x7B-Instruct-v0.1] Temp=0.0 Rep=1 → Concordo fortemente
[2026-05-12 11:58:04,960][__main__][INFO] - ✓ [google/gemma-3-12b-it] Temp=0.0 Rep=1 → Neutro
[2026-05-12 11:58:04,981][__main__][INFO] - ✓ [google/gemma-3-12b-it] Temp=0.0 Rep=1 → Concordo
[2026-05-12 11:58:05,020][__main__][INFO] - ✓ [mistralai/Mixtral-8x7B-Instruct-v0.1] Temp=0.0 Rep=1 → Neutro
[2026-05-12 11:58:05,265][__main__][INFO] - ✓ [mistralai/Mixtral-8x7B-Instruct-v0.1] Temp=0.0 Rep=1 → Concordo fortemente
[2026-05-12 11:58:05,267][__main__][INFO] - ✓ [mistralai/Mixtral-8x7B-Instruct-v0.1] Temp=0.0 Rep=1 → Discordo
[2026-05-12 11:58:05,267][__main__][INFO] - ✓ [google/gemma-3-12b-it] Temp=0.0 Rep=1 → Neutro
[2026-05-12 11:58:05,269][__main__][INFO] - ✓ [mistralai/Mixtral-8x7B-Instruct-v0.1] Temp=0.0 Rep=1 → Neutro
[2026-05-12 11:58:05,545][__main__][INFO] - ✓ [google/gemma-3-12b-it] Temp=0.0 Rep=1 → Neutro
[2026-05-12 11:58:05,567][__main__][INFO] - ✓ [mistralai/Mixtral-8x7B-Instruct-v0.1] Temp=0.0 Rep=1 → Concordo fortemente
[2026-05-12 11:58:05,578][__main__][INFO] - ✓ [mistralai/Mixtral-8x7B-Instruct-v0.1] Temp=0.0 Rep=1 → Concordo fortemente
[2026-05-12 11:58:05,580][__main__][INFO] - ✓ [mistralai/Mixtral-8x7B-Instruct-v0.1] Temp=0.0 Rep=1 → Concordo fortemente
[2026-05-12 11:58:05,605][__main__][INFO] - ✓ [google/gemma-3-12b-it] Temp=0.0 Rep=1 → Discordo fortemente
[2026-05-12 11:58:05,878][__main__][INFO] - ✓ [mistralai/Mixtral-8x7B-Instruct-v0.1] Temp=0.0 Rep=1 → Concordo
[2026-05-12 11:58:05,894][__main__][INFO] - ✓ [google/gemma-3-12b-it] Temp=0.0 Rep=1 → Concordo
[2026-05-12 11:58:05,902][__main__][INFO] - ✓ [mistralai/Mixtral-8x7B-Instruct-v0.1] Temp=0.0 Rep=1 → Concordo
[2026-05-12 11:58:06,066][__main__][INFO] - ✓ [google/gemma-3-12b-it] Temp=0.0 Rep=1 → Neutro
[2026-05-12 11:58:06,092][__main__][INFO] - ✓ [google/gemma-3-12b-it] Temp=0.0 Rep=1 → Neutro
[2026-05-12 11:58:06,096][__main__][INFO] - ✓ [google/gemma-3-12b-it] Temp=0.0 Rep=1 → Concordo
[2026-05-12 11:58:06,149][__main__][INFO] - ✓ [google/gemma-3-12b-it] Temp=0.0 Rep=1 → Concordo
[2026-05-12 11:58:06,161][__main__][INFO] - ✓ [mistralai/Mixtral-8x7B-Instruct-v0.1] Temp=0.0 Rep=1 → Neutro
[2026-05-12 11:58:06,315][__main__][INFO] - ✓ [google/gemma-3-12b-it] Temp=0.0 Rep=1 → Concordo fortemente
[2026-05-12 11:58:06,353][__main__][INFO] - ✓ [google/gemma-3-12b-it] Temp=0.0 Rep=1 → Concordo
[2026-05-12 11:58:06,411][__main__][INFO] - ✓ [mistralai/Mixtral-8x7B-Instruct-v0.1] Temp=0.0 Rep=1 → Concordo
[2026-05-12 11:58:06,412][__main__][INFO] - ✓ [mistralai/Mixtral-8x7B-Instruct-v0.1] Temp=0.0 Rep=1 → Concordo
[2026-05-12 11:58:06,431][__main__][INFO] - Salvamento incremental (640 novas respostas)...
[2026-05-12 11:58:06,477][__main__][INFO] - Cache salvo com 237104 entradas
[2026-05-12 11:58:06,477][__main__][INFO] - ✓ [mistralai/Mixtral-8x7B-Instruct-v0.1] Temp=0.0 Rep=1 → Neutro
[2026-05-12 11:58:06,481][__main__][INFO] - ✓ [google/gemma-3-12b-it] Temp=0.0 Rep=1 → Neutro
[2026-05-12 11:58:06,481][__main__][INFO] - ✓ [google/gemma-3-12b-it] Temp=0.0 Rep=1 → Neutro
[2026-05-12 11:58:06,631][__main__][INFO] - ✓ [google/gemma-3-12b-it] Temp=0.0 Rep=1 → Concordo fortemente
[2026-05-12 11:58:06,646][__main__][INFO] - ✓ [google/gemma-3-12b-it] Temp=0.0 Rep=1 → Concordo
[2026-05-12 11:58:06,690][__main__][INFO] - ✓ [mistralai/Mixtral-8x7B-Instruct-v0.1] Temp=0.0 Rep=1 → Concordo
[2026-05-12 11:58:06,694][__main__][INFO] - ✓ [mistralai/Mixtral-8x7B-Instruct-v0.1] Temp=0.0 Rep=1 → Concordo
[2026-05-12 11:58:06,840][__main__][INFO] - ✓ [mistralai/Mixtral-8x7B-Instruct-v0.1] Temp=0.0 Rep=1 → Neutro
[2026-05-12 11:58:06,952][__main__][INFO] - ✓ [google/gemma-3-12b-it] Temp=0.0 Rep=1 → Concordo
[2026-05-12 11:58:06,968][__main__][INFO] - ✓ [mistralai/Mixtral-8x7B-Instruct-v0.1] Temp=0.0 Rep=1 → Concordo fortemente
[2026-05-12 11:58:06,977][__main__][INFO] - ✓ [mistralai/Mixtral-8x7B-Instruct-v0.1] Temp=0.0 Rep=1 → Concordo fortemente
[2026-05-12 11:58:06,983][__main__][INFO] - ✓ [mistralai/Mixtral-8x7B-Instruct-v0.1] Temp=0.0 Rep=1 → Concordo fortemente
[2026-05-12 11:58:07,169][__main__][INFO] - ✓ [google/gemma-3-12b-it] Temp=0.0 Rep=1 → Concordo
[2026-05-12 11:58:07,172][__main__][INFO] - ✓ [google/gemma-3-12b-it] Temp=0.0 Rep=1 → Concordo
[2026-05-12 11:58:07,366][__main__][INFO] - ✓ [mistralai/Mixtral-8x7B-Instruct-v0.1] Temp=0.0 Rep=1 → Concordo fortemente
[2026-05-12 11:58:07,367][__main__][INFO] - ✓ [mistralai/Mixtral-8x7B-Instruct-v0.1] Temp=0.0 Rep=1 → Concordo fortemente
[2026-05-12 11:58:07,414][__main__][INFO] - ✓ [google/gemma-3-12b-it] Temp=0.0 Rep=1 → Concordo fortemente
[2026-05-12 11:58:07,432][__main__][INFO] - ✓ [google/gemma-3-12b-it] Temp=0.0 Rep=1 → Concordo fortemente
[2026-05-12 11:58:07,433][__main__][INFO] - ✓ [google/gemma-3-12b-it] Temp=0.0 Rep=1 → Concordo fortemente
[2026-05-12 11:58:07,473][__main__][INFO] - ✓ [mistralai/Mixtral-8x7B-Instruct-v0.1] Temp=0.0 Rep=1 → Concordo fortemente
[2026-05-12 11:58:07,508][__main__][INFO] - ✓ [google/gemma-3-12b-it] Temp=0.0 Rep=1 → Concordo fortemente
[2026-05-12 11:58:07,568][__main__][INFO] - ✓ [google/gemma-3-12b-it] Temp=0.0 Rep=1 → Concordo fortemente
[2026-05-12 11:58:07,622][__main__][INFO] - ✓ [google/gemma-3-12b-it] Temp=0.0 Rep=1 → Concordo
[2026-05-12 11:58:07,706][__main__][INFO] - ✓ [mistralai/Mixtral-8x7B-Instruct-v0.1] Temp=0.0 Rep=1 → Concordo
[2026-05-12 11:58:07,710][__main__][INFO] - ✓ [mistralai/Mixtral-8x7B-Instruct-v0.1] Temp=0.0 Rep=1 → Neutro
[2026-05-12 11:58:07,710][__main__][INFO] - ✓ [mistralai/Mixtral-8x7B-Instruct-v0.1] Temp=0.0 Rep=1 → Concordo
[2026-05-12 11:58:07,756][__main__][INFO] - ✓ [google/gemma-3-12b-it] Temp=0.0 Rep=1 → Neutro
[2026-05-12 11:58:07,889][__main__][INFO] - ✓ [google/gemma-3-12b-it] Temp=0.0 Rep=1 → Concordo fortemente
[2026-05-12 11:58:07,951][__main__][INFO] - ✓ [google/gemma-3-12b-it] Temp=0.0 Rep=1 → Concordo
[2026-05-12 11:58:07,993][__main__][INFO] - ✓ [mistralai/Mixtral-8x7B-Instruct-v0.1] Temp=0.0 Rep=1 → Neutro
[2026-05-12 11:58:08,115][__main__][INFO] - ✓ [google/gemma-3-12b-it] Temp=0.0 Rep=1 → Concordo fortemente
[2026-05-12 11:58:08,123][__main__][INFO] - ✓ [mistralai/Mixtral-8x7B-Instruct-v0.1] Temp=0.0 Rep=1 → Discordo
[2026-05-12 11:58:08,181][__main__][INFO] - ✓ [google/gemma-3-12b-it] Temp=0.0 Rep=1 → Discordo fortemente
[2026-05-12 11:58:08,221][__main__][INFO] - ✓ [google/gemma-3-12b-it] Temp=0.0 Rep=1 → Concordo
[2026-05-12 11:58:08,259][__main__][INFO] - ✓ [mistralai/Mixtral-8x7B-Instruct-v0.1] Temp=0.0 Rep=1 → Concordo
[2026-05-12 11:58:08,296][__main__][INFO] - ✓ [mistralai/Mixtral-8x7B-Instruct-v0.1] Temp=0.0 Rep=1 → Concordo fortemente
[2026-05-12 11:58:08,300][__main__][INFO] - ✓ [mistralai/Mixtral-8x7B-Instruct-v0.1] Temp=0.0 Rep=1 → Neutro
[2026-05-12 11:58:08,411][__main__][INFO] - ✓ [google/gemma-3-12b-it] Temp=0.0 Rep=1 → Neutro
[2026-05-12 11:58:08,419][__main__][INFO] - ✓ [google/gemma-3-12b-it] Temp=0.0 Rep=1 → Neutro
[2026-05-12 11:58:08,420][__main__][INFO] - ✓ [mistralai/Mixtral-8x7B-Instruct-v0.1] Temp=0.0 Rep=1 → Neutro
[2026-05-12 11:58:08,509][__main__][INFO] - Salvamento incremental (680 novas respostas)...
[2026-05-12 11:58:08,553][__main__][INFO] - Cache salvo com 237144 entradas
[2026-05-12 11:58:08,553][__main__][INFO] - ✓ [google/gemma-3-12b-it] Temp=0.0 Rep=1 → Concordo
[2026-05-12 11:58:08,565][__main__][INFO] - ✓ [mistralai/Mixtral-8x7B-Instruct-v0.1] Temp=0.0 Rep=1 → Concordo
[2026-05-12 11:58:08,572][__main__][INFO] - ✓ [google/gemma-3-12b-it] Temp=0.0 Rep=1 → Concordo
[2026-05-12 11:58:08,601][__main__][INFO] - ✓ [mistralai/Mixtral-8x7B-Instruct-v0.1] Temp=0.0 Rep=1 → Neutro
[2026-05-12 11:58:08,604][__main__][INFO] - ✓ [google/gemma-3-12b-it] Temp=0.0 Rep=1 → Concordo
[2026-05-12 11:58:08,609][__main__][INFO] - ✓ [google/gemma-3-12b-it] Temp=0.0 Rep=1 → Neutro
[2026-05-12 11:58:08,611][__main__][INFO] - ✓ [mistralai/Mixtral-8x7B-Instruct-v0.1] Temp=0.0 Rep=1 → Neutro
[2026-05-12 11:58:08,935][__main__][INFO] - ✓ [mistralai/Mixtral-8x7B-Instruct-v0.1] Temp=0.0 Rep=1 → Discordo
[2026-05-12 11:58:08,939][__main__][INFO] - ✓ [mistralai/Mixtral-8x7B-Instruct-v0.1] Temp=0.0 Rep=1 → Concordo fortemente
[2026-05-12 11:58:08,978][__main__][INFO] - ✓ [google/gemma-3-12b-it] Temp=0.0 Rep=1 → Neutro
[2026-05-12 11:58:09,039][__main__][INFO] - ✓ [google/gemma-3-12b-it] Temp=0.0 Rep=1 → Discordo fortemente
[2026-05-12 11:58:09,083][__main__][INFO] - ✓ [google/gemma-3-12b-it] Temp=0.0 Rep=1 → Concordo fortemente
[2026-05-12 11:58:09,085][__main__][INFO] - ✓ [google/gemma-3-12b-it] Temp=0.0 Rep=1 → Neutro
[2026-05-12 11:58:09,096][__main__][INFO] - ✓ [mistralai/Mixtral-8x7B-Instruct-v0.1] Temp=0.0 Rep=1 → Concordo fortemente
[2026-05-12 11:58:09,103][__main__][INFO] - ✓ [mistralai/Mixtral-8x7B-Instruct-v0.1] Temp=0.0 Rep=1 → Neutro
[2026-05-12 11:58:09,106][__main__][INFO] - ✓ [google/gemma-3-12b-it] Temp=0.0 Rep=1 → Discordo fortemente
[2026-05-12 11:58:09,256][__main__][INFO] - ✓ [google/gemma-3-12b-it] Temp=0.0 Rep=1 → Concordo fortemente
[2026-05-12 11:58:09,314][__main__][INFO] - ✓ [mistralai/Mixtral-8x7B-Instruct-v0.1] Temp=0.0 Rep=1 → Neutro
[2026-05-12 11:58:09,342][__main__][INFO] - ✓ [mistralai/Mixtral-8x7B-Instruct-v0.1] Temp=0.0 Rep=1 → Discordo
[2026-05-12 11:58:09,366][__main__][INFO] - ✓ [google/gemma-3-12b-it] Temp=0.0 Rep=1 → Discordo
[2026-05-12 11:58:09,465][__main__][INFO] - ✓ [mistralai/Mixtral-8x7B-Instruct-v0.1] Temp=0.0 Rep=1 → Concordo
[2026-05-12 11:58:09,465][__main__][INFO] - ✓ [mistralai/Mixtral-8x7B-Instruct-v0.1] Temp=0.0 Rep=1 → Concordo fortemente
[2026-05-12 11:58:09,466][__main__][INFO] - ✓ [mistralai/Mixtral-8x7B-Instruct-v0.1] Temp=0.0 Rep=1 → Concordo
[2026-05-12 11:58:09,478][__main__][INFO] - ✓ [google/gemma-3-12b-it] Temp=0.0 Rep=1 → Concordo fortemente
[2026-05-12 11:58:09,533][__main__][INFO] - ✓ [google/gemma-3-12b-it] Temp=0.0 Rep=1 → Concordo
[2026-05-12 11:58:09,628][__main__][INFO] - ✓ [google/gemma-3-12b-it] Temp=0.0 Rep=1 → Discordo
[2026-05-12 11:58:09,642][__main__][INFO] - ✓ [mistralai/Mixtral-8x7B-Instruct-v0.1] Temp=0.0 Rep=1 → Concordo fortemente
[2026-05-12 11:58:09,644][__main__][INFO] - ✓ [google/gemma-3-12b-it] Temp=0.0 Rep=1 → Concordo fortemente
[2026-05-12 11:58:09,698][__main__][INFO] - ✓ [google/gemma-3-12b-it] Temp=0.0 Rep=1 → Concordo
[2026-05-12 11:58:09,775][__main__][INFO] - ✓ [mistralai/Mixtral-8x7B-Instruct-v0.1] Temp=0.0 Rep=1 → Discordo
[2026-05-12 11:58:09,793][__main__][INFO] - ✓ [mistralai/Mixtral-8x7B-Instruct-v0.1] Temp=0.0 Rep=1 → Concordo
[2026-05-12 11:58:09,983][__main__][INFO] - ✓ [google/gemma-3-12b-it] Temp=0.0 Rep=1 → Concordo
[2026-05-12 11:58:09,984][__main__][INFO] - ✓ [mistralai/Mixtral-8x7B-Instruct-v0.1] Temp=0.0 Rep=1 → Concordo
[2026-05-12 11:58:09,984][__main__][INFO] - ✓ [mistralai/Mixtral-8x7B-Instruct-v0.1] Temp=0.0 Rep=1 → Concordo fortemente
[2026-05-12 11:58:10,095][__main__][INFO] - ✓ [mistralai/Mixtral-8x7B-Instruct-v0.1] Temp=0.0 Rep=1 → Concordo
[2026-05-12 11:58:10,128][__main__][INFO] - ✓ [google/gemma-3-12b-it] Temp=0.0 Rep=1 → Concordo fortemente
[2026-05-12 11:58:10,148][__main__][INFO] - ✓ [google/gemma-3-12b-it] Temp=0.0 Rep=1 → Discordo
[2026-05-12 11:58:10,190][__main__][INFO] - ✓ [google/gemma-3-12b-it] Temp=0.0 Rep=1 → Discordo
[2026-05-12 11:58:10,318][__main__][INFO] - ✓ [mistralai/Mixtral-8x7B-Instruct-v0.1] Temp=0.0 Rep=1 → Concordo
[2026-05-12 11:58:10,319][__main__][INFO] - ✓ [mistralai/Mixtral-8x7B-Instruct-v0.1] Temp=0.0 Rep=1 → Concordo fortemente
[2026-05-12 11:58:10,383][__main__][INFO] - Salvamento incremental (720 novas respostas)...
[2026-05-12 11:58:10,431][__main__][INFO] - Cache salvo com 237184 entradas
[2026-05-12 11:58:10,431][__main__][INFO] - ✓ [google/gemma-3-12b-it] Temp=0.0 Rep=1 → Concordo
[2026-05-12 11:58:10,432][__main__][INFO] - ✓ [google/gemma-3-12b-it] Temp=0.0 Rep=1 → Concordo fortemente
[2026-05-12 11:58:10,509][__main__][INFO] - ✓ [mistralai/Mixtral-8x7B-Instruct-v0.1] Temp=0.0 Rep=1 → Concordo
[2026-05-12 11:58:10,524][__main__][INFO] - ✓ [mistralai/Mixtral-8x7B-Instruct-v0.1] Temp=0.0 Rep=1 → Concordo fortemente
[2026-05-12 11:58:10,578][__main__][INFO] - ✓ [google/gemma-3-12b-it] Temp=0.0 Rep=1 → Discordo
[2026-05-12 11:58:10,633][__main__][INFO] - ✓ [mistralai/Mixtral-8x7B-Instruct-v0.1] Temp=0.0 Rep=1 → Concordo
[2026-05-12 11:58:10,793][__main__][INFO] - ✓ [google/gemma-3-12b-it] Temp=0.0 Rep=1 → Concordo
[2026-05-12 11:58:10,820][__main__][INFO] - ✓ [mistralai/Mixtral-8x7B-Instruct-v0.1] Temp=0.0 Rep=1 → Concordo
[2026-05-12 11:58:10,825][__main__][INFO] - ✓ [mistralai/Mixtral-8x7B-Instruct-v0.1] Temp=0.0 Rep=1 → Concordo fortemente
[2026-05-12 11:58:10,828][__main__][INFO] - ✓ [mistralai/Mixtral-8x7B-Instruct-v0.1] Temp=0.0 Rep=1 → Concordo fortemente
[2026-05-12 11:58:10,861][__main__][INFO] - ✓ [mistralai/Mixtral-8x7B-Instruct-v0.1] Temp=0.0 Rep=1 → Concordo
[2026-05-12 11:58:10,871][__main__][INFO] - ✓ [google/gemma-3-12b-it] Temp=0.0 Rep=1 → Concordo fortemente
[2026-05-12 11:58:11,054][__main__][INFO] - ✓ [google/gemma-3-12b-it] Temp=0.0 Rep=1 → Concordo fortemente
[2026-05-12 11:58:11,056][__main__][INFO] - ✓ [google/gemma-3-12b-it] Temp=0.0 Rep=1 → Discordo
[2026-05-12 11:58:11,116][__main__][INFO] - ✓ [google/gemma-3-12b-it] Temp=0.0 Rep=1 → Concordo
[2026-05-12 11:58:11,137][__main__][INFO] - ✓ [mistralai/Mixtral-8x7B-Instruct-v0.1] Temp=0.0 Rep=1 → Discordo fortemente
[2026-05-12 11:58:11,148][__main__][INFO] - ✓ [mistralai/Mixtral-8x7B-Instruct-v0.1] Temp=0.0 Rep=1 → Concordo fortemente
[2026-05-12 11:58:11,202][__main__][INFO] - ✓ [mistralai/Mixtral-8x7B-Instruct-v0.1] Temp=0.0 Rep=1 → Neutro
[2026-05-12 11:58:11,315][__main__][INFO] - ✓ [google/gemma-3-12b-it] Temp=0.0 Rep=1 → Neutro
[2026-05-12 11:58:11,405][__main__][INFO] - ✓ [mistralai/Mixtral-8x7B-Instruct-v0.1] Temp=0.0 Rep=1 → Concordo
[2026-05-12 11:58:11,416][__main__][INFO] - ✓ [google/gemma-3-12b-it] Temp=0.0 Rep=1 → Discordo fortemente
[2026-05-12 11:58:11,536][__main__][INFO] - ✓ [google/gemma-3-12b-it] Temp=0.0 Rep=1 → Concordo fortemente
[2026-05-12 11:58:11,548][__main__][INFO] - ✓ [mistralai/Mixtral-8x7B-Instruct-v0.1] Temp=0.0 Rep=1 → Discordo fortemente
[2026-05-12 11:58:11,557][__main__][INFO] - ✓ [mistralai/Mixtral-8x7B-Instruct-v0.1] Temp=0.0 Rep=1 → Neutro
[2026-05-12 11:58:11,587][__main__][INFO] - ✓ [google/gemma-3-12b-it] Temp=0.0 Rep=1 → Discordo fortemente
[2026-05-12 11:58:11,665][__main__][INFO] - ✓ [google/gemma-3-12b-it] Temp=0.0 Rep=1 → Concordo
[2026-05-12 11:58:11,710][__main__][INFO] - ✓ [mistralai/Mixtral-8x7B-Instruct-v0.1] Temp=0.0 Rep=1 → Concordo fortemente
[2026-05-12 11:58:11,753][__main__][INFO] - ✓ [google/gemma-3-12b-it] Temp=0.0 Rep=1 → Neutro
[2026-05-12 11:58:11,827][__main__][INFO] - ✓ [google/gemma-3-12b-it] Temp=0.0 Rep=1 → Discordo
[2026-05-12 11:58:11,830][__main__][INFO] - ✓ [google/gemma-3-12b-it] Temp=0.0 Rep=1 → Concordo fortemente
[2026-05-12 11:58:11,856][__main__][INFO] - ✓ [mistralai/Mixtral-8x7B-Instruct-v0.1] Temp=0.0 Rep=1 → Discordo fortemente
[2026-05-12 11:58:11,895][__main__][INFO] - ✓ [google/gemma-3-12b-it] Temp=0.0 Rep=1 → Neutro
[2026-05-12 11:58:12,088][__main__][INFO] - ✓ [mistralai/Mixtral-8x7B-Instruct-v0.1] Temp=0.0 Rep=1 → Discordo
[2026-05-12 11:58:12,089][__main__][INFO] - ✓ [google/gemma-3-12b-it] Temp=0.0 Rep=1 → Discordo
[2026-05-12 11:58:12,095][__main__][INFO] - ✓ [google/gemma-3-12b-it] Temp=0.0 Rep=1 → Concordo fortemente
[2026-05-12 11:58:12,134][__main__][INFO] - ✓ [mistralai/Mixtral-8x7B-Instruct-v0.1] Temp=0.0 Rep=1 → Neutro
[2026-05-12 11:58:12,207][__main__][INFO] - ✓ [mistralai/Mixtral-8x7B-Instruct-v0.1] Temp=0.0 Rep=1 → Neutro
[2026-05-12 11:58:12,282][__main__][INFO] - ✓ [mistralai/Mixtral-8x7B-Instruct-v0.1] Temp=0.0 Rep=1 → Concordo fortemente
[2026-05-12 11:58:12,413][__main__][INFO] - ✓ [google/gemma-3-12b-it] Temp=0.0 Rep=1 → Concordo
[2026-05-12 11:58:12,416][__main__][INFO] - ✓ [mistralai/Mixtral-8x7B-Instruct-v0.1] Temp=0.0 Rep=1 → Concordo fortemente
[2026-05-12 11:58:12,419][__main__][INFO] - Salvamento incremental (760 novas respostas)...
[2026-05-12 11:58:12,471][__main__][INFO] - Cache salvo com 237224 entradas
[2026-05-12 11:58:12,471][__main__][INFO] - ✓ [google/gemma-3-12b-it] Temp=0.0 Rep=1 → Discordo fortemente
[2026-05-12 11:58:12,473][__main__][INFO] - ✓ [mistralai/Mixtral-8x7B-Instruct-v0.1] Temp=0.0 Rep=1 → Neutro
[2026-05-12 11:58:12,474][__main__][INFO] - ✓ [mistralai/Mixtral-8x7B-Instruct-v0.1] Temp=0.0 Rep=1 → Discordo fortemente
[2026-05-12 11:58:12,490][__main__][INFO] - ✓ [google/gemma-3-12b-it] Temp=0.0 Rep=1 → Neutro
[2026-05-12 11:58:12,709][__main__][INFO] - ✓ [google/gemma-3-12b-it] Temp=0.0 Rep=1 → Concordo fortemente
[2026-05-12 11:58:12,714][__main__][INFO] - ✓ [mistralai/Mixtral-8x7B-Instruct-v0.1] Temp=0.0 Rep=1 → Concordo fortemente
[2026-05-12 11:58:12,733][__main__][INFO] - ✓ [mistralai/Mixtral-8x7B-Instruct-v0.1] Temp=0.0 Rep=1 → Discordo
[2026-05-12 11:58:12,750][__main__][INFO] - ✓ [mistralai/Mixtral-8x7B-Instruct-v0.1] Temp=0.0 Rep=1 → Neutro
[2026-05-12 11:58:12,799][__main__][INFO] - ✓ [google/gemma-3-12b-it] Temp=0.0 Rep=1 → Neutro
[2026-05-12 11:58:12,897][__main__][INFO] - ✓ [google/gemma-3-12b-it] Temp=0.0 Rep=1 → Concordo
[2026-05-12 11:58:12,962][__main__][INFO] - ✓ [google/gemma-3-12b-it] Temp=0.0 Rep=1 → Discordo
[2026-05-12 11:58:13,007][__main__][INFO] - ✓ [google/gemma-3-12b-it] Temp=0.0 Rep=1 → Concordo
[2026-05-12 11:58:13,137][__main__][INFO] - ✓ [mistralai/Mixtral-8x7B-Instruct-v0.1] Temp=0.0 Rep=1 → Discordo
[2026-05-12 11:58:13,138][__main__][INFO] - ✓ [google/gemma-3-12b-it] Temp=0.0 Rep=1 → Concordo
[2026-05-12 11:58:13,138][__main__][INFO] - ✓ [mistralai/Mixtral-8x7B-Instruct-v0.1] Temp=0.0 Rep=1 → Concordo
[2026-05-12 11:58:13,142][__main__][INFO] - ✓ [mistralai/Mixtral-8x7B-Instruct-v0.1] Temp=0.0 Rep=1 → Concordo
[2026-05-12 11:58:13,148][__main__][INFO] - ✓ [google/gemma-3-12b-it] Temp=0.0 Rep=1 → Neutro
[2026-05-12 11:58:13,215][__main__][INFO] - ✓ [google/gemma-3-12b-it] Temp=0.0 Rep=1 → Neutro
[2026-05-12 11:58:13,309][__main__][INFO] - ✓ [mistralai/Mixtral-8x7B-Instruct-v0.1] Temp=0.0 Rep=1 → Concordo
[2026-05-12 11:58:13,319][__main__][INFO] - ✓ [mistralai/Mixtral-8x7B-Instruct-v0.1] Temp=0.0 Rep=1 → Concordo fortemente
[2026-05-12 11:58:13,415][__main__][INFO] - ✓ [google/gemma-3-12b-it] Temp=0.0 Rep=1 → Concordo fortemente
[2026-05-12 11:58:13,420][__main__][INFO] - ✓ [mistralai/Mixtral-8x7B-Instruct-v0.1] Temp=0.0 Rep=1 → Concordo
[2026-05-12 11:58:13,427][__main__][INFO] - ✓ [mistralai/Mixtral-8x7B-Instruct-v0.1] Temp=0.0 Rep=1 → Discordo
[2026-05-12 11:58:13,505][__main__][INFO] - ✓ [mistralai/Mixtral-8x7B-Instruct-v0.1] Temp=0.0 Rep=1 → Concordo
[2026-05-12 11:58:13,662][__main__][INFO] - ✓ [mistralai/Mixtral-8x7B-Instruct-v0.1] Temp=0.0 Rep=1 → Concordo
[2026-05-12 11:58:13,668][__main__][INFO] - ✓ [google/gemma-3-12b-it] Temp=0.0 Rep=1 → Neutro
[2026-05-12 11:58:13,668][__main__][INFO] - ✓ [google/gemma-3-12b-it] Temp=0.0 Rep=1 → Concordo fortemente
[2026-05-12 11:58:13,669][__main__][INFO] - ✓ [google/gemma-3-12b-it] Temp=0.0 Rep=1 → Neutro
[2026-05-12 11:58:13,678][__main__][INFO] - ✓ [google/gemma-3-12b-it] Temp=0.0 Rep=1 → Concordo
[2026-05-12 11:58:13,785][__main__][INFO] - ✓ [mistralai/Mixtral-8x7B-Instruct-v0.1] Temp=0.0 Rep=1 → Concordo fortemente
[2026-05-12 11:58:13,878][__main__][INFO] - ✓ [mistralai/Mixtral-8x7B-Instruct-v0.1] Temp=0.0 Rep=1 → Concordo
[2026-05-12 11:58:13,931][__main__][INFO] - ✓ [google/gemma-3-12b-it] Temp=0.0 Rep=1 → Concordo fortemente
[2026-05-12 11:58:13,951][__main__][INFO] - ✓ [mistralai/Mixtral-8x7B-Instruct-v0.1] Temp=0.0 Rep=1 → Discordo
[2026-05-12 11:58:13,963][__main__][INFO] - ✓ [google/gemma-3-12b-it] Temp=0.0 Rep=1 → Concordo
[2026-05-12 11:58:13,988][__main__][INFO] - ✓ [mistralai/Mixtral-8x7B-Instruct-v0.1] Temp=0.0 Rep=1 → Concordo fortemente
[2026-05-12 11:58:14,058][__main__][INFO] - ✓ [google/gemma-3-12b-it] Temp=0.0 Rep=1 → Concordo fortemente
[2026-05-12 11:58:14,068][__main__][INFO] - ✓ [mistralai/Mixtral-8x7B-Instruct-v0.1] Temp=0.0 Rep=1 → Concordo
[2026-05-12 11:58:14,180][__main__][INFO] - ✓ [google/gemma-3-12b-it] Temp=0.0 Rep=1 → Discordo
[2026-05-12 11:58:14,183][__main__][INFO] - ✓ [mistralai/Mixtral-8x7B-Instruct-v0.1] Temp=0.0 Rep=1 → Concordo
[2026-05-12 11:58:14,267][__main__][INFO] - ✓ [google/gemma-3-12b-it] Temp=0.0 Rep=1 → Concordo
[2026-05-12 11:58:14,271][__main__][INFO] - Salvamento incremental (800 novas respostas)...
[2026-05-12 11:58:14,315][__main__][INFO] - Cache salvo com 237264 entradas
[2026-05-12 11:58:14,315][__main__][INFO] - ✓ [google/gemma-3-12b-it] Temp=0.0 Rep=1 → Concordo
[2026-05-12 11:58:14,416][__main__][INFO] - ✓ [mistralai/Mixtral-8x7B-Instruct-v0.1] Temp=0.0 Rep=1 → Concordo fortemente
[2026-05-12 11:58:14,455][__main__][INFO] - ✓ [google/gemma-3-12b-it] Temp=0.0 Rep=1 → Neutro
[2026-05-12 11:58:14,463][__main__][INFO] - ✓ [mistralai/Mixtral-8x7B-Instruct-v0.1] Temp=0.0 Rep=1 → Discordo
[2026-05-12 11:58:14,536][__main__][INFO] - ✓ [google/gemma-3-12b-it] Temp=0.0 Rep=1 → Neutro
[2026-05-12 11:58:14,713][__main__][INFO] - ✓ [google/gemma-3-12b-it] Temp=0.0 Rep=1 → Concordo
[2026-05-12 11:58:14,717][__main__][INFO] - ✓ [mistralai/Mixtral-8x7B-Instruct-v0.1] Temp=0.0 Rep=1 → Neutro
[2026-05-12 11:58:14,829][__main__][INFO] - ✓ [google/gemma-3-12b-it] Temp=0.0 Rep=1 → Concordo
[2026-05-12 11:58:14,837][__main__][INFO] - ✓ [mistralai/Mixtral-8x7B-Instruct-v0.1] Temp=0.0 Rep=1 → Concordo
[2026-05-12 11:58:14,922][__main__][INFO] - ✓ [mistralai/Mixtral-8x7B-Instruct-v0.1] Temp=0.0 Rep=1 → Concordo
[2026-05-12 11:58:14,957][__main__][INFO] - ✓ [mistralai/Mixtral-8x7B-Instruct-v0.1] Temp=0.0 Rep=1 → Concordo fortemente
[2026-05-12 11:58:15,058][__main__][INFO] - ✓ [google/gemma-3-12b-it] Temp=0.0 Rep=1 → Concordo fortemente
[2026-05-12 11:58:15,096][__main__][INFO] - ✓ [google/gemma-3-12b-it] Temp=0.0 Rep=1 → Concordo fortemente
[2026-05-12 11:58:15,098][__main__][INFO] - ✓ [google/gemma-3-12b-it] Temp=0.0 Rep=1 → Neutro
[2026-05-12 11:58:15,133][__main__][INFO] - ✓ [google/gemma-3-12b-it] Temp=0.0 Rep=1 → Concordo fortemente
[2026-05-12 11:58:15,134][__main__][INFO] - ✓ [google/gemma-3-12b-it] Temp=0.0 Rep=1 → Neutro
[2026-05-12 11:58:15,393][__main__][INFO] - ✓ [google/gemma-3-12b-it] Temp=0.0 Rep=1 → Neutro
[2026-05-12 11:58:15,526][__main__][INFO] - ✓ [google/gemma-3-12b-it] Temp=0.0 Rep=1 → Concordo fortemente
[2026-05-12 11:58:15,565][__main__][INFO] - ✓ [google/gemma-3-12b-it] Temp=0.0 Rep=1 → Concordo fortemente
[2026-05-12 11:58:15,752][__main__][INFO] - ✓ [google/gemma-3-12b-it] Temp=0.0 Rep=1 → Neutro
[2026-05-12 11:58:15,799][__main__][INFO] - ✓ [mistralai/Mixtral-8x7B-Instruct-v0.1] Temp=0.0 Rep=1 → Concordo fortemente
[2026-05-12 11:58:15,885][__main__][INFO] - ✓ [google/gemma-3-12b-it] Temp=0.0 Rep=1 → Concordo
[2026-05-12 11:58:15,928][__main__][INFO] - ✓ [mistralai/Mixtral-8x7B-Instruct-v0.1] Temp=0.0 Rep=1 → Concordo
[2026-05-12 11:58:15,937][__main__][INFO] - ✓ [mistralai/Mixtral-8x7B-Instruct-v0.1] Temp=0.0 Rep=1 → Neutro
[2026-05-12 11:58:15,940][__main__][INFO] - ✓ [mistralai/Mixtral-8x7B-Instruct-v0.1] Temp=0.0 Rep=1 → Concordo fortemente
[2026-05-12 11:58:15,946][__main__][INFO] - ✓ [mistralai/Mixtral-8x7B-Instruct-v0.1] Temp=0.0 Rep=1 → Concordo
[2026-05-12 11:58:15,947][__main__][INFO] - ✓ [mistralai/Mixtral-8x7B-Instruct-v0.1] Temp=0.0 Rep=1 → Discordo
[2026-05-12 11:58:15,952][__main__][INFO] - ✓ [mistralai/Mixtral-8x7B-Instruct-v0.1] Temp=0.0 Rep=1 → Concordo
[2026-05-12 11:58:16,006][__main__][INFO] - ✓ [google/gemma-3-12b-it] Temp=0.0 Rep=1 → Neutro
[2026-05-12 11:58:16,290][__main__][INFO] - ✓ [mistralai/Mixtral-8x7B-Instruct-v0.1] Temp=0.0 Rep=1 → Concordo
[2026-05-12 11:58:16,290][__main__][INFO] - ✓ [mistralai/Mixtral-8x7B-Instruct-v0.1] Temp=0.0 Rep=1 → Neutro
[2026-05-12 11:58:16,295][__main__][INFO] - ✓ [mistralai/Mixtral-8x7B-Instruct-v0.1] Temp=0.0 Rep=1 → Discordo fortemente
[2026-05-12 11:58:16,295][__main__][INFO] - ✓ [mistralai/Mixtral-8x7B-Instruct-v0.1] Temp=0.0 Rep=1 → Neutro
[2026-05-12 11:58:16,376][__main__][INFO] - ✓ [mistralai/Mixtral-8x7B-Instruct-v0.1] Temp=0.0 Rep=1 → Concordo
[2026-05-12 11:58:16,512][__main__][INFO] - ✓ [google/gemma-3-12b-it] Temp=0.0 Rep=1 → Neutro
[2026-05-12 11:58:16,515][__main__][INFO] - ✓ [google/gemma-3-12b-it] Temp=0.0 Rep=1 → Neutro
[2026-05-12 11:58:16,611][__main__][INFO] - ✓ [google/gemma-3-12b-it] Temp=0.0 Rep=1 → Neutro
[2026-05-12 11:58:16,620][__main__][INFO] - ✓ [mistralai/Mixtral-8x7B-Instruct-v0.1] Temp=0.0 Rep=1 → Neutro
[2026-05-12 11:58:16,624][__main__][INFO] - ✓ [mistralai/Mixtral-8x7B-Instruct-v0.1] Temp=0.0 Rep=1 → Neutro
[2026-05-12 11:58:16,636][__main__][INFO] - ✓ [mistralai/Mixtral-8x7B-Instruct-v0.1] Temp=0.0 Rep=1 → Concordo fortemente
[2026-05-12 11:58:16,813][__main__][INFO] - Salvamento incremental (840 novas respostas)...
[2026-05-12 11:58:16,858][__main__][INFO] - Cache salvo com 237304 entradas
[2026-05-12 11:58:16,858][__main__][INFO] - ✓ [google/gemma-3-12b-it] Temp=0.0 Rep=1 → Concordo fortemente
[2026-05-12 11:58:16,859][__main__][INFO] - ✓ [google/gemma-3-12b-it] Temp=0.0 Rep=1 → Neutro
[2026-05-12 11:58:16,883][__main__][INFO] - ✓ [google/gemma-3-12b-it] Temp=0.0 Rep=1 → Discordo
[2026-05-12 11:58:16,892][__main__][INFO] - ✓ [google/gemma-3-12b-it] Temp=0.0 Rep=1 → Neutro
[2026-05-12 11:58:16,922][__main__][INFO] - ✓ [google/gemma-3-12b-it] Temp=0.0 Rep=1 → Concordo
[2026-05-12 11:58:16,998][__main__][INFO] - ✓ [google/gemma-3-12b-it] Temp=0.0 Rep=1 → Concordo
[2026-05-12 11:58:17,136][__main__][INFO] - ✓ [mistralai/Mixtral-8x7B-Instruct-v0.1] Temp=0.0 Rep=1 → Concordo
[2026-05-12 11:58:17,140][__main__][INFO] - ✓ [google/gemma-3-12b-it] Temp=0.0 Rep=1 → Neutro
[2026-05-12 11:58:17,190][__main__][INFO] - ✓ [mistralai/Mixtral-8x7B-Instruct-v0.1] Temp=0.0 Rep=1 → Neutro
[2026-05-12 11:58:17,442][__main__][INFO] - ✓ [google/gemma-3-12b-it] Temp=0.0 Rep=1 → Neutro
[2026-05-12 11:58:17,514][__main__][INFO] - ✓ [mistralai/Mixtral-8x7B-Instruct-v0.1] Temp=0.0 Rep=1 → Concordo
[2026-05-12 11:58:17,540][__main__][INFO] - ✓ [google/gemma-3-12b-it] Temp=0.0 Rep=1 → Concordo
[2026-05-12 11:58:17,598][__main__][INFO] - ✓ [mistralai/Mixtral-8x7B-Instruct-v0.1] Temp=0.0 Rep=1 → Concordo
[2026-05-12 11:58:17,613][__main__][INFO] - ✓ [mistralai/Mixtral-8x7B-Instruct-v0.1] Temp=0.0 Rep=1 → Concordo
[2026-05-12 11:58:17,626][__main__][INFO] - ✓ [mistralai/Mixtral-8x7B-Instruct-v0.1] Temp=0.0 Rep=1 → Neutro
[2026-05-12 11:58:17,670][__main__][INFO] - ✓ [mistralai/Mixtral-8x7B-Instruct-v0.1] Temp=0.0 Rep=1 → Concordo fortemente
[2026-05-12 11:58:17,755][__main__][INFO] - ✓ [google/gemma-3-12b-it] Temp=0.0 Rep=1 → Concordo
[2026-05-12 11:58:17,851][__main__][INFO] - ✓ [google/gemma-3-12b-it] Temp=0.0 Rep=1 → Concordo fortemente
[2026-05-12 11:58:17,855][__main__][INFO] - ✓ [google/gemma-3-12b-it] Temp=0.0 Rep=1 → Concordo fortemente
[2026-05-12 11:58:17,882][__main__][INFO] - ✓ [mistralai/Mixtral-8x7B-Instruct-v0.1] Temp=0.0 Rep=1 → Concordo
[2026-05-12 11:58:17,887][__main__][INFO] - ✓ [mistralai/Mixtral-8x7B-Instruct-v0.1] Temp=0.0 Rep=1 → Concordo
[2026-05-12 11:58:17,925][__main__][INFO] - ✓ [mistralai/Mixtral-8x7B-Instruct-v0.1] Temp=0.0 Rep=1 → Concordo fortemente
[2026-05-12 11:58:17,973][__main__][INFO] - ✓ [mistralai/Mixtral-8x7B-Instruct-v0.1] Temp=0.0 Rep=1 → Concordo
[2026-05-12 11:58:17,989][__main__][INFO] - ✓ [google/gemma-3-12b-it] Temp=0.0 Rep=1 → Concordo
[2026-05-12 11:58:18,143][__main__][INFO] - ✓ [google/gemma-3-12b-it] Temp=0.0 Rep=1 → Concordo fortemente
[2026-05-12 11:58:18,214][__main__][INFO] - ✓ [mistralai/Mixtral-8x7B-Instruct-v0.1] Temp=0.0 Rep=1 → Concordo fortemente
[2026-05-12 11:58:18,252][__main__][INFO] - ✓ [mistralai/Mixtral-8x7B-Instruct-v0.1] Temp=0.0 Rep=1 → Concordo
[2026-05-12 11:58:18,376][__main__][INFO] - ✓ [mistralai/Mixtral-8x7B-Instruct-v0.1] Temp=0.0 Rep=1 → Concordo
[2026-05-12 11:58:18,379][__main__][INFO] - ✓ [mistralai/Mixtral-8x7B-Instruct-v0.1] Temp=0.0 Rep=1 → Concordo
[2026-05-12 11:58:18,400][__main__][INFO] - ✓ [google/gemma-3-12b-it] Temp=0.0 Rep=1 → Neutro
[2026-05-12 11:58:18,495][__main__][INFO] - ✓ [google/gemma-3-12b-it] Temp=0.0 Rep=1 → Neutro
[2026-05-12 11:58:18,499][__main__][INFO] - ✓ [google/gemma-3-12b-it] Temp=0.0 Rep=1 → Concordo
[2026-05-12 11:58:18,563][__main__][INFO] - ✓ [mistralai/Mixtral-8x7B-Instruct-v0.1] Temp=0.0 Rep=1 → Concordo fortemente
[2026-05-12 11:58:18,606][__main__][INFO] - ✓ [google/gemma-3-12b-it] Temp=0.0 Rep=1 → Concordo fortemente
[2026-05-12 11:58:18,619][__main__][INFO] - ✓ [google/gemma-3-12b-it] Temp=0.0 Rep=1 → Concordo fortemente
[2026-05-12 11:58:18,680][__main__][INFO] - ✓ [google/gemma-3-12b-it] Temp=0.0 Rep=1 → Concordo
[2026-05-12 11:58:18,716][__main__][INFO] - ✓ [google/gemma-3-12b-it] Temp=0.0 Rep=1 → Concordo
[2026-05-12 11:58:18,897][__main__][INFO] - ✓ [google/gemma-3-12b-it] Temp=0.0 Rep=1 → Neutro
[2026-05-12 11:58:18,903][__main__][INFO] - ✓ [google/gemma-3-12b-it] Temp=0.0 Rep=1 → Neutro
[2026-05-12 11:58:18,911][__main__][INFO] - ✓ [google/gemma-3-12b-it] Temp=0.0 Rep=1 → Concordo
[2026-05-12 11:58:18,958][__main__][INFO] - Salvamento incremental (880 novas respostas)...
[2026-05-12 11:58:19,012][__main__][INFO] - Cache salvo com 237344 entradas
[2026-05-12 11:58:19,012][__main__][INFO] - ✓ [mistralai/Mixtral-8x7B-Instruct-v0.1] Temp=0.0 Rep=1 → Neutro
[2026-05-12 11:58:19,172][__main__][INFO] - ✓ [mistralai/Mixtral-8x7B-Instruct-v0.1] Temp=0.0 Rep=1 → Concordo fortemente
[2026-05-12 11:58:19,178][__main__][INFO] - ✓ [google/gemma-3-12b-it] Temp=0.0 Rep=1 → Neutro
[2026-05-12 11:58:19,183][__main__][INFO] - ✓ [google/gemma-3-12b-it] Temp=0.0 Rep=1 → Concordo
[2026-05-12 11:58:19,185][__main__][INFO] - ✓ [mistralai/Mixtral-8x7B-Instruct-v0.1] Temp=0.0 Rep=1 → Concordo
[2026-05-12 11:58:19,192][__main__][INFO] - ✓ [mistralai/Mixtral-8x7B-Instruct-v0.1] Temp=0.0 Rep=1 → Concordo
[2026-05-12 11:58:19,421][__main__][INFO] - ✓ [google/gemma-3-12b-it] Temp=0.0 Rep=1 → Neutro
[2026-05-12 11:58:19,434][__main__][INFO] - ✓ [mistralai/Mixtral-8x7B-Instruct-v0.1] Temp=0.0 Rep=1 → Concordo
[2026-05-12 11:58:19,435][__main__][INFO] - ✓ [mistralai/Mixtral-8x7B-Instruct-v0.1] Temp=0.0 Rep=1 → Neutro
[2026-05-12 11:58:19,435][__main__][INFO] - ✓ [mistralai/Mixtral-8x7B-Instruct-v0.1] Temp=0.0 Rep=1 → Neutro
[2026-05-12 11:58:19,445][__main__][INFO] - ✓ [mistralai/Mixtral-8x7B-Instruct-v0.1] Temp=0.0 Rep=1 → Neutro
[2026-05-12 11:58:19,477][__main__][INFO] - ✓ [mistralai/Mixtral-8x7B-Instruct-v0.1] Temp=0.0 Rep=1 → Concordo
[2026-05-12 11:58:19,514][__main__][INFO] - ✓ [mistralai/Mixtral-8x7B-Instruct-v0.1] Temp=0.0 Rep=1 → Concordo fortemente
[2026-05-12 11:58:19,642][__main__][INFO] - ✓ [google/gemma-3-12b-it] Temp=0.0 Rep=1 → Concordo
[2026-05-12 11:58:19,648][__main__][INFO] - ✓ [google/gemma-3-12b-it] Temp=0.0 Rep=1 → Concordo
[2026-05-12 11:58:19,734][__main__][INFO] - ✓ [google/gemma-3-12b-it] Temp=0.0 Rep=1 → Concordo
[2026-05-12 11:58:19,787][__main__][INFO] - ✓ [mistralai/Mixtral-8x7B-Instruct-v0.1] Temp=0.0 Rep=1 → Neutro
[2026-05-12 11:58:19,798][__main__][INFO] - ✓ [mistralai/Mixtral-8x7B-Instruct-v0.1] Temp=0.0 Rep=1 → Discordo
[2026-05-12 11:58:19,811][__main__][INFO] - ✓ [mistralai/Mixtral-8x7B-Instruct-v0.1] Temp=0.0 Rep=1 → Concordo fortemente
[2026-05-12 11:58:19,838][__main__][INFO] - ✓ [mistralai/Mixtral-8x7B-Instruct-v0.1] Temp=0.0 Rep=1 → Neutro
[2026-05-12 11:58:20,093][__main__][INFO] - ✓ [google/gemma-3-12b-it] Temp=0.0 Rep=1 → Concordo
[2026-05-12 11:58:20,117][__main__][INFO] - ✓ [google/gemma-3-12b-it] Temp=0.0 Rep=1 → Neutro
[2026-05-12 11:58:20,120][__main__][INFO] - ✓ [google/gemma-3-12b-it] Temp=0.0 Rep=1 → Concordo fortemente
[2026-05-12 11:58:20,150][__main__][INFO] - ✓ [google/gemma-3-12b-it] Temp=0.0 Rep=1 → Neutro
[2026-05-12 11:58:20,155][__main__][INFO] - ✓ [mistralai/Mixtral-8x7B-Instruct-v0.1] Temp=0.0 Rep=1 → Neutro
[2026-05-12 11:58:20,158][__main__][INFO] - ✓ [mistralai/Mixtral-8x7B-Instruct-v0.1] Temp=0.0 Rep=1 → Concordo
[2026-05-12 11:58:20,246][__main__][INFO] - ✓ [mistralai/Mixtral-8x7B-Instruct-v0.1] Temp=0.0 Rep=1 → Neutro
[2026-05-12 11:58:20,307][__main__][INFO] - ✓ [google/gemma-3-12b-it] Temp=0.0 Rep=1 → Concordo
[2026-05-12 11:58:20,328][__main__][INFO] - ✓ [google/gemma-3-12b-it] Temp=0.0 Rep=1 → Concordo
[2026-05-12 11:58:20,471][__main__][INFO] - ✓ [mistralai/Mixtral-8x7B-Instruct-v0.1] Temp=0.0 Rep=1 → Neutro
[2026-05-12 11:58:20,475][__main__][INFO] - ✓ [mistralai/Mixtral-8x7B-Instruct-v0.1] Temp=0.0 Rep=1 → Concordo fortemente
[2026-05-12 11:58:20,476][__main__][INFO] - ✓ [google/gemma-3-12b-it] Temp=0.0 Rep=1 → Concordo
[2026-05-12 11:58:20,477][__main__][INFO] - ✓ [mistralai/Mixtral-8x7B-Instruct-v0.1] Temp=0.0 Rep=1 → Concordo
[2026-05-12 11:58:20,643][__main__][INFO] - ✓ [mistralai/Mixtral-8x7B-Instruct-v0.1] Temp=0.0 Rep=1 → Concordo
[2026-05-12 11:58:20,656][__main__][INFO] - ✓ [google/gemma-3-12b-it] Temp=0.0 Rep=1 → Concordo
[2026-05-12 11:58:20,705][__main__][INFO] - ✓ [google/gemma-3-12b-it] Temp=0.0 Rep=1 → Concordo
[2026-05-12 11:58:20,776][__main__][INFO] - ✓ [google/gemma-3-12b-it] Temp=0.0 Rep=1 → Concordo
[2026-05-12 11:58:20,780][__main__][INFO] - ✓ [mistralai/Mixtral-8x7B-Instruct-v0.1] Temp=0.0 Rep=1 → Concordo
[2026-05-12 11:58:20,785][__main__][INFO] - ✓ [mistralai/Mixtral-8x7B-Instruct-v0.1] Temp=0.0 Rep=1 → Neutro
[2026-05-12 11:58:20,788][__main__][INFO] - ✓ [google/gemma-3-12b-it] Temp=0.0 Rep=1 → Concordo
[2026-05-12 11:58:21,003][__main__][INFO] - Salvamento incremental (920 novas respostas)...
[2026-05-12 11:58:21,055][__main__][INFO] - Cache salvo com 237384 entradas
[2026-05-12 11:58:21,055][__main__][INFO] - ✓ [google/gemma-3-12b-it] Temp=0.0 Rep=1 → Concordo
[2026-05-12 11:58:21,056][__main__][INFO] - ✓ [google/gemma-3-12b-it] Temp=0.0 Rep=1 → Concordo
[2026-05-12 11:58:21,058][__main__][INFO] - ✓ [mistralai/Mixtral-8x7B-Instruct-v0.1] Temp=0.0 Rep=1 → Concordo fortemente
[2026-05-12 11:58:21,059][__main__][INFO] - ✓ [google/gemma-3-12b-it] Temp=0.0 Rep=1 → Concordo fortemente
[2026-05-12 11:58:21,062][__main__][INFO] - ✓ [mistralai/Mixtral-8x7B-Instruct-v0.1] Temp=0.0 Rep=1 → Concordo
[2026-05-12 11:58:21,065][__main__][INFO] - ✓ [mistralai/Mixtral-8x7B-Instruct-v0.1] Temp=0.0 Rep=1 → Concordo
[2026-05-12 11:58:21,163][__main__][INFO] - ✓ [google/gemma-3-12b-it] Temp=0.0 Rep=1 → Concordo
[2026-05-12 11:58:21,216][__main__][INFO] - ✓ [google/gemma-3-12b-it] Temp=0.0 Rep=1 → Concordo
[2026-05-12 11:58:21,234][__main__][INFO] - ✓ [google/gemma-3-12b-it] Temp=0.0 Rep=1 → Concordo
[2026-05-12 11:58:21,237][__main__][INFO] - ✓ [google/gemma-3-12b-it] Temp=0.0 Rep=1 → Concordo
[2026-05-12 11:58:21,367][__main__][INFO] - ✓ [mistralai/Mixtral-8x7B-Instruct-v0.1] Temp=0.0 Rep=1 → Concordo
[2026-05-12 11:58:21,376][__main__][INFO] - ✓ [mistralai/Mixtral-8x7B-Instruct-v0.1] Temp=0.0 Rep=1 → Neutro
[2026-05-12 11:58:21,397][__main__][INFO] - ✓ [mistralai/Mixtral-8x7B-Instruct-v0.1] Temp=0.0 Rep=1 → Neutro
[2026-05-12 11:58:21,542][__main__][INFO] - ✓ [mistralai/Mixtral-8x7B-Instruct-v0.1] Temp=0.0 Rep=1 → Concordo fortemente
[2026-05-12 11:58:21,543][__main__][INFO] - ✓ [mistralai/Mixtral-8x7B-Instruct-v0.1] Temp=0.0 Rep=1 → Concordo fortemente
[2026-05-12 11:58:21,545][__main__][INFO] - ✓ [mistralai/Mixtral-8x7B-Instruct-v0.1] Temp=0.0 Rep=1 → Concordo fortemente
[2026-05-12 11:58:21,625][__main__][INFO] - ✓ [google/gemma-3-12b-it] Temp=0.0 Rep=1 → Concordo fortemente
[2026-05-12 11:58:21,711][__main__][INFO] - ✓ [google/gemma-3-12b-it] Temp=0.0 Rep=1 → Neutro
[2026-05-12 11:58:21,763][__main__][INFO] - ✓ [google/gemma-3-12b-it] Temp=0.0 Rep=1 → Concordo fortemente
[2026-05-12 11:58:21,812][__main__][INFO] - ✓ [mistralai/Mixtral-8x7B-Instruct-v0.1] Temp=0.0 Rep=1 → Concordo
[2026-05-12 11:58:21,830][__main__][INFO] - ✓ [mistralai/Mixtral-8x7B-Instruct-v0.1] Temp=0.0 Rep=1 → Concordo
[2026-05-12 11:58:21,866][__main__][INFO] - ✓ [mistralai/Mixtral-8x7B-Instruct-v0.1] Temp=0.0 Rep=1 → Neutro
[2026-05-12 11:58:21,874][__main__][INFO] - ✓ [google/gemma-3-12b-it] Temp=0.0 Rep=1 → Concordo
[2026-05-12 11:58:21,918][__main__][INFO] - ✓ [google/gemma-3-12b-it] Temp=0.0 Rep=1 → Concordo
[2026-05-12 11:58:22,045][__main__][INFO] - ✓ [google/gemma-3-12b-it] Temp=0.0 Rep=1 → Concordo fortemente
[2026-05-12 11:58:22,048][__main__][INFO] - ✓ [google/gemma-3-12b-it] Temp=0.0 Rep=1 → Concordo
[2026-05-12 11:58:22,067][__main__][INFO] - ✓ [google/gemma-3-12b-it] Temp=0.0 Rep=1 → Neutro
[2026-05-12 11:58:22,125][__main__][INFO] - ✓ [mistralai/Mixtral-8x7B-Instruct-v0.1] Temp=0.0 Rep=1 → Concordo fortemente
[2026-05-12 11:58:22,131][__main__][INFO] - ✓ [mistralai/Mixtral-8x7B-Instruct-v0.1] Temp=0.0 Rep=1 → Concordo fortemente
[2026-05-12 11:58:22,160][__main__][INFO] - ✓ [mistralai/Mixtral-8x7B-Instruct-v0.1] Temp=0.0 Rep=1 → Concordo fortemente
[2026-05-12 11:58:22,310][__main__][INFO] - ✓ [google/gemma-3-12b-it] Temp=0.0 Rep=1 → Concordo
[2026-05-12 11:58:22,323][__main__][INFO] - ✓ [mistralai/Mixtral-8x7B-Instruct-v0.1] Temp=0.0 Rep=1 → Concordo
[2026-05-12 11:58:22,352][__main__][INFO] - ✓ [mistralai/Mixtral-8x7B-Instruct-v0.1] Temp=0.0 Rep=1 → Neutro
[2026-05-12 11:58:22,367][__main__][INFO] - ✓ [mistralai/Mixtral-8x7B-Instruct-v0.1] Temp=0.0 Rep=1 → Neutro
[2026-05-12 11:58:22,416][__main__][INFO] - ✓ [google/gemma-3-12b-it] Temp=0.0 Rep=1 → Concordo
[2026-05-12 11:58:22,426][__main__][INFO] - ✓ [google/gemma-3-12b-it] Temp=0.0 Rep=1 → Neutro
[2026-05-12 11:58:22,575][__main__][INFO] - ✓ [google/gemma-3-12b-it] Temp=0.0 Rep=1 → Neutro
[2026-05-12 11:58:22,579][__main__][INFO] - ✓ [google/gemma-3-12b-it] Temp=0.0 Rep=1 → Concordo fortemente
[2026-05-12 11:58:22,632][__main__][INFO] - ✓ [mistralai/Mixtral-8x7B-Instruct-v0.1] Temp=0.0 Rep=1 → Neutro
[2026-05-12 11:58:22,637][__main__][INFO] - ✓ [mistralai/Mixtral-8x7B-Instruct-v0.1] Temp=0.0 Rep=1 → Neutro
[2026-05-12 11:58:22,646][__main__][INFO] - Salvamento incremental (960 novas respostas)...
[2026-05-12 11:58:22,694][__main__][INFO] - Cache salvo com 237424 entradas
[2026-05-12 11:58:22,694][__main__][INFO] - ✓ [mistralai/Mixtral-8x7B-Instruct-v0.1] Temp=0.0 Rep=1 → Neutro
[2026-05-12 11:58:22,705][__main__][INFO] - ✓ [google/gemma-3-12b-it] Temp=0.0 Rep=1 → Concordo
[2026-05-12 11:58:22,705][__main__][INFO] - ✓ [google/gemma-3-12b-it] Temp=0.0 Rep=1 → Neutro
[2026-05-12 11:58:22,876][__main__][INFO] - ✓ [google/gemma-3-12b-it] Temp=0.0 Rep=1 → Concordo
[2026-05-12 11:58:22,893][__main__][INFO] - ✓ [mistralai/Mixtral-8x7B-Instruct-v0.1] Temp=0.0 Rep=1 → Concordo
[2026-05-12 11:58:22,899][__main__][INFO] - ✓ [mistralai/Mixtral-8x7B-Instruct-v0.1] Temp=0.0 Rep=1 → Concordo fortemente
[2026-05-12 11:58:22,915][__main__][INFO] - ✓ [mistralai/Mixtral-8x7B-Instruct-v0.1] Temp=0.0 Rep=1 → Neutro
[2026-05-12 11:58:22,973][__main__][INFO] - ✓ [google/gemma-3-12b-it] Temp=0.0 Rep=1 → Concordo fortemente
[2026-05-12 11:58:22,976][__main__][INFO] - ✓ [google/gemma-3-12b-it] Temp=0.0 Rep=1 → Concordo
[2026-05-12 11:58:22,988][__main__][INFO] - ✓ [mistralai/Mixtral-8x7B-Instruct-v0.1] Temp=0.0 Rep=1 → Concordo fortemente
[2026-05-12 11:58:23,109][__main__][INFO] - ✓ [google/gemma-3-12b-it] Temp=0.0 Rep=1 → Concordo
[2026-05-12 11:58:23,169][__main__][INFO] - ✓ [mistralai/Mixtral-8x7B-Instruct-v0.1] Temp=0.0 Rep=1 → Concordo
[2026-05-12 11:58:23,230][__main__][INFO] - ✓ [google/gemma-3-12b-it] Temp=0.0 Rep=1 → Concordo fortemente
[2026-05-12 11:58:23,240][__main__][INFO] - ✓ [google/gemma-3-12b-it] Temp=0.0 Rep=1 → Concordo
[2026-05-12 11:58:23,279][__main__][INFO] - ✓ [mistralai/Mixtral-8x7B-Instruct-v0.1] Temp=0.0 Rep=1 → Concordo
[2026-05-12 11:58:23,281][__main__][INFO] - ✓ [mistralai/Mixtral-8x7B-Instruct-v0.1] Temp=0.0 Rep=1 → Neutro
[2026-05-12 11:58:23,289][__main__][INFO] - ✓ [mistralai/Mixtral-8x7B-Instruct-v0.1] Temp=0.0 Rep=1 → Concordo
[2026-05-12 11:58:23,291][__main__][INFO] - ✓ [google/gemma-3-12b-it] Temp=0.0 Rep=1 → Concordo
[2026-05-12 11:58:23,325][__main__][INFO] - ✓ [google/gemma-3-12b-it] Temp=0.0 Rep=1 → Neutro
[2026-05-12 11:58:23,351][__main__][INFO] - ✓ [google/gemma-3-12b-it] Temp=0.0 Rep=1 → Concordo
[2026-05-12 11:58:23,428][__main__][INFO] - ✓ [mistralai/Mixtral-8x7B-Instruct-v0.1] Temp=0.0 Rep=1 → Neutro
[2026-05-12 11:58:23,642][__main__][INFO] - ✓ [google/gemma-3-12b-it] Temp=0.0 Rep=1 → Concordo
[2026-05-12 11:58:23,703][__main__][INFO] - ✓ [mistralai/Mixtral-8x7B-Instruct-v0.1] Temp=0.0 Rep=1 → Concordo
[2026-05-12 11:58:23,728][__main__][INFO] - ✓ [google/gemma-3-12b-it] Temp=0.0 Rep=1 → Concordo fortemente
[2026-05-12 11:58:23,736][__main__][INFO] - ✓ [mistralai/Mixtral-8x7B-Instruct-v0.1] Temp=0.0 Rep=1 → Discordo
[2026-05-12 11:58:23,745][__main__][INFO] - ✓ [google/gemma-3-12b-it] Temp=0.0 Rep=1 → Concordo
[2026-05-12 11:58:23,834][__main__][INFO] - ✓ [mistralai/Mixtral-8x7B-Instruct-v0.1] Temp=0.0 Rep=1 → Concordo fortemente
[2026-05-12 11:58:23,849][__main__][INFO] - ✓ [mistralai/Mixtral-8x7B-Instruct-v0.1] Temp=0.0 Rep=1 → Discordo
[2026-05-12 11:58:23,875][__main__][INFO] - ✓ [google/gemma-3-12b-it] Temp=0.0 Rep=1 → Concordo fortemente
[2026-05-12 11:58:23,925][__main__][INFO] - ✓ [google/gemma-3-12b-it] Temp=0.0 Rep=1 → Concordo
[2026-05-12 11:58:23,935][__main__][INFO] - ✓ [google/gemma-3-12b-it] Temp=0.0 Rep=1 → Concordo
[2026-05-12 11:58:23,942][__main__][INFO] - ✓ [mistralai/Mixtral-8x7B-Instruct-v0.1] Temp=0.0 Rep=1 → Concordo
[2026-05-12 11:58:24,038][__main__][INFO] - ✓ [mistralai/Mixtral-8x7B-Instruct-v0.1] Temp=0.0 Rep=1 → Neutro
[2026-05-12 11:58:24,142][__main__][INFO] - ✓ [google/gemma-3-12b-it] Temp=0.0 Rep=1 → Concordo
[2026-05-12 11:58:24,143][__main__][INFO] - ✓ [mistralai/Mixtral-8x7B-Instruct-v0.1] Temp=0.0 Rep=1 → Concordo fortemente
[2026-05-12 11:58:24,160][__main__][INFO] - ✓ [mistralai/Mixtral-8x7B-Instruct-v0.1] Temp=0.0 Rep=1 → Concordo fortemente
[2026-05-12 11:58:24,263][__main__][INFO] - ✓ [google/gemma-3-12b-it] Temp=0.0 Rep=1 → Concordo
[2026-05-12 11:58:24,331][__main__][INFO] - ✓ [google/gemma-3-12b-it] Temp=0.0 Rep=1 → Concordo
[2026-05-12 11:58:24,353][__main__][INFO] - ✓ [mistralai/Mixtral-8x7B-Instruct-v0.1] Temp=0.0 Rep=1 → Concordo
[2026-05-12 11:58:24,445][__main__][INFO] - ✓ [mistralai/Mixtral-8x7B-Instruct-v0.1] Temp=0.0 Rep=1 → Concordo fortemente
[2026-05-12 11:58:24,463][__main__][INFO] - Salvamento incremental (1000 novas respostas)...
[2026-05-12 11:58:24,514][__main__][INFO] - Cache salvo com 237464 entradas
[2026-05-12 11:58:24,514][__main__][INFO] - ✓ [mistralai/Mixtral-8x7B-Instruct-v0.1] Temp=0.0 Rep=1 → Concordo
[2026-05-12 11:58:24,516][__main__][INFO] - ✓ [mistralai/Mixtral-8x7B-Instruct-v0.1] Temp=0.0 Rep=1 → Concordo
[2026-05-12 11:58:24,534][__main__][INFO] - ✓ [google/gemma-3-12b-it] Temp=0.0 Rep=1 → Concordo
[2026-05-12 11:58:24,537][__main__][INFO] - ✓ [google/gemma-3-12b-it] Temp=0.0 Rep=1 → Concordo
[2026-05-12 11:58:24,541][__main__][INFO] - ✓ [google/gemma-3-12b-it] Temp=0.0 Rep=1 → Concordo
[2026-05-12 11:58:24,665][__main__][INFO] - ✓ [mistralai/Mixtral-8x7B-Instruct-v0.1] Temp=0.0 Rep=1 → Discordo
[2026-05-12 11:58:24,751][__main__][INFO] - ✓ [mistralai/Mixtral-8x7B-Instruct-v0.1] Temp=0.0 Rep=1 → Concordo
[2026-05-12 11:58:24,755][__main__][INFO] - ✓ [google/gemma-3-12b-it] Temp=0.0 Rep=1 → Concordo
[2026-05-12 11:58:24,866][__main__][INFO] - ✓ [mistralai/Mixtral-8x7B-Instruct-v0.1] Temp=0.0 Rep=1 → Neutro
[2026-05-12 11:58:24,873][__main__][INFO] - ✓ [mistralai/Mixtral-8x7B-Instruct-v0.1] Temp=0.0 Rep=1 → Discordo
[2026-05-12 11:58:24,904][__main__][INFO] - ✓ [google/gemma-3-12b-it] Temp=0.0 Rep=1 → Concordo
[2026-05-12 11:58:24,950][__main__][INFO] - ✓ [mistralai/Mixtral-8x7B-Instruct-v0.1] Temp=0.0 Rep=1 → Concordo
[2026-05-12 11:58:25,046][__main__][INFO] - ✓ [mistralai/Mixtral-8x7B-Instruct-v0.1] Temp=0.0 Rep=1 → Neutro
[2026-05-12 11:58:25,084][__main__][INFO] - ✓ [google/gemma-3-12b-it] Temp=0.0 Rep=1 → Concordo fortemente
[2026-05-12 11:58:25,229][__main__][INFO] - ✓ [google/gemma-3-12b-it] Temp=0.0 Rep=1 → Concordo
[2026-05-12 11:58:25,239][__main__][INFO] - ✓ [google/gemma-3-12b-it] Temp=0.0 Rep=1 → Concordo
[2026-05-12 11:58:25,246][__main__][INFO] - ✓ [mistralai/Mixtral-8x7B-Instruct-v0.1] Temp=0.0 Rep=1 → Concordo
[2026-05-12 11:58:25,253][__main__][INFO] - ✓ [mistralai/Mixtral-8x7B-Instruct-v0.1] Temp=0.0 Rep=1 → Concordo fortemente
[2026-05-12 11:58:25,336][__main__][INFO] - ✓ [mistralai/Mixtral-8x7B-Instruct-v0.1] Temp=0.0 Rep=1 → Concordo fortemente
[2026-05-12 11:58:25,407][__main__][INFO] - ✓ [google/gemma-3-12b-it] Temp=0.0 Rep=1 → Concordo
[2026-05-12 11:58:25,574][__main__][INFO] - ✓ [google/gemma-3-12b-it] Temp=0.0 Rep=1 → Concordo
[2026-05-12 11:58:25,578][__main__][INFO] - ✓ [google/gemma-3-12b-it] Temp=0.0 Rep=1 → Concordo
[2026-05-12 11:58:25,630][__main__][INFO] - ✓ [mistralai/Mixtral-8x7B-Instruct-v0.1] Temp=0.0 Rep=1 → Neutro
[2026-05-12 11:58:25,631][__main__][INFO] - ✓ [google/gemma-3-12b-it] Temp=0.0 Rep=1 → Neutro
[2026-05-12 11:58:25,712][__main__][INFO] - ✓ [mistralai/Mixtral-8x7B-Instruct-v0.1] Temp=0.0 Rep=1 → Concordo
[2026-05-12 11:58:25,719][__main__][INFO] - ✓ [mistralai/Mixtral-8x7B-Instruct-v0.1] Temp=0.0 Rep=1 → Discordo fortemente
[2026-05-12 11:58:25,720][__main__][INFO] - ✓ [google/gemma-3-12b-it] Temp=0.0 Rep=1 → Concordo fortemente
[2026-05-12 11:58:25,728][__main__][INFO] - ✓ [google/gemma-3-12b-it] Temp=0.0 Rep=1 → Discordo
[2026-05-12 11:58:25,925][__main__][INFO] - ✓ [google/gemma-3-12b-it] Temp=0.0 Rep=1 → Concordo fortemente
[2026-05-12 11:58:25,996][__main__][INFO] - ✓ [mistralai/Mixtral-8x7B-Instruct-v0.1] Temp=0.0 Rep=1 → Discordo
[2026-05-12 11:58:26,003][__main__][INFO] - ✓ [mistralai/Mixtral-8x7B-Instruct-v0.1] Temp=0.0 Rep=1 → Concordo fortemente
[2026-05-12 11:58:26,024][__main__][INFO] - ✓ [mistralai/Mixtral-8x7B-Instruct-v0.1] Temp=0.0 Rep=1 → Neutro
[2026-05-12 11:58:26,095][__main__][INFO] - ✓ [google/gemma-3-12b-it] Temp=0.0 Rep=1 → Concordo
[2026-05-12 11:58:26,099][__main__][INFO] - ✓ [google/gemma-3-12b-it] Temp=0.0 Rep=1 → Discordo fortemente
[2026-05-12 11:58:26,246][__main__][INFO] - ✓ [mistralai/Mixtral-8x7B-Instruct-v0.1] Temp=0.0 Rep=1 → Discordo
[2026-05-12 11:58:26,247][__main__][INFO] - ✓ [google/gemma-3-12b-it] Temp=0.0 Rep=1 → Neutro
[2026-05-12 11:58:26,267][__main__][INFO] - ✓ [google/gemma-3-12b-it] Temp=0.0 Rep=1 → Neutro
[2026-05-12 11:58:26,271][__main__][INFO] - ✓ [mistralai/Mixtral-8x7B-Instruct-v0.1] Temp=0.0 Rep=1 → Concordo
[2026-05-12 11:58:26,290][__main__][INFO] - ✓ [google/gemma-3-12b-it] Temp=0.0 Rep=1 → Discordo
[2026-05-12 11:58:26,298][__main__][INFO] - ✓ [mistralai/Mixtral-8x7B-Instruct-v0.1] Temp=0.0 Rep=1 → Neutro
[2026-05-12 11:58:26,480][__main__][INFO] - Salvamento incremental (1040 novas respostas)...
[2026-05-12 11:58:26,535][__main__][INFO] - Cache salvo com 237504 entradas
[2026-05-12 11:58:26,535][__main__][INFO] - ✓ [google/gemma-3-12b-it] Temp=0.0 Rep=1 → Concordo
[2026-05-12 11:58:26,538][__main__][INFO] - ✓ [google/gemma-3-12b-it] Temp=0.0 Rep=1 → Concordo fortemente
[2026-05-12 11:58:26,538][__main__][INFO] - ✓ [google/gemma-3-12b-it] Temp=0.0 Rep=1 → Discordo fortemente
[2026-05-12 11:58:26,538][__main__][INFO] - ✓ [google/gemma-3-12b-it] Temp=0.0 Rep=1 → Neutro
[2026-05-12 11:58:26,549][__main__][INFO] - ✓ [mistralai/Mixtral-8x7B-Instruct-v0.1] Temp=0.0 Rep=1 → Concordo fortemente
[2026-05-12 11:58:26,551][__main__][INFO] - ✓ [mistralai/Mixtral-8x7B-Instruct-v0.1] Temp=0.0 Rep=1 → Concordo
[2026-05-12 11:58:26,551][__main__][INFO] - ✓ [mistralai/Mixtral-8x7B-Instruct-v0.1] Temp=0.0 Rep=1 → Neutro
[2026-05-12 11:58:26,655][__main__][INFO] - ✓ [google/gemma-3-12b-it] Temp=0.0 Rep=1 → Concordo
[2026-05-12 11:58:26,775][__main__][INFO] - ✓ [google/gemma-3-12b-it] Temp=0.0 Rep=1 → Neutro
[2026-05-12 11:58:26,798][__main__][INFO] - ✓ [google/gemma-3-12b-it] Temp=0.0 Rep=1 → Concordo fortemente
[2026-05-12 11:58:26,852][__main__][INFO] - ✓ [mistralai/Mixtral-8x7B-Instruct-v0.1] Temp=0.0 Rep=1 → Concordo fortemente
[2026-05-12 11:58:26,855][__main__][INFO] - ✓ [mistralai/Mixtral-8x7B-Instruct-v0.1] Temp=0.0 Rep=1 → Discordo fortemente
[2026-05-12 11:58:26,858][__main__][INFO] - ✓ [mistralai/Mixtral-8x7B-Instruct-v0.1] Temp=0.0 Rep=1 → Neutro
[2026-05-12 11:58:26,860][__main__][INFO] - ✓ [mistralai/Mixtral-8x7B-Instruct-v0.1] Temp=0.0 Rep=1 → Concordo fortemente
[2026-05-12 11:58:26,932][__main__][INFO] - ✓ [google/gemma-3-12b-it] Temp=0.0 Rep=1 → Concordo
[2026-05-12 11:58:26,935][__main__][INFO] - ✓ [google/gemma-3-12b-it] Temp=0.0 Rep=1 → Neutro
[2026-05-12 11:58:26,942][__main__][INFO] - ✓ [mistralai/Mixtral-8x7B-Instruct-v0.1] Temp=0.0 Rep=1 → Discordo
[2026-05-12 11:58:26,997][__main__][INFO] - ✓ [google/gemma-3-12b-it] Temp=0.0 Rep=1 → Neutro
[2026-05-12 11:58:27,092][__main__][INFO] - ✓ [mistralai/Mixtral-8x7B-Instruct-v0.1] Temp=0.0 Rep=1 → Neutro
[2026-05-12 11:58:27,293][__main__][INFO] - ✓ [mistralai/Mixtral-8x7B-Instruct-v0.1] Temp=0.0 Rep=1 → Concordo
[2026-05-12 11:58:27,297][__main__][INFO] - ✓ [google/gemma-3-12b-it] Temp=0.0 Rep=1 → Neutro
[2026-05-12 11:58:27,301][__main__][INFO] - ✓ [google/gemma-3-12b-it] Temp=0.0 Rep=1 → Concordo fortemente
[2026-05-12 11:58:27,340][__main__][INFO] - ✓ [google/gemma-3-12b-it] Temp=0.0 Rep=1 → Concordo
[2026-05-12 11:58:27,343][__main__][INFO] - ✓ [google/gemma-3-12b-it] Temp=0.0 Rep=1 → Concordo
[2026-05-12 11:58:27,421][__main__][INFO] - ✓ [mistralai/Mixtral-8x7B-Instruct-v0.1] Temp=0.0 Rep=1 → Concordo fortemente
[2026-05-12 11:58:27,427][__main__][INFO] - ✓ [google/gemma-3-12b-it] Temp=0.0 Rep=1 → Concordo
[2026-05-12 11:58:27,461][__main__][INFO] - ✓ [google/gemma-3-12b-it] Temp=0.0 Rep=1 → Concordo
[2026-05-12 11:58:27,463][__main__][INFO] - ✓ [mistralai/Mixtral-8x7B-Instruct-v0.1] Temp=0.0 Rep=1 → Discordo
[2026-05-12 11:58:27,577][__main__][INFO] - ✓ [mistralai/Mixtral-8x7B-Instruct-v0.1] Temp=0.0 Rep=1 → Discordo
[2026-05-12 11:58:27,590][__main__][INFO] - ✓ [mistralai/Mixtral-8x7B-Instruct-v0.1] Temp=0.0 Rep=1 → Neutro
[2026-05-12 11:58:27,812][__main__][INFO] - ✓ [mistralai/Mixtral-8x7B-Instruct-v0.1] Temp=0.0 Rep=1 → Concordo
[2026-05-12 11:58:27,816][__main__][INFO] - ✓ [mistralai/Mixtral-8x7B-Instruct-v0.1] Temp=0.0 Rep=1 → Concordo fortemente
[2026-05-12 11:58:27,817][__main__][INFO] - ✓ [mistralai/Mixtral-8x7B-Instruct-v0.1] Temp=0.0 Rep=1 → Concordo
[2026-05-12 11:58:27,824][__main__][INFO] - ✓ [mistralai/Mixtral-8x7B-Instruct-v0.1] Temp=0.0 Rep=1 → Concordo
[2026-05-12 11:58:27,824][__main__][INFO] - ✓ [google/gemma-3-12b-it] Temp=0.0 Rep=1 → Concordo fortemente
[2026-05-12 11:58:27,824][__main__][INFO] - ✓ [google/gemma-3-12b-it] Temp=0.0 Rep=1 → Concordo
[2026-05-12 11:58:28,000][__main__][INFO] - ✓ [google/gemma-3-12b-it] Temp=0.0 Rep=1 → Neutro
[2026-05-12 11:58:28,057][__main__][INFO] - ✓ [google/gemma-3-12b-it] Temp=0.0 Rep=1 → Neutro
[2026-05-12 11:58:28,058][__main__][INFO] - ✓ [google/gemma-3-12b-it] Temp=0.0 Rep=1 → Concordo
[2026-05-12 11:58:28,119][__main__][INFO] - ✓ [mistralai/Mixtral-8x7B-Instruct-v0.1] Temp=0.0 Rep=1 → Neutro
[2026-05-12 11:58:28,132][__main__][INFO] - Salvamento incremental (1080 novas respostas)...
[2026-05-12 11:58:28,187][__main__][INFO] - Cache salvo com 237544 entradas
[2026-05-12 11:58:28,187][__main__][INFO] - ✓ [mistralai/Mixtral-8x7B-Instruct-v0.1] Temp=0.0 Rep=1 → Discordo
[2026-05-12 11:58:28,189][__main__][INFO] - ✓ [mistralai/Mixtral-8x7B-Instruct-v0.1] Temp=0.0 Rep=1 → Concordo
[2026-05-12 11:58:28,189][__main__][INFO] - ✓ [google/gemma-3-12b-it] Temp=0.0 Rep=1 → Concordo
[2026-05-12 11:58:28,349][__main__][INFO] - ✓ [mistralai/Mixtral-8x7B-Instruct-v0.1] Temp=0.0 Rep=1 → Concordo fortemente
[2026-05-12 11:58:28,366][__main__][INFO] - ✓ [google/gemma-3-12b-it] Temp=0.0 Rep=1 → Concordo
[2026-05-12 11:58:28,372][__main__][INFO] - ✓ [google/gemma-3-12b-it] Temp=0.0 Rep=1 → Concordo
[2026-05-12 11:58:28,375][__main__][INFO] - ✓ [mistralai/Mixtral-8x7B-Instruct-v0.1] Temp=0.0 Rep=1 → Concordo
[2026-05-12 11:58:28,441][__main__][INFO] - ✓ [google/gemma-3-12b-it] Temp=0.0 Rep=1 → Concordo fortemente
[2026-05-12 11:58:28,483][__main__][INFO] - ✓ [mistralai/Mixtral-8x7B-Instruct-v0.1] Temp=0.0 Rep=1 → Concordo fortemente
[2026-05-12 11:58:28,613][__main__][INFO] - ✓ [google/gemma-3-12b-it] Temp=0.0 Rep=1 → Discordo
[2026-05-12 11:58:28,634][__main__][INFO] - ✓ [mistralai/Mixtral-8x7B-Instruct-v0.1] Temp=0.0 Rep=1 → Concordo fortemente
[2026-05-12 11:58:28,642][__main__][INFO] - ✓ [mistralai/Mixtral-8x7B-Instruct-v0.1] Temp=0.0 Rep=1 → Neutro
[2026-05-12 11:58:28,676][__main__][INFO] - ✓ [google/gemma-3-12b-it] Temp=0.0 Rep=1 → Neutro
[2026-05-12 11:58:28,677][__main__][INFO] - ✓ [mistralai/Mixtral-8x7B-Instruct-v0.1] Temp=0.0 Rep=1 → Concordo fortemente
[2026-05-12 11:58:28,868][__main__][INFO] - ✓ [google/gemma-3-12b-it] Temp=0.0 Rep=1 → Concordo
[2026-05-12 11:58:28,873][__main__][INFO] - ✓ [google/gemma-3-12b-it] Temp=0.0 Rep=1 → Concordo
[2026-05-12 11:58:28,873][__main__][INFO] - ✓ [mistralai/Mixtral-8x7B-Instruct-v0.1] Temp=0.0 Rep=1 → Concordo fortemente
[2026-05-12 11:58:28,882][__main__][INFO] - ✓ [mistralai/Mixtral-8x7B-Instruct-v0.1] Temp=0.0 Rep=1 → Concordo
[2026-05-12 11:58:28,920][__main__][INFO] - ✓ [google/gemma-3-12b-it] Temp=0.0 Rep=1 → Neutro
[2026-05-12 11:58:28,923][__main__][INFO] - ✓ [mistralai/Mixtral-8x7B-Instruct-v0.1] Temp=0.0 Rep=1 → Neutro
[2026-05-12 11:58:28,940][__main__][INFO] - ✓ [google/gemma-3-12b-it] Temp=0.0 Rep=1 → Neutro
[2026-05-12 11:58:29,051][__main__][INFO] - ✓ [google/gemma-3-12b-it] Temp=0.0 Rep=1 → Discordo
[2026-05-12 11:58:29,057][__main__][INFO] - ✓ [google/gemma-3-12b-it] Temp=0.0 Rep=1 → Neutro
[2026-05-12 11:58:29,073][__main__][INFO] - ✓ [google/gemma-3-12b-it] Temp=0.0 Rep=1 → Neutro
[2026-05-12 11:58:29,159][__main__][INFO] - ✓ [mistralai/Mixtral-8x7B-Instruct-v0.1] Temp=0.0 Rep=1 → Discordo
[2026-05-12 11:58:29,162][__main__][INFO] - ✓ [mistralai/Mixtral-8x7B-Instruct-v0.1] Temp=0.0 Rep=1 → Neutro
[2026-05-12 11:58:29,228][__main__][INFO] - ✓ [mistralai/Mixtral-8x7B-Instruct-v0.1] Temp=0.0 Rep=1 → Discordo
[2026-05-12 11:58:29,382][__main__][INFO] - ✓ [mistralai/Mixtral-8x7B-Instruct-v0.1] Temp=0.0 Rep=1 → Concordo fortemente
[2026-05-12 11:58:29,391][__main__][INFO] - ✓ [mistralai/Mixtral-8x7B-Instruct-v0.1] Temp=0.0 Rep=1 → Concordo fortemente
[2026-05-12 11:58:29,399][__main__][INFO] - ✓ [mistralai/Mixtral-8x7B-Instruct-v0.1] Temp=0.0 Rep=1 → Neutro
[2026-05-12 11:58:29,409][__main__][INFO] - ✓ [google/gemma-3-12b-it] Temp=0.0 Rep=1 → Neutro
[2026-05-12 11:58:29,514][__main__][INFO] - ✓ [google/gemma-3-12b-it] Temp=0.0 Rep=1 → Neutro
[2026-05-12 11:58:29,536][__main__][INFO] - ✓ [mistralai/Mixtral-8x7B-Instruct-v0.1] Temp=0.0 Rep=1 → Discordo fortemente
[2026-05-12 11:58:29,601][__main__][INFO] - ✓ [google/gemma-3-12b-it] Temp=0.0 Rep=1 → Neutro
[2026-05-12 11:58:29,609][__main__][INFO] - ✓ [google/gemma-3-12b-it] Temp=0.0 Rep=1 → Concordo
[2026-05-12 11:58:29,612][__main__][INFO] - ✓ [google/gemma-3-12b-it] Temp=0.0 Rep=1 → Neutro
[2026-05-12 11:58:29,650][__main__][INFO] - ✓ [google/gemma-3-12b-it] Temp=0.0 Rep=1 → Discordo
[2026-05-12 11:58:29,673][__main__][INFO] - ✓ [mistralai/Mixtral-8x7B-Instruct-v0.1] Temp=0.0 Rep=1 → Discordo fortemente
[2026-05-12 11:58:29,700][__main__][INFO] - ✓ [mistralai/Mixtral-8x7B-Instruct-v0.1] Temp=0.0 Rep=1 → Neutro
[2026-05-12 11:58:29,763][__main__][INFO] - ✓ [google/gemma-3-12b-it] Temp=0.0 Rep=1 → Neutro
[2026-05-12 11:58:29,813][__main__][INFO] - Salvamento incremental (1120 novas respostas)...
[2026-05-12 11:58:29,865][__main__][INFO] - Cache salvo com 237584 entradas
[2026-05-12 11:58:29,865][__main__][INFO] - ✓ [mistralai/Mixtral-8x7B-Instruct-v0.1] Temp=0.0 Rep=1 → Discordo
[2026-05-12 11:58:29,906][__main__][INFO] - ✓ [google/gemma-3-12b-it] Temp=0.0 Rep=1 → Concordo
[2026-05-12 11:58:29,907][__main__][INFO] - ✓ [mistralai/Mixtral-8x7B-Instruct-v0.1] Temp=0.0 Rep=1 → Discordo
[2026-05-12 11:58:29,919][__main__][INFO] - ✓ [google/gemma-3-12b-it] Temp=0.0 Rep=1 → Neutro
[2026-05-12 11:58:29,933][__main__][INFO] - ✓ [mistralai/Mixtral-8x7B-Instruct-v0.1] Temp=0.0 Rep=1 → Neutro
[2026-05-12 11:58:29,982][__main__][INFO] - ✓ [mistralai/Mixtral-8x7B-Instruct-v0.1] Temp=0.0 Rep=1 → Concordo fortemente
[2026-05-12 11:58:29,997][__main__][INFO] - ✓ [google/gemma-3-12b-it] Temp=0.0 Rep=1 → Neutro
[2026-05-12 11:58:30,027][__main__][INFO] - ✓ [google/gemma-3-12b-it] Temp=0.0 Rep=1 → Neutro
[2026-05-12 11:58:30,049][__main__][INFO] - ✓ [mistralai/Mixtral-8x7B-Instruct-v0.1] Temp=0.0 Rep=1 → Concordo fortemente
[2026-05-12 11:58:30,100][__main__][INFO] - ✓ [google/gemma-3-12b-it] Temp=0.0 Rep=1 → Concordo
[2026-05-12 11:58:30,230][__main__][INFO] - ✓ [mistralai/Mixtral-8x7B-Instruct-v0.1] Temp=0.0 Rep=1 → Neutro
[2026-05-12 11:58:30,280][__main__][INFO] - ✓ [mistralai/Mixtral-8x7B-Instruct-v0.1] Temp=0.0 Rep=1 → Concordo
[2026-05-12 11:58:30,302][__main__][INFO] - ✓ [mistralai/Mixtral-8x7B-Instruct-v0.1] Temp=0.0 Rep=1 → Concordo
[2026-05-12 11:58:30,311][__main__][INFO] - ✓ [mistralai/Mixtral-8x7B-Instruct-v0.1] Temp=0.0 Rep=1 → Concordo fortemente
[2026-05-12 11:58:30,429][__main__][INFO] - ✓ [google/gemma-3-12b-it] Temp=0.0 Rep=1 → Concordo
[2026-05-12 11:58:30,429][__main__][INFO] - ✓ [google/gemma-3-12b-it] Temp=0.0 Rep=1 → Concordo
[2026-05-12 11:58:30,436][__main__][INFO] - ✓ [google/gemma-3-12b-it] Temp=0.0 Rep=1 → Concordo
[2026-05-12 11:58:30,449][__main__][INFO] - ✓ [google/gemma-3-12b-it] Temp=0.0 Rep=1 → Concordo
[2026-05-12 11:58:30,481][__main__][INFO] - ✓ [google/gemma-3-12b-it] Temp=0.0 Rep=1 → Concordo
[2026-05-12 11:58:30,536][__main__][INFO] - ✓ [google/gemma-3-12b-it] Temp=0.0 Rep=1 → Concordo fortemente
[2026-05-12 11:58:30,562][__main__][INFO] - ✓ [mistralai/Mixtral-8x7B-Instruct-v0.1] Temp=0.0 Rep=1 → Concordo fortemente
[2026-05-12 11:58:30,577][__main__][INFO] - ✓ [mistralai/Mixtral-8x7B-Instruct-v0.1] Temp=0.0 Rep=1 → Discordo
[2026-05-12 11:58:30,588][__main__][INFO] - ✓ [mistralai/Mixtral-8x7B-Instruct-v0.1] Temp=0.0 Rep=1 → Discordo
[2026-05-12 11:58:30,677][__main__][INFO] - ✓ [google/gemma-3-12b-it] Temp=0.0 Rep=1 → Neutro
[2026-05-12 11:58:30,806][__main__][INFO] - ✓ [mistralai/Mixtral-8x7B-Instruct-v0.1] Temp=0.0 Rep=1 → Concordo
[2026-05-12 11:58:30,993][__main__][INFO] - ✓ [mistralai/Mixtral-8x7B-Instruct-v0.1] Temp=0.0 Rep=1 → Concordo fortemente
[2026-05-12 11:58:30,993][__main__][INFO] - ✓ [mistralai/Mixtral-8x7B-Instruct-v0.1] Temp=0.0 Rep=1 → Concordo
[2026-05-12 11:58:30,994][__main__][INFO] - ✓ [google/gemma-3-12b-it] Temp=0.0 Rep=1 → Concordo
[2026-05-12 11:58:30,995][__main__][INFO] - ✓ [google/gemma-3-12b-it] Temp=0.0 Rep=1 → Concordo
[2026-05-12 11:58:31,014][__main__][INFO] - ✓ [mistralai/Mixtral-8x7B-Instruct-v0.1] Temp=0.0 Rep=1 → Concordo fortemente
[2026-05-12 11:58:31,023][__main__][INFO] - ✓ [google/gemma-3-12b-it] Temp=0.0 Rep=1 → Concordo
[2026-05-12 11:58:31,024][__main__][INFO] - ✓ [mistralai/Mixtral-8x7B-Instruct-v0.1] Temp=0.0 Rep=1 → Concordo fortemente
[2026-05-12 11:58:31,027][__main__][INFO] - ✓ [google/gemma-3-12b-it] Temp=0.0 Rep=1 → Concordo fortemente
[2026-05-12 11:58:31,027][__main__][INFO] - ✓ [google/gemma-3-12b-it] Temp=0.0 Rep=1 → Concordo
[2026-05-12 11:58:31,168][__main__][INFO] - ✓ [mistralai/Mixtral-8x7B-Instruct-v0.1] Temp=0.0 Rep=1 → Discordo
[2026-05-12 11:58:31,479][__main__][INFO] - ✓ [google/gemma-3-12b-it] Temp=0.0 Rep=1 → Neutro
[2026-05-12 11:58:31,485][__main__][INFO] - ✓ [google/gemma-3-12b-it] Temp=0.0 Rep=1 → Neutro
[2026-05-12 11:58:31,493][__main__][INFO] - ✓ [mistralai/Mixtral-8x7B-Instruct-v0.1] Temp=0.0 Rep=1 → Concordo
[2026-05-12 11:58:31,531][__main__][INFO] - ✓ [google/gemma-3-12b-it] Temp=0.0 Rep=1 → Concordo
[2026-05-12 11:58:31,564][__main__][INFO] - ✓ [mistralai/Mixtral-8x7B-Instruct-v0.1] Temp=0.0 Rep=1 → Concordo
[2026-05-12 11:58:31,567][__main__][INFO] - Salvamento incremental (1160 novas respostas)...
[2026-05-12 11:58:31,616][__main__][INFO] - Cache salvo com 237624 entradas
[2026-05-12 11:58:31,616][__main__][INFO] - ✓ [mistralai/Mixtral-8x7B-Instruct-v0.1] Temp=0.0 Rep=1 → Concordo
[2026-05-12 11:58:31,618][__main__][INFO] - ✓ [mistralai/Mixtral-8x7B-Instruct-v0.1] Temp=0.0 Rep=1 → Concordo fortemente
[2026-05-12 11:58:31,619][__main__][INFO] - ✓ [google/gemma-3-12b-it] Temp=0.0 Rep=1 → Neutro
[2026-05-12 11:58:31,620][__main__][INFO] - ✓ [google/gemma-3-12b-it] Temp=0.0 Rep=1 → Concordo
[2026-05-12 11:58:31,734][__main__][INFO] - ✓ [google/gemma-3-12b-it] Temp=0.0 Rep=1 → Concordo
[2026-05-12 11:58:31,767][__main__][INFO] - ✓ [mistralai/Mixtral-8x7B-Instruct-v0.1] Temp=0.0 Rep=1 → Concordo fortemente
[2026-05-12 11:58:31,777][__main__][INFO] - ✓ [mistralai/Mixtral-8x7B-Instruct-v0.1] Temp=0.0 Rep=1 → Neutro
[2026-05-12 11:58:31,898][__main__][INFO] - ✓ [google/gemma-3-12b-it] Temp=0.0 Rep=1 → Concordo
[2026-05-12 11:58:32,009][__main__][INFO] - ✓ [mistralai/Mixtral-8x7B-Instruct-v0.1] Temp=0.0 Rep=1 → Concordo
[2026-05-12 11:58:32,021][__main__][INFO] - ✓ [mistralai/Mixtral-8x7B-Instruct-v0.1] Temp=0.0 Rep=1 → Neutro
[2026-05-12 11:58:32,021][__main__][INFO] - ✓ [mistralai/Mixtral-8x7B-Instruct-v0.1] Temp=0.0 Rep=1 → Concordo fortemente
[2026-05-12 11:58:32,022][__main__][INFO] - ✓ [google/gemma-3-12b-it] Temp=0.0 Rep=1 → Concordo
[2026-05-12 11:58:32,098][__main__][INFO] - ✓ [google/gemma-3-12b-it] Temp=0.0 Rep=1 → Concordo
[2026-05-12 11:58:32,146][__main__][INFO] - ✓ [google/gemma-3-12b-it] Temp=0.0 Rep=1 → Concordo fortemente
[2026-05-12 11:58:32,188][__main__][INFO] - ✓ [google/gemma-3-12b-it] Temp=0.0 Rep=1 → Concordo
[2026-05-12 11:58:32,193][__main__][INFO] - ✓ [mistralai/Mixtral-8x7B-Instruct-v0.1] Temp=0.0 Rep=1 → Concordo fortemente
[2026-05-12 11:58:32,208][__main__][INFO] - ✓ [mistralai/Mixtral-8x7B-Instruct-v0.1] Temp=0.0 Rep=1 → Concordo
[2026-05-12 11:58:32,270][__main__][INFO] - ✓ [google/gemma-3-12b-it] Temp=0.0 Rep=1 → Concordo fortemente
[2026-05-12 11:58:32,529][__main__][INFO] - ✓ [mistralai/Mixtral-8x7B-Instruct-v0.1] Temp=0.0 Rep=1 → Neutro
[2026-05-12 11:58:32,533][__main__][INFO] - ✓ [mistralai/Mixtral-8x7B-Instruct-v0.1] Temp=0.0 Rep=1 → Concordo fortemente
[2026-05-12 11:58:32,533][__main__][INFO] - ✓ [mistralai/Mixtral-8x7B-Instruct-v0.1] Temp=0.0 Rep=1 → Neutro
[2026-05-12 11:58:32,534][__main__][INFO] - ✓ [mistralai/Mixtral-8x7B-Instruct-v0.1] Temp=0.0 Rep=1 → Neutro
[2026-05-12 11:58:32,542][__main__][INFO] - ✓ [google/gemma-3-12b-it] Temp=0.0 Rep=1 → Neutro
[2026-05-12 11:58:32,631][__main__][INFO] - ✓ [google/gemma-3-12b-it] Temp=0.0 Rep=1 → Neutro
[2026-05-12 11:58:32,638][__main__][INFO] - ✓ [google/gemma-3-12b-it] Temp=0.0 Rep=1 → Concordo
[2026-05-12 11:58:32,650][__main__][INFO] - ✓ [google/gemma-3-12b-it] Temp=0.0 Rep=1 → Concordo
[2026-05-12 11:58:32,652][__main__][INFO] - ✓ [google/gemma-3-12b-it] Temp=0.0 Rep=1 → Neutro
[2026-05-12 11:58:32,653][__main__][INFO] - ✓ [google/gemma-3-12b-it] Temp=0.0 Rep=1 → Concordo
[2026-05-12 11:58:32,892][__main__][INFO] - ✓ [mistralai/Mixtral-8x7B-Instruct-v0.1] Temp=0.0 Rep=1 → Concordo fortemente
[2026-05-12 11:58:32,929][__main__][INFO] - ✓ [mistralai/Mixtral-8x7B-Instruct-v0.1] Temp=0.0 Rep=1 → Concordo fortemente
[2026-05-12 11:58:33,087][__main__][INFO] - ✓ [google/gemma-3-12b-it] Temp=0.0 Rep=1 → Concordo
[2026-05-12 11:58:33,087][__main__][INFO] - ✓ [google/gemma-3-12b-it] Temp=0.0 Rep=1 → Neutro
[2026-05-12 11:58:33,195][__main__][INFO] - ✓ [mistralai/Mixtral-8x7B-Instruct-v0.1] Temp=0.0 Rep=1 → Concordo fortemente
[2026-05-12 11:58:33,228][__main__][INFO] - ✓ [mistralai/Mixtral-8x7B-Instruct-v0.1] Temp=0.0 Rep=1 → Neutro
[2026-05-12 11:58:33,232][__main__][INFO] - ✓ [mistralai/Mixtral-8x7B-Instruct-v0.1] Temp=0.0 Rep=1 → Neutro
[2026-05-12 11:58:33,367][__main__][INFO] - ✓ [google/gemma-3-12b-it] Temp=0.0 Rep=1 → Neutro
[2026-05-12 11:58:33,391][__main__][INFO] - ✓ [mistralai/Mixtral-8x7B-Instruct-v0.1] Temp=0.0 Rep=1 → Concordo fortemente
[2026-05-12 11:58:33,404][__main__][INFO] - ✓ [mistralai/Mixtral-8x7B-Instruct-v0.1] Temp=0.0 Rep=1 → Neutro
[2026-05-12 11:58:33,426][__main__][INFO] - ✓ [google/gemma-3-12b-it] Temp=0.0 Rep=1 → Concordo
[2026-05-12 11:58:33,579][__main__][INFO] - ✓ [google/gemma-3-12b-it] Temp=0.0 Rep=1 → Neutro
[2026-05-12 11:58:33,582][__main__][INFO] - Salvamento incremental (1200 novas respostas)...
[2026-05-12 11:58:33,631][__main__][INFO] - Cache salvo com 237664 entradas
[2026-05-12 11:58:33,631][__main__][INFO] - ✓ [mistralai/Mixtral-8x7B-Instruct-v0.1] Temp=0.0 Rep=1 → Neutro
[2026-05-12 11:58:33,631][__main__][INFO] - ✓ [google/gemma-3-12b-it] Temp=0.0 Rep=1 → Concordo fortemente
[2026-05-12 11:58:33,634][__main__][INFO] - ✓ [google/gemma-3-12b-it] Temp=0.0 Rep=1 → Concordo fortemente
[2026-05-12 11:58:33,634][__main__][INFO] - ✓ [mistralai/Mixtral-8x7B-Instruct-v0.1] Temp=0.0 Rep=1 → Neutro
[2026-05-12 11:58:33,651][__main__][INFO] - ✓ [google/gemma-3-12b-it] Temp=0.0 Rep=1 → Concordo fortemente
[2026-05-12 11:58:33,684][__main__][INFO] - ✓ [mistralai/Mixtral-8x7B-Instruct-v0.1] Temp=0.0 Rep=1 → Concordo
[2026-05-12 11:58:33,736][__main__][INFO] - ✓ [mistralai/Mixtral-8x7B-Instruct-v0.1] Temp=0.0 Rep=1 → Concordo fortemente
[2026-05-12 11:58:33,740][__main__][INFO] - ✓ [mistralai/Mixtral-8x7B-Instruct-v0.1] Temp=0.0 Rep=1 → Concordo
[2026-05-12 11:58:33,808][__main__][INFO] - ✓ [google/gemma-3-12b-it] Temp=0.0 Rep=1 → Concordo fortemente
[2026-05-12 11:58:33,915][__main__][INFO] - ✓ [mistralai/Mixtral-8x7B-Instruct-v0.1] Temp=0.0 Rep=1 → Concordo
[2026-05-12 11:58:33,918][__main__][INFO] - ✓ [mistralai/Mixtral-8x7B-Instruct-v0.1] Temp=0.0 Rep=1 → Concordo
[2026-05-12 11:58:33,921][__main__][INFO] - ✓ [mistralai/Mixtral-8x7B-Instruct-v0.1] Temp=0.0 Rep=1 → Concordo
[2026-05-12 11:58:34,100][__main__][INFO] - ✓ [google/gemma-3-12b-it] Temp=0.0 Rep=1 → Concordo
[2026-05-12 11:58:34,131][__main__][INFO] - ✓ [google/gemma-3-12b-it] Temp=0.0 Rep=1 → Concordo
[2026-05-12 11:58:34,146][__main__][INFO] - ✓ [google/gemma-3-12b-it] Temp=0.0 Rep=1 → Concordo
[2026-05-12 11:58:34,162][__main__][INFO] - ✓ [mistralai/Mixtral-8x7B-Instruct-v0.1] Temp=0.0 Rep=1 → Concordo fortemente
[2026-05-12 11:58:34,203][__main__][INFO] - ✓ [mistralai/Mixtral-8x7B-Instruct-v0.1] Temp=0.0 Rep=1 → Concordo
[2026-05-12 11:58:34,224][__main__][INFO] - ✓ [mistralai/Mixtral-8x7B-Instruct-v0.1] Temp=0.0 Rep=1 → Concordo fortemente
[2026-05-12 11:58:34,263][__main__][INFO] - ✓ [google/gemma-3-12b-it] Temp=0.0 Rep=1 → Concordo fortemente
[2026-05-12 11:58:34,371][__main__][INFO] - ✓ [google/gemma-3-12b-it] Temp=0.0 Rep=1 → Concordo fortemente
[2026-05-12 11:58:34,449][__main__][INFO] - ✓ [mistralai/Mixtral-8x7B-Instruct-v0.1] Temp=0.0 Rep=1 → Concordo
[2026-05-12 11:58:34,449][__main__][INFO] - ✓ [mistralai/Mixtral-8x7B-Instruct-v0.1] Temp=0.0 Rep=1 → Concordo
[2026-05-12 11:58:34,473][__main__][INFO] - ✓ [mistralai/Mixtral-8x7B-Instruct-v0.1] Temp=0.0 Rep=1 → Concordo
[2026-05-12 11:58:34,628][__main__][INFO] - ✓ [google/gemma-3-12b-it] Temp=0.0 Rep=1 → Concordo
[2026-05-12 11:58:34,651][__main__][INFO] - ✓ [google/gemma-3-12b-it] Temp=0.0 Rep=1 → Concordo
[2026-05-12 11:58:34,653][__main__][INFO] - ✓ [google/gemma-3-12b-it] Temp=0.0 Rep=1 → Concordo fortemente
[2026-05-12 11:58:34,653][__main__][INFO] - ✓ [google/gemma-3-12b-it] Temp=0.0 Rep=1 → Concordo
[2026-05-12 11:58:34,675][__main__][INFO] - ✓ [google/gemma-3-12b-it] Temp=0.0 Rep=1 → Concordo
[2026-05-12 11:58:34,714][__main__][INFO] - ✓ [google/gemma-3-12b-it] Temp=0.0 Rep=1 → Concordo
[2026-05-12 11:58:34,765][__main__][INFO] - ✓ [mistralai/Mixtral-8x7B-Instruct-v0.1] Temp=0.0 Rep=1 → Concordo
[2026-05-12 11:58:34,766][__main__][INFO] - ✓ [mistralai/Mixtral-8x7B-Instruct-v0.1] Temp=0.0 Rep=1 → Concordo
[2026-05-12 11:58:34,777][__main__][INFO] - ✓ [mistralai/Mixtral-8x7B-Instruct-v0.1] Temp=0.0 Rep=1 → Concordo
[2026-05-12 11:58:34,872][__main__][INFO] - ✓ [google/gemma-3-12b-it] Temp=0.0 Rep=1 → Concordo
[2026-05-12 11:58:34,949][__main__][INFO] - ✓ [mistralai/Mixtral-8x7B-Instruct-v0.1] Temp=0.0 Rep=1 → Concordo
[2026-05-12 11:58:34,998][__main__][INFO] - ✓ [mistralai/Mixtral-8x7B-Instruct-v0.1] Temp=0.0 Rep=1 → Neutro
[2026-05-12 11:58:35,002][__main__][INFO] - ✓ [mistralai/Mixtral-8x7B-Instruct-v0.1] Temp=0.0 Rep=1 → Concordo fortemente
[2026-05-12 11:58:35,177][__main__][INFO] - ✓ [mistralai/Mixtral-8x7B-Instruct-v0.1] Temp=0.0 Rep=1 → Concordo fortemente
[2026-05-12 11:58:35,178][__main__][INFO] - ✓ [google/gemma-3-12b-it] Temp=0.0 Rep=1 → Concordo
[2026-05-12 11:58:35,248][__main__][INFO] - ✓ [mistralai/Mixtral-8x7B-Instruct-v0.1] Temp=0.0 Rep=1 → Concordo fortemente
[2026-05-12 11:58:35,258][__main__][INFO] - ✓ [google/gemma-3-12b-it] Temp=0.0 Rep=1 → Concordo fortemente
[2026-05-12 11:58:35,280][__main__][INFO] - Salvamento incremental (1240 novas respostas)...
[2026-05-12 11:58:35,328][__main__][INFO] - Cache salvo com 237704 entradas
[2026-05-12 11:58:35,328][__main__][INFO] - ✓ [mistralai/Mixtral-8x7B-Instruct-v0.1] Temp=0.0 Rep=1 → Concordo
[2026-05-12 11:58:35,336][__main__][INFO] - ✓ [google/gemma-3-12b-it] Temp=0.0 Rep=1 → Concordo fortemente
[2026-05-12 11:58:35,375][__main__][INFO] - ✓ [google/gemma-3-12b-it] Temp=0.0 Rep=1 → Concordo fortemente
[2026-05-12 11:58:35,400][__main__][INFO] - ✓ [google/gemma-3-12b-it] Temp=0.0 Rep=1 → Concordo fortemente
[2026-05-12 11:58:35,517][__main__][INFO] - ✓ [google/gemma-3-12b-it] Temp=0.0 Rep=1 → Concordo fortemente
[2026-05-12 11:58:35,526][__main__][INFO] - ✓ [mistralai/Mixtral-8x7B-Instruct-v0.1] Temp=0.0 Rep=1 → Concordo
[2026-05-12 11:58:35,527][__main__][INFO] - ✓ [mistralai/Mixtral-8x7B-Instruct-v0.1] Temp=0.0 Rep=1 → Concordo
[2026-05-12 11:58:35,565][__main__][INFO] - ✓ [google/gemma-3-12b-it] Temp=0.0 Rep=1 → Neutro
[2026-05-12 11:58:35,673][__main__][INFO] - ✓ [mistralai/Mixtral-8x7B-Instruct-v0.1] Temp=0.0 Rep=1 → Concordo
[2026-05-12 11:58:35,678][__main__][INFO] - ✓ [google/gemma-3-12b-it] Temp=0.0 Rep=1 → Concordo
[2026-05-12 11:58:35,807][__main__][INFO] - ✓ [google/gemma-3-12b-it] Temp=0.0 Rep=1 → Concordo
[2026-05-12 11:58:35,810][__main__][INFO] - ✓ [mistralai/Mixtral-8x7B-Instruct-v0.1] Temp=0.0 Rep=1 → Neutro
[2026-05-12 11:58:35,820][__main__][INFO] - ✓ [mistralai/Mixtral-8x7B-Instruct-v0.1] Temp=0.0 Rep=1 → Concordo
[2026-05-12 11:58:35,840][__main__][INFO] - ✓ [mistralai/Mixtral-8x7B-Instruct-v0.1] Temp=0.0 Rep=1 → Concordo fortemente
[2026-05-12 11:58:35,875][__main__][INFO] - ✓ [google/gemma-3-12b-it] Temp=0.0 Rep=1 → Neutro
[2026-05-12 11:58:35,895][__main__][INFO] - ✓ [google/gemma-3-12b-it] Temp=0.0 Rep=1 → Concordo
[2026-05-12 11:58:35,927][__main__][INFO] - ✓ [google/gemma-3-12b-it] Temp=0.0 Rep=1 → Concordo
[2026-05-12 11:58:36,031][__main__][INFO] - ✓ [google/gemma-3-12b-it] Temp=0.0 Rep=1 → Neutro
[2026-05-12 11:58:36,035][__main__][INFO] - ✓ [google/gemma-3-12b-it] Temp=0.0 Rep=1 → Concordo
[2026-05-12 11:58:36,077][__main__][INFO] - ✓ [mistralai/Mixtral-8x7B-Instruct-v0.1] Temp=0.0 Rep=1 → Concordo
[2026-05-12 11:58:36,087][__main__][INFO] - ✓ [mistralai/Mixtral-8x7B-Instruct-v0.1] Temp=0.0 Rep=1 → Neutro
[2026-05-12 11:58:36,092][__main__][INFO] - ✓ [mistralai/Mixtral-8x7B-Instruct-v0.1] Temp=0.0 Rep=1 → Concordo
[2026-05-12 11:58:36,198][__main__][INFO] - ✓ [google/gemma-3-12b-it] Temp=0.0 Rep=1 → Neutro
[2026-05-12 11:58:36,243][__main__][INFO] - ✓ [mistralai/Mixtral-8x7B-Instruct-v0.1] Temp=0.0 Rep=1 → Concordo
[2026-05-12 11:58:36,303][__main__][INFO] - ✓ [mistralai/Mixtral-8x7B-Instruct-v0.1] Temp=0.0 Rep=1 → Neutro
[2026-05-12 11:58:36,333][__main__][INFO] - ✓ [mistralai/Mixtral-8x7B-Instruct-v0.1] Temp=0.0 Rep=1 → Concordo
[2026-05-12 11:58:36,345][__main__][INFO] - ✓ [google/gemma-3-12b-it] Temp=0.0 Rep=1 → Neutro
[2026-05-12 11:58:36,415][__main__][INFO] - ✓ [google/gemma-3-12b-it] Temp=0.0 Rep=1 → Concordo
[2026-05-12 11:58:36,452][__main__][INFO] - ✓ [google/gemma-3-12b-it] Temp=0.0 Rep=1 → Concordo fortemente
[2026-05-12 11:58:36,454][__main__][INFO] - ✓ [google/gemma-3-12b-it] Temp=0.0 Rep=1 → Neutro
[2026-05-12 11:58:36,462][__main__][INFO] - ✓ [google/gemma-3-12b-it] Temp=0.0 Rep=1 → Neutro
[2026-05-12 11:58:36,486][__main__][INFO] - ✓ [mistralai/Mixtral-8x7B-Instruct-v0.1] Temp=0.0 Rep=1 → Concordo
[2026-05-12 11:58:36,523][__main__][INFO] - ✓ [mistralai/Mixtral-8x7B-Instruct-v0.1] Temp=0.0 Rep=1 → Neutro
[2026-05-12 11:58:36,556][__main__][INFO] - ✓ [google/gemma-3-12b-it] Temp=0.0 Rep=1 → Concordo
[2026-05-12 11:58:36,603][__main__][INFO] - ✓ [mistralai/Mixtral-8x7B-Instruct-v0.1] Temp=0.0 Rep=1 → Concordo
[2026-05-12 11:58:36,746][__main__][INFO] - ✓ [mistralai/Mixtral-8x7B-Instruct-v0.1] Temp=0.0 Rep=1 → Concordo fortemente
[2026-05-12 11:58:36,750][__main__][INFO] - ✓ [mistralai/Mixtral-8x7B-Instruct-v0.1] Temp=0.0 Rep=1 → Concordo
[2026-05-12 11:58:36,756][__main__][INFO] - ✓ [mistralai/Mixtral-8x7B-Instruct-v0.1] Temp=0.0 Rep=1 → Concordo
[2026-05-12 11:58:36,759][__main__][INFO] - ✓ [google/gemma-3-12b-it] Temp=0.0 Rep=1 → Concordo
[2026-05-12 11:58:36,923][__main__][INFO] - ✓ [mistralai/Mixtral-8x7B-Instruct-v0.1] Temp=0.0 Rep=1 → Concordo fortemente
[2026-05-12 11:58:36,929][__main__][INFO] - Salvamento incremental (1280 novas respostas)...
[2026-05-12 11:58:36,987][__main__][INFO] - Cache salvo com 237744 entradas
[2026-05-12 11:58:36,987][__main__][INFO] - ✓ [google/gemma-3-12b-it] Temp=0.0 Rep=1 → Concordo
[2026-05-12 11:58:36,989][__main__][INFO] - ✓ [google/gemma-3-12b-it] Temp=0.0 Rep=1 → Concordo
[2026-05-12 11:58:36,989][__main__][INFO] - ✓ [google/gemma-3-12b-it] Temp=0.0 Rep=1 → Concordo
[2026-05-12 11:58:36,989][__main__][INFO] - ✓ [google/gemma-3-12b-it] Temp=0.0 Rep=1 → Concordo
[2026-05-12 11:58:36,990][__main__][INFO] - ✓ [google/gemma-3-12b-it] Temp=0.0 Rep=1 → Concordo
[2026-05-12 11:58:37,026][__main__][INFO] - ✓ [mistralai/Mixtral-8x7B-Instruct-v0.1] Temp=0.0 Rep=1 → Concordo
[2026-05-12 11:58:37,151][__main__][INFO] - ✓ [google/gemma-3-12b-it] Temp=0.0 Rep=1 → Concordo
[2026-05-12 11:58:37,283][__main__][INFO] - ✓ [mistralai/Mixtral-8x7B-Instruct-v0.1] Temp=0.0 Rep=1 → Concordo fortemente
[2026-05-12 11:58:37,287][__main__][INFO] - ✓ [mistralai/Mixtral-8x7B-Instruct-v0.1] Temp=0.0 Rep=1 → Concordo
[2026-05-12 11:58:37,304][__main__][INFO] - ✓ [mistralai/Mixtral-8x7B-Instruct-v0.1] Temp=0.0 Rep=1 → Concordo
[2026-05-12 11:58:37,331][__main__][INFO] - ✓ [google/gemma-3-12b-it] Temp=0.0 Rep=1 → Concordo
[2026-05-12 11:58:37,420][__main__][INFO] - ✓ [mistralai/Mixtral-8x7B-Instruct-v0.1] Temp=0.0 Rep=1 → Concordo
[2026-05-12 11:58:37,458][__main__][INFO] - ✓ [google/gemma-3-12b-it] Temp=0.0 Rep=1 → Concordo
[2026-05-12 11:58:37,482][__main__][INFO] - ✓ [google/gemma-3-12b-it] Temp=0.0 Rep=1 → Concordo
[2026-05-12 11:58:37,491][__main__][INFO] - ✓ [google/gemma-3-12b-it] Temp=0.0 Rep=1 → Concordo
[2026-05-12 11:58:37,523][__main__][INFO] - ✓ [google/gemma-3-12b-it] Temp=0.0 Rep=1 → Concordo
[2026-05-12 11:58:37,554][__main__][INFO] - ✓ [mistralai/Mixtral-8x7B-Instruct-v0.1] Temp=0.0 Rep=1 → Concordo
[2026-05-12 11:58:37,585][__main__][INFO] - ✓ [mistralai/Mixtral-8x7B-Instruct-v0.1] Temp=0.0 Rep=1 → Concordo
[2026-05-12 11:58:37,613][__main__][INFO] - ✓ [mistralai/Mixtral-8x7B-Instruct-v0.1] Temp=0.0 Rep=1 → Concordo fortemente
[2026-05-12 11:58:37,771][__main__][INFO] - ✓ [google/gemma-3-12b-it] Temp=0.0 Rep=1 → Concordo fortemente
[2026-05-12 11:58:37,777][__main__][INFO] - ✓ [mistralai/Mixtral-8x7B-Instruct-v0.1] Temp=0.0 Rep=1 → Concordo
[2026-05-12 11:58:37,780][__main__][INFO] - ✓ [google/gemma-3-12b-it] Temp=0.0 Rep=1 → Concordo
[2026-05-12 11:58:37,806][__main__][INFO] - ✓ [google/gemma-3-12b-it] Temp=0.0 Rep=1 → Concordo
[2026-05-12 11:58:37,818][__main__][INFO] - ✓ [mistralai/Mixtral-8x7B-Instruct-v0.1] Temp=0.0 Rep=1 → Concordo
[2026-05-12 11:58:37,862][__main__][INFO] - ✓ [mistralai/Mixtral-8x7B-Instruct-v0.1] Temp=0.0 Rep=1 → Concordo fortemente
[2026-05-12 11:58:37,921][__main__][INFO] - ✓ [mistralai/Mixtral-8x7B-Instruct-v0.1] Temp=0.0 Rep=1 → Concordo fortemente
[2026-05-12 11:58:38,033][__main__][INFO] - ✓ [google/gemma-3-12b-it] Temp=0.0 Rep=1 → Concordo
[2026-05-12 11:58:38,073][__main__][INFO] - ✓ [mistralai/Mixtral-8x7B-Instruct-v0.1] Temp=0.0 Rep=1 → Concordo
[2026-05-12 11:58:38,080][__main__][INFO] - ✓ [mistralai/Mixtral-8x7B-Instruct-v0.1] Temp=0.0 Rep=1 → Concordo
[2026-05-12 11:58:38,088][__main__][INFO] - ✓ [google/gemma-3-12b-it] Temp=0.0 Rep=1 → Concordo
[2026-05-12 11:58:38,116][__main__][INFO] - ✓ [google/gemma-3-12b-it] Temp=0.0 Rep=1 → Concordo
[2026-05-12 11:58:38,150][__main__][INFO] - ✓ [mistralai/Mixtral-8x7B-Instruct-v0.1] Temp=0.0 Rep=1 → Concordo
[2026-05-12 11:58:38,195][__main__][INFO] - ✓ [google/gemma-3-12b-it] Temp=0.0 Rep=1 → Concordo
[2026-05-12 11:58:38,296][__main__][INFO] - ✓ [mistralai/Mixtral-8x7B-Instruct-v0.1] Temp=0.0 Rep=1 → Concordo fortemente
[2026-05-12 11:58:38,297][__main__][INFO] - ✓ [google/gemma-3-12b-it] Temp=0.0 Rep=1 → Concordo
[2026-05-12 11:58:38,331][__main__][INFO] - ✓ [mistralai/Mixtral-8x7B-Instruct-v0.1] Temp=0.0 Rep=1 → Neutro
[2026-05-12 11:58:38,437][__main__][INFO] - ✓ [mistralai/Mixtral-8x7B-Instruct-v0.1] Temp=0.0 Rep=1 → Concordo fortemente
[2026-05-12 11:58:38,464][__main__][INFO] - ✓ [google/gemma-3-12b-it] Temp=0.0 Rep=1 → Concordo
[2026-05-12 11:58:38,475][__main__][INFO] - ✓ [mistralai/Mixtral-8x7B-Instruct-v0.1] Temp=0.0 Rep=1 → Neutro
[2026-05-12 11:58:38,482][__main__][INFO] - ✓ [google/gemma-3-12b-it] Temp=0.0 Rep=1 → Neutro
[2026-05-12 11:58:38,615][__main__][INFO] - Salvamento incremental (1320 novas respostas)...
[2026-05-12 11:58:38,665][__main__][INFO] - Cache salvo com 237784 entradas
[2026-05-12 11:58:38,665][__main__][INFO] - ✓ [mistralai/Mixtral-8x7B-Instruct-v0.1] Temp=0.0 Rep=1 → Concordo
[2026-05-12 11:58:38,667][__main__][INFO] - ✓ [google/gemma-3-12b-it] Temp=0.0 Rep=1 → Concordo
[2026-05-12 11:58:38,668][__main__][INFO] - ✓ [google/gemma-3-12b-it] Temp=0.0 Rep=1 → Concordo
[2026-05-12 11:58:38,703][__main__][INFO] - ✓ [google/gemma-3-12b-it] Temp=0.0 Rep=1 → Concordo
[2026-05-12 11:58:38,706][__main__][INFO] - ✓ [mistralai/Mixtral-8x7B-Instruct-v0.1] Temp=0.0 Rep=1 → Concordo
[2026-05-12 11:58:38,817][__main__][INFO] - ✓ [mistralai/Mixtral-8x7B-Instruct-v0.1] Temp=0.0 Rep=1 → Concordo fortemente
[2026-05-12 11:58:38,818][__main__][INFO] - ✓ [google/gemma-3-12b-it] Temp=0.0 Rep=1 → Concordo
[2026-05-12 11:58:38,819][__main__][INFO] - ✓ [mistralai/Mixtral-8x7B-Instruct-v0.1] Temp=0.0 Rep=1 → Neutro
[2026-05-12 11:58:38,874][__main__][INFO] - ✓ [google/gemma-3-12b-it] Temp=0.0 Rep=1 → Concordo
[2026-05-12 11:58:38,968][__main__][INFO] - ✓ [mistralai/Mixtral-8x7B-Instruct-v0.1] Temp=0.0 Rep=1 → Concordo fortemente
[2026-05-12 11:58:38,975][__main__][INFO] - ✓ [mistralai/Mixtral-8x7B-Instruct-v0.1] Temp=0.0 Rep=1 → Concordo
[2026-05-12 11:58:38,984][__main__][INFO] - ✓ [mistralai/Mixtral-8x7B-Instruct-v0.1] Temp=0.0 Rep=1 → Neutro
[2026-05-12 11:58:39,139][__main__][INFO] - ✓ [mistralai/Mixtral-8x7B-Instruct-v0.1] Temp=0.0 Rep=1 → Concordo
[2026-05-12 11:58:39,147][__main__][INFO] - ✓ [google/gemma-3-12b-it] Temp=0.0 Rep=1 → Concordo
[2026-05-12 11:58:39,230][__main__][INFO] - ✓ [google/gemma-3-12b-it] Temp=0.0 Rep=1 → Concordo fortemente
[2026-05-12 11:58:39,343][__main__][INFO] - ✓ [google/gemma-3-12b-it] Temp=0.0 Rep=1 → Concordo
[2026-05-12 11:58:39,344][__main__][INFO] - ✓ [mistralai/Mixtral-8x7B-Instruct-v0.1] Temp=0.0 Rep=1 → Neutro
[2026-05-12 11:58:39,347][__main__][INFO] - ✓ [mistralai/Mixtral-8x7B-Instruct-v0.1] Temp=0.0 Rep=1 → Concordo fortemente
[2026-05-12 11:58:39,367][__main__][INFO] - ✓ [google/gemma-3-12b-it] Temp=0.0 Rep=1 → Concordo
[2026-05-12 11:58:39,370][__main__][INFO] - ✓ [google/gemma-3-12b-it] Temp=0.0 Rep=1 → Concordo
[2026-05-12 11:58:39,372][__main__][INFO] - ✓ [google/gemma-3-12b-it] Temp=0.0 Rep=1 → Concordo
[2026-05-12 11:58:39,441][__main__][INFO] - ✓ [google/gemma-3-12b-it] Temp=0.0 Rep=1 → Concordo
[2026-05-12 11:58:39,518][__main__][INFO] - ✓ [mistralai/Mixtral-8x7B-Instruct-v0.1] Temp=0.0 Rep=1 → Concordo fortemente
[2026-05-12 11:58:39,544][__main__][INFO] - ✓ [google/gemma-3-12b-it] Temp=0.0 Rep=1 → Concordo
[2026-05-12 11:58:39,549][__main__][INFO] - ✓ [google/gemma-3-12b-it] Temp=0.0 Rep=1 → Concordo
[2026-05-12 11:58:39,635][__main__][INFO] - ✓ [mistralai/Mixtral-8x7B-Instruct-v0.1] Temp=0.0 Rep=1 → Neutro
[2026-05-12 11:58:39,639][__main__][INFO] - ✓ [mistralai/Mixtral-8x7B-Instruct-v0.1] Temp=0.0 Rep=1 → Discordo
[2026-05-12 11:58:39,642][__main__][INFO] - ✓ [mistralai/Mixtral-8x7B-Instruct-v0.1] Temp=0.0 Rep=1 → Neutro
[2026-05-12 11:58:39,709][__main__][INFO] - ✓ [mistralai/Mixtral-8x7B-Instruct-v0.1] Temp=0.0 Rep=1 → Concordo
[2026-05-12 11:58:39,764][__main__][INFO] - ✓ [google/gemma-3-12b-it] Temp=0.0 Rep=1 → Concordo
[2026-05-12 11:58:39,868][__main__][INFO] - ✓ [mistralai/Mixtral-8x7B-Instruct-v0.1] Temp=0.0 Rep=1 → Neutro
[2026-05-12 11:58:39,873][__main__][INFO] - ✓ [google/gemma-3-12b-it] Temp=0.0 Rep=1 → Concordo
[2026-05-12 11:58:39,875][__main__][INFO] - ✓ [google/gemma-3-12b-it] Temp=0.0 Rep=1 → Concordo
[2026-05-12 11:58:39,901][__main__][INFO] - ✓ [mistralai/Mixtral-8x7B-Instruct-v0.1] Temp=0.0 Rep=1 → Concordo
[2026-05-12 11:58:39,920][__main__][INFO] - ✓ [mistralai/Mixtral-8x7B-Instruct-v0.1] Temp=0.0 Rep=1 → Concordo
[2026-05-12 11:58:39,999][__main__][INFO] - ✓ [google/gemma-3-12b-it] Temp=0.0 Rep=1 → Discordo
[2026-05-12 11:58:40,009][__main__][INFO] - ✓ [mistralai/Mixtral-8x7B-Instruct-v0.1] Temp=0.0 Rep=1 → Discordo
[2026-05-12 11:58:40,067][__main__][INFO] - ✓ [google/gemma-3-12b-it] Temp=0.0 Rep=1 → Neutro
[2026-05-12 11:58:40,071][__main__][INFO] - ✓ [google/gemma-3-12b-it] Temp=0.0 Rep=1 → Concordo
[2026-05-12 11:58:40,199][__main__][INFO] - ✓ [mistralai/Mixtral-8x7B-Instruct-v0.1] Temp=0.0 Rep=1 → Concordo fortemente
[2026-05-12 11:58:40,247][__main__][INFO] - Salvamento incremental (1360 novas respostas)...
[2026-05-12 11:58:40,297][__main__][INFO] - Cache salvo com 237824 entradas
[2026-05-12 11:58:40,297][__main__][INFO] - ✓ [google/gemma-3-12b-it] Temp=0.0 Rep=1 → Concordo
[2026-05-12 11:58:40,300][__main__][INFO] - ✓ [google/gemma-3-12b-it] Temp=0.0 Rep=1 → Concordo
[2026-05-12 11:58:40,300][__main__][INFO] - ✓ [google/gemma-3-12b-it] Temp=0.0 Rep=1 → Concordo fortemente
[2026-05-12 11:58:40,391][__main__][INFO] - ✓ [mistralai/Mixtral-8x7B-Instruct-v0.1] Temp=0.0 Rep=1 → Concordo fortemente
[2026-05-12 11:58:40,392][__main__][INFO] - ✓ [mistralai/Mixtral-8x7B-Instruct-v0.1] Temp=0.0 Rep=1 → Concordo
[2026-05-12 11:58:40,393][__main__][INFO] - ✓ [mistralai/Mixtral-8x7B-Instruct-v0.1] Temp=0.0 Rep=1 → Concordo fortemente
[2026-05-12 11:58:40,404][__main__][INFO] - ✓ [google/gemma-3-12b-it] Temp=0.0 Rep=1 → Concordo
[2026-05-12 11:58:40,419][__main__][INFO] - ✓ [google/gemma-3-12b-it] Temp=0.0 Rep=1 → Concordo
[2026-05-12 11:58:40,452][__main__][INFO] - ✓ [google/gemma-3-12b-it] Temp=0.0 Rep=1 → Concordo
[2026-05-12 11:58:40,480][__main__][INFO] - ✓ [mistralai/Mixtral-8x7B-Instruct-v0.1] Temp=0.0 Rep=1 → Concordo
[2026-05-12 11:58:40,675][__main__][INFO] - ✓ [mistralai/Mixtral-8x7B-Instruct-v0.1] Temp=0.0 Rep=1 → Discordo
[2026-05-12 11:58:40,676][__main__][INFO] - ✓ [mistralai/Mixtral-8x7B-Instruct-v0.1] Temp=0.0 Rep=1 → Concordo fortemente
[2026-05-12 11:58:40,686][__main__][INFO] - ✓ [mistralai/Mixtral-8x7B-Instruct-v0.1] Temp=0.0 Rep=1 → Concordo
[2026-05-12 11:58:40,688][__main__][INFO] - ✓ [mistralai/Mixtral-8x7B-Instruct-v0.1] Temp=0.0 Rep=1 → Concordo
[2026-05-12 11:58:40,917][__main__][INFO] - ✓ [google/gemma-3-12b-it] Temp=0.0 Rep=1 → Concordo
[2026-05-12 11:58:40,920][__main__][INFO] - ✓ [google/gemma-3-12b-it] Temp=0.0 Rep=1 → Concordo
[2026-05-12 11:58:40,937][__main__][INFO] - ✓ [google/gemma-3-12b-it] Temp=0.0 Rep=1 → Neutro
[2026-05-12 11:58:40,972][__main__][INFO] - ✓ [mistralai/Mixtral-8x7B-Instruct-v0.1] Temp=0.0 Rep=1 → Neutro
[2026-05-12 11:58:40,978][__main__][INFO] - ✓ [mistralai/Mixtral-8x7B-Instruct-v0.1] Temp=0.0 Rep=1 → Concordo fortemente
[2026-05-12 11:58:41,006][__main__][INFO] - ✓ [google/gemma-3-12b-it] Temp=0.0 Rep=1 → Discordo
[2026-05-12 11:58:41,086][__main__][INFO] - ✓ [google/gemma-3-12b-it] Temp=0.0 Rep=1 → Concordo
[2026-05-12 11:58:41,131][__main__][INFO] - ✓ [google/gemma-3-12b-it] Temp=0.0 Rep=1 → Concordo
[2026-05-12 11:58:41,190][__main__][INFO] - ✓ [google/gemma-3-12b-it] Temp=0.0 Rep=1 → Concordo
[2026-05-12 11:58:41,241][__main__][INFO] - ✓ [mistralai/Mixtral-8x7B-Instruct-v0.1] Temp=0.0 Rep=1 → Concordo fortemente
[2026-05-12 11:58:41,252][__main__][INFO] - ✓ [mistralai/Mixtral-8x7B-Instruct-v0.1] Temp=0.0 Rep=1 → Concordo
[2026-05-12 11:58:41,278][__main__][INFO] - ✓ [mistralai/Mixtral-8x7B-Instruct-v0.1] Temp=0.0 Rep=1 → Discordo
[2026-05-12 11:58:41,292][__main__][INFO] - ✓ [mistralai/Mixtral-8x7B-Instruct-v0.1] Temp=0.0 Rep=1 → Concordo fortemente
[2026-05-12 11:58:41,339][__main__][INFO] - ✓ [google/gemma-3-12b-it] Temp=0.0 Rep=1 → Concordo
[2026-05-12 11:58:41,443][__main__][INFO] - ✓ [google/gemma-3-12b-it] Temp=0.0 Rep=1 → Concordo
[2026-05-12 11:58:41,492][__main__][INFO] - ✓ [mistralai/Mixtral-8x7B-Instruct-v0.1] Temp=0.0 Rep=1 → Concordo fortemente
[2026-05-12 11:58:41,515][__main__][INFO] - ✓ [mistralai/Mixtral-8x7B-Instruct-v0.1] Temp=0.0 Rep=1 → Concordo
[2026-05-12 11:58:41,519][__main__][INFO] - ✓ [google/gemma-3-12b-it] Temp=0.0 Rep=1 → Neutro
[2026-05-12 11:58:41,526][__main__][INFO] - ✓ [google/gemma-3-12b-it] Temp=0.0 Rep=1 → Concordo
[2026-05-12 11:58:41,545][__main__][INFO] - ✓ [mistralai/Mixtral-8x7B-Instruct-v0.1] Temp=0.0 Rep=1 → Concordo fortemente
[2026-05-12 11:58:41,557][__main__][INFO] - ✓ [google/gemma-3-12b-it] Temp=0.0 Rep=1 → Concordo fortemente
[2026-05-12 11:58:41,644][__main__][INFO] - ✓ [google/gemma-3-12b-it] Temp=0.0 Rep=1 → Discordo
[2026-05-12 11:58:41,669][__main__][INFO] - ✓ [google/gemma-3-12b-it] Temp=0.0 Rep=1 → Neutro
[2026-05-12 11:58:41,715][__main__][INFO] - ✓ [mistralai/Mixtral-8x7B-Instruct-v0.1] Temp=0.0 Rep=1 → Discordo
[2026-05-12 11:58:41,729][__main__][INFO] - ✓ [google/gemma-3-12b-it] Temp=0.0 Rep=1 → Concordo
[2026-05-12 11:58:41,792][__main__][INFO] - ✓ [mistralai/Mixtral-8x7B-Instruct-v0.1] Temp=0.0 Rep=1 → Concordo
[2026-05-12 11:58:41,814][__main__][INFO] - Salvamento incremental (1400 novas respostas)...
[2026-05-12 11:58:41,866][__main__][INFO] - Cache salvo com 237864 entradas
[2026-05-12 11:58:41,866][__main__][INFO] - ✓ [mistralai/Mixtral-8x7B-Instruct-v0.1] Temp=0.0 Rep=1 → Neutro
[2026-05-12 11:58:41,964][__main__][INFO] - ✓ [google/gemma-3-12b-it] Temp=0.0 Rep=1 → Concordo
[2026-05-12 11:58:41,965][__main__][INFO] - ✓ [google/gemma-3-12b-it] Temp=0.0 Rep=1 → Neutro
[2026-05-12 11:58:41,966][__main__][INFO] - ✓ [mistralai/Mixtral-8x7B-Instruct-v0.1] Temp=0.0 Rep=1 → Neutro
[2026-05-12 11:58:41,991][__main__][INFO] - ✓ [mistralai/Mixtral-8x7B-Instruct-v0.1] Temp=0.0 Rep=1 → Concordo fortemente
[2026-05-12 11:58:42,003][__main__][INFO] - ✓ [mistralai/Mixtral-8x7B-Instruct-v0.1] Temp=0.0 Rep=1 → Neutro
[2026-05-12 11:58:42,074][__main__][INFO] - ✓ [google/gemma-3-12b-it] Temp=0.0 Rep=1 → Concordo
[2026-05-12 11:58:42,128][__main__][INFO] - ✓ [mistralai/Mixtral-8x7B-Instruct-v0.1] Temp=0.0 Rep=1 → Discordo
[2026-05-12 11:58:42,150][__main__][INFO] - ✓ [google/gemma-3-12b-it] Temp=0.0 Rep=1 → Neutro
[2026-05-12 11:58:42,253][__main__][INFO] - ✓ [mistralai/Mixtral-8x7B-Instruct-v0.1] Temp=0.0 Rep=1 → Concordo
[2026-05-12 11:58:42,256][__main__][INFO] - ✓ [mistralai/Mixtral-8x7B-Instruct-v0.1] Temp=0.0 Rep=1 → Neutro
[2026-05-12 11:58:42,303][__main__][INFO] - ✓ [google/gemma-3-12b-it] Temp=0.0 Rep=1 → Discordo
[2026-05-12 11:58:42,337][__main__][INFO] - ✓ [google/gemma-3-12b-it] Temp=0.0 Rep=1 → Concordo
[2026-05-12 11:58:42,497][__main__][INFO] - ✓ [google/gemma-3-12b-it] Temp=0.0 Rep=1 → Concordo
[2026-05-12 11:58:42,502][__main__][INFO] - ✓ [google/gemma-3-12b-it] Temp=0.0 Rep=1 → Discordo
[2026-05-12 11:58:42,502][__main__][INFO] - ✓ [mistralai/Mixtral-8x7B-Instruct-v0.1] Temp=0.0 Rep=1 → Discordo
[2026-05-12 11:58:42,503][__main__][INFO] - ✓ [google/gemma-3-12b-it] Temp=0.0 Rep=1 → Discordo fortemente
[2026-05-12 11:58:42,565][__main__][INFO] - ✓ [mistralai/Mixtral-8x7B-Instruct-v0.1] Temp=0.0 Rep=1 → Concordo
[2026-05-12 11:58:42,566][__main__][INFO] - ✓ [mistralai/Mixtral-8x7B-Instruct-v0.1] Temp=0.0 Rep=1 → Concordo
[2026-05-12 11:58:42,635][__main__][INFO] - ✓ [mistralai/Mixtral-8x7B-Instruct-v0.1] Temp=0.0 Rep=1 → Concordo fortemente
[2026-05-12 11:58:42,638][__main__][INFO] - ✓ [google/gemma-3-12b-it] Temp=0.0 Rep=1 → Neutro
[2026-05-12 11:58:42,649][__main__][INFO] - ✓ [google/gemma-3-12b-it] Temp=0.0 Rep=1 → Concordo
[2026-05-12 11:58:42,727][__main__][INFO] - ✓ [google/gemma-3-12b-it] Temp=0.0 Rep=1 → Neutro
[2026-05-12 11:58:42,780][__main__][INFO] - ✓ [mistralai/Mixtral-8x7B-Instruct-v0.1] Temp=0.0 Rep=1 → Concordo
[2026-05-12 11:58:42,784][__main__][INFO] - ✓ [mistralai/Mixtral-8x7B-Instruct-v0.1] Temp=0.0 Rep=1 → Neutro
[2026-05-12 11:58:42,860][__main__][INFO] - ✓ [mistralai/Mixtral-8x7B-Instruct-v0.1] Temp=0.0 Rep=1 → Concordo fortemente
[2026-05-12 11:58:42,876][__main__][INFO] - ✓ [google/gemma-3-12b-it] Temp=0.0 Rep=1 → Discordo
[2026-05-12 11:58:42,913][__main__][INFO] - ✓ [mistralai/Mixtral-8x7B-Instruct-v0.1] Temp=0.0 Rep=1 → Concordo fortemente
[2026-05-12 11:58:43,014][__main__][INFO] - ✓ [google/gemma-3-12b-it] Temp=0.0 Rep=1 → Concordo fortemente
[2026-05-12 11:58:43,017][__main__][INFO] - ✓ [mistralai/Mixtral-8x7B-Instruct-v0.1] Temp=0.0 Rep=1 → Concordo
[2026-05-12 11:58:43,021][__main__][INFO] - ✓ [google/gemma-3-12b-it] Temp=0.0 Rep=1 → Discordo
[2026-05-12 11:58:43,049][__main__][INFO] - ✓ [mistralai/Mixtral-8x7B-Instruct-v0.1] Temp=0.0 Rep=1 → Concordo
[2026-05-12 11:58:43,122][__main__][INFO] - ✓ [mistralai/Mixtral-8x7B-Instruct-v0.1] Temp=0.0 Rep=1 → Concordo
[2026-05-12 11:58:43,140][__main__][INFO] - ✓ [mistralai/Mixtral-8x7B-Instruct-v0.1] Temp=0.0 Rep=1 → Concordo
[2026-05-12 11:58:43,186][__main__][INFO] - ✓ [google/gemma-3-12b-it] Temp=0.0 Rep=1 → Concordo fortemente
[2026-05-12 11:58:43,306][__main__][INFO] - ✓ [mistralai/Mixtral-8x7B-Instruct-v0.1] Temp=0.0 Rep=1 → Concordo fortemente
[2026-05-12 11:58:43,328][__main__][INFO] - ✓ [mistralai/Mixtral-8x7B-Instruct-v0.1] Temp=0.0 Rep=1 → Concordo
[2026-05-12 11:58:43,376][__main__][INFO] - ✓ [google/gemma-3-12b-it] Temp=0.0 Rep=1 → Discordo
[2026-05-12 11:58:43,397][__main__][INFO] - ✓ [mistralai/Mixtral-8x7B-Instruct-v0.1] Temp=0.0 Rep=1 → Concordo
[2026-05-12 11:58:43,402][__main__][INFO] - ✓ [google/gemma-3-12b-it] Temp=0.0 Rep=1 → Concordo
[2026-05-12 11:58:43,403][__main__][INFO] - Salvamento incremental (1440 novas respostas)...
[2026-05-12 11:58:43,451][__main__][INFO] - Cache salvo com 237904 entradas
[2026-05-12 11:58:43,451][__main__][INFO] - ✓ [google/gemma-3-12b-it] Temp=0.0 Rep=1 → Concordo
[2026-05-12 11:58:43,537][__main__][INFO] - ✓ [google/gemma-3-12b-it] Temp=0.0 Rep=1 → Concordo fortemente
[2026-05-12 11:58:43,539][__main__][INFO] - ✓ [google/gemma-3-12b-it] Temp=0.0 Rep=1 → Concordo fortemente
[2026-05-12 11:58:43,539][__main__][INFO] - ✓ [google/gemma-3-12b-it] Temp=0.0 Rep=1 → Discordo
[2026-05-12 11:58:43,630][__main__][INFO] - ✓ [mistralai/Mixtral-8x7B-Instruct-v0.1] Temp=0.0 Rep=1 → Concordo fortemente
[2026-05-12 11:58:43,672][__main__][INFO] - ✓ [mistralai/Mixtral-8x7B-Instruct-v0.1] Temp=0.0 Rep=1 → Concordo
[2026-05-12 11:58:43,685][__main__][INFO] - ✓ [google/gemma-3-12b-it] Temp=0.0 Rep=1 → Concordo fortemente
[2026-05-12 11:58:43,851][__main__][INFO] - ✓ [mistralai/Mixtral-8x7B-Instruct-v0.1] Temp=0.0 Rep=1 → Concordo
[2026-05-12 11:58:43,858][__main__][INFO] - ✓ [mistralai/Mixtral-8x7B-Instruct-v0.1] Temp=0.0 Rep=1 → Concordo
[2026-05-12 11:58:43,877][__main__][INFO] - ✓ [mistralai/Mixtral-8x7B-Instruct-v0.1] Temp=0.0 Rep=1 → Discordo
[2026-05-12 11:58:43,877][__main__][INFO] - ✓ [google/gemma-3-12b-it] Temp=0.0 Rep=1 → Concordo
[2026-05-12 11:58:43,913][__main__][INFO] - ✓ [mistralai/Mixtral-8x7B-Instruct-v0.1] Temp=0.0 Rep=1 → Concordo
[2026-05-12 11:58:44,096][__main__][INFO] - ✓ [google/gemma-3-12b-it] Temp=0.0 Rep=1 → Concordo
[2026-05-12 11:58:44,114][__main__][INFO] - ✓ [google/gemma-3-12b-it] Temp=0.0 Rep=1 → Discordo
[2026-05-12 11:58:44,119][__main__][INFO] - ✓ [google/gemma-3-12b-it] Temp=0.0 Rep=1 → Discordo
[2026-05-12 11:58:44,168][__main__][INFO] - ✓ [google/gemma-3-12b-it] Temp=0.0 Rep=1 → Discordo fortemente
[2026-05-12 11:58:44,194][__main__][INFO] - ✓ [mistralai/Mixtral-8x7B-Instruct-v0.1] Temp=0.0 Rep=1 → Discordo fortemente
[2026-05-12 11:58:44,289][__main__][INFO] - ✓ [google/gemma-3-12b-it] Temp=0.0 Rep=1 → Concordo fortemente
[2026-05-12 11:58:44,373][__main__][INFO] - ✓ [google/gemma-3-12b-it] Temp=0.0 Rep=1 → Concordo
[2026-05-12 11:58:44,413][__main__][INFO] - ✓ [mistralai/Mixtral-8x7B-Instruct-v0.1] Temp=0.0 Rep=1 → Discordo fortemente
[2026-05-12 11:58:44,455][__main__][INFO] - ✓ [mistralai/Mixtral-8x7B-Instruct-v0.1] Temp=0.0 Rep=1 → Concordo fortemente
[2026-05-12 11:58:44,460][__main__][INFO] - ✓ [mistralai/Mixtral-8x7B-Instruct-v0.1] Temp=0.0 Rep=1 → Concordo
[2026-05-12 11:58:44,467][__main__][INFO] - ✓ [google/gemma-3-12b-it] Temp=0.0 Rep=1 → Neutro
[2026-05-12 11:58:44,472][__main__][INFO] - ✓ [mistralai/Mixtral-8x7B-Instruct-v0.1] Temp=0.0 Rep=1 → Neutro
[2026-05-12 11:58:44,490][__main__][INFO] - ✓ [google/gemma-3-12b-it] Temp=0.0 Rep=1 → Discordo
[2026-05-12 11:58:44,670][__main__][INFO] - ✓ [google/gemma-3-12b-it] Temp=0.0 Rep=1 → Discordo fortemente
[2026-05-12 11:58:44,845][__main__][INFO] - ✓ [mistralai/Mixtral-8x7B-Instruct-v0.1] Temp=0.0 Rep=1 → Discordo fortemente
[2026-05-12 11:58:44,849][__main__][INFO] - ✓ [mistralai/Mixtral-8x7B-Instruct-v0.1] Temp=0.0 Rep=1 → Discordo
[2026-05-12 11:58:44,850][__main__][INFO] - ✓ [google/gemma-3-12b-it] Temp=0.0 Rep=1 → Neutro
[2026-05-12 11:58:44,923][__main__][INFO] - ✓ [google/gemma-3-12b-it] Temp=0.0 Rep=1 → Discordo
[2026-05-12 11:58:44,971][__main__][INFO] - ✓ [google/gemma-3-12b-it] Temp=0.0 Rep=1 → Concordo
[2026-05-12 11:58:45,111][__main__][INFO] - ✓ [mistralai/Mixtral-8x7B-Instruct-v0.1] Temp=0.0 Rep=1 → Discordo fortemente
[2026-05-12 11:58:45,116][__main__][INFO] - ✓ [google/gemma-3-12b-it] Temp=0.0 Rep=1 → Neutro
[2026-05-12 11:58:45,133][__main__][INFO] - ✓ [google/gemma-3-12b-it] Temp=0.0 Rep=1 → Concordo fortemente
[2026-05-12 11:58:45,144][__main__][INFO] - ✓ [mistralai/Mixtral-8x7B-Instruct-v0.1] Temp=0.0 Rep=1 → Discordo
[2026-05-12 11:58:45,152][__main__][INFO] - ✓ [mistralai/Mixtral-8x7B-Instruct-v0.1] Temp=0.0 Rep=1 → Concordo fortemente
[2026-05-12 11:58:45,165][__main__][INFO] - ✓ [mistralai/Mixtral-8x7B-Instruct-v0.1] Temp=0.0 Rep=1 → Neutro
[2026-05-12 11:58:45,245][__main__][INFO] - ✓ [mistralai/Mixtral-8x7B-Instruct-v0.1] Temp=0.0 Rep=1 → Discordo fortemente
[2026-05-12 11:58:45,248][__main__][INFO] - ✓ [google/gemma-3-12b-it] Temp=0.0 Rep=1 → Neutro
[2026-05-12 11:58:45,327][__main__][INFO] - ✓ [google/gemma-3-12b-it] Temp=0.0 Rep=1 → Neutro
[2026-05-12 11:58:45,391][__main__][INFO] - Salvamento incremental (1480 novas respostas)...
[2026-05-12 11:58:45,451][__main__][INFO] - Cache salvo com 237944 entradas
[2026-05-12 11:58:45,451][__main__][INFO] - ✓ [google/gemma-3-12b-it] Temp=0.0 Rep=1 → Concordo
[2026-05-12 11:58:45,453][__main__][INFO] - ✓ [mistralai/Mixtral-8x7B-Instruct-v0.1] Temp=0.0 Rep=1 → Discordo
[2026-05-12 11:58:45,475][__main__][INFO] - ✓ [google/gemma-3-12b-it] Temp=0.0 Rep=1 → Neutro
[2026-05-12 11:58:45,509][__main__][INFO] - ✓ [mistralai/Mixtral-8x7B-Instruct-v0.1] Temp=0.0 Rep=1 → Neutro
[2026-05-12 11:58:45,513][__main__][INFO] - ✓ [google/gemma-3-12b-it] Temp=0.0 Rep=1 → Discordo
[2026-05-12 11:58:45,534][__main__][INFO] - ✓ [mistralai/Mixtral-8x7B-Instruct-v0.1] Temp=0.0 Rep=1 → Concordo fortemente
[2026-05-12 11:58:45,633][__main__][INFO] - ✓ [google/gemma-3-12b-it] Temp=0.0 Rep=1 → Neutro
[2026-05-12 11:58:45,641][__main__][INFO] - ✓ [mistralai/Mixtral-8x7B-Instruct-v0.1] Temp=0.0 Rep=1 → Concordo
[2026-05-12 11:58:45,648][__main__][INFO] - ✓ [mistralai/Mixtral-8x7B-Instruct-v0.1] Temp=0.0 Rep=1 → Discordo fortemente
[2026-05-12 11:58:45,728][__main__][INFO] - ✓ [mistralai/Mixtral-8x7B-Instruct-v0.1] Temp=0.0 Rep=1 → Neutro
[2026-05-12 11:58:45,785][__main__][INFO] - ✓ [mistralai/Mixtral-8x7B-Instruct-v0.1] Temp=0.0 Rep=1 → Discordo
[2026-05-12 11:58:45,811][__main__][INFO] - ✓ [mistralai/Mixtral-8x7B-Instruct-v0.1] Temp=0.0 Rep=1 → Concordo fortemente
[2026-05-12 11:58:45,947][__main__][INFO] - ✓ [google/gemma-3-12b-it] Temp=0.0 Rep=1 → Neutro
[2026-05-12 11:58:45,992][__main__][INFO] - ✓ [google/gemma-3-12b-it] Temp=0.0 Rep=1 → Concordo fortemente
[2026-05-12 11:58:46,012][__main__][INFO] - ✓ [google/gemma-3-12b-it] Temp=0.0 Rep=1 → Concordo
[2026-05-12 11:58:46,017][__main__][INFO] - ✓ [google/gemma-3-12b-it] Temp=0.0 Rep=1 → Concordo
[2026-05-12 11:58:46,161][__main__][INFO] - ✓ [mistralai/Mixtral-8x7B-Instruct-v0.1] Temp=0.0 Rep=1 → Neutro
[2026-05-12 11:58:46,162][__main__][INFO] - ✓ [google/gemma-3-12b-it] Temp=0.0 Rep=1 → Concordo
[2026-05-12 11:58:46,163][__main__][INFO] - ✓ [mistralai/Mixtral-8x7B-Instruct-v0.1] Temp=0.0 Rep=1 → Concordo
[2026-05-12 11:58:46,164][__main__][INFO] - ✓ [mistralai/Mixtral-8x7B-Instruct-v0.1] Temp=0.0 Rep=1 → Concordo fortemente
[2026-05-12 11:58:46,245][__main__][INFO] - ✓ [mistralai/Mixtral-8x7B-Instruct-v0.1] Temp=0.0 Rep=1 → Concordo
[2026-05-12 11:58:46,261][__main__][INFO] - ✓ [google/gemma-3-12b-it] Temp=0.0 Rep=1 → Concordo
[2026-05-12 11:58:46,290][__main__][INFO] - ✓ [google/gemma-3-12b-it] Temp=0.0 Rep=1 → Concordo fortemente
[2026-05-12 11:58:46,412][__main__][INFO] - ✓ [google/gemma-3-12b-it] Temp=0.0 Rep=1 → Concordo
[2026-05-12 11:58:46,415][__main__][INFO] - ✓ [google/gemma-3-12b-it] Temp=0.0 Rep=1 → Concordo
[2026-05-12 11:58:46,486][__main__][INFO] - ✓ [google/gemma-3-12b-it] Temp=0.0 Rep=1 → Neutro
[2026-05-12 11:58:46,570][__main__][INFO] - ✓ [google/gemma-3-12b-it] Temp=0.0 Rep=1 → Concordo fortemente
[2026-05-12 11:58:46,573][__main__][INFO] - ✓ [mistralai/Mixtral-8x7B-Instruct-v0.1] Temp=0.0 Rep=1 → Concordo fortemente
[2026-05-12 11:58:46,684][__main__][INFO] - ✓ [google/gemma-3-12b-it] Temp=0.0 Rep=1 → Concordo
[2026-05-12 11:58:46,685][__main__][INFO] - ✓ [google/gemma-3-12b-it] Temp=0.0 Rep=1 → Concordo
[2026-05-12 11:58:46,689][__main__][INFO] - ✓ [mistralai/Mixtral-8x7B-Instruct-v0.1] Temp=0.0 Rep=1 → Discordo fortemente
[2026-05-12 11:58:46,692][__main__][INFO] - ✓ [mistralai/Mixtral-8x7B-Instruct-v0.1] Temp=0.0 Rep=1 → Concordo
[2026-05-12 11:58:46,696][__main__][INFO] - ✓ [mistralai/Mixtral-8x7B-Instruct-v0.1] Temp=0.0 Rep=1 → Concordo fortemente
[2026-05-12 11:58:46,698][__main__][INFO] - ✓ [mistralai/Mixtral-8x7B-Instruct-v0.1] Temp=0.0 Rep=1 → Neutro
[2026-05-12 11:58:46,713][__main__][INFO] - ✓ [mistralai/Mixtral-8x7B-Instruct-v0.1] Temp=0.0 Rep=1 → Concordo fortemente
[2026-05-12 11:58:46,997][__main__][INFO] - ✓ [mistralai/Mixtral-8x7B-Instruct-v0.1] Temp=0.0 Rep=1 → Discordo
[2026-05-12 11:58:47,002][__main__][INFO] - ✓ [mistralai/Mixtral-8x7B-Instruct-v0.1] Temp=0.0 Rep=1 → Concordo fortemente
[2026-05-12 11:58:47,019][__main__][INFO] - ✓ [mistralai/Mixtral-8x7B-Instruct-v0.1] Temp=0.0 Rep=1 → Neutro
[2026-05-12 11:58:47,021][__main__][INFO] - ✓ [mistralai/Mixtral-8x7B-Instruct-v0.1] Temp=0.0 Rep=1 → Concordo fortemente
[2026-05-12 11:58:47,208][__main__][INFO] - ✓ [google/gemma-3-12b-it] Temp=0.0 Rep=1 → Concordo
[2026-05-12 11:58:47,215][__main__][INFO] - Salvamento incremental (1520 novas respostas)...
[2026-05-12 11:58:47,260][__main__][INFO] - Cache salvo com 237984 entradas
[2026-05-12 11:58:47,261][__main__][INFO] - ✓ [google/gemma-3-12b-it] Temp=0.0 Rep=1 → Concordo
[2026-05-12 11:58:47,261][__main__][INFO] - ✓ [google/gemma-3-12b-it] Temp=0.0 Rep=1 → Concordo
[2026-05-12 11:58:47,262][__main__][INFO] - ✓ [google/gemma-3-12b-it] Temp=0.0 Rep=1 → Concordo
[2026-05-12 11:58:47,262][__main__][INFO] - ✓ [google/gemma-3-12b-it] Temp=0.0 Rep=1 → Concordo
[2026-05-12 11:58:47,262][__main__][INFO] - ✓ [google/gemma-3-12b-it] Temp=0.0 Rep=1 → Concordo
[2026-05-12 11:58:47,303][__main__][INFO] - ✓ [mistralai/Mixtral-8x7B-Instruct-v0.1] Temp=0.0 Rep=1 → Concordo fortemente
[2026-05-12 11:58:47,371][__main__][INFO] - ✓ [google/gemma-3-12b-it] Temp=0.0 Rep=1 → Neutro
[2026-05-12 11:58:47,373][__main__][INFO] - ✓ [mistralai/Mixtral-8x7B-Instruct-v0.1] Temp=0.0 Rep=1 → Concordo
[2026-05-12 11:58:47,494][__main__][INFO] - ✓ [google/gemma-3-12b-it] Temp=0.0 Rep=1 → Concordo
[2026-05-12 11:58:47,569][__main__][INFO] - ✓ [mistralai/Mixtral-8x7B-Instruct-v0.1] Temp=0.0 Rep=1 → Concordo fortemente
[2026-05-12 11:58:47,577][__main__][INFO] - ✓ [mistralai/Mixtral-8x7B-Instruct-v0.1] Temp=0.0 Rep=1 → Neutro
[2026-05-12 11:58:47,630][__main__][INFO] - ✓ [google/gemma-3-12b-it] Temp=0.0 Rep=1 → Neutro
[2026-05-12 11:58:47,633][__main__][INFO] - ✓ [google/gemma-3-12b-it] Temp=0.0 Rep=1 → Concordo
[2026-05-12 11:58:47,733][__main__][INFO] - ✓ [google/gemma-3-12b-it] Temp=0.0 Rep=1 → Neutro
[2026-05-12 11:58:47,739][__main__][INFO] - ✓ [mistralai/Mixtral-8x7B-Instruct-v0.1] Temp=0.0 Rep=1 → Discordo fortemente
[2026-05-12 11:58:47,741][__main__][INFO] - ✓ [google/gemma-3-12b-it] Temp=0.0 Rep=1 → Concordo
[2026-05-12 11:58:47,797][__main__][INFO] - ✓ [mistralai/Mixtral-8x7B-Instruct-v0.1] Temp=0.0 Rep=1 → Concordo fortemente
[2026-05-12 11:58:47,802][__main__][INFO] - ✓ [mistralai/Mixtral-8x7B-Instruct-v0.1] Temp=0.0 Rep=1 → Concordo
[2026-05-12 11:58:47,840][__main__][INFO] - ✓ [mistralai/Mixtral-8x7B-Instruct-v0.1] Temp=0.0 Rep=1 → Neutro
[2026-05-12 11:58:47,923][__main__][INFO] - ✓ [mistralai/Mixtral-8x7B-Instruct-v0.1] Temp=0.0 Rep=1 → Concordo fortemente
[2026-05-12 11:58:47,956][__main__][INFO] - ✓ [google/gemma-3-12b-it] Temp=0.0 Rep=1 → Concordo
[2026-05-12 11:58:48,109][__main__][INFO] - ✓ [mistralai/Mixtral-8x7B-Instruct-v0.1] Temp=0.0 Rep=1 → Concordo fortemente
[2026-05-12 11:58:48,113][__main__][INFO] - ✓ [google/gemma-3-12b-it] Temp=0.0 Rep=1 → Concordo
[2026-05-12 11:58:48,124][__main__][INFO] - ✓ [mistralai/Mixtral-8x7B-Instruct-v0.1] Temp=0.0 Rep=1 → Concordo
[2026-05-12 11:58:48,145][__main__][INFO] - ✓ [mistralai/Mixtral-8x7B-Instruct-v0.1] Temp=0.0 Rep=1 → Concordo fortemente
[2026-05-12 11:58:48,160][__main__][INFO] - ✓ [google/gemma-3-12b-it] Temp=0.0 Rep=1 → Concordo fortemente
[2026-05-12 11:58:48,257][__main__][INFO] - ✓ [google/gemma-3-12b-it] Temp=0.0 Rep=1 → Concordo fortemente
[2026-05-12 11:58:48,258][__main__][INFO] - ✓ [mistralai/Mixtral-8x7B-Instruct-v0.1] Temp=0.0 Rep=1 → Concordo
[2026-05-12 11:58:48,264][__main__][INFO] - ✓ [google/gemma-3-12b-it] Temp=0.0 Rep=1 → Concordo
[2026-05-12 11:58:48,264][__main__][INFO] - ✓ [google/gemma-3-12b-it] Temp=0.0 Rep=1 → Concordo
[2026-05-12 11:58:48,265][__main__][INFO] - ✓ [mistralai/Mixtral-8x7B-Instruct-v0.1] Temp=0.0 Rep=1 → Concordo fortemente
[2026-05-12 11:58:48,450][__main__][INFO] - ✓ [mistralai/Mixtral-8x7B-Instruct-v0.1] Temp=0.0 Rep=1 → Discordo
[2026-05-12 11:58:48,455][__main__][INFO] - ✓ [mistralai/Mixtral-8x7B-Instruct-v0.1] Temp=0.0 Rep=1 → Concordo fortemente
[2026-05-12 11:58:48,464][__main__][INFO] - ✓ [google/gemma-3-12b-it] Temp=0.0 Rep=1 → Neutro
[2026-05-12 11:58:48,567][__main__][INFO] - ✓ [mistralai/Mixtral-8x7B-Instruct-v0.1] Temp=0.0 Rep=1 → Neutro
[2026-05-12 11:58:48,595][__main__][INFO] - ✓ [mistralai/Mixtral-8x7B-Instruct-v0.1] Temp=0.0 Rep=1 → Concordo fortemente
[2026-05-12 11:58:48,639][__main__][INFO] - ✓ [google/gemma-3-12b-it] Temp=0.0 Rep=1 → Concordo
[2026-05-12 11:58:48,644][__main__][INFO] - ✓ [google/gemma-3-12b-it] Temp=0.0 Rep=1 → Concordo
[2026-05-12 11:58:48,781][__main__][INFO] - ✓ [google/gemma-3-12b-it] Temp=0.0 Rep=1 → Concordo
[2026-05-12 11:58:48,785][__main__][INFO] - ✓ [mistralai/Mixtral-8x7B-Instruct-v0.1] Temp=0.0 Rep=1 → Neutro
[2026-05-12 11:58:48,786][__main__][INFO] - Salvamento incremental (1560 novas respostas)...
[2026-05-12 11:58:48,833][__main__][INFO] - Cache salvo com 238024 entradas
[2026-05-12 11:58:48,833][__main__][INFO] - ✓ [google/gemma-3-12b-it] Temp=0.0 Rep=1 → Neutro
[2026-05-12 11:58:48,834][__main__][INFO] - ✓ [mistralai/Mixtral-8x7B-Instruct-v0.1] Temp=0.0 Rep=1 → Concordo fortemente
[2026-05-12 11:58:48,866][__main__][INFO] - ✓ [google/gemma-3-12b-it] Temp=0.0 Rep=1 → Concordo fortemente
[2026-05-12 11:58:48,928][__main__][INFO] - ✓ [mistralai/Mixtral-8x7B-Instruct-v0.1] Temp=0.0 Rep=1 → Concordo fortemente
[2026-05-12 11:58:48,937][__main__][INFO] - ✓ [mistralai/Mixtral-8x7B-Instruct-v0.1] Temp=0.0 Rep=1 → Concordo
[2026-05-12 11:58:48,987][__main__][INFO] - ✓ [google/gemma-3-12b-it] Temp=0.0 Rep=1 → Concordo fortemente
[2026-05-12 11:58:49,011][__main__][INFO] - ✓ [google/gemma-3-12b-it] Temp=0.0 Rep=1 → Concordo fortemente
[2026-05-12 11:58:49,014][__main__][INFO] - ✓ [google/gemma-3-12b-it] Temp=0.0 Rep=1 → Concordo
[2026-05-12 11:58:49,179][__main__][INFO] - ✓ [mistralai/Mixtral-8x7B-Instruct-v0.1] Temp=0.0 Rep=1 → Discordo fortemente
[2026-05-12 11:58:49,311][__main__][INFO] - ✓ [mistralai/Mixtral-8x7B-Instruct-v0.1] Temp=0.0 Rep=1 → Concordo fortemente
[2026-05-12 11:58:49,312][__main__][INFO] - ✓ [google/gemma-3-12b-it] Temp=0.0 Rep=1 → Concordo
[2026-05-12 11:58:49,313][__main__][INFO] - ✓ [google/gemma-3-12b-it] Temp=0.0 Rep=1 → Discordo
[2026-05-12 11:58:49,313][__main__][INFO] - ✓ [mistralai/Mixtral-8x7B-Instruct-v0.1] Temp=0.0 Rep=1 → Concordo
[2026-05-12 11:58:49,320][__main__][INFO] - ✓ [mistralai/Mixtral-8x7B-Instruct-v0.1] Temp=0.0 Rep=1 → Discordo
[2026-05-12 11:58:49,321][__main__][INFO] - ✓ [google/gemma-3-12b-it] Temp=0.0 Rep=1 → Discordo fortemente
[2026-05-12 11:58:49,332][__main__][INFO] - ✓ [google/gemma-3-12b-it] Temp=0.0 Rep=1 → Concordo
[2026-05-12 11:58:49,338][__main__][INFO] - ✓ [google/gemma-3-12b-it] Temp=0.0 Rep=1 → Concordo
[2026-05-12 11:58:49,446][__main__][INFO] - ✓ [mistralai/Mixtral-8x7B-Instruct-v0.1] Temp=0.0 Rep=1 → Discordo
[2026-05-12 11:58:49,458][__main__][INFO] - ✓ [google/gemma-3-12b-it] Temp=0.0 Rep=1 → Discordo fortemente
[2026-05-12 11:58:49,601][__main__][INFO] - ✓ [mistralai/Mixtral-8x7B-Instruct-v0.1] Temp=0.0 Rep=1 → Concordo
[2026-05-12 11:58:49,608][__main__][INFO] - ✓ [mistralai/Mixtral-8x7B-Instruct-v0.1] Temp=0.0 Rep=1 → Concordo fortemente
[2026-05-12 11:58:49,613][__main__][INFO] - ✓ [mistralai/Mixtral-8x7B-Instruct-v0.1] Temp=0.0 Rep=1 → Discordo
[2026-05-12 11:58:49,620][__main__][INFO] - ✓ [mistralai/Mixtral-8x7B-Instruct-v0.1] Temp=0.0 Rep=1 → Concordo fortemente
[2026-05-12 11:58:49,645][__main__][INFO] - ✓ [mistralai/Mixtral-8x7B-Instruct-v0.1] Temp=0.0 Rep=1 → Concordo fortemente
[2026-05-12 11:58:49,864][__main__][INFO] - ✓ [google/gemma-3-12b-it] Temp=0.0 Rep=1 → Concordo
[2026-05-12 11:58:49,914][__main__][INFO] - ✓ [google/gemma-3-12b-it] Temp=0.0 Rep=1 → Concordo
[2026-05-12 11:58:49,936][__main__][INFO] - ✓ [mistralai/Mixtral-8x7B-Instruct-v0.1] Temp=0.0 Rep=1 → Concordo
[2026-05-12 11:58:49,939][__main__][INFO] - ✓ [mistralai/Mixtral-8x7B-Instruct-v0.1] Temp=0.0 Rep=1 → Discordo fortemente
[2026-05-12 11:58:49,951][__main__][INFO] - ✓ [mistralai/Mixtral-8x7B-Instruct-v0.1] Temp=0.0 Rep=1 → Neutro
[2026-05-12 11:58:49,967][__main__][INFO] - ✓ [google/gemma-3-12b-it] Temp=0.0 Rep=1 → Neutro
[2026-05-12 11:58:49,971][__main__][INFO] - ✓ [google/gemma-3-12b-it] Temp=0.0 Rep=1 → Concordo fortemente
[2026-05-12 11:58:49,972][__main__][INFO] - ✓ [google/gemma-3-12b-it] Temp=0.0 Rep=1 → Concordo fortemente
[2026-05-12 11:58:50,035][__main__][INFO] - ✓ [google/gemma-3-12b-it] Temp=0.0 Rep=1 → Discordo fortemente
[2026-05-12 11:58:50,204][__main__][INFO] - ✓ [mistralai/Mixtral-8x7B-Instruct-v0.1] Temp=0.0 Rep=1 → Discordo
[2026-05-12 11:58:50,237][__main__][INFO] - ✓ [mistralai/Mixtral-8x7B-Instruct-v0.1] Temp=0.0 Rep=1 → Concordo fortemente
[2026-05-12 11:58:50,245][__main__][INFO] - ✓ [mistralai/Mixtral-8x7B-Instruct-v0.1] Temp=0.0 Rep=1 → Neutro
[2026-05-12 11:58:50,355][__main__][INFO] - ✓ [google/gemma-3-12b-it] Temp=0.0 Rep=1 → Concordo
[2026-05-12 11:58:50,360][__main__][INFO] - ✓ [google/gemma-3-12b-it] Temp=0.0 Rep=1 → Neutro
[2026-05-12 11:58:50,360][__main__][INFO] - ✓ [google/gemma-3-12b-it] Temp=0.0 Rep=1 → Concordo
[2026-05-12 11:58:50,360][__main__][INFO] - ✓ [google/gemma-3-12b-it] Temp=0.0 Rep=1 → Concordo fortemente
[2026-05-12 11:58:50,361][__main__][INFO] - Salvamento incremental (1600 novas respostas)...
[2026-05-12 11:58:50,406][__main__][INFO] - Cache salvo com 238064 entradas
[2026-05-12 11:58:50,406][__main__][INFO] - ✓ [google/gemma-3-12b-it] Temp=0.0 Rep=1 → Concordo fortemente
[2026-05-12 11:58:50,406][__main__][INFO] - ✓ [mistralai/Mixtral-8x7B-Instruct-v0.1] Temp=0.0 Rep=1 → Concordo fortemente
[2026-05-12 11:58:50,431][__main__][INFO] - ✓ [google/gemma-3-12b-it] Temp=0.0 Rep=1 → Concordo fortemente
[2026-05-12 11:58:50,518][__main__][INFO] - ✓ [mistralai/Mixtral-8x7B-Instruct-v0.1] Temp=0.0 Rep=1 → Concordo fortemente
[2026-05-12 11:58:50,536][__main__][INFO] - ✓ [mistralai/Mixtral-8x7B-Instruct-v0.1] Temp=0.0 Rep=1 → Concordo fortemente
[2026-05-12 11:58:50,598][__main__][INFO] - ✓ [google/gemma-3-12b-it] Temp=0.0 Rep=1 → Discordo fortemente
[2026-05-12 11:58:50,681][__main__][INFO] - ✓ [mistralai/Mixtral-8x7B-Instruct-v0.1] Temp=0.0 Rep=1 → Concordo
[2026-05-12 11:58:50,698][__main__][INFO] - ✓ [mistralai/Mixtral-8x7B-Instruct-v0.1] Temp=0.0 Rep=1 → Discordo fortemente
[2026-05-12 11:58:50,756][__main__][INFO] - ✓ [mistralai/Mixtral-8x7B-Instruct-v0.1] Temp=0.0 Rep=1 → Concordo
[2026-05-12 11:58:50,881][__main__][INFO] - ✓ [google/gemma-3-12b-it] Temp=0.0 Rep=1 → Concordo
[2026-05-12 11:58:50,881][__main__][INFO] - ✓ [google/gemma-3-12b-it] Temp=0.0 Rep=1 → Discordo
[2026-05-12 11:58:50,885][__main__][INFO] - ✓ [mistralai/Mixtral-8x7B-Instruct-v0.1] Temp=0.0 Rep=1 → Discordo fortemente
[2026-05-12 11:58:50,886][__main__][INFO] - ✓ [mistralai/Mixtral-8x7B-Instruct-v0.1] Temp=0.0 Rep=1 → Concordo
[2026-05-12 11:58:50,894][__main__][INFO] - ✓ [google/gemma-3-12b-it] Temp=0.0 Rep=1 → Neutro
[2026-05-12 11:58:50,925][__main__][INFO] - ✓ [google/gemma-3-12b-it] Temp=0.0 Rep=1 → Discordo fortemente
[2026-05-12 11:58:51,086][__main__][INFO] - ✓ [google/gemma-3-12b-it] Temp=0.0 Rep=1 → Concordo
[2026-05-12 11:58:51,101][__main__][INFO] - ✓ [mistralai/Mixtral-8x7B-Instruct-v0.1] Temp=0.0 Rep=1 → Neutro
[2026-05-12 11:58:51,144][__main__][INFO] - ✓ [google/gemma-3-12b-it] Temp=0.0 Rep=1 → Neutro
[2026-05-12 11:58:51,153][__main__][INFO] - ✓ [google/gemma-3-12b-it] Temp=0.0 Rep=1 → Concordo fortemente
[2026-05-12 11:58:51,237][__main__][INFO] - ✓ [mistralai/Mixtral-8x7B-Instruct-v0.1] Temp=0.0 Rep=1 → Neutro
[2026-05-12 11:58:51,240][__main__][INFO] - ✓ [mistralai/Mixtral-8x7B-Instruct-v0.1] Temp=0.0 Rep=1 → Concordo
[2026-05-12 11:58:51,243][__main__][INFO] - ✓ [mistralai/Mixtral-8x7B-Instruct-v0.1] Temp=0.0 Rep=1 → Concordo fortemente
[2026-05-12 11:58:51,288][__main__][INFO] - ✓ [google/gemma-3-12b-it] Temp=0.0 Rep=1 → Discordo fortemente
[2026-05-12 11:58:51,406][__main__][INFO] - ✓ [google/gemma-3-12b-it] Temp=0.0 Rep=1 → Concordo
[2026-05-12 11:58:51,410][__main__][INFO] - ✓ [mistralai/Mixtral-8x7B-Instruct-v0.1] Temp=0.0 Rep=1 → Discordo fortemente
[2026-05-12 11:58:51,411][__main__][INFO] - ✓ [google/gemma-3-12b-it] Temp=0.0 Rep=1 → Concordo
[2026-05-12 11:58:51,519][__main__][INFO] - ✓ [mistralai/Mixtral-8x7B-Instruct-v0.1] Temp=0.0 Rep=1 → Concordo
[2026-05-12 11:58:51,546][__main__][INFO] - ✓ [mistralai/Mixtral-8x7B-Instruct-v0.1] Temp=0.0 Rep=1 → Neutro
[2026-05-12 11:58:51,550][__main__][INFO] - ✓ [google/gemma-3-12b-it] Temp=0.0 Rep=1 → Neutro
[2026-05-12 11:58:51,592][__main__][INFO] - ✓ [mistralai/Mixtral-8x7B-Instruct-v0.1] Temp=0.0 Rep=1 → Concordo fortemente
[2026-05-12 11:58:51,716][__main__][INFO] - ✓ [google/gemma-3-12b-it] Temp=0.0 Rep=1 → Neutro
[2026-05-12 11:58:51,719][__main__][INFO] - ✓ [mistralai/Mixtral-8x7B-Instruct-v0.1] Temp=0.0 Rep=1 → Discordo
[2026-05-12 11:58:51,723][__main__][INFO] - ✓ [mistralai/Mixtral-8x7B-Instruct-v0.1] Temp=0.0 Rep=1 → Neutro
[2026-05-12 11:58:51,933][__main__][INFO] - ✓ [mistralai/Mixtral-8x7B-Instruct-v0.1] Temp=0.0 Rep=1 → Concordo
[2026-05-12 11:58:51,936][__main__][INFO] - ✓ [mistralai/Mixtral-8x7B-Instruct-v0.1] Temp=0.0 Rep=1 → Concordo
[2026-05-12 11:58:51,957][__main__][INFO] - ✓ [google/gemma-3-12b-it] Temp=0.0 Rep=1 → Concordo
[2026-05-12 11:58:51,967][__main__][INFO] - ✓ [google/gemma-3-12b-it] Temp=0.0 Rep=1 → Neutro
[2026-05-12 11:58:51,998][__main__][INFO] - ✓ [mistralai/Mixtral-8x7B-Instruct-v0.1] Temp=0.0 Rep=1 → Concordo
[2026-05-12 11:58:51,999][__main__][INFO] - ✓ [google/gemma-3-12b-it] Temp=0.0 Rep=1 → Concordo fortemente
[2026-05-12 11:58:52,026][__main__][INFO] - ✓ [google/gemma-3-12b-it] Temp=0.0 Rep=1 → Concordo
[2026-05-12 11:58:52,064][__main__][INFO] - Salvamento incremental (1640 novas respostas)...
[2026-05-12 11:58:52,115][__main__][INFO] - Cache salvo com 238104 entradas
[2026-05-12 11:58:52,115][__main__][INFO] - ✓ [google/gemma-3-12b-it] Temp=0.0 Rep=1 → Concordo
[2026-05-12 11:58:52,123][__main__][INFO] - ✓ [google/gemma-3-12b-it] Temp=0.0 Rep=1 → Neutro
[2026-05-12 11:58:52,145][__main__][INFO] - ✓ [google/gemma-3-12b-it] Temp=0.0 Rep=1 → Concordo
[2026-05-12 11:58:52,209][__main__][INFO] - ✓ [mistralai/Mixtral-8x7B-Instruct-v0.1] Temp=0.0 Rep=1 → Concordo
[2026-05-12 11:58:52,225][__main__][INFO] - ✓ [mistralai/Mixtral-8x7B-Instruct-v0.1] Temp=0.0 Rep=1 → Concordo
[2026-05-12 11:58:52,276][__main__][INFO] - ✓ [mistralai/Mixtral-8x7B-Instruct-v0.1] Temp=0.0 Rep=1 → Concordo
[2026-05-12 11:58:52,280][__main__][INFO] - ✓ [google/gemma-3-12b-it] Temp=0.0 Rep=1 → Concordo
[2026-05-12 11:58:52,454][__main__][INFO] - ✓ [mistralai/Mixtral-8x7B-Instruct-v0.1] Temp=0.0 Rep=1 → Concordo
[2026-05-12 11:58:52,458][__main__][INFO] - ✓ [mistralai/Mixtral-8x7B-Instruct-v0.1] Temp=0.0 Rep=1 → Concordo
[2026-05-12 11:58:52,459][__main__][INFO] - ✓ [mistralai/Mixtral-8x7B-Instruct-v0.1] Temp=0.0 Rep=1 → Concordo
[2026-05-12 11:58:52,551][__main__][INFO] - ✓ [google/gemma-3-12b-it] Temp=0.0 Rep=1 → Concordo
[2026-05-12 11:58:52,555][__main__][INFO] - ✓ [google/gemma-3-12b-it] Temp=0.0 Rep=1 → Concordo
[2026-05-12 11:58:52,559][__main__][INFO] - ✓ [mistralai/Mixtral-8x7B-Instruct-v0.1] Temp=0.0 Rep=1 → Concordo
[2026-05-12 11:58:52,614][__main__][INFO] - ✓ [google/gemma-3-12b-it] Temp=0.0 Rep=1 → Concordo
[2026-05-12 11:58:52,680][__main__][INFO] - ✓ [google/gemma-3-12b-it] Temp=0.0 Rep=1 → Concordo
[2026-05-12 11:58:52,683][__main__][INFO] - ✓ [google/gemma-3-12b-it] Temp=0.0 Rep=1 → Concordo
[2026-05-12 11:58:52,760][__main__][INFO] - ✓ [mistralai/Mixtral-8x7B-Instruct-v0.1] Temp=0.0 Rep=1 → Concordo
[2026-05-12 11:58:52,846][__main__][INFO] - ✓ [mistralai/Mixtral-8x7B-Instruct-v0.1] Temp=0.0 Rep=1 → Concordo
[2026-05-12 11:58:52,855][__main__][INFO] - ✓ [google/gemma-3-12b-it] Temp=0.0 Rep=1 → Concordo
[2026-05-12 11:58:52,871][__main__][INFO] - ✓ [google/gemma-3-12b-it] Temp=0.0 Rep=1 → Concordo
[2026-05-12 11:58:52,978][__main__][INFO] - ✓ [mistralai/Mixtral-8x7B-Instruct-v0.1] Temp=0.0 Rep=1 → Concordo
[2026-05-12 11:58:52,978][__main__][INFO] - ✓ [google/gemma-3-12b-it] Temp=0.0 Rep=1 → Neutro
[2026-05-12 11:58:52,982][__main__][INFO] - ✓ [mistralai/Mixtral-8x7B-Instruct-v0.1] Temp=0.0 Rep=1 → Neutro
[2026-05-12 11:58:53,011][__main__][INFO] - ✓ [mistralai/Mixtral-8x7B-Instruct-v0.1] Temp=0.0 Rep=1 → Concordo
[2026-05-12 11:58:53,071][__main__][INFO] - ✓ [google/gemma-3-12b-it] Temp=0.0 Rep=1 → Concordo
[2026-05-12 11:58:53,078][__main__][INFO] - ✓ [google/gemma-3-12b-it] Temp=0.0 Rep=1 → Concordo
[2026-05-12 11:58:53,127][__main__][INFO] - ✓ [mistralai/Mixtral-8x7B-Instruct-v0.1] Temp=0.0 Rep=1 → Concordo
[2026-05-12 11:58:53,145][__main__][INFO] - ✓ [mistralai/Mixtral-8x7B-Instruct-v0.1] Temp=0.0 Rep=1 → Concordo fortemente
[2026-05-12 11:58:53,220][__main__][INFO] - ✓ [google/gemma-3-12b-it] Temp=0.0 Rep=1 → Concordo
[2026-05-12 11:58:53,246][__main__][INFO] - ✓ [mistralai/Mixtral-8x7B-Instruct-v0.1] Temp=0.0 Rep=1 → Neutro
[2026-05-12 11:58:53,342][__main__][INFO] - ✓ [google/gemma-3-12b-it] Temp=0.0 Rep=1 → Neutro
[2026-05-12 11:58:53,346][__main__][INFO] - ✓ [mistralai/Mixtral-8x7B-Instruct-v0.1] Temp=0.0 Rep=1 → Discordo
[2026-05-12 11:58:53,349][__main__][INFO] - ✓ [mistralai/Mixtral-8x7B-Instruct-v0.1] Temp=0.0 Rep=1 → Concordo
[2026-05-12 11:58:53,401][__main__][INFO] - ✓ [google/gemma-3-12b-it] Temp=0.0 Rep=1 → Discordo fortemente
[2026-05-12 11:58:53,404][__main__][INFO] - ✓ [google/gemma-3-12b-it] Temp=0.0 Rep=1 → Concordo
[2026-05-12 11:58:53,539][__main__][INFO] - ✓ [mistralai/Mixtral-8x7B-Instruct-v0.1] Temp=0.0 Rep=1 → Neutro
[2026-05-12 11:58:53,540][__main__][INFO] - ✓ [google/gemma-3-12b-it] Temp=0.0 Rep=1 → Neutro
[2026-05-12 11:58:53,589][__main__][INFO] - ✓ [google/gemma-3-12b-it] Temp=0.0 Rep=1 → Concordo
[2026-05-12 11:58:53,590][__main__][INFO] - ✓ [google/gemma-3-12b-it] Temp=0.0 Rep=1 → Neutro
[2026-05-12 11:58:53,636][__main__][INFO] - ✓ [mistralai/Mixtral-8x7B-Instruct-v0.1] Temp=0.0 Rep=1 → Concordo
[2026-05-12 11:58:53,729][__main__][INFO] - Salvamento incremental (1680 novas respostas)...
[2026-05-12 11:58:53,774][__main__][INFO] - Cache salvo com 238144 entradas
[2026-05-12 11:58:53,774][__main__][INFO] - ✓ [mistralai/Mixtral-8x7B-Instruct-v0.1] Temp=0.0 Rep=1 → Concordo
[2026-05-12 11:58:53,776][__main__][INFO] - ✓ [google/gemma-3-12b-it] Temp=0.0 Rep=1 → Neutro
[2026-05-12 11:58:53,793][__main__][INFO] - ✓ [mistralai/Mixtral-8x7B-Instruct-v0.1] Temp=0.0 Rep=1 → Concordo
[2026-05-12 11:58:53,795][__main__][INFO] - ✓ [google/gemma-3-12b-it] Temp=0.0 Rep=1 → Concordo
[2026-05-12 11:58:53,813][__main__][INFO] - ✓ [mistralai/Mixtral-8x7B-Instruct-v0.1] Temp=0.0 Rep=1 → Concordo
[2026-05-12 11:58:53,862][__main__][INFO] - ✓ [mistralai/Mixtral-8x7B-Instruct-v0.1] Temp=0.0 Rep=1 → Concordo
[2026-05-12 11:58:53,872][__main__][INFO] - ✓ [mistralai/Mixtral-8x7B-Instruct-v0.1] Temp=0.0 Rep=1 → Neutro
[2026-05-12 11:58:54,026][__main__][INFO] - ✓ [google/gemma-3-12b-it] Temp=0.0 Rep=1 → Concordo
[2026-05-12 11:58:54,029][__main__][INFO] - ✓ [google/gemma-3-12b-it] Temp=0.0 Rep=1 → Neutro
[2026-05-12 11:58:54,051][__main__][INFO] - ✓ [google/gemma-3-12b-it] Temp=0.0 Rep=1 → Concordo
[2026-05-12 11:58:54,064][__main__][INFO] - ✓ [mistralai/Mixtral-8x7B-Instruct-v0.1] Temp=0.0 Rep=1 → Neutro
[2026-05-12 11:58:54,066][__main__][INFO] - ✓ [mistralai/Mixtral-8x7B-Instruct-v0.1] Temp=0.0 Rep=1 → Neutro
[2026-05-12 11:58:54,102][__main__][INFO] - ✓ [mistralai/Mixtral-8x7B-Instruct-v0.1] Temp=0.0 Rep=1 → Neutro
[2026-05-12 11:58:54,114][__main__][INFO] - ✓ [google/gemma-3-12b-it] Temp=0.0 Rep=1 → Neutro
[2026-05-12 11:58:54,144][__main__][INFO] - ✓ [google/gemma-3-12b-it] Temp=0.0 Rep=1 → Discordo
[2026-05-12 11:58:54,282][__main__][INFO] - ✓ [google/gemma-3-12b-it] Temp=0.0 Rep=1 → Concordo
[2026-05-12 11:58:54,296][__main__][INFO] - ✓ [google/gemma-3-12b-it] Temp=0.0 Rep=1 → Concordo
[2026-05-12 11:58:54,351][__main__][INFO] - ✓ [mistralai/Mixtral-8x7B-Instruct-v0.1] Temp=0.0 Rep=1 → Concordo
[2026-05-12 11:58:54,374][__main__][INFO] - ✓ [mistralai/Mixtral-8x7B-Instruct-v0.1] Temp=0.0 Rep=1 → Concordo fortemente
[2026-05-12 11:58:54,429][__main__][INFO] - ✓ [google/gemma-3-12b-it] Temp=0.0 Rep=1 → Neutro
[2026-05-12 11:58:54,441][__main__][INFO] - ✓ [mistralai/Mixtral-8x7B-Instruct-v0.1] Temp=0.0 Rep=1 → Neutro
[2026-05-12 11:58:54,550][__main__][INFO] - ✓ [google/gemma-3-12b-it] Temp=0.0 Rep=1 → Neutro
[2026-05-12 11:58:54,554][__main__][INFO] - ✓ [google/gemma-3-12b-it] Temp=0.0 Rep=1 → Discordo fortemente
[2026-05-12 11:58:54,559][__main__][INFO] - ✓ [mistralai/Mixtral-8x7B-Instruct-v0.1] Temp=0.0 Rep=1 → Discordo
[2026-05-12 11:58:54,576][__main__][INFO] - ✓ [mistralai/Mixtral-8x7B-Instruct-v0.1] Temp=0.0 Rep=1 → Neutro
[2026-05-12 11:58:54,582][__main__][INFO] - ✓ [mistralai/Mixtral-8x7B-Instruct-v0.1] Temp=0.0 Rep=1 → Neutro
[2026-05-12 11:58:54,741][__main__][INFO] - ✓ [google/gemma-3-12b-it] Temp=0.0 Rep=1 → Concordo
[2026-05-12 11:58:54,772][__main__][INFO] - ✓ [google/gemma-3-12b-it] Temp=0.0 Rep=1 → Discordo
[2026-05-12 11:58:54,824][__main__][INFO] - ✓ [google/gemma-3-12b-it] Temp=0.0 Rep=1 → Concordo fortemente
[2026-05-12 11:58:54,832][__main__][INFO] - ✓ [mistralai/Mixtral-8x7B-Instruct-v0.1] Temp=0.0 Rep=1 → Concordo
[2026-05-12 11:58:54,833][__main__][INFO] - ✓ [mistralai/Mixtral-8x7B-Instruct-v0.1] Temp=0.0 Rep=1 → Concordo
[2026-05-12 11:58:54,838][__main__][INFO] - ✓ [mistralai/Mixtral-8x7B-Instruct-v0.1] Temp=0.0 Rep=1 → Concordo fortemente
[2026-05-12 11:58:54,908][__main__][INFO] - ✓ [google/gemma-3-12b-it] Temp=0.0 Rep=1 → Concordo
[2026-05-12 11:58:54,936][__main__][INFO] - ✓ [google/gemma-3-12b-it] Temp=0.0 Rep=1 → Concordo
[2026-05-12 11:58:54,945][__main__][INFO] - ✓ [google/gemma-3-12b-it] Temp=0.0 Rep=1 → Concordo
[2026-05-12 11:58:54,979][__main__][INFO] - ✓ [google/gemma-3-12b-it] Temp=0.0 Rep=1 → Concordo
[2026-05-12 11:58:55,076][__main__][INFO] - ✓ [mistralai/Mixtral-8x7B-Instruct-v0.1] Temp=0.0 Rep=1 → Concordo fortemente
[2026-05-12 11:58:55,077][__main__][INFO] - ✓ [mistralai/Mixtral-8x7B-Instruct-v0.1] Temp=0.0 Rep=1 → Neutro
[2026-05-12 11:58:55,143][__main__][INFO] - ✓ [google/gemma-3-12b-it] Temp=0.0 Rep=1 → Discordo
[2026-05-12 11:58:55,202][__main__][INFO] - ✓ [google/gemma-3-12b-it] Temp=0.0 Rep=1 → Concordo
[2026-05-12 11:58:55,212][__main__][INFO] - Salvamento incremental (1720 novas respostas)...
[2026-05-12 11:58:55,330][__main__][INFO] - Cache salvo com 238184 entradas
[2026-05-12 11:58:55,330][__main__][INFO] - ✓ [mistralai/Mixtral-8x7B-Instruct-v0.1] Temp=0.0 Rep=1 → Concordo fortemente
[2026-05-12 11:58:55,332][__main__][INFO] - ✓ [mistralai/Mixtral-8x7B-Instruct-v0.1] Temp=0.0 Rep=1 → Concordo
[2026-05-12 11:58:55,332][__main__][INFO] - ✓ [mistralai/Mixtral-8x7B-Instruct-v0.1] Temp=0.0 Rep=1 → Concordo
[2026-05-12 11:58:55,332][__main__][INFO] - ✓ [google/gemma-3-12b-it] Temp=0.0 Rep=1 → Concordo fortemente
[2026-05-12 11:58:55,362][__main__][INFO] - ✓ [mistralai/Mixtral-8x7B-Instruct-v0.1] Temp=0.0 Rep=1 → Neutro
[2026-05-12 11:58:55,417][__main__][INFO] - ✓ [mistralai/Mixtral-8x7B-Instruct-v0.1] Temp=0.0 Rep=1 → Concordo fortemente
[2026-05-12 11:58:55,441][__main__][INFO] - ✓ [google/gemma-3-12b-it] Temp=0.0 Rep=1 → Neutro
[2026-05-12 11:58:55,479][__main__][INFO] - ✓ [mistralai/Mixtral-8x7B-Instruct-v0.1] Temp=0.0 Rep=1 → Neutro
[2026-05-12 11:58:55,489][__main__][INFO] - ✓ [google/gemma-3-12b-it] Temp=0.0 Rep=1 → Concordo
[2026-05-12 11:58:55,496][__main__][INFO] - ✓ [google/gemma-3-12b-it] Temp=0.0 Rep=1 → Neutro
[2026-05-12 11:58:55,658][__main__][INFO] - ✓ [google/gemma-3-12b-it] Temp=0.0 Rep=1 → Discordo
[2026-05-12 11:58:55,660][__main__][INFO] - ✓ [mistralai/Mixtral-8x7B-Instruct-v0.1] Temp=0.0 Rep=1 → Concordo
[2026-05-12 11:58:55,690][__main__][INFO] - ✓ [mistralai/Mixtral-8x7B-Instruct-v0.1] Temp=0.0 Rep=1 → Neutro
[2026-05-12 11:58:55,705][__main__][INFO] - ✓ [mistralai/Mixtral-8x7B-Instruct-v0.1] Temp=0.0 Rep=1 → Concordo
[2026-05-12 11:58:55,717][__main__][INFO] - ✓ [mistralai/Mixtral-8x7B-Instruct-v0.1] Temp=0.0 Rep=1 → Concordo
[2026-05-12 11:58:55,861][__main__][INFO] - ✓ [google/gemma-3-12b-it] Temp=0.0 Rep=1 → Concordo
[2026-05-12 11:58:55,864][__main__][INFO] - ✓ [google/gemma-3-12b-it] Temp=0.0 Rep=1 → Concordo
[2026-05-12 11:58:55,865][__main__][INFO] - ✓ [google/gemma-3-12b-it] Temp=0.0 Rep=1 → Concordo
[2026-05-12 11:58:55,947][__main__][INFO] - ✓ [google/gemma-3-12b-it] Temp=0.0 Rep=1 → Neutro
[2026-05-12 11:58:55,954][__main__][INFO] - ✓ [mistralai/Mixtral-8x7B-Instruct-v0.1] Temp=0.0 Rep=1 → Concordo fortemente
[2026-05-12 11:58:55,955][__main__][INFO] - ✓ [mistralai/Mixtral-8x7B-Instruct-v0.1] Temp=0.0 Rep=1 → Discordo fortemente
[2026-05-12 11:58:55,960][__main__][INFO] - ✓ [google/gemma-3-12b-it] Temp=0.0 Rep=1 → Discordo fortemente
[2026-05-12 11:58:55,978][__main__][INFO] - ✓ [mistralai/Mixtral-8x7B-Instruct-v0.1] Temp=0.0 Rep=1 → Neutro
[2026-05-12 11:58:56,145][__main__][INFO] - ✓ [google/gemma-3-12b-it] Temp=0.0 Rep=1 → Concordo
[2026-05-12 11:58:56,158][__main__][INFO] - ✓ [mistralai/Mixtral-8x7B-Instruct-v0.1] Temp=0.0 Rep=1 → Neutro
[2026-05-12 11:58:56,167][__main__][INFO] - ✓ [mistralai/Mixtral-8x7B-Instruct-v0.1] Temp=0.0 Rep=1 → Concordo fortemente
[2026-05-12 11:58:56,197][__main__][INFO] - ✓ [google/gemma-3-12b-it] Temp=0.0 Rep=1 → Concordo
[2026-05-12 11:58:56,205][__main__][INFO] - ✓ [google/gemma-3-12b-it] Temp=0.0 Rep=1 → Concordo fortemente
[2026-05-12 11:58:56,226][__main__][INFO] - ✓ [mistralai/Mixtral-8x7B-Instruct-v0.1] Temp=0.0 Rep=1 → Neutro
[2026-05-12 11:58:56,272][__main__][INFO] - ✓ [mistralai/Mixtral-8x7B-Instruct-v0.1] Temp=0.0 Rep=1 → Concordo fortemente
[2026-05-12 11:58:56,352][__main__][INFO] - ✓ [google/gemma-3-12b-it] Temp=0.0 Rep=1 → Discordo
[2026-05-12 11:58:56,384][__main__][INFO] - ✓ [google/gemma-3-12b-it] Temp=0.0 Rep=1 → Concordo
[2026-05-12 11:58:56,411][__main__][INFO] - ✓ [google/gemma-3-12b-it] Temp=0.0 Rep=1 → Neutro
[2026-05-12 11:58:56,423][__main__][INFO] - ✓ [mistralai/Mixtral-8x7B-Instruct-v0.1] Temp=0.0 Rep=1 → Neutro
[2026-05-12 11:58:56,458][__main__][INFO] - ✓ [mistralai/Mixtral-8x7B-Instruct-v0.1] Temp=0.0 Rep=1 → Neutro
[2026-05-12 11:58:56,503][__main__][INFO] - ✓ [mistralai/Mixtral-8x7B-Instruct-v0.1] Temp=0.0 Rep=1 → Discordo fortemente
[2026-05-12 11:58:56,538][__main__][INFO] - ✓ [google/gemma-3-12b-it] Temp=0.0 Rep=1 → Discordo
[2026-05-12 11:58:56,545][__main__][INFO] - ✓ [mistralai/Mixtral-8x7B-Instruct-v0.1] Temp=0.0 Rep=1 → Concordo fortemente
[2026-05-12 11:58:56,557][__main__][INFO] - ✓ [google/gemma-3-12b-it] Temp=0.0 Rep=1 → Neutro
[2026-05-12 11:58:56,647][__main__][INFO] - ✓ [mistralai/Mixtral-8x7B-Instruct-v0.1] Temp=0.0 Rep=1 → Neutro
[2026-05-12 11:58:56,673][__main__][INFO] - Salvamento incremental (1760 novas respostas)...
[2026-05-12 11:58:56,727][__main__][INFO] - Cache salvo com 238224 entradas
[2026-05-12 11:58:56,727][__main__][INFO] - ✓ [google/gemma-3-12b-it] Temp=0.0 Rep=1 → Concordo
[2026-05-12 11:58:56,775][__main__][INFO] - ✓ [mistralai/Mixtral-8x7B-Instruct-v0.1] Temp=0.0 Rep=1 → Discordo fortemente
[2026-05-12 11:58:56,789][__main__][INFO] - ✓ [google/gemma-3-12b-it] Temp=0.0 Rep=1 → Neutro
[2026-05-12 11:58:56,796][__main__][INFO] - ✓ [mistralai/Mixtral-8x7B-Instruct-v0.1] Temp=0.0 Rep=1 → Concordo fortemente
[2026-05-12 11:58:56,808][__main__][INFO] - ✓ [google/gemma-3-12b-it] Temp=0.0 Rep=1 → Concordo
[2026-05-12 11:58:56,810][__main__][INFO] - ✓ [mistralai/Mixtral-8x7B-Instruct-v0.1] Temp=0.0 Rep=1 → Neutro
[2026-05-12 11:58:56,843][__main__][INFO] - ✓ [google/gemma-3-12b-it] Temp=0.0 Rep=1 → Neutro
[2026-05-12 11:58:57,006][__main__][INFO] - ✓ [google/gemma-3-12b-it] Temp=0.0 Rep=1 → Concordo
[2026-05-12 11:58:57,009][__main__][INFO] - ✓ [google/gemma-3-12b-it] Temp=0.0 Rep=1 → Concordo
[2026-05-12 11:58:57,070][__main__][INFO] - ✓ [mistralai/Mixtral-8x7B-Instruct-v0.1] Temp=0.0 Rep=1 → Discordo
[2026-05-12 11:58:57,076][__main__][INFO] - ✓ [mistralai/Mixtral-8x7B-Instruct-v0.1] Temp=0.0 Rep=1 → Discordo
[2026-05-12 11:58:57,169][__main__][INFO] - ✓ [mistralai/Mixtral-8x7B-Instruct-v0.1] Temp=0.0 Rep=1 → Concordo fortemente
[2026-05-12 11:58:57,173][__main__][INFO] - ✓ [mistralai/Mixtral-8x7B-Instruct-v0.1] Temp=0.0 Rep=1 → Discordo
[2026-05-12 11:58:57,173][__main__][INFO] - ✓ [google/gemma-3-12b-it] Temp=0.0 Rep=1 → Concordo
[2026-05-12 11:58:57,221][__main__][INFO] - ✓ [google/gemma-3-12b-it] Temp=0.0 Rep=1 → Discordo fortemente
[2026-05-12 11:58:57,255][__main__][INFO] - ✓ [google/gemma-3-12b-it] Temp=0.0 Rep=1 → Neutro
[2026-05-12 11:58:57,285][__main__][INFO] - ✓ [mistralai/Mixtral-8x7B-Instruct-v0.1] Temp=0.0 Rep=1 → Neutro
[2026-05-12 11:58:57,289][__main__][INFO] - ✓ [mistralai/Mixtral-8x7B-Instruct-v0.1] Temp=0.0 Rep=1 → Neutro
[2026-05-12 11:58:57,292][__main__][INFO] - ✓ [google/gemma-3-12b-it] Temp=0.0 Rep=1 → Concordo
[2026-05-12 11:58:57,464][__main__][INFO] - ✓ [google/gemma-3-12b-it] Temp=0.0 Rep=1 → Concordo
[2026-05-12 11:58:57,483][__main__][INFO] - ✓ [mistralai/Mixtral-8x7B-Instruct-v0.1] Temp=0.0 Rep=1 → Concordo fortemente
[2026-05-12 11:58:57,486][__main__][INFO] - ✓ [mistralai/Mixtral-8x7B-Instruct-v0.1] Temp=0.0 Rep=1 → Neutro
[2026-05-12 11:58:57,508][__main__][INFO] - ✓ [mistralai/Mixtral-8x7B-Instruct-v0.1] Temp=0.0 Rep=1 → Neutro
[2026-05-12 11:58:57,522][__main__][INFO] - ✓ [google/gemma-3-12b-it] Temp=0.0 Rep=1 → Concordo
[2026-05-12 11:58:57,695][__main__][INFO] - ✓ [google/gemma-3-12b-it] Temp=0.0 Rep=1 → Concordo
[2026-05-12 11:58:57,756][__main__][INFO] - ✓ [mistralai/Mixtral-8x7B-Instruct-v0.1] Temp=0.0 Rep=1 → Neutro
[2026-05-12 11:58:57,796][__main__][INFO] - ✓ [google/gemma-3-12b-it] Temp=0.0 Rep=1 → Concordo
[2026-05-12 11:58:57,831][__main__][INFO] - ✓ [mistralai/Mixtral-8x7B-Instruct-v0.1] Temp=0.0 Rep=1 → Neutro
[2026-05-12 11:58:57,842][__main__][INFO] - ✓ [mistralai/Mixtral-8x7B-Instruct-v0.1] Temp=0.0 Rep=1 → Concordo
[2026-05-12 11:58:57,869][__main__][INFO] - ✓ [google/gemma-3-12b-it] Temp=0.0 Rep=1 → Concordo
[2026-05-12 11:58:57,914][__main__][INFO] - ✓ [google/gemma-3-12b-it] Temp=0.0 Rep=1 → Concordo
[2026-05-12 11:58:57,917][__main__][INFO] - ✓ [google/gemma-3-12b-it] Temp=0.0 Rep=1 → Concordo
[2026-05-12 11:58:58,014][__main__][INFO] - ✓ [mistralai/Mixtral-8x7B-Instruct-v0.1] Temp=0.0 Rep=1 → Concordo
[2026-05-12 11:58:58,041][__main__][INFO] - ✓ [mistralai/Mixtral-8x7B-Instruct-v0.1] Temp=0.0 Rep=1 → Concordo
[2026-05-12 11:58:58,077][__main__][INFO] - ✓ [google/gemma-3-12b-it] Temp=0.0 Rep=1 → Concordo
[2026-05-12 11:58:58,082][__main__][INFO] - ✓ [google/gemma-3-12b-it] Temp=0.0 Rep=1 → Concordo
[2026-05-12 11:58:58,085][__main__][INFO] - ✓ [mistralai/Mixtral-8x7B-Instruct-v0.1] Temp=0.0 Rep=1 → Discordo
[2026-05-12 11:58:58,221][__main__][INFO] - ✓ [google/gemma-3-12b-it] Temp=0.0 Rep=1 → Concordo
[2026-05-12 11:58:58,235][__main__][INFO] - ✓ [mistralai/Mixtral-8x7B-Instruct-v0.1] Temp=0.0 Rep=1 → Neutro
[2026-05-12 11:58:58,238][__main__][INFO] - ✓ [mistralai/Mixtral-8x7B-Instruct-v0.1] Temp=0.0 Rep=1 → Neutro
[2026-05-12 11:58:58,295][__main__][INFO] - Salvamento incremental (1800 novas respostas)...
[2026-05-12 11:58:58,352][__main__][INFO] - Cache salvo com 238264 entradas
[2026-05-12 11:58:58,352][__main__][INFO] - ✓ [mistralai/Mixtral-8x7B-Instruct-v0.1] Temp=0.0 Rep=1 → Neutro
[2026-05-12 11:58:58,408][__main__][INFO] - ✓ [mistralai/Mixtral-8x7B-Instruct-v0.1] Temp=0.0 Rep=1 → Discordo
[2026-05-12 11:58:58,513][__main__][INFO] - ✓ [mistralai/Mixtral-8x7B-Instruct-v0.1] Temp=0.0 Rep=1 → Discordo
[2026-05-12 11:58:58,517][__main__][INFO] - ✓ [mistralai/Mixtral-8x7B-Instruct-v0.1] Temp=0.0 Rep=1 → Discordo
[2026-05-12 11:58:58,554][__main__][INFO] - ✓ [google/gemma-3-12b-it] Temp=0.0 Rep=1 → Concordo
[2026-05-12 11:58:58,639][__main__][INFO] - ✓ [google/gemma-3-12b-it] Temp=0.0 Rep=1 → Neutro
[2026-05-12 11:58:58,644][__main__][INFO] - ✓ [google/gemma-3-12b-it] Temp=0.0 Rep=1 → Neutro
[2026-05-12 11:58:58,746][__main__][INFO] - ✓ [google/gemma-3-12b-it] Temp=0.0 Rep=1 → Concordo
[2026-05-12 11:58:58,746][__main__][INFO] - ✓ [google/gemma-3-12b-it] Temp=0.0 Rep=1 → Concordo
[2026-05-12 11:58:58,748][__main__][INFO] - ✓ [google/gemma-3-12b-it] Temp=0.0 Rep=1 → Concordo
[2026-05-12 11:58:58,813][__main__][INFO] - ✓ [mistralai/Mixtral-8x7B-Instruct-v0.1] Temp=0.0 Rep=1 → Neutro
[2026-05-12 11:58:58,815][__main__][INFO] - ✓ [mistralai/Mixtral-8x7B-Instruct-v0.1] Temp=0.0 Rep=1 → Concordo
[2026-05-12 11:58:58,854][__main__][INFO] - ✓ [mistralai/Mixtral-8x7B-Instruct-v0.1] Temp=0.0 Rep=1 → Neutro
[2026-05-12 11:58:58,866][__main__][INFO] - ✓ [google/gemma-3-12b-it] Temp=0.0 Rep=1 → Concordo
[2026-05-12 11:58:58,908][__main__][INFO] - ✓ [google/gemma-3-12b-it] Temp=0.0 Rep=1 → Concordo
[2026-05-12 11:58:59,040][__main__][INFO] - ✓ [mistralai/Mixtral-8x7B-Instruct-v0.1] Temp=0.0 Rep=1 → Concordo
[2026-05-12 11:58:59,052][__main__][INFO] - ✓ [mistralai/Mixtral-8x7B-Instruct-v0.1] Temp=0.0 Rep=1 → Discordo
[2026-05-12 11:58:59,077][__main__][INFO] - ✓ [mistralai/Mixtral-8x7B-Instruct-v0.1] Temp=0.0 Rep=1 → Neutro
[2026-05-12 11:58:59,082][__main__][INFO] - ✓ [google/gemma-3-12b-it] Temp=0.0 Rep=1 → Discordo
[2026-05-12 11:58:59,113][__main__][INFO] - ✓ [google/gemma-3-12b-it] Temp=0.0 Rep=1 → Neutro
[2026-05-12 11:58:59,272][__main__][INFO] - ✓ [google/gemma-3-12b-it] Temp=0.0 Rep=1 → Concordo
[2026-05-12 11:58:59,275][__main__][INFO] - ✓ [google/gemma-3-12b-it] Temp=0.0 Rep=1 → Concordo
[2026-05-12 11:58:59,298][__main__][INFO] - ✓ [google/gemma-3-12b-it] Temp=0.0 Rep=1 → Neutro
[2026-05-12 11:58:59,308][__main__][INFO] - ✓ [google/gemma-3-12b-it] Temp=0.0 Rep=1 → Discordo
[2026-05-12 11:58:59,314][__main__][INFO] - ✓ [mistralai/Mixtral-8x7B-Instruct-v0.1] Temp=0.0 Rep=1 → Neutro
[2026-05-12 11:58:59,415][__main__][INFO] - ✓ [mistralai/Mixtral-8x7B-Instruct-v0.1] Temp=0.0 Rep=1 → Discordo
[2026-05-12 11:58:59,436][__main__][INFO] - ✓ [mistralai/Mixtral-8x7B-Instruct-v0.1] Temp=0.0 Rep=1 → Neutro
[2026-05-12 11:58:59,453][__main__][INFO] - ✓ [google/gemma-3-12b-it] Temp=0.0 Rep=1 → Concordo
[2026-05-12 11:58:59,454][__main__][INFO] - ✓ [google/gemma-3-12b-it] Temp=0.0 Rep=1 → Concordo
[2026-05-12 11:58:59,574][__main__][INFO] - ✓ [mistralai/Mixtral-8x7B-Instruct-v0.1] Temp=0.0 Rep=1 → Neutro
[2026-05-12 11:58:59,590][__main__][INFO] - ✓ [mistralai/Mixtral-8x7B-Instruct-v0.1] Temp=0.0 Rep=1 → Concordo fortemente
[2026-05-12 11:58:59,594][__main__][INFO] - ✓ [mistralai/Mixtral-8x7B-Instruct-v0.1] Temp=0.0 Rep=1 → Neutro
[2026-05-12 11:58:59,646][__main__][INFO] - ✓ [google/gemma-3-12b-it] Temp=0.0 Rep=1 → Concordo
[2026-05-12 11:58:59,659][__main__][INFO] - ✓ [google/gemma-3-12b-it] Temp=0.0 Rep=1 → Discordo
[2026-05-12 11:58:59,685][__main__][INFO] - ✓ [google/gemma-3-12b-it] Temp=0.0 Rep=1 → Concordo
[2026-05-12 11:58:59,794][__main__][INFO] - ✓ [mistralai/Mixtral-8x7B-Instruct-v0.1] Temp=0.0 Rep=1 → Concordo
[2026-05-12 11:58:59,801][__main__][INFO] - ✓ [google/gemma-3-12b-it] Temp=0.0 Rep=1 → Neutro
[2026-05-12 11:58:59,802][__main__][INFO] - ✓ [mistralai/Mixtral-8x7B-Instruct-v0.1] Temp=0.0 Rep=1 → Discordo
[2026-05-12 11:58:59,802][__main__][INFO] - ✓ [mistralai/Mixtral-8x7B-Instruct-v0.1] Temp=0.0 Rep=1 → Neutro
[2026-05-12 11:58:59,936][__main__][INFO] - ✓ [mistralai/Mixtral-8x7B-Instruct-v0.1] Temp=0.0 Rep=1 → Concordo fortemente
[2026-05-12 11:58:59,961][__main__][INFO] - Salvamento incremental (1840 novas respostas)...
[2026-05-12 11:59:00,013][__main__][INFO] - Cache salvo com 238304 entradas
[2026-05-12 11:59:00,013][__main__][INFO] - ✓ [google/gemma-3-12b-it] Temp=0.0 Rep=1 → Concordo
[2026-05-12 11:59:00,015][__main__][INFO] - ✓ [mistralai/Mixtral-8x7B-Instruct-v0.1] Temp=0.0 Rep=1 → Neutro
[2026-05-12 11:59:00,016][__main__][INFO] - ✓ [mistralai/Mixtral-8x7B-Instruct-v0.1] Temp=0.0 Rep=1 → Neutro
[2026-05-12 11:59:00,016][__main__][INFO] - ✓ [google/gemma-3-12b-it] Temp=0.0 Rep=1 → Neutro
[2026-05-12 11:59:00,082][__main__][INFO] - ✓ [google/gemma-3-12b-it] Temp=0.0 Rep=1 → Concordo
[2026-05-12 11:59:00,105][__main__][INFO] - ✓ [google/gemma-3-12b-it] Temp=0.0 Rep=1 → Neutro
[2026-05-12 11:59:00,316][__main__][INFO] - ✓ [mistralai/Mixtral-8x7B-Instruct-v0.1] Temp=0.0 Rep=1 → Concordo fortemente
[2026-05-12 11:59:00,320][__main__][INFO] - ✓ [mistralai/Mixtral-8x7B-Instruct-v0.1] Temp=0.0 Rep=1 → Neutro
[2026-05-12 11:59:00,321][__main__][INFO] - ✓ [mistralai/Mixtral-8x7B-Instruct-v0.1] Temp=0.0 Rep=1 → Neutro
[2026-05-12 11:59:00,343][__main__][INFO] - ✓ [google/gemma-3-12b-it] Temp=0.0 Rep=1 → Discordo
[2026-05-12 11:59:00,378][__main__][INFO] - ✓ [mistralai/Mixtral-8x7B-Instruct-v0.1] Temp=0.0 Rep=1 → Concordo
[2026-05-12 11:59:00,380][__main__][INFO] - ✓ [mistralai/Mixtral-8x7B-Instruct-v0.1] Temp=0.0 Rep=1 → Discordo fortemente
[2026-05-12 11:59:00,386][__main__][INFO] - ✓ [google/gemma-3-12b-it] Temp=0.0 Rep=1 → Concordo
[2026-05-12 11:59:00,392][__main__][INFO] - ✓ [google/gemma-3-12b-it] Temp=0.0 Rep=1 → Discordo
[2026-05-12 11:59:00,427][__main__][INFO] - ✓ [google/gemma-3-12b-it] Temp=0.0 Rep=1 → Concordo
[2026-05-12 11:59:00,652][__main__][INFO] - ✓ [google/gemma-3-12b-it] Temp=0.0 Rep=1 → Discordo
[2026-05-12 11:59:00,655][__main__][INFO] - ✓ [mistralai/Mixtral-8x7B-Instruct-v0.1] Temp=0.0 Rep=1 → Discordo
[2026-05-12 11:59:00,666][__main__][INFO] - ✓ [mistralai/Mixtral-8x7B-Instruct-v0.1] Temp=0.0 Rep=1 → Concordo
[2026-05-12 11:59:00,676][__main__][INFO] - ✓ [mistralai/Mixtral-8x7B-Instruct-v0.1] Temp=0.0 Rep=1 → Concordo
[2026-05-12 11:59:00,680][__main__][INFO] - ✓ [mistralai/Mixtral-8x7B-Instruct-v0.1] Temp=0.0 Rep=1 → Concordo fortemente
[2026-05-12 11:59:00,696][__main__][INFO] - ✓ [google/gemma-3-12b-it] Temp=0.0 Rep=1 → Concordo
[2026-05-12 11:59:00,750][__main__][INFO] - ✓ [google/gemma-3-12b-it] Temp=0.0 Rep=1 → Concordo fortemente
[2026-05-12 11:59:00,844][__main__][INFO] - ✓ [google/gemma-3-12b-it] Temp=0.0 Rep=1 → Concordo
[2026-05-12 11:59:00,844][__main__][INFO] - ✓ [google/gemma-3-12b-it] Temp=0.0 Rep=1 → Discordo
[2026-05-12 11:59:00,936][__main__][INFO] - ✓ [mistralai/Mixtral-8x7B-Instruct-v0.1] Temp=0.0 Rep=1 → Concordo
[2026-05-12 11:59:00,944][__main__][INFO] - ✓ [google/gemma-3-12b-it] Temp=0.0 Rep=1 → Concordo
[2026-05-12 11:59:01,038][__main__][INFO] - ✓ [google/gemma-3-12b-it] Temp=0.0 Rep=1 → Discordo
[2026-05-12 11:59:01,140][__main__][INFO] - ✓ [mistralai/Mixtral-8x7B-Instruct-v0.1] Temp=0.0 Rep=1 → Concordo fortemente
[2026-05-12 11:59:01,146][__main__][INFO] - ✓ [mistralai/Mixtral-8x7B-Instruct-v0.1] Temp=0.0 Rep=1 → Concordo
[2026-05-12 11:59:01,154][__main__][INFO] - ✓ [mistralai/Mixtral-8x7B-Instruct-v0.1] Temp=0.0 Rep=1 → Discordo fortemente
[2026-05-12 11:59:01,160][__main__][INFO] - ✓ [mistralai/Mixtral-8x7B-Instruct-v0.1] Temp=0.0 Rep=1 → Concordo
[2026-05-12 11:59:01,212][__main__][INFO] - ✓ [google/gemma-3-12b-it] Temp=0.0 Rep=1 → Concordo
[2026-05-12 11:59:01,217][__main__][INFO] - ✓ [google/gemma-3-12b-it] Temp=0.0 Rep=1 → Concordo
[2026-05-12 11:59:01,228][__main__][INFO] - ✓ [mistralai/Mixtral-8x7B-Instruct-v0.1] Temp=0.0 Rep=1 → Discordo
[2026-05-12 11:59:01,247][__main__][INFO] - ✓ [google/gemma-3-12b-it] Temp=0.0 Rep=1 → Discordo
[2026-05-12 11:59:01,367][__main__][INFO] - ✓ [google/gemma-3-12b-it] Temp=0.0 Rep=1 → Discordo
[2026-05-12 11:59:01,411][__main__][INFO] - ✓ [google/gemma-3-12b-it] Temp=0.0 Rep=1 → Concordo
[2026-05-12 11:59:01,417][__main__][INFO] - ✓ [mistralai/Mixtral-8x7B-Instruct-v0.1] Temp=0.0 Rep=1 → Concordo
[2026-05-12 11:59:01,470][__main__][INFO] - ✓ [mistralai/Mixtral-8x7B-Instruct-v0.1] Temp=0.0 Rep=1 → Concordo
[2026-05-12 11:59:01,486][__main__][INFO] - ✓ [mistralai/Mixtral-8x7B-Instruct-v0.1] Temp=0.0 Rep=1 → Concordo fortemente
[2026-05-12 11:59:01,549][__main__][INFO] - Salvamento incremental (1880 novas respostas)...
[2026-05-12 11:59:01,603][__main__][INFO] - Cache salvo com 238344 entradas
[2026-05-12 11:59:01,604][__main__][INFO] - ✓ [mistralai/Mixtral-8x7B-Instruct-v0.1] Temp=0.0 Rep=1 → Concordo fortemente
[2026-05-12 11:59:01,605][__main__][INFO] - ✓ [google/gemma-3-12b-it] Temp=0.0 Rep=1 → Neutro
[2026-05-12 11:59:01,652][__main__][INFO] - ✓ [mistralai/Mixtral-8x7B-Instruct-v0.1] Temp=0.0 Rep=1 → Concordo
[2026-05-12 11:59:01,708][__main__][INFO] - ✓ [mistralai/Mixtral-8x7B-Instruct-v0.1] Temp=0.0 Rep=1 → Concordo
[2026-05-12 11:59:01,764][__main__][INFO] - ✓ [google/gemma-3-12b-it] Temp=0.0 Rep=1 → Discordo
[2026-05-12 11:59:01,767][__main__][INFO] - ✓ [google/gemma-3-12b-it] Temp=0.0 Rep=1 → Concordo
[2026-05-12 11:59:01,892][__main__][INFO] - ✓ [mistralai/Mixtral-8x7B-Instruct-v0.1] Temp=0.0 Rep=1 → Discordo
[2026-05-12 11:59:01,896][__main__][INFO] - ✓ [mistralai/Mixtral-8x7B-Instruct-v0.1] Temp=0.0 Rep=1 → Concordo fortemente
[2026-05-12 11:59:01,897][__main__][INFO] - ✓ [google/gemma-3-12b-it] Temp=0.0 Rep=1 → Concordo fortemente
[2026-05-12 11:59:01,903][__main__][INFO] - ✓ [google/gemma-3-12b-it] Temp=0.0 Rep=1 → Discordo fortemente
[2026-05-12 11:59:01,904][__main__][INFO] - ✓ [google/gemma-3-12b-it] Temp=0.0 Rep=1 → Neutro
[2026-05-12 11:59:01,915][__main__][INFO] - ✓ [google/gemma-3-12b-it] Temp=0.0 Rep=1 → Concordo
[2026-05-12 11:59:01,940][__main__][INFO] - ✓ [mistralai/Mixtral-8x7B-Instruct-v0.1] Temp=0.0 Rep=1 → Neutro
[2026-05-12 11:59:02,132][__main__][INFO] - ✓ [google/gemma-3-12b-it] Temp=0.0 Rep=1 → Neutro
[2026-05-12 11:59:02,144][__main__][INFO] - ✓ [google/gemma-3-12b-it] Temp=0.0 Rep=1 → Discordo fortemente
[2026-05-12 11:59:02,193][__main__][INFO] - ✓ [mistralai/Mixtral-8x7B-Instruct-v0.1] Temp=0.0 Rep=1 → Discordo fortemente
[2026-05-12 11:59:02,216][__main__][INFO] - ✓ [google/gemma-3-12b-it] Temp=0.0 Rep=1 → Concordo
[2026-05-12 11:59:02,224][__main__][INFO] - ✓ [mistralai/Mixtral-8x7B-Instruct-v0.1] Temp=0.0 Rep=1 → Discordo fortemente
[2026-05-12 11:59:02,232][__main__][INFO] - ✓ [mistralai/Mixtral-8x7B-Instruct-v0.1] Temp=0.0 Rep=1 → Neutro
[2026-05-12 11:59:02,234][__main__][INFO] - ✓ [mistralai/Mixtral-8x7B-Instruct-v0.1] Temp=0.0 Rep=1 → Concordo fortemente
[2026-05-12 11:59:02,323][__main__][INFO] - ✓ [google/gemma-3-12b-it] Temp=0.0 Rep=1 → Discordo
[2026-05-12 11:59:02,326][__main__][INFO] - ✓ [google/gemma-3-12b-it] Temp=0.0 Rep=1 → Neutro
[2026-05-12 11:59:02,414][__main__][INFO] - ✓ [google/gemma-3-12b-it] Temp=0.0 Rep=1 → Concordo
[2026-05-12 11:59:02,429][__main__][INFO] - ✓ [mistralai/Mixtral-8x7B-Instruct-v0.1] Temp=0.0 Rep=1 → Neutro
[2026-05-12 11:59:02,517][__main__][INFO] - ✓ [mistralai/Mixtral-8x7B-Instruct-v0.1] Temp=0.0 Rep=1 → Discordo
[2026-05-12 11:59:02,521][__main__][INFO] - ✓ [mistralai/Mixtral-8x7B-Instruct-v0.1] Temp=0.0 Rep=1 → Concordo fortemente
[2026-05-12 11:59:02,547][__main__][INFO] - ✓ [google/gemma-3-12b-it] Temp=0.0 Rep=1 → Neutro
[2026-05-12 11:59:02,573][__main__][INFO] - ✓ [google/gemma-3-12b-it] Temp=0.0 Rep=1 → Discordo
[2026-05-12 11:59:02,574][__main__][INFO] - ✓ [mistralai/Mixtral-8x7B-Instruct-v0.1] Temp=0.0 Rep=1 → Concordo fortemente
[2026-05-12 11:59:02,755][__main__][INFO] - ✓ [google/gemma-3-12b-it] Temp=0.0 Rep=1 → Concordo
[2026-05-12 11:59:02,810][__main__][INFO] - ✓ [mistralai/Mixtral-8x7B-Instruct-v0.1] Temp=0.0 Rep=1 → Discordo fortemente
[2026-05-12 11:59:02,813][__main__][INFO] - ✓ [google/gemma-3-12b-it] Temp=0.0 Rep=1 → Concordo
[2026-05-12 11:59:02,847][__main__][INFO] - ✓ [google/gemma-3-12b-it] Temp=0.0 Rep=1 → Discordo
[2026-05-12 11:59:02,941][__main__][INFO] - ✓ [mistralai/Mixtral-8x7B-Instruct-v0.1] Temp=0.0 Rep=1 → Concordo fortemente
[2026-05-12 11:59:02,951][__main__][INFO] - ✓ [mistralai/Mixtral-8x7B-Instruct-v0.1] Temp=0.0 Rep=1 → Neutro
[2026-05-12 11:59:02,953][__main__][INFO] - ✓ [google/gemma-3-12b-it] Temp=0.0 Rep=1 → Neutro
[2026-05-12 11:59:02,959][__main__][INFO] - ✓ [google/gemma-3-12b-it] Temp=0.0 Rep=1 → Concordo fortemente
[2026-05-12 11:59:03,010][__main__][INFO] - ✓ [google/gemma-3-12b-it] Temp=0.0 Rep=1 → Discordo
[2026-05-12 11:59:03,074][__main__][INFO] - ✓ [mistralai/Mixtral-8x7B-Instruct-v0.1] Temp=0.0 Rep=1 → Discordo
[2026-05-12 11:59:03,090][__main__][INFO] - ✓ [mistralai/Mixtral-8x7B-Instruct-v0.1] Temp=0.0 Rep=1 → Concordo fortemente
[2026-05-12 11:59:03,094][__main__][INFO] - Salvamento incremental (1920 novas respostas)...
[2026-05-12 11:59:03,137][__main__][INFO] - Cache salvo com 238384 entradas
[2026-05-12 11:59:03,138][__main__][INFO] - ✓ [google/gemma-3-12b-it] Temp=0.0 Rep=1 → Neutro
[2026-05-12 11:59:03,220][__main__][INFO] - ✓ [mistralai/Mixtral-8x7B-Instruct-v0.1] Temp=0.0 Rep=1 → Discordo
[2026-05-12 11:59:03,225][__main__][INFO] - ✓ [mistralai/Mixtral-8x7B-Instruct-v0.1] Temp=0.0 Rep=1 → Neutro
[2026-05-12 11:59:03,287][__main__][INFO] - ✓ [mistralai/Mixtral-8x7B-Instruct-v0.1] Temp=0.0 Rep=1 → Concordo
[2026-05-12 11:59:03,323][__main__][INFO] - ✓ [google/gemma-3-12b-it] Temp=0.0 Rep=1 → Neutro
[2026-05-12 11:59:03,337][__main__][INFO] - ✓ [google/gemma-3-12b-it] Temp=0.0 Rep=1 → Discordo
[2026-05-12 11:59:03,342][__main__][INFO] - ✓ [mistralai/Mixtral-8x7B-Instruct-v0.1] Temp=0.0 Rep=1 → Neutro
[2026-05-12 11:59:03,492][__main__][INFO] - ✓ [google/gemma-3-12b-it] Temp=0.0 Rep=1 → Concordo
[2026-05-12 11:59:03,501][__main__][INFO] - ✓ [mistralai/Mixtral-8x7B-Instruct-v0.1] Temp=0.0 Rep=1 → Concordo fortemente
[2026-05-12 11:59:03,524][__main__][INFO] - ✓ [mistralai/Mixtral-8x7B-Instruct-v0.1] Temp=0.0 Rep=1 → Neutro
[2026-05-12 11:59:03,550][__main__][INFO] - ✓ [google/gemma-3-12b-it] Temp=0.0 Rep=1 → Discordo
[2026-05-12 11:59:03,552][__main__][INFO] - ✓ [mistralai/Mixtral-8x7B-Instruct-v0.1] Temp=0.0 Rep=1 → Concordo
[2026-05-12 11:59:03,588][__main__][INFO] - ✓ [google/gemma-3-12b-it] Temp=0.0 Rep=1 → Concordo fortemente
[2026-05-12 11:59:03,612][__main__][INFO] - ✓ [mistralai/Mixtral-8x7B-Instruct-v0.1] Temp=0.0 Rep=1 → Concordo
[2026-05-12 11:59:03,615][__main__][INFO] - ✓ [google/gemma-3-12b-it] Temp=0.0 Rep=1 → Concordo
[2026-05-12 11:59:03,678][__main__][INFO] - ✓ [google/gemma-3-12b-it] Temp=0.0 Rep=1 → Discordo
[2026-05-12 11:59:03,723][__main__][INFO] - ✓ [google/gemma-3-12b-it] Temp=0.0 Rep=1 → Concordo
[2026-05-12 11:59:03,779][__main__][INFO] - ✓ [mistralai/Mixtral-8x7B-Instruct-v0.1] Temp=0.0 Rep=1 → Discordo
[2026-05-12 11:59:03,828][__main__][INFO] - ✓ [google/gemma-3-12b-it] Temp=0.0 Rep=1 → Neutro
[2026-05-12 11:59:03,869][__main__][INFO] - ✓ [mistralai/Mixtral-8x7B-Instruct-v0.1] Temp=0.0 Rep=1 → Concordo
[2026-05-12 11:59:03,872][__main__][INFO] - ✓ [mistralai/Mixtral-8x7B-Instruct-v0.1] Temp=0.0 Rep=1 → Neutro
[2026-05-12 11:59:03,987][__main__][INFO] - ✓ [mistralai/Mixtral-8x7B-Instruct-v0.1] Temp=0.0 Rep=1 → Concordo fortemente
[2026-05-12 11:59:03,987][__main__][INFO] - ✓ [google/gemma-3-12b-it] Temp=0.0 Rep=1 → Discordo
[2026-05-12 11:59:04,003][__main__][INFO] - ✓ [google/gemma-3-12b-it] Temp=0.0 Rep=1 → Concordo fortemente
[2026-05-12 11:59:04,011][__main__][INFO] - ✓ [mistralai/Mixtral-8x7B-Instruct-v0.1] Temp=0.0 Rep=1 → Concordo
[2026-05-12 11:59:04,030][__main__][INFO] - ✓ [google/gemma-3-12b-it] Temp=0.0 Rep=1 → Concordo
[2026-05-12 11:59:04,203][__main__][INFO] - ✓ [mistralai/Mixtral-8x7B-Instruct-v0.1] Temp=0.0 Rep=1 → Concordo fortemente
[2026-05-12 11:59:04,221][__main__][INFO] - ✓ [google/gemma-3-12b-it] Temp=0.0 Rep=1 → Concordo fortemente
[2026-05-12 11:59:04,255][__main__][INFO] - ✓ [mistralai/Mixtral-8x7B-Instruct-v0.1] Temp=0.0 Rep=1 → Concordo
[2026-05-12 11:59:04,283][__main__][INFO] - ✓ [google/gemma-3-12b-it] Temp=0.0 Rep=1 → Discordo
[2026-05-12 11:59:04,302][__main__][INFO] - ✓ [mistralai/Mixtral-8x7B-Instruct-v0.1] Temp=0.0 Rep=1 → Concordo
[2026-05-12 11:59:04,344][__main__][INFO] - ✓ [google/gemma-3-12b-it] Temp=0.0 Rep=1 → Concordo fortemente
[2026-05-12 11:59:04,375][__main__][INFO] - ✓ [mistralai/Mixtral-8x7B-Instruct-v0.1] Temp=0.0 Rep=1 → Concordo
[2026-05-12 11:59:04,397][__main__][INFO] - ✓ [google/gemma-3-12b-it] Temp=0.0 Rep=1 → Concordo
[2026-05-12 11:59:04,398][__main__][INFO] - ✓ [google/gemma-3-12b-it] Temp=0.0 Rep=1 → Discordo
[2026-05-12 11:59:04,512][__main__][INFO] - ✓ [google/gemma-3-12b-it] Temp=0.0 Rep=1 → Neutro
[2026-05-12 11:59:04,515][__main__][INFO] - ✓ [mistralai/Mixtral-8x7B-Instruct-v0.1] Temp=0.0 Rep=1 → Discordo
[2026-05-12 11:59:04,544][__main__][INFO] - ✓ [mistralai/Mixtral-8x7B-Instruct-v0.1] Temp=0.0 Rep=1 → Neutro
[2026-05-12 11:59:04,595][__main__][INFO] - ✓ [mistralai/Mixtral-8x7B-Instruct-v0.1] Temp=0.0 Rep=1 → Concordo
[2026-05-12 11:59:04,677][__main__][INFO] - ✓ [mistralai/Mixtral-8x7B-Instruct-v0.1] Temp=0.0 Rep=1 → Discordo fortemente
[2026-05-12 11:59:04,680][__main__][INFO] - Salvamento incremental (1960 novas respostas)...
[2026-05-12 11:59:04,732][__main__][INFO] - Cache salvo com 238424 entradas
[2026-05-12 11:59:04,732][__main__][INFO] - ✓ [mistralai/Mixtral-8x7B-Instruct-v0.1] Temp=0.0 Rep=1 → Concordo
[2026-05-12 11:59:04,734][__main__][INFO] - ✓ [mistralai/Mixtral-8x7B-Instruct-v0.1] Temp=0.0 Rep=1 → Neutro
[2026-05-12 11:59:04,735][__main__][INFO] - ✓ [google/gemma-3-12b-it] Temp=0.0 Rep=1 → Concordo
[2026-05-12 11:59:04,735][__main__][INFO] - ✓ [google/gemma-3-12b-it] Temp=0.0 Rep=1 → Neutro
[2026-05-12 11:59:04,738][__main__][INFO] - ✓ [google/gemma-3-12b-it] Temp=0.0 Rep=1 → Discordo fortemente
[2026-05-12 11:59:04,912][__main__][INFO] - ✓ [mistralai/Mixtral-8x7B-Instruct-v0.1] Temp=0.0 Rep=1 → Concordo fortemente
[2026-05-12 11:59:04,941][__main__][INFO] - ✓ [google/gemma-3-12b-it] Temp=0.0 Rep=1 → Discordo fortemente
[2026-05-12 11:59:05,033][__main__][INFO] - ✓ [mistralai/Mixtral-8x7B-Instruct-v0.1] Temp=0.0 Rep=1 → Discordo
[2026-05-12 11:59:05,034][__main__][INFO] - ✓ [mistralai/Mixtral-8x7B-Instruct-v0.1] Temp=0.0 Rep=1 → Concordo fortemente
[2026-05-12 11:59:05,035][__main__][INFO] - ✓ [mistralai/Mixtral-8x7B-Instruct-v0.1] Temp=0.0 Rep=1 → Neutro
[2026-05-12 11:59:05,051][__main__][INFO] - ✓ [google/gemma-3-12b-it] Temp=0.0 Rep=1 → Neutro
[2026-05-12 11:59:05,070][__main__][INFO] - ✓ [google/gemma-3-12b-it] Temp=0.0 Rep=1 → Concordo fortemente
[2026-05-12 11:59:05,077][__main__][INFO] - ✓ [google/gemma-3-12b-it] Temp=0.0 Rep=1 → Neutro
[2026-05-12 11:59:05,179][__main__][INFO] - ✓ [google/gemma-3-12b-it] Temp=0.0 Rep=1 → Discordo
[2026-05-12 11:59:05,186][__main__][INFO] - ✓ [mistralai/Mixtral-8x7B-Instruct-v0.1] Temp=0.0 Rep=1 → Neutro
[2026-05-12 11:59:05,206][__main__][INFO] - ✓ [google/gemma-3-12b-it] Temp=0.0 Rep=1 → Concordo
[2026-05-12 11:59:05,345][__main__][INFO] - ✓ [mistralai/Mixtral-8x7B-Instruct-v0.1] Temp=0.0 Rep=1 → Discordo fortemente
[2026-05-12 11:59:05,353][__main__][INFO] - ✓ [mistralai/Mixtral-8x7B-Instruct-v0.1] Temp=0.0 Rep=1 → Concordo
[2026-05-12 11:59:05,373][__main__][INFO] - ✓ [mistralai/Mixtral-8x7B-Instruct-v0.1] Temp=0.0 Rep=1 → Neutro
[2026-05-12 11:59:05,386][__main__][INFO] - ✓ [mistralai/Mixtral-8x7B-Instruct-v0.1] Temp=0.0 Rep=1 → Neutro
[2026-05-12 11:59:05,408][__main__][INFO] - ✓ [google/gemma-3-12b-it] Temp=0.0 Rep=1 → Neutro
[2026-05-12 11:59:05,431][__main__][INFO] - ✓ [google/gemma-3-12b-it] Temp=0.0 Rep=1 → Discordo fortemente
[2026-05-12 11:59:05,433][__main__][INFO] - ✓ [google/gemma-3-12b-it] Temp=0.0 Rep=1 → Concordo
[2026-05-12 11:59:05,559][__main__][INFO] - ✓ [google/gemma-3-12b-it] Temp=0.0 Rep=1 → Neutro
[2026-05-12 11:59:05,564][__main__][INFO] - ✓ [google/gemma-3-12b-it] Temp=0.0 Rep=1 → Concordo
[2026-05-12 11:59:05,564][__main__][INFO] - ✓ [google/gemma-3-12b-it] Temp=0.0 Rep=1 → Discordo fortemente
[2026-05-12 11:59:05,644][__main__][INFO] - ✓ [mistralai/Mixtral-8x7B-Instruct-v0.1] Temp=0.0 Rep=1 → Concordo
[2026-05-12 11:59:05,661][__main__][INFO] - ✓ [mistralai/Mixtral-8x7B-Instruct-v0.1] Temp=0.0 Rep=1 → Discordo fortemente
[2026-05-12 11:59:05,675][__main__][INFO] - ✓ [mistralai/Mixtral-8x7B-Instruct-v0.1] Temp=0.0 Rep=1 → Neutro
[2026-05-12 11:59:05,701][__main__][INFO] - ✓ [google/gemma-3-12b-it] Temp=0.0 Rep=1 → Discordo
[2026-05-12 11:59:05,716][__main__][INFO] - ✓ [mistralai/Mixtral-8x7B-Instruct-v0.1] Temp=0.0 Rep=1 → Concordo fortemente
[2026-05-12 11:59:05,822][__main__][INFO] - ✓ [google/gemma-3-12b-it] Temp=0.0 Rep=1 → Neutro
[2026-05-12 11:59:05,851][__main__][INFO] - ✓ [mistralai/Mixtral-8x7B-Instruct-v0.1] Temp=0.0 Rep=1 → Discordo
[2026-05-12 11:59:05,856][__main__][INFO] - ✓ [mistralai/Mixtral-8x7B-Instruct-v0.1] Temp=0.0 Rep=1 → Neutro
[2026-05-12 11:59:05,862][__main__][INFO] - ✓ [google/gemma-3-12b-it] Temp=0.0 Rep=1 → Concordo fortemente
[2026-05-12 11:59:05,970][__main__][INFO] - ✓ [mistralai/Mixtral-8x7B-Instruct-v0.1] Temp=0.0 Rep=1 → Concordo
[2026-05-12 11:59:05,977][__main__][INFO] - ✓ [google/gemma-3-12b-it] Temp=0.0 Rep=1 → Neutro
[2026-05-12 11:59:06,085][__main__][INFO] - ✓ [mistralai/Mixtral-8x7B-Instruct-v0.1] Temp=0.0 Rep=1 → Concordo fortemente
[2026-05-12 11:59:06,086][__main__][INFO] - ✓ [mistralai/Mixtral-8x7B-Instruct-v0.1] Temp=0.0 Rep=1 → Concordo
[2026-05-12 11:59:06,092][__main__][INFO] - ✓ [google/gemma-3-12b-it] Temp=0.0 Rep=1 → Concordo fortemente
[2026-05-12 11:59:06,093][__main__][INFO] - Salvamento incremental (2000 novas respostas)...
[2026-05-12 11:59:06,154][__main__][INFO] - Cache salvo com 238464 entradas
[2026-05-12 11:59:06,154][__main__][INFO] - ✓ [google/gemma-3-12b-it] Temp=0.0 Rep=1 → Concordo
[2026-05-12 11:59:06,156][__main__][INFO] - ✓ [google/gemma-3-12b-it] Temp=0.0 Rep=1 → Neutro
[2026-05-12 11:59:06,157][__main__][INFO] - ✓ [mistralai/Mixtral-8x7B-Instruct-v0.1] Temp=0.0 Rep=1 → Discordo
[2026-05-12 11:59:06,162][__main__][INFO] - ✓ [google/gemma-3-12b-it] Temp=0.0 Rep=1 → Neutro
[2026-05-12 11:59:06,177][__main__][INFO] - ✓ [google/gemma-3-12b-it] Temp=0.0 Rep=1 → Concordo
[2026-05-12 11:59:06,227][__main__][INFO] - ✓ [mistralai/Mixtral-8x7B-Instruct-v0.1] Temp=0.0 Rep=1 → Discordo
[2026-05-12 11:59:06,284][__main__][INFO] - ✓ [mistralai/Mixtral-8x7B-Instruct-v0.1] Temp=0.0 Rep=1 → Discordo
[2026-05-12 11:59:06,439][__main__][INFO] - ✓ [mistralai/Mixtral-8x7B-Instruct-v0.1] Temp=0.0 Rep=1 → Concordo
[2026-05-12 11:59:06,456][__main__][INFO] - ✓ [mistralai/Mixtral-8x7B-Instruct-v0.1] Temp=0.0 Rep=1 → Concordo
[2026-05-12 11:59:06,463][__main__][INFO] - ✓ [mistralai/Mixtral-8x7B-Instruct-v0.1] Temp=0.0 Rep=1 → Neutro
[2026-05-12 11:59:06,484][__main__][INFO] - ✓ [google/gemma-3-12b-it] Temp=0.0 Rep=1 → Concordo
[2026-05-12 11:59:06,500][__main__][INFO] - ✓ [google/gemma-3-12b-it] Temp=0.0 Rep=1 → Concordo
[2026-05-12 11:59:06,611][__main__][INFO] - ✓ [google/gemma-3-12b-it] Temp=0.0 Rep=1 → Neutro
[2026-05-12 11:59:06,617][__main__][INFO] - ✓ [google/gemma-3-12b-it] Temp=0.0 Rep=1 → Neutro
[2026-05-12 11:59:06,618][__main__][INFO] - ✓ [mistralai/Mixtral-8x7B-Instruct-v0.1] Temp=0.0 Rep=1 → Concordo fortemente
[2026-05-12 11:59:06,619][__main__][INFO] - ✓ [google/gemma-3-12b-it] Temp=0.0 Rep=1 → Concordo
[2026-05-12 11:59:06,641][__main__][INFO] - ✓ [google/gemma-3-12b-it] Temp=0.0 Rep=1 → Neutro
[2026-05-12 11:59:06,748][__main__][INFO] - ✓ [mistralai/Mixtral-8x7B-Instruct-v0.1] Temp=0.0 Rep=1 → Concordo
[2026-05-12 11:59:06,755][__main__][INFO] - ✓ [mistralai/Mixtral-8x7B-Instruct-v0.1] Temp=0.0 Rep=1 → Concordo
[2026-05-12 11:59:06,798][__main__][INFO] - ✓ [google/gemma-3-12b-it] Temp=0.0 Rep=1 → Neutro
[2026-05-12 11:59:06,801][__main__][INFO] - ✓ [google/gemma-3-12b-it] Temp=0.0 Rep=1 → Neutro
[2026-05-12 11:59:06,908][__main__][INFO] - ✓ [mistralai/Mixtral-8x7B-Instruct-v0.1] Temp=0.0 Rep=1 → Concordo
[2026-05-12 11:59:06,926][__main__][INFO] - ✓ [mistralai/Mixtral-8x7B-Instruct-v0.1] Temp=0.0 Rep=1 → Concordo
[2026-05-12 11:59:06,934][__main__][INFO] - ✓ [mistralai/Mixtral-8x7B-Instruct-v0.1] Temp=0.0 Rep=1 → Neutro
[2026-05-12 11:59:06,951][__main__][INFO] - ✓ [google/gemma-3-12b-it] Temp=0.0 Rep=1 → Concordo
[2026-05-12 11:59:06,967][__main__][INFO] - ✓ [google/gemma-3-12b-it] Temp=0.0 Rep=1 → Neutro
[2026-05-12 11:59:07,001][__main__][INFO] - ✓ [google/gemma-3-12b-it] Temp=0.0 Rep=1 → Concordo
[2026-05-12 11:59:07,133][__main__][INFO] - ✓ [mistralai/Mixtral-8x7B-Instruct-v0.1] Temp=0.0 Rep=1 → Concordo fortemente
[2026-05-12 11:59:07,134][__main__][INFO] - ✓ [mistralai/Mixtral-8x7B-Instruct-v0.1] Temp=0.0 Rep=1 → Concordo
[2026-05-12 11:59:07,138][__main__][INFO] - ✓ [mistralai/Mixtral-8x7B-Instruct-v0.1] Temp=0.0 Rep=1 → Neutro
[2026-05-12 11:59:07,238][__main__][INFO] - ✓ [google/gemma-3-12b-it] Temp=0.0 Rep=1 → Neutro
[2026-05-12 11:59:07,246][__main__][INFO] - ✓ [mistralai/Mixtral-8x7B-Instruct-v0.1] Temp=0.0 Rep=1 → Concordo
[2026-05-12 11:59:07,297][__main__][INFO] - ✓ [google/gemma-3-12b-it] Temp=0.0 Rep=1 → Neutro
[2026-05-12 11:59:07,302][__main__][INFO] - ✓ [mistralai/Mixtral-8x7B-Instruct-v0.1] Temp=0.0 Rep=1 → Neutro
[2026-05-12 11:59:07,322][__main__][INFO] - ✓ [google/gemma-3-12b-it] Temp=0.0 Rep=1 → Neutro
[2026-05-12 11:59:07,330][__main__][INFO] - ✓ [mistralai/Mixtral-8x7B-Instruct-v0.1] Temp=0.0 Rep=1 → Neutro
[2026-05-12 11:59:07,349][__main__][INFO] - ✓ [google/gemma-3-12b-it] Temp=0.0 Rep=1 → Concordo
[2026-05-12 11:59:07,542][__main__][INFO] - ✓ [google/gemma-3-12b-it] Temp=0.0 Rep=1 → Neutro
[2026-05-12 11:59:07,564][__main__][INFO] - ✓ [google/gemma-3-12b-it] Temp=0.0 Rep=1 → Concordo
[2026-05-12 11:59:07,567][__main__][INFO] - ✓ [mistralai/Mixtral-8x7B-Instruct-v0.1] Temp=0.0 Rep=1 → Concordo
[2026-05-12 11:59:07,657][__main__][INFO] - Salvamento incremental (2040 novas respostas)...
[2026-05-12 11:59:07,707][__main__][INFO] - Cache salvo com 238504 entradas
[2026-05-12 11:59:07,707][__main__][INFO] - ✓ [mistralai/Mixtral-8x7B-Instruct-v0.1] Temp=0.0 Rep=1 → Concordo fortemente
[2026-05-12 11:59:07,709][__main__][INFO] - ✓ [mistralai/Mixtral-8x7B-Instruct-v0.1] Temp=0.0 Rep=1 → Neutro
[2026-05-12 11:59:07,709][__main__][INFO] - ✓ [google/gemma-3-12b-it] Temp=0.0 Rep=1 → Concordo
[2026-05-12 11:59:07,710][__main__][INFO] - ✓ [google/gemma-3-12b-it] Temp=0.0 Rep=1 → Neutro
[2026-05-12 11:59:07,710][__main__][INFO] - ✓ [mistralai/Mixtral-8x7B-Instruct-v0.1] Temp=0.0 Rep=1 → Neutro
[2026-05-12 11:59:07,713][__main__][INFO] - ✓ [google/gemma-3-12b-it] Temp=0.0 Rep=1 → Neutro
[2026-05-12 11:59:07,714][__main__][INFO] - ✓ [google/gemma-3-12b-it] Temp=0.0 Rep=1 → Concordo
[2026-05-12 11:59:07,824][__main__][INFO] - ✓ [mistralai/Mixtral-8x7B-Instruct-v0.1] Temp=0.0 Rep=1 → Concordo
[2026-05-12 11:59:07,930][__main__][INFO] - ✓ [mistralai/Mixtral-8x7B-Instruct-v0.1] Temp=0.0 Rep=1 → Neutro
[2026-05-12 11:59:08,021][__main__][INFO] - ✓ [mistralai/Mixtral-8x7B-Instruct-v0.1] Temp=0.0 Rep=1 → Concordo
[2026-05-12 11:59:08,033][__main__][INFO] - ✓ [mistralai/Mixtral-8x7B-Instruct-v0.1] Temp=0.0 Rep=1 → Concordo
[2026-05-12 11:59:08,035][__main__][INFO] - ✓ [mistralai/Mixtral-8x7B-Instruct-v0.1] Temp=0.0 Rep=1 → Concordo fortemente
[2026-05-12 11:59:08,068][__main__][INFO] - ✓ [google/gemma-3-12b-it] Temp=0.0 Rep=1 → Concordo
[2026-05-12 11:59:08,089][__main__][INFO] - ✓ [google/gemma-3-12b-it] Temp=0.0 Rep=1 → Neutro
[2026-05-12 11:59:08,182][__main__][INFO] - ✓ [google/gemma-3-12b-it] Temp=0.0 Rep=1 → Discordo
[2026-05-12 11:59:08,185][__main__][INFO] - ✓ [google/gemma-3-12b-it] Temp=0.0 Rep=1 → Concordo
[2026-05-12 11:59:08,242][__main__][INFO] - ✓ [google/gemma-3-12b-it] Temp=0.0 Rep=1 → Neutro
[2026-05-12 11:59:08,274][__main__][INFO] - ✓ [mistralai/Mixtral-8x7B-Instruct-v0.1] Temp=0.0 Rep=1 → Concordo fortemente
[2026-05-12 11:59:08,278][__main__][INFO] - ✓ [google/gemma-3-12b-it] Temp=0.0 Rep=1 → Concordo
[2026-05-12 11:59:08,299][__main__][INFO] - ✓ [mistralai/Mixtral-8x7B-Instruct-v0.1] Temp=0.0 Rep=1 → Concordo
[2026-05-12 11:59:08,308][__main__][INFO] - ✓ [mistralai/Mixtral-8x7B-Instruct-v0.1] Temp=0.0 Rep=1 → Neutro
[2026-05-12 11:59:08,349][__main__][INFO] - ✓ [google/gemma-3-12b-it] Temp=0.0 Rep=1 → Neutro
[2026-05-12 11:59:08,460][__main__][INFO] - ✓ [mistralai/Mixtral-8x7B-Instruct-v0.1] Temp=0.0 Rep=1 → Concordo
[2026-05-12 11:59:08,466][__main__][INFO] - ✓ [google/gemma-3-12b-it] Temp=0.0 Rep=1 → Neutro
[2026-05-12 11:59:08,471][__main__][INFO] - ✓ [google/gemma-3-12b-it] Temp=0.0 Rep=1 → Neutro
[2026-05-12 11:59:08,498][__main__][INFO] - ✓ [mistralai/Mixtral-8x7B-Instruct-v0.1] Temp=0.0 Rep=1 → Neutro
[2026-05-12 11:59:08,524][__main__][INFO] - ✓ [mistralai/Mixtral-8x7B-Instruct-v0.1] Temp=0.0 Rep=1 → Neutro
[2026-05-12 11:59:08,704][__main__][INFO] - ✓ [mistralai/Mixtral-8x7B-Instruct-v0.1] Temp=0.0 Rep=1 → Concordo fortemente
[2026-05-12 11:59:08,705][__main__][INFO] - ✓ [mistralai/Mixtral-8x7B-Instruct-v0.1] Temp=0.0 Rep=1 → Concordo
[2026-05-12 11:59:08,809][__main__][INFO] - ✓ [mistralai/Mixtral-8x7B-Instruct-v0.1] Temp=0.0 Rep=1 → Discordo fortemente
[2026-05-12 11:59:08,828][__main__][INFO] - ✓ [google/gemma-3-12b-it] Temp=0.0 Rep=1 → Concordo fortemente
[2026-05-12 11:59:08,860][__main__][INFO] - ✓ [google/gemma-3-12b-it] Temp=0.0 Rep=1 → Discordo fortemente
[2026-05-12 11:59:08,896][__main__][INFO] - ✓ [google/gemma-3-12b-it] Temp=0.0 Rep=1 → Discordo
[2026-05-12 11:59:08,915][__main__][INFO] - ✓ [google/gemma-3-12b-it] Temp=0.0 Rep=1 → Concordo fortemente
[2026-05-12 11:59:08,952][__main__][INFO] - ✓ [google/gemma-3-12b-it] Temp=0.0 Rep=1 → Concordo
[2026-05-12 11:59:08,958][__main__][INFO] - ✓ [google/gemma-3-12b-it] Temp=0.0 Rep=1 → Neutro
[2026-05-12 11:59:09,004][__main__][INFO] - ✓ [mistralai/Mixtral-8x7B-Instruct-v0.1] Temp=0.0 Rep=1 → Concordo
[2026-05-12 11:59:09,015][__main__][INFO] - ✓ [mistralai/Mixtral-8x7B-Instruct-v0.1] Temp=0.0 Rep=1 → Neutro
[2026-05-12 11:59:09,021][__main__][INFO] - ✓ [mistralai/Mixtral-8x7B-Instruct-v0.1] Temp=0.0 Rep=1 → Concordo
[2026-05-12 11:59:09,232][__main__][INFO] - ✓ [google/gemma-3-12b-it] Temp=0.0 Rep=1 → Concordo
[2026-05-12 11:59:09,236][__main__][INFO] - Salvamento incremental (2080 novas respostas)...
[2026-05-12 11:59:09,287][__main__][INFO] - Cache salvo com 238544 entradas
[2026-05-12 11:59:09,288][__main__][INFO] - ✓ [google/gemma-3-12b-it] Temp=0.0 Rep=1 → Discordo
[2026-05-12 11:59:09,288][__main__][INFO] - ✓ [mistralai/Mixtral-8x7B-Instruct-v0.1] Temp=0.0 Rep=1 → Concordo
[2026-05-12 11:59:09,288][__main__][INFO] - ✓ [mistralai/Mixtral-8x7B-Instruct-v0.1] Temp=0.0 Rep=1 → Discordo fortemente
[2026-05-12 11:59:09,289][__main__][INFO] - ✓ [google/gemma-3-12b-it] Temp=0.0 Rep=1 → Neutro
[2026-05-12 11:59:09,292][__main__][INFO] - ✓ [mistralai/Mixtral-8x7B-Instruct-v0.1] Temp=0.0 Rep=1 → Neutro
[2026-05-12 11:59:09,315][__main__][INFO] - ✓ [mistralai/Mixtral-8x7B-Instruct-v0.1] Temp=0.0 Rep=1 → Discordo fortemente
[2026-05-12 11:59:09,368][__main__][INFO] - ✓ [google/gemma-3-12b-it] Temp=0.0 Rep=1 → Discordo
[2026-05-12 11:59:09,384][__main__][INFO] - ✓ [google/gemma-3-12b-it] Temp=0.0 Rep=1 → Neutro
[2026-05-12 11:59:09,437][__main__][INFO] - ✓ [google/gemma-3-12b-it] Temp=0.0 Rep=1 → Concordo
[2026-05-12 11:59:09,641][__main__][INFO] - ✓ [google/gemma-3-12b-it] Temp=0.0 Rep=1 → Concordo
[2026-05-12 11:59:09,644][__main__][INFO] - ✓ [mistralai/Mixtral-8x7B-Instruct-v0.1] Temp=0.0 Rep=1 → Concordo
[2026-05-12 11:59:09,753][__main__][INFO] - ✓ [mistralai/Mixtral-8x7B-Instruct-v0.1] Temp=0.0 Rep=1 → Concordo
[2026-05-12 11:59:09,761][__main__][INFO] - ✓ [google/gemma-3-12b-it] Temp=0.0 Rep=1 → Discordo fortemente
[2026-05-12 11:59:09,761][__main__][INFO] - ✓ [mistralai/Mixtral-8x7B-Instruct-v0.1] Temp=0.0 Rep=1 → Concordo fortemente
[2026-05-12 11:59:09,762][__main__][INFO] - ✓ [mistralai/Mixtral-8x7B-Instruct-v0.1] Temp=0.0 Rep=1 → Concordo
[2026-05-12 11:59:09,763][__main__][INFO] - ✓ [google/gemma-3-12b-it] Temp=0.0 Rep=1 → Concordo fortemente
[2026-05-12 11:59:09,763][__main__][INFO] - ✓ [google/gemma-3-12b-it] Temp=0.0 Rep=1 → Concordo
[2026-05-12 11:59:09,764][__main__][INFO] - ✓ [google/gemma-3-12b-it] Temp=0.0 Rep=1 → Discordo
[2026-05-12 11:59:09,872][__main__][INFO] - ✓ [mistralai/Mixtral-8x7B-Instruct-v0.1] Temp=0.0 Rep=1 → Neutro
[2026-05-12 11:59:09,932][__main__][INFO] - ✓ [mistralai/Mixtral-8x7B-Instruct-v0.1] Temp=0.0 Rep=1 → Concordo fortemente
[2026-05-12 11:59:09,986][__main__][INFO] - ✓ [google/gemma-3-12b-it] Temp=0.0 Rep=1 → Concordo
[2026-05-12 11:59:10,054][__main__][INFO] - ✓ [mistralai/Mixtral-8x7B-Instruct-v0.1] Temp=0.0 Rep=1 → Concordo
[2026-05-12 11:59:10,067][__main__][INFO] - ✓ [mistralai/Mixtral-8x7B-Instruct-v0.1] Temp=0.0 Rep=1 → Discordo fortemente
[2026-05-12 11:59:10,071][__main__][INFO] - ✓ [mistralai/Mixtral-8x7B-Instruct-v0.1] Temp=0.0 Rep=1 → Concordo
[2026-05-12 11:59:10,072][__main__][INFO] - ✓ [mistralai/Mixtral-8x7B-Instruct-v0.1] Temp=0.0 Rep=1 → Concordo
[2026-05-12 11:59:10,094][__main__][INFO] - ✓ [google/gemma-3-12b-it] Temp=0.0 Rep=1 → Discordo
[2026-05-12 11:59:10,127][__main__][INFO] - ✓ [google/gemma-3-12b-it] Temp=0.0 Rep=1 → Concordo
[2026-05-12 11:59:10,175][__main__][INFO] - ✓ [mistralai/Mixtral-8x7B-Instruct-v0.1] Temp=0.0 Rep=1 → Neutro
[2026-05-12 11:59:10,284][__main__][INFO] - ✓ [google/gemma-3-12b-it] Temp=0.0 Rep=1 → Concordo fortemente
[2026-05-12 11:59:10,311][__main__][INFO] - ✓ [google/gemma-3-12b-it] Temp=0.0 Rep=1 → Neutro
[2026-05-12 11:59:10,317][__main__][INFO] - ✓ [google/gemma-3-12b-it] Temp=0.0 Rep=1 → Discordo fortemente
[2026-05-12 11:59:10,345][__main__][INFO] - ✓ [mistralai/Mixtral-8x7B-Instruct-v0.1] Temp=0.0 Rep=1 → Discordo
[2026-05-12 11:59:10,356][__main__][INFO] - ✓ [mistralai/Mixtral-8x7B-Instruct-v0.1] Temp=0.0 Rep=1 → Neutro
[2026-05-12 11:59:10,375][__main__][INFO] - ✓ [mistralai/Mixtral-8x7B-Instruct-v0.1] Temp=0.0 Rep=1 → Concordo fortemente
[2026-05-12 11:59:10,378][__main__][INFO] - ✓ [google/gemma-3-12b-it] Temp=0.0 Rep=1 → Neutro
[2026-05-12 11:59:10,552][__main__][INFO] - ✓ [google/gemma-3-12b-it] Temp=0.0 Rep=1 → Neutro
[2026-05-12 11:59:10,554][__main__][INFO] - ✓ [google/gemma-3-12b-it] Temp=0.0 Rep=1 → Concordo fortemente
[2026-05-12 11:59:10,589][__main__][INFO] - ✓ [mistralai/Mixtral-8x7B-Instruct-v0.1] Temp=0.0 Rep=1 → Concordo fortemente
[2026-05-12 11:59:10,608][__main__][INFO] - ✓ [mistralai/Mixtral-8x7B-Instruct-v0.1] Temp=0.0 Rep=1 → Neutro
[2026-05-12 11:59:10,612][__main__][INFO] - ✓ [google/gemma-3-12b-it] Temp=0.0 Rep=1 → Concordo
[2026-05-12 11:59:10,622][__main__][INFO] - Salvamento incremental (2120 novas respostas)...
[2026-05-12 11:59:10,670][__main__][INFO] - Cache salvo com 238584 entradas
[2026-05-12 11:59:10,670][__main__][INFO] - ✓ [mistralai/Mixtral-8x7B-Instruct-v0.1] Temp=0.0 Rep=1 → Neutro
[2026-05-12 11:59:10,672][__main__][INFO] - ✓ [mistralai/Mixtral-8x7B-Instruct-v0.1] Temp=0.0 Rep=1 → Discordo fortemente
[2026-05-12 11:59:10,800][__main__][INFO] - ✓ [google/gemma-3-12b-it] Temp=0.0 Rep=1 → Discordo
[2026-05-12 11:59:10,802][__main__][INFO] - ✓ [google/gemma-3-12b-it] Temp=0.0 Rep=1 → Neutro
[2026-05-12 11:59:10,802][__main__][INFO] - ✓ [google/gemma-3-12b-it] Temp=0.0 Rep=1 → Concordo
[2026-05-12 11:59:10,881][__main__][INFO] - ✓ [mistralai/Mixtral-8x7B-Instruct-v0.1] Temp=0.0 Rep=1 → Neutro
[2026-05-12 11:59:10,890][__main__][INFO] - ✓ [google/gemma-3-12b-it] Temp=0.0 Rep=1 → Neutro
[2026-05-12 11:59:10,944][__main__][INFO] - ✓ [mistralai/Mixtral-8x7B-Instruct-v0.1] Temp=0.0 Rep=1 → Concordo
[2026-05-12 11:59:10,988][__main__][INFO] - ✓ [google/gemma-3-12b-it] Temp=0.0 Rep=1 → Discordo fortemente
[2026-05-12 11:59:10,996][__main__][INFO] - ✓ [google/gemma-3-12b-it] Temp=0.0 Rep=1 → Concordo
[2026-05-12 11:59:11,100][__main__][INFO] - ✓ [mistralai/Mixtral-8x7B-Instruct-v0.1] Temp=0.0 Rep=1 → Neutro
[2026-05-12 11:59:11,129][__main__][INFO] - ✓ [google/gemma-3-12b-it] Temp=0.0 Rep=1 → Concordo fortemente
[2026-05-12 11:59:11,202][__main__][INFO] - ✓ [google/gemma-3-12b-it] Temp=0.0 Rep=1 → Neutro
[2026-05-12 11:59:11,221][__main__][INFO] - ✓ [mistralai/Mixtral-8x7B-Instruct-v0.1] Temp=0.0 Rep=1 → Concordo fortemente
[2026-05-12 11:59:11,231][__main__][INFO] - ✓ [mistralai/Mixtral-8x7B-Instruct-v0.1] Temp=0.0 Rep=1 → Discordo
[2026-05-12 11:59:11,234][__main__][INFO] - ✓ [mistralai/Mixtral-8x7B-Instruct-v0.1] Temp=0.0 Rep=1 → Concordo
[2026-05-12 11:59:11,326][__main__][INFO] - ✓ [mistralai/Mixtral-8x7B-Instruct-v0.1] Temp=0.0 Rep=1 → Discordo fortemente
[2026-05-12 11:59:11,329][__main__][INFO] - ✓ [google/gemma-3-12b-it] Temp=0.0 Rep=1 → Concordo
[2026-05-12 11:59:11,330][__main__][INFO] - ✓ [mistralai/Mixtral-8x7B-Instruct-v0.1] Temp=0.0 Rep=1 → Neutro
[2026-05-12 11:59:11,538][__main__][INFO] - ✓ [google/gemma-3-12b-it] Temp=0.0 Rep=1 → Neutro
[2026-05-12 11:59:11,579][__main__][INFO] - ✓ [google/gemma-3-12b-it] Temp=0.0 Rep=1 → Concordo
[2026-05-12 11:59:11,610][__main__][INFO] - ✓ [mistralai/Mixtral-8x7B-Instruct-v0.1] Temp=0.0 Rep=1 → Concordo
[2026-05-12 11:59:11,615][__main__][INFO] - ✓ [mistralai/Mixtral-8x7B-Instruct-v0.1] Temp=0.0 Rep=1 → Concordo
[2026-05-12 11:59:11,620][__main__][INFO] - ✓ [mistralai/Mixtral-8x7B-Instruct-v0.1] Temp=0.0 Rep=1 → Concordo
[2026-05-12 11:59:11,622][__main__][INFO] - ✓ [mistralai/Mixtral-8x7B-Instruct-v0.1] Temp=0.0 Rep=1 → Concordo
[2026-05-12 11:59:11,720][__main__][INFO] - ✓ [google/gemma-3-12b-it] Temp=0.0 Rep=1 → Concordo
[2026-05-12 11:59:11,732][__main__][INFO] - ✓ [google/gemma-3-12b-it] Temp=0.0 Rep=1 → Concordo
[2026-05-12 11:59:11,752][__main__][INFO] - ✓ [google/gemma-3-12b-it] Temp=0.0 Rep=1 → Concordo
[2026-05-12 11:59:11,870][__main__][INFO] - ✓ [mistralai/Mixtral-8x7B-Instruct-v0.1] Temp=0.0 Rep=1 → Concordo
[2026-05-12 11:59:11,875][__main__][INFO] - ✓ [google/gemma-3-12b-it] Temp=0.0 Rep=1 → Concordo
[2026-05-12 11:59:11,884][__main__][INFO] - ✓ [mistralai/Mixtral-8x7B-Instruct-v0.1] Temp=0.0 Rep=1 → Concordo
[2026-05-12 11:59:11,888][__main__][INFO] - ✓ [mistralai/Mixtral-8x7B-Instruct-v0.1] Temp=0.0 Rep=1 → Concordo
[2026-05-12 11:59:11,939][__main__][INFO] - ✓ [google/gemma-3-12b-it] Temp=0.0 Rep=1 → Concordo
[2026-05-12 11:59:11,943][__main__][INFO] - ✓ [google/gemma-3-12b-it] Temp=0.0 Rep=1 → Concordo
[2026-05-12 11:59:11,979][__main__][INFO] - ✓ [google/gemma-3-12b-it] Temp=0.0 Rep=1 → Concordo
[2026-05-12 11:59:12,039][__main__][INFO] - ✓ [mistralai/Mixtral-8x7B-Instruct-v0.1] Temp=0.0 Rep=1 → Concordo
[2026-05-12 11:59:12,046][__main__][INFO] - ✓ [mistralai/Mixtral-8x7B-Instruct-v0.1] Temp=0.0 Rep=1 → Concordo
[2026-05-12 11:59:12,060][__main__][INFO] - ✓ [google/gemma-3-12b-it] Temp=0.0 Rep=1 → Concordo
[2026-05-12 11:59:12,196][__main__][INFO] - ✓ [mistralai/Mixtral-8x7B-Instruct-v0.1] Temp=0.0 Rep=1 → Concordo
[2026-05-12 11:59:12,235][__main__][INFO] - ✓ [mistralai/Mixtral-8x7B-Instruct-v0.1] Temp=0.0 Rep=1 → Concordo
[2026-05-12 11:59:12,238][__main__][INFO] - Salvamento incremental (2160 novas respostas)...
[2026-05-12 11:59:12,290][__main__][INFO] - Cache salvo com 238624 entradas
[2026-05-12 11:59:12,290][__main__][INFO] - ✓ [mistralai/Mixtral-8x7B-Instruct-v0.1] Temp=0.0 Rep=1 → Concordo
[2026-05-12 11:59:12,374][__main__][INFO] - ✓ [google/gemma-3-12b-it] Temp=0.0 Rep=1 → Concordo
[2026-05-12 11:59:12,376][__main__][INFO] - ✓ [google/gemma-3-12b-it] Temp=0.0 Rep=1 → Concordo
[2026-05-12 11:59:12,376][__main__][INFO] - ✓ [google/gemma-3-12b-it] Temp=0.0 Rep=1 → Concordo
[2026-05-12 11:59:12,377][__main__][INFO] - ✓ [mistralai/Mixtral-8x7B-Instruct-v0.1] Temp=0.0 Rep=1 → Concordo
[2026-05-12 11:59:12,377][__main__][INFO] - ✓ [mistralai/Mixtral-8x7B-Instruct-v0.1] Temp=0.0 Rep=1 → Concordo
[2026-05-12 11:59:12,377][__main__][INFO] - ✓ [google/gemma-3-12b-it] Temp=0.0 Rep=1 → Concordo
[2026-05-12 11:59:12,397][__main__][INFO] - ✓ [google/gemma-3-12b-it] Temp=0.0 Rep=1 → Concordo
[2026-05-12 11:59:12,480][__main__][INFO] - ✓ [mistralai/Mixtral-8x7B-Instruct-v0.1] Temp=0.0 Rep=1 → Concordo
[2026-05-12 11:59:12,661][__main__][INFO] - ✓ [mistralai/Mixtral-8x7B-Instruct-v0.1] Temp=0.0 Rep=1 → Concordo
[2026-05-12 11:59:12,672][__main__][INFO] - ✓ [mistralai/Mixtral-8x7B-Instruct-v0.1] Temp=0.0 Rep=1 → Concordo
[2026-05-12 11:59:12,678][__main__][INFO] - ✓ [mistralai/Mixtral-8x7B-Instruct-v0.1] Temp=0.0 Rep=1 → Neutro
[2026-05-12 11:59:12,687][__main__][INFO] - ✓ [google/gemma-3-12b-it] Temp=0.0 Rep=1 → Concordo
[2026-05-12 11:59:12,737][__main__][INFO] - ✓ [google/gemma-3-12b-it] Temp=0.0 Rep=1 → Neutro
[2026-05-12 11:59:12,738][__main__][INFO] - ✓ [google/gemma-3-12b-it] Temp=0.0 Rep=1 → Concordo
[2026-05-12 11:59:12,742][__main__][INFO] - ✓ [google/gemma-3-12b-it] Temp=0.0 Rep=1 → Concordo
[2026-05-12 11:59:12,751][__main__][INFO] - ✓ [google/gemma-3-12b-it] Temp=0.0 Rep=1 → Concordo
[2026-05-12 11:59:12,753][__main__][INFO] - ✓ [google/gemma-3-12b-it] Temp=0.0 Rep=1 → Concordo
[2026-05-12 11:59:12,755][__main__][INFO] - ✓ [mistralai/Mixtral-8x7B-Instruct-v0.1] Temp=0.0 Rep=1 → Concordo
[2026-05-12 11:59:12,928][__main__][INFO] - ✓ [mistralai/Mixtral-8x7B-Instruct-v0.1] Temp=0.0 Rep=1 → Concordo
[2026-05-12 11:59:12,950][__main__][INFO] - ✓ [mistralai/Mixtral-8x7B-Instruct-v0.1] Temp=0.0 Rep=1 → Concordo
[2026-05-12 11:59:12,998][__main__][INFO] - ✓ [google/gemma-3-12b-it] Temp=0.0 Rep=1 → Concordo
[2026-05-12 11:59:13,028][__main__][INFO] - ✓ [mistralai/Mixtral-8x7B-Instruct-v0.1] Temp=0.0 Rep=1 → Discordo
[2026-05-12 11:59:13,046][__main__][INFO] - ✓ [mistralai/Mixtral-8x7B-Instruct-v0.1] Temp=0.0 Rep=1 → Concordo
[2026-05-12 11:59:13,052][__main__][INFO] - ✓ [mistralai/Mixtral-8x7B-Instruct-v0.1] Temp=0.0 Rep=1 → Neutro
[2026-05-12 11:59:13,076][__main__][INFO] - ✓ [google/gemma-3-12b-it] Temp=0.0 Rep=1 → Neutro
[2026-05-12 11:59:13,105][__main__][INFO] - ✓ [google/gemma-3-12b-it] Temp=0.0 Rep=1 → Concordo
[2026-05-12 11:59:13,123][__main__][INFO] - ✓ [google/gemma-3-12b-it] Temp=0.0 Rep=1 → Neutro
[2026-05-12 11:59:13,225][__main__][INFO] - ✓ [google/gemma-3-12b-it] Temp=0.0 Rep=1 → Neutro
[2026-05-12 11:59:13,231][__main__][INFO] - ✓ [mistralai/Mixtral-8x7B-Instruct-v0.1] Temp=0.0 Rep=1 → Concordo
[2026-05-12 11:59:13,296][__main__][INFO] - ✓ [mistralai/Mixtral-8x7B-Instruct-v0.1] Temp=0.0 Rep=1 → Concordo
[2026-05-12 11:59:13,427][__main__][INFO] - ✓ [mistralai/Mixtral-8x7B-Instruct-v0.1] Temp=0.0 Rep=1 → Neutro
[2026-05-12 11:59:13,427][__main__][INFO] - ✓ [mistralai/Mixtral-8x7B-Instruct-v0.1] Temp=0.0 Rep=1 → Concordo
[2026-05-12 11:59:13,433][__main__][INFO] - ✓ [google/gemma-3-12b-it] Temp=0.0 Rep=1 → Concordo
[2026-05-12 11:59:13,434][__main__][INFO] - ✓ [mistralai/Mixtral-8x7B-Instruct-v0.1] Temp=0.0 Rep=1 → Neutro
[2026-05-12 11:59:13,434][__main__][INFO] - ✓ [google/gemma-3-12b-it] Temp=0.0 Rep=1 → Neutro
[2026-05-12 11:59:13,438][__main__][INFO] - ✓ [google/gemma-3-12b-it] Temp=0.0 Rep=1 → Neutro
[2026-05-12 11:59:13,523][__main__][INFO] - ✓ [mistralai/Mixtral-8x7B-Instruct-v0.1] Temp=0.0 Rep=1 → Neutro
[2026-05-12 11:59:13,539][__main__][INFO] - ✓ [google/gemma-3-12b-it] Temp=0.0 Rep=1 → Neutro
[2026-05-12 11:59:13,606][__main__][INFO] - ✓ [google/gemma-3-12b-it] Temp=0.0 Rep=1 → Concordo
[2026-05-12 11:59:13,634][__main__][INFO] - Salvamento incremental (2200 novas respostas)...
[2026-05-12 11:59:13,686][__main__][INFO] - Cache salvo com 238664 entradas
[2026-05-12 11:59:13,686][__main__][INFO] - ✓ [google/gemma-3-12b-it] Temp=0.0 Rep=1 → Concordo
[2026-05-12 11:59:13,703][__main__][INFO] - ✓ [mistralai/Mixtral-8x7B-Instruct-v0.1] Temp=0.0 Rep=1 → Concordo
[2026-05-12 11:59:13,736][__main__][INFO] - ✓ [mistralai/Mixtral-8x7B-Instruct-v0.1] Temp=0.0 Rep=1 → Neutro
[2026-05-12 11:59:13,741][__main__][INFO] - ✓ [mistralai/Mixtral-8x7B-Instruct-v0.1] Temp=0.0 Rep=1 → Neutro
[2026-05-12 11:59:13,762][__main__][INFO] - ✓ [google/gemma-3-12b-it] Temp=0.0 Rep=1 → Neutro
[2026-05-12 11:59:13,813][__main__][INFO] - ✓ [mistralai/Mixtral-8x7B-Instruct-v0.1] Temp=0.0 Rep=1 → Concordo
[2026-05-12 11:59:13,833][__main__][INFO] - ✓ [google/gemma-3-12b-it] Temp=0.0 Rep=1 → Neutro
[2026-05-12 11:59:13,950][__main__][INFO] - ✓ [google/gemma-3-12b-it] Temp=0.0 Rep=1 → Neutro
[2026-05-12 11:59:13,953][__main__][INFO] - ✓ [google/gemma-3-12b-it] Temp=0.0 Rep=1 → Concordo
[2026-05-12 11:59:13,989][__main__][INFO] - ✓ [mistralai/Mixtral-8x7B-Instruct-v0.1] Temp=0.0 Rep=1 → Neutro
[2026-05-12 11:59:13,993][__main__][INFO] - ✓ [google/gemma-3-12b-it] Temp=0.0 Rep=1 → Neutro
[2026-05-12 11:59:14,012][__main__][INFO] - ✓ [google/gemma-3-12b-it] Temp=0.0 Rep=1 → Neutro
[2026-05-12 11:59:14,014][__main__][INFO] - ✓ [mistralai/Mixtral-8x7B-Instruct-v0.1] Temp=0.0 Rep=1 → Neutro
[2026-05-12 11:59:14,025][__main__][INFO] - ✓ [mistralai/Mixtral-8x7B-Instruct-v0.1] Temp=0.0 Rep=1 → Concordo fortemente
[2026-05-12 11:59:14,045][__main__][INFO] - ✓ [google/gemma-3-12b-it] Temp=0.0 Rep=1 → Concordo
[2026-05-12 11:59:14,112][__main__][INFO] - ✓ [mistralai/Mixtral-8x7B-Instruct-v0.1] Temp=0.0 Rep=1 → Concordo fortemente
[2026-05-12 11:59:14,144][__main__][INFO] - ✓ [mistralai/Mixtral-8x7B-Instruct-v0.1] Temp=0.0 Rep=1 → Concordo fortemente
[2026-05-12 11:59:14,291][__main__][INFO] - ✓ [mistralai/Mixtral-8x7B-Instruct-v0.1] Temp=0.0 Rep=1 → Neutro
[2026-05-12 11:59:14,298][__main__][INFO] - ✓ [mistralai/Mixtral-8x7B-Instruct-v0.1] Temp=0.0 Rep=1 → Concordo
[2026-05-12 11:59:14,304][__main__][INFO] - ✓ [google/gemma-3-12b-it] Temp=0.0 Rep=1 → Concordo
[2026-05-12 11:59:14,313][__main__][INFO] - ✓ [mistralai/Mixtral-8x7B-Instruct-v0.1] Temp=0.0 Rep=1 → Concordo
[2026-05-12 11:59:14,338][__main__][INFO] - ✓ [google/gemma-3-12b-it] Temp=0.0 Rep=1 → Concordo
[2026-05-12 11:59:14,356][__main__][INFO] - ✓ [google/gemma-3-12b-it] Temp=0.0 Rep=1 → Concordo
[2026-05-12 11:59:14,473][__main__][INFO] - ✓ [google/gemma-3-12b-it] Temp=0.0 Rep=1 → Concordo fortemente
[2026-05-12 11:59:14,476][__main__][INFO] - ✓ [mistralai/Mixtral-8x7B-Instruct-v0.1] Temp=0.0 Rep=1 → Concordo fortemente
[2026-05-12 11:59:14,479][__main__][INFO] - ✓ [google/gemma-3-12b-it] Temp=0.0 Rep=1 → Neutro
[2026-05-12 11:59:14,543][__main__][INFO] - ✓ [google/gemma-3-12b-it] Temp=0.0 Rep=1 → Concordo
[2026-05-12 11:59:14,594][__main__][INFO] - ✓ [mistralai/Mixtral-8x7B-Instruct-v0.1] Temp=0.0 Rep=1 → Concordo fortemente
[2026-05-12 11:59:14,598][__main__][INFO] - ✓ [mistralai/Mixtral-8x7B-Instruct-v0.1] Temp=0.0 Rep=1 → Concordo fortemente
[2026-05-12 11:59:14,650][__main__][INFO] - ✓ [google/gemma-3-12b-it] Temp=0.0 Rep=1 → Concordo
[2026-05-12 11:59:14,666][__main__][INFO] - ✓ [mistralai/Mixtral-8x7B-Instruct-v0.1] Temp=0.0 Rep=1 → Concordo fortemente
[2026-05-12 11:59:14,743][__main__][INFO] - ✓ [google/gemma-3-12b-it] Temp=0.0 Rep=1 → Concordo
[2026-05-12 11:59:14,746][__main__][INFO] - ✓ [google/gemma-3-12b-it] Temp=0.0 Rep=1 → Concordo
[2026-05-12 11:59:14,799][__main__][INFO] - ✓ [mistralai/Mixtral-8x7B-Instruct-v0.1] Temp=0.0 Rep=1 → Concordo fortemente
[2026-05-12 11:59:14,832][__main__][INFO] - ✓ [google/gemma-3-12b-it] Temp=0.0 Rep=1 → Concordo
[2026-05-12 11:59:14,849][__main__][INFO] - ✓ [mistralai/Mixtral-8x7B-Instruct-v0.1] Temp=0.0 Rep=1 → Concordo fortemente
[2026-05-12 11:59:14,884][__main__][INFO] - ✓ [google/gemma-3-12b-it] Temp=0.0 Rep=1 → Concordo
[2026-05-12 11:59:14,898][__main__][INFO] - ✓ [google/gemma-3-12b-it] Temp=0.0 Rep=1 → Neutro
[2026-05-12 11:59:14,997][__main__][INFO] - ✓ [mistralai/Mixtral-8x7B-Instruct-v0.1] Temp=0.0 Rep=1 → Concordo
[2026-05-12 11:59:15,000][__main__][INFO] - ✓ [mistralai/Mixtral-8x7B-Instruct-v0.1] Temp=0.0 Rep=1 → Concordo
[2026-05-12 11:59:15,054][__main__][INFO] - Salvamento incremental (2240 novas respostas)...
[2026-05-12 11:59:15,120][__main__][INFO] - Cache salvo com 238704 entradas
[2026-05-12 11:59:15,120][__main__][INFO] - ✓ [google/gemma-3-12b-it] Temp=0.0 Rep=1 → Concordo
[2026-05-12 11:59:15,121][__main__][INFO] - ✓ [google/gemma-3-12b-it] Temp=0.0 Rep=1 → Concordo
[2026-05-12 11:59:15,128][__main__][INFO] - ✓ [mistralai/Mixtral-8x7B-Instruct-v0.1] Temp=0.0 Rep=1 → Concordo
[2026-05-12 11:59:15,133][__main__][INFO] - ✓ [mistralai/Mixtral-8x7B-Instruct-v0.1] Temp=0.0 Rep=1 → Concordo
[2026-05-12 11:59:15,167][__main__][INFO] - ✓ [mistralai/Mixtral-8x7B-Instruct-v0.1] Temp=0.0 Rep=1 → Concordo
[2026-05-12 11:59:15,198][__main__][INFO] - ✓ [google/gemma-3-12b-it] Temp=0.0 Rep=1 → Concordo
[2026-05-12 11:59:15,203][__main__][INFO] - ✓ [google/gemma-3-12b-it] Temp=0.0 Rep=1 → Neutro
[2026-05-12 11:59:15,276][__main__][INFO] - ✓ [google/gemma-3-12b-it] Temp=0.0 Rep=1 → Neutro
[2026-05-12 11:59:15,298][__main__][INFO] - ✓ [google/gemma-3-12b-it] Temp=0.0 Rep=1 → Neutro
[2026-05-12 11:59:15,353][__main__][INFO] - ✓ [mistralai/Mixtral-8x7B-Instruct-v0.1] Temp=0.0 Rep=1 → Neutro
[2026-05-12 11:59:15,402][__main__][INFO] - ✓ [mistralai/Mixtral-8x7B-Instruct-v0.1] Temp=0.0 Rep=1 → Neutro
[2026-05-12 11:59:15,405][__main__][INFO] - ✓ [mistralai/Mixtral-8x7B-Instruct-v0.1] Temp=0.0 Rep=1 → Concordo fortemente
[2026-05-12 11:59:15,413][__main__][INFO] - ✓ [mistralai/Mixtral-8x7B-Instruct-v0.1] Temp=0.0 Rep=1 → Concordo fortemente
[2026-05-12 11:59:15,424][__main__][INFO] - ✓ [google/gemma-3-12b-it] Temp=0.0 Rep=1 → Neutro
[2026-05-12 11:59:15,520][__main__][INFO] - ✓ [mistralai/Mixtral-8x7B-Instruct-v0.1] Temp=0.0 Rep=1 → Concordo
[2026-05-12 11:59:15,522][__main__][INFO] - ✓ [google/gemma-3-12b-it] Temp=0.0 Rep=1 → Neutro
[2026-05-12 11:59:15,539][__main__][INFO] - ✓ [mistralai/Mixtral-8x7B-Instruct-v0.1] Temp=0.0 Rep=1 → Concordo fortemente
[2026-05-12 11:59:15,545][__main__][INFO] - ✓ [google/gemma-3-12b-it] Temp=0.0 Rep=1 → Neutro
[2026-05-12 11:59:15,669][__main__][INFO] - ✓ [mistralai/Mixtral-8x7B-Instruct-v0.1] Temp=0.0 Rep=1 → Neutro
[2026-05-12 11:59:15,673][__main__][INFO] - ✓ [mistralai/Mixtral-8x7B-Instruct-v0.1] Temp=0.0 Rep=1 → Concordo
[2026-05-12 11:59:15,695][__main__][INFO] - ✓ [google/gemma-3-12b-it] Temp=0.0 Rep=1 → Neutro
[2026-05-12 11:59:15,723][__main__][INFO] - ✓ [google/gemma-3-12b-it] Temp=0.0 Rep=1 → Neutro
[2026-05-12 11:59:15,730][__main__][INFO] - ✓ [google/gemma-3-12b-it] Temp=0.0 Rep=1 → Neutro
[2026-05-12 11:59:15,800][__main__][INFO] - ✓ [mistralai/Mixtral-8x7B-Instruct-v0.1] Temp=0.0 Rep=1 → Neutro
[2026-05-12 11:59:15,830][__main__][INFO] - ✓ [google/gemma-3-12b-it] Temp=0.0 Rep=1 → Neutro
[2026-05-12 11:59:15,847][__main__][INFO] - ✓ [google/gemma-3-12b-it] Temp=0.0 Rep=1 → Neutro
[2026-05-12 11:59:15,878][__main__][INFO] - ✓ [google/gemma-3-12b-it] Temp=0.0 Rep=1 → Concordo
[2026-05-12 11:59:15,950][__main__][INFO] - ✓ [mistralai/Mixtral-8x7B-Instruct-v0.1] Temp=0.0 Rep=1 → Concordo fortemente
[2026-05-12 11:59:16,046][__main__][INFO] - ✓ [mistralai/Mixtral-8x7B-Instruct-v0.1] Temp=0.0 Rep=1 → Neutro
[2026-05-12 11:59:16,047][__main__][INFO] - ✓ [google/gemma-3-12b-it] Temp=0.0 Rep=1 → Concordo
[2026-05-12 11:59:16,050][__main__][INFO] - ✓ [mistralai/Mixtral-8x7B-Instruct-v0.1] Temp=0.0 Rep=1 → Concordo
[2026-05-12 11:59:16,056][__main__][INFO] - ✓ [google/gemma-3-12b-it] Temp=0.0 Rep=1 → Neutro
[2026-05-12 11:59:16,092][__main__][INFO] - ✓ [mistralai/Mixtral-8x7B-Instruct-v0.1] Temp=0.0 Rep=1 → Concordo
[2026-05-12 11:59:16,119][__main__][INFO] - ✓ [mistralai/Mixtral-8x7B-Instruct-v0.1] Temp=0.0 Rep=1 → Concordo
[2026-05-12 11:59:16,130][__main__][INFO] - ✓ [google/gemma-3-12b-it] Temp=0.0 Rep=1 → Neutro
[2026-05-12 11:59:16,163][__main__][INFO] - ✓ [mistralai/Mixtral-8x7B-Instruct-v0.1] Temp=0.0 Rep=1 → Neutro
[2026-05-12 11:59:16,283][__main__][INFO] - ✓ [mistralai/Mixtral-8x7B-Instruct-v0.1] Temp=0.0 Rep=1 → Concordo
[2026-05-12 11:59:16,326][__main__][INFO] - ✓ [mistralai/Mixtral-8x7B-Instruct-v0.1] Temp=0.0 Rep=1 → Concordo
[2026-05-12 11:59:16,332][__main__][INFO] - ✓ [google/gemma-3-12b-it] Temp=0.0 Rep=1 → Neutro
[2026-05-12 11:59:16,338][__main__][INFO] - ✓ [mistralai/Mixtral-8x7B-Instruct-v0.1] Temp=0.0 Rep=1 → Concordo
[2026-05-12 11:59:16,367][__main__][INFO] - Salvamento incremental (2280 novas respostas)...
[2026-05-12 11:59:16,415][__main__][INFO] - Cache salvo com 238744 entradas
[2026-05-12 11:59:16,416][__main__][INFO] - ✓ [mistralai/Mixtral-8x7B-Instruct-v0.1] Temp=0.0 Rep=1 → Neutro
[2026-05-12 11:59:16,417][__main__][INFO] - ✓ [google/gemma-3-12b-it] Temp=0.0 Rep=1 → Concordo
[2026-05-12 11:59:16,418][__main__][INFO] - ✓ [google/gemma-3-12b-it] Temp=0.0 Rep=1 → Concordo
[2026-05-12 11:59:16,459][__main__][INFO] - ✓ [google/gemma-3-12b-it] Temp=0.0 Rep=1 → Neutro
[2026-05-12 11:59:16,590][__main__][INFO] - ✓ [google/gemma-3-12b-it] Temp=0.0 Rep=1 → Concordo
[2026-05-12 11:59:16,616][__main__][INFO] - ✓ [mistralai/Mixtral-8x7B-Instruct-v0.1] Temp=0.0 Rep=1 → Discordo fortemente
[2026-05-12 11:59:16,658][__main__][INFO] - ✓ [google/gemma-3-12b-it] Temp=0.0 Rep=1 → Concordo fortemente
[2026-05-12 11:59:16,713][__main__][INFO] - ✓ [mistralai/Mixtral-8x7B-Instruct-v0.1] Temp=0.0 Rep=1 → Discordo fortemente
[2026-05-12 11:59:16,741][__main__][INFO] - ✓ [mistralai/Mixtral-8x7B-Instruct-v0.1] Temp=0.0 Rep=1 → Concordo fortemente
[2026-05-12 11:59:16,775][__main__][INFO] - ✓ [google/gemma-3-12b-it] Temp=0.0 Rep=1 → Neutro
[2026-05-12 11:59:16,788][__main__][INFO] - ✓ [mistralai/Mixtral-8x7B-Instruct-v0.1] Temp=0.0 Rep=1 → Neutro
[2026-05-12 11:59:16,806][__main__][INFO] - ✓ [google/gemma-3-12b-it] Temp=0.0 Rep=1 → Concordo
[2026-05-12 11:59:16,927][__main__][INFO] - ✓ [mistralai/Mixtral-8x7B-Instruct-v0.1] Temp=0.0 Rep=1 → Discordo fortemente
[2026-05-12 11:59:16,957][__main__][INFO] - ✓ [mistralai/Mixtral-8x7B-Instruct-v0.1] Temp=0.0 Rep=1 → Concordo
[2026-05-12 11:59:17,098][__main__][INFO] - ✓ [mistralai/Mixtral-8x7B-Instruct-v0.1] Temp=0.0 Rep=1 → Discordo fortemente
[2026-05-12 11:59:17,098][__main__][INFO] - ✓ [mistralai/Mixtral-8x7B-Instruct-v0.1] Temp=0.0 Rep=1 → Discordo
[2026-05-12 11:59:17,099][__main__][INFO] - ✓ [mistralai/Mixtral-8x7B-Instruct-v0.1] Temp=0.0 Rep=1 → Discordo fortemente
[2026-05-12 11:59:17,107][__main__][INFO] - ✓ [google/gemma-3-12b-it] Temp=0.0 Rep=1 → Discordo fortemente
[2026-05-12 11:59:17,125][__main__][INFO] - ✓ [google/gemma-3-12b-it] Temp=0.0 Rep=1 → Discordo
[2026-05-12 11:59:17,219][__main__][INFO] - ✓ [google/gemma-3-12b-it] Temp=0.0 Rep=1 → Concordo
[2026-05-12 11:59:17,225][__main__][INFO] - ✓ [google/gemma-3-12b-it] Temp=0.0 Rep=1 → Neutro
[2026-05-12 11:59:17,258][__main__][INFO] - ✓ [google/gemma-3-12b-it] Temp=0.0 Rep=1 → Discordo
[2026-05-12 11:59:17,284][__main__][INFO] - ✓ [google/gemma-3-12b-it] Temp=0.0 Rep=1 → Concordo fortemente
[2026-05-12 11:59:17,309][__main__][INFO] - ✓ [google/gemma-3-12b-it] Temp=0.0 Rep=1 → Concordo
[2026-05-12 11:59:17,397][__main__][INFO] - ✓ [mistralai/Mixtral-8x7B-Instruct-v0.1] Temp=0.0 Rep=1 → Concordo
[2026-05-12 11:59:17,415][__main__][INFO] - ✓ [mistralai/Mixtral-8x7B-Instruct-v0.1] Temp=0.0 Rep=1 → Concordo
[2026-05-12 11:59:17,418][__main__][INFO] - ✓ [mistralai/Mixtral-8x7B-Instruct-v0.1] Temp=0.0 Rep=1 → Concordo fortemente
[2026-05-12 11:59:17,508][__main__][INFO] - ✓ [google/gemma-3-12b-it] Temp=0.0 Rep=1 → Discordo
[2026-05-12 11:59:17,617][__main__][INFO] - ✓ [google/gemma-3-12b-it] Temp=0.0 Rep=1 → Discordo
[2026-05-12 11:59:17,625][__main__][INFO] - ✓ [mistralai/Mixtral-8x7B-Instruct-v0.1] Temp=0.0 Rep=1 → Discordo
[2026-05-12 11:59:17,626][__main__][INFO] - ✓ [mistralai/Mixtral-8x7B-Instruct-v0.1] Temp=0.0 Rep=1 → Discordo fortemente
[2026-05-12 11:59:17,627][__main__][INFO] - ✓ [mistralai/Mixtral-8x7B-Instruct-v0.1] Temp=0.0 Rep=1 → Discordo fortemente
[2026-05-12 11:59:17,629][__main__][INFO] - ✓ [google/gemma-3-12b-it] Temp=0.0 Rep=1 → Concordo
[2026-05-12 11:59:17,690][__main__][INFO] - ✓ [google/gemma-3-12b-it] Temp=0.0 Rep=1 → Discordo fortemente
[2026-05-12 11:59:17,729][__main__][INFO] - ✓ [google/gemma-3-12b-it] Temp=0.0 Rep=1 → Neutro
[2026-05-12 11:59:17,730][__main__][INFO] - ✓ [google/gemma-3-12b-it] Temp=0.0 Rep=1 → Concordo
[2026-05-12 11:59:17,815][__main__][INFO] - ✓ [mistralai/Mixtral-8x7B-Instruct-v0.1] Temp=0.0 Rep=1 → Discordo fortemente
[2026-05-12 11:59:17,838][__main__][INFO] - ✓ [mistralai/Mixtral-8x7B-Instruct-v0.1] Temp=0.0 Rep=1 → Concordo fortemente
[2026-05-12 11:59:17,921][__main__][INFO] - ✓ [mistralai/Mixtral-8x7B-Instruct-v0.1] Temp=0.0 Rep=1 → Discordo fortemente
[2026-05-12 11:59:17,925][__main__][INFO] - ✓ [mistralai/Mixtral-8x7B-Instruct-v0.1] Temp=0.0 Rep=1 → Neutro
[2026-05-12 11:59:17,951][__main__][INFO] - Salvamento incremental (2320 novas respostas)...
[2026-05-12 11:59:17,998][__main__][INFO] - Cache salvo com 238784 entradas
[2026-05-12 11:59:17,998][__main__][INFO] - ✓ [google/gemma-3-12b-it] Temp=0.0 Rep=1 → Neutro
[2026-05-12 11:59:18,001][__main__][INFO] - ✓ [google/gemma-3-12b-it] Temp=0.0 Rep=1 → Concordo
[2026-05-12 11:59:18,001][__main__][INFO] - ✓ [google/gemma-3-12b-it] Temp=0.0 Rep=1 → Discordo fortemente
[2026-05-12 11:59:18,001][__main__][INFO] - ✓ [mistralai/Mixtral-8x7B-Instruct-v0.1] Temp=0.0 Rep=1 → Concordo fortemente
[2026-05-12 11:59:18,017][__main__][INFO] - ✓ [mistralai/Mixtral-8x7B-Instruct-v0.1] Temp=0.0 Rep=1 → Neutro
[2026-05-12 11:59:18,141][__main__][INFO] - ✓ [google/gemma-3-12b-it] Temp=0.0 Rep=1 → Concordo
[2026-05-12 11:59:18,142][__main__][INFO] - ✓ [google/gemma-3-12b-it] Temp=0.0 Rep=1 → Neutro
[2026-05-12 11:59:18,145][__main__][INFO] - ✓ [google/gemma-3-12b-it] Temp=0.0 Rep=1 → Neutro
[2026-05-12 11:59:18,209][__main__][INFO] - ✓ [mistralai/Mixtral-8x7B-Instruct-v0.1] Temp=0.0 Rep=1 → Discordo
[2026-05-12 11:59:18,302][__main__][INFO] - ✓ [mistralai/Mixtral-8x7B-Instruct-v0.1] Temp=0.0 Rep=1 → Neutro
[2026-05-12 11:59:18,318][__main__][INFO] - ✓ [google/gemma-3-12b-it] Temp=0.0 Rep=1 → Neutro
[2026-05-12 11:59:18,319][__main__][INFO] - ✓ [mistralai/Mixtral-8x7B-Instruct-v0.1] Temp=0.0 Rep=1 → Concordo fortemente
[2026-05-12 11:59:18,330][__main__][INFO] - ✓ [google/gemma-3-12b-it] Temp=0.0 Rep=1 → Concordo
[2026-05-12 11:59:18,364][__main__][INFO] - ✓ [google/gemma-3-12b-it] Temp=0.0 Rep=1 → Neutro
[2026-05-12 11:59:18,460][__main__][INFO] - ✓ [mistralai/Mixtral-8x7B-Instruct-v0.1] Temp=0.0 Rep=1 → Discordo
[2026-05-12 11:59:18,497][__main__][INFO] - ✓ [google/gemma-3-12b-it] Temp=0.0 Rep=1 → Concordo
[2026-05-12 11:59:18,499][__main__][INFO] - ✓ [google/gemma-3-12b-it] Temp=0.0 Rep=1 → Discordo
[2026-05-12 11:59:18,668][__main__][INFO] - ✓ [mistralai/Mixtral-8x7B-Instruct-v0.1] Temp=0.0 Rep=1 → Neutro
[2026-05-12 11:59:18,669][__main__][INFO] - ✓ [google/gemma-3-12b-it] Temp=0.0 Rep=1 → Concordo
[2026-05-12 11:59:18,674][__main__][INFO] - ✓ [mistralai/Mixtral-8x7B-Instruct-v0.1] Temp=0.0 Rep=1 → Concordo
[2026-05-12 11:59:18,675][__main__][INFO] - ✓ [mistralai/Mixtral-8x7B-Instruct-v0.1] Temp=0.0 Rep=1 → Concordo fortemente
[2026-05-12 11:59:18,676][__main__][INFO] - ✓ [mistralai/Mixtral-8x7B-Instruct-v0.1] Temp=0.0 Rep=1 → Concordo
[2026-05-12 11:59:18,677][__main__][INFO] - ✓ [mistralai/Mixtral-8x7B-Instruct-v0.1] Temp=0.0 Rep=1 → Concordo fortemente
[2026-05-12 11:59:18,691][__main__][INFO] - ✓ [google/gemma-3-12b-it] Temp=0.0 Rep=1 → Concordo
[2026-05-12 11:59:18,787][__main__][INFO] - ✓ [mistralai/Mixtral-8x7B-Instruct-v0.1] Temp=0.0 Rep=1 → Concordo fortemente
[2026-05-12 11:59:18,848][__main__][INFO] - ✓ [google/gemma-3-12b-it] Temp=0.0 Rep=1 → Neutro
[2026-05-12 11:59:18,900][__main__][INFO] - ✓ [google/gemma-3-12b-it] Temp=0.0 Rep=1 → Neutro
[2026-05-12 11:59:18,971][__main__][INFO] - ✓ [google/gemma-3-12b-it] Temp=0.0 Rep=1 → Concordo
[2026-05-12 11:59:18,993][__main__][INFO] - ✓ [google/gemma-3-12b-it] Temp=0.0 Rep=1 → Neutro
[2026-05-12 11:59:19,055][__main__][INFO] - ✓ [google/gemma-3-12b-it] Temp=0.0 Rep=1 → Discordo fortemente
[2026-05-12 11:59:19,194][__main__][INFO] - ✓ [mistralai/Mixtral-8x7B-Instruct-v0.1] Temp=0.0 Rep=1 → Neutro
[2026-05-12 11:59:19,198][__main__][INFO] - ✓ [mistralai/Mixtral-8x7B-Instruct-v0.1] Temp=0.0 Rep=1 → Neutro
[2026-05-12 11:59:19,199][__main__][INFO] - ✓ [mistralai/Mixtral-8x7B-Instruct-v0.1] Temp=0.0 Rep=1 → Neutro
[2026-05-12 11:59:19,200][__main__][INFO] - ✓ [google/gemma-3-12b-it] Temp=0.0 Rep=1 → Neutro
[2026-05-12 11:59:19,201][__main__][INFO] - ✓ [mistralai/Mixtral-8x7B-Instruct-v0.1] Temp=0.0 Rep=1 → Discordo fortemente
[2026-05-12 11:59:19,201][__main__][INFO] - ✓ [mistralai/Mixtral-8x7B-Instruct-v0.1] Temp=0.0 Rep=1 → Concordo fortemente
[2026-05-12 11:59:19,206][__main__][INFO] - ✓ [google/gemma-3-12b-it] Temp=0.0 Rep=1 → Concordo fortemente
[2026-05-12 11:59:19,274][__main__][INFO] - ✓ [mistralai/Mixtral-8x7B-Instruct-v0.1] Temp=0.0 Rep=1 → Discordo fortemente
[2026-05-12 11:59:19,280][__main__][INFO] - ✓ [google/gemma-3-12b-it] Temp=0.0 Rep=1 → Concordo
[2026-05-12 11:59:19,350][__main__][INFO] - ✓ [mistralai/Mixtral-8x7B-Instruct-v0.1] Temp=0.0 Rep=1 → Concordo
[2026-05-12 11:59:19,499][__main__][INFO] - Salvamento incremental (2360 novas respostas)...
[2026-05-12 11:59:19,552][__main__][INFO] - Cache salvo com 238824 entradas
[2026-05-12 11:59:19,553][__main__][INFO] - ✓ [mistralai/Mixtral-8x7B-Instruct-v0.1] Temp=0.0 Rep=1 → Neutro
[2026-05-12 11:59:19,555][__main__][INFO] - ✓ [mistralai/Mixtral-8x7B-Instruct-v0.1] Temp=0.0 Rep=1 → Discordo
[2026-05-12 11:59:19,555][__main__][INFO] - ✓ [mistralai/Mixtral-8x7B-Instruct-v0.1] Temp=0.0 Rep=1 → Concordo
[2026-05-12 11:59:19,555][__main__][INFO] - ✓ [mistralai/Mixtral-8x7B-Instruct-v0.1] Temp=0.0 Rep=1 → Discordo fortemente
[2026-05-12 11:59:19,556][__main__][INFO] - ✓ [google/gemma-3-12b-it] Temp=0.0 Rep=1 → Concordo
[2026-05-12 11:59:19,556][__main__][INFO] - ✓ [google/gemma-3-12b-it] Temp=0.0 Rep=1 → Concordo
[2026-05-12 11:59:19,586][__main__][INFO] - ✓ [google/gemma-3-12b-it] Temp=0.0 Rep=1 → Concordo
[2026-05-12 11:59:19,609][__main__][INFO] - ✓ [google/gemma-3-12b-it] Temp=0.0 Rep=1 → Neutro
[2026-05-12 11:59:19,617][__main__][INFO] - ✓ [google/gemma-3-12b-it] Temp=0.0 Rep=1 → Concordo fortemente
[2026-05-12 11:59:19,714][__main__][INFO] - ✓ [google/gemma-3-12b-it] Temp=0.0 Rep=1 → Concordo
[2026-05-12 11:59:19,906][__main__][INFO] - ✓ [google/gemma-3-12b-it] Temp=0.0 Rep=1 → Concordo fortemente
[2026-05-12 11:59:19,914][__main__][INFO] - ✓ [google/gemma-3-12b-it] Temp=0.0 Rep=1 → Concordo
[2026-05-12 11:59:19,921][__main__][INFO] - ✓ [mistralai/Mixtral-8x7B-Instruct-v0.1] Temp=0.0 Rep=1 → Concordo
[2026-05-12 11:59:19,942][__main__][INFO] - ✓ [google/gemma-3-12b-it] Temp=0.0 Rep=1 → Concordo
[2026-05-12 11:59:19,942][__main__][INFO] - ✓ [mistralai/Mixtral-8x7B-Instruct-v0.1] Temp=0.0 Rep=1 → Concordo fortemente
[2026-05-12 11:59:19,944][__main__][INFO] - ✓ [mistralai/Mixtral-8x7B-Instruct-v0.1] Temp=0.0 Rep=1 → Concordo
[2026-05-12 11:59:19,945][__main__][INFO] - ✓ [mistralai/Mixtral-8x7B-Instruct-v0.1] Temp=0.0 Rep=1 → Concordo fortemente
[2026-05-12 11:59:19,947][__main__][INFO] - ✓ [mistralai/Mixtral-8x7B-Instruct-v0.1] Temp=0.0 Rep=1 → Concordo
[2026-05-12 11:59:19,949][__main__][INFO] - ✓ [mistralai/Mixtral-8x7B-Instruct-v0.1] Temp=0.0 Rep=1 → Concordo
[2026-05-12 11:59:20,052][__main__][INFO] - ✓ [google/gemma-3-12b-it] Temp=0.0 Rep=1 → Concordo
[2026-05-12 11:59:20,247][__main__][INFO] - ✓ [google/gemma-3-12b-it] Temp=0.0 Rep=1 → Concordo
[2026-05-12 11:59:20,255][__main__][INFO] - ✓ [google/gemma-3-12b-it] Temp=0.0 Rep=1 → Concordo
[2026-05-12 11:59:20,257][__main__][INFO] - ✓ [mistralai/Mixtral-8x7B-Instruct-v0.1] Temp=0.0 Rep=1 → Concordo
[2026-05-12 11:59:20,257][__main__][INFO] - ✓ [google/gemma-3-12b-it] Temp=0.0 Rep=1 → Neutro
[2026-05-12 11:59:20,259][__main__][INFO] - ✓ [mistralai/Mixtral-8x7B-Instruct-v0.1] Temp=0.0 Rep=1 → Discordo
[2026-05-12 11:59:20,261][__main__][INFO] - ✓ [google/gemma-3-12b-it] Temp=0.0 Rep=1 → Concordo
[2026-05-12 11:59:20,261][__main__][INFO] - ✓ [mistralai/Mixtral-8x7B-Instruct-v0.1] Temp=0.0 Rep=1 → Discordo fortemente
[2026-05-12 11:59:20,264][__main__][INFO] - ✓ [google/gemma-3-12b-it] Temp=0.0 Rep=1 → Neutro
[2026-05-12 11:59:20,266][__main__][INFO] - ✓ [mistralai/Mixtral-8x7B-Instruct-v0.1] Temp=0.0 Rep=1 → Concordo fortemente
[2026-05-12 11:59:20,346][__main__][INFO] - ✓ [mistralai/Mixtral-8x7B-Instruct-v0.1] Temp=0.0 Rep=1 → Concordo fortemente
[2026-05-12 11:59:20,542][__main__][INFO] - ✓ [mistralai/Mixtral-8x7B-Instruct-v0.1] Temp=0.0 Rep=1 → Concordo
[2026-05-12 11:59:20,549][__main__][INFO] - ✓ [mistralai/Mixtral-8x7B-Instruct-v0.1] Temp=0.0 Rep=1 → Discordo
[2026-05-12 11:59:20,556][__main__][INFO] - ✓ [mistralai/Mixtral-8x7B-Instruct-v0.1] Temp=0.0 Rep=1 → Concordo fortemente
[2026-05-12 11:59:20,562][__main__][INFO] - ✓ [mistralai/Mixtral-8x7B-Instruct-v0.1] Temp=0.0 Rep=1 → Neutro
[2026-05-12 11:59:20,571][__main__][INFO] - ✓ [google/gemma-3-12b-it] Temp=0.0 Rep=1 → Neutro
[2026-05-12 11:59:20,599][__main__][INFO] - ✓ [google/gemma-3-12b-it] Temp=0.0 Rep=1 → Concordo
[2026-05-12 11:59:20,622][__main__][INFO] - ✓ [google/gemma-3-12b-it] Temp=0.0 Rep=1 → Concordo fortemente
[2026-05-12 11:59:20,662][__main__][INFO] - ✓ [google/gemma-3-12b-it] Temp=0.0 Rep=1 → Concordo fortemente
[2026-05-12 11:59:20,665][__main__][INFO] - ✓ [google/gemma-3-12b-it] Temp=0.0 Rep=1 → Neutro
[2026-05-12 11:59:20,668][__main__][INFO] - ✓ [google/gemma-3-12b-it] Temp=0.0 Rep=1 → Concordo
[2026-05-12 11:59:20,831][__main__][INFO] - Salvamento incremental (2400 novas respostas)...
[2026-05-12 11:59:20,880][__main__][INFO] - Cache salvo com 238864 entradas
[2026-05-12 11:59:20,880][__main__][INFO] - ✓ [mistralai/Mixtral-8x7B-Instruct-v0.1] Temp=0.0 Rep=1 → Concordo fortemente
[2026-05-12 11:59:20,882][__main__][INFO] - ✓ [mistralai/Mixtral-8x7B-Instruct-v0.1] Temp=0.0 Rep=1 → Discordo
[2026-05-12 11:59:20,882][__main__][INFO] - ✓ [mistralai/Mixtral-8x7B-Instruct-v0.1] Temp=0.0 Rep=1 → Neutro
[2026-05-12 11:59:20,900][__main__][INFO] - ✓ [google/gemma-3-12b-it] Temp=0.0 Rep=1 → Discordo
[2026-05-12 11:59:20,923][__main__][INFO] - ✓ [mistralai/Mixtral-8x7B-Instruct-v0.1] Temp=0.0 Rep=1 → Concordo fortemente
[2026-05-12 11:59:20,951][__main__][INFO] - ✓ [mistralai/Mixtral-8x7B-Instruct-v0.1] Temp=0.0 Rep=1 → Discordo
[2026-05-12 11:59:20,962][__main__][INFO] - ✓ [mistralai/Mixtral-8x7B-Instruct-v0.1] Temp=0.0 Rep=1 → Neutro
[2026-05-12 11:59:20,983][__main__][INFO] - ✓ [google/gemma-3-12b-it] Temp=0.0 Rep=1 → Neutro
[2026-05-12 11:59:21,048][__main__][INFO] - ✓ [google/gemma-3-12b-it] Temp=0.0 Rep=1 → Concordo fortemente
[2026-05-12 11:59:21,120][__main__][INFO] - ✓ [google/gemma-3-12b-it] Temp=0.0 Rep=1 → Neutro
[2026-05-12 11:59:21,171][__main__][INFO] - ✓ [mistralai/Mixtral-8x7B-Instruct-v0.1] Temp=0.0 Rep=1 → Discordo fortemente
[2026-05-12 11:59:21,194][__main__][INFO] - ✓ [mistralai/Mixtral-8x7B-Instruct-v0.1] Temp=0.0 Rep=1 → Neutro
[2026-05-12 11:59:21,198][__main__][INFO] - ✓ [google/gemma-3-12b-it] Temp=0.0 Rep=1 → Neutro
[2026-05-12 11:59:21,288][__main__][INFO] - ✓ [google/gemma-3-12b-it] Temp=0.0 Rep=1 → Concordo
[2026-05-12 11:59:21,295][__main__][INFO] - ✓ [google/gemma-3-12b-it] Temp=0.0 Rep=1 → Neutro
[2026-05-12 11:59:21,296][__main__][INFO] - ✓ [mistralai/Mixtral-8x7B-Instruct-v0.1] Temp=0.0 Rep=1 → Concordo fortemente
[2026-05-12 11:59:21,301][__main__][INFO] - ✓ [google/gemma-3-12b-it] Temp=0.0 Rep=1 → Concordo
[2026-05-12 11:59:21,309][__main__][INFO] - ✓ [google/gemma-3-12b-it] Temp=0.0 Rep=1 → Neutro
[2026-05-12 11:59:21,337][__main__][INFO] - ✓ [mistralai/Mixtral-8x7B-Instruct-v0.1] Temp=0.0 Rep=1 → Discordo fortemente
[2026-05-12 11:59:21,404][__main__][INFO] - ✓ [mistralai/Mixtral-8x7B-Instruct-v0.1] Temp=0.0 Rep=1 → Concordo fortemente
[2026-05-12 11:59:21,441][__main__][INFO] - ✓ [mistralai/Mixtral-8x7B-Instruct-v0.1] Temp=0.0 Rep=1 → Neutro
[2026-05-12 11:59:21,609][__main__][INFO] - ✓ [google/gemma-3-12b-it] Temp=0.0 Rep=1 → Neutro
[2026-05-12 11:59:21,638][__main__][INFO] - ✓ [mistralai/Mixtral-8x7B-Instruct-v0.1] Temp=0.0 Rep=1 → Concordo fortemente
[2026-05-12 11:59:21,642][__main__][INFO] - ✓ [mistralai/Mixtral-8x7B-Instruct-v0.1] Temp=0.0 Rep=1 → Discordo
[2026-05-12 11:59:21,643][__main__][INFO] - ✓ [mistralai/Mixtral-8x7B-Instruct-v0.1] Temp=0.0 Rep=1 → Neutro
[2026-05-12 11:59:21,648][__main__][INFO] - ✓ [google/gemma-3-12b-it] Temp=0.0 Rep=1 → Neutro
[2026-05-12 11:59:21,663][__main__][INFO] - ✓ [google/gemma-3-12b-it] Temp=0.0 Rep=1 → Concordo
[2026-05-12 11:59:21,684][__main__][INFO] - ✓ [google/gemma-3-12b-it] Temp=0.0 Rep=1 → Concordo fortemente
[2026-05-12 11:59:21,689][__main__][INFO] - ✓ [google/gemma-3-12b-it] Temp=0.0 Rep=1 → Concordo fortemente
[2026-05-12 11:59:21,815][__main__][INFO] - ✓ [mistralai/Mixtral-8x7B-Instruct-v0.1] Temp=0.0 Rep=1 → Concordo fortemente
[2026-05-12 11:59:21,816][__main__][INFO] - ✓ [google/gemma-3-12b-it] Temp=0.0 Rep=1 → Concordo fortemente
[2026-05-12 11:59:21,993][__main__][INFO] - ✓ [mistralai/Mixtral-8x7B-Instruct-v0.1] Temp=0.0 Rep=1 → Concordo
[2026-05-12 11:59:22,002][__main__][INFO] - ✓ [mistralai/Mixtral-8x7B-Instruct-v0.1] Temp=0.0 Rep=1 → Concordo
[2026-05-12 11:59:22,006][__main__][INFO] - ✓ [mistralai/Mixtral-8x7B-Instruct-v0.1] Temp=0.0 Rep=1 → Concordo
[2026-05-12 11:59:22,019][__main__][INFO] - ✓ [mistralai/Mixtral-8x7B-Instruct-v0.1] Temp=0.0 Rep=1 → Neutro
[2026-05-12 11:59:22,029][__main__][INFO] - ✓ [mistralai/Mixtral-8x7B-Instruct-v0.1] Temp=0.0 Rep=1 → Discordo fortemente
[2026-05-12 11:59:22,123][__main__][INFO] - ✓ [google/gemma-3-12b-it] Temp=0.0 Rep=1 → Concordo
[2026-05-12 11:59:22,168][__main__][INFO] - ✓ [google/gemma-3-12b-it] Temp=0.0 Rep=1 → Neutro
[2026-05-12 11:59:22,338][__main__][INFO] - ✓ [mistralai/Mixtral-8x7B-Instruct-v0.1] Temp=0.0 Rep=1 → Concordo
[2026-05-12 11:59:22,344][__main__][INFO] - ✓ [google/gemma-3-12b-it] Temp=0.0 Rep=1 → Concordo fortemente
[2026-05-12 11:59:22,345][__main__][INFO] - Salvamento incremental (2440 novas respostas)...
[2026-05-12 11:59:22,393][__main__][INFO] - Cache salvo com 238904 entradas
[2026-05-12 11:59:22,393][__main__][INFO] - ✓ [mistralai/Mixtral-8x7B-Instruct-v0.1] Temp=0.0 Rep=1 → Concordo
[2026-05-12 11:59:22,393][__main__][INFO] - ✓ [mistralai/Mixtral-8x7B-Instruct-v0.1] Temp=0.0 Rep=1 → Concordo fortemente
[2026-05-12 11:59:22,396][__main__][INFO] - ✓ [google/gemma-3-12b-it] Temp=0.0 Rep=1 → Discordo fortemente
[2026-05-12 11:59:22,397][__main__][INFO] - ✓ [google/gemma-3-12b-it] Temp=0.0 Rep=1 → Discordo
[2026-05-12 11:59:22,399][__main__][INFO] - ✓ [google/gemma-3-12b-it] Temp=0.0 Rep=1 → Concordo fortemente
[2026-05-12 11:59:22,400][__main__][INFO] - ✓ [google/gemma-3-12b-it] Temp=0.0 Rep=1 → Concordo
[2026-05-12 11:59:22,577][__main__][INFO] - ✓ [google/gemma-3-12b-it] Temp=0.0 Rep=1 → Concordo
[2026-05-12 11:59:22,594][__main__][INFO] - ✓ [google/gemma-3-12b-it] Temp=0.0 Rep=1 → Concordo
[2026-05-12 11:59:22,703][__main__][INFO] - ✓ [mistralai/Mixtral-8x7B-Instruct-v0.1] Temp=0.0 Rep=1 → Concordo
[2026-05-12 11:59:22,709][__main__][INFO] - ✓ [mistralai/Mixtral-8x7B-Instruct-v0.1] Temp=0.0 Rep=1 → Concordo
[2026-05-12 11:59:22,728][__main__][INFO] - ✓ [mistralai/Mixtral-8x7B-Instruct-v0.1] Temp=0.0 Rep=1 → Discordo fortemente
[2026-05-12 11:59:22,730][__main__][INFO] - ✓ [google/gemma-3-12b-it] Temp=0.0 Rep=1 → Discordo
[2026-05-12 11:59:22,741][__main__][INFO] - ✓ [mistralai/Mixtral-8x7B-Instruct-v0.1] Temp=0.0 Rep=1 → Neutro
[2026-05-12 11:59:22,746][__main__][INFO] - ✓ [mistralai/Mixtral-8x7B-Instruct-v0.1] Temp=0.0 Rep=1 → Discordo fortemente
[2026-05-12 11:59:22,859][__main__][INFO] - ✓ [google/gemma-3-12b-it] Temp=0.0 Rep=1 → Concordo
[2026-05-12 11:59:22,862][__main__][INFO] - ✓ [google/gemma-3-12b-it] Temp=0.0 Rep=1 → Concordo
[2026-05-12 11:59:22,872][__main__][INFO] - ✓ [mistralai/Mixtral-8x7B-Instruct-v0.1] Temp=0.0 Rep=1 → Neutro
[2026-05-12 11:59:22,982][__main__][INFO] - ✓ [google/gemma-3-12b-it] Temp=0.0 Rep=1 → Concordo fortemente
[2026-05-12 11:59:23,057][__main__][INFO] - ✓ [mistralai/Mixtral-8x7B-Instruct-v0.1] Temp=0.0 Rep=1 → Concordo
[2026-05-12 11:59:23,061][__main__][INFO] - ✓ [mistralai/Mixtral-8x7B-Instruct-v0.1] Temp=0.0 Rep=1 → Concordo fortemente
[2026-05-12 11:59:23,066][__main__][INFO] - ✓ [google/gemma-3-12b-it] Temp=0.0 Rep=1 → Concordo
[2026-05-12 11:59:23,071][__main__][INFO] - ✓ [google/gemma-3-12b-it] Temp=0.0 Rep=1 → Neutro
[2026-05-12 11:59:23,082][__main__][INFO] - ✓ [mistralai/Mixtral-8x7B-Instruct-v0.1] Temp=0.0 Rep=1 → Concordo fortemente
[2026-05-12 11:59:23,172][__main__][INFO] - ✓ [mistralai/Mixtral-8x7B-Instruct-v0.1] Temp=0.0 Rep=1 → Discordo
[2026-05-12 11:59:23,208][__main__][INFO] - ✓ [google/gemma-3-12b-it] Temp=0.0 Rep=1 → Concordo
[2026-05-12 11:59:23,220][__main__][INFO] - ✓ [google/gemma-3-12b-it] Temp=0.0 Rep=1 → Concordo
[2026-05-12 11:59:23,243][__main__][INFO] - ✓ [mistralai/Mixtral-8x7B-Instruct-v0.1] Temp=0.0 Rep=1 → Concordo
[2026-05-12 11:59:23,386][__main__][INFO] - ✓ [mistralai/Mixtral-8x7B-Instruct-v0.1] Temp=0.0 Rep=1 → Neutro
[2026-05-12 11:59:23,387][__main__][INFO] - ✓ [mistralai/Mixtral-8x7B-Instruct-v0.1] Temp=0.0 Rep=1 → Concordo fortemente
[2026-05-12 11:59:23,401][__main__][INFO] - ✓ [google/gemma-3-12b-it] Temp=0.0 Rep=1 → Concordo fortemente
[2026-05-12 11:59:23,435][__main__][INFO] - ✓ [mistralai/Mixtral-8x7B-Instruct-v0.1] Temp=0.0 Rep=1 → Concordo
[2026-05-12 11:59:23,513][__main__][INFO] - ✓ [mistralai/Mixtral-8x7B-Instruct-v0.1] Temp=0.0 Rep=1 → Neutro
[2026-05-12 11:59:23,517][__main__][INFO] - ✓ [google/gemma-3-12b-it] Temp=0.0 Rep=1 → Neutro
[2026-05-12 11:59:23,529][__main__][INFO] - ✓ [google/gemma-3-12b-it] Temp=0.0 Rep=1 → Neutro
[2026-05-12 11:59:23,603][__main__][INFO] - ✓ [google/gemma-3-12b-it] Temp=0.0 Rep=1 → Concordo
[2026-05-12 11:59:23,696][__main__][INFO] - ✓ [mistralai/Mixtral-8x7B-Instruct-v0.1] Temp=0.0 Rep=1 → Discordo
[2026-05-12 11:59:23,702][__main__][INFO] - ✓ [google/gemma-3-12b-it] Temp=0.0 Rep=1 → Neutro
[2026-05-12 11:59:23,706][__main__][INFO] - ✓ [google/gemma-3-12b-it] Temp=0.0 Rep=1 → Neutro
[2026-05-12 11:59:23,707][__main__][INFO] - ✓ [mistralai/Mixtral-8x7B-Instruct-v0.1] Temp=0.0 Rep=1 → Concordo
[2026-05-12 11:59:23,796][__main__][INFO] - ✓ [google/gemma-3-12b-it] Temp=0.0 Rep=1 → Neutro
[2026-05-12 11:59:23,818][__main__][INFO] - Salvamento incremental (2480 novas respostas)...
[2026-05-12 11:59:23,868][__main__][INFO] - Cache salvo com 238944 entradas
[2026-05-12 11:59:23,868][__main__][INFO] - ✓ [mistralai/Mixtral-8x7B-Instruct-v0.1] Temp=0.0 Rep=1 → Neutro
[2026-05-12 11:59:23,908][__main__][INFO] - ✓ [google/gemma-3-12b-it] Temp=0.0 Rep=1 → Neutro
[2026-05-12 11:59:23,910][__main__][INFO] - ✓ [google/gemma-3-12b-it] Temp=0.0 Rep=1 → Neutro
[2026-05-12 11:59:23,910][__main__][INFO] - ✓ [google/gemma-3-12b-it] Temp=0.0 Rep=1 → Concordo
[2026-05-12 11:59:23,910][__main__][INFO] - ✓ [mistralai/Mixtral-8x7B-Instruct-v0.1] Temp=0.0 Rep=1 → Concordo fortemente
[2026-05-12 11:59:23,990][__main__][INFO] - ✓ [mistralai/Mixtral-8x7B-Instruct-v0.1] Temp=0.0 Rep=1 → Neutro
[2026-05-12 11:59:23,992][__main__][INFO] - ✓ [mistralai/Mixtral-8x7B-Instruct-v0.1] Temp=0.0 Rep=1 → Neutro
[2026-05-12 11:59:24,037][__main__][INFO] - ✓ [google/gemma-3-12b-it] Temp=0.0 Rep=1 → Neutro
[2026-05-12 11:59:24,122][__main__][INFO] - ✓ [google/gemma-3-12b-it] Temp=0.0 Rep=1 → Concordo fortemente
[2026-05-12 11:59:24,126][__main__][INFO] - ✓ [google/gemma-3-12b-it] Temp=0.0 Rep=1 → Neutro
[2026-05-12 11:59:24,202][__main__][INFO] - ✓ [mistralai/Mixtral-8x7B-Instruct-v0.1] Temp=0.0 Rep=1 → Discordo
[2026-05-12 11:59:24,204][__main__][INFO] - ✓ [mistralai/Mixtral-8x7B-Instruct-v0.1] Temp=0.0 Rep=1 → Concordo fortemente
[2026-05-12 11:59:24,230][__main__][INFO] - ✓ [google/gemma-3-12b-it] Temp=0.0 Rep=1 → Discordo fortemente
[2026-05-12 11:59:24,245][__main__][INFO] - ✓ [mistralai/Mixtral-8x7B-Instruct-v0.1] Temp=0.0 Rep=1 → Neutro
[2026-05-12 11:59:24,251][__main__][INFO] - ✓ [google/gemma-3-12b-it] Temp=0.0 Rep=1 → Concordo
[2026-05-12 11:59:24,288][__main__][INFO] - ✓ [mistralai/Mixtral-8x7B-Instruct-v0.1] Temp=0.0 Rep=1 → Discordo fortemente
[2026-05-12 11:59:24,310][__main__][INFO] - ✓ [mistralai/Mixtral-8x7B-Instruct-v0.1] Temp=0.0 Rep=1 → Concordo
[2026-05-12 11:59:24,328][__main__][INFO] - ✓ [google/gemma-3-12b-it] Temp=0.0 Rep=1 → Neutro
[2026-05-12 11:59:24,440][__main__][INFO] - ✓ [mistralai/Mixtral-8x7B-Instruct-v0.1] Temp=0.0 Rep=1 → Neutro
[2026-05-12 11:59:24,504][__main__][INFO] - ✓ [google/gemma-3-12b-it] Temp=0.0 Rep=1 → Concordo fortemente
[2026-05-12 11:59:24,521][__main__][INFO] - ✓ [mistralai/Mixtral-8x7B-Instruct-v0.1] Temp=0.0 Rep=1 → Concordo
[2026-05-12 11:59:24,526][__main__][INFO] - ✓ [google/gemma-3-12b-it] Temp=0.0 Rep=1 → Concordo
[2026-05-12 11:59:24,530][__main__][INFO] - ✓ [mistralai/Mixtral-8x7B-Instruct-v0.1] Temp=0.0 Rep=1 → Concordo fortemente
[2026-05-12 11:59:24,532][__main__][INFO] - ✓ [google/gemma-3-12b-it] Temp=0.0 Rep=1 → Concordo
[2026-05-12 11:59:24,548][__main__][INFO] - ✓ [mistralai/Mixtral-8x7B-Instruct-v0.1] Temp=0.0 Rep=1 → Concordo fortemente
[2026-05-12 11:59:24,585][__main__][INFO] - ✓ [google/gemma-3-12b-it] Temp=0.0 Rep=1 → Discordo
[2026-05-12 11:59:24,716][__main__][INFO] - ✓ [mistralai/Mixtral-8x7B-Instruct-v0.1] Temp=0.0 Rep=1 → Discordo fortemente
[2026-05-12 11:59:24,726][__main__][INFO] - ✓ [google/gemma-3-12b-it] Temp=0.0 Rep=1 → Neutro
[2026-05-12 11:59:24,805][__main__][INFO] - ✓ [google/gemma-3-12b-it] Temp=0.0 Rep=1 → Neutro
[2026-05-12 11:59:24,830][__main__][INFO] - ✓ [mistralai/Mixtral-8x7B-Instruct-v0.1] Temp=0.0 Rep=1 → Neutro
[2026-05-12 11:59:24,835][__main__][INFO] - ✓ [mistralai/Mixtral-8x7B-Instruct-v0.1] Temp=0.0 Rep=1 → Concordo fortemente
[2026-05-12 11:59:24,836][__main__][INFO] - ✓ [mistralai/Mixtral-8x7B-Instruct-v0.1] Temp=0.0 Rep=1 → Discordo
[2026-05-12 11:59:24,842][__main__][INFO] - ✓ [google/gemma-3-12b-it] Temp=0.0 Rep=1 → Neutro
[2026-05-12 11:59:24,853][__main__][INFO] - ✓ [google/gemma-3-12b-it] Temp=0.0 Rep=1 → Concordo
[2026-05-12 11:59:24,862][__main__][INFO] - ✓ [mistralai/Mixtral-8x7B-Instruct-v0.1] Temp=0.0 Rep=1 → Concordo
[2026-05-12 11:59:24,960][__main__][INFO] - ✓ [google/gemma-3-12b-it] Temp=0.0 Rep=1 → Concordo
[2026-05-12 11:59:25,004][__main__][INFO] - ✓ [mistralai/Mixtral-8x7B-Instruct-v0.1] Temp=0.0 Rep=1 → Neutro
[2026-05-12 11:59:25,107][__main__][INFO] - ✓ [mistralai/Mixtral-8x7B-Instruct-v0.1] Temp=0.0 Rep=1 → Concordo
[2026-05-12 11:59:25,122][__main__][INFO] - ✓ [mistralai/Mixtral-8x7B-Instruct-v0.1] Temp=0.0 Rep=1 → Concordo fortemente
[2026-05-12 11:59:25,123][__main__][INFO] - ✓ [mistralai/Mixtral-8x7B-Instruct-v0.1] Temp=0.0 Rep=1 → Concordo fortemente
[2026-05-12 11:59:25,131][__main__][INFO] - Salvamento incremental (2520 novas respostas)...
[2026-05-12 11:59:25,177][__main__][INFO] - Cache salvo com 238984 entradas
[2026-05-12 11:59:25,177][__main__][INFO] - ✓ [google/gemma-3-12b-it] Temp=0.0 Rep=1 → Concordo fortemente
[2026-05-12 11:59:25,179][__main__][INFO] - ✓ [google/gemma-3-12b-it] Temp=0.0 Rep=1 → Concordo
[2026-05-12 11:59:25,179][__main__][INFO] - ✓ [google/gemma-3-12b-it] Temp=0.0 Rep=1 → Discordo
[2026-05-12 11:59:25,207][__main__][INFO] - ✓ [google/gemma-3-12b-it] Temp=0.0 Rep=1 → Concordo
[2026-05-12 11:59:25,233][__main__][INFO] - ✓ [google/gemma-3-12b-it] Temp=0.0 Rep=1 → Concordo
[2026-05-12 11:59:25,265][__main__][INFO] - ✓ [google/gemma-3-12b-it] Temp=0.0 Rep=1 → Neutro
[2026-05-12 11:59:25,292][__main__][INFO] - ✓ [mistralai/Mixtral-8x7B-Instruct-v0.1] Temp=0.0 Rep=1 → Discordo fortemente
[2026-05-12 11:59:25,385][__main__][INFO] - ✓ [mistralai/Mixtral-8x7B-Instruct-v0.1] Temp=0.0 Rep=1 → Concordo
[2026-05-12 11:59:25,482][__main__][INFO] - ✓ [mistralai/Mixtral-8x7B-Instruct-v0.1] Temp=0.0 Rep=1 → Neutro
[2026-05-12 11:59:25,495][__main__][INFO] - ✓ [mistralai/Mixtral-8x7B-Instruct-v0.1] Temp=0.0 Rep=1 → Concordo fortemente
[2026-05-12 11:59:25,572][__main__][INFO] - ✓ [google/gemma-3-12b-it] Temp=0.0 Rep=1 → Concordo fortemente
[2026-05-12 11:59:25,573][__main__][INFO] - ✓ [mistralai/Mixtral-8x7B-Instruct-v0.1] Temp=0.0 Rep=1 → Concordo fortemente
[2026-05-12 11:59:25,573][__main__][INFO] - ✓ [mistralai/Mixtral-8x7B-Instruct-v0.1] Temp=0.0 Rep=1 → Concordo
[2026-05-12 11:59:25,574][__main__][INFO] - ✓ [google/gemma-3-12b-it] Temp=0.0 Rep=1 → Concordo
[2026-05-12 11:59:25,578][__main__][INFO] - ✓ [google/gemma-3-12b-it] Temp=0.0 Rep=1 → Concordo
[2026-05-12 11:59:25,580][__main__][INFO] - ✓ [google/gemma-3-12b-it] Temp=0.0 Rep=1 → Neutro
[2026-05-12 11:59:25,783][__main__][INFO] - ✓ [mistralai/Mixtral-8x7B-Instruct-v0.1] Temp=0.0 Rep=1 → Discordo fortemente
[2026-05-12 11:59:25,821][__main__][INFO] - ✓ [google/gemma-3-12b-it] Temp=0.0 Rep=1 → Neutro
[2026-05-12 11:59:25,892][__main__][INFO] - ✓ [google/gemma-3-12b-it] Temp=0.0 Rep=1 → Concordo
[2026-05-12 11:59:25,897][__main__][INFO] - ✓ [mistralai/Mixtral-8x7B-Instruct-v0.1] Temp=0.0 Rep=1 → Concordo
[2026-05-12 11:59:25,903][__main__][INFO] - ✓ [mistralai/Mixtral-8x7B-Instruct-v0.1] Temp=0.0 Rep=1 → Concordo
[2026-05-12 11:59:25,913][__main__][INFO] - ✓ [mistralai/Mixtral-8x7B-Instruct-v0.1] Temp=0.0 Rep=1 → Neutro
[2026-05-12 11:59:26,007][__main__][INFO] - ✓ [google/gemma-3-12b-it] Temp=0.0 Rep=1 → Neutro
[2026-05-12 11:59:26,013][__main__][INFO] - ✓ [google/gemma-3-12b-it] Temp=0.0 Rep=1 → Neutro
[2026-05-12 11:59:26,014][__main__][INFO] - ✓ [google/gemma-3-12b-it] Temp=0.0 Rep=1 → Concordo fortemente
[2026-05-12 11:59:26,031][__main__][INFO] - ✓ [mistralai/Mixtral-8x7B-Instruct-v0.1] Temp=0.0 Rep=1 → Concordo fortemente
[2026-05-12 11:59:26,051][__main__][INFO] - ✓ [mistralai/Mixtral-8x7B-Instruct-v0.1] Temp=0.0 Rep=1 → Concordo
[2026-05-12 11:59:26,131][__main__][INFO] - ✓ [google/gemma-3-12b-it] Temp=0.0 Rep=1 → Neutro
[2026-05-12 11:59:26,174][__main__][INFO] - ✓ [mistralai/Mixtral-8x7B-Instruct-v0.1] Temp=0.0 Rep=1 → Discordo
[2026-05-12 11:59:26,247][__main__][INFO] - ✓ [google/gemma-3-12b-it] Temp=0.0 Rep=1 → Neutro
[2026-05-12 11:59:26,250][__main__][INFO] - ✓ [google/gemma-3-12b-it] Temp=0.0 Rep=1 → Concordo
[2026-05-12 11:59:26,279][__main__][INFO] - ✓ [mistralai/Mixtral-8x7B-Instruct-v0.1] Temp=0.0 Rep=1 → Concordo
[2026-05-12 11:59:26,301][__main__][INFO] - ✓ [mistralai/Mixtral-8x7B-Instruct-v0.1] Temp=0.0 Rep=1 → Neutro
[2026-05-12 11:59:26,341][__main__][INFO] - ✓ [mistralai/Mixtral-8x7B-Instruct-v0.1] Temp=0.0 Rep=1 → Concordo fortemente
[2026-05-12 11:59:26,362][__main__][INFO] - ✓ [google/gemma-3-12b-it] Temp=0.0 Rep=1 → Neutro
[2026-05-12 11:59:26,384][__main__][INFO] - ✓ [google/gemma-3-12b-it] Temp=0.0 Rep=1 → Neutro
[2026-05-12 11:59:26,429][__main__][INFO] - ✓ [mistralai/Mixtral-8x7B-Instruct-v0.1] Temp=0.0 Rep=1 → Concordo
[2026-05-12 11:59:26,530][__main__][INFO] - ✓ [mistralai/Mixtral-8x7B-Instruct-v0.1] Temp=0.0 Rep=1 → Neutro
[2026-05-12 11:59:26,534][__main__][INFO] - ✓ [google/gemma-3-12b-it] Temp=0.0 Rep=1 → Concordo
[2026-05-12 11:59:26,594][__main__][INFO] - ✓ [google/gemma-3-12b-it] Temp=0.0 Rep=1 → Neutro
[2026-05-12 11:59:26,601][__main__][INFO] - Salvamento incremental (2560 novas respostas)...
[2026-05-12 11:59:26,657][__main__][INFO] - Cache salvo com 239024 entradas
[2026-05-12 11:59:26,657][__main__][INFO] - ✓ [google/gemma-3-12b-it] Temp=0.0 Rep=1 → Concordo
[2026-05-12 11:59:26,658][__main__][INFO] - ✓ [google/gemma-3-12b-it] Temp=0.0 Rep=1 → Concordo
[2026-05-12 11:59:26,659][__main__][INFO] - ✓ [mistralai/Mixtral-8x7B-Instruct-v0.1] Temp=0.0 Rep=1 → Neutro
[2026-05-12 11:59:26,679][__main__][INFO] - ✓ [mistralai/Mixtral-8x7B-Instruct-v0.1] Temp=0.0 Rep=1 → Discordo
[2026-05-12 11:59:26,729][__main__][INFO] - ✓ [google/gemma-3-12b-it] Temp=0.0 Rep=1 → Neutro
[2026-05-12 11:59:26,745][__main__][INFO] - ✓ [google/gemma-3-12b-it] Temp=0.0 Rep=1 → Concordo fortemente
[2026-05-12 11:59:26,771][__main__][INFO] - ✓ [mistralai/Mixtral-8x7B-Instruct-v0.1] Temp=0.0 Rep=1 → Concordo
[2026-05-12 11:59:26,815][__main__][INFO] - ✓ [mistralai/Mixtral-8x7B-Instruct-v0.1] Temp=0.0 Rep=1 → Concordo fortemente
[2026-05-12 11:59:26,841][__main__][INFO] - ✓ [google/gemma-3-12b-it] Temp=0.0 Rep=1 → Neutro
[2026-05-12 11:59:26,893][__main__][INFO] - ✓ [mistralai/Mixtral-8x7B-Instruct-v0.1] Temp=0.0 Rep=1 → Concordo
[2026-05-12 11:59:26,937][__main__][INFO] - ✓ [mistralai/Mixtral-8x7B-Instruct-v0.1] Temp=0.0 Rep=1 → Neutro
[2026-05-12 11:59:27,053][__main__][INFO] - ✓ [google/gemma-3-12b-it] Temp=0.0 Rep=1 → Concordo
[2026-05-12 11:59:27,078][__main__][INFO] - ✓ [mistralai/Mixtral-8x7B-Instruct-v0.1] Temp=0.0 Rep=1 → Neutro
[2026-05-12 11:59:27,082][__main__][INFO] - ✓ [google/gemma-3-12b-it] Temp=0.0 Rep=1 → Concordo
[2026-05-12 11:59:27,083][__main__][INFO] - ✓ [google/gemma-3-12b-it] Temp=0.0 Rep=1 → Concordo
[2026-05-12 11:59:27,089][__main__][INFO] - ✓ [mistralai/Mixtral-8x7B-Instruct-v0.1] Temp=0.0 Rep=1 → Concordo
[2026-05-12 11:59:27,091][__main__][INFO] - ✓ [mistralai/Mixtral-8x7B-Instruct-v0.1] Temp=0.0 Rep=1 → Concordo
[2026-05-12 11:59:27,157][__main__][INFO] - ✓ [google/gemma-3-12b-it] Temp=0.0 Rep=1 → Neutro
[2026-05-12 11:59:27,178][__main__][INFO] - ✓ [google/gemma-3-12b-it] Temp=0.0 Rep=1 → Concordo fortemente
[2026-05-12 11:59:27,221][__main__][INFO] - ✓ [mistralai/Mixtral-8x7B-Instruct-v0.1] Temp=0.0 Rep=1 → Concordo fortemente
[2026-05-12 11:59:27,243][__main__][INFO] - ✓ [google/gemma-3-12b-it] Temp=0.0 Rep=1 → Concordo
[2026-05-12 11:59:27,312][__main__][INFO] - ✓ [mistralai/Mixtral-8x7B-Instruct-v0.1] Temp=0.0 Rep=1 → Concordo
[2026-05-12 11:59:27,352][__main__][INFO] - ✓ [mistralai/Mixtral-8x7B-Instruct-v0.1] Temp=0.0 Rep=1 → Concordo
[2026-05-12 11:59:27,375][__main__][INFO] - ✓ [mistralai/Mixtral-8x7B-Instruct-v0.1] Temp=0.0 Rep=1 → Discordo
[2026-05-12 11:59:27,398][__main__][INFO] - ✓ [google/gemma-3-12b-it] Temp=0.0 Rep=1 → Concordo
[2026-05-12 11:59:27,403][__main__][INFO] - ✓ [google/gemma-3-12b-it] Temp=0.0 Rep=1 → Concordo
[2026-05-12 11:59:27,475][__main__][INFO] - ✓ [google/gemma-3-12b-it] Temp=0.0 Rep=1 → Concordo
[2026-05-12 11:59:27,581][__main__][INFO] - ✓ [mistralai/Mixtral-8x7B-Instruct-v0.1] Temp=0.0 Rep=1 → Concordo
[2026-05-12 11:59:27,584][__main__][INFO] - ✓ [mistralai/Mixtral-8x7B-Instruct-v0.1] Temp=0.0 Rep=1 → Neutro
[2026-05-12 11:59:27,585][__main__][INFO] - ✓ [google/gemma-3-12b-it] Temp=0.0 Rep=1 → Discordo
[2026-05-12 11:59:27,646][__main__][INFO] - ✓ [mistralai/Mixtral-8x7B-Instruct-v0.1] Temp=0.0 Rep=1 → Concordo fortemente
[2026-05-12 11:59:27,649][__main__][INFO] - ✓ [mistralai/Mixtral-8x7B-Instruct-v0.1] Temp=0.0 Rep=1 → Discordo
[2026-05-12 11:59:27,673][__main__][INFO] - ✓ [mistralai/Mixtral-8x7B-Instruct-v0.1] Temp=0.0 Rep=1 → Concordo
[2026-05-12 11:59:27,713][__main__][INFO] - ✓ [google/gemma-3-12b-it] Temp=0.0 Rep=1 → Concordo
[2026-05-12 11:59:27,746][__main__][INFO] - ✓ [google/gemma-3-12b-it] Temp=0.0 Rep=1 → Concordo
[2026-05-12 11:59:27,752][__main__][INFO] - ✓ [google/gemma-3-12b-it] Temp=0.0 Rep=1 → Concordo fortemente
[2026-05-12 11:59:27,768][__main__][INFO] - ✓ [google/gemma-3-12b-it] Temp=0.0 Rep=1 → Concordo
[2026-05-12 11:59:27,856][__main__][INFO] - ✓ [mistralai/Mixtral-8x7B-Instruct-v0.1] Temp=0.0 Rep=1 → Discordo
[2026-05-12 11:59:27,905][__main__][INFO] - ✓ [google/gemma-3-12b-it] Temp=0.0 Rep=1 → Concordo
[2026-05-12 11:59:27,926][__main__][INFO] - ✓ [mistralai/Mixtral-8x7B-Instruct-v0.1] Temp=0.0 Rep=1 → Concordo
[2026-05-12 11:59:27,947][__main__][INFO] - Salvamento incremental (2600 novas respostas)...
[2026-05-12 11:59:28,002][__main__][INFO] - Cache salvo com 239064 entradas
[2026-05-12 11:59:28,003][__main__][INFO] - ✓ [mistralai/Mixtral-8x7B-Instruct-v0.1] Temp=0.0 Rep=1 → Neutro
[2026-05-12 11:59:28,004][__main__][INFO] - ✓ [google/gemma-3-12b-it] Temp=0.0 Rep=1 → Discordo
[2026-05-12 11:59:28,006][__main__][INFO] - ✓ [google/gemma-3-12b-it] Temp=0.0 Rep=1 → Concordo fortemente
[2026-05-12 11:59:28,101][__main__][INFO] - ✓ [mistralai/Mixtral-8x7B-Instruct-v0.1] Temp=0.0 Rep=1 → Discordo
[2026-05-12 11:59:28,103][__main__][INFO] - ✓ [mistralai/Mixtral-8x7B-Instruct-v0.1] Temp=0.0 Rep=1 → Concordo
[2026-05-12 11:59:28,103][__main__][INFO] - ✓ [mistralai/Mixtral-8x7B-Instruct-v0.1] Temp=0.0 Rep=1 → Concordo fortemente
[2026-05-12 11:59:28,106][__main__][INFO] - ✓ [google/gemma-3-12b-it] Temp=0.0 Rep=1 → Concordo
[2026-05-12 11:59:28,227][__main__][INFO] - ✓ [google/gemma-3-12b-it] Temp=0.0 Rep=1 → Concordo
[2026-05-12 11:59:28,235][__main__][INFO] - ✓ [google/gemma-3-12b-it] Temp=0.0 Rep=1 → Neutro
[2026-05-12 11:59:28,277][__main__][INFO] - ✓ [google/gemma-3-12b-it] Temp=0.0 Rep=1 → Concordo
[2026-05-12 11:59:28,292][__main__][INFO] - ✓ [mistralai/Mixtral-8x7B-Instruct-v0.1] Temp=0.0 Rep=1 → Discordo
[2026-05-12 11:59:28,327][__main__][INFO] - ✓ [mistralai/Mixtral-8x7B-Instruct-v0.1] Temp=0.0 Rep=1 → Neutro
[2026-05-12 11:59:28,334][__main__][INFO] - ✓ [mistralai/Mixtral-8x7B-Instruct-v0.1] Temp=0.0 Rep=1 → Concordo fortemente
[2026-05-12 11:59:28,396][__main__][INFO] - ✓ [mistralai/Mixtral-8x7B-Instruct-v0.1] Temp=0.0 Rep=1 → Discordo fortemente
[2026-05-12 11:59:28,498][__main__][INFO] - ✓ [mistralai/Mixtral-8x7B-Instruct-v0.1] Temp=0.0 Rep=1 → Concordo fortemente
[2026-05-12 11:59:28,515][__main__][INFO] - ✓ [mistralai/Mixtral-8x7B-Instruct-v0.1] Temp=0.0 Rep=1 → Neutro
[2026-05-12 11:59:28,627][__main__][INFO] - ✓ [google/gemma-3-12b-it] Temp=0.0 Rep=1 → Concordo
[2026-05-12 11:59:28,631][__main__][INFO] - ✓ [mistralai/Mixtral-8x7B-Instruct-v0.1] Temp=0.0 Rep=1 → Concordo fortemente
[2026-05-12 11:59:28,631][__main__][INFO] - ✓ [google/gemma-3-12b-it] Temp=0.0 Rep=1 → Concordo
[2026-05-12 11:59:28,632][__main__][INFO] - ✓ [google/gemma-3-12b-it] Temp=0.0 Rep=1 → Concordo
[2026-05-12 11:59:28,639][__main__][INFO] - ✓ [google/gemma-3-12b-it] Temp=0.0 Rep=1 → Discordo
[2026-05-12 11:59:28,643][__main__][INFO] - ✓ [google/gemma-3-12b-it] Temp=0.0 Rep=1 → Concordo
[2026-05-12 11:59:28,667][__main__][INFO] - ✓ [google/gemma-3-12b-it] Temp=0.0 Rep=1 → Concordo fortemente
[2026-05-12 11:59:28,683][__main__][INFO] - ✓ [mistralai/Mixtral-8x7B-Instruct-v0.1] Temp=0.0 Rep=1 → Discordo
[2026-05-12 11:59:28,750][__main__][INFO] - ✓ [mistralai/Mixtral-8x7B-Instruct-v0.1] Temp=0.0 Rep=1 → Concordo
[2026-05-12 11:59:28,955][__main__][INFO] - ✓ [mistralai/Mixtral-8x7B-Instruct-v0.1] Temp=0.0 Rep=1 → Discordo
[2026-05-12 11:59:28,959][__main__][INFO] - ✓ [mistralai/Mixtral-8x7B-Instruct-v0.1] Temp=0.0 Rep=1 → Neutro
[2026-05-12 11:59:28,966][__main__][INFO] - ✓ [mistralai/Mixtral-8x7B-Instruct-v0.1] Temp=0.0 Rep=1 → Concordo fortemente
[2026-05-12 11:59:29,004][__main__][INFO] - ✓ [mistralai/Mixtral-8x7B-Instruct-v0.1] Temp=0.0 Rep=1 → Discordo
[2026-05-12 11:59:29,007][__main__][INFO] - ✓ [google/gemma-3-12b-it] Temp=0.0 Rep=1 → Neutro
[2026-05-12 11:59:29,151][__main__][INFO] - ✓ [google/gemma-3-12b-it] Temp=0.0 Rep=1 → Neutro
[2026-05-12 11:59:29,154][__main__][INFO] - ✓ [google/gemma-3-12b-it] Temp=0.0 Rep=1 → Neutro
[2026-05-12 11:59:29,167][__main__][INFO] - ✓ [google/gemma-3-12b-it] Temp=0.0 Rep=1 → Concordo
[2026-05-12 11:59:29,173][__main__][INFO] - ✓ [google/gemma-3-12b-it] Temp=0.0 Rep=1 → Concordo
[2026-05-12 11:59:29,203][__main__][INFO] - ✓ [google/gemma-3-12b-it] Temp=0.0 Rep=1 → Concordo fortemente
[2026-05-12 11:59:29,248][__main__][INFO] - ✓ [mistralai/Mixtral-8x7B-Instruct-v0.1] Temp=0.0 Rep=1 → Concordo fortemente
[2026-05-12 11:59:29,257][__main__][INFO] - ✓ [mistralai/Mixtral-8x7B-Instruct-v0.1] Temp=0.0 Rep=1 → Neutro
[2026-05-12 11:59:29,327][__main__][INFO] - ✓ [google/gemma-3-12b-it] Temp=0.0 Rep=1 → Discordo
[2026-05-12 11:59:29,374][__main__][INFO] - ✓ [google/gemma-3-12b-it] Temp=0.0 Rep=1 → Concordo fortemente
[2026-05-12 11:59:29,407][__main__][INFO] - ✓ [google/gemma-3-12b-it] Temp=0.0 Rep=1 → Neutro
[2026-05-12 11:59:29,419][__main__][INFO] - Salvamento incremental (2640 novas respostas)...
[2026-05-12 11:59:29,466][__main__][INFO] - Cache salvo com 239104 entradas
[2026-05-12 11:59:29,466][__main__][INFO] - ✓ [mistralai/Mixtral-8x7B-Instruct-v0.1] Temp=0.0 Rep=1 → Concordo fortemente
[2026-05-12 11:59:29,468][__main__][INFO] - ✓ [mistralai/Mixtral-8x7B-Instruct-v0.1] Temp=0.0 Rep=1 → Discordo
[2026-05-12 11:59:29,468][__main__][INFO] - ✓ [mistralai/Mixtral-8x7B-Instruct-v0.1] Temp=0.0 Rep=1 → Concordo fortemente
[2026-05-12 11:59:29,504][__main__][INFO] - ✓ [google/gemma-3-12b-it] Temp=0.0 Rep=1 → Discordo
[2026-05-12 11:59:29,529][__main__][INFO] - ✓ [mistralai/Mixtral-8x7B-Instruct-v0.1] Temp=0.0 Rep=1 → Discordo fortemente
[2026-05-12 11:59:29,545][__main__][INFO] - ✓ [google/gemma-3-12b-it] Temp=0.0 Rep=1 → Neutro
[2026-05-12 11:59:29,677][__main__][INFO] - ✓ [google/gemma-3-12b-it] Temp=0.0 Rep=1 → Concordo
[2026-05-12 11:59:29,678][__main__][INFO] - ✓ [mistralai/Mixtral-8x7B-Instruct-v0.1] Temp=0.0 Rep=1 → Discordo
[2026-05-12 11:59:29,684][__main__][INFO] - ✓ [mistralai/Mixtral-8x7B-Instruct-v0.1] Temp=0.0 Rep=1 → Concordo fortemente
[2026-05-12 11:59:29,735][__main__][INFO] - ✓ [google/gemma-3-12b-it] Temp=0.0 Rep=1 → Neutro
[2026-05-12 11:59:29,746][__main__][INFO] - ✓ [mistralai/Mixtral-8x7B-Instruct-v0.1] Temp=0.0 Rep=1 → Concordo fortemente
[2026-05-12 11:59:29,766][__main__][INFO] - ✓ [google/gemma-3-12b-it] Temp=0.0 Rep=1 → Discordo fortemente
[2026-05-12 11:59:29,774][__main__][INFO] - ✓ [google/gemma-3-12b-it] Temp=0.0 Rep=1 → Concordo fortemente
[2026-05-12 11:59:29,782][__main__][INFO] - ✓ [mistralai/Mixtral-8x7B-Instruct-v0.1] Temp=0.0 Rep=1 → Concordo
[2026-05-12 11:59:29,952][__main__][INFO] - ✓ [google/gemma-3-12b-it] Temp=0.0 Rep=1 → Concordo fortemente
[2026-05-12 11:59:30,013][__main__][INFO] - ✓ [mistralai/Mixtral-8x7B-Instruct-v0.1] Temp=0.0 Rep=1 → Discordo
[2026-05-12 11:59:30,018][__main__][INFO] - ✓ [mistralai/Mixtral-8x7B-Instruct-v0.1] Temp=0.0 Rep=1 → Concordo fortemente
[2026-05-12 11:59:30,029][__main__][INFO] - ✓ [mistralai/Mixtral-8x7B-Instruct-v0.1] Temp=0.0 Rep=1 → Concordo
[2026-05-12 11:59:30,199][__main__][INFO] - ✓ [google/gemma-3-12b-it] Temp=0.0 Rep=1 → Discordo
[2026-05-12 11:59:30,202][__main__][INFO] - ✓ [google/gemma-3-12b-it] Temp=0.0 Rep=1 → Discordo
[2026-05-12 11:59:30,203][__main__][INFO] - ✓ [google/gemma-3-12b-it] Temp=0.0 Rep=1 → Discordo
[2026-05-12 11:59:30,213][__main__][INFO] - ✓ [mistralai/Mixtral-8x7B-Instruct-v0.1] Temp=0.0 Rep=1 → Discordo
[2026-05-12 11:59:30,301][__main__][INFO] - ✓ [mistralai/Mixtral-8x7B-Instruct-v0.1] Temp=0.0 Rep=1 → Concordo
[2026-05-12 11:59:30,322][__main__][INFO] - ✓ [mistralai/Mixtral-8x7B-Instruct-v0.1] Temp=0.0 Rep=1 → Neutro
[2026-05-12 11:59:30,496][__main__][INFO] - ✓ [mistralai/Mixtral-8x7B-Instruct-v0.1] Temp=0.0 Rep=1 → Concordo
[2026-05-12 11:59:30,500][__main__][INFO] - ✓ [mistralai/Mixtral-8x7B-Instruct-v0.1] Temp=0.0 Rep=1 → Discordo
[2026-05-12 11:59:30,580][__main__][INFO] - ✓ [mistralai/Mixtral-8x7B-Instruct-v0.1] Temp=0.0 Rep=1 → Concordo
[2026-05-12 11:59:30,592][__main__][INFO] - ✓ [google/gemma-3-12b-it] Temp=0.0 Rep=1 → Discordo fortemente
[2026-05-12 11:59:30,603][__main__][INFO] - ✓ [mistralai/Mixtral-8x7B-Instruct-v0.1] Temp=0.0 Rep=1 → Neutro
[2026-05-12 11:59:30,604][__main__][INFO] - ✓ [google/gemma-3-12b-it] Temp=0.0 Rep=1 → Concordo
[2026-05-12 11:59:30,724][__main__][INFO] - ✓ [google/gemma-3-12b-it] Temp=0.0 Rep=1 → Concordo fortemente
[2026-05-12 11:59:30,727][__main__][INFO] - ✓ [google/gemma-3-12b-it] Temp=0.0 Rep=1 → Discordo
[2026-05-12 11:59:30,839][__main__][INFO] - ✓ [google/gemma-3-12b-it] Temp=0.0 Rep=1 → Discordo
[2026-05-12 11:59:30,866][__main__][INFO] - ✓ [google/gemma-3-12b-it] Temp=0.0 Rep=1 → Discordo
[2026-05-12 11:59:30,877][__main__][INFO] - ✓ [mistralai/Mixtral-8x7B-Instruct-v0.1] Temp=0.0 Rep=1 → Concordo
[2026-05-12 11:59:30,901][__main__][INFO] - ✓ [mistralai/Mixtral-8x7B-Instruct-v0.1] Temp=0.0 Rep=1 → Concordo
[2026-05-12 11:59:31,043][__main__][INFO] - ✓ [mistralai/Mixtral-8x7B-Instruct-v0.1] Temp=0.0 Rep=1 → Concordo fortemente
[2026-05-12 11:59:31,100][__main__][INFO] - ✓ [google/gemma-3-12b-it] Temp=0.0 Rep=1 → Concordo
[2026-05-12 11:59:31,129][__main__][INFO] - ✓ [mistralai/Mixtral-8x7B-Instruct-v0.1] Temp=0.0 Rep=1 → Discordo fortemente
[2026-05-12 11:59:31,156][__main__][INFO] - ✓ [mistralai/Mixtral-8x7B-Instruct-v0.1] Temp=0.0 Rep=1 → Concordo
[2026-05-12 11:59:31,249][__main__][INFO] - Salvamento incremental (2680 novas respostas)...
[2026-05-12 11:59:31,301][__main__][INFO] - Cache salvo com 239144 entradas
[2026-05-12 11:59:31,301][__main__][INFO] - ✓ [google/gemma-3-12b-it] Temp=0.0 Rep=1 → Neutro
[2026-05-12 11:59:31,302][__main__][INFO] - ✓ [google/gemma-3-12b-it] Temp=0.0 Rep=1 → Discordo fortemente
[2026-05-12 11:59:31,304][__main__][INFO] - ✓ [google/gemma-3-12b-it] Temp=0.0 Rep=1 → Concordo
[2026-05-12 11:59:31,304][__main__][INFO] - ✓ [google/gemma-3-12b-it] Temp=0.0 Rep=1 → Discordo
[2026-05-12 11:59:31,306][__main__][INFO] - ✓ [mistralai/Mixtral-8x7B-Instruct-v0.1] Temp=0.0 Rep=1 → Neutro
[2026-05-12 11:59:31,306][__main__][INFO] - ✓ [google/gemma-3-12b-it] Temp=0.0 Rep=1 → Discordo fortemente
[2026-05-12 11:59:31,417][__main__][INFO] - ✓ [google/gemma-3-12b-it] Temp=0.0 Rep=1 → Neutro
[2026-05-12 11:59:31,454][__main__][INFO] - ✓ [google/gemma-3-12b-it] Temp=0.0 Rep=1 → Concordo
[2026-05-12 11:59:31,549][__main__][INFO] - ✓ [mistralai/Mixtral-8x7B-Instruct-v0.1] Temp=0.0 Rep=1 → Concordo
[2026-05-12 11:59:31,568][__main__][INFO] - ✓ [mistralai/Mixtral-8x7B-Instruct-v0.1] Temp=0.0 Rep=1 → Concordo
[2026-05-12 11:59:31,577][__main__][INFO] - ✓ [mistralai/Mixtral-8x7B-Instruct-v0.1] Temp=0.0 Rep=1 → Neutro
[2026-05-12 11:59:31,584][__main__][INFO] - ✓ [mistralai/Mixtral-8x7B-Instruct-v0.1] Temp=0.0 Rep=1 → Concordo fortemente
[2026-05-12 11:59:31,694][__main__][INFO] - ✓ [mistralai/Mixtral-8x7B-Instruct-v0.1] Temp=0.0 Rep=1 → Neutro
[2026-05-12 11:59:31,737][__main__][INFO] - ✓ [google/gemma-3-12b-it] Temp=0.0 Rep=1 → Neutro
[2026-05-12 11:59:31,740][__main__][INFO] - ✓ [google/gemma-3-12b-it] Temp=0.0 Rep=1 → Discordo
[2026-05-12 11:59:31,861][__main__][INFO] - ✓ [mistralai/Mixtral-8x7B-Instruct-v0.1] Temp=0.0 Rep=1 → Discordo fortemente
[2026-05-12 11:59:31,887][__main__][INFO] - ✓ [mistralai/Mixtral-8x7B-Instruct-v0.1] Temp=0.0 Rep=1 → Concordo fortemente
[2026-05-12 11:59:31,910][__main__][INFO] - ✓ [mistralai/Mixtral-8x7B-Instruct-v0.1] Temp=0.0 Rep=1 → Concordo
[2026-05-12 11:59:31,927][__main__][INFO] - ✓ [google/gemma-3-12b-it] Temp=0.0 Rep=1 → Concordo
[2026-05-12 11:59:32,169][__main__][INFO] - ✓ [google/gemma-3-12b-it] Temp=0.0 Rep=1 → Concordo
[2026-05-12 11:59:32,173][__main__][INFO] - ✓ [google/gemma-3-12b-it] Temp=0.0 Rep=1 → Concordo
[2026-05-12 11:59:32,173][__main__][INFO] - ✓ [mistralai/Mixtral-8x7B-Instruct-v0.1] Temp=0.0 Rep=1 → Neutro
[2026-05-12 11:59:32,180][__main__][INFO] - ✓ [google/gemma-3-12b-it] Temp=0.0 Rep=1 → Neutro
[2026-05-12 11:59:32,181][__main__][INFO] - ✓ [google/gemma-3-12b-it] Temp=0.0 Rep=1 → Neutro
[2026-05-12 11:59:32,183][__main__][INFO] - ✓ [google/gemma-3-12b-it] Temp=0.0 Rep=1 → Neutro
[2026-05-12 11:59:32,239][__main__][INFO] - ✓ [mistralai/Mixtral-8x7B-Instruct-v0.1] Temp=0.0 Rep=1 → Concordo
[2026-05-12 11:59:32,326][__main__][INFO] - ✓ [mistralai/Mixtral-8x7B-Instruct-v0.1] Temp=0.0 Rep=1 → Neutro
[2026-05-12 11:59:32,333][__main__][INFO] - ✓ [mistralai/Mixtral-8x7B-Instruct-v0.1] Temp=0.0 Rep=1 → Concordo fortemente
[2026-05-12 11:59:32,448][__main__][INFO] - ✓ [google/gemma-3-12b-it] Temp=0.0 Rep=1 → Concordo
[2026-05-12 11:59:32,460][__main__][INFO] - ✓ [mistralai/Mixtral-8x7B-Instruct-v0.1] Temp=0.0 Rep=1 → Concordo fortemente
[2026-05-12 11:59:32,476][__main__][INFO] - ✓ [mistralai/Mixtral-8x7B-Instruct-v0.1] Temp=0.0 Rep=1 → Discordo fortemente
[2026-05-12 11:59:32,480][__main__][INFO] - ✓ [google/gemma-3-12b-it] Temp=0.0 Rep=1 → Neutro
[2026-05-12 11:59:32,481][__main__][INFO] - ✓ [mistralai/Mixtral-8x7B-Instruct-v0.1] Temp=0.0 Rep=1 → Neutro
[2026-05-12 11:59:32,520][__main__][INFO] - ✓ [google/gemma-3-12b-it] Temp=0.0 Rep=1 → Discordo
[2026-05-12 11:59:32,573][__main__][INFO] - ✓ [google/gemma-3-12b-it] Temp=0.0 Rep=1 → Concordo
[2026-05-12 11:59:32,691][__main__][INFO] - ✓ [google/gemma-3-12b-it] Temp=0.0 Rep=1 → Neutro
[2026-05-12 11:59:32,725][__main__][INFO] - ✓ [mistralai/Mixtral-8x7B-Instruct-v0.1] Temp=0.0 Rep=1 → Concordo
[2026-05-12 11:59:32,732][__main__][INFO] - ✓ [mistralai/Mixtral-8x7B-Instruct-v0.1] Temp=0.0 Rep=1 → Concordo
[2026-05-12 11:59:32,763][__main__][INFO] - ✓ [google/gemma-3-12b-it] Temp=0.0 Rep=1 → Concordo
[2026-05-12 11:59:32,778][__main__][INFO] - ✓ [mistralai/Mixtral-8x7B-Instruct-v0.1] Temp=0.0 Rep=1 → Neutro
[2026-05-12 11:59:32,789][__main__][INFO] - Salvamento incremental (2720 novas respostas)...
[2026-05-12 11:59:32,836][__main__][INFO] - Cache salvo com 239184 entradas
[2026-05-12 11:59:32,836][__main__][INFO] - ✓ [google/gemma-3-12b-it] Temp=0.0 Rep=1 → Concordo
[2026-05-12 11:59:32,838][__main__][INFO] - ✓ [google/gemma-3-12b-it] Temp=0.0 Rep=1 → Concordo
[2026-05-12 11:59:32,838][__main__][INFO] - ✓ [google/gemma-3-12b-it] Temp=0.0 Rep=1 → Concordo
[2026-05-12 11:59:32,857][__main__][INFO] - ✓ [mistralai/Mixtral-8x7B-Instruct-v0.1] Temp=0.0 Rep=1 → Concordo
[2026-05-12 11:59:32,862][__main__][INFO] - ✓ [google/gemma-3-12b-it] Temp=0.0 Rep=1 → Concordo
[2026-05-12 11:59:32,949][__main__][INFO] - ✓ [mistralai/Mixtral-8x7B-Instruct-v0.1] Temp=0.0 Rep=1 → Concordo
[2026-05-12 11:59:33,000][__main__][INFO] - ✓ [mistralai/Mixtral-8x7B-Instruct-v0.1] Temp=0.0 Rep=1 → Concordo
[2026-05-12 11:59:33,097][__main__][INFO] - ✓ [google/gemma-3-12b-it] Temp=0.0 Rep=1 → Discordo
[2026-05-12 11:59:33,100][__main__][INFO] - ✓ [mistralai/Mixtral-8x7B-Instruct-v0.1] Temp=0.0 Rep=1 → Concordo
[2026-05-12 11:59:33,101][__main__][INFO] - ✓ [google/gemma-3-12b-it] Temp=0.0 Rep=1 → Concordo
[2026-05-12 11:59:33,118][__main__][INFO] - ✓ [mistralai/Mixtral-8x7B-Instruct-v0.1] Temp=0.0 Rep=1 → Neutro
[2026-05-12 11:59:33,121][__main__][INFO] - ✓ [google/gemma-3-12b-it] Temp=0.0 Rep=1 → Concordo
[2026-05-12 11:59:33,320][__main__][INFO] - ✓ [google/gemma-3-12b-it] Temp=0.0 Rep=1 → Concordo
[2026-05-12 11:59:33,325][__main__][INFO] - ✓ [mistralai/Mixtral-8x7B-Instruct-v0.1] Temp=0.0 Rep=1 → Concordo
[2026-05-12 11:59:33,328][__main__][INFO] - ✓ [google/gemma-3-12b-it] Temp=0.0 Rep=1 → Concordo
[2026-05-12 11:59:33,341][__main__][INFO] - ✓ [google/gemma-3-12b-it] Temp=0.0 Rep=1 → Concordo
[2026-05-12 11:59:33,343][__main__][INFO] - ✓ [mistralai/Mixtral-8x7B-Instruct-v0.1] Temp=0.0 Rep=1 → Concordo fortemente
[2026-05-12 11:59:33,437][__main__][INFO] - ✓ [mistralai/Mixtral-8x7B-Instruct-v0.1] Temp=0.0 Rep=1 → Concordo
[2026-05-12 11:59:33,447][__main__][INFO] - ✓ [mistralai/Mixtral-8x7B-Instruct-v0.1] Temp=0.0 Rep=1 → Concordo
[2026-05-12 11:59:33,458][__main__][INFO] - ✓ [google/gemma-3-12b-it] Temp=0.0 Rep=1 → Concordo
[2026-05-12 11:59:33,533][__main__][INFO] - ✓ [google/gemma-3-12b-it] Temp=0.0 Rep=1 → Concordo
[2026-05-12 11:59:33,593][__main__][INFO] - ✓ [mistralai/Mixtral-8x7B-Instruct-v0.1] Temp=0.0 Rep=1 → Concordo
[2026-05-12 11:59:33,596][__main__][INFO] - ✓ [google/gemma-3-12b-it] Temp=0.0 Rep=1 → Concordo
[2026-05-12 11:59:33,602][__main__][INFO] - ✓ [mistralai/Mixtral-8x7B-Instruct-v0.1] Temp=0.0 Rep=1 → Concordo
[2026-05-12 11:59:33,617][__main__][INFO] - ✓ [mistralai/Mixtral-8x7B-Instruct-v0.1] Temp=0.0 Rep=1 → Concordo
[2026-05-12 11:59:33,741][__main__][INFO] - ✓ [mistralai/Mixtral-8x7B-Instruct-v0.1] Temp=0.0 Rep=1 → Discordo
[2026-05-12 11:59:33,744][__main__][INFO] - ✓ [mistralai/Mixtral-8x7B-Instruct-v0.1] Temp=0.0 Rep=1 → Concordo
[2026-05-12 11:59:33,745][__main__][INFO] - ✓ [google/gemma-3-12b-it] Temp=0.0 Rep=1 → Concordo
[2026-05-12 11:59:33,780][__main__][INFO] - ✓ [google/gemma-3-12b-it] Temp=0.0 Rep=1 → Neutro
[2026-05-12 11:59:33,803][__main__][INFO] - ✓ [google/gemma-3-12b-it] Temp=0.0 Rep=1 → Neutro
[2026-05-12 11:59:33,907][__main__][INFO] - ✓ [mistralai/Mixtral-8x7B-Instruct-v0.1] Temp=0.0 Rep=1 → Concordo fortemente
[2026-05-12 11:59:34,010][__main__][INFO] - ✓ [mistralai/Mixtral-8x7B-Instruct-v0.1] Temp=0.0 Rep=1 → Neutro
[2026-05-12 11:59:34,014][__main__][INFO] - ✓ [google/gemma-3-12b-it] Temp=0.0 Rep=1 → Concordo
[2026-05-12 11:59:34,022][__main__][INFO] - ✓ [google/gemma-3-12b-it] Temp=0.0 Rep=1 → Concordo
[2026-05-12 11:59:34,051][__main__][INFO] - ✓ [mistralai/Mixtral-8x7B-Instruct-v0.1] Temp=0.0 Rep=1 → Concordo
[2026-05-12 11:59:34,053][__main__][INFO] - ✓ [google/gemma-3-12b-it] Temp=0.0 Rep=1 → Concordo
[2026-05-12 11:59:34,061][__main__][INFO] - ✓ [mistralai/Mixtral-8x7B-Instruct-v0.1] Temp=0.0 Rep=1 → Concordo
[2026-05-12 11:59:34,158][__main__][INFO] - ✓ [google/gemma-3-12b-it] Temp=0.0 Rep=1 → Neutro
[2026-05-12 11:59:34,161][__main__][INFO] - ✓ [google/gemma-3-12b-it] Temp=0.0 Rep=1 → Discordo fortemente
[2026-05-12 11:59:34,164][__main__][INFO] - ✓ [google/gemma-3-12b-it] Temp=0.0 Rep=1 → Concordo fortemente
[2026-05-12 11:59:34,323][__main__][INFO] - Salvamento incremental (2760 novas respostas)...
[2026-05-12 11:59:34,377][__main__][INFO] - Cache salvo com 239224 entradas
[2026-05-12 11:59:34,377][__main__][INFO] - ✓ [mistralai/Mixtral-8x7B-Instruct-v0.1] Temp=0.0 Rep=1 → Discordo fortemente
[2026-05-12 11:59:34,379][__main__][INFO] - ✓ [mistralai/Mixtral-8x7B-Instruct-v0.1] Temp=0.0 Rep=1 → Concordo fortemente
[2026-05-12 11:59:34,380][__main__][INFO] - ✓ [google/gemma-3-12b-it] Temp=0.0 Rep=1 → Concordo
[2026-05-12 11:59:34,380][__main__][INFO] - ✓ [mistralai/Mixtral-8x7B-Instruct-v0.1] Temp=0.0 Rep=1 → Discordo
[2026-05-12 11:59:34,380][__main__][INFO] - ✓ [mistralai/Mixtral-8x7B-Instruct-v0.1] Temp=0.0 Rep=1 → Neutro
[2026-05-12 11:59:34,418][__main__][INFO] - ✓ [google/gemma-3-12b-it] Temp=0.0 Rep=1 → Neutro
[2026-05-12 11:59:34,473][__main__][INFO] - ✓ [mistralai/Mixtral-8x7B-Instruct-v0.1] Temp=0.0 Rep=1 → Concordo
[2026-05-12 11:59:34,498][__main__][INFO] - ✓ [google/gemma-3-12b-it] Temp=0.0 Rep=1 → Neutro
[2026-05-12 11:59:34,516][__main__][INFO] - ✓ [mistralai/Mixtral-8x7B-Instruct-v0.1] Temp=0.0 Rep=1 → Neutro
[2026-05-12 11:59:34,517][__main__][INFO] - ✓ [google/gemma-3-12b-it] Temp=0.0 Rep=1 → Concordo
[2026-05-12 11:59:34,698][__main__][INFO] - ✓ [google/gemma-3-12b-it] Temp=0.0 Rep=1 → Discordo
[2026-05-12 11:59:34,814][__main__][INFO] - ✓ [mistralai/Mixtral-8x7B-Instruct-v0.1] Temp=0.0 Rep=1 → Concordo
[2026-05-12 11:59:34,814][__main__][INFO] - ✓ [mistralai/Mixtral-8x7B-Instruct-v0.1] Temp=0.0 Rep=1 → Concordo fortemente
[2026-05-12 11:59:34,819][__main__][INFO] - ✓ [mistralai/Mixtral-8x7B-Instruct-v0.1] Temp=0.0 Rep=1 → Discordo fortemente
[2026-05-12 11:59:34,823][__main__][INFO] - ✓ [mistralai/Mixtral-8x7B-Instruct-v0.1] Temp=0.0 Rep=1 → Discordo
[2026-05-12 11:59:34,827][__main__][INFO] - ✓ [mistralai/Mixtral-8x7B-Instruct-v0.1] Temp=0.0 Rep=1 → Neutro
[2026-05-12 11:59:34,850][__main__][INFO] - ✓ [google/gemma-3-12b-it] Temp=0.0 Rep=1 → Neutro
[2026-05-12 11:59:34,911][__main__][INFO] - ✓ [google/gemma-3-12b-it] Temp=0.0 Rep=1 → Neutro
[2026-05-12 11:59:34,917][__main__][INFO] - ✓ [google/gemma-3-12b-it] Temp=0.0 Rep=1 → Concordo
[2026-05-12 11:59:34,979][__main__][INFO] - ✓ [google/gemma-3-12b-it] Temp=0.0 Rep=1 → Concordo
[2026-05-12 11:59:35,080][__main__][INFO] - ✓ [mistralai/Mixtral-8x7B-Instruct-v0.1] Temp=0.0 Rep=1 → Neutro
[2026-05-12 11:59:35,106][__main__][INFO] - ✓ [google/gemma-3-12b-it] Temp=0.0 Rep=1 → Discordo
[2026-05-12 11:59:35,109][__main__][INFO] - ✓ [mistralai/Mixtral-8x7B-Instruct-v0.1] Temp=0.0 Rep=1 → Concordo fortemente
[2026-05-12 11:59:35,147][__main__][INFO] - ✓ [google/gemma-3-12b-it] Temp=0.0 Rep=1 → Neutro
[2026-05-12 11:59:35,193][__main__][INFO] - ✓ [mistralai/Mixtral-8x7B-Instruct-v0.1] Temp=0.0 Rep=1 → Neutro
[2026-05-12 11:59:35,200][__main__][INFO] - ✓ [mistralai/Mixtral-8x7B-Instruct-v0.1] Temp=0.0 Rep=1 → Discordo fortemente
[2026-05-12 11:59:35,203][__main__][INFO] - ✓ [google/gemma-3-12b-it] Temp=0.0 Rep=1 → Concordo fortemente
[2026-05-12 11:59:35,223][__main__][INFO] - ✓ [google/gemma-3-12b-it] Temp=0.0 Rep=1 → Discordo
[2026-05-12 11:59:35,377][__main__][INFO] - ✓ [mistralai/Mixtral-8x7B-Instruct-v0.1] Temp=0.0 Rep=1 → Discordo fortemente
[2026-05-12 11:59:35,381][__main__][INFO] - ✓ [mistralai/Mixtral-8x7B-Instruct-v0.1] Temp=0.0 Rep=1 → Concordo
[2026-05-12 11:59:35,389][__main__][INFO] - ✓ [google/gemma-3-12b-it] Temp=0.0 Rep=1 → Concordo
[2026-05-12 11:59:35,417][__main__][INFO] - ✓ [google/gemma-3-12b-it] Temp=0.0 Rep=1 → Concordo
[2026-05-12 11:59:35,422][__main__][INFO] - ✓ [mistralai/Mixtral-8x7B-Instruct-v0.1] Temp=0.0 Rep=1 → Concordo
[2026-05-12 11:59:35,487][__main__][INFO] - ✓ [mistralai/Mixtral-8x7B-Instruct-v0.1] Temp=0.0 Rep=1 → Discordo fortemente
[2026-05-12 11:59:35,536][__main__][INFO] - ✓ [google/gemma-3-12b-it] Temp=0.0 Rep=1 → Concordo
[2026-05-12 11:59:35,554][__main__][INFO] - ✓ [google/gemma-3-12b-it] Temp=0.0 Rep=1 → Concordo
[2026-05-12 11:59:35,556][__main__][INFO] - ✓ [google/gemma-3-12b-it] Temp=0.0 Rep=1 → Discordo fortemente
[2026-05-12 11:59:35,596][__main__][INFO] - ✓ [mistralai/Mixtral-8x7B-Instruct-v0.1] Temp=0.0 Rep=1 → Concordo fortemente
[2026-05-12 11:59:35,663][__main__][INFO] - ✓ [mistralai/Mixtral-8x7B-Instruct-v0.1] Temp=0.0 Rep=1 → Neutro
[2026-05-12 11:59:35,692][__main__][INFO] - ✓ [google/gemma-3-12b-it] Temp=0.0 Rep=1 → Discordo
[2026-05-12 11:59:35,740][__main__][INFO] - Salvamento incremental (2800 novas respostas)...
[2026-05-12 11:59:35,809][__main__][INFO] - Cache salvo com 239264 entradas
[2026-05-12 11:59:35,809][__main__][INFO] - ✓ [mistralai/Mixtral-8x7B-Instruct-v0.1] Temp=0.0 Rep=1 → Concordo fortemente
[2026-05-12 11:59:35,811][__main__][INFO] - ✓ [google/gemma-3-12b-it] Temp=0.0 Rep=1 → Concordo
[2026-05-12 11:59:35,811][__main__][INFO] - ✓ [google/gemma-3-12b-it] Temp=0.0 Rep=1 → Discordo
[2026-05-12 11:59:35,839][__main__][INFO] - ✓ [mistralai/Mixtral-8x7B-Instruct-v0.1] Temp=0.0 Rep=1 → Discordo
[2026-05-12 11:59:35,840][__main__][INFO] - ✓ [mistralai/Mixtral-8x7B-Instruct-v0.1] Temp=0.0 Rep=1 → Discordo
[2026-05-12 11:59:35,938][__main__][INFO] - ✓ [google/gemma-3-12b-it] Temp=0.0 Rep=1 → Discordo
[2026-05-12 11:59:35,972][__main__][INFO] - ✓ [google/gemma-3-12b-it] Temp=0.0 Rep=1 → Concordo
[2026-05-12 11:59:35,982][__main__][INFO] - ✓ [mistralai/Mixtral-8x7B-Instruct-v0.1] Temp=0.0 Rep=1 → Discordo fortemente
[2026-05-12 11:59:35,998][__main__][INFO] - ✓ [mistralai/Mixtral-8x7B-Instruct-v0.1] Temp=0.0 Rep=1 → Concordo
[2026-05-12 11:59:36,145][__main__][INFO] - ✓ [mistralai/Mixtral-8x7B-Instruct-v0.1] Temp=0.0 Rep=1 → Concordo fortemente
[2026-05-12 11:59:36,148][__main__][INFO] - ✓ [mistralai/Mixtral-8x7B-Instruct-v0.1] Temp=0.0 Rep=1 → Neutro
[2026-05-12 11:59:36,163][__main__][INFO] - ✓ [google/gemma-3-12b-it] Temp=0.0 Rep=1 → Concordo fortemente
[2026-05-12 11:59:36,205][__main__][INFO] - ✓ [mistralai/Mixtral-8x7B-Instruct-v0.1] Temp=0.0 Rep=1 → Discordo
[2026-05-12 11:59:36,244][__main__][INFO] - ✓ [google/gemma-3-12b-it] Temp=0.0 Rep=1 → Discordo
[2026-05-12 11:59:36,246][__main__][INFO] - ✓ [google/gemma-3-12b-it] Temp=0.0 Rep=1 → Discordo
[2026-05-12 11:59:36,378][__main__][INFO] - ✓ [mistralai/Mixtral-8x7B-Instruct-v0.1] Temp=0.0 Rep=1 → Discordo
[2026-05-12 11:59:36,381][__main__][INFO] - ✓ [google/gemma-3-12b-it] Temp=0.0 Rep=1 → Discordo
[2026-05-12 11:59:36,427][__main__][INFO] - ✓ [google/gemma-3-12b-it] Temp=0.0 Rep=1 → Concordo fortemente
[2026-05-12 11:59:36,465][__main__][INFO] - ✓ [google/gemma-3-12b-it] Temp=0.0 Rep=1 → Discordo
[2026-05-12 11:59:36,469][__main__][INFO] - ✓ [google/gemma-3-12b-it] Temp=0.0 Rep=1 → Concordo
[2026-05-12 11:59:36,484][__main__][INFO] - ✓ [mistralai/Mixtral-8x7B-Instruct-v0.1] Temp=0.0 Rep=1 → Concordo fortemente
[2026-05-12 11:59:36,495][__main__][INFO] - ✓ [mistralai/Mixtral-8x7B-Instruct-v0.1] Temp=0.0 Rep=1 → Discordo
[2026-05-12 11:59:36,497][__main__][INFO] - ✓ [mistralai/Mixtral-8x7B-Instruct-v0.1] Temp=0.0 Rep=1 → Discordo
[2026-05-12 11:59:36,535][__main__][INFO] - ✓ [google/gemma-3-12b-it] Temp=0.0 Rep=1 → Discordo
[2026-05-12 11:59:36,561][__main__][INFO] - ✓ [google/gemma-3-12b-it] Temp=0.0 Rep=1 → Concordo
[2026-05-12 11:59:36,670][__main__][INFO] - ✓ [mistralai/Mixtral-8x7B-Instruct-v0.1] Temp=0.0 Rep=1 → Discordo fortemente
[2026-05-12 11:59:36,695][__main__][INFO] - ✓ [mistralai/Mixtral-8x7B-Instruct-v0.1] Temp=0.0 Rep=1 → Concordo
[2026-05-12 11:59:36,716][__main__][INFO] - ✓ [google/gemma-3-12b-it] Temp=0.0 Rep=1 → Neutro
[2026-05-12 11:59:36,759][__main__][INFO] - ✓ [mistralai/Mixtral-8x7B-Instruct-v0.1] Temp=0.0 Rep=1 → Neutro
[2026-05-12 11:59:36,889][__main__][INFO] - ✓ [mistralai/Mixtral-8x7B-Instruct-v0.1] Temp=0.0 Rep=1 → Concordo fortemente
[2026-05-12 11:59:36,897][__main__][INFO] - ✓ [google/gemma-3-12b-it] Temp=0.0 Rep=1 → Neutro
[2026-05-12 11:59:36,898][__main__][INFO] - ✓ [google/gemma-3-12b-it] Temp=0.0 Rep=1 → Concordo fortemente
[2026-05-12 11:59:36,898][__main__][INFO] - ✓ [mistralai/Mixtral-8x7B-Instruct-v0.1] Temp=0.0 Rep=1 → Neutro
[2026-05-12 11:59:36,903][__main__][INFO] - ✓ [google/gemma-3-12b-it] Temp=0.0 Rep=1 → Discordo
[2026-05-12 11:59:36,904][__main__][INFO] - ✓ [mistralai/Mixtral-8x7B-Instruct-v0.1] Temp=0.0 Rep=1 → Discordo
[2026-05-12 11:59:37,046][__main__][INFO] - ✓ [mistralai/Mixtral-8x7B-Instruct-v0.1] Temp=0.0 Rep=1 → Discordo fortemente
[2026-05-12 11:59:37,093][__main__][INFO] - ✓ [google/gemma-3-12b-it] Temp=0.0 Rep=1 → Neutro
[2026-05-12 11:59:37,106][__main__][INFO] - ✓ [google/gemma-3-12b-it] Temp=0.0 Rep=1 → Discordo
[2026-05-12 11:59:37,197][__main__][INFO] - ✓ [google/gemma-3-12b-it] Temp=0.0 Rep=1 → Concordo
[2026-05-12 11:59:37,200][__main__][INFO] - ✓ [mistralai/Mixtral-8x7B-Instruct-v0.1] Temp=0.0 Rep=1 → Concordo fortemente
[2026-05-12 11:59:37,218][__main__][INFO] - Salvamento incremental (2840 novas respostas)...
[2026-05-12 11:59:37,264][__main__][INFO] - Cache salvo com 239304 entradas
[2026-05-12 11:59:37,264][__main__][INFO] - ✓ [google/gemma-3-12b-it] Temp=0.0 Rep=1 → Discordo
[2026-05-12 11:59:37,266][__main__][INFO] - ✓ [google/gemma-3-12b-it] Temp=0.0 Rep=1 → Neutro
[2026-05-12 11:59:37,266][__main__][INFO] - ✓ [mistralai/Mixtral-8x7B-Instruct-v0.1] Temp=0.0 Rep=1 → Concordo
[2026-05-12 11:59:37,276][__main__][INFO] - ✓ [mistralai/Mixtral-8x7B-Instruct-v0.1] Temp=0.0 Rep=1 → Neutro
[2026-05-12 11:59:37,411][__main__][INFO] - ✓ [mistralai/Mixtral-8x7B-Instruct-v0.1] Temp=0.0 Rep=1 → Discordo
[2026-05-12 11:59:37,414][__main__][INFO] - ✓ [mistralai/Mixtral-8x7B-Instruct-v0.1] Temp=0.0 Rep=1 → Neutro
[2026-05-12 11:59:37,415][__main__][INFO] - ✓ [google/gemma-3-12b-it] Temp=0.0 Rep=1 → Concordo
[2026-05-12 11:59:37,531][__main__][INFO] - ✓ [mistralai/Mixtral-8x7B-Instruct-v0.1] Temp=0.0 Rep=1 → Concordo
[2026-05-12 11:59:37,546][__main__][INFO] - ✓ [mistralai/Mixtral-8x7B-Instruct-v0.1] Temp=0.0 Rep=1 → Discordo
[2026-05-12 11:59:37,550][__main__][INFO] - ✓ [mistralai/Mixtral-8x7B-Instruct-v0.1] Temp=0.0 Rep=1 → Discordo fortemente
[2026-05-12 11:59:37,569][__main__][INFO] - ✓ [google/gemma-3-12b-it] Temp=0.0 Rep=1 → Neutro
[2026-05-12 11:59:37,622][__main__][INFO] - ✓ [google/gemma-3-12b-it] Temp=0.0 Rep=1 → Discordo
[2026-05-12 11:59:37,680][__main__][INFO] - ✓ [google/gemma-3-12b-it] Temp=0.0 Rep=1 → Concordo
[2026-05-12 11:59:37,693][__main__][INFO] - ✓ [google/gemma-3-12b-it] Temp=0.0 Rep=1 → Concordo fortemente
[2026-05-12 11:59:37,698][__main__][INFO] - ✓ [mistralai/Mixtral-8x7B-Instruct-v0.1] Temp=0.0 Rep=1 → Discordo fortemente
[2026-05-12 11:59:37,762][__main__][INFO] - ✓ [google/gemma-3-12b-it] Temp=0.0 Rep=1 → Neutro
[2026-05-12 11:59:37,780][__main__][INFO] - ✓ [google/gemma-3-12b-it] Temp=0.0 Rep=1 → Concordo
[2026-05-12 11:59:37,939][__main__][INFO] - ✓ [mistralai/Mixtral-8x7B-Instruct-v0.1] Temp=0.0 Rep=1 → Neutro
[2026-05-12 11:59:37,943][__main__][INFO] - ✓ [google/gemma-3-12b-it] Temp=0.0 Rep=1 → Discordo
[2026-05-12 11:59:37,946][__main__][INFO] - ✓ [google/gemma-3-12b-it] Temp=0.0 Rep=1 → Concordo fortemente
[2026-05-12 11:59:37,979][__main__][INFO] - ✓ [google/gemma-3-12b-it] Temp=0.0 Rep=1 → Neutro
[2026-05-12 11:59:37,987][__main__][INFO] - ✓ [mistralai/Mixtral-8x7B-Instruct-v0.1] Temp=0.0 Rep=1 → Neutro
[2026-05-12 11:59:38,116][__main__][INFO] - ✓ [mistralai/Mixtral-8x7B-Instruct-v0.1] Temp=0.0 Rep=1 → Discordo
[2026-05-12 11:59:38,120][__main__][INFO] - ✓ [mistralai/Mixtral-8x7B-Instruct-v0.1] Temp=0.0 Rep=1 → Concordo fortemente
[2026-05-12 11:59:38,214][__main__][INFO] - ✓ [mistralai/Mixtral-8x7B-Instruct-v0.1] Temp=0.0 Rep=1 → Concordo
[2026-05-12 11:59:38,232][__main__][INFO] - ✓ [google/gemma-3-12b-it] Temp=0.0 Rep=1 → Discordo
[2026-05-12 11:59:38,244][__main__][INFO] - ✓ [mistralai/Mixtral-8x7B-Instruct-v0.1] Temp=0.0 Rep=1 → Concordo fortemente
[2026-05-12 11:59:38,252][__main__][INFO] - ✓ [mistralai/Mixtral-8x7B-Instruct-v0.1] Temp=0.0 Rep=1 → Discordo fortemente
[2026-05-12 11:59:38,255][__main__][INFO] - ✓ [mistralai/Mixtral-8x7B-Instruct-v0.1] Temp=0.0 Rep=1 → Neutro
[2026-05-12 11:59:38,302][__main__][INFO] - ✓ [google/gemma-3-12b-it] Temp=0.0 Rep=1 → Neutro
[2026-05-12 11:59:38,315][__main__][INFO] - ✓ [google/gemma-3-12b-it] Temp=0.0 Rep=1 → Concordo fortemente
[2026-05-12 11:59:38,367][__main__][INFO] - ✓ [google/gemma-3-12b-it] Temp=0.0 Rep=1 → Concordo fortemente
[2026-05-12 11:59:38,460][__main__][INFO] - ✓ [google/gemma-3-12b-it] Temp=0.0 Rep=1 → Concordo
[2026-05-12 11:59:38,495][__main__][INFO] - ✓ [google/gemma-3-12b-it] Temp=0.0 Rep=1 → Concordo
[2026-05-12 11:59:38,541][__main__][INFO] - ✓ [mistralai/Mixtral-8x7B-Instruct-v0.1] Temp=0.0 Rep=1 → Concordo
[2026-05-12 11:59:38,567][__main__][INFO] - ✓ [mistralai/Mixtral-8x7B-Instruct-v0.1] Temp=0.0 Rep=1 → Concordo
[2026-05-12 11:59:38,598][__main__][INFO] - ✓ [mistralai/Mixtral-8x7B-Instruct-v0.1] Temp=0.0 Rep=1 → Concordo fortemente
[2026-05-12 11:59:38,606][__main__][INFO] - ✓ [mistralai/Mixtral-8x7B-Instruct-v0.1] Temp=0.0 Rep=1 → Discordo fortemente
[2026-05-12 11:59:38,675][__main__][INFO] - ✓ [google/gemma-3-12b-it] Temp=0.0 Rep=1 → Discordo
[2026-05-12 11:59:38,701][__main__][INFO] - ✓ [google/gemma-3-12b-it] Temp=0.0 Rep=1 → Concordo
[2026-05-12 11:59:38,724][__main__][INFO] - Salvamento incremental (2880 novas respostas)...
[2026-05-12 11:59:38,777][__main__][INFO] - Cache salvo com 239344 entradas
[2026-05-12 11:59:38,778][__main__][INFO] - ✓ [google/gemma-3-12b-it] Temp=0.0 Rep=1 → Neutro
[2026-05-12 11:59:38,779][__main__][INFO] - ✓ [mistralai/Mixtral-8x7B-Instruct-v0.1] Temp=0.0 Rep=1 → Discordo
[2026-05-12 11:59:38,780][__main__][INFO] - ✓ [mistralai/Mixtral-8x7B-Instruct-v0.1] Temp=0.0 Rep=1 → Concordo
[2026-05-12 11:59:38,859][__main__][INFO] - ✓ [mistralai/Mixtral-8x7B-Instruct-v0.1] Temp=0.0 Rep=1 → Concordo
[2026-05-12 11:59:38,863][__main__][INFO] - ✓ [google/gemma-3-12b-it] Temp=0.0 Rep=1 → Concordo
[2026-05-12 11:59:38,882][__main__][INFO] - ✓ [google/gemma-3-12b-it] Temp=0.0 Rep=1 → Concordo fortemente
[2026-05-12 11:59:38,885][__main__][INFO] - ✓ [google/gemma-3-12b-it] Temp=0.0 Rep=1 → Concordo
[2026-05-12 11:59:38,888][__main__][INFO] - ✓ [mistralai/Mixtral-8x7B-Instruct-v0.1] Temp=0.0 Rep=1 → Concordo fortemente
[2026-05-12 11:59:38,985][__main__][INFO] - ✓ [mistralai/Mixtral-8x7B-Instruct-v0.1] Temp=0.0 Rep=1 → Concordo fortemente
[2026-05-12 11:59:39,091][__main__][INFO] - ✓ [mistralai/Mixtral-8x7B-Instruct-v0.1] Temp=0.0 Rep=1 → Concordo fortemente
[2026-05-12 11:59:39,167][__main__][INFO] - ✓ [mistralai/Mixtral-8x7B-Instruct-v0.1] Temp=0.0 Rep=1 → Concordo
[2026-05-12 11:59:39,170][__main__][INFO] - ✓ [mistralai/Mixtral-8x7B-Instruct-v0.1] Temp=0.0 Rep=1 → Concordo fortemente
[2026-05-12 11:59:39,177][__main__][INFO] - ✓ [google/gemma-3-12b-it] Temp=0.0 Rep=1 → Concordo fortemente
[2026-05-12 11:59:39,197][__main__][INFO] - ✓ [google/gemma-3-12b-it] Temp=0.0 Rep=1 → Concordo
[2026-05-12 11:59:39,201][__main__][INFO] - ✓ [google/gemma-3-12b-it] Temp=0.0 Rep=1 → Neutro
[2026-05-12 11:59:39,201][__main__][INFO] - ✓ [google/gemma-3-12b-it] Temp=0.0 Rep=1 → Concordo
[2026-05-12 11:59:39,252][__main__][INFO] - ✓ [google/gemma-3-12b-it] Temp=0.0 Rep=1 → Neutro
[2026-05-12 11:59:39,362][__main__][INFO] - ✓ [google/gemma-3-12b-it] Temp=0.0 Rep=1 → Concordo fortemente
[2026-05-12 11:59:39,365][__main__][INFO] - ✓ [mistralai/Mixtral-8x7B-Instruct-v0.1] Temp=0.0 Rep=1 → Concordo fortemente
[2026-05-12 11:59:39,508][__main__][INFO] - ✓ [google/gemma-3-12b-it] Temp=0.0 Rep=1 → Concordo fortemente
[2026-05-12 11:59:39,511][__main__][INFO] - ✓ [google/gemma-3-12b-it] Temp=0.0 Rep=1 → Neutro
[2026-05-12 11:59:39,531][__main__][INFO] - ✓ [mistralai/Mixtral-8x7B-Instruct-v0.1] Temp=0.0 Rep=1 → Concordo
[2026-05-12 11:59:39,535][__main__][INFO] - ✓ [mistralai/Mixtral-8x7B-Instruct-v0.1] Temp=0.0 Rep=1 → Concordo fortemente
[2026-05-12 11:59:39,594][__main__][INFO] - ✓ [google/gemma-3-12b-it] Temp=0.0 Rep=1 → Concordo
[2026-05-12 11:59:39,707][__main__][INFO] - ✓ [google/gemma-3-12b-it] Temp=0.0 Rep=1 → Neutro
[2026-05-12 11:59:39,734][__main__][INFO] - ✓ [mistralai/Mixtral-8x7B-Instruct-v0.1] Temp=0.0 Rep=1 → Neutro
[2026-05-12 11:59:39,800][__main__][INFO] - ✓ [google/gemma-3-12b-it] Temp=0.0 Rep=1 → Concordo fortemente
[2026-05-12 11:59:39,845][__main__][INFO] - ✓ [mistralai/Mixtral-8x7B-Instruct-v0.1] Temp=0.0 Rep=1 → Neutro
[2026-05-12 11:59:39,851][__main__][INFO] - ✓ [mistralai/Mixtral-8x7B-Instruct-v0.1] Temp=0.0 Rep=1 → Neutro
[2026-05-12 11:59:39,854][__main__][INFO] - ✓ [mistralai/Mixtral-8x7B-Instruct-v0.1] Temp=0.0 Rep=1 → Discordo
[2026-05-12 11:59:39,858][__main__][INFO] - ✓ [mistralai/Mixtral-8x7B-Instruct-v0.1] Temp=0.0 Rep=1 → Concordo fortemente
[2026-05-12 11:59:39,882][__main__][INFO] - ✓ [google/gemma-3-12b-it] Temp=0.0 Rep=1 → Neutro
[2026-05-12 11:59:39,904][__main__][INFO] - ✓ [mistralai/Mixtral-8x7B-Instruct-v0.1] Temp=0.0 Rep=1 → Neutro
[2026-05-12 11:59:39,918][__main__][INFO] - ✓ [google/gemma-3-12b-it] Temp=0.0 Rep=1 → Neutro
[2026-05-12 11:59:40,071][__main__][INFO] - ✓ [google/gemma-3-12b-it] Temp=0.0 Rep=1 → Concordo
[2026-05-12 11:59:40,075][__main__][INFO] - ✓ [google/gemma-3-12b-it] Temp=0.0 Rep=1 → Neutro
[2026-05-12 11:59:40,101][__main__][INFO] - ✓ [mistralai/Mixtral-8x7B-Instruct-v0.1] Temp=0.0 Rep=1 → Discordo fortemente
[2026-05-12 11:59:40,133][__main__][INFO] - ✓ [mistralai/Mixtral-8x7B-Instruct-v0.1] Temp=0.0 Rep=1 → Concordo fortemente
[2026-05-12 11:59:40,170][__main__][INFO] - ✓ [mistralai/Mixtral-8x7B-Instruct-v0.1] Temp=0.0 Rep=1 → Neutro
[2026-05-12 11:59:40,192][__main__][INFO] - ✓ [google/gemma-3-12b-it] Temp=0.0 Rep=1 → Concordo
[2026-05-12 11:59:40,195][__main__][INFO] - Salvamento incremental (2920 novas respostas)...
[2026-05-12 11:59:40,241][__main__][INFO] - Cache salvo com 239384 entradas
[2026-05-12 11:59:40,241][__main__][INFO] - ✓ [mistralai/Mixtral-8x7B-Instruct-v0.1] Temp=0.0 Rep=1 → Discordo fortemente
[2026-05-12 11:59:40,243][__main__][INFO] - ✓ [mistralai/Mixtral-8x7B-Instruct-v0.1] Temp=0.0 Rep=1 → Concordo fortemente
[2026-05-12 11:59:40,262][__main__][INFO] - ✓ [google/gemma-3-12b-it] Temp=0.0 Rep=1 → Neutro
[2026-05-12 11:59:40,268][__main__][INFO] - ✓ [google/gemma-3-12b-it] Temp=0.0 Rep=1 → Neutro
[2026-05-12 11:59:40,352][__main__][INFO] - ✓ [mistralai/Mixtral-8x7B-Instruct-v0.1] Temp=0.0 Rep=1 → Neutro
[2026-05-12 11:59:40,447][__main__][INFO] - ✓ [mistralai/Mixtral-8x7B-Instruct-v0.1] Temp=0.0 Rep=1 → Discordo fortemente
[2026-05-12 11:59:40,556][__main__][INFO] - ✓ [google/gemma-3-12b-it] Temp=0.0 Rep=1 → Discordo fortemente
[2026-05-12 11:59:40,559][__main__][INFO] - ✓ [mistralai/Mixtral-8x7B-Instruct-v0.1] Temp=0.0 Rep=1 → Discordo fortemente
[2026-05-12 11:59:40,559][__main__][INFO] - ✓ [mistralai/Mixtral-8x7B-Instruct-v0.1] Temp=0.0 Rep=1 → Discordo fortemente
[2026-05-12 11:59:40,627][__main__][INFO] - ✓ [mistralai/Mixtral-8x7B-Instruct-v0.1] Temp=0.0 Rep=1 → Concordo fortemente
[2026-05-12 11:59:40,676][__main__][INFO] - ✓ [google/gemma-3-12b-it] Temp=0.0 Rep=1 → Discordo
[2026-05-12 11:59:40,690][__main__][INFO] - ✓ [google/gemma-3-12b-it] Temp=0.0 Rep=1 → Neutro
[2026-05-12 11:59:40,692][__main__][INFO] - ✓ [google/gemma-3-12b-it] Temp=0.0 Rep=1 → Discordo fortemente
[2026-05-12 11:59:40,716][__main__][INFO] - ✓ [mistralai/Mixtral-8x7B-Instruct-v0.1] Temp=0.0 Rep=1 → Neutro
[2026-05-12 11:59:40,764][__main__][INFO] - ✓ [google/gemma-3-12b-it] Temp=0.0 Rep=1 → Neutro
[2026-05-12 11:59:40,807][__main__][INFO] - ✓ [google/gemma-3-12b-it] Temp=0.0 Rep=1 → Concordo fortemente
[2026-05-12 11:59:40,831][__main__][INFO] - ✓ [mistralai/Mixtral-8x7B-Instruct-v0.1] Temp=0.0 Rep=1 → Neutro
[2026-05-12 11:59:40,908][__main__][INFO] - ✓ [google/gemma-3-12b-it] Temp=0.0 Rep=1 → Concordo
[2026-05-12 11:59:40,928][__main__][INFO] - ✓ [google/gemma-3-12b-it] Temp=0.0 Rep=1 → Concordo fortemente
[2026-05-12 11:59:40,961][__main__][INFO] - ✓ [mistralai/Mixtral-8x7B-Instruct-v0.1] Temp=0.0 Rep=1 → Concordo
[2026-05-12 11:59:40,971][__main__][INFO] - ✓ [mistralai/Mixtral-8x7B-Instruct-v0.1] Temp=0.0 Rep=1 → Concordo fortemente
[2026-05-12 11:59:41,082][__main__][INFO] - ✓ [google/gemma-3-12b-it] Temp=0.0 Rep=1 → Concordo
[2026-05-12 11:59:41,083][__main__][INFO] - ✓ [google/gemma-3-12b-it] Temp=0.0 Rep=1 → Discordo fortemente
[2026-05-12 11:59:41,147][__main__][INFO] - ✓ [google/gemma-3-12b-it] Temp=0.0 Rep=1 → Concordo
[2026-05-12 11:59:41,167][__main__][INFO] - ✓ [google/gemma-3-12b-it] Temp=0.0 Rep=1 → Discordo fortemente
[2026-05-12 11:59:41,204][__main__][INFO] - ✓ [mistralai/Mixtral-8x7B-Instruct-v0.1] Temp=0.0 Rep=1 → Discordo fortemente
[2026-05-12 11:59:41,233][__main__][INFO] - ✓ [mistralai/Mixtral-8x7B-Instruct-v0.1] Temp=0.0 Rep=1 → Discordo fortemente
[2026-05-12 11:59:41,290][__main__][INFO] - ✓ [mistralai/Mixtral-8x7B-Instruct-v0.1] Temp=0.0 Rep=1 → Discordo fortemente
[2026-05-12 11:59:41,298][__main__][INFO] - ✓ [mistralai/Mixtral-8x7B-Instruct-v0.1] Temp=0.0 Rep=1 → Concordo
[2026-05-12 11:59:41,316][__main__][INFO] - ✓ [google/gemma-3-12b-it] Temp=0.0 Rep=1 → Concordo
[2026-05-12 11:59:41,321][__main__][INFO] - ✓ [google/gemma-3-12b-it] Temp=0.0 Rep=1 → Concordo fortemente
[2026-05-12 11:59:41,371][__main__][INFO] - ✓ [mistralai/Mixtral-8x7B-Instruct-v0.1] Temp=0.0 Rep=1 → Concordo fortemente
[2026-05-12 11:59:41,418][__main__][INFO] - ✓ [mistralai/Mixtral-8x7B-Instruct-v0.1] Temp=0.0 Rep=1 → Concordo
[2026-05-12 11:59:41,443][__main__][INFO] - ✓ [google/gemma-3-12b-it] Temp=0.0 Rep=1 → Concordo
[2026-05-12 11:59:41,450][__main__][INFO] - ✓ [mistralai/Mixtral-8x7B-Instruct-v0.1] Temp=0.0 Rep=1 → Concordo
[2026-05-12 11:59:41,602][__main__][INFO] - ✓ [google/gemma-3-12b-it] Temp=0.0 Rep=1 → Discordo fortemente
[2026-05-12 11:59:41,608][__main__][INFO] - ✓ [mistralai/Mixtral-8x7B-Instruct-v0.1] Temp=0.0 Rep=1 → Concordo
[2026-05-12 11:59:41,641][__main__][INFO] - ✓ [google/gemma-3-12b-it] Temp=0.0 Rep=1 → Discordo
[2026-05-12 11:59:41,665][__main__][INFO] - ✓ [google/gemma-3-12b-it] Temp=0.0 Rep=1 → Concordo
[2026-05-12 11:59:41,681][__main__][INFO] - ✓ [mistralai/Mixtral-8x7B-Instruct-v0.1] Temp=0.0 Rep=1 → Discordo
[2026-05-12 11:59:41,691][__main__][INFO] - Salvamento incremental (2960 novas respostas)...
[2026-05-12 11:59:41,776][__main__][INFO] - Cache salvo com 239424 entradas
[2026-05-12 11:59:41,776][__main__][INFO] - ✓ [mistralai/Mixtral-8x7B-Instruct-v0.1] Temp=0.0 Rep=1 → Discordo fortemente
[2026-05-12 11:59:41,778][__main__][INFO] - ✓ [mistralai/Mixtral-8x7B-Instruct-v0.1] Temp=0.0 Rep=1 → Concordo fortemente
[2026-05-12 11:59:41,883][__main__][INFO] - ✓ [google/gemma-3-12b-it] Temp=0.0 Rep=1 → Concordo fortemente
[2026-05-12 11:59:41,904][__main__][INFO] - ✓ [mistralai/Mixtral-8x7B-Instruct-v0.1] Temp=0.0 Rep=1 → Concordo
[2026-05-12 11:59:41,919][__main__][INFO] - ✓ [mistralai/Mixtral-8x7B-Instruct-v0.1] Temp=0.0 Rep=1 → Concordo
[2026-05-12 11:59:41,945][__main__][INFO] - ✓ [google/gemma-3-12b-it] Temp=0.0 Rep=1 → Discordo fortemente
[2026-05-12 11:59:41,953][__main__][INFO] - ✓ [google/gemma-3-12b-it] Temp=0.0 Rep=1 → Concordo
[2026-05-12 11:59:41,956][__main__][INFO] - ✓ [google/gemma-3-12b-it] Temp=0.0 Rep=1 → Concordo
[2026-05-12 11:59:42,007][__main__][INFO] - ✓ [google/gemma-3-12b-it] Temp=0.0 Rep=1 → Concordo
[2026-05-12 11:59:42,027][__main__][INFO] - ✓ [google/gemma-3-12b-it] Temp=0.0 Rep=1 → Neutro
[2026-05-12 11:59:42,129][__main__][INFO] - ✓ [mistralai/Mixtral-8x7B-Instruct-v0.1] Temp=0.0 Rep=1 → Concordo fortemente
[2026-05-12 11:59:42,132][__main__][INFO] - ✓ [mistralai/Mixtral-8x7B-Instruct-v0.1] Temp=0.0 Rep=1 → Discordo fortemente
[2026-05-12 11:59:42,207][__main__][INFO] - ✓ [mistralai/Mixtral-8x7B-Instruct-v0.1] Temp=0.0 Rep=1 → Neutro
[2026-05-12 11:59:42,212][__main__][INFO] - ✓ [google/gemma-3-12b-it] Temp=0.0 Rep=1 → Neutro
[2026-05-12 11:59:42,223][__main__][INFO] - ✓ [mistralai/Mixtral-8x7B-Instruct-v0.1] Temp=0.0 Rep=1 → Discordo
[2026-05-12 11:59:42,233][__main__][INFO] - ✓ [google/gemma-3-12b-it] Temp=0.0 Rep=1 → Neutro
[2026-05-12 11:59:42,243][__main__][INFO] - ✓ [mistralai/Mixtral-8x7B-Instruct-v0.1] Temp=0.0 Rep=1 → Concordo fortemente
[2026-05-12 11:59:42,261][__main__][INFO] - ✓ [google/gemma-3-12b-it] Temp=0.0 Rep=1 → Concordo
[2026-05-12 11:59:42,309][__main__][INFO] - ✓ [mistralai/Mixtral-8x7B-Instruct-v0.1] Temp=0.0 Rep=1 → Neutro
[2026-05-12 11:59:42,430][__main__][INFO] - ✓ [google/gemma-3-12b-it] Temp=0.0 Rep=1 → Discordo fortemente
[2026-05-12 11:59:42,446][__main__][INFO] - ✓ [google/gemma-3-12b-it] Temp=0.0 Rep=1 → Neutro
[2026-05-12 11:59:42,487][__main__][INFO] - ✓ [mistralai/Mixtral-8x7B-Instruct-v0.1] Temp=0.0 Rep=1 → Discordo fortemente
[2026-05-12 11:59:42,507][__main__][INFO] - ✓ [google/gemma-3-12b-it] Temp=0.0 Rep=1 → Concordo
[2026-05-12 11:59:42,519][__main__][INFO] - ✓ [mistralai/Mixtral-8x7B-Instruct-v0.1] Temp=0.0 Rep=1 → Concordo fortemente
[2026-05-12 11:59:42,527][__main__][INFO] - ✓ [mistralai/Mixtral-8x7B-Instruct-v0.1] Temp=0.0 Rep=1 → Neutro
[2026-05-12 11:59:42,653][__main__][INFO] - ✓ [google/gemma-3-12b-it] Temp=0.0 Rep=1 → Discordo
[2026-05-12 11:59:42,657][__main__][INFO] - ✓ [google/gemma-3-12b-it] Temp=0.0 Rep=1 → Concordo
[2026-05-12 11:59:42,657][__main__][INFO] - ✓ [mistralai/Mixtral-8x7B-Instruct-v0.1] Temp=0.0 Rep=1 → Concordo fortemente
[2026-05-12 11:59:42,658][__main__][INFO] - ✓ [google/gemma-3-12b-it] Temp=0.0 Rep=1 → Neutro
[2026-05-12 11:59:42,696][__main__][INFO] - ✓ [mistralai/Mixtral-8x7B-Instruct-v0.1] Temp=0.0 Rep=1 → Discordo
[2026-05-12 11:59:42,719][__main__][INFO] - ✓ [mistralai/Mixtral-8x7B-Instruct-v0.1] Temp=0.0 Rep=1 → Neutro
[2026-05-12 11:59:42,812][__main__][INFO] - ✓ [google/gemma-3-12b-it] Temp=0.0 Rep=1 → Neutro
[2026-05-12 11:59:42,825][__main__][INFO] - ✓ [mistralai/Mixtral-8x7B-Instruct-v0.1] Temp=0.0 Rep=1 → Discordo fortemente
[2026-05-12 11:59:42,836][__main__][INFO] - ✓ [google/gemma-3-12b-it] Temp=0.0 Rep=1 → Discordo fortemente
[2026-05-12 11:59:42,868][__main__][INFO] - ✓ [google/gemma-3-12b-it] Temp=0.0 Rep=1 → Concordo
[2026-05-12 11:59:42,940][__main__][INFO] - ✓ [mistralai/Mixtral-8x7B-Instruct-v0.1] Temp=0.0 Rep=1 → Neutro
[2026-05-12 11:59:42,966][__main__][INFO] - ✓ [mistralai/Mixtral-8x7B-Instruct-v0.1] Temp=0.0 Rep=1 → Concordo fortemente
[2026-05-12 11:59:42,976][__main__][INFO] - ✓ [google/gemma-3-12b-it] Temp=0.0 Rep=1 → Neutro
[2026-05-12 11:59:42,997][__main__][INFO] - ✓ [mistralai/Mixtral-8x7B-Instruct-v0.1] Temp=0.0 Rep=1 → Concordo fortemente
[2026-05-12 11:59:43,011][__main__][INFO] - ✓ [google/gemma-3-12b-it] Temp=0.0 Rep=1 → Neutro
[2026-05-12 11:59:43,015][__main__][INFO] - Salvamento incremental (3000 novas respostas)...
[2026-05-12 11:59:43,063][__main__][INFO] - Cache salvo com 239464 entradas
[2026-05-12 11:59:43,063][__main__][INFO] - ✓ [google/gemma-3-12b-it] Temp=0.0 Rep=1 → Concordo
[2026-05-12 11:59:43,175][__main__][INFO] - ✓ [mistralai/Mixtral-8x7B-Instruct-v0.1] Temp=0.0 Rep=1 → Discordo
[2026-05-12 11:59:43,176][__main__][INFO] - ✓ [mistralai/Mixtral-8x7B-Instruct-v0.1] Temp=0.0 Rep=1 → Neutro
[2026-05-12 11:59:43,177][__main__][INFO] - ✓ [google/gemma-3-12b-it] Temp=0.0 Rep=1 → Discordo
[2026-05-12 11:59:43,177][__main__][INFO] - ✓ [google/gemma-3-12b-it] Temp=0.0 Rep=1 → Concordo
[2026-05-12 11:59:43,253][__main__][INFO] - ✓ [google/gemma-3-12b-it] Temp=0.0 Rep=1 → Concordo
[2026-05-12 11:59:43,268][__main__][INFO] - ✓ [mistralai/Mixtral-8x7B-Instruct-v0.1] Temp=0.0 Rep=1 → Discordo
[2026-05-12 11:59:43,283][__main__][INFO] - ✓ [mistralai/Mixtral-8x7B-Instruct-v0.1] Temp=0.0 Rep=1 → Concordo
[2026-05-12 11:59:43,291][__main__][INFO] - ✓ [mistralai/Mixtral-8x7B-Instruct-v0.1] Temp=0.0 Rep=1 → Neutro
[2026-05-12 11:59:43,357][__main__][INFO] - ✓ [google/gemma-3-12b-it] Temp=0.0 Rep=1 → Concordo
[2026-05-12 11:59:43,362][__main__][INFO] - ✓ [google/gemma-3-12b-it] Temp=0.0 Rep=1 → Concordo
[2026-05-12 11:59:43,457][__main__][INFO] - ✓ [mistralai/Mixtral-8x7B-Instruct-v0.1] Temp=0.0 Rep=1 → Concordo
[2026-05-12 11:59:43,462][__main__][INFO] - ✓ [mistralai/Mixtral-8x7B-Instruct-v0.1] Temp=0.0 Rep=1 → Concordo
[2026-05-12 11:59:43,471][__main__][INFO] - ✓ [mistralai/Mixtral-8x7B-Instruct-v0.1] Temp=0.0 Rep=1 → Concordo fortemente
[2026-05-12 11:59:43,494][__main__][INFO] - ✓ [google/gemma-3-12b-it] Temp=0.0 Rep=1 → Concordo
[2026-05-12 11:59:43,559][__main__][INFO] - ✓ [google/gemma-3-12b-it] Temp=0.0 Rep=1 → Discordo
[2026-05-12 11:59:43,577][__main__][INFO] - ✓ [mistralai/Mixtral-8x7B-Instruct-v0.1] Temp=0.0 Rep=1 → Discordo fortemente
[2026-05-12 11:59:43,702][__main__][INFO] - ✓ [mistralai/Mixtral-8x7B-Instruct-v0.1] Temp=0.0 Rep=1 → Concordo
[2026-05-12 11:59:43,709][__main__][INFO] - ✓ [google/gemma-3-12b-it] Temp=0.0 Rep=1 → Concordo
[2026-05-12 11:59:43,710][__main__][INFO] - ✓ [mistralai/Mixtral-8x7B-Instruct-v0.1] Temp=0.0 Rep=1 → Concordo fortemente
[2026-05-12 11:59:43,711][__main__][INFO] - ✓ [google/gemma-3-12b-it] Temp=0.0 Rep=1 → Concordo
[2026-05-12 11:59:43,771][__main__][INFO] - ✓ [mistralai/Mixtral-8x7B-Instruct-v0.1] Temp=0.0 Rep=1 → Concordo fortemente
[2026-05-12 11:59:43,802][__main__][INFO] - ✓ [google/gemma-3-12b-it] Temp=0.0 Rep=1 → Neutro
[2026-05-12 11:59:43,843][__main__][INFO] - ✓ [google/gemma-3-12b-it] Temp=0.0 Rep=1 → Concordo
[2026-05-12 11:59:43,858][__main__][INFO] - ✓ [google/gemma-3-12b-it] Temp=0.0 Rep=1 → Concordo fortemente
[2026-05-12 11:59:43,861][__main__][INFO] - ✓ [mistralai/Mixtral-8x7B-Instruct-v0.1] Temp=0.0 Rep=1 → Concordo
[2026-05-12 11:59:43,868][__main__][INFO] - ✓ [mistralai/Mixtral-8x7B-Instruct-v0.1] Temp=0.0 Rep=1 → Concordo
[2026-05-12 11:59:44,058][__main__][INFO] - ✓ [google/gemma-3-12b-it] Temp=0.0 Rep=1 → Discordo
[2026-05-12 11:59:44,076][__main__][INFO] - ✓ [google/gemma-3-12b-it] Temp=0.0 Rep=1 → Discordo
[2026-05-12 11:59:44,081][__main__][INFO] - ✓ [google/gemma-3-12b-it] Temp=0.0 Rep=1 → Concordo
[2026-05-12 11:59:44,225][__main__][INFO] - ✓ [google/gemma-3-12b-it] Temp=0.0 Rep=1 → Discordo
[2026-05-12 11:59:44,228][__main__][INFO] - ✓ [google/gemma-3-12b-it] Temp=0.0 Rep=1 → Concordo
[2026-05-12 11:59:44,236][__main__][INFO] - ✓ [mistralai/Mixtral-8x7B-Instruct-v0.1] Temp=0.0 Rep=1 → Discordo fortemente
[2026-05-12 11:59:44,254][__main__][INFO] - ✓ [google/gemma-3-12b-it] Temp=0.0 Rep=1 → Neutro
[2026-05-12 11:59:44,280][__main__][INFO] - ✓ [mistralai/Mixtral-8x7B-Instruct-v0.1] Temp=0.0 Rep=1 → Concordo
[2026-05-12 11:59:44,285][__main__][INFO] - ✓ [mistralai/Mixtral-8x7B-Instruct-v0.1] Temp=0.0 Rep=1 → Discordo
[2026-05-12 11:59:44,308][__main__][INFO] - ✓ [mistralai/Mixtral-8x7B-Instruct-v0.1] Temp=0.0 Rep=1 → Neutro
[2026-05-12 11:59:44,366][__main__][INFO] - ✓ [mistralai/Mixtral-8x7B-Instruct-v0.1] Temp=0.0 Rep=1 → Concordo fortemente
[2026-05-12 11:59:44,369][__main__][INFO] - ✓ [mistralai/Mixtral-8x7B-Instruct-v0.1] Temp=0.0 Rep=1 → Neutro
[2026-05-12 11:59:44,500][__main__][INFO] - ✓ [google/gemma-3-12b-it] Temp=0.0 Rep=1 → Concordo
[2026-05-12 11:59:44,566][__main__][INFO] - Salvamento incremental (3040 novas respostas)...
[2026-05-12 11:59:44,616][__main__][INFO] - Cache salvo com 239504 entradas
[2026-05-12 11:59:44,616][__main__][INFO] - ✓ [mistralai/Mixtral-8x7B-Instruct-v0.1] Temp=0.0 Rep=1 → Discordo
[2026-05-12 11:59:44,618][__main__][INFO] - ✓ [mistralai/Mixtral-8x7B-Instruct-v0.1] Temp=0.0 Rep=1 → Concordo fortemente
[2026-05-12 11:59:44,618][__main__][INFO] - ✓ [mistralai/Mixtral-8x7B-Instruct-v0.1] Temp=0.0 Rep=1 → Concordo
[2026-05-12 11:59:44,620][__main__][INFO] - ✓ [google/gemma-3-12b-it] Temp=0.0 Rep=1 → Neutro
[2026-05-12 11:59:44,625][__main__][INFO] - ✓ [google/gemma-3-12b-it] Temp=0.0 Rep=1 → Concordo
[2026-05-12 11:59:44,631][__main__][INFO] - ✓ [google/gemma-3-12b-it] Temp=0.0 Rep=1 → Concordo
[2026-05-12 11:59:44,752][__main__][INFO] - ✓ [mistralai/Mixtral-8x7B-Instruct-v0.1] Temp=0.0 Rep=1 → Concordo fortemente
[2026-05-12 11:59:44,752][__main__][INFO] - ✓ [google/gemma-3-12b-it] Temp=0.0 Rep=1 → Concordo
[2026-05-12 11:59:44,754][__main__][INFO] - ✓ [google/gemma-3-12b-it] Temp=0.0 Rep=1 → Concordo fortemente
[2026-05-12 11:59:44,923][__main__][INFO] - ✓ [mistralai/Mixtral-8x7B-Instruct-v0.1] Temp=0.0 Rep=1 → Neutro
[2026-05-12 11:59:44,934][__main__][INFO] - ✓ [mistralai/Mixtral-8x7B-Instruct-v0.1] Temp=0.0 Rep=1 → Concordo fortemente
[2026-05-12 11:59:44,939][__main__][INFO] - ✓ [google/gemma-3-12b-it] Temp=0.0 Rep=1 → Discordo
[2026-05-12 11:59:44,950][__main__][INFO] - ✓ [mistralai/Mixtral-8x7B-Instruct-v0.1] Temp=0.0 Rep=1 → Discordo fortemente
[2026-05-12 11:59:44,962][__main__][INFO] - ✓ [mistralai/Mixtral-8x7B-Instruct-v0.1] Temp=0.0 Rep=1 → Neutro
[2026-05-12 11:59:45,011][__main__][INFO] - ✓ [google/gemma-3-12b-it] Temp=0.0 Rep=1 → Neutro
[2026-05-12 11:59:45,042][__main__][INFO] - ✓ [google/gemma-3-12b-it] Temp=0.0 Rep=1 → Concordo
[2026-05-12 11:59:45,043][__main__][INFO] - ✓ [mistralai/Mixtral-8x7B-Instruct-v0.1] Temp=0.0 Rep=1 → Neutro
[2026-05-12 11:59:45,091][__main__][INFO] - ✓ [google/gemma-3-12b-it] Temp=0.0 Rep=1 → Concordo
[2026-05-12 11:59:45,114][__main__][INFO] - ✓ [google/gemma-3-12b-it] Temp=0.0 Rep=1 → Concordo
[2026-05-12 11:59:45,278][__main__][INFO] - ✓ [google/gemma-3-12b-it] Temp=0.0 Rep=1 → Concordo
[2026-05-12 11:59:45,282][__main__][INFO] - ✓ [mistralai/Mixtral-8x7B-Instruct-v0.1] Temp=0.0 Rep=1 → Neutro
[2026-05-12 11:59:45,283][__main__][INFO] - ✓ [mistralai/Mixtral-8x7B-Instruct-v0.1] Temp=0.0 Rep=1 → Concordo fortemente
[2026-05-12 11:59:45,284][__main__][INFO] - ✓ [google/gemma-3-12b-it] Temp=0.0 Rep=1 → Concordo
[2026-05-12 11:59:45,331][__main__][INFO] - ✓ [mistralai/Mixtral-8x7B-Instruct-v0.1] Temp=0.0 Rep=1 → Concordo fortemente
[2026-05-12 11:59:45,408][__main__][INFO] - ✓ [mistralai/Mixtral-8x7B-Instruct-v0.1] Temp=0.0 Rep=1 → Neutro
[2026-05-12 11:59:45,411][__main__][INFO] - ✓ [mistralai/Mixtral-8x7B-Instruct-v0.1] Temp=0.0 Rep=1 → Neutro
[2026-05-12 11:59:45,422][__main__][INFO] - ✓ [google/gemma-3-12b-it] Temp=0.0 Rep=1 → Neutro
[2026-05-12 11:59:45,492][__main__][INFO] - ✓ [google/gemma-3-12b-it] Temp=0.0 Rep=1 → Neutro
[2026-05-12 11:59:45,556][__main__][INFO] - ✓ [mistralai/Mixtral-8x7B-Instruct-v0.1] Temp=0.0 Rep=1 → Concordo
[2026-05-12 11:59:45,620][__main__][INFO] - ✓ [google/gemma-3-12b-it] Temp=0.0 Rep=1 → Discordo
[2026-05-12 11:59:45,640][__main__][INFO] - ✓ [google/gemma-3-12b-it] Temp=0.0 Rep=1 → Neutro
[2026-05-12 11:59:45,644][__main__][INFO] - ✓ [mistralai/Mixtral-8x7B-Instruct-v0.1] Temp=0.0 Rep=1 → Neutro
[2026-05-12 11:59:45,657][__main__][INFO] - ✓ [mistralai/Mixtral-8x7B-Instruct-v0.1] Temp=0.0 Rep=1 → Concordo
[2026-05-12 11:59:45,667][__main__][INFO] - ✓ [google/gemma-3-12b-it] Temp=0.0 Rep=1 → Concordo
[2026-05-12 11:59:45,687][__main__][INFO] - ✓ [mistralai/Mixtral-8x7B-Instruct-v0.1] Temp=0.0 Rep=1 → Concordo
[2026-05-12 11:59:45,803][__main__][INFO] - ✓ [google/gemma-3-12b-it] Temp=0.0 Rep=1 → Discordo
[2026-05-12 11:59:45,804][__main__][INFO] - ✓ [google/gemma-3-12b-it] Temp=0.0 Rep=1 → Concordo fortemente
[2026-05-12 11:59:45,824][__main__][INFO] - ✓ [mistralai/Mixtral-8x7B-Instruct-v0.1] Temp=0.0 Rep=1 → Concordo fortemente
[2026-05-12 11:59:45,839][__main__][INFO] - ✓ [google/gemma-3-12b-it] Temp=0.0 Rep=1 → Concordo
[2026-05-12 11:59:45,912][__main__][INFO] - ✓ [mistralai/Mixtral-8x7B-Instruct-v0.1] Temp=0.0 Rep=1 → Concordo
[2026-05-12 11:59:45,931][__main__][INFO] - Salvamento incremental (3080 novas respostas)...
[2026-05-12 11:59:45,977][__main__][INFO] - Cache salvo com 239544 entradas
[2026-05-12 11:59:45,977][__main__][INFO] - ✓ [mistralai/Mixtral-8x7B-Instruct-v0.1] Temp=0.0 Rep=1 → Concordo fortemente
[2026-05-12 11:59:45,979][__main__][INFO] - ✓ [google/gemma-3-12b-it] Temp=0.0 Rep=1 → Neutro
[2026-05-12 11:59:45,979][__main__][INFO] - ✓ [google/gemma-3-12b-it] Temp=0.0 Rep=1 → Neutro
[2026-05-12 11:59:45,979][__main__][INFO] - ✓ [mistralai/Mixtral-8x7B-Instruct-v0.1] Temp=0.0 Rep=1 → Discordo
[2026-05-12 11:59:46,002][__main__][INFO] - ✓ [google/gemma-3-12b-it] Temp=0.0 Rep=1 → Concordo
[2026-05-12 11:59:46,076][__main__][INFO] - ✓ [mistralai/Mixtral-8x7B-Instruct-v0.1] Temp=0.0 Rep=1 → Neutro
[2026-05-12 11:59:46,080][__main__][INFO] - ✓ [mistralai/Mixtral-8x7B-Instruct-v0.1] Temp=0.0 Rep=1 → Concordo fortemente
[2026-05-12 11:59:46,179][__main__][INFO] - ✓ [google/gemma-3-12b-it] Temp=0.0 Rep=1 → Discordo
[2026-05-12 11:59:46,331][__main__][INFO] - ✓ [google/gemma-3-12b-it] Temp=0.0 Rep=1 → Concordo
[2026-05-12 11:59:46,332][__main__][INFO] - ✓ [mistralai/Mixtral-8x7B-Instruct-v0.1] Temp=0.0 Rep=1 → Concordo
[2026-05-12 11:59:46,332][__main__][INFO] - ✓ [mistralai/Mixtral-8x7B-Instruct-v0.1] Temp=0.0 Rep=1 → Concordo
[2026-05-12 11:59:46,332][__main__][INFO] - ✓ [google/gemma-3-12b-it] Temp=0.0 Rep=1 → Neutro
[2026-05-12 11:59:46,375][__main__][INFO] - ✓ [mistralai/Mixtral-8x7B-Instruct-v0.1] Temp=0.0 Rep=1 → Concordo fortemente
[2026-05-12 11:59:46,388][__main__][INFO] - ✓ [google/gemma-3-12b-it] Temp=0.0 Rep=1 → Concordo fortemente
[2026-05-12 11:59:46,392][__main__][INFO] - ✓ [google/gemma-3-12b-it] Temp=0.0 Rep=1 → Concordo
[2026-05-12 11:59:46,457][__main__][INFO] - ✓ [mistralai/Mixtral-8x7B-Instruct-v0.1] Temp=0.0 Rep=1 → Concordo
[2026-05-12 11:59:46,628][__main__][INFO] - ✓ [mistralai/Mixtral-8x7B-Instruct-v0.1] Temp=0.0 Rep=1 → Concordo fortemente
[2026-05-12 11:59:46,668][__main__][INFO] - ✓ [mistralai/Mixtral-8x7B-Instruct-v0.1] Temp=0.0 Rep=1 → Concordo
[2026-05-12 11:59:46,680][__main__][INFO] - ✓ [google/gemma-3-12b-it] Temp=0.0 Rep=1 → Neutro
[2026-05-12 11:59:46,692][__main__][INFO] - ✓ [mistralai/Mixtral-8x7B-Instruct-v0.1] Temp=0.0 Rep=1 → Concordo
[2026-05-12 11:59:46,719][__main__][INFO] - ✓ [google/gemma-3-12b-it] Temp=0.0 Rep=1 → Neutro
[2026-05-12 11:59:46,729][__main__][INFO] - ✓ [mistralai/Mixtral-8x7B-Instruct-v0.1] Temp=0.0 Rep=1 → Concordo
[2026-05-12 11:59:46,743][__main__][INFO] - ✓ [google/gemma-3-12b-it] Temp=0.0 Rep=1 → Concordo
[2026-05-12 11:59:46,857][__main__][INFO] - ✓ [google/gemma-3-12b-it] Temp=0.0 Rep=1 → Concordo
[2026-05-12 11:59:46,923][__main__][INFO] - ✓ [mistralai/Mixtral-8x7B-Instruct-v0.1] Temp=0.0 Rep=1 → Concordo
[2026-05-12 11:59:46,949][__main__][INFO] - ✓ [google/gemma-3-12b-it] Temp=0.0 Rep=1 → Concordo fortemente
[2026-05-12 11:59:46,957][__main__][INFO] - ✓ [mistralai/Mixtral-8x7B-Instruct-v0.1] Temp=0.0 Rep=1 → Concordo fortemente
[2026-05-12 11:59:46,962][__main__][INFO] - ✓ [google/gemma-3-12b-it] Temp=0.0 Rep=1 → Concordo
[2026-05-12 11:59:47,002][__main__][INFO] - ✓ [mistralai/Mixtral-8x7B-Instruct-v0.1] Temp=0.0 Rep=1 → Concordo
[2026-05-12 11:59:47,029][__main__][INFO] - ✓ [mistralai/Mixtral-8x7B-Instruct-v0.1] Temp=0.0 Rep=1 → Concordo fortemente
[2026-05-12 11:59:47,043][__main__][INFO] - ✓ [google/gemma-3-12b-it] Temp=0.0 Rep=1 → Concordo
[2026-05-12 11:59:47,068][__main__][INFO] - ✓ [google/gemma-3-12b-it] Temp=0.0 Rep=1 → Neutro
[2026-05-12 11:59:47,103][__main__][INFO] - ✓ [google/gemma-3-12b-it] Temp=0.0 Rep=1 → Concordo
[2026-05-12 11:59:47,182][__main__][INFO] - ✓ [google/gemma-3-12b-it] Temp=0.0 Rep=1 → Neutro
[2026-05-12 11:59:47,222][__main__][INFO] - ✓ [mistralai/Mixtral-8x7B-Instruct-v0.1] Temp=0.0 Rep=1 → Discordo fortemente
[2026-05-12 11:59:47,228][__main__][INFO] - ✓ [mistralai/Mixtral-8x7B-Instruct-v0.1] Temp=0.0 Rep=1 → Concordo fortemente
[2026-05-12 11:59:47,231][__main__][INFO] - ✓ [mistralai/Mixtral-8x7B-Instruct-v0.1] Temp=0.0 Rep=1 → Neutro
[2026-05-12 11:59:47,254][__main__][INFO] - ✓ [google/gemma-3-12b-it] Temp=0.0 Rep=1 → Neutro
[2026-05-12 11:59:47,379][__main__][INFO] - ✓ [mistralai/Mixtral-8x7B-Instruct-v0.1] Temp=0.0 Rep=1 → Concordo
[2026-05-12 11:59:47,383][__main__][INFO] - ✓ [google/gemma-3-12b-it] Temp=0.0 Rep=1 → Neutro
[2026-05-12 11:59:47,384][__main__][INFO] - Salvamento incremental (3120 novas respostas)...
[2026-05-12 11:59:47,434][__main__][INFO] - Cache salvo com 239584 entradas
[2026-05-12 11:59:47,434][__main__][INFO] - ✓ [mistralai/Mixtral-8x7B-Instruct-v0.1] Temp=0.0 Rep=1 → Discordo
[2026-05-12 11:59:47,434][__main__][INFO] - ✓ [google/gemma-3-12b-it] Temp=0.0 Rep=1 → Concordo
[2026-05-12 11:59:47,438][__main__][INFO] - ✓ [mistralai/Mixtral-8x7B-Instruct-v0.1] Temp=0.0 Rep=1 → Neutro
[2026-05-12 11:59:47,534][__main__][INFO] - ✓ [mistralai/Mixtral-8x7B-Instruct-v0.1] Temp=0.0 Rep=1 → Concordo fortemente
[2026-05-12 11:59:47,542][__main__][INFO] - ✓ [mistralai/Mixtral-8x7B-Instruct-v0.1] Temp=0.0 Rep=1 → Neutro
[2026-05-12 11:59:47,699][__main__][INFO] - ✓ [google/gemma-3-12b-it] Temp=0.0 Rep=1 → Neutro
[2026-05-12 11:59:47,722][__main__][INFO] - ✓ [mistralai/Mixtral-8x7B-Instruct-v0.1] Temp=0.0 Rep=1 → Neutro
[2026-05-12 11:59:47,733][__main__][INFO] - ✓ [mistralai/Mixtral-8x7B-Instruct-v0.1] Temp=0.0 Rep=1 → Concordo fortemente
[2026-05-12 11:59:47,734][__main__][INFO] - ✓ [google/gemma-3-12b-it] Temp=0.0 Rep=1 → Concordo fortemente
[2026-05-12 11:59:47,746][__main__][INFO] - ✓ [google/gemma-3-12b-it] Temp=0.0 Rep=1 → Discordo fortemente
[2026-05-12 11:59:47,782][__main__][INFO] - ✓ [google/gemma-3-12b-it] Temp=0.0 Rep=1 → Neutro
[2026-05-12 11:59:47,802][__main__][INFO] - ✓ [mistralai/Mixtral-8x7B-Instruct-v0.1] Temp=0.0 Rep=1 → Neutro
[2026-05-12 11:59:47,904][__main__][INFO] - ✓ [mistralai/Mixtral-8x7B-Instruct-v0.1] Temp=0.0 Rep=1 → Neutro
[2026-05-12 11:59:47,908][__main__][INFO] - ✓ [google/gemma-3-12b-it] Temp=0.0 Rep=1 → Discordo
[2026-05-12 11:59:47,909][__main__][INFO] - ✓ [google/gemma-3-12b-it] Temp=0.0 Rep=1 → Concordo fortemente
[2026-05-12 11:59:48,053][__main__][INFO] - ✓ [google/gemma-3-12b-it] Temp=0.0 Rep=1 → Neutro
[2026-05-12 11:59:48,088][__main__][INFO] - ✓ [google/gemma-3-12b-it] Temp=0.0 Rep=1 → Concordo
[2026-05-12 11:59:48,092][__main__][INFO] - ✓ [google/gemma-3-12b-it] Temp=0.0 Rep=1 → Neutro
[2026-05-12 11:59:48,163][__main__][INFO] - ✓ [mistralai/Mixtral-8x7B-Instruct-v0.1] Temp=0.0 Rep=1 → Discordo
[2026-05-12 11:59:48,174][__main__][INFO] - ✓ [google/gemma-3-12b-it] Temp=0.0 Rep=1 → Concordo fortemente
[2026-05-12 11:59:48,222][__main__][INFO] - ✓ [mistralai/Mixtral-8x7B-Instruct-v0.1] Temp=0.0 Rep=1 → Concordo
[2026-05-12 11:59:48,229][__main__][INFO] - ✓ [mistralai/Mixtral-8x7B-Instruct-v0.1] Temp=0.0 Rep=1 → Neutro
[2026-05-12 11:59:48,242][__main__][INFO] - ✓ [mistralai/Mixtral-8x7B-Instruct-v0.1] Temp=0.0 Rep=1 → Concordo fortemente
[2026-05-12 11:59:48,277][__main__][INFO] - ✓ [google/gemma-3-12b-it] Temp=0.0 Rep=1 → Neutro
[2026-05-12 11:59:48,428][__main__][INFO] - ✓ [mistralai/Mixtral-8x7B-Instruct-v0.1] Temp=0.0 Rep=1 → Neutro
[2026-05-12 11:59:48,435][__main__][INFO] - ✓ [mistralai/Mixtral-8x7B-Instruct-v0.1] Temp=0.0 Rep=1 → Neutro
[2026-05-12 11:59:48,440][__main__][INFO] - ✓ [google/gemma-3-12b-it] Temp=0.0 Rep=1 → Discordo fortemente
[2026-05-12 11:59:48,495][__main__][INFO] - ✓ [google/gemma-3-12b-it] Temp=0.0 Rep=1 → Discordo
[2026-05-12 11:59:48,513][__main__][INFO] - ✓ [mistralai/Mixtral-8x7B-Instruct-v0.1] Temp=0.0 Rep=1 → Concordo
[2026-05-12 11:59:48,522][__main__][INFO] - ✓ [google/gemma-3-12b-it] Temp=0.0 Rep=1 → Concordo
[2026-05-12 11:59:48,536][__main__][INFO] - ✓ [mistralai/Mixtral-8x7B-Instruct-v0.1] Temp=0.0 Rep=1 → Discordo fortemente
[2026-05-12 11:59:48,537][__main__][INFO] - ✓ [mistralai/Mixtral-8x7B-Instruct-v0.1] Temp=0.0 Rep=1 → Discordo fortemente
[2026-05-12 11:59:48,545][__main__][INFO] - ✓ [google/gemma-3-12b-it] Temp=0.0 Rep=1 → Discordo fortemente
[2026-05-12 11:59:48,750][__main__][INFO] - ✓ [google/gemma-3-12b-it] Temp=0.0 Rep=1 → Neutro
[2026-05-12 11:59:48,757][__main__][INFO] - ✓ [google/gemma-3-12b-it] Temp=0.0 Rep=1 → Concordo fortemente
[2026-05-12 11:59:48,854][__main__][INFO] - ✓ [google/gemma-3-12b-it] Temp=0.0 Rep=1 → Concordo fortemente
[2026-05-12 11:59:48,857][__main__][INFO] - ✓ [google/gemma-3-12b-it] Temp=0.0 Rep=1 → Discordo
[2026-05-12 11:59:48,860][__main__][INFO] - ✓ [google/gemma-3-12b-it] Temp=0.0 Rep=1 → Discordo fortemente
[2026-05-12 11:59:48,955][__main__][INFO] - ✓ [mistralai/Mixtral-8x7B-Instruct-v0.1] Temp=0.0 Rep=1 → Concordo
[2026-05-12 11:59:48,959][__main__][INFO] - ✓ [mistralai/Mixtral-8x7B-Instruct-v0.1] Temp=0.0 Rep=1 → Concordo
[2026-05-12 11:59:48,960][__main__][INFO] - Salvamento incremental (3160 novas respostas)...
[2026-05-12 11:59:49,010][__main__][INFO] - Cache salvo com 239624 entradas
[2026-05-12 11:59:49,010][__main__][INFO] - ✓ [google/gemma-3-12b-it] Temp=0.0 Rep=1 → Concordo
[2026-05-12 11:59:49,011][__main__][INFO] - ✓ [mistralai/Mixtral-8x7B-Instruct-v0.1] Temp=0.0 Rep=1 → Discordo fortemente
[2026-05-12 11:59:49,011][__main__][INFO] - ✓ [mistralai/Mixtral-8x7B-Instruct-v0.1] Temp=0.0 Rep=1 → Concordo fortemente
[2026-05-12 11:59:49,034][__main__][INFO] - ✓ [mistralai/Mixtral-8x7B-Instruct-v0.1] Temp=0.0 Rep=1 → Concordo
[2026-05-12 11:59:49,048][__main__][INFO] - ✓ [mistralai/Mixtral-8x7B-Instruct-v0.1] Temp=0.0 Rep=1 → Discordo fortemente
[2026-05-12 11:59:49,336][__main__][INFO] - ✓ [mistralai/Mixtral-8x7B-Instruct-v0.1] Temp=0.0 Rep=1 → Discordo fortemente
[2026-05-12 11:59:49,350][__main__][INFO] - ✓ [mistralai/Mixtral-8x7B-Instruct-v0.1] Temp=0.0 Rep=1 → Concordo fortemente
[2026-05-12 11:59:49,361][__main__][INFO] - ✓ [google/gemma-3-12b-it] Temp=0.0 Rep=1 → Concordo
[2026-05-12 11:59:49,474][__main__][INFO] - ✓ [google/gemma-3-12b-it] Temp=0.0 Rep=1 → Discordo fortemente
[2026-05-12 11:59:49,478][__main__][INFO] - ✓ [google/gemma-3-12b-it] Temp=0.0 Rep=1 → Discordo
[2026-05-12 11:59:49,479][__main__][INFO] - ✓ [mistralai/Mixtral-8x7B-Instruct-v0.1] Temp=0.0 Rep=1 → Discordo
[2026-05-12 11:59:49,480][__main__][INFO] - ✓ [google/gemma-3-12b-it] Temp=0.0 Rep=1 → Concordo
[2026-05-12 11:59:49,481][__main__][INFO] - ✓ [google/gemma-3-12b-it] Temp=0.0 Rep=1 → Discordo
[2026-05-12 11:59:49,489][__main__][INFO] - ✓ [mistralai/Mixtral-8x7B-Instruct-v0.1] Temp=0.0 Rep=1 → Discordo
[2026-05-12 11:59:49,496][__main__][INFO] - ✓ [google/gemma-3-12b-it] Temp=0.0 Rep=1 → Concordo fortemente
[2026-05-12 11:59:49,645][__main__][INFO] - ✓ [mistralai/Mixtral-8x7B-Instruct-v0.1] Temp=0.0 Rep=1 → Concordo
[2026-05-12 11:59:49,759][__main__][INFO] - ✓ [mistralai/Mixtral-8x7B-Instruct-v0.1] Temp=0.0 Rep=1 → Concordo
[2026-05-12 11:59:49,776][__main__][INFO] - ✓ [mistralai/Mixtral-8x7B-Instruct-v0.1] Temp=0.0 Rep=1 → Concordo
[2026-05-12 11:59:49,799][__main__][INFO] - ✓ [google/gemma-3-12b-it] Temp=0.0 Rep=1 → Concordo fortemente
[2026-05-12 11:59:49,841][__main__][INFO] - ✓ [google/gemma-3-12b-it] Temp=0.0 Rep=1 → Concordo fortemente
[2026-05-12 11:59:49,849][__main__][INFO] - ✓ [mistralai/Mixtral-8x7B-Instruct-v0.1] Temp=0.0 Rep=1 → Concordo
[2026-05-12 11:59:50,000][__main__][INFO] - ✓ [google/gemma-3-12b-it] Temp=0.0 Rep=1 → Neutro
[2026-05-12 11:59:50,008][__main__][INFO] - ✓ [google/gemma-3-12b-it] Temp=0.0 Rep=1 → Discordo
[2026-05-12 11:59:50,044][__main__][INFO] - ✓ [mistralai/Mixtral-8x7B-Instruct-v0.1] Temp=0.0 Rep=1 → Discordo fortemente
[2026-05-12 11:59:50,050][__main__][INFO] - ✓ [mistralai/Mixtral-8x7B-Instruct-v0.1] Temp=0.0 Rep=1 → Concordo fortemente
[2026-05-12 11:59:50,080][__main__][INFO] - ✓ [mistralai/Mixtral-8x7B-Instruct-v0.1] Temp=0.0 Rep=1 → Neutro
[2026-05-12 11:59:50,140][__main__][INFO] - ✓ [google/gemma-3-12b-it] Temp=0.0 Rep=1 → Discordo
[2026-05-12 11:59:50,187][__main__][INFO] - ✓ [google/gemma-3-12b-it] Temp=0.0 Rep=1 → Concordo fortemente
[2026-05-12 11:59:50,418][__main__][INFO] - ✓ [mistralai/Mixtral-8x7B-Instruct-v0.1] Temp=0.0 Rep=1 → Neutro
[2026-05-12 11:59:50,421][__main__][INFO] - ✓ [google/gemma-3-12b-it] Temp=0.0 Rep=1 → Discordo
[2026-05-12 11:59:50,521][__main__][INFO] - ✓ [mistralai/Mixtral-8x7B-Instruct-v0.1] Temp=0.0 Rep=1 → Discordo
[2026-05-12 11:59:50,528][__main__][INFO] - ✓ [google/gemma-3-12b-it] Temp=0.0 Rep=1 → Neutro
[2026-05-12 11:59:50,529][__main__][INFO] - ✓ [mistralai/Mixtral-8x7B-Instruct-v0.1] Temp=0.0 Rep=1 → Concordo fortemente
[2026-05-12 11:59:50,535][__main__][INFO] - ✓ [google/gemma-3-12b-it] Temp=0.0 Rep=1 → Concordo
[2026-05-12 11:59:50,574][__main__][INFO] - ✓ [google/gemma-3-12b-it] Temp=0.0 Rep=1 → Neutro
[2026-05-12 11:59:50,689][__main__][INFO] - ✓ [mistralai/Mixtral-8x7B-Instruct-v0.1] Temp=0.0 Rep=1 → Concordo
[2026-05-12 11:59:50,712][__main__][INFO] - ✓ [mistralai/Mixtral-8x7B-Instruct-v0.1] Temp=0.0 Rep=1 → Discordo
[2026-05-12 11:59:50,833][__main__][INFO] - ✓ [mistralai/Mixtral-8x7B-Instruct-v0.1] Temp=0.0 Rep=1 → Neutro
[2026-05-12 11:59:50,861][__main__][INFO] - ✓ [google/gemma-3-12b-it] Temp=0.0 Rep=1 → Concordo fortemente
[2026-05-12 11:59:50,874][__main__][INFO] - ✓ [mistralai/Mixtral-8x7B-Instruct-v0.1] Temp=0.0 Rep=1 → Concordo fortemente
[2026-05-12 11:59:50,875][__main__][INFO] - Salvamento incremental (3200 novas respostas)...
[2026-05-12 11:59:50,923][__main__][INFO] - Cache salvo com 239664 entradas
[2026-05-12 11:59:50,923][__main__][INFO] - ✓ [mistralai/Mixtral-8x7B-Instruct-v0.1] Temp=0.0 Rep=1 → Concordo fortemente
[2026-05-12 11:59:50,925][__main__][INFO] - ✓ [google/gemma-3-12b-it] Temp=0.0 Rep=1 → Concordo
[2026-05-12 11:59:50,925][__main__][INFO] - ✓ [google/gemma-3-12b-it] Temp=0.0 Rep=1 → Concordo fortemente
[2026-05-12 11:59:51,046][__main__][INFO] - ✓ [mistralai/Mixtral-8x7B-Instruct-v0.1] Temp=0.0 Rep=1 → Neutro
[2026-05-12 11:59:51,047][__main__][INFO] - ✓ [google/gemma-3-12b-it] Temp=0.0 Rep=1 → Neutro
[2026-05-12 11:59:51,141][__main__][INFO] - ✓ [mistralai/Mixtral-8x7B-Instruct-v0.1] Temp=0.0 Rep=1 → Neutro
[2026-05-12 11:59:51,145][__main__][INFO] - ✓ [google/gemma-3-12b-it] Temp=0.0 Rep=1 → Concordo
[2026-05-12 11:59:51,183][__main__][INFO] - ✓ [google/gemma-3-12b-it] Temp=0.0 Rep=1 → Discordo
[2026-05-12 11:59:51,191][__main__][INFO] - ✓ [google/gemma-3-12b-it] Temp=0.0 Rep=1 → Concordo
[2026-05-12 11:59:51,196][__main__][INFO] - ✓ [mistralai/Mixtral-8x7B-Instruct-v0.1] Temp=0.0 Rep=1 → Discordo
[2026-05-12 11:59:51,203][__main__][INFO] - ✓ [mistralai/Mixtral-8x7B-Instruct-v0.1] Temp=0.0 Rep=1 → Concordo fortemente
[2026-05-12 11:59:51,224][__main__][INFO] - ✓ [google/gemma-3-12b-it] Temp=0.0 Rep=1 → Neutro
[2026-05-12 11:59:51,362][__main__][INFO] - ✓ [google/gemma-3-12b-it] Temp=0.0 Rep=1 → Discordo
[2026-05-12 11:59:51,406][__main__][INFO] - ✓ [mistralai/Mixtral-8x7B-Instruct-v0.1] Temp=0.0 Rep=1 → Neutro
[2026-05-12 11:59:51,415][__main__][INFO] - ✓ [google/gemma-3-12b-it] Temp=0.0 Rep=1 → Concordo fortemente
[2026-05-12 11:59:51,427][__main__][INFO] - ✓ [mistralai/Mixtral-8x7B-Instruct-v0.1] Temp=0.0 Rep=1 → Concordo fortemente
[2026-05-12 11:59:51,456][__main__][INFO] - ✓ [google/gemma-3-12b-it] Temp=0.0 Rep=1 → Neutro
[2026-05-12 11:59:51,461][__main__][INFO] - ✓ [mistralai/Mixtral-8x7B-Instruct-v0.1] Temp=0.0 Rep=1 → Discordo
[2026-05-12 11:59:51,572][__main__][INFO] - ✓ [google/gemma-3-12b-it] Temp=0.0 Rep=1 → Concordo
[2026-05-12 11:59:51,577][__main__][INFO] - ✓ [google/gemma-3-12b-it] Temp=0.0 Rep=1 → Discordo
[2026-05-12 11:59:51,578][__main__][INFO] - ✓ [mistralai/Mixtral-8x7B-Instruct-v0.1] Temp=0.0 Rep=1 → Neutro
[2026-05-12 11:59:51,680][__main__][INFO] - ✓ [mistralai/Mixtral-8x7B-Instruct-v0.1] Temp=0.0 Rep=1 → Discordo fortemente
[2026-05-12 11:59:51,692][__main__][INFO] - ✓ [mistralai/Mixtral-8x7B-Instruct-v0.1] Temp=0.0 Rep=1 → Discordo
[2026-05-12 11:59:51,696][__main__][INFO] - ✓ [mistralai/Mixtral-8x7B-Instruct-v0.1] Temp=0.0 Rep=1 → Concordo
[2026-05-12 11:59:51,757][__main__][INFO] - ✓ [google/gemma-3-12b-it] Temp=0.0 Rep=1 → Concordo
[2026-05-12 11:59:51,763][__main__][INFO] - ✓ [google/gemma-3-12b-it] Temp=0.0 Rep=1 → Concordo fortemente
[2026-05-12 11:59:51,768][__main__][INFO] - ✓ [google/gemma-3-12b-it] Temp=0.0 Rep=1 → Concordo
[2026-05-12 11:59:51,792][__main__][INFO] - ✓ [google/gemma-3-12b-it] Temp=0.0 Rep=1 → Concordo
[2026-05-12 11:59:51,870][__main__][INFO] - ✓ [mistralai/Mixtral-8x7B-Instruct-v0.1] Temp=0.0 Rep=1 → Concordo fortemente
[2026-05-12 11:59:51,876][__main__][INFO] - ✓ [mistralai/Mixtral-8x7B-Instruct-v0.1] Temp=0.0 Rep=1 → Concordo
[2026-05-12 11:59:51,884][__main__][INFO] - ✓ [mistralai/Mixtral-8x7B-Instruct-v0.1] Temp=0.0 Rep=1 → Concordo
[2026-05-12 11:59:51,990][__main__][INFO] - ✓ [google/gemma-3-12b-it] Temp=0.0 Rep=1 → Discordo
[2026-05-12 11:59:51,998][__main__][INFO] - ✓ [google/gemma-3-12b-it] Temp=0.0 Rep=1 → Concordo
[2026-05-12 11:59:52,095][__main__][INFO] - ✓ [google/gemma-3-12b-it] Temp=0.0 Rep=1 → Neutro
[2026-05-12 11:59:52,098][__main__][INFO] - ✓ [mistralai/Mixtral-8x7B-Instruct-v0.1] Temp=0.0 Rep=1 → Concordo
[2026-05-12 11:59:52,112][__main__][INFO] - ✓ [mistralai/Mixtral-8x7B-Instruct-v0.1] Temp=0.0 Rep=1 → Discordo
[2026-05-12 11:59:52,127][__main__][INFO] - ✓ [mistralai/Mixtral-8x7B-Instruct-v0.1] Temp=0.0 Rep=1 → Discordo
[2026-05-12 11:59:52,168][__main__][INFO] - ✓ [mistralai/Mixtral-8x7B-Instruct-v0.1] Temp=0.0 Rep=1 → Concordo fortemente
[2026-05-12 11:59:52,171][__main__][INFO] - ✓ [google/gemma-3-12b-it] Temp=0.0 Rep=1 → Concordo fortemente
[2026-05-12 11:59:52,218][__main__][INFO] - ✓ [google/gemma-3-12b-it] Temp=0.0 Rep=1 → Concordo
[2026-05-12 11:59:52,262][__main__][INFO] - Salvamento incremental (3240 novas respostas)...
[2026-05-12 11:59:52,316][__main__][INFO] - Cache salvo com 239704 entradas
[2026-05-12 11:59:52,317][__main__][INFO] - ✓ [google/gemma-3-12b-it] Temp=0.0 Rep=1 → Neutro
[2026-05-12 11:59:52,319][__main__][INFO] - ✓ [mistralai/Mixtral-8x7B-Instruct-v0.1] Temp=0.0 Rep=1 → Concordo
[2026-05-12 11:59:52,399][__main__][INFO] - ✓ [mistralai/Mixtral-8x7B-Instruct-v0.1] Temp=0.0 Rep=1 → Concordo
[2026-05-12 11:59:52,447][__main__][INFO] - ✓ [mistralai/Mixtral-8x7B-Instruct-v0.1] Temp=0.0 Rep=1 → Concordo fortemente
[2026-05-12 11:59:52,454][__main__][INFO] - ✓ [mistralai/Mixtral-8x7B-Instruct-v0.1] Temp=0.0 Rep=1 → Concordo
[2026-05-12 11:59:52,468][__main__][INFO] - ✓ [mistralai/Mixtral-8x7B-Instruct-v0.1] Temp=0.0 Rep=1 → Concordo
[2026-05-12 11:59:52,498][__main__][INFO] - ✓ [google/gemma-3-12b-it] Temp=0.0 Rep=1 → Concordo
[2026-05-12 11:59:52,619][__main__][INFO] - ✓ [google/gemma-3-12b-it] Temp=0.0 Rep=1 → Neutro
[2026-05-12 11:59:52,623][__main__][INFO] - ✓ [google/gemma-3-12b-it] Temp=0.0 Rep=1 → Concordo fortemente
[2026-05-12 11:59:52,634][__main__][INFO] - ✓ [google/gemma-3-12b-it] Temp=0.0 Rep=1 → Concordo
[2026-05-12 11:59:52,674][__main__][INFO] - ✓ [mistralai/Mixtral-8x7B-Instruct-v0.1] Temp=0.0 Rep=1 → Concordo
[2026-05-12 11:59:52,691][__main__][INFO] - ✓ [google/gemma-3-12b-it] Temp=0.0 Rep=1 → Neutro
[2026-05-12 11:59:52,711][__main__][INFO] - ✓ [google/gemma-3-12b-it] Temp=0.0 Rep=1 → Concordo
[2026-05-12 11:59:52,735][__main__][INFO] - ✓ [mistralai/Mixtral-8x7B-Instruct-v0.1] Temp=0.0 Rep=1 → Neutro
[2026-05-12 11:59:52,738][__main__][INFO] - ✓ [mistralai/Mixtral-8x7B-Instruct-v0.1] Temp=0.0 Rep=1 → Concordo
[2026-05-12 11:59:52,797][__main__][INFO] - ✓ [google/gemma-3-12b-it] Temp=0.0 Rep=1 → Neutro
[2026-05-12 11:59:52,822][__main__][INFO] - ✓ [google/gemma-3-12b-it] Temp=0.0 Rep=1 → Concordo fortemente
[2026-05-12 11:59:52,906][__main__][INFO] - ✓ [google/gemma-3-12b-it] Temp=0.0 Rep=1 → Neutro
[2026-05-12 11:59:52,929][__main__][INFO] - ✓ [mistralai/Mixtral-8x7B-Instruct-v0.1] Temp=0.0 Rep=1 → Concordo fortemente
[2026-05-12 11:59:52,938][__main__][INFO] - ✓ [mistralai/Mixtral-8x7B-Instruct-v0.1] Temp=0.0 Rep=1 → Neutro
[2026-05-12 11:59:52,972][__main__][INFO] - ✓ [mistralai/Mixtral-8x7B-Instruct-v0.1] Temp=0.0 Rep=1 → Neutro
[2026-05-12 11:59:53,008][__main__][INFO] - ✓ [google/gemma-3-12b-it] Temp=0.0 Rep=1 → Discordo
[2026-05-12 11:59:53,022][__main__][INFO] - ✓ [mistralai/Mixtral-8x7B-Instruct-v0.1] Temp=0.0 Rep=1 → Discordo
[2026-05-12 11:59:53,146][__main__][INFO] - ✓ [google/gemma-3-12b-it] Temp=0.0 Rep=1 → Concordo
[2026-05-12 11:59:53,150][__main__][INFO] - ✓ [google/gemma-3-12b-it] Temp=0.0 Rep=1 → Neutro
[2026-05-12 11:59:53,151][__main__][INFO] - ✓ [mistralai/Mixtral-8x7B-Instruct-v0.1] Temp=0.0 Rep=1 → Concordo
[2026-05-12 11:59:53,151][__main__][INFO] - ✓ [mistralai/Mixtral-8x7B-Instruct-v0.1] Temp=0.0 Rep=1 → Discordo
[2026-05-12 11:59:53,251][__main__][INFO] - ✓ [google/gemma-3-12b-it] Temp=0.0 Rep=1 → Neutro
[2026-05-12 11:59:53,262][__main__][INFO] - ✓ [mistralai/Mixtral-8x7B-Instruct-v0.1] Temp=0.0 Rep=1 → Concordo
[2026-05-12 11:59:53,298][__main__][INFO] - ✓ [google/gemma-3-12b-it] Temp=0.0 Rep=1 → Concordo
[2026-05-12 11:59:53,331][__main__][INFO] - ✓ [mistralai/Mixtral-8x7B-Instruct-v0.1] Temp=0.0 Rep=1 → Concordo
[2026-05-12 11:59:53,357][__main__][INFO] - ✓ [mistralai/Mixtral-8x7B-Instruct-v0.1] Temp=0.0 Rep=1 → Neutro
[2026-05-12 11:59:53,391][__main__][INFO] - ✓ [google/gemma-3-12b-it] Temp=0.0 Rep=1 → Neutro
[2026-05-12 11:59:53,426][__main__][INFO] - ✓ [mistralai/Mixtral-8x7B-Instruct-v0.1] Temp=0.0 Rep=1 → Concordo
[2026-05-12 11:59:53,475][__main__][INFO] - ✓ [google/gemma-3-12b-it] Temp=0.0 Rep=1 → Neutro
[2026-05-12 11:59:53,482][__main__][INFO] - ✓ [google/gemma-3-12b-it] Temp=0.0 Rep=1 → Concordo
[2026-05-12 11:59:53,484][__main__][INFO] - ✓ [google/gemma-3-12b-it] Temp=0.0 Rep=1 → Concordo
[2026-05-12 11:59:53,506][__main__][INFO] - ✓ [mistralai/Mixtral-8x7B-Instruct-v0.1] Temp=0.0 Rep=1 → Concordo
[2026-05-12 11:59:53,565][__main__][INFO] - ✓ [mistralai/Mixtral-8x7B-Instruct-v0.1] Temp=0.0 Rep=1 → Neutro
[2026-05-12 11:59:53,668][__main__][INFO] - ✓ [google/gemma-3-12b-it] Temp=0.0 Rep=1 → Neutro
[2026-05-12 11:59:53,669][__main__][INFO] - Salvamento incremental (3280 novas respostas)...
[2026-05-12 11:59:53,723][__main__][INFO] - Cache salvo com 239744 entradas
[2026-05-12 11:59:53,723][__main__][INFO] - ✓ [google/gemma-3-12b-it] Temp=0.0 Rep=1 → Neutro
[2026-05-12 11:59:53,725][__main__][INFO] - ✓ [google/gemma-3-12b-it] Temp=0.0 Rep=1 → Concordo
[2026-05-12 11:59:53,727][__main__][INFO] - ✓ [mistralai/Mixtral-8x7B-Instruct-v0.1] Temp=0.0 Rep=1 → Concordo fortemente
[2026-05-12 11:59:53,727][__main__][INFO] - ✓ [mistralai/Mixtral-8x7B-Instruct-v0.1] Temp=0.0 Rep=1 → Neutro
[2026-05-12 11:59:53,803][__main__][INFO] - ✓ [mistralai/Mixtral-8x7B-Instruct-v0.1] Temp=0.0 Rep=1 → Neutro
[2026-05-12 11:59:53,806][__main__][INFO] - ✓ [google/gemma-3-12b-it] Temp=0.0 Rep=1 → Discordo
[2026-05-12 11:59:53,811][__main__][INFO] - ✓ [google/gemma-3-12b-it] Temp=0.0 Rep=1 → Discordo
[2026-05-12 11:59:53,812][__main__][INFO] - ✓ [google/gemma-3-12b-it] Temp=0.0 Rep=1 → Concordo
[2026-05-12 11:59:53,837][__main__][INFO] - ✓ [mistralai/Mixtral-8x7B-Instruct-v0.1] Temp=0.0 Rep=1 → Discordo fortemente
[2026-05-12 11:59:54,020][__main__][INFO] - ✓ [mistralai/Mixtral-8x7B-Instruct-v0.1] Temp=0.0 Rep=1 → Discordo
[2026-05-12 11:59:54,055][__main__][INFO] - ✓ [mistralai/Mixtral-8x7B-Instruct-v0.1] Temp=0.0 Rep=1 → Concordo
[2026-05-12 11:59:54,082][__main__][INFO] - ✓ [mistralai/Mixtral-8x7B-Instruct-v0.1] Temp=0.0 Rep=1 → Concordo fortemente
[2026-05-12 11:59:54,086][__main__][INFO] - ✓ [mistralai/Mixtral-8x7B-Instruct-v0.1] Temp=0.0 Rep=1 → Neutro
[2026-05-12 11:59:54,191][__main__][INFO] - ✓ [google/gemma-3-12b-it] Temp=0.0 Rep=1 → Neutro
[2026-05-12 11:59:54,197][__main__][INFO] - ✓ [google/gemma-3-12b-it] Temp=0.0 Rep=1 → Neutro
[2026-05-12 11:59:54,197][__main__][INFO] - ✓ [google/gemma-3-12b-it] Temp=0.0 Rep=1 → Concordo
[2026-05-12 11:59:54,217][__main__][INFO] - ✓ [google/gemma-3-12b-it] Temp=0.0 Rep=1 → Concordo fortemente
[2026-05-12 11:59:54,333][__main__][INFO] - ✓ [google/gemma-3-12b-it] Temp=0.0 Rep=1 → Concordo
[2026-05-12 11:59:54,367][__main__][INFO] - ✓ [mistralai/Mixtral-8x7B-Instruct-v0.1] Temp=0.0 Rep=1 → Concordo
[2026-05-12 11:59:54,376][__main__][INFO] - ✓ [mistralai/Mixtral-8x7B-Instruct-v0.1] Temp=0.0 Rep=1 → Concordo
[2026-05-12 11:59:54,397][__main__][INFO] - ✓ [mistralai/Mixtral-8x7B-Instruct-v0.1] Temp=0.0 Rep=1 → Concordo fortemente
[2026-05-12 11:59:54,536][__main__][INFO] - ✓ [mistralai/Mixtral-8x7B-Instruct-v0.1] Temp=0.0 Rep=1 → Neutro
[2026-05-12 11:59:54,549][__main__][INFO] - ✓ [google/gemma-3-12b-it] Temp=0.0 Rep=1 → Discordo
[2026-05-12 11:59:54,553][__main__][INFO] - ✓ [google/gemma-3-12b-it] Temp=0.0 Rep=1 → Concordo
[2026-05-12 11:59:54,590][__main__][INFO] - ✓ [google/gemma-3-12b-it] Temp=0.0 Rep=1 → Concordo fortemente
[2026-05-12 11:59:54,626][__main__][INFO] - ✓ [mistralai/Mixtral-8x7B-Instruct-v0.1] Temp=0.0 Rep=1 → Concordo fortemente
[2026-05-12 11:59:54,718][__main__][INFO] - ✓ [mistralai/Mixtral-8x7B-Instruct-v0.1] Temp=0.0 Rep=1 → Discordo
[2026-05-12 11:59:54,719][__main__][INFO] - ✓ [mistralai/Mixtral-8x7B-Instruct-v0.1] Temp=0.0 Rep=1 → Concordo
[2026-05-12 11:59:54,724][__main__][INFO] - ✓ [google/gemma-3-12b-it] Temp=0.0 Rep=1 → Discordo
[2026-05-12 11:59:54,725][__main__][INFO] - ✓ [google/gemma-3-12b-it] Temp=0.0 Rep=1 → Concordo
[2026-05-12 11:59:54,817][__main__][INFO] - ✓ [google/gemma-3-12b-it] Temp=0.0 Rep=1 → Neutro
[2026-05-12 11:59:54,877][__main__][INFO] - ✓ [mistralai/Mixtral-8x7B-Instruct-v0.1] Temp=0.0 Rep=1 → Concordo
[2026-05-12 11:59:54,890][__main__][INFO] - ✓ [mistralai/Mixtral-8x7B-Instruct-v0.1] Temp=0.0 Rep=1 → Discordo fortemente
[2026-05-12 11:59:54,893][__main__][INFO] - ✓ [mistralai/Mixtral-8x7B-Instruct-v0.1] Temp=0.0 Rep=1 → Discordo
[2026-05-12 11:59:55,022][__main__][INFO] - ✓ [mistralai/Mixtral-8x7B-Instruct-v0.1] Temp=0.0 Rep=1 → Discordo fortemente
[2026-05-12 11:59:55,026][__main__][INFO] - ✓ [google/gemma-3-12b-it] Temp=0.0 Rep=1 → Discordo
[2026-05-12 11:59:55,038][__main__][INFO] - ✓ [mistralai/Mixtral-8x7B-Instruct-v0.1] Temp=0.0 Rep=1 → Concordo
[2026-05-12 11:59:55,060][__main__][INFO] - ✓ [google/gemma-3-12b-it] Temp=0.0 Rep=1 → Discordo
[2026-05-12 11:59:55,083][__main__][INFO] - ✓ [google/gemma-3-12b-it] Temp=0.0 Rep=1 → Concordo
[2026-05-12 11:59:55,096][__main__][INFO] - ✓ [mistralai/Mixtral-8x7B-Instruct-v0.1] Temp=0.0 Rep=1 → Discordo
[2026-05-12 11:59:55,241][__main__][INFO] - Salvamento incremental (3320 novas respostas)...
[2026-05-12 11:59:55,295][__main__][INFO] - Cache salvo com 239784 entradas
[2026-05-12 11:59:55,295][__main__][INFO] - ✓ [google/gemma-3-12b-it] Temp=0.0 Rep=1 → Discordo
[2026-05-12 11:59:55,296][__main__][INFO] - ✓ [google/gemma-3-12b-it] Temp=0.0 Rep=1 → Concordo fortemente
[2026-05-12 11:59:55,297][__main__][INFO] - ✓ [google/gemma-3-12b-it] Temp=0.0 Rep=1 → Concordo
[2026-05-12 11:59:55,299][__main__][INFO] - ✓ [google/gemma-3-12b-it] Temp=0.0 Rep=1 → Concordo fortemente
[2026-05-12 11:59:55,299][__main__][INFO] - ✓ [mistralai/Mixtral-8x7B-Instruct-v0.1] Temp=0.0 Rep=1 → Discordo
[2026-05-12 11:59:55,319][__main__][INFO] - ✓ [mistralai/Mixtral-8x7B-Instruct-v0.1] Temp=0.0 Rep=1 → Concordo fortemente
[2026-05-12 11:59:55,320][__main__][INFO] - ✓ [mistralai/Mixtral-8x7B-Instruct-v0.1] Temp=0.0 Rep=1 → Concordo
[2026-05-12 11:59:55,390][__main__][INFO] - ✓ [google/gemma-3-12b-it] Temp=0.0 Rep=1 → Neutro
[2026-05-12 11:59:55,454][__main__][INFO] - ✓ [google/gemma-3-12b-it] Temp=0.0 Rep=1 → Neutro
[2026-05-12 11:59:55,457][__main__][INFO] - ✓ [google/gemma-3-12b-it] Temp=0.0 Rep=1 → Concordo
[2026-05-12 11:59:55,608][__main__][INFO] - ✓ [mistralai/Mixtral-8x7B-Instruct-v0.1] Temp=0.0 Rep=1 → Discordo fortemente
[2026-05-12 11:59:55,671][__main__][INFO] - ✓ [mistralai/Mixtral-8x7B-Instruct-v0.1] Temp=0.0 Rep=1 → Neutro
[2026-05-12 11:59:55,675][__main__][INFO] - ✓ [mistralai/Mixtral-8x7B-Instruct-v0.1] Temp=0.0 Rep=1 → Discordo fortemente
[2026-05-12 11:59:55,678][__main__][INFO] - ✓ [mistralai/Mixtral-8x7B-Instruct-v0.1] Temp=0.0 Rep=1 → Concordo
[2026-05-12 11:59:55,764][__main__][INFO] - ✓ [mistralai/Mixtral-8x7B-Instruct-v0.1] Temp=0.0 Rep=1 → Concordo fortemente
[2026-05-12 11:59:55,768][__main__][INFO] - ✓ [mistralai/Mixtral-8x7B-Instruct-v0.1] Temp=0.0 Rep=1 → Neutro
[2026-05-12 11:59:55,768][__main__][INFO] - ✓ [google/gemma-3-12b-it] Temp=0.0 Rep=1 → Neutro
[2026-05-12 11:59:55,783][__main__][INFO] - ✓ [google/gemma-3-12b-it] Temp=0.0 Rep=1 → Neutro
[2026-05-12 11:59:55,811][__main__][INFO] - ✓ [google/gemma-3-12b-it] Temp=0.0 Rep=1 → Concordo
[2026-05-12 11:59:55,985][__main__][INFO] - ✓ [google/gemma-3-12b-it] Temp=0.0 Rep=1 → Concordo
[2026-05-12 11:59:55,997][__main__][INFO] - ✓ [google/gemma-3-12b-it] Temp=0.0 Rep=1 → Neutro
[2026-05-12 11:59:56,039][__main__][INFO] - ✓ [mistralai/Mixtral-8x7B-Instruct-v0.1] Temp=0.0 Rep=1 → Neutro
[2026-05-12 11:59:56,085][__main__][INFO] - ✓ [mistralai/Mixtral-8x7B-Instruct-v0.1] Temp=0.0 Rep=1 → Concordo
[2026-05-12 11:59:56,099][__main__][INFO] - ✓ [mistralai/Mixtral-8x7B-Instruct-v0.1] Temp=0.0 Rep=1 → Concordo fortemente
[2026-05-12 11:59:56,119][__main__][INFO] - ✓ [mistralai/Mixtral-8x7B-Instruct-v0.1] Temp=0.0 Rep=1 → Concordo fortemente
[2026-05-12 11:59:56,291][__main__][INFO] - ✓ [google/gemma-3-12b-it] Temp=0.0 Rep=1 → Concordo fortemente
[2026-05-12 11:59:56,298][__main__][INFO] - ✓ [google/gemma-3-12b-it] Temp=0.0 Rep=1 → Neutro
[2026-05-12 11:59:56,329][__main__][INFO] - ✓ [mistralai/Mixtral-8x7B-Instruct-v0.1] Temp=0.0 Rep=1 → Discordo
[2026-05-12 11:59:56,333][__main__][INFO] - ✓ [mistralai/Mixtral-8x7B-Instruct-v0.1] Temp=0.0 Rep=1 → Concordo
[2026-05-12 11:59:56,347][__main__][INFO] - ✓ [google/gemma-3-12b-it] Temp=0.0 Rep=1 → Concordo
[2026-05-12 11:59:56,385][__main__][INFO] - ✓ [mistralai/Mixtral-8x7B-Instruct-v0.1] Temp=0.0 Rep=1 → Discordo fortemente
[2026-05-12 11:59:56,435][__main__][INFO] - ✓ [google/gemma-3-12b-it] Temp=0.0 Rep=1 → Neutro
[2026-05-12 11:59:56,460][__main__][INFO] - ✓ [google/gemma-3-12b-it] Temp=0.0 Rep=1 → Concordo
[2026-05-12 11:59:56,461][__main__][INFO] - ✓ [google/gemma-3-12b-it] Temp=0.0 Rep=1 → Neutro
[2026-05-12 11:59:56,569][__main__][INFO] - ✓ [mistralai/Mixtral-8x7B-Instruct-v0.1] Temp=0.0 Rep=1 → Concordo
[2026-05-12 11:59:56,584][__main__][INFO] - ✓ [mistralai/Mixtral-8x7B-Instruct-v0.1] Temp=0.0 Rep=1 → Neutro
[2026-05-12 11:59:56,663][__main__][INFO] - ✓ [google/gemma-3-12b-it] Temp=0.0 Rep=1 → Concordo
[2026-05-12 11:59:56,675][__main__][INFO] - ✓ [google/gemma-3-12b-it] Temp=0.0 Rep=1 → Concordo
[2026-05-12 11:59:56,697][__main__][INFO] - ✓ [google/gemma-3-12b-it] Temp=0.0 Rep=1 → Neutro
[2026-05-12 11:59:56,709][__main__][INFO] - ✓ [mistralai/Mixtral-8x7B-Instruct-v0.1] Temp=0.0 Rep=1 → Concordo
[2026-05-12 11:59:56,711][__main__][INFO] - Salvamento incremental (3360 novas respostas)...
[2026-05-12 11:59:56,761][__main__][INFO] - Cache salvo com 239824 entradas
[2026-05-12 11:59:56,761][__main__][INFO] - ✓ [mistralai/Mixtral-8x7B-Instruct-v0.1] Temp=0.0 Rep=1 → Neutro
[2026-05-12 11:59:56,812][__main__][INFO] - ✓ [mistralai/Mixtral-8x7B-Instruct-v0.1] Temp=0.0 Rep=1 → Neutro
[2026-05-12 11:59:56,816][__main__][INFO] - ✓ [google/gemma-3-12b-it] Temp=0.0 Rep=1 → Concordo
[2026-05-12 11:59:56,973][__main__][INFO] - ✓ [google/gemma-3-12b-it] Temp=0.0 Rep=1 → Concordo fortemente
[2026-05-12 11:59:56,982][__main__][INFO] - ✓ [mistralai/Mixtral-8x7B-Instruct-v0.1] Temp=0.0 Rep=1 → Concordo fortemente
[2026-05-12 11:59:56,986][__main__][INFO] - ✓ [mistralai/Mixtral-8x7B-Instruct-v0.1] Temp=0.0 Rep=1 → Neutro
[2026-05-12 11:59:56,999][__main__][INFO] - ✓ [google/gemma-3-12b-it] Temp=0.0 Rep=1 → Neutro
[2026-05-12 11:59:57,044][__main__][INFO] - ✓ [mistralai/Mixtral-8x7B-Instruct-v0.1] Temp=0.0 Rep=1 → Neutro
[2026-05-12 11:59:57,100][__main__][INFO] - ✓ [mistralai/Mixtral-8x7B-Instruct-v0.1] Temp=0.0 Rep=1 → Neutro
[2026-05-12 11:59:57,143][__main__][INFO] - ✓ [google/gemma-3-12b-it] Temp=0.0 Rep=1 → Concordo
[2026-05-12 11:59:57,148][__main__][INFO] - ✓ [google/gemma-3-12b-it] Temp=0.0 Rep=1 → Concordo
[2026-05-12 11:59:57,207][__main__][INFO] - ✓ [google/gemma-3-12b-it] Temp=0.0 Rep=1 → Neutro
[2026-05-12 11:59:57,338][__main__][INFO] - ✓ [mistralai/Mixtral-8x7B-Instruct-v0.1] Temp=0.0 Rep=1 → Concordo
[2026-05-12 11:59:57,341][__main__][INFO] - ✓ [google/gemma-3-12b-it] Temp=0.0 Rep=1 → Concordo
[2026-05-12 11:59:57,342][__main__][INFO] - ✓ [mistralai/Mixtral-8x7B-Instruct-v0.1] Temp=0.0 Rep=1 → Neutro
[2026-05-12 11:59:57,375][__main__][INFO] - ✓ [google/gemma-3-12b-it] Temp=0.0 Rep=1 → Concordo
[2026-05-12 11:59:57,401][__main__][INFO] - ✓ [google/gemma-3-12b-it] Temp=0.0 Rep=1 → Concordo
[2026-05-12 11:59:57,405][__main__][INFO] - ✓ [mistralai/Mixtral-8x7B-Instruct-v0.1] Temp=0.0 Rep=1 → Concordo fortemente
[2026-05-12 11:59:57,423][__main__][INFO] - ✓ [mistralai/Mixtral-8x7B-Instruct-v0.1] Temp=0.0 Rep=1 → Concordo
[2026-05-12 11:59:57,427][__main__][INFO] - ✓ [mistralai/Mixtral-8x7B-Instruct-v0.1] Temp=0.0 Rep=1 → Concordo
[2026-05-12 11:59:57,445][__main__][INFO] - ✓ [google/gemma-3-12b-it] Temp=0.0 Rep=1 → Concordo fortemente
[2026-05-12 11:59:57,567][__main__][INFO] - ✓ [google/gemma-3-12b-it] Temp=0.0 Rep=1 → Concordo fortemente
[2026-05-12 11:59:57,664][__main__][INFO] - ✓ [mistralai/Mixtral-8x7B-Instruct-v0.1] Temp=0.0 Rep=1 → Concordo fortemente
[2026-05-12 11:59:57,668][__main__][INFO] - ✓ [google/gemma-3-12b-it] Temp=0.0 Rep=1 → Concordo
[2026-05-12 11:59:57,678][__main__][INFO] - ✓ [mistralai/Mixtral-8x7B-Instruct-v0.1] Temp=0.0 Rep=1 → Concordo
[2026-05-12 11:59:57,683][__main__][INFO] - ✓ [mistralai/Mixtral-8x7B-Instruct-v0.1] Temp=0.0 Rep=1 → Concordo
[2026-05-12 11:59:57,721][__main__][INFO] - ✓ [google/gemma-3-12b-it] Temp=0.0 Rep=1 → Concordo
[2026-05-12 11:59:57,729][__main__][INFO] - ✓ [mistralai/Mixtral-8x7B-Instruct-v0.1] Temp=0.0 Rep=1 → Neutro
[2026-05-12 11:59:57,737][__main__][INFO] - ✓ [google/gemma-3-12b-it] Temp=0.0 Rep=1 → Concordo
[2026-05-12 11:59:57,739][__main__][INFO] - ✓ [google/gemma-3-12b-it] Temp=0.0 Rep=1 → Concordo
[2026-05-12 11:59:57,755][__main__][INFO] - ✓ [google/gemma-3-12b-it] Temp=0.0 Rep=1 → Concordo
[2026-05-12 11:59:57,877][__main__][INFO] - ✓ [mistralai/Mixtral-8x7B-Instruct-v0.1] Temp=0.0 Rep=1 → Concordo
[2026-05-12 11:59:57,934][__main__][INFO] - ✓ [mistralai/Mixtral-8x7B-Instruct-v0.1] Temp=0.0 Rep=1 → Neutro
[2026-05-12 11:59:57,993][__main__][INFO] - ✓ [google/gemma-3-12b-it] Temp=0.0 Rep=1 → Concordo
[2026-05-12 11:59:58,001][__main__][INFO] - ✓ [mistralai/Mixtral-8x7B-Instruct-v0.1] Temp=0.0 Rep=1 → Concordo
[2026-05-12 11:59:58,016][__main__][INFO] - ✓ [mistralai/Mixtral-8x7B-Instruct-v0.1] Temp=0.0 Rep=1 → Concordo
[2026-05-12 11:59:58,026][__main__][INFO] - ✓ [mistralai/Mixtral-8x7B-Instruct-v0.1] Temp=0.0 Rep=1 → Concordo fortemente
[2026-05-12 11:59:58,049][__main__][INFO] - ✓ [google/gemma-3-12b-it] Temp=0.0 Rep=1 → Neutro
[2026-05-12 11:59:58,065][__main__][INFO] - ✓ [google/gemma-3-12b-it] Temp=0.0 Rep=1 → Concordo
[2026-05-12 11:59:58,068][__main__][INFO] - ✓ [google/gemma-3-12b-it] Temp=0.0 Rep=1 → Concordo fortemente
[2026-05-12 11:59:58,132][__main__][INFO] - Salvamento incremental (3400 novas respostas)...
[2026-05-12 11:59:58,189][__main__][INFO] - Cache salvo com 239864 entradas
[2026-05-12 11:59:58,189][__main__][INFO] - ✓ [google/gemma-3-12b-it] Temp=0.0 Rep=1 → Concordo
[2026-05-12 11:59:58,227][__main__][INFO] - ✓ [google/gemma-3-12b-it] Temp=0.0 Rep=1 → Concordo
[2026-05-12 11:59:58,241][__main__][INFO] - ✓ [mistralai/Mixtral-8x7B-Instruct-v0.1] Temp=0.0 Rep=1 → Neutro
[2026-05-12 11:59:58,260][__main__][INFO] - ✓ [mistralai/Mixtral-8x7B-Instruct-v0.1] Temp=0.0 Rep=1 → Concordo
[2026-05-12 11:59:58,278][__main__][INFO] - ✓ [mistralai/Mixtral-8x7B-Instruct-v0.1] Temp=0.0 Rep=1 → Neutro
[2026-05-12 11:59:58,387][__main__][INFO] - ✓ [mistralai/Mixtral-8x7B-Instruct-v0.1] Temp=0.0 Rep=1 → Concordo
[2026-05-12 11:59:58,390][__main__][INFO] - ✓ [mistralai/Mixtral-8x7B-Instruct-v0.1] Temp=0.0 Rep=1 → Concordo fortemente
[2026-05-12 11:59:58,499][__main__][INFO] - ✓ [google/gemma-3-12b-it] Temp=0.0 Rep=1 → Concordo
[2026-05-12 11:59:58,503][__main__][INFO] - ✓ [google/gemma-3-12b-it] Temp=0.0 Rep=1 → Concordo
[2026-05-12 11:59:58,546][__main__][INFO] - ✓ [mistralai/Mixtral-8x7B-Instruct-v0.1] Temp=0.0 Rep=1 → Concordo
[2026-05-12 11:59:58,610][__main__][INFO] - ✓ [google/gemma-3-12b-it] Temp=0.0 Rep=1 → Concordo
[2026-05-12 11:59:58,655][__main__][INFO] - ✓ [google/gemma-3-12b-it] Temp=0.0 Rep=1 → Concordo
[2026-05-12 11:59:58,665][__main__][INFO] - ✓ [mistralai/Mixtral-8x7B-Instruct-v0.1] Temp=0.0 Rep=1 → Concordo fortemente
[2026-05-12 11:59:58,680][__main__][INFO] - ✓ [mistralai/Mixtral-8x7B-Instruct-v0.1] Temp=0.0 Rep=1 → Neutro
[2026-05-12 11:59:58,815][__main__][INFO] - ✓ [google/gemma-3-12b-it] Temp=0.0 Rep=1 → Concordo fortemente
[2026-05-12 11:59:58,913][__main__][INFO] - ✓ [google/gemma-3-12b-it] Temp=0.0 Rep=1 → Neutro
[2026-05-12 11:59:58,920][__main__][INFO] - ✓ [mistralai/Mixtral-8x7B-Instruct-v0.1] Temp=0.0 Rep=1 → Concordo fortemente
[2026-05-12 11:59:58,920][__main__][INFO] - ✓ [google/gemma-3-12b-it] Temp=0.0 Rep=1 → Concordo
[2026-05-12 11:59:58,924][__main__][INFO] - ✓ [mistralai/Mixtral-8x7B-Instruct-v0.1] Temp=0.0 Rep=1 → Concordo fortemente
[2026-05-12 11:59:58,926][__main__][INFO] - ✓ [google/gemma-3-12b-it] Temp=0.0 Rep=1 → Concordo fortemente
[2026-05-12 11:59:58,941][__main__][INFO] - ✓ [mistralai/Mixtral-8x7B-Instruct-v0.1] Temp=0.0 Rep=1 → Neutro
[2026-05-12 11:59:58,949][__main__][INFO] - ✓ [mistralai/Mixtral-8x7B-Instruct-v0.1] Temp=0.0 Rep=1 → Neutro
[2026-05-12 11:59:59,215][__main__][INFO] - ✓ [mistralai/Mixtral-8x7B-Instruct-v0.1] Temp=0.0 Rep=1 → Concordo fortemente
[2026-05-12 11:59:59,222][__main__][INFO] - ✓ [mistralai/Mixtral-8x7B-Instruct-v0.1] Temp=0.0 Rep=1 → Concordo fortemente
[2026-05-12 11:59:59,223][__main__][INFO] - ✓ [mistralai/Mixtral-8x7B-Instruct-v0.1] Temp=0.0 Rep=1 → Neutro
[2026-05-12 11:59:59,334][__main__][INFO] - ✓ [google/gemma-3-12b-it] Temp=0.0 Rep=1 → Neutro
[2026-05-12 11:59:59,436][__main__][INFO] - ✓ [google/gemma-3-12b-it] Temp=0.0 Rep=1 → Concordo
[2026-05-12 11:59:59,436][__main__][INFO] - ✓ [google/gemma-3-12b-it] Temp=0.0 Rep=1 → Concordo
[2026-05-12 11:59:59,437][__main__][INFO] - ✓ [google/gemma-3-12b-it] Temp=0.0 Rep=1 → Concordo
[2026-05-12 11:59:59,438][__main__][INFO] - ✓ [google/gemma-3-12b-it] Temp=0.0 Rep=1 → Concordo
[2026-05-12 11:59:59,449][__main__][INFO] - ✓ [google/gemma-3-12b-it] Temp=0.0 Rep=1 → Concordo
[2026-05-12 11:59:59,467][__main__][INFO] - ✓ [google/gemma-3-12b-it] Temp=0.0 Rep=1 → Concordo fortemente
[2026-05-12 11:59:59,496][__main__][INFO] - ✓ [mistralai/Mixtral-8x7B-Instruct-v0.1] Temp=0.0 Rep=1 → Neutro
[2026-05-12 11:59:59,514][__main__][INFO] - ✓ [mistralai/Mixtral-8x7B-Instruct-v0.1] Temp=0.0 Rep=1 → Concordo
[2026-05-12 11:59:59,524][__main__][INFO] - ✓ [mistralai/Mixtral-8x7B-Instruct-v0.1] Temp=0.0 Rep=1 → Concordo
[2026-05-12 11:59:59,660][__main__][INFO] - ✓ [google/gemma-3-12b-it] Temp=0.0 Rep=1 → Concordo
[2026-05-12 11:59:59,724][__main__][INFO] - ✓ [mistralai/Mixtral-8x7B-Instruct-v0.1] Temp=0.0 Rep=1 → Neutro
[2026-05-12 11:59:59,736][__main__][INFO] - ✓ [mistralai/Mixtral-8x7B-Instruct-v0.1] Temp=0.0 Rep=1 → Neutro
[2026-05-12 11:59:59,749][__main__][INFO] - ✓ [mistralai/Mixtral-8x7B-Instruct-v0.1] Temp=0.0 Rep=1 → Concordo fortemente
[2026-05-12 11:59:59,761][__main__][INFO] - ✓ [google/gemma-3-12b-it] Temp=0.0 Rep=1 → Concordo
[2026-05-12 11:59:59,775][__main__][INFO] - Salvamento incremental (3440 novas respostas)...
[2026-05-12 11:59:59,823][__main__][INFO] - Cache salvo com 239904 entradas
[2026-05-12 11:59:59,823][__main__][INFO] - ✓ [google/gemma-3-12b-it] Temp=0.0 Rep=1 → Concordo
[2026-05-12 11:59:59,826][__main__][INFO] - ✓ [google/gemma-3-12b-it] Temp=0.0 Rep=1 → Concordo
[2026-05-12 11:59:59,826][__main__][INFO] - ✓ [mistralai/Mixtral-8x7B-Instruct-v0.1] Temp=0.0 Rep=1 → Concordo
[2026-05-12 11:59:59,845][__main__][INFO] - ✓ [google/gemma-3-12b-it] Temp=0.0 Rep=1 → Concordo
[2026-05-12 11:59:59,960][__main__][INFO] - ✓ [mistralai/Mixtral-8x7B-Instruct-v0.1] Temp=0.0 Rep=1 → Concordo
[2026-05-12 11:59:59,962][__main__][INFO] - ✓ [google/gemma-3-12b-it] Temp=0.0 Rep=1 → Concordo
[2026-05-12 11:59:59,987][__main__][INFO] - ✓ [mistralai/Mixtral-8x7B-Instruct-v0.1] Temp=0.0 Rep=1 → Concordo
[2026-05-12 12:00:00,058][__main__][INFO] - ✓ [google/gemma-3-12b-it] Temp=0.0 Rep=1 → Concordo
[2026-05-12 12:00:00,095][__main__][INFO] - ✓ [mistralai/Mixtral-8x7B-Instruct-v0.1] Temp=0.0 Rep=1 → Concordo
[2026-05-12 12:00:00,119][__main__][INFO] - ✓ [mistralai/Mixtral-8x7B-Instruct-v0.1] Temp=0.0 Rep=1 → Concordo
[2026-05-12 12:00:00,125][__main__][INFO] - ✓ [mistralai/Mixtral-8x7B-Instruct-v0.1] Temp=0.0 Rep=1 → Concordo
[2026-05-12 12:00:00,166][__main__][INFO] - ✓ [google/gemma-3-12b-it] Temp=0.0 Rep=1 → Concordo
[2026-05-12 12:00:00,172][__main__][INFO] - ✓ [google/gemma-3-12b-it] Temp=0.0 Rep=1 → Concordo
[2026-05-12 12:00:00,262][__main__][INFO] - ✓ [mistralai/Mixtral-8x7B-Instruct-v0.1] Temp=0.0 Rep=1 → Concordo
[2026-05-12 12:00:00,272][__main__][INFO] - ✓ [google/gemma-3-12b-it] Temp=0.0 Rep=1 → Concordo
[2026-05-12 12:00:00,303][__main__][INFO] - ✓ [google/gemma-3-12b-it] Temp=0.0 Rep=1 → Concordo
[2026-05-12 12:00:00,356][__main__][INFO] - ✓ [mistralai/Mixtral-8x7B-Instruct-v0.1] Temp=0.0 Rep=1 → Concordo
[2026-05-12 12:00:00,378][__main__][INFO] - ✓ [mistralai/Mixtral-8x7B-Instruct-v0.1] Temp=0.0 Rep=1 → Concordo
[2026-05-12 12:00:00,486][__main__][INFO] - ✓ [google/gemma-3-12b-it] Temp=0.0 Rep=1 → Concordo
[2026-05-12 12:00:00,487][__main__][INFO] - ✓ [mistralai/Mixtral-8x7B-Instruct-v0.1] Temp=0.0 Rep=1 → Concordo
[2026-05-12 12:00:00,496][__main__][INFO] - ✓ [google/gemma-3-12b-it] Temp=0.0 Rep=1 → Concordo
[2026-05-12 12:00:00,500][__main__][INFO] - ✓ [google/gemma-3-12b-it] Temp=0.0 Rep=1 → Concordo
[2026-05-12 12:00:00,511][__main__][INFO] - ✓ [google/gemma-3-12b-it] Temp=0.0 Rep=1 → Concordo
[2026-05-12 12:00:00,520][__main__][INFO] - ✓ [mistralai/Mixtral-8x7B-Instruct-v0.1] Temp=0.0 Rep=1 → Concordo
[2026-05-12 12:00:00,545][__main__][INFO] - ✓ [mistralai/Mixtral-8x7B-Instruct-v0.1] Temp=0.0 Rep=1 → Concordo
[2026-05-12 12:00:00,774][__main__][INFO] - ✓ [google/gemma-3-12b-it] Temp=0.0 Rep=1 → Concordo
[2026-05-12 12:00:00,778][__main__][INFO] - ✓ [google/gemma-3-12b-it] Temp=0.0 Rep=1 → Concordo
[2026-05-12 12:00:00,790][__main__][INFO] - ✓ [google/gemma-3-12b-it] Temp=0.0 Rep=1 → Concordo
[2026-05-12 12:00:00,817][__main__][INFO] - ✓ [mistralai/Mixtral-8x7B-Instruct-v0.1] Temp=0.0 Rep=1 → Concordo
[2026-05-12 12:00:00,837][__main__][INFO] - ✓ [mistralai/Mixtral-8x7B-Instruct-v0.1] Temp=0.0 Rep=1 → Concordo
[2026-05-12 12:00:00,893][__main__][INFO] - ✓ [mistralai/Mixtral-8x7B-Instruct-v0.1] Temp=0.0 Rep=1 → Concordo fortemente
[2026-05-12 12:00:00,913][__main__][INFO] - ✓ [mistralai/Mixtral-8x7B-Instruct-v0.1] Temp=0.0 Rep=1 → Concordo
[2026-05-12 12:00:01,040][__main__][INFO] - ✓ [google/gemma-3-12b-it] Temp=0.0 Rep=1 → Concordo
[2026-05-12 12:00:01,046][__main__][INFO] - ✓ [google/gemma-3-12b-it] Temp=0.0 Rep=1 → Concordo
[2026-05-12 12:00:01,047][__main__][INFO] - ✓ [google/gemma-3-12b-it] Temp=0.0 Rep=1 → Neutro
[2026-05-12 12:00:01,075][__main__][INFO] - ✓ [mistralai/Mixtral-8x7B-Instruct-v0.1] Temp=0.0 Rep=1 → Neutro
[2026-05-12 12:00:01,131][__main__][INFO] - ✓ [google/gemma-3-12b-it] Temp=0.0 Rep=1 → Concordo
[2026-05-12 12:00:01,171][__main__][INFO] - ✓ [mistralai/Mixtral-8x7B-Instruct-v0.1] Temp=0.0 Rep=1 → Concordo fortemente
[2026-05-12 12:00:01,173][__main__][INFO] - ✓ [mistralai/Mixtral-8x7B-Instruct-v0.1] Temp=0.0 Rep=1 → Concordo fortemente
[2026-05-12 12:00:01,177][__main__][INFO] - ✓ [google/gemma-3-12b-it] Temp=0.0 Rep=1 → Concordo
[2026-05-12 12:00:01,177][__main__][INFO] - Salvamento incremental (3480 novas respostas)...
[2026-05-12 12:00:01,224][__main__][INFO] - Cache salvo com 239944 entradas
[2026-05-12 12:00:01,224][__main__][INFO] - ✓ [google/gemma-3-12b-it] Temp=0.0 Rep=1 → Concordo
[2026-05-12 12:00:01,300][__main__][INFO] - ✓ [mistralai/Mixtral-8x7B-Instruct-v0.1] Temp=0.0 Rep=1 → Concordo
[2026-05-12 12:00:01,345][__main__][INFO] - ✓ [mistralai/Mixtral-8x7B-Instruct-v0.1] Temp=0.0 Rep=1 → Neutro
[2026-05-12 12:00:01,418][__main__][INFO] - ✓ [google/gemma-3-12b-it] Temp=0.0 Rep=1 → Concordo
[2026-05-12 12:00:01,536][__main__][INFO] - ✓ [mistralai/Mixtral-8x7B-Instruct-v0.1] Temp=0.0 Rep=1 → Concordo fortemente
[2026-05-12 12:00:01,541][__main__][INFO] - ✓ [google/gemma-3-12b-it] Temp=0.0 Rep=1 → Neutro
[2026-05-12 12:00:01,544][__main__][INFO] - ✓ [mistralai/Mixtral-8x7B-Instruct-v0.1] Temp=0.0 Rep=1 → Concordo fortemente
[2026-05-12 12:00:01,545][__main__][INFO] - ✓ [mistralai/Mixtral-8x7B-Instruct-v0.1] Temp=0.0 Rep=1 → Concordo fortemente
[2026-05-12 12:00:01,558][__main__][INFO] - ✓ [google/gemma-3-12b-it] Temp=0.0 Rep=1 → Concordo
[2026-05-12 12:00:01,594][__main__][INFO] - ✓ [google/gemma-3-12b-it] Temp=0.0 Rep=1 → Neutro
[2026-05-12 12:00:01,604][__main__][INFO] - ✓ [google/gemma-3-12b-it] Temp=0.0 Rep=1 → Concordo
[2026-05-12 12:00:01,619][__main__][INFO] - ✓ [mistralai/Mixtral-8x7B-Instruct-v0.1] Temp=0.0 Rep=1 → Concordo
[2026-05-12 12:00:01,678][__main__][INFO] - ✓ [mistralai/Mixtral-8x7B-Instruct-v0.1] Temp=0.0 Rep=1 → Concordo
[2026-05-12 12:00:01,694][__main__][INFO] - ✓ [google/gemma-3-12b-it] Temp=0.0 Rep=1 → Concordo
[2026-05-12 12:00:01,881][__main__][INFO] - ✓ [mistralai/Mixtral-8x7B-Instruct-v0.1] Temp=0.0 Rep=1 → Neutro
[2026-05-12 12:00:01,884][__main__][INFO] - ✓ [mistralai/Mixtral-8x7B-Instruct-v0.1] Temp=0.0 Rep=1 → Concordo fortemente
[2026-05-12 12:00:01,898][__main__][INFO] - ✓ [mistralai/Mixtral-8x7B-Instruct-v0.1] Temp=0.0 Rep=1 → Neutro
[2026-05-12 12:00:01,904][__main__][INFO] - ✓ [google/gemma-3-12b-it] Temp=0.0 Rep=1 → Neutro
[2026-05-12 12:00:01,932][__main__][INFO] - ✓ [google/gemma-3-12b-it] Temp=0.0 Rep=1 → Concordo
[2026-05-12 12:00:02,058][__main__][INFO] - ✓ [google/gemma-3-12b-it] Temp=0.0 Rep=1 → Concordo
[2026-05-12 12:00:02,170][__main__][INFO] - ✓ [mistralai/Mixtral-8x7B-Instruct-v0.1] Temp=0.0 Rep=1 → Neutro
[2026-05-12 12:00:02,173][__main__][INFO] - ✓ [mistralai/Mixtral-8x7B-Instruct-v0.1] Temp=0.0 Rep=1 → Concordo
[2026-05-12 12:00:02,180][__main__][INFO] - ✓ [mistralai/Mixtral-8x7B-Instruct-v0.1] Temp=0.0 Rep=1 → Concordo
[2026-05-12 12:00:02,200][__main__][INFO] - ✓ [google/gemma-3-12b-it] Temp=0.0 Rep=1 → Concordo
[2026-05-12 12:00:02,230][__main__][INFO] - ✓ [google/gemma-3-12b-it] Temp=0.0 Rep=1 → Concordo
[2026-05-12 12:00:02,254][__main__][INFO] - ✓ [google/gemma-3-12b-it] Temp=0.0 Rep=1 → Concordo
[2026-05-12 12:00:02,276][__main__][INFO] - ✓ [mistralai/Mixtral-8x7B-Instruct-v0.1] Temp=0.0 Rep=1 → Concordo fortemente
[2026-05-12 12:00:02,353][__main__][INFO] - ✓ [google/gemma-3-12b-it] Temp=0.0 Rep=1 → Concordo
[2026-05-12 12:00:02,401][__main__][INFO] - ✓ [google/gemma-3-12b-it] Temp=0.0 Rep=1 → Neutro
[2026-05-12 12:00:02,435][__main__][INFO] - ✓ [google/gemma-3-12b-it] Temp=0.0 Rep=1 → Concordo
[2026-05-12 12:00:02,454][__main__][INFO] - ✓ [mistralai/Mixtral-8x7B-Instruct-v0.1] Temp=0.0 Rep=1 → Discordo
[2026-05-12 12:00:02,458][__main__][INFO] - ✓ [mistralai/Mixtral-8x7B-Instruct-v0.1] Temp=0.0 Rep=1 → Discordo
[2026-05-12 12:00:02,472][__main__][INFO] - ✓ [mistralai/Mixtral-8x7B-Instruct-v0.1] Temp=0.0 Rep=1 → Neutro
[2026-05-12 12:00:02,581][__main__][INFO] - ✓ [mistralai/Mixtral-8x7B-Instruct-v0.1] Temp=0.0 Rep=1 → Concordo fortemente
[2026-05-12 12:00:02,584][__main__][INFO] - ✓ [google/gemma-3-12b-it] Temp=0.0 Rep=1 → Concordo fortemente
[2026-05-12 12:00:02,589][__main__][INFO] - ✓ [google/gemma-3-12b-it] Temp=0.0 Rep=1 → Concordo
[2026-05-12 12:00:02,616][__main__][INFO] - ✓ [mistralai/Mixtral-8x7B-Instruct-v0.1] Temp=0.0 Rep=1 → Concordo
[2026-05-12 12:00:02,620][__main__][INFO] - ✓ [google/gemma-3-12b-it] Temp=0.0 Rep=1 → Concordo
[2026-05-12 12:00:02,694][__main__][INFO] - ✓ [mistralai/Mixtral-8x7B-Instruct-v0.1] Temp=0.0 Rep=1 → Concordo
[2026-05-12 12:00:02,787][__main__][INFO] - ✓ [google/gemma-3-12b-it] Temp=0.0 Rep=1 → Concordo
[2026-05-12 12:00:02,801][__main__][INFO] - Salvamento incremental (3520 novas respostas)...
[2026-05-12 12:00:02,852][__main__][INFO] - Cache salvo com 239984 entradas
[2026-05-12 12:00:02,852][__main__][INFO] - ✓ [google/gemma-3-12b-it] Temp=0.0 Rep=1 → Concordo
[2026-05-12 12:00:02,853][__main__][INFO] - ✓ [google/gemma-3-12b-it] Temp=0.0 Rep=1 → Concordo
[2026-05-12 12:00:02,881][__main__][INFO] - ✓ [mistralai/Mixtral-8x7B-Instruct-v0.1] Temp=0.0 Rep=1 → Discordo
[2026-05-12 12:00:02,891][__main__][INFO] - ✓ [mistralai/Mixtral-8x7B-Instruct-v0.1] Temp=0.0 Rep=1 → Discordo
[2026-05-12 12:00:02,990][__main__][INFO] - ✓ [google/gemma-3-12b-it] Temp=0.0 Rep=1 → Concordo fortemente
[2026-05-12 12:00:02,992][__main__][INFO] - ✓ [google/gemma-3-12b-it] Temp=0.0 Rep=1 → Concordo fortemente
[2026-05-12 12:00:02,996][__main__][INFO] - ✓ [google/gemma-3-12b-it] Temp=0.0 Rep=1 → Concordo
[2026-05-12 12:00:03,005][__main__][INFO] - ✓ [mistralai/Mixtral-8x7B-Instruct-v0.1] Temp=0.0 Rep=1 → Concordo fortemente
[2026-05-12 12:00:03,105][__main__][INFO] - ✓ [mistralai/Mixtral-8x7B-Instruct-v0.1] Temp=0.0 Rep=1 → Discordo
[2026-05-12 12:00:03,110][__main__][INFO] - ✓ [mistralai/Mixtral-8x7B-Instruct-v0.1] Temp=0.0 Rep=1 → Concordo fortemente
[2026-05-12 12:00:03,129][__main__][INFO] - ✓ [mistralai/Mixtral-8x7B-Instruct-v0.1] Temp=0.0 Rep=1 → Concordo fortemente
[2026-05-12 12:00:03,260][__main__][INFO] - ✓ [google/gemma-3-12b-it] Temp=0.0 Rep=1 → Neutro
[2026-05-12 12:00:03,277][__main__][INFO] - ✓ [google/gemma-3-12b-it] Temp=0.0 Rep=1 → Concordo
[2026-05-12 12:00:03,299][__main__][INFO] - ✓ [google/gemma-3-12b-it] Temp=0.0 Rep=1 → Concordo
[2026-05-12 12:00:03,327][__main__][INFO] - ✓ [mistralai/Mixtral-8x7B-Instruct-v0.1] Temp=0.0 Rep=1 → Discordo
[2026-05-12 12:00:03,345][__main__][INFO] - ✓ [mistralai/Mixtral-8x7B-Instruct-v0.1] Temp=0.0 Rep=1 → Concordo
[2026-05-12 12:00:03,349][__main__][INFO] - ✓ [mistralai/Mixtral-8x7B-Instruct-v0.1] Temp=0.0 Rep=1 → Neutro
[2026-05-12 12:00:03,417][__main__][INFO] - ✓ [mistralai/Mixtral-8x7B-Instruct-v0.1] Temp=0.0 Rep=1 → Concordo fortemente
[2026-05-12 12:00:03,468][__main__][INFO] - ✓ [google/gemma-3-12b-it] Temp=0.0 Rep=1 → Concordo fortemente
[2026-05-12 12:00:03,477][__main__][INFO] - ✓ [google/gemma-3-12b-it] Temp=0.0 Rep=1 → Concordo
[2026-05-12 12:00:03,628][__main__][INFO] - ✓ [mistralai/Mixtral-8x7B-Instruct-v0.1] Temp=0.0 Rep=1 → Concordo
[2026-05-12 12:00:03,632][__main__][INFO] - ✓ [google/gemma-3-12b-it] Temp=0.0 Rep=1 → Concordo
[2026-05-12 12:00:03,632][__main__][INFO] - ✓ [google/gemma-3-12b-it] Temp=0.0 Rep=1 → Concordo
[2026-05-12 12:00:03,633][__main__][INFO] - ✓ [google/gemma-3-12b-it] Temp=0.0 Rep=1 → Neutro
[2026-05-12 12:00:03,633][__main__][INFO] - ✓ [google/gemma-3-12b-it] Temp=0.0 Rep=1 → Concordo
[2026-05-12 12:00:03,639][__main__][INFO] - ✓ [mistralai/Mixtral-8x7B-Instruct-v0.1] Temp=0.0 Rep=1 → Neutro
[2026-05-12 12:00:03,709][__main__][INFO] - ✓ [mistralai/Mixtral-8x7B-Instruct-v0.1] Temp=0.0 Rep=1 → Concordo
[2026-05-12 12:00:03,754][__main__][INFO] - ✓ [mistralai/Mixtral-8x7B-Instruct-v0.1] Temp=0.0 Rep=1 → Neutro
[2026-05-12 12:00:03,777][__main__][INFO] - ✓ [google/gemma-3-12b-it] Temp=0.0 Rep=1 → Neutro
[2026-05-12 12:00:03,942][__main__][INFO] - ✓ [mistralai/Mixtral-8x7B-Instruct-v0.1] Temp=0.0 Rep=1 → Neutro
[2026-05-12 12:00:03,947][__main__][INFO] - ✓ [mistralai/Mixtral-8x7B-Instruct-v0.1] Temp=0.0 Rep=1 → Concordo
[2026-05-12 12:00:04,041][__main__][INFO] - ✓ [google/gemma-3-12b-it] Temp=0.0 Rep=1 → Neutro
[2026-05-12 12:00:04,044][__main__][INFO] - ✓ [google/gemma-3-12b-it] Temp=0.0 Rep=1 → Neutro
[2026-05-12 12:00:04,155][__main__][INFO] - ✓ [google/gemma-3-12b-it] Temp=0.0 Rep=1 → Concordo fortemente
[2026-05-12 12:00:04,162][__main__][INFO] - ✓ [google/gemma-3-12b-it] Temp=0.0 Rep=1 → Neutro
[2026-05-12 12:00:04,163][__main__][INFO] - ✓ [mistralai/Mixtral-8x7B-Instruct-v0.1] Temp=0.0 Rep=1 → Concordo
[2026-05-12 12:00:04,163][__main__][INFO] - ✓ [mistralai/Mixtral-8x7B-Instruct-v0.1] Temp=0.0 Rep=1 → Concordo
[2026-05-12 12:00:04,351][__main__][INFO] - ✓ [mistralai/Mixtral-8x7B-Instruct-v0.1] Temp=0.0 Rep=1 → Concordo
[2026-05-12 12:00:04,357][__main__][INFO] - ✓ [google/gemma-3-12b-it] Temp=0.0 Rep=1 → Neutro
[2026-05-12 12:00:04,391][__main__][INFO] - ✓ [mistralai/Mixtral-8x7B-Instruct-v0.1] Temp=0.0 Rep=1 → Neutro
[2026-05-12 12:00:04,473][__main__][INFO] - Salvamento incremental (3560 novas respostas)...
[2026-05-12 12:00:04,530][__main__][INFO] - Cache salvo com 240024 entradas
[2026-05-12 12:00:04,530][__main__][INFO] - ✓ [mistralai/Mixtral-8x7B-Instruct-v0.1] Temp=0.0 Rep=1 → Concordo fortemente
[2026-05-12 12:00:04,530][__main__][INFO] - ✓ [google/gemma-3-12b-it] Temp=0.0 Rep=1 → Concordo
[2026-05-12 12:00:04,533][__main__][INFO] - ✓ [mistralai/Mixtral-8x7B-Instruct-v0.1] Temp=0.0 Rep=1 → Concordo
[2026-05-12 12:00:04,533][__main__][INFO] - ✓ [mistralai/Mixtral-8x7B-Instruct-v0.1] Temp=0.0 Rep=1 → Neutro
[2026-05-12 12:00:04,533][__main__][INFO] - ✓ [google/gemma-3-12b-it] Temp=0.0 Rep=1 → Neutro
[2026-05-12 12:00:04,534][__main__][INFO] - ✓ [mistralai/Mixtral-8x7B-Instruct-v0.1] Temp=0.0 Rep=1 → Concordo fortemente
[2026-05-12 12:00:04,534][__main__][INFO] - ✓ [google/gemma-3-12b-it] Temp=0.0 Rep=1 → Concordo
[2026-05-12 12:00:04,679][__main__][INFO] - ✓ [google/gemma-3-12b-it] Temp=0.0 Rep=1 → Concordo
[2026-05-12 12:00:04,679][__main__][INFO] - ✓ [google/gemma-3-12b-it] Temp=0.0 Rep=1 → Neutro
[2026-05-12 12:00:04,681][__main__][INFO] - ✓ [google/gemma-3-12b-it] Temp=0.0 Rep=1 → Concordo
[2026-05-12 12:00:04,837][__main__][INFO] - ✓ [mistralai/Mixtral-8x7B-Instruct-v0.1] Temp=0.0 Rep=1 → Neutro
[2026-05-12 12:00:04,853][__main__][INFO] - ✓ [mistralai/Mixtral-8x7B-Instruct-v0.1] Temp=0.0 Rep=1 → Concordo fortemente
[2026-05-12 12:00:04,854][__main__][INFO] - ✓ [google/gemma-3-12b-it] Temp=0.0 Rep=1 → Neutro
[2026-05-12 12:00:04,861][__main__][INFO] - ✓ [mistralai/Mixtral-8x7B-Instruct-v0.1] Temp=0.0 Rep=1 → Concordo
[2026-05-12 12:00:04,862][__main__][INFO] - ✓ [mistralai/Mixtral-8x7B-Instruct-v0.1] Temp=0.0 Rep=1 → Neutro
[2026-05-12 12:00:04,890][__main__][INFO] - ✓ [google/gemma-3-12b-it] Temp=0.0 Rep=1 → Concordo fortemente
[2026-05-12 12:00:04,903][__main__][INFO] - ✓ [google/gemma-3-12b-it] Temp=0.0 Rep=1 → Concordo
[2026-05-12 12:00:04,957][__main__][INFO] - ✓ [mistralai/Mixtral-8x7B-Instruct-v0.1] Temp=0.0 Rep=1 → Concordo
[2026-05-12 12:00:04,978][__main__][INFO] - ✓ [mistralai/Mixtral-8x7B-Instruct-v0.1] Temp=0.0 Rep=1 → Neutro
[2026-05-12 12:00:05,070][__main__][INFO] - ✓ [google/gemma-3-12b-it] Temp=0.0 Rep=1 → Concordo fortemente
[2026-05-12 12:00:05,204][__main__][INFO] - ✓ [google/gemma-3-12b-it] Temp=0.0 Rep=1 → Concordo
[2026-05-12 12:00:05,207][__main__][INFO] - ✓ [google/gemma-3-12b-it] Temp=0.0 Rep=1 → Concordo
[2026-05-12 12:00:05,208][__main__][INFO] - ✓ [mistralai/Mixtral-8x7B-Instruct-v0.1] Temp=0.0 Rep=1 → Concordo
[2026-05-12 12:00:05,209][__main__][INFO] - ✓ [mistralai/Mixtral-8x7B-Instruct-v0.1] Temp=0.0 Rep=1 → Neutro
[2026-05-12 12:00:05,309][__main__][INFO] - ✓ [mistralai/Mixtral-8x7B-Instruct-v0.1] Temp=0.0 Rep=1 → Concordo
[2026-05-12 12:00:05,321][__main__][INFO] - ✓ [mistralai/Mixtral-8x7B-Instruct-v0.1] Temp=0.0 Rep=1 → Neutro
[2026-05-12 12:00:05,481][__main__][INFO] - ✓ [mistralai/Mixtral-8x7B-Instruct-v0.1] Temp=0.0 Rep=1 → Concordo
[2026-05-12 12:00:05,501][__main__][INFO] - ✓ [google/gemma-3-12b-it] Temp=0.0 Rep=1 → Concordo
[2026-05-12 12:00:05,504][__main__][INFO] - ✓ [google/gemma-3-12b-it] Temp=0.0 Rep=1 → Concordo
[2026-05-12 12:00:05,518][__main__][INFO] - ✓ [google/gemma-3-12b-it] Temp=0.0 Rep=1 → Concordo
[2026-05-12 12:00:05,545][__main__][INFO] - ✓ [google/gemma-3-12b-it] Temp=0.0 Rep=1 → Concordo
[2026-05-12 12:00:05,549][__main__][INFO] - ✓ [google/gemma-3-12b-it] Temp=0.0 Rep=1 → Concordo
[2026-05-12 12:00:05,560][__main__][INFO] - ✓ [mistralai/Mixtral-8x7B-Instruct-v0.1] Temp=0.0 Rep=1 → Concordo
[2026-05-12 12:00:05,561][__main__][INFO] - ✓ [google/gemma-3-12b-it] Temp=0.0 Rep=1 → Concordo
[2026-05-12 12:00:05,596][__main__][INFO] - ✓ [mistralai/Mixtral-8x7B-Instruct-v0.1] Temp=0.0 Rep=1 → Concordo
[2026-05-12 12:00:05,605][__main__][INFO] - ✓ [mistralai/Mixtral-8x7B-Instruct-v0.1] Temp=0.0 Rep=1 → Concordo
[2026-05-12 12:00:05,761][__main__][INFO] - ✓ [mistralai/Mixtral-8x7B-Instruct-v0.1] Temp=0.0 Rep=1 → Concordo
[2026-05-12 12:00:05,823][__main__][INFO] - ✓ [mistralai/Mixtral-8x7B-Instruct-v0.1] Temp=0.0 Rep=1 → Concordo
[2026-05-12 12:00:05,827][__main__][INFO] - ✓ [google/gemma-3-12b-it] Temp=0.0 Rep=1 → Concordo
[2026-05-12 12:00:05,837][__main__][INFO] - ✓ [mistralai/Mixtral-8x7B-Instruct-v0.1] Temp=0.0 Rep=1 → Concordo
[2026-05-12 12:00:05,898][__main__][INFO] - Salvamento incremental (3600 novas respostas)...
[2026-05-12 12:00:05,956][__main__][INFO] - Cache salvo com 240064 entradas
[2026-05-12 12:00:05,956][__main__][INFO] - ✓ [mistralai/Mixtral-8x7B-Instruct-v0.1] Temp=0.0 Rep=1 → Concordo
[2026-05-12 12:00:05,958][__main__][INFO] - ✓ [google/gemma-3-12b-it] Temp=0.0 Rep=1 → Concordo
[2026-05-12 12:00:05,958][__main__][INFO] - ✓ [google/gemma-3-12b-it] Temp=0.0 Rep=1 → Concordo
[2026-05-12 12:00:05,973][__main__][INFO] - ✓ [google/gemma-3-12b-it] Temp=0.0 Rep=1 → Concordo
[2026-05-12 12:00:06,010][__main__][INFO] - ✓ [google/gemma-3-12b-it] Temp=0.0 Rep=1 → Concordo
[2026-05-12 12:00:06,013][__main__][INFO] - ✓ [google/gemma-3-12b-it] Temp=0.0 Rep=1 → Concordo
[2026-05-12 12:00:06,253][__main__][INFO] - ✓ [mistralai/Mixtral-8x7B-Instruct-v0.1] Temp=0.0 Rep=1 → Concordo
[2026-05-12 12:00:06,254][__main__][INFO] - ✓ [google/gemma-3-12b-it] Temp=0.0 Rep=1 → Discordo fortemente
[2026-05-12 12:00:06,259][__main__][INFO] - ✓ [google/gemma-3-12b-it] Temp=0.0 Rep=1 → Concordo
[2026-05-12 12:00:06,364][__main__][INFO] - ✓ [google/gemma-3-12b-it] Temp=0.0 Rep=1 → Concordo fortemente
[2026-05-12 12:00:06,388][__main__][INFO] - ✓ [mistralai/Mixtral-8x7B-Instruct-v0.1] Temp=0.0 Rep=1 → Neutro
[2026-05-12 12:00:06,396][__main__][INFO] - ✓ [mistralai/Mixtral-8x7B-Instruct-v0.1] Temp=0.0 Rep=1 → Neutro
[2026-05-12 12:00:06,538][__main__][INFO] - ✓ [mistralai/Mixtral-8x7B-Instruct-v0.1] Temp=0.0 Rep=1 → Concordo
[2026-05-12 12:00:06,579][__main__][INFO] - ✓ [google/gemma-3-12b-it] Temp=0.0 Rep=1 → Neutro
[2026-05-12 12:00:06,605][__main__][INFO] - ✓ [google/gemma-3-12b-it] Temp=0.0 Rep=1 → Concordo
[2026-05-12 12:00:06,610][__main__][INFO] - ✓ [google/gemma-3-12b-it] Temp=0.0 Rep=1 → Concordo
[2026-05-12 12:00:06,615][__main__][INFO] - ✓ [mistralai/Mixtral-8x7B-Instruct-v0.1] Temp=0.0 Rep=1 → Concordo
[2026-05-12 12:00:06,671][__main__][INFO] - ✓ [mistralai/Mixtral-8x7B-Instruct-v0.1] Temp=0.0 Rep=1 → Neutro
[2026-05-12 12:00:06,678][__main__][INFO] - ✓ [mistralai/Mixtral-8x7B-Instruct-v0.1] Temp=0.0 Rep=1 → Concordo fortemente
[2026-05-12 12:00:06,683][__main__][INFO] - ✓ [mistralai/Mixtral-8x7B-Instruct-v0.1] Temp=0.0 Rep=1 → Concordo
[2026-05-12 12:00:06,777][__main__][INFO] - ✓ [google/gemma-3-12b-it] Temp=0.0 Rep=1 → Concordo fortemente
[2026-05-12 12:00:06,849][__main__][INFO] - ✓ [google/gemma-3-12b-it] Temp=0.0 Rep=1 → Neutro
[2026-05-12 12:00:06,911][__main__][INFO] - ✓ [mistralai/Mixtral-8x7B-Instruct-v0.1] Temp=0.0 Rep=1 → Neutro
[2026-05-12 12:00:06,924][__main__][INFO] - ✓ [mistralai/Mixtral-8x7B-Instruct-v0.1] Temp=0.0 Rep=1 → Concordo fortemente
[2026-05-12 12:00:06,929][__main__][INFO] - ✓ [mistralai/Mixtral-8x7B-Instruct-v0.1] Temp=0.0 Rep=1 → Neutro
[2026-05-12 12:00:06,931][__main__][INFO] - ✓ [google/gemma-3-12b-it] Temp=0.0 Rep=1 → Concordo
[2026-05-12 12:00:07,042][__main__][INFO] - ✓ [mistralai/Mixtral-8x7B-Instruct-v0.1] Temp=0.0 Rep=1 → Concordo
[2026-05-12 12:00:07,100][__main__][INFO] - ✓ [mistralai/Mixtral-8x7B-Instruct-v0.1] Temp=0.0 Rep=1 → Neutro
[2026-05-12 12:00:07,118][__main__][INFO] - ✓ [google/gemma-3-12b-it] Temp=0.0 Rep=1 → Discordo
[2026-05-12 12:00:07,122][__main__][INFO] - ✓ [google/gemma-3-12b-it] Temp=0.0 Rep=1 → Neutro
[2026-05-12 12:00:07,128][__main__][INFO] - ✓ [google/gemma-3-12b-it] Temp=0.0 Rep=1 → Concordo
[2026-05-12 12:00:07,131][__main__][INFO] - ✓ [mistralai/Mixtral-8x7B-Instruct-v0.1] Temp=0.0 Rep=1 → Concordo fortemente
[2026-05-12 12:00:07,302][__main__][INFO] - ✓ [mistralai/Mixtral-8x7B-Instruct-v0.1] Temp=0.0 Rep=1 → Neutro
[2026-05-12 12:00:07,306][__main__][INFO] - ✓ [google/gemma-3-12b-it] Temp=0.0 Rep=1 → Neutro
[2026-05-12 12:00:07,306][__main__][INFO] - ✓ [google/gemma-3-12b-it] Temp=0.0 Rep=1 → Concordo
[2026-05-12 12:00:07,307][__main__][INFO] - ✓ [google/gemma-3-12b-it] Temp=0.0 Rep=1 → Neutro
[2026-05-12 12:00:07,313][__main__][INFO] - ✓ [mistralai/Mixtral-8x7B-Instruct-v0.1] Temp=0.0 Rep=1 → Concordo
[2026-05-12 12:00:07,370][__main__][INFO] - ✓ [mistralai/Mixtral-8x7B-Instruct-v0.1] Temp=0.0 Rep=1 → Concordo
[2026-05-12 12:00:07,404][__main__][INFO] - ✓ [mistralai/Mixtral-8x7B-Instruct-v0.1] Temp=0.0 Rep=1 → Neutro
[2026-05-12 12:00:07,431][__main__][INFO] - ✓ [google/gemma-3-12b-it] Temp=0.0 Rep=1 → Neutro
[2026-05-12 12:00:07,488][__main__][INFO] - Salvamento incremental (3640 novas respostas)...
[2026-05-12 12:00:07,546][__main__][INFO] - Cache salvo com 240104 entradas
[2026-05-12 12:00:07,546][__main__][INFO] - ✓ [google/gemma-3-12b-it] Temp=0.0 Rep=1 → Concordo
[2026-05-12 12:00:07,548][__main__][INFO] - ✓ [google/gemma-3-12b-it] Temp=0.0 Rep=1 → Concordo fortemente
[2026-05-12 12:00:07,601][__main__][INFO] - ✓ [mistralai/Mixtral-8x7B-Instruct-v0.1] Temp=0.0 Rep=1 → Neutro
[2026-05-12 12:00:07,615][__main__][INFO] - ✓ [mistralai/Mixtral-8x7B-Instruct-v0.1] Temp=0.0 Rep=1 → Concordo fortemente
[2026-05-12 12:00:07,625][__main__][INFO] - ✓ [google/gemma-3-12b-it] Temp=0.0 Rep=1 → Concordo
[2026-05-12 12:00:07,647][__main__][INFO] - ✓ [mistralai/Mixtral-8x7B-Instruct-v0.1] Temp=0.0 Rep=1 → Neutro
[2026-05-12 12:00:07,681][__main__][INFO] - ✓ [mistralai/Mixtral-8x7B-Instruct-v0.1] Temp=0.0 Rep=1 → Concordo
[2026-05-12 12:00:07,700][__main__][INFO] - ✓ [mistralai/Mixtral-8x7B-Instruct-v0.1] Temp=0.0 Rep=1 → Concordo
[2026-05-12 12:00:07,825][__main__][INFO] - ✓ [mistralai/Mixtral-8x7B-Instruct-v0.1] Temp=0.0 Rep=1 → Neutro
[2026-05-12 12:00:07,875][__main__][INFO] - ✓ [google/gemma-3-12b-it] Temp=0.0 Rep=1 → Concordo
[2026-05-12 12:00:07,876][__main__][INFO] - ✓ [google/gemma-3-12b-it] Temp=0.0 Rep=1 → Neutro
[2026-05-12 12:00:07,899][__main__][INFO] - ✓ [google/gemma-3-12b-it] Temp=0.0 Rep=1 → Neutro
[2026-05-12 12:00:07,929][__main__][INFO] - ✓ [mistralai/Mixtral-8x7B-Instruct-v0.1] Temp=0.0 Rep=1 → Concordo fortemente
[2026-05-12 12:00:07,944][__main__][INFO] - ✓ [mistralai/Mixtral-8x7B-Instruct-v0.1] Temp=0.0 Rep=1 → Neutro
[2026-05-12 12:00:07,961][__main__][INFO] - ✓ [mistralai/Mixtral-8x7B-Instruct-v0.1] Temp=0.0 Rep=1 → Neutro
[2026-05-12 12:00:08,048][__main__][INFO] - ✓ [google/gemma-3-12b-it] Temp=0.0 Rep=1 → Concordo fortemente
[2026-05-12 12:00:08,095][__main__][INFO] - ✓ [google/gemma-3-12b-it] Temp=0.0 Rep=1 → Concordo
[2026-05-12 12:00:08,109][__main__][INFO] - ✓ [google/gemma-3-12b-it] Temp=0.0 Rep=1 → Concordo
[2026-05-12 12:00:08,174][__main__][INFO] - ✓ [mistralai/Mixtral-8x7B-Instruct-v0.1] Temp=0.0 Rep=1 → Concordo
[2026-05-12 12:00:08,238][__main__][INFO] - ✓ [google/gemma-3-12b-it] Temp=0.0 Rep=1 → Concordo
[2026-05-12 12:00:08,350][__main__][INFO] - ✓ [google/gemma-3-12b-it] Temp=0.0 Rep=1 → Neutro
[2026-05-12 12:00:08,354][__main__][INFO] - ✓ [google/gemma-3-12b-it] Temp=0.0 Rep=1 → Neutro
[2026-05-12 12:00:08,354][__main__][INFO] - ✓ [google/gemma-3-12b-it] Temp=0.0 Rep=1 → Concordo
[2026-05-12 12:00:08,395][__main__][INFO] - ✓ [mistralai/Mixtral-8x7B-Instruct-v0.1] Temp=0.0 Rep=1 → Discordo
[2026-05-12 12:00:08,399][__main__][INFO] - ✓ [mistralai/Mixtral-8x7B-Instruct-v0.1] Temp=0.0 Rep=1 → Concordo fortemente
[2026-05-12 12:00:08,404][__main__][INFO] - ✓ [mistralai/Mixtral-8x7B-Instruct-v0.1] Temp=0.0 Rep=1 → Neutro
[2026-05-12 12:00:08,405][__main__][INFO] - ✓ [mistralai/Mixtral-8x7B-Instruct-v0.1] Temp=0.0 Rep=1 → Concordo
[2026-05-12 12:00:08,542][__main__][INFO] - ✓ [mistralai/Mixtral-8x7B-Instruct-v0.1] Temp=0.0 Rep=1 → Neutro
[2026-05-12 12:00:08,553][__main__][INFO] - ✓ [google/gemma-3-12b-it] Temp=0.0 Rep=1 → Neutro
[2026-05-12 12:00:08,576][__main__][INFO] - ✓ [google/gemma-3-12b-it] Temp=0.0 Rep=1 → Concordo fortemente
[2026-05-12 12:00:08,644][__main__][INFO] - ✓ [mistralai/Mixtral-8x7B-Instruct-v0.1] Temp=0.0 Rep=1 → Concordo fortemente
[2026-05-12 12:00:08,684][__main__][INFO] - ✓ [mistralai/Mixtral-8x7B-Instruct-v0.1] Temp=0.0 Rep=1 → Discordo
[2026-05-12 12:00:08,723][__main__][INFO] - ✓ [google/gemma-3-12b-it] Temp=0.0 Rep=1 → Neutro
[2026-05-12 12:00:08,724][__main__][INFO] - ✓ [mistralai/Mixtral-8x7B-Instruct-v0.1] Temp=0.0 Rep=1 → Neutro
[2026-05-12 12:00:08,776][__main__][INFO] - ✓ [google/gemma-3-12b-it] Temp=0.0 Rep=1 → Neutro
[2026-05-12 12:00:08,782][__main__][INFO] - ✓ [google/gemma-3-12b-it] Temp=0.0 Rep=1 → Concordo
[2026-05-12 12:00:08,877][__main__][INFO] - ✓ [google/gemma-3-12b-it] Temp=0.0 Rep=1 → Concordo
[2026-05-12 12:00:08,881][__main__][INFO] - ✓ [mistralai/Mixtral-8x7B-Instruct-v0.1] Temp=0.0 Rep=1 → Concordo
[2026-05-12 12:00:08,881][__main__][INFO] - ✓ [mistralai/Mixtral-8x7B-Instruct-v0.1] Temp=0.0 Rep=1 → Concordo
[2026-05-12 12:00:08,886][__main__][INFO] - ✓ [google/gemma-3-12b-it] Temp=0.0 Rep=1 → Concordo
[2026-05-12 12:00:08,958][__main__][INFO] - Salvamento incremental (3680 novas respostas)...
[2026-05-12 12:00:09,012][__main__][INFO] - Cache salvo com 240144 entradas
[2026-05-12 12:00:09,013][__main__][INFO] - ✓ [mistralai/Mixtral-8x7B-Instruct-v0.1] Temp=0.0 Rep=1 → Neutro
[2026-05-12 12:00:09,038][__main__][INFO] - ✓ [google/gemma-3-12b-it] Temp=0.0 Rep=1 → Discordo
[2026-05-12 12:00:09,160][__main__][INFO] - ✓ [google/gemma-3-12b-it] Temp=0.0 Rep=1 → Concordo fortemente
[2026-05-12 12:00:09,169][__main__][INFO] - ✓ [google/gemma-3-12b-it] Temp=0.0 Rep=1 → Concordo
[2026-05-12 12:00:09,180][__main__][INFO] - ✓ [google/gemma-3-12b-it] Temp=0.0 Rep=1 → Concordo
[2026-05-12 12:00:09,253][__main__][INFO] - ✓ [mistralai/Mixtral-8x7B-Instruct-v0.1] Temp=0.0 Rep=1 → Discordo
[2026-05-12 12:00:09,261][__main__][INFO] - ✓ [google/gemma-3-12b-it] Temp=0.0 Rep=1 → Concordo
[2026-05-12 12:00:09,278][__main__][INFO] - ✓ [google/gemma-3-12b-it] Temp=0.0 Rep=1 → Concordo
[2026-05-12 12:00:09,398][__main__][INFO] - ✓ [mistralai/Mixtral-8x7B-Instruct-v0.1] Temp=0.0 Rep=1 → Concordo fortemente
[2026-05-12 12:00:09,401][__main__][INFO] - ✓ [mistralai/Mixtral-8x7B-Instruct-v0.1] Temp=0.0 Rep=1 → Neutro
[2026-05-12 12:00:09,404][__main__][INFO] - ✓ [mistralai/Mixtral-8x7B-Instruct-v0.1] Temp=0.0 Rep=1 → Concordo
[2026-05-12 12:00:09,443][__main__][INFO] - ✓ [mistralai/Mixtral-8x7B-Instruct-v0.1] Temp=0.0 Rep=1 → Neutro
[2026-05-12 12:00:09,461][__main__][INFO] - ✓ [google/gemma-3-12b-it] Temp=0.0 Rep=1 → Concordo
[2026-05-12 12:00:09,493][__main__][INFO] - ✓ [google/gemma-3-12b-it] Temp=0.0 Rep=1 → Concordo fortemente
[2026-05-12 12:00:09,557][__main__][INFO] - ✓ [mistralai/Mixtral-8x7B-Instruct-v0.1] Temp=0.0 Rep=1 → Discordo
[2026-05-12 12:00:09,560][__main__][INFO] - ✓ [google/gemma-3-12b-it] Temp=0.0 Rep=1 → Neutro
[2026-05-12 12:00:09,598][__main__][INFO] - ✓ [mistralai/Mixtral-8x7B-Instruct-v0.1] Temp=0.0 Rep=1 → Concordo fortemente
[2026-05-12 12:00:09,618][__main__][INFO] - ✓ [mistralai/Mixtral-8x7B-Instruct-v0.1] Temp=0.0 Rep=1 → Concordo fortemente
[2026-05-12 12:00:09,692][__main__][INFO] - ✓ [mistralai/Mixtral-8x7B-Instruct-v0.1] Temp=0.0 Rep=1 → Neutro
[2026-05-12 12:00:09,732][__main__][INFO] - ✓ [google/gemma-3-12b-it] Temp=0.0 Rep=1 → Neutro
[2026-05-12 12:00:09,735][__main__][INFO] - ✓ [google/gemma-3-12b-it] Temp=0.0 Rep=1 → Concordo
[2026-05-12 12:00:09,768][__main__][INFO] - ✓ [mistralai/Mixtral-8x7B-Instruct-v0.1] Temp=0.0 Rep=1 → Concordo
[2026-05-12 12:00:09,788][__main__][INFO] - ✓ [mistralai/Mixtral-8x7B-Instruct-v0.1] Temp=0.0 Rep=1 → Concordo
[2026-05-12 12:00:09,925][__main__][INFO] - ✓ [mistralai/Mixtral-8x7B-Instruct-v0.1] Temp=0.0 Rep=1 → Neutro
[2026-05-12 12:00:09,928][__main__][INFO] - ✓ [google/gemma-3-12b-it] Temp=0.0 Rep=1 → Concordo
[2026-05-12 12:00:09,929][__main__][INFO] - ✓ [google/gemma-3-12b-it] Temp=0.0 Rep=1 → Concordo
[2026-05-12 12:00:09,968][__main__][INFO] - ✓ [google/gemma-3-12b-it] Temp=0.0 Rep=1 → Concordo
[2026-05-12 12:00:09,973][__main__][INFO] - ✓ [google/gemma-3-12b-it] Temp=0.0 Rep=1 → Neutro
[2026-05-12 12:00:09,978][__main__][INFO] - ✓ [mistralai/Mixtral-8x7B-Instruct-v0.1] Temp=0.0 Rep=1 → Concordo
[2026-05-12 12:00:10,018][__main__][INFO] - ✓ [mistralai/Mixtral-8x7B-Instruct-v0.1] Temp=0.0 Rep=1 → Neutro
[2026-05-12 12:00:10,035][__main__][INFO] - ✓ [mistralai/Mixtral-8x7B-Instruct-v0.1] Temp=0.0 Rep=1 → Neutro
[2026-05-12 12:00:10,113][__main__][INFO] - ✓ [google/gemma-3-12b-it] Temp=0.0 Rep=1 → Concordo
[2026-05-12 12:00:10,118][__main__][INFO] - ✓ [google/gemma-3-12b-it] Temp=0.0 Rep=1 → Concordo
[2026-05-12 12:00:10,217][__main__][INFO] - ✓ [mistralai/Mixtral-8x7B-Instruct-v0.1] Temp=0.0 Rep=1 → Concordo
[2026-05-12 12:00:10,259][__main__][INFO] - ✓ [mistralai/Mixtral-8x7B-Instruct-v0.1] Temp=0.0 Rep=1 → Concordo
[2026-05-12 12:00:10,277][__main__][INFO] - ✓ [mistralai/Mixtral-8x7B-Instruct-v0.1] Temp=0.0 Rep=1 → Neutro
[2026-05-12 12:00:10,287][__main__][INFO] - ✓ [google/gemma-3-12b-it] Temp=0.0 Rep=1 → Neutro
[2026-05-12 12:00:10,312][__main__][INFO] - ✓ [mistralai/Mixtral-8x7B-Instruct-v0.1] Temp=0.0 Rep=1 → Concordo fortemente
[2026-05-12 12:00:10,339][__main__][INFO] - ✓ [google/gemma-3-12b-it] Temp=0.0 Rep=1 → Neutro
[2026-05-12 12:00:10,342][__main__][INFO] - ✓ [google/gemma-3-12b-it] Temp=0.0 Rep=1 → Discordo
[2026-05-12 12:00:10,450][__main__][INFO] - Salvamento incremental (3720 novas respostas)...
[2026-05-12 12:00:10,502][__main__][INFO] - Cache salvo com 240184 entradas
[2026-05-12 12:00:10,502][__main__][INFO] - ✓ [google/gemma-3-12b-it] Temp=0.0 Rep=1 → Concordo
[2026-05-12 12:00:10,503][__main__][INFO] - ✓ [mistralai/Mixtral-8x7B-Instruct-v0.1] Temp=0.0 Rep=1 → Neutro
[2026-05-12 12:00:10,503][__main__][INFO] - ✓ [mistralai/Mixtral-8x7B-Instruct-v0.1] Temp=0.0 Rep=1 → Neutro
[2026-05-12 12:00:10,608][__main__][INFO] - ✓ [mistralai/Mixtral-8x7B-Instruct-v0.1] Temp=0.0 Rep=1 → Concordo fortemente
[2026-05-12 12:00:10,633][__main__][INFO] - ✓ [mistralai/Mixtral-8x7B-Instruct-v0.1] Temp=0.0 Rep=1 → Concordo
[2026-05-12 12:00:10,641][__main__][INFO] - ✓ [google/gemma-3-12b-it] Temp=0.0 Rep=1 → Discordo
[2026-05-12 12:00:10,810][__main__][INFO] - ✓ [mistralai/Mixtral-8x7B-Instruct-v0.1] Temp=0.0 Rep=1 → Discordo fortemente
[2026-05-12 12:00:10,866][__main__][INFO] - ✓ [google/gemma-3-12b-it] Temp=0.0 Rep=1 → Concordo
[2026-05-12 12:00:10,970][__main__][INFO] - ✓ [mistralai/Mixtral-8x7B-Instruct-v0.1] Temp=0.0 Rep=1 → Concordo fortemente
[2026-05-12 12:00:10,970][__main__][INFO] - ✓ [mistralai/Mixtral-8x7B-Instruct-v0.1] Temp=0.0 Rep=1 → Discordo fortemente
[2026-05-12 12:00:10,972][__main__][INFO] - ✓ [mistralai/Mixtral-8x7B-Instruct-v0.1] Temp=0.0 Rep=1 → Discordo
[2026-05-12 12:00:10,973][__main__][INFO] - ✓ [google/gemma-3-12b-it] Temp=0.0 Rep=1 → Neutro
[2026-05-12 12:00:10,975][__main__][INFO] - ✓ [google/gemma-3-12b-it] Temp=0.0 Rep=1 → Concordo fortemente
[2026-05-12 12:00:11,080][__main__][INFO] - ✓ [google/gemma-3-12b-it] Temp=0.0 Rep=1 → Concordo fortemente
[2026-05-12 12:00:11,159][__main__][INFO] - ✓ [google/gemma-3-12b-it] Temp=0.0 Rep=1 → Discordo
[2026-05-12 12:00:11,208][__main__][INFO] - ✓ [google/gemma-3-12b-it] Temp=0.0 Rep=1 → Concordo
[2026-05-12 12:00:11,249][__main__][INFO] - ✓ [mistralai/Mixtral-8x7B-Instruct-v0.1] Temp=0.0 Rep=1 → Concordo
[2026-05-12 12:00:11,265][__main__][INFO] - ✓ [mistralai/Mixtral-8x7B-Instruct-v0.1] Temp=0.0 Rep=1 → Concordo fortemente
[2026-05-12 12:00:11,269][__main__][INFO] - ✓ [mistralai/Mixtral-8x7B-Instruct-v0.1] Temp=0.0 Rep=1 → Discordo
[2026-05-12 12:00:11,284][__main__][INFO] - ✓ [google/gemma-3-12b-it] Temp=0.0 Rep=1 → Neutro
[2026-05-12 12:00:11,300][__main__][INFO] - ✓ [google/gemma-3-12b-it] Temp=0.0 Rep=1 → Discordo
[2026-05-12 12:00:11,301][__main__][INFO] - ✓ [google/gemma-3-12b-it] Temp=0.0 Rep=1 → Concordo
[2026-05-12 12:00:11,497][__main__][INFO] - ✓ [mistralai/Mixtral-8x7B-Instruct-v0.1] Temp=0.0 Rep=1 → Discordo fortemente
[2026-05-12 12:00:11,498][__main__][INFO] - ✓ [mistralai/Mixtral-8x7B-Instruct-v0.1] Temp=0.0 Rep=1 → Concordo
[2026-05-12 12:00:11,572][__main__][INFO] - ✓ [mistralai/Mixtral-8x7B-Instruct-v0.1] Temp=0.0 Rep=1 → Neutro
[2026-05-12 12:00:11,589][__main__][INFO] - ✓ [mistralai/Mixtral-8x7B-Instruct-v0.1] Temp=0.0 Rep=1 → Concordo
[2026-05-12 12:00:11,615][__main__][INFO] - ✓ [mistralai/Mixtral-8x7B-Instruct-v0.1] Temp=0.0 Rep=1 → Concordo fortemente
[2026-05-12 12:00:11,628][__main__][INFO] - ✓ [google/gemma-3-12b-it] Temp=0.0 Rep=1 → Concordo
[2026-05-12 12:00:11,655][__main__][INFO] - ✓ [google/gemma-3-12b-it] Temp=0.0 Rep=1 → Discordo
[2026-05-12 12:00:11,726][__main__][INFO] - ✓ [google/gemma-3-12b-it] Temp=0.0 Rep=1 → Concordo
[2026-05-12 12:00:11,767][__main__][INFO] - ✓ [mistralai/Mixtral-8x7B-Instruct-v0.1] Temp=0.0 Rep=1 → Concordo
[2026-05-12 12:00:11,923][__main__][INFO] - ✓ [mistralai/Mixtral-8x7B-Instruct-v0.1] Temp=0.0 Rep=1 → Neutro
[2026-05-12 12:00:11,928][__main__][INFO] - ✓ [google/gemma-3-12b-it] Temp=0.0 Rep=1 → Neutro
[2026-05-12 12:00:12,021][__main__][INFO] - ✓ [google/gemma-3-12b-it] Temp=0.0 Rep=1 → Concordo
[2026-05-12 12:00:12,025][__main__][INFO] - ✓ [mistralai/Mixtral-8x7B-Instruct-v0.1] Temp=0.0 Rep=1 → Concordo
[2026-05-12 12:00:12,026][__main__][INFO] - ✓ [mistralai/Mixtral-8x7B-Instruct-v0.1] Temp=0.0 Rep=1 → Neutro
[2026-05-12 12:00:12,124][__main__][INFO] - ✓ [google/gemma-3-12b-it] Temp=0.0 Rep=1 → Concordo fortemente
[2026-05-12 12:00:12,238][__main__][INFO] - ✓ [google/gemma-3-12b-it] Temp=0.0 Rep=1 → Discordo fortemente
[2026-05-12 12:00:12,307][__main__][INFO] - ✓ [google/gemma-3-12b-it] Temp=0.0 Rep=1 → Neutro
[2026-05-12 12:00:12,318][__main__][INFO] - ✓ [mistralai/Mixtral-8x7B-Instruct-v0.1] Temp=0.0 Rep=1 → Neutro
[2026-05-12 12:00:12,334][__main__][INFO] - Salvamento incremental (3760 novas respostas)...
[2026-05-12 12:00:12,379][__main__][INFO] - Cache salvo com 240224 entradas
[2026-05-12 12:00:12,379][__main__][INFO] - ✓ [google/gemma-3-12b-it] Temp=0.0 Rep=1 → Concordo
[2026-05-12 12:00:12,381][__main__][INFO] - ✓ [google/gemma-3-12b-it] Temp=0.0 Rep=1 → Discordo
[2026-05-12 12:00:12,382][__main__][INFO] - ✓ [google/gemma-3-12b-it] Temp=0.0 Rep=1 → Neutro
[2026-05-12 12:00:12,382][__main__][INFO] - ✓ [google/gemma-3-12b-it] Temp=0.0 Rep=1 → Concordo fortemente
[2026-05-12 12:00:12,543][__main__][INFO] - ✓ [google/gemma-3-12b-it] Temp=0.0 Rep=1 → Concordo
[2026-05-12 12:00:12,578][__main__][INFO] - ✓ [mistralai/Mixtral-8x7B-Instruct-v0.1] Temp=0.0 Rep=1 → Concordo fortemente
[2026-05-12 12:00:12,633][__main__][INFO] - ✓ [mistralai/Mixtral-8x7B-Instruct-v0.1] Temp=0.0 Rep=1 → Concordo fortemente
[2026-05-12 12:00:12,678][__main__][INFO] - ✓ [mistralai/Mixtral-8x7B-Instruct-v0.1] Temp=0.0 Rep=1 → Discordo
[2026-05-12 12:00:12,758][__main__][INFO] - ✓ [google/gemma-3-12b-it] Temp=0.0 Rep=1 → Concordo
[2026-05-12 12:00:12,765][__main__][INFO] - ✓ [google/gemma-3-12b-it] Temp=0.0 Rep=1 → Neutro
[2026-05-12 12:00:12,771][__main__][INFO] - ✓ [google/gemma-3-12b-it] Temp=0.0 Rep=1 → Discordo fortemente
[2026-05-12 12:00:12,778][__main__][INFO] - ✓ [mistralai/Mixtral-8x7B-Instruct-v0.1] Temp=0.0 Rep=1 → Discordo
[2026-05-12 12:00:12,827][__main__][INFO] - ✓ [mistralai/Mixtral-8x7B-Instruct-v0.1] Temp=0.0 Rep=1 → Discordo fortemente
[2026-05-12 12:00:12,854][__main__][INFO] - ✓ [mistralai/Mixtral-8x7B-Instruct-v0.1] Temp=0.0 Rep=1 → Concordo fortemente
[2026-05-12 12:00:12,864][__main__][INFO] - ✓ [mistralai/Mixtral-8x7B-Instruct-v0.1] Temp=0.0 Rep=1 → Discordo fortemente
[2026-05-12 12:00:12,930][__main__][INFO] - ✓ [mistralai/Mixtral-8x7B-Instruct-v0.1] Temp=0.0 Rep=1 → Neutro
[2026-05-12 12:00:13,068][__main__][INFO] - ✓ [google/gemma-3-12b-it] Temp=0.0 Rep=1 → Concordo
[2026-05-12 12:00:13,075][__main__][INFO] - ✓ [google/gemma-3-12b-it] Temp=0.0 Rep=1 → Neutro
[2026-05-12 12:00:13,084][__main__][INFO] - ✓ [mistralai/Mixtral-8x7B-Instruct-v0.1] Temp=0.0 Rep=1 → Concordo
[2026-05-12 12:00:13,103][__main__][INFO] - ✓ [google/gemma-3-12b-it] Temp=0.0 Rep=1 → Neutro
[2026-05-12 12:00:13,125][__main__][INFO] - ✓ [mistralai/Mixtral-8x7B-Instruct-v0.1] Temp=0.0 Rep=1 → Concordo
[2026-05-12 12:00:13,167][__main__][INFO] - ✓ [google/gemma-3-12b-it] Temp=0.0 Rep=1 → Concordo
[2026-05-12 12:00:13,176][__main__][INFO] - ✓ [mistralai/Mixtral-8x7B-Instruct-v0.1] Temp=0.0 Rep=1 → Neutro
[2026-05-12 12:00:13,196][__main__][INFO] - ✓ [google/gemma-3-12b-it] Temp=0.0 Rep=1 → Neutro
[2026-05-12 12:00:13,245][__main__][INFO] - ✓ [google/gemma-3-12b-it] Temp=0.0 Rep=1 → Neutro
[2026-05-12 12:00:13,249][__main__][INFO] - ✓ [google/gemma-3-12b-it] Temp=0.0 Rep=1 → Concordo
[2026-05-12 12:00:13,391][__main__][INFO] - ✓ [mistralai/Mixtral-8x7B-Instruct-v0.1] Temp=0.0 Rep=1 → Neutro
[2026-05-12 12:00:13,405][__main__][INFO] - ✓ [mistralai/Mixtral-8x7B-Instruct-v0.1] Temp=0.0 Rep=1 → Concordo
[2026-05-12 12:00:13,410][__main__][INFO] - ✓ [mistralai/Mixtral-8x7B-Instruct-v0.1] Temp=0.0 Rep=1 → Neutro
[2026-05-12 12:00:13,493][__main__][INFO] - ✓ [mistralai/Mixtral-8x7B-Instruct-v0.1] Temp=0.0 Rep=1 → Concordo fortemente
[2026-05-12 12:00:13,591][__main__][INFO] - ✓ [mistralai/Mixtral-8x7B-Instruct-v0.1] Temp=0.0 Rep=1 → Discordo fortemente
[2026-05-12 12:00:13,591][__main__][INFO] - ✓ [mistralai/Mixtral-8x7B-Instruct-v0.1] Temp=0.0 Rep=1 → Neutro
[2026-05-12 12:00:13,596][__main__][INFO] - ✓ [google/gemma-3-12b-it] Temp=0.0 Rep=1 → Neutro
[2026-05-12 12:00:13,651][__main__][INFO] - ✓ [google/gemma-3-12b-it] Temp=0.0 Rep=1 → Discordo
[2026-05-12 12:00:13,676][__main__][INFO] - ✓ [google/gemma-3-12b-it] Temp=0.0 Rep=1 → Concordo
[2026-05-12 12:00:13,680][__main__][INFO] - ✓ [google/gemma-3-12b-it] Temp=0.0 Rep=1 → Discordo fortemente
[2026-05-12 12:00:13,712][__main__][INFO] - ✓ [mistralai/Mixtral-8x7B-Instruct-v0.1] Temp=0.0 Rep=1 → Discordo fortemente
[2026-05-12 12:00:13,798][__main__][INFO] - ✓ [mistralai/Mixtral-8x7B-Instruct-v0.1] Temp=0.0 Rep=1 → Concordo fortemente
[2026-05-12 12:00:13,833][__main__][INFO] - ✓ [google/gemma-3-12b-it] Temp=0.0 Rep=1 → Concordo
[2026-05-12 12:00:13,878][__main__][INFO] - ✓ [mistralai/Mixtral-8x7B-Instruct-v0.1] Temp=0.0 Rep=1 → Discordo fortemente
[2026-05-12 12:00:13,898][__main__][INFO] - Salvamento incremental (3800 novas respostas)...
[2026-05-12 12:00:13,956][__main__][INFO] - Cache salvo com 240264 entradas
[2026-05-12 12:00:13,956][__main__][INFO] - ✓ [google/gemma-3-12b-it] Temp=0.0 Rep=1 → Discordo
[2026-05-12 12:00:13,958][__main__][INFO] - ✓ [google/gemma-3-12b-it] Temp=0.0 Rep=1 → Concordo
[2026-05-12 12:00:13,980][__main__][INFO] - ✓ [mistralai/Mixtral-8x7B-Instruct-v0.1] Temp=0.0 Rep=1 → Concordo fortemente
[2026-05-12 12:00:13,983][__main__][INFO] - ✓ [mistralai/Mixtral-8x7B-Instruct-v0.1] Temp=0.0 Rep=1 → Concordo
[2026-05-12 12:00:13,990][__main__][INFO] - ✓ [mistralai/Mixtral-8x7B-Instruct-v0.1] Temp=0.0 Rep=1 → Concordo
[2026-05-12 12:00:14,118][__main__][INFO] - ✓ [google/gemma-3-12b-it] Temp=0.0 Rep=1 → Concordo fortemente
[2026-05-12 12:00:14,147][__main__][INFO] - ✓ [google/gemma-3-12b-it] Temp=0.0 Rep=1 → Concordo
[2026-05-12 12:00:14,202][__main__][INFO] - ✓ [google/gemma-3-12b-it] Temp=0.0 Rep=1 → Discordo
[2026-05-12 12:00:14,244][__main__][INFO] - ✓ [google/gemma-3-12b-it] Temp=0.0 Rep=1 → Discordo
[2026-05-12 12:00:14,252][__main__][INFO] - ✓ [mistralai/Mixtral-8x7B-Instruct-v0.1] Temp=0.0 Rep=1 → Discordo fortemente
[2026-05-12 12:00:14,261][__main__][INFO] - ✓ [mistralai/Mixtral-8x7B-Instruct-v0.1] Temp=0.0 Rep=1 → Discordo fortemente
[2026-05-12 12:00:14,265][__main__][INFO] - ✓ [google/gemma-3-12b-it] Temp=0.0 Rep=1 → Concordo
[2026-05-12 12:00:14,273][__main__][INFO] - ✓ [mistralai/Mixtral-8x7B-Instruct-v0.1] Temp=0.0 Rep=1 → Discordo fortemente
[2026-05-12 12:00:14,328][__main__][INFO] - ✓ [google/gemma-3-12b-it] Temp=0.0 Rep=1 → Concordo fortemente
[2026-05-12 12:00:14,332][__main__][INFO] - ✓ [google/gemma-3-12b-it] Temp=0.0 Rep=1 → Concordo
[2026-05-12 12:00:14,438][__main__][INFO] - ✓ [mistralai/Mixtral-8x7B-Instruct-v0.1] Temp=0.0 Rep=1 → Concordo fortemente
[2026-05-12 12:00:14,463][__main__][INFO] - ✓ [mistralai/Mixtral-8x7B-Instruct-v0.1] Temp=0.0 Rep=1 → Concordo
[2026-05-12 12:00:14,481][__main__][INFO] - ✓ [google/gemma-3-12b-it] Temp=0.0 Rep=1 → Concordo
[2026-05-12 12:00:14,522][__main__][INFO] - ✓ [mistralai/Mixtral-8x7B-Instruct-v0.1] Temp=0.0 Rep=1 → Concordo
[2026-05-12 12:00:14,642][__main__][INFO] - ✓ [mistralai/Mixtral-8x7B-Instruct-v0.1] Temp=0.0 Rep=1 → Concordo fortemente
[2026-05-12 12:00:14,645][__main__][INFO] - ✓ [mistralai/Mixtral-8x7B-Instruct-v0.1] Temp=0.0 Rep=1 → Concordo
[2026-05-12 12:00:14,646][__main__][INFO] - ✓ [mistralai/Mixtral-8x7B-Instruct-v0.1] Temp=0.0 Rep=1 → Concordo
[2026-05-12 12:00:14,658][__main__][INFO] - ✓ [google/gemma-3-12b-it] Temp=0.0 Rep=1 → Concordo fortemente
[2026-05-12 12:00:14,769][__main__][INFO] - ✓ [google/gemma-3-12b-it] Temp=0.0 Rep=1 → Concordo
[2026-05-12 12:00:14,774][__main__][INFO] - ✓ [google/gemma-3-12b-it] Temp=0.0 Rep=1 → Concordo
[2026-05-12 12:00:14,785][__main__][INFO] - ✓ [google/gemma-3-12b-it] Temp=0.0 Rep=1 → Discordo
[2026-05-12 12:00:14,809][__main__][INFO] - ✓ [mistralai/Mixtral-8x7B-Instruct-v0.1] Temp=0.0 Rep=1 → Discordo fortemente
[2026-05-12 12:00:14,889][__main__][INFO] - ✓ [google/gemma-3-12b-it] Temp=0.0 Rep=1 → Discordo
[2026-05-12 12:00:14,907][__main__][INFO] - ✓ [google/gemma-3-12b-it] Temp=0.0 Rep=1 → Concordo
[2026-05-12 12:00:14,943][__main__][INFO] - ✓ [mistralai/Mixtral-8x7B-Instruct-v0.1] Temp=0.0 Rep=1 → Discordo fortemente
[2026-05-12 12:00:14,946][__main__][INFO] - ✓ [mistralai/Mixtral-8x7B-Instruct-v0.1] Temp=0.0 Rep=1 → Discordo fortemente
[2026-05-12 12:00:15,044][__main__][INFO] - ✓ [google/gemma-3-12b-it] Temp=0.0 Rep=1 → Discordo
[2026-05-12 12:00:15,050][__main__][INFO] - ✓ [mistralai/Mixtral-8x7B-Instruct-v0.1] Temp=0.0 Rep=1 → Concordo fortemente
[2026-05-12 12:00:15,053][__main__][INFO] - ✓ [mistralai/Mixtral-8x7B-Instruct-v0.1] Temp=0.0 Rep=1 → Discordo fortemente
[2026-05-12 12:00:15,055][__main__][INFO] - ✓ [google/gemma-3-12b-it] Temp=0.0 Rep=1 → Concordo
[2026-05-12 12:00:15,166][__main__][INFO] - ✓ [google/gemma-3-12b-it] Temp=0.0 Rep=1 → Neutro
[2026-05-12 12:00:15,172][__main__][INFO] - ✓ [mistralai/Mixtral-8x7B-Instruct-v0.1] Temp=0.0 Rep=1 → Neutro
[2026-05-12 12:00:15,193][__main__][INFO] - ✓ [google/gemma-3-12b-it] Temp=0.0 Rep=1 → Discordo
[2026-05-12 12:00:15,216][__main__][INFO] - ✓ [mistralai/Mixtral-8x7B-Instruct-v0.1] Temp=0.0 Rep=1 → Concordo fortemente
[2026-05-12 12:00:15,235][__main__][INFO] - ✓ [google/gemma-3-12b-it] Temp=0.0 Rep=1 → Concordo fortemente
[2026-05-12 12:00:15,242][__main__][INFO] - Salvamento incremental (3840 novas respostas)...
[2026-05-12 12:00:15,290][__main__][INFO] - Cache salvo com 240304 entradas
[2026-05-12 12:00:15,290][__main__][INFO] - ✓ [google/gemma-3-12b-it] Temp=0.0 Rep=1 → Neutro
[2026-05-12 12:00:15,336][__main__][INFO] - ✓ [mistralai/Mixtral-8x7B-Instruct-v0.1] Temp=0.0 Rep=1 → Concordo fortemente
[2026-05-12 12:00:15,337][__main__][INFO] - ✓ [mistralai/Mixtral-8x7B-Instruct-v0.1] Temp=0.0 Rep=1 → Discordo
[2026-05-12 12:00:15,361][__main__][INFO] - ✓ [google/gemma-3-12b-it] Temp=0.0 Rep=1 → Discordo
[2026-05-12 12:00:15,436][__main__][INFO] - ✓ [google/gemma-3-12b-it] Temp=0.0 Rep=1 → Concordo
[2026-05-12 12:00:15,467][__main__][INFO] - ✓ [mistralai/Mixtral-8x7B-Instruct-v0.1] Temp=0.0 Rep=1 → Concordo fortemente
[2026-05-12 12:00:15,490][__main__][INFO] - ✓ [mistralai/Mixtral-8x7B-Instruct-v0.1] Temp=0.0 Rep=1 → Neutro
[2026-05-12 12:00:15,494][__main__][INFO] - ✓ [mistralai/Mixtral-8x7B-Instruct-v0.1] Temp=0.0 Rep=1 → Discordo fortemente
[2026-05-12 12:00:15,520][__main__][INFO] - ✓ [google/gemma-3-12b-it] Temp=0.0 Rep=1 → Neutro
[2026-05-12 12:00:15,693][__main__][INFO] - ✓ [mistralai/Mixtral-8x7B-Instruct-v0.1] Temp=0.0 Rep=1 → Concordo fortemente
[2026-05-12 12:00:15,700][__main__][INFO] - ✓ [mistralai/Mixtral-8x7B-Instruct-v0.1] Temp=0.0 Rep=1 → Concordo
[2026-05-12 12:00:15,701][__main__][INFO] - ✓ [google/gemma-3-12b-it] Temp=0.0 Rep=1 → Neutro
[2026-05-12 12:00:15,702][__main__][INFO] - ✓ [google/gemma-3-12b-it] Temp=0.0 Rep=1 → Neutro
[2026-05-12 12:00:15,702][__main__][INFO] - ✓ [google/gemma-3-12b-it] Temp=0.0 Rep=1 → Concordo
[2026-05-12 12:00:15,707][__main__][INFO] - ✓ [mistralai/Mixtral-8x7B-Instruct-v0.1] Temp=0.0 Rep=1 → Neutro
[2026-05-12 12:00:15,762][__main__][INFO] - ✓ [google/gemma-3-12b-it] Temp=0.0 Rep=1 → Discordo
[2026-05-12 12:00:15,824][__main__][INFO] - ✓ [google/gemma-3-12b-it] Temp=0.0 Rep=1 → Neutro
[2026-05-12 12:00:15,850][__main__][INFO] - ✓ [google/gemma-3-12b-it] Temp=0.0 Rep=1 → Concordo
[2026-05-12 12:00:15,867][__main__][INFO] - ✓ [mistralai/Mixtral-8x7B-Instruct-v0.1] Temp=0.0 Rep=1 → Discordo fortemente
[2026-05-12 12:00:16,037][__main__][INFO] - ✓ [google/gemma-3-12b-it] Temp=0.0 Rep=1 → Neutro
[2026-05-12 12:00:16,050][__main__][INFO] - ✓ [google/gemma-3-12b-it] Temp=0.0 Rep=1 → Neutro
[2026-05-12 12:00:16,058][__main__][INFO] - ✓ [google/gemma-3-12b-it] Temp=0.0 Rep=1 → Concordo
[2026-05-12 12:00:16,240][__main__][INFO] - ✓ [google/gemma-3-12b-it] Temp=0.0 Rep=1 → Discordo
[2026-05-12 12:00:16,254][__main__][INFO] - ✓ [mistralai/Mixtral-8x7B-Instruct-v0.1] Temp=0.0 Rep=1 → Neutro
[2026-05-12 12:00:16,257][__main__][INFO] - ✓ [mistralai/Mixtral-8x7B-Instruct-v0.1] Temp=0.0 Rep=1 → Concordo fortemente
[2026-05-12 12:00:16,265][__main__][INFO] - ✓ [mistralai/Mixtral-8x7B-Instruct-v0.1] Temp=0.0 Rep=1 → Concordo fortemente
[2026-05-12 12:00:16,266][__main__][INFO] - ✓ [google/gemma-3-12b-it] Temp=0.0 Rep=1 → Concordo
[2026-05-12 12:00:16,343][__main__][INFO] - ✓ [mistralai/Mixtral-8x7B-Instruct-v0.1] Temp=0.0 Rep=1 → Discordo fortemente
[2026-05-12 12:00:16,425][__main__][INFO] - ✓ [google/gemma-3-12b-it] Temp=0.0 Rep=1 → Concordo
[2026-05-12 12:00:16,581][__main__][INFO] - ✓ [google/gemma-3-12b-it] Temp=0.0 Rep=1 → Concordo
[2026-05-12 12:00:16,584][__main__][INFO] - ✓ [google/gemma-3-12b-it] Temp=0.0 Rep=1 → Concordo
[2026-05-12 12:00:16,609][__main__][INFO] - ✓ [google/gemma-3-12b-it] Temp=0.0 Rep=1 → Concordo fortemente
[2026-05-12 12:00:16,737][__main__][INFO] - ✓ [mistralai/Mixtral-8x7B-Instruct-v0.1] Temp=0.0 Rep=1 → Concordo fortemente
[2026-05-12 12:00:16,743][__main__][INFO] - ✓ [mistralai/Mixtral-8x7B-Instruct-v0.1] Temp=0.0 Rep=1 → Discordo
[2026-05-12 12:00:16,858][__main__][INFO] - ✓ [mistralai/Mixtral-8x7B-Instruct-v0.1] Temp=0.0 Rep=1 → Concordo
[2026-05-12 12:00:16,870][__main__][INFO] - ✓ [mistralai/Mixtral-8x7B-Instruct-v0.1] Temp=0.0 Rep=1 → Concordo fortemente
[2026-05-12 12:00:16,874][__main__][INFO] - ✓ [mistralai/Mixtral-8x7B-Instruct-v0.1] Temp=0.0 Rep=1 → Concordo
[2026-05-12 12:00:16,880][__main__][INFO] - ✓ [mistralai/Mixtral-8x7B-Instruct-v0.1] Temp=0.0 Rep=1 → Concordo
[2026-05-12 12:00:16,889][__main__][INFO] - ✓ [mistralai/Mixtral-8x7B-Instruct-v0.1] Temp=0.0 Rep=1 → Concordo
[2026-05-12 12:00:16,972][__main__][INFO] - ✓ [google/gemma-3-12b-it] Temp=0.0 Rep=1 → Concordo
[2026-05-12 12:00:16,990][__main__][INFO] - Salvamento incremental (3880 novas respostas)...
[2026-05-12 12:00:17,044][__main__][INFO] - Cache salvo com 240344 entradas
[2026-05-12 12:00:17,044][__main__][INFO] - ✓ [google/gemma-3-12b-it] Temp=0.0 Rep=1 → Concordo
[2026-05-12 12:00:17,068][__main__][INFO] - ✓ [mistralai/Mixtral-8x7B-Instruct-v0.1] Temp=0.0 Rep=1 → Concordo
[2026-05-12 12:00:17,126][__main__][INFO] - ✓ [mistralai/Mixtral-8x7B-Instruct-v0.1] Temp=0.0 Rep=1 → Concordo fortemente
[2026-05-12 12:00:17,151][__main__][INFO] - ✓ [google/gemma-3-12b-it] Temp=0.0 Rep=1 → Discordo
[2026-05-12 12:00:17,262][__main__][INFO] - ✓ [google/gemma-3-12b-it] Temp=0.0 Rep=1 → Concordo
[2026-05-12 12:00:17,266][__main__][INFO] - ✓ [mistralai/Mixtral-8x7B-Instruct-v0.1] Temp=0.0 Rep=1 → Concordo
[2026-05-12 12:00:17,267][__main__][INFO] - ✓ [google/gemma-3-12b-it] Temp=0.0 Rep=1 → Concordo
[2026-05-12 12:00:17,267][__main__][INFO] - ✓ [mistralai/Mixtral-8x7B-Instruct-v0.1] Temp=0.0 Rep=1 → Discordo fortemente
[2026-05-12 12:00:17,268][__main__][INFO] - ✓ [mistralai/Mixtral-8x7B-Instruct-v0.1] Temp=0.0 Rep=1 → Concordo
[2026-05-12 12:00:17,276][__main__][INFO] - ✓ [google/gemma-3-12b-it] Temp=0.0 Rep=1 → Concordo fortemente
[2026-05-12 12:00:17,319][__main__][INFO] - ✓ [mistralai/Mixtral-8x7B-Instruct-v0.1] Temp=0.0 Rep=1 → Discordo
[2026-05-12 12:00:17,460][__main__][INFO] - ✓ [google/gemma-3-12b-it] Temp=0.0 Rep=1 → Discordo
[2026-05-12 12:00:17,577][__main__][INFO] - ✓ [mistralai/Mixtral-8x7B-Instruct-v0.1] Temp=0.0 Rep=1 → Concordo
[2026-05-12 12:00:17,590][__main__][INFO] - ✓ [mistralai/Mixtral-8x7B-Instruct-v0.1] Temp=0.0 Rep=1 → Discordo
[2026-05-12 12:00:17,594][__main__][INFO] - ✓ [google/gemma-3-12b-it] Temp=0.0 Rep=1 → Concordo
[2026-05-12 12:00:17,595][__main__][INFO] - ✓ [mistralai/Mixtral-8x7B-Instruct-v0.1] Temp=0.0 Rep=1 → Discordo fortemente
[2026-05-12 12:00:17,604][__main__][INFO] - ✓ [google/gemma-3-12b-it] Temp=0.0 Rep=1 → Concordo
[2026-05-12 12:00:17,637][__main__][INFO] - ✓ [google/gemma-3-12b-it] Temp=0.0 Rep=1 → Concordo
[2026-05-12 12:00:17,645][__main__][INFO] - ✓ [mistralai/Mixtral-8x7B-Instruct-v0.1] Temp=0.0 Rep=1 → Concordo fortemente
[2026-05-12 12:00:17,660][__main__][INFO] - ✓ [google/gemma-3-12b-it] Temp=0.0 Rep=1 → Concordo
[2026-05-12 12:00:17,682][__main__][INFO] - ✓ [google/gemma-3-12b-it] Temp=0.0 Rep=1 → Concordo fortemente
[2026-05-12 12:00:17,785][__main__][INFO] - ✓ [mistralai/Mixtral-8x7B-Instruct-v0.1] Temp=0.0 Rep=1 → Concordo
[2026-05-12 12:00:17,995][__main__][INFO] - ✓ [google/gemma-3-12b-it] Temp=0.0 Rep=1 → Discordo
[2026-05-12 12:00:18,028][__main__][INFO] - ✓ [google/gemma-3-12b-it] Temp=0.0 Rep=1 → Discordo
[2026-05-12 12:00:18,033][__main__][INFO] - ✓ [mistralai/Mixtral-8x7B-Instruct-v0.1] Temp=0.0 Rep=1 → Concordo
[2026-05-12 12:00:18,061][__main__][INFO] - ✓ [mistralai/Mixtral-8x7B-Instruct-v0.1] Temp=0.0 Rep=1 → Neutro
[2026-05-12 12:00:18,066][__main__][INFO] - ✓ [google/gemma-3-12b-it] Temp=0.0 Rep=1 → Neutro
[2026-05-12 12:00:18,085][__main__][INFO] - ✓ [google/gemma-3-12b-it] Temp=0.0 Rep=1 → Concordo
[2026-05-12 12:00:18,100][__main__][INFO] - ✓ [google/gemma-3-12b-it] Temp=0.0 Rep=1 → Neutro
[2026-05-12 12:00:18,106][__main__][INFO] - ✓ [mistralai/Mixtral-8x7B-Instruct-v0.1] Temp=0.0 Rep=1 → Concordo
[2026-05-12 12:00:18,110][__main__][INFO] - ✓ [mistralai/Mixtral-8x7B-Instruct-v0.1] Temp=0.0 Rep=1 → Discordo fortemente
[2026-05-12 12:00:18,311][__main__][INFO] - ✓ [google/gemma-3-12b-it] Temp=0.0 Rep=1 → Concordo
[2026-05-12 12:00:18,314][__main__][INFO] - ✓ [mistralai/Mixtral-8x7B-Instruct-v0.1] Temp=0.0 Rep=1 → Discordo fortemente
[2026-05-12 12:00:18,364][__main__][INFO] - ✓ [mistralai/Mixtral-8x7B-Instruct-v0.1] Temp=0.0 Rep=1 → Neutro
[2026-05-12 12:00:18,367][__main__][INFO] - ✓ [mistralai/Mixtral-8x7B-Instruct-v0.1] Temp=0.0 Rep=1 → Concordo
[2026-05-12 12:00:18,385][__main__][INFO] - ✓ [google/gemma-3-12b-it] Temp=0.0 Rep=1 → Neutro
[2026-05-12 12:00:18,407][__main__][INFO] - ✓ [google/gemma-3-12b-it] Temp=0.0 Rep=1 → Concordo
[2026-05-12 12:00:18,413][__main__][INFO] - ✓ [mistralai/Mixtral-8x7B-Instruct-v0.1] Temp=0.0 Rep=1 → Neutro
[2026-05-12 12:00:18,425][__main__][INFO] - ✓ [mistralai/Mixtral-8x7B-Instruct-v0.1] Temp=0.0 Rep=1 → Concordo fortemente
[2026-05-12 12:00:18,467][__main__][INFO] - ✓ [google/gemma-3-12b-it] Temp=0.0 Rep=1 → Concordo fortemente
[2026-05-12 12:00:18,517][__main__][INFO] - Salvamento incremental (3920 novas respostas)...
[2026-05-12 12:00:18,572][__main__][INFO] - Cache salvo com 240384 entradas
[2026-05-12 12:00:18,572][__main__][INFO] - ✓ [mistralai/Mixtral-8x7B-Instruct-v0.1] Temp=0.0 Rep=1 → Neutro
[2026-05-12 12:00:18,650][__main__][INFO] - ✓ [google/gemma-3-12b-it] Temp=0.0 Rep=1 → Concordo
[2026-05-12 12:00:18,662][__main__][INFO] - ✓ [google/gemma-3-12b-it] Temp=0.0 Rep=1 → Neutro
[2026-05-12 12:00:18,690][__main__][INFO] - ✓ [google/gemma-3-12b-it] Temp=0.0 Rep=1 → Neutro
[2026-05-12 12:00:18,692][__main__][INFO] - ✓ [mistralai/Mixtral-8x7B-Instruct-v0.1] Temp=0.0 Rep=1 → Concordo fortemente
[2026-05-12 12:00:18,841][__main__][INFO] - ✓ [mistralai/Mixtral-8x7B-Instruct-v0.1] Temp=0.0 Rep=1 → Neutro
[2026-05-12 12:00:18,842][__main__][INFO] - ✓ [mistralai/Mixtral-8x7B-Instruct-v0.1] Temp=0.0 Rep=1 → Neutro
[2026-05-12 12:00:18,843][__main__][INFO] - ✓ [google/gemma-3-12b-it] Temp=0.0 Rep=1 → Discordo
[2026-05-12 12:00:18,843][__main__][INFO] - ✓ [google/gemma-3-12b-it] Temp=0.0 Rep=1 → Concordo
[2026-05-12 12:00:18,869][__main__][INFO] - ✓ [google/gemma-3-12b-it] Temp=0.0 Rep=1 → Neutro
[2026-05-12 12:00:18,907][__main__][INFO] - ✓ [mistralai/Mixtral-8x7B-Instruct-v0.1] Temp=0.0 Rep=1 → Discordo fortemente
[2026-05-12 12:00:18,941][__main__][INFO] - ✓ [mistralai/Mixtral-8x7B-Instruct-v0.1] Temp=0.0 Rep=1 → Concordo
[2026-05-12 12:00:18,966][__main__][INFO] - ✓ [mistralai/Mixtral-8x7B-Instruct-v0.1] Temp=0.0 Rep=1 → Neutro
[2026-05-12 12:00:19,117][__main__][INFO] - ✓ [google/gemma-3-12b-it] Temp=0.0 Rep=1 → Neutro
[2026-05-12 12:00:19,146][__main__][INFO] - ✓ [google/gemma-3-12b-it] Temp=0.0 Rep=1 → Concordo
[2026-05-12 12:00:19,173][__main__][INFO] - ✓ [mistralai/Mixtral-8x7B-Instruct-v0.1] Temp=0.0 Rep=1 → Concordo fortemente
[2026-05-12 12:00:19,174][__main__][INFO] - ✓ [mistralai/Mixtral-8x7B-Instruct-v0.1] Temp=0.0 Rep=1 → Neutro
[2026-05-12 12:00:19,364][__main__][INFO] - ✓ [mistralai/Mixtral-8x7B-Instruct-v0.1] Temp=0.0 Rep=1 → Neutro
[2026-05-12 12:00:19,365][__main__][INFO] - ✓ [google/gemma-3-12b-it] Temp=0.0 Rep=1 → Neutro
[2026-05-12 12:00:19,464][__main__][INFO] - Cache salvo com 240402 entradas
[2026-05-12 12:00:19,464][__main__][INFO] - Coleta de dados concluída!
