[2026-05-13 11:01:15,703][__main__][INFO] - Retrieval ativado: store='wiki_faiss_store', top_n=[0, 1, 3, 5], emb_model='google/embeddinggemma-300m'
[2026-05-13 11:01:15,703][__main__][INFO] - Carregadas 56 perguntas de dados/pairs.json
[2026-05-13 11:01:15,860][__main__][INFO] - Cache carregado com 254356 entradas
[2026-05-13 11:01:18,871][__main__][INFO] - ✓ [microsoft/phi-4] Temp=0.0 Rep=1 → Concordo
[2026-05-13 11:01:18,873][__main__][INFO] - ✓ [microsoft/phi-4] Temp=0.0 Rep=1 → Concordo
[2026-05-13 11:01:18,873][__main__][INFO] - ✓ [microsoft/phi-4] Temp=0.0 Rep=1 → Concordo
[2026-05-13 11:01:18,877][__main__][INFO] - ✓ [microsoft/phi-4] Temp=0.0 Rep=1 → Concordo
[2026-05-13 11:01:18,877][__main__][INFO] - ✓ [microsoft/phi-4] Temp=0.0 Rep=1 → Concordo
[2026-05-13 11:01:18,882][__main__][INFO] - ✓ [microsoft/phi-4] Temp=0.0 Rep=1 → Concordo
[2026-05-13 11:01:18,974][__main__][INFO] - ✓ [microsoft/phi-4] Temp=0.0 Rep=1 → Concordo
[2026-05-13 11:01:18,975][__main__][INFO] - ✓ [microsoft/phi-4] Temp=0.0 Rep=1 → Concordo
[2026-05-13 11:01:18,976][__main__][INFO] - ✓ [microsoft/phi-4] Temp=0.0 Rep=1 → Concordo fortemente
[2026-05-13 11:01:18,979][__main__][INFO] - ✓ [microsoft/phi-4] Temp=0.0 Rep=1 → Concordo
[2026-05-13 11:01:18,980][__main__][INFO] - ✓ [microsoft/phi-4] Temp=0.0 Rep=1 → Concordo
[2026-05-13 11:01:18,995][__main__][INFO] - ✓ [microsoft/phi-4] Temp=0.0 Rep=1 → Concordo fortemente
[2026-05-13 11:01:18,996][__main__][INFO] - ✓ [microsoft/phi-4] Temp=0.0 Rep=1 → Concordo fortemente
[2026-05-13 11:01:19,006][__main__][INFO] - ✓ [microsoft/phi-4] Temp=0.0 Rep=1 → Concordo fortemente
[2026-05-13 11:01:19,305][__main__][INFO] - ✓ [microsoft/phi-4] Temp=0.0 Rep=1 → Concordo fortemente
[2026-05-13 11:01:19,324][__main__][INFO] - ✓ [microsoft/phi-4] Temp=0.0 Rep=1 → Concordo
[2026-05-13 11:01:19,885][__main__][INFO] - ✓ [microsoft/phi-4] Temp=0.0 Rep=1 → Discordo
[2026-05-13 11:01:19,885][__main__][INFO] - ✓ [microsoft/phi-4] Temp=0.0 Rep=1 → Concordo
[2026-05-13 11:01:19,887][__main__][INFO] - ✓ [microsoft/phi-4] Temp=0.0 Rep=1 → Concordo
[2026-05-13 11:01:19,887][__main__][INFO] - ✓ [microsoft/phi-4] Temp=0.0 Rep=1 → Neutro
[2026-05-13 11:01:19,892][__main__][INFO] - ✓ [microsoft/phi-4] Temp=0.0 Rep=1 → Concordo
[2026-05-13 11:01:20,145][__main__][INFO] - ✓ [microsoft/phi-4] Temp=0.0 Rep=1 → Concordo
[2026-05-13 11:01:20,148][__main__][INFO] - ✓ [microsoft/phi-4] Temp=0.0 Rep=1 → Neutro
[2026-05-13 11:01:20,152][__main__][INFO] - ✓ [microsoft/phi-4] Temp=0.0 Rep=1 → Concordo
[2026-05-13 11:01:20,435][__main__][INFO] - ✓ [microsoft/phi-4] Temp=0.0 Rep=1 → Concordo fortemente
[2026-05-13 11:01:20,439][__main__][INFO] - ✓ [microsoft/phi-4] Temp=0.0 Rep=1 → Concordo
[2026-05-13 11:01:20,440][__main__][INFO] - ✓ [microsoft/phi-4] Temp=0.0 Rep=1 → Concordo
[2026-05-13 11:01:20,441][__main__][INFO] - ✓ [microsoft/phi-4] Temp=0.0 Rep=1 → Neutro
[2026-05-13 11:01:20,449][__main__][INFO] - ✓ [microsoft/phi-4] Temp=0.0 Rep=1 → Neutro
[2026-05-13 11:01:20,700][__main__][INFO] - ✓ [microsoft/phi-4] Temp=0.0 Rep=1 → Discordo fortemente
[2026-05-13 11:01:20,703][__main__][INFO] - ✓ [microsoft/phi-4] Temp=0.0 Rep=1 → Neutro
[2026-05-13 11:01:20,706][__main__][INFO] - ✓ [microsoft/phi-4] Temp=0.0 Rep=1 → Concordo fortemente
[2026-05-13 11:01:20,709][__main__][INFO] - ✓ [microsoft/phi-4] Temp=0.0 Rep=1 → Concordo
[2026-05-13 11:01:20,712][__main__][INFO] - ✓ [microsoft/phi-4] Temp=0.0 Rep=1 → Concordo
[2026-05-13 11:01:20,839][__main__][INFO] - ✓ [microsoft/phi-4] Temp=0.0 Rep=1 → Concordo fortemente
[2026-05-13 11:01:20,912][__main__][INFO] - ✓ [microsoft/phi-4] Temp=0.0 Rep=1 → Concordo
[2026-05-13 11:01:20,915][__main__][INFO] - ✓ [microsoft/phi-4] Temp=0.0 Rep=1 → Discordo
[2026-05-13 11:01:20,920][__main__][INFO] - ✓ [microsoft/phi-4] Temp=0.0 Rep=1 → Concordo
[2026-05-13 11:01:20,921][__main__][INFO] - ✓ [microsoft/phi-4] Temp=0.0 Rep=1 → Discordo fortemente
[2026-05-13 11:01:20,925][__main__][INFO] - Salvamento incremental (40 novas respostas)...
[2026-05-13 11:01:20,979][__main__][INFO] - Cache salvo com 254396 entradas
[2026-05-13 11:01:20,979][__main__][INFO] - ✓ [microsoft/phi-4] Temp=0.0 Rep=1 → Concordo fortemente
[2026-05-13 11:01:20,980][__main__][INFO] - ✓ [microsoft/phi-4] Temp=0.0 Rep=1 → Neutro
[2026-05-13 11:01:21,079][__main__][INFO] - ✓ [microsoft/phi-4] Temp=0.0 Rep=1 → Discordo
[2026-05-13 11:01:21,081][__main__][INFO] - ✓ [microsoft/phi-4] Temp=0.0 Rep=1 → Concordo
[2026-05-13 11:01:21,081][__main__][INFO] - ✓ [microsoft/phi-4] Temp=0.0 Rep=1 → Neutro
[2026-05-13 11:01:21,081][__main__][INFO] - ✓ [microsoft/phi-4] Temp=0.0 Rep=1 → Concordo fortemente
[2026-05-13 11:01:21,082][__main__][INFO] - ✓ [microsoft/phi-4] Temp=0.0 Rep=1 → Concordo fortemente
[2026-05-13 11:01:21,087][__main__][INFO] - ✓ [microsoft/phi-4] Temp=0.0 Rep=1 → Discordo fortemente
[2026-05-13 11:01:21,088][__main__][INFO] - ✓ [microsoft/phi-4] Temp=0.0 Rep=1 → Concordo
[2026-05-13 11:01:21,088][__main__][INFO] - ✓ [microsoft/phi-4] Temp=0.0 Rep=1 → Concordo fortemente
[2026-05-13 11:01:21,088][__main__][INFO] - ✓ [microsoft/phi-4] Temp=0.0 Rep=1 → Concordo fortemente
[2026-05-13 11:01:21,113][__main__][INFO] - ✓ [microsoft/phi-4] Temp=0.0 Rep=1 → Concordo
[2026-05-13 11:01:21,115][__main__][INFO] - ✓ [microsoft/phi-4] Temp=0.0 Rep=1 → Discordo fortemente
[2026-05-13 11:01:21,116][__main__][INFO] - ✓ [microsoft/phi-4] Temp=0.0 Rep=1 → Concordo
[2026-05-13 11:01:21,117][__main__][INFO] - ✓ [microsoft/phi-4] Temp=0.0 Rep=1 → Concordo
[2026-05-13 11:01:21,119][__main__][INFO] - ✓ [microsoft/phi-4] Temp=0.0 Rep=1 → Concordo
[2026-05-13 11:01:21,122][__main__][INFO] - ✓ [microsoft/phi-4] Temp=0.0 Rep=1 → Concordo fortemente
[2026-05-13 11:01:21,123][__main__][INFO] - ✓ [microsoft/phi-4] Temp=0.0 Rep=1 → Concordo
[2026-05-13 11:01:21,124][__main__][INFO] - ✓ [microsoft/phi-4] Temp=0.0 Rep=1 → Concordo fortemente
[2026-05-13 11:01:21,138][__main__][INFO] - ✓ [microsoft/phi-4] Temp=0.0 Rep=1 → Concordo fortemente
[2026-05-13 11:01:21,215][__main__][INFO] - ✓ [microsoft/phi-4] Temp=0.0 Rep=1 → Neutro
[2026-05-13 11:01:21,219][__main__][INFO] - ✓ [microsoft/phi-4] Temp=0.0 Rep=1 → Neutro
[2026-05-13 11:01:21,220][__main__][INFO] - ✓ [microsoft/phi-4] Temp=0.0 Rep=1 → Concordo fortemente
[2026-05-13 11:01:21,221][__main__][INFO] - ✓ [microsoft/phi-4] Temp=0.0 Rep=1 → Concordo fortemente
[2026-05-13 11:01:21,222][__main__][INFO] - ✓ [microsoft/phi-4] Temp=0.0 Rep=1 → Discordo fortemente
[2026-05-13 11:01:21,225][__main__][INFO] - ✓ [microsoft/phi-4] Temp=0.0 Rep=1 → Concordo fortemente
[2026-05-13 11:01:21,303][__main__][INFO] - ✓ [microsoft/phi-4] Temp=0.0 Rep=1 → Concordo fortemente
[2026-05-13 11:01:21,304][__main__][INFO] - ✓ [microsoft/phi-4] Temp=0.0 Rep=1 → Concordo
[2026-05-13 11:01:21,308][__main__][INFO] - ✓ [microsoft/phi-4] Temp=0.0 Rep=1 → Discordo fortemente
[2026-05-13 11:01:21,314][__main__][INFO] - ✓ [microsoft/phi-4] Temp=0.0 Rep=1 → Discordo fortemente
[2026-05-13 11:01:21,315][__main__][INFO] - ✓ [microsoft/phi-4] Temp=0.0 Rep=1 → Concordo fortemente
[2026-05-13 11:01:21,343][__main__][INFO] - ✓ [microsoft/phi-4] Temp=0.0 Rep=1 → Concordo fortemente
[2026-05-13 11:01:21,344][__main__][INFO] - ✓ [microsoft/phi-4] Temp=0.0 Rep=1 → Concordo fortemente
[2026-05-13 11:01:21,346][__main__][INFO] - ✓ [microsoft/phi-4] Temp=0.0 Rep=1 → Discordo fortemente
[2026-05-13 11:01:21,440][__main__][INFO] - ✓ [microsoft/phi-4] Temp=0.0 Rep=1 → Concordo fortemente
[2026-05-13 11:01:21,460][__main__][INFO] - ✓ [microsoft/phi-4] Temp=0.0 Rep=1 → Concordo fortemente
[2026-05-13 11:01:21,594][__main__][INFO] - ✓ [microsoft/phi-4] Temp=0.0 Rep=1 → Concordo fortemente
[2026-05-13 11:01:21,598][__main__][INFO] - ✓ [microsoft/phi-4] Temp=0.0 Rep=1 → Concordo fortemente
[2026-05-13 11:01:21,598][__main__][INFO] - ✓ [microsoft/phi-4] Temp=0.0 Rep=1 → Concordo fortemente
[2026-05-13 11:01:21,599][__main__][INFO] - ✓ [microsoft/phi-4] Temp=0.0 Rep=1 → Concordo fortemente
[2026-05-13 11:01:21,627][__main__][INFO] - Salvamento incremental (80 novas respostas)...
[2026-05-13 11:01:21,676][__main__][INFO] - Cache salvo com 254436 entradas
[2026-05-13 11:01:21,676][__main__][INFO] - ✓ [microsoft/phi-4] Temp=0.0 Rep=1 → Discordo fortemente
[2026-05-13 11:01:21,782][__main__][INFO] - ✓ [microsoft/phi-4] Temp=0.0 Rep=1 → Concordo fortemente
[2026-05-13 11:01:21,783][__main__][INFO] - ✓ [microsoft/phi-4] Temp=0.0 Rep=1 → Concordo fortemente
[2026-05-13 11:01:21,790][__main__][INFO] - ✓ [microsoft/phi-4] Temp=0.0 Rep=1 → Discordo fortemente
[2026-05-13 11:01:21,791][__main__][INFO] - ✓ [microsoft/phi-4] Temp=0.0 Rep=1 → Concordo
[2026-05-13 11:01:21,791][__main__][INFO] - ✓ [microsoft/phi-4] Temp=0.0 Rep=1 → Concordo
[2026-05-13 11:01:21,911][__main__][INFO] - ✓ [microsoft/phi-4] Temp=0.0 Rep=1 → Concordo fortemente
[2026-05-13 11:01:21,914][__main__][INFO] - ✓ [microsoft/phi-4] Temp=0.0 Rep=1 → Concordo fortemente
[2026-05-13 11:01:21,918][__main__][INFO] - ✓ [microsoft/phi-4] Temp=0.0 Rep=1 → Concordo
[2026-05-13 11:01:21,921][__main__][INFO] - ✓ [microsoft/phi-4] Temp=0.0 Rep=1 → Neutro
[2026-05-13 11:01:21,990][__main__][INFO] - ✓ [microsoft/phi-4] Temp=0.0 Rep=1 → Concordo
[2026-05-13 11:01:21,993][__main__][INFO] - ✓ [microsoft/phi-4] Temp=0.0 Rep=1 → Discordo fortemente
[2026-05-13 11:01:22,121][__main__][INFO] - ✓ [microsoft/phi-4] Temp=0.0 Rep=1 → Discordo fortemente
[2026-05-13 11:01:22,125][__main__][INFO] - ✓ [microsoft/phi-4] Temp=0.0 Rep=1 → Concordo fortemente
[2026-05-13 11:01:22,125][__main__][INFO] - ✓ [microsoft/phi-4] Temp=0.0 Rep=1 → Concordo
[2026-05-13 11:01:22,134][__main__][INFO] - ✓ [microsoft/phi-4] Temp=0.0 Rep=1 → Discordo fortemente
[2026-05-13 11:01:22,134][__main__][INFO] - ✓ [microsoft/phi-4] Temp=0.0 Rep=1 → Concordo fortemente
[2026-05-13 11:01:22,137][__main__][INFO] - ✓ [microsoft/phi-4] Temp=0.0 Rep=1 → Discordo fortemente
[2026-05-13 11:01:22,137][__main__][INFO] - ✓ [microsoft/phi-4] Temp=0.0 Rep=1 → Concordo fortemente
[2026-05-13 11:01:22,139][__main__][INFO] - ✓ [microsoft/phi-4] Temp=0.0 Rep=1 → Concordo fortemente
[2026-05-13 11:01:22,140][__main__][INFO] - ✓ [microsoft/phi-4] Temp=0.0 Rep=1 → Concordo fortemente
[2026-05-13 11:01:22,152][__main__][INFO] - ✓ [microsoft/phi-4] Temp=0.0 Rep=1 → Concordo fortemente
[2026-05-13 11:01:22,154][__main__][INFO] - ✓ [microsoft/phi-4] Temp=0.0 Rep=1 → Discordo fortemente
[2026-05-13 11:01:22,155][__main__][INFO] - ✓ [microsoft/phi-4] Temp=0.0 Rep=1 → Concordo fortemente
[2026-05-13 11:01:22,156][__main__][INFO] - ✓ [microsoft/phi-4] Temp=0.0 Rep=1 → Discordo fortemente
[2026-05-13 11:01:22,157][__main__][INFO] - ✓ [microsoft/phi-4] Temp=0.0 Rep=1 → Discordo fortemente
[2026-05-13 11:01:22,159][__main__][INFO] - ✓ [microsoft/phi-4] Temp=0.0 Rep=1 → Concordo fortemente
[2026-05-13 11:01:22,160][__main__][INFO] - ✓ [microsoft/phi-4] Temp=0.0 Rep=1 → Concordo fortemente
[2026-05-13 11:01:22,336][__main__][INFO] - ✓ [microsoft/phi-4] Temp=0.0 Rep=1 → Concordo fortemente
[2026-05-13 11:01:22,339][__main__][INFO] - ✓ [microsoft/phi-4] Temp=0.0 Rep=1 → Concordo fortemente
[2026-05-13 11:01:22,343][__main__][INFO] - ✓ [microsoft/phi-4] Temp=0.0 Rep=1 → Concordo fortemente
[2026-05-13 11:01:22,347][__main__][INFO] - ✓ [microsoft/phi-4] Temp=0.0 Rep=1 → Concordo
[2026-05-13 11:01:22,377][__main__][INFO] - ✓ [microsoft/phi-4] Temp=0.0 Rep=1 → Concordo
[2026-05-13 11:01:22,380][__main__][INFO] - ✓ [microsoft/phi-4] Temp=0.0 Rep=1 → Discordo fortemente
[2026-05-13 11:01:22,381][__main__][INFO] - ✓ [microsoft/phi-4] Temp=0.0 Rep=1 → Concordo fortemente
[2026-05-13 11:01:22,382][__main__][INFO] - ✓ [microsoft/phi-4] Temp=0.0 Rep=1 → Concordo fortemente
[2026-05-13 11:01:22,403][__main__][INFO] - ✓ [microsoft/phi-4] Temp=0.0 Rep=1 → Discordo fortemente
[2026-05-13 11:01:22,405][__main__][INFO] - ✓ [microsoft/phi-4] Temp=0.0 Rep=1 → Concordo fortemente
[2026-05-13 11:01:22,410][__main__][INFO] - ✓ [microsoft/phi-4] Temp=0.0 Rep=1 → Concordo fortemente
[2026-05-13 11:01:22,432][__main__][INFO] - ✓ [microsoft/phi-4] Temp=0.0 Rep=1 → Concordo
[2026-05-13 11:01:22,442][__main__][INFO] - Salvamento incremental (120 novas respostas)...
[2026-05-13 11:01:22,492][__main__][INFO] - Cache salvo com 254476 entradas
[2026-05-13 11:01:22,492][__main__][INFO] - ✓ [microsoft/phi-4] Temp=0.0 Rep=1 → Discordo fortemente
[2026-05-13 11:01:22,495][__main__][INFO] - ✓ [microsoft/phi-4] Temp=0.0 Rep=1 → Discordo fortemente
[2026-05-13 11:01:22,495][__main__][INFO] - ✓ [microsoft/phi-4] Temp=0.0 Rep=1 → Concordo fortemente
[2026-05-13 11:01:22,495][__main__][INFO] - ✓ [microsoft/phi-4] Temp=0.0 Rep=1 → Discordo fortemente
[2026-05-13 11:01:22,496][__main__][INFO] - ✓ [microsoft/phi-4] Temp=0.0 Rep=1 → Concordo
[2026-05-13 11:01:22,496][__main__][INFO] - ✓ [microsoft/phi-4] Temp=0.0 Rep=1 → Concordo
[2026-05-13 11:01:22,496][__main__][INFO] - ✓ [microsoft/phi-4] Temp=0.0 Rep=1 → Concordo
[2026-05-13 11:01:22,501][__main__][INFO] - ✓ [microsoft/phi-4] Temp=0.0 Rep=1 → Neutro
[2026-05-13 11:01:22,504][__main__][INFO] - ✓ [microsoft/phi-4] Temp=0.0 Rep=1 → Concordo fortemente
[2026-05-13 11:01:22,504][__main__][INFO] - ✓ [microsoft/phi-4] Temp=0.0 Rep=1 → Concordo fortemente
[2026-05-13 11:01:22,504][__main__][INFO] - ✓ [microsoft/phi-4] Temp=0.0 Rep=1 → Concordo fortemente
[2026-05-13 11:01:22,505][__main__][INFO] - ✓ [microsoft/phi-4] Temp=0.0 Rep=1 → Concordo
[2026-05-13 11:01:22,507][__main__][INFO] - ✓ [microsoft/phi-4] Temp=0.0 Rep=1 → Concordo fortemente
[2026-05-13 11:01:22,507][__main__][INFO] - ✓ [microsoft/phi-4] Temp=0.0 Rep=1 → Discordo fortemente
[2026-05-13 11:01:22,528][__main__][INFO] - ✓ [microsoft/phi-4] Temp=0.0 Rep=1 → Concordo
[2026-05-13 11:01:22,534][__main__][INFO] - ✓ [microsoft/phi-4] Temp=0.0 Rep=1 → Concordo fortemente
[2026-05-13 11:01:22,537][__main__][INFO] - ✓ [microsoft/phi-4] Temp=0.0 Rep=1 → Neutro
[2026-05-13 11:01:22,538][__main__][INFO] - ✓ [microsoft/phi-4] Temp=0.0 Rep=1 → Concordo
[2026-05-13 11:01:22,538][__main__][INFO] - ✓ [microsoft/phi-4] Temp=0.0 Rep=1 → Concordo
[2026-05-13 11:01:22,539][__main__][INFO] - ✓ [microsoft/phi-4] Temp=0.0 Rep=1 → Discordo fortemente
[2026-05-13 11:01:22,540][__main__][INFO] - ✓ [microsoft/phi-4] Temp=0.0 Rep=1 → Neutro
[2026-05-13 11:01:22,543][__main__][INFO] - ✓ [microsoft/phi-4] Temp=0.0 Rep=1 → Discordo fortemente
[2026-05-13 11:01:22,555][__main__][INFO] - ✓ [microsoft/phi-4] Temp=0.0 Rep=1 → Concordo
[2026-05-13 11:01:22,650][__main__][INFO] - ✓ [microsoft/phi-4] Temp=0.0 Rep=1 → Concordo fortemente
[2026-05-13 11:01:22,651][__main__][INFO] - ✓ [microsoft/phi-4] Temp=0.0 Rep=1 → Discordo fortemente
[2026-05-13 11:01:22,652][__main__][INFO] - ✓ [microsoft/phi-4] Temp=0.0 Rep=1 → Discordo fortemente
[2026-05-13 11:01:22,653][__main__][INFO] - ✓ [microsoft/phi-4] Temp=0.0 Rep=1 → Concordo
[2026-05-13 11:01:22,653][__main__][INFO] - ✓ [microsoft/phi-4] Temp=0.0 Rep=1 → Concordo
[2026-05-13 11:01:22,660][__main__][INFO] - ✓ [microsoft/phi-4] Temp=0.0 Rep=1 → Concordo fortemente
[2026-05-13 11:01:22,660][__main__][INFO] - ✓ [microsoft/phi-4] Temp=0.0 Rep=1 → Concordo fortemente
[2026-05-13 11:01:22,661][__main__][INFO] - ✓ [microsoft/phi-4] Temp=0.0 Rep=1 → Discordo fortemente
[2026-05-13 11:01:22,662][__main__][INFO] - ✓ [microsoft/phi-4] Temp=0.0 Rep=1 → Discordo fortemente
[2026-05-13 11:01:22,662][__main__][INFO] - ✓ [microsoft/phi-4] Temp=0.0 Rep=1 → Discordo fortemente
[2026-05-13 11:01:22,663][__main__][INFO] - ✓ [microsoft/phi-4] Temp=0.0 Rep=1 → Discordo fortemente
[2026-05-13 11:01:22,671][__main__][INFO] - ✓ [microsoft/phi-4] Temp=0.0 Rep=1 → Concordo fortemente
[2026-05-13 11:01:22,672][__main__][INFO] - ✓ [microsoft/phi-4] Temp=0.0 Rep=1 → Concordo fortemente
[2026-05-13 11:01:22,677][__main__][INFO] - ✓ [microsoft/phi-4] Temp=0.0 Rep=1 → Discordo fortemente
[2026-05-13 11:01:22,710][__main__][INFO] - ✓ [microsoft/phi-4] Temp=0.0 Rep=1 → Concordo
[2026-05-13 11:01:22,745][__main__][INFO] - ✓ [microsoft/phi-4] Temp=0.0 Rep=1 → Concordo
[2026-05-13 11:01:22,747][__main__][INFO] - ✓ [microsoft/phi-4] Temp=0.0 Rep=1 → Discordo fortemente
[2026-05-13 11:01:22,749][__main__][INFO] - Salvamento incremental (160 novas respostas)...
[2026-05-13 11:01:22,798][__main__][INFO] - Cache salvo com 254516 entradas
[2026-05-13 11:01:22,798][__main__][INFO] - ✓ [microsoft/phi-4] Temp=0.0 Rep=1 → Neutro
[2026-05-13 11:01:22,800][__main__][INFO] - ✓ [microsoft/phi-4] Temp=0.0 Rep=1 → Concordo fortemente
[2026-05-13 11:01:22,800][__main__][INFO] - ✓ [microsoft/phi-4] Temp=0.0 Rep=1 → Concordo
[2026-05-13 11:01:22,941][__main__][INFO] - ✓ [microsoft/phi-4] Temp=0.0 Rep=1 → Concordo fortemente
[2026-05-13 11:01:22,960][__main__][INFO] - ✓ [microsoft/phi-4] Temp=0.0 Rep=1 → Discordo fortemente
[2026-05-13 11:01:22,967][__main__][INFO] - ✓ [microsoft/phi-4] Temp=0.0 Rep=1 → Concordo fortemente
[2026-05-13 11:01:23,013][__main__][INFO] - ✓ [microsoft/phi-4] Temp=0.0 Rep=1 → Concordo fortemente
[2026-05-13 11:01:23,016][__main__][INFO] - ✓ [microsoft/phi-4] Temp=0.0 Rep=1 → Neutro
[2026-05-13 11:01:23,018][__main__][INFO] - ✓ [microsoft/phi-4] Temp=0.0 Rep=1 → Discordo fortemente
[2026-05-13 11:01:23,075][__main__][INFO] - ✓ [microsoft/phi-4] Temp=0.0 Rep=1 → Neutro
[2026-05-13 11:01:23,167][__main__][INFO] - ✓ [microsoft/phi-4] Temp=0.0 Rep=1 → Neutro
[2026-05-13 11:01:23,168][__main__][INFO] - ✓ [microsoft/phi-4] Temp=0.0 Rep=1 → Discordo
[2026-05-13 11:01:23,183][__main__][INFO] - ✓ [microsoft/phi-4] Temp=0.0 Rep=1 → Discordo fortemente
[2026-05-13 11:01:23,186][__main__][INFO] - ✓ [microsoft/phi-4] Temp=0.0 Rep=1 → Concordo fortemente
[2026-05-13 11:01:23,187][__main__][INFO] - ✓ [microsoft/phi-4] Temp=0.0 Rep=1 → Concordo
[2026-05-13 11:01:23,188][__main__][INFO] - ✓ [microsoft/phi-4] Temp=0.0 Rep=1 → Concordo
[2026-05-13 11:01:23,224][__main__][INFO] - ✓ [microsoft/phi-4] Temp=0.0 Rep=1 → Discordo fortemente
[2026-05-13 11:01:23,236][__main__][INFO] - ✓ [microsoft/phi-4] Temp=0.0 Rep=1 → Neutro
[2026-05-13 11:01:23,249][__main__][INFO] - ✓ [microsoft/phi-4] Temp=0.0 Rep=1 → Concordo
[2026-05-13 11:01:23,249][__main__][INFO] - ✓ [microsoft/phi-4] Temp=0.0 Rep=1 → Concordo
[2026-05-13 11:01:23,251][__main__][INFO] - ✓ [microsoft/phi-4] Temp=0.0 Rep=1 → Concordo fortemente
[2026-05-13 11:01:23,255][__main__][INFO] - ✓ [microsoft/phi-4] Temp=0.0 Rep=1 → Concordo fortemente
[2026-05-13 11:01:23,282][__main__][INFO] - ✓ [microsoft/phi-4] Temp=0.0 Rep=1 → Concordo
[2026-05-13 11:01:23,283][__main__][INFO] - ✓ [microsoft/phi-4] Temp=0.0 Rep=1 → Discordo fortemente
[2026-05-13 11:01:23,286][__main__][INFO] - ✓ [microsoft/phi-4] Temp=0.0 Rep=1 → Concordo
[2026-05-13 11:01:23,289][__main__][INFO] - ✓ [microsoft/phi-4] Temp=0.0 Rep=1 → Discordo fortemente
[2026-05-13 11:01:23,391][__main__][INFO] - ✓ [microsoft/phi-4] Temp=0.0 Rep=1 → Concordo fortemente
[2026-05-13 11:01:23,436][__main__][INFO] - ✓ [microsoft/phi-4] Temp=0.0 Rep=1 → Concordo
[2026-05-13 11:01:23,437][__main__][INFO] - ✓ [microsoft/phi-4] Temp=0.0 Rep=1 → Concordo
[2026-05-13 11:01:23,439][__main__][INFO] - ✓ [microsoft/phi-4] Temp=0.0 Rep=1 → Discordo fortemente
[2026-05-13 11:01:23,449][__main__][INFO] - ✓ [microsoft/phi-4] Temp=0.0 Rep=1 → Concordo fortemente
[2026-05-13 11:01:23,467][__main__][INFO] - ✓ [microsoft/phi-4] Temp=0.0 Rep=1 → Concordo
[2026-05-13 11:01:23,472][__main__][INFO] - ✓ [microsoft/phi-4] Temp=0.0 Rep=1 → Concordo
[2026-05-13 11:01:23,474][__main__][INFO] - ✓ [microsoft/phi-4] Temp=0.0 Rep=1 → Concordo
[2026-05-13 11:01:23,486][__main__][INFO] - ✓ [microsoft/phi-4] Temp=0.0 Rep=1 → Concordo
[2026-05-13 11:01:23,487][__main__][INFO] - ✓ [microsoft/phi-4] Temp=0.0 Rep=1 → Neutro
[2026-05-13 11:01:23,489][__main__][INFO] - ✓ [microsoft/phi-4] Temp=0.0 Rep=1 → Concordo fortemente
[2026-05-13 11:01:23,490][__main__][INFO] - ✓ [microsoft/phi-4] Temp=0.0 Rep=1 → Concordo
[2026-05-13 11:01:23,491][__main__][INFO] - ✓ [microsoft/phi-4] Temp=0.0 Rep=1 → Concordo
[2026-05-13 11:01:23,492][__main__][INFO] - ✓ [microsoft/phi-4] Temp=0.0 Rep=1 → Neutro
[2026-05-13 11:01:23,512][__main__][INFO] - Salvamento incremental (200 novas respostas)...
[2026-05-13 11:01:23,562][__main__][INFO] - Cache salvo com 254556 entradas
[2026-05-13 11:01:23,562][__main__][INFO] - ✓ [microsoft/phi-4] Temp=0.0 Rep=1 → Discordo fortemente
[2026-05-13 11:01:23,564][__main__][INFO] - ✓ [microsoft/phi-4] Temp=0.0 Rep=1 → Discordo fortemente
[2026-05-13 11:01:23,565][__main__][INFO] - ✓ [microsoft/phi-4] Temp=0.0 Rep=1 → Concordo fortemente
[2026-05-13 11:01:23,690][__main__][INFO] - ✓ [microsoft/phi-4] Temp=0.0 Rep=1 → Concordo fortemente
[2026-05-13 11:01:23,714][__main__][INFO] - ✓ [microsoft/phi-4] Temp=0.0 Rep=1 → Concordo
[2026-05-13 11:01:23,717][__main__][INFO] - ✓ [microsoft/phi-4] Temp=0.0 Rep=1 → Neutro
[2026-05-13 11:01:23,747][__main__][INFO] - ✓ [microsoft/phi-4] Temp=0.0 Rep=1 → Discordo fortemente
[2026-05-13 11:01:23,804][__main__][INFO] - ✓ [microsoft/phi-4] Temp=0.0 Rep=1 → Neutro
[2026-05-13 11:01:23,817][__main__][INFO] - ✓ [microsoft/phi-4] Temp=0.0 Rep=1 → Neutro
[2026-05-13 11:01:23,819][__main__][INFO] - ✓ [microsoft/phi-4] Temp=0.0 Rep=1 → Concordo
[2026-05-13 11:01:23,820][__main__][INFO] - ✓ [microsoft/phi-4] Temp=0.0 Rep=1 → Concordo
[2026-05-13 11:01:23,822][__main__][INFO] - ✓ [microsoft/phi-4] Temp=0.0 Rep=1 → Discordo
[2026-05-13 11:01:23,824][__main__][INFO] - ✓ [microsoft/phi-4] Temp=0.0 Rep=1 → Neutro
[2026-05-13 11:01:23,837][__main__][INFO] - ✓ [microsoft/phi-4] Temp=0.0 Rep=1 → Discordo fortemente
[2026-05-13 11:01:23,838][__main__][INFO] - ✓ [microsoft/phi-4] Temp=0.0 Rep=1 → Concordo
[2026-05-13 11:01:23,847][__main__][INFO] - ✓ [microsoft/phi-4] Temp=0.0 Rep=1 → Concordo fortemente
[2026-05-13 11:01:23,848][__main__][INFO] - ✓ [microsoft/phi-4] Temp=0.0 Rep=1 → Concordo
[2026-05-13 11:01:23,849][__main__][INFO] - ✓ [microsoft/phi-4] Temp=0.0 Rep=1 → Concordo fortemente
[2026-05-13 11:01:23,870][__main__][INFO] - ✓ [microsoft/phi-4] Temp=0.0 Rep=1 → Concordo fortemente
[2026-05-13 11:01:24,003][__main__][INFO] - ✓ [microsoft/phi-4] Temp=0.0 Rep=1 → Concordo
[2026-05-13 11:01:24,036][__main__][INFO] - ✓ [microsoft/phi-4] Temp=0.0 Rep=1 → Concordo
[2026-05-13 11:01:24,395][__main__][INFO] - ✓ [microsoft/phi-4] Temp=0.0 Rep=1 → Concordo fortemente
[2026-05-13 11:01:24,410][__main__][INFO] - ✓ [microsoft/phi-4] Temp=0.0 Rep=1 → Concordo
[2026-05-13 11:01:24,414][__main__][INFO] - ✓ [microsoft/phi-4] Temp=0.0 Rep=1 → Concordo
[2026-05-13 11:01:24,425][__main__][INFO] - ✓ [microsoft/phi-4] Temp=0.0 Rep=1 → Concordo
[2026-05-13 11:01:24,427][__main__][INFO] - ✓ [microsoft/phi-4] Temp=0.0 Rep=1 → Concordo
[2026-05-13 11:01:24,508][__main__][INFO] - ✓ [microsoft/phi-4] Temp=0.0 Rep=1 → Concordo
[2026-05-13 11:01:24,637][__main__][INFO] - ✓ [microsoft/phi-4] Temp=0.0 Rep=1 → Concordo fortemente
[2026-05-13 11:01:24,645][__main__][INFO] - ✓ [microsoft/phi-4] Temp=0.0 Rep=1 → Concordo
[2026-05-13 11:01:24,649][__main__][INFO] - ✓ [microsoft/phi-4] Temp=0.0 Rep=1 → Neutro
[2026-05-13 11:01:24,740][__main__][INFO] - ✓ [microsoft/phi-4] Temp=0.0 Rep=1 → Concordo fortemente
[2026-05-13 11:01:24,743][__main__][INFO] - ✓ [microsoft/phi-4] Temp=0.0 Rep=1 → Concordo fortemente
[2026-05-13 11:01:24,744][__main__][INFO] - ✓ [microsoft/phi-4] Temp=0.0 Rep=1 → Concordo fortemente
[2026-05-13 11:01:24,746][__main__][INFO] - ✓ [microsoft/phi-4] Temp=0.0 Rep=1 → Discordo fortemente
[2026-05-13 11:01:24,747][__main__][INFO] - ✓ [microsoft/phi-4] Temp=0.0 Rep=1 → Concordo
[2026-05-13 11:01:24,754][__main__][INFO] - ✓ [microsoft/phi-4] Temp=0.0 Rep=1 → Concordo
[2026-05-13 11:01:24,756][__main__][INFO] - ✓ [microsoft/phi-4] Temp=0.0 Rep=1 → Concordo
[2026-05-13 11:01:24,758][__main__][INFO] - ✓ [microsoft/phi-4] Temp=0.0 Rep=1 → Neutro
[2026-05-13 11:01:24,778][__main__][INFO] - ✓ [microsoft/phi-4] Temp=0.0 Rep=1 → Concordo fortemente
[2026-05-13 11:01:24,799][__main__][INFO] - ✓ [microsoft/phi-4] Temp=0.0 Rep=1 → Concordo fortemente
[2026-05-13 11:01:24,800][__main__][INFO] - Salvamento incremental (240 novas respostas)...
[2026-05-13 11:01:24,849][__main__][INFO] - Cache salvo com 254596 entradas
[2026-05-13 11:01:24,849][__main__][INFO] - ✓ [microsoft/phi-4] Temp=0.0 Rep=1 → Concordo fortemente
[2026-05-13 11:01:24,853][__main__][INFO] - ✓ [microsoft/phi-4] Temp=0.0 Rep=1 → Concordo fortemente
[2026-05-13 11:01:24,854][__main__][INFO] - ✓ [microsoft/phi-4] Temp=0.0 Rep=1 → Discordo fortemente
[2026-05-13 11:01:25,097][__main__][INFO] - ✓ [microsoft/phi-4] Temp=0.0 Rep=1 → Neutro
[2026-05-13 11:01:25,099][__main__][INFO] - ✓ [microsoft/phi-4] Temp=0.0 Rep=1 → Discordo
[2026-05-13 11:01:25,132][__main__][INFO] - ✓ [microsoft/phi-4] Temp=0.0 Rep=1 → Concordo
[2026-05-13 11:01:25,133][__main__][INFO] - ✓ [microsoft/phi-4] Temp=0.0 Rep=1 → Concordo
[2026-05-13 11:01:25,137][__main__][INFO] - ✓ [microsoft/phi-4] Temp=0.0 Rep=1 → Concordo
[2026-05-13 11:01:25,138][__main__][INFO] - ✓ [microsoft/phi-4] Temp=0.0 Rep=1 → Concordo
[2026-05-13 11:01:25,139][__main__][INFO] - ✓ [microsoft/phi-4] Temp=0.0 Rep=1 → Concordo
[2026-05-13 11:01:25,143][__main__][INFO] - ✓ [microsoft/phi-4] Temp=0.0 Rep=1 → Concordo
[2026-05-13 11:01:25,144][__main__][INFO] - ✓ [microsoft/phi-4] Temp=0.0 Rep=1 → Discordo fortemente
[2026-05-13 11:01:25,162][__main__][INFO] - ✓ [microsoft/phi-4] Temp=0.0 Rep=1 → Concordo fortemente
[2026-05-13 11:01:25,168][__main__][INFO] - ✓ [microsoft/phi-4] Temp=0.0 Rep=1 → Concordo
[2026-05-13 11:01:25,169][__main__][INFO] - ✓ [microsoft/phi-4] Temp=0.0 Rep=1 → Concordo fortemente
[2026-05-13 11:01:25,170][__main__][INFO] - ✓ [microsoft/phi-4] Temp=0.0 Rep=1 → Concordo
[2026-05-13 11:01:25,264][__main__][INFO] - ✓ [microsoft/phi-4] Temp=0.0 Rep=1 → Concordo fortemente
[2026-05-13 11:01:25,265][__main__][INFO] - ✓ [microsoft/phi-4] Temp=0.0 Rep=1 → Concordo fortemente
[2026-05-13 11:01:25,655][__main__][INFO] - ✓ [microsoft/phi-4] Temp=0.0 Rep=1 → Concordo
[2026-05-13 11:01:25,679][__main__][INFO] - ✓ [microsoft/phi-4] Temp=0.0 Rep=1 → Concordo
[2026-05-13 11:01:25,686][__main__][INFO] - ✓ [microsoft/phi-4] Temp=0.0 Rep=1 → Concordo
[2026-05-13 11:01:25,690][__main__][INFO] - ✓ [microsoft/phi-4] Temp=0.0 Rep=1 → Concordo
[2026-05-13 11:01:25,693][__main__][INFO] - ✓ [microsoft/phi-4] Temp=0.0 Rep=1 → Concordo
[2026-05-13 11:01:25,789][__main__][INFO] - ✓ [microsoft/phi-4] Temp=0.0 Rep=1 → Concordo fortemente
[2026-05-13 11:01:25,813][__main__][INFO] - ✓ [microsoft/phi-4] Temp=0.0 Rep=1 → Concordo fortemente
[2026-05-13 11:01:25,908][__main__][INFO] - ✓ [microsoft/phi-4] Temp=0.0 Rep=1 → Concordo fortemente
[2026-05-13 11:01:25,914][__main__][INFO] - ✓ [microsoft/phi-4] Temp=0.0 Rep=1 → Discordo
[2026-05-13 11:01:25,929][__main__][INFO] - ✓ [microsoft/phi-4] Temp=0.0 Rep=1 → Concordo
[2026-05-13 11:01:25,932][__main__][INFO] - ✓ [microsoft/phi-4] Temp=0.0 Rep=1 → Concordo
[2026-05-13 11:01:25,934][__main__][INFO] - ✓ [microsoft/phi-4] Temp=0.0 Rep=1 → Concordo
[2026-05-13 11:01:25,957][__main__][INFO] - ✓ [microsoft/phi-4] Temp=0.0 Rep=1 → Concordo
[2026-05-13 11:01:25,960][__main__][INFO] - ✓ [microsoft/phi-4] Temp=0.0 Rep=1 → Concordo
[2026-05-13 11:01:25,962][__main__][INFO] - ✓ [microsoft/phi-4] Temp=0.0 Rep=1 → Neutro
[2026-05-13 11:01:25,964][__main__][INFO] - ✓ [microsoft/phi-4] Temp=0.0 Rep=1 → Neutro
[2026-05-13 11:01:25,971][__main__][INFO] - ✓ [microsoft/phi-4] Temp=0.0 Rep=1 → Neutro
[2026-05-13 11:01:25,979][__main__][INFO] - ✓ [microsoft/phi-4] Temp=0.0 Rep=1 → Discordo fortemente
[2026-05-13 11:01:25,985][__main__][INFO] - ✓ [microsoft/phi-4] Temp=0.0 Rep=1 → Concordo fortemente
[2026-05-13 11:01:25,987][__main__][INFO] - ✓ [microsoft/phi-4] Temp=0.0 Rep=1 → Concordo fortemente
[2026-05-13 11:01:25,989][__main__][INFO] - ✓ [microsoft/phi-4] Temp=0.0 Rep=1 → Concordo fortemente
[2026-05-13 11:01:25,998][__main__][INFO] - ✓ [microsoft/phi-4] Temp=0.0 Rep=1 → Concordo fortemente
[2026-05-13 11:01:26,006][__main__][INFO] - Salvamento incremental (280 novas respostas)...
[2026-05-13 11:01:26,054][__main__][INFO] - Cache salvo com 254636 entradas
[2026-05-13 11:01:26,054][__main__][INFO] - ✓ [microsoft/phi-4] Temp=0.0 Rep=1 → Concordo fortemente
[2026-05-13 11:01:26,133][__main__][INFO] - ✓ [microsoft/phi-4] Temp=0.0 Rep=1 → Concordo
[2026-05-13 11:01:26,171][__main__][INFO] - ✓ [microsoft/phi-4] Temp=0.0 Rep=1 → Concordo
[2026-05-13 11:01:26,343][__main__][INFO] - ✓ [microsoft/phi-4] Temp=0.0 Rep=1 → Concordo fortemente
[2026-05-13 11:01:26,344][__main__][INFO] - ✓ [microsoft/phi-4] Temp=0.0 Rep=1 → Concordo
[2026-05-13 11:01:26,347][__main__][INFO] - ✓ [microsoft/phi-4] Temp=0.0 Rep=1 → Neutro
[2026-05-13 11:01:26,348][__main__][INFO] - ✓ [microsoft/phi-4] Temp=0.0 Rep=1 → Neutro
[2026-05-13 11:01:26,357][__main__][INFO] - ✓ [microsoft/phi-4] Temp=0.0 Rep=1 → Concordo fortemente
[2026-05-13 11:01:26,360][__main__][INFO] - ✓ [microsoft/phi-4] Temp=0.0 Rep=1 → Concordo fortemente
[2026-05-13 11:01:26,364][__main__][INFO] - ✓ [microsoft/phi-4] Temp=0.0 Rep=1 → Discordo fortemente
[2026-05-13 11:01:26,366][__main__][INFO] - ✓ [microsoft/phi-4] Temp=0.0 Rep=1 → Concordo
[2026-05-13 11:01:26,367][__main__][INFO] - ✓ [microsoft/phi-4] Temp=0.0 Rep=1 → Discordo fortemente
[2026-05-13 11:01:26,369][__main__][INFO] - ✓ [microsoft/phi-4] Temp=0.0 Rep=1 → Concordo fortemente
[2026-05-13 11:01:26,390][__main__][INFO] - ✓ [microsoft/phi-4] Temp=0.0 Rep=1 → Neutro
[2026-05-13 11:01:26,412][__main__][INFO] - ✓ [microsoft/phi-4] Temp=0.0 Rep=1 → Concordo fortemente
[2026-05-13 11:01:26,424][__main__][INFO] - ✓ [microsoft/phi-4] Temp=0.0 Rep=1 → Concordo fortemente
[2026-05-13 11:01:26,499][__main__][INFO] - ✓ [microsoft/phi-4] Temp=0.0 Rep=1 → Concordo
[2026-05-13 11:01:26,510][__main__][INFO] - ✓ [microsoft/phi-4] Temp=0.0 Rep=1 → Discordo fortemente
[2026-05-13 11:01:26,538][__main__][INFO] - ✓ [microsoft/phi-4] Temp=0.0 Rep=1 → Concordo fortemente
[2026-05-13 11:01:26,602][__main__][INFO] - ✓ [microsoft/phi-4] Temp=0.0 Rep=1 → Discordo fortemente
[2026-05-13 11:01:26,751][__main__][INFO] - ✓ [microsoft/phi-4] Temp=0.0 Rep=1 → Concordo
[2026-05-13 11:01:26,837][__main__][INFO] - ✓ [microsoft/phi-4] Temp=0.0 Rep=1 → Discordo fortemente
[2026-05-13 11:01:26,839][__main__][INFO] - ✓ [microsoft/phi-4] Temp=0.0 Rep=1 → Concordo
[2026-05-13 11:01:26,840][__main__][INFO] - ✓ [microsoft/phi-4] Temp=0.0 Rep=1 → Neutro
[2026-05-13 11:01:26,848][__main__][INFO] - ✓ [microsoft/phi-4] Temp=0.0 Rep=1 → Discordo fortemente
[2026-05-13 11:01:26,849][__main__][INFO] - ✓ [microsoft/phi-4] Temp=0.0 Rep=1 → Concordo fortemente
[2026-05-13 11:01:26,850][__main__][INFO] - ✓ [microsoft/phi-4] Temp=0.0 Rep=1 → Concordo fortemente
[2026-05-13 11:01:26,851][__main__][INFO] - ✓ [microsoft/phi-4] Temp=0.0 Rep=1 → Concordo
[2026-05-13 11:01:26,852][__main__][INFO] - ✓ [microsoft/phi-4] Temp=0.0 Rep=1 → Concordo fortemente
[2026-05-13 11:01:26,901][__main__][INFO] - ✓ [microsoft/phi-4] Temp=0.0 Rep=1 → Concordo fortemente
[2026-05-13 11:01:26,920][__main__][INFO] - ✓ [microsoft/phi-4] Temp=0.0 Rep=1 → Discordo
[2026-05-13 11:01:26,922][__main__][INFO] - ✓ [microsoft/phi-4] Temp=0.0 Rep=1 → Neutro
[2026-05-13 11:01:26,956][__main__][INFO] - ✓ [microsoft/phi-4] Temp=0.0 Rep=1 → Concordo fortemente
[2026-05-13 11:01:26,961][__main__][INFO] - ✓ [microsoft/phi-4] Temp=0.0 Rep=1 → Discordo fortemente
[2026-05-13 11:01:26,968][__main__][INFO] - ✓ [microsoft/phi-4] Temp=0.0 Rep=1 → Discordo fortemente
[2026-05-13 11:01:27,082][__main__][INFO] - ✓ [microsoft/phi-4] Temp=0.0 Rep=1 → Discordo fortemente
[2026-05-13 11:01:27,105][__main__][INFO] - ✓ [microsoft/phi-4] Temp=0.0 Rep=1 → Concordo fortemente
[2026-05-13 11:01:27,200][__main__][INFO] - ✓ [microsoft/phi-4] Temp=0.0 Rep=1 → Neutro
[2026-05-13 11:01:27,203][__main__][INFO] - ✓ [microsoft/phi-4] Temp=0.0 Rep=1 → Neutro
[2026-05-13 11:01:27,205][__main__][INFO] - ✓ [microsoft/phi-4] Temp=0.0 Rep=1 → Concordo
[2026-05-13 11:01:27,225][__main__][INFO] - Salvamento incremental (320 novas respostas)...
[2026-05-13 11:01:27,277][__main__][INFO] - Cache salvo com 254676 entradas
[2026-05-13 11:01:27,277][__main__][INFO] - ✓ [microsoft/phi-4] Temp=0.0 Rep=1 → Discordo fortemente
[2026-05-13 11:01:27,280][__main__][INFO] - ✓ [microsoft/phi-4] Temp=0.0 Rep=1 → Discordo fortemente
[2026-05-13 11:01:27,289][__main__][INFO] - ✓ [microsoft/phi-4] Temp=0.0 Rep=1 → Discordo fortemente
[2026-05-13 11:01:27,290][__main__][INFO] - ✓ [microsoft/phi-4] Temp=0.0 Rep=1 → Concordo fortemente
[2026-05-13 11:01:27,291][__main__][INFO] - ✓ [microsoft/phi-4] Temp=0.0 Rep=1 → Concordo
[2026-05-13 11:01:27,292][__main__][INFO] - ✓ [microsoft/phi-4] Temp=0.0 Rep=1 → Concordo fortemente
[2026-05-13 11:01:27,294][__main__][INFO] - ✓ [microsoft/phi-4] Temp=0.0 Rep=1 → Concordo
[2026-05-13 11:01:27,295][__main__][INFO] - ✓ [microsoft/phi-4] Temp=0.0 Rep=1 → Concordo fortemente
[2026-05-13 11:01:27,296][__main__][INFO] - ✓ [microsoft/phi-4] Temp=0.0 Rep=1 → Concordo fortemente
[2026-05-13 11:01:27,299][__main__][INFO] - ✓ [microsoft/phi-4] Temp=0.0 Rep=1 → Concordo fortemente
[2026-05-13 11:01:27,595][__main__][INFO] - ✓ [microsoft/phi-4] Temp=0.0 Rep=1 → Concordo
[2026-05-13 11:01:27,599][__main__][INFO] - ✓ [microsoft/phi-4] Temp=0.0 Rep=1 → Neutro
[2026-05-13 11:01:27,641][__main__][INFO] - ✓ [microsoft/phi-4] Temp=0.0 Rep=1 → Discordo fortemente
[2026-05-13 11:01:27,643][__main__][INFO] - ✓ [microsoft/phi-4] Temp=0.0 Rep=1 → Concordo
[2026-05-13 11:01:27,655][__main__][INFO] - ✓ [microsoft/phi-4] Temp=0.0 Rep=1 → Concordo
[2026-05-13 11:01:27,698][__main__][INFO] - ✓ [microsoft/phi-4] Temp=0.0 Rep=1 → Concordo
[2026-05-13 11:01:27,715][__main__][INFO] - ✓ [microsoft/phi-4] Temp=0.0 Rep=1 → Concordo fortemente
[2026-05-13 11:01:27,719][__main__][INFO] - ✓ [microsoft/phi-4] Temp=0.0 Rep=1 → Neutro
[2026-05-13 11:01:27,723][__main__][INFO] - ✓ [microsoft/phi-4] Temp=0.0 Rep=1 → Neutro
[2026-05-13 11:01:27,727][__main__][INFO] - ✓ [microsoft/phi-4] Temp=0.0 Rep=1 → Concordo
[2026-05-13 11:01:27,729][__main__][INFO] - ✓ [microsoft/phi-4] Temp=0.0 Rep=1 → Discordo fortemente
[2026-05-13 11:01:27,763][__main__][INFO] - ✓ [microsoft/phi-4] Temp=0.0 Rep=1 → Concordo
[2026-05-13 11:01:27,765][__main__][INFO] - ✓ [microsoft/phi-4] Temp=0.0 Rep=1 → Concordo
[2026-05-13 11:01:27,885][__main__][INFO] - ✓ [microsoft/phi-4] Temp=0.0 Rep=1 → Discordo fortemente
[2026-05-13 11:01:27,891][__main__][INFO] - ✓ [microsoft/phi-4] Temp=0.0 Rep=1 → Concordo fortemente
[2026-05-13 11:01:27,909][__main__][INFO] - ✓ [microsoft/phi-4] Temp=0.0 Rep=1 → Neutro
[2026-05-13 11:01:27,912][__main__][INFO] - ✓ [microsoft/phi-4] Temp=0.0 Rep=1 → Concordo
[2026-05-13 11:01:27,918][__main__][INFO] - ✓ [microsoft/phi-4] Temp=0.0 Rep=1 → Concordo
[2026-05-13 11:01:27,930][__main__][INFO] - ✓ [microsoft/phi-4] Temp=0.0 Rep=1 → Concordo
[2026-05-13 11:01:27,940][__main__][INFO] - ✓ [microsoft/phi-4] Temp=0.0 Rep=1 → Concordo fortemente
[2026-05-13 11:01:27,941][__main__][INFO] - ✓ [microsoft/phi-4] Temp=0.0 Rep=1 → Neutro
[2026-05-13 11:01:27,941][__main__][INFO] - ✓ [microsoft/phi-4] Temp=0.0 Rep=1 → Discordo fortemente
[2026-05-13 11:01:27,962][__main__][INFO] - ✓ [microsoft/phi-4] Temp=0.0 Rep=1 → Concordo fortemente
[2026-05-13 11:01:27,971][__main__][INFO] - ✓ [microsoft/phi-4] Temp=0.0 Rep=1 → Concordo fortemente
[2026-05-13 11:01:28,123][__main__][INFO] - ✓ [microsoft/phi-4] Temp=0.0 Rep=1 → Concordo
[2026-05-13 11:01:28,125][__main__][INFO] - ✓ [microsoft/phi-4] Temp=0.0 Rep=1 → Neutro
[2026-05-13 11:01:28,152][__main__][INFO] - ✓ [microsoft/phi-4] Temp=0.0 Rep=1 → Concordo
[2026-05-13 11:01:28,169][__main__][INFO] - ✓ [microsoft/phi-4] Temp=0.0 Rep=1 → Concordo
[2026-05-13 11:01:28,177][__main__][INFO] - ✓ [microsoft/phi-4] Temp=0.0 Rep=1 → Concordo fortemente
[2026-05-13 11:01:28,310][__main__][INFO] - ✓ [microsoft/phi-4] Temp=0.0 Rep=1 → Discordo fortemente
[2026-05-13 11:01:28,412][__main__][INFO] - Salvamento incremental (360 novas respostas)...
[2026-05-13 11:01:28,505][__main__][INFO] - Cache salvo com 254716 entradas
[2026-05-13 11:01:28,505][__main__][INFO] - ✓ [microsoft/phi-4] Temp=0.0 Rep=1 → Discordo
[2026-05-13 11:01:28,506][__main__][INFO] - ✓ [microsoft/phi-4] Temp=0.0 Rep=1 → Concordo
[2026-05-13 11:01:28,508][__main__][INFO] - ✓ [microsoft/phi-4] Temp=0.0 Rep=1 → Concordo
[2026-05-13 11:01:28,509][__main__][INFO] - ✓ [microsoft/phi-4] Temp=0.0 Rep=1 → Concordo
[2026-05-13 11:01:28,509][__main__][INFO] - ✓ [microsoft/phi-4] Temp=0.0 Rep=1 → Concordo fortemente
[2026-05-13 11:01:28,510][__main__][INFO] - ✓ [microsoft/phi-4] Temp=0.0 Rep=1 → Concordo fortemente
[2026-05-13 11:01:28,510][__main__][INFO] - ✓ [microsoft/phi-4] Temp=0.0 Rep=1 → Discordo fortemente
[2026-05-13 11:01:28,511][__main__][INFO] - ✓ [microsoft/phi-4] Temp=0.0 Rep=1 → Concordo fortemente
[2026-05-13 11:01:28,511][__main__][INFO] - ✓ [microsoft/phi-4] Temp=0.0 Rep=1 → Discordo
[2026-05-13 11:01:28,697][__main__][INFO] - ✓ [microsoft/phi-4] Temp=0.0 Rep=1 → Concordo
[2026-05-13 11:01:28,726][__main__][INFO] - ✓ [microsoft/phi-4] Temp=0.0 Rep=1 → Discordo fortemente
[2026-05-13 11:01:28,733][__main__][INFO] - ✓ [microsoft/phi-4] Temp=0.0 Rep=1 → Discordo fortemente
[2026-05-13 11:01:28,741][__main__][INFO] - ✓ [microsoft/phi-4] Temp=0.0 Rep=1 → Neutro
[2026-05-13 11:01:28,746][__main__][INFO] - ✓ [microsoft/phi-4] Temp=0.0 Rep=1 → Concordo
[2026-05-13 11:01:28,748][__main__][INFO] - ✓ [microsoft/phi-4] Temp=0.0 Rep=1 → Concordo
[2026-05-13 11:01:28,755][__main__][INFO] - ✓ [microsoft/phi-4] Temp=0.0 Rep=1 → Concordo fortemente
[2026-05-13 11:01:28,760][__main__][INFO] - ✓ [microsoft/phi-4] Temp=0.0 Rep=1 → Concordo fortemente
[2026-05-13 11:01:28,784][__main__][INFO] - ✓ [microsoft/phi-4] Temp=0.0 Rep=1 → Concordo fortemente
[2026-05-13 11:01:28,830][__main__][INFO] - ✓ [microsoft/phi-4] Temp=0.0 Rep=1 → Concordo fortemente
[2026-05-13 11:01:28,833][__main__][INFO] - ✓ [microsoft/phi-4] Temp=0.0 Rep=1 → Concordo fortemente
[2026-05-13 11:01:28,935][__main__][INFO] - ✓ [microsoft/phi-4] Temp=0.0 Rep=1 → Concordo fortemente
[2026-05-13 11:01:28,938][__main__][INFO] - ✓ [microsoft/phi-4] Temp=0.0 Rep=1 → Concordo fortemente
[2026-05-13 11:01:28,939][__main__][INFO] - ✓ [microsoft/phi-4] Temp=0.0 Rep=1 → Concordo fortemente
[2026-05-13 11:01:28,940][__main__][INFO] - ✓ [microsoft/phi-4] Temp=0.0 Rep=1 → Concordo fortemente
[2026-05-13 11:01:28,955][__main__][INFO] - ✓ [nvidia/NVIDIA-Nemotron-Nano-12B-v2-VL] Temp=0.0 Rep=1 → Discordo fortemente
[2026-05-13 11:01:28,963][__main__][INFO] - ✓ [nvidia/NVIDIA-Nemotron-Nano-12B-v2-VL] Temp=0.0 Rep=1 → Discordo fortemente
[2026-05-13 11:01:28,967][__main__][INFO] - ✓ [nvidia/NVIDIA-Nemotron-Nano-12B-v2-VL] Temp=0.0 Rep=1 → Discordo fortemente
[2026-05-13 11:01:29,076][__main__][INFO] - ✓ [microsoft/phi-4] Temp=0.0 Rep=1 → Concordo fortemente
[2026-05-13 11:01:29,098][__main__][INFO] - ✓ [microsoft/phi-4] Temp=0.0 Rep=1 → Concordo
[2026-05-13 11:01:29,101][__main__][INFO] - ✓ [microsoft/phi-4] Temp=0.0 Rep=1 → Neutro
[2026-05-13 11:01:29,102][__main__][INFO] - ✓ [microsoft/phi-4] Temp=0.0 Rep=1 → Concordo fortemente
[2026-05-13 11:01:29,128][__main__][INFO] - ✓ [microsoft/phi-4] Temp=0.0 Rep=1 → Concordo fortemente
[2026-05-13 11:01:29,138][__main__][INFO] - ✓ [microsoft/phi-4] Temp=0.0 Rep=1 → Neutro
[2026-05-13 11:01:29,140][__main__][INFO] - ✓ [microsoft/phi-4] Temp=0.0 Rep=1 → Concordo
[2026-05-13 11:01:29,140][__main__][INFO] - ✓ [microsoft/phi-4] Temp=0.0 Rep=1 → Concordo
[2026-05-13 11:01:29,143][__main__][INFO] - ✓ [microsoft/phi-4] Temp=0.0 Rep=1 → Concordo
[2026-05-13 11:01:29,144][__main__][INFO] - ✓ [microsoft/phi-4] Temp=0.0 Rep=1 → Concordo fortemente
[2026-05-13 11:01:29,145][__main__][INFO] - ✓ [microsoft/phi-4] Temp=0.0 Rep=1 → Concordo
[2026-05-13 11:01:29,147][__main__][INFO] - ✓ [microsoft/phi-4] Temp=0.0 Rep=1 → Concordo fortemente
[2026-05-13 11:01:29,148][__main__][INFO] - ✓ [microsoft/phi-4] Temp=0.0 Rep=1 → Concordo
[2026-05-13 11:01:29,157][__main__][INFO] - Salvamento incremental (400 novas respostas)...
[2026-05-13 11:01:29,209][__main__][INFO] - Cache salvo com 254756 entradas
[2026-05-13 11:01:29,209][__main__][INFO] - ✓ [microsoft/phi-4] Temp=0.0 Rep=1 → Concordo fortemente
[2026-05-13 11:01:29,290][__main__][INFO] - ✓ [microsoft/phi-4] Temp=0.0 Rep=1 → Concordo
[2026-05-13 11:01:29,340][__main__][INFO] - ✓ [microsoft/phi-4] Temp=0.0 Rep=1 → Concordo
[2026-05-13 11:01:29,385][__main__][INFO] - ✓ [microsoft/phi-4] Temp=0.0 Rep=1 → Concordo fortemente
[2026-05-13 11:01:29,398][__main__][INFO] - ✓ [microsoft/phi-4] Temp=0.0 Rep=1 → Concordo fortemente
[2026-05-13 11:01:29,706][__main__][INFO] - ✓ [microsoft/phi-4] Temp=0.0 Rep=1 → Concordo
[2026-05-13 11:01:29,728][__main__][INFO] - ✓ [microsoft/phi-4] Temp=0.0 Rep=1 → Concordo
[2026-05-13 11:01:29,739][__main__][INFO] - ✓ [microsoft/phi-4] Temp=0.0 Rep=1 → Concordo fortemente
[2026-05-13 11:01:29,746][__main__][INFO] - ✓ [microsoft/phi-4] Temp=0.0 Rep=1 → Concordo fortemente
[2026-05-13 11:01:29,761][__main__][INFO] - ✓ [microsoft/phi-4] Temp=0.0 Rep=1 → Neutro
[2026-05-13 11:01:29,762][__main__][INFO] - ✓ [microsoft/phi-4] Temp=0.0 Rep=1 → Concordo
[2026-05-13 11:01:29,772][__main__][INFO] - ✓ [microsoft/phi-4] Temp=0.0 Rep=1 → Concordo fortemente
[2026-05-13 11:01:29,781][__main__][INFO] - ✓ [microsoft/phi-4] Temp=0.0 Rep=1 → Concordo fortemente
[2026-05-13 11:01:29,783][__main__][INFO] - ✓ [microsoft/phi-4] Temp=0.0 Rep=1 → Discordo fortemente
[2026-05-13 11:01:30,031][__main__][INFO] - ✓ [microsoft/phi-4] Temp=0.0 Rep=1 → Discordo fortemente
[2026-05-13 11:01:30,032][__main__][INFO] - ✓ [microsoft/phi-4] Temp=0.0 Rep=1 → Concordo fortemente
[2026-05-13 11:01:30,072][__main__][INFO] - ✓ [microsoft/phi-4] Temp=0.0 Rep=1 → Concordo fortemente
[2026-05-13 11:01:30,116][__main__][INFO] - ✓ [microsoft/phi-4] Temp=0.0 Rep=1 → Concordo
[2026-05-13 11:01:30,162][__main__][INFO] - ✓ [microsoft/phi-4] Temp=0.0 Rep=1 → Concordo fortemente
[2026-05-13 11:01:30,507][__main__][INFO] - ✓ [microsoft/phi-4] Temp=0.0 Rep=1 → Concordo
[2026-05-13 11:01:30,517][__main__][INFO] - ✓ [microsoft/phi-4] Temp=0.0 Rep=1 → Concordo
[2026-05-13 11:01:30,521][__main__][INFO] - ✓ [microsoft/phi-4] Temp=0.0 Rep=1 → Neutro
[2026-05-13 11:01:30,521][__main__][INFO] - ✓ [microsoft/phi-4] Temp=0.0 Rep=1 → Discordo fortemente
[2026-05-13 11:01:30,522][__main__][INFO] - ✓ [microsoft/phi-4] Temp=0.0 Rep=1 → Concordo fortemente
[2026-05-13 11:01:30,523][__main__][INFO] - ✓ [microsoft/phi-4] Temp=0.0 Rep=1 → Concordo fortemente
[2026-05-13 11:01:30,527][__main__][INFO] - ✓ [microsoft/phi-4] Temp=0.0 Rep=1 → Discordo fortemente
[2026-05-13 11:01:30,692][__main__][INFO] - ✓ [microsoft/phi-4] Temp=0.0 Rep=1 → Concordo
[2026-05-13 11:01:30,694][__main__][INFO] - ✓ [microsoft/phi-4] Temp=0.0 Rep=1 → Concordo
[2026-05-13 11:01:30,700][__main__][INFO] - ✓ [microsoft/phi-4] Temp=0.0 Rep=1 → Concordo
[2026-05-13 11:01:30,703][__main__][INFO] - ✓ [microsoft/phi-4] Temp=0.0 Rep=1 → Concordo
[2026-05-13 11:01:30,712][__main__][INFO] - ✓ [microsoft/phi-4] Temp=0.0 Rep=1 → Concordo
[2026-05-13 11:01:30,713][__main__][INFO] - ✓ [microsoft/phi-4] Temp=0.0 Rep=1 → Concordo fortemente
[2026-05-13 11:01:30,716][__main__][INFO] - ✓ [microsoft/phi-4] Temp=0.0 Rep=1 → Concordo fortemente
[2026-05-13 11:01:30,736][__main__][INFO] - ✓ [microsoft/phi-4] Temp=0.0 Rep=1 → Concordo fortemente
[2026-05-13 11:01:30,857][__main__][INFO] - ✓ [microsoft/phi-4] Temp=0.0 Rep=1 → Concordo
[2026-05-13 11:01:30,873][__main__][INFO] - ✓ [microsoft/phi-4] Temp=0.0 Rep=1 → Concordo fortemente
[2026-05-13 11:01:30,895][__main__][INFO] - ✓ [microsoft/phi-4] Temp=0.0 Rep=1 → Concordo fortemente
[2026-05-13 11:01:31,159][__main__][INFO] - ✓ [microsoft/phi-4] Temp=0.0 Rep=1 → Concordo fortemente
[2026-05-13 11:01:31,186][__main__][INFO] - ✓ [microsoft/phi-4] Temp=0.0 Rep=1 → Concordo fortemente
[2026-05-13 11:01:31,189][__main__][INFO] - ✓ [microsoft/phi-4] Temp=0.0 Rep=1 → Concordo fortemente
[2026-05-13 11:01:31,239][__main__][INFO] - Salvamento incremental (440 novas respostas)...
[2026-05-13 11:01:31,297][__main__][INFO] - Cache salvo com 254796 entradas
[2026-05-13 11:01:31,297][__main__][INFO] - ✓ [microsoft/phi-4] Temp=0.0 Rep=1 → Concordo
[2026-05-13 11:01:31,653][__main__][INFO] - ✓ [microsoft/phi-4] Temp=0.0 Rep=1 → Concordo fortemente
[2026-05-13 11:01:31,837][__main__][INFO] - ✓ [microsoft/phi-4] Temp=0.0 Rep=1 → Concordo
[2026-05-13 11:01:31,845][__main__][INFO] - ✓ [microsoft/phi-4] Temp=0.0 Rep=1 → Concordo
[2026-05-13 11:01:31,852][__main__][INFO] - ✓ [microsoft/phi-4] Temp=0.0 Rep=1 → Concordo
[2026-05-13 11:01:31,852][__main__][INFO] - ✓ [microsoft/phi-4] Temp=0.0 Rep=1 → Concordo fortemente
[2026-05-13 11:01:31,853][__main__][INFO] - ✓ [microsoft/phi-4] Temp=0.0 Rep=1 → Concordo
[2026-05-13 11:01:31,854][__main__][INFO] - ✓ [microsoft/phi-4] Temp=0.0 Rep=1 → Concordo
[2026-05-13 11:01:31,854][__main__][INFO] - ✓ [microsoft/phi-4] Temp=0.0 Rep=1 → Concordo fortemente
[2026-05-13 11:01:31,855][__main__][INFO] - ✓ [microsoft/phi-4] Temp=0.0 Rep=1 → Concordo
[2026-05-13 11:01:31,856][__main__][INFO] - ✓ [microsoft/phi-4] Temp=0.0 Rep=1 → Concordo
[2026-05-13 11:01:31,856][__main__][INFO] - ✓ [microsoft/phi-4] Temp=0.0 Rep=1 → Concordo
[2026-05-13 11:01:31,857][__main__][INFO] - ✓ [microsoft/phi-4] Temp=0.0 Rep=1 → Concordo fortemente
[2026-05-13 11:01:31,858][__main__][INFO] - ✓ [microsoft/phi-4] Temp=0.0 Rep=1 → Concordo
[2026-05-13 11:01:31,909][__main__][INFO] - ✓ [microsoft/phi-4] Temp=0.0 Rep=1 → Concordo fortemente
[2026-05-13 11:01:32,177][__main__][INFO] - ✓ [microsoft/phi-4] Temp=0.0 Rep=1 → Concordo
[2026-05-13 11:01:32,178][__main__][INFO] - ✓ [microsoft/phi-4] Temp=0.0 Rep=1 → Concordo
[2026-05-13 11:01:32,183][__main__][INFO] - ✓ [microsoft/phi-4] Temp=0.0 Rep=1 → Concordo
[2026-05-13 11:01:32,184][__main__][INFO] - ✓ [microsoft/phi-4] Temp=0.0 Rep=1 → Concordo
[2026-05-13 11:01:32,184][__main__][INFO] - ✓ [microsoft/phi-4] Temp=0.0 Rep=1 → Concordo
[2026-05-13 11:01:32,188][__main__][INFO] - ✓ [microsoft/phi-4] Temp=0.0 Rep=1 → Concordo
[2026-05-13 11:01:32,204][__main__][INFO] - ✓ [microsoft/phi-4] Temp=0.0 Rep=1 → Concordo
[2026-05-13 11:01:32,206][__main__][INFO] - ✓ [microsoft/phi-4] Temp=0.0 Rep=1 → Concordo
[2026-05-13 11:01:32,224][__main__][INFO] - ✓ [microsoft/phi-4] Temp=0.0 Rep=1 → Concordo
[2026-05-13 11:01:32,232][__main__][INFO] - ✓ [microsoft/phi-4] Temp=0.0 Rep=1 → Concordo
[2026-05-13 11:01:32,273][__main__][INFO] - ✓ [microsoft/phi-4] Temp=0.0 Rep=1 → Concordo
[2026-05-13 11:01:32,439][__main__][INFO] - ✓ [microsoft/phi-4] Temp=0.0 Rep=1 → Concordo fortemente
[2026-05-13 11:01:32,441][__main__][INFO] - ✓ [microsoft/phi-4] Temp=0.0 Rep=1 → Concordo fortemente
[2026-05-13 11:01:32,442][__main__][INFO] - ✓ [microsoft/phi-4] Temp=0.0 Rep=1 → Concordo fortemente
[2026-05-13 11:01:32,469][__main__][INFO] - ✓ [microsoft/phi-4] Temp=0.0 Rep=1 → Concordo fortemente
[2026-05-13 11:01:32,470][__main__][INFO] - ✓ [microsoft/phi-4] Temp=0.0 Rep=1 → Neutro
[2026-05-13 11:01:32,481][__main__][INFO] - ✓ [microsoft/phi-4] Temp=0.0 Rep=1 → Concordo fortemente
[2026-05-13 11:01:32,641][__main__][INFO] - ✓ [microsoft/phi-4] Temp=0.0 Rep=1 → Concordo
[2026-05-13 11:01:32,678][__main__][INFO] - ✓ [microsoft/phi-4] Temp=0.0 Rep=1 → Concordo
[2026-05-13 11:01:32,680][__main__][INFO] - ✓ [microsoft/phi-4] Temp=0.0 Rep=1 → Concordo
[2026-05-13 11:01:32,693][__main__][INFO] - ✓ [microsoft/phi-4] Temp=0.0 Rep=1 → Concordo
[2026-05-13 11:01:32,717][__main__][INFO] - ✓ [microsoft/phi-4] Temp=0.0 Rep=1 → Concordo
[2026-05-13 11:01:32,719][__main__][INFO] - ✓ [microsoft/phi-4] Temp=0.0 Rep=1 → Neutro
[2026-05-13 11:01:32,720][__main__][INFO] - ✓ [microsoft/phi-4] Temp=0.0 Rep=1 → Concordo
[2026-05-13 11:01:32,725][__main__][INFO] - ✓ [microsoft/phi-4] Temp=0.0 Rep=1 → Concordo
[2026-05-13 11:01:32,728][__main__][INFO] - Salvamento incremental (480 novas respostas)...
[2026-05-13 11:01:32,779][__main__][INFO] - Cache salvo com 254836 entradas
[2026-05-13 11:01:32,779][__main__][INFO] - ✓ [microsoft/phi-4] Temp=0.0 Rep=1 → Concordo
[2026-05-13 11:01:32,780][__main__][INFO] - ✓ [microsoft/phi-4] Temp=0.0 Rep=1 → Concordo fortemente
[2026-05-13 11:01:32,780][__main__][INFO] - ✓ [microsoft/phi-4] Temp=0.0 Rep=1 → Neutro
[2026-05-13 11:01:32,783][__main__][INFO] - ✓ [microsoft/phi-4] Temp=0.0 Rep=1 → Concordo
[2026-05-13 11:01:32,784][__main__][INFO] - ✓ [microsoft/phi-4] Temp=0.0 Rep=1 → Concordo
[2026-05-13 11:01:32,784][__main__][INFO] - ✓ [microsoft/phi-4] Temp=0.0 Rep=1 → Concordo fortemente
[2026-05-13 11:01:32,785][__main__][INFO] - ✓ [microsoft/phi-4] Temp=0.0 Rep=1 → Concordo
[2026-05-13 11:01:32,785][__main__][INFO] - ✓ [microsoft/phi-4] Temp=0.0 Rep=1 → Concordo
[2026-05-13 11:01:32,786][__main__][INFO] - ✓ [microsoft/phi-4] Temp=0.0 Rep=1 → Neutro
[2026-05-13 11:01:32,786][__main__][INFO] - ✓ [microsoft/phi-4] Temp=0.0 Rep=1 → Concordo
[2026-05-13 11:01:32,787][__main__][INFO] - ✓ [microsoft/phi-4] Temp=0.0 Rep=1 → Concordo
[2026-05-13 11:01:32,787][__main__][INFO] - ✓ [microsoft/phi-4] Temp=0.0 Rep=1 → Concordo fortemente
[2026-05-13 11:01:32,788][__main__][INFO] - ✓ [microsoft/phi-4] Temp=0.0 Rep=1 → Neutro
[2026-05-13 11:01:32,788][__main__][INFO] - ✓ [microsoft/phi-4] Temp=0.0 Rep=1 → Concordo
[2026-05-13 11:01:32,789][__main__][INFO] - ✓ [microsoft/phi-4] Temp=0.0 Rep=1 → Concordo fortemente
[2026-05-13 11:01:32,790][__main__][INFO] - ✓ [microsoft/phi-4] Temp=0.0 Rep=1 → Concordo
[2026-05-13 11:01:32,791][__main__][INFO] - ✓ [microsoft/phi-4] Temp=0.0 Rep=1 → Concordo fortemente
[2026-05-13 11:01:32,792][__main__][INFO] - ✓ [microsoft/phi-4] Temp=0.0 Rep=1 → Discordo fortemente
[2026-05-13 11:01:32,818][__main__][INFO] - ✓ [microsoft/phi-4] Temp=0.0 Rep=1 → Concordo fortemente
[2026-05-13 11:01:32,819][__main__][INFO] - ✓ [microsoft/phi-4] Temp=0.0 Rep=1 → Concordo fortemente
[2026-05-13 11:01:32,908][__main__][INFO] - ✓ [microsoft/phi-4] Temp=0.0 Rep=1 → Concordo
[2026-05-13 11:01:32,932][__main__][INFO] - ✓ [microsoft/phi-4] Temp=0.0 Rep=1 → Concordo
[2026-05-13 11:01:32,942][__main__][INFO] - ✓ [microsoft/phi-4] Temp=0.0 Rep=1 → Concordo
[2026-05-13 11:01:33,007][__main__][INFO] - ✓ [microsoft/phi-4] Temp=0.0 Rep=1 → Concordo fortemente
[2026-05-13 11:01:33,019][__main__][INFO] - ✓ [microsoft/phi-4] Temp=0.0 Rep=1 → Concordo fortemente
[2026-05-13 11:01:33,020][__main__][INFO] - ✓ [microsoft/phi-4] Temp=0.0 Rep=1 → Concordo fortemente
[2026-05-13 11:01:33,026][__main__][INFO] - ✓ [microsoft/phi-4] Temp=0.0 Rep=1 → Concordo fortemente
[2026-05-13 11:01:33,026][__main__][INFO] - ✓ [microsoft/phi-4] Temp=0.0 Rep=1 → Concordo
[2026-05-13 11:01:33,036][__main__][INFO] - ✓ [microsoft/phi-4] Temp=0.0 Rep=1 → Concordo
[2026-05-13 11:01:33,038][__main__][INFO] - ✓ [microsoft/phi-4] Temp=0.0 Rep=1 → Concordo
[2026-05-13 11:01:33,184][__main__][INFO] - ✓ [microsoft/phi-4] Temp=0.0 Rep=1 → Concordo
[2026-05-13 11:01:33,197][__main__][INFO] - ✓ [microsoft/phi-4] Temp=0.0 Rep=1 → Concordo
[2026-05-13 11:01:33,198][__main__][INFO] - ✓ [microsoft/phi-4] Temp=0.0 Rep=1 → Concordo
[2026-05-13 11:01:33,270][__main__][INFO] - ✓ [microsoft/phi-4] Temp=0.0 Rep=1 → Concordo fortemente
[2026-05-13 11:01:33,308][__main__][INFO] - ✓ [microsoft/phi-4] Temp=0.0 Rep=1 → Concordo fortemente
[2026-05-13 11:01:33,351][__main__][INFO] - ✓ [microsoft/phi-4] Temp=0.0 Rep=1 → Concordo fortemente
[2026-05-13 11:01:33,417][__main__][INFO] - ✓ [microsoft/phi-4] Temp=0.0 Rep=1 → Concordo fortemente
[2026-05-13 11:01:33,453][__main__][INFO] - ✓ [microsoft/phi-4] Temp=0.0 Rep=1 → Concordo fortemente
[2026-05-13 11:01:33,656][__main__][INFO] - ✓ [microsoft/phi-4] Temp=0.0 Rep=1 → Concordo
[2026-05-13 11:01:33,658][__main__][INFO] - ✓ [microsoft/phi-4] Temp=0.0 Rep=1 → Concordo
[2026-05-13 11:01:33,666][__main__][INFO] - Salvamento incremental (520 novas respostas)...
[2026-05-13 11:01:33,729][__main__][INFO] - Cache salvo com 254876 entradas
[2026-05-13 11:01:33,729][__main__][INFO] - ✓ [microsoft/phi-4] Temp=0.0 Rep=1 → Concordo
[2026-05-13 11:01:33,730][__main__][INFO] - ✓ [microsoft/phi-4] Temp=0.0 Rep=1 → Concordo
[2026-05-13 11:01:33,731][__main__][INFO] - ✓ [microsoft/phi-4] Temp=0.0 Rep=1 → Concordo fortemente
[2026-05-13 11:01:33,732][__main__][INFO] - ✓ [microsoft/phi-4] Temp=0.0 Rep=1 → Concordo
[2026-05-13 11:01:33,733][__main__][INFO] - ✓ [microsoft/phi-4] Temp=0.0 Rep=1 → Concordo
[2026-05-13 11:01:33,745][__main__][INFO] - ✓ [microsoft/phi-4] Temp=0.0 Rep=1 → Concordo
[2026-05-13 11:01:33,746][__main__][INFO] - ✓ [microsoft/phi-4] Temp=0.0 Rep=1 → Concordo fortemente
[2026-05-13 11:01:33,747][__main__][INFO] - ✓ [microsoft/phi-4] Temp=0.0 Rep=1 → Concordo
[2026-05-13 11:01:33,748][__main__][INFO] - ✓ [microsoft/phi-4] Temp=0.0 Rep=1 → Concordo fortemente
[2026-05-13 11:01:33,750][__main__][INFO] - ✓ [microsoft/phi-4] Temp=0.0 Rep=1 → Concordo fortemente
[2026-05-13 11:01:33,751][__main__][INFO] - ✓ [microsoft/phi-4] Temp=0.0 Rep=1 → Concordo
[2026-05-13 11:01:33,752][__main__][INFO] - ✓ [microsoft/phi-4] Temp=0.0 Rep=1 → Concordo
[2026-05-13 11:01:33,753][__main__][INFO] - ✓ [microsoft/phi-4] Temp=0.0 Rep=1 → Neutro
[2026-05-13 11:01:33,838][__main__][INFO] - ✓ [microsoft/phi-4] Temp=0.0 Rep=1 → Concordo
[2026-05-13 11:01:33,876][__main__][INFO] - ✓ [microsoft/phi-4] Temp=0.0 Rep=1 → Concordo fortemente
[2026-05-13 11:01:33,887][__main__][INFO] - ✓ [microsoft/phi-4] Temp=0.0 Rep=1 → Concordo fortemente
[2026-05-13 11:01:34,179][__main__][INFO] - ✓ [microsoft/phi-4] Temp=0.0 Rep=1 → Concordo fortemente
[2026-05-13 11:01:34,182][__main__][INFO] - ✓ [microsoft/phi-4] Temp=0.0 Rep=1 → Concordo
[2026-05-13 11:01:34,196][__main__][INFO] - ✓ [microsoft/phi-4] Temp=0.0 Rep=1 → Concordo
[2026-05-13 11:01:34,202][__main__][INFO] - ✓ [microsoft/phi-4] Temp=0.0 Rep=1 → Neutro
[2026-05-13 11:01:34,204][__main__][INFO] - ✓ [microsoft/phi-4] Temp=0.0 Rep=1 → Concordo
[2026-05-13 11:01:34,226][__main__][INFO] - ✓ [microsoft/phi-4] Temp=0.0 Rep=1 → Concordo
[2026-05-13 11:01:34,227][__main__][INFO] - ✓ [microsoft/phi-4] Temp=0.0 Rep=1 → Concordo
[2026-05-13 11:01:34,229][__main__][INFO] - ✓ [microsoft/phi-4] Temp=0.0 Rep=1 → Concordo
[2026-05-13 11:01:34,238][__main__][INFO] - ✓ [microsoft/phi-4] Temp=0.0 Rep=1 → Concordo
[2026-05-13 11:01:34,241][__main__][INFO] - ✓ [microsoft/phi-4] Temp=0.0 Rep=1 → Concordo fortemente
[2026-05-13 11:01:34,254][__main__][INFO] - ✓ [microsoft/phi-4] Temp=0.0 Rep=1 → Concordo fortemente
[2026-05-13 11:01:34,256][__main__][INFO] - ✓ [microsoft/phi-4] Temp=0.0 Rep=1 → Concordo
[2026-05-13 11:01:34,258][__main__][INFO] - ✓ [microsoft/phi-4] Temp=0.0 Rep=1 → Concordo
[2026-05-13 11:01:34,262][__main__][INFO] - ✓ [microsoft/phi-4] Temp=0.0 Rep=1 → Concordo fortemente
[2026-05-13 11:01:34,268][__main__][INFO] - ✓ [microsoft/phi-4] Temp=0.0 Rep=1 → Neutro
[2026-05-13 11:01:34,299][__main__][INFO] - ✓ [microsoft/phi-4] Temp=0.0 Rep=1 → Concordo fortemente
[2026-05-13 11:01:34,706][__main__][INFO] - ✓ [nvidia/NVIDIA-Nemotron-Nano-12B-v2-VL] Temp=0.0 Rep=1 → Discordo fortemente
[2026-05-13 11:01:34,710][__main__][INFO] - ✓ [nvidia/NVIDIA-Nemotron-Nano-12B-v2-VL] Temp=0.0 Rep=1 → Discordo fortemente
[2026-05-13 11:01:34,714][__main__][INFO] - ✓ [nvidia/NVIDIA-Nemotron-Nano-12B-v2-VL] Temp=0.0 Rep=1 → Discordo fortemente
[2026-05-13 11:01:34,728][__main__][INFO] - ✓ [microsoft/phi-4] Temp=0.0 Rep=1 → Concordo
[2026-05-13 11:01:34,732][__main__][INFO] - ✓ [microsoft/phi-4] Temp=0.0 Rep=1 → Neutro
[2026-05-13 11:01:34,751][__main__][INFO] - ✓ [microsoft/phi-4] Temp=0.0 Rep=1 → Concordo
[2026-05-13 11:01:34,757][__main__][INFO] - ✓ [microsoft/phi-4] Temp=0.0 Rep=1 → Concordo
[2026-05-13 11:01:34,760][__main__][INFO] - ✓ [microsoft/phi-4] Temp=0.0 Rep=1 → Concordo fortemente
[2026-05-13 11:01:34,764][__main__][INFO] - Salvamento incremental (560 novas respostas)...
[2026-05-13 11:01:34,822][__main__][INFO] - Cache salvo com 254916 entradas
[2026-05-13 11:01:34,822][__main__][INFO] - ✓ [microsoft/phi-4] Temp=0.0 Rep=1 → Concordo
[2026-05-13 11:01:34,824][__main__][INFO] - ✓ [microsoft/phi-4] Temp=0.0 Rep=1 → Concordo fortemente
[2026-05-13 11:01:34,824][__main__][INFO] - ✓ [microsoft/phi-4] Temp=0.0 Rep=1 → Neutro
[2026-05-13 11:01:34,825][__main__][INFO] - ✓ [microsoft/phi-4] Temp=0.0 Rep=1 → Concordo fortemente
[2026-05-13 11:01:34,826][__main__][INFO] - ✓ [microsoft/phi-4] Temp=0.0 Rep=1 → Concordo
[2026-05-13 11:01:34,827][__main__][INFO] - ✓ [microsoft/phi-4] Temp=0.0 Rep=1 → Concordo fortemente
[2026-05-13 11:01:34,827][__main__][INFO] - ✓ [microsoft/phi-4] Temp=0.0 Rep=1 → Concordo fortemente
[2026-05-13 11:01:34,828][__main__][INFO] - ✓ [microsoft/phi-4] Temp=0.0 Rep=1 → Concordo fortemente
[2026-05-13 11:01:34,829][__main__][INFO] - ✓ [microsoft/phi-4] Temp=0.0 Rep=1 → Concordo fortemente
[2026-05-13 11:01:34,845][__main__][INFO] - ✓ [microsoft/phi-4] Temp=0.0 Rep=1 → Concordo fortemente
[2026-05-13 11:01:34,936][__main__][INFO] - ✓ [microsoft/phi-4] Temp=0.0 Rep=1 → Neutro
[2026-05-13 11:01:34,970][__main__][INFO] - ✓ [microsoft/phi-4] Temp=0.0 Rep=1 → Concordo
[2026-05-13 11:01:35,044][__main__][INFO] - ✓ [microsoft/phi-4] Temp=0.0 Rep=1 → Concordo fortemente
[2026-05-13 11:01:35,046][__main__][INFO] - ✓ [microsoft/phi-4] Temp=0.0 Rep=1 → Concordo fortemente
[2026-05-13 11:01:35,047][__main__][INFO] - ✓ [microsoft/phi-4] Temp=0.0 Rep=1 → Concordo fortemente
[2026-05-13 11:01:35,097][__main__][INFO] - ✓ [microsoft/phi-4] Temp=0.0 Rep=1 → Concordo
[2026-05-13 11:01:35,098][__main__][INFO] - ✓ [microsoft/phi-4] Temp=0.0 Rep=1 → Concordo
[2026-05-13 11:01:35,102][__main__][INFO] - ✓ [microsoft/phi-4] Temp=0.0 Rep=1 → Concordo fortemente
[2026-05-13 11:01:35,137][__main__][INFO] - ✓ [microsoft/phi-4] Temp=0.0 Rep=1 → Concordo
[2026-05-13 11:01:35,227][__main__][INFO] - ✓ [microsoft/phi-4] Temp=0.0 Rep=1 → Neutro
[2026-05-13 11:01:35,229][__main__][INFO] - ✓ [microsoft/phi-4] Temp=0.0 Rep=1 → Concordo fortemente
[2026-05-13 11:01:35,230][__main__][INFO] - ✓ [microsoft/phi-4] Temp=0.0 Rep=1 → Concordo fortemente
[2026-05-13 11:01:35,230][__main__][INFO] - ✓ [microsoft/phi-4] Temp=0.0 Rep=1 → Concordo fortemente
[2026-05-13 11:01:35,231][__main__][INFO] - ✓ [microsoft/phi-4] Temp=0.0 Rep=1 → Concordo fortemente
[2026-05-13 11:01:35,232][__main__][INFO] - ✓ [microsoft/phi-4] Temp=0.0 Rep=1 → Concordo fortemente
[2026-05-13 11:01:35,354][__main__][INFO] - ✓ [microsoft/phi-4] Temp=0.0 Rep=1 → Concordo
[2026-05-13 11:01:35,374][__main__][INFO] - ✓ [microsoft/phi-4] Temp=0.0 Rep=1 → Concordo
[2026-05-13 11:01:35,375][__main__][INFO] - ✓ [microsoft/phi-4] Temp=0.0 Rep=1 → Concordo
[2026-05-13 11:01:35,384][__main__][INFO] - ✓ [microsoft/phi-4] Temp=0.0 Rep=1 → Concordo
[2026-05-13 11:01:35,467][__main__][INFO] - ✓ [microsoft/phi-4] Temp=0.0 Rep=1 → Concordo
[2026-05-13 11:01:35,563][__main__][INFO] - ✓ [microsoft/phi-4] Temp=0.0 Rep=1 → Concordo
[2026-05-13 11:01:35,566][__main__][INFO] - ✓ [microsoft/phi-4] Temp=0.0 Rep=1 → Concordo fortemente
[2026-05-13 11:01:35,577][__main__][INFO] - ✓ [microsoft/phi-4] Temp=0.0 Rep=1 → Concordo
[2026-05-13 11:01:35,579][__main__][INFO] - ✓ [microsoft/phi-4] Temp=0.0 Rep=1 → Concordo
[2026-05-13 11:01:35,824][__main__][INFO] - ✓ [microsoft/phi-4] Temp=0.0 Rep=1 → Concordo
[2026-05-13 11:01:35,863][__main__][INFO] - ✓ [microsoft/phi-4] Temp=0.0 Rep=1 → Concordo
[2026-05-13 11:01:35,866][__main__][INFO] - ✓ [microsoft/phi-4] Temp=0.0 Rep=1 → Concordo
[2026-05-13 11:01:35,867][__main__][INFO] - ✓ [microsoft/phi-4] Temp=0.0 Rep=1 → Concordo
[2026-05-13 11:01:35,882][__main__][INFO] - ✓ [microsoft/phi-4] Temp=0.0 Rep=1 → Concordo
[2026-05-13 11:01:35,884][__main__][INFO] - ✓ [microsoft/phi-4] Temp=0.0 Rep=1 → Concordo
[2026-05-13 11:01:35,894][__main__][INFO] - Salvamento incremental (600 novas respostas)...
[2026-05-13 11:01:35,948][__main__][INFO] - Cache salvo com 254956 entradas
[2026-05-13 11:01:35,948][__main__][INFO] - ✓ [microsoft/phi-4] Temp=0.0 Rep=1 → Concordo
[2026-05-13 11:01:35,951][__main__][INFO] - ✓ [microsoft/phi-4] Temp=0.0 Rep=1 → Neutro
[2026-05-13 11:01:35,951][__main__][INFO] - ✓ [microsoft/phi-4] Temp=0.0 Rep=1 → Concordo fortemente
[2026-05-13 11:01:35,952][__main__][INFO] - ✓ [microsoft/phi-4] Temp=0.0 Rep=1 → Neutro
[2026-05-13 11:01:35,953][__main__][INFO] - ✓ [microsoft/phi-4] Temp=0.0 Rep=1 → Concordo fortemente
[2026-05-13 11:01:35,954][__main__][INFO] - ✓ [microsoft/phi-4] Temp=0.0 Rep=1 → Concordo fortemente
[2026-05-13 11:01:35,954][__main__][INFO] - ✓ [microsoft/phi-4] Temp=0.0 Rep=1 → Concordo fortemente
[2026-05-13 11:01:35,956][__main__][INFO] - ✓ [microsoft/phi-4] Temp=0.0 Rep=1 → Concordo fortemente
[2026-05-13 11:01:36,174][__main__][INFO] - ✓ [microsoft/phi-4] Temp=0.0 Rep=1 → Concordo
[2026-05-13 11:01:36,178][__main__][INFO] - ✓ [microsoft/phi-4] Temp=0.0 Rep=1 → Neutro
[2026-05-13 11:01:36,277][__main__][INFO] - ✓ [microsoft/phi-4] Temp=0.0 Rep=1 → Concordo
[2026-05-13 11:01:36,280][__main__][INFO] - ✓ [microsoft/phi-4] Temp=0.0 Rep=1 → Concordo
[2026-05-13 11:01:36,281][__main__][INFO] - ✓ [microsoft/phi-4] Temp=0.0 Rep=1 → Concordo fortemente
[2026-05-13 11:01:36,283][__main__][INFO] - ✓ [microsoft/phi-4] Temp=0.0 Rep=1 → Concordo fortemente
[2026-05-13 11:01:36,508][__main__][INFO] - ✓ [microsoft/phi-4] Temp=0.0 Rep=1 → Concordo
[2026-05-13 11:01:36,539][__main__][INFO] - ✓ [microsoft/phi-4] Temp=0.0 Rep=1 → Concordo fortemente
[2026-05-13 11:01:36,581][__main__][INFO] - ✓ [microsoft/phi-4] Temp=0.0 Rep=1 → Concordo
[2026-05-13 11:01:36,585][__main__][INFO] - ✓ [microsoft/phi-4] Temp=0.0 Rep=1 → Concordo
[2026-05-13 11:01:36,588][__main__][INFO] - ✓ [microsoft/phi-4] Temp=0.0 Rep=1 → Concordo
[2026-05-13 11:01:36,589][__main__][INFO] - ✓ [microsoft/phi-4] Temp=0.0 Rep=1 → Concordo
[2026-05-13 11:01:36,590][__main__][INFO] - ✓ [microsoft/phi-4] Temp=0.0 Rep=1 → Concordo
[2026-05-13 11:01:36,719][__main__][INFO] - ✓ [microsoft/phi-4] Temp=0.0 Rep=1 → Concordo
[2026-05-13 11:01:36,720][__main__][INFO] - ✓ [microsoft/phi-4] Temp=0.0 Rep=1 → Concordo
[2026-05-13 11:01:36,801][__main__][INFO] - ✓ [microsoft/phi-4] Temp=0.0 Rep=1 → Concordo
[2026-05-13 11:01:36,805][__main__][INFO] - ✓ [microsoft/phi-4] Temp=0.0 Rep=1 → Concordo
[2026-05-13 11:01:36,807][__main__][INFO] - ✓ [microsoft/phi-4] Temp=0.0 Rep=1 → Concordo
[2026-05-13 11:01:36,808][__main__][INFO] - ✓ [microsoft/phi-4] Temp=0.0 Rep=1 → Concordo fortemente
[2026-05-13 11:01:36,809][__main__][INFO] - ✓ [microsoft/phi-4] Temp=0.0 Rep=1 → Concordo
[2026-05-13 11:01:36,810][__main__][INFO] - ✓ [microsoft/phi-4] Temp=0.0 Rep=1 → Concordo
[2026-05-13 11:01:36,811][__main__][INFO] - ✓ [microsoft/phi-4] Temp=0.0 Rep=1 → Concordo
[2026-05-13 11:01:36,813][__main__][INFO] - ✓ [microsoft/phi-4] Temp=0.0 Rep=1 → Concordo fortemente
[2026-05-13 11:01:36,888][__main__][INFO] - ✓ [microsoft/phi-4] Temp=0.0 Rep=1 → Concordo fortemente
[2026-05-13 11:01:36,895][__main__][INFO] - ✓ [microsoft/phi-4] Temp=0.0 Rep=1 → Concordo fortemente
[2026-05-13 11:01:36,922][__main__][INFO] - ✓ [microsoft/phi-4] Temp=0.0 Rep=1 → Concordo
[2026-05-13 11:01:36,924][__main__][INFO] - ✓ [microsoft/phi-4] Temp=0.0 Rep=1 → Neutro
[2026-05-13 11:01:36,943][__main__][INFO] - ✓ [microsoft/phi-4] Temp=0.0 Rep=1 → Concordo
[2026-05-13 11:01:36,955][__main__][INFO] - ✓ [microsoft/phi-4] Temp=0.0 Rep=1 → Neutro
[2026-05-13 11:01:36,957][__main__][INFO] - ✓ [microsoft/phi-4] Temp=0.0 Rep=1 → Concordo
[2026-05-13 11:01:36,979][__main__][INFO] - ✓ [microsoft/phi-4] Temp=0.0 Rep=1 → Concordo fortemente
[2026-05-13 11:01:36,983][__main__][INFO] - ✓ [microsoft/phi-4] Temp=0.0 Rep=1 → Discordo fortemente
[2026-05-13 11:01:36,991][__main__][INFO] - Salvamento incremental (640 novas respostas)...
[2026-05-13 11:01:37,040][__main__][INFO] - Cache salvo com 254996 entradas
[2026-05-13 11:01:37,040][__main__][INFO] - ✓ [microsoft/phi-4] Temp=0.0 Rep=1 → Concordo fortemente
[2026-05-13 11:01:37,042][__main__][INFO] - ✓ [microsoft/phi-4] Temp=0.0 Rep=1 → Concordo fortemente
[2026-05-13 11:01:37,043][__main__][INFO] - ✓ [microsoft/phi-4] Temp=0.0 Rep=1 → Concordo fortemente
[2026-05-13 11:01:37,044][__main__][INFO] - ✓ [microsoft/phi-4] Temp=0.0 Rep=1 → Concordo fortemente
[2026-05-13 11:01:37,044][__main__][INFO] - ✓ [microsoft/phi-4] Temp=0.0 Rep=1 → Concordo fortemente
[2026-05-13 11:01:37,152][__main__][INFO] - ✓ [microsoft/phi-4] Temp=0.0 Rep=1 → Neutro
[2026-05-13 11:01:37,222][__main__][INFO] - ✓ [microsoft/phi-4] Temp=0.0 Rep=1 → Concordo
[2026-05-13 11:01:37,223][__main__][INFO] - ✓ [microsoft/phi-4] Temp=0.0 Rep=1 → Concordo fortemente
[2026-05-13 11:01:37,229][__main__][INFO] - ✓ [microsoft/phi-4] Temp=0.0 Rep=1 → Concordo fortemente
[2026-05-13 11:01:37,230][__main__][INFO] - ✓ [microsoft/phi-4] Temp=0.0 Rep=1 → Concordo fortemente
[2026-05-13 11:01:37,231][__main__][INFO] - ✓ [microsoft/phi-4] Temp=0.0 Rep=1 → Concordo
[2026-05-13 11:01:37,232][__main__][INFO] - ✓ [microsoft/phi-4] Temp=0.0 Rep=1 → Concordo fortemente
[2026-05-13 11:01:37,324][__main__][INFO] - ✓ [microsoft/phi-4] Temp=0.0 Rep=1 → Concordo
[2026-05-13 11:01:37,326][__main__][INFO] - ✓ [microsoft/phi-4] Temp=0.0 Rep=1 → Concordo fortemente
[2026-05-13 11:01:37,326][__main__][INFO] - ✓ [microsoft/phi-4] Temp=0.0 Rep=1 → Concordo fortemente
[2026-05-13 11:01:37,532][__main__][INFO] - ✓ [microsoft/phi-4] Temp=0.0 Rep=1 → Concordo fortemente
[2026-05-13 11:01:37,534][__main__][INFO] - ✓ [microsoft/phi-4] Temp=0.0 Rep=1 → Concordo fortemente
[2026-05-13 11:01:37,559][__main__][INFO] - ✓ [microsoft/phi-4] Temp=0.0 Rep=1 → Concordo fortemente
[2026-05-13 11:01:37,616][__main__][INFO] - ✓ [microsoft/phi-4] Temp=0.0 Rep=1 → Concordo
[2026-05-13 11:01:37,620][__main__][INFO] - ✓ [microsoft/phi-4] Temp=0.0 Rep=1 → Concordo
[2026-05-13 11:01:37,857][__main__][INFO] - ✓ [microsoft/phi-4] Temp=0.0 Rep=1 → Concordo fortemente
[2026-05-13 11:01:37,864][__main__][INFO] - ✓ [microsoft/phi-4] Temp=0.0 Rep=1 → Concordo
[2026-05-13 11:01:37,886][__main__][INFO] - ✓ [microsoft/phi-4] Temp=0.0 Rep=1 → Concordo
[2026-05-13 11:01:37,890][__main__][INFO] - ✓ [microsoft/phi-4] Temp=0.0 Rep=1 → Concordo
[2026-05-13 11:01:37,919][__main__][INFO] - ✓ [microsoft/phi-4] Temp=0.0 Rep=1 → Concordo
[2026-05-13 11:01:37,923][__main__][INFO] - ✓ [microsoft/phi-4] Temp=0.0 Rep=1 → Concordo
[2026-05-13 11:01:37,929][__main__][INFO] - ✓ [microsoft/phi-4] Temp=0.0 Rep=1 → Concordo fortemente
[2026-05-13 11:01:37,929][__main__][INFO] - ✓ [microsoft/phi-4] Temp=0.0 Rep=1 → Neutro
[2026-05-13 11:01:37,930][__main__][INFO] - ✓ [microsoft/phi-4] Temp=0.0 Rep=1 → Concordo fortemente
[2026-05-13 11:01:37,934][__main__][INFO] - ✓ [microsoft/phi-4] Temp=0.0 Rep=1 → Concordo fortemente
[2026-05-13 11:01:37,938][__main__][INFO] - ✓ [microsoft/phi-4] Temp=0.0 Rep=1 → Concordo
[2026-05-13 11:01:37,946][__main__][INFO] - ✓ [microsoft/phi-4] Temp=0.0 Rep=1 → Concordo fortemente
[2026-05-13 11:01:37,948][__main__][INFO] - ✓ [microsoft/phi-4] Temp=0.0 Rep=1 → Concordo fortemente
[2026-05-13 11:01:37,952][__main__][INFO] - ✓ [microsoft/phi-4] Temp=0.0 Rep=1 → Concordo fortemente
[2026-05-13 11:01:37,958][__main__][INFO] - ✓ [microsoft/phi-4] Temp=0.0 Rep=1 → Concordo fortemente
[2026-05-13 11:01:37,959][__main__][INFO] - ✓ [microsoft/phi-4] Temp=0.0 Rep=1 → Concordo fortemente
[2026-05-13 11:01:37,999][__main__][INFO] - ✓ [microsoft/phi-4] Temp=0.0 Rep=1 → Concordo fortemente
[2026-05-13 11:01:38,070][__main__][INFO] - ✓ [microsoft/phi-4] Temp=0.0 Rep=1 → Neutro
[2026-05-13 11:01:38,092][__main__][INFO] - ✓ [microsoft/phi-4] Temp=0.0 Rep=1 → Concordo
[2026-05-13 11:01:38,144][__main__][INFO] - ✓ [microsoft/phi-4] Temp=0.0 Rep=1 → Concordo fortemente
[2026-05-13 11:01:38,147][__main__][INFO] - Salvamento incremental (680 novas respostas)...
[2026-05-13 11:01:38,196][__main__][INFO] - Cache salvo com 255036 entradas
[2026-05-13 11:01:38,197][__main__][INFO] - ✓ [microsoft/phi-4] Temp=0.0 Rep=1 → Concordo fortemente
[2026-05-13 11:01:38,198][__main__][INFO] - ✓ [microsoft/phi-4] Temp=0.0 Rep=1 → Concordo fortemente
[2026-05-13 11:01:38,199][__main__][INFO] - ✓ [microsoft/phi-4] Temp=0.0 Rep=1 → Concordo fortemente
[2026-05-13 11:01:38,199][__main__][INFO] - ✓ [microsoft/phi-4] Temp=0.0 Rep=1 → Concordo
[2026-05-13 11:01:38,200][__main__][INFO] - ✓ [microsoft/phi-4] Temp=0.0 Rep=1 → Concordo fortemente
[2026-05-13 11:01:38,201][__main__][INFO] - ✓ [microsoft/phi-4] Temp=0.0 Rep=1 → Concordo
[2026-05-13 11:01:38,254][__main__][INFO] - ✓ [microsoft/phi-4] Temp=0.0 Rep=1 → Concordo fortemente
[2026-05-13 11:01:38,264][__main__][INFO] - ✓ [microsoft/phi-4] Temp=0.0 Rep=1 → Concordo fortemente
[2026-05-13 11:01:38,265][__main__][INFO] - ✓ [microsoft/phi-4] Temp=0.0 Rep=1 → Concordo fortemente
[2026-05-13 11:01:38,266][__main__][INFO] - ✓ [microsoft/phi-4] Temp=0.0 Rep=1 → Concordo fortemente
[2026-05-13 11:01:38,372][__main__][INFO] - ✓ [microsoft/phi-4] Temp=0.0 Rep=1 → Concordo fortemente
[2026-05-13 11:01:38,373][__main__][INFO] - ✓ [microsoft/phi-4] Temp=0.0 Rep=1 → Concordo fortemente
[2026-05-13 11:01:38,374][__main__][INFO] - ✓ [microsoft/phi-4] Temp=0.0 Rep=1 → Concordo fortemente
[2026-05-13 11:01:38,506][__main__][INFO] - ✓ [microsoft/phi-4] Temp=0.0 Rep=1 → Concordo
[2026-05-13 11:01:38,545][__main__][INFO] - ✓ [microsoft/phi-4] Temp=0.0 Rep=1 → Concordo fortemente
[2026-05-13 11:01:38,546][__main__][INFO] - ✓ [microsoft/phi-4] Temp=0.0 Rep=1 → Concordo fortemente
[2026-05-13 11:01:38,550][__main__][INFO] - ✓ [microsoft/phi-4] Temp=0.0 Rep=1 → Concordo fortemente
[2026-05-13 11:01:38,551][__main__][INFO] - ✓ [microsoft/phi-4] Temp=0.0 Rep=1 → Concordo fortemente
[2026-05-13 11:01:38,552][__main__][INFO] - ✓ [microsoft/phi-4] Temp=0.0 Rep=1 → Concordo fortemente
[2026-05-13 11:01:38,567][__main__][INFO] - ✓ [microsoft/phi-4] Temp=0.0 Rep=1 → Concordo
[2026-05-13 11:01:38,948][__main__][INFO] - ✓ [microsoft/phi-4] Temp=0.0 Rep=1 → Concordo
[2026-05-13 11:01:38,949][__main__][INFO] - ✓ [microsoft/phi-4] Temp=0.0 Rep=1 → Concordo
[2026-05-13 11:01:38,956][__main__][INFO] - ✓ [microsoft/phi-4] Temp=0.0 Rep=1 → Concordo
[2026-05-13 11:01:38,957][__main__][INFO] - ✓ [microsoft/phi-4] Temp=0.0 Rep=1 → Concordo
[2026-05-13 11:01:38,961][__main__][INFO] - ✓ [microsoft/phi-4] Temp=0.0 Rep=1 → Concordo
[2026-05-13 11:01:38,971][__main__][INFO] - ✓ [microsoft/phi-4] Temp=0.0 Rep=1 → Concordo
[2026-05-13 11:01:38,975][__main__][INFO] - ✓ [microsoft/phi-4] Temp=0.0 Rep=1 → Concordo
[2026-05-13 11:01:38,977][__main__][INFO] - ✓ [microsoft/phi-4] Temp=0.0 Rep=1 → Concordo
[2026-05-13 11:01:38,982][__main__][INFO] - ✓ [microsoft/phi-4] Temp=0.0 Rep=1 → Concordo fortemente
[2026-05-13 11:01:39,004][__main__][INFO] - ✓ [microsoft/phi-4] Temp=0.0 Rep=1 → Concordo fortemente
[2026-05-13 11:01:39,159][__main__][INFO] - ✓ [microsoft/phi-4] Temp=0.0 Rep=1 → Concordo fortemente
[2026-05-13 11:01:39,166][__main__][INFO] - ✓ [microsoft/phi-4] Temp=0.0 Rep=1 → Concordo fortemente
[2026-05-13 11:01:39,167][__main__][INFO] - ✓ [microsoft/phi-4] Temp=0.0 Rep=1 → Concordo fortemente
[2026-05-13 11:01:39,167][__main__][INFO] - ✓ [microsoft/phi-4] Temp=0.0 Rep=1 → Concordo fortemente
[2026-05-13 11:01:39,175][__main__][INFO] - ✓ [microsoft/phi-4] Temp=0.0 Rep=1 → Concordo fortemente
[2026-05-13 11:01:39,250][__main__][INFO] - ✓ [microsoft/phi-4] Temp=0.0 Rep=1 → Concordo
[2026-05-13 11:01:39,266][__main__][INFO] - ✓ [microsoft/phi-4] Temp=0.0 Rep=1 → Concordo
[2026-05-13 11:01:39,268][__main__][INFO] - ✓ [microsoft/phi-4] Temp=0.0 Rep=1 → Concordo
[2026-05-13 11:01:39,269][__main__][INFO] - ✓ [microsoft/phi-4] Temp=0.0 Rep=1 → Concordo
[2026-05-13 11:01:39,272][__main__][INFO] - ✓ [microsoft/phi-4] Temp=0.0 Rep=1 → Concordo
[2026-05-13 11:01:39,274][__main__][INFO] - Salvamento incremental (720 novas respostas)...
[2026-05-13 11:01:39,323][__main__][INFO] - Cache salvo com 255076 entradas
[2026-05-13 11:01:39,323][__main__][INFO] - ✓ [microsoft/phi-4] Temp=0.0 Rep=1 → Concordo
[2026-05-13 11:01:39,325][__main__][INFO] - ✓ [microsoft/phi-4] Temp=0.0 Rep=1 → Concordo fortemente
[2026-05-13 11:01:39,327][__main__][INFO] - ✓ [microsoft/phi-4] Temp=0.0 Rep=1 → Concordo fortemente
[2026-05-13 11:01:39,329][__main__][INFO] - ✓ [microsoft/phi-4] Temp=0.0 Rep=1 → Concordo
[2026-05-13 11:01:39,330][__main__][INFO] - ✓ [microsoft/phi-4] Temp=0.0 Rep=1 → Concordo fortemente
[2026-05-13 11:01:39,330][__main__][INFO] - ✓ [microsoft/phi-4] Temp=0.0 Rep=1 → Concordo fortemente
[2026-05-13 11:01:39,332][__main__][INFO] - ✓ [microsoft/phi-4] Temp=0.0 Rep=1 → Concordo fortemente
[2026-05-13 11:01:39,333][__main__][INFO] - ✓ [microsoft/phi-4] Temp=0.0 Rep=1 → Concordo fortemente
[2026-05-13 11:01:39,334][__main__][INFO] - ✓ [microsoft/phi-4] Temp=0.0 Rep=1 → Concordo fortemente
[2026-05-13 11:01:39,334][__main__][INFO] - ✓ [microsoft/phi-4] Temp=0.0 Rep=1 → Concordo fortemente
[2026-05-13 11:01:39,571][__main__][INFO] - ✓ [microsoft/phi-4] Temp=0.0 Rep=1 → Concordo
[2026-05-13 11:01:39,573][__main__][INFO] - ✓ [microsoft/phi-4] Temp=0.0 Rep=1 → Concordo
[2026-05-13 11:01:39,589][__main__][INFO] - ✓ [microsoft/phi-4] Temp=0.0 Rep=1 → Concordo
[2026-05-13 11:01:39,619][__main__][INFO] - ✓ [microsoft/phi-4] Temp=0.0 Rep=1 → Concordo fortemente
[2026-05-13 11:01:39,622][__main__][INFO] - ✓ [microsoft/phi-4] Temp=0.0 Rep=1 → Concordo fortemente
[2026-05-13 11:01:39,622][__main__][INFO] - ✓ [microsoft/phi-4] Temp=0.0 Rep=1 → Concordo fortemente
[2026-05-13 11:01:39,623][__main__][INFO] - ✓ [microsoft/phi-4] Temp=0.0 Rep=1 → Concordo fortemente
[2026-05-13 11:01:39,624][__main__][INFO] - ✓ [microsoft/phi-4] Temp=0.0 Rep=1 → Concordo fortemente
[2026-05-13 11:01:39,642][__main__][INFO] - ✓ [microsoft/phi-4] Temp=0.0 Rep=1 → Concordo fortemente
[2026-05-13 11:01:39,829][__main__][INFO] - ✓ [microsoft/phi-4] Temp=0.0 Rep=1 → Concordo
[2026-05-13 11:01:39,954][__main__][INFO] - ✓ [microsoft/phi-4] Temp=0.0 Rep=1 → Concordo
[2026-05-13 11:01:39,982][__main__][INFO] - ✓ [microsoft/phi-4] Temp=0.0 Rep=1 → Concordo
[2026-05-13 11:01:40,018][__main__][INFO] - ✓ [microsoft/phi-4] Temp=0.0 Rep=1 → Concordo
[2026-05-13 11:01:40,034][__main__][INFO] - ✓ [microsoft/phi-4] Temp=0.0 Rep=1 → Concordo
[2026-05-13 11:01:40,035][__main__][INFO] - ✓ [microsoft/phi-4] Temp=0.0 Rep=1 → Concordo fortemente
[2026-05-13 11:01:40,036][__main__][INFO] - ✓ [microsoft/phi-4] Temp=0.0 Rep=1 → Neutro
[2026-05-13 11:01:40,062][__main__][INFO] - ✓ [microsoft/phi-4] Temp=0.0 Rep=1 → Concordo fortemente
[2026-05-13 11:01:40,084][__main__][INFO] - ✓ [microsoft/phi-4] Temp=0.0 Rep=1 → Concordo
[2026-05-13 11:01:40,090][__main__][INFO] - ✓ [microsoft/phi-4] Temp=0.0 Rep=1 → Concordo
[2026-05-13 11:01:40,090][__main__][INFO] - ✓ [microsoft/phi-4] Temp=0.0 Rep=1 → Neutro
[2026-05-13 11:01:40,118][__main__][INFO] - ✓ [microsoft/phi-4] Temp=0.0 Rep=1 → Concordo fortemente
[2026-05-13 11:01:40,151][__main__][INFO] - ✓ [microsoft/phi-4] Temp=0.0 Rep=1 → Concordo fortemente
[2026-05-13 11:01:40,153][__main__][INFO] - ✓ [microsoft/phi-4] Temp=0.0 Rep=1 → Concordo
[2026-05-13 11:01:40,156][__main__][INFO] - ✓ [microsoft/phi-4] Temp=0.0 Rep=1 → Concordo fortemente
[2026-05-13 11:01:40,158][__main__][INFO] - ✓ [microsoft/phi-4] Temp=0.0 Rep=1 → Concordo fortemente
[2026-05-13 11:01:40,178][__main__][INFO] - ✓ [microsoft/phi-4] Temp=0.0 Rep=1 → Neutro
[2026-05-13 11:01:40,183][__main__][INFO] - ✓ [microsoft/phi-4] Temp=0.0 Rep=1 → Neutro
[2026-05-13 11:01:40,231][__main__][INFO] - ✓ [microsoft/phi-4] Temp=0.0 Rep=1 → Concordo fortemente
[2026-05-13 11:01:40,236][__main__][INFO] - ✓ [microsoft/phi-4] Temp=0.0 Rep=1 → Concordo fortemente
[2026-05-13 11:01:40,243][__main__][INFO] - ✓ [microsoft/phi-4] Temp=0.0 Rep=1 → Concordo fortemente
[2026-05-13 11:01:40,267][__main__][INFO] - Salvamento incremental (760 novas respostas)...
[2026-05-13 11:01:40,317][__main__][INFO] - Cache salvo com 255116 entradas
[2026-05-13 11:01:40,317][__main__][INFO] - ✓ [microsoft/phi-4] Temp=0.0 Rep=1 → Concordo
[2026-05-13 11:01:40,321][__main__][INFO] - ✓ [microsoft/phi-4] Temp=0.0 Rep=1 → Concordo
[2026-05-13 11:01:40,325][__main__][INFO] - ✓ [microsoft/phi-4] Temp=0.0 Rep=1 → Concordo fortemente
[2026-05-13 11:01:40,815][__main__][INFO] - ✓ [microsoft/phi-4] Temp=0.0 Rep=1 → Concordo
[2026-05-13 11:01:40,819][__main__][INFO] - ✓ [microsoft/phi-4] Temp=0.0 Rep=1 → Concordo
[2026-05-13 11:01:40,821][__main__][INFO] - ✓ [microsoft/phi-4] Temp=0.0 Rep=1 → Concordo
[2026-05-13 11:01:40,888][__main__][INFO] - ✓ [microsoft/phi-4] Temp=0.0 Rep=1 → Concordo
[2026-05-13 11:01:40,888][__main__][INFO] - ✓ [microsoft/phi-4] Temp=0.0 Rep=1 → Concordo
[2026-05-13 11:01:40,889][__main__][INFO] - ✓ [microsoft/phi-4] Temp=0.0 Rep=1 → Concordo
[2026-05-13 11:01:40,994][__main__][INFO] - ✓ [microsoft/phi-4] Temp=0.0 Rep=1 → Concordo
[2026-05-13 11:01:40,998][__main__][INFO] - ✓ [microsoft/phi-4] Temp=0.0 Rep=1 → Concordo fortemente
[2026-05-13 11:01:40,999][__main__][INFO] - ✓ [microsoft/phi-4] Temp=0.0 Rep=1 → Discordo fortemente
[2026-05-13 11:01:41,004][__main__][INFO] - ✓ [microsoft/phi-4] Temp=0.0 Rep=1 → Concordo fortemente
[2026-05-13 11:01:41,006][__main__][INFO] - ✓ [microsoft/phi-4] Temp=0.0 Rep=1 → Concordo fortemente
[2026-05-13 11:01:41,007][__main__][INFO] - ✓ [microsoft/phi-4] Temp=0.0 Rep=1 → Concordo fortemente
[2026-05-13 11:01:41,008][__main__][INFO] - ✓ [microsoft/phi-4] Temp=0.0 Rep=1 → Discordo fortemente
[2026-05-13 11:01:41,008][__main__][INFO] - ✓ [microsoft/phi-4] Temp=0.0 Rep=1 → Concordo fortemente
[2026-05-13 11:01:41,015][__main__][INFO] - ✓ [microsoft/phi-4] Temp=0.0 Rep=1 → Concordo fortemente
[2026-05-13 11:01:41,015][__main__][INFO] - ✓ [microsoft/phi-4] Temp=0.0 Rep=1 → Concordo fortemente
[2026-05-13 11:01:41,020][__main__][INFO] - ✓ [microsoft/phi-4] Temp=0.0 Rep=1 → Neutro
[2026-05-13 11:01:41,020][__main__][INFO] - ✓ [microsoft/phi-4] Temp=0.0 Rep=1 → Discordo fortemente
[2026-05-13 11:01:41,021][__main__][INFO] - ✓ [microsoft/phi-4] Temp=0.0 Rep=1 → Concordo fortemente
[2026-05-13 11:01:41,023][__main__][INFO] - ✓ [microsoft/phi-4] Temp=0.0 Rep=1 → Concordo fortemente
[2026-05-13 11:01:41,026][__main__][INFO] - ✓ [microsoft/phi-4] Temp=0.0 Rep=1 → Concordo fortemente
[2026-05-13 11:01:41,058][__main__][INFO] - ✓ [microsoft/phi-4] Temp=0.0 Rep=1 → Concordo fortemente
[2026-05-13 11:01:41,142][__main__][INFO] - ✓ [microsoft/phi-4] Temp=0.0 Rep=1 → Neutro
[2026-05-13 11:01:41,183][__main__][INFO] - ✓ [microsoft/phi-4] Temp=0.0 Rep=1 → Concordo
[2026-05-13 11:01:41,199][__main__][INFO] - ✓ [microsoft/phi-4] Temp=0.0 Rep=1 → Neutro
[2026-05-13 11:01:41,201][__main__][INFO] - ✓ [microsoft/phi-4] Temp=0.0 Rep=1 → Neutro
[2026-05-13 11:01:41,209][__main__][INFO] - ✓ [microsoft/phi-4] Temp=0.0 Rep=1 → Concordo fortemente
[2026-05-13 11:01:41,220][__main__][INFO] - ✓ [microsoft/phi-4] Temp=0.0 Rep=1 → Discordo fortemente
[2026-05-13 11:01:41,239][__main__][INFO] - ✓ [microsoft/phi-4] Temp=0.0 Rep=1 → Concordo fortemente
[2026-05-13 11:01:41,242][__main__][INFO] - ✓ [microsoft/phi-4] Temp=0.0 Rep=1 → Concordo fortemente
[2026-05-13 11:01:41,370][__main__][INFO] - ✓ [microsoft/phi-4] Temp=0.0 Rep=1 → Neutro
[2026-05-13 11:01:41,373][__main__][INFO] - ✓ [microsoft/phi-4] Temp=0.0 Rep=1 → Concordo
[2026-05-13 11:01:41,384][__main__][INFO] - ✓ [microsoft/phi-4] Temp=0.0 Rep=1 → Neutro
[2026-05-13 11:01:41,390][__main__][INFO] - ✓ [microsoft/phi-4] Temp=0.0 Rep=1 → Discordo fortemente
[2026-05-13 11:01:41,395][__main__][INFO] - ✓ [microsoft/phi-4] Temp=0.0 Rep=1 → Concordo
[2026-05-13 11:01:41,398][__main__][INFO] - ✓ [microsoft/phi-4] Temp=0.0 Rep=1 → Concordo
[2026-05-13 11:01:41,419][__main__][INFO] - ✓ [microsoft/phi-4] Temp=0.0 Rep=1 → Concordo fortemente
[2026-05-13 11:01:41,528][__main__][INFO] - Salvamento incremental (800 novas respostas)...
[2026-05-13 11:01:41,587][__main__][INFO] - Cache salvo com 255156 entradas
[2026-05-13 11:01:41,587][__main__][INFO] - ✓ [microsoft/phi-4] Temp=0.0 Rep=1 → Concordo fortemente
[2026-05-13 11:01:41,588][__main__][INFO] - ✓ [microsoft/phi-4] Temp=0.0 Rep=1 → Concordo fortemente
[2026-05-13 11:01:41,599][__main__][INFO] - ✓ [microsoft/phi-4] Temp=0.0 Rep=1 → Concordo
[2026-05-13 11:01:41,603][__main__][INFO] - ✓ [microsoft/phi-4] Temp=0.0 Rep=1 → Concordo
[2026-05-13 11:01:41,641][__main__][INFO] - ✓ [microsoft/phi-4] Temp=0.0 Rep=1 → Concordo fortemente
[2026-05-13 11:01:41,767][__main__][INFO] - ✓ [microsoft/phi-4] Temp=0.0 Rep=1 → Concordo
[2026-05-13 11:01:41,776][__main__][INFO] - ✓ [microsoft/phi-4] Temp=0.0 Rep=1 → Concordo
[2026-05-13 11:01:41,812][__main__][INFO] - ✓ [microsoft/phi-4] Temp=0.0 Rep=1 → Concordo fortemente
[2026-05-13 11:01:41,836][__main__][INFO] - ✓ [microsoft/phi-4] Temp=0.0 Rep=1 → Concordo fortemente
[2026-05-13 11:01:41,841][__main__][INFO] - ✓ [microsoft/phi-4] Temp=0.0 Rep=1 → Concordo fortemente
[2026-05-13 11:01:42,168][__main__][INFO] - ✓ [microsoft/phi-4] Temp=0.0 Rep=1 → Concordo
[2026-05-13 11:01:42,170][__main__][INFO] - ✓ [microsoft/phi-4] Temp=0.0 Rep=1 → Concordo
[2026-05-13 11:01:42,170][__main__][INFO] - ✓ [microsoft/phi-4] Temp=0.0 Rep=1 → Concordo
[2026-05-13 11:01:42,174][__main__][INFO] - ✓ [microsoft/phi-4] Temp=0.0 Rep=1 → Concordo
[2026-05-13 11:01:42,179][__main__][INFO] - ✓ [microsoft/phi-4] Temp=0.0 Rep=1 → Concordo
[2026-05-13 11:01:42,184][__main__][INFO] - ✓ [microsoft/phi-4] Temp=0.0 Rep=1 → Concordo
[2026-05-13 11:01:42,185][__main__][INFO] - ✓ [microsoft/phi-4] Temp=0.0 Rep=1 → Neutro
[2026-05-13 11:01:42,187][__main__][INFO] - ✓ [microsoft/phi-4] Temp=0.0 Rep=1 → Concordo fortemente
[2026-05-13 11:01:42,192][__main__][INFO] - ✓ [microsoft/phi-4] Temp=0.0 Rep=1 → Concordo
[2026-05-13 11:01:42,195][__main__][INFO] - ✓ [microsoft/phi-4] Temp=0.0 Rep=1 → Concordo fortemente
[2026-05-13 11:01:42,199][__main__][INFO] - ✓ [microsoft/phi-4] Temp=0.0 Rep=1 → Concordo
[2026-05-13 11:01:42,203][__main__][INFO] - ✓ [microsoft/phi-4] Temp=0.0 Rep=1 → Concordo fortemente
[2026-05-13 11:01:42,223][__main__][INFO] - ✓ [microsoft/phi-4] Temp=0.0 Rep=1 → Concordo fortemente
[2026-05-13 11:01:42,225][__main__][INFO] - ✓ [microsoft/phi-4] Temp=0.0 Rep=1 → Concordo fortemente
[2026-05-13 11:01:42,228][__main__][INFO] - ✓ [microsoft/phi-4] Temp=0.0 Rep=1 → Concordo fortemente
[2026-05-13 11:01:42,233][__main__][INFO] - ✓ [microsoft/phi-4] Temp=0.0 Rep=1 → Concordo fortemente
[2026-05-13 11:01:42,421][__main__][INFO] - ✓ [microsoft/phi-4] Temp=0.0 Rep=1 → Concordo
[2026-05-13 11:01:42,447][__main__][INFO] - ✓ [microsoft/phi-4] Temp=0.0 Rep=1 → Concordo
[2026-05-13 11:01:42,569][__main__][INFO] - ✓ [microsoft/phi-4] Temp=0.0 Rep=1 → Concordo fortemente
[2026-05-13 11:01:42,573][__main__][INFO] - ✓ [microsoft/phi-4] Temp=0.0 Rep=1 → Concordo fortemente
[2026-05-13 11:01:42,574][__main__][INFO] - ✓ [microsoft/phi-4] Temp=0.0 Rep=1 → Concordo fortemente
[2026-05-13 11:01:42,575][__main__][INFO] - ✓ [microsoft/phi-4] Temp=0.0 Rep=1 → Concordo
[2026-05-13 11:01:42,577][__main__][INFO] - ✓ [microsoft/phi-4] Temp=0.0 Rep=1 → Concordo fortemente
[2026-05-13 11:01:42,587][__main__][INFO] - ✓ [microsoft/phi-4] Temp=0.0 Rep=1 → Concordo fortemente
[2026-05-13 11:01:42,587][__main__][INFO] - ✓ [microsoft/phi-4] Temp=0.0 Rep=1 → Concordo
[2026-05-13 11:01:42,588][__main__][INFO] - ✓ [microsoft/phi-4] Temp=0.0 Rep=1 → Concordo
[2026-05-13 11:01:42,589][__main__][INFO] - ✓ [microsoft/phi-4] Temp=0.0 Rep=1 → Concordo fortemente
[2026-05-13 11:01:42,600][__main__][INFO] - ✓ [microsoft/phi-4] Temp=0.0 Rep=1 → Concordo fortemente
[2026-05-13 11:01:42,633][__main__][INFO] - ✓ [microsoft/phi-4] Temp=0.0 Rep=1 → Concordo
[2026-05-13 11:01:42,641][__main__][INFO] - ✓ [microsoft/phi-4] Temp=0.0 Rep=1 → Concordo
[2026-05-13 11:01:42,648][__main__][INFO] - Salvamento incremental (840 novas respostas)...
[2026-05-13 11:01:42,697][__main__][INFO] - Cache salvo com 255196 entradas
[2026-05-13 11:01:42,697][__main__][INFO] - ✓ [microsoft/phi-4] Temp=0.0 Rep=1 → Concordo
[2026-05-13 11:01:42,908][__main__][INFO] - ✓ [microsoft/phi-4] Temp=0.0 Rep=1 → Concordo
[2026-05-13 11:01:42,960][__main__][INFO] - ✓ [microsoft/phi-4] Temp=0.0 Rep=1 → Concordo
[2026-05-13 11:01:42,966][__main__][INFO] - ✓ [microsoft/phi-4] Temp=0.0 Rep=1 → Concordo
[2026-05-13 11:01:42,969][__main__][INFO] - ✓ [microsoft/phi-4] Temp=0.0 Rep=1 → Concordo
[2026-05-13 11:01:42,995][__main__][INFO] - ✓ [microsoft/phi-4] Temp=0.0 Rep=1 → Concordo
[2026-05-13 11:01:42,998][__main__][INFO] - ✓ [microsoft/phi-4] Temp=0.0 Rep=1 → Concordo fortemente
[2026-05-13 11:01:43,092][__main__][INFO] - ✓ [microsoft/phi-4] Temp=0.0 Rep=1 → Concordo fortemente
[2026-05-13 11:01:43,093][__main__][INFO] - ✓ [microsoft/phi-4] Temp=0.0 Rep=1 → Concordo
[2026-05-13 11:01:43,096][__main__][INFO] - ✓ [microsoft/phi-4] Temp=0.0 Rep=1 → Concordo
[2026-05-13 11:01:43,097][__main__][INFO] - ✓ [microsoft/phi-4] Temp=0.0 Rep=1 → Concordo fortemente
[2026-05-13 11:01:43,098][__main__][INFO] - ✓ [microsoft/phi-4] Temp=0.0 Rep=1 → Concordo fortemente
[2026-05-13 11:01:43,310][__main__][INFO] - ✓ [microsoft/phi-4] Temp=0.0 Rep=1 → Concordo fortemente
[2026-05-13 11:01:43,388][__main__][INFO] - ✓ [microsoft/phi-4] Temp=0.0 Rep=1 → Concordo
[2026-05-13 11:01:43,417][__main__][INFO] - ✓ [microsoft/phi-4] Temp=0.0 Rep=1 → Concordo
[2026-05-13 11:01:43,420][__main__][INFO] - ✓ [microsoft/phi-4] Temp=0.0 Rep=1 → Concordo
[2026-05-13 11:01:43,423][__main__][INFO] - ✓ [microsoft/phi-4] Temp=0.0 Rep=1 → Neutro
[2026-05-13 11:01:43,424][__main__][INFO] - ✓ [microsoft/phi-4] Temp=0.0 Rep=1 → Concordo
[2026-05-13 11:01:43,448][__main__][INFO] - ✓ [microsoft/phi-4] Temp=0.0 Rep=1 → Concordo
[2026-05-13 11:01:43,449][__main__][INFO] - ✓ [microsoft/phi-4] Temp=0.0 Rep=1 → Neutro
[2026-05-13 11:01:43,485][__main__][INFO] - ✓ [microsoft/phi-4] Temp=0.0 Rep=1 → Concordo fortemente
[2026-05-13 11:01:43,520][__main__][INFO] - ✓ [microsoft/phi-4] Temp=0.0 Rep=1 → Concordo fortemente
[2026-05-13 11:01:43,616][__main__][INFO] - ✓ [microsoft/phi-4] Temp=0.0 Rep=1 → Neutro
[2026-05-13 11:01:43,617][__main__][INFO] - ✓ [microsoft/phi-4] Temp=0.0 Rep=1 → Concordo
[2026-05-13 11:01:43,619][__main__][INFO] - ✓ [microsoft/phi-4] Temp=0.0 Rep=1 → Concordo
[2026-05-13 11:01:43,625][__main__][INFO] - ✓ [microsoft/phi-4] Temp=0.0 Rep=1 → Concordo
[2026-05-13 11:01:43,625][__main__][INFO] - ✓ [microsoft/phi-4] Temp=0.0 Rep=1 → Concordo fortemente
[2026-05-13 11:01:43,626][__main__][INFO] - ✓ [microsoft/phi-4] Temp=0.0 Rep=1 → Concordo fortemente
[2026-05-13 11:01:43,633][__main__][INFO] - ✓ [microsoft/phi-4] Temp=0.0 Rep=1 → Concordo
[2026-05-13 11:01:43,635][__main__][INFO] - ✓ [microsoft/phi-4] Temp=0.0 Rep=1 → Concordo
[2026-05-13 11:01:43,635][__main__][INFO] - ✓ [microsoft/phi-4] Temp=0.0 Rep=1 → Concordo
[2026-05-13 11:01:43,636][__main__][INFO] - ✓ [microsoft/phi-4] Temp=0.0 Rep=1 → Concordo
[2026-05-13 11:01:43,637][__main__][INFO] - ✓ [microsoft/phi-4] Temp=0.0 Rep=1 → Concordo
[2026-05-13 11:01:43,638][__main__][INFO] - ✓ [microsoft/phi-4] Temp=0.0 Rep=1 → Concordo
[2026-05-13 11:01:43,638][__main__][INFO] - ✓ [microsoft/phi-4] Temp=0.0 Rep=1 → Concordo fortemente
[2026-05-13 11:01:43,639][__main__][INFO] - ✓ [microsoft/phi-4] Temp=0.0 Rep=1 → Concordo fortemente
[2026-05-13 11:01:43,671][__main__][INFO] - ✓ [microsoft/phi-4] Temp=0.0 Rep=1 → Concordo fortemente
[2026-05-13 11:01:44,027][__main__][INFO] - ✓ [microsoft/phi-4] Temp=0.0 Rep=1 → Concordo
[2026-05-13 11:01:44,028][__main__][INFO] - ✓ [microsoft/phi-4] Temp=0.0 Rep=1 → Concordo
[2026-05-13 11:01:44,040][__main__][INFO] - ✓ [microsoft/phi-4] Temp=0.0 Rep=1 → Concordo
[2026-05-13 11:01:44,141][__main__][INFO] - Salvamento incremental (880 novas respostas)...
[2026-05-13 11:01:44,205][__main__][INFO] - Cache salvo com 255236 entradas
[2026-05-13 11:01:44,206][__main__][INFO] - ✓ [microsoft/phi-4] Temp=0.0 Rep=1 → Concordo
[2026-05-13 11:01:44,207][__main__][INFO] - ✓ [microsoft/phi-4] Temp=0.0 Rep=1 → Concordo
[2026-05-13 11:01:44,208][__main__][INFO] - ✓ [microsoft/phi-4] Temp=0.0 Rep=1 → Concordo
[2026-05-13 11:01:44,208][__main__][INFO] - ✓ [microsoft/phi-4] Temp=0.0 Rep=1 → Concordo
[2026-05-13 11:01:44,209][__main__][INFO] - ✓ [microsoft/phi-4] Temp=0.0 Rep=1 → Concordo
[2026-05-13 11:01:44,209][__main__][INFO] - ✓ [microsoft/phi-4] Temp=0.0 Rep=1 → Concordo
[2026-05-13 11:01:44,210][__main__][INFO] - ✓ [microsoft/phi-4] Temp=0.0 Rep=1 → Neutro
[2026-05-13 11:01:44,210][__main__][INFO] - ✓ [microsoft/phi-4] Temp=0.0 Rep=1 → Concordo
[2026-05-13 11:01:44,212][__main__][INFO] - ✓ [microsoft/phi-4] Temp=0.0 Rep=1 → Concordo
[2026-05-13 11:01:44,214][__main__][INFO] - ✓ [microsoft/phi-4] Temp=0.0 Rep=1 → Concordo fortemente
[2026-05-13 11:01:44,215][__main__][INFO] - ✓ [microsoft/phi-4] Temp=0.0 Rep=1 → Concordo
[2026-05-13 11:01:44,215][__main__][INFO] - ✓ [microsoft/phi-4] Temp=0.0 Rep=1 → Concordo fortemente
[2026-05-13 11:01:44,216][__main__][INFO] - ✓ [microsoft/phi-4] Temp=0.0 Rep=1 → Concordo
[2026-05-13 11:01:44,221][__main__][INFO] - ✓ [microsoft/phi-4] Temp=0.0 Rep=1 → Concordo
[2026-05-13 11:01:44,223][__main__][INFO] - ✓ [microsoft/phi-4] Temp=0.0 Rep=1 → Concordo
[2026-05-13 11:01:44,223][__main__][INFO] - ✓ [microsoft/phi-4] Temp=0.0 Rep=1 → Neutro
[2026-05-13 11:01:44,277][__main__][INFO] - ✓ [microsoft/phi-4] Temp=0.0 Rep=1 → Concordo fortemente
[2026-05-13 11:01:44,279][__main__][INFO] - ✓ [microsoft/phi-4] Temp=0.0 Rep=1 → Discordo fortemente
[2026-05-13 11:01:44,329][__main__][INFO] - ✓ [microsoft/phi-4] Temp=0.0 Rep=1 → Concordo
[2026-05-13 11:01:44,345][__main__][INFO] - ✓ [microsoft/phi-4] Temp=0.0 Rep=1 → Concordo
[2026-05-13 11:01:44,350][__main__][INFO] - ✓ [microsoft/phi-4] Temp=0.0 Rep=1 → Concordo
[2026-05-13 11:01:44,360][__main__][INFO] - ✓ [microsoft/phi-4] Temp=0.0 Rep=1 → Concordo
[2026-05-13 11:01:44,366][__main__][INFO] - ✓ [microsoft/phi-4] Temp=0.0 Rep=1 → Neutro
[2026-05-13 11:01:44,388][__main__][INFO] - ✓ [microsoft/phi-4] Temp=0.0 Rep=1 → Concordo fortemente
[2026-05-13 11:01:44,538][__main__][INFO] - ✓ [microsoft/phi-4] Temp=0.0 Rep=1 → Concordo
[2026-05-13 11:01:44,543][__main__][INFO] - ✓ [microsoft/phi-4] Temp=0.0 Rep=1 → Concordo
[2026-05-13 11:01:44,553][__main__][INFO] - ✓ [microsoft/phi-4] Temp=0.0 Rep=1 → Concordo
[2026-05-13 11:01:44,559][__main__][INFO] - ✓ [microsoft/phi-4] Temp=0.0 Rep=1 → Concordo
[2026-05-13 11:01:44,561][__main__][INFO] - ✓ [microsoft/phi-4] Temp=0.0 Rep=1 → Concordo
[2026-05-13 11:01:44,666][__main__][INFO] - ✓ [microsoft/phi-4] Temp=0.0 Rep=1 → Discordo fortemente
[2026-05-13 11:01:44,838][__main__][INFO] - ✓ [microsoft/phi-4] Temp=0.0 Rep=1 → Concordo
[2026-05-13 11:01:44,844][__main__][INFO] - ✓ [microsoft/phi-4] Temp=0.0 Rep=1 → Concordo
[2026-05-13 11:01:44,844][__main__][INFO] - ✓ [microsoft/phi-4] Temp=0.0 Rep=1 → Concordo
[2026-05-13 11:01:44,845][__main__][INFO] - ✓ [microsoft/phi-4] Temp=0.0 Rep=1 → Concordo
[2026-05-13 11:01:44,857][__main__][INFO] - ✓ [microsoft/phi-4] Temp=0.0 Rep=1 → Concordo
[2026-05-13 11:01:44,866][__main__][INFO] - ✓ [microsoft/phi-4] Temp=0.0 Rep=1 → Concordo
[2026-05-13 11:01:44,867][__main__][INFO] - ✓ [microsoft/phi-4] Temp=0.0 Rep=1 → Concordo
[2026-05-13 11:01:44,893][__main__][INFO] - ✓ [microsoft/phi-4] Temp=0.0 Rep=1 → Concordo fortemente
[2026-05-13 11:01:44,909][__main__][INFO] - ✓ [microsoft/phi-4] Temp=0.0 Rep=1 → Concordo fortemente
[2026-05-13 11:01:45,033][__main__][INFO] - ✓ [microsoft/phi-4] Temp=0.0 Rep=1 → Concordo
[2026-05-13 11:01:45,047][__main__][INFO] - Salvamento incremental (920 novas respostas)...
[2026-05-13 11:01:45,117][__main__][INFO] - Cache salvo com 255276 entradas
[2026-05-13 11:01:45,117][__main__][INFO] - ✓ [microsoft/phi-4] Temp=0.0 Rep=1 → Concordo
[2026-05-13 11:01:45,120][__main__][INFO] - ✓ [microsoft/phi-4] Temp=0.0 Rep=1 → Concordo fortemente
[2026-05-13 11:01:45,253][__main__][INFO] - ✓ [microsoft/phi-4] Temp=0.0 Rep=1 → Neutro
[2026-05-13 11:01:45,262][__main__][INFO] - ✓ [microsoft/phi-4] Temp=0.0 Rep=1 → Concordo
[2026-05-13 11:01:45,266][__main__][INFO] - ✓ [microsoft/phi-4] Temp=0.0 Rep=1 → Concordo
[2026-05-13 11:01:45,266][__main__][INFO] - ✓ [microsoft/phi-4] Temp=0.0 Rep=1 → Concordo
[2026-05-13 11:01:45,275][__main__][INFO] - ✓ [microsoft/phi-4] Temp=0.0 Rep=1 → Concordo
[2026-05-13 11:01:45,276][__main__][INFO] - ✓ [microsoft/phi-4] Temp=0.0 Rep=1 → Concordo
[2026-05-13 11:01:45,277][__main__][INFO] - ✓ [microsoft/phi-4] Temp=0.0 Rep=1 → Discordo fortemente
[2026-05-13 11:01:45,299][__main__][INFO] - ✓ [microsoft/phi-4] Temp=0.0 Rep=1 → Concordo fortemente
[2026-05-13 11:01:45,310][__main__][INFO] - ✓ [microsoft/phi-4] Temp=0.0 Rep=1 → Concordo fortemente
[2026-05-13 11:01:45,311][__main__][INFO] - ✓ [microsoft/phi-4] Temp=0.0 Rep=1 → Discordo fortemente
[2026-05-13 11:01:45,312][__main__][INFO] - ✓ [microsoft/phi-4] Temp=0.0 Rep=1 → Discordo fortemente
[2026-05-13 11:01:45,529][__main__][INFO] - ✓ [microsoft/phi-4] Temp=0.0 Rep=1 → Concordo
[2026-05-13 11:01:45,539][__main__][INFO] - ✓ [microsoft/phi-4] Temp=0.0 Rep=1 → Neutro
[2026-05-13 11:01:45,561][__main__][INFO] - ✓ [microsoft/phi-4] Temp=0.0 Rep=1 → Neutro
[2026-05-13 11:01:45,562][__main__][INFO] - ✓ [microsoft/phi-4] Temp=0.0 Rep=1 → Concordo
[2026-05-13 11:01:45,563][__main__][INFO] - ✓ [microsoft/phi-4] Temp=0.0 Rep=1 → Concordo
[2026-05-13 11:01:45,564][__main__][INFO] - ✓ [microsoft/phi-4] Temp=0.0 Rep=1 → Concordo
[2026-05-13 11:01:45,564][__main__][INFO] - ✓ [microsoft/phi-4] Temp=0.0 Rep=1 → Neutro
[2026-05-13 11:01:45,566][__main__][INFO] - ✓ [microsoft/phi-4] Temp=0.0 Rep=1 → Concordo
[2026-05-13 11:01:45,585][__main__][INFO] - ✓ [microsoft/phi-4] Temp=0.0 Rep=1 → Discordo fortemente
[2026-05-13 11:01:45,588][__main__][INFO] - ✓ [microsoft/phi-4] Temp=0.0 Rep=1 → Concordo fortemente
[2026-05-13 11:01:45,594][__main__][INFO] - ✓ [microsoft/phi-4] Temp=0.0 Rep=1 → Concordo fortemente
[2026-05-13 11:01:45,597][__main__][INFO] - ✓ [microsoft/phi-4] Temp=0.0 Rep=1 → Concordo fortemente
[2026-05-13 11:01:45,719][__main__][INFO] - ✓ [microsoft/phi-4] Temp=0.0 Rep=1 → Concordo
[2026-05-13 11:01:45,868][__main__][INFO] - ✓ [microsoft/phi-4] Temp=0.0 Rep=1 → Concordo
[2026-05-13 11:01:46,104][__main__][INFO] - ✓ [microsoft/phi-4] Temp=0.0 Rep=1 → Concordo
[2026-05-13 11:01:46,146][__main__][INFO] - ✓ [microsoft/phi-4] Temp=0.0 Rep=1 → Concordo
[2026-05-13 11:01:46,238][__main__][INFO] - ✓ [microsoft/phi-4] Temp=0.0 Rep=1 → Concordo
[2026-05-13 11:01:46,242][__main__][INFO] - ✓ [microsoft/phi-4] Temp=0.0 Rep=1 → Concordo
[2026-05-13 11:01:46,242][__main__][INFO] - ✓ [microsoft/phi-4] Temp=0.0 Rep=1 → Concordo
[2026-05-13 11:01:46,243][__main__][INFO] - ✓ [microsoft/phi-4] Temp=0.0 Rep=1 → Concordo
[2026-05-13 11:01:46,244][__main__][INFO] - ✓ [microsoft/phi-4] Temp=0.0 Rep=1 → Concordo
[2026-05-13 11:01:46,246][__main__][INFO] - ✓ [microsoft/phi-4] Temp=0.0 Rep=1 → Concordo
[2026-05-13 11:01:46,247][__main__][INFO] - ✓ [microsoft/phi-4] Temp=0.0 Rep=1 → Concordo
[2026-05-13 11:01:46,248][__main__][INFO] - ✓ [microsoft/phi-4] Temp=0.0 Rep=1 → Concordo
[2026-05-13 11:01:46,249][__main__][INFO] - ✓ [microsoft/phi-4] Temp=0.0 Rep=1 → Concordo
[2026-05-13 11:01:46,251][__main__][INFO] - ✓ [microsoft/phi-4] Temp=0.0 Rep=1 → Concordo fortemente
[2026-05-13 11:01:46,356][__main__][INFO] - ✓ [microsoft/phi-4] Temp=0.0 Rep=1 → Concordo
[2026-05-13 11:01:46,358][__main__][INFO] - Salvamento incremental (960 novas respostas)...
[2026-05-13 11:01:46,405][__main__][INFO] - Cache salvo com 255316 entradas
[2026-05-13 11:01:46,405][__main__][INFO] - ✓ [microsoft/phi-4] Temp=0.0 Rep=1 → Concordo fortemente
[2026-05-13 11:01:46,407][__main__][INFO] - ✓ [microsoft/phi-4] Temp=0.0 Rep=1 → Neutro
[2026-05-13 11:01:46,409][__main__][INFO] - ✓ [microsoft/phi-4] Temp=0.0 Rep=1 → Neutro
[2026-05-13 11:01:46,412][__main__][INFO] - ✓ [microsoft/phi-4] Temp=0.0 Rep=1 → Concordo
[2026-05-13 11:01:46,412][__main__][INFO] - ✓ [microsoft/phi-4] Temp=0.0 Rep=1 → Neutro
[2026-05-13 11:01:46,413][__main__][INFO] - ✓ [microsoft/phi-4] Temp=0.0 Rep=1 → Concordo
[2026-05-13 11:01:46,413][__main__][INFO] - ✓ [microsoft/phi-4] Temp=0.0 Rep=1 → Neutro
[2026-05-13 11:01:46,416][__main__][INFO] - ✓ [microsoft/phi-4] Temp=0.0 Rep=1 → Concordo fortemente
[2026-05-13 11:01:46,418][__main__][INFO] - ✓ [microsoft/phi-4] Temp=0.0 Rep=1 → Discordo fortemente
[2026-05-13 11:01:46,431][__main__][INFO] - ✓ [microsoft/phi-4] Temp=0.0 Rep=1 → Concordo fortemente
[2026-05-13 11:01:46,432][__main__][INFO] - ✓ [microsoft/phi-4] Temp=0.0 Rep=1 → Concordo fortemente
[2026-05-13 11:01:46,503][__main__][INFO] - ✓ [microsoft/phi-4] Temp=0.0 Rep=1 → Discordo fortemente
[2026-05-13 11:01:46,834][__main__][INFO] - ✓ [microsoft/phi-4] Temp=0.0 Rep=1 → Neutro
[2026-05-13 11:01:46,839][__main__][INFO] - ✓ [microsoft/phi-4] Temp=0.0 Rep=1 → Discordo
[2026-05-13 11:01:46,844][__main__][INFO] - ✓ [microsoft/phi-4] Temp=0.0 Rep=1 → Neutro
[2026-05-13 11:01:46,849][__main__][INFO] - ✓ [microsoft/phi-4] Temp=0.0 Rep=1 → Concordo fortemente
[2026-05-13 11:01:46,851][__main__][INFO] - ✓ [microsoft/phi-4] Temp=0.0 Rep=1 → Concordo
[2026-05-13 11:01:46,856][__main__][INFO] - ✓ [microsoft/phi-4] Temp=0.0 Rep=1 → Discordo
[2026-05-13 11:01:46,857][__main__][INFO] - ✓ [microsoft/phi-4] Temp=0.0 Rep=1 → Concordo
[2026-05-13 11:01:46,858][__main__][INFO] - ✓ [microsoft/phi-4] Temp=0.0 Rep=1 → Discordo fortemente
[2026-05-13 11:01:46,869][__main__][INFO] - ✓ [microsoft/phi-4] Temp=0.0 Rep=1 → Concordo
[2026-05-13 11:01:46,882][__main__][INFO] - ✓ [microsoft/phi-4] Temp=0.0 Rep=1 → Discordo fortemente
[2026-05-13 11:01:46,887][__main__][INFO] - ✓ [microsoft/phi-4] Temp=0.0 Rep=1 → Concordo fortemente
[2026-05-13 11:01:47,291][__main__][INFO] - ✓ [microsoft/phi-4] Temp=0.0 Rep=1 → Discordo
[2026-05-13 11:01:47,300][__main__][INFO] - ✓ [microsoft/phi-4] Temp=0.0 Rep=1 → Concordo
[2026-05-13 11:01:47,309][__main__][INFO] - ✓ [microsoft/phi-4] Temp=0.0 Rep=1 → Concordo
[2026-05-13 11:01:47,402][__main__][INFO] - ✓ [microsoft/phi-4] Temp=0.0 Rep=1 → Neutro
[2026-05-13 11:01:47,402][__main__][INFO] - ✓ [microsoft/phi-4] Temp=0.0 Rep=1 → Concordo
[2026-05-13 11:01:47,407][__main__][INFO] - ✓ [microsoft/phi-4] Temp=0.0 Rep=1 → Concordo
[2026-05-13 11:01:47,409][__main__][INFO] - ✓ [microsoft/phi-4] Temp=0.0 Rep=1 → Concordo
[2026-05-13 11:01:47,416][__main__][INFO] - ✓ [microsoft/phi-4] Temp=0.0 Rep=1 → Neutro
[2026-05-13 11:01:47,443][__main__][INFO] - ✓ [microsoft/phi-4] Temp=0.0 Rep=1 → Discordo
[2026-05-13 11:01:47,463][__main__][INFO] - ✓ [microsoft/phi-4] Temp=0.0 Rep=1 → Discordo fortemente
[2026-05-13 11:01:47,463][__main__][INFO] - ✓ [microsoft/phi-4] Temp=0.0 Rep=1 → Concordo
[2026-05-13 11:01:47,464][__main__][INFO] - ✓ [microsoft/phi-4] Temp=0.0 Rep=1 → Concordo fortemente
[2026-05-13 11:01:47,477][__main__][INFO] - ✓ [microsoft/phi-4] Temp=0.0 Rep=1 → Concordo fortemente
[2026-05-13 11:01:47,501][__main__][INFO] - ✓ [microsoft/phi-4] Temp=0.0 Rep=1 → Discordo fortemente
[2026-05-13 11:01:47,517][__main__][INFO] - ✓ [microsoft/phi-4] Temp=0.0 Rep=1 → Discordo fortemente
[2026-05-13 11:01:47,518][__main__][INFO] - ✓ [microsoft/phi-4] Temp=0.0 Rep=1 → Neutro
[2026-05-13 11:01:47,524][__main__][INFO] - ✓ [microsoft/phi-4] Temp=0.0 Rep=1 → Concordo fortemente
[2026-05-13 11:01:47,620][__main__][INFO] - Salvamento incremental (1000 novas respostas)...
[2026-05-13 11:01:47,696][__main__][INFO] - Cache salvo com 255356 entradas
[2026-05-13 11:01:47,696][__main__][INFO] - ✓ [microsoft/phi-4] Temp=0.0 Rep=1 → Concordo fortemente
[2026-05-13 11:01:47,697][__main__][INFO] - ✓ [microsoft/phi-4] Temp=0.0 Rep=1 → Discordo fortemente
[2026-05-13 11:01:47,719][__main__][INFO] - ✓ [microsoft/phi-4] Temp=0.0 Rep=1 → Neutro
[2026-05-13 11:01:48,341][__main__][INFO] - ✓ [microsoft/phi-4] Temp=0.0 Rep=1 → Discordo fortemente
[2026-05-13 11:01:48,517][__main__][INFO] - ✓ [microsoft/phi-4] Temp=0.0 Rep=1 → Concordo fortemente
[2026-05-13 11:01:48,766][__main__][INFO] - ✓ [microsoft/phi-4] Temp=0.0 Rep=1 → Concordo
[2026-05-13 11:01:48,859][__main__][INFO] - ✓ [microsoft/phi-4] Temp=0.0 Rep=1 → Neutro
[2026-05-13 11:01:48,873][__main__][INFO] - ✓ [microsoft/phi-4] Temp=0.0 Rep=1 → Neutro
[2026-05-13 11:01:48,873][__main__][INFO] - ✓ [microsoft/phi-4] Temp=0.0 Rep=1 → Concordo
[2026-05-13 11:01:48,874][__main__][INFO] - ✓ [microsoft/phi-4] Temp=0.0 Rep=1 → Neutro
[2026-05-13 11:01:48,901][__main__][INFO] - ✓ [microsoft/phi-4] Temp=0.0 Rep=1 → Concordo
[2026-05-13 11:01:48,911][__main__][INFO] - ✓ [microsoft/phi-4] Temp=0.0 Rep=1 → Concordo
[2026-05-13 11:01:48,943][__main__][INFO] - ✓ [microsoft/phi-4] Temp=0.0 Rep=1 → Concordo
[2026-05-13 11:01:48,946][__main__][INFO] - ✓ [microsoft/phi-4] Temp=0.0 Rep=1 → Concordo fortemente
[2026-05-13 11:01:48,965][__main__][INFO] - ✓ [microsoft/phi-4] Temp=0.0 Rep=1 → Concordo fortemente
[2026-05-13 11:01:48,966][__main__][INFO] - ✓ [microsoft/phi-4] Temp=0.0 Rep=1 → Concordo
[2026-05-13 11:01:48,968][__main__][INFO] - ✓ [microsoft/phi-4] Temp=0.0 Rep=1 → Discordo fortemente
[2026-05-13 11:01:48,969][__main__][INFO] - ✓ [microsoft/phi-4] Temp=0.0 Rep=1 → Concordo
[2026-05-13 11:01:48,970][__main__][INFO] - ✓ [microsoft/phi-4] Temp=0.0 Rep=1 → Concordo
[2026-05-13 11:01:48,971][__main__][INFO] - ✓ [microsoft/phi-4] Temp=0.0 Rep=1 → Discordo fortemente
[2026-05-13 11:01:48,972][__main__][INFO] - ✓ [microsoft/phi-4] Temp=0.0 Rep=1 → Neutro
[2026-05-13 11:01:48,973][__main__][INFO] - ✓ [microsoft/phi-4] Temp=0.0 Rep=1 → Neutro
[2026-05-13 11:01:48,981][__main__][INFO] - ✓ [microsoft/phi-4] Temp=0.0 Rep=1 → Concordo fortemente
[2026-05-13 11:01:48,984][__main__][INFO] - ✓ [microsoft/phi-4] Temp=0.0 Rep=1 → Concordo fortemente
[2026-05-13 11:01:48,993][__main__][INFO] - ✓ [microsoft/phi-4] Temp=0.0 Rep=1 → Discordo fortemente
[2026-05-13 11:01:48,999][__main__][INFO] - ✓ [microsoft/phi-4] Temp=0.0 Rep=1 → Discordo fortemente
[2026-05-13 11:01:49,003][__main__][INFO] - ✓ [microsoft/phi-4] Temp=0.0 Rep=1 → Discordo fortemente
[2026-05-13 11:01:49,019][__main__][INFO] - ✓ [microsoft/phi-4] Temp=0.0 Rep=1 → Discordo fortemente
[2026-05-13 11:01:49,050][__main__][INFO] - ✓ [microsoft/phi-4] Temp=0.0 Rep=1 → Concordo fortemente
[2026-05-13 11:01:49,051][__main__][INFO] - ✓ [microsoft/phi-4] Temp=0.0 Rep=1 → Concordo fortemente
[2026-05-13 11:01:49,385][__main__][INFO] - ✓ [microsoft/phi-4] Temp=0.0 Rep=1 → Concordo
[2026-05-13 11:01:49,386][__main__][INFO] - ✓ [microsoft/phi-4] Temp=0.0 Rep=1 → Concordo fortemente
[2026-05-13 11:01:49,387][__main__][INFO] - ✓ [microsoft/phi-4] Temp=0.0 Rep=1 → Concordo fortemente
[2026-05-13 11:01:49,387][__main__][INFO] - ✓ [microsoft/phi-4] Temp=0.0 Rep=1 → Concordo fortemente
[2026-05-13 11:01:49,389][__main__][INFO] - ✓ [microsoft/phi-4] Temp=0.0 Rep=1 → Concordo fortemente
[2026-05-13 11:01:49,484][__main__][INFO] - ✓ [microsoft/phi-4] Temp=0.0 Rep=1 → Neutro
[2026-05-13 11:01:49,486][__main__][INFO] - ✓ [microsoft/phi-4] Temp=0.0 Rep=1 → Concordo
[2026-05-13 11:01:49,487][__main__][INFO] - ✓ [microsoft/phi-4] Temp=0.0 Rep=1 → Discordo
[2026-05-13 11:01:49,489][__main__][INFO] - ✓ [microsoft/phi-4] Temp=0.0 Rep=1 → Concordo
[2026-05-13 11:01:49,519][__main__][INFO] - ✓ [microsoft/phi-4] Temp=0.0 Rep=1 → Concordo
[2026-05-13 11:01:49,521][__main__][INFO] - Salvamento incremental (1040 novas respostas)...
[2026-05-13 11:01:49,582][__main__][INFO] - Cache salvo com 255396 entradas
[2026-05-13 11:01:49,582][__main__][INFO] - ✓ [microsoft/phi-4] Temp=0.0 Rep=1 → Concordo
[2026-05-13 11:01:49,584][__main__][INFO] - ✓ [microsoft/phi-4] Temp=0.0 Rep=1 → Neutro
[2026-05-13 11:01:49,585][__main__][INFO] - ✓ [microsoft/phi-4] Temp=0.0 Rep=1 → Concordo
[2026-05-13 11:01:49,587][__main__][INFO] - ✓ [microsoft/phi-4] Temp=0.0 Rep=1 → Concordo
[2026-05-13 11:01:49,588][__main__][INFO] - ✓ [microsoft/phi-4] Temp=0.0 Rep=1 → Concordo
[2026-05-13 11:01:49,588][__main__][INFO] - ✓ [microsoft/phi-4] Temp=0.0 Rep=1 → Concordo
[2026-05-13 11:01:49,589][__main__][INFO] - ✓ [microsoft/phi-4] Temp=0.0 Rep=1 → Concordo fortemente
[2026-05-13 11:01:49,590][__main__][INFO] - ✓ [microsoft/phi-4] Temp=0.0 Rep=1 → Concordo fortemente
[2026-05-13 11:01:49,591][__main__][INFO] - ✓ [microsoft/phi-4] Temp=0.0 Rep=1 → Concordo fortemente
[2026-05-13 11:01:49,592][__main__][INFO] - ✓ [microsoft/phi-4] Temp=0.0 Rep=1 → Concordo fortemente
[2026-05-13 11:01:49,593][__main__][INFO] - ✓ [microsoft/phi-4] Temp=0.0 Rep=1 → Concordo fortemente
[2026-05-13 11:01:49,603][__main__][INFO] - ✓ [microsoft/phi-4] Temp=0.0 Rep=1 → Concordo fortemente
[2026-05-13 11:01:49,604][__main__][INFO] - ✓ [microsoft/phi-4] Temp=0.0 Rep=1 → Concordo
[2026-05-13 11:01:49,715][__main__][INFO] - ✓ [microsoft/phi-4] Temp=0.0 Rep=1 → Concordo fortemente
[2026-05-13 11:01:49,717][__main__][INFO] - ✓ [microsoft/phi-4] Temp=0.0 Rep=1 → Concordo fortemente
[2026-05-13 11:01:49,720][__main__][INFO] - ✓ [microsoft/phi-4] Temp=0.0 Rep=1 → Concordo fortemente
[2026-05-13 11:01:49,907][__main__][INFO] - ✓ [microsoft/phi-4] Temp=0.0 Rep=1 → Concordo
[2026-05-13 11:01:49,909][__main__][INFO] - ✓ [microsoft/phi-4] Temp=0.0 Rep=1 → Concordo fortemente
[2026-05-13 11:01:49,911][__main__][INFO] - ✓ [microsoft/phi-4] Temp=0.0 Rep=1 → Concordo
[2026-05-13 11:01:49,914][__main__][INFO] - ✓ [microsoft/phi-4] Temp=0.0 Rep=1 → Concordo
[2026-05-13 11:01:49,916][__main__][INFO] - ✓ [microsoft/phi-4] Temp=0.0 Rep=1 → Concordo
[2026-05-13 11:01:49,918][__main__][INFO] - ✓ [microsoft/phi-4] Temp=0.0 Rep=1 → Neutro
[2026-05-13 11:01:49,920][__main__][INFO] - ✓ [microsoft/phi-4] Temp=0.0 Rep=1 → Concordo fortemente
[2026-05-13 11:01:49,921][__main__][INFO] - ✓ [microsoft/phi-4] Temp=0.0 Rep=1 → Discordo
[2026-05-13 11:01:49,922][__main__][INFO] - ✓ [microsoft/phi-4] Temp=0.0 Rep=1 → Discordo
[2026-05-13 11:01:49,955][__main__][INFO] - ✓ [microsoft/phi-4] Temp=0.0 Rep=1 → Concordo
[2026-05-13 11:01:50,189][__main__][INFO] - ✓ [microsoft/phi-4] Temp=0.0 Rep=1 → Discordo
[2026-05-13 11:01:50,191][__main__][INFO] - ✓ [microsoft/phi-4] Temp=0.0 Rep=1 → Concordo
[2026-05-13 11:01:50,193][__main__][INFO] - ✓ [microsoft/phi-4] Temp=0.0 Rep=1 → Concordo
[2026-05-13 11:01:50,194][__main__][INFO] - ✓ [microsoft/phi-4] Temp=0.0 Rep=1 → Concordo
[2026-05-13 11:01:50,195][__main__][INFO] - ✓ [microsoft/phi-4] Temp=0.0 Rep=1 → Concordo
[2026-05-13 11:01:50,203][__main__][INFO] - ✓ [microsoft/phi-4] Temp=0.0 Rep=1 → Concordo
[2026-05-13 11:01:50,205][__main__][INFO] - ✓ [microsoft/phi-4] Temp=0.0 Rep=1 → Neutro
[2026-05-13 11:01:50,214][__main__][INFO] - ✓ [microsoft/phi-4] Temp=0.0 Rep=1 → Concordo fortemente
[2026-05-13 11:01:50,258][__main__][INFO] - ✓ [microsoft/phi-4] Temp=0.0 Rep=1 → Concordo
[2026-05-13 11:01:50,480][__main__][INFO] - ✓ [microsoft/phi-4] Temp=0.0 Rep=1 → Concordo
[2026-05-13 11:01:50,483][__main__][INFO] - ✓ [microsoft/phi-4] Temp=0.0 Rep=1 → Concordo
[2026-05-13 11:01:50,532][__main__][INFO] - ✓ [microsoft/phi-4] Temp=0.0 Rep=1 → Neutro
[2026-05-13 11:01:50,605][__main__][INFO] - ✓ [microsoft/phi-4] Temp=0.0 Rep=1 → Concordo
[2026-05-13 11:01:50,608][__main__][INFO] - ✓ [microsoft/phi-4] Temp=0.0 Rep=1 → Concordo
[2026-05-13 11:01:50,665][__main__][INFO] - Salvamento incremental (1080 novas respostas)...
[2026-05-13 11:01:50,725][__main__][INFO] - Cache salvo com 255436 entradas
[2026-05-13 11:01:50,726][__main__][INFO] - ✓ [microsoft/phi-4] Temp=0.0 Rep=1 → Concordo
[2026-05-13 11:01:50,728][__main__][INFO] - ✓ [microsoft/phi-4] Temp=0.0 Rep=1 → Discordo fortemente
[2026-05-13 11:01:50,729][__main__][INFO] - ✓ [microsoft/phi-4] Temp=0.0 Rep=1 → Concordo
[2026-05-13 11:01:50,730][__main__][INFO] - ✓ [microsoft/phi-4] Temp=0.0 Rep=1 → Neutro
[2026-05-13 11:01:50,731][__main__][INFO] - ✓ [microsoft/phi-4] Temp=0.0 Rep=1 → Discordo fortemente
[2026-05-13 11:01:50,732][__main__][INFO] - ✓ [microsoft/phi-4] Temp=0.0 Rep=1 → Concordo fortemente
[2026-05-13 11:01:50,732][__main__][INFO] - ✓ [microsoft/phi-4] Temp=0.0 Rep=1 → Concordo
[2026-05-13 11:01:50,733][__main__][INFO] - ✓ [microsoft/phi-4] Temp=0.0 Rep=1 → Discordo fortemente
[2026-05-13 11:01:50,734][__main__][INFO] - ✓ [microsoft/phi-4] Temp=0.0 Rep=1 → Concordo fortemente
[2026-05-13 11:01:50,735][__main__][INFO] - ✓ [microsoft/phi-4] Temp=0.0 Rep=1 → Concordo
[2026-05-13 11:01:50,736][__main__][INFO] - ✓ [microsoft/phi-4] Temp=0.0 Rep=1 → Concordo fortemente
[2026-05-13 11:01:50,737][__main__][INFO] - ✓ [microsoft/phi-4] Temp=0.0 Rep=1 → Concordo fortemente
[2026-05-13 11:01:51,018][__main__][INFO] - ✓ [microsoft/phi-4] Temp=0.0 Rep=1 → Concordo
[2026-05-13 11:01:51,022][__main__][INFO] - ✓ [microsoft/phi-4] Temp=0.0 Rep=1 → Concordo
[2026-05-13 11:01:51,023][__main__][INFO] - ✓ [microsoft/phi-4] Temp=0.0 Rep=1 → Concordo
[2026-05-13 11:01:51,034][__main__][INFO] - ✓ [microsoft/phi-4] Temp=0.0 Rep=1 → Concordo
[2026-05-13 11:01:51,051][__main__][INFO] - ✓ [microsoft/phi-4] Temp=0.0 Rep=1 → Discordo fortemente
[2026-05-13 11:01:51,058][__main__][INFO] - ✓ [microsoft/phi-4] Temp=0.0 Rep=1 → Concordo
[2026-05-13 11:01:51,058][__main__][INFO] - ✓ [microsoft/phi-4] Temp=0.0 Rep=1 → Concordo fortemente
[2026-05-13 11:01:51,059][__main__][INFO] - ✓ [microsoft/phi-4] Temp=0.0 Rep=1 → Discordo fortemente
[2026-05-13 11:01:51,060][__main__][INFO] - ✓ [microsoft/phi-4] Temp=0.0 Rep=1 → Concordo
[2026-05-13 11:01:51,082][__main__][INFO] - ✓ [microsoft/phi-4] Temp=0.0 Rep=1 → Discordo fortemente
[2026-05-13 11:01:51,084][__main__][INFO] - ✓ [microsoft/phi-4] Temp=0.0 Rep=1 → Discordo fortemente
[2026-05-13 11:01:51,090][__main__][INFO] - ✓ [microsoft/phi-4] Temp=0.0 Rep=1 → Concordo fortemente
[2026-05-13 11:01:51,098][__main__][INFO] - ✓ [microsoft/phi-4] Temp=0.0 Rep=1 → Concordo fortemente
[2026-05-13 11:01:51,107][__main__][INFO] - ✓ [microsoft/phi-4] Temp=0.0 Rep=1 → Concordo fortemente
[2026-05-13 11:01:51,391][__main__][INFO] - ✓ [microsoft/phi-4] Temp=0.0 Rep=1 → Concordo
[2026-05-13 11:01:51,487][__main__][INFO] - ✓ [microsoft/phi-4] Temp=0.0 Rep=1 → Neutro
[2026-05-13 11:01:51,488][__main__][INFO] - ✓ [microsoft/phi-4] Temp=0.0 Rep=1 → Concordo
[2026-05-13 11:01:51,489][__main__][INFO] - ✓ [microsoft/phi-4] Temp=0.0 Rep=1 → Concordo
[2026-05-13 11:01:51,490][__main__][INFO] - ✓ [microsoft/phi-4] Temp=0.0 Rep=1 → Discordo fortemente
[2026-05-13 11:01:51,491][__main__][INFO] - ✓ [microsoft/phi-4] Temp=0.0 Rep=1 → Concordo
[2026-05-13 11:01:51,493][__main__][INFO] - ✓ [microsoft/phi-4] Temp=0.0 Rep=1 → Discordo fortemente
[2026-05-13 11:01:51,494][__main__][INFO] - ✓ [microsoft/phi-4] Temp=0.0 Rep=1 → Discordo fortemente
[2026-05-13 11:01:51,495][__main__][INFO] - ✓ [microsoft/phi-4] Temp=0.0 Rep=1 → Concordo fortemente
[2026-05-13 11:01:51,496][__main__][INFO] - ✓ [microsoft/phi-4] Temp=0.0 Rep=1 → Concordo fortemente
[2026-05-13 11:01:51,497][__main__][INFO] - ✓ [microsoft/phi-4] Temp=0.0 Rep=1 → Concordo fortemente
[2026-05-13 11:01:51,621][__main__][INFO] - ✓ [microsoft/phi-4] Temp=0.0 Rep=1 → Concordo
[2026-05-13 11:01:51,625][__main__][INFO] - ✓ [microsoft/phi-4] Temp=0.0 Rep=1 → Concordo
[2026-05-13 11:01:51,642][__main__][INFO] - ✓ [microsoft/phi-4] Temp=0.0 Rep=1 → Concordo
[2026-05-13 11:01:51,695][__main__][INFO] - Salvamento incremental (1120 novas respostas)...
[2026-05-13 11:01:51,751][__main__][INFO] - Cache salvo com 255476 entradas
[2026-05-13 11:01:51,751][__main__][INFO] - ✓ [microsoft/phi-4] Temp=0.0 Rep=1 → Concordo
[2026-05-13 11:01:51,753][__main__][INFO] - ✓ [microsoft/phi-4] Temp=0.0 Rep=1 → Concordo
[2026-05-13 11:01:51,757][__main__][INFO] - ✓ [microsoft/phi-4] Temp=0.0 Rep=1 → Concordo fortemente
[2026-05-13 11:01:51,890][__main__][INFO] - ✓ [microsoft/phi-4] Temp=0.0 Rep=1 → Concordo
[2026-05-13 11:01:51,891][__main__][INFO] - ✓ [microsoft/phi-4] Temp=0.0 Rep=1 → Concordo
[2026-05-13 11:01:52,053][__main__][INFO] - ✓ [microsoft/phi-4] Temp=0.0 Rep=1 → Concordo
[2026-05-13 11:01:52,054][__main__][INFO] - ✓ [microsoft/phi-4] Temp=0.0 Rep=1 → Concordo
[2026-05-13 11:01:52,107][__main__][INFO] - ✓ [microsoft/phi-4] Temp=0.0 Rep=1 → Concordo
[2026-05-13 11:01:52,108][__main__][INFO] - ✓ [microsoft/phi-4] Temp=0.0 Rep=1 → Concordo
[2026-05-13 11:01:52,111][__main__][INFO] - ✓ [microsoft/phi-4] Temp=0.0 Rep=1 → Concordo
[2026-05-13 11:01:52,137][__main__][INFO] - ✓ [microsoft/phi-4] Temp=0.0 Rep=1 → Concordo
[2026-05-13 11:01:52,138][__main__][INFO] - ✓ [microsoft/phi-4] Temp=0.0 Rep=1 → Concordo
[2026-05-13 11:01:52,141][__main__][INFO] - ✓ [microsoft/phi-4] Temp=0.0 Rep=1 → Concordo
[2026-05-13 11:01:52,167][__main__][INFO] - ✓ [microsoft/phi-4] Temp=0.0 Rep=1 → Concordo
[2026-05-13 11:01:52,168][__main__][INFO] - ✓ [microsoft/phi-4] Temp=0.0 Rep=1 → Concordo
[2026-05-13 11:01:52,170][__main__][INFO] - ✓ [microsoft/phi-4] Temp=0.0 Rep=1 → Concordo
[2026-05-13 11:01:52,172][__main__][INFO] - ✓ [microsoft/phi-4] Temp=0.0 Rep=1 → Concordo
[2026-05-13 11:01:52,185][__main__][INFO] - ✓ [microsoft/phi-4] Temp=0.0 Rep=1 → Concordo
[2026-05-13 11:01:52,436][__main__][INFO] - ✓ [microsoft/phi-4] Temp=0.0 Rep=1 → Neutro
[2026-05-13 11:01:52,533][__main__][INFO] - ✓ [microsoft/phi-4] Temp=0.0 Rep=1 → Neutro
[2026-05-13 11:01:52,535][__main__][INFO] - ✓ [microsoft/phi-4] Temp=0.0 Rep=1 → Concordo
[2026-05-13 11:01:52,537][__main__][INFO] - ✓ [microsoft/phi-4] Temp=0.0 Rep=1 → Concordo
[2026-05-13 11:01:52,539][__main__][INFO] - ✓ [microsoft/phi-4] Temp=0.0 Rep=1 → Concordo
[2026-05-13 11:01:52,541][__main__][INFO] - ✓ [microsoft/phi-4] Temp=0.0 Rep=1 → Concordo
[2026-05-13 11:01:52,542][__main__][INFO] - ✓ [microsoft/phi-4] Temp=0.0 Rep=1 → Concordo
[2026-05-13 11:01:52,543][__main__][INFO] - ✓ [microsoft/phi-4] Temp=0.0 Rep=1 → Neutro
[2026-05-13 11:01:52,545][__main__][INFO] - ✓ [microsoft/phi-4] Temp=0.0 Rep=1 → Discordo fortemente
[2026-05-13 11:01:52,548][__main__][INFO] - ✓ [microsoft/phi-4] Temp=0.0 Rep=1 → Concordo fortemente
[2026-05-13 11:01:52,549][__main__][INFO] - ✓ [microsoft/phi-4] Temp=0.0 Rep=1 → Concordo
[2026-05-13 11:01:52,550][__main__][INFO] - ✓ [microsoft/phi-4] Temp=0.0 Rep=1 → Concordo
[2026-05-13 11:01:52,552][__main__][INFO] - ✓ [microsoft/phi-4] Temp=0.0 Rep=1 → Concordo
[2026-05-13 11:01:52,751][__main__][INFO] - ✓ [microsoft/phi-4] Temp=0.0 Rep=1 → Concordo
[2026-05-13 11:01:52,756][__main__][INFO] - ✓ [microsoft/phi-4] Temp=0.0 Rep=1 → Concordo
[2026-05-13 11:01:52,781][__main__][INFO] - ✓ [microsoft/phi-4] Temp=0.0 Rep=1 → Neutro
[2026-05-13 11:01:53,052][__main__][INFO] - ✓ [microsoft/phi-4] Temp=0.0 Rep=1 → Concordo
[2026-05-13 11:01:53,057][__main__][INFO] - ✓ [microsoft/phi-4] Temp=0.0 Rep=1 → Concordo
[2026-05-13 11:01:53,058][__main__][INFO] - ✓ [microsoft/phi-4] Temp=0.0 Rep=1 → Concordo
[2026-05-13 11:01:53,059][__main__][INFO] - ✓ [microsoft/phi-4] Temp=0.0 Rep=1 → Concordo
[2026-05-13 11:01:53,060][__main__][INFO] - ✓ [microsoft/phi-4] Temp=0.0 Rep=1 → Concordo
[2026-05-13 11:01:53,061][__main__][INFO] - ✓ [microsoft/phi-4] Temp=0.0 Rep=1 → Neutro
[2026-05-13 11:01:53,071][__main__][INFO] - Salvamento incremental (1160 novas respostas)...
[2026-05-13 11:01:53,129][__main__][INFO] - Cache salvo com 255516 entradas
[2026-05-13 11:01:53,129][__main__][INFO] - ✓ [microsoft/phi-4] Temp=0.0 Rep=1 → Concordo fortemente
[2026-05-13 11:01:53,133][__main__][INFO] - ✓ [microsoft/phi-4] Temp=0.0 Rep=1 → Concordo fortemente
[2026-05-13 11:01:53,134][__main__][INFO] - ✓ [microsoft/phi-4] Temp=0.0 Rep=1 → Concordo fortemente
[2026-05-13 11:01:53,137][__main__][INFO] - ✓ [microsoft/phi-4] Temp=0.0 Rep=1 → Concordo fortemente
[2026-05-13 11:01:53,138][__main__][INFO] - ✓ [microsoft/phi-4] Temp=0.0 Rep=1 → Concordo fortemente
[2026-05-13 11:01:53,139][__main__][INFO] - ✓ [microsoft/phi-4] Temp=0.0 Rep=1 → Concordo fortemente
[2026-05-13 11:01:53,416][__main__][INFO] - ✓ [microsoft/phi-4] Temp=0.0 Rep=1 → Concordo
[2026-05-13 11:01:53,418][__main__][INFO] - ✓ [microsoft/phi-4] Temp=0.0 Rep=1 → Concordo
[2026-05-13 11:01:53,420][__main__][INFO] - ✓ [microsoft/phi-4] Temp=0.0 Rep=1 → Concordo
[2026-05-13 11:01:53,580][__main__][INFO] - ✓ [microsoft/phi-4] Temp=0.0 Rep=1 → Concordo fortemente
[2026-05-13 11:01:53,581][__main__][INFO] - ✓ [microsoft/phi-4] Temp=0.0 Rep=1 → Concordo fortemente
[2026-05-13 11:01:53,588][__main__][INFO] - ✓ [microsoft/phi-4] Temp=0.0 Rep=1 → Concordo fortemente
[2026-05-13 11:01:53,620][__main__][INFO] - ✓ [microsoft/phi-4] Temp=0.0 Rep=1 → Concordo fortemente
[2026-05-13 11:01:53,640][__main__][INFO] - ✓ [microsoft/phi-4] Temp=0.0 Rep=1 → Concordo
[2026-05-13 11:01:53,645][__main__][INFO] - ✓ [microsoft/phi-4] Temp=0.0 Rep=1 → Concordo fortemente
[2026-05-13 11:01:53,646][__main__][INFO] - ✓ [microsoft/phi-4] Temp=0.0 Rep=1 → Concordo
[2026-05-13 11:01:53,662][__main__][INFO] - ✓ [microsoft/phi-4] Temp=0.0 Rep=1 → Concordo fortemente
[2026-05-13 11:01:53,676][__main__][INFO] - ✓ [microsoft/phi-4] Temp=0.0 Rep=1 → Concordo
[2026-05-13 11:01:53,680][__main__][INFO] - ✓ [microsoft/phi-4] Temp=0.0 Rep=1 → Neutro
[2026-05-13 11:01:53,682][__main__][INFO] - ✓ [microsoft/phi-4] Temp=0.0 Rep=1 → Concordo fortemente
[2026-05-13 11:01:53,683][__main__][INFO] - ✓ [microsoft/phi-4] Temp=0.0 Rep=1 → Concordo fortemente
[2026-05-13 11:01:53,691][__main__][INFO] - ✓ [microsoft/phi-4] Temp=0.0 Rep=1 → Concordo fortemente
[2026-05-13 11:01:53,694][__main__][INFO] - ✓ [microsoft/phi-4] Temp=0.0 Rep=1 → Concordo
[2026-05-13 11:01:53,695][__main__][INFO] - ✓ [microsoft/phi-4] Temp=0.0 Rep=1 → Concordo fortemente
[2026-05-13 11:01:53,729][__main__][INFO] - ✓ [microsoft/phi-4] Temp=0.0 Rep=1 → Concordo fortemente
[2026-05-13 11:01:53,736][__main__][INFO] - ✓ [microsoft/phi-4] Temp=0.0 Rep=1 → Concordo fortemente
[2026-05-13 11:01:53,737][__main__][INFO] - ✓ [microsoft/phi-4] Temp=0.0 Rep=1 → Concordo fortemente
[2026-05-13 11:01:53,861][__main__][INFO] - ✓ [microsoft/phi-4] Temp=0.0 Rep=1 → Neutro
[2026-05-13 11:01:53,866][__main__][INFO] - ✓ [microsoft/phi-4] Temp=0.0 Rep=1 → Concordo
[2026-05-13 11:01:53,914][__main__][INFO] - ✓ [microsoft/phi-4] Temp=0.0 Rep=1 → Neutro
[2026-05-13 11:01:54,013][__main__][INFO] - ✓ [microsoft/phi-4] Temp=0.0 Rep=1 → Concordo fortemente
[2026-05-13 11:01:54,191][__main__][INFO] - ✓ [microsoft/phi-4] Temp=0.0 Rep=1 → Concordo
[2026-05-13 11:01:54,200][__main__][INFO] - ✓ [microsoft/phi-4] Temp=0.0 Rep=1 → Concordo
[2026-05-13 11:01:54,218][__main__][INFO] - ✓ [microsoft/phi-4] Temp=0.0 Rep=1 → Discordo
[2026-05-13 11:01:54,223][__main__][INFO] - ✓ [microsoft/phi-4] Temp=0.0 Rep=1 → Concordo
[2026-05-13 11:01:54,225][__main__][INFO] - ✓ [microsoft/phi-4] Temp=0.0 Rep=1 → Concordo
[2026-05-13 11:01:54,241][__main__][INFO] - ✓ [microsoft/phi-4] Temp=0.0 Rep=1 → Concordo
[2026-05-13 11:01:54,257][__main__][INFO] - ✓ [microsoft/phi-4] Temp=0.0 Rep=1 → Concordo
[2026-05-13 11:01:54,261][__main__][INFO] - ✓ [microsoft/phi-4] Temp=0.0 Rep=1 → Concordo fortemente
[2026-05-13 11:01:54,264][__main__][INFO] - ✓ [microsoft/phi-4] Temp=0.0 Rep=1 → Neutro
[2026-05-13 11:01:54,266][__main__][INFO] - Salvamento incremental (1200 novas respostas)...
[2026-05-13 11:01:54,337][__main__][INFO] - Cache salvo com 255556 entradas
[2026-05-13 11:01:54,337][__main__][INFO] - ✓ [microsoft/phi-4] Temp=0.0 Rep=1 → Concordo
[2026-05-13 11:01:54,340][__main__][INFO] - ✓ [microsoft/phi-4] Temp=0.0 Rep=1 → Discordo fortemente
[2026-05-13 11:01:54,341][__main__][INFO] - ✓ [microsoft/phi-4] Temp=0.0 Rep=1 → Discordo fortemente
[2026-05-13 11:01:54,342][__main__][INFO] - ✓ [microsoft/phi-4] Temp=0.0 Rep=1 → Concordo
[2026-05-13 11:01:54,629][__main__][INFO] - ✓ [microsoft/phi-4] Temp=0.0 Rep=1 → Discordo
[2026-05-13 11:01:54,634][__main__][INFO] - ✓ [microsoft/phi-4] Temp=0.0 Rep=1 → Concordo
[2026-05-13 11:01:54,636][__main__][INFO] - ✓ [microsoft/phi-4] Temp=0.0 Rep=1 → Concordo
[2026-05-13 11:01:54,637][__main__][INFO] - ✓ [microsoft/phi-4] Temp=0.0 Rep=1 → Concordo
[2026-05-13 11:01:54,651][__main__][INFO] - ✓ [microsoft/phi-4] Temp=0.0 Rep=1 → Neutro
[2026-05-13 11:01:54,654][__main__][INFO] - ✓ [microsoft/phi-4] Temp=0.0 Rep=1 → Neutro
[2026-05-13 11:01:54,654][__main__][INFO] - ✓ [microsoft/phi-4] Temp=0.0 Rep=1 → Neutro
[2026-05-13 11:01:54,682][__main__][INFO] - ✓ [microsoft/phi-4] Temp=0.0 Rep=1 → Discordo fortemente
[2026-05-13 11:01:54,683][__main__][INFO] - ✓ [microsoft/phi-4] Temp=0.0 Rep=1 → Concordo
[2026-05-13 11:01:54,685][__main__][INFO] - ✓ [microsoft/phi-4] Temp=0.0 Rep=1 → Concordo
[2026-05-13 11:01:54,719][__main__][INFO] - ✓ [microsoft/phi-4] Temp=0.0 Rep=1 → Concordo fortemente
[2026-05-13 11:01:54,720][__main__][INFO] - ✓ [microsoft/phi-4] Temp=0.0 Rep=1 → Concordo fortemente
[2026-05-13 11:01:54,721][__main__][INFO] - ✓ [microsoft/phi-4] Temp=0.0 Rep=1 → Discordo fortemente
[2026-05-13 11:01:54,733][__main__][INFO] - ✓ [microsoft/phi-4] Temp=0.0 Rep=1 → Concordo
[2026-05-13 11:01:54,783][__main__][INFO] - ✓ [microsoft/phi-4] Temp=0.0 Rep=1 → Discordo fortemente
[2026-05-13 11:01:54,821][__main__][INFO] - ✓ [microsoft/phi-4] Temp=0.0 Rep=1 → Neutro
[2026-05-13 11:01:54,970][__main__][INFO] - ✓ [microsoft/phi-4] Temp=0.0 Rep=1 → Neutro
[2026-05-13 11:01:54,972][__main__][INFO] - ✓ [microsoft/phi-4] Temp=0.0 Rep=1 → Neutro
[2026-05-13 11:01:54,974][__main__][INFO] - ✓ [microsoft/phi-4] Temp=0.0 Rep=1 → Concordo
[2026-05-13 11:01:54,976][__main__][INFO] - ✓ [microsoft/phi-4] Temp=0.0 Rep=1 → Discordo
[2026-05-13 11:01:54,985][__main__][INFO] - ✓ [microsoft/phi-4] Temp=0.0 Rep=1 → Discordo
[2026-05-13 11:01:54,998][__main__][INFO] - ✓ [microsoft/phi-4] Temp=0.0 Rep=1 → Neutro
[2026-05-13 11:01:54,999][__main__][INFO] - ✓ [microsoft/phi-4] Temp=0.0 Rep=1 → Concordo
[2026-05-13 11:01:55,025][__main__][INFO] - ✓ [microsoft/phi-4] Temp=0.0 Rep=1 → Discordo fortemente
[2026-05-13 11:01:55,047][__main__][INFO] - ✓ [microsoft/phi-4] Temp=0.0 Rep=1 → Concordo fortemente
[2026-05-13 11:01:55,058][__main__][INFO] - ✓ [microsoft/phi-4] Temp=0.0 Rep=1 → Discordo fortemente
[2026-05-13 11:01:55,155][__main__][INFO] - ✓ [microsoft/phi-4] Temp=0.0 Rep=1 → Concordo fortemente
[2026-05-13 11:01:55,158][__main__][INFO] - ✓ [microsoft/phi-4] Temp=0.0 Rep=1 → Concordo
[2026-05-13 11:01:55,159][__main__][INFO] - ✓ [microsoft/phi-4] Temp=0.0 Rep=1 → Concordo
[2026-05-13 11:01:55,160][__main__][INFO] - ✓ [microsoft/phi-4] Temp=0.0 Rep=1 → Neutro
[2026-05-13 11:01:55,204][__main__][INFO] - ✓ [microsoft/phi-4] Temp=0.0 Rep=1 → Concordo fortemente
[2026-05-13 11:01:55,265][__main__][INFO] - ✓ [microsoft/phi-4] Temp=0.0 Rep=1 → Concordo
[2026-05-13 11:01:55,300][__main__][INFO] - ✓ [microsoft/phi-4] Temp=0.0 Rep=1 → Discordo fortemente
[2026-05-13 11:01:55,320][__main__][INFO] - ✓ [microsoft/phi-4] Temp=0.0 Rep=1 → Discordo fortemente
[2026-05-13 11:01:55,696][__main__][INFO] - ✓ [microsoft/phi-4] Temp=0.0 Rep=1 → Concordo
[2026-05-13 11:01:55,697][__main__][INFO] - ✓ [microsoft/phi-4] Temp=0.0 Rep=1 → Discordo
[2026-05-13 11:01:55,809][__main__][INFO] - Salvamento incremental (1240 novas respostas)...
[2026-05-13 11:01:55,896][__main__][INFO] - Cache salvo com 255596 entradas
[2026-05-13 11:01:55,897][__main__][INFO] - ✓ [microsoft/phi-4] Temp=0.0 Rep=1 → Discordo
[2026-05-13 11:01:55,898][__main__][INFO] - ✓ [microsoft/phi-4] Temp=0.0 Rep=1 → Concordo
[2026-05-13 11:01:55,927][__main__][INFO] - ✓ [microsoft/phi-4] Temp=0.0 Rep=1 → Neutro
[2026-05-13 11:01:55,945][__main__][INFO] - ✓ [microsoft/phi-4] Temp=0.0 Rep=1 → Discordo fortemente
[2026-05-13 11:01:55,949][__main__][INFO] - ✓ [microsoft/phi-4] Temp=0.0 Rep=1 → Neutro
[2026-05-13 11:01:55,995][__main__][INFO] - ✓ [microsoft/phi-4] Temp=0.0 Rep=1 → Neutro
[2026-05-13 11:01:55,996][__main__][INFO] - ✓ [microsoft/phi-4] Temp=0.0 Rep=1 → Concordo
[2026-05-13 11:01:55,997][__main__][INFO] - ✓ [microsoft/phi-4] Temp=0.0 Rep=1 → Concordo fortemente
[2026-05-13 11:01:55,998][__main__][INFO] - ✓ [microsoft/phi-4] Temp=0.0 Rep=1 → Discordo fortemente
[2026-05-13 11:01:56,002][__main__][INFO] - ✓ [microsoft/phi-4] Temp=0.0 Rep=1 → Concordo
[2026-05-13 11:01:56,025][__main__][INFO] - ✓ [microsoft/phi-4] Temp=0.0 Rep=1 → Discordo fortemente
[2026-05-13 11:01:56,026][__main__][INFO] - ✓ [microsoft/phi-4] Temp=0.0 Rep=1 → Neutro
[2026-05-13 11:01:56,027][__main__][INFO] - ✓ [microsoft/phi-4] Temp=0.0 Rep=1 → Concordo fortemente
[2026-05-13 11:01:56,029][__main__][INFO] - ✓ [microsoft/phi-4] Temp=0.0 Rep=1 → Concordo fortemente
[2026-05-13 11:01:56,045][__main__][INFO] - ✓ [microsoft/phi-4] Temp=0.0 Rep=1 → Concordo fortemente
[2026-05-13 11:01:56,046][__main__][INFO] - ✓ [microsoft/phi-4] Temp=0.0 Rep=1 → Neutro
[2026-05-13 11:01:56,049][__main__][INFO] - ✓ [microsoft/phi-4] Temp=0.0 Rep=1 → Discordo fortemente
[2026-05-13 11:01:56,053][__main__][INFO] - ✓ [microsoft/phi-4] Temp=0.0 Rep=1 → Discordo
[2026-05-13 11:01:56,063][__main__][INFO] - ✓ [microsoft/phi-4] Temp=0.0 Rep=1 → Discordo fortemente
[2026-05-13 11:01:56,067][__main__][INFO] - ✓ [microsoft/phi-4] Temp=0.0 Rep=1 → Concordo
[2026-05-13 11:01:56,070][__main__][INFO] - ✓ [microsoft/phi-4] Temp=0.0 Rep=1 → Neutro
[2026-05-13 11:01:56,073][__main__][INFO] - ✓ [microsoft/phi-4] Temp=0.0 Rep=1 → Concordo
[2026-05-13 11:01:56,076][__main__][INFO] - ✓ [microsoft/phi-4] Temp=0.0 Rep=1 → Discordo fortemente
[2026-05-13 11:01:56,077][__main__][INFO] - ✓ [microsoft/phi-4] Temp=0.0 Rep=1 → Concordo
[2026-05-13 11:01:56,080][__main__][INFO] - ✓ [microsoft/phi-4] Temp=0.0 Rep=1 → Concordo fortemente
[2026-05-13 11:01:56,089][__main__][INFO] - ✓ [microsoft/phi-4] Temp=0.0 Rep=1 → Discordo fortemente
[2026-05-13 11:01:56,099][__main__][INFO] - ✓ [microsoft/phi-4] Temp=0.0 Rep=1 → Concordo fortemente
[2026-05-13 11:01:56,198][__main__][INFO] - ✓ [microsoft/phi-4] Temp=0.0 Rep=1 → Discordo fortemente
[2026-05-13 11:01:56,286][__main__][INFO] - ✓ [microsoft/phi-4] Temp=0.0 Rep=1 → Concordo
[2026-05-13 11:01:56,304][__main__][INFO] - ✓ [microsoft/phi-4] Temp=0.0 Rep=1 → Concordo
[2026-05-13 11:01:56,346][__main__][INFO] - ✓ [microsoft/phi-4] Temp=0.0 Rep=1 → Concordo
[2026-05-13 11:01:56,348][__main__][INFO] - ✓ [microsoft/phi-4] Temp=0.0 Rep=1 → Concordo fortemente
[2026-05-13 11:01:56,357][__main__][INFO] - ✓ [microsoft/phi-4] Temp=0.0 Rep=1 → Concordo fortemente
[2026-05-13 11:01:56,375][__main__][INFO] - ✓ [microsoft/phi-4] Temp=0.0 Rep=1 → Discordo fortemente
[2026-05-13 11:01:56,445][__main__][INFO] - ✓ [microsoft/phi-4] Temp=0.0 Rep=1 → Neutro
[2026-05-13 11:01:56,806][__main__][INFO] - ✓ [microsoft/phi-4] Temp=0.0 Rep=1 → Concordo
[2026-05-13 11:01:56,808][__main__][INFO] - ✓ [microsoft/phi-4] Temp=0.0 Rep=1 → Concordo
[2026-05-13 11:01:56,809][__main__][INFO] - ✓ [microsoft/phi-4] Temp=0.0 Rep=1 → Concordo
[2026-05-13 11:01:56,811][__main__][INFO] - ✓ [microsoft/phi-4] Temp=0.0 Rep=1 → Concordo
[2026-05-13 11:01:56,874][__main__][INFO] - ✓ [microsoft/phi-4] Temp=0.0 Rep=1 → Concordo
[2026-05-13 11:01:56,879][__main__][INFO] - Salvamento incremental (1280 novas respostas)...
[2026-05-13 11:01:57,021][__main__][INFO] - Cache salvo com 255636 entradas
[2026-05-13 11:01:57,021][__main__][INFO] - ✓ [microsoft/phi-4] Temp=0.0 Rep=1 → Concordo
[2026-05-13 11:01:57,025][__main__][INFO] - ✓ [microsoft/phi-4] Temp=0.0 Rep=1 → Discordo fortemente
[2026-05-13 11:01:57,026][__main__][INFO] - ✓ [microsoft/phi-4] Temp=0.0 Rep=1 → Concordo
[2026-05-13 11:01:57,026][__main__][INFO] - ✓ [microsoft/phi-4] Temp=0.0 Rep=1 → Concordo
[2026-05-13 11:01:57,035][__main__][INFO] - ✓ [microsoft/phi-4] Temp=0.0 Rep=1 → Concordo
[2026-05-13 11:01:57,037][__main__][INFO] - ✓ [microsoft/phi-4] Temp=0.0 Rep=1 → Neutro
[2026-05-13 11:01:57,038][__main__][INFO] - ✓ [microsoft/phi-4] Temp=0.0 Rep=1 → Concordo fortemente
[2026-05-13 11:01:57,039][__main__][INFO] - ✓ [microsoft/phi-4] Temp=0.0 Rep=1 → Discordo fortemente
[2026-05-13 11:01:57,040][__main__][INFO] - ✓ [microsoft/phi-4] Temp=0.0 Rep=1 → Concordo
[2026-05-13 11:01:57,041][__main__][INFO] - ✓ [microsoft/phi-4] Temp=0.0 Rep=1 → Discordo fortemente
[2026-05-13 11:01:57,042][__main__][INFO] - ✓ [microsoft/phi-4] Temp=0.0 Rep=1 → Neutro
[2026-05-13 11:01:57,045][__main__][INFO] - ✓ [microsoft/phi-4] Temp=0.0 Rep=1 → Concordo fortemente
[2026-05-13 11:01:57,046][__main__][INFO] - ✓ [microsoft/phi-4] Temp=0.0 Rep=1 → Concordo fortemente
[2026-05-13 11:01:57,078][__main__][INFO] - ✓ [microsoft/phi-4] Temp=0.0 Rep=1 → Discordo fortemente
[2026-05-13 11:01:57,107][__main__][INFO] - ✓ [microsoft/phi-4] Temp=0.0 Rep=1 → Concordo fortemente
[2026-05-13 11:01:57,112][__main__][INFO] - ✓ [microsoft/phi-4] Temp=0.0 Rep=1 → Concordo fortemente
[2026-05-13 11:01:57,157][__main__][INFO] - ✓ [microsoft/phi-4] Temp=0.0 Rep=1 → Discordo
[2026-05-13 11:01:57,258][__main__][INFO] - ✓ [microsoft/phi-4] Temp=0.0 Rep=1 → Concordo
[2026-05-13 11:01:57,276][__main__][INFO] - ✓ [microsoft/phi-4] Temp=0.0 Rep=1 → Discordo fortemente
[2026-05-13 11:01:57,445][__main__][INFO] - ✓ [microsoft/phi-4] Temp=0.0 Rep=1 → Neutro
[2026-05-13 11:01:57,448][__main__][INFO] - ✓ [microsoft/phi-4] Temp=0.0 Rep=1 → Neutro
[2026-05-13 11:01:57,450][__main__][INFO] - ✓ [microsoft/phi-4] Temp=0.0 Rep=1 → Concordo
[2026-05-13 11:01:57,462][__main__][INFO] - ✓ [microsoft/phi-4] Temp=0.0 Rep=1 → Concordo
[2026-05-13 11:01:57,480][__main__][INFO] - ✓ [microsoft/phi-4] Temp=0.0 Rep=1 → Concordo fortemente
[2026-05-13 11:01:57,482][__main__][INFO] - ✓ [microsoft/phi-4] Temp=0.0 Rep=1 → Concordo fortemente
[2026-05-13 11:01:57,495][__main__][INFO] - ✓ [microsoft/phi-4] Temp=0.0 Rep=1 → Discordo fortemente
[2026-05-13 11:01:57,497][__main__][INFO] - ✓ [microsoft/phi-4] Temp=0.0 Rep=1 → Concordo fortemente
[2026-05-13 11:01:57,498][__main__][INFO] - ✓ [microsoft/phi-4] Temp=0.0 Rep=1 → Concordo fortemente
[2026-05-13 11:01:57,499][__main__][INFO] - ✓ [microsoft/phi-4] Temp=0.0 Rep=1 → Discordo fortemente
[2026-05-13 11:01:57,500][__main__][INFO] - ✓ [microsoft/phi-4] Temp=0.0 Rep=1 → Concordo fortemente
[2026-05-13 11:01:57,525][__main__][INFO] - ✓ [microsoft/phi-4] Temp=0.0 Rep=1 → Concordo fortemente
[2026-05-13 11:01:57,626][__main__][INFO] - ✓ [microsoft/phi-4] Temp=0.0 Rep=1 → Concordo fortemente
[2026-05-13 11:01:57,627][__main__][INFO] - ✓ [microsoft/phi-4] Temp=0.0 Rep=1 → Concordo fortemente
[2026-05-13 11:01:57,644][__main__][INFO] - ✓ [microsoft/phi-4] Temp=0.0 Rep=1 → Concordo fortemente
[2026-05-13 11:01:57,775][__main__][INFO] - ✓ [microsoft/phi-4] Temp=0.0 Rep=1 → Concordo
[2026-05-13 11:01:57,776][__main__][INFO] - ✓ [microsoft/phi-4] Temp=0.0 Rep=1 → Concordo
[2026-05-13 11:01:57,784][__main__][INFO] - ✓ [microsoft/phi-4] Temp=0.0 Rep=1 → Discordo fortemente
[2026-05-13 11:01:57,801][__main__][INFO] - ✓ [microsoft/phi-4] Temp=0.0 Rep=1 → Discordo fortemente
[2026-05-13 11:01:57,813][__main__][INFO] - ✓ [microsoft/phi-4] Temp=0.0 Rep=1 → Concordo fortemente
[2026-05-13 11:01:57,814][__main__][INFO] - ✓ [microsoft/phi-4] Temp=0.0 Rep=1 → Concordo fortemente
[2026-05-13 11:01:57,967][__main__][INFO] - Salvamento incremental (1320 novas respostas)...
[2026-05-13 11:01:58,030][__main__][INFO] - Cache salvo com 255676 entradas
[2026-05-13 11:01:58,030][__main__][INFO] - ✓ [microsoft/phi-4] Temp=0.0 Rep=1 → Neutro
[2026-05-13 11:01:58,033][__main__][INFO] - ✓ [microsoft/phi-4] Temp=0.0 Rep=1 → Discordo fortemente
[2026-05-13 11:01:58,034][__main__][INFO] - ✓ [microsoft/phi-4] Temp=0.0 Rep=1 → Neutro
[2026-05-13 11:01:58,038][__main__][INFO] - ✓ [microsoft/phi-4] Temp=0.0 Rep=1 → Concordo fortemente
[2026-05-13 11:01:58,039][__main__][INFO] - ✓ [microsoft/phi-4] Temp=0.0 Rep=1 → Concordo fortemente
[2026-05-13 11:01:58,040][__main__][INFO] - ✓ [microsoft/phi-4] Temp=0.0 Rep=1 → Concordo fortemente
[2026-05-13 11:01:58,040][__main__][INFO] - ✓ [microsoft/phi-4] Temp=0.0 Rep=1 → Concordo fortemente
[2026-05-13 11:01:58,041][__main__][INFO] - ✓ [microsoft/phi-4] Temp=0.0 Rep=1 → Concordo fortemente
[2026-05-13 11:01:58,203][__main__][INFO] - ✓ [microsoft/phi-4] Temp=0.0 Rep=1 → Neutro
[2026-05-13 11:01:58,303][__main__][INFO] - ✓ [microsoft/phi-4] Temp=0.0 Rep=1 → Discordo fortemente
[2026-05-13 11:01:58,304][__main__][INFO] - ✓ [microsoft/phi-4] Temp=0.0 Rep=1 → Concordo fortemente
[2026-05-13 11:01:58,305][__main__][INFO] - ✓ [microsoft/phi-4] Temp=0.0 Rep=1 → Concordo fortemente
[2026-05-13 11:01:58,310][__main__][INFO] - ✓ [microsoft/phi-4] Temp=0.0 Rep=1 → Concordo fortemente
[2026-05-13 11:01:58,311][__main__][INFO] - ✓ [microsoft/phi-4] Temp=0.0 Rep=1 → Concordo fortemente
[2026-05-13 11:01:58,311][__main__][INFO] - ✓ [microsoft/phi-4] Temp=0.0 Rep=1 → Concordo
[2026-05-13 11:01:58,437][__main__][INFO] - ✓ [microsoft/phi-4] Temp=0.0 Rep=1 → Concordo
[2026-05-13 11:01:58,452][__main__][INFO] - ✓ [microsoft/phi-4] Temp=0.0 Rep=1 → Concordo
[2026-05-13 11:01:58,453][__main__][INFO] - ✓ [microsoft/phi-4] Temp=0.0 Rep=1 → Concordo
[2026-05-13 11:01:58,459][__main__][INFO] - ✓ [microsoft/phi-4] Temp=0.0 Rep=1 → Discordo
[2026-05-13 11:01:58,460][__main__][INFO] - ✓ [microsoft/phi-4] Temp=0.0 Rep=1 → Concordo
[2026-05-13 11:01:58,462][__main__][INFO] - ✓ [microsoft/phi-4] Temp=0.0 Rep=1 → Concordo
[2026-05-13 11:01:58,492][__main__][INFO] - ✓ [microsoft/phi-4] Temp=0.0 Rep=1 → Concordo fortemente
[2026-05-13 11:01:58,495][__main__][INFO] - ✓ [microsoft/phi-4] Temp=0.0 Rep=1 → Concordo fortemente
[2026-05-13 11:01:58,502][__main__][INFO] - ✓ [microsoft/phi-4] Temp=0.0 Rep=1 → Concordo fortemente
[2026-05-13 11:01:58,654][__main__][INFO] - ✓ [microsoft/phi-4] Temp=0.0 Rep=1 → Concordo
[2026-05-13 11:01:58,655][__main__][INFO] - ✓ [microsoft/phi-4] Temp=0.0 Rep=1 → Concordo
[2026-05-13 11:01:58,673][__main__][INFO] - ✓ [microsoft/phi-4] Temp=0.0 Rep=1 → Concordo
[2026-05-13 11:01:58,681][__main__][INFO] - ✓ [microsoft/phi-4] Temp=0.0 Rep=1 → Concordo
[2026-05-13 11:01:58,683][__main__][INFO] - ✓ [microsoft/phi-4] Temp=0.0 Rep=1 → Discordo
[2026-05-13 11:01:58,716][__main__][INFO] - ✓ [microsoft/phi-4] Temp=0.0 Rep=1 → Concordo fortemente
[2026-05-13 11:01:58,820][__main__][INFO] - ✓ [microsoft/phi-4] Temp=0.0 Rep=1 → Neutro
[2026-05-13 11:01:58,822][__main__][INFO] - ✓ [microsoft/phi-4] Temp=0.0 Rep=1 → Discordo fortemente
[2026-05-13 11:01:58,824][__main__][INFO] - ✓ [microsoft/phi-4] Temp=0.0 Rep=1 → Concordo fortemente
[2026-05-13 11:01:58,900][__main__][INFO] - ✓ [microsoft/phi-4] Temp=0.0 Rep=1 → Discordo
[2026-05-13 11:01:58,903][__main__][INFO] - ✓ [microsoft/phi-4] Temp=0.0 Rep=1 → Concordo
[2026-05-13 11:01:58,905][__main__][INFO] - ✓ [microsoft/phi-4] Temp=0.0 Rep=1 → Concordo
[2026-05-13 11:01:58,907][__main__][INFO] - ✓ [microsoft/phi-4] Temp=0.0 Rep=1 → Concordo
[2026-05-13 11:01:58,929][__main__][INFO] - ✓ [microsoft/phi-4] Temp=0.0 Rep=1 → Concordo
[2026-05-13 11:01:59,022][__main__][INFO] - ✓ [microsoft/phi-4] Temp=0.0 Rep=1 → Concordo fortemente
[2026-05-13 11:01:59,048][__main__][INFO] - ✓ [microsoft/phi-4] Temp=0.0 Rep=1 → Concordo
[2026-05-13 11:01:59,075][__main__][INFO] - Salvamento incremental (1360 novas respostas)...
[2026-05-13 11:01:59,132][__main__][INFO] - Cache salvo com 255716 entradas
[2026-05-13 11:01:59,133][__main__][INFO] - ✓ [microsoft/phi-4] Temp=0.0 Rep=1 → Neutro
[2026-05-13 11:01:59,158][__main__][INFO] - ✓ [microsoft/phi-4] Temp=0.0 Rep=1 → Concordo fortemente
[2026-05-13 11:01:59,159][__main__][INFO] - ✓ [microsoft/phi-4] Temp=0.0 Rep=1 → Concordo fortemente
[2026-05-13 11:01:59,161][__main__][INFO] - ✓ [microsoft/phi-4] Temp=0.0 Rep=1 → Discordo fortemente
[2026-05-13 11:01:59,190][__main__][INFO] - ✓ [microsoft/phi-4] Temp=0.0 Rep=1 → Concordo fortemente
[2026-05-13 11:01:59,345][__main__][INFO] - ✓ [microsoft/phi-4] Temp=0.0 Rep=1 → Discordo fortemente
[2026-05-13 11:01:59,349][__main__][INFO] - ✓ [microsoft/phi-4] Temp=0.0 Rep=1 → Concordo fortemente
[2026-05-13 11:01:59,350][__main__][INFO] - ✓ [microsoft/phi-4] Temp=0.0 Rep=1 → Concordo fortemente
[2026-05-13 11:01:59,351][__main__][INFO] - ✓ [microsoft/phi-4] Temp=0.0 Rep=1 → Neutro
[2026-05-13 11:01:59,354][__main__][INFO] - ✓ [microsoft/phi-4] Temp=0.0 Rep=1 → Concordo
[2026-05-13 11:01:59,356][__main__][INFO] - ✓ [microsoft/phi-4] Temp=0.0 Rep=1 → Discordo fortemente
[2026-05-13 11:01:59,357][__main__][INFO] - ✓ [microsoft/phi-4] Temp=0.0 Rep=1 → Concordo fortemente
[2026-05-13 11:01:59,358][__main__][INFO] - ✓ [microsoft/phi-4] Temp=0.0 Rep=1 → Concordo fortemente
[2026-05-13 11:01:59,359][__main__][INFO] - ✓ [microsoft/phi-4] Temp=0.0 Rep=1 → Concordo fortemente
[2026-05-13 11:01:59,528][__main__][INFO] - ✓ [microsoft/phi-4] Temp=0.0 Rep=1 → Concordo
[2026-05-13 11:01:59,557][__main__][INFO] - ✓ [microsoft/phi-4] Temp=0.0 Rep=1 → Discordo
[2026-05-13 11:01:59,558][__main__][INFO] - ✓ [microsoft/phi-4] Temp=0.0 Rep=1 → Neutro
[2026-05-13 11:01:59,561][__main__][INFO] - ✓ [microsoft/phi-4] Temp=0.0 Rep=1 → Concordo
[2026-05-13 11:01:59,604][__main__][INFO] - ✓ [microsoft/phi-4] Temp=0.0 Rep=1 → Concordo
[2026-05-13 11:01:59,609][__main__][INFO] - ✓ [microsoft/phi-4] Temp=0.0 Rep=1 → Discordo
[2026-05-13 11:01:59,778][__main__][INFO] - ✓ [microsoft/phi-4] Temp=0.0 Rep=1 → Concordo fortemente
[2026-05-13 11:01:59,868][__main__][INFO] - ✓ [microsoft/phi-4] Temp=0.0 Rep=1 → Discordo fortemente
[2026-05-13 11:02:00,081][__main__][INFO] - ✓ [microsoft/phi-4] Temp=0.0 Rep=1 → Discordo
[2026-05-13 11:02:00,082][__main__][INFO] - ✓ [microsoft/phi-4] Temp=0.0 Rep=1 → Concordo
[2026-05-13 11:02:00,103][__main__][INFO] - ✓ [microsoft/phi-4] Temp=0.0 Rep=1 → Concordo
[2026-05-13 11:02:00,105][__main__][INFO] - ✓ [microsoft/phi-4] Temp=0.0 Rep=1 → Concordo
[2026-05-13 11:02:00,107][__main__][INFO] - ✓ [microsoft/phi-4] Temp=0.0 Rep=1 → Neutro
[2026-05-13 11:02:00,115][__main__][INFO] - ✓ [microsoft/phi-4] Temp=0.0 Rep=1 → Discordo fortemente
[2026-05-13 11:02:00,116][__main__][INFO] - ✓ [microsoft/phi-4] Temp=0.0 Rep=1 → Neutro
[2026-05-13 11:02:00,118][__main__][INFO] - ✓ [microsoft/phi-4] Temp=0.0 Rep=1 → Concordo
[2026-05-13 11:02:00,151][__main__][INFO] - ✓ [microsoft/phi-4] Temp=0.0 Rep=1 → Discordo fortemente
[2026-05-13 11:02:00,246][__main__][INFO] - ✓ [microsoft/phi-4] Temp=0.0 Rep=1 → Concordo fortemente
[2026-05-13 11:02:00,261][__main__][INFO] - ✓ [microsoft/phi-4] Temp=0.0 Rep=1 → Concordo fortemente
[2026-05-13 11:02:00,392][__main__][INFO] - ✓ [microsoft/phi-4] Temp=0.0 Rep=1 → Concordo fortemente
[2026-05-13 11:02:00,394][__main__][INFO] - ✓ [microsoft/phi-4] Temp=0.0 Rep=1 → Concordo fortemente
[2026-05-13 11:02:00,396][__main__][INFO] - ✓ [microsoft/phi-4] Temp=0.0 Rep=1 → Concordo fortemente
[2026-05-13 11:02:00,396][__main__][INFO] - ✓ [microsoft/phi-4] Temp=0.0 Rep=1 → Concordo fortemente
[2026-05-13 11:02:00,422][__main__][INFO] - ✓ [microsoft/phi-4] Temp=0.0 Rep=1 → Neutro
[2026-05-13 11:02:00,422][__main__][INFO] - ✓ [microsoft/phi-4] Temp=0.0 Rep=1 → Concordo
[2026-05-13 11:02:00,423][__main__][INFO] - ✓ [microsoft/phi-4] Temp=0.0 Rep=1 → Concordo
[2026-05-13 11:02:00,426][__main__][INFO] - Salvamento incremental (1400 novas respostas)...
[2026-05-13 11:02:00,510][__main__][INFO] - Cache salvo com 255756 entradas
[2026-05-13 11:02:00,511][__main__][INFO] - ✓ [microsoft/phi-4] Temp=0.0 Rep=1 → Neutro
[2026-05-13 11:02:00,529][__main__][INFO] - ✓ [microsoft/phi-4] Temp=0.0 Rep=1 → Neutro
[2026-05-13 11:02:00,529][__main__][INFO] - ✓ [microsoft/phi-4] Temp=0.0 Rep=1 → Concordo
[2026-05-13 11:02:00,530][__main__][INFO] - ✓ [microsoft/phi-4] Temp=0.0 Rep=1 → Concordo
[2026-05-13 11:02:00,531][__main__][INFO] - ✓ [microsoft/phi-4] Temp=0.0 Rep=1 → Concordo
[2026-05-13 11:02:00,531][__main__][INFO] - ✓ [microsoft/phi-4] Temp=0.0 Rep=1 → Discordo fortemente
[2026-05-13 11:02:00,532][__main__][INFO] - ✓ [microsoft/phi-4] Temp=0.0 Rep=1 → Neutro
[2026-05-13 11:02:00,532][__main__][INFO] - ✓ [microsoft/phi-4] Temp=0.0 Rep=1 → Concordo fortemente
[2026-05-13 11:02:00,533][__main__][INFO] - ✓ [microsoft/phi-4] Temp=0.0 Rep=1 → Concordo fortemente
[2026-05-13 11:02:00,533][__main__][INFO] - ✓ [microsoft/phi-4] Temp=0.0 Rep=1 → Discordo fortemente
[2026-05-13 11:02:00,536][__main__][INFO] - ✓ [microsoft/phi-4] Temp=0.0 Rep=1 → Concordo
[2026-05-13 11:02:00,537][__main__][INFO] - ✓ [microsoft/phi-4] Temp=0.0 Rep=1 → Concordo fortemente
[2026-05-13 11:02:00,916][__main__][INFO] - ✓ [microsoft/phi-4] Temp=0.0 Rep=1 → Concordo fortemente
[2026-05-13 11:02:00,981][__main__][INFO] - ✓ [microsoft/phi-4] Temp=0.0 Rep=1 → Concordo
[2026-05-13 11:02:00,982][__main__][INFO] - ✓ [microsoft/phi-4] Temp=0.0 Rep=1 → Concordo
[2026-05-13 11:02:00,992][__main__][INFO] - ✓ [microsoft/phi-4] Temp=0.0 Rep=1 → Concordo
[2026-05-13 11:02:01,129][__main__][INFO] - ✓ [microsoft/phi-4] Temp=0.0 Rep=1 → Concordo
[2026-05-13 11:02:01,132][__main__][INFO] - ✓ [microsoft/phi-4] Temp=0.0 Rep=1 → Concordo
[2026-05-13 11:02:01,134][__main__][INFO] - ✓ [microsoft/phi-4] Temp=0.0 Rep=1 → Concordo
[2026-05-13 11:02:01,143][__main__][INFO] - ✓ [microsoft/phi-4] Temp=0.0 Rep=1 → Concordo
[2026-05-13 11:02:01,164][__main__][INFO] - ✓ [microsoft/phi-4] Temp=0.0 Rep=1 → Concordo
[2026-05-13 11:02:01,166][__main__][INFO] - ✓ [microsoft/phi-4] Temp=0.0 Rep=1 → Concordo
[2026-05-13 11:02:01,211][__main__][INFO] - ✓ [microsoft/phi-4] Temp=0.0 Rep=1 → Concordo
[2026-05-13 11:02:01,213][__main__][INFO] - ✓ [microsoft/phi-4] Temp=0.0 Rep=1 → Concordo
[2026-05-13 11:02:01,221][__main__][INFO] - ✓ [microsoft/phi-4] Temp=0.0 Rep=1 → Concordo
[2026-05-13 11:02:01,222][__main__][INFO] - ✓ [microsoft/phi-4] Temp=0.0 Rep=1 → Concordo
[2026-05-13 11:02:01,225][__main__][INFO] - ✓ [microsoft/phi-4] Temp=0.0 Rep=1 → Concordo
[2026-05-13 11:02:01,280][__main__][INFO] - ✓ [microsoft/phi-4] Temp=0.0 Rep=1 → Neutro
[2026-05-13 11:02:01,280][__main__][INFO] - ✓ [microsoft/phi-4] Temp=0.0 Rep=1 → Concordo fortemente
[2026-05-13 11:02:01,285][__main__][INFO] - ✓ [microsoft/phi-4] Temp=0.0 Rep=1 → Neutro
[2026-05-13 11:02:01,286][__main__][INFO] - ✓ [microsoft/phi-4] Temp=0.0 Rep=1 → Neutro
[2026-05-13 11:02:01,297][__main__][INFO] - ✓ [microsoft/phi-4] Temp=0.0 Rep=1 → Discordo fortemente
[2026-05-13 11:02:01,299][__main__][INFO] - ✓ [microsoft/phi-4] Temp=0.0 Rep=1 → Discordo fortemente
[2026-05-13 11:02:01,305][__main__][INFO] - ✓ [microsoft/phi-4] Temp=0.0 Rep=1 → Concordo
[2026-05-13 11:02:01,311][__main__][INFO] - ✓ [microsoft/phi-4] Temp=0.0 Rep=1 → Concordo fortemente
[2026-05-13 11:02:01,313][__main__][INFO] - ✓ [microsoft/phi-4] Temp=0.0 Rep=1 → Concordo fortemente
[2026-05-13 11:02:01,313][__main__][INFO] - ✓ [microsoft/phi-4] Temp=0.0 Rep=1 → Concordo fortemente
[2026-05-13 11:02:01,342][__main__][INFO] - ✓ [microsoft/phi-4] Temp=0.0 Rep=1 → Concordo
[2026-05-13 11:02:01,441][__main__][INFO] - ✓ [microsoft/phi-4] Temp=0.0 Rep=1 → Neutro
[2026-05-13 11:02:01,442][__main__][INFO] - ✓ [microsoft/phi-4] Temp=0.0 Rep=1 → Concordo fortemente
[2026-05-13 11:02:01,479][__main__][INFO] - Salvamento incremental (1440 novas respostas)...
[2026-05-13 11:02:01,535][__main__][INFO] - Cache salvo com 255796 entradas
[2026-05-13 11:02:01,535][__main__][INFO] - ✓ [microsoft/phi-4] Temp=0.0 Rep=1 → Discordo
[2026-05-13 11:02:01,538][__main__][INFO] - ✓ [microsoft/phi-4] Temp=0.0 Rep=1 → Concordo fortemente
[2026-05-13 11:02:01,539][__main__][INFO] - ✓ [microsoft/phi-4] Temp=0.0 Rep=1 → Concordo fortemente
[2026-05-13 11:02:01,539][__main__][INFO] - ✓ [microsoft/phi-4] Temp=0.0 Rep=1 → Neutro
[2026-05-13 11:02:01,540][__main__][INFO] - ✓ [microsoft/phi-4] Temp=0.0 Rep=1 → Concordo
[2026-05-13 11:02:01,543][__main__][INFO] - ✓ [microsoft/phi-4] Temp=0.0 Rep=1 → Concordo
[2026-05-13 11:02:01,544][__main__][INFO] - ✓ [microsoft/phi-4] Temp=0.0 Rep=1 → Neutro
[2026-05-13 11:02:01,545][__main__][INFO] - ✓ [microsoft/phi-4] Temp=0.0 Rep=1 → Discordo fortemente
[2026-05-13 11:02:01,555][__main__][INFO] - ✓ [microsoft/phi-4] Temp=0.0 Rep=1 → Concordo fortemente
[2026-05-13 11:02:01,568][__main__][INFO] - ✓ [microsoft/phi-4] Temp=0.0 Rep=1 → Concordo fortemente
[2026-05-13 11:02:01,571][__main__][INFO] - ✓ [microsoft/phi-4] Temp=0.0 Rep=1 → Concordo fortemente
[2026-05-13 11:02:02,178][__main__][INFO] - ✓ [microsoft/phi-4] Temp=0.0 Rep=1 → Concordo
[2026-05-13 11:02:02,189][__main__][INFO] - ✓ [microsoft/phi-4] Temp=0.0 Rep=1 → Concordo
[2026-05-13 11:02:02,200][__main__][INFO] - ✓ [microsoft/phi-4] Temp=0.0 Rep=1 → Concordo
[2026-05-13 11:02:02,206][__main__][INFO] - ✓ [microsoft/phi-4] Temp=0.0 Rep=1 → Discordo
[2026-05-13 11:02:02,234][__main__][INFO] - ✓ [microsoft/phi-4] Temp=0.0 Rep=1 → Discordo fortemente
[2026-05-13 11:02:02,243][__main__][INFO] - ✓ [microsoft/phi-4] Temp=0.0 Rep=1 → Neutro
[2026-05-13 11:02:02,245][__main__][INFO] - ✓ [microsoft/phi-4] Temp=0.0 Rep=1 → Concordo
[2026-05-13 11:02:02,270][__main__][INFO] - ✓ [microsoft/phi-4] Temp=0.0 Rep=1 → Discordo fortemente
[2026-05-13 11:02:02,362][__main__][INFO] - ✓ [microsoft/phi-4] Temp=0.0 Rep=1 → Concordo fortemente
[2026-05-13 11:02:02,372][__main__][INFO] - ✓ [microsoft/phi-4] Temp=0.0 Rep=1 → Discordo fortemente
[2026-05-13 11:02:02,389][__main__][INFO] - ✓ [microsoft/phi-4] Temp=0.0 Rep=1 → Concordo
[2026-05-13 11:02:02,394][__main__][INFO] - ✓ [microsoft/phi-4] Temp=0.0 Rep=1 → Concordo fortemente
[2026-05-13 11:02:02,400][__main__][INFO] - ✓ [microsoft/phi-4] Temp=0.0 Rep=1 → Concordo fortemente
[2026-05-13 11:02:02,400][__main__][INFO] - ✓ [microsoft/phi-4] Temp=0.0 Rep=1 → Concordo fortemente
[2026-05-13 11:02:02,403][__main__][INFO] - ✓ [microsoft/phi-4] Temp=0.0 Rep=1 → Concordo
[2026-05-13 11:02:02,404][__main__][INFO] - ✓ [microsoft/phi-4] Temp=0.0 Rep=1 → Concordo fortemente
[2026-05-13 11:02:02,404][__main__][INFO] - ✓ [microsoft/phi-4] Temp=0.0 Rep=1 → Concordo
[2026-05-13 11:02:02,406][__main__][INFO] - ✓ [microsoft/phi-4] Temp=0.0 Rep=1 → Concordo fortemente
[2026-05-13 11:02:02,489][__main__][INFO] - ✓ [microsoft/phi-4] Temp=0.0 Rep=1 → Neutro
[2026-05-13 11:02:02,490][__main__][INFO] - ✓ [microsoft/phi-4] Temp=0.0 Rep=1 → Neutro
[2026-05-13 11:02:02,491][__main__][INFO] - ✓ [microsoft/phi-4] Temp=0.0 Rep=1 → Discordo fortemente
[2026-05-13 11:02:02,491][__main__][INFO] - ✓ [microsoft/phi-4] Temp=0.0 Rep=1 → Discordo fortemente
[2026-05-13 11:02:02,492][__main__][INFO] - ✓ [microsoft/phi-4] Temp=0.0 Rep=1 → Concordo fortemente
[2026-05-13 11:02:02,492][__main__][INFO] - ✓ [microsoft/phi-4] Temp=0.0 Rep=1 → Neutro
[2026-05-13 11:02:02,493][__main__][INFO] - ✓ [microsoft/phi-4] Temp=0.0 Rep=1 → Concordo
[2026-05-13 11:02:02,493][__main__][INFO] - ✓ [microsoft/phi-4] Temp=0.0 Rep=1 → Discordo fortemente
[2026-05-13 11:02:02,494][__main__][INFO] - ✓ [microsoft/phi-4] Temp=0.0 Rep=1 → Discordo fortemente
[2026-05-13 11:02:02,495][__main__][INFO] - ✓ [microsoft/phi-4] Temp=0.0 Rep=1 → Concordo fortemente
[2026-05-13 11:02:02,503][__main__][INFO] - ✓ [microsoft/phi-4] Temp=0.0 Rep=1 → Concordo
[2026-05-13 11:02:02,519][__main__][INFO] - Salvamento incremental (1480 novas respostas)...
[2026-05-13 11:02:02,589][__main__][INFO] - Cache salvo com 255836 entradas
[2026-05-13 11:02:02,589][__main__][INFO] - ✓ [microsoft/phi-4] Temp=0.0 Rep=1 → Discordo fortemente
[2026-05-13 11:02:02,639][__main__][INFO] - ✓ [microsoft/phi-4] Temp=0.0 Rep=1 → Concordo fortemente
[2026-05-13 11:02:02,856][__main__][INFO] - ✓ [microsoft/phi-4] Temp=0.0 Rep=1 → Discordo
[2026-05-13 11:02:03,020][__main__][INFO] - ✓ [microsoft/phi-4] Temp=0.0 Rep=1 → Concordo
[2026-05-13 11:02:03,021][__main__][INFO] - ✓ [microsoft/phi-4] Temp=0.0 Rep=1 → Concordo
[2026-05-13 11:02:03,054][__main__][INFO] - ✓ [microsoft/phi-4] Temp=0.0 Rep=1 → Concordo
[2026-05-13 11:02:03,056][__main__][INFO] - ✓ [microsoft/phi-4] Temp=0.0 Rep=1 → Concordo fortemente
[2026-05-13 11:02:03,059][__main__][INFO] - ✓ [microsoft/phi-4] Temp=0.0 Rep=1 → Concordo
[2026-05-13 11:02:03,063][__main__][INFO] - ✓ [microsoft/phi-4] Temp=0.0 Rep=1 → Concordo
[2026-05-13 11:02:03,067][__main__][INFO] - ✓ [microsoft/phi-4] Temp=0.0 Rep=1 → Concordo fortemente
[2026-05-13 11:02:03,068][__main__][INFO] - ✓ [microsoft/phi-4] Temp=0.0 Rep=1 → Discordo fortemente
[2026-05-13 11:02:03,069][__main__][INFO] - ✓ [microsoft/phi-4] Temp=0.0 Rep=1 → Discordo fortemente
[2026-05-13 11:02:03,069][__main__][INFO] - ✓ [microsoft/phi-4] Temp=0.0 Rep=1 → Concordo
[2026-05-13 11:02:03,070][__main__][INFO] - ✓ [microsoft/phi-4] Temp=0.0 Rep=1 → Concordo
[2026-05-13 11:02:03,074][__main__][INFO] - ✓ [microsoft/phi-4] Temp=0.0 Rep=1 → Discordo fortemente
[2026-05-13 11:02:03,103][__main__][INFO] - ✓ [microsoft/phi-4] Temp=0.0 Rep=1 → Discordo fortemente
[2026-05-13 11:02:03,133][__main__][INFO] - ✓ [microsoft/phi-4] Temp=0.0 Rep=1 → Concordo fortemente
[2026-05-13 11:02:03,232][__main__][INFO] - ✓ [microsoft/phi-4] Temp=0.0 Rep=1 → Neutro
[2026-05-13 11:02:03,233][__main__][INFO] - ✓ [microsoft/phi-4] Temp=0.0 Rep=1 → Concordo
[2026-05-13 11:02:03,235][__main__][INFO] - ✓ [microsoft/phi-4] Temp=0.0 Rep=1 → Concordo
[2026-05-13 11:02:03,236][__main__][INFO] - ✓ [microsoft/phi-4] Temp=0.0 Rep=1 → Concordo
[2026-05-13 11:02:03,258][__main__][INFO] - ✓ [microsoft/phi-4] Temp=0.0 Rep=1 → Discordo fortemente
[2026-05-13 11:02:03,279][__main__][INFO] - ✓ [microsoft/phi-4] Temp=0.0 Rep=1 → Concordo fortemente
[2026-05-13 11:02:03,280][__main__][INFO] - ✓ [microsoft/phi-4] Temp=0.0 Rep=1 → Concordo fortemente
[2026-05-13 11:02:03,280][__main__][INFO] - ✓ [microsoft/phi-4] Temp=0.0 Rep=1 → Concordo fortemente
[2026-05-13 11:02:03,289][__main__][INFO] - ✓ [microsoft/phi-4] Temp=0.0 Rep=1 → Concordo fortemente
[2026-05-13 11:02:03,326][__main__][INFO] - ✓ [microsoft/phi-4] Temp=0.0 Rep=1 → Discordo fortemente
[2026-05-13 11:02:03,629][__main__][INFO] - ✓ [microsoft/phi-4] Temp=0.0 Rep=1 → Concordo
[2026-05-13 11:02:03,662][__main__][INFO] - ✓ [microsoft/phi-4] Temp=0.0 Rep=1 → Discordo fortemente
[2026-05-13 11:02:03,663][__main__][INFO] - ✓ [microsoft/phi-4] Temp=0.0 Rep=1 → Concordo
[2026-05-13 11:02:03,665][__main__][INFO] - ✓ [microsoft/phi-4] Temp=0.0 Rep=1 → Concordo
[2026-05-13 11:02:03,679][__main__][INFO] - ✓ [microsoft/phi-4] Temp=0.0 Rep=1 → Concordo fortemente
[2026-05-13 11:02:03,681][__main__][INFO] - ✓ [microsoft/phi-4] Temp=0.0 Rep=1 → Neutro
[2026-05-13 11:02:03,689][__main__][INFO] - ✓ [microsoft/phi-4] Temp=0.0 Rep=1 → Concordo
[2026-05-13 11:02:03,690][__main__][INFO] - ✓ [microsoft/phi-4] Temp=0.0 Rep=1 → Discordo fortemente
[2026-05-13 11:02:03,693][__main__][INFO] - ✓ [microsoft/phi-4] Temp=0.0 Rep=1 → Discordo fortemente
[2026-05-13 11:02:03,695][__main__][INFO] - ✓ [microsoft/phi-4] Temp=0.0 Rep=1 → Neutro
[2026-05-13 11:02:03,697][__main__][INFO] - ✓ [microsoft/phi-4] Temp=0.0 Rep=1 → Discordo fortemente
[2026-05-13 11:02:03,708][__main__][INFO] - ✓ [microsoft/phi-4] Temp=0.0 Rep=1 → Concordo fortemente
[2026-05-13 11:02:03,715][__main__][INFO] - ✓ [microsoft/phi-4] Temp=0.0 Rep=1 → Discordo fortemente
[2026-05-13 11:02:03,721][__main__][INFO] - Salvamento incremental (1520 novas respostas)...
[2026-05-13 11:02:03,805][__main__][INFO] - Cache salvo com 255876 entradas
[2026-05-13 11:02:03,805][__main__][INFO] - ✓ [microsoft/phi-4] Temp=0.0 Rep=1 → Concordo fortemente
[2026-05-13 11:02:03,806][__main__][INFO] - ✓ [microsoft/phi-4] Temp=0.0 Rep=1 → Concordo fortemente
[2026-05-13 11:02:04,129][__main__][INFO] - ✓ [microsoft/phi-4] Temp=0.0 Rep=1 → Discordo
[2026-05-13 11:02:04,133][__main__][INFO] - ✓ [microsoft/phi-4] Temp=0.0 Rep=1 → Concordo
[2026-05-13 11:02:04,167][__main__][INFO] - ✓ [microsoft/phi-4] Temp=0.0 Rep=1 → Concordo
[2026-05-13 11:02:04,192][__main__][INFO] - ✓ [microsoft/phi-4] Temp=0.0 Rep=1 → Discordo fortemente
[2026-05-13 11:02:04,194][__main__][INFO] - ✓ [microsoft/phi-4] Temp=0.0 Rep=1 → Discordo fortemente
[2026-05-13 11:02:04,197][__main__][INFO] - ✓ [microsoft/phi-4] Temp=0.0 Rep=1 → Concordo fortemente
[2026-05-13 11:02:04,200][__main__][INFO] - ✓ [microsoft/phi-4] Temp=0.0 Rep=1 → Discordo fortemente
[2026-05-13 11:02:04,244][__main__][INFO] - ✓ [microsoft/phi-4] Temp=0.0 Rep=1 → Concordo fortemente
[2026-05-13 11:02:04,255][__main__][INFO] - ✓ [microsoft/phi-4] Temp=0.0 Rep=1 → Concordo fortemente
[2026-05-13 11:02:04,283][__main__][INFO] - ✓ [microsoft/phi-4] Temp=0.0 Rep=1 → Discordo fortemente
[2026-05-13 11:02:04,305][__main__][INFO] - ✓ [microsoft/phi-4] Temp=0.0 Rep=1 → Concordo
[2026-05-13 11:02:04,307][__main__][INFO] - ✓ [microsoft/phi-4] Temp=0.0 Rep=1 → Discordo fortemente
[2026-05-13 11:02:04,310][__main__][INFO] - ✓ [microsoft/phi-4] Temp=0.0 Rep=1 → Concordo fortemente
[2026-05-13 11:02:04,436][__main__][INFO] - ✓ [microsoft/phi-4] Temp=0.0 Rep=1 → Neutro
[2026-05-13 11:02:04,444][__main__][INFO] - ✓ [microsoft/phi-4] Temp=0.0 Rep=1 → Concordo fortemente
[2026-05-13 11:02:04,446][__main__][INFO] - ✓ [microsoft/phi-4] Temp=0.0 Rep=1 → Concordo fortemente
[2026-05-13 11:02:04,460][__main__][INFO] - ✓ [microsoft/phi-4] Temp=0.0 Rep=1 → Neutro
[2026-05-13 11:02:04,461][__main__][INFO] - ✓ [microsoft/phi-4] Temp=0.0 Rep=1 → Discordo fortemente
[2026-05-13 11:02:04,471][__main__][INFO] - ✓ [microsoft/phi-4] Temp=0.0 Rep=1 → Neutro
[2026-05-13 11:02:04,472][__main__][INFO] - ✓ [microsoft/phi-4] Temp=0.0 Rep=1 → Neutro
[2026-05-13 11:02:04,474][__main__][INFO] - ✓ [microsoft/phi-4] Temp=0.0 Rep=1 → Concordo fortemente
[2026-05-13 11:02:04,477][__main__][INFO] - ✓ [microsoft/phi-4] Temp=0.0 Rep=1 → Concordo
[2026-05-13 11:02:04,588][__main__][INFO] - ✓ [microsoft/phi-4] Temp=0.0 Rep=1 → Discordo fortemente
[2026-05-13 11:02:04,589][__main__][INFO] - ✓ [microsoft/phi-4] Temp=0.0 Rep=1 → Concordo fortemente
[2026-05-13 11:02:04,591][__main__][INFO] - ✓ [microsoft/phi-4] Temp=0.0 Rep=1 → Concordo fortemente
[2026-05-13 11:02:04,597][__main__][INFO] - ✓ [microsoft/phi-4] Temp=0.0 Rep=1 → Concordo fortemente
[2026-05-13 11:02:04,601][__main__][INFO] - ✓ [microsoft/phi-4] Temp=0.0 Rep=1 → Concordo fortemente
[2026-05-13 11:02:04,616][__main__][INFO] - ✓ [microsoft/phi-4] Temp=0.0 Rep=1 → Concordo
[2026-05-13 11:02:04,618][__main__][INFO] - ✓ [microsoft/phi-4] Temp=0.0 Rep=1 → Neutro
[2026-05-13 11:02:04,643][__main__][INFO] - ✓ [microsoft/phi-4] Temp=0.0 Rep=1 → Concordo
[2026-05-13 11:02:04,645][__main__][INFO] - ✓ [microsoft/phi-4] Temp=0.0 Rep=1 → Neutro
[2026-05-13 11:02:04,673][__main__][INFO] - ✓ [microsoft/phi-4] Temp=0.0 Rep=1 → Discordo fortemente
[2026-05-13 11:02:04,743][__main__][INFO] - ✓ [microsoft/phi-4] Temp=0.0 Rep=1 → Concordo fortemente
[2026-05-13 11:02:04,795][__main__][INFO] - ✓ [microsoft/phi-4] Temp=0.0 Rep=1 → Concordo
[2026-05-13 11:02:04,802][__main__][INFO] - ✓ [microsoft/phi-4] Temp=0.0 Rep=1 → Concordo
[2026-05-13 11:02:04,806][__main__][INFO] - ✓ [microsoft/phi-4] Temp=0.0 Rep=1 → Concordo
[2026-05-13 11:02:04,810][__main__][INFO] - ✓ [microsoft/phi-4] Temp=0.0 Rep=1 → Concordo
[2026-05-13 11:02:04,836][__main__][INFO] - ✓ [microsoft/phi-4] Temp=0.0 Rep=1 → Discordo fortemente
[2026-05-13 11:02:04,875][__main__][INFO] - Salvamento incremental (1560 novas respostas)...
[2026-05-13 11:02:04,931][__main__][INFO] - Cache salvo com 255916 entradas
[2026-05-13 11:02:04,931][__main__][INFO] - ✓ [microsoft/phi-4] Temp=0.0 Rep=1 → Concordo fortemente
[2026-05-13 11:02:05,116][__main__][INFO] - ✓ [microsoft/phi-4] Temp=0.0 Rep=1 → Concordo
[2026-05-13 11:02:05,150][__main__][INFO] - ✓ [microsoft/phi-4] Temp=0.0 Rep=1 → Concordo
[2026-05-13 11:02:05,151][__main__][INFO] - ✓ [microsoft/phi-4] Temp=0.0 Rep=1 → Concordo
[2026-05-13 11:02:05,238][__main__][INFO] - ✓ [microsoft/phi-4] Temp=0.0 Rep=1 → Concordo
[2026-05-13 11:02:05,241][__main__][INFO] - ✓ [microsoft/phi-4] Temp=0.0 Rep=1 → Concordo
[2026-05-13 11:02:05,242][__main__][INFO] - ✓ [microsoft/phi-4] Temp=0.0 Rep=1 → Concordo fortemente
[2026-05-13 11:02:05,244][__main__][INFO] - ✓ [microsoft/phi-4] Temp=0.0 Rep=1 → Discordo fortemente
[2026-05-13 11:02:05,262][__main__][INFO] - ✓ [microsoft/phi-4] Temp=0.0 Rep=1 → Discordo fortemente
[2026-05-13 11:02:05,274][__main__][INFO] - ✓ [microsoft/phi-4] Temp=0.0 Rep=1 → Concordo
[2026-05-13 11:02:05,288][__main__][INFO] - ✓ [microsoft/phi-4] Temp=0.0 Rep=1 → Discordo fortemente
[2026-05-13 11:02:05,300][__main__][INFO] - ✓ [microsoft/phi-4] Temp=0.0 Rep=1 → Discordo fortemente
[2026-05-13 11:02:05,301][__main__][INFO] - ✓ [microsoft/phi-4] Temp=0.0 Rep=1 → Concordo fortemente
[2026-05-13 11:02:05,305][__main__][INFO] - ✓ [microsoft/phi-4] Temp=0.0 Rep=1 → Concordo
[2026-05-13 11:02:05,315][__main__][INFO] - ✓ [microsoft/phi-4] Temp=0.0 Rep=1 → Concordo fortemente
[2026-05-13 11:02:05,320][__main__][INFO] - ✓ [microsoft/phi-4] Temp=0.0 Rep=1 → Concordo fortemente
[2026-05-13 11:02:05,337][__main__][INFO] - ✓ [microsoft/phi-4] Temp=0.0 Rep=1 → Concordo
[2026-05-13 11:02:05,346][__main__][INFO] - ✓ [microsoft/phi-4] Temp=0.0 Rep=1 → Neutro
[2026-05-13 11:02:05,369][__main__][INFO] - ✓ [microsoft/phi-4] Temp=0.0 Rep=1 → Concordo fortemente
[2026-05-13 11:02:05,451][__main__][INFO] - ✓ [microsoft/phi-4] Temp=0.0 Rep=1 → Neutro
[2026-05-13 11:02:05,457][__main__][INFO] - ✓ [microsoft/phi-4] Temp=0.0 Rep=1 → Concordo
[2026-05-13 11:02:05,471][__main__][INFO] - ✓ [microsoft/phi-4] Temp=0.0 Rep=1 → Concordo fortemente
[2026-05-13 11:02:05,499][__main__][INFO] - ✓ [microsoft/phi-4] Temp=0.0 Rep=1 → Concordo
[2026-05-13 11:02:05,505][__main__][INFO] - ✓ [microsoft/phi-4] Temp=0.0 Rep=1 → Concordo
[2026-05-13 11:02:05,636][__main__][INFO] - ✓ [microsoft/phi-4] Temp=0.0 Rep=1 → Concordo fortemente
[2026-05-13 11:02:05,655][__main__][INFO] - ✓ [microsoft/phi-4] Temp=0.0 Rep=1 → Concordo fortemente
[2026-05-13 11:02:05,661][__main__][INFO] - ✓ [microsoft/phi-4] Temp=0.0 Rep=1 → Discordo fortemente
[2026-05-13 11:02:05,697][__main__][INFO] - ✓ [microsoft/phi-4] Temp=0.0 Rep=1 → Concordo
[2026-05-13 11:02:05,699][__main__][INFO] - ✓ [microsoft/phi-4] Temp=0.0 Rep=1 → Concordo
[2026-05-13 11:02:05,702][__main__][INFO] - ✓ [microsoft/phi-4] Temp=0.0 Rep=1 → Concordo
[2026-05-13 11:02:05,723][__main__][INFO] - ✓ [microsoft/phi-4] Temp=0.0 Rep=1 → Neutro
[2026-05-13 11:02:05,759][__main__][INFO] - ✓ [microsoft/phi-4] Temp=0.0 Rep=1 → Discordo fortemente
[2026-05-13 11:02:05,792][__main__][INFO] - ✓ [microsoft/phi-4] Temp=0.0 Rep=1 → Concordo fortemente
[2026-05-13 11:02:05,821][__main__][INFO] - ✓ [microsoft/phi-4] Temp=0.0 Rep=1 → Concordo
[2026-05-13 11:02:05,860][__main__][INFO] - ✓ [microsoft/phi-4] Temp=0.0 Rep=1 → Concordo fortemente
[2026-05-13 11:02:05,874][__main__][INFO] - ✓ [microsoft/phi-4] Temp=0.0 Rep=1 → Concordo fortemente
[2026-05-13 11:02:06,159][__main__][INFO] - ✓ [microsoft/phi-4] Temp=0.0 Rep=1 → Concordo
[2026-05-13 11:02:06,161][__main__][INFO] - ✓ [microsoft/phi-4] Temp=0.0 Rep=1 → Concordo
[2026-05-13 11:02:06,168][__main__][INFO] - ✓ [microsoft/phi-4] Temp=0.0 Rep=1 → Concordo
[2026-05-13 11:02:06,169][__main__][INFO] - ✓ [microsoft/phi-4] Temp=0.0 Rep=1 → Concordo
[2026-05-13 11:02:06,227][__main__][INFO] - Salvamento incremental (1600 novas respostas)...
[2026-05-13 11:02:06,281][__main__][INFO] - Cache salvo com 255956 entradas
[2026-05-13 11:02:06,281][__main__][INFO] - ✓ [microsoft/phi-4] Temp=0.0 Rep=1 → Concordo
[2026-05-13 11:02:06,281][__main__][INFO] - ✓ [microsoft/phi-4] Temp=0.0 Rep=1 → Concordo
[2026-05-13 11:02:06,283][__main__][INFO] - ✓ [microsoft/phi-4] Temp=0.0 Rep=1 → Concordo
[2026-05-13 11:02:06,284][__main__][INFO] - ✓ [microsoft/phi-4] Temp=0.0 Rep=1 → Concordo fortemente
[2026-05-13 11:02:06,284][__main__][INFO] - ✓ [microsoft/phi-4] Temp=0.0 Rep=1 → Concordo fortemente
[2026-05-13 11:02:06,285][__main__][INFO] - ✓ [microsoft/phi-4] Temp=0.0 Rep=1 → Neutro
[2026-05-13 11:02:06,285][__main__][INFO] - ✓ [microsoft/phi-4] Temp=0.0 Rep=1 → Concordo
[2026-05-13 11:02:06,286][__main__][INFO] - ✓ [microsoft/phi-4] Temp=0.0 Rep=1 → Concordo
[2026-05-13 11:02:06,287][__main__][INFO] - ✓ [microsoft/phi-4] Temp=0.0 Rep=1 → Concordo
[2026-05-13 11:02:06,310][__main__][INFO] - ✓ [microsoft/phi-4] Temp=0.0 Rep=1 → Concordo fortemente
[2026-05-13 11:02:06,318][__main__][INFO] - ✓ [microsoft/phi-4] Temp=0.0 Rep=1 → Concordo fortemente
[2026-05-13 11:02:06,393][__main__][INFO] - ✓ [microsoft/phi-4] Temp=0.0 Rep=1 → Discordo fortemente
[2026-05-13 11:02:06,398][__main__][INFO] - ✓ [microsoft/phi-4] Temp=0.0 Rep=1 → Concordo fortemente
[2026-05-13 11:02:06,423][__main__][INFO] - ✓ [microsoft/phi-4] Temp=0.0 Rep=1 → Concordo fortemente
[2026-05-13 11:02:06,425][__main__][INFO] - ✓ [microsoft/phi-4] Temp=0.0 Rep=1 → Neutro
[2026-05-13 11:02:06,512][__main__][INFO] - ✓ [microsoft/phi-4] Temp=0.0 Rep=1 → Neutro
[2026-05-13 11:02:06,524][__main__][INFO] - ✓ [microsoft/phi-4] Temp=0.0 Rep=1 → Concordo
[2026-05-13 11:02:06,532][__main__][INFO] - ✓ [microsoft/phi-4] Temp=0.0 Rep=1 → Neutro
[2026-05-13 11:02:06,534][__main__][INFO] - ✓ [microsoft/phi-4] Temp=0.0 Rep=1 → Concordo
[2026-05-13 11:02:06,562][__main__][INFO] - ✓ [microsoft/phi-4] Temp=0.0 Rep=1 → Discordo fortemente
[2026-05-13 11:02:06,563][__main__][INFO] - ✓ [microsoft/phi-4] Temp=0.0 Rep=1 → Concordo fortemente
[2026-05-13 11:02:06,564][__main__][INFO] - ✓ [microsoft/phi-4] Temp=0.0 Rep=1 → Discordo fortemente
[2026-05-13 11:02:06,566][__main__][INFO] - ✓ [microsoft/phi-4] Temp=0.0 Rep=1 → Concordo fortemente
[2026-05-13 11:02:06,568][__main__][INFO] - ✓ [microsoft/phi-4] Temp=0.0 Rep=1 → Concordo fortemente
[2026-05-13 11:02:06,774][__main__][INFO] - ✓ [microsoft/phi-4] Temp=0.0 Rep=1 → Discordo fortemente
[2026-05-13 11:02:06,802][__main__][INFO] - ✓ [microsoft/phi-4] Temp=0.0 Rep=1 → Concordo fortemente
[2026-05-13 11:02:06,805][__main__][INFO] - ✓ [microsoft/phi-4] Temp=0.0 Rep=1 → Concordo fortemente
[2026-05-13 11:02:06,874][__main__][INFO] - ✓ [microsoft/phi-4] Temp=0.0 Rep=1 → Concordo
[2026-05-13 11:02:06,876][__main__][INFO] - ✓ [microsoft/phi-4] Temp=0.0 Rep=1 → Concordo
[2026-05-13 11:02:06,988][__main__][INFO] - ✓ [microsoft/phi-4] Temp=0.0 Rep=1 → Concordo fortemente
[2026-05-13 11:02:07,031][__main__][INFO] - ✓ [microsoft/phi-4] Temp=0.0 Rep=1 → Discordo
[2026-05-13 11:02:07,034][__main__][INFO] - ✓ [microsoft/phi-4] Temp=0.0 Rep=1 → Concordo
[2026-05-13 11:02:07,037][__main__][INFO] - ✓ [microsoft/phi-4] Temp=0.0 Rep=1 → Concordo
[2026-05-13 11:02:07,053][__main__][INFO] - ✓ [microsoft/phi-4] Temp=0.0 Rep=1 → Concordo
[2026-05-13 11:02:07,076][__main__][INFO] - ✓ [microsoft/phi-4] Temp=0.0 Rep=1 → Concordo
[2026-05-13 11:02:07,077][__main__][INFO] - ✓ [microsoft/phi-4] Temp=0.0 Rep=1 → Discordo fortemente
[2026-05-13 11:02:07,091][__main__][INFO] - ✓ [microsoft/phi-4] Temp=0.0 Rep=1 → Concordo fortemente
[2026-05-13 11:02:07,220][__main__][INFO] - ✓ [microsoft/phi-4] Temp=0.0 Rep=1 → Discordo fortemente
[2026-05-13 11:02:07,221][__main__][INFO] - ✓ [microsoft/phi-4] Temp=0.0 Rep=1 → Concordo
[2026-05-13 11:02:07,234][__main__][INFO] - ✓ [microsoft/phi-4] Temp=0.0 Rep=1 → Discordo fortemente
[2026-05-13 11:02:07,237][__main__][INFO] - Salvamento incremental (1640 novas respostas)...
[2026-05-13 11:02:07,290][__main__][INFO] - Cache salvo com 255996 entradas
[2026-05-13 11:02:07,290][__main__][INFO] - ✓ [microsoft/phi-4] Temp=0.0 Rep=1 → Discordo fortemente
[2026-05-13 11:02:07,292][__main__][INFO] - ✓ [microsoft/phi-4] Temp=0.0 Rep=1 → Discordo fortemente
[2026-05-13 11:02:07,390][__main__][INFO] - ✓ [microsoft/phi-4] Temp=0.0 Rep=1 → Neutro
[2026-05-13 11:02:07,394][__main__][INFO] - ✓ [microsoft/phi-4] Temp=0.0 Rep=1 → Concordo
[2026-05-13 11:02:07,403][__main__][INFO] - ✓ [microsoft/phi-4] Temp=0.0 Rep=1 → Discordo fortemente
[2026-05-13 11:02:07,423][__main__][INFO] - ✓ [microsoft/phi-4] Temp=0.0 Rep=1 → Neutro
[2026-05-13 11:02:07,435][__main__][INFO] - ✓ [microsoft/phi-4] Temp=0.0 Rep=1 → Concordo fortemente
[2026-05-13 11:02:07,438][__main__][INFO] - ✓ [microsoft/phi-4] Temp=0.0 Rep=1 → Discordo fortemente
[2026-05-13 11:02:07,590][__main__][INFO] - ✓ [microsoft/phi-4] Temp=0.0 Rep=1 → Concordo
[2026-05-13 11:02:07,593][__main__][INFO] - ✓ [microsoft/phi-4] Temp=0.0 Rep=1 → Concordo
[2026-05-13 11:02:07,601][__main__][INFO] - ✓ [microsoft/phi-4] Temp=0.0 Rep=1 → Neutro
[2026-05-13 11:02:07,601][__main__][INFO] - ✓ [microsoft/phi-4] Temp=0.0 Rep=1 → Concordo
[2026-05-13 11:02:07,615][__main__][INFO] - ✓ [microsoft/phi-4] Temp=0.0 Rep=1 → Discordo fortemente
[2026-05-13 11:02:07,733][__main__][INFO] - ✓ [microsoft/phi-4] Temp=0.0 Rep=1 → Concordo fortemente
[2026-05-13 11:02:07,748][__main__][INFO] - ✓ [microsoft/phi-4] Temp=0.0 Rep=1 → Concordo
[2026-05-13 11:02:07,797][__main__][INFO] - ✓ [microsoft/phi-4] Temp=0.0 Rep=1 → Neutro
[2026-05-13 11:02:07,801][__main__][INFO] - ✓ [microsoft/phi-4] Temp=0.0 Rep=1 → Concordo
[2026-05-13 11:02:07,907][__main__][INFO] - ✓ [microsoft/phi-4] Temp=0.0 Rep=1 → Neutro
[2026-05-13 11:02:07,918][__main__][INFO] - ✓ [microsoft/phi-4] Temp=0.0 Rep=1 → Concordo fortemente
[2026-05-13 11:02:08,061][__main__][INFO] - ✓ [microsoft/phi-4] Temp=0.0 Rep=1 → Concordo fortemente
[2026-05-13 11:02:08,073][__main__][INFO] - ✓ [microsoft/phi-4] Temp=0.0 Rep=1 → Discordo fortemente
[2026-05-13 11:02:08,271][__main__][INFO] - ✓ [microsoft/phi-4] Temp=0.0 Rep=1 → Concordo fortemente
[2026-05-13 11:02:08,572][__main__][INFO] - ✓ [microsoft/phi-4] Temp=0.0 Rep=1 → Concordo
[2026-05-13 11:02:08,573][__main__][INFO] - ✓ [microsoft/phi-4] Temp=0.0 Rep=1 → Concordo
[2026-05-13 11:02:08,648][__main__][INFO] - ✓ [microsoft/phi-4] Temp=0.0 Rep=1 → Discordo fortemente
[2026-05-13 11:02:08,668][__main__][INFO] - ✓ [microsoft/phi-4] Temp=0.0 Rep=1 → Concordo
[2026-05-13 11:02:08,672][__main__][INFO] - ✓ [microsoft/phi-4] Temp=0.0 Rep=1 → Concordo
[2026-05-13 11:02:08,790][__main__][INFO] - ✓ [microsoft/phi-4] Temp=0.0 Rep=1 → Concordo
[2026-05-13 11:02:08,791][__main__][INFO] - ✓ [microsoft/phi-4] Temp=0.0 Rep=1 → Concordo
[2026-05-13 11:02:08,792][__main__][INFO] - ✓ [microsoft/phi-4] Temp=0.0 Rep=1 → Concordo
[2026-05-13 11:02:08,793][__main__][INFO] - ✓ [microsoft/phi-4] Temp=0.0 Rep=1 → Concordo
[2026-05-13 11:02:08,796][__main__][INFO] - ✓ [microsoft/phi-4] Temp=0.0 Rep=1 → Concordo
[2026-05-13 11:02:08,801][__main__][INFO] - ✓ [microsoft/phi-4] Temp=0.0 Rep=1 → Discordo fortemente
[2026-05-13 11:02:08,802][__main__][INFO] - ✓ [microsoft/phi-4] Temp=0.0 Rep=1 → Concordo
[2026-05-13 11:02:08,807][__main__][INFO] - ✓ [microsoft/phi-4] Temp=0.0 Rep=1 → Concordo
[2026-05-13 11:02:08,807][__main__][INFO] - ✓ [microsoft/phi-4] Temp=0.0 Rep=1 → Concordo
[2026-05-13 11:02:08,811][__main__][INFO] - ✓ [microsoft/phi-4] Temp=0.0 Rep=1 → Concordo
[2026-05-13 11:02:08,813][__main__][INFO] - ✓ [microsoft/phi-4] Temp=0.0 Rep=1 → Discordo fortemente
[2026-05-13 11:02:08,815][__main__][INFO] - ✓ [microsoft/phi-4] Temp=0.0 Rep=1 → Concordo
[2026-05-13 11:02:08,816][__main__][INFO] - ✓ [microsoft/phi-4] Temp=0.0 Rep=1 → Concordo
[2026-05-13 11:02:08,817][__main__][INFO] - Salvamento incremental (1680 novas respostas)...
[2026-05-13 11:02:08,878][__main__][INFO] - Cache salvo com 256036 entradas
[2026-05-13 11:02:08,878][__main__][INFO] - ✓ [microsoft/phi-4] Temp=0.0 Rep=1 → Concordo
[2026-05-13 11:02:08,884][__main__][INFO] - ✓ [microsoft/phi-4] Temp=0.0 Rep=1 → Concordo
[2026-05-13 11:02:08,885][__main__][INFO] - ✓ [microsoft/phi-4] Temp=0.0 Rep=1 → Concordo
[2026-05-13 11:02:08,887][__main__][INFO] - ✓ [microsoft/phi-4] Temp=0.0 Rep=1 → Concordo fortemente
[2026-05-13 11:02:08,888][__main__][INFO] - ✓ [microsoft/phi-4] Temp=0.0 Rep=1 → Neutro
[2026-05-13 11:02:08,890][__main__][INFO] - ✓ [microsoft/phi-4] Temp=0.0 Rep=1 → Concordo fortemente
[2026-05-13 11:02:08,891][__main__][INFO] - ✓ [microsoft/phi-4] Temp=0.0 Rep=1 → Concordo fortemente
[2026-05-13 11:02:08,891][__main__][INFO] - ✓ [microsoft/phi-4] Temp=0.0 Rep=1 → Concordo fortemente
[2026-05-13 11:02:08,986][__main__][INFO] - ✓ [microsoft/phi-4] Temp=0.0 Rep=1 → Concordo
[2026-05-13 11:02:08,998][__main__][INFO] - ✓ [microsoft/phi-4] Temp=0.0 Rep=1 → Concordo
[2026-05-13 11:02:09,028][__main__][INFO] - ✓ [microsoft/phi-4] Temp=0.0 Rep=1 → Discordo fortemente
[2026-05-13 11:02:09,036][__main__][INFO] - ✓ [microsoft/phi-4] Temp=0.0 Rep=1 → Discordo fortemente
[2026-05-13 11:02:09,057][__main__][INFO] - ✓ [microsoft/phi-4] Temp=0.0 Rep=1 → Concordo fortemente
[2026-05-13 11:02:09,152][__main__][INFO] - ✓ [microsoft/phi-4] Temp=0.0 Rep=1 → Concordo
[2026-05-13 11:02:09,202][__main__][INFO] - ✓ [microsoft/phi-4] Temp=0.0 Rep=1 → Neutro
[2026-05-13 11:02:09,312][__main__][INFO] - ✓ [microsoft/phi-4] Temp=0.0 Rep=1 → Concordo
[2026-05-13 11:02:09,400][__main__][INFO] - ✓ [microsoft/phi-4] Temp=0.0 Rep=1 → Concordo fortemente
[2026-05-13 11:02:09,428][__main__][INFO] - ✓ [microsoft/phi-4] Temp=0.0 Rep=1 → Concordo
[2026-05-13 11:02:09,429][__main__][INFO] - ✓ [microsoft/phi-4] Temp=0.0 Rep=1 → Concordo
[2026-05-13 11:02:09,430][__main__][INFO] - ✓ [microsoft/phi-4] Temp=0.0 Rep=1 → Concordo
[2026-05-13 11:02:09,433][__main__][INFO] - ✓ [microsoft/phi-4] Temp=0.0 Rep=1 → Concordo
[2026-05-13 11:02:09,451][__main__][INFO] - ✓ [microsoft/phi-4] Temp=0.0 Rep=1 → Neutro
[2026-05-13 11:02:09,453][__main__][INFO] - ✓ [microsoft/phi-4] Temp=0.0 Rep=1 → Concordo
[2026-05-13 11:02:09,454][__main__][INFO] - ✓ [microsoft/phi-4] Temp=0.0 Rep=1 → Concordo
[2026-05-13 11:02:09,454][__main__][INFO] - ✓ [microsoft/phi-4] Temp=0.0 Rep=1 → Concordo
[2026-05-13 11:02:09,455][__main__][INFO] - ✓ [microsoft/phi-4] Temp=0.0 Rep=1 → Discordo fortemente
[2026-05-13 11:02:09,456][__main__][INFO] - ✓ [microsoft/phi-4] Temp=0.0 Rep=1 → Concordo fortemente
[2026-05-13 11:02:09,457][__main__][INFO] - ✓ [microsoft/phi-4] Temp=0.0 Rep=1 → Concordo
[2026-05-13 11:02:09,457][__main__][INFO] - ✓ [microsoft/phi-4] Temp=0.0 Rep=1 → Concordo fortemente
[2026-05-13 11:02:09,466][__main__][INFO] - ✓ [microsoft/phi-4] Temp=0.0 Rep=1 → Concordo
[2026-05-13 11:02:09,467][__main__][INFO] - ✓ [microsoft/phi-4] Temp=0.0 Rep=1 → Discordo
[2026-05-13 11:02:09,468][__main__][INFO] - ✓ [microsoft/phi-4] Temp=0.0 Rep=1 → Concordo fortemente
[2026-05-13 11:02:09,474][__main__][INFO] - ✓ [microsoft/phi-4] Temp=0.0 Rep=1 → Concordo fortemente
[2026-05-13 11:02:09,483][__main__][INFO] - ✓ [microsoft/phi-4] Temp=0.0 Rep=1 → Concordo
[2026-05-13 11:02:09,506][__main__][INFO] - ✓ [microsoft/phi-4] Temp=0.0 Rep=1 → Discordo fortemente
[2026-05-13 11:02:09,518][__main__][INFO] - ✓ [microsoft/phi-4] Temp=0.0 Rep=1 → Concordo fortemente
[2026-05-13 11:02:09,740][__main__][INFO] - ✓ [microsoft/phi-4] Temp=0.0 Rep=1 → Concordo
[2026-05-13 11:02:09,901][__main__][INFO] - ✓ [microsoft/phi-4] Temp=0.0 Rep=1 → Concordo
[2026-05-13 11:02:09,921][__main__][INFO] - ✓ [microsoft/phi-4] Temp=0.0 Rep=1 → Neutro
[2026-05-13 11:02:09,922][__main__][INFO] - ✓ [microsoft/phi-4] Temp=0.0 Rep=1 → Concordo
[2026-05-13 11:02:09,923][__main__][INFO] - Salvamento incremental (1720 novas respostas)...
[2026-05-13 11:02:09,990][__main__][INFO] - Cache salvo com 256076 entradas
[2026-05-13 11:02:09,990][__main__][INFO] - ✓ [microsoft/phi-4] Temp=0.0 Rep=1 → Concordo
[2026-05-13 11:02:09,993][__main__][INFO] - ✓ [microsoft/phi-4] Temp=0.0 Rep=1 → Concordo
[2026-05-13 11:02:09,994][__main__][INFO] - ✓ [microsoft/phi-4] Temp=0.0 Rep=1 → Concordo
[2026-05-13 11:02:09,994][__main__][INFO] - ✓ [microsoft/phi-4] Temp=0.0 Rep=1 → Neutro
[2026-05-13 11:02:09,995][__main__][INFO] - ✓ [microsoft/phi-4] Temp=0.0 Rep=1 → Discordo fortemente
[2026-05-13 11:02:09,996][__main__][INFO] - ✓ [microsoft/phi-4] Temp=0.0 Rep=1 → Concordo
[2026-05-13 11:02:09,997][__main__][INFO] - ✓ [microsoft/phi-4] Temp=0.0 Rep=1 → Neutro
[2026-05-13 11:02:09,998][__main__][INFO] - ✓ [microsoft/phi-4] Temp=0.0 Rep=1 → Concordo fortemente
[2026-05-13 11:02:09,998][__main__][INFO] - ✓ [microsoft/phi-4] Temp=0.0 Rep=1 → Concordo
[2026-05-13 11:02:09,999][__main__][INFO] - ✓ [microsoft/phi-4] Temp=0.0 Rep=1 → Discordo fortemente
[2026-05-13 11:02:09,999][__main__][INFO] - ✓ [microsoft/phi-4] Temp=0.0 Rep=1 → Discordo fortemente
[2026-05-13 11:02:10,000][__main__][INFO] - ✓ [microsoft/phi-4] Temp=0.0 Rep=1 → Concordo fortemente
[2026-05-13 11:02:10,353][__main__][INFO] - ✓ [microsoft/phi-4] Temp=0.0 Rep=1 → Concordo
[2026-05-13 11:02:10,356][__main__][INFO] - ✓ [microsoft/phi-4] Temp=0.0 Rep=1 → Concordo
[2026-05-13 11:02:10,356][__main__][INFO] - ✓ [microsoft/phi-4] Temp=0.0 Rep=1 → Concordo
[2026-05-13 11:02:10,357][__main__][INFO] - ✓ [microsoft/phi-4] Temp=0.0 Rep=1 → Concordo
[2026-05-13 11:02:10,357][__main__][INFO] - ✓ [microsoft/phi-4] Temp=0.0 Rep=1 → Concordo
[2026-05-13 11:02:10,358][__main__][INFO] - ✓ [microsoft/phi-4] Temp=0.0 Rep=1 → Concordo
[2026-05-13 11:02:10,359][__main__][INFO] - ✓ [microsoft/phi-4] Temp=0.0 Rep=1 → Concordo fortemente
[2026-05-13 11:02:10,361][__main__][INFO] - ✓ [microsoft/phi-4] Temp=0.0 Rep=1 → Concordo
[2026-05-13 11:02:10,365][__main__][INFO] - ✓ [microsoft/phi-4] Temp=0.0 Rep=1 → Concordo fortemente
[2026-05-13 11:02:10,369][__main__][INFO] - ✓ [microsoft/phi-4] Temp=0.0 Rep=1 → Concordo
[2026-05-13 11:02:10,373][__main__][INFO] - ✓ [microsoft/phi-4] Temp=0.0 Rep=1 → Concordo fortemente
[2026-05-13 11:02:10,391][__main__][INFO] - ✓ [microsoft/phi-4] Temp=0.0 Rep=1 → Concordo fortemente
[2026-05-13 11:02:10,402][__main__][INFO] - ✓ [microsoft/phi-4] Temp=0.0 Rep=1 → Concordo fortemente
[2026-05-13 11:02:10,409][__main__][INFO] - ✓ [microsoft/phi-4] Temp=0.0 Rep=1 → Concordo fortemente
[2026-05-13 11:02:10,766][__main__][INFO] - ✓ [microsoft/phi-4] Temp=0.0 Rep=1 → Concordo
[2026-05-13 11:02:10,782][__main__][INFO] - ✓ [microsoft/phi-4] Temp=0.0 Rep=1 → Concordo
[2026-05-13 11:02:10,783][__main__][INFO] - ✓ [microsoft/phi-4] Temp=0.0 Rep=1 → Concordo
[2026-05-13 11:02:10,879][__main__][INFO] - ✓ [microsoft/phi-4] Temp=0.0 Rep=1 → Concordo
[2026-05-13 11:02:10,884][__main__][INFO] - ✓ [microsoft/phi-4] Temp=0.0 Rep=1 → Concordo
[2026-05-13 11:02:10,886][__main__][INFO] - ✓ [microsoft/phi-4] Temp=0.0 Rep=1 → Concordo
[2026-05-13 11:02:10,888][__main__][INFO] - ✓ [microsoft/phi-4] Temp=0.0 Rep=1 → Concordo
[2026-05-13 11:02:10,889][__main__][INFO] - ✓ [microsoft/phi-4] Temp=0.0 Rep=1 → Concordo
[2026-05-13 11:02:10,891][__main__][INFO] - ✓ [microsoft/phi-4] Temp=0.0 Rep=1 → Concordo
[2026-05-13 11:02:10,892][__main__][INFO] - ✓ [microsoft/phi-4] Temp=0.0 Rep=1 → Concordo
[2026-05-13 11:02:10,893][__main__][INFO] - ✓ [microsoft/phi-4] Temp=0.0 Rep=1 → Concordo
[2026-05-13 11:02:10,893][__main__][INFO] - ✓ [microsoft/phi-4] Temp=0.0 Rep=1 → Concordo
[2026-05-13 11:02:10,919][__main__][INFO] - ✓ [microsoft/phi-4] Temp=0.0 Rep=1 → Concordo fortemente
[2026-05-13 11:02:10,920][__main__][INFO] - ✓ [microsoft/phi-4] Temp=0.0 Rep=1 → Concordo fortemente
[2026-05-13 11:02:11,000][__main__][INFO] - Salvamento incremental (1760 novas respostas)...
[2026-05-13 11:02:11,053][__main__][INFO] - Cache salvo com 256116 entradas
[2026-05-13 11:02:11,054][__main__][INFO] - ✓ [microsoft/phi-4] Temp=0.0 Rep=1 → Concordo fortemente
[2026-05-13 11:02:11,056][__main__][INFO] - ✓ [microsoft/phi-4] Temp=0.0 Rep=1 → Concordo fortemente
[2026-05-13 11:02:11,059][__main__][INFO] - ✓ [microsoft/phi-4] Temp=0.0 Rep=1 → Concordo
[2026-05-13 11:02:11,062][__main__][INFO] - ✓ [microsoft/phi-4] Temp=0.0 Rep=1 → Concordo
[2026-05-13 11:02:11,062][__main__][INFO] - ✓ [microsoft/phi-4] Temp=0.0 Rep=1 → Concordo
[2026-05-13 11:02:11,068][__main__][INFO] - ✓ [microsoft/phi-4] Temp=0.0 Rep=1 → Concordo
[2026-05-13 11:02:11,081][__main__][INFO] - ✓ [microsoft/phi-4] Temp=0.0 Rep=1 → Concordo fortemente
[2026-05-13 11:02:11,090][__main__][INFO] - ✓ [microsoft/phi-4] Temp=0.0 Rep=1 → Concordo fortemente
[2026-05-13 11:02:11,097][__main__][INFO] - ✓ [microsoft/phi-4] Temp=0.0 Rep=1 → Concordo fortemente
[2026-05-13 11:02:11,098][__main__][INFO] - ✓ [microsoft/phi-4] Temp=0.0 Rep=1 → Concordo
[2026-05-13 11:02:11,101][__main__][INFO] - ✓ [microsoft/phi-4] Temp=0.0 Rep=1 → Concordo fortemente
[2026-05-13 11:02:11,115][__main__][INFO] - ✓ [microsoft/phi-4] Temp=0.0 Rep=1 → Concordo
[2026-05-13 11:02:11,713][__main__][INFO] - ✓ [microsoft/phi-4] Temp=0.0 Rep=1 → Concordo
[2026-05-13 11:02:11,787][__main__][INFO] - ✓ [microsoft/phi-4] Temp=0.0 Rep=1 → Concordo
[2026-05-13 11:02:11,927][__main__][INFO] - ✓ [microsoft/phi-4] Temp=0.0 Rep=1 → Concordo
[2026-05-13 11:02:11,929][__main__][INFO] - ✓ [microsoft/phi-4] Temp=0.0 Rep=1 → Concordo
[2026-05-13 11:02:11,990][__main__][INFO] - ✓ [microsoft/phi-4] Temp=0.0 Rep=1 → Concordo
[2026-05-13 11:02:11,991][__main__][INFO] - ✓ [microsoft/phi-4] Temp=0.0 Rep=1 → Concordo
[2026-05-13 11:02:12,019][__main__][INFO] - ✓ [microsoft/phi-4] Temp=0.0 Rep=1 → Concordo
[2026-05-13 11:02:12,024][__main__][INFO] - ✓ [microsoft/phi-4] Temp=0.0 Rep=1 → Concordo
[2026-05-13 11:02:12,026][__main__][INFO] - ✓ [microsoft/phi-4] Temp=0.0 Rep=1 → Concordo fortemente
[2026-05-13 11:02:12,039][__main__][INFO] - ✓ [microsoft/phi-4] Temp=0.0 Rep=1 → Concordo fortemente
[2026-05-13 11:02:12,051][__main__][INFO] - ✓ [microsoft/phi-4] Temp=0.0 Rep=1 → Concordo fortemente
[2026-05-13 11:02:12,053][__main__][INFO] - ✓ [microsoft/phi-4] Temp=0.0 Rep=1 → Concordo fortemente
[2026-05-13 11:02:12,055][__main__][INFO] - ✓ [microsoft/phi-4] Temp=0.0 Rep=1 → Concordo fortemente
[2026-05-13 11:02:12,081][__main__][INFO] - ✓ [microsoft/phi-4] Temp=0.0 Rep=1 → Neutro
[2026-05-13 11:02:12,082][__main__][INFO] - ✓ [microsoft/phi-4] Temp=0.0 Rep=1 → Concordo
[2026-05-13 11:02:12,083][__main__][INFO] - ✓ [microsoft/phi-4] Temp=0.0 Rep=1 → Concordo
[2026-05-13 11:02:12,085][__main__][INFO] - ✓ [microsoft/phi-4] Temp=0.0 Rep=1 → Concordo
[2026-05-13 11:02:12,093][__main__][INFO] - ✓ [microsoft/phi-4] Temp=0.0 Rep=1 → Concordo fortemente
[2026-05-13 11:02:12,115][__main__][INFO] - ✓ [microsoft/phi-4] Temp=0.0 Rep=1 → Concordo fortemente
[2026-05-13 11:02:12,117][__main__][INFO] - ✓ [microsoft/phi-4] Temp=0.0 Rep=1 → Concordo
[2026-05-13 11:02:12,119][__main__][INFO] - ✓ [microsoft/phi-4] Temp=0.0 Rep=1 → Concordo fortemente
[2026-05-13 11:02:12,170][__main__][INFO] - ✓ [microsoft/phi-4] Temp=0.0 Rep=1 → Concordo fortemente
[2026-05-13 11:02:12,172][__main__][INFO] - ✓ [microsoft/phi-4] Temp=0.0 Rep=1 → Concordo fortemente
[2026-05-13 11:02:12,179][__main__][INFO] - ✓ [microsoft/phi-4] Temp=0.0 Rep=1 → Concordo fortemente
[2026-05-13 11:02:12,180][__main__][INFO] - ✓ [microsoft/phi-4] Temp=0.0 Rep=1 → Concordo fortemente
[2026-05-13 11:02:12,182][__main__][INFO] - ✓ [microsoft/phi-4] Temp=0.0 Rep=1 → Concordo
[2026-05-13 11:02:12,182][__main__][INFO] - ✓ [microsoft/phi-4] Temp=0.0 Rep=1 → Concordo fortemente
[2026-05-13 11:02:12,212][__main__][INFO] - ✓ [microsoft/phi-4] Temp=0.0 Rep=1 → Concordo fortemente
[2026-05-13 11:02:12,213][__main__][INFO] - Salvamento incremental (1800 novas respostas)...
[2026-05-13 11:02:12,408][__main__][INFO] - Cache salvo com 256156 entradas
[2026-05-13 11:02:12,409][__main__][INFO] - ✓ [microsoft/phi-4] Temp=0.0 Rep=1 → Concordo fortemente
[2026-05-13 11:02:12,417][__main__][INFO] - ✓ [microsoft/phi-4] Temp=0.0 Rep=1 → Concordo
[2026-05-13 11:02:12,418][__main__][INFO] - ✓ [microsoft/phi-4] Temp=0.0 Rep=1 → Concordo fortemente
[2026-05-13 11:02:12,419][__main__][INFO] - ✓ [microsoft/phi-4] Temp=0.0 Rep=1 → Concordo
[2026-05-13 11:02:12,419][__main__][INFO] - ✓ [microsoft/phi-4] Temp=0.0 Rep=1 → Concordo fortemente
[2026-05-13 11:02:12,420][__main__][INFO] - ✓ [microsoft/phi-4] Temp=0.0 Rep=1 → Concordo fortemente
[2026-05-13 11:02:12,421][__main__][INFO] - ✓ [microsoft/phi-4] Temp=0.0 Rep=1 → Concordo
[2026-05-13 11:02:12,422][__main__][INFO] - ✓ [microsoft/phi-4] Temp=0.0 Rep=1 → Concordo
[2026-05-13 11:02:12,422][__main__][INFO] - ✓ [microsoft/phi-4] Temp=0.0 Rep=1 → Concordo fortemente
[2026-05-13 11:02:12,635][__main__][INFO] - ✓ [microsoft/phi-4] Temp=0.0 Rep=1 → Concordo
[2026-05-13 11:02:12,658][__main__][INFO] - ✓ [microsoft/phi-4] Temp=0.0 Rep=1 → Concordo
[2026-05-13 11:02:12,660][__main__][INFO] - ✓ [microsoft/phi-4] Temp=0.0 Rep=1 → Neutro
[2026-05-13 11:02:12,661][__main__][INFO] - ✓ [microsoft/phi-4] Temp=0.0 Rep=1 → Concordo
[2026-05-13 11:02:12,662][__main__][INFO] - ✓ [microsoft/phi-4] Temp=0.0 Rep=1 → Concordo
[2026-05-13 11:02:12,663][__main__][INFO] - ✓ [microsoft/phi-4] Temp=0.0 Rep=1 → Concordo
[2026-05-13 11:02:12,687][__main__][INFO] - ✓ [microsoft/phi-4] Temp=0.0 Rep=1 → Concordo
[2026-05-13 11:02:12,725][__main__][INFO] - ✓ [microsoft/phi-4] Temp=0.0 Rep=1 → Concordo
[2026-05-13 11:02:12,727][__main__][INFO] - ✓ [microsoft/phi-4] Temp=0.0 Rep=1 → Concordo
[2026-05-13 11:02:12,729][__main__][INFO] - ✓ [microsoft/phi-4] Temp=0.0 Rep=1 → Concordo
[2026-05-13 11:02:12,732][__main__][INFO] - ✓ [microsoft/phi-4] Temp=0.0 Rep=1 → Concordo fortemente
[2026-05-13 11:02:12,795][__main__][INFO] - ✓ [microsoft/phi-4] Temp=0.0 Rep=1 → Concordo fortemente
[2026-05-13 11:02:12,797][__main__][INFO] - ✓ [microsoft/phi-4] Temp=0.0 Rep=1 → Concordo fortemente
[2026-05-13 11:02:12,804][__main__][INFO] - ✓ [microsoft/phi-4] Temp=0.0 Rep=1 → Concordo fortemente
[2026-05-13 11:02:13,005][__main__][INFO] - ✓ [microsoft/phi-4] Temp=0.0 Rep=1 → Concordo
[2026-05-13 11:02:13,007][__main__][INFO] - ✓ [microsoft/phi-4] Temp=0.0 Rep=1 → Concordo
[2026-05-13 11:02:13,008][__main__][INFO] - ✓ [microsoft/phi-4] Temp=0.0 Rep=1 → Concordo
[2026-05-13 11:02:13,008][__main__][INFO] - ✓ [microsoft/phi-4] Temp=0.0 Rep=1 → Neutro
[2026-05-13 11:02:13,009][__main__][INFO] - ✓ [microsoft/phi-4] Temp=0.0 Rep=1 → Concordo
[2026-05-13 11:02:13,010][__main__][INFO] - ✓ [microsoft/phi-4] Temp=0.0 Rep=1 → Concordo
[2026-05-13 11:02:13,011][__main__][INFO] - ✓ [microsoft/phi-4] Temp=0.0 Rep=1 → Neutro
[2026-05-13 11:02:13,017][__main__][INFO] - ✓ [microsoft/phi-4] Temp=0.0 Rep=1 → Concordo
[2026-05-13 11:02:13,018][__main__][INFO] - ✓ [microsoft/phi-4] Temp=0.0 Rep=1 → Concordo
[2026-05-13 11:02:13,019][__main__][INFO] - ✓ [microsoft/phi-4] Temp=0.0 Rep=1 → Concordo
[2026-05-13 11:02:13,020][__main__][INFO] - ✓ [microsoft/phi-4] Temp=0.0 Rep=1 → Concordo fortemente
[2026-05-13 11:02:13,023][__main__][INFO] - ✓ [microsoft/phi-4] Temp=0.0 Rep=1 → Concordo
[2026-05-13 11:02:13,023][__main__][INFO] - ✓ [microsoft/phi-4] Temp=0.0 Rep=1 → Neutro
[2026-05-13 11:02:13,025][__main__][INFO] - ✓ [microsoft/phi-4] Temp=0.0 Rep=1 → Concordo
[2026-05-13 11:02:13,028][__main__][INFO] - ✓ [microsoft/phi-4] Temp=0.0 Rep=1 → Concordo fortemente
[2026-05-13 11:02:13,034][__main__][INFO] - ✓ [microsoft/phi-4] Temp=0.0 Rep=1 → Concordo fortemente
[2026-05-13 11:02:13,044][__main__][INFO] - ✓ [microsoft/phi-4] Temp=0.0 Rep=1 → Concordo fortemente
[2026-05-13 11:02:13,047][__main__][INFO] - Salvamento incremental (1840 novas respostas)...
[2026-05-13 11:02:13,098][__main__][INFO] - Cache salvo com 256196 entradas
[2026-05-13 11:02:13,098][__main__][INFO] - ✓ [microsoft/phi-4] Temp=0.0 Rep=1 → Concordo fortemente
[2026-05-13 11:02:13,101][__main__][INFO] - ✓ [microsoft/phi-4] Temp=0.0 Rep=1 → Concordo fortemente
[2026-05-13 11:02:13,143][__main__][INFO] - ✓ [microsoft/phi-4] Temp=0.0 Rep=1 → Concordo
[2026-05-13 11:02:13,145][__main__][INFO] - ✓ [microsoft/phi-4] Temp=0.0 Rep=1 → Concordo
[2026-05-13 11:02:13,159][__main__][INFO] - ✓ [microsoft/phi-4] Temp=0.0 Rep=1 → Concordo
[2026-05-13 11:02:13,560][__main__][INFO] - ✓ [microsoft/phi-4] Temp=0.0 Rep=1 → Concordo
[2026-05-13 11:02:13,641][__main__][INFO] - ✓ [microsoft/phi-4] Temp=0.0 Rep=1 → Concordo
[2026-05-13 11:02:13,646][__main__][INFO] - ✓ [microsoft/phi-4] Temp=0.0 Rep=1 → Concordo
[2026-05-13 11:02:13,697][__main__][INFO] - ✓ [microsoft/phi-4] Temp=0.0 Rep=1 → Concordo
[2026-05-13 11:02:13,702][__main__][INFO] - ✓ [microsoft/phi-4] Temp=0.0 Rep=1 → Concordo
[2026-05-13 11:02:13,703][__main__][INFO] - ✓ [microsoft/phi-4] Temp=0.0 Rep=1 → Concordo
[2026-05-13 11:02:13,704][__main__][INFO] - ✓ [microsoft/phi-4] Temp=0.0 Rep=1 → Concordo
[2026-05-13 11:02:13,709][__main__][INFO] - ✓ [microsoft/phi-4] Temp=0.0 Rep=1 → Concordo
[2026-05-13 11:02:13,710][__main__][INFO] - ✓ [microsoft/phi-4] Temp=0.0 Rep=1 → Concordo fortemente
[2026-05-13 11:02:13,711][__main__][INFO] - ✓ [microsoft/phi-4] Temp=0.0 Rep=1 → Concordo
[2026-05-13 11:02:13,728][__main__][INFO] - ✓ [microsoft/phi-4] Temp=0.0 Rep=1 → Concordo
[2026-05-13 11:02:13,742][__main__][INFO] - ✓ [microsoft/phi-4] Temp=0.0 Rep=1 → Concordo
[2026-05-13 11:02:13,785][__main__][INFO] - ✓ [microsoft/phi-4] Temp=0.0 Rep=1 → Concordo fortemente
[2026-05-13 11:02:13,792][__main__][INFO] - ✓ [microsoft/phi-4] Temp=0.0 Rep=1 → Concordo fortemente
[2026-05-13 11:02:13,831][__main__][INFO] - ✓ [microsoft/phi-4] Temp=0.0 Rep=1 → Concordo fortemente
[2026-05-13 11:02:13,862][__main__][INFO] - ✓ [microsoft/phi-4] Temp=0.0 Rep=1 → Neutro
[2026-05-13 11:02:13,865][__main__][INFO] - ✓ [microsoft/phi-4] Temp=0.0 Rep=1 → Neutro
[2026-05-13 11:02:13,868][__main__][INFO] - ✓ [microsoft/phi-4] Temp=0.0 Rep=1 → Concordo
[2026-05-13 11:02:14,025][__main__][INFO] - ✓ [microsoft/phi-4] Temp=0.0 Rep=1 → Concordo
[2026-05-13 11:02:14,030][__main__][INFO] - ✓ [microsoft/phi-4] Temp=0.0 Rep=1 → Concordo fortemente
[2026-05-13 11:02:14,032][__main__][INFO] - ✓ [microsoft/phi-4] Temp=0.0 Rep=1 → Concordo fortemente
[2026-05-13 11:02:14,035][__main__][INFO] - ✓ [microsoft/phi-4] Temp=0.0 Rep=1 → Neutro
[2026-05-13 11:02:14,037][__main__][INFO] - ✓ [microsoft/phi-4] Temp=0.0 Rep=1 → Concordo fortemente
[2026-05-13 11:02:14,045][__main__][INFO] - ✓ [microsoft/phi-4] Temp=0.0 Rep=1 → Neutro
[2026-05-13 11:02:14,046][__main__][INFO] - ✓ [microsoft/phi-4] Temp=0.0 Rep=1 → Concordo
[2026-05-13 11:02:14,047][__main__][INFO] - ✓ [microsoft/phi-4] Temp=0.0 Rep=1 → Concordo fortemente
[2026-05-13 11:02:14,049][__main__][INFO] - ✓ [microsoft/phi-4] Temp=0.0 Rep=1 → Concordo fortemente
[2026-05-13 11:02:14,090][__main__][INFO] - ✓ [microsoft/phi-4] Temp=0.0 Rep=1 → Concordo
[2026-05-13 11:02:14,091][__main__][INFO] - ✓ [microsoft/phi-4] Temp=0.0 Rep=1 → Concordo
[2026-05-13 11:02:14,093][__main__][INFO] - ✓ [microsoft/phi-4] Temp=0.0 Rep=1 → Neutro
[2026-05-13 11:02:14,233][__main__][INFO] - ✓ [microsoft/phi-4] Temp=0.0 Rep=1 → Concordo
[2026-05-13 11:02:14,242][__main__][INFO] - ✓ [microsoft/phi-4] Temp=0.0 Rep=1 → Concordo
[2026-05-13 11:02:14,245][__main__][INFO] - ✓ [microsoft/phi-4] Temp=0.0 Rep=1 → Concordo
[2026-05-13 11:02:14,247][__main__][INFO] - ✓ [microsoft/phi-4] Temp=0.0 Rep=1 → Concordo
[2026-05-13 11:02:14,247][__main__][INFO] - ✓ [microsoft/phi-4] Temp=0.0 Rep=1 → Concordo
[2026-05-13 11:02:14,275][__main__][INFO] - Salvamento incremental (1880 novas respostas)...
[2026-05-13 11:02:14,323][__main__][INFO] - Cache salvo com 256236 entradas
[2026-05-13 11:02:14,323][__main__][INFO] - ✓ [microsoft/phi-4] Temp=0.0 Rep=1 → Concordo fortemente
[2026-05-13 11:02:14,428][__main__][INFO] - ✓ [microsoft/phi-4] Temp=0.0 Rep=1 → Neutro
[2026-05-13 11:02:14,429][__main__][INFO] - ✓ [microsoft/phi-4] Temp=0.0 Rep=1 → Concordo
[2026-05-13 11:02:14,436][__main__][INFO] - ✓ [microsoft/phi-4] Temp=0.0 Rep=1 → Concordo
[2026-05-13 11:02:14,442][__main__][INFO] - ✓ [microsoft/phi-4] Temp=0.0 Rep=1 → Concordo
[2026-05-13 11:02:14,549][__main__][INFO] - ✓ [microsoft/phi-4] Temp=0.0 Rep=1 → Concordo fortemente
[2026-05-13 11:02:14,553][__main__][INFO] - ✓ [microsoft/phi-4] Temp=0.0 Rep=1 → Concordo fortemente
[2026-05-13 11:02:14,555][__main__][INFO] - ✓ [microsoft/phi-4] Temp=0.0 Rep=1 → Neutro
[2026-05-13 11:02:14,559][__main__][INFO] - ✓ [microsoft/phi-4] Temp=0.0 Rep=1 → Concordo fortemente
[2026-05-13 11:02:14,561][__main__][INFO] - ✓ [microsoft/phi-4] Temp=0.0 Rep=1 → Concordo
[2026-05-13 11:02:14,774][__main__][INFO] - ✓ [microsoft/phi-4] Temp=0.0 Rep=1 → Concordo
[2026-05-13 11:02:14,776][__main__][INFO] - ✓ [microsoft/phi-4] Temp=0.0 Rep=1 → Concordo
[2026-05-13 11:02:14,783][__main__][INFO] - ✓ [microsoft/phi-4] Temp=0.0 Rep=1 → Concordo
[2026-05-13 11:02:14,799][__main__][INFO] - ✓ [microsoft/phi-4] Temp=0.0 Rep=1 → Concordo fortemente
[2026-05-13 11:02:14,812][__main__][INFO] - ✓ [microsoft/phi-4] Temp=0.0 Rep=1 → Concordo
[2026-05-13 11:02:14,836][__main__][INFO] - ✓ [microsoft/phi-4] Temp=0.0 Rep=1 → Concordo fortemente
[2026-05-13 11:02:14,838][__main__][INFO] - ✓ [microsoft/phi-4] Temp=0.0 Rep=1 → Concordo fortemente
[2026-05-13 11:02:14,916][__main__][INFO] - ✓ [microsoft/phi-4] Temp=0.0 Rep=1 → Neutro
[2026-05-13 11:02:14,932][__main__][INFO] - ✓ [microsoft/phi-4] Temp=0.0 Rep=1 → Concordo
[2026-05-13 11:02:15,073][__main__][INFO] - ✓ [microsoft/phi-4] Temp=0.0 Rep=1 → Concordo fortemente
[2026-05-13 11:02:15,092][__main__][INFO] - ✓ [microsoft/phi-4] Temp=0.0 Rep=1 → Concordo fortemente
[2026-05-13 11:02:15,094][__main__][INFO] - ✓ [microsoft/phi-4] Temp=0.0 Rep=1 → Concordo fortemente
[2026-05-13 11:02:15,137][__main__][INFO] - ✓ [microsoft/phi-4] Temp=0.0 Rep=1 → Neutro
[2026-05-13 11:02:15,138][__main__][INFO] - ✓ [microsoft/phi-4] Temp=0.0 Rep=1 → Neutro
[2026-05-13 11:02:15,145][__main__][INFO] - ✓ [microsoft/phi-4] Temp=0.0 Rep=1 → Concordo
[2026-05-13 11:02:15,154][__main__][INFO] - ✓ [microsoft/phi-4] Temp=0.0 Rep=1 → Neutro
[2026-05-13 11:02:15,159][__main__][INFO] - ✓ [microsoft/phi-4] Temp=0.0 Rep=1 → Concordo fortemente
[2026-05-13 11:02:15,175][__main__][INFO] - ✓ [microsoft/phi-4] Temp=0.0 Rep=1 → Concordo fortemente
[2026-05-13 11:02:15,176][__main__][INFO] - ✓ [microsoft/phi-4] Temp=0.0 Rep=1 → Concordo fortemente
[2026-05-13 11:02:15,178][__main__][INFO] - ✓ [microsoft/phi-4] Temp=0.0 Rep=1 → Concordo fortemente
[2026-05-13 11:02:15,195][__main__][INFO] - ✓ [microsoft/phi-4] Temp=0.0 Rep=1 → Concordo fortemente
[2026-05-13 11:02:15,421][__main__][INFO] - ✓ [microsoft/phi-4] Temp=0.0 Rep=1 → Discordo
[2026-05-13 11:02:15,616][__main__][INFO] - ✓ [microsoft/phi-4] Temp=0.0 Rep=1 → Concordo
[2026-05-13 11:02:15,617][__main__][INFO] - ✓ [microsoft/phi-4] Temp=0.0 Rep=1 → Concordo
[2026-05-13 11:02:15,618][__main__][INFO] - ✓ [microsoft/phi-4] Temp=0.0 Rep=1 → Concordo
[2026-05-13 11:02:15,619][__main__][INFO] - ✓ [microsoft/phi-4] Temp=0.0 Rep=1 → Concordo
[2026-05-13 11:02:15,620][__main__][INFO] - ✓ [microsoft/phi-4] Temp=0.0 Rep=1 → Concordo
[2026-05-13 11:02:15,621][__main__][INFO] - ✓ [microsoft/phi-4] Temp=0.0 Rep=1 → Neutro
[2026-05-13 11:02:15,635][__main__][INFO] - ✓ [microsoft/phi-4] Temp=0.0 Rep=1 → Discordo fortemente
[2026-05-13 11:02:15,635][__main__][INFO] - ✓ [microsoft/phi-4] Temp=0.0 Rep=1 → Concordo fortemente
[2026-05-13 11:02:15,637][__main__][INFO] - Salvamento incremental (1920 novas respostas)...
[2026-05-13 11:02:15,690][__main__][INFO] - Cache salvo com 256276 entradas
[2026-05-13 11:02:15,690][__main__][INFO] - ✓ [microsoft/phi-4] Temp=0.0 Rep=1 → Concordo fortemente
[2026-05-13 11:02:15,695][__main__][INFO] - ✓ [microsoft/phi-4] Temp=0.0 Rep=1 → Discordo fortemente
[2026-05-13 11:02:15,698][__main__][INFO] - ✓ [microsoft/phi-4] Temp=0.0 Rep=1 → Concordo fortemente
[2026-05-13 11:02:15,699][__main__][INFO] - ✓ [microsoft/phi-4] Temp=0.0 Rep=1 → Concordo fortemente
[2026-05-13 11:02:15,700][__main__][INFO] - ✓ [microsoft/phi-4] Temp=0.0 Rep=1 → Concordo fortemente
[2026-05-13 11:02:15,839][__main__][INFO] - ✓ [microsoft/phi-4] Temp=0.0 Rep=1 → Concordo
[2026-05-13 11:02:15,850][__main__][INFO] - ✓ [microsoft/phi-4] Temp=0.0 Rep=1 → Discordo fortemente
[2026-05-13 11:02:15,879][__main__][INFO] - ✓ [microsoft/phi-4] Temp=0.0 Rep=1 → Concordo fortemente
[2026-05-13 11:02:15,880][__main__][INFO] - ✓ [microsoft/phi-4] Temp=0.0 Rep=1 → Concordo fortemente
[2026-05-13 11:02:16,144][__main__][INFO] - ✓ [microsoft/phi-4] Temp=0.0 Rep=1 → Discordo
[2026-05-13 11:02:16,145][__main__][INFO] - ✓ [microsoft/phi-4] Temp=0.0 Rep=1 → Concordo
[2026-05-13 11:02:16,146][__main__][INFO] - ✓ [microsoft/phi-4] Temp=0.0 Rep=1 → Discordo
[2026-05-13 11:02:16,181][__main__][INFO] - ✓ [microsoft/phi-4] Temp=0.0 Rep=1 → Concordo
[2026-05-13 11:02:16,184][__main__][INFO] - ✓ [microsoft/phi-4] Temp=0.0 Rep=1 → Concordo
[2026-05-13 11:02:16,185][__main__][INFO] - ✓ [microsoft/phi-4] Temp=0.0 Rep=1 → Neutro
[2026-05-13 11:02:16,205][__main__][INFO] - ✓ [microsoft/phi-4] Temp=0.0 Rep=1 → Concordo
[2026-05-13 11:02:16,206][__main__][INFO] - ✓ [microsoft/phi-4] Temp=0.0 Rep=1 → Neutro
[2026-05-13 11:02:16,211][__main__][INFO] - ✓ [microsoft/phi-4] Temp=0.0 Rep=1 → Concordo fortemente
[2026-05-13 11:02:16,212][__main__][INFO] - ✓ [microsoft/phi-4] Temp=0.0 Rep=1 → Discordo fortemente
[2026-05-13 11:02:16,226][__main__][INFO] - ✓ [microsoft/phi-4] Temp=0.0 Rep=1 → Concordo fortemente
[2026-05-13 11:02:16,230][__main__][INFO] - ✓ [microsoft/phi-4] Temp=0.0 Rep=1 → Concordo fortemente
[2026-05-13 11:02:16,256][__main__][INFO] - ✓ [microsoft/phi-4] Temp=0.0 Rep=1 → Concordo fortemente
[2026-05-13 11:02:16,260][__main__][INFO] - ✓ [microsoft/phi-4] Temp=0.0 Rep=1 → Discordo fortemente
[2026-05-13 11:02:16,266][__main__][INFO] - ✓ [microsoft/phi-4] Temp=0.0 Rep=1 → Concordo fortemente
[2026-05-13 11:02:16,312][__main__][INFO] - ✓ [microsoft/phi-4] Temp=0.0 Rep=1 → Discordo
[2026-05-13 11:02:16,465][__main__][INFO] - ✓ [microsoft/phi-4] Temp=0.0 Rep=1 → Discordo
[2026-05-13 11:02:16,471][__main__][INFO] - ✓ [microsoft/phi-4] Temp=0.0 Rep=1 → Concordo
[2026-05-13 11:02:16,476][__main__][INFO] - ✓ [microsoft/phi-4] Temp=0.0 Rep=1 → Discordo
[2026-05-13 11:02:16,508][__main__][INFO] - ✓ [microsoft/phi-4] Temp=0.0 Rep=1 → Neutro
[2026-05-13 11:02:16,647][__main__][INFO] - ✓ [microsoft/phi-4] Temp=0.0 Rep=1 → Concordo fortemente
[2026-05-13 11:02:16,652][__main__][INFO] - ✓ [microsoft/phi-4] Temp=0.0 Rep=1 → Concordo fortemente
[2026-05-13 11:02:16,654][__main__][INFO] - ✓ [microsoft/phi-4] Temp=0.0 Rep=1 → Concordo
[2026-05-13 11:02:16,659][__main__][INFO] - ✓ [microsoft/phi-4] Temp=0.0 Rep=1 → Discordo fortemente
[2026-05-13 11:02:16,660][__main__][INFO] - ✓ [microsoft/phi-4] Temp=0.0 Rep=1 → Concordo
[2026-05-13 11:02:16,661][__main__][INFO] - ✓ [microsoft/phi-4] Temp=0.0 Rep=1 → Concordo
[2026-05-13 11:02:16,672][__main__][INFO] - ✓ [microsoft/phi-4] Temp=0.0 Rep=1 → Concordo fortemente
[2026-05-13 11:02:16,683][__main__][INFO] - ✓ [microsoft/phi-4] Temp=0.0 Rep=1 → Concordo fortemente
[2026-05-13 11:02:16,692][__main__][INFO] - ✓ [microsoft/phi-4] Temp=0.0 Rep=1 → Discordo fortemente
[2026-05-13 11:02:16,854][__main__][INFO] - ✓ [microsoft/phi-4] Temp=0.0 Rep=1 → Concordo
[2026-05-13 11:02:16,861][__main__][INFO] - ✓ [microsoft/phi-4] Temp=0.0 Rep=1 → Concordo
[2026-05-13 11:02:16,937][__main__][INFO] - Salvamento incremental (1960 novas respostas)...
[2026-05-13 11:02:16,986][__main__][INFO] - Cache salvo com 256316 entradas
[2026-05-13 11:02:16,987][__main__][INFO] - ✓ [microsoft/phi-4] Temp=0.0 Rep=1 → Concordo fortemente
[2026-05-13 11:02:17,172][__main__][INFO] - ✓ [microsoft/phi-4] Temp=0.0 Rep=1 → Discordo
[2026-05-13 11:02:17,174][__main__][INFO] - ✓ [microsoft/phi-4] Temp=0.0 Rep=1 → Concordo
[2026-05-13 11:02:17,174][__main__][INFO] - ✓ [microsoft/phi-4] Temp=0.0 Rep=1 → Concordo
[2026-05-13 11:02:17,174][__main__][INFO] - ✓ [microsoft/phi-4] Temp=0.0 Rep=1 → Concordo
[2026-05-13 11:02:17,175][__main__][INFO] - ✓ [microsoft/phi-4] Temp=0.0 Rep=1 → Concordo
[2026-05-13 11:02:17,196][__main__][INFO] - ✓ [microsoft/phi-4] Temp=0.0 Rep=1 → Concordo
[2026-05-13 11:02:17,205][__main__][INFO] - ✓ [microsoft/phi-4] Temp=0.0 Rep=1 → Concordo fortemente
[2026-05-13 11:02:17,219][__main__][INFO] - ✓ [microsoft/phi-4] Temp=0.0 Rep=1 → Discordo fortemente
[2026-05-13 11:02:17,221][__main__][INFO] - ✓ [microsoft/phi-4] Temp=0.0 Rep=1 → Neutro
[2026-05-13 11:02:17,223][__main__][INFO] - ✓ [microsoft/phi-4] Temp=0.0 Rep=1 → Concordo fortemente
[2026-05-13 11:02:17,234][__main__][INFO] - ✓ [microsoft/phi-4] Temp=0.0 Rep=1 → Neutro
[2026-05-13 11:02:17,245][__main__][INFO] - ✓ [microsoft/phi-4] Temp=0.0 Rep=1 → Discordo fortemente
[2026-05-13 11:02:17,280][__main__][INFO] - ✓ [microsoft/phi-4] Temp=0.0 Rep=1 → Concordo fortemente
[2026-05-13 11:02:17,315][__main__][INFO] - ✓ [microsoft/phi-4] Temp=0.0 Rep=1 → Discordo fortemente
[2026-05-13 11:02:17,406][__main__][INFO] - ✓ [microsoft/phi-4] Temp=0.0 Rep=1 → Concordo
[2026-05-13 11:02:17,410][__main__][INFO] - ✓ [microsoft/phi-4] Temp=0.0 Rep=1 → Discordo
[2026-05-13 11:02:17,411][__main__][INFO] - ✓ [microsoft/phi-4] Temp=0.0 Rep=1 → Concordo
[2026-05-13 11:02:17,414][__main__][INFO] - ✓ [microsoft/phi-4] Temp=0.0 Rep=1 → Concordo
[2026-05-13 11:02:17,431][__main__][INFO] - ✓ [microsoft/phi-4] Temp=0.0 Rep=1 → Concordo
[2026-05-13 11:02:17,448][__main__][INFO] - ✓ [microsoft/phi-4] Temp=0.0 Rep=1 → Concordo fortemente
[2026-05-13 11:02:17,506][__main__][INFO] - ✓ [microsoft/phi-4] Temp=0.0 Rep=1 → Concordo fortemente
[2026-05-13 11:02:17,556][__main__][INFO] - ✓ [microsoft/phi-4] Temp=0.0 Rep=1 → Concordo
[2026-05-13 11:02:17,559][__main__][INFO] - ✓ [microsoft/phi-4] Temp=0.0 Rep=1 → Concordo
[2026-05-13 11:02:17,576][__main__][INFO] - ✓ [microsoft/phi-4] Temp=0.0 Rep=1 → Neutro
[2026-05-13 11:02:17,591][__main__][INFO] - ✓ [microsoft/phi-4] Temp=0.0 Rep=1 → Concordo
[2026-05-13 11:02:17,592][__main__][INFO] - ✓ [microsoft/phi-4] Temp=0.0 Rep=1 → Discordo fortemente
[2026-05-13 11:02:17,593][__main__][INFO] - ✓ [microsoft/phi-4] Temp=0.0 Rep=1 → Discordo fortemente
[2026-05-13 11:02:17,709][__main__][INFO] - ✓ [microsoft/phi-4] Temp=0.0 Rep=1 → Concordo fortemente
[2026-05-13 11:02:17,711][__main__][INFO] - ✓ [microsoft/phi-4] Temp=0.0 Rep=1 → Concordo
[2026-05-13 11:02:17,712][__main__][INFO] - ✓ [microsoft/phi-4] Temp=0.0 Rep=1 → Concordo fortemente
[2026-05-13 11:02:17,769][__main__][INFO] - ✓ [microsoft/phi-4] Temp=0.0 Rep=1 → Concordo
[2026-05-13 11:02:17,771][__main__][INFO] - ✓ [microsoft/phi-4] Temp=0.0 Rep=1 → Concordo
[2026-05-13 11:02:17,784][__main__][INFO] - ✓ [microsoft/phi-4] Temp=0.0 Rep=1 → Concordo
[2026-05-13 11:02:17,785][__main__][INFO] - ✓ [microsoft/phi-4] Temp=0.0 Rep=1 → Discordo fortemente
[2026-05-13 11:02:17,788][__main__][INFO] - ✓ [microsoft/phi-4] Temp=0.0 Rep=1 → Concordo fortemente
[2026-05-13 11:02:17,788][__main__][INFO] - ✓ [microsoft/phi-4] Temp=0.0 Rep=1 → Concordo
[2026-05-13 11:02:17,828][__main__][INFO] - ✓ [microsoft/phi-4] Temp=0.0 Rep=1 → Concordo fortemente
[2026-05-13 11:02:17,899][__main__][INFO] - ✓ [microsoft/phi-4] Temp=0.0 Rep=1 → Concordo
[2026-05-13 11:02:17,902][__main__][INFO] - ✓ [microsoft/phi-4] Temp=0.0 Rep=1 → Concordo
[2026-05-13 11:02:17,922][__main__][INFO] - Salvamento incremental (2000 novas respostas)...
[2026-05-13 11:02:17,979][__main__][INFO] - Cache salvo com 256356 entradas
[2026-05-13 11:02:17,979][__main__][INFO] - ✓ [microsoft/phi-4] Temp=0.0 Rep=1 → Discordo fortemente
[2026-05-13 11:02:18,074][__main__][INFO] - ✓ [microsoft/phi-4] Temp=0.0 Rep=1 → Concordo
[2026-05-13 11:02:18,102][__main__][INFO] - ✓ [microsoft/phi-4] Temp=0.0 Rep=1 → Neutro
[2026-05-13 11:02:18,111][__main__][INFO] - ✓ [microsoft/phi-4] Temp=0.0 Rep=1 → Concordo
[2026-05-13 11:02:18,111][__main__][INFO] - ✓ [microsoft/phi-4] Temp=0.0 Rep=1 → Concordo
[2026-05-13 11:02:18,128][__main__][INFO] - ✓ [microsoft/phi-4] Temp=0.0 Rep=1 → Discordo fortemente
[2026-05-13 11:02:18,218][__main__][INFO] - ✓ [microsoft/phi-4] Temp=0.0 Rep=1 → Neutro
[2026-05-13 11:02:18,221][__main__][INFO] - ✓ [microsoft/phi-4] Temp=0.0 Rep=1 → Discordo fortemente
[2026-05-13 11:02:18,222][__main__][INFO] - ✓ [microsoft/phi-4] Temp=0.0 Rep=1 → Concordo fortemente
[2026-05-13 11:02:18,223][__main__][INFO] - ✓ [microsoft/phi-4] Temp=0.0 Rep=1 → Concordo
[2026-05-13 11:02:18,224][__main__][INFO] - ✓ [microsoft/phi-4] Temp=0.0 Rep=1 → Concordo
[2026-05-13 11:02:18,225][__main__][INFO] - ✓ [microsoft/phi-4] Temp=0.0 Rep=1 → Concordo fortemente
[2026-05-13 11:02:18,402][__main__][INFO] - ✓ [microsoft/phi-4] Temp=0.0 Rep=1 → Concordo
[2026-05-13 11:02:18,410][__main__][INFO] - ✓ [microsoft/phi-4] Temp=0.0 Rep=1 → Concordo
[2026-05-13 11:02:18,483][__main__][INFO] - ✓ [microsoft/phi-4] Temp=0.0 Rep=1 → Concordo fortemente
[2026-05-13 11:02:18,537][__main__][INFO] - ✓ [microsoft/phi-4] Temp=0.0 Rep=1 → Concordo
[2026-05-13 11:02:18,538][__main__][INFO] - ✓ [microsoft/phi-4] Temp=0.0 Rep=1 → Concordo
[2026-05-13 11:02:18,545][__main__][INFO] - ✓ [microsoft/phi-4] Temp=0.0 Rep=1 → Neutro
[2026-05-13 11:02:18,558][__main__][INFO] - ✓ [microsoft/phi-4] Temp=0.0 Rep=1 → Concordo
[2026-05-13 11:02:18,561][__main__][INFO] - ✓ [microsoft/phi-4] Temp=0.0 Rep=1 → Neutro
[2026-05-13 11:02:18,575][__main__][INFO] - ✓ [microsoft/phi-4] Temp=0.0 Rep=1 → Concordo fortemente
[2026-05-13 11:02:18,591][__main__][INFO] - ✓ [microsoft/phi-4] Temp=0.0 Rep=1 → Discordo fortemente
[2026-05-13 11:02:18,976][__main__][WARNING] - Resposta inválida (tentativa 1/3) de microsoft/phi-4: Esta afirmação é uma questão de opinião política e pode vari
[2026-05-13 11:02:18,976][__main__][INFO] - Fazendo retry 2/3...
[2026-05-13 11:02:20,886][__main__][WARNING] - Resposta inválida (tentativa 2/3) de microsoft/phi-4: Esta afirmação é uma questão de opinião política e pode vari
[2026-05-13 11:02:20,887][__main__][INFO] - Fazendo retry 3/3...
[2026-05-13 11:02:22,757][__main__][WARNING] - Resposta inválida (tentativa 3/3) de microsoft/phi-4: Esta afirmação é uma questão de opinião política e pode vari
[2026-05-13 11:02:22,758][__main__][ERROR] - Máximo de tentativas (3) atingido para resposta inválida
[2026-05-13 11:02:22,924][__main__][INFO] - Cache salvo com 256378 entradas
[2026-05-13 11:02:22,924][__main__][INFO] - Coleta de dados concluída!
