[2026-05-13 10:58:25,343][__main__][INFO] - Retrieval ativado: store='wiki_faiss_store', top_n=[0, 1, 3, 5], emb_model='google/embeddinggemma-300m'
[2026-05-13 10:58:25,343][__main__][INFO] - Carregadas 56 perguntas de dados/pairs.json
[2026-05-13 10:58:25,386][__main__][INFO] - Cache carregado com 252339 entradas
[2026-05-13 10:58:28,097][__main__][INFO] - ✓ [nvidia/NVIDIA-Nemotron-Nano-12B-v2-VL] Temp=0.0 Rep=1 → Concordo fortemente
[2026-05-13 10:58:28,099][__main__][INFO] - ✓ [nvidia/NVIDIA-Nemotron-Nano-12B-v2-VL] Temp=0.0 Rep=1 → Discordo fortemente
[2026-05-13 10:58:28,100][__main__][INFO] - ✓ [nvidia/NVIDIA-Nemotron-Nano-12B-v2-VL] Temp=0.0 Rep=1 → Concordo fortemente
[2026-05-13 10:58:28,101][__main__][INFO] - ✓ [nvidia/NVIDIA-Nemotron-Nano-12B-v2-VL] Temp=0.0 Rep=1 → Concordo fortemente
[2026-05-13 10:58:28,101][__main__][INFO] - ✓ [nvidia/NVIDIA-Nemotron-Nano-12B-v2-VL] Temp=0.0 Rep=1 → Discordo fortemente
[2026-05-13 10:58:28,102][__main__][INFO] - ✓ [nvidia/NVIDIA-Nemotron-Nano-12B-v2-VL] Temp=0.0 Rep=1 → Discordo fortemente
[2026-05-13 10:58:28,102][__main__][INFO] - ✓ [nvidia/NVIDIA-Nemotron-Nano-12B-v2-VL] Temp=0.0 Rep=1 → Concordo fortemente
[2026-05-13 10:58:28,104][__main__][INFO] - ✓ [nvidia/NVIDIA-Nemotron-Nano-12B-v2-VL] Temp=0.0 Rep=1 → Concordo fortemente
[2026-05-13 10:58:28,104][__main__][INFO] - ✓ [nvidia/NVIDIA-Nemotron-Nano-12B-v2-VL] Temp=0.0 Rep=1 → Concordo fortemente
[2026-05-13 10:58:28,105][__main__][INFO] - ✓ [nvidia/NVIDIA-Nemotron-Nano-12B-v2-VL] Temp=0.0 Rep=1 → Concordo fortemente
[2026-05-13 10:58:28,105][__main__][INFO] - ✓ [nvidia/NVIDIA-Nemotron-Nano-12B-v2-VL] Temp=0.0 Rep=1 → Discordo fortemente
[2026-05-13 10:58:28,106][__main__][INFO] - ✓ [nvidia/NVIDIA-Nemotron-Nano-12B-v2-VL] Temp=0.0 Rep=1 → Discordo fortemente
[2026-05-13 10:58:28,224][__main__][INFO] - ✓ [nvidia/NVIDIA-Nemotron-Nano-12B-v2-VL] Temp=0.0 Rep=1 → Discordo fortemente
[2026-05-13 10:58:28,577][__main__][INFO] - ✓ [nvidia/NVIDIA-Nemotron-Nano-12B-v2-VL] Temp=0.0 Rep=1 → Discordo fortemente
[2026-05-13 10:58:28,677][__main__][INFO] - ✓ [nvidia/NVIDIA-Nemotron-Nano-12B-v2-VL] Temp=0.0 Rep=1 → Discordo fortemente
[2026-05-13 10:58:28,682][__main__][INFO] - ✓ [nvidia/NVIDIA-Nemotron-Nano-12B-v2-VL] Temp=0.0 Rep=1 → Concordo fortemente
[2026-05-13 10:58:28,692][__main__][INFO] - ✓ [nvidia/NVIDIA-Nemotron-Nano-12B-v2-VL] Temp=0.0 Rep=1 → Discordo fortemente
[2026-05-13 10:58:28,693][__main__][INFO] - ✓ [nvidia/NVIDIA-Nemotron-Nano-12B-v2-VL] Temp=0.0 Rep=1 → Discordo fortemente
[2026-05-13 10:58:28,693][__main__][INFO] - ✓ [nvidia/NVIDIA-Nemotron-Nano-12B-v2-VL] Temp=0.0 Rep=1 → Discordo fortemente
[2026-05-13 10:58:28,694][__main__][INFO] - ✓ [nvidia/NVIDIA-Nemotron-Nano-12B-v2-VL] Temp=0.0 Rep=1 → Concordo fortemente
[2026-05-13 10:58:28,695][__main__][INFO] - ✓ [nvidia/NVIDIA-Nemotron-Nano-12B-v2-VL] Temp=0.0 Rep=1 → Discordo fortemente
[2026-05-13 10:58:28,695][__main__][INFO] - ✓ [nvidia/NVIDIA-Nemotron-Nano-12B-v2-VL] Temp=0.0 Rep=1 → Discordo fortemente
[2026-05-13 10:58:28,739][__main__][INFO] - ✓ [nvidia/NVIDIA-Nemotron-Nano-12B-v2-VL] Temp=0.0 Rep=1 → Concordo fortemente
[2026-05-13 10:58:28,742][__main__][INFO] - ✓ [nvidia/NVIDIA-Nemotron-Nano-12B-v2-VL] Temp=0.0 Rep=1 → Concordo fortemente
[2026-05-13 10:58:28,750][__main__][INFO] - ✓ [nvidia/NVIDIA-Nemotron-Nano-12B-v2-VL] Temp=0.0 Rep=1 → Discordo fortemente
[2026-05-13 10:58:28,752][__main__][INFO] - ✓ [nvidia/NVIDIA-Nemotron-Nano-12B-v2-VL] Temp=0.0 Rep=1 → Discordo fortemente
[2026-05-13 10:58:28,879][__main__][INFO] - ✓ [nvidia/NVIDIA-Nemotron-Nano-12B-v2-VL] Temp=0.0 Rep=1 → Discordo fortemente
[2026-05-13 10:58:28,881][__main__][INFO] - ✓ [nvidia/NVIDIA-Nemotron-Nano-12B-v2-VL] Temp=0.0 Rep=1 → Discordo fortemente
[2026-05-13 10:58:28,882][__main__][INFO] - ✓ [nvidia/NVIDIA-Nemotron-Nano-12B-v2-VL] Temp=0.0 Rep=1 → Discordo fortemente
[2026-05-13 10:58:28,955][__main__][INFO] - ✓ [nvidia/NVIDIA-Nemotron-Nano-12B-v2-VL] Temp=0.0 Rep=1 → Discordo fortemente
[2026-05-13 10:58:28,956][__main__][INFO] - ✓ [nvidia/NVIDIA-Nemotron-Nano-12B-v2-VL] Temp=0.0 Rep=1 → Discordo fortemente
[2026-05-13 10:58:28,957][__main__][INFO] - ✓ [nvidia/NVIDIA-Nemotron-Nano-12B-v2-VL] Temp=0.0 Rep=1 → Discordo fortemente
[2026-05-13 10:58:29,115][__main__][INFO] - ✓ [nvidia/NVIDIA-Nemotron-Nano-12B-v2-VL] Temp=0.0 Rep=1 → Concordo
[2026-05-13 10:58:29,116][__main__][INFO] - ✓ [nvidia/NVIDIA-Nemotron-Nano-12B-v2-VL] Temp=0.0 Rep=1 → Discordo fortemente
[2026-05-13 10:58:29,154][__main__][INFO] - ✓ [nvidia/NVIDIA-Nemotron-Nano-12B-v2-VL] Temp=0.0 Rep=1 → Discordo fortemente
[2026-05-13 10:58:29,155][__main__][INFO] - ✓ [nvidia/NVIDIA-Nemotron-Nano-12B-v2-VL] Temp=0.0 Rep=1 → Discordo fortemente
[2026-05-13 10:58:29,157][__main__][INFO] - ✓ [nvidia/NVIDIA-Nemotron-Nano-12B-v2-VL] Temp=0.0 Rep=1 → Discordo fortemente
[2026-05-13 10:58:29,158][__main__][INFO] - ✓ [nvidia/NVIDIA-Nemotron-Nano-12B-v2-VL] Temp=0.0 Rep=1 → Concordo fortemente
[2026-05-13 10:58:29,158][__main__][INFO] - ✓ [nvidia/NVIDIA-Nemotron-Nano-12B-v2-VL] Temp=0.0 Rep=1 → Discordo fortemente
[2026-05-13 10:58:29,159][__main__][INFO] - Salvamento incremental (40 novas respostas)...
[2026-05-13 10:58:29,215][__main__][INFO] - Cache salvo com 252379 entradas
[2026-05-13 10:58:29,216][__main__][INFO] - ✓ [nvidia/NVIDIA-Nemotron-Nano-12B-v2-VL] Temp=0.0 Rep=1 → Discordo fortemente
[2026-05-13 10:58:29,216][__main__][INFO] - ✓ [nvidia/NVIDIA-Nemotron-Nano-12B-v2-VL] Temp=0.0 Rep=1 → Discordo fortemente
[2026-05-13 10:58:29,218][__main__][INFO] - ✓ [nvidia/NVIDIA-Nemotron-Nano-12B-v2-VL] Temp=0.0 Rep=1 → Discordo fortemente
[2026-05-13 10:58:29,218][__main__][INFO] - ✓ [nvidia/NVIDIA-Nemotron-Nano-12B-v2-VL] Temp=0.0 Rep=1 → Discordo fortemente
[2026-05-13 10:58:29,219][__main__][INFO] - ✓ [nvidia/NVIDIA-Nemotron-Nano-12B-v2-VL] Temp=0.0 Rep=1 → Discordo fortemente
[2026-05-13 10:58:29,219][__main__][INFO] - ✓ [nvidia/NVIDIA-Nemotron-Nano-12B-v2-VL] Temp=0.0 Rep=1 → Discordo fortemente
[2026-05-13 10:58:29,220][__main__][INFO] - ✓ [nvidia/NVIDIA-Nemotron-Nano-12B-v2-VL] Temp=0.0 Rep=1 → Discordo fortemente
[2026-05-13 10:58:29,231][__main__][INFO] - ✓ [nvidia/NVIDIA-Nemotron-Nano-12B-v2-VL] Temp=0.0 Rep=1 → Discordo fortemente
[2026-05-13 10:58:29,271][__main__][INFO] - ✓ [nvidia/NVIDIA-Nemotron-Nano-12B-v2-VL] Temp=0.0 Rep=1 → Discordo fortemente
[2026-05-13 10:58:29,277][__main__][INFO] - ✓ [nvidia/NVIDIA-Nemotron-Nano-12B-v2-VL] Temp=0.0 Rep=1 → Discordo fortemente
[2026-05-13 10:58:29,285][__main__][INFO] - ✓ [nvidia/NVIDIA-Nemotron-Nano-12B-v2-VL] Temp=0.0 Rep=1 → Discordo fortemente
[2026-05-13 10:58:29,286][__main__][INFO] - ✓ [nvidia/NVIDIA-Nemotron-Nano-12B-v2-VL] Temp=0.0 Rep=1 → Discordo fortemente
[2026-05-13 10:58:29,289][__main__][INFO] - ✓ [nvidia/NVIDIA-Nemotron-Nano-12B-v2-VL] Temp=0.0 Rep=1 → Discordo fortemente
[2026-05-13 10:58:29,360][__main__][INFO] - ✓ [nvidia/NVIDIA-Nemotron-Nano-12B-v2-VL] Temp=0.0 Rep=1 → Discordo fortemente
[2026-05-13 10:58:29,433][__main__][INFO] - ✓ [nvidia/NVIDIA-Nemotron-Nano-12B-v2-VL] Temp=0.0 Rep=1 → Discordo fortemente
[2026-05-13 10:58:29,434][__main__][INFO] - ✓ [nvidia/NVIDIA-Nemotron-Nano-12B-v2-VL] Temp=0.0 Rep=1 → Concordo fortemente
[2026-05-13 10:58:29,452][__main__][INFO] - ✓ [nvidia/NVIDIA-Nemotron-Nano-12B-v2-VL] Temp=0.0 Rep=1 → Discordo fortemente
[2026-05-13 10:58:29,496][__main__][INFO] - ✓ [nvidia/NVIDIA-Nemotron-Nano-12B-v2-VL] Temp=0.0 Rep=1 → Discordo fortemente
[2026-05-13 10:58:29,511][__main__][INFO] - ✓ [nvidia/NVIDIA-Nemotron-Nano-12B-v2-VL] Temp=0.0 Rep=1 → Discordo fortemente
[2026-05-13 10:58:29,628][__main__][INFO] - ✓ [nvidia/NVIDIA-Nemotron-Nano-12B-v2-VL] Temp=0.0 Rep=1 → Discordo fortemente
[2026-05-13 10:58:29,642][__main__][INFO] - ✓ [nvidia/NVIDIA-Nemotron-Nano-12B-v2-VL] Temp=0.0 Rep=1 → Discordo fortemente
[2026-05-13 10:58:29,643][__main__][INFO] - ✓ [nvidia/NVIDIA-Nemotron-Nano-12B-v2-VL] Temp=0.0 Rep=1 → Concordo fortemente
[2026-05-13 10:58:29,643][__main__][INFO] - ✓ [nvidia/NVIDIA-Nemotron-Nano-12B-v2-VL] Temp=0.0 Rep=1 → Discordo fortemente
[2026-05-13 10:58:29,644][__main__][INFO] - ✓ [nvidia/NVIDIA-Nemotron-Nano-12B-v2-VL] Temp=0.0 Rep=1 → Discordo fortemente
[2026-05-13 10:58:29,645][__main__][INFO] - ✓ [nvidia/NVIDIA-Nemotron-Nano-12B-v2-VL] Temp=0.0 Rep=1 → Discordo fortemente
[2026-05-13 10:58:29,645][__main__][INFO] - ✓ [nvidia/NVIDIA-Nemotron-Nano-12B-v2-VL] Temp=0.0 Rep=1 → Discordo fortemente
[2026-05-13 10:58:29,646][__main__][INFO] - ✓ [nvidia/NVIDIA-Nemotron-Nano-12B-v2-VL] Temp=0.0 Rep=1 → Discordo fortemente
[2026-05-13 10:58:29,742][__main__][INFO] - ✓ [nvidia/NVIDIA-Nemotron-Nano-12B-v2-VL] Temp=0.0 Rep=1 → Discordo fortemente
[2026-05-13 10:58:29,744][__main__][INFO] - ✓ [nvidia/NVIDIA-Nemotron-Nano-12B-v2-VL] Temp=0.0 Rep=1 → Concordo fortemente
[2026-05-13 10:58:29,745][__main__][INFO] - ✓ [nvidia/NVIDIA-Nemotron-Nano-12B-v2-VL] Temp=0.0 Rep=1 → Discordo fortemente
[2026-05-13 10:58:29,837][__main__][INFO] - ✓ [nvidia/NVIDIA-Nemotron-Nano-12B-v2-VL] Temp=0.0 Rep=1 → Discordo fortemente
[2026-05-13 10:58:29,839][__main__][INFO] - ✓ [nvidia/NVIDIA-Nemotron-Nano-12B-v2-VL] Temp=0.0 Rep=1 → Concordo fortemente
[2026-05-13 10:58:29,840][__main__][INFO] - ✓ [nvidia/NVIDIA-Nemotron-Nano-12B-v2-VL] Temp=0.0 Rep=1 → Discordo fortemente
[2026-05-13 10:58:29,903][__main__][INFO] - ✓ [nvidia/NVIDIA-Nemotron-Nano-12B-v2-VL] Temp=0.0 Rep=1 → Discordo fortemente
[2026-05-13 10:58:29,907][__main__][INFO] - ✓ [nvidia/NVIDIA-Nemotron-Nano-12B-v2-VL] Temp=0.0 Rep=1 → Concordo fortemente
[2026-05-13 10:58:29,915][__main__][INFO] - ✓ [nvidia/NVIDIA-Nemotron-Nano-12B-v2-VL] Temp=0.0 Rep=1 → Concordo fortemente
[2026-05-13 10:58:29,918][__main__][INFO] - ✓ [nvidia/NVIDIA-Nemotron-Nano-12B-v2-VL] Temp=0.0 Rep=1 → Discordo fortemente
[2026-05-13 10:58:29,919][__main__][INFO] - ✓ [nvidia/NVIDIA-Nemotron-Nano-12B-v2-VL] Temp=0.0 Rep=1 → Concordo fortemente
[2026-05-13 10:58:29,920][__main__][INFO] - ✓ [nvidia/NVIDIA-Nemotron-Nano-12B-v2-VL] Temp=0.0 Rep=1 → Discordo fortemente
[2026-05-13 10:58:29,921][__main__][INFO] - ✓ [nvidia/NVIDIA-Nemotron-Nano-12B-v2-VL] Temp=0.0 Rep=1 → Discordo fortemente
[2026-05-13 10:58:29,922][__main__][INFO] - Salvamento incremental (80 novas respostas)...
[2026-05-13 10:58:29,968][__main__][INFO] - Cache salvo com 252419 entradas
[2026-05-13 10:58:29,969][__main__][INFO] - ✓ [nvidia/NVIDIA-Nemotron-Nano-12B-v2-VL] Temp=0.0 Rep=1 → Discordo fortemente
[2026-05-13 10:58:29,970][__main__][INFO] - ✓ [nvidia/NVIDIA-Nemotron-Nano-12B-v2-VL] Temp=0.0 Rep=1 → Discordo fortemente
[2026-05-13 10:58:29,971][__main__][INFO] - ✓ [nvidia/NVIDIA-Nemotron-Nano-12B-v2-VL] Temp=0.0 Rep=1 → Discordo fortemente
[2026-05-13 10:58:29,974][__main__][INFO] - ✓ [nvidia/NVIDIA-Nemotron-Nano-12B-v2-VL] Temp=0.0 Rep=1 → Discordo fortemente
[2026-05-13 10:58:29,976][__main__][INFO] - ✓ [nvidia/NVIDIA-Nemotron-Nano-12B-v2-VL] Temp=0.0 Rep=1 → Discordo fortemente
[2026-05-13 10:58:29,986][__main__][INFO] - ✓ [nvidia/NVIDIA-Nemotron-Nano-12B-v2-VL] Temp=0.0 Rep=1 → Discordo fortemente
[2026-05-13 10:58:29,988][__main__][INFO] - ✓ [nvidia/NVIDIA-Nemotron-Nano-12B-v2-VL] Temp=0.0 Rep=1 → Discordo fortemente
[2026-05-13 10:58:30,036][__main__][INFO] - ✓ [nvidia/NVIDIA-Nemotron-Nano-12B-v2-VL] Temp=0.0 Rep=1 → Discordo fortemente
[2026-05-13 10:58:30,037][__main__][INFO] - ✓ [nvidia/NVIDIA-Nemotron-Nano-12B-v2-VL] Temp=0.0 Rep=1 → Discordo fortemente
[2026-05-13 10:58:30,039][__main__][INFO] - ✓ [nvidia/NVIDIA-Nemotron-Nano-12B-v2-VL] Temp=0.0 Rep=1 → Discordo fortemente
[2026-05-13 10:58:30,186][__main__][INFO] - ✓ [nvidia/NVIDIA-Nemotron-Nano-12B-v2-VL] Temp=0.0 Rep=1 → Discordo fortemente
[2026-05-13 10:58:30,193][__main__][INFO] - ✓ [nvidia/NVIDIA-Nemotron-Nano-12B-v2-VL] Temp=0.0 Rep=1 → Discordo fortemente
[2026-05-13 10:58:30,193][__main__][INFO] - ✓ [nvidia/NVIDIA-Nemotron-Nano-12B-v2-VL] Temp=0.0 Rep=1 → Discordo fortemente
[2026-05-13 10:58:30,263][__main__][INFO] - ✓ [nvidia/NVIDIA-Nemotron-Nano-12B-v2-VL] Temp=0.0 Rep=1 → Concordo fortemente
[2026-05-13 10:58:30,267][__main__][INFO] - ✓ [nvidia/NVIDIA-Nemotron-Nano-12B-v2-VL] Temp=0.0 Rep=1 → Discordo fortemente
[2026-05-13 10:58:30,268][__main__][INFO] - ✓ [nvidia/NVIDIA-Nemotron-Nano-12B-v2-VL] Temp=0.0 Rep=1 → Discordo fortemente
[2026-05-13 10:58:30,269][__main__][INFO] - ✓ [nvidia/NVIDIA-Nemotron-Nano-12B-v2-VL] Temp=0.0 Rep=1 → Discordo fortemente
[2026-05-13 10:58:30,270][__main__][INFO] - ✓ [nvidia/NVIDIA-Nemotron-Nano-12B-v2-VL] Temp=0.0 Rep=1 → Discordo fortemente
[2026-05-13 10:58:30,271][__main__][INFO] - ✓ [nvidia/NVIDIA-Nemotron-Nano-12B-v2-VL] Temp=0.0 Rep=1 → Discordo fortemente
[2026-05-13 10:58:30,272][__main__][INFO] - ✓ [nvidia/NVIDIA-Nemotron-Nano-12B-v2-VL] Temp=0.0 Rep=1 → Discordo fortemente
[2026-05-13 10:58:30,272][__main__][INFO] - ✓ [nvidia/NVIDIA-Nemotron-Nano-12B-v2-VL] Temp=0.0 Rep=1 → Discordo fortemente
[2026-05-13 10:58:30,273][__main__][INFO] - ✓ [nvidia/NVIDIA-Nemotron-Nano-12B-v2-VL] Temp=0.0 Rep=1 → Discordo fortemente
[2026-05-13 10:58:30,274][__main__][INFO] - ✓ [nvidia/NVIDIA-Nemotron-Nano-12B-v2-VL] Temp=0.0 Rep=1 → Discordo fortemente
[2026-05-13 10:58:30,334][__main__][INFO] - ✓ [nvidia/NVIDIA-Nemotron-Nano-12B-v2-VL] Temp=0.0 Rep=1 → Discordo fortemente
[2026-05-13 10:58:30,336][__main__][INFO] - ✓ [nvidia/NVIDIA-Nemotron-Nano-12B-v2-VL] Temp=0.0 Rep=1 → Discordo fortemente
[2026-05-13 10:58:30,340][__main__][INFO] - ✓ [nvidia/NVIDIA-Nemotron-Nano-12B-v2-VL] Temp=0.0 Rep=1 → Discordo fortemente
[2026-05-13 10:58:30,343][__main__][INFO] - ✓ [nvidia/NVIDIA-Nemotron-Nano-12B-v2-VL] Temp=0.0 Rep=1 → Discordo fortemente
[2026-05-13 10:58:30,344][__main__][INFO] - ✓ [nvidia/NVIDIA-Nemotron-Nano-12B-v2-VL] Temp=0.0 Rep=1 → Discordo fortemente
[2026-05-13 10:58:30,346][__main__][INFO] - ✓ [nvidia/NVIDIA-Nemotron-Nano-12B-v2-VL] Temp=0.0 Rep=1 → Discordo fortemente
[2026-05-13 10:58:30,514][__main__][INFO] - ✓ [nvidia/NVIDIA-Nemotron-Nano-12B-v2-VL] Temp=0.0 Rep=1 → Discordo fortemente
[2026-05-13 10:58:30,579][__main__][INFO] - ✓ [nvidia/NVIDIA-Nemotron-Nano-12B-v2-VL] Temp=0.0 Rep=1 → Discordo fortemente
[2026-05-13 10:58:30,580][__main__][INFO] - ✓ [nvidia/NVIDIA-Nemotron-Nano-12B-v2-VL] Temp=0.0 Rep=1 → Discordo fortemente
[2026-05-13 10:58:30,584][__main__][INFO] - ✓ [nvidia/NVIDIA-Nemotron-Nano-12B-v2-VL] Temp=0.0 Rep=1 → Discordo fortemente
[2026-05-13 10:58:30,585][__main__][INFO] - ✓ [nvidia/NVIDIA-Nemotron-Nano-12B-v2-VL] Temp=0.0 Rep=1 → Concordo fortemente
[2026-05-13 10:58:30,586][__main__][INFO] - ✓ [nvidia/NVIDIA-Nemotron-Nano-12B-v2-VL] Temp=0.0 Rep=1 → Discordo fortemente
[2026-05-13 10:58:30,588][__main__][INFO] - ✓ [nvidia/NVIDIA-Nemotron-Nano-12B-v2-VL] Temp=0.0 Rep=1 → Concordo fortemente
[2026-05-13 10:58:30,588][__main__][INFO] - ✓ [nvidia/NVIDIA-Nemotron-Nano-12B-v2-VL] Temp=0.0 Rep=1 → Discordo fortemente
[2026-05-13 10:58:30,677][__main__][INFO] - ✓ [nvidia/NVIDIA-Nemotron-Nano-12B-v2-VL] Temp=0.0 Rep=1 → Discordo fortemente
[2026-05-13 10:58:30,679][__main__][INFO] - ✓ [nvidia/NVIDIA-Nemotron-Nano-12B-v2-VL] Temp=0.0 Rep=1 → Discordo fortemente
[2026-05-13 10:58:30,681][__main__][INFO] - ✓ [nvidia/NVIDIA-Nemotron-Nano-12B-v2-VL] Temp=0.0 Rep=1 → Discordo fortemente
[2026-05-13 10:58:30,732][__main__][INFO] - Salvamento incremental (120 novas respostas)...
[2026-05-13 10:58:30,779][__main__][INFO] - Cache salvo com 252459 entradas
[2026-05-13 10:58:30,779][__main__][INFO] - ✓ [nvidia/NVIDIA-Nemotron-Nano-12B-v2-VL] Temp=0.0 Rep=1 → Discordo fortemente
[2026-05-13 10:58:30,800][__main__][INFO] - ✓ [nvidia/NVIDIA-Nemotron-Nano-12B-v2-VL] Temp=0.0 Rep=1 → Discordo fortemente
[2026-05-13 10:58:30,857][__main__][INFO] - ✓ [nvidia/NVIDIA-Nemotron-Nano-12B-v2-VL] Temp=0.0 Rep=1 → Discordo fortemente
[2026-05-13 10:58:30,933][__main__][INFO] - ✓ [nvidia/NVIDIA-Nemotron-Nano-12B-v2-VL] Temp=0.0 Rep=1 → Concordo fortemente
[2026-05-13 10:58:30,940][__main__][INFO] - ✓ [nvidia/NVIDIA-Nemotron-Nano-12B-v2-VL] Temp=0.0 Rep=1 → Discordo fortemente
[2026-05-13 10:58:31,076][__main__][INFO] - ✓ [nvidia/NVIDIA-Nemotron-Nano-12B-v2-VL] Temp=0.0 Rep=1 → Discordo fortemente
[2026-05-13 10:58:31,081][__main__][INFO] - ✓ [nvidia/NVIDIA-Nemotron-Nano-12B-v2-VL] Temp=0.0 Rep=1 → Discordo fortemente
[2026-05-13 10:58:31,214][__main__][INFO] - ✓ [nvidia/NVIDIA-Nemotron-Nano-12B-v2-VL] Temp=0.0 Rep=1 → Discordo fortemente
[2026-05-13 10:58:31,216][__main__][INFO] - ✓ [nvidia/NVIDIA-Nemotron-Nano-12B-v2-VL] Temp=0.0 Rep=1 → Discordo fortemente
[2026-05-13 10:58:31,217][__main__][INFO] - ✓ [nvidia/NVIDIA-Nemotron-Nano-12B-v2-VL] Temp=0.0 Rep=1 → Discordo fortemente
[2026-05-13 10:58:31,220][__main__][INFO] - ✓ [nvidia/NVIDIA-Nemotron-Nano-12B-v2-VL] Temp=0.0 Rep=1 → Discordo fortemente
[2026-05-13 10:58:31,220][__main__][INFO] - ✓ [nvidia/NVIDIA-Nemotron-Nano-12B-v2-VL] Temp=0.0 Rep=1 → Discordo fortemente
[2026-05-13 10:58:31,221][__main__][INFO] - ✓ [nvidia/NVIDIA-Nemotron-Nano-12B-v2-VL] Temp=0.0 Rep=1 → Discordo fortemente
[2026-05-13 10:58:31,222][__main__][INFO] - ✓ [nvidia/NVIDIA-Nemotron-Nano-12B-v2-VL] Temp=0.0 Rep=1 → Discordo fortemente
[2026-05-13 10:58:31,223][__main__][INFO] - ✓ [nvidia/NVIDIA-Nemotron-Nano-12B-v2-VL] Temp=0.0 Rep=1 → Discordo fortemente
[2026-05-13 10:58:31,292][__main__][INFO] - ✓ [nvidia/NVIDIA-Nemotron-Nano-12B-v2-VL] Temp=0.0 Rep=1 → Discordo fortemente
[2026-05-13 10:58:31,294][__main__][INFO] - ✓ [nvidia/NVIDIA-Nemotron-Nano-12B-v2-VL] Temp=0.0 Rep=1 → Discordo fortemente
[2026-05-13 10:58:31,304][__main__][INFO] - ✓ [nvidia/NVIDIA-Nemotron-Nano-12B-v2-VL] Temp=0.0 Rep=1 → Discordo fortemente
[2026-05-13 10:58:31,442][__main__][INFO] - ✓ [nvidia/NVIDIA-Nemotron-Nano-12B-v2-VL] Temp=0.0 Rep=1 → Discordo fortemente
[2026-05-13 10:58:31,491][__main__][INFO] - ✓ [nvidia/NVIDIA-Nemotron-Nano-12B-v2-VL] Temp=0.0 Rep=1 → Discordo fortemente
[2026-05-13 10:58:31,494][__main__][INFO] - ✓ [nvidia/NVIDIA-Nemotron-Nano-12B-v2-VL] Temp=0.0 Rep=1 → Discordo fortemente
[2026-05-13 10:58:31,497][__main__][INFO] - ✓ [nvidia/NVIDIA-Nemotron-Nano-12B-v2-VL] Temp=0.0 Rep=1 → Discordo fortemente
[2026-05-13 10:58:31,500][__main__][INFO] - ✓ [nvidia/NVIDIA-Nemotron-Nano-12B-v2-VL] Temp=0.0 Rep=1 → Discordo fortemente
[2026-05-13 10:58:31,503][__main__][INFO] - ✓ [nvidia/NVIDIA-Nemotron-Nano-12B-v2-VL] Temp=0.0 Rep=1 → Concordo fortemente
[2026-05-13 10:58:31,506][__main__][INFO] - ✓ [nvidia/NVIDIA-Nemotron-Nano-12B-v2-VL] Temp=0.0 Rep=1 → Discordo fortemente
[2026-05-13 10:58:31,508][__main__][INFO] - ✓ [nvidia/NVIDIA-Nemotron-Nano-12B-v2-VL] Temp=0.0 Rep=1 → Discordo fortemente
[2026-05-13 10:58:31,510][__main__][INFO] - ✓ [nvidia/NVIDIA-Nemotron-Nano-12B-v2-VL] Temp=0.0 Rep=1 → Discordo fortemente
[2026-05-13 10:58:31,563][__main__][INFO] - ✓ [nvidia/NVIDIA-Nemotron-Nano-12B-v2-VL] Temp=0.0 Rep=1 → Discordo fortemente
[2026-05-13 10:58:31,727][__main__][INFO] - ✓ [nvidia/NVIDIA-Nemotron-Nano-12B-v2-VL] Temp=0.0 Rep=1 → Discordo fortemente
[2026-05-13 10:58:31,732][__main__][INFO] - ✓ [nvidia/NVIDIA-Nemotron-Nano-12B-v2-VL] Temp=0.0 Rep=1 → Concordo fortemente
[2026-05-13 10:58:31,734][__main__][INFO] - ✓ [nvidia/NVIDIA-Nemotron-Nano-12B-v2-VL] Temp=0.0 Rep=1 → Discordo fortemente
[2026-05-13 10:58:31,736][__main__][INFO] - ✓ [nvidia/NVIDIA-Nemotron-Nano-12B-v2-VL] Temp=0.0 Rep=1 → Concordo fortemente
[2026-05-13 10:58:31,737][__main__][INFO] - ✓ [nvidia/NVIDIA-Nemotron-Nano-12B-v2-VL] Temp=0.0 Rep=1 → Discordo fortemente
[2026-05-13 10:58:31,739][__main__][INFO] - ✓ [nvidia/NVIDIA-Nemotron-Nano-12B-v2-VL] Temp=0.0 Rep=1 → Discordo fortemente
[2026-05-13 10:58:31,807][__main__][INFO] - ✓ [nvidia/NVIDIA-Nemotron-Nano-12B-v2-VL] Temp=0.0 Rep=1 → Discordo fortemente
[2026-05-13 10:58:31,808][__main__][INFO] - ✓ [nvidia/NVIDIA-Nemotron-Nano-12B-v2-VL] Temp=0.0 Rep=1 → Concordo fortemente
[2026-05-13 10:58:31,810][__main__][INFO] - ✓ [nvidia/NVIDIA-Nemotron-Nano-12B-v2-VL] Temp=0.0 Rep=1 → Concordo fortemente
[2026-05-13 10:58:31,869][__main__][INFO] - ✓ [nvidia/NVIDIA-Nemotron-Nano-12B-v2-VL] Temp=0.0 Rep=1 → Discordo fortemente
[2026-05-13 10:58:31,898][__main__][INFO] - ✓ [nvidia/NVIDIA-Nemotron-Nano-12B-v2-VL] Temp=0.0 Rep=1 → Concordo fortemente
[2026-05-13 10:58:31,910][__main__][INFO] - ✓ [nvidia/NVIDIA-Nemotron-Nano-12B-v2-VL] Temp=0.0 Rep=1 → Discordo fortemente
[2026-05-13 10:58:31,950][__main__][INFO] - Salvamento incremental (160 novas respostas)...
[2026-05-13 10:58:32,003][__main__][INFO] - Cache salvo com 252499 entradas
[2026-05-13 10:58:32,003][__main__][INFO] - ✓ [nvidia/NVIDIA-Nemotron-Nano-12B-v2-VL] Temp=0.0 Rep=1 → Concordo fortemente
[2026-05-13 10:58:32,005][__main__][INFO] - ✓ [nvidia/NVIDIA-Nemotron-Nano-12B-v2-VL] Temp=0.0 Rep=1 → Concordo fortemente
[2026-05-13 10:58:32,007][__main__][INFO] - ✓ [nvidia/NVIDIA-Nemotron-Nano-12B-v2-VL] Temp=0.0 Rep=1 → Discordo fortemente
[2026-05-13 10:58:32,021][__main__][INFO] - ✓ [nvidia/NVIDIA-Nemotron-Nano-12B-v2-VL] Temp=0.0 Rep=1 → Concordo fortemente
[2026-05-13 10:58:32,027][__main__][INFO] - ✓ [nvidia/NVIDIA-Nemotron-Nano-12B-v2-VL] Temp=0.0 Rep=1 → Discordo fortemente
[2026-05-13 10:58:32,029][__main__][INFO] - ✓ [nvidia/NVIDIA-Nemotron-Nano-12B-v2-VL] Temp=0.0 Rep=1 → Discordo fortemente
[2026-05-13 10:58:32,141][__main__][INFO] - ✓ [nvidia/NVIDIA-Nemotron-Nano-12B-v2-VL] Temp=0.0 Rep=1 → Concordo fortemente
[2026-05-13 10:58:32,254][__main__][INFO] - ✓ [nvidia/NVIDIA-Nemotron-Nano-12B-v2-VL] Temp=0.0 Rep=1 → Discordo fortemente
[2026-05-13 10:58:32,255][__main__][INFO] - ✓ [nvidia/NVIDIA-Nemotron-Nano-12B-v2-VL] Temp=0.0 Rep=1 → Discordo fortemente
[2026-05-13 10:58:32,255][__main__][INFO] - ✓ [nvidia/NVIDIA-Nemotron-Nano-12B-v2-VL] Temp=0.0 Rep=1 → Discordo fortemente
[2026-05-13 10:58:32,256][__main__][INFO] - ✓ [nvidia/NVIDIA-Nemotron-Nano-12B-v2-VL] Temp=0.0 Rep=1 → Discordo fortemente
[2026-05-13 10:58:32,257][__main__][INFO] - ✓ [nvidia/NVIDIA-Nemotron-Nano-12B-v2-VL] Temp=0.0 Rep=1 → Discordo fortemente
[2026-05-13 10:58:32,257][__main__][INFO] - ✓ [nvidia/NVIDIA-Nemotron-Nano-12B-v2-VL] Temp=0.0 Rep=1 → Discordo fortemente
[2026-05-13 10:58:32,258][__main__][INFO] - ✓ [nvidia/NVIDIA-Nemotron-Nano-12B-v2-VL] Temp=0.0 Rep=1 → Discordo fortemente
[2026-05-13 10:58:32,259][__main__][INFO] - ✓ [nvidia/NVIDIA-Nemotron-Nano-12B-v2-VL] Temp=0.0 Rep=1 → Discordo fortemente
[2026-05-13 10:58:32,260][__main__][INFO] - ✓ [nvidia/NVIDIA-Nemotron-Nano-12B-v2-VL] Temp=0.0 Rep=1 → Discordo fortemente
[2026-05-13 10:58:32,370][__main__][INFO] - ✓ [nvidia/NVIDIA-Nemotron-Nano-12B-v2-VL] Temp=0.0 Rep=1 → Discordo fortemente
[2026-05-13 10:58:32,454][__main__][INFO] - ✓ [nvidia/NVIDIA-Nemotron-Nano-12B-v2-VL] Temp=0.0 Rep=1 → Discordo fortemente
[2026-05-13 10:58:32,458][__main__][INFO] - ✓ [nvidia/NVIDIA-Nemotron-Nano-12B-v2-VL] Temp=0.0 Rep=1 → Discordo fortemente
[2026-05-13 10:58:32,462][__main__][INFO] - ✓ [nvidia/NVIDIA-Nemotron-Nano-12B-v2-VL] Temp=0.0 Rep=1 → Concordo fortemente
[2026-05-13 10:58:32,463][__main__][INFO] - ✓ [nvidia/NVIDIA-Nemotron-Nano-12B-v2-VL] Temp=0.0 Rep=1 → Concordo fortemente
[2026-05-13 10:58:32,464][__main__][INFO] - ✓ [nvidia/NVIDIA-Nemotron-Nano-12B-v2-VL] Temp=0.0 Rep=1 → Concordo fortemente
[2026-05-13 10:58:32,465][__main__][INFO] - ✓ [nvidia/NVIDIA-Nemotron-Nano-12B-v2-VL] Temp=0.0 Rep=1 → Discordo fortemente
[2026-05-13 10:58:32,466][__main__][INFO] - ✓ [nvidia/NVIDIA-Nemotron-Nano-12B-v2-VL] Temp=0.0 Rep=1 → Concordo fortemente
[2026-05-13 10:58:32,469][__main__][INFO] - ✓ [nvidia/NVIDIA-Nemotron-Nano-12B-v2-VL] Temp=0.0 Rep=1 → Discordo fortemente
[2026-05-13 10:58:32,473][__main__][INFO] - ✓ [nvidia/NVIDIA-Nemotron-Nano-12B-v2-VL] Temp=0.0 Rep=1 → Discordo fortemente
[2026-05-13 10:58:32,483][__main__][INFO] - ✓ [nvidia/NVIDIA-Nemotron-Nano-12B-v2-VL] Temp=0.0 Rep=1 → Concordo fortemente
[2026-05-13 10:58:32,484][__main__][INFO] - ✓ [nvidia/NVIDIA-Nemotron-Nano-12B-v2-VL] Temp=0.0 Rep=1 → Discordo fortemente
[2026-05-13 10:58:32,610][__main__][INFO] - ✓ [nvidia/NVIDIA-Nemotron-Nano-12B-v2-VL] Temp=0.0 Rep=1 → Discordo fortemente
[2026-05-13 10:58:32,614][__main__][INFO] - ✓ [nvidia/NVIDIA-Nemotron-Nano-12B-v2-VL] Temp=0.0 Rep=1 → Discordo fortemente
[2026-05-13 10:58:32,617][__main__][INFO] - ✓ [nvidia/NVIDIA-Nemotron-Nano-12B-v2-VL] Temp=0.0 Rep=1 → Discordo fortemente
[2026-05-13 10:58:32,774][__main__][INFO] - ✓ [nvidia/NVIDIA-Nemotron-Nano-12B-v2-VL] Temp=0.0 Rep=1 → Concordo fortemente
[2026-05-13 10:58:32,778][__main__][INFO] - ✓ [nvidia/NVIDIA-Nemotron-Nano-12B-v2-VL] Temp=0.0 Rep=1 → Discordo fortemente
[2026-05-13 10:58:32,822][__main__][INFO] - ✓ [nvidia/NVIDIA-Nemotron-Nano-12B-v2-VL] Temp=0.0 Rep=1 → Discordo fortemente
[2026-05-13 10:58:32,925][__main__][INFO] - ✓ [nvidia/NVIDIA-Nemotron-Nano-12B-v2-VL] Temp=0.0 Rep=1 → Discordo fortemente
[2026-05-13 10:58:32,926][__main__][INFO] - ✓ [nvidia/NVIDIA-Nemotron-Nano-12B-v2-VL] Temp=0.0 Rep=1 → Discordo fortemente
[2026-05-13 10:58:32,929][__main__][INFO] - ✓ [nvidia/NVIDIA-Nemotron-Nano-12B-v2-VL] Temp=0.0 Rep=1 → Discordo fortemente
[2026-05-13 10:58:32,931][__main__][INFO] - ✓ [nvidia/NVIDIA-Nemotron-Nano-12B-v2-VL] Temp=0.0 Rep=1 → Discordo fortemente
[2026-05-13 10:58:32,936][__main__][INFO] - ✓ [nvidia/NVIDIA-Nemotron-Nano-12B-v2-VL] Temp=0.0 Rep=1 → Discordo fortemente
[2026-05-13 10:58:33,002][__main__][INFO] - ✓ [nvidia/NVIDIA-Nemotron-Nano-12B-v2-VL] Temp=0.0 Rep=1 → Discordo fortemente
[2026-05-13 10:58:33,004][__main__][INFO] - Salvamento incremental (200 novas respostas)...
[2026-05-13 10:58:33,053][__main__][INFO] - Cache salvo com 252539 entradas
[2026-05-13 10:58:33,053][__main__][INFO] - ✓ [nvidia/NVIDIA-Nemotron-Nano-12B-v2-VL] Temp=0.0 Rep=1 → Discordo fortemente
[2026-05-13 10:58:33,055][__main__][INFO] - ✓ [nvidia/NVIDIA-Nemotron-Nano-12B-v2-VL] Temp=0.0 Rep=1 → Discordo fortemente
[2026-05-13 10:58:33,055][__main__][INFO] - ✓ [nvidia/NVIDIA-Nemotron-Nano-12B-v2-VL] Temp=0.0 Rep=1 → Discordo fortemente
[2026-05-13 10:58:33,056][__main__][INFO] - ✓ [nvidia/NVIDIA-Nemotron-Nano-12B-v2-VL] Temp=0.0 Rep=1 → Discordo fortemente
[2026-05-13 10:58:33,071][__main__][INFO] - ✓ [nvidia/NVIDIA-Nemotron-Nano-12B-v2-VL] Temp=0.0 Rep=1 → Discordo fortemente
[2026-05-13 10:58:33,073][__main__][INFO] - ✓ [nvidia/NVIDIA-Nemotron-Nano-12B-v2-VL] Temp=0.0 Rep=1 → Discordo fortemente
[2026-05-13 10:58:33,310][__main__][INFO] - ✓ [nvidia/NVIDIA-Nemotron-Nano-12B-v2-VL] Temp=0.0 Rep=1 → Concordo fortemente
[2026-05-13 10:58:33,324][__main__][INFO] - ✓ [nvidia/NVIDIA-Nemotron-Nano-12B-v2-VL] Temp=0.0 Rep=1 → Discordo fortemente
[2026-05-13 10:58:33,371][__main__][INFO] - ✓ [nvidia/NVIDIA-Nemotron-Nano-12B-v2-VL] Temp=0.0 Rep=1 → Discordo fortemente
[2026-05-13 10:58:33,428][__main__][INFO] - ✓ [nvidia/NVIDIA-Nemotron-Nano-12B-v2-VL] Temp=0.0 Rep=1 → Discordo fortemente
[2026-05-13 10:58:33,432][__main__][INFO] - ✓ [nvidia/NVIDIA-Nemotron-Nano-12B-v2-VL] Temp=0.0 Rep=1 → Discordo fortemente
[2026-05-13 10:58:33,434][__main__][INFO] - ✓ [nvidia/NVIDIA-Nemotron-Nano-12B-v2-VL] Temp=0.0 Rep=1 → Discordo fortemente
[2026-05-13 10:58:33,438][__main__][INFO] - ✓ [nvidia/NVIDIA-Nemotron-Nano-12B-v2-VL] Temp=0.0 Rep=1 → Discordo fortemente
[2026-05-13 10:58:33,489][__main__][INFO] - ✓ [nvidia/NVIDIA-Nemotron-Nano-12B-v2-VL] Temp=0.0 Rep=1 → Discordo fortemente
[2026-05-13 10:58:33,491][__main__][INFO] - ✓ [nvidia/NVIDIA-Nemotron-Nano-12B-v2-VL] Temp=0.0 Rep=1 → Discordo fortemente
[2026-05-13 10:58:33,494][__main__][INFO] - ✓ [nvidia/NVIDIA-Nemotron-Nano-12B-v2-VL] Temp=0.0 Rep=1 → Discordo fortemente
[2026-05-13 10:58:33,497][__main__][INFO] - ✓ [nvidia/NVIDIA-Nemotron-Nano-12B-v2-VL] Temp=0.0 Rep=1 → Discordo fortemente
[2026-05-13 10:58:33,500][__main__][INFO] - ✓ [nvidia/NVIDIA-Nemotron-Nano-12B-v2-VL] Temp=0.0 Rep=1 → Discordo fortemente
[2026-05-13 10:58:33,508][__main__][INFO] - ✓ [nvidia/NVIDIA-Nemotron-Nano-12B-v2-VL] Temp=0.0 Rep=1 → Discordo fortemente
[2026-05-13 10:58:33,604][__main__][INFO] - ✓ [nvidia/NVIDIA-Nemotron-Nano-12B-v2-VL] Temp=0.0 Rep=1 → Discordo fortemente
[2026-05-13 10:58:33,606][__main__][INFO] - ✓ [nvidia/NVIDIA-Nemotron-Nano-12B-v2-VL] Temp=0.0 Rep=1 → Discordo fortemente
[2026-05-13 10:58:33,610][__main__][INFO] - ✓ [nvidia/NVIDIA-Nemotron-Nano-12B-v2-VL] Temp=0.0 Rep=1 → Discordo fortemente
[2026-05-13 10:58:33,820][__main__][INFO] - ✓ [nvidia/NVIDIA-Nemotron-Nano-12B-v2-VL] Temp=0.0 Rep=1 → Discordo fortemente
[2026-05-13 10:58:33,821][__main__][INFO] - ✓ [nvidia/NVIDIA-Nemotron-Nano-12B-v2-VL] Temp=0.0 Rep=1 → Discordo fortemente
[2026-05-13 10:58:33,822][__main__][INFO] - ✓ [nvidia/NVIDIA-Nemotron-Nano-12B-v2-VL] Temp=0.0 Rep=1 → Discordo fortemente
[2026-05-13 10:58:33,822][__main__][INFO] - ✓ [nvidia/NVIDIA-Nemotron-Nano-12B-v2-VL] Temp=0.0 Rep=1 → Discordo fortemente
[2026-05-13 10:58:33,823][__main__][INFO] - ✓ [nvidia/NVIDIA-Nemotron-Nano-12B-v2-VL] Temp=0.0 Rep=1 → Discordo fortemente
[2026-05-13 10:58:33,827][__main__][INFO] - ✓ [nvidia/NVIDIA-Nemotron-Nano-12B-v2-VL] Temp=0.0 Rep=1 → Discordo fortemente
[2026-05-13 10:58:33,918][__main__][INFO] - ✓ [nvidia/NVIDIA-Nemotron-Nano-12B-v2-VL] Temp=0.0 Rep=1 → Discordo fortemente
[2026-05-13 10:58:33,919][__main__][INFO] - ✓ [nvidia/NVIDIA-Nemotron-Nano-12B-v2-VL] Temp=0.0 Rep=1 → Discordo fortemente
[2026-05-13 10:58:33,920][__main__][INFO] - ✓ [nvidia/NVIDIA-Nemotron-Nano-12B-v2-VL] Temp=0.0 Rep=1 → Discordo fortemente
[2026-05-13 10:58:33,921][__main__][INFO] - ✓ [nvidia/NVIDIA-Nemotron-Nano-12B-v2-VL] Temp=0.0 Rep=1 → Discordo fortemente
[2026-05-13 10:58:33,923][__main__][INFO] - ✓ [nvidia/NVIDIA-Nemotron-Nano-12B-v2-VL] Temp=0.0 Rep=1 → Discordo fortemente
[2026-05-13 10:58:33,923][__main__][INFO] - ✓ [nvidia/NVIDIA-Nemotron-Nano-12B-v2-VL] Temp=0.0 Rep=1 → Discordo fortemente
[2026-05-13 10:58:33,924][__main__][INFO] - ✓ [nvidia/NVIDIA-Nemotron-Nano-12B-v2-VL] Temp=0.0 Rep=1 → Discordo fortemente
[2026-05-13 10:58:33,926][__main__][INFO] - ✓ [nvidia/NVIDIA-Nemotron-Nano-12B-v2-VL] Temp=0.0 Rep=1 → Discordo fortemente
[2026-05-13 10:58:33,928][__main__][INFO] - ✓ [nvidia/NVIDIA-Nemotron-Nano-12B-v2-VL] Temp=0.0 Rep=1 → Discordo fortemente
[2026-05-13 10:58:33,929][__main__][INFO] - ✓ [nvidia/NVIDIA-Nemotron-Nano-12B-v2-VL] Temp=0.0 Rep=1 → Discordo fortemente
[2026-05-13 10:58:34,045][__main__][INFO] - ✓ [nvidia/NVIDIA-Nemotron-Nano-12B-v2-VL] Temp=0.0 Rep=1 → Discordo fortemente
[2026-05-13 10:58:34,048][__main__][INFO] - ✓ [nvidia/NVIDIA-Nemotron-Nano-12B-v2-VL] Temp=0.0 Rep=1 → Discordo fortemente
[2026-05-13 10:58:34,051][__main__][INFO] - Salvamento incremental (240 novas respostas)...
[2026-05-13 10:58:34,100][__main__][INFO] - Cache salvo com 252579 entradas
[2026-05-13 10:58:34,100][__main__][INFO] - ✓ [nvidia/NVIDIA-Nemotron-Nano-12B-v2-VL] Temp=0.0 Rep=1 → Discordo fortemente
[2026-05-13 10:58:34,102][__main__][INFO] - ✓ [nvidia/NVIDIA-Nemotron-Nano-12B-v2-VL] Temp=0.0 Rep=1 → Discordo fortemente
[2026-05-13 10:58:34,103][__main__][INFO] - ✓ [nvidia/NVIDIA-Nemotron-Nano-12B-v2-VL] Temp=0.0 Rep=1 → Discordo fortemente
[2026-05-13 10:58:34,172][__main__][INFO] - ✓ [nvidia/NVIDIA-Nemotron-Nano-12B-v2-VL] Temp=0.0 Rep=1 → Discordo fortemente
[2026-05-13 10:58:34,174][__main__][INFO] - ✓ [nvidia/NVIDIA-Nemotron-Nano-12B-v2-VL] Temp=0.0 Rep=1 → Discordo fortemente
[2026-05-13 10:58:34,176][__main__][INFO] - ✓ [nvidia/NVIDIA-Nemotron-Nano-12B-v2-VL] Temp=0.0 Rep=1 → Discordo fortemente
[2026-05-13 10:58:34,183][__main__][INFO] - ✓ [nvidia/NVIDIA-Nemotron-Nano-12B-v2-VL] Temp=0.0 Rep=1 → Discordo fortemente
[2026-05-13 10:58:34,192][__main__][INFO] - ✓ [nvidia/NVIDIA-Nemotron-Nano-12B-v2-VL] Temp=0.0 Rep=1 → Discordo fortemente
[2026-05-13 10:58:34,237][__main__][INFO] - ✓ [nvidia/NVIDIA-Nemotron-Nano-12B-v2-VL] Temp=0.0 Rep=1 → Discordo fortemente
[2026-05-13 10:58:34,238][__main__][INFO] - ✓ [nvidia/NVIDIA-Nemotron-Nano-12B-v2-VL] Temp=0.0 Rep=1 → Discordo fortemente
[2026-05-13 10:58:34,248][__main__][INFO] - ✓ [nvidia/NVIDIA-Nemotron-Nano-12B-v2-VL] Temp=0.0 Rep=1 → Discordo fortemente
[2026-05-13 10:58:34,250][__main__][INFO] - ✓ [nvidia/NVIDIA-Nemotron-Nano-12B-v2-VL] Temp=0.0 Rep=1 → Discordo fortemente
[2026-05-13 10:58:34,251][__main__][INFO] - ✓ [nvidia/NVIDIA-Nemotron-Nano-12B-v2-VL] Temp=0.0 Rep=1 → Discordo fortemente
[2026-05-13 10:58:34,345][__main__][INFO] - ✓ [nvidia/NVIDIA-Nemotron-Nano-12B-v2-VL] Temp=0.0 Rep=1 → Concordo fortemente
[2026-05-13 10:58:34,346][__main__][INFO] - ✓ [nvidia/NVIDIA-Nemotron-Nano-12B-v2-VL] Temp=0.0 Rep=1 → Discordo fortemente
[2026-05-13 10:58:34,347][__main__][INFO] - ✓ [nvidia/NVIDIA-Nemotron-Nano-12B-v2-VL] Temp=0.0 Rep=1 → Discordo fortemente
[2026-05-13 10:58:34,606][__main__][INFO] - ✓ [nvidia/NVIDIA-Nemotron-Nano-12B-v2-VL] Temp=0.0 Rep=1 → Discordo fortemente
[2026-05-13 10:58:34,609][__main__][INFO] - ✓ [nvidia/NVIDIA-Nemotron-Nano-12B-v2-VL] Temp=0.0 Rep=1 → Discordo fortemente
[2026-05-13 10:58:34,677][__main__][INFO] - ✓ [nvidia/NVIDIA-Nemotron-Nano-12B-v2-VL] Temp=0.0 Rep=1 → Discordo fortemente
[2026-05-13 10:58:34,679][__main__][INFO] - ✓ [nvidia/NVIDIA-Nemotron-Nano-12B-v2-VL] Temp=0.0 Rep=1 → Discordo fortemente
[2026-05-13 10:58:34,681][__main__][INFO] - ✓ [nvidia/NVIDIA-Nemotron-Nano-12B-v2-VL] Temp=0.0 Rep=1 → Discordo fortemente
[2026-05-13 10:58:34,684][__main__][INFO] - ✓ [nvidia/NVIDIA-Nemotron-Nano-12B-v2-VL] Temp=0.0 Rep=1 → Discordo fortemente
[2026-05-13 10:58:34,685][__main__][INFO] - ✓ [nvidia/NVIDIA-Nemotron-Nano-12B-v2-VL] Temp=0.0 Rep=1 → Concordo fortemente
[2026-05-13 10:58:34,687][__main__][INFO] - ✓ [nvidia/NVIDIA-Nemotron-Nano-12B-v2-VL] Temp=0.0 Rep=1 → Discordo fortemente
[2026-05-13 10:58:34,690][__main__][INFO] - ✓ [nvidia/NVIDIA-Nemotron-Nano-12B-v2-VL] Temp=0.0 Rep=1 → Discordo fortemente
[2026-05-13 10:58:34,691][__main__][INFO] - ✓ [nvidia/NVIDIA-Nemotron-Nano-12B-v2-VL] Temp=0.0 Rep=1 → Discordo fortemente
[2026-05-13 10:58:34,692][__main__][INFO] - ✓ [nvidia/NVIDIA-Nemotron-Nano-12B-v2-VL] Temp=0.0 Rep=1 → Discordo fortemente
[2026-05-13 10:58:34,693][__main__][INFO] - ✓ [nvidia/NVIDIA-Nemotron-Nano-12B-v2-VL] Temp=0.0 Rep=1 → Discordo fortemente
[2026-05-13 10:58:34,764][__main__][INFO] - ✓ [nvidia/NVIDIA-Nemotron-Nano-12B-v2-VL] Temp=0.0 Rep=1 → Discordo fortemente
[2026-05-13 10:58:34,766][__main__][INFO] - ✓ [nvidia/NVIDIA-Nemotron-Nano-12B-v2-VL] Temp=0.0 Rep=1 → Discordo fortemente
[2026-05-13 10:58:34,914][__main__][INFO] - ✓ [nvidia/NVIDIA-Nemotron-Nano-12B-v2-VL] Temp=0.0 Rep=1 → Concordo fortemente
[2026-05-13 10:58:34,983][__main__][INFO] - ✓ [nvidia/NVIDIA-Nemotron-Nano-12B-v2-VL] Temp=0.0 Rep=1 → Discordo fortemente
[2026-05-13 10:58:34,985][__main__][INFO] - ✓ [nvidia/NVIDIA-Nemotron-Nano-12B-v2-VL] Temp=0.0 Rep=1 → Discordo fortemente
[2026-05-13 10:58:34,987][__main__][INFO] - ✓ [nvidia/NVIDIA-Nemotron-Nano-12B-v2-VL] Temp=0.0 Rep=1 → Discordo fortemente
[2026-05-13 10:58:34,989][__main__][INFO] - ✓ [nvidia/NVIDIA-Nemotron-Nano-12B-v2-VL] Temp=0.0 Rep=1 → Discordo fortemente
[2026-05-13 10:58:34,990][__main__][INFO] - ✓ [nvidia/NVIDIA-Nemotron-Nano-12B-v2-VL] Temp=0.0 Rep=1 → Concordo fortemente
[2026-05-13 10:58:34,991][__main__][INFO] - ✓ [nvidia/NVIDIA-Nemotron-Nano-12B-v2-VL] Temp=0.0 Rep=1 → Discordo fortemente
[2026-05-13 10:58:35,046][__main__][INFO] - ✓ [nvidia/NVIDIA-Nemotron-Nano-12B-v2-VL] Temp=0.0 Rep=1 → Discordo fortemente
[2026-05-13 10:58:35,048][__main__][INFO] - ✓ [nvidia/NVIDIA-Nemotron-Nano-12B-v2-VL] Temp=0.0 Rep=1 → Discordo fortemente
[2026-05-13 10:58:35,099][__main__][INFO] - ✓ [nvidia/NVIDIA-Nemotron-Nano-12B-v2-VL] Temp=0.0 Rep=1 → Discordo fortemente
[2026-05-13 10:58:35,101][__main__][INFO] - Salvamento incremental (280 novas respostas)...
[2026-05-13 10:58:35,149][__main__][INFO] - Cache salvo com 252619 entradas
[2026-05-13 10:58:35,150][__main__][INFO] - ✓ [nvidia/NVIDIA-Nemotron-Nano-12B-v2-VL] Temp=0.0 Rep=1 → Discordo fortemente
[2026-05-13 10:58:35,151][__main__][INFO] - ✓ [nvidia/NVIDIA-Nemotron-Nano-12B-v2-VL] Temp=0.0 Rep=1 → Discordo fortemente
[2026-05-13 10:58:35,175][__main__][INFO] - ✓ [nvidia/NVIDIA-Nemotron-Nano-12B-v2-VL] Temp=0.0 Rep=1 → Discordo fortemente
[2026-05-13 10:58:35,234][__main__][INFO] - ✓ [nvidia/NVIDIA-Nemotron-Nano-12B-v2-VL] Temp=0.0 Rep=1 → Discordo fortemente
[2026-05-13 10:58:35,245][__main__][INFO] - ✓ [nvidia/NVIDIA-Nemotron-Nano-12B-v2-VL] Temp=0.0 Rep=1 → Discordo fortemente
[2026-05-13 10:58:35,246][__main__][INFO] - ✓ [nvidia/NVIDIA-Nemotron-Nano-12B-v2-VL] Temp=0.0 Rep=1 → Discordo fortemente
[2026-05-13 10:58:35,252][__main__][INFO] - ✓ [nvidia/NVIDIA-Nemotron-Nano-12B-v2-VL] Temp=0.0 Rep=1 → Discordo fortemente
[2026-05-13 10:58:35,256][__main__][INFO] - ✓ [nvidia/NVIDIA-Nemotron-Nano-12B-v2-VL] Temp=0.0 Rep=1 → Discordo fortemente
[2026-05-13 10:58:35,257][__main__][INFO] - ✓ [nvidia/NVIDIA-Nemotron-Nano-12B-v2-VL] Temp=0.0 Rep=1 → Concordo fortemente
[2026-05-13 10:58:35,262][__main__][INFO] - ✓ [nvidia/NVIDIA-Nemotron-Nano-12B-v2-VL] Temp=0.0 Rep=1 → Discordo fortemente
[2026-05-13 10:58:35,271][__main__][INFO] - ✓ [nvidia/NVIDIA-Nemotron-Nano-12B-v2-VL] Temp=0.0 Rep=1 → Discordo fortemente
[2026-05-13 10:58:35,516][__main__][INFO] - ✓ [nvidia/NVIDIA-Nemotron-Nano-12B-v2-VL] Temp=0.0 Rep=1 → Discordo fortemente
[2026-05-13 10:58:35,570][__main__][INFO] - ✓ [nvidia/NVIDIA-Nemotron-Nano-12B-v2-VL] Temp=0.0 Rep=1 → Discordo fortemente
[2026-05-13 10:58:35,675][__main__][INFO] - ✓ [nvidia/NVIDIA-Nemotron-Nano-12B-v2-VL] Temp=0.0 Rep=1 → Discordo fortemente
[2026-05-13 10:58:35,676][__main__][INFO] - ✓ [nvidia/NVIDIA-Nemotron-Nano-12B-v2-VL] Temp=0.0 Rep=1 → Concordo fortemente
[2026-05-13 10:58:35,676][__main__][INFO] - ✓ [nvidia/NVIDIA-Nemotron-Nano-12B-v2-VL] Temp=0.0 Rep=1 → Discordo fortemente
[2026-05-13 10:58:35,677][__main__][INFO] - ✓ [nvidia/NVIDIA-Nemotron-Nano-12B-v2-VL] Temp=0.0 Rep=1 → Discordo fortemente
[2026-05-13 10:58:35,736][__main__][INFO] - ✓ [nvidia/NVIDIA-Nemotron-Nano-12B-v2-VL] Temp=0.0 Rep=1 → Discordo fortemente
[2026-05-13 10:58:35,740][__main__][INFO] - ✓ [nvidia/NVIDIA-Nemotron-Nano-12B-v2-VL] Temp=0.0 Rep=1 → Discordo fortemente
[2026-05-13 10:58:35,749][__main__][INFO] - ✓ [nvidia/NVIDIA-Nemotron-Nano-12B-v2-VL] Temp=0.0 Rep=1 → Discordo fortemente
[2026-05-13 10:58:35,802][__main__][INFO] - ✓ [nvidia/NVIDIA-Nemotron-Nano-12B-v2-VL] Temp=0.0 Rep=1 → Discordo fortemente
[2026-05-13 10:58:35,804][__main__][INFO] - ✓ [nvidia/NVIDIA-Nemotron-Nano-12B-v2-VL] Temp=0.0 Rep=1 → Discordo fortemente
[2026-05-13 10:58:35,806][__main__][INFO] - ✓ [nvidia/NVIDIA-Nemotron-Nano-12B-v2-VL] Temp=0.0 Rep=1 → Discordo fortemente
[2026-05-13 10:58:35,809][__main__][INFO] - ✓ [nvidia/NVIDIA-Nemotron-Nano-12B-v2-VL] Temp=0.0 Rep=1 → Discordo fortemente
[2026-05-13 10:58:35,919][__main__][INFO] - ✓ [nvidia/NVIDIA-Nemotron-Nano-12B-v2-VL] Temp=0.0 Rep=1 → Discordo fortemente
[2026-05-13 10:58:35,920][__main__][INFO] - ✓ [nvidia/NVIDIA-Nemotron-Nano-12B-v2-VL] Temp=0.0 Rep=1 → Discordo fortemente
[2026-05-13 10:58:35,988][__main__][INFO] - ✓ [nvidia/NVIDIA-Nemotron-Nano-12B-v2-VL] Temp=0.0 Rep=1 → Discordo fortemente
[2026-05-13 10:58:35,990][__main__][INFO] - ✓ [nvidia/NVIDIA-Nemotron-Nano-12B-v2-VL] Temp=0.0 Rep=1 → Discordo fortemente
[2026-05-13 10:58:35,996][__main__][INFO] - ✓ [nvidia/NVIDIA-Nemotron-Nano-12B-v2-VL] Temp=0.0 Rep=1 → Discordo fortemente
[2026-05-13 10:58:36,064][__main__][INFO] - ✓ [nvidia/NVIDIA-Nemotron-Nano-12B-v2-VL] Temp=0.0 Rep=1 → Discordo fortemente
[2026-05-13 10:58:36,066][__main__][INFO] - ✓ [nvidia/NVIDIA-Nemotron-Nano-12B-v2-VL] Temp=0.0 Rep=1 → Discordo fortemente
[2026-05-13 10:58:36,069][__main__][INFO] - ✓ [nvidia/NVIDIA-Nemotron-Nano-12B-v2-VL] Temp=0.0 Rep=1 → Discordo fortemente
[2026-05-13 10:58:36,071][__main__][INFO] - ✓ [nvidia/NVIDIA-Nemotron-Nano-12B-v2-VL] Temp=0.0 Rep=1 → Discordo fortemente
[2026-05-13 10:58:36,072][__main__][INFO] - ✓ [nvidia/NVIDIA-Nemotron-Nano-12B-v2-VL] Temp=0.0 Rep=1 → Discordo fortemente
[2026-05-13 10:58:36,076][__main__][INFO] - ✓ [nvidia/NVIDIA-Nemotron-Nano-12B-v2-VL] Temp=0.0 Rep=1 → Discordo fortemente
[2026-05-13 10:58:36,077][__main__][INFO] - ✓ [nvidia/NVIDIA-Nemotron-Nano-12B-v2-VL] Temp=0.0 Rep=1 → Discordo fortemente
[2026-05-13 10:58:36,078][__main__][INFO] - ✓ [nvidia/NVIDIA-Nemotron-Nano-12B-v2-VL] Temp=0.0 Rep=1 → Discordo fortemente
[2026-05-13 10:58:36,081][__main__][INFO] - ✓ [nvidia/NVIDIA-Nemotron-Nano-12B-v2-VL] Temp=0.0 Rep=1 → Discordo fortemente
[2026-05-13 10:58:36,085][__main__][INFO] - ✓ [nvidia/NVIDIA-Nemotron-Nano-12B-v2-VL] Temp=0.0 Rep=1 → Discordo fortemente
[2026-05-13 10:58:36,444][__main__][INFO] - ✓ [nvidia/NVIDIA-Nemotron-Nano-12B-v2-VL] Temp=0.0 Rep=1 → Discordo fortemente
[2026-05-13 10:58:36,453][__main__][INFO] - Salvamento incremental (320 novas respostas)...
[2026-05-13 10:58:36,505][__main__][INFO] - Cache salvo com 252659 entradas
[2026-05-13 10:58:36,506][__main__][INFO] - ✓ [nvidia/NVIDIA-Nemotron-Nano-12B-v2-VL] Temp=0.0 Rep=1 → Discordo fortemente
[2026-05-13 10:58:36,506][__main__][INFO] - ✓ [nvidia/NVIDIA-Nemotron-Nano-12B-v2-VL] Temp=0.0 Rep=1 → Concordo fortemente
[2026-05-13 10:58:36,507][__main__][INFO] - ✓ [nvidia/NVIDIA-Nemotron-Nano-12B-v2-VL] Temp=0.0 Rep=1 → Concordo fortemente
[2026-05-13 10:58:36,507][__main__][INFO] - ✓ [nvidia/NVIDIA-Nemotron-Nano-12B-v2-VL] Temp=0.0 Rep=1 → Discordo fortemente
[2026-05-13 10:58:36,508][__main__][INFO] - ✓ [nvidia/NVIDIA-Nemotron-Nano-12B-v2-VL] Temp=0.0 Rep=1 → Discordo fortemente
[2026-05-13 10:58:36,508][__main__][INFO] - ✓ [nvidia/NVIDIA-Nemotron-Nano-12B-v2-VL] Temp=0.0 Rep=1 → Discordo fortemente
[2026-05-13 10:58:36,509][__main__][INFO] - ✓ [nvidia/NVIDIA-Nemotron-Nano-12B-v2-VL] Temp=0.0 Rep=1 → Discordo fortemente
[2026-05-13 10:58:36,509][__main__][INFO] - ✓ [nvidia/NVIDIA-Nemotron-Nano-12B-v2-VL] Temp=0.0 Rep=1 → Discordo fortemente
[2026-05-13 10:58:36,516][__main__][INFO] - ✓ [nvidia/NVIDIA-Nemotron-Nano-12B-v2-VL] Temp=0.0 Rep=1 → Discordo fortemente
[2026-05-13 10:58:36,517][__main__][INFO] - ✓ [nvidia/NVIDIA-Nemotron-Nano-12B-v2-VL] Temp=0.0 Rep=1 → Discordo fortemente
[2026-05-13 10:58:36,517][__main__][INFO] - ✓ [nvidia/NVIDIA-Nemotron-Nano-12B-v2-VL] Temp=0.0 Rep=1 → Discordo fortemente
[2026-05-13 10:58:36,518][__main__][INFO] - ✓ [nvidia/NVIDIA-Nemotron-Nano-12B-v2-VL] Temp=0.0 Rep=1 → Discordo fortemente
[2026-05-13 10:58:36,519][__main__][INFO] - ✓ [nvidia/NVIDIA-Nemotron-Nano-12B-v2-VL] Temp=0.0 Rep=1 → Discordo fortemente
[2026-05-13 10:58:36,524][__main__][INFO] - ✓ [nvidia/NVIDIA-Nemotron-Nano-12B-v2-VL] Temp=0.0 Rep=1 → Discordo fortemente
[2026-05-13 10:58:36,673][__main__][INFO] - ✓ [nvidia/NVIDIA-Nemotron-Nano-12B-v2-VL] Temp=0.0 Rep=1 → Discordo fortemente
[2026-05-13 10:58:36,781][__main__][INFO] - ✓ [nvidia/NVIDIA-Nemotron-Nano-12B-v2-VL] Temp=0.0 Rep=1 → Discordo fortemente
[2026-05-13 10:58:36,782][__main__][INFO] - ✓ [nvidia/NVIDIA-Nemotron-Nano-12B-v2-VL] Temp=0.0 Rep=1 → Concordo fortemente
[2026-05-13 10:58:36,784][__main__][INFO] - ✓ [nvidia/NVIDIA-Nemotron-Nano-12B-v2-VL] Temp=0.0 Rep=1 → Concordo fortemente
[2026-05-13 10:58:36,791][__main__][INFO] - ✓ [nvidia/NVIDIA-Nemotron-Nano-12B-v2-VL] Temp=0.0 Rep=1 → Discordo fortemente
[2026-05-13 10:58:36,874][__main__][INFO] - ✓ [nvidia/NVIDIA-Nemotron-Nano-12B-v2-VL] Temp=0.0 Rep=1 → Concordo fortemente
[2026-05-13 10:58:36,970][__main__][INFO] - ✓ [nvidia/NVIDIA-Nemotron-Nano-12B-v2-VL] Temp=0.0 Rep=1 → Discordo fortemente
[2026-05-13 10:58:36,971][__main__][INFO] - ✓ [nvidia/NVIDIA-Nemotron-Nano-12B-v2-VL] Temp=0.0 Rep=1 → Discordo fortemente
[2026-05-13 10:58:36,975][__main__][INFO] - ✓ [nvidia/NVIDIA-Nemotron-Nano-12B-v2-VL] Temp=0.0 Rep=1 → Discordo fortemente
[2026-05-13 10:58:36,976][__main__][INFO] - ✓ [nvidia/NVIDIA-Nemotron-Nano-12B-v2-VL] Temp=0.0 Rep=1 → Discordo fortemente
[2026-05-13 10:58:36,976][__main__][INFO] - ✓ [nvidia/NVIDIA-Nemotron-Nano-12B-v2-VL] Temp=0.0 Rep=1 → Discordo fortemente
[2026-05-13 10:58:36,977][__main__][INFO] - ✓ [nvidia/NVIDIA-Nemotron-Nano-12B-v2-VL] Temp=0.0 Rep=1 → Discordo fortemente
[2026-05-13 10:58:36,978][__main__][INFO] - ✓ [nvidia/NVIDIA-Nemotron-Nano-12B-v2-VL] Temp=0.0 Rep=1 → Discordo fortemente
[2026-05-13 10:58:36,978][__main__][INFO] - ✓ [nvidia/NVIDIA-Nemotron-Nano-12B-v2-VL] Temp=0.0 Rep=1 → Discordo fortemente
[2026-05-13 10:58:37,035][__main__][INFO] - ✓ [nvidia/NVIDIA-Nemotron-Nano-12B-v2-VL] Temp=0.0 Rep=1 → Discordo fortemente
[2026-05-13 10:58:37,036][__main__][INFO] - ✓ [nvidia/NVIDIA-Nemotron-Nano-12B-v2-VL] Temp=0.0 Rep=1 → Discordo fortemente
[2026-05-13 10:58:37,037][__main__][INFO] - ✓ [nvidia/NVIDIA-Nemotron-Nano-12B-v2-VL] Temp=0.0 Rep=1 → Discordo fortemente
[2026-05-13 10:58:37,100][__main__][INFO] - ✓ [nvidia/NVIDIA-Nemotron-Nano-12B-v2-VL] Temp=0.0 Rep=1 → Discordo fortemente
[2026-05-13 10:58:37,100][__main__][INFO] - ✓ [nvidia/NVIDIA-Nemotron-Nano-12B-v2-VL] Temp=0.0 Rep=1 → Discordo fortemente
[2026-05-13 10:58:37,102][__main__][INFO] - ✓ [nvidia/NVIDIA-Nemotron-Nano-12B-v2-VL] Temp=0.0 Rep=1 → Discordo fortemente
[2026-05-13 10:58:37,106][__main__][INFO] - ✓ [nvidia/NVIDIA-Nemotron-Nano-12B-v2-VL] Temp=0.0 Rep=1 → Discordo fortemente
[2026-05-13 10:58:37,123][__main__][INFO] - ✓ [nvidia/NVIDIA-Nemotron-Nano-12B-v2-VL] Temp=0.0 Rep=1 → Discordo fortemente
[2026-05-13 10:58:37,126][__main__][INFO] - ✓ [nvidia/NVIDIA-Nemotron-Nano-12B-v2-VL] Temp=0.0 Rep=1 → Discordo fortemente
[2026-05-13 10:58:37,133][__main__][INFO] - ✓ [nvidia/NVIDIA-Nemotron-Nano-12B-v2-VL] Temp=0.0 Rep=1 → Discordo fortemente
[2026-05-13 10:58:37,496][__main__][INFO] - ✓ [nvidia/NVIDIA-Nemotron-Nano-12B-v2-VL] Temp=0.0 Rep=1 → Discordo fortemente
[2026-05-13 10:58:37,538][__main__][INFO] - ✓ [nvidia/NVIDIA-Nemotron-Nano-12B-v2-VL] Temp=0.0 Rep=1 → Discordo fortemente
[2026-05-13 10:58:37,544][__main__][INFO] - Salvamento incremental (360 novas respostas)...
[2026-05-13 10:58:37,595][__main__][INFO] - Cache salvo com 252699 entradas
[2026-05-13 10:58:37,595][__main__][INFO] - ✓ [nvidia/NVIDIA-Nemotron-Nano-12B-v2-VL] Temp=0.0 Rep=1 → Discordo fortemente
[2026-05-13 10:58:37,596][__main__][INFO] - ✓ [nvidia/NVIDIA-Nemotron-Nano-12B-v2-VL] Temp=0.0 Rep=1 → Discordo fortemente
[2026-05-13 10:58:37,598][__main__][INFO] - ✓ [nvidia/NVIDIA-Nemotron-Nano-12B-v2-VL] Temp=0.0 Rep=1 → Discordo fortemente
[2026-05-13 10:58:37,599][__main__][INFO] - ✓ [nvidia/NVIDIA-Nemotron-Nano-12B-v2-VL] Temp=0.0 Rep=1 → Discordo fortemente
[2026-05-13 10:58:37,599][__main__][INFO] - ✓ [nvidia/NVIDIA-Nemotron-Nano-12B-v2-VL] Temp=0.0 Rep=1 → Concordo fortemente
[2026-05-13 10:58:37,599][__main__][INFO] - ✓ [nvidia/NVIDIA-Nemotron-Nano-12B-v2-VL] Temp=0.0 Rep=1 → Discordo fortemente
[2026-05-13 10:58:37,600][__main__][INFO] - ✓ [nvidia/NVIDIA-Nemotron-Nano-12B-v2-VL] Temp=0.0 Rep=1 → Discordo fortemente
[2026-05-13 10:58:37,600][__main__][INFO] - ✓ [nvidia/NVIDIA-Nemotron-Nano-12B-v2-VL] Temp=0.0 Rep=1 → Discordo fortemente
[2026-05-13 10:58:37,601][__main__][INFO] - ✓ [nvidia/NVIDIA-Nemotron-Nano-12B-v2-VL] Temp=0.0 Rep=1 → Discordo fortemente
[2026-05-13 10:58:37,601][__main__][INFO] - ✓ [nvidia/NVIDIA-Nemotron-Nano-12B-v2-VL] Temp=0.0 Rep=1 → Discordo fortemente
[2026-05-13 10:58:37,602][__main__][INFO] - ✓ [nvidia/NVIDIA-Nemotron-Nano-12B-v2-VL] Temp=0.0 Rep=1 → Discordo fortemente
[2026-05-13 10:58:37,603][__main__][INFO] - ✓ [nvidia/NVIDIA-Nemotron-Nano-12B-v2-VL] Temp=0.0 Rep=1 → Discordo fortemente
[2026-05-13 10:58:37,603][__main__][INFO] - ✓ [nvidia/NVIDIA-Nemotron-Nano-12B-v2-VL] Temp=0.0 Rep=1 → Discordo fortemente
[2026-05-13 10:58:38,106][__main__][INFO] - ✓ [nvidia/NVIDIA-Nemotron-Nano-12B-v2-VL] Temp=0.0 Rep=1 → Discordo fortemente
[2026-05-13 10:58:38,108][__main__][INFO] - ✓ [nvidia/NVIDIA-Nemotron-Nano-12B-v2-VL] Temp=0.0 Rep=1 → Discordo fortemente
[2026-05-13 10:58:38,181][__main__][INFO] - ✓ [nvidia/NVIDIA-Nemotron-Nano-12B-v2-VL] Temp=0.0 Rep=1 → Concordo fortemente
[2026-05-13 10:58:38,183][__main__][INFO] - ✓ [nvidia/NVIDIA-Nemotron-Nano-12B-v2-VL] Temp=0.0 Rep=1 → Discordo fortemente
[2026-05-13 10:58:38,184][__main__][INFO] - ✓ [nvidia/NVIDIA-Nemotron-Nano-12B-v2-VL] Temp=0.0 Rep=1 → Concordo fortemente
[2026-05-13 10:58:38,187][__main__][INFO] - ✓ [nvidia/NVIDIA-Nemotron-Nano-12B-v2-VL] Temp=0.0 Rep=1 → Discordo fortemente
[2026-05-13 10:58:38,189][__main__][INFO] - ✓ [nvidia/NVIDIA-Nemotron-Nano-12B-v2-VL] Temp=0.0 Rep=1 → Discordo fortemente
[2026-05-13 10:58:38,191][__main__][INFO] - ✓ [nvidia/NVIDIA-Nemotron-Nano-12B-v2-VL] Temp=0.0 Rep=1 → Discordo fortemente
[2026-05-13 10:58:38,192][__main__][INFO] - ✓ [nvidia/NVIDIA-Nemotron-Nano-12B-v2-VL] Temp=0.0 Rep=1 → Discordo fortemente
[2026-05-13 10:58:38,195][__main__][INFO] - ✓ [nvidia/NVIDIA-Nemotron-Nano-12B-v2-VL] Temp=0.0 Rep=1 → Discordo fortemente
[2026-05-13 10:58:38,197][__main__][INFO] - ✓ [nvidia/NVIDIA-Nemotron-Nano-12B-v2-VL] Temp=0.0 Rep=1 → Discordo fortemente
[2026-05-13 10:58:38,197][__main__][INFO] - ✓ [nvidia/NVIDIA-Nemotron-Nano-12B-v2-VL] Temp=0.0 Rep=1 → Discordo fortemente
[2026-05-13 10:58:38,198][__main__][INFO] - ✓ [nvidia/NVIDIA-Nemotron-Nano-12B-v2-VL] Temp=0.0 Rep=1 → Discordo fortemente
[2026-05-13 10:58:38,199][__main__][INFO] - ✓ [nvidia/NVIDIA-Nemotron-Nano-12B-v2-VL] Temp=0.0 Rep=1 → Discordo fortemente
[2026-05-13 10:58:38,319][__main__][INFO] - ✓ [nvidia/NVIDIA-Nemotron-Nano-12B-v2-VL] Temp=0.0 Rep=1 → Discordo fortemente
[2026-05-13 10:58:38,319][__main__][INFO] - ✓ [nvidia/NVIDIA-Nemotron-Nano-12B-v2-VL] Temp=0.0 Rep=1 → Discordo fortemente
[2026-05-13 10:58:38,322][__main__][INFO] - ✓ [nvidia/NVIDIA-Nemotron-Nano-12B-v2-VL] Temp=0.0 Rep=1 → Discordo fortemente
[2026-05-13 10:58:38,328][__main__][INFO] - ✓ [nvidia/NVIDIA-Nemotron-Nano-12B-v2-VL] Temp=0.0 Rep=1 → Discordo fortemente
[2026-05-13 10:58:38,329][__main__][INFO] - ✓ [nvidia/NVIDIA-Nemotron-Nano-12B-v2-VL] Temp=0.0 Rep=1 → Discordo fortemente
[2026-05-13 10:58:38,332][__main__][INFO] - ✓ [nvidia/NVIDIA-Nemotron-Nano-12B-v2-VL] Temp=0.0 Rep=1 → Discordo fortemente
[2026-05-13 10:58:38,333][__main__][INFO] - ✓ [nvidia/NVIDIA-Nemotron-Nano-12B-v2-VL] Temp=0.0 Rep=1 → Discordo fortemente
[2026-05-13 10:58:38,334][__main__][INFO] - ✓ [nvidia/NVIDIA-Nemotron-Nano-12B-v2-VL] Temp=0.0 Rep=1 → Discordo fortemente
[2026-05-13 10:58:38,335][__main__][INFO] - ✓ [nvidia/NVIDIA-Nemotron-Nano-12B-v2-VL] Temp=0.0 Rep=1 → Concordo fortemente
[2026-05-13 10:58:38,336][__main__][INFO] - ✓ [nvidia/NVIDIA-Nemotron-Nano-12B-v2-VL] Temp=0.0 Rep=1 → Discordo fortemente
[2026-05-13 10:58:38,337][__main__][INFO] - ✓ [nvidia/NVIDIA-Nemotron-Nano-12B-v2-VL] Temp=0.0 Rep=1 → Discordo fortemente
[2026-05-13 10:58:38,340][__main__][INFO] - ✓ [nvidia/NVIDIA-Nemotron-Nano-12B-v2-VL] Temp=0.0 Rep=1 → Discordo fortemente
[2026-05-13 10:58:38,345][__main__][INFO] - ✓ [nvidia/NVIDIA-Nemotron-Nano-12B-v2-VL] Temp=0.0 Rep=1 → Discordo fortemente
[2026-05-13 10:58:38,385][__main__][INFO] - Salvamento incremental (400 novas respostas)...
[2026-05-13 10:58:38,433][__main__][INFO] - Cache salvo com 252739 entradas
[2026-05-13 10:58:38,434][__main__][INFO] - ✓ [nvidia/NVIDIA-Nemotron-Nano-12B-v2-VL] Temp=0.0 Rep=1 → Concordo fortemente
[2026-05-13 10:58:38,435][__main__][INFO] - ✓ [nvidia/NVIDIA-Nemotron-Nano-12B-v2-VL] Temp=0.0 Rep=1 → Discordo fortemente
[2026-05-13 10:58:38,718][__main__][INFO] - ✓ [nvidia/NVIDIA-Nemotron-Nano-12B-v2-VL] Temp=0.0 Rep=1 → Discordo fortemente
[2026-05-13 10:58:38,786][__main__][INFO] - ✓ [nvidia/NVIDIA-Nemotron-Nano-12B-v2-VL] Temp=0.0 Rep=1 → Discordo fortemente
[2026-05-13 10:58:38,787][__main__][INFO] - ✓ [nvidia/NVIDIA-Nemotron-Nano-12B-v2-VL] Temp=0.0 Rep=1 → Discordo fortemente
[2026-05-13 10:58:38,788][__main__][INFO] - ✓ [nvidia/NVIDIA-Nemotron-Nano-12B-v2-VL] Temp=0.0 Rep=1 → Discordo fortemente
[2026-05-13 10:58:38,789][__main__][INFO] - ✓ [nvidia/NVIDIA-Nemotron-Nano-12B-v2-VL] Temp=0.0 Rep=1 → Discordo fortemente
[2026-05-13 10:58:38,792][__main__][INFO] - ✓ [nvidia/NVIDIA-Nemotron-Nano-12B-v2-VL] Temp=0.0 Rep=1 → Discordo fortemente
[2026-05-13 10:58:38,794][__main__][INFO] - ✓ [nvidia/NVIDIA-Nemotron-Nano-12B-v2-VL] Temp=0.0 Rep=1 → Concordo fortemente
[2026-05-13 10:58:38,811][__main__][INFO] - ✓ [nvidia/NVIDIA-Nemotron-Nano-12B-v2-VL] Temp=0.0 Rep=1 → Discordo fortemente
[2026-05-13 10:58:38,849][__main__][INFO] - ✓ [nvidia/NVIDIA-Nemotron-Nano-12B-v2-VL] Temp=0.0 Rep=1 → Discordo fortemente
[2026-05-13 10:58:38,850][__main__][INFO] - ✓ [nvidia/NVIDIA-Nemotron-Nano-12B-v2-VL] Temp=0.0 Rep=1 → Discordo fortemente
[2026-05-13 10:58:38,850][__main__][INFO] - ✓ [nvidia/NVIDIA-Nemotron-Nano-12B-v2-VL] Temp=0.0 Rep=1 → Concordo fortemente
[2026-05-13 10:58:38,853][__main__][INFO] - ✓ [nvidia/NVIDIA-Nemotron-Nano-12B-v2-VL] Temp=0.0 Rep=1 → Concordo fortemente
[2026-05-13 10:58:38,855][__main__][INFO] - ✓ [nvidia/NVIDIA-Nemotron-Nano-12B-v2-VL] Temp=0.0 Rep=1 → Discordo fortemente
[2026-05-13 10:58:38,856][__main__][INFO] - ✓ [nvidia/NVIDIA-Nemotron-Nano-12B-v2-VL] Temp=0.0 Rep=1 → Discordo fortemente
[2026-05-13 10:58:38,859][__main__][INFO] - ✓ [nvidia/NVIDIA-Nemotron-Nano-12B-v2-VL] Temp=0.0 Rep=1 → Discordo fortemente
[2026-05-13 10:58:38,862][__main__][INFO] - ✓ [nvidia/NVIDIA-Nemotron-Nano-12B-v2-VL] Temp=0.0 Rep=1 → Discordo fortemente
[2026-05-13 10:58:39,254][__main__][INFO] - ✓ [nvidia/NVIDIA-Nemotron-Nano-12B-v2-VL] Temp=0.0 Rep=1 → Discordo fortemente
[2026-05-13 10:58:39,260][__main__][INFO] - ✓ [nvidia/NVIDIA-Nemotron-Nano-12B-v2-VL] Temp=0.0 Rep=1 → Discordo fortemente
[2026-05-13 10:58:39,260][__main__][INFO] - ✓ [nvidia/NVIDIA-Nemotron-Nano-12B-v2-VL] Temp=0.0 Rep=1 → Discordo fortemente
[2026-05-13 10:58:39,261][__main__][INFO] - ✓ [nvidia/NVIDIA-Nemotron-Nano-12B-v2-VL] Temp=0.0 Rep=1 → Concordo fortemente
[2026-05-13 10:58:39,261][__main__][INFO] - ✓ [nvidia/NVIDIA-Nemotron-Nano-12B-v2-VL] Temp=0.0 Rep=1 → Discordo fortemente
[2026-05-13 10:58:39,262][__main__][INFO] - ✓ [nvidia/NVIDIA-Nemotron-Nano-12B-v2-VL] Temp=0.0 Rep=1 → Concordo fortemente
[2026-05-13 10:58:39,263][__main__][INFO] - ✓ [nvidia/NVIDIA-Nemotron-Nano-12B-v2-VL] Temp=0.0 Rep=1 → Discordo fortemente
[2026-05-13 10:58:39,263][__main__][INFO] - ✓ [nvidia/NVIDIA-Nemotron-Nano-12B-v2-VL] Temp=0.0 Rep=1 → Discordo fortemente
[2026-05-13 10:58:39,264][__main__][INFO] - ✓ [nvidia/NVIDIA-Nemotron-Nano-12B-v2-VL] Temp=0.0 Rep=1 → Discordo fortemente
[2026-05-13 10:58:39,264][__main__][INFO] - ✓ [nvidia/NVIDIA-Nemotron-Nano-12B-v2-VL] Temp=0.0 Rep=1 → Discordo fortemente
[2026-05-13 10:58:39,265][__main__][INFO] - ✓ [nvidia/NVIDIA-Nemotron-Nano-12B-v2-VL] Temp=0.0 Rep=1 → Discordo fortemente
[2026-05-13 10:58:39,266][__main__][INFO] - ✓ [nvidia/NVIDIA-Nemotron-Nano-12B-v2-VL] Temp=0.0 Rep=1 → Discordo fortemente
[2026-05-13 10:58:39,267][__main__][INFO] - ✓ [nvidia/NVIDIA-Nemotron-Nano-12B-v2-VL] Temp=0.0 Rep=1 → Discordo fortemente
[2026-05-13 10:58:39,268][__main__][INFO] - ✓ [nvidia/NVIDIA-Nemotron-Nano-12B-v2-VL] Temp=0.0 Rep=1 → Discordo fortemente
[2026-05-13 10:58:39,276][__main__][INFO] - ✓ [nvidia/NVIDIA-Nemotron-Nano-12B-v2-VL] Temp=0.0 Rep=1 → Discordo fortemente
[2026-05-13 10:58:39,669][__main__][INFO] - ✓ [nvidia/NVIDIA-Nemotron-Nano-12B-v2-VL] Temp=0.0 Rep=1 → Discordo fortemente
[2026-05-13 10:58:39,717][__main__][INFO] - ✓ [nvidia/NVIDIA-Nemotron-Nano-12B-v2-VL] Temp=0.0 Rep=1 → Concordo fortemente
[2026-05-13 10:58:39,724][__main__][INFO] - ✓ [nvidia/NVIDIA-Nemotron-Nano-12B-v2-VL] Temp=0.0 Rep=1 → Discordo fortemente
[2026-05-13 10:58:39,725][__main__][INFO] - ✓ [nvidia/NVIDIA-Nemotron-Nano-12B-v2-VL] Temp=0.0 Rep=1 → Discordo fortemente
[2026-05-13 10:58:39,725][__main__][INFO] - ✓ [nvidia/NVIDIA-Nemotron-Nano-12B-v2-VL] Temp=0.0 Rep=1 → Concordo
[2026-05-13 10:58:39,726][__main__][INFO] - ✓ [nvidia/NVIDIA-Nemotron-Nano-12B-v2-VL] Temp=0.0 Rep=1 → Concordo fortemente
[2026-05-13 10:58:39,727][__main__][INFO] - ✓ [nvidia/NVIDIA-Nemotron-Nano-12B-v2-VL] Temp=0.0 Rep=1 → Discordo fortemente
[2026-05-13 10:58:39,728][__main__][INFO] - Salvamento incremental (440 novas respostas)...
[2026-05-13 10:58:39,792][__main__][INFO] - Cache salvo com 252779 entradas
[2026-05-13 10:58:39,792][__main__][INFO] - ✓ [nvidia/NVIDIA-Nemotron-Nano-12B-v2-VL] Temp=0.0 Rep=1 → Discordo fortemente
[2026-05-13 10:58:39,793][__main__][INFO] - ✓ [nvidia/NVIDIA-Nemotron-Nano-12B-v2-VL] Temp=0.0 Rep=1 → Discordo fortemente
[2026-05-13 10:58:39,794][__main__][INFO] - ✓ [nvidia/NVIDIA-Nemotron-Nano-12B-v2-VL] Temp=0.0 Rep=1 → Discordo fortemente
[2026-05-13 10:58:39,794][__main__][INFO] - ✓ [nvidia/NVIDIA-Nemotron-Nano-12B-v2-VL] Temp=0.0 Rep=1 → Discordo fortemente
[2026-05-13 10:58:39,885][__main__][INFO] - ✓ [nvidia/NVIDIA-Nemotron-Nano-12B-v2-VL] Temp=0.0 Rep=1 → Concordo fortemente
[2026-05-13 10:58:39,891][__main__][INFO] - ✓ [nvidia/NVIDIA-Nemotron-Nano-12B-v2-VL] Temp=0.0 Rep=1 → Discordo fortemente
[2026-05-13 10:58:39,949][__main__][INFO] - ✓ [nvidia/NVIDIA-Nemotron-Nano-12B-v2-VL] Temp=0.0 Rep=1 → Concordo fortemente
[2026-05-13 10:58:40,125][__main__][INFO] - ✓ [nvidia/NVIDIA-Nemotron-Nano-12B-v2-VL] Temp=0.0 Rep=1 → Discordo fortemente
[2026-05-13 10:58:40,126][__main__][INFO] - ✓ [nvidia/NVIDIA-Nemotron-Nano-12B-v2-VL] Temp=0.0 Rep=1 → Discordo fortemente
[2026-05-13 10:58:40,129][__main__][INFO] - ✓ [nvidia/NVIDIA-Nemotron-Nano-12B-v2-VL] Temp=0.0 Rep=1 → Discordo fortemente
[2026-05-13 10:58:40,130][__main__][INFO] - ✓ [nvidia/NVIDIA-Nemotron-Nano-12B-v2-VL] Temp=0.0 Rep=1 → Discordo fortemente
[2026-05-13 10:58:40,132][__main__][INFO] - ✓ [nvidia/NVIDIA-Nemotron-Nano-12B-v2-VL] Temp=0.0 Rep=1 → Discordo fortemente
[2026-05-13 10:58:40,132][__main__][INFO] - ✓ [nvidia/NVIDIA-Nemotron-Nano-12B-v2-VL] Temp=0.0 Rep=1 → Concordo fortemente
[2026-05-13 10:58:40,133][__main__][INFO] - ✓ [nvidia/NVIDIA-Nemotron-Nano-12B-v2-VL] Temp=0.0 Rep=1 → Discordo fortemente
[2026-05-13 10:58:40,189][__main__][INFO] - ✓ [nvidia/NVIDIA-Nemotron-Nano-12B-v2-VL] Temp=0.0 Rep=1 → Concordo
[2026-05-13 10:58:40,203][__main__][INFO] - ✓ [nvidia/NVIDIA-Nemotron-Nano-12B-v2-VL] Temp=0.0 Rep=1 → Discordo fortemente
[2026-05-13 10:58:40,316][__main__][INFO] - ✓ [nvidia/NVIDIA-Nemotron-Nano-12B-v2-VL] Temp=0.0 Rep=1 → Concordo fortemente
[2026-05-13 10:58:40,316][__main__][INFO] - ✓ [nvidia/NVIDIA-Nemotron-Nano-12B-v2-VL] Temp=0.0 Rep=1 → Discordo fortemente
[2026-05-13 10:58:40,320][__main__][INFO] - ✓ [nvidia/NVIDIA-Nemotron-Nano-12B-v2-VL] Temp=0.0 Rep=1 → Concordo
[2026-05-13 10:58:40,321][__main__][INFO] - ✓ [nvidia/NVIDIA-Nemotron-Nano-12B-v2-VL] Temp=0.0 Rep=1 → Discordo fortemente
[2026-05-13 10:58:40,324][__main__][INFO] - ✓ [nvidia/NVIDIA-Nemotron-Nano-12B-v2-VL] Temp=0.0 Rep=1 → Discordo fortemente
[2026-05-13 10:58:40,324][__main__][INFO] - ✓ [nvidia/NVIDIA-Nemotron-Nano-12B-v2-VL] Temp=0.0 Rep=1 → Concordo fortemente
[2026-05-13 10:58:40,325][__main__][INFO] - ✓ [nvidia/NVIDIA-Nemotron-Nano-12B-v2-VL] Temp=0.0 Rep=1 → Concordo fortemente
[2026-05-13 10:58:40,326][__main__][INFO] - ✓ [nvidia/NVIDIA-Nemotron-Nano-12B-v2-VL] Temp=0.0 Rep=1 → Discordo fortemente
[2026-05-13 10:58:40,329][__main__][INFO] - ✓ [nvidia/NVIDIA-Nemotron-Nano-12B-v2-VL] Temp=0.0 Rep=1 → Discordo fortemente
[2026-05-13 10:58:40,330][__main__][INFO] - ✓ [nvidia/NVIDIA-Nemotron-Nano-12B-v2-VL] Temp=0.0 Rep=1 → Discordo fortemente
[2026-05-13 10:58:40,333][__main__][INFO] - ✓ [nvidia/NVIDIA-Nemotron-Nano-12B-v2-VL] Temp=0.0 Rep=1 → Discordo fortemente
[2026-05-13 10:58:40,334][__main__][INFO] - ✓ [nvidia/NVIDIA-Nemotron-Nano-12B-v2-VL] Temp=0.0 Rep=1 → Discordo fortemente
[2026-05-13 10:58:40,337][__main__][INFO] - ✓ [nvidia/NVIDIA-Nemotron-Nano-12B-v2-VL] Temp=0.0 Rep=1 → Discordo fortemente
[2026-05-13 10:58:40,337][__main__][INFO] - ✓ [nvidia/NVIDIA-Nemotron-Nano-12B-v2-VL] Temp=0.0 Rep=1 → Discordo fortemente
[2026-05-13 10:58:40,338][__main__][INFO] - ✓ [nvidia/NVIDIA-Nemotron-Nano-12B-v2-VL] Temp=0.0 Rep=1 → Discordo fortemente
[2026-05-13 10:58:40,347][__main__][INFO] - ✓ [nvidia/NVIDIA-Nemotron-Nano-12B-v2-VL] Temp=0.0 Rep=1 → Discordo fortemente
[2026-05-13 10:58:40,347][__main__][INFO] - ✓ [nvidia/NVIDIA-Nemotron-Nano-12B-v2-VL] Temp=0.0 Rep=1 → Concordo fortemente
[2026-05-13 10:58:40,695][__main__][INFO] - ✓ [nvidia/NVIDIA-Nemotron-Nano-12B-v2-VL] Temp=0.0 Rep=1 → Discordo fortemente
[2026-05-13 10:58:40,753][__main__][INFO] - ✓ [nvidia/NVIDIA-Nemotron-Nano-12B-v2-VL] Temp=0.0 Rep=1 → Discordo fortemente
[2026-05-13 10:58:40,766][__main__][INFO] - ✓ [nvidia/NVIDIA-Nemotron-Nano-12B-v2-VL] Temp=0.0 Rep=1 → Discordo fortemente
[2026-05-13 10:58:40,820][__main__][INFO] - ✓ [nvidia/NVIDIA-Nemotron-Nano-12B-v2-VL] Temp=0.0 Rep=1 → Discordo fortemente
[2026-05-13 10:58:40,821][__main__][INFO] - ✓ [nvidia/NVIDIA-Nemotron-Nano-12B-v2-VL] Temp=0.0 Rep=1 → Discordo fortemente
[2026-05-13 10:58:40,827][__main__][INFO] - ✓ [nvidia/NVIDIA-Nemotron-Nano-12B-v2-VL] Temp=0.0 Rep=1 → Discordo fortemente
[2026-05-13 10:58:40,827][__main__][INFO] - ✓ [nvidia/NVIDIA-Nemotron-Nano-12B-v2-VL] Temp=0.0 Rep=1 → Discordo fortemente
[2026-05-13 10:58:40,828][__main__][INFO] - Salvamento incremental (480 novas respostas)...
[2026-05-13 10:58:40,878][__main__][INFO] - Cache salvo com 252819 entradas
[2026-05-13 10:58:40,879][__main__][INFO] - ✓ [nvidia/NVIDIA-Nemotron-Nano-12B-v2-VL] Temp=0.0 Rep=1 → Discordo fortemente
[2026-05-13 10:58:40,879][__main__][INFO] - ✓ [nvidia/NVIDIA-Nemotron-Nano-12B-v2-VL] Temp=0.0 Rep=1 → Discordo fortemente
[2026-05-13 10:58:40,880][__main__][INFO] - ✓ [nvidia/NVIDIA-Nemotron-Nano-12B-v2-VL] Temp=0.0 Rep=1 → Discordo fortemente
[2026-05-13 10:58:40,880][__main__][INFO] - ✓ [nvidia/NVIDIA-Nemotron-Nano-12B-v2-VL] Temp=0.0 Rep=1 → Concordo fortemente
[2026-05-13 10:58:40,882][__main__][INFO] - ✓ [nvidia/NVIDIA-Nemotron-Nano-12B-v2-VL] Temp=0.0 Rep=1 → Discordo fortemente
[2026-05-13 10:58:40,883][__main__][INFO] - ✓ [nvidia/NVIDIA-Nemotron-Nano-12B-v2-VL] Temp=0.0 Rep=1 → Discordo fortemente
[2026-05-13 10:58:40,885][__main__][INFO] - ✓ [nvidia/NVIDIA-Nemotron-Nano-12B-v2-VL] Temp=0.0 Rep=1 → Discordo fortemente
[2026-05-13 10:58:40,886][__main__][INFO] - ✓ [nvidia/NVIDIA-Nemotron-Nano-12B-v2-VL] Temp=0.0 Rep=1 → Discordo fortemente
[2026-05-13 10:58:40,886][__main__][INFO] - ✓ [nvidia/NVIDIA-Nemotron-Nano-12B-v2-VL] Temp=0.0 Rep=1 → Discordo fortemente
[2026-05-13 10:58:40,887][__main__][INFO] - ✓ [nvidia/NVIDIA-Nemotron-Nano-12B-v2-VL] Temp=0.0 Rep=1 → Discordo fortemente
[2026-05-13 10:58:41,159][__main__][INFO] - ✓ [nvidia/NVIDIA-Nemotron-Nano-12B-v2-VL] Temp=0.0 Rep=1 → Discordo fortemente
[2026-05-13 10:58:41,246][__main__][INFO] - ✓ [nvidia/NVIDIA-Nemotron-Nano-12B-v2-VL] Temp=0.0 Rep=1 → Discordo fortemente
[2026-05-13 10:58:41,254][__main__][INFO] - ✓ [nvidia/NVIDIA-Nemotron-Nano-12B-v2-VL] Temp=0.0 Rep=1 → Discordo fortemente
[2026-05-13 10:58:41,303][__main__][INFO] - ✓ [nvidia/NVIDIA-Nemotron-Nano-12B-v2-VL] Temp=0.0 Rep=1 → Discordo fortemente
[2026-05-13 10:58:41,307][__main__][INFO] - ✓ [nvidia/NVIDIA-Nemotron-Nano-12B-v2-VL] Temp=0.0 Rep=1 → Discordo fortemente
[2026-05-13 10:58:41,309][__main__][INFO] - ✓ [nvidia/NVIDIA-Nemotron-Nano-12B-v2-VL] Temp=0.0 Rep=1 → Discordo fortemente
[2026-05-13 10:58:41,310][__main__][INFO] - ✓ [nvidia/NVIDIA-Nemotron-Nano-12B-v2-VL] Temp=0.0 Rep=1 → Discordo fortemente
[2026-05-13 10:58:41,311][__main__][INFO] - ✓ [nvidia/NVIDIA-Nemotron-Nano-12B-v2-VL] Temp=0.0 Rep=1 → Discordo fortemente
[2026-05-13 10:58:41,318][__main__][INFO] - ✓ [nvidia/NVIDIA-Nemotron-Nano-12B-v2-VL] Temp=0.0 Rep=1 → Discordo fortemente
[2026-05-13 10:58:41,398][__main__][INFO] - ✓ [nvidia/NVIDIA-Nemotron-Nano-12B-v2-VL] Temp=0.0 Rep=1 → Discordo fortemente
[2026-05-13 10:58:41,401][__main__][INFO] - ✓ [nvidia/NVIDIA-Nemotron-Nano-12B-v2-VL] Temp=0.0 Rep=1 → Discordo fortemente
[2026-05-13 10:58:41,402][__main__][INFO] - ✓ [nvidia/NVIDIA-Nemotron-Nano-12B-v2-VL] Temp=0.0 Rep=1 → Discordo fortemente
[2026-05-13 10:58:41,403][__main__][INFO] - ✓ [nvidia/NVIDIA-Nemotron-Nano-12B-v2-VL] Temp=0.0 Rep=1 → Concordo fortemente
[2026-05-13 10:58:41,407][__main__][INFO] - ✓ [nvidia/NVIDIA-Nemotron-Nano-12B-v2-VL] Temp=0.0 Rep=1 → Discordo fortemente
[2026-05-13 10:58:41,408][__main__][INFO] - ✓ [nvidia/NVIDIA-Nemotron-Nano-12B-v2-VL] Temp=0.0 Rep=1 → Discordo fortemente
[2026-05-13 10:58:41,408][__main__][INFO] - ✓ [nvidia/NVIDIA-Nemotron-Nano-12B-v2-VL] Temp=0.0 Rep=1 → Discordo fortemente
[2026-05-13 10:58:41,409][__main__][INFO] - ✓ [nvidia/NVIDIA-Nemotron-Nano-12B-v2-VL] Temp=0.0 Rep=1 → Discordo fortemente
[2026-05-13 10:58:41,410][__main__][INFO] - ✓ [nvidia/NVIDIA-Nemotron-Nano-12B-v2-VL] Temp=0.0 Rep=1 → Discordo fortemente
[2026-05-13 10:58:41,483][__main__][INFO] - ✓ [nvidia/NVIDIA-Nemotron-Nano-12B-v2-VL] Temp=0.0 Rep=1 → Concordo
[2026-05-13 10:58:41,484][__main__][INFO] - ✓ [nvidia/NVIDIA-Nemotron-Nano-12B-v2-VL] Temp=0.0 Rep=1 → Concordo
[2026-05-13 10:58:41,485][__main__][INFO] - ✓ [nvidia/NVIDIA-Nemotron-Nano-12B-v2-VL] Temp=0.0 Rep=1 → Discordo fortemente
[2026-05-13 10:58:41,485][__main__][INFO] - ✓ [nvidia/NVIDIA-Nemotron-Nano-12B-v2-VL] Temp=0.0 Rep=1 → Concordo fortemente
[2026-05-13 10:58:41,487][__main__][INFO] - ✓ [nvidia/NVIDIA-Nemotron-Nano-12B-v2-VL] Temp=0.0 Rep=1 → Discordo fortemente
[2026-05-13 10:58:41,493][__main__][INFO] - ✓ [nvidia/NVIDIA-Nemotron-Nano-12B-v2-VL] Temp=0.0 Rep=1 → Discordo fortemente
[2026-05-13 10:58:41,566][__main__][INFO] - ✓ [nvidia/NVIDIA-Nemotron-Nano-12B-v2-VL] Temp=0.0 Rep=1 → Discordo fortemente
[2026-05-13 10:58:41,569][__main__][INFO] - ✓ [nvidia/NVIDIA-Nemotron-Nano-12B-v2-VL] Temp=0.0 Rep=1 → Discordo fortemente
[2026-05-13 10:58:41,570][__main__][INFO] - ✓ [nvidia/NVIDIA-Nemotron-Nano-12B-v2-VL] Temp=0.0 Rep=1 → Discordo fortemente
[2026-05-13 10:58:41,572][__main__][INFO] - ✓ [nvidia/NVIDIA-Nemotron-Nano-12B-v2-VL] Temp=0.0 Rep=1 → Discordo fortemente
[2026-05-13 10:58:41,699][__main__][INFO] - ✓ [nvidia/NVIDIA-Nemotron-Nano-12B-v2-VL] Temp=0.0 Rep=1 → Discordo fortemente
[2026-05-13 10:58:41,700][__main__][INFO] - ✓ [nvidia/NVIDIA-Nemotron-Nano-12B-v2-VL] Temp=0.0 Rep=1 → Concordo fortemente
[2026-05-13 10:58:41,701][__main__][INFO] - Salvamento incremental (520 novas respostas)...
[2026-05-13 10:58:41,751][__main__][INFO] - Cache salvo com 252859 entradas
[2026-05-13 10:58:41,751][__main__][INFO] - ✓ [nvidia/NVIDIA-Nemotron-Nano-12B-v2-VL] Temp=0.0 Rep=1 → Discordo fortemente
[2026-05-13 10:58:41,753][__main__][INFO] - ✓ [nvidia/NVIDIA-Nemotron-Nano-12B-v2-VL] Temp=0.0 Rep=1 → Concordo fortemente
[2026-05-13 10:58:41,835][__main__][INFO] - ✓ [nvidia/NVIDIA-Nemotron-Nano-12B-v2-VL] Temp=0.0 Rep=1 → Concordo
[2026-05-13 10:58:41,901][__main__][INFO] - ✓ [nvidia/NVIDIA-Nemotron-Nano-12B-v2-VL] Temp=0.0 Rep=1 → Discordo fortemente
[2026-05-13 10:58:41,904][__main__][INFO] - ✓ [nvidia/NVIDIA-Nemotron-Nano-12B-v2-VL] Temp=0.0 Rep=1 → Discordo fortemente
[2026-05-13 10:58:41,992][__main__][INFO] - ✓ [nvidia/NVIDIA-Nemotron-Nano-12B-v2-VL] Temp=0.0 Rep=1 → Discordo fortemente
[2026-05-13 10:58:41,999][__main__][INFO] - ✓ [nvidia/NVIDIA-Nemotron-Nano-12B-v2-VL] Temp=0.0 Rep=1 → Discordo fortemente
[2026-05-13 10:58:42,059][__main__][INFO] - ✓ [nvidia/NVIDIA-Nemotron-Nano-12B-v2-VL] Temp=0.0 Rep=1 → Discordo fortemente
[2026-05-13 10:58:42,064][__main__][INFO] - ✓ [nvidia/NVIDIA-Nemotron-Nano-12B-v2-VL] Temp=0.0 Rep=1 → Discordo fortemente
[2026-05-13 10:58:42,065][__main__][INFO] - ✓ [nvidia/NVIDIA-Nemotron-Nano-12B-v2-VL] Temp=0.0 Rep=1 → Discordo fortemente
[2026-05-13 10:58:42,066][__main__][INFO] - ✓ [nvidia/NVIDIA-Nemotron-Nano-12B-v2-VL] Temp=0.0 Rep=1 → Discordo fortemente
[2026-05-13 10:58:42,067][__main__][INFO] - ✓ [nvidia/NVIDIA-Nemotron-Nano-12B-v2-VL] Temp=0.0 Rep=1 → Discordo fortemente
[2026-05-13 10:58:42,071][__main__][INFO] - ✓ [nvidia/NVIDIA-Nemotron-Nano-12B-v2-VL] Temp=0.0 Rep=1 → Discordo fortemente
[2026-05-13 10:58:42,077][__main__][INFO] - ✓ [nvidia/NVIDIA-Nemotron-Nano-12B-v2-VL] Temp=0.0 Rep=1 → Discordo fortemente
[2026-05-13 10:58:42,223][__main__][INFO] - ✓ [nvidia/NVIDIA-Nemotron-Nano-12B-v2-VL] Temp=0.0 Rep=1 → Discordo fortemente
[2026-05-13 10:58:42,223][__main__][INFO] - ✓ [nvidia/NVIDIA-Nemotron-Nano-12B-v2-VL] Temp=0.0 Rep=1 → Discordo fortemente
[2026-05-13 10:58:42,224][__main__][INFO] - ✓ [nvidia/NVIDIA-Nemotron-Nano-12B-v2-VL] Temp=0.0 Rep=1 → Discordo fortemente
[2026-05-13 10:58:42,279][__main__][INFO] - ✓ [nvidia/NVIDIA-Nemotron-Nano-12B-v2-VL] Temp=0.0 Rep=1 → Discordo fortemente
[2026-05-13 10:58:42,279][__main__][INFO] - ✓ [nvidia/NVIDIA-Nemotron-Nano-12B-v2-VL] Temp=0.0 Rep=1 → Discordo fortemente
[2026-05-13 10:58:42,280][__main__][INFO] - ✓ [nvidia/NVIDIA-Nemotron-Nano-12B-v2-VL] Temp=0.0 Rep=1 → Discordo fortemente
[2026-05-13 10:58:42,281][__main__][INFO] - ✓ [nvidia/NVIDIA-Nemotron-Nano-12B-v2-VL] Temp=0.0 Rep=1 → Concordo fortemente
[2026-05-13 10:58:42,292][__main__][INFO] - ✓ [nvidia/NVIDIA-Nemotron-Nano-12B-v2-VL] Temp=0.0 Rep=1 → Discordo fortemente
[2026-05-13 10:58:42,348][__main__][INFO] - ✓ [nvidia/NVIDIA-Nemotron-Nano-12B-v2-VL] Temp=0.0 Rep=1 → Concordo
[2026-05-13 10:58:42,349][__main__][INFO] - ✓ [nvidia/NVIDIA-Nemotron-Nano-12B-v2-VL] Temp=0.0 Rep=1 → Concordo fortemente
[2026-05-13 10:58:42,357][__main__][INFO] - ✓ [nvidia/NVIDIA-Nemotron-Nano-12B-v2-VL] Temp=0.0 Rep=1 → Concordo fortemente
[2026-05-13 10:58:42,358][__main__][INFO] - ✓ [nvidia/NVIDIA-Nemotron-Nano-12B-v2-VL] Temp=0.0 Rep=1 → Discordo fortemente
[2026-05-13 10:58:42,359][__main__][INFO] - ✓ [nvidia/NVIDIA-Nemotron-Nano-12B-v2-VL] Temp=0.0 Rep=1 → Concordo fortemente
[2026-05-13 10:58:42,359][__main__][INFO] - ✓ [nvidia/NVIDIA-Nemotron-Nano-12B-v2-VL] Temp=0.0 Rep=1 → Concordo fortemente
[2026-05-13 10:58:42,361][__main__][INFO] - ✓ [nvidia/NVIDIA-Nemotron-Nano-12B-v2-VL] Temp=0.0 Rep=1 → Discordo fortemente
[2026-05-13 10:58:42,410][__main__][INFO] - ✓ [nvidia/NVIDIA-Nemotron-Nano-12B-v2-VL] Temp=0.0 Rep=1 → Discordo fortemente
[2026-05-13 10:58:42,787][__main__][INFO] - ✓ [nvidia/NVIDIA-Nemotron-Nano-12B-v2-VL] Temp=0.0 Rep=1 → Concordo fortemente
[2026-05-13 10:58:42,793][__main__][INFO] - ✓ [nvidia/NVIDIA-Nemotron-Nano-12B-v2-VL] Temp=0.0 Rep=1 → Concordo fortemente
[2026-05-13 10:58:42,794][__main__][INFO] - ✓ [nvidia/NVIDIA-Nemotron-Nano-12B-v2-VL] Temp=0.0 Rep=1 → Concordo fortemente
[2026-05-13 10:58:42,797][__main__][INFO] - ✓ [nvidia/NVIDIA-Nemotron-Nano-12B-v2-VL] Temp=0.0 Rep=1 → Concordo fortemente
[2026-05-13 10:58:42,798][__main__][INFO] - ✓ [nvidia/NVIDIA-Nemotron-Nano-12B-v2-VL] Temp=0.0 Rep=1 → Concordo fortemente
[2026-05-13 10:58:42,799][__main__][INFO] - ✓ [nvidia/NVIDIA-Nemotron-Nano-12B-v2-VL] Temp=0.0 Rep=1 → Concordo fortemente
[2026-05-13 10:58:42,799][__main__][INFO] - ✓ [nvidia/NVIDIA-Nemotron-Nano-12B-v2-VL] Temp=0.0 Rep=1 → Discordo fortemente
[2026-05-13 10:58:42,803][__main__][INFO] - ✓ [nvidia/NVIDIA-Nemotron-Nano-12B-v2-VL] Temp=0.0 Rep=1 → Concordo fortemente
[2026-05-13 10:58:42,804][__main__][INFO] - ✓ [nvidia/NVIDIA-Nemotron-Nano-12B-v2-VL] Temp=0.0 Rep=1 → Discordo fortemente
[2026-05-13 10:58:42,805][__main__][INFO] - ✓ [nvidia/NVIDIA-Nemotron-Nano-12B-v2-VL] Temp=0.0 Rep=1 → Discordo fortemente
[2026-05-13 10:58:42,806][__main__][INFO] - Salvamento incremental (560 novas respostas)...
[2026-05-13 10:58:42,855][__main__][INFO] - Cache salvo com 252899 entradas
[2026-05-13 10:58:42,855][__main__][INFO] - ✓ [nvidia/NVIDIA-Nemotron-Nano-12B-v2-VL] Temp=0.0 Rep=1 → Concordo fortemente
[2026-05-13 10:58:42,857][__main__][INFO] - ✓ [nvidia/NVIDIA-Nemotron-Nano-12B-v2-VL] Temp=0.0 Rep=1 → Discordo fortemente
[2026-05-13 10:58:42,858][__main__][INFO] - ✓ [nvidia/NVIDIA-Nemotron-Nano-12B-v2-VL] Temp=0.0 Rep=1 → Discordo fortemente
[2026-05-13 10:58:42,859][__main__][INFO] - ✓ [nvidia/NVIDIA-Nemotron-Nano-12B-v2-VL] Temp=0.0 Rep=1 → Discordo fortemente
[2026-05-13 10:58:43,001][__main__][INFO] - ✓ [nvidia/NVIDIA-Nemotron-Nano-12B-v2-VL] Temp=0.0 Rep=1 → Discordo fortemente
[2026-05-13 10:58:43,150][__main__][INFO] - ✓ [nvidia/NVIDIA-Nemotron-Nano-12B-v2-VL] Temp=0.0 Rep=1 → Discordo fortemente
[2026-05-13 10:58:43,152][__main__][INFO] - ✓ [nvidia/NVIDIA-Nemotron-Nano-12B-v2-VL] Temp=0.0 Rep=1 → Concordo fortemente
[2026-05-13 10:58:43,153][__main__][INFO] - ✓ [nvidia/NVIDIA-Nemotron-Nano-12B-v2-VL] Temp=0.0 Rep=1 → Discordo fortemente
[2026-05-13 10:58:43,159][__main__][INFO] - ✓ [nvidia/NVIDIA-Nemotron-Nano-12B-v2-VL] Temp=0.0 Rep=1 → Discordo fortemente
[2026-05-13 10:58:43,160][__main__][INFO] - ✓ [nvidia/NVIDIA-Nemotron-Nano-12B-v2-VL] Temp=0.0 Rep=1 → Concordo fortemente
[2026-05-13 10:58:43,160][__main__][INFO] - ✓ [nvidia/NVIDIA-Nemotron-Nano-12B-v2-VL] Temp=0.0 Rep=1 → Discordo fortemente
[2026-05-13 10:58:43,161][__main__][INFO] - ✓ [nvidia/NVIDIA-Nemotron-Nano-12B-v2-VL] Temp=0.0 Rep=1 → Discordo fortemente
[2026-05-13 10:58:43,162][__main__][INFO] - ✓ [nvidia/NVIDIA-Nemotron-Nano-12B-v2-VL] Temp=0.0 Rep=1 → Discordo fortemente
[2026-05-13 10:58:43,165][__main__][INFO] - ✓ [nvidia/NVIDIA-Nemotron-Nano-12B-v2-VL] Temp=0.0 Rep=1 → Concordo fortemente
[2026-05-13 10:58:43,166][__main__][INFO] - ✓ [nvidia/NVIDIA-Nemotron-Nano-12B-v2-VL] Temp=0.0 Rep=1 → Discordo fortemente
[2026-05-13 10:58:43,167][__main__][INFO] - ✓ [nvidia/NVIDIA-Nemotron-Nano-12B-v2-VL] Temp=0.0 Rep=1 → Concordo fortemente
[2026-05-13 10:58:43,168][__main__][INFO] - ✓ [nvidia/NVIDIA-Nemotron-Nano-12B-v2-VL] Temp=0.0 Rep=1 → Discordo fortemente
[2026-05-13 10:58:43,168][__main__][INFO] - ✓ [nvidia/NVIDIA-Nemotron-Nano-12B-v2-VL] Temp=0.0 Rep=1 → Discordo fortemente
[2026-05-13 10:58:43,258][__main__][INFO] - ✓ [nvidia/NVIDIA-Nemotron-Nano-12B-v2-VL] Temp=0.0 Rep=1 → Concordo fortemente
[2026-05-13 10:58:43,259][__main__][INFO] - ✓ [nvidia/NVIDIA-Nemotron-Nano-12B-v2-VL] Temp=0.0 Rep=1 → Concordo fortemente
[2026-05-13 10:58:43,572][__main__][INFO] - ✓ [nvidia/NVIDIA-Nemotron-Nano-12B-v2-VL] Temp=0.0 Rep=1 → Concordo fortemente
[2026-05-13 10:58:43,607][__main__][INFO] - ✓ [nvidia/NVIDIA-Nemotron-Nano-12B-v2-VL] Temp=0.0 Rep=1 → Discordo fortemente
[2026-05-13 10:58:43,614][__main__][INFO] - ✓ [nvidia/NVIDIA-Nemotron-Nano-12B-v2-VL] Temp=0.0 Rep=1 → Discordo fortemente
[2026-05-13 10:58:43,621][__main__][INFO] - ✓ [nvidia/NVIDIA-Nemotron-Nano-12B-v2-VL] Temp=0.0 Rep=1 → Discordo fortemente
[2026-05-13 10:58:43,623][__main__][INFO] - ✓ [nvidia/NVIDIA-Nemotron-Nano-12B-v2-VL] Temp=0.0 Rep=1 → Concordo fortemente
[2026-05-13 10:58:43,624][__main__][INFO] - ✓ [nvidia/NVIDIA-Nemotron-Nano-12B-v2-VL] Temp=0.0 Rep=1 → Discordo fortemente
[2026-05-13 10:58:43,625][__main__][INFO] - ✓ [nvidia/NVIDIA-Nemotron-Nano-12B-v2-VL] Temp=0.0 Rep=1 → Discordo fortemente
[2026-05-13 10:58:43,627][__main__][INFO] - ✓ [nvidia/NVIDIA-Nemotron-Nano-12B-v2-VL] Temp=0.0 Rep=1 → Discordo fortemente
[2026-05-13 10:58:43,675][__main__][INFO] - ✓ [nvidia/NVIDIA-Nemotron-Nano-12B-v2-VL] Temp=0.0 Rep=1 → Discordo fortemente
[2026-05-13 10:58:43,679][__main__][INFO] - ✓ [nvidia/NVIDIA-Nemotron-Nano-12B-v2-VL] Temp=0.0 Rep=1 → Discordo fortemente
[2026-05-13 10:58:43,684][__main__][INFO] - ✓ [nvidia/NVIDIA-Nemotron-Nano-12B-v2-VL] Temp=0.0 Rep=1 → Discordo fortemente
[2026-05-13 10:58:43,685][__main__][INFO] - ✓ [nvidia/NVIDIA-Nemotron-Nano-12B-v2-VL] Temp=0.0 Rep=1 → Discordo fortemente
[2026-05-13 10:58:43,689][__main__][INFO] - ✓ [nvidia/NVIDIA-Nemotron-Nano-12B-v2-VL] Temp=0.0 Rep=1 → Discordo fortemente
[2026-05-13 10:58:43,690][__main__][INFO] - ✓ [nvidia/NVIDIA-Nemotron-Nano-12B-v2-VL] Temp=0.0 Rep=1 → Discordo fortemente
[2026-05-13 10:58:43,847][__main__][INFO] - ✓ [nvidia/NVIDIA-Nemotron-Nano-12B-v2-VL] Temp=0.0 Rep=1 → Discordo fortemente
[2026-05-13 10:58:43,973][__main__][INFO] - ✓ [nvidia/NVIDIA-Nemotron-Nano-12B-v2-VL] Temp=0.0 Rep=1 → Discordo fortemente
[2026-05-13 10:58:43,974][__main__][INFO] - ✓ [nvidia/NVIDIA-Nemotron-Nano-12B-v2-VL] Temp=0.0 Rep=1 → Discordo fortemente
[2026-05-13 10:58:43,974][__main__][INFO] - ✓ [nvidia/NVIDIA-Nemotron-Nano-12B-v2-VL] Temp=0.0 Rep=1 → Concordo fortemente
[2026-05-13 10:58:43,976][__main__][INFO] - ✓ [nvidia/NVIDIA-Nemotron-Nano-12B-v2-VL] Temp=0.0 Rep=1 → Discordo fortemente
[2026-05-13 10:58:43,977][__main__][INFO] - ✓ [nvidia/NVIDIA-Nemotron-Nano-12B-v2-VL] Temp=0.0 Rep=1 → Discordo fortemente
[2026-05-13 10:58:43,977][__main__][INFO] - Salvamento incremental (600 novas respostas)...
[2026-05-13 10:58:44,027][__main__][INFO] - Cache salvo com 252939 entradas
[2026-05-13 10:58:44,027][__main__][INFO] - ✓ [nvidia/NVIDIA-Nemotron-Nano-12B-v2-VL] Temp=0.0 Rep=1 → Discordo fortemente
[2026-05-13 10:58:44,030][__main__][INFO] - ✓ [nvidia/NVIDIA-Nemotron-Nano-12B-v2-VL] Temp=0.0 Rep=1 → Discordo fortemente
[2026-05-13 10:58:44,030][__main__][INFO] - ✓ [nvidia/NVIDIA-Nemotron-Nano-12B-v2-VL] Temp=0.0 Rep=1 → Discordo fortemente
[2026-05-13 10:58:44,031][__main__][INFO] - ✓ [nvidia/NVIDIA-Nemotron-Nano-12B-v2-VL] Temp=0.0 Rep=1 → Discordo fortemente
[2026-05-13 10:58:44,031][__main__][INFO] - ✓ [nvidia/NVIDIA-Nemotron-Nano-12B-v2-VL] Temp=0.0 Rep=1 → Discordo fortemente
[2026-05-13 10:58:44,032][__main__][INFO] - ✓ [nvidia/NVIDIA-Nemotron-Nano-12B-v2-VL] Temp=0.0 Rep=1 → Discordo fortemente
[2026-05-13 10:58:44,032][__main__][INFO] - ✓ [nvidia/NVIDIA-Nemotron-Nano-12B-v2-VL] Temp=0.0 Rep=1 → Discordo fortemente
[2026-05-13 10:58:44,033][__main__][INFO] - ✓ [nvidia/NVIDIA-Nemotron-Nano-12B-v2-VL] Temp=0.0 Rep=1 → Discordo fortemente
[2026-05-13 10:58:44,033][__main__][INFO] - ✓ [nvidia/NVIDIA-Nemotron-Nano-12B-v2-VL] Temp=0.0 Rep=1 → Discordo fortemente
[2026-05-13 10:58:44,034][__main__][INFO] - ✓ [nvidia/NVIDIA-Nemotron-Nano-12B-v2-VL] Temp=0.0 Rep=1 → Discordo fortemente
[2026-05-13 10:58:44,316][__main__][INFO] - ✓ [nvidia/NVIDIA-Nemotron-Nano-12B-v2-VL] Temp=0.0 Rep=1 → Discordo fortemente
[2026-05-13 10:58:44,316][__main__][INFO] - ✓ [nvidia/NVIDIA-Nemotron-Nano-12B-v2-VL] Temp=0.0 Rep=1 → Concordo fortemente
[2026-05-13 10:58:44,366][__main__][INFO] - ✓ [nvidia/NVIDIA-Nemotron-Nano-12B-v2-VL] Temp=0.0 Rep=1 → Discordo fortemente
[2026-05-13 10:58:44,371][__main__][INFO] - ✓ [nvidia/NVIDIA-Nemotron-Nano-12B-v2-VL] Temp=0.0 Rep=1 → Discordo fortemente
[2026-05-13 10:58:44,372][__main__][INFO] - ✓ [nvidia/NVIDIA-Nemotron-Nano-12B-v2-VL] Temp=0.0 Rep=1 → Discordo fortemente
[2026-05-13 10:58:44,372][__main__][INFO] - ✓ [nvidia/NVIDIA-Nemotron-Nano-12B-v2-VL] Temp=0.0 Rep=1 → Discordo fortemente
[2026-05-13 10:58:44,373][__main__][INFO] - ✓ [nvidia/NVIDIA-Nemotron-Nano-12B-v2-VL] Temp=0.0 Rep=1 → Discordo fortemente
[2026-05-13 10:58:44,374][__main__][INFO] - ✓ [nvidia/NVIDIA-Nemotron-Nano-12B-v2-VL] Temp=0.0 Rep=1 → Discordo fortemente
[2026-05-13 10:58:44,375][__main__][INFO] - ✓ [nvidia/NVIDIA-Nemotron-Nano-12B-v2-VL] Temp=0.0 Rep=1 → Concordo fortemente
[2026-05-13 10:58:44,377][__main__][INFO] - ✓ [nvidia/NVIDIA-Nemotron-Nano-12B-v2-VL] Temp=0.0 Rep=1 → Discordo fortemente
[2026-05-13 10:58:44,378][__main__][INFO] - ✓ [nvidia/NVIDIA-Nemotron-Nano-12B-v2-VL] Temp=0.0 Rep=1 → Discordo fortemente
[2026-05-13 10:58:44,379][__main__][INFO] - ✓ [nvidia/NVIDIA-Nemotron-Nano-12B-v2-VL] Temp=0.0 Rep=1 → Discordo fortemente
[2026-05-13 10:58:44,382][__main__][INFO] - ✓ [nvidia/NVIDIA-Nemotron-Nano-12B-v2-VL] Temp=0.0 Rep=1 → Discordo fortemente
[2026-05-13 10:58:44,383][__main__][INFO] - ✓ [nvidia/NVIDIA-Nemotron-Nano-12B-v2-VL] Temp=0.0 Rep=1 → Discordo fortemente
[2026-05-13 10:58:44,388][__main__][INFO] - ✓ [nvidia/NVIDIA-Nemotron-Nano-12B-v2-VL] Temp=0.0 Rep=1 → Discordo fortemente
[2026-05-13 10:58:44,672][__main__][INFO] - ✓ [nvidia/NVIDIA-Nemotron-Nano-12B-v2-VL] Temp=0.0 Rep=1 → Discordo fortemente
[2026-05-13 10:58:44,833][__main__][INFO] - ✓ [nvidia/NVIDIA-Nemotron-Nano-12B-v2-VL] Temp=0.0 Rep=1 → Discordo fortemente
[2026-05-13 10:58:44,836][__main__][INFO] - ✓ [nvidia/NVIDIA-Nemotron-Nano-12B-v2-VL] Temp=0.0 Rep=1 → Discordo fortemente
[2026-05-13 10:58:44,837][__main__][INFO] - ✓ [nvidia/NVIDIA-Nemotron-Nano-12B-v2-VL] Temp=0.0 Rep=1 → Concordo fortemente
[2026-05-13 10:58:44,838][__main__][INFO] - ✓ [nvidia/NVIDIA-Nemotron-Nano-12B-v2-VL] Temp=0.0 Rep=1 → Discordo fortemente
[2026-05-13 10:58:44,839][__main__][INFO] - ✓ [nvidia/NVIDIA-Nemotron-Nano-12B-v2-VL] Temp=0.0 Rep=1 → Discordo fortemente
[2026-05-13 10:58:44,840][__main__][INFO] - ✓ [nvidia/NVIDIA-Nemotron-Nano-12B-v2-VL] Temp=0.0 Rep=1 → Discordo fortemente
[2026-05-13 10:58:44,844][__main__][INFO] - ✓ [nvidia/NVIDIA-Nemotron-Nano-12B-v2-VL] Temp=0.0 Rep=1 → Discordo fortemente
[2026-05-13 10:58:44,845][__main__][INFO] - ✓ [nvidia/NVIDIA-Nemotron-Nano-12B-v2-VL] Temp=0.0 Rep=1 → Discordo fortemente
[2026-05-13 10:58:44,848][__main__][INFO] - ✓ [nvidia/NVIDIA-Nemotron-Nano-12B-v2-VL] Temp=0.0 Rep=1 → Discordo fortemente
[2026-05-13 10:58:44,849][__main__][INFO] - ✓ [nvidia/NVIDIA-Nemotron-Nano-12B-v2-VL] Temp=0.0 Rep=1 → Concordo fortemente
[2026-05-13 10:58:44,850][__main__][INFO] - ✓ [nvidia/NVIDIA-Nemotron-Nano-12B-v2-VL] Temp=0.0 Rep=1 → Discordo fortemente
[2026-05-13 10:58:44,852][__main__][INFO] - ✓ [nvidia/NVIDIA-Nemotron-Nano-12B-v2-VL] Temp=0.0 Rep=1 → Discordo fortemente
[2026-05-13 10:58:44,853][__main__][INFO] - ✓ [nvidia/NVIDIA-Nemotron-Nano-12B-v2-VL] Temp=0.0 Rep=1 → Discordo fortemente
[2026-05-13 10:58:44,854][__main__][INFO] - ✓ [nvidia/NVIDIA-Nemotron-Nano-12B-v2-VL] Temp=0.0 Rep=1 → Discordo fortemente
[2026-05-13 10:58:44,971][__main__][INFO] - Salvamento incremental (640 novas respostas)...
[2026-05-13 10:58:45,021][__main__][INFO] - Cache salvo com 252979 entradas
[2026-05-13 10:58:45,021][__main__][INFO] - ✓ [nvidia/NVIDIA-Nemotron-Nano-12B-v2-VL] Temp=0.0 Rep=1 → Discordo fortemente
[2026-05-13 10:58:45,023][__main__][INFO] - ✓ [nvidia/NVIDIA-Nemotron-Nano-12B-v2-VL] Temp=0.0 Rep=1 → Discordo fortemente
[2026-05-13 10:58:45,023][__main__][INFO] - ✓ [nvidia/NVIDIA-Nemotron-Nano-12B-v2-VL] Temp=0.0 Rep=1 → Discordo fortemente
[2026-05-13 10:58:45,039][__main__][INFO] - ✓ [nvidia/NVIDIA-Nemotron-Nano-12B-v2-VL] Temp=0.0 Rep=1 → Discordo fortemente
[2026-05-13 10:58:45,040][__main__][INFO] - ✓ [nvidia/NVIDIA-Nemotron-Nano-12B-v2-VL] Temp=0.0 Rep=1 → Discordo fortemente
[2026-05-13 10:58:45,042][__main__][INFO] - ✓ [nvidia/NVIDIA-Nemotron-Nano-12B-v2-VL] Temp=0.0 Rep=1 → Discordo fortemente
[2026-05-13 10:58:45,043][__main__][INFO] - ✓ [nvidia/NVIDIA-Nemotron-Nano-12B-v2-VL] Temp=0.0 Rep=1 → Discordo fortemente
[2026-05-13 10:58:45,048][__main__][INFO] - ✓ [nvidia/NVIDIA-Nemotron-Nano-12B-v2-VL] Temp=0.0 Rep=1 → Discordo fortemente
[2026-05-13 10:58:45,051][__main__][INFO] - ✓ [nvidia/NVIDIA-Nemotron-Nano-12B-v2-VL] Temp=0.0 Rep=1 → Discordo fortemente
[2026-05-13 10:58:45,111][__main__][INFO] - ✓ [nvidia/NVIDIA-Nemotron-Nano-12B-v2-VL] Temp=0.0 Rep=1 → Discordo fortemente
[2026-05-13 10:58:45,112][__main__][INFO] - ✓ [nvidia/NVIDIA-Nemotron-Nano-12B-v2-VL] Temp=0.0 Rep=1 → Discordo fortemente
[2026-05-13 10:58:45,174][__main__][INFO] - ✓ [nvidia/NVIDIA-Nemotron-Nano-12B-v2-VL] Temp=0.0 Rep=1 → Discordo fortemente
[2026-05-13 10:58:45,382][__main__][INFO] - ✓ [nvidia/NVIDIA-Nemotron-Nano-12B-v2-VL] Temp=0.0 Rep=1 → Concordo fortemente
[2026-05-13 10:58:45,382][__main__][INFO] - ✓ [nvidia/NVIDIA-Nemotron-Nano-12B-v2-VL] Temp=0.0 Rep=1 → Discordo fortemente
[2026-05-13 10:58:45,383][__main__][INFO] - ✓ [nvidia/NVIDIA-Nemotron-Nano-12B-v2-VL] Temp=0.0 Rep=1 → Concordo fortemente
[2026-05-13 10:58:45,383][__main__][INFO] - ✓ [nvidia/NVIDIA-Nemotron-Nano-12B-v2-VL] Temp=0.0 Rep=1 → Discordo fortemente
[2026-05-13 10:58:45,384][__main__][INFO] - ✓ [nvidia/NVIDIA-Nemotron-Nano-12B-v2-VL] Temp=0.0 Rep=1 → Discordo fortemente
[2026-05-13 10:58:45,385][__main__][INFO] - ✓ [nvidia/NVIDIA-Nemotron-Nano-12B-v2-VL] Temp=0.0 Rep=1 → Discordo fortemente
[2026-05-13 10:58:45,385][__main__][INFO] - ✓ [nvidia/NVIDIA-Nemotron-Nano-12B-v2-VL] Temp=0.0 Rep=1 → Discordo fortemente
[2026-05-13 10:58:45,386][__main__][INFO] - ✓ [nvidia/NVIDIA-Nemotron-Nano-12B-v2-VL] Temp=0.0 Rep=1 → Discordo fortemente
[2026-05-13 10:58:45,386][__main__][INFO] - ✓ [nvidia/NVIDIA-Nemotron-Nano-12B-v2-VL] Temp=0.0 Rep=1 → Discordo fortemente
[2026-05-13 10:58:45,387][__main__][INFO] - ✓ [nvidia/NVIDIA-Nemotron-Nano-12B-v2-VL] Temp=0.0 Rep=1 → Discordo fortemente
[2026-05-13 10:58:45,388][__main__][INFO] - ✓ [nvidia/NVIDIA-Nemotron-Nano-12B-v2-VL] Temp=0.0 Rep=1 → Discordo fortemente
[2026-05-13 10:58:45,682][__main__][INFO] - ✓ [nvidia/NVIDIA-Nemotron-Nano-12B-v2-VL] Temp=0.0 Rep=1 → Discordo fortemente
[2026-05-13 10:58:45,879][__main__][INFO] - ✓ [nvidia/NVIDIA-Nemotron-Nano-12B-v2-VL] Temp=0.0 Rep=1 → Discordo fortemente
[2026-05-13 10:58:45,903][__main__][INFO] - ✓ [nvidia/NVIDIA-Nemotron-Nano-12B-v2-VL] Temp=0.0 Rep=1 → Concordo fortemente
[2026-05-13 10:58:45,904][__main__][INFO] - ✓ [nvidia/NVIDIA-Nemotron-Nano-12B-v2-VL] Temp=0.0 Rep=1 → Discordo fortemente
[2026-05-13 10:58:45,905][__main__][INFO] - ✓ [nvidia/NVIDIA-Nemotron-Nano-12B-v2-VL] Temp=0.0 Rep=1 → Discordo fortemente
[2026-05-13 10:58:45,911][__main__][INFO] - ✓ [nvidia/NVIDIA-Nemotron-Nano-12B-v2-VL] Temp=0.0 Rep=1 → Discordo fortemente
[2026-05-13 10:58:45,912][__main__][INFO] - ✓ [nvidia/NVIDIA-Nemotron-Nano-12B-v2-VL] Temp=0.0 Rep=1 → Discordo fortemente
[2026-05-13 10:58:46,034][__main__][INFO] - ✓ [nvidia/NVIDIA-Nemotron-Nano-12B-v2-VL] Temp=0.0 Rep=1 → Discordo fortemente
[2026-05-13 10:58:46,037][__main__][INFO] - ✓ [nvidia/NVIDIA-Nemotron-Nano-12B-v2-VL] Temp=0.0 Rep=1 → Discordo fortemente
[2026-05-13 10:58:46,038][__main__][INFO] - ✓ [nvidia/NVIDIA-Nemotron-Nano-12B-v2-VL] Temp=0.0 Rep=1 → Discordo fortemente
[2026-05-13 10:58:46,041][__main__][INFO] - ✓ [nvidia/NVIDIA-Nemotron-Nano-12B-v2-VL] Temp=0.0 Rep=1 → Discordo fortemente
[2026-05-13 10:58:46,042][__main__][INFO] - ✓ [nvidia/NVIDIA-Nemotron-Nano-12B-v2-VL] Temp=0.0 Rep=1 → Discordo fortemente
[2026-05-13 10:58:46,042][__main__][INFO] - ✓ [nvidia/NVIDIA-Nemotron-Nano-12B-v2-VL] Temp=0.0 Rep=1 → Discordo fortemente
[2026-05-13 10:58:46,047][__main__][INFO] - ✓ [nvidia/NVIDIA-Nemotron-Nano-12B-v2-VL] Temp=0.0 Rep=1 → Discordo fortemente
[2026-05-13 10:58:46,048][__main__][INFO] - ✓ [nvidia/NVIDIA-Nemotron-Nano-12B-v2-VL] Temp=0.0 Rep=1 → Discordo fortemente
[2026-05-13 10:58:46,050][__main__][INFO] - ✓ [nvidia/NVIDIA-Nemotron-Nano-12B-v2-VL] Temp=0.0 Rep=1 → Discordo fortemente
[2026-05-13 10:58:46,107][__main__][INFO] - ✓ [nvidia/NVIDIA-Nemotron-Nano-12B-v2-VL] Temp=0.0 Rep=1 → Discordo fortemente
[2026-05-13 10:58:46,108][__main__][INFO] - Salvamento incremental (680 novas respostas)...
[2026-05-13 10:58:46,155][__main__][INFO] - Cache salvo com 253019 entradas
[2026-05-13 10:58:46,155][__main__][INFO] - ✓ [nvidia/NVIDIA-Nemotron-Nano-12B-v2-VL] Temp=0.0 Rep=1 → Discordo fortemente
[2026-05-13 10:58:46,157][__main__][INFO] - ✓ [nvidia/NVIDIA-Nemotron-Nano-12B-v2-VL] Temp=0.0 Rep=1 → Discordo fortemente
[2026-05-13 10:58:46,158][__main__][INFO] - ✓ [nvidia/NVIDIA-Nemotron-Nano-12B-v2-VL] Temp=0.0 Rep=1 → Discordo fortemente
[2026-05-13 10:58:46,158][__main__][INFO] - ✓ [nvidia/NVIDIA-Nemotron-Nano-12B-v2-VL] Temp=0.0 Rep=1 → Discordo fortemente
[2026-05-13 10:58:46,159][__main__][INFO] - ✓ [nvidia/NVIDIA-Nemotron-Nano-12B-v2-VL] Temp=0.0 Rep=1 → Discordo fortemente
[2026-05-13 10:58:46,205][__main__][INFO] - ✓ [nvidia/NVIDIA-Nemotron-Nano-12B-v2-VL] Temp=0.0 Rep=1 → Discordo fortemente
[2026-05-13 10:58:46,288][__main__][INFO] - ✓ [nvidia/NVIDIA-Nemotron-Nano-12B-v2-VL] Temp=0.0 Rep=1 → Discordo fortemente
[2026-05-13 10:58:46,288][__main__][INFO] - ✓ [nvidia/NVIDIA-Nemotron-Nano-12B-v2-VL] Temp=0.0 Rep=1 → Concordo fortemente
[2026-05-13 10:58:46,290][__main__][INFO] - ✓ [nvidia/NVIDIA-Nemotron-Nano-12B-v2-VL] Temp=0.0 Rep=1 → Discordo fortemente
[2026-05-13 10:58:46,291][__main__][INFO] - ✓ [nvidia/NVIDIA-Nemotron-Nano-12B-v2-VL] Temp=0.0 Rep=1 → Discordo fortemente
[2026-05-13 10:58:46,291][__main__][INFO] - ✓ [nvidia/NVIDIA-Nemotron-Nano-12B-v2-VL] Temp=0.0 Rep=1 → Discordo fortemente
[2026-05-13 10:58:46,293][__main__][INFO] - ✓ [nvidia/NVIDIA-Nemotron-Nano-12B-v2-VL] Temp=0.0 Rep=1 → Concordo fortemente
[2026-05-13 10:58:46,294][__main__][INFO] - ✓ [nvidia/NVIDIA-Nemotron-Nano-12B-v2-VL] Temp=0.0 Rep=1 → Concordo fortemente
[2026-05-13 10:58:46,295][__main__][INFO] - ✓ [nvidia/NVIDIA-Nemotron-Nano-12B-v2-VL] Temp=0.0 Rep=1 → Concordo fortemente
[2026-05-13 10:58:46,412][__main__][INFO] - ✓ [nvidia/NVIDIA-Nemotron-Nano-12B-v2-VL] Temp=0.0 Rep=1 → Discordo fortemente
[2026-05-13 10:58:46,413][__main__][INFO] - ✓ [nvidia/NVIDIA-Nemotron-Nano-12B-v2-VL] Temp=0.0 Rep=1 → Discordo fortemente
[2026-05-13 10:58:46,421][__main__][INFO] - ✓ [nvidia/NVIDIA-Nemotron-Nano-12B-v2-VL] Temp=0.0 Rep=1 → Discordo fortemente
[2026-05-13 10:58:46,422][__main__][INFO] - ✓ [nvidia/NVIDIA-Nemotron-Nano-12B-v2-VL] Temp=0.0 Rep=1 → Concordo fortemente
[2026-05-13 10:58:46,422][__main__][INFO] - ✓ [nvidia/NVIDIA-Nemotron-Nano-12B-v2-VL] Temp=0.0 Rep=1 → Discordo fortemente
[2026-05-13 10:58:46,423][__main__][INFO] - ✓ [nvidia/NVIDIA-Nemotron-Nano-12B-v2-VL] Temp=0.0 Rep=1 → Discordo fortemente
[2026-05-13 10:58:46,498][__main__][INFO] - ✓ [nvidia/NVIDIA-Nemotron-Nano-12B-v2-VL] Temp=0.0 Rep=1 → Discordo fortemente
[2026-05-13 10:58:46,630][__main__][INFO] - ✓ [nvidia/NVIDIA-Nemotron-Nano-12B-v2-VL] Temp=0.0 Rep=1 → Discordo fortemente
[2026-05-13 10:58:46,631][__main__][INFO] - ✓ [nvidia/NVIDIA-Nemotron-Nano-12B-v2-VL] Temp=0.0 Rep=1 → Discordo fortemente
[2026-05-13 10:58:46,699][__main__][INFO] - ✓ [nvidia/NVIDIA-Nemotron-Nano-12B-v2-VL] Temp=0.0 Rep=1 → Concordo fortemente
[2026-05-13 10:58:46,701][__main__][INFO] - ✓ [nvidia/NVIDIA-Nemotron-Nano-12B-v2-VL] Temp=0.0 Rep=1 → Discordo fortemente
[2026-05-13 10:58:46,701][__main__][INFO] - ✓ [nvidia/NVIDIA-Nemotron-Nano-12B-v2-VL] Temp=0.0 Rep=1 → Discordo fortemente
[2026-05-13 10:58:46,703][__main__][INFO] - ✓ [nvidia/NVIDIA-Nemotron-Nano-12B-v2-VL] Temp=0.0 Rep=1 → Discordo fortemente
[2026-05-13 10:58:46,812][__main__][INFO] - ✓ [nvidia/NVIDIA-Nemotron-Nano-12B-v2-VL] Temp=0.0 Rep=1 → Discordo fortemente
[2026-05-13 10:58:46,817][__main__][INFO] - ✓ [nvidia/NVIDIA-Nemotron-Nano-12B-v2-VL] Temp=0.0 Rep=1 → Discordo fortemente
[2026-05-13 10:58:46,819][__main__][INFO] - ✓ [nvidia/NVIDIA-Nemotron-Nano-12B-v2-VL] Temp=0.0 Rep=1 → Concordo fortemente
[2026-05-13 10:58:46,819][__main__][INFO] - ✓ [nvidia/NVIDIA-Nemotron-Nano-12B-v2-VL] Temp=0.0 Rep=1 → Discordo fortemente
[2026-05-13 10:58:46,823][__main__][INFO] - ✓ [nvidia/NVIDIA-Nemotron-Nano-12B-v2-VL] Temp=0.0 Rep=1 → Discordo fortemente
[2026-05-13 10:58:46,825][__main__][INFO] - ✓ [nvidia/NVIDIA-Nemotron-Nano-12B-v2-VL] Temp=0.0 Rep=1 → Discordo fortemente
[2026-05-13 10:58:46,830][__main__][INFO] - ✓ [nvidia/NVIDIA-Nemotron-Nano-12B-v2-VL] Temp=0.0 Rep=1 → Discordo fortemente
[2026-05-13 10:58:46,834][__main__][INFO] - ✓ [nvidia/NVIDIA-Nemotron-Nano-12B-v2-VL] Temp=0.0 Rep=1 → Discordo fortemente
[2026-05-13 10:58:47,094][__main__][INFO] - ✓ [nvidia/NVIDIA-Nemotron-Nano-12B-v2-VL] Temp=0.0 Rep=1 → Discordo fortemente
[2026-05-13 10:58:47,150][__main__][INFO] - ✓ [nvidia/NVIDIA-Nemotron-Nano-12B-v2-VL] Temp=0.0 Rep=1 → Discordo fortemente
[2026-05-13 10:58:47,203][__main__][INFO] - ✓ [nvidia/NVIDIA-Nemotron-Nano-12B-v2-VL] Temp=0.0 Rep=1 → Discordo fortemente
[2026-05-13 10:58:47,205][__main__][INFO] - ✓ [nvidia/NVIDIA-Nemotron-Nano-12B-v2-VL] Temp=0.0 Rep=1 → Concordo fortemente
[2026-05-13 10:58:47,207][__main__][INFO] - ✓ [nvidia/NVIDIA-Nemotron-Nano-12B-v2-VL] Temp=0.0 Rep=1 → Discordo fortemente
[2026-05-13 10:58:47,214][__main__][INFO] - Salvamento incremental (720 novas respostas)...
[2026-05-13 10:58:47,266][__main__][INFO] - Cache salvo com 253059 entradas
[2026-05-13 10:58:47,266][__main__][INFO] - ✓ [nvidia/NVIDIA-Nemotron-Nano-12B-v2-VL] Temp=0.0 Rep=1 → Discordo fortemente
[2026-05-13 10:58:47,268][__main__][INFO] - ✓ [nvidia/NVIDIA-Nemotron-Nano-12B-v2-VL] Temp=0.0 Rep=1 → Discordo fortemente
[2026-05-13 10:58:47,270][__main__][INFO] - ✓ [nvidia/NVIDIA-Nemotron-Nano-12B-v2-VL] Temp=0.0 Rep=1 → Discordo fortemente
[2026-05-13 10:58:47,270][__main__][INFO] - ✓ [nvidia/NVIDIA-Nemotron-Nano-12B-v2-VL] Temp=0.0 Rep=1 → Discordo fortemente
[2026-05-13 10:58:47,271][__main__][INFO] - ✓ [nvidia/NVIDIA-Nemotron-Nano-12B-v2-VL] Temp=0.0 Rep=1 → Discordo fortemente
[2026-05-13 10:58:47,271][__main__][INFO] - ✓ [nvidia/NVIDIA-Nemotron-Nano-12B-v2-VL] Temp=0.0 Rep=1 → Concordo fortemente
[2026-05-13 10:58:47,272][__main__][INFO] - ✓ [nvidia/NVIDIA-Nemotron-Nano-12B-v2-VL] Temp=0.0 Rep=1 → Discordo fortemente
[2026-05-13 10:58:47,272][__main__][INFO] - ✓ [nvidia/NVIDIA-Nemotron-Nano-12B-v2-VL] Temp=0.0 Rep=1 → Discordo fortemente
[2026-05-13 10:58:47,320][__main__][INFO] - ✓ [nvidia/NVIDIA-Nemotron-Nano-12B-v2-VL] Temp=0.0 Rep=1 → Discordo
[2026-05-13 10:58:47,334][__main__][INFO] - ✓ [nvidia/NVIDIA-Nemotron-Nano-12B-v2-VL] Temp=0.0 Rep=1 → Discordo fortemente
[2026-05-13 10:58:47,463][__main__][INFO] - ✓ [nvidia/NVIDIA-Nemotron-Nano-12B-v2-VL] Temp=0.0 Rep=1 → Discordo fortemente
[2026-05-13 10:58:47,463][__main__][INFO] - ✓ [nvidia/NVIDIA-Nemotron-Nano-12B-v2-VL] Temp=0.0 Rep=1 → Discordo fortemente
[2026-05-13 10:58:47,464][__main__][INFO] - ✓ [nvidia/NVIDIA-Nemotron-Nano-12B-v2-VL] Temp=0.0 Rep=1 → Discordo fortemente
[2026-05-13 10:58:47,534][__main__][INFO] - ✓ [nvidia/NVIDIA-Nemotron-Nano-12B-v2-VL] Temp=0.0 Rep=1 → Concordo fortemente
[2026-05-13 10:58:47,535][__main__][INFO] - ✓ [nvidia/NVIDIA-Nemotron-Nano-12B-v2-VL] Temp=0.0 Rep=1 → Discordo fortemente
[2026-05-13 10:58:47,537][__main__][INFO] - ✓ [nvidia/NVIDIA-Nemotron-Nano-12B-v2-VL] Temp=0.0 Rep=1 → Discordo fortemente
[2026-05-13 10:58:47,635][__main__][INFO] - ✓ [nvidia/NVIDIA-Nemotron-Nano-12B-v2-VL] Temp=0.0 Rep=1 → Discordo fortemente
[2026-05-13 10:58:47,640][__main__][INFO] - ✓ [nvidia/NVIDIA-Nemotron-Nano-12B-v2-VL] Temp=0.0 Rep=1 → Discordo fortemente
[2026-05-13 10:58:47,642][__main__][INFO] - ✓ [nvidia/NVIDIA-Nemotron-Nano-12B-v2-VL] Temp=0.0 Rep=1 → Discordo fortemente
[2026-05-13 10:58:47,643][__main__][INFO] - ✓ [nvidia/NVIDIA-Nemotron-Nano-12B-v2-VL] Temp=0.0 Rep=1 → Discordo fortemente
[2026-05-13 10:58:47,646][__main__][INFO] - ✓ [nvidia/NVIDIA-Nemotron-Nano-12B-v2-VL] Temp=0.0 Rep=1 → Discordo fortemente
[2026-05-13 10:58:47,650][__main__][INFO] - ✓ [nvidia/NVIDIA-Nemotron-Nano-12B-v2-VL] Temp=0.0 Rep=1 → Discordo fortemente
[2026-05-13 10:58:47,651][__main__][INFO] - ✓ [nvidia/NVIDIA-Nemotron-Nano-12B-v2-VL] Temp=0.0 Rep=1 → Discordo fortemente
[2026-05-13 10:58:47,653][__main__][INFO] - ✓ [nvidia/NVIDIA-Nemotron-Nano-12B-v2-VL] Temp=0.0 Rep=1 → Discordo fortemente
[2026-05-13 10:58:47,653][__main__][INFO] - ✓ [nvidia/NVIDIA-Nemotron-Nano-12B-v2-VL] Temp=0.0 Rep=1 → Concordo fortemente
[2026-05-13 10:58:47,812][__main__][INFO] - ✓ [nvidia/NVIDIA-Nemotron-Nano-12B-v2-VL] Temp=0.0 Rep=1 → Discordo fortemente
[2026-05-13 10:58:47,979][__main__][INFO] - ✓ [nvidia/NVIDIA-Nemotron-Nano-12B-v2-VL] Temp=0.0 Rep=1 → Discordo fortemente
[2026-05-13 10:58:47,980][__main__][INFO] - ✓ [nvidia/NVIDIA-Nemotron-Nano-12B-v2-VL] Temp=0.0 Rep=1 → Discordo fortemente
[2026-05-13 10:58:47,982][__main__][INFO] - ✓ [nvidia/NVIDIA-Nemotron-Nano-12B-v2-VL] Temp=0.0 Rep=1 → Concordo fortemente
[2026-05-13 10:58:47,982][__main__][INFO] - ✓ [nvidia/NVIDIA-Nemotron-Nano-12B-v2-VL] Temp=0.0 Rep=1 → Discordo fortemente
[2026-05-13 10:58:48,001][__main__][INFO] - ✓ [nvidia/NVIDIA-Nemotron-Nano-12B-v2-VL] Temp=0.0 Rep=1 → Discordo
[2026-05-13 10:58:48,002][__main__][WARNING] - Resposta inválida (tentativa 1/3) de nvidia/NVIDIA-Nemotron-Nano-12B-v2-VL: Disc,
[2026-05-13 10:58:48,002][__main__][INFO] - Fazendo retry 2/3...
[2026-05-13 10:58:48,004][__main__][INFO] - ✓ [nvidia/NVIDIA-Nemotron-Nano-12B-v2-VL] Temp=0.0 Rep=1 → Discordo
[2026-05-13 10:58:48,006][__main__][INFO] - ✓ [nvidia/NVIDIA-Nemotron-Nano-12B-v2-VL] Temp=0.0 Rep=1 → Discordo
[2026-05-13 10:58:48,019][__main__][INFO] - ✓ [nvidia/NVIDIA-Nemotron-Nano-12B-v2-VL] Temp=0.0 Rep=1 → Discordo fortemente
[2026-05-13 10:58:48,020][__main__][INFO] - ✓ [nvidia/NVIDIA-Nemotron-Nano-12B-v2-VL] Temp=0.0 Rep=1 → Discordo fortemente
[2026-05-13 10:58:48,022][__main__][INFO] - ✓ [nvidia/NVIDIA-Nemotron-Nano-12B-v2-VL] Temp=0.0 Rep=1 → Discordo fortemente
[2026-05-13 10:58:48,058][__main__][WARNING] - Resposta inválida (tentativa 1/3) de nvidia/NVIDIA-Nemotron-Nano-12B-v2-VL: Disc,<|start_header_id|>assistant<|end_header_id|>
[2026-05-13 10:58:48,058][__main__][INFO] - Fazendo retry 2/3...
[2026-05-13 10:58:48,063][__main__][WARNING] - Resposta inválida (tentativa 1/3) de nvidia/NVIDIA-Nemotron-Nano-12B-v2-VL: Disc,<|start_header_id|>assistant<|end_header_id|>
[2026-05-13 10:58:48,063][__main__][INFO] - Fazendo retry 2/3...
[2026-05-13 10:58:48,212][__main__][INFO] - ✓ [nvidia/NVIDIA-Nemotron-Nano-12B-v2-VL] Temp=0.0 Rep=1 → Discordo fortemente
[2026-05-13 10:58:48,279][__main__][INFO] - ✓ [nvidia/NVIDIA-Nemotron-Nano-12B-v2-VL] Temp=0.0 Rep=1 → Discordo fortemente
[2026-05-13 10:58:48,285][__main__][INFO] - ✓ [nvidia/NVIDIA-Nemotron-Nano-12B-v2-VL] Temp=0.0 Rep=1 → Discordo fortemente
[2026-05-13 10:58:48,509][__main__][INFO] - ✓ [nvidia/NVIDIA-Nemotron-Nano-12B-v2-VL] Temp=0.0 Rep=1 → Discordo fortemente
[2026-05-13 10:58:48,628][__main__][INFO] - Salvamento incremental (760 novas respostas)...
[2026-05-13 10:58:48,688][__main__][INFO] - Cache salvo com 253099 entradas
[2026-05-13 10:58:48,688][__main__][INFO] - ✓ [nvidia/NVIDIA-Nemotron-Nano-12B-v2-VL] Temp=0.0 Rep=1 → Discordo fortemente
[2026-05-13 10:58:48,690][__main__][INFO] - ✓ [nvidia/NVIDIA-Nemotron-Nano-12B-v2-VL] Temp=0.0 Rep=1 → Discordo fortemente
[2026-05-13 10:58:48,690][__main__][INFO] - ✓ [nvidia/NVIDIA-Nemotron-Nano-12B-v2-VL] Temp=0.0 Rep=1 → Discordo fortemente
[2026-05-13 10:58:48,691][__main__][INFO] - ✓ [nvidia/NVIDIA-Nemotron-Nano-12B-v2-VL] Temp=0.0 Rep=1 → Discordo fortemente
[2026-05-13 10:58:48,691][__main__][INFO] - ✓ [nvidia/NVIDIA-Nemotron-Nano-12B-v2-VL] Temp=0.0 Rep=1 → Discordo fortemente
[2026-05-13 10:58:48,693][__main__][INFO] - ✓ [nvidia/NVIDIA-Nemotron-Nano-12B-v2-VL] Temp=0.0 Rep=1 → Discordo fortemente
[2026-05-13 10:58:48,693][__main__][INFO] - ✓ [nvidia/NVIDIA-Nemotron-Nano-12B-v2-VL] Temp=0.0 Rep=1 → Discordo fortemente
[2026-05-13 10:58:48,694][__main__][INFO] - ✓ [nvidia/NVIDIA-Nemotron-Nano-12B-v2-VL] Temp=0.0 Rep=1 → Concordo fortemente
[2026-05-13 10:58:48,698][__main__][INFO] - ✓ [nvidia/NVIDIA-Nemotron-Nano-12B-v2-VL] Temp=0.0 Rep=1 → Discordo fortemente
[2026-05-13 10:58:48,699][__main__][INFO] - ✓ [nvidia/NVIDIA-Nemotron-Nano-12B-v2-VL] Temp=0.0 Rep=1 → Discordo fortemente
[2026-05-13 10:58:48,803][__main__][INFO] - ✓ [nvidia/NVIDIA-Nemotron-Nano-12B-v2-VL] Temp=0.0 Rep=1 → Discordo fortemente
[2026-05-13 10:58:48,807][__main__][INFO] - ✓ [nvidia/NVIDIA-Nemotron-Nano-12B-v2-VL] Temp=0.0 Rep=1 → Discordo fortemente
[2026-05-13 10:58:48,810][__main__][INFO] - ✓ [nvidia/NVIDIA-Nemotron-Nano-12B-v2-VL] Temp=0.0 Rep=1 → Concordo fortemente
[2026-05-13 10:58:48,811][__main__][INFO] - ✓ [nvidia/NVIDIA-Nemotron-Nano-12B-v2-VL] Temp=0.0 Rep=1 → Concordo fortemente
[2026-05-13 10:58:48,813][__main__][INFO] - ✓ [nvidia/NVIDIA-Nemotron-Nano-12B-v2-VL] Temp=0.0 Rep=1 → Discordo fortemente
[2026-05-13 10:58:48,893][__main__][INFO] - ✓ [nvidia/NVIDIA-Nemotron-Nano-12B-v2-VL] Temp=0.0 Rep=1 → Discordo fortemente
[2026-05-13 10:58:48,901][__main__][INFO] - ✓ [nvidia/NVIDIA-Nemotron-Nano-12B-v2-VL] Temp=0.0 Rep=1 → Discordo fortemente
[2026-05-13 10:58:48,906][__main__][INFO] - ✓ [nvidia/NVIDIA-Nemotron-Nano-12B-v2-VL] Temp=0.0 Rep=1 → Discordo fortemente
[2026-05-13 10:58:48,910][__main__][INFO] - ✓ [nvidia/NVIDIA-Nemotron-Nano-12B-v2-VL] Temp=0.0 Rep=1 → Discordo fortemente
[2026-05-13 10:58:48,911][__main__][INFO] - ✓ [nvidia/NVIDIA-Nemotron-Nano-12B-v2-VL] Temp=0.0 Rep=1 → Discordo fortemente
[2026-05-13 10:58:48,923][__main__][INFO] - ✓ [nvidia/NVIDIA-Nemotron-Nano-12B-v2-VL] Temp=0.0 Rep=1 → Discordo fortemente
[2026-05-13 10:58:48,924][__main__][INFO] - ✓ [nvidia/NVIDIA-Nemotron-Nano-12B-v2-VL] Temp=0.0 Rep=1 → Discordo fortemente
[2026-05-13 10:58:49,032][__main__][INFO] - ✓ [nvidia/NVIDIA-Nemotron-Nano-12B-v2-VL] Temp=0.0 Rep=1 → Discordo fortemente
[2026-05-13 10:58:49,033][__main__][INFO] - ✓ [nvidia/NVIDIA-Nemotron-Nano-12B-v2-VL] Temp=0.0 Rep=1 → Discordo fortemente
[2026-05-13 10:58:49,034][__main__][INFO] - ✓ [nvidia/NVIDIA-Nemotron-Nano-12B-v2-VL] Temp=0.0 Rep=1 → Discordo fortemente
[2026-05-13 10:58:49,034][__main__][INFO] - ✓ [nvidia/NVIDIA-Nemotron-Nano-12B-v2-VL] Temp=0.0 Rep=1 → Discordo fortemente
[2026-05-13 10:58:49,035][__main__][INFO] - ✓ [nvidia/NVIDIA-Nemotron-Nano-12B-v2-VL] Temp=0.0 Rep=1 → Discordo fortemente
[2026-05-13 10:58:49,060][__main__][INFO] - ✓ [nvidia/NVIDIA-Nemotron-Nano-12B-v2-VL] Temp=0.0 Rep=1 → Discordo fortemente
[2026-05-13 10:58:49,060][__main__][INFO] - ✓ [nvidia/NVIDIA-Nemotron-Nano-12B-v2-VL] Temp=0.0 Rep=1 → Discordo fortemente
[2026-05-13 10:58:49,119][__main__][INFO] - ✓ [nvidia/NVIDIA-Nemotron-Nano-12B-v2-VL] Temp=0.0 Rep=1 → Discordo fortemente
[2026-05-13 10:58:49,120][__main__][INFO] - ✓ [nvidia/NVIDIA-Nemotron-Nano-12B-v2-VL] Temp=0.0 Rep=1 → Discordo fortemente
[2026-05-13 10:58:49,121][__main__][INFO] - ✓ [nvidia/NVIDIA-Nemotron-Nano-12B-v2-VL] Temp=0.0 Rep=1 → Discordo fortemente
[2026-05-13 10:58:49,125][__main__][INFO] - ✓ [nvidia/NVIDIA-Nemotron-Nano-12B-v2-VL] Temp=0.0 Rep=1 → Discordo fortemente
[2026-05-13 10:58:49,128][__main__][INFO] - ✓ [nvidia/NVIDIA-Nemotron-Nano-12B-v2-VL] Temp=0.0 Rep=1 → Discordo fortemente
[2026-05-13 10:58:49,130][__main__][INFO] - ✓ [nvidia/NVIDIA-Nemotron-Nano-12B-v2-VL] Temp=0.0 Rep=1 → Concordo fortemente
[2026-05-13 10:58:49,551][__main__][INFO] - ✓ [nvidia/NVIDIA-Nemotron-Nano-12B-v2-VL] Temp=0.0 Rep=1 → Discordo fortemente
[2026-05-13 10:58:49,552][__main__][INFO] - ✓ [nvidia/NVIDIA-Nemotron-Nano-12B-v2-VL] Temp=0.0 Rep=1 → Concordo fortemente
[2026-05-13 10:58:49,555][__main__][INFO] - ✓ [nvidia/NVIDIA-Nemotron-Nano-12B-v2-VL] Temp=0.0 Rep=1 → Concordo
[2026-05-13 10:58:49,556][__main__][INFO] - ✓ [nvidia/NVIDIA-Nemotron-Nano-12B-v2-VL] Temp=0.0 Rep=1 → Discordo fortemente
[2026-05-13 10:58:49,556][__main__][INFO] - ✓ [nvidia/NVIDIA-Nemotron-Nano-12B-v2-VL] Temp=0.0 Rep=1 → Discordo fortemente
[2026-05-13 10:58:49,557][__main__][INFO] - Salvamento incremental (800 novas respostas)...
[2026-05-13 10:58:49,610][__main__][INFO] - Cache salvo com 253139 entradas
[2026-05-13 10:58:49,610][__main__][INFO] - ✓ [nvidia/NVIDIA-Nemotron-Nano-12B-v2-VL] Temp=0.0 Rep=1 → Discordo fortemente
[2026-05-13 10:58:49,611][__main__][INFO] - ✓ [nvidia/NVIDIA-Nemotron-Nano-12B-v2-VL] Temp=0.0 Rep=1 → Concordo fortemente
[2026-05-13 10:58:49,611][__main__][INFO] - ✓ [nvidia/NVIDIA-Nemotron-Nano-12B-v2-VL] Temp=0.0 Rep=1 → Discordo fortemente
[2026-05-13 10:58:49,612][__main__][INFO] - ✓ [nvidia/NVIDIA-Nemotron-Nano-12B-v2-VL] Temp=0.0 Rep=1 → Concordo fortemente
[2026-05-13 10:58:49,612][__main__][INFO] - ✓ [nvidia/NVIDIA-Nemotron-Nano-12B-v2-VL] Temp=0.0 Rep=1 → Discordo fortemente
[2026-05-13 10:58:49,613][__main__][INFO] - ✓ [nvidia/NVIDIA-Nemotron-Nano-12B-v2-VL] Temp=0.0 Rep=1 → Discordo fortemente
[2026-05-13 10:58:49,614][__main__][INFO] - ✓ [nvidia/NVIDIA-Nemotron-Nano-12B-v2-VL] Temp=0.0 Rep=1 → Discordo fortemente
[2026-05-13 10:58:49,719][__main__][INFO] - ✓ [nvidia/NVIDIA-Nemotron-Nano-12B-v2-VL] Temp=0.0 Rep=1 → Discordo fortemente
[2026-05-13 10:58:49,785][__main__][INFO] - ✓ [nvidia/NVIDIA-Nemotron-Nano-12B-v2-VL] Temp=0.0 Rep=1 → Concordo
[2026-05-13 10:58:49,789][__main__][INFO] - ✓ [nvidia/NVIDIA-Nemotron-Nano-12B-v2-VL] Temp=0.0 Rep=1 → Concordo fortemente
[2026-05-13 10:58:49,793][__main__][INFO] - ✓ [nvidia/NVIDIA-Nemotron-Nano-12B-v2-VL] Temp=0.0 Rep=1 → Discordo fortemente
[2026-05-13 10:58:49,851][__main__][INFO] - ✓ [nvidia/NVIDIA-Nemotron-Nano-12B-v2-VL] Temp=0.0 Rep=1 → Discordo fortemente
[2026-05-13 10:58:49,855][__main__][INFO] - ✓ [nvidia/NVIDIA-Nemotron-Nano-12B-v2-VL] Temp=0.0 Rep=1 → Discordo fortemente
[2026-05-13 10:58:49,866][__main__][INFO] - ✓ [nvidia/NVIDIA-Nemotron-Nano-12B-v2-VL] Temp=0.0 Rep=1 → Concordo fortemente
[2026-05-13 10:58:49,877][__main__][INFO] - ✓ [nvidia/NVIDIA-Nemotron-Nano-12B-v2-VL] Temp=0.0 Rep=1 → Discordo fortemente
[2026-05-13 10:58:49,927][__main__][INFO] - ✓ [nvidia/NVIDIA-Nemotron-Nano-12B-v2-VL] Temp=0.0 Rep=1 → Discordo fortemente
[2026-05-13 10:58:49,930][__main__][INFO] - ✓ [nvidia/NVIDIA-Nemotron-Nano-12B-v2-VL] Temp=0.0 Rep=1 → Concordo
[2026-05-13 10:58:49,931][__main__][INFO] - ✓ [nvidia/NVIDIA-Nemotron-Nano-12B-v2-VL] Temp=0.0 Rep=1 → Discordo fortemente
[2026-05-13 10:58:49,938][__main__][INFO] - ✓ [nvidia/NVIDIA-Nemotron-Nano-12B-v2-VL] Temp=0.0 Rep=1 → Discordo fortemente
[2026-05-13 10:58:50,101][__main__][INFO] - ✓ [nvidia/NVIDIA-Nemotron-Nano-12B-v2-VL] Temp=0.0 Rep=1 → Discordo fortemente
[2026-05-13 10:58:50,175][__main__][INFO] - ✓ [nvidia/NVIDIA-Nemotron-Nano-12B-v2-VL] Temp=0.0 Rep=1 → Discordo fortemente
[2026-05-13 10:58:50,176][__main__][INFO] - ✓ [nvidia/NVIDIA-Nemotron-Nano-12B-v2-VL] Temp=0.0 Rep=1 → Discordo fortemente
[2026-05-13 10:58:50,178][__main__][INFO] - ✓ [nvidia/NVIDIA-Nemotron-Nano-12B-v2-VL] Temp=0.0 Rep=1 → Discordo fortemente
[2026-05-13 10:58:50,178][__main__][INFO] - ✓ [nvidia/NVIDIA-Nemotron-Nano-12B-v2-VL] Temp=0.0 Rep=1 → Discordo fortemente
[2026-05-13 10:58:50,179][__main__][INFO] - ✓ [nvidia/NVIDIA-Nemotron-Nano-12B-v2-VL] Temp=0.0 Rep=1 → Concordo fortemente
[2026-05-13 10:58:50,181][__main__][INFO] - ✓ [nvidia/NVIDIA-Nemotron-Nano-12B-v2-VL] Temp=0.0 Rep=1 → Discordo fortemente
[2026-05-13 10:58:50,181][__main__][INFO] - ✓ [nvidia/NVIDIA-Nemotron-Nano-12B-v2-VL] Temp=0.0 Rep=1 → Discordo fortemente
[2026-05-13 10:58:50,182][__main__][INFO] - ✓ [nvidia/NVIDIA-Nemotron-Nano-12B-v2-VL] Temp=0.0 Rep=1 → Concordo fortemente
[2026-05-13 10:58:50,183][__main__][INFO] - ✓ [nvidia/NVIDIA-Nemotron-Nano-12B-v2-VL] Temp=0.0 Rep=1 → Concordo fortemente
[2026-05-13 10:58:50,188][__main__][INFO] - ✓ [nvidia/NVIDIA-Nemotron-Nano-12B-v2-VL] Temp=0.0 Rep=1 → Concordo fortemente
[2026-05-13 10:58:50,613][__main__][INFO] - ✓ [nvidia/NVIDIA-Nemotron-Nano-12B-v2-VL] Temp=0.0 Rep=1 → Discordo fortemente
[2026-05-13 10:58:50,733][__main__][INFO] - ✓ [nvidia/NVIDIA-Nemotron-Nano-12B-v2-VL] Temp=0.0 Rep=1 → Discordo fortemente
[2026-05-13 10:58:50,738][__main__][INFO] - ✓ [nvidia/NVIDIA-Nemotron-Nano-12B-v2-VL] Temp=0.0 Rep=1 → Discordo fortemente
[2026-05-13 10:58:50,739][__main__][INFO] - ✓ [nvidia/NVIDIA-Nemotron-Nano-12B-v2-VL] Temp=0.0 Rep=1 → Discordo fortemente
[2026-05-13 10:58:50,742][__main__][INFO] - ✓ [nvidia/NVIDIA-Nemotron-Nano-12B-v2-VL] Temp=0.0 Rep=1 → Discordo fortemente
[2026-05-13 10:58:50,752][__main__][INFO] - ✓ [nvidia/NVIDIA-Nemotron-Nano-12B-v2-VL] Temp=0.0 Rep=1 → Discordo fortemente
[2026-05-13 10:58:50,806][__main__][INFO] - ✓ [nvidia/NVIDIA-Nemotron-Nano-12B-v2-VL] Temp=0.0 Rep=1 → Discordo fortemente
[2026-05-13 10:58:50,808][__main__][INFO] - ✓ [nvidia/NVIDIA-Nemotron-Nano-12B-v2-VL] Temp=0.0 Rep=1 → Discordo fortemente
[2026-05-13 10:58:50,809][__main__][INFO] - ✓ [nvidia/NVIDIA-Nemotron-Nano-12B-v2-VL] Temp=0.0 Rep=1 → Discordo fortemente
[2026-05-13 10:58:50,811][__main__][INFO] - ✓ [nvidia/NVIDIA-Nemotron-Nano-12B-v2-VL] Temp=0.0 Rep=1 → Discordo fortemente
[2026-05-13 10:58:50,816][__main__][INFO] - Salvamento incremental (840 novas respostas)...
[2026-05-13 10:58:50,873][__main__][INFO] - Cache salvo com 253179 entradas
[2026-05-13 10:58:50,873][__main__][INFO] - ✓ [nvidia/NVIDIA-Nemotron-Nano-12B-v2-VL] Temp=0.0 Rep=1 → Discordo fortemente
[2026-05-13 10:58:50,874][__main__][INFO] - ✓ [nvidia/NVIDIA-Nemotron-Nano-12B-v2-VL] Temp=0.0 Rep=1 → Discordo fortemente
[2026-05-13 10:58:50,876][__main__][INFO] - ✓ [nvidia/NVIDIA-Nemotron-Nano-12B-v2-VL] Temp=0.0 Rep=1 → Concordo fortemente
[2026-05-13 10:58:50,877][__main__][INFO] - ✓ [nvidia/NVIDIA-Nemotron-Nano-12B-v2-VL] Temp=0.0 Rep=1 → Discordo fortemente
[2026-05-13 10:58:50,877][__main__][INFO] - ✓ [nvidia/NVIDIA-Nemotron-Nano-12B-v2-VL] Temp=0.0 Rep=1 → Discordo fortemente
[2026-05-13 10:58:50,878][__main__][INFO] - ✓ [nvidia/NVIDIA-Nemotron-Nano-12B-v2-VL] Temp=0.0 Rep=1 → Discordo fortemente
[2026-05-13 10:58:50,878][__main__][INFO] - ✓ [nvidia/NVIDIA-Nemotron-Nano-12B-v2-VL] Temp=0.0 Rep=1 → Discordo fortemente
[2026-05-13 10:58:50,879][__main__][INFO] - ✓ [nvidia/NVIDIA-Nemotron-Nano-12B-v2-VL] Temp=0.0 Rep=1 → Discordo fortemente
[2026-05-13 10:58:50,879][__main__][INFO] - ✓ [nvidia/NVIDIA-Nemotron-Nano-12B-v2-VL] Temp=0.0 Rep=1 → Discordo fortemente
[2026-05-13 10:58:50,880][__main__][INFO] - ✓ [nvidia/NVIDIA-Nemotron-Nano-12B-v2-VL] Temp=0.0 Rep=1 → Discordo fortemente
[2026-05-13 10:58:51,128][__main__][INFO] - ✓ [nvidia/NVIDIA-Nemotron-Nano-12B-v2-VL] Temp=0.0 Rep=1 → Discordo fortemente
[2026-05-13 10:58:51,129][__main__][INFO] - ✓ [nvidia/NVIDIA-Nemotron-Nano-12B-v2-VL] Temp=0.0 Rep=1 → Discordo fortemente
[2026-05-13 10:58:51,129][__main__][INFO] - ✓ [nvidia/NVIDIA-Nemotron-Nano-12B-v2-VL] Temp=0.0 Rep=1 → Discordo fortemente
[2026-05-13 10:58:51,129][__main__][INFO] - ✓ [nvidia/NVIDIA-Nemotron-Nano-12B-v2-VL] Temp=0.0 Rep=1 → Discordo fortemente
[2026-05-13 10:58:51,131][__main__][INFO] - ✓ [nvidia/NVIDIA-Nemotron-Nano-12B-v2-VL] Temp=0.0 Rep=1 → Concordo fortemente
[2026-05-13 10:58:51,131][__main__][INFO] - ✓ [nvidia/NVIDIA-Nemotron-Nano-12B-v2-VL] Temp=0.0 Rep=1 → Discordo fortemente
[2026-05-13 10:58:51,132][__main__][INFO] - ✓ [nvidia/NVIDIA-Nemotron-Nano-12B-v2-VL] Temp=0.0 Rep=1 → Discordo fortemente
[2026-05-13 10:58:51,132][__main__][INFO] - ✓ [nvidia/NVIDIA-Nemotron-Nano-12B-v2-VL] Temp=0.0 Rep=1 → Discordo fortemente
[2026-05-13 10:58:51,133][__main__][INFO] - ✓ [nvidia/NVIDIA-Nemotron-Nano-12B-v2-VL] Temp=0.0 Rep=1 → Discordo fortemente
[2026-05-13 10:58:51,133][__main__][INFO] - ✓ [nvidia/NVIDIA-Nemotron-Nano-12B-v2-VL] Temp=0.0 Rep=1 → Concordo fortemente
[2026-05-13 10:58:51,134][__main__][INFO] - ✓ [nvidia/NVIDIA-Nemotron-Nano-12B-v2-VL] Temp=0.0 Rep=1 → Discordo fortemente
[2026-05-13 10:58:51,351][__main__][INFO] - ✓ [nvidia/NVIDIA-Nemotron-Nano-12B-v2-VL] Temp=0.0 Rep=1 → Concordo fortemente
[2026-05-13 10:58:51,507][__main__][INFO] - ✓ [nvidia/NVIDIA-Nemotron-Nano-12B-v2-VL] Temp=0.0 Rep=1 → Concordo
[2026-05-13 10:58:51,554][__main__][INFO] - ✓ [nvidia/NVIDIA-Nemotron-Nano-12B-v2-VL] Temp=0.0 Rep=1 → Concordo fortemente
[2026-05-13 10:58:51,649][__main__][INFO] - ✓ [nvidia/NVIDIA-Nemotron-Nano-12B-v2-VL] Temp=0.0 Rep=1 → Concordo fortemente
[2026-05-13 10:58:51,875][__main__][INFO] - ✓ [nvidia/NVIDIA-Nemotron-Nano-12B-v2-VL] Temp=0.0 Rep=1 → Concordo fortemente
[2026-05-13 10:58:51,875][__main__][INFO] - ✓ [nvidia/NVIDIA-Nemotron-Nano-12B-v2-VL] Temp=0.0 Rep=1 → Concordo fortemente
[2026-05-13 10:58:51,876][__main__][INFO] - ✓ [nvidia/NVIDIA-Nemotron-Nano-12B-v2-VL] Temp=0.0 Rep=1 → Concordo fortemente
[2026-05-13 10:58:51,876][__main__][INFO] - ✓ [nvidia/NVIDIA-Nemotron-Nano-12B-v2-VL] Temp=0.0 Rep=1 → Discordo fortemente
[2026-05-13 10:58:51,877][__main__][INFO] - ✓ [nvidia/NVIDIA-Nemotron-Nano-12B-v2-VL] Temp=0.0 Rep=1 → Discordo fortemente
[2026-05-13 10:58:51,878][__main__][INFO] - ✓ [nvidia/NVIDIA-Nemotron-Nano-12B-v2-VL] Temp=0.0 Rep=1 → Discordo fortemente
[2026-05-13 10:58:51,880][__main__][INFO] - ✓ [nvidia/NVIDIA-Nemotron-Nano-12B-v2-VL] Temp=0.0 Rep=1 → Discordo fortemente
[2026-05-13 10:58:51,883][__main__][INFO] - ✓ [nvidia/NVIDIA-Nemotron-Nano-12B-v2-VL] Temp=0.0 Rep=1 → Concordo fortemente
[2026-05-13 10:58:51,930][__main__][INFO] - ✓ [nvidia/NVIDIA-Nemotron-Nano-12B-v2-VL] Temp=0.0 Rep=1 → Concordo fortemente
[2026-05-13 10:58:52,173][__main__][INFO] - ✓ [nvidia/NVIDIA-Nemotron-Nano-12B-v2-VL] Temp=0.0 Rep=1 → Discordo fortemente
[2026-05-13 10:58:52,176][__main__][INFO] - ✓ [nvidia/NVIDIA-Nemotron-Nano-12B-v2-VL] Temp=0.0 Rep=1 → Discordo fortemente
[2026-05-13 10:58:52,201][__main__][INFO] - ✓ [nvidia/NVIDIA-Nemotron-Nano-12B-v2-VL] Temp=0.0 Rep=1 → Discordo fortemente
[2026-05-13 10:58:52,205][__main__][INFO] - ✓ [nvidia/NVIDIA-Nemotron-Nano-12B-v2-VL] Temp=0.0 Rep=1 → Discordo fortemente
[2026-05-13 10:58:52,206][__main__][INFO] - ✓ [nvidia/NVIDIA-Nemotron-Nano-12B-v2-VL] Temp=0.0 Rep=1 → Discordo fortemente
[2026-05-13 10:58:52,284][__main__][INFO] - ✓ [nvidia/NVIDIA-Nemotron-Nano-12B-v2-VL] Temp=0.0 Rep=1 → Concordo fortemente
[2026-05-13 10:58:52,285][__main__][INFO] - Salvamento incremental (880 novas respostas)...
[2026-05-13 10:58:52,341][__main__][INFO] - Cache salvo com 253219 entradas
[2026-05-13 10:58:52,342][__main__][INFO] - ✓ [nvidia/NVIDIA-Nemotron-Nano-12B-v2-VL] Temp=0.0 Rep=1 → Discordo fortemente
[2026-05-13 10:58:52,343][__main__][INFO] - ✓ [nvidia/NVIDIA-Nemotron-Nano-12B-v2-VL] Temp=0.0 Rep=1 → Concordo fortemente
[2026-05-13 10:58:52,344][__main__][INFO] - ✓ [nvidia/NVIDIA-Nemotron-Nano-12B-v2-VL] Temp=0.0 Rep=1 → Concordo fortemente
[2026-05-13 10:58:52,347][__main__][INFO] - ✓ [nvidia/NVIDIA-Nemotron-Nano-12B-v2-VL] Temp=0.0 Rep=1 → Concordo fortemente
[2026-05-13 10:58:52,347][__main__][INFO] - ✓ [nvidia/NVIDIA-Nemotron-Nano-12B-v2-VL] Temp=0.0 Rep=1 → Discordo fortemente
[2026-05-13 10:58:52,348][__main__][INFO] - ✓ [nvidia/NVIDIA-Nemotron-Nano-12B-v2-VL] Temp=0.0 Rep=1 → Discordo fortemente
[2026-05-13 10:58:52,348][__main__][INFO] - ✓ [nvidia/NVIDIA-Nemotron-Nano-12B-v2-VL] Temp=0.0 Rep=1 → Concordo fortemente
[2026-05-13 10:58:52,349][__main__][INFO] - ✓ [nvidia/NVIDIA-Nemotron-Nano-12B-v2-VL] Temp=0.0 Rep=1 → Discordo fortemente
[2026-05-13 10:58:52,349][__main__][INFO] - ✓ [nvidia/NVIDIA-Nemotron-Nano-12B-v2-VL] Temp=0.0 Rep=1 → Concordo fortemente
[2026-05-13 10:58:52,350][__main__][INFO] - ✓ [nvidia/NVIDIA-Nemotron-Nano-12B-v2-VL] Temp=0.0 Rep=1 → Discordo fortemente
[2026-05-13 10:58:52,350][__main__][INFO] - ✓ [nvidia/NVIDIA-Nemotron-Nano-12B-v2-VL] Temp=0.0 Rep=1 → Concordo fortemente
[2026-05-13 10:58:52,350][__main__][INFO] - ✓ [nvidia/NVIDIA-Nemotron-Nano-12B-v2-VL] Temp=0.0 Rep=1 → Concordo fortemente
[2026-05-13 10:58:52,351][__main__][INFO] - ✓ [nvidia/NVIDIA-Nemotron-Nano-12B-v2-VL] Temp=0.0 Rep=1 → Discordo fortemente
[2026-05-13 10:58:52,352][__main__][INFO] - ✓ [nvidia/NVIDIA-Nemotron-Nano-12B-v2-VL] Temp=0.0 Rep=1 → Discordo fortemente
[2026-05-13 10:58:52,353][__main__][INFO] - ✓ [nvidia/NVIDIA-Nemotron-Nano-12B-v2-VL] Temp=0.0 Rep=1 → Discordo fortemente
[2026-05-13 10:58:52,353][__main__][INFO] - ✓ [nvidia/NVIDIA-Nemotron-Nano-12B-v2-VL] Temp=0.0 Rep=1 → Discordo fortemente
[2026-05-13 10:58:52,354][__main__][INFO] - ✓ [nvidia/NVIDIA-Nemotron-Nano-12B-v2-VL] Temp=0.0 Rep=1 → Discordo fortemente
[2026-05-13 10:58:52,355][__main__][INFO] - ✓ [nvidia/NVIDIA-Nemotron-Nano-12B-v2-VL] Temp=0.0 Rep=1 → Discordo fortemente
[2026-05-13 10:58:52,356][__main__][INFO] - ✓ [nvidia/NVIDIA-Nemotron-Nano-12B-v2-VL] Temp=0.0 Rep=1 → Discordo fortemente
[2026-05-13 10:58:52,698][__main__][INFO] - ✓ [nvidia/NVIDIA-Nemotron-Nano-12B-v2-VL] Temp=0.0 Rep=1 → Concordo fortemente
[2026-05-13 10:58:52,840][__main__][INFO] - ✓ [nvidia/NVIDIA-Nemotron-Nano-12B-v2-VL] Temp=0.0 Rep=1 → Concordo
[2026-05-13 10:58:52,854][__main__][INFO] - ✓ [nvidia/NVIDIA-Nemotron-Nano-12B-v2-VL] Temp=0.0 Rep=1 → Concordo
[2026-05-13 10:58:52,892][__main__][INFO] - ✓ [nvidia/NVIDIA-Nemotron-Nano-12B-v2-VL] Temp=0.0 Rep=1 → Discordo fortemente
[2026-05-13 10:58:52,894][__main__][INFO] - ✓ [nvidia/NVIDIA-Nemotron-Nano-12B-v2-VL] Temp=0.0 Rep=1 → Discordo fortemente
[2026-05-13 10:58:52,895][__main__][INFO] - ✓ [nvidia/NVIDIA-Nemotron-Nano-12B-v2-VL] Temp=0.0 Rep=1 → Discordo fortemente
[2026-05-13 10:58:52,899][__main__][INFO] - ✓ [nvidia/NVIDIA-Nemotron-Nano-12B-v2-VL] Temp=0.0 Rep=1 → Discordo fortemente
[2026-05-13 10:58:52,900][__main__][INFO] - ✓ [nvidia/NVIDIA-Nemotron-Nano-12B-v2-VL] Temp=0.0 Rep=1 → Discordo fortemente
[2026-05-13 10:58:52,900][__main__][INFO] - ✓ [nvidia/NVIDIA-Nemotron-Nano-12B-v2-VL] Temp=0.0 Rep=1 → Discordo fortemente
[2026-05-13 10:58:52,901][__main__][INFO] - ✓ [nvidia/NVIDIA-Nemotron-Nano-12B-v2-VL] Temp=0.0 Rep=1 → Discordo fortemente
[2026-05-13 10:58:52,903][__main__][INFO] - ✓ [nvidia/NVIDIA-Nemotron-Nano-12B-v2-VL] Temp=0.0 Rep=1 → Discordo fortemente
[2026-05-13 10:58:52,904][__main__][INFO] - ✓ [nvidia/NVIDIA-Nemotron-Nano-12B-v2-VL] Temp=0.0 Rep=1 → Concordo fortemente
[2026-05-13 10:58:53,068][__main__][INFO] - ✓ [nvidia/NVIDIA-Nemotron-Nano-12B-v2-VL] Temp=0.0 Rep=1 → Concordo
[2026-05-13 10:58:53,110][__main__][INFO] - ✓ [nvidia/NVIDIA-Nemotron-Nano-12B-v2-VL] Temp=0.0 Rep=1 → Discordo fortemente
[2026-05-13 10:58:53,112][__main__][INFO] - ✓ [nvidia/NVIDIA-Nemotron-Nano-12B-v2-VL] Temp=0.0 Rep=1 → Discordo fortemente
[2026-05-13 10:58:53,117][__main__][INFO] - ✓ [nvidia/NVIDIA-Nemotron-Nano-12B-v2-VL] Temp=0.0 Rep=1 → Discordo fortemente
[2026-05-13 10:58:53,119][__main__][INFO] - ✓ [nvidia/NVIDIA-Nemotron-Nano-12B-v2-VL] Temp=0.0 Rep=1 → Discordo fortemente
[2026-05-13 10:58:53,119][__main__][INFO] - ✓ [nvidia/NVIDIA-Nemotron-Nano-12B-v2-VL] Temp=0.0 Rep=1 → Discordo fortemente
[2026-05-13 10:58:53,119][__main__][INFO] - ✓ [nvidia/NVIDIA-Nemotron-Nano-12B-v2-VL] Temp=0.0 Rep=1 → Discordo fortemente
[2026-05-13 10:58:53,121][__main__][INFO] - ✓ [nvidia/NVIDIA-Nemotron-Nano-12B-v2-VL] Temp=0.0 Rep=1 → Discordo fortemente
[2026-05-13 10:58:53,221][__main__][INFO] - ✓ [nvidia/NVIDIA-Nemotron-Nano-12B-v2-VL] Temp=0.0 Rep=1 → Concordo fortemente
[2026-05-13 10:58:53,224][__main__][INFO] - Salvamento incremental (920 novas respostas)...
[2026-05-13 10:58:53,278][__main__][INFO] - Cache salvo com 253259 entradas
[2026-05-13 10:58:53,278][__main__][INFO] - ✓ [nvidia/NVIDIA-Nemotron-Nano-12B-v2-VL] Temp=0.0 Rep=1 → Discordo fortemente
[2026-05-13 10:58:53,279][__main__][INFO] - ✓ [nvidia/NVIDIA-Nemotron-Nano-12B-v2-VL] Temp=0.0 Rep=1 → Discordo fortemente
[2026-05-13 10:58:53,281][__main__][INFO] - ✓ [nvidia/NVIDIA-Nemotron-Nano-12B-v2-VL] Temp=0.0 Rep=1 → Discordo fortemente
[2026-05-13 10:58:53,281][__main__][INFO] - ✓ [nvidia/NVIDIA-Nemotron-Nano-12B-v2-VL] Temp=0.0 Rep=1 → Discordo fortemente
[2026-05-13 10:58:53,282][__main__][INFO] - ✓ [nvidia/NVIDIA-Nemotron-Nano-12B-v2-VL] Temp=0.0 Rep=1 → Discordo fortemente
[2026-05-13 10:58:53,283][__main__][INFO] - ✓ [nvidia/NVIDIA-Nemotron-Nano-12B-v2-VL] Temp=0.0 Rep=1 → Discordo fortemente
[2026-05-13 10:58:53,283][__main__][INFO] - ✓ [nvidia/NVIDIA-Nemotron-Nano-12B-v2-VL] Temp=0.0 Rep=1 → Discordo fortemente
[2026-05-13 10:58:53,284][__main__][INFO] - ✓ [nvidia/NVIDIA-Nemotron-Nano-12B-v2-VL] Temp=0.0 Rep=1 → Discordo fortemente
[2026-05-13 10:58:53,285][__main__][INFO] - ✓ [nvidia/NVIDIA-Nemotron-Nano-12B-v2-VL] Temp=0.0 Rep=1 → Discordo fortemente
[2026-05-13 10:58:53,285][__main__][INFO] - ✓ [nvidia/NVIDIA-Nemotron-Nano-12B-v2-VL] Temp=0.0 Rep=1 → Discordo fortemente
[2026-05-13 10:58:53,286][__main__][INFO] - ✓ [nvidia/NVIDIA-Nemotron-Nano-12B-v2-VL] Temp=0.0 Rep=1 → Discordo fortemente
[2026-05-13 10:58:53,287][__main__][INFO] - ✓ [nvidia/NVIDIA-Nemotron-Nano-12B-v2-VL] Temp=0.0 Rep=1 → Discordo fortemente
[2026-05-13 10:58:53,288][__main__][INFO] - ✓ [nvidia/NVIDIA-Nemotron-Nano-12B-v2-VL] Temp=0.0 Rep=1 → Discordo fortemente
[2026-05-13 10:58:53,309][__main__][INFO] - ✓ [nvidia/NVIDIA-Nemotron-Nano-12B-v2-VL] Temp=0.0 Rep=1 → Discordo fortemente
[2026-05-13 10:58:53,310][__main__][INFO] - ✓ [nvidia/NVIDIA-Nemotron-Nano-12B-v2-VL] Temp=0.0 Rep=1 → Discordo fortemente
[2026-05-13 10:58:53,317][__main__][INFO] - ✓ [nvidia/NVIDIA-Nemotron-Nano-12B-v2-VL] Temp=0.0 Rep=1 → Discordo fortemente
[2026-05-13 10:58:53,327][__main__][INFO] - ✓ [nvidia/NVIDIA-Nemotron-Nano-12B-v2-VL] Temp=0.0 Rep=1 → Discordo fortemente
[2026-05-13 10:58:53,328][__main__][INFO] - ✓ [nvidia/NVIDIA-Nemotron-Nano-12B-v2-VL] Temp=0.0 Rep=1 → Concordo fortemente
[2026-05-13 10:58:53,379][__main__][INFO] - ✓ [nvidia/NVIDIA-Nemotron-Nano-12B-v2-VL] Temp=0.0 Rep=1 → Discordo fortemente
[2026-05-13 10:58:53,432][__main__][INFO] - ✓ [nvidia/NVIDIA-Nemotron-Nano-12B-v2-VL] Temp=0.0 Rep=1 → Discordo fortemente
[2026-05-13 10:58:53,448][__main__][INFO] - ✓ [nvidia/NVIDIA-Nemotron-Nano-12B-v2-VL] Temp=0.0 Rep=1 → Discordo fortemente
[2026-05-13 10:58:53,549][__main__][INFO] - ✓ [nvidia/NVIDIA-Nemotron-Nano-12B-v2-VL] Temp=0.0 Rep=1 → Discordo fortemente
[2026-05-13 10:58:53,550][__main__][INFO] - ✓ [nvidia/NVIDIA-Nemotron-Nano-12B-v2-VL] Temp=0.0 Rep=1 → Discordo fortemente
[2026-05-13 10:58:53,552][__main__][INFO] - ✓ [nvidia/NVIDIA-Nemotron-Nano-12B-v2-VL] Temp=0.0 Rep=1 → Discordo fortemente
[2026-05-13 10:58:53,558][__main__][INFO] - ✓ [nvidia/NVIDIA-Nemotron-Nano-12B-v2-VL] Temp=0.0 Rep=1 → Discordo fortemente
[2026-05-13 10:58:53,613][__main__][INFO] - ✓ [nvidia/NVIDIA-Nemotron-Nano-12B-v2-VL] Temp=0.0 Rep=1 → Discordo fortemente
[2026-05-13 10:58:53,614][__main__][INFO] - ✓ [nvidia/NVIDIA-Nemotron-Nano-12B-v2-VL] Temp=0.0 Rep=1 → Discordo fortemente
[2026-05-13 10:58:53,615][__main__][INFO] - ✓ [nvidia/NVIDIA-Nemotron-Nano-12B-v2-VL] Temp=0.0 Rep=1 → Discordo fortemente
[2026-05-13 10:58:53,616][__main__][INFO] - ✓ [nvidia/NVIDIA-Nemotron-Nano-12B-v2-VL] Temp=0.0 Rep=1 → Discordo fortemente
[2026-05-13 10:58:53,617][__main__][INFO] - ✓ [nvidia/NVIDIA-Nemotron-Nano-12B-v2-VL] Temp=0.0 Rep=1 → Discordo fortemente
[2026-05-13 10:58:53,618][__main__][INFO] - ✓ [nvidia/NVIDIA-Nemotron-Nano-12B-v2-VL] Temp=0.0 Rep=1 → Discordo fortemente
[2026-05-13 10:58:53,619][__main__][INFO] - ✓ [nvidia/NVIDIA-Nemotron-Nano-12B-v2-VL] Temp=0.0 Rep=1 → Discordo fortemente
[2026-05-13 10:58:53,620][__main__][INFO] - ✓ [nvidia/NVIDIA-Nemotron-Nano-12B-v2-VL] Temp=0.0 Rep=1 → Concordo fortemente
[2026-05-13 10:58:53,634][__main__][INFO] - ✓ [nvidia/NVIDIA-Nemotron-Nano-12B-v2-VL] Temp=0.0 Rep=1 → Discordo fortemente
[2026-05-13 10:58:53,645][__main__][INFO] - ✓ [nvidia/NVIDIA-Nemotron-Nano-12B-v2-VL] Temp=0.0 Rep=1 → Discordo fortemente
[2026-05-13 10:58:53,762][__main__][INFO] - ✓ [nvidia/NVIDIA-Nemotron-Nano-12B-v2-VL] Temp=0.0 Rep=1 → Discordo fortemente
[2026-05-13 10:58:53,831][__main__][INFO] - ✓ [nvidia/NVIDIA-Nemotron-Nano-12B-v2-VL] Temp=0.0 Rep=1 → Discordo fortemente
[2026-05-13 10:58:53,838][__main__][INFO] - ✓ [nvidia/NVIDIA-Nemotron-Nano-12B-v2-VL] Temp=0.0 Rep=1 → Discordo fortemente
[2026-05-13 10:58:53,840][__main__][INFO] - ✓ [nvidia/NVIDIA-Nemotron-Nano-12B-v2-VL] Temp=0.0 Rep=1 → Discordo fortemente
[2026-05-13 10:58:53,841][__main__][INFO] - ✓ [nvidia/NVIDIA-Nemotron-Nano-12B-v2-VL] Temp=0.0 Rep=1 → Discordo fortemente
[2026-05-13 10:58:53,842][__main__][INFO] - Salvamento incremental (960 novas respostas)...
[2026-05-13 10:58:53,895][__main__][INFO] - Cache salvo com 253299 entradas
[2026-05-13 10:58:53,895][__main__][INFO] - ✓ [nvidia/NVIDIA-Nemotron-Nano-12B-v2-VL] Temp=0.0 Rep=1 → Discordo fortemente
[2026-05-13 10:58:53,912][__main__][INFO] - ✓ [nvidia/NVIDIA-Nemotron-Nano-12B-v2-VL] Temp=0.0 Rep=1 → Discordo fortemente
[2026-05-13 10:58:53,912][__main__][INFO] - ✓ [nvidia/NVIDIA-Nemotron-Nano-12B-v2-VL] Temp=0.0 Rep=1 → Discordo fortemente
[2026-05-13 10:58:53,913][__main__][INFO] - ✓ [nvidia/NVIDIA-Nemotron-Nano-12B-v2-VL] Temp=0.0 Rep=1 → Discordo fortemente
[2026-05-13 10:58:53,914][__main__][INFO] - ✓ [nvidia/NVIDIA-Nemotron-Nano-12B-v2-VL] Temp=0.0 Rep=1 → Discordo fortemente
[2026-05-13 10:58:53,915][__main__][INFO] - ✓ [nvidia/NVIDIA-Nemotron-Nano-12B-v2-VL] Temp=0.0 Rep=1 → Discordo fortemente
[2026-05-13 10:58:53,917][__main__][INFO] - ✓ [nvidia/NVIDIA-Nemotron-Nano-12B-v2-VL] Temp=0.0 Rep=1 → Discordo fortemente
[2026-05-13 10:58:53,921][__main__][INFO] - ✓ [nvidia/NVIDIA-Nemotron-Nano-12B-v2-VL] Temp=0.0 Rep=1 → Discordo fortemente
[2026-05-13 10:58:53,922][__main__][INFO] - ✓ [nvidia/NVIDIA-Nemotron-Nano-12B-v2-VL] Temp=0.0 Rep=1 → Discordo fortemente
[2026-05-13 10:58:53,926][__main__][INFO] - ✓ [nvidia/NVIDIA-Nemotron-Nano-12B-v2-VL] Temp=0.0 Rep=1 → Discordo fortemente
[2026-05-13 10:58:54,116][__main__][INFO] - ✓ [nvidia/NVIDIA-Nemotron-Nano-12B-v2-VL] Temp=0.0 Rep=1 → Discordo fortemente
[2026-05-13 10:58:54,172][__main__][INFO] - ✓ [nvidia/NVIDIA-Nemotron-Nano-12B-v2-VL] Temp=0.0 Rep=1 → Discordo fortemente
[2026-05-13 10:58:54,173][__main__][INFO] - ✓ [nvidia/NVIDIA-Nemotron-Nano-12B-v2-VL] Temp=0.0 Rep=1 → Discordo fortemente
[2026-05-13 10:58:54,175][__main__][INFO] - ✓ [nvidia/NVIDIA-Nemotron-Nano-12B-v2-VL] Temp=0.0 Rep=1 → Concordo fortemente
[2026-05-13 10:58:54,271][__main__][INFO] - ✓ [nvidia/NVIDIA-Nemotron-Nano-12B-v2-VL] Temp=0.0 Rep=1 → Discordo fortemente
[2026-05-13 10:58:54,273][__main__][INFO] - ✓ [nvidia/NVIDIA-Nemotron-Nano-12B-v2-VL] Temp=0.0 Rep=1 → Concordo fortemente
[2026-05-13 10:58:54,276][__main__][INFO] - ✓ [nvidia/NVIDIA-Nemotron-Nano-12B-v2-VL] Temp=0.0 Rep=1 → Discordo fortemente
[2026-05-13 10:58:54,277][__main__][INFO] - ✓ [nvidia/NVIDIA-Nemotron-Nano-12B-v2-VL] Temp=0.0 Rep=1 → Discordo fortemente
[2026-05-13 10:58:54,278][__main__][INFO] - ✓ [nvidia/NVIDIA-Nemotron-Nano-12B-v2-VL] Temp=0.0 Rep=1 → Concordo fortemente
[2026-05-13 10:58:54,285][__main__][INFO] - ✓ [nvidia/NVIDIA-Nemotron-Nano-12B-v2-VL] Temp=0.0 Rep=1 → Discordo fortemente
[2026-05-13 10:58:54,286][__main__][INFO] - ✓ [nvidia/NVIDIA-Nemotron-Nano-12B-v2-VL] Temp=0.0 Rep=1 → Discordo fortemente
[2026-05-13 10:58:54,287][__main__][INFO] - ✓ [nvidia/NVIDIA-Nemotron-Nano-12B-v2-VL] Temp=0.0 Rep=1 → Discordo fortemente
[2026-05-13 10:58:54,288][__main__][INFO] - ✓ [nvidia/NVIDIA-Nemotron-Nano-12B-v2-VL] Temp=0.0 Rep=1 → Discordo fortemente
[2026-05-13 10:58:54,289][__main__][INFO] - ✓ [nvidia/NVIDIA-Nemotron-Nano-12B-v2-VL] Temp=0.0 Rep=1 → Discordo fortemente
[2026-05-13 10:58:54,540][__main__][INFO] - ✓ [nvidia/NVIDIA-Nemotron-Nano-12B-v2-VL] Temp=0.0 Rep=1 → Discordo fortemente
[2026-05-13 10:58:54,546][__main__][INFO] - ✓ [nvidia/NVIDIA-Nemotron-Nano-12B-v2-VL] Temp=0.0 Rep=1 → Discordo fortemente
[2026-05-13 10:58:54,588][__main__][INFO] - ✓ [nvidia/NVIDIA-Nemotron-Nano-12B-v2-VL] Temp=0.0 Rep=1 → Discordo fortemente
[2026-05-13 10:58:54,589][__main__][INFO] - ✓ [nvidia/NVIDIA-Nemotron-Nano-12B-v2-VL] Temp=0.0 Rep=1 → Discordo fortemente
[2026-05-13 10:58:54,593][__main__][INFO] - ✓ [nvidia/NVIDIA-Nemotron-Nano-12B-v2-VL] Temp=0.0 Rep=1 → Discordo fortemente
[2026-05-13 10:58:54,600][__main__][INFO] - ✓ [nvidia/NVIDIA-Nemotron-Nano-12B-v2-VL] Temp=0.0 Rep=1 → Discordo fortemente
[2026-05-13 10:58:54,697][__main__][INFO] - ✓ [nvidia/NVIDIA-Nemotron-Nano-12B-v2-VL] Temp=0.0 Rep=1 → Concordo fortemente
[2026-05-13 10:58:54,700][__main__][INFO] - ✓ [nvidia/NVIDIA-Nemotron-Nano-12B-v2-VL] Temp=0.0 Rep=1 → Concordo fortemente
[2026-05-13 10:58:54,795][__main__][INFO] - ✓ [nvidia/NVIDIA-Nemotron-Nano-12B-v2-VL] Temp=0.0 Rep=1 → Concordo fortemente
[2026-05-13 10:58:54,799][__main__][INFO] - ✓ [nvidia/NVIDIA-Nemotron-Nano-12B-v2-VL] Temp=0.0 Rep=1 → Discordo fortemente
[2026-05-13 10:58:54,801][__main__][INFO] - ✓ [nvidia/NVIDIA-Nemotron-Nano-12B-v2-VL] Temp=0.0 Rep=1 → Discordo fortemente
[2026-05-13 10:58:54,803][__main__][INFO] - ✓ [nvidia/NVIDIA-Nemotron-Nano-12B-v2-VL] Temp=0.0 Rep=1 → Discordo fortemente
[2026-05-13 10:58:54,805][__main__][INFO] - ✓ [nvidia/NVIDIA-Nemotron-Nano-12B-v2-VL] Temp=0.0 Rep=1 → Discordo fortemente
[2026-05-13 10:58:54,807][__main__][INFO] - ✓ [nvidia/NVIDIA-Nemotron-Nano-12B-v2-VL] Temp=0.0 Rep=1 → Discordo fortemente
[2026-05-13 10:58:54,925][__main__][INFO] - ✓ [nvidia/NVIDIA-Nemotron-Nano-12B-v2-VL] Temp=0.0 Rep=1 → Discordo fortemente
[2026-05-13 10:58:54,999][__main__][INFO] - ✓ [nvidia/NVIDIA-Nemotron-Nano-12B-v2-VL] Temp=0.0 Rep=1 → Discordo fortemente
[2026-05-13 10:58:55,003][__main__][INFO] - Salvamento incremental (1000 novas respostas)...
[2026-05-13 10:58:55,051][__main__][INFO] - Cache salvo com 253339 entradas
[2026-05-13 10:58:55,051][__main__][INFO] - ✓ [nvidia/NVIDIA-Nemotron-Nano-12B-v2-VL] Temp=0.0 Rep=1 → Discordo fortemente
[2026-05-13 10:58:55,053][__main__][INFO] - ✓ [nvidia/NVIDIA-Nemotron-Nano-12B-v2-VL] Temp=0.0 Rep=1 → Discordo fortemente
[2026-05-13 10:58:55,055][__main__][INFO] - ✓ [nvidia/NVIDIA-Nemotron-Nano-12B-v2-VL] Temp=0.0 Rep=1 → Discordo fortemente
[2026-05-13 10:58:55,055][__main__][INFO] - ✓ [nvidia/NVIDIA-Nemotron-Nano-12B-v2-VL] Temp=0.0 Rep=1 → Discordo fortemente
[2026-05-13 10:58:55,056][__main__][INFO] - ✓ [nvidia/NVIDIA-Nemotron-Nano-12B-v2-VL] Temp=0.0 Rep=1 → Discordo fortemente
[2026-05-13 10:58:55,074][__main__][INFO] - ✓ [nvidia/NVIDIA-Nemotron-Nano-12B-v2-VL] Temp=0.0 Rep=1 → Discordo fortemente
[2026-05-13 10:58:55,075][__main__][INFO] - ✓ [nvidia/NVIDIA-Nemotron-Nano-12B-v2-VL] Temp=0.0 Rep=1 → Discordo fortemente
[2026-05-13 10:58:55,076][__main__][INFO] - ✓ [nvidia/NVIDIA-Nemotron-Nano-12B-v2-VL] Temp=0.0 Rep=1 → Discordo fortemente
[2026-05-13 10:58:55,077][__main__][INFO] - ✓ [nvidia/NVIDIA-Nemotron-Nano-12B-v2-VL] Temp=0.0 Rep=1 → Discordo fortemente
[2026-05-13 10:58:55,088][__main__][INFO] - ✓ [nvidia/NVIDIA-Nemotron-Nano-12B-v2-VL] Temp=0.0 Rep=1 → Discordo fortemente
[2026-05-13 10:58:55,195][__main__][INFO] - ✓ [nvidia/NVIDIA-Nemotron-Nano-12B-v2-VL] Temp=0.0 Rep=1 → Discordo fortemente
[2026-05-13 10:58:55,340][__main__][INFO] - ✓ [nvidia/NVIDIA-Nemotron-Nano-12B-v2-VL] Temp=0.0 Rep=1 → Concordo fortemente
[2026-05-13 10:58:55,373][__main__][INFO] - ✓ [nvidia/NVIDIA-Nemotron-Nano-12B-v2-VL] Temp=0.0 Rep=1 → Discordo fortemente
[2026-05-13 10:58:55,385][__main__][INFO] - ✓ [nvidia/NVIDIA-Nemotron-Nano-12B-v2-VL] Temp=0.0 Rep=1 → Discordo fortemente
[2026-05-13 10:58:55,536][__main__][INFO] - ✓ [nvidia/NVIDIA-Nemotron-Nano-12B-v2-VL] Temp=0.0 Rep=1 → Concordo fortemente
[2026-05-13 10:58:55,537][__main__][INFO] - ✓ [nvidia/NVIDIA-Nemotron-Nano-12B-v2-VL] Temp=0.0 Rep=1 → Discordo fortemente
[2026-05-13 10:58:55,542][__main__][INFO] - ✓ [nvidia/NVIDIA-Nemotron-Nano-12B-v2-VL] Temp=0.0 Rep=1 → Discordo fortemente
[2026-05-13 10:58:55,543][__main__][INFO] - ✓ [nvidia/NVIDIA-Nemotron-Nano-12B-v2-VL] Temp=0.0 Rep=1 → Discordo fortemente
[2026-05-13 10:58:55,545][__main__][INFO] - ✓ [nvidia/NVIDIA-Nemotron-Nano-12B-v2-VL] Temp=0.0 Rep=1 → Discordo fortemente
[2026-05-13 10:58:55,546][__main__][INFO] - ✓ [nvidia/NVIDIA-Nemotron-Nano-12B-v2-VL] Temp=0.0 Rep=1 → Discordo fortemente
[2026-05-13 10:58:55,599][__main__][INFO] - ✓ [nvidia/NVIDIA-Nemotron-Nano-12B-v2-VL] Temp=0.0 Rep=1 → Discordo fortemente
[2026-05-13 10:58:55,601][__main__][INFO] - ✓ [nvidia/NVIDIA-Nemotron-Nano-12B-v2-VL] Temp=0.0 Rep=1 → Discordo fortemente
[2026-05-13 10:58:55,603][__main__][INFO] - ✓ [nvidia/NVIDIA-Nemotron-Nano-12B-v2-VL] Temp=0.0 Rep=1 → Discordo fortemente
[2026-05-13 10:58:55,604][__main__][INFO] - ✓ [nvidia/NVIDIA-Nemotron-Nano-12B-v2-VL] Temp=0.0 Rep=1 → Discordo fortemente
[2026-05-13 10:58:55,607][__main__][INFO] - ✓ [nvidia/NVIDIA-Nemotron-Nano-12B-v2-VL] Temp=0.0 Rep=1 → Discordo fortemente
[2026-05-13 10:58:55,609][__main__][INFO] - ✓ [nvidia/NVIDIA-Nemotron-Nano-12B-v2-VL] Temp=0.0 Rep=1 → Discordo fortemente
[2026-05-13 10:58:55,620][__main__][INFO] - ✓ [nvidia/NVIDIA-Nemotron-Nano-12B-v2-VL] Temp=0.0 Rep=1 → Discordo fortemente
[2026-05-13 10:58:55,747][__main__][INFO] - ✓ [nvidia/NVIDIA-Nemotron-Nano-12B-v2-VL] Temp=0.0 Rep=1 → Discordo fortemente
[2026-05-13 10:58:55,859][__main__][INFO] - ✓ [nvidia/NVIDIA-Nemotron-Nano-12B-v2-VL] Temp=0.0 Rep=1 → Discordo fortemente
[2026-05-13 10:58:55,862][__main__][INFO] - ✓ [nvidia/NVIDIA-Nemotron-Nano-12B-v2-VL] Temp=0.0 Rep=1 → Discordo fortemente
[2026-05-13 10:58:55,862][__main__][INFO] - ✓ [nvidia/NVIDIA-Nemotron-Nano-12B-v2-VL] Temp=0.0 Rep=1 → Discordo fortemente
[2026-05-13 10:58:55,864][__main__][INFO] - ✓ [nvidia/NVIDIA-Nemotron-Nano-12B-v2-VL] Temp=0.0 Rep=1 → Discordo fortemente
[2026-05-13 10:58:55,865][__main__][INFO] - ✓ [nvidia/NVIDIA-Nemotron-Nano-12B-v2-VL] Temp=0.0 Rep=1 → Discordo fortemente
[2026-05-13 10:58:55,866][__main__][INFO] - ✓ [nvidia/NVIDIA-Nemotron-Nano-12B-v2-VL] Temp=0.0 Rep=1 → Discordo fortemente
[2026-05-13 10:58:55,869][__main__][INFO] - ✓ [nvidia/NVIDIA-Nemotron-Nano-12B-v2-VL] Temp=0.0 Rep=1 → Discordo fortemente
[2026-05-13 10:58:55,877][__main__][INFO] - ✓ [nvidia/NVIDIA-Nemotron-Nano-12B-v2-VL] Temp=0.0 Rep=1 → Discordo fortemente
[2026-05-13 10:58:55,934][__main__][INFO] - ✓ [nvidia/NVIDIA-Nemotron-Nano-12B-v2-VL] Temp=0.0 Rep=1 → Discordo fortemente
[2026-05-13 10:58:55,935][__main__][INFO] - ✓ [nvidia/NVIDIA-Nemotron-Nano-12B-v2-VL] Temp=0.0 Rep=1 → Discordo fortemente
[2026-05-13 10:58:55,936][__main__][INFO] - ✓ [nvidia/NVIDIA-Nemotron-Nano-12B-v2-VL] Temp=0.0 Rep=1 → Discordo fortemente
[2026-05-13 10:58:55,937][__main__][INFO] - ✓ [nvidia/NVIDIA-Nemotron-Nano-12B-v2-VL] Temp=0.0 Rep=1 → Discordo fortemente
[2026-05-13 10:58:55,939][__main__][INFO] - Salvamento incremental (1040 novas respostas)...
[2026-05-13 10:58:55,990][__main__][INFO] - Cache salvo com 253379 entradas
[2026-05-13 10:58:55,990][__main__][INFO] - ✓ [nvidia/NVIDIA-Nemotron-Nano-12B-v2-VL] Temp=0.0 Rep=1 → Discordo fortemente
[2026-05-13 10:58:55,992][__main__][INFO] - ✓ [nvidia/NVIDIA-Nemotron-Nano-12B-v2-VL] Temp=0.0 Rep=1 → Discordo fortemente
[2026-05-13 10:58:55,995][__main__][INFO] - ✓ [nvidia/NVIDIA-Nemotron-Nano-12B-v2-VL] Temp=0.0 Rep=1 → Discordo fortemente
[2026-05-13 10:58:55,998][__main__][INFO] - ✓ [nvidia/NVIDIA-Nemotron-Nano-12B-v2-VL] Temp=0.0 Rep=1 → Discordo fortemente
[2026-05-13 10:58:55,999][__main__][INFO] - ✓ [nvidia/NVIDIA-Nemotron-Nano-12B-v2-VL] Temp=0.0 Rep=1 → Discordo fortemente
[2026-05-13 10:58:56,066][__main__][INFO] - ✓ [nvidia/NVIDIA-Nemotron-Nano-12B-v2-VL] Temp=0.0 Rep=1 → Discordo fortemente
[2026-05-13 10:58:56,067][__main__][INFO] - ✓ [nvidia/NVIDIA-Nemotron-Nano-12B-v2-VL] Temp=0.0 Rep=1 → Discordo fortemente
[2026-05-13 10:58:56,071][__main__][INFO] - ✓ [nvidia/NVIDIA-Nemotron-Nano-12B-v2-VL] Temp=0.0 Rep=1 → Concordo fortemente
[2026-05-13 10:58:56,072][__main__][INFO] - ✓ [nvidia/NVIDIA-Nemotron-Nano-12B-v2-VL] Temp=0.0 Rep=1 → Discordo fortemente
[2026-05-13 10:58:56,075][__main__][INFO] - ✓ [nvidia/NVIDIA-Nemotron-Nano-12B-v2-VL] Temp=0.0 Rep=1 → Discordo fortemente
[2026-05-13 10:58:56,098][__main__][INFO] - ✓ [nvidia/NVIDIA-Nemotron-Nano-12B-v2-VL] Temp=0.0 Rep=1 → Concordo fortemente
[2026-05-13 10:58:56,199][__main__][INFO] - ✓ [nvidia/NVIDIA-Nemotron-Nano-12B-v2-VL] Temp=0.0 Rep=1 → Discordo fortemente
[2026-05-13 10:58:56,203][__main__][INFO] - ✓ [nvidia/NVIDIA-Nemotron-Nano-12B-v2-VL] Temp=0.0 Rep=1 → Concordo
[2026-05-13 10:58:56,207][__main__][INFO] - ✓ [nvidia/NVIDIA-Nemotron-Nano-12B-v2-VL] Temp=0.0 Rep=1 → Discordo fortemente
[2026-05-13 10:58:56,213][__main__][INFO] - ✓ [nvidia/NVIDIA-Nemotron-Nano-12B-v2-VL] Temp=0.0 Rep=1 → Concordo fortemente
[2026-05-13 10:58:56,218][__main__][INFO] - ✓ [nvidia/NVIDIA-Nemotron-Nano-12B-v2-VL] Temp=0.0 Rep=1 → Discordo fortemente
[2026-05-13 10:58:56,227][__main__][INFO] - ✓ [nvidia/NVIDIA-Nemotron-Nano-12B-v2-VL] Temp=0.0 Rep=1 → Discordo fortemente
[2026-05-13 10:58:56,450][__main__][INFO] - ✓ [nvidia/NVIDIA-Nemotron-Nano-12B-v2-VL] Temp=0.0 Rep=1 → Discordo fortemente
[2026-05-13 10:58:56,572][__main__][INFO] - ✓ [nvidia/NVIDIA-Nemotron-Nano-12B-v2-VL] Temp=0.0 Rep=1 → Discordo fortemente
[2026-05-13 10:58:56,573][__main__][INFO] - ✓ [nvidia/NVIDIA-Nemotron-Nano-12B-v2-VL] Temp=0.0 Rep=1 → Concordo fortemente
[2026-05-13 10:58:56,574][__main__][INFO] - ✓ [nvidia/NVIDIA-Nemotron-Nano-12B-v2-VL] Temp=0.0 Rep=1 → Discordo fortemente
[2026-05-13 10:58:56,575][__main__][INFO] - ✓ [nvidia/NVIDIA-Nemotron-Nano-12B-v2-VL] Temp=0.0 Rep=1 → Discordo fortemente
[2026-05-13 10:58:56,577][__main__][INFO] - ✓ [nvidia/NVIDIA-Nemotron-Nano-12B-v2-VL] Temp=0.0 Rep=1 → Discordo fortemente
[2026-05-13 10:58:56,647][__main__][INFO] - ✓ [nvidia/NVIDIA-Nemotron-Nano-12B-v2-VL] Temp=0.0 Rep=1 → Discordo fortemente
[2026-05-13 10:58:56,648][__main__][INFO] - ✓ [nvidia/NVIDIA-Nemotron-Nano-12B-v2-VL] Temp=0.0 Rep=1 → Discordo fortemente
[2026-05-13 10:58:56,650][__main__][INFO] - ✓ [nvidia/NVIDIA-Nemotron-Nano-12B-v2-VL] Temp=0.0 Rep=1 → Discordo fortemente
[2026-05-13 10:58:56,651][__main__][INFO] - ✓ [nvidia/NVIDIA-Nemotron-Nano-12B-v2-VL] Temp=0.0 Rep=1 → Discordo fortemente
[2026-05-13 10:58:56,652][__main__][INFO] - ✓ [nvidia/NVIDIA-Nemotron-Nano-12B-v2-VL] Temp=0.0 Rep=1 → Discordo fortemente
[2026-05-13 10:58:56,657][__main__][INFO] - ✓ [nvidia/NVIDIA-Nemotron-Nano-12B-v2-VL] Temp=0.0 Rep=1 → Concordo fortemente
[2026-05-13 10:58:56,658][__main__][INFO] - ✓ [nvidia/NVIDIA-Nemotron-Nano-12B-v2-VL] Temp=0.0 Rep=1 → Discordo fortemente
[2026-05-13 10:58:56,659][__main__][INFO] - ✓ [nvidia/NVIDIA-Nemotron-Nano-12B-v2-VL] Temp=0.0 Rep=1 → Concordo fortemente
[2026-05-13 10:58:56,665][__main__][INFO] - ✓ [nvidia/NVIDIA-Nemotron-Nano-12B-v2-VL] Temp=0.0 Rep=1 → Discordo fortemente
[2026-05-13 10:58:56,913][__main__][INFO] - ✓ [nvidia/NVIDIA-Nemotron-Nano-12B-v2-VL] Temp=0.0 Rep=1 → Discordo fortemente
[2026-05-13 10:58:56,965][__main__][INFO] - ✓ [nvidia/NVIDIA-Nemotron-Nano-12B-v2-VL] Temp=0.0 Rep=1 → Discordo fortemente
[2026-05-13 10:58:56,966][__main__][INFO] - ✓ [nvidia/NVIDIA-Nemotron-Nano-12B-v2-VL] Temp=0.0 Rep=1 → Discordo fortemente
[2026-05-13 10:58:56,969][__main__][INFO] - ✓ [nvidia/NVIDIA-Nemotron-Nano-12B-v2-VL] Temp=0.0 Rep=1 → Discordo fortemente
[2026-05-13 10:58:56,971][__main__][INFO] - ✓ [nvidia/NVIDIA-Nemotron-Nano-12B-v2-VL] Temp=0.0 Rep=1 → Discordo fortemente
[2026-05-13 10:58:56,972][__main__][INFO] - ✓ [nvidia/NVIDIA-Nemotron-Nano-12B-v2-VL] Temp=0.0 Rep=1 → Discordo fortemente
[2026-05-13 10:58:56,973][__main__][INFO] - ✓ [nvidia/NVIDIA-Nemotron-Nano-12B-v2-VL] Temp=0.0 Rep=1 → Discordo fortemente
[2026-05-13 10:58:56,974][__main__][INFO] - ✓ [nvidia/NVIDIA-Nemotron-Nano-12B-v2-VL] Temp=0.0 Rep=1 → Discordo fortemente
[2026-05-13 10:58:56,976][__main__][INFO] - Salvamento incremental (1080 novas respostas)...
[2026-05-13 10:58:57,031][__main__][INFO] - Cache salvo com 253419 entradas
[2026-05-13 10:58:57,031][__main__][INFO] - ✓ [nvidia/NVIDIA-Nemotron-Nano-12B-v2-VL] Temp=0.0 Rep=1 → Discordo fortemente
[2026-05-13 10:58:57,033][__main__][INFO] - ✓ [nvidia/NVIDIA-Nemotron-Nano-12B-v2-VL] Temp=0.0 Rep=1 → Discordo fortemente
[2026-05-13 10:58:57,034][__main__][INFO] - ✓ [nvidia/NVIDIA-Nemotron-Nano-12B-v2-VL] Temp=0.0 Rep=1 → Discordo fortemente
[2026-05-13 10:58:57,035][__main__][INFO] - ✓ [nvidia/NVIDIA-Nemotron-Nano-12B-v2-VL] Temp=0.0 Rep=1 → Discordo fortemente
[2026-05-13 10:58:57,415][__main__][INFO] - ✓ [nvidia/NVIDIA-Nemotron-Nano-12B-v2-VL] Temp=0.0 Rep=1 → Concordo fortemente
[2026-05-13 10:58:57,485][__main__][INFO] - ✓ [nvidia/NVIDIA-Nemotron-Nano-12B-v2-VL] Temp=0.0 Rep=1 → Concordo fortemente
[2026-05-13 10:58:57,485][__main__][INFO] - ✓ [nvidia/NVIDIA-Nemotron-Nano-12B-v2-VL] Temp=0.0 Rep=1 → Discordo fortemente
[2026-05-13 10:58:57,487][__main__][INFO] - ✓ [nvidia/NVIDIA-Nemotron-Nano-12B-v2-VL] Temp=0.0 Rep=1 → Concordo fortemente
[2026-05-13 10:58:57,488][__main__][INFO] - ✓ [nvidia/NVIDIA-Nemotron-Nano-12B-v2-VL] Temp=0.0 Rep=1 → Concordo fortemente
[2026-05-13 10:58:57,489][__main__][INFO] - ✓ [nvidia/NVIDIA-Nemotron-Nano-12B-v2-VL] Temp=0.0 Rep=1 → Concordo fortemente
[2026-05-13 10:58:57,491][__main__][INFO] - ✓ [nvidia/NVIDIA-Nemotron-Nano-12B-v2-VL] Temp=0.0 Rep=1 → Discordo fortemente
[2026-05-13 10:58:57,492][__main__][INFO] - ✓ [nvidia/NVIDIA-Nemotron-Nano-12B-v2-VL] Temp=0.0 Rep=1 → Discordo fortemente
[2026-05-13 10:58:57,493][__main__][INFO] - ✓ [nvidia/NVIDIA-Nemotron-Nano-12B-v2-VL] Temp=0.0 Rep=1 → Concordo fortemente
[2026-05-13 10:58:57,494][__main__][INFO] - ✓ [nvidia/NVIDIA-Nemotron-Nano-12B-v2-VL] Temp=0.0 Rep=1 → Discordo fortemente
[2026-05-13 10:58:57,495][__main__][INFO] - ✓ [nvidia/NVIDIA-Nemotron-Nano-12B-v2-VL] Temp=0.0 Rep=1 → Concordo fortemente
[2026-05-13 10:58:57,496][__main__][INFO] - ✓ [nvidia/NVIDIA-Nemotron-Nano-12B-v2-VL] Temp=0.0 Rep=1 → Concordo fortemente
[2026-05-13 10:58:57,497][__main__][INFO] - ✓ [nvidia/NVIDIA-Nemotron-Nano-12B-v2-VL] Temp=0.0 Rep=1 → Concordo fortemente
[2026-05-13 10:58:57,500][__main__][INFO] - ✓ [nvidia/NVIDIA-Nemotron-Nano-12B-v2-VL] Temp=0.0 Rep=1 → Discordo fortemente
[2026-05-13 10:58:57,646][__main__][INFO] - ✓ [nvidia/NVIDIA-Nemotron-Nano-12B-v2-VL] Temp=0.0 Rep=1 → Concordo fortemente
[2026-05-13 10:58:57,649][__main__][INFO] - ✓ [nvidia/NVIDIA-Nemotron-Nano-12B-v2-VL] Temp=0.0 Rep=1 → Discordo fortemente
[2026-05-13 10:58:57,658][__main__][INFO] - ✓ [nvidia/NVIDIA-Nemotron-Nano-12B-v2-VL] Temp=0.0 Rep=1 → Concordo fortemente
[2026-05-13 10:58:57,661][__main__][INFO] - ✓ [nvidia/NVIDIA-Nemotron-Nano-12B-v2-VL] Temp=0.0 Rep=1 → Concordo fortemente
[2026-05-13 10:58:57,831][__main__][INFO] - ✓ [nvidia/NVIDIA-Nemotron-Nano-12B-v2-VL] Temp=0.0 Rep=1 → Discordo fortemente
[2026-05-13 10:58:57,943][__main__][INFO] - ✓ [nvidia/NVIDIA-Nemotron-Nano-12B-v2-VL] Temp=0.0 Rep=1 → Discordo fortemente
[2026-05-13 10:58:57,944][__main__][INFO] - ✓ [nvidia/NVIDIA-Nemotron-Nano-12B-v2-VL] Temp=0.0 Rep=1 → Discordo fortemente
[2026-05-13 10:58:57,946][__main__][INFO] - ✓ [nvidia/NVIDIA-Nemotron-Nano-12B-v2-VL] Temp=0.0 Rep=1 → Discordo fortemente
[2026-05-13 10:58:57,948][__main__][INFO] - ✓ [nvidia/NVIDIA-Nemotron-Nano-12B-v2-VL] Temp=0.0 Rep=1 → Discordo fortemente
[2026-05-13 10:58:57,951][__main__][INFO] - ✓ [nvidia/NVIDIA-Nemotron-Nano-12B-v2-VL] Temp=0.0 Rep=1 → Concordo fortemente
[2026-05-13 10:58:57,956][__main__][INFO] - ✓ [nvidia/NVIDIA-Nemotron-Nano-12B-v2-VL] Temp=0.0 Rep=1 → Discordo fortemente
[2026-05-13 10:58:58,034][__main__][INFO] - ✓ [nvidia/NVIDIA-Nemotron-Nano-12B-v2-VL] Temp=0.0 Rep=1 → Discordo fortemente
[2026-05-13 10:58:58,041][__main__][INFO] - ✓ [nvidia/NVIDIA-Nemotron-Nano-12B-v2-VL] Temp=0.0 Rep=1 → Discordo fortemente
[2026-05-13 10:58:58,044][__main__][INFO] - ✓ [nvidia/NVIDIA-Nemotron-Nano-12B-v2-VL] Temp=0.0 Rep=1 → Discordo fortemente
[2026-05-13 10:58:58,197][__main__][INFO] - ✓ [nvidia/NVIDIA-Nemotron-Nano-12B-v2-VL] Temp=0.0 Rep=1 → Discordo fortemente
[2026-05-13 10:58:58,199][__main__][INFO] - ✓ [nvidia/NVIDIA-Nemotron-Nano-12B-v2-VL] Temp=0.0 Rep=1 → Discordo fortemente
[2026-05-13 10:58:58,255][__main__][INFO] - ✓ [nvidia/NVIDIA-Nemotron-Nano-12B-v2-VL] Temp=0.0 Rep=1 → Discordo fortemente
[2026-05-13 10:58:58,257][__main__][INFO] - ✓ [nvidia/NVIDIA-Nemotron-Nano-12B-v2-VL] Temp=0.0 Rep=1 → Discordo fortemente
[2026-05-13 10:58:58,258][__main__][INFO] - ✓ [nvidia/NVIDIA-Nemotron-Nano-12B-v2-VL] Temp=0.0 Rep=1 → Discordo fortemente
[2026-05-13 10:58:58,263][__main__][INFO] - ✓ [nvidia/NVIDIA-Nemotron-Nano-12B-v2-VL] Temp=0.0 Rep=1 → Discordo fortemente
[2026-05-13 10:58:58,309][__main__][INFO] - ✓ [nvidia/NVIDIA-Nemotron-Nano-12B-v2-VL] Temp=0.0 Rep=1 → Discordo
[2026-05-13 10:58:58,322][__main__][INFO] - ✓ [nvidia/NVIDIA-Nemotron-Nano-12B-v2-VL] Temp=0.0 Rep=1 → Discordo fortemente
[2026-05-13 10:58:58,335][__main__][INFO] - Salvamento incremental (1120 novas respostas)...
[2026-05-13 10:58:58,384][__main__][INFO] - Cache salvo com 253459 entradas
[2026-05-13 10:58:58,384][__main__][INFO] - ✓ [nvidia/NVIDIA-Nemotron-Nano-12B-v2-VL] Temp=0.0 Rep=1 → Discordo fortemente
[2026-05-13 10:58:58,468][__main__][INFO] - ✓ [nvidia/NVIDIA-Nemotron-Nano-12B-v2-VL] Temp=0.0 Rep=1 → Discordo fortemente
[2026-05-13 10:58:58,552][__main__][INFO] - ✓ [nvidia/NVIDIA-Nemotron-Nano-12B-v2-VL] Temp=0.0 Rep=1 → Discordo fortemente
[2026-05-13 10:58:58,559][__main__][INFO] - ✓ [nvidia/NVIDIA-Nemotron-Nano-12B-v2-VL] Temp=0.0 Rep=1 → Discordo fortemente
[2026-05-13 10:58:58,673][__main__][INFO] - ✓ [nvidia/NVIDIA-Nemotron-Nano-12B-v2-VL] Temp=0.0 Rep=1 → Discordo fortemente
[2026-05-13 10:58:58,677][__main__][INFO] - ✓ [nvidia/NVIDIA-Nemotron-Nano-12B-v2-VL] Temp=0.0 Rep=1 → Discordo fortemente
[2026-05-13 10:58:58,681][__main__][INFO] - ✓ [nvidia/NVIDIA-Nemotron-Nano-12B-v2-VL] Temp=0.0 Rep=1 → Discordo fortemente
[2026-05-13 10:58:58,742][__main__][INFO] - ✓ [nvidia/NVIDIA-Nemotron-Nano-12B-v2-VL] Temp=0.0 Rep=1 → Discordo fortemente
[2026-05-13 10:58:58,744][__main__][INFO] - ✓ [nvidia/NVIDIA-Nemotron-Nano-12B-v2-VL] Temp=0.0 Rep=1 → Discordo fortemente
[2026-05-13 10:58:58,746][__main__][INFO] - ✓ [nvidia/NVIDIA-Nemotron-Nano-12B-v2-VL] Temp=0.0 Rep=1 → Discordo fortemente
[2026-05-13 10:58:58,748][__main__][INFO] - ✓ [nvidia/NVIDIA-Nemotron-Nano-12B-v2-VL] Temp=0.0 Rep=1 → Discordo fortemente
[2026-05-13 10:58:58,750][__main__][INFO] - ✓ [nvidia/NVIDIA-Nemotron-Nano-12B-v2-VL] Temp=0.0 Rep=1 → Discordo fortemente
[2026-05-13 10:58:58,768][__main__][INFO] - ✓ [nvidia/NVIDIA-Nemotron-Nano-12B-v2-VL] Temp=0.0 Rep=1 → Discordo fortemente
[2026-05-13 10:58:58,812][__main__][INFO] - ✓ [nvidia/NVIDIA-Nemotron-Nano-12B-v2-VL] Temp=0.0 Rep=1 → Discordo fortemente
[2026-05-13 10:58:58,814][__main__][INFO] - ✓ [nvidia/NVIDIA-Nemotron-Nano-12B-v2-VL] Temp=0.0 Rep=1 → Discordo fortemente
[2026-05-13 10:58:58,821][__main__][INFO] - ✓ [nvidia/NVIDIA-Nemotron-Nano-12B-v2-VL] Temp=0.0 Rep=1 → Discordo fortemente
[2026-05-13 10:58:58,877][__main__][INFO] - ✓ [nvidia/NVIDIA-Nemotron-Nano-12B-v2-VL] Temp=0.0 Rep=1 → Concordo
[2026-05-13 10:58:58,879][__main__][INFO] - ✓ [nvidia/NVIDIA-Nemotron-Nano-12B-v2-VL] Temp=0.0 Rep=1 → Discordo fortemente
[2026-05-13 10:58:58,885][__main__][INFO] - ✓ [nvidia/NVIDIA-Nemotron-Nano-12B-v2-VL] Temp=0.0 Rep=1 → Discordo fortemente
[2026-05-13 10:58:58,987][__main__][INFO] - ✓ [nvidia/NVIDIA-Nemotron-Nano-12B-v2-VL] Temp=0.0 Rep=1 → Discordo fortemente
[2026-05-13 10:58:58,990][__main__][INFO] - ✓ [nvidia/NVIDIA-Nemotron-Nano-12B-v2-VL] Temp=0.0 Rep=1 → Discordo fortemente
[2026-05-13 10:58:58,990][__main__][INFO] - ✓ [nvidia/NVIDIA-Nemotron-Nano-12B-v2-VL] Temp=0.0 Rep=1 → Discordo fortemente
[2026-05-13 10:58:58,991][__main__][INFO] - ✓ [nvidia/NVIDIA-Nemotron-Nano-12B-v2-VL] Temp=0.0 Rep=1 → Discordo fortemente
[2026-05-13 10:58:58,992][__main__][INFO] - ✓ [nvidia/NVIDIA-Nemotron-Nano-12B-v2-VL] Temp=0.0 Rep=1 → Discordo fortemente
[2026-05-13 10:58:59,002][__main__][INFO] - ✓ [nvidia/NVIDIA-Nemotron-Nano-12B-v2-VL] Temp=0.0 Rep=1 → Discordo fortemente
[2026-05-13 10:58:59,002][__main__][INFO] - ✓ [nvidia/NVIDIA-Nemotron-Nano-12B-v2-VL] Temp=0.0 Rep=1 → Discordo fortemente
[2026-05-13 10:58:59,215][__main__][INFO] - ✓ [nvidia/NVIDIA-Nemotron-Nano-12B-v2-VL] Temp=0.0 Rep=1 → Discordo fortemente
[2026-05-13 10:58:59,217][__main__][INFO] - ✓ [nvidia/NVIDIA-Nemotron-Nano-12B-v2-VL] Temp=0.0 Rep=1 → Discordo fortemente
[2026-05-13 10:58:59,218][__main__][INFO] - ✓ [nvidia/NVIDIA-Nemotron-Nano-12B-v2-VL] Temp=0.0 Rep=1 → Discordo fortemente
[2026-05-13 10:58:59,222][__main__][INFO] - ✓ [nvidia/NVIDIA-Nemotron-Nano-12B-v2-VL] Temp=0.0 Rep=1 → Discordo fortemente
[2026-05-13 10:58:59,225][__main__][INFO] - ✓ [nvidia/NVIDIA-Nemotron-Nano-12B-v2-VL] Temp=0.0 Rep=1 → Discordo fortemente
[2026-05-13 10:58:59,225][__main__][INFO] - ✓ [nvidia/NVIDIA-Nemotron-Nano-12B-v2-VL] Temp=0.0 Rep=1 → Discordo fortemente
[2026-05-13 10:58:59,231][__main__][INFO] - ✓ [nvidia/NVIDIA-Nemotron-Nano-12B-v2-VL] Temp=0.0 Rep=1 → Discordo fortemente
[2026-05-13 10:58:59,357][__main__][INFO] - ✓ [nvidia/NVIDIA-Nemotron-Nano-12B-v2-VL] Temp=0.0 Rep=1 → Discordo fortemente
[2026-05-13 10:58:59,359][__main__][INFO] - ✓ [nvidia/NVIDIA-Nemotron-Nano-12B-v2-VL] Temp=0.0 Rep=1 → Discordo fortemente
[2026-05-13 10:58:59,362][__main__][INFO] - ✓ [nvidia/NVIDIA-Nemotron-Nano-12B-v2-VL] Temp=0.0 Rep=1 → Discordo fortemente
[2026-05-13 10:58:59,367][__main__][INFO] - ✓ [nvidia/NVIDIA-Nemotron-Nano-12B-v2-VL] Temp=0.0 Rep=1 → Discordo fortemente
[2026-05-13 10:58:59,369][__main__][INFO] - ✓ [nvidia/NVIDIA-Nemotron-Nano-12B-v2-VL] Temp=0.0 Rep=1 → Discordo fortemente
[2026-05-13 10:58:59,372][__main__][INFO] - ✓ [nvidia/NVIDIA-Nemotron-Nano-12B-v2-VL] Temp=0.0 Rep=1 → Discordo fortemente
[2026-05-13 10:58:59,408][__main__][INFO] - ✓ [nvidia/NVIDIA-Nemotron-Nano-12B-v2-VL] Temp=0.0 Rep=1 → Discordo fortemente
[2026-05-13 10:58:59,414][__main__][INFO] - Salvamento incremental (1160 novas respostas)...
[2026-05-13 10:58:59,462][__main__][INFO] - Cache salvo com 253499 entradas
[2026-05-13 10:58:59,462][__main__][INFO] - ✓ [nvidia/NVIDIA-Nemotron-Nano-12B-v2-VL] Temp=0.0 Rep=1 → Discordo fortemente
[2026-05-13 10:58:59,621][__main__][INFO] - ✓ [nvidia/NVIDIA-Nemotron-Nano-12B-v2-VL] Temp=0.0 Rep=1 → Discordo fortemente
[2026-05-13 10:58:59,689][__main__][INFO] - ✓ [nvidia/NVIDIA-Nemotron-Nano-12B-v2-VL] Temp=0.0 Rep=1 → Discordo fortemente
[2026-05-13 10:58:59,692][__main__][INFO] - ✓ [nvidia/NVIDIA-Nemotron-Nano-12B-v2-VL] Temp=0.0 Rep=1 → Discordo fortemente
[2026-05-13 10:58:59,694][__main__][INFO] - ✓ [nvidia/NVIDIA-Nemotron-Nano-12B-v2-VL] Temp=0.0 Rep=1 → Discordo fortemente
[2026-05-13 10:58:59,695][__main__][INFO] - ✓ [nvidia/NVIDIA-Nemotron-Nano-12B-v2-VL] Temp=0.0 Rep=1 → Discordo fortemente
[2026-05-13 10:58:59,698][__main__][INFO] - ✓ [nvidia/NVIDIA-Nemotron-Nano-12B-v2-VL] Temp=0.0 Rep=1 → Discordo fortemente
[2026-05-13 10:58:59,700][__main__][INFO] - ✓ [nvidia/NVIDIA-Nemotron-Nano-12B-v2-VL] Temp=0.0 Rep=1 → Discordo fortemente
[2026-05-13 10:58:59,701][__main__][INFO] - ✓ [nvidia/NVIDIA-Nemotron-Nano-12B-v2-VL] Temp=0.0 Rep=1 → Concordo fortemente
[2026-05-13 10:58:59,719][__main__][INFO] - ✓ [nvidia/NVIDIA-Nemotron-Nano-12B-v2-VL] Temp=0.0 Rep=1 → Discordo fortemente
[2026-05-13 10:58:59,866][__main__][INFO] - ✓ [nvidia/NVIDIA-Nemotron-Nano-12B-v2-VL] Temp=0.0 Rep=1 → Discordo fortemente
[2026-05-13 10:58:59,884][__main__][INFO] - ✓ [nvidia/NVIDIA-Nemotron-Nano-12B-v2-VL] Temp=0.0 Rep=1 → Discordo fortemente
[2026-05-13 10:59:00,051][__main__][INFO] - ✓ [nvidia/NVIDIA-Nemotron-Nano-12B-v2-VL] Temp=0.0 Rep=1 → Discordo fortemente
[2026-05-13 10:59:00,051][__main__][INFO] - ✓ [nvidia/NVIDIA-Nemotron-Nano-12B-v2-VL] Temp=0.0 Rep=1 → Discordo fortemente
[2026-05-13 10:59:00,052][__main__][INFO] - ✓ [nvidia/NVIDIA-Nemotron-Nano-12B-v2-VL] Temp=0.0 Rep=1 → Discordo fortemente
[2026-05-13 10:59:00,162][__main__][INFO] - ✓ [nvidia/NVIDIA-Nemotron-Nano-12B-v2-VL] Temp=0.0 Rep=1 → Discordo fortemente
[2026-05-13 10:59:00,164][__main__][INFO] - ✓ [nvidia/NVIDIA-Nemotron-Nano-12B-v2-VL] Temp=0.0 Rep=1 → Discordo fortemente
[2026-05-13 10:59:00,165][__main__][INFO] - ✓ [nvidia/NVIDIA-Nemotron-Nano-12B-v2-VL] Temp=0.0 Rep=1 → Discordo fortemente
[2026-05-13 10:59:00,166][__main__][INFO] - ✓ [nvidia/NVIDIA-Nemotron-Nano-12B-v2-VL] Temp=0.0 Rep=1 → Discordo fortemente
[2026-05-13 10:59:00,168][__main__][INFO] - ✓ [nvidia/NVIDIA-Nemotron-Nano-12B-v2-VL] Temp=0.0 Rep=1 → Discordo fortemente
[2026-05-13 10:59:00,171][__main__][INFO] - ✓ [nvidia/NVIDIA-Nemotron-Nano-12B-v2-VL] Temp=0.0 Rep=1 → Discordo fortemente
[2026-05-13 10:59:00,253][__main__][INFO] - ✓ [nvidia/NVIDIA-Nemotron-Nano-12B-v2-VL] Temp=0.0 Rep=1 → Discordo fortemente
[2026-05-13 10:59:00,272][__main__][INFO] - ✓ [nvidia/NVIDIA-Nemotron-Nano-12B-v2-VL] Temp=0.0 Rep=1 → Discordo fortemente
[2026-05-13 10:59:00,273][__main__][INFO] - ✓ [nvidia/NVIDIA-Nemotron-Nano-12B-v2-VL] Temp=0.0 Rep=1 → Discordo fortemente
[2026-05-13 10:59:00,274][__main__][INFO] - ✓ [nvidia/NVIDIA-Nemotron-Nano-12B-v2-VL] Temp=0.0 Rep=1 → Discordo fortemente
[2026-05-13 10:59:00,275][__main__][INFO] - ✓ [nvidia/NVIDIA-Nemotron-Nano-12B-v2-VL] Temp=0.0 Rep=1 → Discordo fortemente
[2026-05-13 10:59:00,275][__main__][INFO] - ✓ [nvidia/NVIDIA-Nemotron-Nano-12B-v2-VL] Temp=0.0 Rep=1 → Discordo fortemente
[2026-05-13 10:59:00,277][__main__][INFO] - ✓ [nvidia/NVIDIA-Nemotron-Nano-12B-v2-VL] Temp=0.0 Rep=1 → Discordo fortemente
[2026-05-13 10:59:00,282][__main__][INFO] - ✓ [nvidia/NVIDIA-Nemotron-Nano-12B-v2-VL] Temp=0.0 Rep=1 → Discordo fortemente
[2026-05-13 10:59:00,283][__main__][INFO] - ✓ [nvidia/NVIDIA-Nemotron-Nano-12B-v2-VL] Temp=0.0 Rep=1 → Discordo fortemente
[2026-05-13 10:59:00,284][__main__][INFO] - ✓ [nvidia/NVIDIA-Nemotron-Nano-12B-v2-VL] Temp=0.0 Rep=1 → Discordo fortemente
[2026-05-13 10:59:00,285][__main__][INFO] - ✓ [nvidia/NVIDIA-Nemotron-Nano-12B-v2-VL] Temp=0.0 Rep=1 → Discordo fortemente
[2026-05-13 10:59:00,420][__main__][INFO] - ✓ [nvidia/NVIDIA-Nemotron-Nano-12B-v2-VL] Temp=0.0 Rep=1 → Discordo fortemente
[2026-05-13 10:59:00,422][__main__][INFO] - ✓ [nvidia/NVIDIA-Nemotron-Nano-12B-v2-VL] Temp=0.0 Rep=1 → Discordo fortemente
[2026-05-13 10:59:00,563][__main__][INFO] - ✓ [nvidia/NVIDIA-Nemotron-Nano-12B-v2-VL] Temp=0.0 Rep=1 → Discordo fortemente
[2026-05-13 10:59:00,566][__main__][INFO] - ✓ [nvidia/NVIDIA-Nemotron-Nano-12B-v2-VL] Temp=0.0 Rep=1 → Discordo fortemente
[2026-05-13 10:59:00,571][__main__][INFO] - ✓ [nvidia/NVIDIA-Nemotron-Nano-12B-v2-VL] Temp=0.0 Rep=1 → Discordo fortemente
[2026-05-13 10:59:00,573][__main__][INFO] - ✓ [nvidia/NVIDIA-Nemotron-Nano-12B-v2-VL] Temp=0.0 Rep=1 → Discordo fortemente
[2026-05-13 10:59:00,696][__main__][INFO] - ✓ [nvidia/NVIDIA-Nemotron-Nano-12B-v2-VL] Temp=0.0 Rep=1 → Discordo fortemente
[2026-05-13 10:59:00,698][__main__][INFO] - ✓ [nvidia/NVIDIA-Nemotron-Nano-12B-v2-VL] Temp=0.0 Rep=1 → Discordo fortemente
[2026-05-13 10:59:00,709][__main__][INFO] - Salvamento incremental (1200 novas respostas)...
[2026-05-13 10:59:00,766][__main__][INFO] - Cache salvo com 253539 entradas
[2026-05-13 10:59:00,766][__main__][INFO] - ✓ [nvidia/NVIDIA-Nemotron-Nano-12B-v2-VL] Temp=0.0 Rep=1 → Discordo fortemente
[2026-05-13 10:59:00,831][__main__][INFO] - ✓ [nvidia/NVIDIA-Nemotron-Nano-12B-v2-VL] Temp=0.0 Rep=1 → Discordo fortemente
[2026-05-13 10:59:00,832][__main__][INFO] - ✓ [nvidia/NVIDIA-Nemotron-Nano-12B-v2-VL] Temp=0.0 Rep=1 → Discordo fortemente
[2026-05-13 10:59:00,832][__main__][INFO] - ✓ [nvidia/NVIDIA-Nemotron-Nano-12B-v2-VL] Temp=0.0 Rep=1 → Discordo fortemente
[2026-05-13 10:59:00,835][__main__][INFO] - ✓ [nvidia/NVIDIA-Nemotron-Nano-12B-v2-VL] Temp=0.0 Rep=1 → Discordo fortemente
[2026-05-13 10:59:00,836][__main__][INFO] - ✓ [nvidia/NVIDIA-Nemotron-Nano-12B-v2-VL] Temp=0.0 Rep=1 → Discordo fortemente
[2026-05-13 10:59:00,836][__main__][INFO] - ✓ [nvidia/NVIDIA-Nemotron-Nano-12B-v2-VL] Temp=0.0 Rep=1 → Discordo fortemente
[2026-05-13 10:59:00,958][__main__][INFO] - ✓ [nvidia/NVIDIA-Nemotron-Nano-12B-v2-VL] Temp=0.0 Rep=1 → Discordo fortemente
[2026-05-13 10:59:00,958][__main__][INFO] - ✓ [nvidia/NVIDIA-Nemotron-Nano-12B-v2-VL] Temp=0.0 Rep=1 → Discordo fortemente
[2026-05-13 10:59:00,959][__main__][INFO] - ✓ [nvidia/NVIDIA-Nemotron-Nano-12B-v2-VL] Temp=0.0 Rep=1 → Discordo fortemente
[2026-05-13 10:59:01,088][__main__][INFO] - ✓ [nvidia/NVIDIA-Nemotron-Nano-12B-v2-VL] Temp=0.0 Rep=1 → Concordo
[2026-05-13 10:59:01,089][__main__][INFO] - ✓ [nvidia/NVIDIA-Nemotron-Nano-12B-v2-VL] Temp=0.0 Rep=1 → Concordo
[2026-05-13 10:59:01,090][__main__][INFO] - ✓ [nvidia/NVIDIA-Nemotron-Nano-12B-v2-VL] Temp=0.0 Rep=1 → Discordo fortemente
[2026-05-13 10:59:01,095][__main__][INFO] - ✓ [nvidia/NVIDIA-Nemotron-Nano-12B-v2-VL] Temp=0.0 Rep=1 → Discordo fortemente
[2026-05-13 10:59:01,096][__main__][INFO] - ✓ [nvidia/NVIDIA-Nemotron-Nano-12B-v2-VL] Temp=0.0 Rep=1 → Discordo fortemente
[2026-05-13 10:59:01,097][__main__][INFO] - ✓ [nvidia/NVIDIA-Nemotron-Nano-12B-v2-VL] Temp=0.0 Rep=1 → Discordo fortemente
[2026-05-13 10:59:01,098][__main__][INFO] - ✓ [nvidia/NVIDIA-Nemotron-Nano-12B-v2-VL] Temp=0.0 Rep=1 → Discordo fortemente
[2026-05-13 10:59:01,100][__main__][INFO] - ✓ [nvidia/NVIDIA-Nemotron-Nano-12B-v2-VL] Temp=0.0 Rep=1 → Discordo fortemente
[2026-05-13 10:59:01,103][__main__][INFO] - ✓ [nvidia/NVIDIA-Nemotron-Nano-12B-v2-VL] Temp=0.0 Rep=1 → Discordo fortemente
[2026-05-13 10:59:01,157][__main__][INFO] - ✓ [nvidia/NVIDIA-Nemotron-Nano-12B-v2-VL] Temp=0.0 Rep=1 → Discordo fortemente
[2026-05-13 10:59:01,161][__main__][INFO] - ✓ [nvidia/NVIDIA-Nemotron-Nano-12B-v2-VL] Temp=0.0 Rep=1 → Discordo fortemente
[2026-05-13 10:59:01,166][__main__][INFO] - ✓ [nvidia/NVIDIA-Nemotron-Nano-12B-v2-VL] Temp=0.0 Rep=1 → Discordo fortemente
[2026-05-13 10:59:01,308][__main__][INFO] - ✓ [nvidia/NVIDIA-Nemotron-Nano-12B-v2-VL] Temp=0.0 Rep=1 → Discordo fortemente
[2026-05-13 10:59:01,316][__main__][INFO] - ✓ [nvidia/NVIDIA-Nemotron-Nano-12B-v2-VL] Temp=0.0 Rep=1 → Concordo fortemente
[2026-05-13 10:59:01,320][__main__][INFO] - ✓ [nvidia/NVIDIA-Nemotron-Nano-12B-v2-VL] Temp=0.0 Rep=1 → Discordo fortemente
[2026-05-13 10:59:01,323][__main__][INFO] - ✓ [nvidia/NVIDIA-Nemotron-Nano-12B-v2-VL] Temp=0.0 Rep=1 → Discordo fortemente
[2026-05-13 10:59:01,327][__main__][INFO] - ✓ [nvidia/NVIDIA-Nemotron-Nano-12B-v2-VL] Temp=0.0 Rep=1 → Concordo fortemente
[2026-05-13 10:59:01,331][__main__][INFO] - ✓ [nvidia/NVIDIA-Nemotron-Nano-12B-v2-VL] Temp=0.0 Rep=1 → Discordo fortemente
[2026-05-13 10:59:01,482][__main__][INFO] - ✓ [nvidia/NVIDIA-Nemotron-Nano-12B-v2-VL] Temp=0.0 Rep=1 → Discordo fortemente
[2026-05-13 10:59:01,609][__main__][INFO] - ✓ [nvidia/NVIDIA-Nemotron-Nano-12B-v2-VL] Temp=0.0 Rep=1 → Discordo fortemente
[2026-05-13 10:59:01,612][__main__][INFO] - ✓ [nvidia/NVIDIA-Nemotron-Nano-12B-v2-VL] Temp=0.0 Rep=1 → Discordo fortemente
[2026-05-13 10:59:01,613][__main__][INFO] - ✓ [nvidia/NVIDIA-Nemotron-Nano-12B-v2-VL] Temp=0.0 Rep=1 → Discordo fortemente
[2026-05-13 10:59:01,625][__main__][INFO] - ✓ [nvidia/NVIDIA-Nemotron-Nano-12B-v2-VL] Temp=0.0 Rep=1 → Concordo fortemente
[2026-05-13 10:59:01,626][__main__][INFO] - ✓ [nvidia/NVIDIA-Nemotron-Nano-12B-v2-VL] Temp=0.0 Rep=1 → Discordo fortemente
[2026-05-13 10:59:01,626][__main__][INFO] - ✓ [nvidia/NVIDIA-Nemotron-Nano-12B-v2-VL] Temp=0.0 Rep=1 → Discordo fortemente
[2026-05-13 10:59:01,627][__main__][INFO] - ✓ [nvidia/NVIDIA-Nemotron-Nano-12B-v2-VL] Temp=0.0 Rep=1 → Discordo fortemente
[2026-05-13 10:59:01,627][__main__][INFO] - ✓ [nvidia/NVIDIA-Nemotron-Nano-12B-v2-VL] Temp=0.0 Rep=1 → Discordo fortemente
[2026-05-13 10:59:01,768][__main__][INFO] - ✓ [nvidia/NVIDIA-Nemotron-Nano-12B-v2-VL] Temp=0.0 Rep=1 → Discordo fortemente
[2026-05-13 10:59:01,874][__main__][INFO] - ✓ [nvidia/NVIDIA-Nemotron-Nano-12B-v2-VL] Temp=0.0 Rep=1 → Discordo fortemente
[2026-05-13 10:59:01,875][__main__][INFO] - ✓ [nvidia/NVIDIA-Nemotron-Nano-12B-v2-VL] Temp=0.0 Rep=1 → Discordo fortemente
[2026-05-13 10:59:01,875][__main__][INFO] - Salvamento incremental (1240 novas respostas)...
[2026-05-13 10:59:01,922][__main__][INFO] - Cache salvo com 253579 entradas
[2026-05-13 10:59:01,922][__main__][INFO] - ✓ [nvidia/NVIDIA-Nemotron-Nano-12B-v2-VL] Temp=0.0 Rep=1 → Discordo fortemente
[2026-05-13 10:59:01,924][__main__][INFO] - ✓ [nvidia/NVIDIA-Nemotron-Nano-12B-v2-VL] Temp=0.0 Rep=1 → Discordo fortemente
[2026-05-13 10:59:01,925][__main__][INFO] - ✓ [nvidia/NVIDIA-Nemotron-Nano-12B-v2-VL] Temp=0.0 Rep=1 → Discordo fortemente
[2026-05-13 10:59:01,939][__main__][INFO] - ✓ [nvidia/NVIDIA-Nemotron-Nano-12B-v2-VL] Temp=0.0 Rep=1 → Discordo fortemente
[2026-05-13 10:59:01,940][__main__][INFO] - ✓ [nvidia/NVIDIA-Nemotron-Nano-12B-v2-VL] Temp=0.0 Rep=1 → Discordo fortemente
[2026-05-13 10:59:01,941][__main__][INFO] - ✓ [nvidia/NVIDIA-Nemotron-Nano-12B-v2-VL] Temp=0.0 Rep=1 → Discordo fortemente
[2026-05-13 10:59:01,941][__main__][INFO] - ✓ [nvidia/NVIDIA-Nemotron-Nano-12B-v2-VL] Temp=0.0 Rep=1 → Concordo fortemente
[2026-05-13 10:59:01,944][__main__][INFO] - ✓ [nvidia/NVIDIA-Nemotron-Nano-12B-v2-VL] Temp=0.0 Rep=1 → Concordo
[2026-05-13 10:59:01,953][__main__][INFO] - ✓ [nvidia/NVIDIA-Nemotron-Nano-12B-v2-VL] Temp=0.0 Rep=1 → Concordo fortemente
[2026-05-13 10:59:01,953][__main__][INFO] - ✓ [nvidia/NVIDIA-Nemotron-Nano-12B-v2-VL] Temp=0.0 Rep=1 → Concordo fortemente
[2026-05-13 10:59:01,957][__main__][INFO] - ✓ [nvidia/NVIDIA-Nemotron-Nano-12B-v2-VL] Temp=0.0 Rep=1 → Concordo fortemente
[2026-05-13 10:59:01,963][__main__][INFO] - ✓ [nvidia/NVIDIA-Nemotron-Nano-12B-v2-VL] Temp=0.0 Rep=1 → Concordo
[2026-05-13 10:59:02,157][__main__][INFO] - ✓ [nvidia/NVIDIA-Nemotron-Nano-12B-v2-VL] Temp=0.0 Rep=1 → Discordo fortemente
[2026-05-13 10:59:02,158][__main__][INFO] - ✓ [nvidia/NVIDIA-Nemotron-Nano-12B-v2-VL] Temp=0.0 Rep=1 → Discordo fortemente
[2026-05-13 10:59:02,163][__main__][INFO] - ✓ [nvidia/NVIDIA-Nemotron-Nano-12B-v2-VL] Temp=0.0 Rep=1 → Discordo fortemente
[2026-05-13 10:59:02,240][__main__][INFO] - ✓ [nvidia/NVIDIA-Nemotron-Nano-12B-v2-VL] Temp=0.0 Rep=1 → Concordo fortemente
[2026-05-13 10:59:02,246][__main__][INFO] - ✓ [nvidia/NVIDIA-Nemotron-Nano-12B-v2-VL] Temp=0.0 Rep=1 → Discordo fortemente
[2026-05-13 10:59:02,248][__main__][INFO] - ✓ [nvidia/NVIDIA-Nemotron-Nano-12B-v2-VL] Temp=0.0 Rep=1 → Concordo fortemente
[2026-05-13 10:59:02,322][__main__][INFO] - ✓ [nvidia/NVIDIA-Nemotron-Nano-12B-v2-VL] Temp=0.0 Rep=1 → Discordo fortemente
[2026-05-13 10:59:02,326][__main__][INFO] - ✓ [nvidia/NVIDIA-Nemotron-Nano-12B-v2-VL] Temp=0.0 Rep=1 → Discordo fortemente
[2026-05-13 10:59:02,328][__main__][INFO] - ✓ [nvidia/NVIDIA-Nemotron-Nano-12B-v2-VL] Temp=0.0 Rep=1 → Discordo fortemente
[2026-05-13 10:59:02,331][__main__][INFO] - ✓ [nvidia/NVIDIA-Nemotron-Nano-12B-v2-VL] Temp=0.0 Rep=1 → Concordo
[2026-05-13 10:59:02,331][__main__][INFO] - ✓ [nvidia/NVIDIA-Nemotron-Nano-12B-v2-VL] Temp=0.0 Rep=1 → Concordo fortemente
[2026-05-13 10:59:02,333][__main__][INFO] - ✓ [nvidia/NVIDIA-Nemotron-Nano-12B-v2-VL] Temp=0.0 Rep=1 → Concordo fortemente
[2026-05-13 10:59:02,335][__main__][INFO] - ✓ [nvidia/NVIDIA-Nemotron-Nano-12B-v2-VL] Temp=0.0 Rep=1 → Concordo
[2026-05-13 10:59:02,337][__main__][INFO] - ✓ [nvidia/NVIDIA-Nemotron-Nano-12B-v2-VL] Temp=0.0 Rep=1 → Concordo fortemente
[2026-05-13 10:59:02,338][__main__][INFO] - ✓ [nvidia/NVIDIA-Nemotron-Nano-12B-v2-VL] Temp=0.0 Rep=1 → Discordo fortemente
[2026-05-13 10:59:02,500][__main__][INFO] - ✓ [nvidia/NVIDIA-Nemotron-Nano-12B-v2-VL] Temp=0.0 Rep=1 → Discordo fortemente
[2026-05-13 10:59:02,518][__main__][INFO] - ✓ [nvidia/NVIDIA-Nemotron-Nano-12B-v2-VL] Temp=0.0 Rep=1 → Concordo fortemente
[2026-05-13 10:59:02,519][__main__][INFO] - ✓ [nvidia/NVIDIA-Nemotron-Nano-12B-v2-VL] Temp=0.0 Rep=1 → Discordo fortemente
[2026-05-13 10:59:02,520][__main__][INFO] - ✓ [nvidia/NVIDIA-Nemotron-Nano-12B-v2-VL] Temp=0.0 Rep=1 → Concordo fortemente
[2026-05-13 10:59:02,521][__main__][INFO] - ✓ [nvidia/NVIDIA-Nemotron-Nano-12B-v2-VL] Temp=0.0 Rep=1 → Discordo fortemente
[2026-05-13 10:59:02,521][__main__][INFO] - ✓ [nvidia/NVIDIA-Nemotron-Nano-12B-v2-VL] Temp=0.0 Rep=1 → Concordo fortemente
[2026-05-13 10:59:02,747][__main__][INFO] - ✓ [nvidia/NVIDIA-Nemotron-Nano-12B-v2-VL] Temp=0.0 Rep=1 → Concordo fortemente
[2026-05-13 10:59:02,910][__main__][INFO] - ✓ [nvidia/NVIDIA-Nemotron-Nano-12B-v2-VL] Temp=0.0 Rep=1 → Discordo fortemente
[2026-05-13 10:59:02,911][__main__][INFO] - ✓ [nvidia/NVIDIA-Nemotron-Nano-12B-v2-VL] Temp=0.0 Rep=1 → Discordo fortemente
[2026-05-13 10:59:02,984][__main__][INFO] - ✓ [nvidia/NVIDIA-Nemotron-Nano-12B-v2-VL] Temp=0.0 Rep=1 → Discordo fortemente
[2026-05-13 10:59:03,039][__main__][INFO] - ✓ [nvidia/NVIDIA-Nemotron-Nano-12B-v2-VL] Temp=0.0 Rep=1 → Discordo fortemente
[2026-05-13 10:59:03,042][__main__][INFO] - ✓ [nvidia/NVIDIA-Nemotron-Nano-12B-v2-VL] Temp=0.0 Rep=1 → Discordo fortemente
[2026-05-13 10:59:03,042][__main__][INFO] - ✓ [nvidia/NVIDIA-Nemotron-Nano-12B-v2-VL] Temp=0.0 Rep=1 → Discordo fortemente
[2026-05-13 10:59:03,047][__main__][INFO] - Salvamento incremental (1280 novas respostas)...
[2026-05-13 10:59:03,101][__main__][INFO] - Cache salvo com 253619 entradas
[2026-05-13 10:59:03,101][__main__][INFO] - ✓ [nvidia/NVIDIA-Nemotron-Nano-12B-v2-VL] Temp=0.0 Rep=1 → Discordo fortemente
[2026-05-13 10:59:03,102][__main__][INFO] - ✓ [nvidia/NVIDIA-Nemotron-Nano-12B-v2-VL] Temp=0.0 Rep=1 → Discordo fortemente
[2026-05-13 10:59:03,181][__main__][INFO] - ✓ [nvidia/NVIDIA-Nemotron-Nano-12B-v2-VL] Temp=0.0 Rep=1 → Concordo fortemente
[2026-05-13 10:59:03,186][__main__][INFO] - ✓ [nvidia/NVIDIA-Nemotron-Nano-12B-v2-VL] Temp=0.0 Rep=1 → Concordo fortemente
[2026-05-13 10:59:03,189][__main__][INFO] - ✓ [nvidia/NVIDIA-Nemotron-Nano-12B-v2-VL] Temp=0.0 Rep=1 → Discordo fortemente
[2026-05-13 10:59:03,192][__main__][INFO] - ✓ [nvidia/NVIDIA-Nemotron-Nano-12B-v2-VL] Temp=0.0 Rep=1 → Concordo fortemente
[2026-05-13 10:59:03,194][__main__][INFO] - ✓ [nvidia/NVIDIA-Nemotron-Nano-12B-v2-VL] Temp=0.0 Rep=1 → Discordo fortemente
[2026-05-13 10:59:03,195][__main__][INFO] - ✓ [nvidia/NVIDIA-Nemotron-Nano-12B-v2-VL] Temp=0.0 Rep=1 → Discordo fortemente
[2026-05-13 10:59:03,248][__main__][INFO] - ✓ [nvidia/NVIDIA-Nemotron-Nano-12B-v2-VL] Temp=0.0 Rep=1 → Discordo fortemente
[2026-05-13 10:59:03,302][__main__][INFO] - ✓ [nvidia/NVIDIA-Nemotron-Nano-12B-v2-VL] Temp=0.0 Rep=1 → Discordo fortemente
[2026-05-13 10:59:03,310][__main__][INFO] - ✓ [nvidia/NVIDIA-Nemotron-Nano-12B-v2-VL] Temp=0.0 Rep=1 → Discordo fortemente
[2026-05-13 10:59:03,311][__main__][INFO] - ✓ [nvidia/NVIDIA-Nemotron-Nano-12B-v2-VL] Temp=0.0 Rep=1 → Discordo fortemente
[2026-05-13 10:59:03,312][__main__][INFO] - ✓ [nvidia/NVIDIA-Nemotron-Nano-12B-v2-VL] Temp=0.0 Rep=1 → Discordo fortemente
[2026-05-13 10:59:03,313][__main__][INFO] - ✓ [nvidia/NVIDIA-Nemotron-Nano-12B-v2-VL] Temp=0.0 Rep=1 → Discordo fortemente
[2026-05-13 10:59:03,319][__main__][INFO] - ✓ [nvidia/NVIDIA-Nemotron-Nano-12B-v2-VL] Temp=0.0 Rep=1 → Discordo fortemente
[2026-05-13 10:59:03,320][__main__][INFO] - ✓ [nvidia/NVIDIA-Nemotron-Nano-12B-v2-VL] Temp=0.0 Rep=1 → Concordo fortemente
[2026-05-13 10:59:03,321][__main__][INFO] - ✓ [nvidia/NVIDIA-Nemotron-Nano-12B-v2-VL] Temp=0.0 Rep=1 → Discordo fortemente
[2026-05-13 10:59:03,325][__main__][INFO] - ✓ [nvidia/NVIDIA-Nemotron-Nano-12B-v2-VL] Temp=0.0 Rep=1 → Discordo fortemente
[2026-05-13 10:59:03,326][__main__][INFO] - ✓ [nvidia/NVIDIA-Nemotron-Nano-12B-v2-VL] Temp=0.0 Rep=1 → Discordo fortemente
[2026-05-13 10:59:03,328][__main__][INFO] - ✓ [nvidia/NVIDIA-Nemotron-Nano-12B-v2-VL] Temp=0.0 Rep=1 → Discordo fortemente
[2026-05-13 10:59:03,330][__main__][INFO] - ✓ [nvidia/NVIDIA-Nemotron-Nano-12B-v2-VL] Temp=0.0 Rep=1 → Concordo fortemente
[2026-05-13 10:59:03,354][__main__][INFO] - ✓ [nvidia/NVIDIA-Nemotron-Nano-12B-v2-VL] Temp=0.0 Rep=1 → Discordo fortemente
[2026-05-13 10:59:03,726][__main__][INFO] - ✓ [nvidia/NVIDIA-Nemotron-Nano-12B-v2-VL] Temp=0.0 Rep=1 → Discordo fortemente
[2026-05-13 10:59:03,730][__main__][INFO] - ✓ [nvidia/NVIDIA-Nemotron-Nano-12B-v2-VL] Temp=0.0 Rep=1 → Discordo fortemente
[2026-05-13 10:59:03,740][__main__][INFO] - ✓ [nvidia/NVIDIA-Nemotron-Nano-12B-v2-VL] Temp=0.0 Rep=1 → Discordo fortemente
[2026-05-13 10:59:03,741][__main__][INFO] - ✓ [nvidia/NVIDIA-Nemotron-Nano-12B-v2-VL] Temp=0.0 Rep=1 → Concordo fortemente
[2026-05-13 10:59:03,743][__main__][INFO] - ✓ [nvidia/NVIDIA-Nemotron-Nano-12B-v2-VL] Temp=0.0 Rep=1 → Discordo fortemente
[2026-05-13 10:59:03,745][__main__][INFO] - ✓ [nvidia/NVIDIA-Nemotron-Nano-12B-v2-VL] Temp=0.0 Rep=1 → Discordo fortemente
[2026-05-13 10:59:03,745][__main__][INFO] - ✓ [nvidia/NVIDIA-Nemotron-Nano-12B-v2-VL] Temp=0.0 Rep=1 → Discordo fortemente
[2026-05-13 10:59:03,746][__main__][INFO] - ✓ [nvidia/NVIDIA-Nemotron-Nano-12B-v2-VL] Temp=0.0 Rep=1 → Discordo fortemente
[2026-05-13 10:59:03,747][__main__][INFO] - ✓ [nvidia/NVIDIA-Nemotron-Nano-12B-v2-VL] Temp=0.0 Rep=1 → Discordo fortemente
[2026-05-13 10:59:03,747][__main__][INFO] - ✓ [nvidia/NVIDIA-Nemotron-Nano-12B-v2-VL] Temp=0.0 Rep=1 → Discordo fortemente
[2026-05-13 10:59:03,748][__main__][INFO] - ✓ [nvidia/NVIDIA-Nemotron-Nano-12B-v2-VL] Temp=0.0 Rep=1 → Discordo fortemente
[2026-05-13 10:59:03,748][__main__][INFO] - ✓ [nvidia/NVIDIA-Nemotron-Nano-12B-v2-VL] Temp=0.0 Rep=1 → Discordo fortemente
[2026-05-13 10:59:03,749][__main__][INFO] - ✓ [nvidia/NVIDIA-Nemotron-Nano-12B-v2-VL] Temp=0.0 Rep=1 → Discordo fortemente
[2026-05-13 10:59:03,753][__main__][INFO] - ✓ [nvidia/NVIDIA-Nemotron-Nano-12B-v2-VL] Temp=0.0 Rep=1 → Discordo fortemente
[2026-05-13 10:59:03,975][__main__][INFO] - ✓ [nvidia/NVIDIA-Nemotron-Nano-12B-v2-VL] Temp=0.0 Rep=1 → Concordo
[2026-05-13 10:59:04,081][__main__][INFO] - ✓ [nvidia/NVIDIA-Nemotron-Nano-12B-v2-VL] Temp=0.0 Rep=1 → Concordo
[2026-05-13 10:59:04,083][__main__][INFO] - ✓ [nvidia/NVIDIA-Nemotron-Nano-12B-v2-VL] Temp=0.0 Rep=1 → Discordo fortemente
[2026-05-13 10:59:04,084][__main__][INFO] - ✓ [nvidia/NVIDIA-Nemotron-Nano-12B-v2-VL] Temp=0.0 Rep=1 → Discordo fortemente
[2026-05-13 10:59:04,088][__main__][INFO] - Salvamento incremental (1320 novas respostas)...
[2026-05-13 10:59:04,138][__main__][INFO] - Cache salvo com 253659 entradas
[2026-05-13 10:59:04,138][__main__][INFO] - ✓ [nvidia/NVIDIA-Nemotron-Nano-12B-v2-VL] Temp=0.0 Rep=1 → Discordo fortemente
[2026-05-13 10:59:04,141][__main__][INFO] - ✓ [nvidia/NVIDIA-Nemotron-Nano-12B-v2-VL] Temp=0.0 Rep=1 → Discordo fortemente
[2026-05-13 10:59:04,142][__main__][INFO] - ✓ [nvidia/NVIDIA-Nemotron-Nano-12B-v2-VL] Temp=0.0 Rep=1 → Discordo fortemente
[2026-05-13 10:59:04,142][__main__][INFO] - ✓ [nvidia/NVIDIA-Nemotron-Nano-12B-v2-VL] Temp=0.0 Rep=1 → Discordo fortemente
[2026-05-13 10:59:04,142][__main__][INFO] - ✓ [nvidia/NVIDIA-Nemotron-Nano-12B-v2-VL] Temp=0.0 Rep=1 → Concordo fortemente
[2026-05-13 10:59:04,146][__main__][INFO] - ✓ [nvidia/NVIDIA-Nemotron-Nano-12B-v2-VL] Temp=0.0 Rep=1 → Discordo fortemente
[2026-05-13 10:59:04,147][__main__][INFO] - ✓ [nvidia/NVIDIA-Nemotron-Nano-12B-v2-VL] Temp=0.0 Rep=1 → Discordo fortemente
[2026-05-13 10:59:04,148][__main__][INFO] - ✓ [nvidia/NVIDIA-Nemotron-Nano-12B-v2-VL] Temp=0.0 Rep=1 → Discordo fortemente
[2026-05-13 10:59:04,148][__main__][INFO] - ✓ [nvidia/NVIDIA-Nemotron-Nano-12B-v2-VL] Temp=0.0 Rep=1 → Discordo fortemente
[2026-05-13 10:59:04,149][__main__][INFO] - ✓ [nvidia/NVIDIA-Nemotron-Nano-12B-v2-VL] Temp=0.0 Rep=1 → Discordo fortemente
[2026-05-13 10:59:04,229][__main__][INFO] - ✓ [nvidia/NVIDIA-Nemotron-Nano-12B-v2-VL] Temp=0.0 Rep=1 → Concordo
[2026-05-13 10:59:04,248][__main__][INFO] - ✓ [nvidia/NVIDIA-Nemotron-Nano-12B-v2-VL] Temp=0.0 Rep=1 → Concordo
[2026-05-13 10:59:04,299][__main__][INFO] - ✓ [nvidia/NVIDIA-Nemotron-Nano-12B-v2-VL] Temp=0.0 Rep=1 → Discordo fortemente
[2026-05-13 10:59:04,305][__main__][INFO] - ✓ [nvidia/NVIDIA-Nemotron-Nano-12B-v2-VL] Temp=0.0 Rep=1 → Discordo fortemente
[2026-05-13 10:59:04,313][__main__][INFO] - ✓ [nvidia/NVIDIA-Nemotron-Nano-12B-v2-VL] Temp=0.0 Rep=1 → Discordo fortemente
[2026-05-13 10:59:04,320][__main__][INFO] - ✓ [nvidia/NVIDIA-Nemotron-Nano-12B-v2-VL] Temp=0.0 Rep=1 → Discordo fortemente
[2026-05-13 10:59:04,321][__main__][INFO] - ✓ [nvidia/NVIDIA-Nemotron-Nano-12B-v2-VL] Temp=0.0 Rep=1 → Concordo fortemente
[2026-05-13 10:59:04,322][__main__][INFO] - ✓ [nvidia/NVIDIA-Nemotron-Nano-12B-v2-VL] Temp=0.0 Rep=1 → Discordo fortemente
[2026-05-13 10:59:04,330][__main__][INFO] - ✓ [nvidia/NVIDIA-Nemotron-Nano-12B-v2-VL] Temp=0.0 Rep=1 → Discordo fortemente
[2026-05-13 10:59:04,332][__main__][INFO] - ✓ [nvidia/NVIDIA-Nemotron-Nano-12B-v2-VL] Temp=0.0 Rep=1 → Discordo fortemente
[2026-05-13 10:59:04,775][__main__][INFO] - ✓ [nvidia/NVIDIA-Nemotron-Nano-12B-v2-VL] Temp=0.0 Rep=1 → Discordo fortemente
[2026-05-13 10:59:04,779][__main__][INFO] - ✓ [nvidia/NVIDIA-Nemotron-Nano-12B-v2-VL] Temp=0.0 Rep=1 → Discordo fortemente
[2026-05-13 10:59:04,780][__main__][INFO] - ✓ [nvidia/NVIDIA-Nemotron-Nano-12B-v2-VL] Temp=0.0 Rep=1 → Discordo fortemente
[2026-05-13 10:59:04,783][__main__][INFO] - ✓ [nvidia/NVIDIA-Nemotron-Nano-12B-v2-VL] Temp=0.0 Rep=1 → Discordo fortemente
[2026-05-13 10:59:04,783][__main__][INFO] - ✓ [nvidia/NVIDIA-Nemotron-Nano-12B-v2-VL] Temp=0.0 Rep=1 → Discordo fortemente
[2026-05-13 10:59:04,785][__main__][INFO] - ✓ [nvidia/NVIDIA-Nemotron-Nano-12B-v2-VL] Temp=0.0 Rep=1 → Discordo fortemente
[2026-05-13 10:59:04,786][__main__][INFO] - ✓ [nvidia/NVIDIA-Nemotron-Nano-12B-v2-VL] Temp=0.0 Rep=1 → Discordo fortemente
[2026-05-13 10:59:04,787][__main__][INFO] - ✓ [nvidia/NVIDIA-Nemotron-Nano-12B-v2-VL] Temp=0.0 Rep=1 → Concordo fortemente
[2026-05-13 10:59:04,788][__main__][INFO] - ✓ [nvidia/NVIDIA-Nemotron-Nano-12B-v2-VL] Temp=0.0 Rep=1 → Discordo fortemente
[2026-05-13 10:59:04,788][__main__][INFO] - ✓ [nvidia/NVIDIA-Nemotron-Nano-12B-v2-VL] Temp=0.0 Rep=1 → Concordo fortemente
[2026-05-13 10:59:04,789][__main__][INFO] - ✓ [nvidia/NVIDIA-Nemotron-Nano-12B-v2-VL] Temp=0.0 Rep=1 → Discordo fortemente
[2026-05-13 10:59:04,790][__main__][INFO] - ✓ [nvidia/NVIDIA-Nemotron-Nano-12B-v2-VL] Temp=0.0 Rep=1 → Discordo fortemente
[2026-05-13 10:59:04,791][__main__][INFO] - ✓ [nvidia/NVIDIA-Nemotron-Nano-12B-v2-VL] Temp=0.0 Rep=1 → Discordo fortemente
[2026-05-13 10:59:04,791][__main__][INFO] - ✓ [nvidia/NVIDIA-Nemotron-Nano-12B-v2-VL] Temp=0.0 Rep=1 → Discordo fortemente
[2026-05-13 10:59:04,793][__main__][INFO] - ✓ [nvidia/NVIDIA-Nemotron-Nano-12B-v2-VL] Temp=0.0 Rep=1 → Discordo fortemente
[2026-05-13 10:59:04,797][__main__][INFO] - ✓ [nvidia/NVIDIA-Nemotron-Nano-12B-v2-VL] Temp=0.0 Rep=1 → Discordo fortemente
[2026-05-13 10:59:04,903][__main__][INFO] - ✓ [nvidia/NVIDIA-Nemotron-Nano-12B-v2-VL] Temp=0.0 Rep=1 → Discordo fortemente
[2026-05-13 10:59:04,958][__main__][INFO] - ✓ [nvidia/NVIDIA-Nemotron-Nano-12B-v2-VL] Temp=0.0 Rep=1 → Discordo fortemente
[2026-05-13 10:59:05,019][__main__][INFO] - ✓ [nvidia/NVIDIA-Nemotron-Nano-12B-v2-VL] Temp=0.0 Rep=1 → Discordo fortemente
[2026-05-13 10:59:05,024][__main__][INFO] - ✓ [nvidia/NVIDIA-Nemotron-Nano-12B-v2-VL] Temp=0.0 Rep=1 → Discordo fortemente
[2026-05-13 10:59:05,027][__main__][INFO] - Salvamento incremental (1360 novas respostas)...
[2026-05-13 10:59:05,073][__main__][INFO] - Cache salvo com 253699 entradas
[2026-05-13 10:59:05,073][__main__][INFO] - ✓ [nvidia/NVIDIA-Nemotron-Nano-12B-v2-VL] Temp=0.0 Rep=1 → Discordo fortemente
[2026-05-13 10:59:05,074][__main__][INFO] - ✓ [nvidia/NVIDIA-Nemotron-Nano-12B-v2-VL] Temp=0.0 Rep=1 → Discordo fortemente
[2026-05-13 10:59:05,175][__main__][INFO] - ✓ [nvidia/NVIDIA-Nemotron-Nano-12B-v2-VL] Temp=0.0 Rep=1 → Discordo fortemente
[2026-05-13 10:59:05,178][__main__][INFO] - ✓ [nvidia/NVIDIA-Nemotron-Nano-12B-v2-VL] Temp=0.0 Rep=1 → Discordo fortemente
[2026-05-13 10:59:05,178][__main__][INFO] - ✓ [nvidia/NVIDIA-Nemotron-Nano-12B-v2-VL] Temp=0.0 Rep=1 → Discordo fortemente
[2026-05-13 10:59:05,180][__main__][INFO] - ✓ [nvidia/NVIDIA-Nemotron-Nano-12B-v2-VL] Temp=0.0 Rep=1 → Discordo fortemente
[2026-05-13 10:59:05,181][__main__][INFO] - ✓ [nvidia/NVIDIA-Nemotron-Nano-12B-v2-VL] Temp=0.0 Rep=1 → Concordo fortemente
[2026-05-13 10:59:05,181][__main__][INFO] - ✓ [nvidia/NVIDIA-Nemotron-Nano-12B-v2-VL] Temp=0.0 Rep=1 → Discordo fortemente
[2026-05-13 10:59:05,184][__main__][INFO] - ✓ [nvidia/NVIDIA-Nemotron-Nano-12B-v2-VL] Temp=0.0 Rep=1 → Discordo fortemente
[2026-05-13 10:59:05,185][__main__][INFO] - ✓ [nvidia/NVIDIA-Nemotron-Nano-12B-v2-VL] Temp=0.0 Rep=1 → Discordo fortemente
[2026-05-13 10:59:05,186][__main__][INFO] - ✓ [nvidia/NVIDIA-Nemotron-Nano-12B-v2-VL] Temp=0.0 Rep=1 → Discordo fortemente
[2026-05-13 10:59:05,277][__main__][INFO] - ✓ [nvidia/NVIDIA-Nemotron-Nano-12B-v2-VL] Temp=0.0 Rep=1 → Discordo fortemente
[2026-05-13 10:59:05,337][__main__][INFO] - ✓ [nvidia/NVIDIA-Nemotron-Nano-12B-v2-VL] Temp=0.0 Rep=1 → Discordo fortemente
[2026-05-13 10:59:05,341][__main__][INFO] - ✓ [nvidia/NVIDIA-Nemotron-Nano-12B-v2-VL] Temp=0.0 Rep=1 → Discordo fortemente
[2026-05-13 10:59:05,342][__main__][INFO] - ✓ [nvidia/NVIDIA-Nemotron-Nano-12B-v2-VL] Temp=0.0 Rep=1 → Concordo fortemente
[2026-05-13 10:59:05,344][__main__][INFO] - ✓ [nvidia/NVIDIA-Nemotron-Nano-12B-v2-VL] Temp=0.0 Rep=1 → Concordo fortemente
[2026-05-13 10:59:05,348][__main__][INFO] - ✓ [nvidia/NVIDIA-Nemotron-Nano-12B-v2-VL] Temp=0.0 Rep=1 → Concordo fortemente
[2026-05-13 10:59:05,355][__main__][INFO] - ✓ [nvidia/NVIDIA-Nemotron-Nano-12B-v2-VL] Temp=0.0 Rep=1 → Discordo fortemente
[2026-05-13 10:59:05,519][__main__][INFO] - ✓ [nvidia/NVIDIA-Nemotron-Nano-12B-v2-VL] Temp=0.0 Rep=1 → Discordo fortemente
[2026-05-13 10:59:05,643][__main__][INFO] - ✓ [nvidia/NVIDIA-Nemotron-Nano-12B-v2-VL] Temp=0.0 Rep=1 → Discordo fortemente
[2026-05-13 10:59:05,649][__main__][INFO] - ✓ [nvidia/NVIDIA-Nemotron-Nano-12B-v2-VL] Temp=0.0 Rep=1 → Discordo fortemente
[2026-05-13 10:59:05,653][__main__][INFO] - ✓ [nvidia/NVIDIA-Nemotron-Nano-12B-v2-VL] Temp=0.0 Rep=1 → Discordo fortemente
[2026-05-13 10:59:05,857][__main__][INFO] - ✓ [nvidia/NVIDIA-Nemotron-Nano-12B-v2-VL] Temp=0.0 Rep=1 → Discordo fortemente
[2026-05-13 10:59:05,862][__main__][INFO] - ✓ [nvidia/NVIDIA-Nemotron-Nano-12B-v2-VL] Temp=0.0 Rep=1 → Concordo fortemente
[2026-05-13 10:59:05,862][__main__][INFO] - ✓ [nvidia/NVIDIA-Nemotron-Nano-12B-v2-VL] Temp=0.0 Rep=1 → Discordo fortemente
[2026-05-13 10:59:05,863][__main__][INFO] - ✓ [nvidia/NVIDIA-Nemotron-Nano-12B-v2-VL] Temp=0.0 Rep=1 → Discordo fortemente
[2026-05-13 10:59:05,863][__main__][INFO] - ✓ [nvidia/NVIDIA-Nemotron-Nano-12B-v2-VL] Temp=0.0 Rep=1 → Discordo fortemente
[2026-05-13 10:59:05,864][__main__][INFO] - ✓ [nvidia/NVIDIA-Nemotron-Nano-12B-v2-VL] Temp=0.0 Rep=1 → Discordo fortemente
[2026-05-13 10:59:05,864][__main__][INFO] - ✓ [nvidia/NVIDIA-Nemotron-Nano-12B-v2-VL] Temp=0.0 Rep=1 → Discordo fortemente
[2026-05-13 10:59:05,865][__main__][INFO] - ✓ [nvidia/NVIDIA-Nemotron-Nano-12B-v2-VL] Temp=0.0 Rep=1 → Discordo fortemente
[2026-05-13 10:59:05,865][__main__][INFO] - ✓ [nvidia/NVIDIA-Nemotron-Nano-12B-v2-VL] Temp=0.0 Rep=1 → Concordo fortemente
[2026-05-13 10:59:05,866][__main__][INFO] - ✓ [nvidia/NVIDIA-Nemotron-Nano-12B-v2-VL] Temp=0.0 Rep=1 → Concordo fortemente
[2026-05-13 10:59:05,867][__main__][INFO] - ✓ [nvidia/NVIDIA-Nemotron-Nano-12B-v2-VL] Temp=0.0 Rep=1 → Concordo fortemente
[2026-05-13 10:59:05,977][__main__][INFO] - ✓ [nvidia/NVIDIA-Nemotron-Nano-12B-v2-VL] Temp=0.0 Rep=1 → Discordo fortemente
[2026-05-13 10:59:05,984][__main__][INFO] - ✓ [nvidia/NVIDIA-Nemotron-Nano-12B-v2-VL] Temp=0.0 Rep=1 → Discordo fortemente
[2026-05-13 10:59:05,985][__main__][INFO] - ✓ [nvidia/NVIDIA-Nemotron-Nano-12B-v2-VL] Temp=0.0 Rep=1 → Discordo fortemente
[2026-05-13 10:59:05,986][__main__][INFO] - ✓ [nvidia/NVIDIA-Nemotron-Nano-12B-v2-VL] Temp=0.0 Rep=1 → Discordo fortemente
[2026-05-13 10:59:05,986][__main__][INFO] - ✓ [nvidia/NVIDIA-Nemotron-Nano-12B-v2-VL] Temp=0.0 Rep=1 → Discordo fortemente
[2026-05-13 10:59:05,987][__main__][INFO] - ✓ [nvidia/NVIDIA-Nemotron-Nano-12B-v2-VL] Temp=0.0 Rep=1 → Concordo fortemente
[2026-05-13 10:59:05,988][__main__][INFO] - ✓ [nvidia/NVIDIA-Nemotron-Nano-12B-v2-VL] Temp=0.0 Rep=1 → Discordo fortemente
[2026-05-13 10:59:05,988][__main__][INFO] - Salvamento incremental (1400 novas respostas)...
[2026-05-13 10:59:06,036][__main__][INFO] - Cache salvo com 253739 entradas
[2026-05-13 10:59:06,036][__main__][INFO] - ✓ [nvidia/NVIDIA-Nemotron-Nano-12B-v2-VL] Temp=0.0 Rep=1 → Discordo fortemente
[2026-05-13 10:59:06,037][__main__][INFO] - ✓ [nvidia/NVIDIA-Nemotron-Nano-12B-v2-VL] Temp=0.0 Rep=1 → Discordo fortemente
[2026-05-13 10:59:06,330][__main__][INFO] - ✓ [nvidia/NVIDIA-Nemotron-Nano-12B-v2-VL] Temp=0.0 Rep=1 → Discordo fortemente
[2026-05-13 10:59:06,378][__main__][INFO] - ✓ [nvidia/NVIDIA-Nemotron-Nano-12B-v2-VL] Temp=0.0 Rep=1 → Discordo fortemente
[2026-05-13 10:59:06,382][__main__][INFO] - ✓ [nvidia/NVIDIA-Nemotron-Nano-12B-v2-VL] Temp=0.0 Rep=1 → Discordo fortemente
[2026-05-13 10:59:06,384][__main__][INFO] - ✓ [nvidia/NVIDIA-Nemotron-Nano-12B-v2-VL] Temp=0.0 Rep=1 → Concordo fortemente
[2026-05-13 10:59:06,387][__main__][INFO] - ✓ [nvidia/NVIDIA-Nemotron-Nano-12B-v2-VL] Temp=0.0 Rep=1 → Discordo fortemente
[2026-05-13 10:59:06,388][__main__][INFO] - ✓ [nvidia/NVIDIA-Nemotron-Nano-12B-v2-VL] Temp=0.0 Rep=1 → Discordo fortemente
[2026-05-13 10:59:06,389][__main__][INFO] - ✓ [nvidia/NVIDIA-Nemotron-Nano-12B-v2-VL] Temp=0.0 Rep=1 → Discordo fortemente
[2026-05-13 10:59:06,390][__main__][INFO] - ✓ [nvidia/NVIDIA-Nemotron-Nano-12B-v2-VL] Temp=0.0 Rep=1 → Discordo fortemente
[2026-05-13 10:59:06,391][__main__][INFO] - ✓ [nvidia/NVIDIA-Nemotron-Nano-12B-v2-VL] Temp=0.0 Rep=1 → Discordo fortemente
[2026-05-13 10:59:06,393][__main__][INFO] - ✓ [nvidia/NVIDIA-Nemotron-Nano-12B-v2-VL] Temp=0.0 Rep=1 → Discordo fortemente
[2026-05-13 10:59:06,397][__main__][INFO] - ✓ [nvidia/NVIDIA-Nemotron-Nano-12B-v2-VL] Temp=0.0 Rep=1 → Discordo fortemente
[2026-05-13 10:59:06,405][__main__][INFO] - ✓ [nvidia/NVIDIA-Nemotron-Nano-12B-v2-VL] Temp=0.0 Rep=1 → Concordo fortemente
[2026-05-13 10:59:06,406][__main__][INFO] - ✓ [nvidia/NVIDIA-Nemotron-Nano-12B-v2-VL] Temp=0.0 Rep=1 → Concordo fortemente
[2026-05-13 10:59:06,409][__main__][INFO] - ✓ [nvidia/NVIDIA-Nemotron-Nano-12B-v2-VL] Temp=0.0 Rep=1 → Discordo fortemente
[2026-05-13 10:59:06,709][__main__][INFO] - ✓ [nvidia/NVIDIA-Nemotron-Nano-12B-v2-VL] Temp=0.0 Rep=1 → Discordo fortemente
[2026-05-13 10:59:06,867][__main__][INFO] - ✓ [nvidia/NVIDIA-Nemotron-Nano-12B-v2-VL] Temp=0.0 Rep=1 → Discordo fortemente
[2026-05-13 10:59:06,867][__main__][INFO] - ✓ [nvidia/NVIDIA-Nemotron-Nano-12B-v2-VL] Temp=0.0 Rep=1 → Discordo fortemente
[2026-05-13 10:59:06,868][__main__][INFO] - ✓ [nvidia/NVIDIA-Nemotron-Nano-12B-v2-VL] Temp=0.0 Rep=1 → Discordo fortemente
[2026-05-13 10:59:06,868][__main__][INFO] - ✓ [nvidia/NVIDIA-Nemotron-Nano-12B-v2-VL] Temp=0.0 Rep=1 → Discordo fortemente
[2026-05-13 10:59:06,869][__main__][INFO] - ✓ [nvidia/NVIDIA-Nemotron-Nano-12B-v2-VL] Temp=0.0 Rep=1 → Discordo fortemente
[2026-05-13 10:59:06,869][__main__][INFO] - ✓ [nvidia/NVIDIA-Nemotron-Nano-12B-v2-VL] Temp=0.0 Rep=1 → Discordo fortemente
[2026-05-13 10:59:06,869][__main__][INFO] - ✓ [nvidia/NVIDIA-Nemotron-Nano-12B-v2-VL] Temp=0.0 Rep=1 → Discordo fortemente
[2026-05-13 10:59:06,870][__main__][INFO] - ✓ [nvidia/NVIDIA-Nemotron-Nano-12B-v2-VL] Temp=0.0 Rep=1 → Concordo fortemente
[2026-05-13 10:59:06,870][__main__][INFO] - ✓ [nvidia/NVIDIA-Nemotron-Nano-12B-v2-VL] Temp=0.0 Rep=1 → Discordo fortemente
[2026-05-13 10:59:06,871][__main__][INFO] - ✓ [nvidia/NVIDIA-Nemotron-Nano-12B-v2-VL] Temp=0.0 Rep=1 → Discordo fortemente
[2026-05-13 10:59:06,872][__main__][INFO] - ✓ [nvidia/NVIDIA-Nemotron-Nano-12B-v2-VL] Temp=0.0 Rep=1 → Discordo fortemente
[2026-05-13 10:59:06,872][__main__][INFO] - ✓ [nvidia/NVIDIA-Nemotron-Nano-12B-v2-VL] Temp=0.0 Rep=1 → Concordo fortemente
[2026-05-13 10:59:07,075][__main__][INFO] - ✓ [nvidia/NVIDIA-Nemotron-Nano-12B-v2-VL] Temp=0.0 Rep=1 → Concordo fortemente
[2026-05-13 10:59:07,113][__main__][INFO] - ✓ [nvidia/NVIDIA-Nemotron-Nano-12B-v2-VL] Temp=0.0 Rep=1 → Discordo fortemente
[2026-05-13 10:59:07,182][__main__][INFO] - ✓ [nvidia/NVIDIA-Nemotron-Nano-12B-v2-VL] Temp=0.0 Rep=1 → Discordo fortemente
[2026-05-13 10:59:07,182][__main__][INFO] - ✓ [nvidia/NVIDIA-Nemotron-Nano-12B-v2-VL] Temp=0.0 Rep=1 → Discordo fortemente
[2026-05-13 10:59:07,183][__main__][INFO] - ✓ [nvidia/NVIDIA-Nemotron-Nano-12B-v2-VL] Temp=0.0 Rep=1 → Discordo fortemente
[2026-05-13 10:59:07,187][__main__][INFO] - ✓ [nvidia/NVIDIA-Nemotron-Nano-12B-v2-VL] Temp=0.0 Rep=1 → Concordo fortemente
[2026-05-13 10:59:07,188][__main__][INFO] - ✓ [nvidia/NVIDIA-Nemotron-Nano-12B-v2-VL] Temp=0.0 Rep=1 → Discordo fortemente
[2026-05-13 10:59:07,189][__main__][INFO] - ✓ [nvidia/NVIDIA-Nemotron-Nano-12B-v2-VL] Temp=0.0 Rep=1 → Discordo fortemente
[2026-05-13 10:59:07,191][__main__][INFO] - ✓ [nvidia/NVIDIA-Nemotron-Nano-12B-v2-VL] Temp=0.0 Rep=1 → Discordo fortemente
[2026-05-13 10:59:07,192][__main__][INFO] - ✓ [nvidia/NVIDIA-Nemotron-Nano-12B-v2-VL] Temp=0.0 Rep=1 → Discordo fortemente
[2026-05-13 10:59:07,247][__main__][INFO] - ✓ [nvidia/NVIDIA-Nemotron-Nano-12B-v2-VL] Temp=0.0 Rep=1 → Discordo fortemente
[2026-05-13 10:59:07,251][__main__][INFO] - Salvamento incremental (1440 novas respostas)...
[2026-05-13 10:59:07,306][__main__][INFO] - Cache salvo com 253779 entradas
[2026-05-13 10:59:07,307][__main__][INFO] - ✓ [nvidia/NVIDIA-Nemotron-Nano-12B-v2-VL] Temp=0.0 Rep=1 → Concordo fortemente
[2026-05-13 10:59:07,309][__main__][INFO] - ✓ [nvidia/NVIDIA-Nemotron-Nano-12B-v2-VL] Temp=0.0 Rep=1 → Discordo fortemente
[2026-05-13 10:59:07,309][__main__][INFO] - ✓ [nvidia/NVIDIA-Nemotron-Nano-12B-v2-VL] Temp=0.0 Rep=1 → Discordo fortemente
[2026-05-13 10:59:07,310][__main__][INFO] - ✓ [nvidia/NVIDIA-Nemotron-Nano-12B-v2-VL] Temp=0.0 Rep=1 → Discordo fortemente
[2026-05-13 10:59:07,311][__main__][INFO] - ✓ [nvidia/NVIDIA-Nemotron-Nano-12B-v2-VL] Temp=0.0 Rep=1 → Concordo fortemente
[2026-05-13 10:59:07,311][__main__][INFO] - ✓ [nvidia/NVIDIA-Nemotron-Nano-12B-v2-VL] Temp=0.0 Rep=1 → Concordo fortemente
[2026-05-13 10:59:07,553][__main__][INFO] - ✓ [nvidia/NVIDIA-Nemotron-Nano-12B-v2-VL] Temp=0.0 Rep=1 → Discordo fortemente
[2026-05-13 10:59:07,641][__main__][INFO] - ✓ [nvidia/NVIDIA-Nemotron-Nano-12B-v2-VL] Temp=0.0 Rep=1 → Discordo fortemente
[2026-05-13 10:59:07,643][__main__][INFO] - ✓ [nvidia/NVIDIA-Nemotron-Nano-12B-v2-VL] Temp=0.0 Rep=1 → Concordo fortemente
[2026-05-13 10:59:07,646][__main__][INFO] - ✓ [nvidia/NVIDIA-Nemotron-Nano-12B-v2-VL] Temp=0.0 Rep=1 → Discordo fortemente
[2026-05-13 10:59:07,646][__main__][INFO] - ✓ [nvidia/NVIDIA-Nemotron-Nano-12B-v2-VL] Temp=0.0 Rep=1 → Concordo fortemente
[2026-05-13 10:59:07,647][__main__][INFO] - ✓ [nvidia/NVIDIA-Nemotron-Nano-12B-v2-VL] Temp=0.0 Rep=1 → Concordo fortemente
[2026-05-13 10:59:07,649][__main__][INFO] - ✓ [nvidia/NVIDIA-Nemotron-Nano-12B-v2-VL] Temp=0.0 Rep=1 → Discordo fortemente
[2026-05-13 10:59:07,650][__main__][INFO] - ✓ [nvidia/NVIDIA-Nemotron-Nano-12B-v2-VL] Temp=0.0 Rep=1 → Discordo fortemente
[2026-05-13 10:59:07,654][__main__][INFO] - ✓ [nvidia/NVIDIA-Nemotron-Nano-12B-v2-VL] Temp=0.0 Rep=1 → Discordo fortemente
[2026-05-13 10:59:07,709][__main__][INFO] - ✓ [nvidia/NVIDIA-Nemotron-Nano-12B-v2-VL] Temp=0.0 Rep=1 → Discordo fortemente
[2026-05-13 10:59:07,711][__main__][INFO] - ✓ [nvidia/NVIDIA-Nemotron-Nano-12B-v2-VL] Temp=0.0 Rep=1 → Discordo fortemente
[2026-05-13 10:59:07,718][__main__][INFO] - ✓ [nvidia/NVIDIA-Nemotron-Nano-12B-v2-VL] Temp=0.0 Rep=1 → Discordo fortemente
[2026-05-13 10:59:07,719][__main__][INFO] - ✓ [nvidia/NVIDIA-Nemotron-Nano-12B-v2-VL] Temp=0.0 Rep=1 → Discordo fortemente
[2026-05-13 10:59:07,934][__main__][INFO] - ✓ [nvidia/NVIDIA-Nemotron-Nano-12B-v2-VL] Temp=0.0 Rep=1 → Discordo fortemente
[2026-05-13 10:59:07,934][__main__][INFO] - ✓ [nvidia/NVIDIA-Nemotron-Nano-12B-v2-VL] Temp=0.0 Rep=1 → Discordo fortemente
[2026-05-13 10:59:07,937][__main__][INFO] - ✓ [nvidia/NVIDIA-Nemotron-Nano-12B-v2-VL] Temp=0.0 Rep=1 → Discordo fortemente
[2026-05-13 10:59:07,994][__main__][INFO] - ✓ [nvidia/NVIDIA-Nemotron-Nano-12B-v2-VL] Temp=0.0 Rep=1 → Discordo fortemente
[2026-05-13 10:59:07,995][__main__][INFO] - ✓ [nvidia/NVIDIA-Nemotron-Nano-12B-v2-VL] Temp=0.0 Rep=1 → Discordo fortemente
[2026-05-13 10:59:07,996][__main__][INFO] - ✓ [nvidia/NVIDIA-Nemotron-Nano-12B-v2-VL] Temp=0.0 Rep=1 → Discordo fortemente
[2026-05-13 10:59:07,998][__main__][INFO] - ✓ [nvidia/NVIDIA-Nemotron-Nano-12B-v2-VL] Temp=0.0 Rep=1 → Discordo fortemente
[2026-05-13 10:59:07,998][__main__][INFO] - ✓ [nvidia/NVIDIA-Nemotron-Nano-12B-v2-VL] Temp=0.0 Rep=1 → Discordo fortemente
[2026-05-13 10:59:08,004][__main__][INFO] - ✓ [nvidia/NVIDIA-Nemotron-Nano-12B-v2-VL] Temp=0.0 Rep=1 → Discordo fortemente
[2026-05-13 10:59:08,005][__main__][INFO] - ✓ [nvidia/NVIDIA-Nemotron-Nano-12B-v2-VL] Temp=0.0 Rep=1 → Discordo fortemente
[2026-05-13 10:59:08,006][__main__][INFO] - ✓ [nvidia/NVIDIA-Nemotron-Nano-12B-v2-VL] Temp=0.0 Rep=1 → Discordo fortemente
[2026-05-13 10:59:08,006][__main__][INFO] - ✓ [nvidia/NVIDIA-Nemotron-Nano-12B-v2-VL] Temp=0.0 Rep=1 → Discordo fortemente
[2026-05-13 10:59:08,007][__main__][INFO] - ✓ [nvidia/NVIDIA-Nemotron-Nano-12B-v2-VL] Temp=0.0 Rep=1 → Discordo fortemente
[2026-05-13 10:59:08,014][__main__][INFO] - ✓ [nvidia/NVIDIA-Nemotron-Nano-12B-v2-VL] Temp=0.0 Rep=1 → Discordo fortemente
[2026-05-13 10:59:08,016][__main__][INFO] - ✓ [nvidia/NVIDIA-Nemotron-Nano-12B-v2-VL] Temp=0.0 Rep=1 → Discordo fortemente
[2026-05-13 10:59:08,428][__main__][INFO] - ✓ [nvidia/NVIDIA-Nemotron-Nano-12B-v2-VL] Temp=0.0 Rep=1 → Concordo
[2026-05-13 10:59:08,429][__main__][INFO] - ✓ [nvidia/NVIDIA-Nemotron-Nano-12B-v2-VL] Temp=0.0 Rep=1 → Discordo fortemente
[2026-05-13 10:59:08,436][__main__][INFO] - ✓ [nvidia/NVIDIA-Nemotron-Nano-12B-v2-VL] Temp=0.0 Rep=1 → Concordo fortemente
[2026-05-13 10:59:08,438][__main__][INFO] - ✓ [nvidia/NVIDIA-Nemotron-Nano-12B-v2-VL] Temp=0.0 Rep=1 → Discordo fortemente
[2026-05-13 10:59:08,438][__main__][INFO] - ✓ [nvidia/NVIDIA-Nemotron-Nano-12B-v2-VL] Temp=0.0 Rep=1 → Concordo fortemente
[2026-05-13 10:59:08,439][__main__][INFO] - ✓ [nvidia/NVIDIA-Nemotron-Nano-12B-v2-VL] Temp=0.0 Rep=1 → Concordo fortemente
[2026-05-13 10:59:08,439][__main__][INFO] - Salvamento incremental (1480 novas respostas)...
[2026-05-13 10:59:08,489][__main__][INFO] - Cache salvo com 253819 entradas
[2026-05-13 10:59:08,489][__main__][INFO] - ✓ [nvidia/NVIDIA-Nemotron-Nano-12B-v2-VL] Temp=0.0 Rep=1 → Concordo fortemente
[2026-05-13 10:59:08,490][__main__][INFO] - ✓ [nvidia/NVIDIA-Nemotron-Nano-12B-v2-VL] Temp=0.0 Rep=1 → Discordo fortemente
[2026-05-13 10:59:08,492][__main__][INFO] - ✓ [nvidia/NVIDIA-Nemotron-Nano-12B-v2-VL] Temp=0.0 Rep=1 → Discordo fortemente
[2026-05-13 10:59:08,492][__main__][INFO] - ✓ [nvidia/NVIDIA-Nemotron-Nano-12B-v2-VL] Temp=0.0 Rep=1 → Discordo fortemente
[2026-05-13 10:59:08,493][__main__][INFO] - ✓ [nvidia/NVIDIA-Nemotron-Nano-12B-v2-VL] Temp=0.0 Rep=1 → Concordo fortemente
[2026-05-13 10:59:08,493][__main__][INFO] - ✓ [nvidia/NVIDIA-Nemotron-Nano-12B-v2-VL] Temp=0.0 Rep=1 → Concordo fortemente
[2026-05-13 10:59:08,494][__main__][INFO] - ✓ [nvidia/NVIDIA-Nemotron-Nano-12B-v2-VL] Temp=0.0 Rep=1 → Discordo fortemente
[2026-05-13 10:59:08,495][__main__][INFO] - ✓ [nvidia/NVIDIA-Nemotron-Nano-12B-v2-VL] Temp=0.0 Rep=1 → Discordo fortemente
[2026-05-13 10:59:08,495][__main__][INFO] - ✓ [nvidia/NVIDIA-Nemotron-Nano-12B-v2-VL] Temp=0.0 Rep=1 → Concordo fortemente
[2026-05-13 10:59:08,611][__main__][INFO] - ✓ [nvidia/NVIDIA-Nemotron-Nano-12B-v2-VL] Temp=0.0 Rep=1 → Discordo fortemente
[2026-05-13 10:59:08,965][__main__][INFO] - ✓ [nvidia/NVIDIA-Nemotron-Nano-12B-v2-VL] Temp=0.0 Rep=1 → Discordo fortemente
[2026-05-13 10:59:08,966][__main__][INFO] - ✓ [nvidia/NVIDIA-Nemotron-Nano-12B-v2-VL] Temp=0.0 Rep=1 → Discordo fortemente
[2026-05-13 10:59:08,970][__main__][INFO] - ✓ [nvidia/NVIDIA-Nemotron-Nano-12B-v2-VL] Temp=0.0 Rep=1 → Discordo fortemente
[2026-05-13 10:59:08,972][__main__][INFO] - ✓ [nvidia/NVIDIA-Nemotron-Nano-12B-v2-VL] Temp=0.0 Rep=1 → Discordo fortemente
[2026-05-13 10:59:08,973][__main__][INFO] - ✓ [nvidia/NVIDIA-Nemotron-Nano-12B-v2-VL] Temp=0.0 Rep=1 → Concordo fortemente
[2026-05-13 10:59:08,973][__main__][INFO] - ✓ [nvidia/NVIDIA-Nemotron-Nano-12B-v2-VL] Temp=0.0 Rep=1 → Discordo fortemente
[2026-05-13 10:59:09,033][__main__][INFO] - ✓ [nvidia/NVIDIA-Nemotron-Nano-12B-v2-VL] Temp=0.0 Rep=1 → Discordo fortemente
[2026-05-13 10:59:09,034][__main__][INFO] - ✓ [nvidia/NVIDIA-Nemotron-Nano-12B-v2-VL] Temp=0.0 Rep=1 → Discordo fortemente
[2026-05-13 10:59:09,035][__main__][INFO] - ✓ [nvidia/NVIDIA-Nemotron-Nano-12B-v2-VL] Temp=0.0 Rep=1 → Discordo fortemente
[2026-05-13 10:59:09,035][__main__][INFO] - ✓ [nvidia/NVIDIA-Nemotron-Nano-12B-v2-VL] Temp=0.0 Rep=1 → Discordo fortemente
[2026-05-13 10:59:09,036][__main__][INFO] - ✓ [nvidia/NVIDIA-Nemotron-Nano-12B-v2-VL] Temp=0.0 Rep=1 → Discordo fortemente
[2026-05-13 10:59:09,043][__main__][INFO] - ✓ [nvidia/NVIDIA-Nemotron-Nano-12B-v2-VL] Temp=0.0 Rep=1 → Discordo fortemente
[2026-05-13 10:59:09,099][__main__][INFO] - ✓ [nvidia/NVIDIA-Nemotron-Nano-12B-v2-VL] Temp=0.0 Rep=1 → Discordo fortemente
[2026-05-13 10:59:09,108][__main__][INFO] - ✓ [nvidia/NVIDIA-Nemotron-Nano-12B-v2-VL] Temp=0.0 Rep=1 → Discordo fortemente
[2026-05-13 10:59:09,112][__main__][INFO] - ✓ [nvidia/NVIDIA-Nemotron-Nano-12B-v2-VL] Temp=0.0 Rep=1 → Discordo fortemente
[2026-05-13 10:59:09,112][__main__][INFO] - ✓ [nvidia/NVIDIA-Nemotron-Nano-12B-v2-VL] Temp=0.0 Rep=1 → Discordo fortemente
[2026-05-13 10:59:09,177][__main__][INFO] - ✓ [nvidia/NVIDIA-Nemotron-Nano-12B-v2-VL] Temp=0.0 Rep=1 → Discordo fortemente
[2026-05-13 10:59:09,177][__main__][INFO] - ✓ [nvidia/NVIDIA-Nemotron-Nano-12B-v2-VL] Temp=0.0 Rep=1 → Discordo fortemente
[2026-05-13 10:59:09,179][__main__][INFO] - ✓ [nvidia/NVIDIA-Nemotron-Nano-12B-v2-VL] Temp=0.0 Rep=1 → Discordo fortemente
[2026-05-13 10:59:09,183][__main__][INFO] - ✓ [nvidia/NVIDIA-Nemotron-Nano-12B-v2-VL] Temp=0.0 Rep=1 → Discordo fortemente
[2026-05-13 10:59:09,185][__main__][INFO] - ✓ [nvidia/NVIDIA-Nemotron-Nano-12B-v2-VL] Temp=0.0 Rep=1 → Discordo fortemente
[2026-05-13 10:59:09,186][__main__][INFO] - ✓ [nvidia/NVIDIA-Nemotron-Nano-12B-v2-VL] Temp=0.0 Rep=1 → Discordo fortemente
[2026-05-13 10:59:09,188][__main__][INFO] - ✓ [nvidia/NVIDIA-Nemotron-Nano-12B-v2-VL] Temp=0.0 Rep=1 → Discordo fortemente
[2026-05-13 10:59:09,193][__main__][INFO] - ✓ [nvidia/NVIDIA-Nemotron-Nano-12B-v2-VL] Temp=0.0 Rep=1 → Concordo fortemente
[2026-05-13 10:59:09,284][__main__][INFO] - ✓ [nvidia/NVIDIA-Nemotron-Nano-12B-v2-VL] Temp=0.0 Rep=1 → Discordo fortemente
[2026-05-13 10:59:09,321][__main__][INFO] - ✓ [nvidia/NVIDIA-Nemotron-Nano-12B-v2-VL] Temp=0.0 Rep=1 → Discordo fortemente
[2026-05-13 10:59:09,474][__main__][INFO] - ✓ [nvidia/NVIDIA-Nemotron-Nano-12B-v2-VL] Temp=0.0 Rep=1 → Discordo fortemente
[2026-05-13 10:59:09,478][__main__][INFO] - ✓ [nvidia/NVIDIA-Nemotron-Nano-12B-v2-VL] Temp=0.0 Rep=1 → Discordo fortemente
[2026-05-13 10:59:09,480][__main__][INFO] - ✓ [nvidia/NVIDIA-Nemotron-Nano-12B-v2-VL] Temp=0.0 Rep=1 → Discordo fortemente
[2026-05-13 10:59:09,481][__main__][INFO] - ✓ [nvidia/NVIDIA-Nemotron-Nano-12B-v2-VL] Temp=0.0 Rep=1 → Discordo fortemente
[2026-05-13 10:59:09,482][__main__][INFO] - Salvamento incremental (1520 novas respostas)...
[2026-05-13 10:59:09,532][__main__][INFO] - Cache salvo com 253859 entradas
[2026-05-13 10:59:09,533][__main__][INFO] - ✓ [nvidia/NVIDIA-Nemotron-Nano-12B-v2-VL] Temp=0.0 Rep=1 → Concordo fortemente
[2026-05-13 10:59:09,539][__main__][INFO] - ✓ [nvidia/NVIDIA-Nemotron-Nano-12B-v2-VL] Temp=0.0 Rep=1 → Discordo fortemente
[2026-05-13 10:59:09,599][__main__][INFO] - ✓ [nvidia/NVIDIA-Nemotron-Nano-12B-v2-VL] Temp=0.0 Rep=1 → Discordo fortemente
[2026-05-13 10:59:09,605][__main__][INFO] - ✓ [nvidia/NVIDIA-Nemotron-Nano-12B-v2-VL] Temp=0.0 Rep=1 → Discordo fortemente
[2026-05-13 10:59:09,665][__main__][INFO] - ✓ [nvidia/NVIDIA-Nemotron-Nano-12B-v2-VL] Temp=0.0 Rep=1 → Discordo fortemente
[2026-05-13 10:59:09,668][__main__][INFO] - ✓ [nvidia/NVIDIA-Nemotron-Nano-12B-v2-VL] Temp=0.0 Rep=1 → Discordo fortemente
[2026-05-13 10:59:09,668][__main__][INFO] - ✓ [nvidia/NVIDIA-Nemotron-Nano-12B-v2-VL] Temp=0.0 Rep=1 → Discordo fortemente
[2026-05-13 10:59:09,669][__main__][INFO] - ✓ [nvidia/NVIDIA-Nemotron-Nano-12B-v2-VL] Temp=0.0 Rep=1 → Discordo fortemente
[2026-05-13 10:59:09,670][__main__][INFO] - ✓ [nvidia/NVIDIA-Nemotron-Nano-12B-v2-VL] Temp=0.0 Rep=1 → Discordo fortemente
[2026-05-13 10:59:09,670][__main__][INFO] - ✓ [nvidia/NVIDIA-Nemotron-Nano-12B-v2-VL] Temp=0.0 Rep=1 → Discordo fortemente
[2026-05-13 10:59:09,674][__main__][INFO] - ✓ [nvidia/NVIDIA-Nemotron-Nano-12B-v2-VL] Temp=0.0 Rep=1 → Discordo fortemente
[2026-05-13 10:59:09,675][__main__][INFO] - ✓ [nvidia/NVIDIA-Nemotron-Nano-12B-v2-VL] Temp=0.0 Rep=1 → Discordo fortemente
[2026-05-13 10:59:09,677][__main__][INFO] - ✓ [nvidia/NVIDIA-Nemotron-Nano-12B-v2-VL] Temp=0.0 Rep=1 → Discordo fortemente
[2026-05-13 10:59:10,033][__main__][INFO] - ✓ [nvidia/NVIDIA-Nemotron-Nano-12B-v2-VL] Temp=0.0 Rep=1 → Discordo fortemente
[2026-05-13 10:59:10,094][__main__][INFO] - ✓ [nvidia/NVIDIA-Nemotron-Nano-12B-v2-VL] Temp=0.0 Rep=1 → Discordo fortemente
[2026-05-13 10:59:10,095][__main__][INFO] - ✓ [nvidia/NVIDIA-Nemotron-Nano-12B-v2-VL] Temp=0.0 Rep=1 → Discordo fortemente
[2026-05-13 10:59:10,098][__main__][INFO] - ✓ [nvidia/NVIDIA-Nemotron-Nano-12B-v2-VL] Temp=0.0 Rep=1 → Discordo fortemente
[2026-05-13 10:59:10,099][__main__][INFO] - ✓ [nvidia/NVIDIA-Nemotron-Nano-12B-v2-VL] Temp=0.0 Rep=1 → Discordo fortemente
[2026-05-13 10:59:10,100][__main__][INFO] - ✓ [nvidia/NVIDIA-Nemotron-Nano-12B-v2-VL] Temp=0.0 Rep=1 → Discordo fortemente
[2026-05-13 10:59:10,103][__main__][INFO] - ✓ [nvidia/NVIDIA-Nemotron-Nano-12B-v2-VL] Temp=0.0 Rep=1 → Discordo fortemente
[2026-05-13 10:59:10,103][__main__][INFO] - ✓ [nvidia/NVIDIA-Nemotron-Nano-12B-v2-VL] Temp=0.0 Rep=1 → Discordo fortemente
[2026-05-13 10:59:10,104][__main__][INFO] - ✓ [nvidia/NVIDIA-Nemotron-Nano-12B-v2-VL] Temp=0.0 Rep=1 → Discordo fortemente
[2026-05-13 10:59:10,105][__main__][INFO] - ✓ [nvidia/NVIDIA-Nemotron-Nano-12B-v2-VL] Temp=0.0 Rep=1 → Discordo fortemente
[2026-05-13 10:59:10,106][__main__][INFO] - ✓ [nvidia/NVIDIA-Nemotron-Nano-12B-v2-VL] Temp=0.0 Rep=1 → Discordo fortemente
[2026-05-13 10:59:10,108][__main__][INFO] - ✓ [nvidia/NVIDIA-Nemotron-Nano-12B-v2-VL] Temp=0.0 Rep=1 → Discordo fortemente
[2026-05-13 10:59:10,110][__main__][INFO] - ✓ [nvidia/NVIDIA-Nemotron-Nano-12B-v2-VL] Temp=0.0 Rep=1 → Discordo fortemente
[2026-05-13 10:59:10,118][__main__][INFO] - ✓ [nvidia/NVIDIA-Nemotron-Nano-12B-v2-VL] Temp=0.0 Rep=1 → Discordo fortemente
[2026-05-13 10:59:10,521][__main__][INFO] - ✓ [nvidia/NVIDIA-Nemotron-Nano-12B-v2-VL] Temp=0.0 Rep=1 → Discordo fortemente
[2026-05-13 10:59:10,528][__main__][INFO] - ✓ [nvidia/NVIDIA-Nemotron-Nano-12B-v2-VL] Temp=0.0 Rep=1 → Concordo fortemente
[2026-05-13 10:59:10,530][__main__][INFO] - ✓ [nvidia/NVIDIA-Nemotron-Nano-12B-v2-VL] Temp=0.0 Rep=1 → Discordo fortemente
[2026-05-13 10:59:10,532][__main__][INFO] - ✓ [nvidia/NVIDIA-Nemotron-Nano-12B-v2-VL] Temp=0.0 Rep=1 → Discordo fortemente
[2026-05-13 10:59:10,533][__main__][INFO] - ✓ [nvidia/NVIDIA-Nemotron-Nano-12B-v2-VL] Temp=0.0 Rep=1 → Discordo fortemente
[2026-05-13 10:59:10,536][__main__][INFO] - ✓ [nvidia/NVIDIA-Nemotron-Nano-12B-v2-VL] Temp=0.0 Rep=1 → Discordo fortemente
[2026-05-13 10:59:10,537][__main__][INFO] - ✓ [nvidia/NVIDIA-Nemotron-Nano-12B-v2-VL] Temp=0.0 Rep=1 → Discordo fortemente
[2026-05-13 10:59:10,538][__main__][INFO] - ✓ [nvidia/NVIDIA-Nemotron-Nano-12B-v2-VL] Temp=0.0 Rep=1 → Discordo fortemente
[2026-05-13 10:59:10,540][__main__][INFO] - ✓ [nvidia/NVIDIA-Nemotron-Nano-12B-v2-VL] Temp=0.0 Rep=1 → Discordo fortemente
[2026-05-13 10:59:10,541][__main__][INFO] - ✓ [nvidia/NVIDIA-Nemotron-Nano-12B-v2-VL] Temp=0.0 Rep=1 → Discordo fortemente
[2026-05-13 10:59:10,542][__main__][INFO] - ✓ [nvidia/NVIDIA-Nemotron-Nano-12B-v2-VL] Temp=0.0 Rep=1 → Discordo fortemente
[2026-05-13 10:59:10,542][__main__][INFO] - ✓ [nvidia/NVIDIA-Nemotron-Nano-12B-v2-VL] Temp=0.0 Rep=1 → Discordo fortemente
[2026-05-13 10:59:10,543][__main__][INFO] - ✓ [nvidia/NVIDIA-Nemotron-Nano-12B-v2-VL] Temp=0.0 Rep=1 → Discordo fortemente
[2026-05-13 10:59:10,546][__main__][INFO] - Salvamento incremental (1560 novas respostas)...
[2026-05-13 10:59:10,593][__main__][INFO] - Cache salvo com 253899 entradas
[2026-05-13 10:59:10,593][__main__][INFO] - ✓ [nvidia/NVIDIA-Nemotron-Nano-12B-v2-VL] Temp=0.0 Rep=1 → Discordo fortemente
[2026-05-13 10:59:10,865][__main__][INFO] - ✓ [nvidia/NVIDIA-Nemotron-Nano-12B-v2-VL] Temp=0.0 Rep=1 → Discordo fortemente
[2026-05-13 10:59:10,938][__main__][INFO] - ✓ [nvidia/NVIDIA-Nemotron-Nano-12B-v2-VL] Temp=0.0 Rep=1 → Discordo fortemente
[2026-05-13 10:59:10,940][__main__][INFO] - ✓ [nvidia/NVIDIA-Nemotron-Nano-12B-v2-VL] Temp=0.0 Rep=1 → Discordo fortemente
[2026-05-13 10:59:10,941][__main__][INFO] - ✓ [nvidia/NVIDIA-Nemotron-Nano-12B-v2-VL] Temp=0.0 Rep=1 → Discordo fortemente
[2026-05-13 10:59:10,943][__main__][INFO] - ✓ [nvidia/NVIDIA-Nemotron-Nano-12B-v2-VL] Temp=0.0 Rep=1 → Discordo fortemente
[2026-05-13 10:59:10,946][__main__][INFO] - ✓ [nvidia/NVIDIA-Nemotron-Nano-12B-v2-VL] Temp=0.0 Rep=1 → Discordo fortemente
[2026-05-13 10:59:10,947][__main__][INFO] - ✓ [nvidia/NVIDIA-Nemotron-Nano-12B-v2-VL] Temp=0.0 Rep=1 → Discordo fortemente
[2026-05-13 10:59:10,948][__main__][INFO] - ✓ [nvidia/NVIDIA-Nemotron-Nano-12B-v2-VL] Temp=0.0 Rep=1 → Discordo fortemente
[2026-05-13 10:59:10,950][__main__][INFO] - ✓ [nvidia/NVIDIA-Nemotron-Nano-12B-v2-VL] Temp=0.0 Rep=1 → Discordo fortemente
[2026-05-13 10:59:10,951][__main__][INFO] - ✓ [nvidia/NVIDIA-Nemotron-Nano-12B-v2-VL] Temp=0.0 Rep=1 → Discordo fortemente
[2026-05-13 10:59:10,952][__main__][INFO] - ✓ [nvidia/NVIDIA-Nemotron-Nano-12B-v2-VL] Temp=0.0 Rep=1 → Discordo fortemente
[2026-05-13 10:59:10,953][__main__][INFO] - ✓ [nvidia/NVIDIA-Nemotron-Nano-12B-v2-VL] Temp=0.0 Rep=1 → Discordo fortemente
[2026-05-13 10:59:10,953][__main__][INFO] - ✓ [nvidia/NVIDIA-Nemotron-Nano-12B-v2-VL] Temp=0.0 Rep=1 → Discordo fortemente
[2026-05-13 10:59:10,954][__main__][INFO] - ✓ [nvidia/NVIDIA-Nemotron-Nano-12B-v2-VL] Temp=0.0 Rep=1 → Discordo fortemente
[2026-05-13 10:59:10,955][__main__][INFO] - ✓ [nvidia/NVIDIA-Nemotron-Nano-12B-v2-VL] Temp=0.0 Rep=1 → Discordo fortemente
[2026-05-13 10:59:11,228][__main__][INFO] - ✓ [nvidia/NVIDIA-Nemotron-Nano-12B-v2-VL] Temp=0.0 Rep=1 → Discordo fortemente
[2026-05-13 10:59:11,245][__main__][INFO] - ✓ [nvidia/NVIDIA-Nemotron-Nano-12B-v2-VL] Temp=0.0 Rep=1 → Discordo fortemente
[2026-05-13 10:59:11,246][__main__][INFO] - ✓ [nvidia/NVIDIA-Nemotron-Nano-12B-v2-VL] Temp=0.0 Rep=1 → Discordo fortemente
[2026-05-13 10:59:11,247][__main__][INFO] - ✓ [nvidia/NVIDIA-Nemotron-Nano-12B-v2-VL] Temp=0.0 Rep=1 → Discordo fortemente
[2026-05-13 10:59:11,247][__main__][INFO] - ✓ [nvidia/NVIDIA-Nemotron-Nano-12B-v2-VL] Temp=0.0 Rep=1 → Discordo fortemente
[2026-05-13 10:59:11,249][__main__][INFO] - ✓ [nvidia/NVIDIA-Nemotron-Nano-12B-v2-VL] Temp=0.0 Rep=1 → Discordo fortemente
[2026-05-13 10:59:11,249][__main__][INFO] - ✓ [nvidia/NVIDIA-Nemotron-Nano-12B-v2-VL] Temp=0.0 Rep=1 → Discordo fortemente
[2026-05-13 10:59:11,250][__main__][INFO] - ✓ [nvidia/NVIDIA-Nemotron-Nano-12B-v2-VL] Temp=0.0 Rep=1 → Discordo fortemente
[2026-05-13 10:59:11,252][__main__][INFO] - ✓ [nvidia/NVIDIA-Nemotron-Nano-12B-v2-VL] Temp=0.0 Rep=1 → Discordo fortemente
[2026-05-13 10:59:11,254][__main__][INFO] - ✓ [nvidia/NVIDIA-Nemotron-Nano-12B-v2-VL] Temp=0.0 Rep=1 → Discordo fortemente
[2026-05-13 10:59:11,255][__main__][INFO] - ✓ [nvidia/NVIDIA-Nemotron-Nano-12B-v2-VL] Temp=0.0 Rep=1 → Discordo fortemente
[2026-05-13 10:59:11,275][__main__][INFO] - ✓ [nvidia/NVIDIA-Nemotron-Nano-12B-v2-VL] Temp=0.0 Rep=1 → Discordo fortemente
[2026-05-13 10:59:11,586][__main__][INFO] - ✓ [nvidia/NVIDIA-Nemotron-Nano-12B-v2-VL] Temp=0.0 Rep=1 → Discordo fortemente
[2026-05-13 10:59:11,597][__main__][INFO] - ✓ [nvidia/NVIDIA-Nemotron-Nano-12B-v2-VL] Temp=0.0 Rep=1 → Discordo fortemente
[2026-05-13 10:59:11,630][__main__][INFO] - ✓ [nvidia/NVIDIA-Nemotron-Nano-12B-v2-VL] Temp=0.0 Rep=1 → Discordo fortemente
[2026-05-13 10:59:11,631][__main__][INFO] - ✓ [nvidia/NVIDIA-Nemotron-Nano-12B-v2-VL] Temp=0.0 Rep=1 → Discordo fortemente
[2026-05-13 10:59:11,635][__main__][INFO] - ✓ [nvidia/NVIDIA-Nemotron-Nano-12B-v2-VL] Temp=0.0 Rep=1 → Discordo fortemente
[2026-05-13 10:59:11,636][__main__][INFO] - ✓ [nvidia/NVIDIA-Nemotron-Nano-12B-v2-VL] Temp=0.0 Rep=1 → Discordo fortemente
[2026-05-13 10:59:11,637][__main__][INFO] - ✓ [nvidia/NVIDIA-Nemotron-Nano-12B-v2-VL] Temp=0.0 Rep=1 → Discordo fortemente
[2026-05-13 10:59:11,637][__main__][INFO] - ✓ [nvidia/NVIDIA-Nemotron-Nano-12B-v2-VL] Temp=0.0 Rep=1 → Discordo fortemente
[2026-05-13 10:59:11,638][__main__][INFO] - ✓ [nvidia/NVIDIA-Nemotron-Nano-12B-v2-VL] Temp=0.0 Rep=1 → Discordo fortemente
[2026-05-13 10:59:11,639][__main__][INFO] - ✓ [nvidia/NVIDIA-Nemotron-Nano-12B-v2-VL] Temp=0.0 Rep=1 → Discordo fortemente
[2026-05-13 10:59:11,646][__main__][INFO] - ✓ [nvidia/NVIDIA-Nemotron-Nano-12B-v2-VL] Temp=0.0 Rep=1 → Discordo fortemente
[2026-05-13 10:59:11,647][__main__][INFO] - ✓ [nvidia/NVIDIA-Nemotron-Nano-12B-v2-VL] Temp=0.0 Rep=1 → Discordo fortemente
[2026-05-13 10:59:11,647][__main__][INFO] - Salvamento incremental (1600 novas respostas)...
[2026-05-13 10:59:11,696][__main__][INFO] - Cache salvo com 253939 entradas
[2026-05-13 10:59:11,696][__main__][INFO] - ✓ [nvidia/NVIDIA-Nemotron-Nano-12B-v2-VL] Temp=0.0 Rep=1 → Discordo fortemente
[2026-05-13 10:59:11,698][__main__][INFO] - ✓ [nvidia/NVIDIA-Nemotron-Nano-12B-v2-VL] Temp=0.0 Rep=1 → Discordo fortemente
[2026-05-13 10:59:11,698][__main__][INFO] - ✓ [nvidia/NVIDIA-Nemotron-Nano-12B-v2-VL] Temp=0.0 Rep=1 → Concordo fortemente
[2026-05-13 10:59:12,154][__main__][INFO] - ✓ [nvidia/NVIDIA-Nemotron-Nano-12B-v2-VL] Temp=0.0 Rep=1 → Discordo fortemente
[2026-05-13 10:59:12,156][__main__][INFO] - ✓ [nvidia/NVIDIA-Nemotron-Nano-12B-v2-VL] Temp=0.0 Rep=1 → Discordo fortemente
[2026-05-13 10:59:12,166][__main__][INFO] - ✓ [nvidia/NVIDIA-Nemotron-Nano-12B-v2-VL] Temp=0.0 Rep=1 → Discordo fortemente
[2026-05-13 10:59:12,168][__main__][INFO] - ✓ [nvidia/NVIDIA-Nemotron-Nano-12B-v2-VL] Temp=0.0 Rep=1 → Discordo fortemente
[2026-05-13 10:59:12,168][__main__][INFO] - ✓ [nvidia/NVIDIA-Nemotron-Nano-12B-v2-VL] Temp=0.0 Rep=1 → Discordo fortemente
[2026-05-13 10:59:12,169][__main__][INFO] - ✓ [nvidia/NVIDIA-Nemotron-Nano-12B-v2-VL] Temp=0.0 Rep=1 → Discordo fortemente
[2026-05-13 10:59:12,170][__main__][INFO] - ✓ [nvidia/NVIDIA-Nemotron-Nano-12B-v2-VL] Temp=0.0 Rep=1 → Discordo fortemente
[2026-05-13 10:59:12,171][__main__][INFO] - ✓ [nvidia/NVIDIA-Nemotron-Nano-12B-v2-VL] Temp=0.0 Rep=1 → Discordo fortemente
[2026-05-13 10:59:12,171][__main__][INFO] - ✓ [nvidia/NVIDIA-Nemotron-Nano-12B-v2-VL] Temp=0.0 Rep=1 → Discordo fortemente
[2026-05-13 10:59:12,172][__main__][INFO] - ✓ [nvidia/NVIDIA-Nemotron-Nano-12B-v2-VL] Temp=0.0 Rep=1 → Discordo fortemente
[2026-05-13 10:59:12,172][__main__][INFO] - ✓ [nvidia/NVIDIA-Nemotron-Nano-12B-v2-VL] Temp=0.0 Rep=1 → Discordo fortemente
[2026-05-13 10:59:12,173][__main__][INFO] - ✓ [nvidia/NVIDIA-Nemotron-Nano-12B-v2-VL] Temp=0.0 Rep=1 → Discordo fortemente
[2026-05-13 10:59:12,173][__main__][INFO] - ✓ [nvidia/NVIDIA-Nemotron-Nano-12B-v2-VL] Temp=0.0 Rep=1 → Discordo fortemente
[2026-05-13 10:59:12,461][__main__][INFO] - ✓ [nvidia/NVIDIA-Nemotron-Nano-12B-v2-VL] Temp=0.0 Rep=1 → Discordo fortemente
[2026-05-13 10:59:12,463][__main__][INFO] - ✓ [nvidia/NVIDIA-Nemotron-Nano-12B-v2-VL] Temp=0.0 Rep=1 → Discordo fortemente
[2026-05-13 10:59:12,526][__main__][INFO] - ✓ [nvidia/NVIDIA-Nemotron-Nano-12B-v2-VL] Temp=0.0 Rep=1 → Discordo fortemente
[2026-05-13 10:59:12,527][__main__][INFO] - ✓ [nvidia/NVIDIA-Nemotron-Nano-12B-v2-VL] Temp=0.0 Rep=1 → Discordo fortemente
[2026-05-13 10:59:12,528][__main__][INFO] - ✓ [nvidia/NVIDIA-Nemotron-Nano-12B-v2-VL] Temp=0.0 Rep=1 → Discordo fortemente
[2026-05-13 10:59:12,528][__main__][INFO] - ✓ [nvidia/NVIDIA-Nemotron-Nano-12B-v2-VL] Temp=0.0 Rep=1 → Discordo fortemente
[2026-05-13 10:59:12,620][__main__][INFO] - ✓ [nvidia/NVIDIA-Nemotron-Nano-12B-v2-VL] Temp=0.0 Rep=1 → Discordo fortemente
[2026-05-13 10:59:12,620][__main__][INFO] - ✓ [nvidia/NVIDIA-Nemotron-Nano-12B-v2-VL] Temp=0.0 Rep=1 → Discordo fortemente
[2026-05-13 10:59:12,621][__main__][INFO] - ✓ [nvidia/NVIDIA-Nemotron-Nano-12B-v2-VL] Temp=0.0 Rep=1 → Concordo fortemente
[2026-05-13 10:59:12,624][__main__][INFO] - ✓ [nvidia/NVIDIA-Nemotron-Nano-12B-v2-VL] Temp=0.0 Rep=1 → Discordo fortemente
[2026-05-13 10:59:12,625][__main__][INFO] - ✓ [nvidia/NVIDIA-Nemotron-Nano-12B-v2-VL] Temp=0.0 Rep=1 → Discordo fortemente
[2026-05-13 10:59:12,626][__main__][INFO] - ✓ [nvidia/NVIDIA-Nemotron-Nano-12B-v2-VL] Temp=0.0 Rep=1 → Discordo fortemente
[2026-05-13 10:59:12,627][__main__][INFO] - ✓ [nvidia/NVIDIA-Nemotron-Nano-12B-v2-VL] Temp=0.0 Rep=1 → Discordo fortemente
[2026-05-13 10:59:12,628][__main__][INFO] - ✓ [nvidia/NVIDIA-Nemotron-Nano-12B-v2-VL] Temp=0.0 Rep=1 → Discordo fortemente
[2026-05-13 10:59:12,635][__main__][INFO] - ✓ [openai/gpt-oss-20b] Temp=0.0 Rep=1 → Neutro
[2026-05-13 10:59:12,636][__main__][INFO] - ✓ [nvidia/NVIDIA-Nemotron-Nano-12B-v2-VL] Temp=0.0 Rep=1 → Discordo fortemente
[2026-05-13 10:59:12,743][__main__][INFO] - ✓ [nvidia/NVIDIA-Nemotron-Nano-12B-v2-VL] Temp=0.0 Rep=1 → Discordo fortemente
[2026-05-13 10:59:12,960][__main__][INFO] - ✓ [nvidia/NVIDIA-Nemotron-Nano-12B-v2-VL] Temp=0.0 Rep=1 → Discordo fortemente
[2026-05-13 10:59:12,966][__main__][INFO] - ✓ [nvidia/NVIDIA-Nemotron-Nano-12B-v2-VL] Temp=0.0 Rep=1 → Discordo fortemente
[2026-05-13 10:59:12,985][__main__][INFO] - ✓ [nvidia/NVIDIA-Nemotron-Nano-12B-v2-VL] Temp=0.0 Rep=1 → Discordo fortemente
[2026-05-13 10:59:13,027][__main__][INFO] - ✓ [nvidia/NVIDIA-Nemotron-Nano-12B-v2-VL] Temp=0.0 Rep=1 → Discordo fortemente
[2026-05-13 10:59:13,029][__main__][INFO] - ✓ [nvidia/NVIDIA-Nemotron-Nano-12B-v2-VL] Temp=0.0 Rep=1 → Discordo fortemente
[2026-05-13 10:59:13,032][__main__][INFO] - ✓ [nvidia/NVIDIA-Nemotron-Nano-12B-v2-VL] Temp=0.0 Rep=1 → Discordo fortemente
[2026-05-13 10:59:13,033][__main__][INFO] - ✓ [nvidia/NVIDIA-Nemotron-Nano-12B-v2-VL] Temp=0.0 Rep=1 → Discordo fortemente
[2026-05-13 10:59:13,033][__main__][INFO] - Salvamento incremental (1640 novas respostas)...
[2026-05-13 10:59:13,085][__main__][INFO] - Cache salvo com 253979 entradas
[2026-05-13 10:59:13,086][__main__][INFO] - ✓ [nvidia/NVIDIA-Nemotron-Nano-12B-v2-VL] Temp=0.0 Rep=1 → Discordo fortemente
[2026-05-13 10:59:13,087][__main__][INFO] - ✓ [nvidia/NVIDIA-Nemotron-Nano-12B-v2-VL] Temp=0.0 Rep=1 → Discordo fortemente
[2026-05-13 10:59:13,088][__main__][INFO] - ✓ [nvidia/NVIDIA-Nemotron-Nano-12B-v2-VL] Temp=0.0 Rep=1 → Discordo fortemente
[2026-05-13 10:59:13,091][__main__][INFO] - ✓ [nvidia/NVIDIA-Nemotron-Nano-12B-v2-VL] Temp=0.0 Rep=1 → Discordo fortemente
[2026-05-13 10:59:13,144][__main__][INFO] - ✓ [nvidia/NVIDIA-Nemotron-Nano-12B-v2-VL] Temp=0.0 Rep=1 → Concordo fortemente
[2026-05-13 10:59:13,145][__main__][INFO] - ✓ [nvidia/NVIDIA-Nemotron-Nano-12B-v2-VL] Temp=0.0 Rep=1 → Discordo fortemente
[2026-05-13 10:59:13,145][__main__][INFO] - ✓ [nvidia/NVIDIA-Nemotron-Nano-12B-v2-VL] Temp=0.0 Rep=1 → Discordo fortemente
[2026-05-13 10:59:13,146][__main__][INFO] - ✓ [nvidia/NVIDIA-Nemotron-Nano-12B-v2-VL] Temp=0.0 Rep=1 → Discordo fortemente
[2026-05-13 10:59:13,147][__main__][INFO] - ✓ [nvidia/NVIDIA-Nemotron-Nano-12B-v2-VL] Temp=0.0 Rep=1 → Discordo fortemente
[2026-05-13 10:59:13,161][__main__][INFO] - ✓ [nvidia/NVIDIA-Nemotron-Nano-12B-v2-VL] Temp=0.0 Rep=1 → Discordo fortemente
[2026-05-13 10:59:13,165][__main__][INFO] - ✓ [nvidia/NVIDIA-Nemotron-Nano-12B-v2-VL] Temp=0.0 Rep=1 → Discordo fortemente
[2026-05-13 10:59:13,166][__main__][INFO] - ✓ [nvidia/NVIDIA-Nemotron-Nano-12B-v2-VL] Temp=0.0 Rep=1 → Discordo fortemente
[2026-05-13 10:59:13,170][__main__][INFO] - ✓ [nvidia/NVIDIA-Nemotron-Nano-12B-v2-VL] Temp=0.0 Rep=1 → Discordo fortemente
[2026-05-13 10:59:13,172][__main__][INFO] - ✓ [nvidia/NVIDIA-Nemotron-Nano-12B-v2-VL] Temp=0.0 Rep=1 → Discordo fortemente
[2026-05-13 10:59:13,173][__main__][INFO] - ✓ [nvidia/NVIDIA-Nemotron-Nano-12B-v2-VL] Temp=0.0 Rep=1 → Discordo fortemente
[2026-05-13 10:59:13,672][__main__][INFO] - ✓ [nvidia/NVIDIA-Nemotron-Nano-12B-v2-VL] Temp=0.0 Rep=1 → Concordo fortemente
[2026-05-13 10:59:13,708][__main__][INFO] - ✓ [nvidia/NVIDIA-Nemotron-Nano-12B-v2-VL] Temp=0.0 Rep=1 → Discordo fortemente
[2026-05-13 10:59:13,712][__main__][INFO] - ✓ [nvidia/NVIDIA-Nemotron-Nano-12B-v2-VL] Temp=0.0 Rep=1 → Discordo fortemente
[2026-05-13 10:59:13,714][__main__][INFO] - ✓ [nvidia/NVIDIA-Nemotron-Nano-12B-v2-VL] Temp=0.0 Rep=1 → Discordo fortemente
[2026-05-13 10:59:13,716][__main__][INFO] - ✓ [nvidia/NVIDIA-Nemotron-Nano-12B-v2-VL] Temp=0.0 Rep=1 → Concordo fortemente
[2026-05-13 10:59:13,717][__main__][INFO] - ✓ [nvidia/NVIDIA-Nemotron-Nano-12B-v2-VL] Temp=0.0 Rep=1 → Concordo
[2026-05-13 10:59:13,719][__main__][INFO] - ✓ [nvidia/NVIDIA-Nemotron-Nano-12B-v2-VL] Temp=0.0 Rep=1 → Discordo fortemente
[2026-05-13 10:59:13,719][__main__][INFO] - ✓ [nvidia/NVIDIA-Nemotron-Nano-12B-v2-VL] Temp=0.0 Rep=1 → Discordo fortemente
[2026-05-13 10:59:13,720][__main__][INFO] - ✓ [nvidia/NVIDIA-Nemotron-Nano-12B-v2-VL] Temp=0.0 Rep=1 → Concordo fortemente
[2026-05-13 10:59:13,721][__main__][INFO] - ✓ [nvidia/NVIDIA-Nemotron-Nano-12B-v2-VL] Temp=0.0 Rep=1 → Discordo fortemente
[2026-05-13 10:59:13,722][__main__][INFO] - ✓ [nvidia/NVIDIA-Nemotron-Nano-12B-v2-VL] Temp=0.0 Rep=1 → Discordo fortemente
[2026-05-13 10:59:13,734][__main__][INFO] - ✓ [nvidia/NVIDIA-Nemotron-Nano-12B-v2-VL] Temp=0.0 Rep=1 → Concordo fortemente
[2026-05-13 10:59:13,735][__main__][INFO] - ✓ [nvidia/NVIDIA-Nemotron-Nano-12B-v2-VL] Temp=0.0 Rep=1 → Discordo fortemente
[2026-05-13 10:59:13,736][__main__][INFO] - ✓ [nvidia/NVIDIA-Nemotron-Nano-12B-v2-VL] Temp=0.0 Rep=1 → Concordo fortemente
[2026-05-13 10:59:13,742][__main__][INFO] - ✓ [nvidia/NVIDIA-Nemotron-Nano-12B-v2-VL] Temp=0.0 Rep=1 → Concordo
[2026-05-13 10:59:13,940][__main__][INFO] - ✓ [nvidia/NVIDIA-Nemotron-Nano-12B-v2-VL] Temp=0.0 Rep=1 → Discordo fortemente
[2026-05-13 10:59:14,004][__main__][INFO] - ✓ [nvidia/NVIDIA-Nemotron-Nano-12B-v2-VL] Temp=0.0 Rep=1 → Concordo
[2026-05-13 10:59:14,009][__main__][INFO] - ✓ [nvidia/NVIDIA-Nemotron-Nano-12B-v2-VL] Temp=0.0 Rep=1 → Discordo fortemente
[2026-05-13 10:59:14,010][__main__][INFO] - ✓ [nvidia/NVIDIA-Nemotron-Nano-12B-v2-VL] Temp=0.0 Rep=1 → Discordo fortemente
[2026-05-13 10:59:14,011][__main__][INFO] - ✓ [nvidia/NVIDIA-Nemotron-Nano-12B-v2-VL] Temp=0.0 Rep=1 → Discordo fortemente
[2026-05-13 10:59:14,012][__main__][INFO] - ✓ [nvidia/NVIDIA-Nemotron-Nano-12B-v2-VL] Temp=0.0 Rep=1 → Discordo fortemente
[2026-05-13 10:59:14,014][__main__][INFO] - ✓ [nvidia/NVIDIA-Nemotron-Nano-12B-v2-VL] Temp=0.0 Rep=1 → Concordo fortemente
[2026-05-13 10:59:14,015][__main__][INFO] - ✓ [nvidia/NVIDIA-Nemotron-Nano-12B-v2-VL] Temp=0.0 Rep=1 → Concordo fortemente
[2026-05-13 10:59:14,019][__main__][INFO] - ✓ [nvidia/NVIDIA-Nemotron-Nano-12B-v2-VL] Temp=0.0 Rep=1 → Discordo fortemente
[2026-05-13 10:59:14,020][__main__][INFO] - ✓ [nvidia/NVIDIA-Nemotron-Nano-12B-v2-VL] Temp=0.0 Rep=1 → Discordo fortemente
[2026-05-13 10:59:14,022][__main__][INFO] - Salvamento incremental (1680 novas respostas)...
[2026-05-13 10:59:14,073][__main__][INFO] - Cache salvo com 254019 entradas
[2026-05-13 10:59:14,073][__main__][INFO] - ✓ [nvidia/NVIDIA-Nemotron-Nano-12B-v2-VL] Temp=0.0 Rep=1 → Discordo fortemente
[2026-05-13 10:59:14,350][__main__][INFO] - ✓ [nvidia/NVIDIA-Nemotron-Nano-12B-v2-VL] Temp=0.0 Rep=1 → Discordo fortemente
[2026-05-13 10:59:14,355][__main__][INFO] - ✓ [nvidia/NVIDIA-Nemotron-Nano-12B-v2-VL] Temp=0.0 Rep=1 → Discordo fortemente
[2026-05-13 10:59:14,358][__main__][INFO] - ✓ [nvidia/NVIDIA-Nemotron-Nano-12B-v2-VL] Temp=0.0 Rep=1 → Discordo fortemente
[2026-05-13 10:59:14,363][__main__][INFO] - ✓ [nvidia/NVIDIA-Nemotron-Nano-12B-v2-VL] Temp=0.0 Rep=1 → Discordo fortemente
[2026-05-13 10:59:14,363][__main__][INFO] - ✓ [nvidia/NVIDIA-Nemotron-Nano-12B-v2-VL] Temp=0.0 Rep=1 → Discordo fortemente
[2026-05-13 10:59:14,364][__main__][INFO] - ✓ [nvidia/NVIDIA-Nemotron-Nano-12B-v2-VL] Temp=0.0 Rep=1 → Discordo fortemente
[2026-05-13 10:59:14,366][__main__][INFO] - ✓ [nvidia/NVIDIA-Nemotron-Nano-12B-v2-VL] Temp=0.0 Rep=1 → Discordo fortemente
[2026-05-13 10:59:14,368][__main__][INFO] - ✓ [nvidia/NVIDIA-Nemotron-Nano-12B-v2-VL] Temp=0.0 Rep=1 → Discordo fortemente
[2026-05-13 10:59:14,380][__main__][INFO] - ✓ [nvidia/NVIDIA-Nemotron-Nano-12B-v2-VL] Temp=0.0 Rep=1 → Discordo fortemente
[2026-05-13 10:59:14,529][__main__][INFO] - ✓ [nvidia/NVIDIA-Nemotron-Nano-12B-v2-VL] Temp=0.0 Rep=1 → Discordo fortemente
[2026-05-13 10:59:14,718][__main__][INFO] - ✓ [nvidia/NVIDIA-Nemotron-Nano-12B-v2-VL] Temp=0.0 Rep=1 → Discordo fortemente
[2026-05-13 10:59:14,721][__main__][INFO] - ✓ [nvidia/NVIDIA-Nemotron-Nano-12B-v2-VL] Temp=0.0 Rep=1 → Discordo fortemente
[2026-05-13 10:59:14,729][__main__][INFO] - ✓ [nvidia/NVIDIA-Nemotron-Nano-12B-v2-VL] Temp=0.0 Rep=1 → Discordo fortemente
[2026-05-13 10:59:14,730][__main__][INFO] - ✓ [nvidia/NVIDIA-Nemotron-Nano-12B-v2-VL] Temp=0.0 Rep=1 → Discordo fortemente
[2026-05-13 10:59:14,769][__main__][INFO] - ✓ [nvidia/NVIDIA-Nemotron-Nano-12B-v2-VL] Temp=0.0 Rep=1 → Discordo fortemente
[2026-05-13 10:59:14,773][__main__][INFO] - ✓ [nvidia/NVIDIA-Nemotron-Nano-12B-v2-VL] Temp=0.0 Rep=1 → Discordo fortemente
[2026-05-13 10:59:14,773][__main__][INFO] - ✓ [nvidia/NVIDIA-Nemotron-Nano-12B-v2-VL] Temp=0.0 Rep=1 → Discordo fortemente
[2026-05-13 10:59:14,775][__main__][INFO] - ✓ [nvidia/NVIDIA-Nemotron-Nano-12B-v2-VL] Temp=0.0 Rep=1 → Discordo fortemente
[2026-05-13 10:59:14,776][__main__][INFO] - ✓ [nvidia/NVIDIA-Nemotron-Nano-12B-v2-VL] Temp=0.0 Rep=1 → Concordo fortemente
[2026-05-13 10:59:14,778][__main__][INFO] - ✓ [nvidia/NVIDIA-Nemotron-Nano-12B-v2-VL] Temp=0.0 Rep=1 → Discordo fortemente
[2026-05-13 10:59:14,778][__main__][INFO] - ✓ [nvidia/NVIDIA-Nemotron-Nano-12B-v2-VL] Temp=0.0 Rep=1 → Discordo fortemente
[2026-05-13 10:59:14,780][__main__][INFO] - ✓ [nvidia/NVIDIA-Nemotron-Nano-12B-v2-VL] Temp=0.0 Rep=1 → Discordo fortemente
[2026-05-13 10:59:14,781][__main__][INFO] - ✓ [nvidia/NVIDIA-Nemotron-Nano-12B-v2-VL] Temp=0.0 Rep=1 → Concordo fortemente
[2026-05-13 10:59:14,784][__main__][INFO] - ✓ [nvidia/NVIDIA-Nemotron-Nano-12B-v2-VL] Temp=0.0 Rep=1 → Discordo fortemente
[2026-05-13 10:59:14,786][__main__][INFO] - ✓ [nvidia/NVIDIA-Nemotron-Nano-12B-v2-VL] Temp=0.0 Rep=1 → Discordo fortemente
[2026-05-13 10:59:14,946][__main__][INFO] - ✓ [nvidia/NVIDIA-Nemotron-Nano-12B-v2-VL] Temp=0.0 Rep=1 → Discordo fortemente
[2026-05-13 10:59:14,949][__main__][INFO] - ✓ [nvidia/NVIDIA-Nemotron-Nano-12B-v2-VL] Temp=0.0 Rep=1 → Discordo fortemente
[2026-05-13 10:59:14,951][__main__][INFO] - ✓ [nvidia/NVIDIA-Nemotron-Nano-12B-v2-VL] Temp=0.0 Rep=1 → Discordo fortemente
[2026-05-13 10:59:15,245][__main__][INFO] - ✓ [nvidia/NVIDIA-Nemotron-Nano-12B-v2-VL] Temp=0.0 Rep=1 → Discordo fortemente
[2026-05-13 10:59:15,246][__main__][INFO] - ✓ [nvidia/NVIDIA-Nemotron-Nano-12B-v2-VL] Temp=0.0 Rep=1 → Discordo fortemente
[2026-05-13 10:59:15,247][__main__][INFO] - ✓ [nvidia/NVIDIA-Nemotron-Nano-12B-v2-VL] Temp=0.0 Rep=1 → Discordo fortemente
[2026-05-13 10:59:15,248][__main__][INFO] - ✓ [nvidia/NVIDIA-Nemotron-Nano-12B-v2-VL] Temp=0.0 Rep=1 → Discordo fortemente
[2026-05-13 10:59:15,250][__main__][INFO] - ✓ [nvidia/NVIDIA-Nemotron-Nano-12B-v2-VL] Temp=0.0 Rep=1 → Discordo fortemente
[2026-05-13 10:59:15,251][__main__][INFO] - ✓ [nvidia/NVIDIA-Nemotron-Nano-12B-v2-VL] Temp=0.0 Rep=1 → Discordo fortemente
[2026-05-13 10:59:15,251][__main__][INFO] - ✓ [nvidia/NVIDIA-Nemotron-Nano-12B-v2-VL] Temp=0.0 Rep=1 → Concordo fortemente
[2026-05-13 10:59:15,253][__main__][INFO] - ✓ [nvidia/NVIDIA-Nemotron-Nano-12B-v2-VL] Temp=0.0 Rep=1 → Discordo fortemente
[2026-05-13 10:59:15,258][__main__][INFO] - ✓ [nvidia/NVIDIA-Nemotron-Nano-12B-v2-VL] Temp=0.0 Rep=1 → Discordo fortemente
[2026-05-13 10:59:15,259][__main__][INFO] - ✓ [nvidia/NVIDIA-Nemotron-Nano-12B-v2-VL] Temp=0.0 Rep=1 → Discordo fortemente
[2026-05-13 10:59:15,260][__main__][INFO] - ✓ [nvidia/NVIDIA-Nemotron-Nano-12B-v2-VL] Temp=0.0 Rep=1 → Discordo fortemente
[2026-05-13 10:59:15,260][__main__][INFO] - Salvamento incremental (1720 novas respostas)...
[2026-05-13 10:59:15,309][__main__][INFO] - Cache salvo com 254059 entradas
[2026-05-13 10:59:15,309][__main__][INFO] - ✓ [nvidia/NVIDIA-Nemotron-Nano-12B-v2-VL] Temp=0.0 Rep=1 → Discordo fortemente
[2026-05-13 10:59:15,777][__main__][INFO] - ✓ [nvidia/NVIDIA-Nemotron-Nano-12B-v2-VL] Temp=0.0 Rep=1 → Discordo fortemente
[2026-05-13 10:59:15,785][__main__][INFO] - ✓ [nvidia/NVIDIA-Nemotron-Nano-12B-v2-VL] Temp=0.0 Rep=1 → Discordo fortemente
[2026-05-13 10:59:15,786][__main__][INFO] - ✓ [nvidia/NVIDIA-Nemotron-Nano-12B-v2-VL] Temp=0.0 Rep=1 → Discordo fortemente
[2026-05-13 10:59:15,786][__main__][INFO] - ✓ [nvidia/NVIDIA-Nemotron-Nano-12B-v2-VL] Temp=0.0 Rep=1 → Discordo fortemente
[2026-05-13 10:59:15,787][__main__][INFO] - ✓ [nvidia/NVIDIA-Nemotron-Nano-12B-v2-VL] Temp=0.0 Rep=1 → Discordo fortemente
[2026-05-13 10:59:15,788][__main__][INFO] - ✓ [nvidia/NVIDIA-Nemotron-Nano-12B-v2-VL] Temp=0.0 Rep=1 → Concordo
[2026-05-13 10:59:15,789][__main__][INFO] - ✓ [nvidia/NVIDIA-Nemotron-Nano-12B-v2-VL] Temp=0.0 Rep=1 → Discordo fortemente
[2026-05-13 10:59:15,790][__main__][INFO] - ✓ [nvidia/NVIDIA-Nemotron-Nano-12B-v2-VL] Temp=0.0 Rep=1 → Discordo fortemente
[2026-05-13 10:59:15,790][__main__][INFO] - ✓ [nvidia/NVIDIA-Nemotron-Nano-12B-v2-VL] Temp=0.0 Rep=1 → Discordo fortemente
[2026-05-13 10:59:15,791][__main__][INFO] - ✓ [nvidia/NVIDIA-Nemotron-Nano-12B-v2-VL] Temp=0.0 Rep=1 → Concordo
[2026-05-13 10:59:15,791][__main__][INFO] - ✓ [nvidia/NVIDIA-Nemotron-Nano-12B-v2-VL] Temp=0.0 Rep=1 → Discordo fortemente
[2026-05-13 10:59:15,793][__main__][INFO] - ✓ [nvidia/NVIDIA-Nemotron-Nano-12B-v2-VL] Temp=0.0 Rep=1 → Concordo
[2026-05-13 10:59:15,793][__main__][INFO] - ✓ [nvidia/NVIDIA-Nemotron-Nano-12B-v2-VL] Temp=0.0 Rep=1 → Discordo fortemente
[2026-05-13 10:59:15,795][__main__][INFO] - ✓ [nvidia/NVIDIA-Nemotron-Nano-12B-v2-VL] Temp=0.0 Rep=1 → Concordo
[2026-05-13 10:59:15,796][__main__][INFO] - ✓ [nvidia/NVIDIA-Nemotron-Nano-12B-v2-VL] Temp=0.0 Rep=1 → Concordo fortemente
[2026-05-13 10:59:16,033][__main__][INFO] - ✓ [nvidia/NVIDIA-Nemotron-Nano-12B-v2-VL] Temp=0.0 Rep=1 → Concordo
[2026-05-13 10:59:16,179][__main__][INFO] - ✓ [nvidia/NVIDIA-Nemotron-Nano-12B-v2-VL] Temp=0.0 Rep=1 → Discordo fortemente
[2026-05-13 10:59:16,181][__main__][INFO] - ✓ [nvidia/NVIDIA-Nemotron-Nano-12B-v2-VL] Temp=0.0 Rep=1 → Discordo fortemente
[2026-05-13 10:59:16,182][__main__][INFO] - ✓ [nvidia/NVIDIA-Nemotron-Nano-12B-v2-VL] Temp=0.0 Rep=1 → Discordo fortemente
[2026-05-13 10:59:16,183][__main__][INFO] - ✓ [nvidia/NVIDIA-Nemotron-Nano-12B-v2-VL] Temp=0.0 Rep=1 → Discordo fortemente
[2026-05-13 10:59:16,184][__main__][INFO] - ✓ [nvidia/NVIDIA-Nemotron-Nano-12B-v2-VL] Temp=0.0 Rep=1 → Concordo
[2026-05-13 10:59:16,184][__main__][INFO] - ✓ [nvidia/NVIDIA-Nemotron-Nano-12B-v2-VL] Temp=0.0 Rep=1 → Concordo
[2026-05-13 10:59:16,188][__main__][INFO] - ✓ [nvidia/NVIDIA-Nemotron-Nano-12B-v2-VL] Temp=0.0 Rep=1 → Discordo fortemente
[2026-05-13 10:59:16,191][__main__][INFO] - ✓ [nvidia/NVIDIA-Nemotron-Nano-12B-v2-VL] Temp=0.0 Rep=1 → Concordo
[2026-05-13 10:59:16,194][__main__][INFO] - ✓ [nvidia/NVIDIA-Nemotron-Nano-12B-v2-VL] Temp=0.0 Rep=1 → Discordo fortemente
[2026-05-13 10:59:16,194][__main__][INFO] - ✓ [nvidia/NVIDIA-Nemotron-Nano-12B-v2-VL] Temp=0.0 Rep=1 → Discordo fortemente
[2026-05-13 10:59:16,196][__main__][INFO] - ✓ [nvidia/NVIDIA-Nemotron-Nano-12B-v2-VL] Temp=0.0 Rep=1 → Discordo fortemente
[2026-05-13 10:59:16,198][__main__][INFO] - ✓ [nvidia/NVIDIA-Nemotron-Nano-12B-v2-VL] Temp=0.0 Rep=1 → Discordo fortemente
[2026-05-13 10:59:16,288][__main__][INFO] - ✓ [nvidia/NVIDIA-Nemotron-Nano-12B-v2-VL] Temp=0.0 Rep=1 → Discordo fortemente
[2026-05-13 10:59:16,290][__main__][INFO] - ✓ [nvidia/NVIDIA-Nemotron-Nano-12B-v2-VL] Temp=0.0 Rep=1 → Concordo
[2026-05-13 10:59:16,376][__main__][INFO] - ✓ [nvidia/NVIDIA-Nemotron-Nano-12B-v2-VL] Temp=0.0 Rep=1 → Concordo fortemente
[2026-05-13 10:59:16,438][__main__][INFO] - ✓ [nvidia/NVIDIA-Nemotron-Nano-12B-v2-VL] Temp=0.0 Rep=1 → Discordo fortemente
[2026-05-13 10:59:16,438][__main__][INFO] - ✓ [nvidia/NVIDIA-Nemotron-Nano-12B-v2-VL] Temp=0.0 Rep=1 → Discordo fortemente
[2026-05-13 10:59:16,442][__main__][INFO] - ✓ [nvidia/NVIDIA-Nemotron-Nano-12B-v2-VL] Temp=0.0 Rep=1 → Discordo fortemente
[2026-05-13 10:59:16,447][__main__][INFO] - ✓ [nvidia/NVIDIA-Nemotron-Nano-12B-v2-VL] Temp=0.0 Rep=1 → Discordo fortemente
[2026-05-13 10:59:16,449][__main__][INFO] - ✓ [nvidia/NVIDIA-Nemotron-Nano-12B-v2-VL] Temp=0.0 Rep=1 → Discordo fortemente
[2026-05-13 10:59:16,449][__main__][INFO] - ✓ [nvidia/NVIDIA-Nemotron-Nano-12B-v2-VL] Temp=0.0 Rep=1 → Discordo fortemente
[2026-05-13 10:59:16,506][__main__][INFO] - ✓ [nvidia/NVIDIA-Nemotron-Nano-12B-v2-VL] Temp=0.0 Rep=1 → Discordo fortemente
[2026-05-13 10:59:16,511][__main__][INFO] - ✓ [nvidia/NVIDIA-Nemotron-Nano-12B-v2-VL] Temp=0.0 Rep=1 → Discordo fortemente
[2026-05-13 10:59:16,513][__main__][INFO] - Salvamento incremental (1760 novas respostas)...
[2026-05-13 10:59:16,562][__main__][INFO] - Cache salvo com 254099 entradas
[2026-05-13 10:59:16,562][__main__][INFO] - ✓ [nvidia/NVIDIA-Nemotron-Nano-12B-v2-VL] Temp=0.0 Rep=1 → Discordo fortemente
[2026-05-13 10:59:16,565][__main__][INFO] - ✓ [nvidia/NVIDIA-Nemotron-Nano-12B-v2-VL] Temp=0.0 Rep=1 → Discordo fortemente
[2026-05-13 10:59:16,831][__main__][INFO] - ✓ [nvidia/NVIDIA-Nemotron-Nano-12B-v2-VL] Temp=0.0 Rep=1 → Discordo fortemente
[2026-05-13 10:59:16,831][__main__][INFO] - ✓ [nvidia/NVIDIA-Nemotron-Nano-12B-v2-VL] Temp=0.0 Rep=1 → Discordo fortemente
[2026-05-13 10:59:16,832][__main__][INFO] - ✓ [nvidia/NVIDIA-Nemotron-Nano-12B-v2-VL] Temp=0.0 Rep=1 → Discordo fortemente
[2026-05-13 10:59:16,834][__main__][INFO] - ✓ [nvidia/NVIDIA-Nemotron-Nano-12B-v2-VL] Temp=0.0 Rep=1 → Discordo fortemente
[2026-05-13 10:59:16,834][__main__][INFO] - ✓ [nvidia/NVIDIA-Nemotron-Nano-12B-v2-VL] Temp=0.0 Rep=1 → Concordo fortemente
[2026-05-13 10:59:16,835][__main__][INFO] - ✓ [nvidia/NVIDIA-Nemotron-Nano-12B-v2-VL] Temp=0.0 Rep=1 → Discordo fortemente
[2026-05-13 10:59:16,836][__main__][INFO] - ✓ [nvidia/NVIDIA-Nemotron-Nano-12B-v2-VL] Temp=0.0 Rep=1 → Concordo fortemente
[2026-05-13 10:59:16,836][__main__][INFO] - ✓ [nvidia/NVIDIA-Nemotron-Nano-12B-v2-VL] Temp=0.0 Rep=1 → Discordo fortemente
[2026-05-13 10:59:16,837][__main__][INFO] - ✓ [nvidia/NVIDIA-Nemotron-Nano-12B-v2-VL] Temp=0.0 Rep=1 → Concordo fortemente
[2026-05-13 10:59:16,838][__main__][INFO] - ✓ [nvidia/NVIDIA-Nemotron-Nano-12B-v2-VL] Temp=0.0 Rep=1 → Discordo fortemente
[2026-05-13 10:59:16,843][__main__][INFO] - ✓ [nvidia/NVIDIA-Nemotron-Nano-12B-v2-VL] Temp=0.0 Rep=1 → Concordo fortemente
[2026-05-13 10:59:16,844][__main__][INFO] - ✓ [nvidia/NVIDIA-Nemotron-Nano-12B-v2-VL] Temp=0.0 Rep=1 → Concordo fortemente
[2026-05-13 10:59:16,916][__main__][INFO] - ✓ [nvidia/NVIDIA-Nemotron-Nano-12B-v2-VL] Temp=0.0 Rep=1 → Discordo fortemente
[2026-05-13 10:59:16,917][__main__][INFO] - ✓ [nvidia/NVIDIA-Nemotron-Nano-12B-v2-VL] Temp=0.0 Rep=1 → Discordo fortemente
[2026-05-13 10:59:16,917][__main__][INFO] - ✓ [nvidia/NVIDIA-Nemotron-Nano-12B-v2-VL] Temp=0.0 Rep=1 → Discordo fortemente
[2026-05-13 10:59:17,262][__main__][INFO] - ✓ [nvidia/NVIDIA-Nemotron-Nano-12B-v2-VL] Temp=0.0 Rep=1 → Discordo fortemente
[2026-05-13 10:59:17,726][__main__][INFO] - ✓ [nvidia/NVIDIA-Nemotron-Nano-12B-v2-VL] Temp=0.0 Rep=1 → Discordo fortemente
[2026-05-13 10:59:17,727][__main__][INFO] - ✓ [nvidia/NVIDIA-Nemotron-Nano-12B-v2-VL] Temp=0.0 Rep=1 → Discordo fortemente
[2026-05-13 10:59:17,735][__main__][INFO] - ✓ [nvidia/NVIDIA-Nemotron-Nano-12B-v2-VL] Temp=0.0 Rep=1 → Discordo fortemente
[2026-05-13 10:59:17,737][__main__][INFO] - ✓ [nvidia/NVIDIA-Nemotron-Nano-12B-v2-VL] Temp=0.0 Rep=1 → Discordo fortemente
[2026-05-13 10:59:17,738][__main__][INFO] - ✓ [nvidia/NVIDIA-Nemotron-Nano-12B-v2-VL] Temp=0.0 Rep=1 → Discordo fortemente
[2026-05-13 10:59:17,738][__main__][INFO] - ✓ [nvidia/NVIDIA-Nemotron-Nano-12B-v2-VL] Temp=0.0 Rep=1 → Discordo fortemente
[2026-05-13 10:59:17,739][__main__][INFO] - ✓ [nvidia/NVIDIA-Nemotron-Nano-12B-v2-VL] Temp=0.0 Rep=1 → Discordo fortemente
[2026-05-13 10:59:17,739][__main__][INFO] - ✓ [nvidia/NVIDIA-Nemotron-Nano-12B-v2-VL] Temp=0.0 Rep=1 → Discordo fortemente
[2026-05-13 10:59:17,747][__main__][INFO] - ✓ [nvidia/NVIDIA-Nemotron-Nano-12B-v2-VL] Temp=0.0 Rep=1 → Discordo fortemente
[2026-05-13 10:59:17,748][__main__][INFO] - ✓ [nvidia/NVIDIA-Nemotron-Nano-12B-v2-VL] Temp=0.0 Rep=1 → Concordo fortemente
[2026-05-13 10:59:17,748][__main__][INFO] - ✓ [nvidia/NVIDIA-Nemotron-Nano-12B-v2-VL] Temp=0.0 Rep=1 → Concordo fortemente
[2026-05-13 10:59:17,749][__main__][INFO] - ✓ [nvidia/NVIDIA-Nemotron-Nano-12B-v2-VL] Temp=0.0 Rep=1 → Discordo fortemente
[2026-05-13 10:59:17,750][__main__][INFO] - ✓ [nvidia/NVIDIA-Nemotron-Nano-12B-v2-VL] Temp=0.0 Rep=1 → Discordo fortemente
[2026-05-13 10:59:17,750][__main__][INFO] - ✓ [nvidia/NVIDIA-Nemotron-Nano-12B-v2-VL] Temp=0.0 Rep=1 → Discordo fortemente
[2026-05-13 10:59:17,767][__main__][INFO] - ✓ [nvidia/NVIDIA-Nemotron-Nano-12B-v2-VL] Temp=0.0 Rep=1 → Discordo fortemente
[2026-05-13 10:59:17,768][__main__][INFO] - ✓ [nvidia/NVIDIA-Nemotron-Nano-12B-v2-VL] Temp=0.0 Rep=1 → Discordo fortemente
[2026-05-13 10:59:17,769][__main__][INFO] - ✓ [nvidia/NVIDIA-Nemotron-Nano-12B-v2-VL] Temp=0.0 Rep=1 → Discordo fortemente
[2026-05-13 10:59:17,770][__main__][INFO] - ✓ [nvidia/NVIDIA-Nemotron-Nano-12B-v2-VL] Temp=0.0 Rep=1 → Discordo fortemente
[2026-05-13 10:59:17,770][__main__][INFO] - ✓ [nvidia/NVIDIA-Nemotron-Nano-12B-v2-VL] Temp=0.0 Rep=1 → Discordo fortemente
[2026-05-13 10:59:17,771][__main__][INFO] - ✓ [nvidia/NVIDIA-Nemotron-Nano-12B-v2-VL] Temp=0.0 Rep=1 → Discordo fortemente
[2026-05-13 10:59:17,774][__main__][INFO] - ✓ [nvidia/NVIDIA-Nemotron-Nano-12B-v2-VL] Temp=0.0 Rep=1 → Discordo fortemente
[2026-05-13 10:59:17,776][__main__][INFO] - ✓ [nvidia/NVIDIA-Nemotron-Nano-12B-v2-VL] Temp=0.0 Rep=1 → Discordo fortemente
[2026-05-13 10:59:17,778][__main__][INFO] - Salvamento incremental (1800 novas respostas)...
[2026-05-13 10:59:17,840][__main__][INFO] - Cache salvo com 254139 entradas
[2026-05-13 10:59:17,841][__main__][INFO] - ✓ [nvidia/NVIDIA-Nemotron-Nano-12B-v2-VL] Temp=0.0 Rep=1 → Discordo fortemente
[2026-05-13 10:59:17,928][__main__][INFO] - ✓ [nvidia/NVIDIA-Nemotron-Nano-12B-v2-VL] Temp=0.0 Rep=1 → Discordo fortemente
[2026-05-13 10:59:18,230][__main__][INFO] - ✓ [nvidia/NVIDIA-Nemotron-Nano-12B-v2-VL] Temp=0.0 Rep=1 → Concordo fortemente
[2026-05-13 10:59:18,234][__main__][INFO] - ✓ [nvidia/NVIDIA-Nemotron-Nano-12B-v2-VL] Temp=0.0 Rep=1 → Concordo
[2026-05-13 10:59:18,243][__main__][INFO] - ✓ [nvidia/NVIDIA-Nemotron-Nano-12B-v2-VL] Temp=0.0 Rep=1 → Concordo
[2026-05-13 10:59:18,244][__main__][INFO] - ✓ [nvidia/NVIDIA-Nemotron-Nano-12B-v2-VL] Temp=0.0 Rep=1 → Concordo fortemente
[2026-05-13 10:59:18,246][__main__][INFO] - ✓ [nvidia/NVIDIA-Nemotron-Nano-12B-v2-VL] Temp=0.0 Rep=1 → Concordo
[2026-05-13 10:59:18,250][__main__][INFO] - ✓ [nvidia/NVIDIA-Nemotron-Nano-12B-v2-VL] Temp=0.0 Rep=1 → Discordo fortemente
[2026-05-13 10:59:18,250][__main__][INFO] - ✓ [nvidia/NVIDIA-Nemotron-Nano-12B-v2-VL] Temp=0.0 Rep=1 → Concordo fortemente
[2026-05-13 10:59:18,265][__main__][INFO] - ✓ [nvidia/NVIDIA-Nemotron-Nano-12B-v2-VL] Temp=0.0 Rep=1 → Discordo fortemente
[2026-05-13 10:59:18,386][__main__][INFO] - ✓ [nvidia/NVIDIA-Nemotron-Nano-12B-v2-VL] Temp=0.0 Rep=1 → Discordo fortemente
[2026-05-13 10:59:18,386][__main__][INFO] - ✓ [nvidia/NVIDIA-Nemotron-Nano-12B-v2-VL] Temp=0.0 Rep=1 → Discordo fortemente
[2026-05-13 10:59:18,622][__main__][INFO] - ✓ [nvidia/NVIDIA-Nemotron-Nano-12B-v2-VL] Temp=0.0 Rep=1 → Discordo fortemente
[2026-05-13 10:59:18,744][__main__][INFO] - ✓ [nvidia/NVIDIA-Nemotron-Nano-12B-v2-VL] Temp=0.0 Rep=1 → Discordo fortemente
[2026-05-13 10:59:18,746][__main__][INFO] - ✓ [nvidia/NVIDIA-Nemotron-Nano-12B-v2-VL] Temp=0.0 Rep=1 → Discordo fortemente
[2026-05-13 10:59:18,747][__main__][INFO] - ✓ [nvidia/NVIDIA-Nemotron-Nano-12B-v2-VL] Temp=0.0 Rep=1 → Discordo fortemente
[2026-05-13 10:59:18,747][__main__][INFO] - ✓ [nvidia/NVIDIA-Nemotron-Nano-12B-v2-VL] Temp=0.0 Rep=1 → Discordo fortemente
[2026-05-13 10:59:18,753][__main__][INFO] - ✓ [nvidia/NVIDIA-Nemotron-Nano-12B-v2-VL] Temp=0.0 Rep=1 → Discordo fortemente
[2026-05-13 10:59:18,755][__main__][INFO] - ✓ [nvidia/NVIDIA-Nemotron-Nano-12B-v2-VL] Temp=0.0 Rep=1 → Discordo fortemente
[2026-05-13 10:59:18,762][__main__][INFO] - ✓ [nvidia/NVIDIA-Nemotron-Nano-12B-v2-VL] Temp=0.0 Rep=1 → Discordo fortemente
[2026-05-13 10:59:18,763][__main__][INFO] - ✓ [nvidia/NVIDIA-Nemotron-Nano-12B-v2-VL] Temp=0.0 Rep=1 → Concordo fortemente
[2026-05-13 10:59:18,935][__main__][INFO] - ✓ [nvidia/NVIDIA-Nemotron-Nano-12B-v2-VL] Temp=0.0 Rep=1 → Discordo fortemente
[2026-05-13 10:59:19,028][__main__][INFO] - ✓ [nvidia/NVIDIA-Nemotron-Nano-12B-v2-VL] Temp=0.0 Rep=1 → Discordo fortemente
[2026-05-13 10:59:19,110][__main__][INFO] - ✓ [nvidia/NVIDIA-Nemotron-Nano-12B-v2-VL] Temp=0.0 Rep=1 → Discordo fortemente
[2026-05-13 10:59:19,110][__main__][INFO] - ✓ [nvidia/NVIDIA-Nemotron-Nano-12B-v2-VL] Temp=0.0 Rep=1 → Discordo fortemente
[2026-05-13 10:59:19,111][__main__][INFO] - ✓ [nvidia/NVIDIA-Nemotron-Nano-12B-v2-VL] Temp=0.0 Rep=1 → Discordo fortemente
[2026-05-13 10:59:19,112][__main__][INFO] - ✓ [nvidia/NVIDIA-Nemotron-Nano-12B-v2-VL] Temp=0.0 Rep=1 → Discordo fortemente
[2026-05-13 10:59:19,112][__main__][INFO] - ✓ [nvidia/NVIDIA-Nemotron-Nano-12B-v2-VL] Temp=0.0 Rep=1 → Discordo fortemente
[2026-05-13 10:59:19,156][__main__][INFO] - ✓ [nvidia/NVIDIA-Nemotron-Nano-12B-v2-VL] Temp=0.0 Rep=1 → Discordo fortemente
[2026-05-13 10:59:19,227][__main__][INFO] - ✓ [nvidia/NVIDIA-Nemotron-Nano-12B-v2-VL] Temp=0.0 Rep=1 → Discordo fortemente
[2026-05-13 10:59:19,240][__main__][INFO] - ✓ [nvidia/NVIDIA-Nemotron-Nano-12B-v2-VL] Temp=0.0 Rep=1 → Discordo fortemente
[2026-05-13 10:59:19,244][__main__][INFO] - ✓ [nvidia/NVIDIA-Nemotron-Nano-12B-v2-VL] Temp=0.0 Rep=1 → Discordo fortemente
[2026-05-13 10:59:19,249][__main__][INFO] - ✓ [nvidia/NVIDIA-Nemotron-Nano-12B-v2-VL] Temp=0.0 Rep=1 → Discordo fortemente
[2026-05-13 10:59:19,251][__main__][INFO] - ✓ [nvidia/NVIDIA-Nemotron-Nano-12B-v2-VL] Temp=0.0 Rep=1 → Concordo fortemente
[2026-05-13 10:59:19,437][__main__][INFO] - ✓ [nvidia/NVIDIA-Nemotron-Nano-12B-v2-VL] Temp=0.0 Rep=1 → Discordo fortemente
[2026-05-13 10:59:19,605][__main__][INFO] - ✓ [nvidia/NVIDIA-Nemotron-Nano-12B-v2-VL] Temp=0.0 Rep=1 → Discordo fortemente
[2026-05-13 10:59:19,606][__main__][INFO] - ✓ [nvidia/NVIDIA-Nemotron-Nano-12B-v2-VL] Temp=0.0 Rep=1 → Discordo fortemente
[2026-05-13 10:59:19,612][__main__][INFO] - ✓ [nvidia/NVIDIA-Nemotron-Nano-12B-v2-VL] Temp=0.0 Rep=1 → Discordo fortemente
[2026-05-13 10:59:19,693][__main__][INFO] - ✓ [nvidia/NVIDIA-Nemotron-Nano-12B-v2-VL] Temp=0.0 Rep=1 → Discordo fortemente
[2026-05-13 10:59:19,732][__main__][INFO] - ✓ [nvidia/NVIDIA-Nemotron-Nano-12B-v2-VL] Temp=0.0 Rep=1 → Discordo fortemente
[2026-05-13 10:59:19,733][__main__][INFO] - Salvamento incremental (1840 novas respostas)...
[2026-05-13 10:59:19,793][__main__][INFO] - Cache salvo com 254179 entradas
[2026-05-13 10:59:19,793][__main__][INFO] - ✓ [nvidia/NVIDIA-Nemotron-Nano-12B-v2-VL] Temp=0.0 Rep=1 → Discordo fortemente
[2026-05-13 10:59:19,794][__main__][INFO] - ✓ [nvidia/NVIDIA-Nemotron-Nano-12B-v2-VL] Temp=0.0 Rep=1 → Discordo fortemente
[2026-05-13 10:59:19,795][__main__][INFO] - ✓ [nvidia/NVIDIA-Nemotron-Nano-12B-v2-VL] Temp=0.0 Rep=1 → Discordo fortemente
[2026-05-13 10:59:19,795][__main__][INFO] - ✓ [nvidia/NVIDIA-Nemotron-Nano-12B-v2-VL] Temp=0.0 Rep=1 → Concordo fortemente
[2026-05-13 10:59:19,795][__main__][INFO] - ✓ [nvidia/NVIDIA-Nemotron-Nano-12B-v2-VL] Temp=0.0 Rep=1 → Concordo fortemente
[2026-05-13 10:59:19,796][__main__][INFO] - ✓ [nvidia/NVIDIA-Nemotron-Nano-12B-v2-VL] Temp=0.0 Rep=1 → Discordo fortemente
[2026-05-13 10:59:19,797][__main__][INFO] - ✓ [nvidia/NVIDIA-Nemotron-Nano-12B-v2-VL] Temp=0.0 Rep=1 → Concordo fortemente
[2026-05-13 10:59:19,803][__main__][INFO] - ✓ [nvidia/NVIDIA-Nemotron-Nano-12B-v2-VL] Temp=0.0 Rep=1 → Discordo fortemente
[2026-05-13 10:59:19,805][__main__][INFO] - ✓ [nvidia/NVIDIA-Nemotron-Nano-12B-v2-VL] Temp=0.0 Rep=1 → Discordo fortemente
[2026-05-13 10:59:19,966][__main__][INFO] - ✓ [nvidia/NVIDIA-Nemotron-Nano-12B-v2-VL] Temp=0.0 Rep=1 → Concordo fortemente
[2026-05-13 10:59:19,967][__main__][INFO] - ✓ [nvidia/NVIDIA-Nemotron-Nano-12B-v2-VL] Temp=0.0 Rep=1 → Discordo fortemente
[2026-05-13 10:59:19,968][__main__][INFO] - ✓ [nvidia/NVIDIA-Nemotron-Nano-12B-v2-VL] Temp=0.0 Rep=1 → Discordo fortemente
[2026-05-13 10:59:19,968][__main__][INFO] - ✓ [nvidia/NVIDIA-Nemotron-Nano-12B-v2-VL] Temp=0.0 Rep=1 → Concordo fortemente
[2026-05-13 10:59:19,968][__main__][INFO] - ✓ [nvidia/NVIDIA-Nemotron-Nano-12B-v2-VL] Temp=0.0 Rep=1 → Discordo fortemente
[2026-05-13 10:59:19,969][__main__][INFO] - ✓ [nvidia/NVIDIA-Nemotron-Nano-12B-v2-VL] Temp=0.0 Rep=1 → Discordo fortemente
[2026-05-13 10:59:19,969][__main__][INFO] - ✓ [nvidia/NVIDIA-Nemotron-Nano-12B-v2-VL] Temp=0.0 Rep=1 → Discordo fortemente
[2026-05-13 10:59:19,970][__main__][INFO] - ✓ [nvidia/NVIDIA-Nemotron-Nano-12B-v2-VL] Temp=0.0 Rep=1 → Discordo fortemente
[2026-05-13 10:59:19,970][__main__][INFO] - ✓ [nvidia/NVIDIA-Nemotron-Nano-12B-v2-VL] Temp=0.0 Rep=1 → Discordo fortemente
[2026-05-13 10:59:19,971][__main__][INFO] - ✓ [nvidia/NVIDIA-Nemotron-Nano-12B-v2-VL] Temp=0.0 Rep=1 → Discordo fortemente
[2026-05-13 10:59:19,972][__main__][INFO] - ✓ [nvidia/NVIDIA-Nemotron-Nano-12B-v2-VL] Temp=0.0 Rep=1 → Discordo fortemente
[2026-05-13 10:59:19,972][__main__][INFO] - ✓ [nvidia/NVIDIA-Nemotron-Nano-12B-v2-VL] Temp=0.0 Rep=1 → Discordo fortemente
[2026-05-13 10:59:19,981][__main__][INFO] - ✓ [nvidia/NVIDIA-Nemotron-Nano-12B-v2-VL] Temp=0.0 Rep=1 → Discordo fortemente
[2026-05-13 10:59:20,126][__main__][INFO] - ✓ [nvidia/NVIDIA-Nemotron-Nano-12B-v2-VL] Temp=0.0 Rep=1 → Discordo fortemente
[2026-05-13 10:59:20,130][__main__][INFO] - ✓ [nvidia/NVIDIA-Nemotron-Nano-12B-v2-VL] Temp=0.0 Rep=1 → Discordo fortemente
[2026-05-13 10:59:20,169][__main__][INFO] - ✓ [nvidia/NVIDIA-Nemotron-Nano-12B-v2-VL] Temp=0.0 Rep=1 → Concordo
[2026-05-13 10:59:20,323][__main__][INFO] - ✓ [nvidia/NVIDIA-Nemotron-Nano-12B-v2-VL] Temp=0.0 Rep=1 → Discordo fortemente
[2026-05-13 10:59:20,327][__main__][INFO] - ✓ [nvidia/NVIDIA-Nemotron-Nano-12B-v2-VL] Temp=0.0 Rep=1 → Concordo
[2026-05-13 10:59:20,328][__main__][INFO] - ✓ [nvidia/NVIDIA-Nemotron-Nano-12B-v2-VL] Temp=0.0 Rep=1 → Discordo fortemente
[2026-05-13 10:59:20,329][__main__][INFO] - ✓ [nvidia/NVIDIA-Nemotron-Nano-12B-v2-VL] Temp=0.0 Rep=1 → Discordo fortemente
[2026-05-13 10:59:20,485][__main__][INFO] - ✓ [nvidia/NVIDIA-Nemotron-Nano-12B-v2-VL] Temp=0.0 Rep=1 → Discordo fortemente
[2026-05-13 10:59:20,496][__main__][INFO] - ✓ [nvidia/NVIDIA-Nemotron-Nano-12B-v2-VL] Temp=0.0 Rep=1 → Discordo fortemente
[2026-05-13 10:59:20,561][__main__][INFO] - ✓ [nvidia/NVIDIA-Nemotron-Nano-12B-v2-VL] Temp=0.0 Rep=1 → Discordo fortemente
[2026-05-13 10:59:20,562][__main__][INFO] - ✓ [nvidia/NVIDIA-Nemotron-Nano-12B-v2-VL] Temp=0.0 Rep=1 → Discordo fortemente
[2026-05-13 10:59:20,626][__main__][INFO] - ✓ [nvidia/NVIDIA-Nemotron-Nano-12B-v2-VL] Temp=0.0 Rep=1 → Discordo fortemente
[2026-05-13 10:59:20,628][__main__][INFO] - ✓ [nvidia/NVIDIA-Nemotron-Nano-12B-v2-VL] Temp=0.0 Rep=1 → Discordo fortemente
[2026-05-13 10:59:20,630][__main__][INFO] - ✓ [nvidia/NVIDIA-Nemotron-Nano-12B-v2-VL] Temp=0.0 Rep=1 → Discordo fortemente
[2026-05-13 10:59:20,706][__main__][INFO] - ✓ [nvidia/NVIDIA-Nemotron-Nano-12B-v2-VL] Temp=0.0 Rep=1 → Discordo fortemente
[2026-05-13 10:59:20,782][__main__][INFO] - ✓ [nvidia/NVIDIA-Nemotron-Nano-12B-v2-VL] Temp=0.0 Rep=1 → Discordo fortemente
[2026-05-13 10:59:20,786][__main__][INFO] - ✓ [nvidia/NVIDIA-Nemotron-Nano-12B-v2-VL] Temp=0.0 Rep=1 → Discordo fortemente
[2026-05-13 10:59:20,804][__main__][INFO] - ✓ [nvidia/NVIDIA-Nemotron-Nano-12B-v2-VL] Temp=0.0 Rep=1 → Discordo fortemente
[2026-05-13 10:59:20,834][__main__][INFO] - Salvamento incremental (1880 novas respostas)...
[2026-05-13 10:59:20,926][__main__][INFO] - Cache salvo com 254219 entradas
[2026-05-13 10:59:20,926][__main__][INFO] - ✓ [nvidia/NVIDIA-Nemotron-Nano-12B-v2-VL] Temp=0.0 Rep=1 → Discordo fortemente
[2026-05-13 10:59:20,928][__main__][INFO] - ✓ [nvidia/NVIDIA-Nemotron-Nano-12B-v2-VL] Temp=0.0 Rep=1 → Discordo fortemente
[2026-05-13 10:59:20,931][__main__][INFO] - ✓ [nvidia/NVIDIA-Nemotron-Nano-12B-v2-VL] Temp=0.0 Rep=1 → Discordo fortemente
[2026-05-13 10:59:20,932][__main__][INFO] - ✓ [nvidia/NVIDIA-Nemotron-Nano-12B-v2-VL] Temp=0.0 Rep=1 → Discordo fortemente
[2026-05-13 10:59:21,006][__main__][INFO] - ✓ [nvidia/NVIDIA-Nemotron-Nano-12B-v2-VL] Temp=0.0 Rep=1 → Concordo
[2026-05-13 10:59:21,032][__main__][INFO] - ✓ [nvidia/NVIDIA-Nemotron-Nano-12B-v2-VL] Temp=0.0 Rep=1 → Discordo fortemente
[2026-05-13 10:59:21,036][__main__][INFO] - ✓ [nvidia/NVIDIA-Nemotron-Nano-12B-v2-VL] Temp=0.0 Rep=1 → Discordo fortemente
[2026-05-13 10:59:21,040][__main__][INFO] - ✓ [nvidia/NVIDIA-Nemotron-Nano-12B-v2-VL] Temp=0.0 Rep=1 → Discordo fortemente
[2026-05-13 10:59:21,051][__main__][INFO] - ✓ [nvidia/NVIDIA-Nemotron-Nano-12B-v2-VL] Temp=0.0 Rep=1 → Discordo fortemente
[2026-05-13 10:59:21,099][__main__][INFO] - ✓ [nvidia/NVIDIA-Nemotron-Nano-12B-v2-VL] Temp=0.0 Rep=1 → Discordo fortemente
[2026-05-13 10:59:21,169][__main__][INFO] - ✓ [nvidia/NVIDIA-Nemotron-Nano-12B-v2-VL] Temp=0.0 Rep=1 → Discordo fortemente
[2026-05-13 10:59:21,175][__main__][INFO] - ✓ [nvidia/NVIDIA-Nemotron-Nano-12B-v2-VL] Temp=0.0 Rep=1 → Concordo
[2026-05-13 10:59:21,366][__main__][INFO] - ✓ [nvidia/NVIDIA-Nemotron-Nano-12B-v2-VL] Temp=0.0 Rep=1 → Discordo fortemente
[2026-05-13 10:59:21,427][__main__][INFO] - ✓ [nvidia/NVIDIA-Nemotron-Nano-12B-v2-VL] Temp=0.0 Rep=1 → Discordo fortemente
[2026-05-13 10:59:21,431][__main__][INFO] - ✓ [nvidia/NVIDIA-Nemotron-Nano-12B-v2-VL] Temp=0.0 Rep=1 → Discordo fortemente
[2026-05-13 10:59:21,432][__main__][INFO] - ✓ [nvidia/NVIDIA-Nemotron-Nano-12B-v2-VL] Temp=0.0 Rep=1 → Discordo fortemente
[2026-05-13 10:59:21,435][__main__][INFO] - ✓ [nvidia/NVIDIA-Nemotron-Nano-12B-v2-VL] Temp=0.0 Rep=1 → Discordo fortemente
[2026-05-13 10:59:21,439][__main__][INFO] - ✓ [nvidia/NVIDIA-Nemotron-Nano-12B-v2-VL] Temp=0.0 Rep=1 → Discordo fortemente
[2026-05-13 10:59:21,538][__main__][INFO] - ✓ [nvidia/NVIDIA-Nemotron-Nano-12B-v2-VL] Temp=0.0 Rep=1 → Discordo fortemente
[2026-05-13 10:59:21,539][__main__][INFO] - ✓ [nvidia/NVIDIA-Nemotron-Nano-12B-v2-VL] Temp=0.0 Rep=1 → Discordo fortemente
[2026-05-13 10:59:21,556][__main__][INFO] - ✓ [nvidia/NVIDIA-Nemotron-Nano-12B-v2-VL] Temp=0.0 Rep=1 → Discordo fortemente
[2026-05-13 10:59:21,566][__main__][INFO] - ✓ [nvidia/NVIDIA-Nemotron-Nano-12B-v2-VL] Temp=0.0 Rep=1 → Discordo fortemente
[2026-05-13 10:59:21,570][__main__][INFO] - ✓ [nvidia/NVIDIA-Nemotron-Nano-12B-v2-VL] Temp=0.0 Rep=1 → Discordo fortemente
[2026-05-13 10:59:21,573][__main__][INFO] - ✓ [nvidia/NVIDIA-Nemotron-Nano-12B-v2-VL] Temp=0.0 Rep=1 → Discordo fortemente
[2026-05-13 10:59:21,577][__main__][INFO] - ✓ [nvidia/NVIDIA-Nemotron-Nano-12B-v2-VL] Temp=0.0 Rep=1 → Discordo fortemente
[2026-05-13 10:59:21,728][__main__][INFO] - ✓ [nvidia/NVIDIA-Nemotron-Nano-12B-v2-VL] Temp=0.0 Rep=1 → Discordo fortemente
[2026-05-13 10:59:21,738][__main__][INFO] - ✓ [nvidia/NVIDIA-Nemotron-Nano-12B-v2-VL] Temp=0.0 Rep=1 → Concordo fortemente
[2026-05-13 10:59:21,739][__main__][INFO] - ✓ [nvidia/NVIDIA-Nemotron-Nano-12B-v2-VL] Temp=0.0 Rep=1 → Discordo fortemente
[2026-05-13 10:59:21,741][__main__][INFO] - ✓ [nvidia/NVIDIA-Nemotron-Nano-12B-v2-VL] Temp=0.0 Rep=1 → Discordo fortemente
[2026-05-13 10:59:21,742][__main__][INFO] - ✓ [nvidia/NVIDIA-Nemotron-Nano-12B-v2-VL] Temp=0.0 Rep=1 → Discordo fortemente
[2026-05-13 10:59:21,743][__main__][INFO] - ✓ [nvidia/NVIDIA-Nemotron-Nano-12B-v2-VL] Temp=0.0 Rep=1 → Discordo fortemente
[2026-05-13 10:59:21,890][__main__][INFO] - ✓ [nvidia/NVIDIA-Nemotron-Nano-12B-v2-VL] Temp=0.0 Rep=1 → Discordo fortemente
[2026-05-13 10:59:21,955][__main__][INFO] - ✓ [nvidia/NVIDIA-Nemotron-Nano-12B-v2-VL] Temp=0.0 Rep=1 → Discordo fortemente
[2026-05-13 10:59:21,956][__main__][INFO] - ✓ [nvidia/NVIDIA-Nemotron-Nano-12B-v2-VL] Temp=0.0 Rep=1 → Discordo fortemente
[2026-05-13 10:59:21,957][__main__][INFO] - ✓ [nvidia/NVIDIA-Nemotron-Nano-12B-v2-VL] Temp=0.0 Rep=1 → Discordo fortemente
[2026-05-13 10:59:21,958][__main__][INFO] - ✓ [nvidia/NVIDIA-Nemotron-Nano-12B-v2-VL] Temp=0.0 Rep=1 → Discordo fortemente
[2026-05-13 10:59:21,958][__main__][INFO] - ✓ [nvidia/NVIDIA-Nemotron-Nano-12B-v2-VL] Temp=0.0 Rep=1 → Discordo fortemente
[2026-05-13 10:59:22,172][__main__][INFO] - ✓ [nvidia/NVIDIA-Nemotron-Nano-12B-v2-VL] Temp=0.0 Rep=1 → Discordo fortemente
[2026-05-13 10:59:22,261][__main__][INFO] - ✓ [nvidia/NVIDIA-Nemotron-Nano-12B-v2-VL] Temp=0.0 Rep=1 → Discordo fortemente
[2026-05-13 10:59:22,262][__main__][INFO] - ✓ [nvidia/NVIDIA-Nemotron-Nano-12B-v2-VL] Temp=0.0 Rep=1 → Discordo fortemente
[2026-05-13 10:59:22,264][__main__][INFO] - Salvamento incremental (1920 novas respostas)...
[2026-05-13 10:59:22,316][__main__][INFO] - Cache salvo com 254259 entradas
[2026-05-13 10:59:22,316][__main__][INFO] - ✓ [nvidia/NVIDIA-Nemotron-Nano-12B-v2-VL] Temp=0.0 Rep=1 → Discordo fortemente
[2026-05-13 10:59:22,317][__main__][INFO] - ✓ [nvidia/NVIDIA-Nemotron-Nano-12B-v2-VL] Temp=0.0 Rep=1 → Discordo fortemente
[2026-05-13 10:59:22,318][__main__][INFO] - ✓ [nvidia/NVIDIA-Nemotron-Nano-12B-v2-VL] Temp=0.0 Rep=1 → Discordo fortemente
[2026-05-13 10:59:22,327][__main__][INFO] - ✓ [nvidia/NVIDIA-Nemotron-Nano-12B-v2-VL] Temp=0.0 Rep=1 → Discordo fortemente
[2026-05-13 10:59:22,328][__main__][INFO] - ✓ [nvidia/NVIDIA-Nemotron-Nano-12B-v2-VL] Temp=0.0 Rep=1 → Discordo fortemente
[2026-05-13 10:59:22,332][__main__][INFO] - ✓ [nvidia/NVIDIA-Nemotron-Nano-12B-v2-VL] Temp=0.0 Rep=1 → Discordo fortemente
[2026-05-13 10:59:22,333][__main__][INFO] - ✓ [nvidia/NVIDIA-Nemotron-Nano-12B-v2-VL] Temp=0.0 Rep=1 → Discordo fortemente
[2026-05-13 10:59:22,334][__main__][INFO] - ✓ [nvidia/NVIDIA-Nemotron-Nano-12B-v2-VL] Temp=0.0 Rep=1 → Discordo fortemente
[2026-05-13 10:59:22,447][__main__][INFO] - ✓ [nvidia/NVIDIA-Nemotron-Nano-12B-v2-VL] Temp=0.0 Rep=1 → Discordo fortemente
[2026-05-13 10:59:22,604][__main__][INFO] - ✓ [nvidia/NVIDIA-Nemotron-Nano-12B-v2-VL] Temp=0.0 Rep=1 → Discordo fortemente
[2026-05-13 10:59:22,604][__main__][INFO] - ✓ [nvidia/NVIDIA-Nemotron-Nano-12B-v2-VL] Temp=0.0 Rep=1 → Discordo fortemente
[2026-05-13 10:59:22,658][__main__][INFO] - ✓ [nvidia/NVIDIA-Nemotron-Nano-12B-v2-VL] Temp=0.0 Rep=1 → Discordo fortemente
[2026-05-13 10:59:22,663][__main__][INFO] - ✓ [nvidia/NVIDIA-Nemotron-Nano-12B-v2-VL] Temp=0.0 Rep=1 → Discordo fortemente
[2026-05-13 10:59:22,664][__main__][INFO] - ✓ [nvidia/NVIDIA-Nemotron-Nano-12B-v2-VL] Temp=0.0 Rep=1 → Discordo fortemente
[2026-05-13 10:59:22,667][__main__][INFO] - ✓ [nvidia/NVIDIA-Nemotron-Nano-12B-v2-VL] Temp=0.0 Rep=1 → Discordo fortemente
[2026-05-13 10:59:22,668][__main__][INFO] - ✓ [nvidia/NVIDIA-Nemotron-Nano-12B-v2-VL] Temp=0.0 Rep=1 → Discordo fortemente
[2026-05-13 10:59:22,669][__main__][INFO] - ✓ [nvidia/NVIDIA-Nemotron-Nano-12B-v2-VL] Temp=0.0 Rep=1 → Discordo fortemente
[2026-05-13 10:59:22,670][__main__][INFO] - ✓ [nvidia/NVIDIA-Nemotron-Nano-12B-v2-VL] Temp=0.0 Rep=1 → Discordo fortemente
[2026-05-13 10:59:22,731][__main__][INFO] - ✓ [nvidia/NVIDIA-Nemotron-Nano-12B-v2-VL] Temp=0.0 Rep=1 → Discordo fortemente
[2026-05-13 10:59:22,732][__main__][INFO] - ✓ [nvidia/NVIDIA-Nemotron-Nano-12B-v2-VL] Temp=0.0 Rep=1 → Discordo fortemente
[2026-05-13 10:59:22,733][__main__][INFO] - ✓ [nvidia/NVIDIA-Nemotron-Nano-12B-v2-VL] Temp=0.0 Rep=1 → Discordo fortemente
[2026-05-13 10:59:22,735][__main__][INFO] - ✓ [nvidia/NVIDIA-Nemotron-Nano-12B-v2-VL] Temp=0.0 Rep=1 → Discordo fortemente
[2026-05-13 10:59:22,737][__main__][INFO] - ✓ [nvidia/NVIDIA-Nemotron-Nano-12B-v2-VL] Temp=0.0 Rep=1 → Discordo fortemente
[2026-05-13 10:59:22,739][__main__][INFO] - ✓ [nvidia/NVIDIA-Nemotron-Nano-12B-v2-VL] Temp=0.0 Rep=1 → Discordo fortemente
[2026-05-13 10:59:22,739][__main__][INFO] - ✓ [nvidia/NVIDIA-Nemotron-Nano-12B-v2-VL] Temp=0.0 Rep=1 → Discordo fortemente
[2026-05-13 10:59:22,741][__main__][INFO] - ✓ [nvidia/NVIDIA-Nemotron-Nano-12B-v2-VL] Temp=0.0 Rep=1 → Discordo fortemente
[2026-05-13 10:59:22,948][__main__][INFO] - ✓ [nvidia/NVIDIA-Nemotron-Nano-12B-v2-VL] Temp=0.0 Rep=1 → Discordo fortemente
[2026-05-13 10:59:23,004][__main__][INFO] - ✓ [nvidia/NVIDIA-Nemotron-Nano-12B-v2-VL] Temp=0.0 Rep=1 → Discordo fortemente
[2026-05-13 10:59:23,005][__main__][INFO] - ✓ [nvidia/NVIDIA-Nemotron-Nano-12B-v2-VL] Temp=0.0 Rep=1 → Concordo
[2026-05-13 10:59:23,008][__main__][INFO] - ✓ [nvidia/NVIDIA-Nemotron-Nano-12B-v2-VL] Temp=0.0 Rep=1 → Discordo fortemente
[2026-05-13 10:59:23,011][__main__][INFO] - ✓ [nvidia/NVIDIA-Nemotron-Nano-12B-v2-VL] Temp=0.0 Rep=1 → Discordo fortemente
[2026-05-13 10:59:23,012][__main__][INFO] - ✓ [nvidia/NVIDIA-Nemotron-Nano-12B-v2-VL] Temp=0.0 Rep=1 → Discordo fortemente
[2026-05-13 10:59:23,127][__main__][INFO] - ✓ [nvidia/NVIDIA-Nemotron-Nano-12B-v2-VL] Temp=0.0 Rep=1 → Discordo fortemente
[2026-05-13 10:59:23,129][__main__][INFO] - ✓ [nvidia/NVIDIA-Nemotron-Nano-12B-v2-VL] Temp=0.0 Rep=1 → Concordo
[2026-05-13 10:59:23,197][__main__][INFO] - ✓ [nvidia/NVIDIA-Nemotron-Nano-12B-v2-VL] Temp=0.0 Rep=1 → Discordo fortemente
[2026-05-13 10:59:23,203][__main__][INFO] - ✓ [nvidia/NVIDIA-Nemotron-Nano-12B-v2-VL] Temp=0.0 Rep=1 → Concordo fortemente
[2026-05-13 10:59:23,269][__main__][INFO] - ✓ [nvidia/NVIDIA-Nemotron-Nano-12B-v2-VL] Temp=0.0 Rep=1 → Discordo fortemente
[2026-05-13 10:59:23,328][__main__][INFO] - ✓ [nvidia/NVIDIA-Nemotron-Nano-12B-v2-VL] Temp=0.0 Rep=1 → Discordo fortemente
[2026-05-13 10:59:23,452][__main__][INFO] - ✓ [nvidia/NVIDIA-Nemotron-Nano-12B-v2-VL] Temp=0.0 Rep=1 → Discordo fortemente
[2026-05-13 10:59:23,641][__main__][INFO] - ✓ [nvidia/NVIDIA-Nemotron-Nano-12B-v2-VL] Temp=0.0 Rep=1 → Concordo fortemente
[2026-05-13 10:59:23,642][__main__][INFO] - Salvamento incremental (1960 novas respostas)...
[2026-05-13 10:59:23,690][__main__][INFO] - Cache salvo com 254299 entradas
[2026-05-13 10:59:23,690][__main__][INFO] - ✓ [nvidia/NVIDIA-Nemotron-Nano-12B-v2-VL] Temp=0.0 Rep=1 → Concordo
[2026-05-13 10:59:23,691][__main__][INFO] - ✓ [nvidia/NVIDIA-Nemotron-Nano-12B-v2-VL] Temp=0.0 Rep=1 → Concordo
[2026-05-13 10:59:23,692][__main__][INFO] - ✓ [nvidia/NVIDIA-Nemotron-Nano-12B-v2-VL] Temp=0.0 Rep=1 → Concordo
[2026-05-13 10:59:23,692][__main__][INFO] - ✓ [nvidia/NVIDIA-Nemotron-Nano-12B-v2-VL] Temp=0.0 Rep=1 → Concordo
[2026-05-13 10:59:23,769][__main__][INFO] - ✓ [nvidia/NVIDIA-Nemotron-Nano-12B-v2-VL] Temp=0.0 Rep=1 → Discordo fortemente
[2026-05-13 10:59:23,773][__main__][INFO] - ✓ [nvidia/NVIDIA-Nemotron-Nano-12B-v2-VL] Temp=0.0 Rep=1 → Discordo fortemente
[2026-05-13 10:59:23,775][__main__][INFO] - ✓ [nvidia/NVIDIA-Nemotron-Nano-12B-v2-VL] Temp=0.0 Rep=1 → Discordo fortemente
[2026-05-13 10:59:23,781][__main__][INFO] - ✓ [nvidia/NVIDIA-Nemotron-Nano-12B-v2-VL] Temp=0.0 Rep=1 → Concordo fortemente
[2026-05-13 10:59:23,782][__main__][INFO] - ✓ [nvidia/NVIDIA-Nemotron-Nano-12B-v2-VL] Temp=0.0 Rep=1 → Discordo fortemente
[2026-05-13 10:59:23,837][__main__][INFO] - ✓ [nvidia/NVIDIA-Nemotron-Nano-12B-v2-VL] Temp=0.0 Rep=1 → Concordo fortemente
[2026-05-13 10:59:23,842][__main__][INFO] - ✓ [nvidia/NVIDIA-Nemotron-Nano-12B-v2-VL] Temp=0.0 Rep=1 → Discordo fortemente
[2026-05-13 10:59:23,848][__main__][INFO] - ✓ [nvidia/NVIDIA-Nemotron-Nano-12B-v2-VL] Temp=0.0 Rep=1 → Concordo
[2026-05-13 10:59:23,849][__main__][INFO] - ✓ [nvidia/NVIDIA-Nemotron-Nano-12B-v2-VL] Temp=0.0 Rep=1 → Discordo fortemente
[2026-05-13 10:59:23,963][__main__][INFO] - ✓ [nvidia/NVIDIA-Nemotron-Nano-12B-v2-VL] Temp=0.0 Rep=1 → Discordo fortemente
[2026-05-13 10:59:23,966][__main__][INFO] - ✓ [nvidia/NVIDIA-Nemotron-Nano-12B-v2-VL] Temp=0.0 Rep=1 → Discordo fortemente
[2026-05-13 10:59:23,968][__main__][INFO] - ✓ [nvidia/NVIDIA-Nemotron-Nano-12B-v2-VL] Temp=0.0 Rep=1 → Concordo fortemente
[2026-05-13 10:59:24,158][__main__][INFO] - ✓ [nvidia/NVIDIA-Nemotron-Nano-12B-v2-VL] Temp=0.0 Rep=1 → Discordo fortemente
[2026-05-13 10:59:24,161][__main__][INFO] - ✓ [nvidia/NVIDIA-Nemotron-Nano-12B-v2-VL] Temp=0.0 Rep=1 → Concordo fortemente
[2026-05-13 10:59:24,167][__main__][INFO] - ✓ [nvidia/NVIDIA-Nemotron-Nano-12B-v2-VL] Temp=0.0 Rep=1 → Discordo fortemente
[2026-05-13 10:59:24,225][__main__][INFO] - ✓ [nvidia/NVIDIA-Nemotron-Nano-12B-v2-VL] Temp=0.0 Rep=1 → Concordo fortemente
[2026-05-13 10:59:24,228][__main__][INFO] - ✓ [nvidia/NVIDIA-Nemotron-Nano-12B-v2-VL] Temp=0.0 Rep=1 → Discordo fortemente
[2026-05-13 10:59:24,278][__main__][INFO] - ✓ [nvidia/NVIDIA-Nemotron-Nano-12B-v2-VL] Temp=0.0 Rep=1 → Discordo fortemente
[2026-05-13 10:59:24,279][__main__][INFO] - ✓ [nvidia/NVIDIA-Nemotron-Nano-12B-v2-VL] Temp=0.0 Rep=1 → Concordo fortemente
[2026-05-13 10:59:24,335][__main__][INFO] - ✓ [nvidia/NVIDIA-Nemotron-Nano-12B-v2-VL] Temp=0.0 Rep=1 → Discordo fortemente
[2026-05-13 10:59:24,337][__main__][INFO] - ✓ [nvidia/NVIDIA-Nemotron-Nano-12B-v2-VL] Temp=0.0 Rep=1 → Discordo fortemente
[2026-05-13 10:59:24,344][__main__][INFO] - ✓ [nvidia/NVIDIA-Nemotron-Nano-12B-v2-VL] Temp=0.0 Rep=1 → Discordo fortemente
[2026-05-13 10:59:24,346][__main__][INFO] - ✓ [nvidia/NVIDIA-Nemotron-Nano-12B-v2-VL] Temp=0.0 Rep=1 → Discordo fortemente
[2026-05-13 10:59:24,348][__main__][INFO] - ✓ [nvidia/NVIDIA-Nemotron-Nano-12B-v2-VL] Temp=0.0 Rep=1 → Concordo fortemente
[2026-05-13 10:59:24,350][__main__][INFO] - ✓ [nvidia/NVIDIA-Nemotron-Nano-12B-v2-VL] Temp=0.0 Rep=1 → Discordo fortemente
[2026-05-13 10:59:24,358][__main__][INFO] - ✓ [nvidia/NVIDIA-Nemotron-Nano-12B-v2-VL] Temp=0.0 Rep=1 → Discordo fortemente
[2026-05-13 10:59:24,378][__main__][INFO] - ✓ [nvidia/NVIDIA-Nemotron-Nano-12B-v2-VL] Temp=0.0 Rep=1 → Discordo fortemente
[2026-05-13 10:59:24,386][__main__][INFO] - ✓ [nvidia/NVIDIA-Nemotron-Nano-12B-v2-VL] Temp=0.0 Rep=1 → Discordo fortemente
[2026-05-13 10:59:24,572][__main__][INFO] - ✓ [nvidia/NVIDIA-Nemotron-Nano-12B-v2-VL] Temp=0.0 Rep=1 → Discordo fortemente
[2026-05-13 10:59:24,681][__main__][INFO] - ✓ [nvidia/NVIDIA-Nemotron-Nano-12B-v2-VL] Temp=0.0 Rep=1 → Discordo fortemente
[2026-05-13 10:59:24,682][__main__][INFO] - ✓ [nvidia/NVIDIA-Nemotron-Nano-12B-v2-VL] Temp=0.0 Rep=1 → Discordo fortemente
[2026-05-13 10:59:24,683][__main__][INFO] - ✓ [nvidia/NVIDIA-Nemotron-Nano-12B-v2-VL] Temp=0.0 Rep=1 → Discordo fortemente
[2026-05-13 10:59:24,707][__main__][INFO] - ✓ [nvidia/NVIDIA-Nemotron-Nano-12B-v2-VL] Temp=0.0 Rep=1 → Discordo fortemente
[2026-05-13 10:59:24,708][__main__][INFO] - ✓ [nvidia/NVIDIA-Nemotron-Nano-12B-v2-VL] Temp=0.0 Rep=1 → Discordo fortemente
[2026-05-13 10:59:24,710][__main__][INFO] - ✓ [nvidia/NVIDIA-Nemotron-Nano-12B-v2-VL] Temp=0.0 Rep=1 → Discordo fortemente
[2026-05-13 10:59:24,798][__main__][INFO] - ✓ [nvidia/NVIDIA-Nemotron-Nano-12B-v2-VL] Temp=0.0 Rep=1 → Discordo fortemente
[2026-05-13 10:59:24,842][__main__][INFO] - Salvamento incremental (2000 novas respostas)...
[2026-05-13 10:59:24,898][__main__][INFO] - Cache salvo com 254339 entradas
[2026-05-13 10:59:24,898][__main__][INFO] - ✓ [nvidia/NVIDIA-Nemotron-Nano-12B-v2-VL] Temp=0.0 Rep=1 → Discordo fortemente
[2026-05-13 10:59:24,899][__main__][INFO] - ✓ [nvidia/NVIDIA-Nemotron-Nano-12B-v2-VL] Temp=0.0 Rep=1 → Discordo fortemente
[2026-05-13 10:59:24,900][__main__][INFO] - ✓ [nvidia/NVIDIA-Nemotron-Nano-12B-v2-VL] Temp=0.0 Rep=1 → Discordo fortemente
[2026-05-13 10:59:25,013][__main__][INFO] - ✓ [nvidia/NVIDIA-Nemotron-Nano-12B-v2-VL] Temp=0.0 Rep=1 → Discordo fortemente
[2026-05-13 10:59:25,407][__main__][INFO] - ✓ [nvidia/NVIDIA-Nemotron-Nano-12B-v2-VL] Temp=0.0 Rep=1 → Concordo fortemente
[2026-05-13 10:59:25,416][__main__][INFO] - ✓ [nvidia/NVIDIA-Nemotron-Nano-12B-v2-VL] Temp=0.0 Rep=1 → Discordo fortemente
[2026-05-13 10:59:25,418][__main__][INFO] - ✓ [nvidia/NVIDIA-Nemotron-Nano-12B-v2-VL] Temp=0.0 Rep=1 → Discordo fortemente
[2026-05-13 10:59:25,419][__main__][INFO] - ✓ [nvidia/NVIDIA-Nemotron-Nano-12B-v2-VL] Temp=0.0 Rep=1 → Discordo fortemente
[2026-05-13 10:59:25,420][__main__][INFO] - ✓ [nvidia/NVIDIA-Nemotron-Nano-12B-v2-VL] Temp=0.0 Rep=1 → Concordo fortemente
[2026-05-13 10:59:25,421][__main__][INFO] - ✓ [nvidia/NVIDIA-Nemotron-Nano-12B-v2-VL] Temp=0.0 Rep=1 → Discordo fortemente
[2026-05-13 10:59:25,422][__main__][INFO] - ✓ [nvidia/NVIDIA-Nemotron-Nano-12B-v2-VL] Temp=0.0 Rep=1 → Concordo fortemente
[2026-05-13 10:59:25,423][__main__][INFO] - ✓ [nvidia/NVIDIA-Nemotron-Nano-12B-v2-VL] Temp=0.0 Rep=1 → Discordo fortemente
[2026-05-13 10:59:25,423][__main__][INFO] - ✓ [nvidia/NVIDIA-Nemotron-Nano-12B-v2-VL] Temp=0.0 Rep=1 → Discordo fortemente
[2026-05-13 10:59:25,424][__main__][INFO] - ✓ [nvidia/NVIDIA-Nemotron-Nano-12B-v2-VL] Temp=0.0 Rep=1 → Discordo fortemente
[2026-05-13 10:59:25,425][__main__][INFO] - ✓ [nvidia/NVIDIA-Nemotron-Nano-12B-v2-VL] Temp=0.0 Rep=1 → Discordo fortemente
[2026-05-13 10:59:25,426][__main__][INFO] - ✓ [nvidia/NVIDIA-Nemotron-Nano-12B-v2-VL] Temp=0.0 Rep=1 → Discordo fortemente
[2026-05-13 10:59:25,426][__main__][INFO] - ✓ [nvidia/NVIDIA-Nemotron-Nano-12B-v2-VL] Temp=0.0 Rep=1 → Discordo fortemente
[2026-05-13 10:59:25,840][__main__][INFO] - ✓ [openai/gpt-oss-20b] Temp=0.0 Rep=1 → Concordo fortemente
[2026-05-13 10:59:25,906][__main__][INFO] - ✓ [nvidia/NVIDIA-Nemotron-Nano-12B-v2-VL] Temp=0.0 Rep=1 → Discordo fortemente
[2026-05-13 10:59:32,276][__main__][INFO] - ✓ [openai/gpt-oss-20b] Temp=0.0 Rep=1 → Neutro
[2026-05-13 10:59:34,269][__main__][INFO] - ✓ [openai/gpt-oss-20b] Temp=0.0 Rep=1 → Neutro
[2026-05-13 10:59:37,901][__main__][INFO] - ✓ [openai/gpt-oss-20b] Temp=0.0 Rep=1 → Neutro
