[2026-05-12 11:55:30,372][__main__][INFO] - Retrieval ativado: store='wiki_faiss_store', top_n=[0, 1, 3, 5], emb_model='google/embeddinggemma-300m'
[2026-05-12 11:55:30,373][__main__][INFO] - Carregadas 56 perguntas de dados/pairs.json
[2026-05-12 11:55:30,420][__main__][INFO] - Cache carregado com 234498 entradas
[2026-05-12 11:55:34,520][__main__][INFO] - ✓ [google/gemma-3-4b-it] Temp=0.0 Rep=1 → Discordo
[2026-05-12 11:55:34,521][__main__][INFO] - ✓ [google/gemma-3-4b-it] Temp=0.0 Rep=1 → Discordo
[2026-05-12 11:55:34,523][__main__][INFO] - ✓ [google/gemma-3-4b-it] Temp=0.0 Rep=1 → Discordo fortemente
[2026-05-12 11:55:34,523][__main__][INFO] - ✓ [google/gemma-3-4b-it] Temp=0.0 Rep=1 → Concordo fortemente
[2026-05-12 11:55:34,523][__main__][INFO] - ✓ [google/gemma-3-4b-it] Temp=0.0 Rep=1 → Concordo fortemente
[2026-05-12 11:55:34,524][__main__][INFO] - ✓ [google/gemma-3-4b-it] Temp=0.0 Rep=1 → Discordo fortemente
[2026-05-12 11:55:34,524][__main__][INFO] - ✓ [google/gemma-3-4b-it] Temp=0.0 Rep=1 → Concordo fortemente
[2026-05-12 11:55:34,525][__main__][INFO] - ✓ [google/gemma-3-4b-it] Temp=0.0 Rep=1 → Discordo fortemente
[2026-05-12 11:55:34,525][__main__][INFO] - ✓ [google/gemma-3-4b-it] Temp=0.0 Rep=1 → Concordo fortemente
[2026-05-12 11:55:34,525][__main__][INFO] - ✓ [google/gemma-3-4b-it] Temp=0.0 Rep=1 → Concordo fortemente
[2026-05-12 11:55:35,160][__main__][INFO] - ✓ [google/gemma-3-4b-it] Temp=0.0 Rep=1 → Discordo
[2026-05-12 11:55:35,176][__main__][INFO] - ✓ [google/gemma-3-4b-it] Temp=0.0 Rep=1 → Discordo
[2026-05-12 11:55:35,178][__main__][INFO] - ✓ [google/gemma-3-4b-it] Temp=0.0 Rep=1 → Discordo fortemente
[2026-05-12 11:55:35,179][__main__][INFO] - ✓ [google/gemma-3-4b-it] Temp=0.0 Rep=1 → Discordo
[2026-05-12 11:55:35,182][__main__][INFO] - ✓ [google/gemma-3-4b-it] Temp=0.0 Rep=1 → Discordo
[2026-05-12 11:55:35,196][__main__][INFO] - ✓ [google/gemma-3-4b-it] Temp=0.0 Rep=1 → Concordo fortemente
[2026-05-12 11:55:35,197][__main__][INFO] - ✓ [google/gemma-3-4b-it] Temp=0.0 Rep=1 → Discordo
[2026-05-12 11:55:35,213][__main__][INFO] - ✓ [google/gemma-3-4b-it] Temp=0.0 Rep=1 → Concordo fortemente
[2026-05-12 11:55:35,215][__main__][INFO] - ✓ [google/gemma-3-4b-it] Temp=0.0 Rep=1 → Concordo fortemente
[2026-05-12 11:55:35,216][__main__][INFO] - ✓ [google/gemma-3-4b-it] Temp=0.0 Rep=1 → Concordo
[2026-05-12 11:55:35,523][__main__][INFO] - ✓ [google/gemma-3-4b-it] Temp=0.0 Rep=1 → Discordo
[2026-05-12 11:55:35,966][__main__][INFO] - ✓ [google/gemma-3-4b-it] Temp=0.0 Rep=1 → Discordo
[2026-05-12 11:55:35,971][__main__][INFO] - ✓ [google/gemma-3-4b-it] Temp=0.0 Rep=1 → Discordo fortemente
[2026-05-12 11:55:35,993][__main__][INFO] - ✓ [google/gemma-3-4b-it] Temp=0.0 Rep=1 → Discordo fortemente
[2026-05-12 11:55:35,998][__main__][INFO] - ✓ [google/gemma-3-4b-it] Temp=0.0 Rep=1 → Discordo fortemente
[2026-05-12 11:55:35,998][__main__][INFO] - ✓ [google/gemma-3-4b-it] Temp=0.0 Rep=1 → Discordo fortemente
[2026-05-12 11:55:35,999][__main__][INFO] - ✓ [google/gemma-3-4b-it] Temp=0.0 Rep=1 → Concordo fortemente
[2026-05-12 11:55:36,004][__main__][INFO] - ✓ [google/gemma-3-4b-it] Temp=0.0 Rep=1 → Discordo fortemente
[2026-05-12 11:55:36,005][__main__][INFO] - ✓ [google/gemma-3-4b-it] Temp=0.0 Rep=1 → Discordo fortemente
[2026-05-12 11:55:36,009][__main__][INFO] - ✓ [google/gemma-3-4b-it] Temp=0.0 Rep=1 → Concordo fortemente
[2026-05-12 11:55:36,032][__main__][INFO] - ✓ [google/gemma-3-4b-it] Temp=0.0 Rep=1 → Concordo fortemente
[2026-05-12 11:55:36,365][__main__][INFO] - ✓ [google/gemma-3-4b-it] Temp=0.0 Rep=1 → Discordo
[2026-05-12 11:55:36,368][__main__][INFO] - ✓ [google/gemma-3-4b-it] Temp=0.0 Rep=1 → Concordo fortemente
[2026-05-12 11:55:36,368][__main__][INFO] - ✓ [google/gemma-3-4b-it] Temp=0.0 Rep=1 → Discordo
[2026-05-12 11:55:36,374][__main__][INFO] - ✓ [google/gemma-3-4b-it] Temp=0.0 Rep=1 → Discordo fortemente
[2026-05-12 11:55:36,377][__main__][INFO] - ✓ [google/gemma-3-4b-it] Temp=0.0 Rep=1 → Discordo fortemente
[2026-05-12 11:55:36,380][__main__][INFO] - ✓ [google/gemma-3-4b-it] Temp=0.0 Rep=1 → Discordo fortemente
[2026-05-12 11:55:36,391][__main__][INFO] - ✓ [google/gemma-3-4b-it] Temp=0.0 Rep=1 → Concordo fortemente
[2026-05-12 11:55:36,394][__main__][INFO] - ✓ [google/gemma-3-4b-it] Temp=0.0 Rep=1 → Concordo fortemente
[2026-05-12 11:55:36,412][__main__][INFO] - Salvamento incremental (40 novas respostas)...
[2026-05-12 11:55:36,461][__main__][INFO] - Cache salvo com 234538 entradas
[2026-05-12 11:55:36,461][__main__][INFO] - ✓ [google/gemma-3-4b-it] Temp=0.0 Rep=1 → Concordo fortemente
[2026-05-12 11:55:36,463][__main__][INFO] - ✓ [google/gemma-3-4b-it] Temp=0.0 Rep=1 → Concordo fortemente
[2026-05-12 11:55:36,894][__main__][INFO] - ✓ [google/gemma-3-4b-it] Temp=0.0 Rep=1 → Discordo fortemente
[2026-05-12 11:55:36,897][__main__][INFO] - ✓ [google/gemma-3-4b-it] Temp=0.0 Rep=1 → Discordo fortemente
[2026-05-12 11:55:36,918][__main__][INFO] - ✓ [google/gemma-3-4b-it] Temp=0.0 Rep=1 → Discordo fortemente
[2026-05-12 11:55:36,920][__main__][INFO] - ✓ [google/gemma-3-4b-it] Temp=0.0 Rep=1 → Discordo fortemente
[2026-05-12 11:55:36,921][__main__][INFO] - ✓ [google/gemma-3-4b-it] Temp=0.0 Rep=1 → Discordo
[2026-05-12 11:55:36,922][__main__][INFO] - ✓ [google/gemma-3-4b-it] Temp=0.0 Rep=1 → Discordo fortemente
[2026-05-12 11:55:36,925][__main__][INFO] - ✓ [google/gemma-3-4b-it] Temp=0.0 Rep=1 → Discordo fortemente
[2026-05-12 11:55:36,927][__main__][INFO] - ✓ [google/gemma-3-4b-it] Temp=0.0 Rep=1 → Discordo fortemente
[2026-05-12 11:55:36,942][__main__][INFO] - ✓ [google/gemma-3-4b-it] Temp=0.0 Rep=1 → Concordo fortemente
[2026-05-12 11:55:36,962][__main__][INFO] - ✓ [google/gemma-3-4b-it] Temp=0.0 Rep=1 → Concordo fortemente
[2026-05-12 11:55:37,514][__main__][INFO] - ✓ [google/gemma-3-4b-it] Temp=0.0 Rep=1 → Discordo
[2026-05-12 11:55:37,516][__main__][INFO] - ✓ [google/gemma-3-4b-it] Temp=0.0 Rep=1 → Discordo
[2026-05-12 11:55:37,524][__main__][INFO] - ✓ [google/gemma-3-4b-it] Temp=0.0 Rep=1 → Discordo fortemente
[2026-05-12 11:55:37,535][__main__][INFO] - ✓ [google/gemma-3-4b-it] Temp=0.0 Rep=1 → Concordo fortemente
[2026-05-12 11:55:37,536][__main__][INFO] - ✓ [google/gemma-3-4b-it] Temp=0.0 Rep=1 → Discordo
[2026-05-12 11:55:37,538][__main__][INFO] - ✓ [google/gemma-3-4b-it] Temp=0.0 Rep=1 → Discordo fortemente
[2026-05-12 11:55:37,550][__main__][INFO] - ✓ [google/gemma-3-4b-it] Temp=0.0 Rep=1 → Discordo fortemente
[2026-05-12 11:55:37,557][__main__][INFO] - ✓ [google/gemma-3-4b-it] Temp=0.0 Rep=1 → Discordo fortemente
[2026-05-12 11:55:37,575][__main__][INFO] - ✓ [google/gemma-3-4b-it] Temp=0.0 Rep=1 → Concordo fortemente
[2026-05-12 11:55:37,578][__main__][INFO] - ✓ [google/gemma-3-4b-it] Temp=0.0 Rep=1 → Concordo fortemente
[2026-05-12 11:55:37,953][__main__][INFO] - ✓ [google/gemma-3-4b-it] Temp=0.0 Rep=1 → Concordo fortemente
[2026-05-12 11:55:37,953][__main__][INFO] - ✓ [google/gemma-3-4b-it] Temp=0.0 Rep=1 → Discordo
[2026-05-12 11:55:37,953][__main__][INFO] - ✓ [google/gemma-3-4b-it] Temp=0.0 Rep=1 → Concordo
[2026-05-12 11:55:37,954][__main__][INFO] - ✓ [google/gemma-3-4b-it] Temp=0.0 Rep=1 → Concordo fortemente
[2026-05-12 11:55:37,958][__main__][INFO] - ✓ [google/gemma-3-4b-it] Temp=0.0 Rep=1 → Discordo
[2026-05-12 11:55:37,958][__main__][INFO] - ✓ [google/gemma-3-4b-it] Temp=0.0 Rep=1 → Discordo
[2026-05-12 11:55:37,959][__main__][INFO] - ✓ [google/gemma-3-4b-it] Temp=0.0 Rep=1 → Concordo fortemente
[2026-05-12 11:55:37,959][__main__][INFO] - ✓ [google/gemma-3-4b-it] Temp=0.0 Rep=1 → Concordo
[2026-05-12 11:55:37,965][__main__][INFO] - ✓ [google/gemma-3-4b-it] Temp=0.0 Rep=1 → Concordo fortemente
[2026-05-12 11:55:37,966][__main__][INFO] - ✓ [google/gemma-3-4b-it] Temp=0.0 Rep=1 → Concordo fortemente
[2026-05-12 11:55:38,463][__main__][INFO] - ✓ [google/gemma-3-4b-it] Temp=0.0 Rep=1 → Discordo
[2026-05-12 11:55:38,481][__main__][INFO] - ✓ [google/gemma-3-4b-it] Temp=0.0 Rep=1 → Discordo
[2026-05-12 11:55:38,481][__main__][INFO] - ✓ [google/gemma-3-4b-it] Temp=0.0 Rep=1 → Discordo
[2026-05-12 11:55:38,482][__main__][INFO] - ✓ [google/gemma-3-4b-it] Temp=0.0 Rep=1 → Discordo
[2026-05-12 11:55:38,495][__main__][INFO] - ✓ [google/gemma-3-4b-it] Temp=0.0 Rep=1 → Concordo fortemente
[2026-05-12 11:55:38,496][__main__][INFO] - ✓ [google/gemma-3-4b-it] Temp=0.0 Rep=1 → Concordo
[2026-05-12 11:55:38,498][__main__][INFO] - ✓ [google/gemma-3-4b-it] Temp=0.0 Rep=1 → Discordo fortemente
[2026-05-12 11:55:38,498][__main__][INFO] - ✓ [google/gemma-3-4b-it] Temp=0.0 Rep=1 → Discordo fortemente
[2026-05-12 11:55:38,514][__main__][INFO] - Salvamento incremental (80 novas respostas)...
[2026-05-12 11:55:38,559][__main__][INFO] - Cache salvo com 234578 entradas
[2026-05-12 11:55:38,559][__main__][INFO] - ✓ [google/gemma-3-4b-it] Temp=0.0 Rep=1 → Concordo fortemente
[2026-05-12 11:55:38,561][__main__][INFO] - ✓ [google/gemma-3-4b-it] Temp=0.0 Rep=1 → Concordo fortemente
[2026-05-12 11:55:38,987][__main__][INFO] - ✓ [google/gemma-3-4b-it] Temp=0.0 Rep=1 → Discordo fortemente
[2026-05-12 11:55:38,992][__main__][INFO] - ✓ [google/gemma-3-4b-it] Temp=0.0 Rep=1 → Discordo
[2026-05-12 11:55:38,993][__main__][INFO] - ✓ [google/gemma-3-4b-it] Temp=0.0 Rep=1 → Discordo
[2026-05-12 11:55:38,999][__main__][INFO] - ✓ [google/gemma-3-4b-it] Temp=0.0 Rep=1 → Concordo fortemente
[2026-05-12 11:55:39,000][__main__][INFO] - ✓ [google/gemma-3-4b-it] Temp=0.0 Rep=1 → Concordo fortemente
[2026-05-12 11:55:39,000][__main__][INFO] - ✓ [google/gemma-3-4b-it] Temp=0.0 Rep=1 → Discordo fortemente
[2026-05-12 11:55:39,001][__main__][INFO] - ✓ [google/gemma-3-4b-it] Temp=0.0 Rep=1 → Concordo fortemente
[2026-05-12 11:55:39,006][__main__][INFO] - ✓ [google/gemma-3-4b-it] Temp=0.0 Rep=1 → Concordo fortemente
[2026-05-12 11:55:39,006][__main__][INFO] - ✓ [google/gemma-3-4b-it] Temp=0.0 Rep=1 → Concordo fortemente
[2026-05-12 11:55:39,016][__main__][INFO] - ✓ [google/gemma-3-4b-it] Temp=0.0 Rep=1 → Concordo fortemente
[2026-05-12 11:55:39,514][__main__][INFO] - ✓ [google/gemma-3-4b-it] Temp=0.0 Rep=1 → Discordo
[2026-05-12 11:55:39,519][__main__][INFO] - ✓ [google/gemma-3-4b-it] Temp=0.0 Rep=1 → Discordo
[2026-05-12 11:55:39,520][__main__][INFO] - ✓ [google/gemma-3-4b-it] Temp=0.0 Rep=1 → Discordo fortemente
[2026-05-12 11:55:39,520][__main__][INFO] - ✓ [google/gemma-3-4b-it] Temp=0.0 Rep=1 → Discordo
[2026-05-12 11:55:39,521][__main__][INFO] - ✓ [google/gemma-3-4b-it] Temp=0.0 Rep=1 → Discordo
[2026-05-12 11:55:39,522][__main__][INFO] - ✓ [google/gemma-3-4b-it] Temp=0.0 Rep=1 → Concordo fortemente
[2026-05-12 11:55:39,531][__main__][INFO] - ✓ [google/gemma-3-4b-it] Temp=0.0 Rep=1 → Concordo fortemente
[2026-05-12 11:55:39,531][__main__][INFO] - ✓ [google/gemma-3-4b-it] Temp=0.0 Rep=1 → Concordo fortemente
[2026-05-12 11:55:39,531][__main__][INFO] - ✓ [google/gemma-3-4b-it] Temp=0.0 Rep=1 → Concordo fortemente
[2026-05-12 11:55:39,532][__main__][INFO] - ✓ [google/gemma-3-4b-it] Temp=0.0 Rep=1 → Concordo fortemente
[2026-05-12 11:55:39,874][__main__][INFO] - ✓ [google/gemma-3-4b-it] Temp=0.0 Rep=1 → Discordo
[2026-05-12 11:55:39,877][__main__][INFO] - ✓ [google/gemma-3-4b-it] Temp=0.0 Rep=1 → Discordo
[2026-05-12 11:55:39,881][__main__][INFO] - ✓ [google/gemma-3-4b-it] Temp=0.0 Rep=1 → Discordo
[2026-05-12 11:55:39,910][__main__][INFO] - ✓ [google/gemma-3-4b-it] Temp=0.0 Rep=1 → Discordo
[2026-05-12 11:55:39,912][__main__][INFO] - ✓ [google/gemma-3-4b-it] Temp=0.0 Rep=1 → Concordo fortemente
[2026-05-12 11:55:39,913][__main__][INFO] - ✓ [google/gemma-3-4b-it] Temp=0.0 Rep=1 → Discordo
[2026-05-12 11:55:39,926][__main__][INFO] - ✓ [google/gemma-3-4b-it] Temp=0.0 Rep=1 → Concordo fortemente
[2026-05-12 11:55:39,927][__main__][INFO] - ✓ [google/gemma-3-4b-it] Temp=0.0 Rep=1 → Concordo fortemente
[2026-05-12 11:55:39,928][__main__][INFO] - ✓ [google/gemma-3-4b-it] Temp=0.0 Rep=1 → Concordo fortemente
[2026-05-12 11:55:40,035][__main__][INFO] - ✓ [google/gemma-3-4b-it] Temp=0.0 Rep=1 → Discordo
[2026-05-12 11:55:40,342][__main__][INFO] - ✓ [google/gemma-3-4b-it] Temp=0.0 Rep=1 → Concordo fortemente
[2026-05-12 11:55:40,362][__main__][INFO] - ✓ [google/gemma-3-4b-it] Temp=0.0 Rep=1 → Discordo fortemente
[2026-05-12 11:55:40,365][__main__][INFO] - ✓ [google/gemma-3-4b-it] Temp=0.0 Rep=1 → Concordo fortemente
[2026-05-12 11:55:40,385][__main__][INFO] - ✓ [google/gemma-3-4b-it] Temp=0.0 Rep=1 → Discordo
[2026-05-12 11:55:40,396][__main__][INFO] - ✓ [google/gemma-3-4b-it] Temp=0.0 Rep=1 → Concordo fortemente
[2026-05-12 11:55:40,404][__main__][INFO] - ✓ [google/gemma-3-4b-it] Temp=0.0 Rep=1 → Concordo fortemente
[2026-05-12 11:55:40,407][__main__][INFO] - ✓ [google/gemma-3-4b-it] Temp=0.0 Rep=1 → Discordo
[2026-05-12 11:55:40,407][__main__][INFO] - ✓ [google/gemma-3-4b-it] Temp=0.0 Rep=1 → Concordo fortemente
[2026-05-12 11:55:40,426][__main__][INFO] - Salvamento incremental (120 novas respostas)...
[2026-05-12 11:55:40,472][__main__][INFO] - Cache salvo com 234618 entradas
[2026-05-12 11:55:40,472][__main__][INFO] - ✓ [google/gemma-3-4b-it] Temp=0.0 Rep=1 → Concordo fortemente
[2026-05-12 11:55:40,475][__main__][INFO] - ✓ [google/gemma-3-4b-it] Temp=0.0 Rep=1 → Concordo fortemente
[2026-05-12 11:55:40,745][__main__][INFO] - ✓ [google/gemma-3-4b-it] Temp=0.0 Rep=1 → Discordo
[2026-05-12 11:55:40,804][__main__][INFO] - ✓ [google/gemma-3-4b-it] Temp=0.0 Rep=1 → Concordo fortemente
[2026-05-12 11:55:40,807][__main__][INFO] - ✓ [google/gemma-3-4b-it] Temp=0.0 Rep=1 → Discordo fortemente
[2026-05-12 11:55:40,808][__main__][INFO] - ✓ [google/gemma-3-4b-it] Temp=0.0 Rep=1 → Discordo
[2026-05-12 11:55:40,812][__main__][INFO] - ✓ [google/gemma-3-4b-it] Temp=0.0 Rep=1 → Concordo fortemente
[2026-05-12 11:55:40,820][__main__][INFO] - ✓ [google/gemma-3-4b-it] Temp=0.0 Rep=1 → Concordo fortemente
[2026-05-12 11:55:40,850][__main__][INFO] - ✓ [google/gemma-3-4b-it] Temp=0.0 Rep=1 → Concordo fortemente
[2026-05-12 11:55:40,937][__main__][INFO] - ✓ [google/gemma-3-4b-it] Temp=0.0 Rep=1 → Discordo fortemente
[2026-05-12 11:55:40,952][__main__][INFO] - ✓ [google/gemma-3-4b-it] Temp=0.0 Rep=1 → Concordo fortemente
[2026-05-12 11:55:41,234][__main__][INFO] - ✓ [google/gemma-3-4b-it] Temp=0.0 Rep=1 → Concordo fortemente
[2026-05-12 11:55:41,238][__main__][INFO] - ✓ [google/gemma-3-4b-it] Temp=0.0 Rep=1 → Discordo fortemente
[2026-05-12 11:55:41,238][__main__][INFO] - ✓ [google/gemma-3-4b-it] Temp=0.0 Rep=1 → Discordo
[2026-05-12 11:55:41,244][__main__][INFO] - ✓ [google/gemma-3-4b-it] Temp=0.0 Rep=1 → Discordo
[2026-05-12 11:55:41,245][__main__][INFO] - ✓ [google/gemma-3-4b-it] Temp=0.0 Rep=1 → Concordo fortemente
[2026-05-12 11:55:41,274][__main__][INFO] - ✓ [google/gemma-3-4b-it] Temp=0.0 Rep=1 → Concordo fortemente
[2026-05-12 11:55:41,294][__main__][INFO] - ✓ [google/gemma-3-4b-it] Temp=0.0 Rep=1 → Concordo fortemente
[2026-05-12 11:55:41,299][__main__][INFO] - ✓ [google/gemma-3-4b-it] Temp=0.0 Rep=1 → Concordo fortemente
[2026-05-12 11:55:41,470][__main__][INFO] - ✓ [google/gemma-3-4b-it] Temp=0.0 Rep=1 → Concordo fortemente
[2026-05-12 11:55:41,474][__main__][INFO] - ✓ [google/gemma-3-4b-it] Temp=0.0 Rep=1 → Concordo fortemente
[2026-05-12 11:55:41,730][__main__][INFO] - ✓ [google/gemma-3-4b-it] Temp=0.0 Rep=1 → Discordo
[2026-05-12 11:55:41,787][__main__][INFO] - ✓ [google/gemma-3-4b-it] Temp=0.0 Rep=1 → Discordo fortemente
[2026-05-12 11:55:41,789][__main__][INFO] - ✓ [google/gemma-3-4b-it] Temp=0.0 Rep=1 → Discordo fortemente
[2026-05-12 11:55:41,806][__main__][INFO] - ✓ [google/gemma-3-4b-it] Temp=0.0 Rep=1 → Concordo fortemente
[2026-05-12 11:55:41,810][__main__][INFO] - ✓ [google/gemma-3-4b-it] Temp=0.0 Rep=1 → Concordo fortemente
[2026-05-12 11:55:41,812][__main__][INFO] - ✓ [google/gemma-3-4b-it] Temp=0.0 Rep=1 → Discordo fortemente
[2026-05-12 11:55:41,819][__main__][INFO] - ✓ [google/gemma-3-4b-it] Temp=0.0 Rep=1 → Discordo fortemente
[2026-05-12 11:55:41,830][__main__][INFO] - ✓ [google/gemma-3-4b-it] Temp=0.0 Rep=1 → Concordo fortemente
[2026-05-12 11:55:41,844][__main__][INFO] - ✓ [google/gemma-3-4b-it] Temp=0.0 Rep=1 → Discordo fortemente
[2026-05-12 11:55:41,864][__main__][INFO] - ✓ [google/gemma-3-4b-it] Temp=0.0 Rep=1 → Concordo fortemente
[2026-05-12 11:55:42,149][__main__][INFO] - ✓ [google/gemma-3-4b-it] Temp=0.0 Rep=1 → Discordo fortemente
[2026-05-12 11:55:42,291][__main__][INFO] - ✓ [google/gemma-3-4b-it] Temp=0.0 Rep=1 → Concordo fortemente
[2026-05-12 11:55:42,292][__main__][INFO] - ✓ [google/gemma-3-4b-it] Temp=0.0 Rep=1 → Concordo fortemente
[2026-05-12 11:55:42,293][__main__][INFO] - ✓ [google/gemma-3-4b-it] Temp=0.0 Rep=1 → Discordo fortemente
[2026-05-12 11:55:42,303][__main__][INFO] - ✓ [google/gemma-3-4b-it] Temp=0.0 Rep=1 → Discordo fortemente
[2026-05-12 11:55:42,313][__main__][INFO] - ✓ [google/gemma-3-4b-it] Temp=0.0 Rep=1 → Concordo fortemente
[2026-05-12 11:55:42,314][__main__][INFO] - ✓ [google/gemma-3-4b-it] Temp=0.0 Rep=1 → Concordo fortemente
[2026-05-12 11:55:42,315][__main__][INFO] - ✓ [google/gemma-3-4b-it] Temp=0.0 Rep=1 → Concordo fortemente
[2026-05-12 11:55:42,319][__main__][INFO] - ✓ [google/gemma-3-4b-it] Temp=0.0 Rep=1 → Concordo fortemente
[2026-05-12 11:55:42,328][__main__][INFO] - Salvamento incremental (160 novas respostas)...
[2026-05-12 11:55:42,373][__main__][INFO] - Cache salvo com 234658 entradas
[2026-05-12 11:55:42,373][__main__][INFO] - ✓ [google/gemma-3-4b-it] Temp=0.0 Rep=1 → Concordo fortemente
[2026-05-12 11:55:42,481][__main__][INFO] - ✓ [google/gemma-3-4b-it] Temp=0.0 Rep=1 → Discordo fortemente
[2026-05-12 11:55:42,736][__main__][INFO] - ✓ [google/gemma-3-4b-it] Temp=0.0 Rep=1 → Concordo fortemente
[2026-05-12 11:55:42,897][__main__][INFO] - ✓ [google/gemma-3-4b-it] Temp=0.0 Rep=1 → Discordo
[2026-05-12 11:55:42,898][__main__][INFO] - ✓ [google/gemma-3-4b-it] Temp=0.0 Rep=1 → Discordo
[2026-05-12 11:55:42,932][__main__][INFO] - ✓ [google/gemma-3-4b-it] Temp=0.0 Rep=1 → Discordo
[2026-05-12 11:55:42,934][__main__][INFO] - ✓ [google/gemma-3-4b-it] Temp=0.0 Rep=1 → Discordo fortemente
[2026-05-12 11:55:42,935][__main__][INFO] - ✓ [google/gemma-3-4b-it] Temp=0.0 Rep=1 → Concordo
[2026-05-12 11:55:42,952][__main__][INFO] - ✓ [google/gemma-3-4b-it] Temp=0.0 Rep=1 → Concordo fortemente
[2026-05-12 11:55:42,953][__main__][INFO] - ✓ [google/gemma-3-4b-it] Temp=0.0 Rep=1 → Concordo
[2026-05-12 11:55:42,955][__main__][INFO] - ✓ [google/gemma-3-4b-it] Temp=0.0 Rep=1 → Concordo fortemente
[2026-05-12 11:55:42,960][__main__][INFO] - ✓ [google/gemma-3-4b-it] Temp=0.0 Rep=1 → Concordo fortemente
[2026-05-12 11:55:43,186][__main__][INFO] - ✓ [google/gemma-3-4b-it] Temp=0.0 Rep=1 → Concordo
[2026-05-12 11:55:43,419][__main__][INFO] - ✓ [google/gemma-3-4b-it] Temp=0.0 Rep=1 → Discordo
[2026-05-12 11:55:43,423][__main__][INFO] - ✓ [google/gemma-3-4b-it] Temp=0.0 Rep=1 → Discordo
[2026-05-12 11:55:43,441][__main__][INFO] - ✓ [google/gemma-3-4b-it] Temp=0.0 Rep=1 → Discordo
[2026-05-12 11:55:43,464][__main__][INFO] - ✓ [google/gemma-3-4b-it] Temp=0.0 Rep=1 → Discordo
[2026-05-12 11:55:43,491][__main__][INFO] - ✓ [google/gemma-3-4b-it] Temp=0.0 Rep=1 → Concordo fortemente
[2026-05-12 11:55:43,494][__main__][INFO] - ✓ [google/gemma-3-4b-it] Temp=0.0 Rep=1 → Concordo fortemente
[2026-05-12 11:55:43,494][__main__][INFO] - ✓ [google/gemma-3-4b-it] Temp=0.0 Rep=1 → Concordo fortemente
[2026-05-12 11:55:43,495][__main__][INFO] - ✓ [google/gemma-3-4b-it] Temp=0.0 Rep=1 → Concordo fortemente
[2026-05-12 11:55:43,500][__main__][INFO] - ✓ [google/gemma-3-4b-it] Temp=0.0 Rep=1 → Discordo fortemente
[2026-05-12 11:55:43,543][__main__][INFO] - ✓ [google/gemma-3-4b-it] Temp=0.0 Rep=1 → Discordo fortemente
[2026-05-12 11:55:43,891][__main__][INFO] - ✓ [google/gemma-3-4b-it] Temp=0.0 Rep=1 → Discordo fortemente
[2026-05-12 11:55:43,914][__main__][INFO] - ✓ [google/gemma-3-4b-it] Temp=0.0 Rep=1 → Concordo
[2026-05-12 11:55:43,922][__main__][INFO] - ✓ [google/gemma-3-4b-it] Temp=0.0 Rep=1 → Discordo
[2026-05-12 11:55:43,934][__main__][INFO] - ✓ [google/gemma-3-4b-it] Temp=0.0 Rep=1 → Discordo
[2026-05-12 11:55:43,937][__main__][INFO] - ✓ [google/gemma-3-4b-it] Temp=0.0 Rep=1 → Concordo fortemente
[2026-05-12 11:55:43,940][__main__][INFO] - ✓ [google/gemma-3-4b-it] Temp=0.0 Rep=1 → Discordo
[2026-05-12 11:55:43,953][__main__][INFO] - ✓ [google/gemma-3-4b-it] Temp=0.0 Rep=1 → Concordo fortemente
[2026-05-12 11:55:43,954][__main__][INFO] - ✓ [google/gemma-3-4b-it] Temp=0.0 Rep=1 → Concordo fortemente
[2026-05-12 11:55:43,955][__main__][INFO] - ✓ [google/gemma-3-4b-it] Temp=0.0 Rep=1 → Concordo fortemente
[2026-05-12 11:55:43,973][__main__][INFO] - ✓ [google/gemma-3-4b-it] Temp=0.0 Rep=1 → Concordo fortemente
[2026-05-12 11:55:44,337][__main__][INFO] - ✓ [google/gemma-3-4b-it] Temp=0.0 Rep=1 → Discordo fortemente
[2026-05-12 11:55:44,341][__main__][INFO] - ✓ [google/gemma-3-4b-it] Temp=0.0 Rep=1 → Discordo
[2026-05-12 11:55:44,344][__main__][INFO] - ✓ [google/gemma-3-4b-it] Temp=0.0 Rep=1 → Discordo
[2026-05-12 11:55:44,363][__main__][INFO] - ✓ [google/gemma-3-4b-it] Temp=0.0 Rep=1 → Concordo
[2026-05-12 11:55:44,366][__main__][INFO] - ✓ [google/gemma-3-4b-it] Temp=0.0 Rep=1 → Concordo fortemente
[2026-05-12 11:55:44,383][__main__][INFO] - ✓ [google/gemma-3-4b-it] Temp=0.0 Rep=1 → Concordo
[2026-05-12 11:55:44,405][__main__][INFO] - ✓ [google/gemma-3-4b-it] Temp=0.0 Rep=1 → Concordo fortemente
[2026-05-12 11:55:44,407][__main__][INFO] - Salvamento incremental (200 novas respostas)...
[2026-05-12 11:55:44,452][__main__][INFO] - Cache salvo com 234698 entradas
[2026-05-12 11:55:44,452][__main__][INFO] - ✓ [google/gemma-3-4b-it] Temp=0.0 Rep=1 → Concordo fortemente
[2026-05-12 11:55:44,452][__main__][INFO] - ✓ [google/gemma-3-4b-it] Temp=0.0 Rep=1 → Concordo fortemente
[2026-05-12 11:55:44,554][__main__][INFO] - ✓ [google/gemma-3-4b-it] Temp=0.0 Rep=1 → Concordo fortemente
[2026-05-12 11:55:44,755][__main__][INFO] - ✓ [google/gemma-3-4b-it] Temp=0.0 Rep=1 → Discordo fortemente
[2026-05-12 11:55:44,758][__main__][INFO] - ✓ [google/gemma-3-4b-it] Temp=0.0 Rep=1 → Discordo fortemente
[2026-05-12 11:55:44,786][__main__][INFO] - ✓ [google/gemma-3-4b-it] Temp=0.0 Rep=1 → Discordo fortemente
[2026-05-12 11:55:44,807][__main__][INFO] - ✓ [google/gemma-3-4b-it] Temp=0.0 Rep=1 → Concordo fortemente
[2026-05-12 11:55:44,862][__main__][INFO] - ✓ [google/gemma-3-4b-it] Temp=0.0 Rep=1 → Discordo fortemente
[2026-05-12 11:55:44,868][__main__][INFO] - ✓ [google/gemma-3-4b-it] Temp=0.0 Rep=1 → Concordo
[2026-05-12 11:55:44,881][__main__][INFO] - ✓ [google/gemma-3-4b-it] Temp=0.0 Rep=1 → Concordo fortemente
[2026-05-12 11:55:44,883][__main__][INFO] - ✓ [google/gemma-3-4b-it] Temp=0.0 Rep=1 → Concordo fortemente
[2026-05-12 11:55:44,915][__main__][INFO] - ✓ [google/gemma-3-4b-it] Temp=0.0 Rep=1 → Concordo fortemente
[2026-05-12 11:55:45,423][__main__][INFO] - ✓ [google/gemma-3-4b-it] Temp=0.0 Rep=1 → Concordo
[2026-05-12 11:55:45,432][__main__][INFO] - ✓ [google/gemma-3-4b-it] Temp=0.0 Rep=1 → Concordo fortemente
[2026-05-12 11:55:45,449][__main__][INFO] - ✓ [google/gemma-3-4b-it] Temp=0.0 Rep=1 → Discordo fortemente
[2026-05-12 11:55:45,453][__main__][INFO] - ✓ [google/gemma-3-4b-it] Temp=0.0 Rep=1 → Discordo fortemente
[2026-05-12 11:55:45,471][__main__][INFO] - ✓ [google/gemma-3-4b-it] Temp=0.0 Rep=1 → Concordo fortemente
[2026-05-12 11:55:45,485][__main__][INFO] - ✓ [google/gemma-3-4b-it] Temp=0.0 Rep=1 → Discordo fortemente
[2026-05-12 11:55:45,486][__main__][INFO] - ✓ [google/gemma-3-4b-it] Temp=0.0 Rep=1 → Concordo fortemente
[2026-05-12 11:55:45,487][__main__][INFO] - ✓ [google/gemma-3-4b-it] Temp=0.0 Rep=1 → Concordo fortemente
[2026-05-12 11:55:45,487][__main__][INFO] - ✓ [google/gemma-3-4b-it] Temp=0.0 Rep=1 → Concordo fortemente
[2026-05-12 11:55:45,498][__main__][INFO] - ✓ [google/gemma-3-4b-it] Temp=0.0 Rep=1 → Concordo fortemente
[2026-05-12 11:55:45,864][__main__][INFO] - ✓ [google/gemma-3-4b-it] Temp=0.0 Rep=1 → Concordo fortemente
[2026-05-12 11:55:45,867][__main__][INFO] - ✓ [google/gemma-3-4b-it] Temp=0.0 Rep=1 → Discordo
[2026-05-12 11:55:45,887][__main__][INFO] - ✓ [google/gemma-3-4b-it] Temp=0.0 Rep=1 → Concordo fortemente
[2026-05-12 11:55:45,905][__main__][INFO] - ✓ [google/gemma-3-4b-it] Temp=0.0 Rep=1 → Concordo fortemente
[2026-05-12 11:55:45,908][__main__][INFO] - ✓ [google/gemma-3-4b-it] Temp=0.0 Rep=1 → Concordo fortemente
[2026-05-12 11:55:45,909][__main__][INFO] - ✓ [google/gemma-3-4b-it] Temp=0.0 Rep=1 → Concordo fortemente
[2026-05-12 11:55:45,911][__main__][INFO] - ✓ [google/gemma-3-4b-it] Temp=0.0 Rep=1 → Discordo
[2026-05-12 11:55:45,921][__main__][INFO] - ✓ [google/gemma-3-4b-it] Temp=0.0 Rep=1 → Concordo
[2026-05-12 11:55:45,923][__main__][INFO] - ✓ [google/gemma-3-4b-it] Temp=0.0 Rep=1 → Concordo fortemente
[2026-05-12 11:55:45,944][__main__][INFO] - ✓ [google/gemma-3-4b-it] Temp=0.0 Rep=1 → Concordo fortemente
[2026-05-12 11:55:46,335][__main__][INFO] - ✓ [google/gemma-3-4b-it] Temp=0.0 Rep=1 → Discordo
[2026-05-12 11:55:46,357][__main__][INFO] - ✓ [google/gemma-3-4b-it] Temp=0.0 Rep=1 → Concordo fortemente
[2026-05-12 11:55:46,358][__main__][INFO] - ✓ [google/gemma-3-4b-it] Temp=0.0 Rep=1 → Discordo
[2026-05-12 11:55:46,359][__main__][INFO] - ✓ [google/gemma-3-4b-it] Temp=0.0 Rep=1 → Discordo
[2026-05-12 11:55:46,360][__main__][INFO] - ✓ [google/gemma-3-4b-it] Temp=0.0 Rep=1 → Discordo
[2026-05-12 11:55:46,377][__main__][INFO] - ✓ [google/gemma-3-4b-it] Temp=0.0 Rep=1 → Concordo fortemente
[2026-05-12 11:55:46,379][__main__][INFO] - ✓ [google/gemma-3-4b-it] Temp=0.0 Rep=1 → Concordo fortemente
[2026-05-12 11:55:46,379][__main__][INFO] - ✓ [google/gemma-3-4b-it] Temp=0.0 Rep=1 → Concordo
[2026-05-12 11:55:46,393][__main__][INFO] - Salvamento incremental (240 novas respostas)...
[2026-05-12 11:55:46,440][__main__][INFO] - Cache salvo com 234738 entradas
[2026-05-12 11:55:46,440][__main__][INFO] - ✓ [google/gemma-3-4b-it] Temp=0.0 Rep=1 → Discordo
[2026-05-12 11:55:46,442][__main__][INFO] - ✓ [google/gemma-3-4b-it] Temp=0.0 Rep=1 → Concordo fortemente
[2026-05-12 11:55:46,709][__main__][INFO] - ✓ [google/gemma-3-4b-it] Temp=0.0 Rep=1 → Discordo
[2026-05-12 11:55:46,749][__main__][INFO] - ✓ [google/gemma-3-4b-it] Temp=0.0 Rep=1 → Concordo fortemente
[2026-05-12 11:55:46,856][__main__][INFO] - ✓ [google/gemma-3-4b-it] Temp=0.0 Rep=1 → Discordo
[2026-05-12 11:55:46,862][__main__][INFO] - ✓ [google/gemma-3-4b-it] Temp=0.0 Rep=1 → Discordo
[2026-05-12 11:55:46,863][__main__][INFO] - ✓ [google/gemma-3-4b-it] Temp=0.0 Rep=1 → Concordo fortemente
[2026-05-12 11:55:46,864][__main__][INFO] - ✓ [google/gemma-3-4b-it] Temp=0.0 Rep=1 → Concordo fortemente
[2026-05-12 11:55:46,871][__main__][INFO] - ✓ [google/gemma-3-4b-it] Temp=0.0 Rep=1 → Concordo fortemente
[2026-05-12 11:55:46,871][__main__][INFO] - ✓ [google/gemma-3-4b-it] Temp=0.0 Rep=1 → Concordo fortemente
[2026-05-12 11:55:46,971][__main__][INFO] - ✓ [google/gemma-3-4b-it] Temp=0.0 Rep=1 → Concordo fortemente
[2026-05-12 11:55:46,977][__main__][INFO] - ✓ [google/gemma-3-4b-it] Temp=0.0 Rep=1 → Discordo fortemente
[2026-05-12 11:55:47,221][__main__][INFO] - ✓ [google/gemma-3-4b-it] Temp=0.0 Rep=1 → Concordo fortemente
[2026-05-12 11:55:47,224][__main__][INFO] - ✓ [google/gemma-3-4b-it] Temp=0.0 Rep=1 → Discordo fortemente
[2026-05-12 11:55:47,265][__main__][INFO] - ✓ [google/gemma-3-4b-it] Temp=0.0 Rep=1 → Discordo fortemente
[2026-05-12 11:55:47,266][__main__][INFO] - ✓ [google/gemma-3-4b-it] Temp=0.0 Rep=1 → Concordo fortemente
[2026-05-12 11:55:47,378][__main__][INFO] - ✓ [google/gemma-3-4b-it] Temp=0.0 Rep=1 → Concordo fortemente
[2026-05-12 11:55:47,382][__main__][INFO] - ✓ [google/gemma-3-4b-it] Temp=0.0 Rep=1 → Concordo fortemente
[2026-05-12 11:55:47,383][__main__][INFO] - ✓ [google/gemma-3-4b-it] Temp=0.0 Rep=1 → Concordo fortemente
[2026-05-12 11:55:47,384][__main__][INFO] - ✓ [google/gemma-3-4b-it] Temp=0.0 Rep=1 → Discordo fortemente
[2026-05-12 11:55:47,384][__main__][INFO] - ✓ [google/gemma-3-4b-it] Temp=0.0 Rep=1 → Concordo fortemente
[2026-05-12 11:55:47,511][__main__][INFO] - ✓ [google/gemma-3-4b-it] Temp=0.0 Rep=1 → Concordo fortemente
[2026-05-12 11:55:47,794][__main__][INFO] - ✓ [google/gemma-3-4b-it] Temp=0.0 Rep=1 → Discordo
[2026-05-12 11:55:47,795][__main__][INFO] - ✓ [google/gemma-3-4b-it] Temp=0.0 Rep=1 → Discordo
[2026-05-12 11:55:47,905][__main__][INFO] - ✓ [google/gemma-3-4b-it] Temp=0.0 Rep=1 → Discordo
[2026-05-12 11:55:47,906][__main__][INFO] - ✓ [google/gemma-3-4b-it] Temp=0.0 Rep=1 → Concordo
[2026-05-12 11:55:47,906][__main__][INFO] - ✓ [google/gemma-3-4b-it] Temp=0.0 Rep=1 → Concordo fortemente
[2026-05-12 11:55:47,906][__main__][INFO] - ✓ [google/gemma-3-4b-it] Temp=0.0 Rep=1 → Concordo fortemente
[2026-05-12 11:55:47,907][__main__][INFO] - ✓ [google/gemma-3-4b-it] Temp=0.0 Rep=1 → Discordo fortemente
[2026-05-12 11:55:47,912][__main__][INFO] - ✓ [google/gemma-3-4b-it] Temp=0.0 Rep=1 → Concordo fortemente
[2026-05-12 11:55:47,913][__main__][INFO] - ✓ [google/gemma-3-4b-it] Temp=0.0 Rep=1 → Concordo fortemente
[2026-05-12 11:55:47,927][__main__][INFO] - ✓ [google/gemma-3-4b-it] Temp=0.0 Rep=1 → Concordo fortemente
[2026-05-12 11:55:48,199][__main__][INFO] - ✓ [google/gemma-3-4b-it] Temp=0.0 Rep=1 → Discordo
[2026-05-12 11:55:48,268][__main__][INFO] - ✓ [google/gemma-3-4b-it] Temp=0.0 Rep=1 → Concordo fortemente
[2026-05-12 11:55:48,457][__main__][INFO] - ✓ [google/gemma-3-4b-it] Temp=0.0 Rep=1 → Discordo
[2026-05-12 11:55:48,467][__main__][INFO] - ✓ [google/gemma-3-4b-it] Temp=0.0 Rep=1 → Discordo
[2026-05-12 11:55:48,470][__main__][INFO] - ✓ [google/gemma-3-4b-it] Temp=0.0 Rep=1 → Concordo fortemente
[2026-05-12 11:55:48,470][__main__][INFO] - ✓ [google/gemma-3-4b-it] Temp=0.0 Rep=1 → Concordo fortemente
[2026-05-12 11:55:48,470][__main__][INFO] - ✓ [google/gemma-3-4b-it] Temp=0.0 Rep=1 → Concordo fortemente
[2026-05-12 11:55:48,473][__main__][INFO] - ✓ [google/gemma-3-4b-it] Temp=0.0 Rep=1 → Discordo fortemente
[2026-05-12 11:55:48,507][__main__][INFO] - Salvamento incremental (280 novas respostas)...
[2026-05-12 11:55:48,556][__main__][INFO] - Cache salvo com 234778 entradas
[2026-05-12 11:55:48,556][__main__][INFO] - ✓ [google/gemma-3-4b-it] Temp=0.0 Rep=1 → Concordo fortemente
[2026-05-12 11:55:48,709][__main__][INFO] - ✓ [google/gemma-3-4b-it] Temp=0.0 Rep=1 → Concordo fortemente
[2026-05-12 11:55:48,714][__main__][INFO] - ✓ [google/gemma-3-4b-it] Temp=0.0 Rep=1 → Discordo
[2026-05-12 11:55:48,795][__main__][INFO] - ✓ [google/gemma-3-4b-it] Temp=0.0 Rep=1 → Concordo fortemente
[2026-05-12 11:55:48,980][__main__][INFO] - ✓ [google/gemma-3-4b-it] Temp=0.0 Rep=1 → Discordo fortemente
[2026-05-12 11:55:48,984][__main__][INFO] - ✓ [google/gemma-3-4b-it] Temp=0.0 Rep=1 → Concordo fortemente
[2026-05-12 11:55:48,986][__main__][INFO] - ✓ [google/gemma-3-4b-it] Temp=0.0 Rep=1 → Discordo fortemente
[2026-05-12 11:55:49,023][__main__][INFO] - ✓ [google/gemma-3-4b-it] Temp=0.0 Rep=1 → Concordo fortemente
[2026-05-12 11:55:49,024][__main__][INFO] - ✓ [google/gemma-3-4b-it] Temp=0.0 Rep=1 → Concordo fortemente
[2026-05-12 11:55:49,026][__main__][INFO] - ✓ [google/gemma-3-4b-it] Temp=0.0 Rep=1 → Concordo fortemente
[2026-05-12 11:55:49,031][__main__][INFO] - ✓ [google/gemma-3-4b-it] Temp=0.0 Rep=1 → Discordo fortemente
[2026-05-12 11:55:49,133][__main__][INFO] - ✓ [google/gemma-3-4b-it] Temp=0.0 Rep=1 → Concordo fortemente
[2026-05-12 11:55:49,189][__main__][INFO] - ✓ [google/gemma-3-4b-it] Temp=0.0 Rep=1 → Discordo fortemente
[2026-05-12 11:55:49,500][__main__][INFO] - ✓ [google/gemma-3-4b-it] Temp=0.0 Rep=1 → Concordo fortemente
[2026-05-12 11:55:49,504][__main__][INFO] - ✓ [google/gemma-3-4b-it] Temp=0.0 Rep=1 → Discordo fortemente
[2026-05-12 11:55:49,532][__main__][INFO] - ✓ [google/gemma-3-4b-it] Temp=0.0 Rep=1 → Discordo
[2026-05-12 11:55:49,556][__main__][INFO] - ✓ [google/gemma-3-4b-it] Temp=0.0 Rep=1 → Discordo fortemente
[2026-05-12 11:55:49,559][__main__][INFO] - ✓ [google/gemma-3-4b-it] Temp=0.0 Rep=1 → Concordo fortemente
[2026-05-12 11:55:49,560][__main__][INFO] - ✓ [google/gemma-3-4b-it] Temp=0.0 Rep=1 → Concordo fortemente
[2026-05-12 11:55:49,560][__main__][INFO] - ✓ [google/gemma-3-4b-it] Temp=0.0 Rep=1 → Discordo fortemente
[2026-05-12 11:55:49,562][__main__][INFO] - ✓ [google/gemma-3-4b-it] Temp=0.0 Rep=1 → Concordo fortemente
[2026-05-12 11:55:49,581][__main__][INFO] - ✓ [google/gemma-3-4b-it] Temp=0.0 Rep=1 → Concordo fortemente
[2026-05-12 11:55:49,613][__main__][INFO] - ✓ [google/gemma-3-4b-it] Temp=0.0 Rep=1 → Concordo fortemente
[2026-05-12 11:55:49,998][__main__][INFO] - ✓ [google/gemma-3-4b-it] Temp=0.0 Rep=1 → Discordo fortemente
[2026-05-12 11:55:50,002][__main__][INFO] - ✓ [google/gemma-3-4b-it] Temp=0.0 Rep=1 → Discordo fortemente
[2026-05-12 11:55:50,024][__main__][INFO] - ✓ [google/gemma-3-4b-it] Temp=0.0 Rep=1 → Discordo fortemente
[2026-05-12 11:55:50,025][__main__][INFO] - ✓ [google/gemma-3-4b-it] Temp=0.0 Rep=1 → Concordo fortemente
[2026-05-12 11:55:50,058][__main__][INFO] - ✓ [google/gemma-3-4b-it] Temp=0.0 Rep=1 → Concordo fortemente
[2026-05-12 11:55:50,058][__main__][INFO] - ✓ [google/gemma-3-4b-it] Temp=0.0 Rep=1 → Concordo fortemente
[2026-05-12 11:55:50,061][__main__][INFO] - ✓ [google/gemma-3-4b-it] Temp=0.0 Rep=1 → Concordo fortemente
[2026-05-12 11:55:50,063][__main__][INFO] - ✓ [google/gemma-3-4b-it] Temp=0.0 Rep=1 → Concordo fortemente
[2026-05-12 11:55:50,080][__main__][INFO] - ✓ [google/gemma-3-4b-it] Temp=0.0 Rep=1 → Concordo fortemente
[2026-05-12 11:55:50,083][__main__][INFO] - ✓ [google/gemma-3-4b-it] Temp=0.0 Rep=1 → Concordo fortemente
[2026-05-12 11:55:50,526][__main__][INFO] - ✓ [google/gemma-3-4b-it] Temp=0.0 Rep=1 → Discordo
[2026-05-12 11:55:50,573][__main__][INFO] - ✓ [google/gemma-3-4b-it] Temp=0.0 Rep=1 → Discordo
[2026-05-12 11:55:50,574][__main__][INFO] - ✓ [google/gemma-3-4b-it] Temp=0.0 Rep=1 → Discordo
[2026-05-12 11:55:50,594][__main__][INFO] - ✓ [google/gemma-3-4b-it] Temp=0.0 Rep=1 → Concordo fortemente
[2026-05-12 11:55:50,596][__main__][INFO] - ✓ [google/gemma-3-4b-it] Temp=0.0 Rep=1 → Discordo fortemente
[2026-05-12 11:55:50,604][__main__][INFO] - ✓ [google/gemma-3-4b-it] Temp=0.0 Rep=1 → Discordo fortemente
[2026-05-12 11:55:50,621][__main__][INFO] - ✓ [google/gemma-3-4b-it] Temp=0.0 Rep=1 → Concordo fortemente
[2026-05-12 11:55:50,632][__main__][INFO] - Salvamento incremental (320 novas respostas)...
[2026-05-12 11:55:50,678][__main__][INFO] - Cache salvo com 234818 entradas
[2026-05-12 11:55:50,678][__main__][INFO] - ✓ [google/gemma-3-4b-it] Temp=0.0 Rep=1 → Discordo
[2026-05-12 11:55:50,680][__main__][INFO] - ✓ [google/gemma-3-4b-it] Temp=0.0 Rep=1 → Concordo fortemente
[2026-05-12 11:55:50,680][__main__][INFO] - ✓ [google/gemma-3-4b-it] Temp=0.0 Rep=1 → Concordo fortemente
[2026-05-12 11:55:51,196][__main__][INFO] - ✓ [google/gemma-3-4b-it] Temp=0.0 Rep=1 → Discordo
[2026-05-12 11:55:51,199][__main__][INFO] - ✓ [google/gemma-3-4b-it] Temp=0.0 Rep=1 → Discordo fortemente
[2026-05-12 11:55:51,200][__main__][INFO] - ✓ [google/gemma-3-4b-it] Temp=0.0 Rep=1 → Discordo fortemente
[2026-05-12 11:55:51,206][__main__][INFO] - ✓ [google/gemma-3-4b-it] Temp=0.0 Rep=1 → Discordo
[2026-05-12 11:55:51,208][__main__][INFO] - ✓ [google/gemma-3-4b-it] Temp=0.0 Rep=1 → Discordo fortemente
[2026-05-12 11:55:51,218][__main__][INFO] - ✓ [google/gemma-3-4b-it] Temp=0.0 Rep=1 → Concordo fortemente
[2026-05-12 11:55:51,219][__main__][INFO] - ✓ [google/gemma-3-4b-it] Temp=0.0 Rep=1 → Concordo fortemente
[2026-05-12 11:55:51,219][__main__][INFO] - ✓ [google/gemma-3-4b-it] Temp=0.0 Rep=1 → Discordo fortemente
[2026-05-12 11:55:51,220][__main__][INFO] - ✓ [google/gemma-3-4b-it] Temp=0.0 Rep=1 → Concordo fortemente
[2026-05-12 11:55:51,220][__main__][INFO] - ✓ [google/gemma-3-4b-it] Temp=0.0 Rep=1 → Discordo fortemente
[2026-05-12 11:55:51,719][__main__][INFO] - ✓ [google/gemma-3-4b-it] Temp=0.0 Rep=1 → Discordo fortemente
[2026-05-12 11:55:51,721][__main__][INFO] - ✓ [google/gemma-3-4b-it] Temp=0.0 Rep=1 → Discordo fortemente
[2026-05-12 11:55:51,724][__main__][INFO] - ✓ [google/gemma-3-4b-it] Temp=0.0 Rep=1 → Discordo
[2026-05-12 11:55:51,741][__main__][INFO] - ✓ [google/gemma-3-4b-it] Temp=0.0 Rep=1 → Discordo fortemente
[2026-05-12 11:55:51,743][__main__][INFO] - ✓ [google/gemma-3-4b-it] Temp=0.0 Rep=1 → Discordo fortemente
[2026-05-12 11:55:51,744][__main__][INFO] - ✓ [google/gemma-3-4b-it] Temp=0.0 Rep=1 → Discordo fortemente
[2026-05-12 11:55:51,745][__main__][INFO] - ✓ [google/gemma-3-4b-it] Temp=0.0 Rep=1 → Discordo fortemente
[2026-05-12 11:55:51,746][__main__][INFO] - ✓ [google/gemma-3-4b-it] Temp=0.0 Rep=1 → Discordo fortemente
[2026-05-12 11:55:51,748][__main__][INFO] - ✓ [google/gemma-3-4b-it] Temp=0.0 Rep=1 → Discordo fortemente
[2026-05-12 11:55:51,748][__main__][INFO] - ✓ [google/gemma-3-4b-it] Temp=0.0 Rep=1 → Discordo
[2026-05-12 11:55:52,198][__main__][INFO] - ✓ [google/gemma-3-4b-it] Temp=0.0 Rep=1 → Neutro
[2026-05-12 11:55:52,201][__main__][INFO] - ✓ [google/gemma-3-4b-it] Temp=0.0 Rep=1 → Discordo
[2026-05-12 11:55:52,205][__main__][INFO] - ✓ [google/gemma-3-4b-it] Temp=0.0 Rep=1 → Discordo
[2026-05-12 11:55:52,221][__main__][INFO] - ✓ [google/gemma-3-4b-it] Temp=0.0 Rep=1 → Discordo fortemente
[2026-05-12 11:55:52,222][__main__][INFO] - ✓ [google/gemma-3-4b-it] Temp=0.0 Rep=1 → Discordo fortemente
[2026-05-12 11:55:52,223][__main__][INFO] - ✓ [google/gemma-3-4b-it] Temp=0.0 Rep=1 → Discordo fortemente
[2026-05-12 11:55:52,238][__main__][INFO] - ✓ [google/gemma-3-4b-it] Temp=0.0 Rep=1 → Concordo fortemente
[2026-05-12 11:55:52,239][__main__][INFO] - ✓ [google/gemma-3-4b-it] Temp=0.0 Rep=1 → Concordo fortemente
[2026-05-12 11:55:52,239][__main__][INFO] - ✓ [google/gemma-3-4b-it] Temp=0.0 Rep=1 → Concordo fortemente
[2026-05-12 11:55:52,241][__main__][INFO] - ✓ [google/gemma-3-4b-it] Temp=0.0 Rep=1 → Concordo fortemente
[2026-05-12 11:55:52,745][__main__][INFO] - ✓ [google/gemma-3-4b-it] Temp=0.0 Rep=1 → Discordo
[2026-05-12 11:55:52,748][__main__][INFO] - ✓ [google/gemma-3-4b-it] Temp=0.0 Rep=1 → Discordo
[2026-05-12 11:55:52,751][__main__][INFO] - ✓ [google/gemma-3-4b-it] Temp=0.0 Rep=1 → Discordo fortemente
[2026-05-12 11:55:52,763][__main__][INFO] - ✓ [google/gemma-3-4b-it] Temp=0.0 Rep=1 → Concordo fortemente
[2026-05-12 11:55:52,765][__main__][INFO] - ✓ [google/gemma-3-4b-it] Temp=0.0 Rep=1 → Discordo
[2026-05-12 11:55:52,766][__main__][INFO] - ✓ [google/gemma-3-4b-it] Temp=0.0 Rep=1 → Concordo fortemente
[2026-05-12 11:55:52,770][__main__][INFO] - ✓ [google/gemma-3-4b-it] Temp=0.0 Rep=1 → Concordo fortemente
[2026-05-12 11:55:52,780][__main__][INFO] - Salvamento incremental (360 novas respostas)...
[2026-05-12 11:55:52,832][__main__][INFO] - Cache salvo com 234858 entradas
[2026-05-12 11:55:52,832][__main__][INFO] - ✓ [google/gemma-3-4b-it] Temp=0.0 Rep=1 → Concordo fortemente
[2026-05-12 11:55:52,834][__main__][INFO] - ✓ [google/gemma-3-4b-it] Temp=0.0 Rep=1 → Concordo fortemente
[2026-05-12 11:55:52,834][__main__][INFO] - ✓ [google/gemma-3-4b-it] Temp=0.0 Rep=1 → Concordo fortemente
[2026-05-12 11:55:53,190][__main__][INFO] - ✓ [google/gemma-3-4b-it] Temp=0.0 Rep=1 → Concordo fortemente
[2026-05-12 11:55:53,191][__main__][INFO] - ✓ [google/gemma-3-4b-it] Temp=0.0 Rep=1 → Discordo
[2026-05-12 11:55:53,217][__main__][INFO] - ✓ [google/gemma-3-4b-it] Temp=0.0 Rep=1 → Concordo fortemente
[2026-05-12 11:55:53,219][__main__][INFO] - ✓ [google/gemma-3-4b-it] Temp=0.0 Rep=1 → Concordo fortemente
[2026-05-12 11:55:53,221][__main__][INFO] - ✓ [google/gemma-3-4b-it] Temp=0.0 Rep=1 → Discordo fortemente
[2026-05-12 11:55:53,221][__main__][INFO] - ✓ [google/gemma-3-4b-it] Temp=0.0 Rep=1 → Discordo fortemente
[2026-05-12 11:55:53,243][__main__][INFO] - ✓ [google/gemma-3-4b-it] Temp=0.0 Rep=1 → Concordo fortemente
[2026-05-12 11:55:53,244][__main__][INFO] - ✓ [google/gemma-3-4b-it] Temp=0.0 Rep=1 → Concordo fortemente
[2026-05-12 11:55:53,245][__main__][INFO] - ✓ [google/gemma-3-4b-it] Temp=0.0 Rep=1 → Concordo fortemente
[2026-05-12 11:55:53,693][__main__][INFO] - ✓ [google/gemma-3-4b-it] Temp=0.0 Rep=1 → Concordo fortemente
[2026-05-12 11:55:53,716][__main__][INFO] - ✓ [google/gemma-3-4b-it] Temp=0.0 Rep=1 → Discordo
[2026-05-12 11:55:53,741][__main__][INFO] - ✓ [google/gemma-3-4b-it] Temp=0.0 Rep=1 → Discordo
[2026-05-12 11:55:53,742][__main__][INFO] - ✓ [google/gemma-3-4b-it] Temp=0.0 Rep=1 → Discordo fortemente
[2026-05-12 11:55:53,761][__main__][INFO] - ✓ [google/gemma-3-4b-it] Temp=0.0 Rep=1 → Concordo fortemente
[2026-05-12 11:55:53,764][__main__][INFO] - ✓ [google/gemma-3-4b-it] Temp=0.0 Rep=1 → Concordo fortemente
[2026-05-12 11:55:53,766][__main__][INFO] - ✓ [google/gemma-3-4b-it] Temp=0.0 Rep=1 → Concordo fortemente
[2026-05-12 11:55:53,766][__main__][INFO] - ✓ [google/gemma-3-4b-it] Temp=0.0 Rep=1 → Concordo fortemente
[2026-05-12 11:55:53,768][__main__][INFO] - ✓ [google/gemma-3-4b-it] Temp=0.0 Rep=1 → Concordo fortemente
[2026-05-12 11:55:53,781][__main__][INFO] - ✓ [google/gemma-3-4b-it] Temp=0.0 Rep=1 → Concordo fortemente
[2026-05-12 11:55:54,191][__main__][INFO] - ✓ [google/gemma-3-4b-it] Temp=0.0 Rep=1 → Neutro
[2026-05-12 11:55:54,194][__main__][INFO] - ✓ [google/gemma-3-4b-it] Temp=0.0 Rep=1 → Neutro
[2026-05-12 11:55:54,207][__main__][INFO] - ✓ [google/gemma-3-4b-it] Temp=0.0 Rep=1 → Neutro
[2026-05-12 11:55:54,208][__main__][INFO] - ✓ [google/gemma-3-4b-it] Temp=0.0 Rep=1 → Discordo
[2026-05-12 11:55:54,208][__main__][INFO] - ✓ [google/gemma-3-4b-it] Temp=0.0 Rep=1 → Concordo fortemente
[2026-05-12 11:55:54,229][__main__][INFO] - ✓ [google/gemma-3-4b-it] Temp=0.0 Rep=1 → Concordo
[2026-05-12 11:55:54,248][__main__][INFO] - ✓ [google/gemma-3-4b-it] Temp=0.0 Rep=1 → Concordo fortemente
[2026-05-12 11:55:54,263][__main__][INFO] - ✓ [google/gemma-3-4b-it] Temp=0.0 Rep=1 → Concordo
[2026-05-12 11:55:54,266][__main__][INFO] - ✓ [google/gemma-3-4b-it] Temp=0.0 Rep=1 → Concordo fortemente
[2026-05-12 11:55:54,268][__main__][INFO] - ✓ [google/gemma-3-4b-it] Temp=0.0 Rep=1 → Concordo
[2026-05-12 11:55:54,733][__main__][INFO] - ✓ [google/gemma-3-4b-it] Temp=0.0 Rep=1 → Discordo
[2026-05-12 11:55:54,751][__main__][INFO] - ✓ [google/gemma-3-4b-it] Temp=0.0 Rep=1 → Concordo fortemente
[2026-05-12 11:55:54,753][__main__][INFO] - ✓ [google/gemma-3-4b-it] Temp=0.0 Rep=1 → Discordo
[2026-05-12 11:55:54,773][__main__][INFO] - ✓ [google/gemma-3-4b-it] Temp=0.0 Rep=1 → Concordo fortemente
[2026-05-12 11:55:54,774][__main__][INFO] - ✓ [google/gemma-3-4b-it] Temp=0.0 Rep=1 → Discordo fortemente
[2026-05-12 11:55:54,774][__main__][INFO] - ✓ [google/gemma-3-4b-it] Temp=0.0 Rep=1 → Concordo fortemente
[2026-05-12 11:55:54,794][__main__][INFO] - ✓ [google/gemma-3-4b-it] Temp=0.0 Rep=1 → Concordo fortemente
[2026-05-12 11:55:54,795][__main__][INFO] - ✓ [google/gemma-3-4b-it] Temp=0.0 Rep=1 → Concordo fortemente
[2026-05-12 11:55:54,796][__main__][INFO] - Salvamento incremental (400 novas respostas)...
[2026-05-12 11:55:54,844][__main__][INFO] - Cache salvo com 234898 entradas
[2026-05-12 11:55:54,845][__main__][INFO] - ✓ [google/gemma-3-4b-it] Temp=0.0 Rep=1 → Concordo fortemente
[2026-05-12 11:55:54,852][__main__][INFO] - ✓ [google/gemma-3-4b-it] Temp=0.0 Rep=1 → Concordo fortemente
[2026-05-12 11:55:55,291][__main__][INFO] - ✓ [google/gemma-3-4b-it] Temp=0.0 Rep=1 → Discordo fortemente
[2026-05-12 11:55:55,291][__main__][INFO] - ✓ [google/gemma-3-4b-it] Temp=0.0 Rep=1 → Neutro
[2026-05-12 11:55:55,313][__main__][INFO] - ✓ [google/gemma-3-4b-it] Temp=0.0 Rep=1 → Concordo fortemente
[2026-05-12 11:55:55,316][__main__][INFO] - ✓ [google/gemma-3-4b-it] Temp=0.0 Rep=1 → Discordo
[2026-05-12 11:55:55,334][__main__][INFO] - ✓ [google/gemma-3-4b-it] Temp=0.0 Rep=1 → Concordo fortemente
[2026-05-12 11:55:55,337][__main__][INFO] - ✓ [google/gemma-3-4b-it] Temp=0.0 Rep=1 → Concordo fortemente
[2026-05-12 11:55:55,353][__main__][INFO] - ✓ [google/gemma-3-4b-it] Temp=0.0 Rep=1 → Concordo
[2026-05-12 11:55:55,355][__main__][INFO] - ✓ [google/gemma-3-4b-it] Temp=0.0 Rep=1 → Concordo fortemente
[2026-05-12 11:55:55,356][__main__][INFO] - ✓ [google/gemma-3-4b-it] Temp=0.0 Rep=1 → Concordo fortemente
[2026-05-12 11:55:55,765][__main__][INFO] - ✓ [google/gemma-3-4b-it] Temp=0.0 Rep=1 → Discordo
[2026-05-12 11:55:55,770][__main__][INFO] - ✓ [google/gemma-3-4b-it] Temp=0.0 Rep=1 → Concordo fortemente
[2026-05-12 11:55:55,770][__main__][INFO] - ✓ [google/gemma-3-4b-it] Temp=0.0 Rep=1 → Neutro
[2026-05-12 11:55:55,771][__main__][INFO] - ✓ [google/gemma-3-4b-it] Temp=0.0 Rep=1 → Concordo fortemente
[2026-05-12 11:55:55,772][__main__][INFO] - ✓ [google/gemma-3-4b-it] Temp=0.0 Rep=1 → Concordo
[2026-05-12 11:55:55,773][__main__][INFO] - ✓ [google/gemma-3-4b-it] Temp=0.0 Rep=1 → Concordo fortemente
[2026-05-12 11:55:55,774][__main__][INFO] - ✓ [google/gemma-3-4b-it] Temp=0.0 Rep=1 → Concordo
[2026-05-12 11:55:55,782][__main__][INFO] - ✓ [google/gemma-3-4b-it] Temp=0.0 Rep=1 → Concordo fortemente
[2026-05-12 11:55:55,783][__main__][INFO] - ✓ [google/gemma-3-4b-it] Temp=0.0 Rep=1 → Discordo fortemente
[2026-05-12 11:55:55,921][__main__][INFO] - ✓ [google/gemma-3-4b-it] Temp=0.0 Rep=1 → Discordo fortemente
[2026-05-12 11:55:56,288][__main__][INFO] - ✓ [google/gemma-3-4b-it] Temp=0.0 Rep=1 → Neutro
[2026-05-12 11:55:56,292][__main__][INFO] - ✓ [google/gemma-3-4b-it] Temp=0.0 Rep=1 → Concordo fortemente
[2026-05-12 11:55:56,293][__main__][INFO] - ✓ [google/gemma-3-4b-it] Temp=0.0 Rep=1 → Concordo
[2026-05-12 11:55:56,298][__main__][INFO] - ✓ [google/gemma-3-4b-it] Temp=0.0 Rep=1 → Concordo fortemente
[2026-05-12 11:55:56,299][__main__][INFO] - ✓ [google/gemma-3-4b-it] Temp=0.0 Rep=1 → Concordo fortemente
[2026-05-12 11:55:56,300][__main__][INFO] - ✓ [google/gemma-3-4b-it] Temp=0.0 Rep=1 → Concordo fortemente
[2026-05-12 11:55:56,303][__main__][INFO] - ✓ [google/gemma-3-4b-it] Temp=0.0 Rep=1 → Concordo fortemente
[2026-05-12 11:55:56,304][__main__][INFO] - ✓ [google/gemma-3-4b-it] Temp=0.0 Rep=1 → Concordo fortemente
[2026-05-12 11:55:56,306][__main__][INFO] - ✓ [google/gemma-3-4b-it] Temp=0.0 Rep=1 → Concordo fortemente
[2026-05-12 11:55:56,327][__main__][INFO] - ✓ [google/gemma-3-4b-it] Temp=0.0 Rep=1 → Concordo fortemente
[2026-05-12 11:55:56,857][__main__][INFO] - ✓ [google/gemma-3-4b-it] Temp=0.0 Rep=1 → Discordo fortemente
[2026-05-12 11:55:56,872][__main__][INFO] - ✓ [google/gemma-3-4b-it] Temp=0.0 Rep=1 → Concordo fortemente
[2026-05-12 11:55:56,873][__main__][INFO] - ✓ [google/gemma-3-4b-it] Temp=0.0 Rep=1 → Concordo fortemente
[2026-05-12 11:55:56,875][__main__][INFO] - ✓ [google/gemma-3-4b-it] Temp=0.0 Rep=1 → Concordo fortemente
[2026-05-12 11:55:56,896][__main__][INFO] - ✓ [google/gemma-3-4b-it] Temp=0.0 Rep=1 → Concordo
[2026-05-12 11:55:56,897][__main__][INFO] - ✓ [google/gemma-3-4b-it] Temp=0.0 Rep=1 → Concordo fortemente
[2026-05-12 11:55:56,899][__main__][INFO] - ✓ [google/gemma-3-4b-it] Temp=0.0 Rep=1 → Concordo fortemente
[2026-05-12 11:55:56,899][__main__][INFO] - ✓ [google/gemma-3-4b-it] Temp=0.0 Rep=1 → Concordo fortemente
[2026-05-12 11:55:56,899][__main__][INFO] - ✓ [google/gemma-3-4b-it] Temp=0.0 Rep=1 → Concordo fortemente
[2026-05-12 11:55:57,125][__main__][INFO] - Salvamento incremental (440 novas respostas)...
[2026-05-12 11:55:57,181][__main__][INFO] - Cache salvo com 234938 entradas
[2026-05-12 11:55:57,181][__main__][INFO] - ✓ [google/gemma-3-4b-it] Temp=0.0 Rep=1 → Concordo fortemente
[2026-05-12 11:55:57,232][__main__][INFO] - ✓ [google/gemma-3-4b-it] Temp=0.0 Rep=1 → Neutro
[2026-05-12 11:55:57,244][__main__][INFO] - ✓ [google/gemma-3-4b-it] Temp=0.0 Rep=1 → Discordo fortemente
[2026-05-12 11:55:57,338][__main__][INFO] - ✓ [google/gemma-3-4b-it] Temp=0.0 Rep=1 → Discordo
[2026-05-12 11:55:57,341][__main__][INFO] - ✓ [google/gemma-3-4b-it] Temp=0.0 Rep=1 → Neutro
[2026-05-12 11:55:57,342][__main__][INFO] - ✓ [google/gemma-3-4b-it] Temp=0.0 Rep=1 → Concordo
[2026-05-12 11:55:57,342][__main__][INFO] - ✓ [google/gemma-3-4b-it] Temp=0.0 Rep=1 → Discordo fortemente
[2026-05-12 11:55:57,342][__main__][INFO] - ✓ [google/gemma-3-4b-it] Temp=0.0 Rep=1 → Concordo fortemente
[2026-05-12 11:55:57,343][__main__][INFO] - ✓ [google/gemma-3-4b-it] Temp=0.0 Rep=1 → Concordo fortemente
[2026-05-12 11:55:57,343][__main__][INFO] - ✓ [google/gemma-3-4b-it] Temp=0.0 Rep=1 → Concordo fortemente
[2026-05-12 11:55:57,571][__main__][INFO] - ✓ [google/gemma-3-4b-it] Temp=0.0 Rep=1 → Concordo
[2026-05-12 11:55:57,592][__main__][INFO] - ✓ [google/gemma-3-4b-it] Temp=0.0 Rep=1 → Concordo fortemente
[2026-05-12 11:55:57,865][__main__][INFO] - ✓ [google/gemma-3-4b-it] Temp=0.0 Rep=1 → Concordo fortemente
[2026-05-12 11:55:57,866][__main__][INFO] - ✓ [google/gemma-3-4b-it] Temp=0.0 Rep=1 → Concordo fortemente
[2026-05-12 11:55:57,866][__main__][INFO] - ✓ [google/gemma-3-4b-it] Temp=0.0 Rep=1 → Concordo fortemente
[2026-05-12 11:55:57,866][__main__][INFO] - ✓ [google/gemma-3-4b-it] Temp=0.0 Rep=1 → Concordo
[2026-05-12 11:55:57,867][__main__][INFO] - ✓ [google/gemma-3-4b-it] Temp=0.0 Rep=1 → Concordo fortemente
[2026-05-12 11:55:57,871][__main__][INFO] - ✓ [google/gemma-3-4b-it] Temp=0.0 Rep=1 → Concordo fortemente
[2026-05-12 11:55:57,871][__main__][INFO] - ✓ [google/gemma-3-4b-it] Temp=0.0 Rep=1 → Discordo fortemente
[2026-05-12 11:55:57,955][__main__][INFO] - ✓ [google/gemma-3-4b-it] Temp=0.0 Rep=1 → Concordo
[2026-05-12 11:55:57,972][__main__][INFO] - ✓ [google/gemma-3-4b-it] Temp=0.0 Rep=1 → Concordo fortemente
[2026-05-12 11:55:57,989][__main__][INFO] - ✓ [google/gemma-3-4b-it] Temp=0.0 Rep=1 → Concordo fortemente
[2026-05-12 11:55:58,477][__main__][INFO] - ✓ [google/gemma-3-4b-it] Temp=0.0 Rep=1 → Discordo
[2026-05-12 11:55:58,479][__main__][INFO] - ✓ [google/gemma-3-4b-it] Temp=0.0 Rep=1 → Concordo
[2026-05-12 11:55:58,481][__main__][INFO] - ✓ [google/gemma-3-4b-it] Temp=0.0 Rep=1 → Concordo
[2026-05-12 11:55:58,486][__main__][INFO] - ✓ [google/gemma-3-4b-it] Temp=0.0 Rep=1 → Concordo fortemente
[2026-05-12 11:55:58,525][__main__][INFO] - ✓ [google/gemma-3-4b-it] Temp=0.0 Rep=1 → Concordo fortemente
[2026-05-12 11:55:58,527][__main__][INFO] - ✓ [google/gemma-3-4b-it] Temp=0.0 Rep=1 → Concordo fortemente
[2026-05-12 11:55:58,528][__main__][INFO] - ✓ [google/gemma-3-4b-it] Temp=0.0 Rep=1 → Concordo
[2026-05-12 11:55:58,531][__main__][INFO] - ✓ [google/gemma-3-4b-it] Temp=0.0 Rep=1 → Concordo fortemente
[2026-05-12 11:55:58,538][__main__][INFO] - ✓ [google/gemma-3-4b-it] Temp=0.0 Rep=1 → Concordo fortemente
[2026-05-12 11:55:58,547][__main__][INFO] - ✓ [google/gemma-3-4b-it] Temp=0.0 Rep=1 → Concordo fortemente
[2026-05-12 11:55:58,934][__main__][INFO] - ✓ [google/gemma-3-4b-it] Temp=0.0 Rep=1 → Concordo fortemente
[2026-05-12 11:55:58,937][__main__][INFO] - ✓ [google/gemma-3-4b-it] Temp=0.0 Rep=1 → Concordo fortemente
[2026-05-12 11:55:58,938][__main__][INFO] - ✓ [google/gemma-3-4b-it] Temp=0.0 Rep=1 → Concordo fortemente
[2026-05-12 11:55:58,942][__main__][INFO] - ✓ [google/gemma-3-4b-it] Temp=0.0 Rep=1 → Concordo
[2026-05-12 11:55:58,951][__main__][INFO] - ✓ [google/gemma-3-4b-it] Temp=0.0 Rep=1 → Concordo fortemente
[2026-05-12 11:55:58,953][__main__][INFO] - ✓ [google/gemma-3-4b-it] Temp=0.0 Rep=1 → Concordo fortemente
[2026-05-12 11:55:58,955][__main__][INFO] - ✓ [google/gemma-3-4b-it] Temp=0.0 Rep=1 → Concordo fortemente
[2026-05-12 11:55:58,957][__main__][INFO] - ✓ [google/gemma-3-4b-it] Temp=0.0 Rep=1 → Concordo fortemente
[2026-05-12 11:55:58,959][__main__][INFO] - Salvamento incremental (480 novas respostas)...
[2026-05-12 11:55:59,008][__main__][INFO] - Cache salvo com 234978 entradas
[2026-05-12 11:55:59,008][__main__][INFO] - ✓ [google/gemma-3-4b-it] Temp=0.0 Rep=1 → Concordo fortemente
[2026-05-12 11:55:59,010][__main__][INFO] - ✓ [google/gemma-3-4b-it] Temp=0.0 Rep=1 → Concordo fortemente
[2026-05-12 11:55:59,343][__main__][INFO] - ✓ [google/gemma-3-4b-it] Temp=0.0 Rep=1 → Discordo
[2026-05-12 11:55:59,344][__main__][INFO] - ✓ [google/gemma-3-4b-it] Temp=0.0 Rep=1 → Concordo
[2026-05-12 11:55:59,437][__main__][INFO] - ✓ [google/gemma-3-4b-it] Temp=0.0 Rep=1 → Concordo fortemente
[2026-05-12 11:55:59,438][__main__][INFO] - ✓ [google/gemma-3-4b-it] Temp=0.0 Rep=1 → Concordo fortemente
[2026-05-12 11:55:59,439][__main__][INFO] - ✓ [google/gemma-3-4b-it] Temp=0.0 Rep=1 → Concordo fortemente
[2026-05-12 11:55:59,447][__main__][INFO] - ✓ [google/gemma-3-4b-it] Temp=0.0 Rep=1 → Concordo
[2026-05-12 11:55:59,447][__main__][INFO] - ✓ [google/gemma-3-4b-it] Temp=0.0 Rep=1 → Concordo fortemente
[2026-05-12 11:55:59,448][__main__][INFO] - ✓ [google/gemma-3-4b-it] Temp=0.0 Rep=1 → Concordo
[2026-05-12 11:55:59,448][__main__][INFO] - ✓ [google/gemma-3-4b-it] Temp=0.0 Rep=1 → Concordo fortemente
[2026-05-12 11:55:59,449][__main__][INFO] - ✓ [google/gemma-3-4b-it] Temp=0.0 Rep=1 → Concordo fortemente
[2026-05-12 11:55:59,979][__main__][INFO] - ✓ [google/gemma-3-4b-it] Temp=0.0 Rep=1 → Discordo fortemente
[2026-05-12 11:55:59,979][__main__][INFO] - ✓ [google/gemma-3-4b-it] Temp=0.0 Rep=1 → Concordo fortemente
[2026-05-12 11:55:59,979][__main__][INFO] - ✓ [google/gemma-3-4b-it] Temp=0.0 Rep=1 → Discordo fortemente
[2026-05-12 11:55:59,980][__main__][INFO] - ✓ [google/gemma-3-4b-it] Temp=0.0 Rep=1 → Concordo fortemente
[2026-05-12 11:55:59,982][__main__][INFO] - ✓ [google/gemma-3-4b-it] Temp=0.0 Rep=1 → Discordo fortemente
[2026-05-12 11:55:59,982][__main__][INFO] - ✓ [google/gemma-3-4b-it] Temp=0.0 Rep=1 → Concordo fortemente
[2026-05-12 11:55:59,982][__main__][INFO] - ✓ [google/gemma-3-4b-it] Temp=0.0 Rep=1 → Concordo fortemente
[2026-05-12 11:55:59,982][__main__][INFO] - ✓ [google/gemma-3-4b-it] Temp=0.0 Rep=1 → Concordo fortemente
[2026-05-12 11:55:59,983][__main__][INFO] - ✓ [google/gemma-3-4b-it] Temp=0.0 Rep=1 → Concordo fortemente
[2026-05-12 11:55:59,992][__main__][INFO] - ✓ [google/gemma-3-4b-it] Temp=0.0 Rep=1 → Concordo fortemente
[2026-05-12 11:56:00,532][__main__][INFO] - ✓ [google/gemma-3-4b-it] Temp=0.0 Rep=1 → Discordo fortemente
[2026-05-12 11:56:00,534][__main__][INFO] - ✓ [google/gemma-3-4b-it] Temp=0.0 Rep=1 → Discordo fortemente
[2026-05-12 11:56:00,552][__main__][INFO] - ✓ [google/gemma-3-4b-it] Temp=0.0 Rep=1 → Concordo fortemente
[2026-05-12 11:56:00,553][__main__][INFO] - ✓ [google/gemma-3-4b-it] Temp=0.0 Rep=1 → Discordo fortemente
[2026-05-12 11:56:00,554][__main__][INFO] - ✓ [google/gemma-3-4b-it] Temp=0.0 Rep=1 → Discordo fortemente
[2026-05-12 11:56:00,556][__main__][INFO] - ✓ [google/gemma-3-4b-it] Temp=0.0 Rep=1 → Discordo fortemente
[2026-05-12 11:56:00,572][__main__][INFO] - ✓ [google/gemma-3-4b-it] Temp=0.0 Rep=1 → Concordo fortemente
[2026-05-12 11:56:00,573][__main__][INFO] - ✓ [google/gemma-3-4b-it] Temp=0.0 Rep=1 → Concordo fortemente
[2026-05-12 11:56:00,574][__main__][INFO] - ✓ [google/gemma-3-4b-it] Temp=0.0 Rep=1 → Concordo fortemente
[2026-05-12 11:56:00,575][__main__][INFO] - ✓ [google/gemma-3-4b-it] Temp=0.0 Rep=1 → Concordo fortemente
[2026-05-12 11:56:01,007][__main__][INFO] - ✓ [google/gemma-3-4b-it] Temp=0.0 Rep=1 → Discordo fortemente
[2026-05-12 11:56:01,009][__main__][INFO] - ✓ [google/gemma-3-4b-it] Temp=0.0 Rep=1 → Concordo fortemente
[2026-05-12 11:56:01,009][__main__][INFO] - ✓ [google/gemma-3-4b-it] Temp=0.0 Rep=1 → Concordo fortemente
[2026-05-12 11:56:01,009][__main__][INFO] - ✓ [google/gemma-3-4b-it] Temp=0.0 Rep=1 → Discordo fortemente
[2026-05-12 11:56:01,015][__main__][INFO] - ✓ [google/gemma-3-4b-it] Temp=0.0 Rep=1 → Discordo fortemente
[2026-05-12 11:56:01,016][__main__][INFO] - ✓ [google/gemma-3-4b-it] Temp=0.0 Rep=1 → Discordo fortemente
[2026-05-12 11:56:01,016][__main__][INFO] - ✓ [google/gemma-3-4b-it] Temp=0.0 Rep=1 → Concordo fortemente
[2026-05-12 11:56:01,018][__main__][INFO] - ✓ [google/gemma-3-4b-it] Temp=0.0 Rep=1 → Discordo fortemente
[2026-05-12 11:56:01,032][__main__][INFO] - Salvamento incremental (520 novas respostas)...
[2026-05-12 11:56:01,081][__main__][INFO] - Cache salvo com 235018 entradas
[2026-05-12 11:56:01,081][__main__][INFO] - ✓ [google/gemma-3-4b-it] Temp=0.0 Rep=1 → Discordo fortemente
[2026-05-12 11:56:01,082][__main__][INFO] - ✓ [google/gemma-3-4b-it] Temp=0.0 Rep=1 → Concordo fortemente
[2026-05-12 11:56:01,536][__main__][INFO] - ✓ [google/gemma-3-4b-it] Temp=0.0 Rep=1 → Discordo fortemente
[2026-05-12 11:56:01,538][__main__][INFO] - ✓ [google/gemma-3-4b-it] Temp=0.0 Rep=1 → Concordo fortemente
[2026-05-12 11:56:01,543][__main__][INFO] - ✓ [google/gemma-3-4b-it] Temp=0.0 Rep=1 → Concordo
[2026-05-12 11:56:01,545][__main__][INFO] - ✓ [google/gemma-3-4b-it] Temp=0.0 Rep=1 → Concordo fortemente
[2026-05-12 11:56:01,545][__main__][INFO] - ✓ [google/gemma-3-4b-it] Temp=0.0 Rep=1 → Concordo fortemente
[2026-05-12 11:56:01,547][__main__][INFO] - ✓ [google/gemma-3-4b-it] Temp=0.0 Rep=1 → Concordo fortemente
[2026-05-12 11:56:01,547][__main__][INFO] - ✓ [google/gemma-3-4b-it] Temp=0.0 Rep=1 → Concordo
[2026-05-12 11:56:01,548][__main__][INFO] - ✓ [google/gemma-3-4b-it] Temp=0.0 Rep=1 → Concordo fortemente
[2026-05-12 11:56:01,551][__main__][INFO] - ✓ [google/gemma-3-4b-it] Temp=0.0 Rep=1 → Concordo fortemente
[2026-05-12 11:56:01,552][__main__][INFO] - ✓ [google/gemma-3-4b-it] Temp=0.0 Rep=1 → Concordo fortemente
[2026-05-12 11:56:02,061][__main__][INFO] - ✓ [google/gemma-3-4b-it] Temp=0.0 Rep=1 → Neutro
[2026-05-12 11:56:02,061][__main__][INFO] - ✓ [google/gemma-3-4b-it] Temp=0.0 Rep=1 → Neutro
[2026-05-12 11:56:02,103][__main__][INFO] - ✓ [google/gemma-3-4b-it] Temp=0.0 Rep=1 → Concordo fortemente
[2026-05-12 11:56:02,105][__main__][INFO] - ✓ [google/gemma-3-4b-it] Temp=0.0 Rep=1 → Concordo fortemente
[2026-05-12 11:56:02,106][__main__][INFO] - ✓ [google/gemma-3-4b-it] Temp=0.0 Rep=1 → Concordo fortemente
[2026-05-12 11:56:02,113][__main__][INFO] - ✓ [google/gemma-3-4b-it] Temp=0.0 Rep=1 → Concordo fortemente
[2026-05-12 11:56:02,130][__main__][INFO] - ✓ [google/gemma-3-4b-it] Temp=0.0 Rep=1 → Concordo
[2026-05-12 11:56:02,132][__main__][INFO] - ✓ [google/gemma-3-4b-it] Temp=0.0 Rep=1 → Concordo fortemente
[2026-05-12 11:56:02,144][__main__][INFO] - ✓ [google/gemma-3-4b-it] Temp=0.0 Rep=1 → Concordo fortemente
[2026-05-12 11:56:02,150][__main__][INFO] - ✓ [google/gemma-3-4b-it] Temp=0.0 Rep=1 → Concordo fortemente
[2026-05-12 11:56:02,580][__main__][INFO] - ✓ [google/gemma-3-4b-it] Temp=0.0 Rep=1 → Neutro
[2026-05-12 11:56:02,585][__main__][INFO] - ✓ [google/gemma-3-4b-it] Temp=0.0 Rep=1 → Discordo fortemente
[2026-05-12 11:56:02,586][__main__][INFO] - ✓ [google/gemma-3-4b-it] Temp=0.0 Rep=1 → Concordo fortemente
[2026-05-12 11:56:02,586][__main__][INFO] - ✓ [google/gemma-3-4b-it] Temp=0.0 Rep=1 → Concordo fortemente
[2026-05-12 11:56:02,587][__main__][INFO] - ✓ [google/gemma-3-4b-it] Temp=0.0 Rep=1 → Concordo fortemente
[2026-05-12 11:56:02,588][__main__][INFO] - ✓ [google/gemma-3-4b-it] Temp=0.0 Rep=1 → Discordo fortemente
[2026-05-12 11:56:02,588][__main__][INFO] - ✓ [google/gemma-3-4b-it] Temp=0.0 Rep=1 → Discordo
[2026-05-12 11:56:02,589][__main__][INFO] - ✓ [google/gemma-3-4b-it] Temp=0.0 Rep=1 → Concordo fortemente
[2026-05-12 11:56:02,590][__main__][INFO] - ✓ [google/gemma-3-4b-it] Temp=0.0 Rep=1 → Concordo fortemente
[2026-05-12 11:56:02,598][__main__][INFO] - ✓ [google/gemma-3-4b-it] Temp=0.0 Rep=1 → Concordo
[2026-05-12 11:56:03,108][__main__][INFO] - ✓ [google/gemma-3-4b-it] Temp=0.0 Rep=1 → Neutro
[2026-05-12 11:56:03,109][__main__][INFO] - ✓ [google/gemma-3-4b-it] Temp=0.0 Rep=1 → Discordo
[2026-05-12 11:56:03,110][__main__][INFO] - ✓ [google/gemma-3-4b-it] Temp=0.0 Rep=1 → Concordo fortemente
[2026-05-12 11:56:03,110][__main__][INFO] - ✓ [google/gemma-3-4b-it] Temp=0.0 Rep=1 → Discordo fortemente
[2026-05-12 11:56:03,110][__main__][INFO] - ✓ [google/gemma-3-4b-it] Temp=0.0 Rep=1 → Concordo fortemente
[2026-05-12 11:56:03,115][__main__][INFO] - ✓ [google/gemma-3-4b-it] Temp=0.0 Rep=1 → Concordo
[2026-05-12 11:56:03,115][__main__][INFO] - ✓ [google/gemma-3-4b-it] Temp=0.0 Rep=1 → Concordo fortemente
[2026-05-12 11:56:03,117][__main__][INFO] - ✓ [google/gemma-3-4b-it] Temp=0.0 Rep=1 → Concordo
[2026-05-12 11:56:03,118][__main__][INFO] - Salvamento incremental (560 novas respostas)...
[2026-05-12 11:56:03,164][__main__][INFO] - Cache salvo com 235058 entradas
[2026-05-12 11:56:03,164][__main__][INFO] - ✓ [google/gemma-3-4b-it] Temp=0.0 Rep=1 → Concordo fortemente
[2026-05-12 11:56:03,167][__main__][INFO] - ✓ [google/gemma-3-4b-it] Temp=0.0 Rep=1 → Concordo fortemente
[2026-05-12 11:56:03,652][__main__][INFO] - ✓ [google/gemma-3-4b-it] Temp=0.0 Rep=1 → Discordo
[2026-05-12 11:56:03,652][__main__][INFO] - ✓ [google/gemma-3-4b-it] Temp=0.0 Rep=1 → Concordo
[2026-05-12 11:56:03,653][__main__][INFO] - ✓ [google/gemma-3-4b-it] Temp=0.0 Rep=1 → Discordo
[2026-05-12 11:56:03,667][__main__][INFO] - ✓ [google/gemma-3-4b-it] Temp=0.0 Rep=1 → Concordo fortemente
[2026-05-12 11:56:03,669][__main__][INFO] - ✓ [google/gemma-3-4b-it] Temp=0.0 Rep=1 → Concordo fortemente
[2026-05-12 11:56:03,670][__main__][INFO] - ✓ [google/gemma-3-4b-it] Temp=0.0 Rep=1 → Concordo fortemente
[2026-05-12 11:56:03,670][__main__][INFO] - ✓ [google/gemma-3-4b-it] Temp=0.0 Rep=1 → Concordo fortemente
[2026-05-12 11:56:03,672][__main__][INFO] - ✓ [google/gemma-3-4b-it] Temp=0.0 Rep=1 → Concordo fortemente
[2026-05-12 11:56:03,674][__main__][INFO] - ✓ [google/gemma-3-4b-it] Temp=0.0 Rep=1 → Concordo fortemente
[2026-05-12 11:56:03,687][__main__][INFO] - ✓ [google/gemma-3-4b-it] Temp=0.0 Rep=1 → Concordo fortemente
[2026-05-12 11:56:04,164][__main__][INFO] - ✓ [google/gemma-3-4b-it] Temp=0.0 Rep=1 → Neutro
[2026-05-12 11:56:04,211][__main__][INFO] - ✓ [google/gemma-3-4b-it] Temp=0.0 Rep=1 → Discordo fortemente
[2026-05-12 11:56:04,213][__main__][INFO] - ✓ [google/gemma-3-4b-it] Temp=0.0 Rep=1 → Concordo fortemente
[2026-05-12 11:56:04,233][__main__][INFO] - ✓ [google/gemma-3-4b-it] Temp=0.0 Rep=1 → Concordo fortemente
[2026-05-12 11:56:04,234][__main__][INFO] - ✓ [google/gemma-3-4b-it] Temp=0.0 Rep=1 → Concordo fortemente
[2026-05-12 11:56:04,235][__main__][INFO] - ✓ [google/gemma-3-4b-it] Temp=0.0 Rep=1 → Concordo fortemente
[2026-05-12 11:56:04,236][__main__][INFO] - ✓ [google/gemma-3-4b-it] Temp=0.0 Rep=1 → Concordo
[2026-05-12 11:56:04,237][__main__][INFO] - ✓ [google/gemma-3-4b-it] Temp=0.0 Rep=1 → Concordo fortemente
[2026-05-12 11:56:04,239][__main__][INFO] - ✓ [google/gemma-3-4b-it] Temp=0.0 Rep=1 → Concordo fortemente
[2026-05-12 11:56:04,250][__main__][INFO] - ✓ [google/gemma-3-4b-it] Temp=0.0 Rep=1 → Concordo fortemente
[2026-05-12 11:56:04,679][__main__][INFO] - ✓ [google/gemma-3-4b-it] Temp=0.0 Rep=1 → Concordo fortemente
[2026-05-12 11:56:04,681][__main__][INFO] - ✓ [google/gemma-3-4b-it] Temp=0.0 Rep=1 → Neutro
[2026-05-12 11:56:04,689][__main__][INFO] - ✓ [google/gemma-3-4b-it] Temp=0.0 Rep=1 → Concordo fortemente
[2026-05-12 11:56:04,690][__main__][INFO] - ✓ [google/gemma-3-4b-it] Temp=0.0 Rep=1 → Concordo fortemente
[2026-05-12 11:56:04,691][__main__][INFO] - ✓ [google/gemma-3-4b-it] Temp=0.0 Rep=1 → Concordo fortemente
[2026-05-12 11:56:04,692][__main__][INFO] - ✓ [google/gemma-3-4b-it] Temp=0.0 Rep=1 → Concordo
[2026-05-12 11:56:04,706][__main__][INFO] - ✓ [google/gemma-3-4b-it] Temp=0.0 Rep=1 → Concordo fortemente
[2026-05-12 11:56:04,709][__main__][INFO] - ✓ [google/gemma-3-4b-it] Temp=0.0 Rep=1 → Concordo
[2026-05-12 11:56:04,713][__main__][INFO] - ✓ [google/gemma-3-4b-it] Temp=0.0 Rep=1 → Concordo fortemente
[2026-05-12 11:56:04,714][__main__][INFO] - ✓ [google/gemma-3-4b-it] Temp=0.0 Rep=1 → Concordo fortemente
[2026-05-12 11:56:05,034][__main__][INFO] - ✓ [google/gemma-3-4b-it] Temp=0.0 Rep=1 → Neutro
[2026-05-12 11:56:05,089][__main__][INFO] - ✓ [google/gemma-3-4b-it] Temp=0.0 Rep=1 → Discordo fortemente
[2026-05-12 11:56:05,092][__main__][INFO] - ✓ [google/gemma-3-4b-it] Temp=0.0 Rep=1 → Discordo fortemente
[2026-05-12 11:56:05,203][__main__][INFO] - ✓ [google/gemma-3-4b-it] Temp=0.0 Rep=1 → Concordo fortemente
[2026-05-12 11:56:05,207][__main__][INFO] - ✓ [google/gemma-3-4b-it] Temp=0.0 Rep=1 → Discordo fortemente
[2026-05-12 11:56:05,219][__main__][INFO] - ✓ [google/gemma-3-4b-it] Temp=0.0 Rep=1 → Concordo fortemente
[2026-05-12 11:56:05,219][__main__][INFO] - ✓ [google/gemma-3-4b-it] Temp=0.0 Rep=1 → Concordo fortemente
[2026-05-12 11:56:05,220][__main__][INFO] - ✓ [google/gemma-3-4b-it] Temp=0.0 Rep=1 → Concordo fortemente
[2026-05-12 11:56:05,220][__main__][INFO] - Salvamento incremental (600 novas respostas)...
[2026-05-12 11:56:05,266][__main__][INFO] - Cache salvo com 235098 entradas
[2026-05-12 11:56:05,267][__main__][INFO] - ✓ [google/gemma-3-4b-it] Temp=0.0 Rep=1 → Concordo fortemente
[2026-05-12 11:56:05,267][__main__][INFO] - ✓ [google/gemma-3-4b-it] Temp=0.0 Rep=1 → Concordo
[2026-05-12 11:56:05,532][__main__][INFO] - ✓ [google/gemma-3-4b-it] Temp=0.0 Rep=1 → Concordo fortemente
[2026-05-12 11:56:05,607][__main__][INFO] - ✓ [google/gemma-3-4b-it] Temp=0.0 Rep=1 → Concordo fortemente
[2026-05-12 11:56:05,610][__main__][INFO] - ✓ [google/gemma-3-4b-it] Temp=0.0 Rep=1 → Concordo fortemente
[2026-05-12 11:56:05,740][__main__][INFO] - ✓ [google/gemma-3-4b-it] Temp=0.0 Rep=1 → Discordo fortemente
[2026-05-12 11:56:05,742][__main__][INFO] - ✓ [google/gemma-3-4b-it] Temp=0.0 Rep=1 → Discordo fortemente
[2026-05-12 11:56:05,742][__main__][INFO] - ✓ [google/gemma-3-4b-it] Temp=0.0 Rep=1 → Concordo fortemente
[2026-05-12 11:56:05,743][__main__][INFO] - ✓ [google/gemma-3-4b-it] Temp=0.0 Rep=1 → Discordo fortemente
[2026-05-12 11:56:05,743][__main__][INFO] - ✓ [google/gemma-3-4b-it] Temp=0.0 Rep=1 → Discordo fortemente
[2026-05-12 11:56:05,747][__main__][INFO] - ✓ [google/gemma-3-4b-it] Temp=0.0 Rep=1 → Concordo fortemente
[2026-05-12 11:56:05,996][__main__][INFO] - ✓ [google/gemma-3-4b-it] Temp=0.0 Rep=1 → Concordo fortemente
[2026-05-12 11:56:06,001][__main__][INFO] - ✓ [google/gemma-3-4b-it] Temp=0.0 Rep=1 → Concordo fortemente
[2026-05-12 11:56:06,083][__main__][INFO] - ✓ [google/gemma-3-4b-it] Temp=0.0 Rep=1 → Concordo fortemente
[2026-05-12 11:56:06,086][__main__][INFO] - ✓ [google/gemma-3-4b-it] Temp=0.0 Rep=1 → Concordo fortemente
[2026-05-12 11:56:06,145][__main__][INFO] - ✓ [google/gemma-3-4b-it] Temp=0.0 Rep=1 → Discordo fortemente
[2026-05-12 11:56:06,147][__main__][INFO] - ✓ [google/gemma-3-4b-it] Temp=0.0 Rep=1 → Discordo fortemente
[2026-05-12 11:56:06,147][__main__][INFO] - ✓ [google/gemma-3-4b-it] Temp=0.0 Rep=1 → Discordo fortemente
[2026-05-12 11:56:06,150][__main__][INFO] - ✓ [google/gemma-3-4b-it] Temp=0.0 Rep=1 → Discordo fortemente
[2026-05-12 11:56:06,251][__main__][INFO] - ✓ [google/gemma-3-4b-it] Temp=0.0 Rep=1 → Concordo fortemente
[2026-05-12 11:56:06,255][__main__][INFO] - ✓ [google/gemma-3-4b-it] Temp=0.0 Rep=1 → Concordo fortemente
[2026-05-12 11:56:06,405][__main__][INFO] - ✓ [google/gemma-3-4b-it] Temp=0.0 Rep=1 → Concordo fortemente
[2026-05-12 11:56:06,481][__main__][INFO] - ✓ [google/gemma-3-4b-it] Temp=0.0 Rep=1 → Discordo
[2026-05-12 11:56:06,496][__main__][INFO] - ✓ [google/gemma-3-4b-it] Temp=0.0 Rep=1 → Concordo fortemente
[2026-05-12 11:56:06,526][__main__][INFO] - ✓ [google/gemma-3-4b-it] Temp=0.0 Rep=1 → Discordo fortemente
[2026-05-12 11:56:06,541][__main__][INFO] - ✓ [google/gemma-3-4b-it] Temp=0.0 Rep=1 → Concordo fortemente
[2026-05-12 11:56:06,560][__main__][INFO] - ✓ [google/gemma-3-4b-it] Temp=0.0 Rep=1 → Concordo fortemente
[2026-05-12 11:56:06,677][__main__][INFO] - ✓ [google/gemma-3-4b-it] Temp=0.0 Rep=1 → Discordo fortemente
[2026-05-12 11:56:06,693][__main__][INFO] - ✓ [google/gemma-3-4b-it] Temp=0.0 Rep=1 → Concordo fortemente
[2026-05-12 11:56:06,696][__main__][INFO] - ✓ [google/gemma-3-4b-it] Temp=0.0 Rep=1 → Discordo fortemente
[2026-05-12 11:56:06,773][__main__][INFO] - ✓ [google/gemma-3-4b-it] Temp=0.0 Rep=1 → Concordo fortemente
[2026-05-12 11:56:07,210][__main__][INFO] - ✓ [google/gemma-3-4b-it] Temp=0.0 Rep=1 → Concordo fortemente
[2026-05-12 11:56:07,300][__main__][INFO] - ✓ [google/gemma-3-4b-it] Temp=0.0 Rep=1 → Concordo fortemente
[2026-05-12 11:56:07,312][__main__][INFO] - ✓ [google/gemma-3-4b-it] Temp=0.0 Rep=1 → Discordo fortemente
[2026-05-12 11:56:07,312][__main__][INFO] - ✓ [google/gemma-3-4b-it] Temp=0.0 Rep=1 → Discordo fortemente
[2026-05-12 11:56:07,314][__main__][INFO] - ✓ [google/gemma-3-4b-it] Temp=0.0 Rep=1 → Concordo fortemente
[2026-05-12 11:56:07,326][__main__][INFO] - ✓ [google/gemma-3-4b-it] Temp=0.0 Rep=1 → Discordo fortemente
[2026-05-12 11:56:07,327][__main__][INFO] - ✓ [google/gemma-3-4b-it] Temp=0.0 Rep=1 → Concordo
[2026-05-12 11:56:07,328][__main__][INFO] - ✓ [google/gemma-3-4b-it] Temp=0.0 Rep=1 → Concordo fortemente
[2026-05-12 11:56:07,351][__main__][INFO] - ✓ [google/gemma-3-4b-it] Temp=0.0 Rep=1 → Concordo fortemente
[2026-05-12 11:56:07,353][__main__][INFO] - Salvamento incremental (640 novas respostas)...
[2026-05-12 11:56:07,399][__main__][INFO] - Cache salvo com 235138 entradas
[2026-05-12 11:56:07,399][__main__][INFO] - ✓ [google/gemma-3-4b-it] Temp=0.0 Rep=1 → Concordo fortemente
[2026-05-12 11:56:07,855][__main__][INFO] - ✓ [google/gemma-3-4b-it] Temp=0.0 Rep=1 → Concordo fortemente
[2026-05-12 11:56:07,859][__main__][INFO] - ✓ [google/gemma-3-4b-it] Temp=0.0 Rep=1 → Discordo
[2026-05-12 11:56:07,878][__main__][INFO] - ✓ [google/gemma-3-4b-it] Temp=0.0 Rep=1 → Concordo fortemente
[2026-05-12 11:56:07,879][__main__][INFO] - ✓ [google/gemma-3-4b-it] Temp=0.0 Rep=1 → Concordo fortemente
[2026-05-12 11:56:07,880][__main__][INFO] - ✓ [google/gemma-3-4b-it] Temp=0.0 Rep=1 → Concordo fortemente
[2026-05-12 11:56:07,881][__main__][INFO] - ✓ [google/gemma-3-4b-it] Temp=0.0 Rep=1 → Concordo fortemente
[2026-05-12 11:56:07,899][__main__][INFO] - ✓ [google/gemma-3-4b-it] Temp=0.0 Rep=1 → Concordo fortemente
[2026-05-12 11:56:07,904][__main__][INFO] - ✓ [google/gemma-3-4b-it] Temp=0.0 Rep=1 → Concordo fortemente
[2026-05-12 11:56:07,905][__main__][INFO] - ✓ [google/gemma-3-4b-it] Temp=0.0 Rep=1 → Concordo fortemente
[2026-05-12 11:56:07,906][__main__][INFO] - ✓ [google/gemma-3-4b-it] Temp=0.0 Rep=1 → Concordo fortemente
[2026-05-12 11:56:08,348][__main__][INFO] - ✓ [google/gemma-3-4b-it] Temp=0.0 Rep=1 → Discordo fortemente
[2026-05-12 11:56:08,372][__main__][INFO] - ✓ [google/gemma-3-4b-it] Temp=0.0 Rep=1 → Concordo fortemente
[2026-05-12 11:56:08,376][__main__][INFO] - ✓ [google/gemma-3-4b-it] Temp=0.0 Rep=1 → Concordo fortemente
[2026-05-12 11:56:08,377][__main__][INFO] - ✓ [google/gemma-3-4b-it] Temp=0.0 Rep=1 → Concordo fortemente
[2026-05-12 11:56:08,378][__main__][INFO] - ✓ [google/gemma-3-4b-it] Temp=0.0 Rep=1 → Concordo fortemente
[2026-05-12 11:56:08,382][__main__][INFO] - ✓ [google/gemma-3-4b-it] Temp=0.0 Rep=1 → Concordo fortemente
[2026-05-12 11:56:08,384][__main__][INFO] - ✓ [google/gemma-3-4b-it] Temp=0.0 Rep=1 → Concordo fortemente
[2026-05-12 11:56:08,390][__main__][INFO] - ✓ [google/gemma-3-4b-it] Temp=0.0 Rep=1 → Concordo fortemente
[2026-05-12 11:56:08,392][__main__][INFO] - ✓ [google/gemma-3-4b-it] Temp=0.0 Rep=1 → Concordo fortemente
[2026-05-12 11:56:08,395][__main__][INFO] - ✓ [google/gemma-3-4b-it] Temp=0.0 Rep=1 → Concordo fortemente
[2026-05-12 11:56:08,882][__main__][INFO] - ✓ [google/gemma-3-4b-it] Temp=0.0 Rep=1 → Concordo fortemente
[2026-05-12 11:56:08,884][__main__][INFO] - ✓ [google/gemma-3-4b-it] Temp=0.0 Rep=1 → Concordo fortemente
[2026-05-12 11:56:08,893][__main__][INFO] - ✓ [google/gemma-3-4b-it] Temp=0.0 Rep=1 → Discordo fortemente
[2026-05-12 11:56:08,897][__main__][INFO] - ✓ [google/gemma-3-4b-it] Temp=0.0 Rep=1 → Concordo fortemente
[2026-05-12 11:56:08,909][__main__][INFO] - ✓ [google/gemma-3-4b-it] Temp=0.0 Rep=1 → Concordo fortemente
[2026-05-12 11:56:08,910][__main__][INFO] - ✓ [google/gemma-3-4b-it] Temp=0.0 Rep=1 → Concordo
[2026-05-12 11:56:08,912][__main__][INFO] - ✓ [google/gemma-3-4b-it] Temp=0.0 Rep=1 → Concordo fortemente
[2026-05-12 11:56:08,912][__main__][INFO] - ✓ [google/gemma-3-4b-it] Temp=0.0 Rep=1 → Concordo fortemente
[2026-05-12 11:56:08,914][__main__][INFO] - ✓ [google/gemma-3-4b-it] Temp=0.0 Rep=1 → Concordo
[2026-05-12 11:56:08,919][__main__][INFO] - ✓ [google/gemma-3-4b-it] Temp=0.0 Rep=1 → Concordo fortemente
[2026-05-12 11:56:09,404][__main__][INFO] - ✓ [google/gemma-3-4b-it] Temp=0.0 Rep=1 → Discordo
[2026-05-12 11:56:09,405][__main__][INFO] - ✓ [google/gemma-3-4b-it] Temp=0.0 Rep=1 → Discordo
[2026-05-12 11:56:09,431][__main__][INFO] - ✓ [google/gemma-3-4b-it] Temp=0.0 Rep=1 → Concordo
[2026-05-12 11:56:09,459][__main__][INFO] - ✓ [google/gemma-3-4b-it] Temp=0.0 Rep=1 → Discordo
[2026-05-12 11:56:09,461][__main__][INFO] - ✓ [google/gemma-3-4b-it] Temp=0.0 Rep=1 → Concordo fortemente
[2026-05-12 11:56:09,463][__main__][INFO] - ✓ [google/gemma-3-4b-it] Temp=0.0 Rep=1 → Concordo fortemente
[2026-05-12 11:56:09,463][__main__][INFO] - ✓ [google/gemma-3-4b-it] Temp=0.0 Rep=1 → Discordo fortemente
[2026-05-12 11:56:09,485][__main__][INFO] - ✓ [google/gemma-3-4b-it] Temp=0.0 Rep=1 → Concordo
[2026-05-12 11:56:09,488][__main__][INFO] - ✓ [google/gemma-3-4b-it] Temp=0.0 Rep=1 → Concordo fortemente
[2026-05-12 11:56:09,488][__main__][INFO] - Salvamento incremental (680 novas respostas)...
[2026-05-12 11:56:09,533][__main__][INFO] - Cache salvo com 235178 entradas
[2026-05-12 11:56:09,533][__main__][INFO] - ✓ [google/gemma-3-4b-it] Temp=0.0 Rep=1 → Concordo fortemente
[2026-05-12 11:56:10,111][__main__][INFO] - ✓ [google/gemma-3-4b-it] Temp=0.0 Rep=1 → Concordo fortemente
[2026-05-12 11:56:10,114][__main__][INFO] - ✓ [google/gemma-3-4b-it] Temp=0.0 Rep=1 → Concordo fortemente
[2026-05-12 11:56:10,117][__main__][INFO] - ✓ [google/gemma-3-4b-it] Temp=0.0 Rep=1 → Discordo fortemente
[2026-05-12 11:56:10,118][__main__][INFO] - ✓ [google/gemma-3-4b-it] Temp=0.0 Rep=1 → Concordo fortemente
[2026-05-12 11:56:10,124][__main__][INFO] - ✓ [google/gemma-3-4b-it] Temp=0.0 Rep=1 → Discordo fortemente
[2026-05-12 11:56:10,135][__main__][INFO] - ✓ [google/gemma-3-4b-it] Temp=0.0 Rep=1 → Discordo fortemente
[2026-05-12 11:56:10,139][__main__][INFO] - ✓ [google/gemma-3-4b-it] Temp=0.0 Rep=1 → Discordo fortemente
[2026-05-12 11:56:10,140][__main__][INFO] - ✓ [google/gemma-3-4b-it] Temp=0.0 Rep=1 → Concordo fortemente
[2026-05-12 11:56:10,141][__main__][INFO] - ✓ [google/gemma-3-4b-it] Temp=0.0 Rep=1 → Discordo fortemente
[2026-05-12 11:56:10,141][__main__][INFO] - ✓ [google/gemma-3-4b-it] Temp=0.0 Rep=1 → Concordo fortemente
[2026-05-12 11:56:10,593][__main__][INFO] - ✓ [google/gemma-3-4b-it] Temp=0.0 Rep=1 → Discordo
[2026-05-12 11:56:10,597][__main__][INFO] - ✓ [google/gemma-3-4b-it] Temp=0.0 Rep=1 → Discordo
[2026-05-12 11:56:10,643][__main__][INFO] - ✓ [google/gemma-3-4b-it] Temp=0.0 Rep=1 → Discordo
[2026-05-12 11:56:10,646][__main__][INFO] - ✓ [google/gemma-3-4b-it] Temp=0.0 Rep=1 → Discordo fortemente
[2026-05-12 11:56:10,657][__main__][INFO] - ✓ [google/gemma-3-4b-it] Temp=0.0 Rep=1 → Discordo fortemente
[2026-05-12 11:56:10,667][__main__][INFO] - ✓ [google/gemma-3-4b-it] Temp=0.0 Rep=1 → Discordo fortemente
[2026-05-12 11:56:10,667][__main__][INFO] - ✓ [google/gemma-3-4b-it] Temp=0.0 Rep=1 → Concordo fortemente
[2026-05-12 11:56:10,667][__main__][INFO] - ✓ [google/gemma-3-4b-it] Temp=0.0 Rep=1 → Concordo fortemente
[2026-05-12 11:56:10,670][__main__][INFO] - ✓ [google/gemma-3-4b-it] Temp=0.0 Rep=1 → Discordo fortemente
[2026-05-12 11:56:10,688][__main__][INFO] - ✓ [google/gemma-3-4b-it] Temp=0.0 Rep=1 → Concordo fortemente
[2026-05-12 11:56:11,083][__main__][INFO] - ✓ [google/gemma-3-4b-it] Temp=0.0 Rep=1 → Discordo fortemente
[2026-05-12 11:56:11,093][__main__][INFO] - ✓ [google/gemma-3-4b-it] Temp=0.0 Rep=1 → Concordo fortemente
[2026-05-12 11:56:11,106][__main__][INFO] - ✓ [google/gemma-3-4b-it] Temp=0.0 Rep=1 → Discordo
[2026-05-12 11:56:11,108][__main__][INFO] - ✓ [google/gemma-3-4b-it] Temp=0.0 Rep=1 → Discordo
[2026-05-12 11:56:11,128][__main__][INFO] - ✓ [google/gemma-3-4b-it] Temp=0.0 Rep=1 → Concordo fortemente
[2026-05-12 11:56:11,130][__main__][INFO] - ✓ [google/gemma-3-4b-it] Temp=0.0 Rep=1 → Discordo fortemente
[2026-05-12 11:56:11,152][__main__][INFO] - ✓ [google/gemma-3-4b-it] Temp=0.0 Rep=1 → Concordo fortemente
[2026-05-12 11:56:11,154][__main__][INFO] - ✓ [google/gemma-3-4b-it] Temp=0.0 Rep=1 → Concordo fortemente
[2026-05-12 11:56:11,157][__main__][INFO] - ✓ [google/gemma-3-4b-it] Temp=0.0 Rep=1 → Concordo fortemente
[2026-05-12 11:56:11,175][__main__][INFO] - ✓ [google/gemma-3-4b-it] Temp=0.0 Rep=1 → Concordo fortemente
[2026-05-12 11:56:11,494][__main__][INFO] - ✓ [google/gemma-3-4b-it] Temp=0.0 Rep=1 → Discordo
[2026-05-12 11:56:11,591][__main__][INFO] - ✓ [google/gemma-3-4b-it] Temp=0.0 Rep=1 → Discordo fortemente
[2026-05-12 11:56:11,594][__main__][INFO] - ✓ [google/gemma-3-4b-it] Temp=0.0 Rep=1 → Concordo fortemente
[2026-05-12 11:56:11,612][__main__][INFO] - ✓ [google/gemma-3-4b-it] Temp=0.0 Rep=1 → Discordo fortemente
[2026-05-12 11:56:11,614][__main__][INFO] - ✓ [google/gemma-3-4b-it] Temp=0.0 Rep=1 → Discordo fortemente
[2026-05-12 11:56:11,620][__main__][INFO] - ✓ [google/gemma-3-4b-it] Temp=0.0 Rep=1 → Concordo fortemente
[2026-05-12 11:56:11,636][__main__][INFO] - ✓ [google/gemma-3-4b-it] Temp=0.0 Rep=1 → Discordo fortemente
[2026-05-12 11:56:11,638][__main__][INFO] - ✓ [google/gemma-3-4b-it] Temp=0.0 Rep=1 → Discordo fortemente
[2026-05-12 11:56:11,640][__main__][INFO] - ✓ [google/gemma-3-4b-it] Temp=0.0 Rep=1 → Concordo fortemente
[2026-05-12 11:56:11,658][__main__][INFO] - Salvamento incremental (720 novas respostas)...
[2026-05-12 11:56:11,704][__main__][INFO] - Cache salvo com 235218 entradas
[2026-05-12 11:56:11,704][__main__][INFO] - ✓ [google/gemma-3-4b-it] Temp=0.0 Rep=1 → Concordo fortemente
[2026-05-12 11:56:11,914][__main__][INFO] - ✓ [google/gemma-3-4b-it] Temp=0.0 Rep=1 → Concordo fortemente
[2026-05-12 11:56:12,045][__main__][INFO] - ✓ [google/gemma-3-4b-it] Temp=0.0 Rep=1 → Discordo
[2026-05-12 11:56:12,102][__main__][INFO] - ✓ [google/gemma-3-4b-it] Temp=0.0 Rep=1 → Discordo fortemente
[2026-05-12 11:56:12,105][__main__][INFO] - ✓ [google/gemma-3-4b-it] Temp=0.0 Rep=1 → Discordo fortemente
[2026-05-12 11:56:12,106][__main__][INFO] - ✓ [google/gemma-3-4b-it] Temp=0.0 Rep=1 → Discordo fortemente
[2026-05-12 11:56:12,106][__main__][INFO] - ✓ [google/gemma-3-4b-it] Temp=0.0 Rep=1 → Discordo fortemente
[2026-05-12 11:56:12,111][__main__][INFO] - ✓ [google/gemma-3-4b-it] Temp=0.0 Rep=1 → Discordo
[2026-05-12 11:56:12,121][__main__][INFO] - ✓ [google/gemma-3-4b-it] Temp=0.0 Rep=1 → Discordo fortemente
[2026-05-12 11:56:12,122][__main__][INFO] - ✓ [google/gemma-3-4b-it] Temp=0.0 Rep=1 → Discordo fortemente
[2026-05-12 11:56:12,126][__main__][INFO] - ✓ [google/gemma-3-4b-it] Temp=0.0 Rep=1 → Concordo fortemente
[2026-05-12 11:56:12,304][__main__][INFO] - ✓ [google/gemma-3-4b-it] Temp=0.0 Rep=1 → Concordo fortemente
[2026-05-12 11:56:12,543][__main__][INFO] - ✓ [google/gemma-3-4b-it] Temp=0.0 Rep=1 → Discordo fortemente
[2026-05-12 11:56:12,552][__main__][INFO] - ✓ [google/gemma-3-4b-it] Temp=0.0 Rep=1 → Discordo fortemente
[2026-05-12 11:56:12,553][__main__][INFO] - ✓ [google/gemma-3-4b-it] Temp=0.0 Rep=1 → Discordo fortemente
[2026-05-12 11:56:12,553][__main__][INFO] - ✓ [google/gemma-3-4b-it] Temp=0.0 Rep=1 → Discordo fortemente
[2026-05-12 11:56:12,559][__main__][INFO] - ✓ [google/gemma-3-4b-it] Temp=0.0 Rep=1 → Discordo
[2026-05-12 11:56:12,561][__main__][INFO] - ✓ [google/gemma-3-4b-it] Temp=0.0 Rep=1 → Discordo fortemente
[2026-05-12 11:56:12,561][__main__][INFO] - ✓ [google/gemma-3-4b-it] Temp=0.0 Rep=1 → Discordo fortemente
[2026-05-12 11:56:12,579][__main__][INFO] - ✓ [google/gemma-3-4b-it] Temp=0.0 Rep=1 → Concordo fortemente
[2026-05-12 11:56:12,581][__main__][INFO] - ✓ [google/gemma-3-4b-it] Temp=0.0 Rep=1 → Concordo fortemente
[2026-05-12 11:56:12,893][__main__][INFO] - ✓ [google/gemma-3-4b-it] Temp=0.0 Rep=1 → Discordo fortemente
[2026-05-12 11:56:13,065][__main__][INFO] - ✓ [google/gemma-3-4b-it] Temp=0.0 Rep=1 → Discordo
[2026-05-12 11:56:13,067][__main__][INFO] - ✓ [google/gemma-3-4b-it] Temp=0.0 Rep=1 → Discordo
[2026-05-12 11:56:13,067][__main__][INFO] - ✓ [google/gemma-3-4b-it] Temp=0.0 Rep=1 → Discordo
[2026-05-12 11:56:13,071][__main__][INFO] - ✓ [google/gemma-3-4b-it] Temp=0.0 Rep=1 → Discordo fortemente
[2026-05-12 11:56:13,071][__main__][INFO] - ✓ [google/gemma-3-4b-it] Temp=0.0 Rep=1 → Discordo
[2026-05-12 11:56:13,072][__main__][INFO] - ✓ [google/gemma-3-4b-it] Temp=0.0 Rep=1 → Concordo
[2026-05-12 11:56:13,086][__main__][INFO] - ✓ [google/gemma-3-4b-it] Temp=0.0 Rep=1 → Concordo fortemente
[2026-05-12 11:56:13,106][__main__][INFO] - ✓ [google/gemma-3-4b-it] Temp=0.0 Rep=1 → Concordo fortemente
[2026-05-12 11:56:13,107][__main__][INFO] - ✓ [google/gemma-3-4b-it] Temp=0.0 Rep=1 → Concordo fortemente
[2026-05-12 11:56:13,296][__main__][INFO] - ✓ [google/gemma-3-4b-it] Temp=0.0 Rep=1 → Concordo fortemente
[2026-05-12 11:56:13,683][__main__][INFO] - ✓ [google/gemma-3-4b-it] Temp=0.0 Rep=1 → Discordo fortemente
[2026-05-12 11:56:13,687][__main__][INFO] - ✓ [google/gemma-3-4b-it] Temp=0.0 Rep=1 → Discordo fortemente
[2026-05-12 11:56:13,687][__main__][INFO] - ✓ [google/gemma-3-4b-it] Temp=0.0 Rep=1 → Concordo fortemente
[2026-05-12 11:56:13,692][__main__][INFO] - ✓ [google/gemma-3-4b-it] Temp=0.0 Rep=1 → Discordo
[2026-05-12 11:56:13,694][__main__][INFO] - ✓ [google/gemma-3-4b-it] Temp=0.0 Rep=1 → Discordo fortemente
[2026-05-12 11:56:13,698][__main__][INFO] - ✓ [google/gemma-3-4b-it] Temp=0.0 Rep=1 → Concordo fortemente
[2026-05-12 11:56:13,704][__main__][INFO] - ✓ [google/gemma-3-4b-it] Temp=0.0 Rep=1 → Discordo fortemente
[2026-05-12 11:56:13,707][__main__][INFO] - ✓ [google/gemma-3-4b-it] Temp=0.0 Rep=1 → Concordo fortemente
[2026-05-12 11:56:13,708][__main__][INFO] - Salvamento incremental (760 novas respostas)...
[2026-05-12 11:56:13,755][__main__][INFO] - Cache salvo com 235258 entradas
[2026-05-12 11:56:13,755][__main__][INFO] - ✓ [google/gemma-3-4b-it] Temp=0.0 Rep=1 → Concordo fortemente
[2026-05-12 11:56:13,756][__main__][INFO] - ✓ [google/gemma-3-4b-it] Temp=0.0 Rep=1 → Discordo fortemente
[2026-05-12 11:56:14,132][__main__][INFO] - ✓ [google/gemma-3-4b-it] Temp=0.0 Rep=1 → Discordo
[2026-05-12 11:56:14,135][__main__][INFO] - ✓ [google/gemma-3-4b-it] Temp=0.0 Rep=1 → Discordo
[2026-05-12 11:56:14,159][__main__][INFO] - ✓ [google/gemma-3-4b-it] Temp=0.0 Rep=1 → Concordo fortemente
[2026-05-12 11:56:14,180][__main__][INFO] - ✓ [google/gemma-3-4b-it] Temp=0.0 Rep=1 → Concordo fortemente
[2026-05-12 11:56:14,184][__main__][INFO] - ✓ [google/gemma-3-4b-it] Temp=0.0 Rep=1 → Concordo fortemente
[2026-05-12 11:56:14,184][__main__][INFO] - ✓ [google/gemma-3-4b-it] Temp=0.0 Rep=1 → Concordo fortemente
[2026-05-12 11:56:14,201][__main__][INFO] - ✓ [google/gemma-3-4b-it] Temp=0.0 Rep=1 → Concordo fortemente
[2026-05-12 11:56:14,202][__main__][INFO] - ✓ [google/gemma-3-4b-it] Temp=0.0 Rep=1 → Concordo fortemente
[2026-05-12 11:56:14,245][__main__][INFO] - ✓ [google/gemma-3-4b-it] Temp=0.0 Rep=1 → Concordo fortemente
[2026-05-12 11:56:14,652][__main__][INFO] - ✓ [google/gemma-3-4b-it] Temp=0.0 Rep=1 → Neutro
[2026-05-12 11:56:14,653][__main__][INFO] - ✓ [google/gemma-3-4b-it] Temp=0.0 Rep=1 → Concordo fortemente
[2026-05-12 11:56:14,653][__main__][INFO] - ✓ [google/gemma-3-4b-it] Temp=0.0 Rep=1 → Discordo
[2026-05-12 11:56:14,656][__main__][INFO] - ✓ [google/gemma-3-4b-it] Temp=0.0 Rep=1 → Discordo
[2026-05-12 11:56:14,658][__main__][INFO] - ✓ [google/gemma-3-4b-it] Temp=0.0 Rep=1 → Discordo fortemente
[2026-05-12 11:56:14,661][__main__][INFO] - ✓ [google/gemma-3-4b-it] Temp=0.0 Rep=1 → Discordo
[2026-05-12 11:56:14,684][__main__][INFO] - ✓ [google/gemma-3-4b-it] Temp=0.0 Rep=1 → Concordo fortemente
[2026-05-12 11:56:14,685][__main__][INFO] - ✓ [google/gemma-3-4b-it] Temp=0.0 Rep=1 → Concordo fortemente
[2026-05-12 11:56:14,686][__main__][INFO] - ✓ [google/gemma-3-4b-it] Temp=0.0 Rep=1 → Concordo fortemente
[2026-05-12 11:56:14,688][__main__][INFO] - ✓ [google/gemma-3-4b-it] Temp=0.0 Rep=1 → Concordo fortemente
[2026-05-12 11:56:15,165][__main__][INFO] - ✓ [google/gemma-3-4b-it] Temp=0.0 Rep=1 → Discordo fortemente
[2026-05-12 11:56:15,165][__main__][INFO] - ✓ [google/gemma-3-4b-it] Temp=0.0 Rep=1 → Concordo fortemente
[2026-05-12 11:56:15,166][__main__][INFO] - ✓ [google/gemma-3-4b-it] Temp=0.0 Rep=1 → Concordo fortemente
[2026-05-12 11:56:15,167][__main__][INFO] - ✓ [google/gemma-3-4b-it] Temp=0.0 Rep=1 → Discordo fortemente
[2026-05-12 11:56:15,167][__main__][INFO] - ✓ [google/gemma-3-4b-it] Temp=0.0 Rep=1 → Discordo fortemente
[2026-05-12 11:56:15,179][__main__][INFO] - ✓ [google/gemma-3-4b-it] Temp=0.0 Rep=1 → Concordo fortemente
[2026-05-12 11:56:15,179][__main__][INFO] - ✓ [google/gemma-3-4b-it] Temp=0.0 Rep=1 → Concordo fortemente
[2026-05-12 11:56:15,180][__main__][INFO] - ✓ [google/gemma-3-4b-it] Temp=0.0 Rep=1 → Concordo fortemente
[2026-05-12 11:56:15,180][__main__][INFO] - ✓ [google/gemma-3-4b-it] Temp=0.0 Rep=1 → Concordo fortemente
[2026-05-12 11:56:15,180][__main__][INFO] - ✓ [google/gemma-3-4b-it] Temp=0.0 Rep=1 → Concordo fortemente
[2026-05-12 11:56:15,729][__main__][INFO] - ✓ [google/gemma-3-4b-it] Temp=0.0 Rep=1 → Discordo fortemente
[2026-05-12 11:56:15,746][__main__][INFO] - ✓ [google/gemma-3-4b-it] Temp=0.0 Rep=1 → Discordo fortemente
[2026-05-12 11:56:15,751][__main__][INFO] - ✓ [google/gemma-3-4b-it] Temp=0.0 Rep=1 → Concordo fortemente
[2026-05-12 11:56:15,752][__main__][INFO] - ✓ [google/gemma-3-4b-it] Temp=0.0 Rep=1 → Discordo fortemente
[2026-05-12 11:56:15,754][__main__][INFO] - ✓ [google/gemma-3-4b-it] Temp=0.0 Rep=1 → Concordo fortemente
[2026-05-12 11:56:15,756][__main__][INFO] - ✓ [google/gemma-3-4b-it] Temp=0.0 Rep=1 → Concordo fortemente
[2026-05-12 11:56:15,768][__main__][INFO] - ✓ [google/gemma-3-4b-it] Temp=0.0 Rep=1 → Discordo fortemente
[2026-05-12 11:56:15,768][__main__][INFO] - ✓ [google/gemma-3-4b-it] Temp=0.0 Rep=1 → Concordo fortemente
[2026-05-12 11:56:15,770][__main__][INFO] - ✓ [google/gemma-3-4b-it] Temp=0.0 Rep=1 → Concordo fortemente
[2026-05-12 11:56:15,771][__main__][INFO] - Salvamento incremental (800 novas respostas)...
[2026-05-12 11:56:15,815][__main__][INFO] - Cache salvo com 235298 entradas
[2026-05-12 11:56:15,815][__main__][INFO] - ✓ [google/gemma-3-4b-it] Temp=0.0 Rep=1 → Concordo fortemente
[2026-05-12 11:56:16,213][__main__][INFO] - ✓ [google/gemma-3-4b-it] Temp=0.0 Rep=1 → Discordo
[2026-05-12 11:56:16,218][__main__][INFO] - ✓ [google/gemma-3-4b-it] Temp=0.0 Rep=1 → Concordo fortemente
[2026-05-12 11:56:16,219][__main__][INFO] - ✓ [google/gemma-3-4b-it] Temp=0.0 Rep=1 → Discordo fortemente
[2026-05-12 11:56:16,220][__main__][INFO] - ✓ [google/gemma-3-4b-it] Temp=0.0 Rep=1 → Discordo fortemente
[2026-05-12 11:56:16,221][__main__][INFO] - ✓ [google/gemma-3-4b-it] Temp=0.0 Rep=1 → Concordo fortemente
[2026-05-12 11:56:16,228][__main__][INFO] - ✓ [google/gemma-3-4b-it] Temp=0.0 Rep=1 → Discordo fortemente
[2026-05-12 11:56:16,229][__main__][INFO] - ✓ [google/gemma-3-4b-it] Temp=0.0 Rep=1 → Concordo fortemente
[2026-05-12 11:56:16,292][__main__][INFO] - ✓ [google/gemma-3-4b-it] Temp=0.0 Rep=1 → Concordo fortemente
[2026-05-12 11:56:16,294][__main__][INFO] - ✓ [google/gemma-3-4b-it] Temp=0.0 Rep=1 → Concordo fortemente
[2026-05-12 11:56:16,510][__main__][INFO] - ✓ [google/gemma-3-4b-it] Temp=0.0 Rep=1 → Discordo
[2026-05-12 11:56:16,803][__main__][INFO] - ✓ [google/gemma-3-4b-it] Temp=0.0 Rep=1 → Discordo fortemente
[2026-05-12 11:56:16,808][__main__][INFO] - ✓ [google/gemma-3-4b-it] Temp=0.0 Rep=1 → Discordo fortemente
[2026-05-12 11:56:16,811][__main__][INFO] - ✓ [google/gemma-3-4b-it] Temp=0.0 Rep=1 → Concordo
[2026-05-12 11:56:16,817][__main__][INFO] - ✓ [google/gemma-3-4b-it] Temp=0.0 Rep=1 → Discordo fortemente
[2026-05-12 11:56:16,844][__main__][INFO] - ✓ [google/gemma-3-4b-it] Temp=0.0 Rep=1 → Concordo fortemente
[2026-05-12 11:56:16,848][__main__][INFO] - ✓ [google/gemma-3-4b-it] Temp=0.0 Rep=1 → Concordo fortemente
[2026-05-12 11:56:16,849][__main__][INFO] - ✓ [google/gemma-3-4b-it] Temp=0.0 Rep=1 → Concordo fortemente
[2026-05-12 11:56:16,850][__main__][INFO] - ✓ [google/gemma-3-4b-it] Temp=0.0 Rep=1 → Concordo fortemente
[2026-05-12 11:56:16,869][__main__][INFO] - ✓ [google/gemma-3-4b-it] Temp=0.0 Rep=1 → Concordo fortemente
[2026-05-12 11:56:16,939][__main__][INFO] - ✓ [google/gemma-3-4b-it] Temp=0.0 Rep=1 → Concordo fortemente
[2026-05-12 11:56:17,342][__main__][INFO] - ✓ [google/gemma-3-4b-it] Temp=0.0 Rep=1 → Concordo fortemente
[2026-05-12 11:56:17,345][__main__][INFO] - ✓ [google/gemma-3-4b-it] Temp=0.0 Rep=1 → Concordo fortemente
[2026-05-12 11:56:17,370][__main__][INFO] - ✓ [google/gemma-3-4b-it] Temp=0.0 Rep=1 → Concordo fortemente
[2026-05-12 11:56:17,371][__main__][INFO] - ✓ [google/gemma-3-4b-it] Temp=0.0 Rep=1 → Concordo fortemente
[2026-05-12 11:56:17,372][__main__][INFO] - ✓ [google/gemma-3-4b-it] Temp=0.0 Rep=1 → Discordo fortemente
[2026-05-12 11:56:17,373][__main__][INFO] - ✓ [google/gemma-3-4b-it] Temp=0.0 Rep=1 → Concordo
[2026-05-12 11:56:17,395][__main__][INFO] - ✓ [google/gemma-3-4b-it] Temp=0.0 Rep=1 → Concordo fortemente
[2026-05-12 11:56:17,396][__main__][INFO] - ✓ [google/gemma-3-4b-it] Temp=0.0 Rep=1 → Concordo fortemente
[2026-05-12 11:56:17,397][__main__][INFO] - ✓ [google/gemma-3-4b-it] Temp=0.0 Rep=1 → Concordo fortemente
[2026-05-12 11:56:17,635][__main__][INFO] - ✓ [google/gemma-3-4b-it] Temp=0.0 Rep=1 → Concordo fortemente
[2026-05-12 11:56:17,819][__main__][INFO] - ✓ [google/gemma-3-4b-it] Temp=0.0 Rep=1 → Discordo
[2026-05-12 11:56:17,823][__main__][INFO] - ✓ [google/gemma-3-4b-it] Temp=0.0 Rep=1 → Discordo fortemente
[2026-05-12 11:56:17,824][__main__][INFO] - ✓ [google/gemma-3-4b-it] Temp=0.0 Rep=1 → Discordo
[2026-05-12 11:56:17,828][__main__][INFO] - ✓ [google/gemma-3-4b-it] Temp=0.0 Rep=1 → Concordo fortemente
[2026-05-12 11:56:17,844][__main__][INFO] - ✓ [google/gemma-3-4b-it] Temp=0.0 Rep=1 → Concordo fortemente
[2026-05-12 11:56:17,845][__main__][INFO] - ✓ [google/gemma-3-4b-it] Temp=0.0 Rep=1 → Concordo fortemente
[2026-05-12 11:56:17,869][__main__][INFO] - ✓ [google/gemma-3-4b-it] Temp=0.0 Rep=1 → Concordo fortemente
[2026-05-12 11:56:17,871][__main__][INFO] - ✓ [google/gemma-3-4b-it] Temp=0.0 Rep=1 → Concordo fortemente
[2026-05-12 11:56:17,873][__main__][INFO] - ✓ [google/gemma-3-4b-it] Temp=0.0 Rep=1 → Concordo fortemente
[2026-05-12 11:56:17,994][__main__][INFO] - Salvamento incremental (840 novas respostas)...
[2026-05-12 11:56:18,040][__main__][INFO] - Cache salvo com 235338 entradas
[2026-05-12 11:56:18,040][__main__][INFO] - ✓ [google/gemma-3-4b-it] Temp=0.0 Rep=1 → Discordo
[2026-05-12 11:56:18,325][__main__][INFO] - ✓ [google/gemma-3-4b-it] Temp=0.0 Rep=1 → Discordo
[2026-05-12 11:56:18,325][__main__][INFO] - ✓ [google/gemma-3-4b-it] Temp=0.0 Rep=1 → Concordo fortemente
[2026-05-12 11:56:18,326][__main__][INFO] - ✓ [google/gemma-3-4b-it] Temp=0.0 Rep=1 → Discordo
[2026-05-12 11:56:18,326][__main__][INFO] - ✓ [google/gemma-3-4b-it] Temp=0.0 Rep=1 → Concordo fortemente
[2026-05-12 11:56:18,334][__main__][INFO] - ✓ [google/gemma-3-4b-it] Temp=0.0 Rep=1 → Concordo fortemente
[2026-05-12 11:56:18,334][__main__][INFO] - ✓ [google/gemma-3-4b-it] Temp=0.0 Rep=1 → Concordo
[2026-05-12 11:56:18,336][__main__][INFO] - ✓ [google/gemma-3-4b-it] Temp=0.0 Rep=1 → Concordo
[2026-05-12 11:56:18,344][__main__][INFO] - ✓ [google/gemma-3-4b-it] Temp=0.0 Rep=1 → Concordo fortemente
[2026-05-12 11:56:18,346][__main__][INFO] - ✓ [google/gemma-3-4b-it] Temp=0.0 Rep=1 → Concordo fortemente
[2026-05-12 11:56:18,521][__main__][INFO] - ✓ [google/gemma-3-4b-it] Temp=0.0 Rep=1 → Concordo fortemente
[2026-05-12 11:56:18,831][__main__][INFO] - ✓ [google/gemma-3-4b-it] Temp=0.0 Rep=1 → Discordo
[2026-05-12 11:56:18,835][__main__][INFO] - ✓ [google/gemma-3-4b-it] Temp=0.0 Rep=1 → Discordo
[2026-05-12 11:56:18,836][__main__][INFO] - ✓ [google/gemma-3-4b-it] Temp=0.0 Rep=1 → Discordo fortemente
[2026-05-12 11:56:18,848][__main__][INFO] - ✓ [google/gemma-3-4b-it] Temp=0.0 Rep=1 → Discordo fortemente
[2026-05-12 11:56:18,850][__main__][INFO] - ✓ [google/gemma-3-4b-it] Temp=0.0 Rep=1 → Discordo fortemente
[2026-05-12 11:56:18,852][__main__][INFO] - ✓ [google/gemma-3-4b-it] Temp=0.0 Rep=1 → Concordo fortemente
[2026-05-12 11:56:18,872][__main__][INFO] - ✓ [google/gemma-3-4b-it] Temp=0.0 Rep=1 → Concordo fortemente
[2026-05-12 11:56:18,873][__main__][INFO] - ✓ [google/gemma-3-4b-it] Temp=0.0 Rep=1 → Discordo
[2026-05-12 11:56:18,875][__main__][INFO] - ✓ [google/gemma-3-4b-it] Temp=0.0 Rep=1 → Concordo fortemente
[2026-05-12 11:56:18,877][__main__][INFO] - ✓ [google/gemma-3-4b-it] Temp=0.0 Rep=1 → Concordo fortemente
[2026-05-12 11:56:19,267][__main__][INFO] - ✓ [google/gemma-3-4b-it] Temp=0.0 Rep=1 → Discordo
[2026-05-12 11:56:19,271][__main__][INFO] - ✓ [google/gemma-3-4b-it] Temp=0.0 Rep=1 → Discordo
[2026-05-12 11:56:19,367][__main__][INFO] - ✓ [google/gemma-3-4b-it] Temp=0.0 Rep=1 → Discordo fortemente
[2026-05-12 11:56:19,368][__main__][INFO] - ✓ [google/gemma-3-4b-it] Temp=0.0 Rep=1 → Discordo
[2026-05-12 11:56:19,369][__main__][INFO] - ✓ [google/gemma-3-4b-it] Temp=0.0 Rep=1 → Concordo fortemente
[2026-05-12 11:56:19,370][__main__][INFO] - ✓ [google/gemma-3-4b-it] Temp=0.0 Rep=1 → Discordo fortemente
[2026-05-12 11:56:19,370][__main__][INFO] - ✓ [google/gemma-3-4b-it] Temp=0.0 Rep=1 → Discordo fortemente
[2026-05-12 11:56:19,371][__main__][INFO] - ✓ [google/gemma-3-4b-it] Temp=0.0 Rep=1 → Discordo
[2026-05-12 11:56:19,377][__main__][INFO] - ✓ [google/gemma-3-4b-it] Temp=0.0 Rep=1 → Concordo fortemente
[2026-05-12 11:56:19,472][__main__][INFO] - ✓ [google/gemma-3-4b-it] Temp=0.0 Rep=1 → Concordo fortemente
[2026-05-12 11:56:19,884][__main__][INFO] - ✓ [google/gemma-3-4b-it] Temp=0.0 Rep=1 → Discordo
[2026-05-12 11:56:19,885][__main__][INFO] - ✓ [google/gemma-3-4b-it] Temp=0.0 Rep=1 → Concordo
[2026-05-12 11:56:19,900][__main__][INFO] - ✓ [google/gemma-3-4b-it] Temp=0.0 Rep=1 → Discordo
[2026-05-12 11:56:19,905][__main__][INFO] - ✓ [google/gemma-3-4b-it] Temp=0.0 Rep=1 → Discordo
[2026-05-12 11:56:19,906][__main__][INFO] - ✓ [google/gemma-3-4b-it] Temp=0.0 Rep=1 → Discordo fortemente
[2026-05-12 11:56:19,908][__main__][INFO] - ✓ [google/gemma-3-4b-it] Temp=0.0 Rep=1 → Concordo fortemente
[2026-05-12 11:56:19,909][__main__][INFO] - ✓ [google/gemma-3-4b-it] Temp=0.0 Rep=1 → Discordo fortemente
[2026-05-12 11:56:19,910][__main__][INFO] - ✓ [google/gemma-3-4b-it] Temp=0.0 Rep=1 → Concordo fortemente
[2026-05-12 11:56:20,052][__main__][INFO] - ✓ [google/gemma-3-4b-it] Temp=0.0 Rep=1 → Discordo
[2026-05-12 11:56:20,109][__main__][INFO] - Salvamento incremental (880 novas respostas)...
[2026-05-12 11:56:20,158][__main__][INFO] - Cache salvo com 235378 entradas
[2026-05-12 11:56:20,158][__main__][INFO] - ✓ [google/gemma-3-4b-it] Temp=0.0 Rep=1 → Discordo fortemente
[2026-05-12 11:56:20,282][__main__][INFO] - ✓ [google/gemma-3-4b-it] Temp=0.0 Rep=1 → Discordo
[2026-05-12 11:56:20,285][__main__][INFO] - ✓ [google/gemma-3-4b-it] Temp=0.0 Rep=1 → Discordo
[2026-05-12 11:56:20,306][__main__][INFO] - ✓ [google/gemma-3-4b-it] Temp=0.0 Rep=1 → Discordo fortemente
[2026-05-12 11:56:20,309][__main__][INFO] - ✓ [google/gemma-3-4b-it] Temp=0.0 Rep=1 → Concordo
[2026-05-12 11:56:20,310][__main__][INFO] - ✓ [google/gemma-3-4b-it] Temp=0.0 Rep=1 → Discordo fortemente
[2026-05-12 11:56:20,406][__main__][INFO] - ✓ [google/gemma-3-4b-it] Temp=0.0 Rep=1 → Discordo
[2026-05-12 11:56:20,409][__main__][INFO] - ✓ [google/gemma-3-4b-it] Temp=0.0 Rep=1 → Concordo fortemente
[2026-05-12 11:56:20,478][__main__][INFO] - ✓ [google/gemma-3-4b-it] Temp=0.0 Rep=1 → Discordo fortemente
[2026-05-12 11:56:20,481][__main__][INFO] - ✓ [google/gemma-3-4b-it] Temp=0.0 Rep=1 → Discordo
[2026-05-12 11:56:20,506][__main__][INFO] - ✓ [google/gemma-3-4b-it] Temp=0.0 Rep=1 → Discordo
[2026-05-12 11:56:20,708][__main__][INFO] - ✓ [google/gemma-3-4b-it] Temp=0.0 Rep=1 → Discordo
[2026-05-12 11:56:20,711][__main__][INFO] - ✓ [google/gemma-3-4b-it] Temp=0.0 Rep=1 → Discordo
[2026-05-12 11:56:20,765][__main__][INFO] - ✓ [google/gemma-3-4b-it] Temp=0.0 Rep=1 → Concordo
[2026-05-12 11:56:20,770][__main__][INFO] - ✓ [google/gemma-3-4b-it] Temp=0.0 Rep=1 → Concordo
[2026-05-12 11:56:20,930][__main__][INFO] - ✓ [google/gemma-3-4b-it] Temp=0.0 Rep=1 → Concordo
[2026-05-12 11:56:20,939][__main__][INFO] - ✓ [google/gemma-3-4b-it] Temp=0.0 Rep=1 → Discordo
[2026-05-12 11:56:20,949][__main__][INFO] - ✓ [google/gemma-3-4b-it] Temp=0.0 Rep=1 → Concordo
[2026-05-12 11:56:20,952][__main__][INFO] - ✓ [google/gemma-3-4b-it] Temp=0.0 Rep=1 → Discordo fortemente
[2026-05-12 11:56:20,979][__main__][INFO] - ✓ [google/gemma-3-4b-it] Temp=0.0 Rep=1 → Concordo fortemente
[2026-05-12 11:56:20,987][__main__][INFO] - ✓ [google/gemma-3-4b-it] Temp=0.0 Rep=1 → Concordo fortemente
[2026-05-12 11:56:21,206][__main__][INFO] - ✓ [google/gemma-3-4b-it] Temp=0.0 Rep=1 → Discordo fortemente
[2026-05-12 11:56:21,239][__main__][INFO] - ✓ [google/gemma-3-4b-it] Temp=0.0 Rep=1 → Concordo fortemente
[2026-05-12 11:56:21,272][__main__][INFO] - ✓ [google/gemma-3-4b-it] Temp=0.0 Rep=1 → Concordo fortemente
[2026-05-12 11:56:21,276][__main__][INFO] - ✓ [google/gemma-3-4b-it] Temp=0.0 Rep=1 → Concordo fortemente
[2026-05-12 11:56:21,357][__main__][INFO] - ✓ [google/gemma-3-4b-it] Temp=0.0 Rep=1 → Neutro
[2026-05-12 11:56:21,361][__main__][INFO] - ✓ [google/gemma-3-4b-it] Temp=0.0 Rep=1 → Discordo fortemente
[2026-05-12 11:56:21,361][__main__][INFO] - ✓ [google/gemma-3-4b-it] Temp=0.0 Rep=1 → Concordo fortemente
[2026-05-12 11:56:21,367][__main__][INFO] - ✓ [google/gemma-3-4b-it] Temp=0.0 Rep=1 → Discordo
[2026-05-12 11:56:21,368][__main__][INFO] - ✓ [google/gemma-3-4b-it] Temp=0.0 Rep=1 → Discordo
[2026-05-12 11:56:21,462][__main__][INFO] - ✓ [google/gemma-3-4b-it] Temp=0.0 Rep=1 → Concordo fortemente
[2026-05-12 11:56:21,617][__main__][INFO] - ✓ [google/gemma-3-4b-it] Temp=0.0 Rep=1 → Discordo
[2026-05-12 11:56:21,680][__main__][INFO] - ✓ [google/gemma-3-4b-it] Temp=0.0 Rep=1 → Concordo fortemente
[2026-05-12 11:56:21,694][__main__][INFO] - ✓ [google/gemma-3-4b-it] Temp=0.0 Rep=1 → Concordo
[2026-05-12 11:56:21,707][__main__][INFO] - ✓ [google/gemma-3-4b-it] Temp=0.0 Rep=1 → Concordo fortemente
[2026-05-12 11:56:21,994][__main__][INFO] - ✓ [google/gemma-3-4b-it] Temp=0.0 Rep=1 → Concordo fortemente
[2026-05-12 11:56:21,996][__main__][INFO] - ✓ [google/gemma-3-4b-it] Temp=0.0 Rep=1 → Concordo fortemente
[2026-05-12 11:56:21,997][__main__][INFO] - ✓ [google/gemma-3-4b-it] Temp=0.0 Rep=1 → Concordo fortemente
[2026-05-12 11:56:22,105][__main__][INFO] - ✓ [google/gemma-3-4b-it] Temp=0.0 Rep=1 → Discordo fortemente
[2026-05-12 11:56:22,108][__main__][INFO] - ✓ [google/gemma-3-4b-it] Temp=0.0 Rep=1 → Discordo
[2026-05-12 11:56:22,115][__main__][INFO] - Salvamento incremental (920 novas respostas)...
[2026-05-12 11:56:22,163][__main__][INFO] - Cache salvo com 235418 entradas
[2026-05-12 11:56:22,163][__main__][INFO] - ✓ [google/gemma-3-4b-it] Temp=0.0 Rep=1 → Neutro
[2026-05-12 11:56:22,165][__main__][INFO] - ✓ [google/gemma-3-4b-it] Temp=0.0 Rep=1 → Discordo
[2026-05-12 11:56:22,166][__main__][INFO] - ✓ [google/gemma-3-4b-it] Temp=0.0 Rep=1 → Concordo fortemente
[2026-05-12 11:56:22,180][__main__][INFO] - ✓ [google/gemma-3-4b-it] Temp=0.0 Rep=1 → Concordo fortemente
[2026-05-12 11:56:22,182][__main__][INFO] - ✓ [google/gemma-3-4b-it] Temp=0.0 Rep=1 → Concordo fortemente
[2026-05-12 11:56:22,512][__main__][INFO] - ✓ [google/gemma-3-4b-it] Temp=0.0 Rep=1 → Discordo
[2026-05-12 11:56:22,516][__main__][INFO] - ✓ [google/gemma-3-4b-it] Temp=0.0 Rep=1 → Discordo
[2026-05-12 11:56:22,638][__main__][INFO] - ✓ [google/gemma-3-4b-it] Temp=0.0 Rep=1 → Concordo fortemente
[2026-05-12 11:56:22,642][__main__][INFO] - ✓ [google/gemma-3-4b-it] Temp=0.0 Rep=1 → Discordo
[2026-05-12 11:56:22,665][__main__][INFO] - ✓ [google/gemma-3-4b-it] Temp=0.0 Rep=1 → Discordo
[2026-05-12 11:56:22,668][__main__][INFO] - ✓ [google/gemma-3-4b-it] Temp=0.0 Rep=1 → Discordo
[2026-05-12 11:56:22,694][__main__][INFO] - ✓ [google/gemma-3-4b-it] Temp=0.0 Rep=1 → Concordo fortemente
[2026-05-12 11:56:22,719][__main__][INFO] - ✓ [google/gemma-3-4b-it] Temp=0.0 Rep=1 → Concordo fortemente
[2026-05-12 11:56:22,722][__main__][INFO] - ✓ [google/gemma-3-4b-it] Temp=0.0 Rep=1 → Concordo fortemente
[2026-05-12 11:56:22,725][__main__][INFO] - ✓ [google/gemma-3-4b-it] Temp=0.0 Rep=1 → Concordo fortemente
[2026-05-12 11:56:23,030][__main__][INFO] - ✓ [google/gemma-3-4b-it] Temp=0.0 Rep=1 → Discordo fortemente
[2026-05-12 11:56:23,035][__main__][INFO] - ✓ [google/gemma-3-4b-it] Temp=0.0 Rep=1 → Discordo fortemente
[2026-05-12 11:56:23,120][__main__][INFO] - ✓ [google/gemma-3-4b-it] Temp=0.0 Rep=1 → Discordo fortemente
[2026-05-12 11:56:23,147][__main__][INFO] - ✓ [google/gemma-3-4b-it] Temp=0.0 Rep=1 → Discordo fortemente
[2026-05-12 11:56:23,148][__main__][INFO] - ✓ [google/gemma-3-4b-it] Temp=0.0 Rep=1 → Discordo fortemente
[2026-05-12 11:56:23,177][__main__][INFO] - ✓ [google/gemma-3-4b-it] Temp=0.0 Rep=1 → Concordo fortemente
[2026-05-12 11:56:23,178][__main__][INFO] - ✓ [google/gemma-3-4b-it] Temp=0.0 Rep=1 → Discordo fortemente
[2026-05-12 11:56:23,179][__main__][INFO] - ✓ [google/gemma-3-4b-it] Temp=0.0 Rep=1 → Discordo fortemente
[2026-05-12 11:56:23,190][__main__][INFO] - ✓ [google/gemma-3-4b-it] Temp=0.0 Rep=1 → Concordo fortemente
[2026-05-12 11:56:23,203][__main__][INFO] - ✓ [google/gemma-3-4b-it] Temp=0.0 Rep=1 → Concordo fortemente
[2026-05-12 11:56:23,625][__main__][INFO] - ✓ [google/gemma-3-4b-it] Temp=0.0 Rep=1 → Discordo fortemente
[2026-05-12 11:56:23,632][__main__][INFO] - ✓ [google/gemma-3-4b-it] Temp=0.0 Rep=1 → Discordo fortemente
[2026-05-12 11:56:23,636][__main__][INFO] - ✓ [google/gemma-3-4b-it] Temp=0.0 Rep=1 → Concordo fortemente
[2026-05-12 11:56:23,637][__main__][INFO] - ✓ [google/gemma-3-4b-it] Temp=0.0 Rep=1 → Discordo
[2026-05-12 11:56:23,666][__main__][INFO] - ✓ [google/gemma-3-4b-it] Temp=0.0 Rep=1 → Concordo fortemente
[2026-05-12 11:56:23,667][__main__][INFO] - ✓ [google/gemma-3-4b-it] Temp=0.0 Rep=1 → Discordo fortemente
[2026-05-12 11:56:23,668][__main__][INFO] - ✓ [google/gemma-3-4b-it] Temp=0.0 Rep=1 → Discordo fortemente
[2026-05-12 11:56:23,688][__main__][INFO] - ✓ [google/gemma-3-4b-it] Temp=0.0 Rep=1 → Discordo fortemente
[2026-05-12 11:56:23,699][__main__][INFO] - ✓ [google/gemma-3-4b-it] Temp=0.0 Rep=1 → Discordo fortemente
[2026-05-12 11:56:23,711][__main__][INFO] - ✓ [google/gemma-3-4b-it] Temp=0.0 Rep=1 → Concordo fortemente
[2026-05-12 11:56:24,120][__main__][INFO] - ✓ [google/gemma-3-4b-it] Temp=0.0 Rep=1 → Discordo fortemente
[2026-05-12 11:56:24,121][__main__][INFO] - ✓ [google/gemma-3-4b-it] Temp=0.0 Rep=1 → Discordo fortemente
[2026-05-12 11:56:24,121][__main__][INFO] - ✓ [google/gemma-3-4b-it] Temp=0.0 Rep=1 → Discordo
[2026-05-12 11:56:24,123][__main__][INFO] - ✓ [google/gemma-3-4b-it] Temp=0.0 Rep=1 → Discordo
[2026-05-12 11:56:24,124][__main__][INFO] - ✓ [google/gemma-3-4b-it] Temp=0.0 Rep=1 → Discordo fortemente
[2026-05-12 11:56:24,143][__main__][INFO] - Salvamento incremental (960 novas respostas)...
[2026-05-12 11:56:24,187][__main__][INFO] - Cache salvo com 235458 entradas
[2026-05-12 11:56:24,188][__main__][INFO] - ✓ [google/gemma-3-4b-it] Temp=0.0 Rep=1 → Concordo
[2026-05-12 11:56:24,189][__main__][INFO] - ✓ [google/gemma-3-4b-it] Temp=0.0 Rep=1 → Discordo fortemente
[2026-05-12 11:56:24,190][__main__][INFO] - ✓ [google/gemma-3-4b-it] Temp=0.0 Rep=1 → Concordo
[2026-05-12 11:56:24,190][__main__][INFO] - ✓ [google/gemma-3-4b-it] Temp=0.0 Rep=1 → Concordo fortemente
[2026-05-12 11:56:24,303][__main__][INFO] - ✓ [google/gemma-3-4b-it] Temp=0.0 Rep=1 → Discordo fortemente
[2026-05-12 11:56:24,612][__main__][INFO] - ✓ [google/gemma-3-4b-it] Temp=0.0 Rep=1 → Discordo
[2026-05-12 11:56:24,614][__main__][INFO] - ✓ [google/gemma-3-4b-it] Temp=0.0 Rep=1 → Discordo fortemente
[2026-05-12 11:56:24,614][__main__][INFO] - ✓ [google/gemma-3-4b-it] Temp=0.0 Rep=1 → Discordo fortemente
[2026-05-12 11:56:24,650][__main__][INFO] - ✓ [google/gemma-3-4b-it] Temp=0.0 Rep=1 → Concordo fortemente
[2026-05-12 11:56:24,653][__main__][INFO] - ✓ [google/gemma-3-4b-it] Temp=0.0 Rep=1 → Discordo fortemente
[2026-05-12 11:56:24,683][__main__][INFO] - ✓ [google/gemma-3-4b-it] Temp=0.0 Rep=1 → Concordo
[2026-05-12 11:56:24,685][__main__][INFO] - ✓ [google/gemma-3-4b-it] Temp=0.0 Rep=1 → Concordo fortemente
[2026-05-12 11:56:24,688][__main__][INFO] - ✓ [google/gemma-3-4b-it] Temp=0.0 Rep=1 → Discordo fortemente
[2026-05-12 11:56:24,692][__main__][INFO] - ✓ [google/gemma-3-4b-it] Temp=0.0 Rep=1 → Discordo fortemente
[2026-05-12 11:56:24,740][__main__][INFO] - ✓ [google/gemma-3-4b-it] Temp=0.0 Rep=1 → Discordo fortemente
[2026-05-12 11:56:25,217][__main__][INFO] - ✓ [google/gemma-3-4b-it] Temp=0.0 Rep=1 → Discordo fortemente
[2026-05-12 11:56:25,256][__main__][INFO] - ✓ [google/gemma-3-4b-it] Temp=0.0 Rep=1 → Discordo fortemente
[2026-05-12 11:56:25,259][__main__][INFO] - ✓ [google/gemma-3-4b-it] Temp=0.0 Rep=1 → Discordo fortemente
[2026-05-12 11:56:25,263][__main__][INFO] - ✓ [google/gemma-3-4b-it] Temp=0.0 Rep=1 → Discordo fortemente
[2026-05-12 11:56:25,264][__main__][INFO] - ✓ [google/gemma-3-4b-it] Temp=0.0 Rep=1 → Discordo fortemente
[2026-05-12 11:56:25,267][__main__][INFO] - ✓ [google/gemma-3-4b-it] Temp=0.0 Rep=1 → Discordo fortemente
[2026-05-12 11:56:25,268][__main__][INFO] - ✓ [google/gemma-3-4b-it] Temp=0.0 Rep=1 → Concordo fortemente
[2026-05-12 11:56:25,269][__main__][INFO] - ✓ [google/gemma-3-4b-it] Temp=0.0 Rep=1 → Discordo fortemente
[2026-05-12 11:56:25,284][__main__][INFO] - ✓ [google/gemma-3-4b-it] Temp=0.0 Rep=1 → Concordo
[2026-05-12 11:56:25,286][__main__][INFO] - ✓ [google/gemma-3-4b-it] Temp=0.0 Rep=1 → Concordo fortemente
[2026-05-12 11:56:25,657][__main__][INFO] - ✓ [google/gemma-3-4b-it] Temp=0.0 Rep=1 → Neutro
[2026-05-12 11:56:25,735][__main__][INFO] - ✓ [google/gemma-3-4b-it] Temp=0.0 Rep=1 → Neutro
[2026-05-12 11:56:25,735][__main__][INFO] - ✓ [google/gemma-3-4b-it] Temp=0.0 Rep=1 → Neutro
[2026-05-12 11:56:25,758][__main__][INFO] - ✓ [google/gemma-3-4b-it] Temp=0.0 Rep=1 → Discordo fortemente
[2026-05-12 11:56:25,759][__main__][INFO] - ✓ [google/gemma-3-4b-it] Temp=0.0 Rep=1 → Discordo fortemente
[2026-05-12 11:56:25,790][__main__][INFO] - ✓ [google/gemma-3-4b-it] Temp=0.0 Rep=1 → Discordo fortemente
[2026-05-12 11:56:25,791][__main__][INFO] - ✓ [google/gemma-3-4b-it] Temp=0.0 Rep=1 → Concordo
[2026-05-12 11:56:26,172][__main__][INFO] - ✓ [google/gemma-3-4b-it] Temp=0.0 Rep=1 → Discordo fortemente
[2026-05-12 11:56:26,177][__main__][INFO] - ✓ [google/gemma-3-4b-it] Temp=0.0 Rep=1 → Neutro
[2026-05-12 11:56:26,178][__main__][INFO] - ✓ [google/gemma-3-4b-it] Temp=0.0 Rep=1 → Neutro
[2026-05-12 11:56:26,179][__main__][INFO] - ✓ [google/gemma-3-4b-it] Temp=0.0 Rep=1 → Discordo fortemente
[2026-05-12 11:56:26,180][__main__][INFO] - ✓ [google/gemma-3-4b-it] Temp=0.0 Rep=1 → Discordo
[2026-05-12 11:56:26,181][__main__][INFO] - ✓ [google/gemma-3-4b-it] Temp=0.0 Rep=1 → Discordo fortemente
[2026-05-12 11:56:26,221][__main__][INFO] - ✓ [google/gemma-3-4b-it] Temp=0.0 Rep=1 → Concordo fortemente
[2026-05-12 11:56:26,224][__main__][INFO] - ✓ [google/gemma-3-4b-it] Temp=0.0 Rep=1 → Concordo
[2026-05-12 11:56:26,225][__main__][INFO] - Salvamento incremental (1000 novas respostas)...
[2026-05-12 11:56:26,268][__main__][INFO] - Cache salvo com 235498 entradas
[2026-05-12 11:56:26,269][__main__][INFO] - ✓ [google/gemma-3-4b-it] Temp=0.0 Rep=1 → Concordo
[2026-05-12 11:56:26,271][__main__][INFO] - ✓ [google/gemma-3-4b-it] Temp=0.0 Rep=1 → Concordo fortemente
[2026-05-12 11:56:26,937][__main__][INFO] - ✓ [google/gemma-3-4b-it] Temp=0.0 Rep=1 → Concordo
[2026-05-12 11:56:26,943][__main__][INFO] - ✓ [google/gemma-3-4b-it] Temp=0.0 Rep=1 → Concordo
[2026-05-12 11:56:26,944][__main__][INFO] - ✓ [google/gemma-3-4b-it] Temp=0.0 Rep=1 → Concordo fortemente
[2026-05-12 11:56:26,944][__main__][INFO] - ✓ [google/gemma-3-4b-it] Temp=0.0 Rep=1 → Concordo fortemente
[2026-05-12 11:56:26,945][__main__][INFO] - ✓ [google/gemma-3-4b-it] Temp=0.0 Rep=1 → Concordo fortemente
[2026-05-12 11:56:26,946][__main__][INFO] - ✓ [google/gemma-3-4b-it] Temp=0.0 Rep=1 → Concordo
[2026-05-12 11:56:26,947][__main__][INFO] - ✓ [google/gemma-3-4b-it] Temp=0.0 Rep=1 → Concordo
[2026-05-12 11:56:26,949][__main__][INFO] - ✓ [google/gemma-3-4b-it] Temp=0.0 Rep=1 → Concordo fortemente
[2026-05-12 11:56:26,949][__main__][INFO] - ✓ [google/gemma-3-4b-it] Temp=0.0 Rep=1 → Concordo fortemente
[2026-05-12 11:56:27,221][__main__][INFO] - ✓ [google/gemma-3-4b-it] Temp=0.0 Rep=1 → Concordo
[2026-05-12 11:56:27,569][__main__][INFO] - ✓ [google/gemma-3-4b-it] Temp=0.0 Rep=1 → Concordo
[2026-05-12 11:56:27,572][__main__][INFO] - ✓ [google/gemma-3-4b-it] Temp=0.0 Rep=1 → Concordo fortemente
[2026-05-12 11:56:27,576][__main__][INFO] - ✓ [google/gemma-3-4b-it] Temp=0.0 Rep=1 → Concordo
[2026-05-12 11:56:27,577][__main__][INFO] - ✓ [google/gemma-3-4b-it] Temp=0.0 Rep=1 → Concordo fortemente
[2026-05-12 11:56:27,578][__main__][INFO] - ✓ [google/gemma-3-4b-it] Temp=0.0 Rep=1 → Concordo fortemente
[2026-05-12 11:56:27,583][__main__][INFO] - ✓ [google/gemma-3-4b-it] Temp=0.0 Rep=1 → Concordo
[2026-05-12 11:56:27,625][__main__][INFO] - ✓ [google/gemma-3-4b-it] Temp=0.0 Rep=1 → Concordo fortemente
[2026-05-12 11:56:27,628][__main__][INFO] - ✓ [google/gemma-3-4b-it] Temp=0.0 Rep=1 → Concordo fortemente
[2026-05-12 11:56:27,745][__main__][INFO] - ✓ [google/gemma-3-4b-it] Temp=0.0 Rep=1 → Concordo fortemente
[2026-05-12 11:56:27,769][__main__][INFO] - ✓ [google/gemma-3-4b-it] Temp=0.0 Rep=1 → Concordo fortemente
[2026-05-12 11:56:28,081][__main__][INFO] - ✓ [google/gemma-3-4b-it] Temp=0.0 Rep=1 → Concordo fortemente
[2026-05-12 11:56:28,084][__main__][INFO] - ✓ [google/gemma-3-4b-it] Temp=0.0 Rep=1 → Concordo
[2026-05-12 11:56:28,087][__main__][INFO] - ✓ [google/gemma-3-4b-it] Temp=0.0 Rep=1 → Neutro
[2026-05-12 11:56:28,090][__main__][INFO] - ✓ [google/gemma-3-4b-it] Temp=0.0 Rep=1 → Concordo
[2026-05-12 11:56:28,120][__main__][INFO] - ✓ [google/gemma-3-4b-it] Temp=0.0 Rep=1 → Concordo fortemente
[2026-05-12 11:56:28,122][__main__][INFO] - ✓ [google/gemma-3-4b-it] Temp=0.0 Rep=1 → Concordo
[2026-05-12 11:56:28,123][__main__][INFO] - ✓ [google/gemma-3-4b-it] Temp=0.0 Rep=1 → Concordo fortemente
[2026-05-12 11:56:28,124][__main__][INFO] - ✓ [google/gemma-3-4b-it] Temp=0.0 Rep=1 → Concordo fortemente
[2026-05-12 11:56:28,173][__main__][INFO] - ✓ [google/gemma-3-4b-it] Temp=0.0 Rep=1 → Discordo
[2026-05-12 11:56:28,268][__main__][INFO] - ✓ [google/gemma-3-4b-it] Temp=0.0 Rep=1 → Concordo
[2026-05-12 11:56:28,555][__main__][INFO] - ✓ [google/gemma-3-4b-it] Temp=0.0 Rep=1 → Discordo
[2026-05-12 11:56:28,559][__main__][INFO] - ✓ [google/gemma-3-4b-it] Temp=0.0 Rep=1 → Discordo
[2026-05-12 11:56:28,606][__main__][INFO] - ✓ [google/gemma-3-4b-it] Temp=0.0 Rep=1 → Discordo fortemente
[2026-05-12 11:56:28,611][__main__][INFO] - ✓ [google/gemma-3-4b-it] Temp=0.0 Rep=1 → Discordo fortemente
[2026-05-12 11:56:28,612][__main__][INFO] - ✓ [google/gemma-3-4b-it] Temp=0.0 Rep=1 → Concordo
[2026-05-12 11:56:28,618][__main__][INFO] - ✓ [google/gemma-3-4b-it] Temp=0.0 Rep=1 → Discordo fortemente
[2026-05-12 11:56:28,628][__main__][INFO] - ✓ [google/gemma-3-4b-it] Temp=0.0 Rep=1 → Concordo fortemente
[2026-05-12 11:56:28,648][__main__][INFO] - ✓ [google/gemma-3-4b-it] Temp=0.0 Rep=1 → Discordo fortemente
[2026-05-12 11:56:28,653][__main__][INFO] - Salvamento incremental (1040 novas respostas)...
[2026-05-12 11:56:28,696][__main__][INFO] - Cache salvo com 235538 entradas
[2026-05-12 11:56:28,696][__main__][INFO] - ✓ [google/gemma-3-4b-it] Temp=0.0 Rep=1 → Concordo fortemente
[2026-05-12 11:56:29,019][__main__][INFO] - ✓ [google/gemma-3-4b-it] Temp=0.0 Rep=1 → Discordo fortemente
[2026-05-12 11:56:29,076][__main__][INFO] - ✓ [google/gemma-3-4b-it] Temp=0.0 Rep=1 → Discordo fortemente
[2026-05-12 11:56:29,103][__main__][INFO] - ✓ [google/gemma-3-4b-it] Temp=0.0 Rep=1 → Discordo fortemente
[2026-05-12 11:56:29,130][__main__][INFO] - ✓ [google/gemma-3-4b-it] Temp=0.0 Rep=1 → Concordo fortemente
[2026-05-12 11:56:29,130][__main__][INFO] - ✓ [google/gemma-3-4b-it] Temp=0.0 Rep=1 → Discordo fortemente
[2026-05-12 11:56:29,132][__main__][INFO] - ✓ [google/gemma-3-4b-it] Temp=0.0 Rep=1 → Discordo fortemente
[2026-05-12 11:56:29,133][__main__][INFO] - ✓ [google/gemma-3-4b-it] Temp=0.0 Rep=1 → Discordo fortemente
[2026-05-12 11:56:29,153][__main__][INFO] - ✓ [google/gemma-3-4b-it] Temp=0.0 Rep=1 → Concordo fortemente
[2026-05-12 11:56:29,155][__main__][INFO] - ✓ [google/gemma-3-4b-it] Temp=0.0 Rep=1 → Discordo fortemente
[2026-05-12 11:56:29,158][__main__][INFO] - ✓ [google/gemma-3-4b-it] Temp=0.0 Rep=1 → Concordo fortemente
[2026-05-12 11:56:29,441][__main__][INFO] - ✓ [google/gemma-3-4b-it] Temp=0.0 Rep=1 → Discordo fortemente
[2026-05-12 11:56:29,694][__main__][INFO] - ✓ [google/gemma-3-4b-it] Temp=0.0 Rep=1 → Concordo fortemente
[2026-05-12 11:56:29,697][__main__][INFO] - ✓ [google/gemma-3-4b-it] Temp=0.0 Rep=1 → Discordo fortemente
[2026-05-12 11:56:29,700][__main__][INFO] - ✓ [google/gemma-3-4b-it] Temp=0.0 Rep=1 → Discordo
[2026-05-12 11:56:29,844][__main__][INFO] - ✓ [google/gemma-3-4b-it] Temp=0.0 Rep=1 → Discordo
[2026-05-12 11:56:29,848][__main__][INFO] - ✓ [google/gemma-3-4b-it] Temp=0.0 Rep=1 → Discordo
[2026-05-12 11:56:29,848][__main__][INFO] - ✓ [google/gemma-3-4b-it] Temp=0.0 Rep=1 → Discordo
[2026-05-12 11:56:29,849][__main__][INFO] - ✓ [google/gemma-3-4b-it] Temp=0.0 Rep=1 → Concordo
[2026-05-12 11:56:29,858][__main__][INFO] - ✓ [google/gemma-3-4b-it] Temp=0.0 Rep=1 → Concordo fortemente
[2026-05-12 11:56:29,862][__main__][INFO] - ✓ [google/gemma-3-4b-it] Temp=0.0 Rep=1 → Concordo fortemente
[2026-05-12 11:56:30,080][__main__][INFO] - ✓ [google/gemma-3-4b-it] Temp=0.0 Rep=1 → Neutro
[2026-05-12 11:56:30,083][__main__][INFO] - ✓ [google/gemma-3-4b-it] Temp=0.0 Rep=1 → Discordo
[2026-05-12 11:56:30,109][__main__][INFO] - ✓ [google/gemma-3-4b-it] Temp=0.0 Rep=1 → Discordo fortemente
[2026-05-12 11:56:30,216][__main__][INFO] - ✓ [google/gemma-3-4b-it] Temp=0.0 Rep=1 → Concordo fortemente
[2026-05-12 11:56:30,368][__main__][INFO] - ✓ [google/gemma-3-4b-it] Temp=0.0 Rep=1 → Discordo
[2026-05-12 11:56:30,372][__main__][INFO] - ✓ [google/gemma-3-4b-it] Temp=0.0 Rep=1 → Discordo
[2026-05-12 11:56:30,373][__main__][INFO] - ✓ [google/gemma-3-4b-it] Temp=0.0 Rep=1 → Neutro
[2026-05-12 11:56:30,373][__main__][INFO] - ✓ [google/gemma-3-4b-it] Temp=0.0 Rep=1 → Discordo fortemente
[2026-05-12 11:56:30,374][__main__][INFO] - ✓ [google/gemma-3-4b-it] Temp=0.0 Rep=1 → Concordo
[2026-05-12 11:56:30,399][__main__][INFO] - ✓ [google/gemma-3-4b-it] Temp=0.0 Rep=1 → Discordo fortemente
[2026-05-12 11:56:30,512][__main__][INFO] - ✓ [google/gemma-3-4b-it] Temp=0.0 Rep=1 → Concordo
[2026-05-12 11:56:30,560][__main__][INFO] - ✓ [google/gemma-3-4b-it] Temp=0.0 Rep=1 → Concordo
[2026-05-12 11:56:30,584][__main__][INFO] - ✓ [google/gemma-3-4b-it] Temp=0.0 Rep=1 → Concordo
[2026-05-12 11:56:30,689][__main__][INFO] - ✓ [google/gemma-3-4b-it] Temp=0.0 Rep=1 → Concordo
[2026-05-12 11:56:31,028][__main__][INFO] - ✓ [google/gemma-3-4b-it] Temp=0.0 Rep=1 → Neutro
[2026-05-12 11:56:31,033][__main__][INFO] - ✓ [google/gemma-3-4b-it] Temp=0.0 Rep=1 → Concordo
[2026-05-12 11:56:31,056][__main__][INFO] - ✓ [google/gemma-3-4b-it] Temp=0.0 Rep=1 → Concordo
[2026-05-12 11:56:31,084][__main__][INFO] - ✓ [google/gemma-3-4b-it] Temp=0.0 Rep=1 → Concordo
[2026-05-12 11:56:31,084][__main__][INFO] - ✓ [google/gemma-3-4b-it] Temp=0.0 Rep=1 → Concordo fortemente
[2026-05-12 11:56:31,092][__main__][INFO] - Salvamento incremental (1080 novas respostas)...
[2026-05-12 11:56:31,138][__main__][INFO] - Cache salvo com 235578 entradas
[2026-05-12 11:56:31,138][__main__][INFO] - ✓ [google/gemma-3-4b-it] Temp=0.0 Rep=1 → Concordo fortemente
[2026-05-12 11:56:31,140][__main__][INFO] - ✓ [google/gemma-3-4b-it] Temp=0.0 Rep=1 → Discordo
[2026-05-12 11:56:31,140][__main__][INFO] - ✓ [google/gemma-3-4b-it] Temp=0.0 Rep=1 → Concordo fortemente
[2026-05-12 11:56:31,142][__main__][INFO] - ✓ [google/gemma-3-4b-it] Temp=0.0 Rep=1 → Concordo fortemente
[2026-05-12 11:56:31,415][__main__][INFO] - ✓ [google/gemma-3-4b-it] Temp=0.0 Rep=1 → Concordo
[2026-05-12 11:56:31,420][__main__][INFO] - ✓ [google/gemma-3-4b-it] Temp=0.0 Rep=1 → Discordo fortemente
[2026-05-12 11:56:31,423][__main__][INFO] - ✓ [google/gemma-3-4b-it] Temp=0.0 Rep=1 → Discordo
[2026-05-12 11:56:31,449][__main__][INFO] - ✓ [google/gemma-3-4b-it] Temp=0.0 Rep=1 → Discordo fortemente
[2026-05-12 11:56:31,550][__main__][INFO] - ✓ [google/gemma-3-4b-it] Temp=0.0 Rep=1 → Neutro
[2026-05-12 11:56:31,553][__main__][INFO] - ✓ [google/gemma-3-4b-it] Temp=0.0 Rep=1 → Concordo
[2026-05-12 11:56:31,555][__main__][INFO] - ✓ [google/gemma-3-4b-it] Temp=0.0 Rep=1 → Concordo
[2026-05-12 11:56:31,555][__main__][INFO] - ✓ [google/gemma-3-4b-it] Temp=0.0 Rep=1 → Concordo
[2026-05-12 11:56:31,562][__main__][INFO] - ✓ [google/gemma-3-4b-it] Temp=0.0 Rep=1 → Concordo
[2026-05-12 11:56:31,643][__main__][INFO] - ✓ [google/gemma-3-4b-it] Temp=0.0 Rep=1 → Concordo
[2026-05-12 11:56:31,815][__main__][INFO] - ✓ [google/gemma-3-4b-it] Temp=0.0 Rep=1 → Discordo
[2026-05-12 11:56:31,818][__main__][INFO] - ✓ [google/gemma-3-4b-it] Temp=0.0 Rep=1 → Neutro
[2026-05-12 11:56:31,939][__main__][INFO] - ✓ [google/gemma-3-4b-it] Temp=0.0 Rep=1 → Discordo
[2026-05-12 11:56:31,942][__main__][INFO] - ✓ [google/gemma-3-4b-it] Temp=0.0 Rep=1 → Concordo
[2026-05-12 11:56:31,956][__main__][INFO] - ✓ [google/gemma-3-4b-it] Temp=0.0 Rep=1 → Discordo fortemente
[2026-05-12 11:56:31,958][__main__][INFO] - ✓ [google/gemma-3-4b-it] Temp=0.0 Rep=1 → Discordo
[2026-05-12 11:56:31,965][__main__][INFO] - ✓ [google/gemma-3-4b-it] Temp=0.0 Rep=1 → Discordo fortemente
[2026-05-12 11:56:31,985][__main__][INFO] - ✓ [google/gemma-3-4b-it] Temp=0.0 Rep=1 → Concordo
[2026-05-12 11:56:32,002][__main__][INFO] - ✓ [google/gemma-3-4b-it] Temp=0.0 Rep=1 → Concordo
[2026-05-12 11:56:32,067][__main__][INFO] - ✓ [google/gemma-3-4b-it] Temp=0.0 Rep=1 → Concordo fortemente
[2026-05-12 11:56:32,297][__main__][INFO] - ✓ [google/gemma-3-4b-it] Temp=0.0 Rep=1 → Concordo fortemente
[2026-05-12 11:56:32,298][__main__][INFO] - ✓ [google/gemma-3-4b-it] Temp=0.0 Rep=1 → Concordo fortemente
[2026-05-12 11:56:32,366][__main__][INFO] - ✓ [google/gemma-3-4b-it] Temp=0.0 Rep=1 → Discordo
[2026-05-12 11:56:32,462][__main__][INFO] - ✓ [google/gemma-3-4b-it] Temp=0.0 Rep=1 → Discordo fortemente
[2026-05-12 11:56:32,464][__main__][INFO] - ✓ [google/gemma-3-4b-it] Temp=0.0 Rep=1 → Discordo fortemente
[2026-05-12 11:56:32,464][__main__][INFO] - ✓ [google/gemma-3-4b-it] Temp=0.0 Rep=1 → Discordo fortemente
[2026-05-12 11:56:32,480][__main__][INFO] - ✓ [google/gemma-3-4b-it] Temp=0.0 Rep=1 → Concordo fortemente
[2026-05-12 11:56:32,510][__main__][INFO] - ✓ [google/gemma-3-4b-it] Temp=0.0 Rep=1 → Concordo fortemente
[2026-05-12 11:56:32,512][__main__][INFO] - ✓ [google/gemma-3-4b-it] Temp=0.0 Rep=1 → Discordo
[2026-05-12 11:56:32,556][__main__][INFO] - ✓ [google/gemma-3-4b-it] Temp=0.0 Rep=1 → Concordo fortemente
[2026-05-12 11:56:32,735][__main__][INFO] - ✓ [google/gemma-3-4b-it] Temp=0.0 Rep=1 → Discordo fortemente
[2026-05-12 11:56:32,777][__main__][INFO] - ✓ [google/gemma-3-4b-it] Temp=0.0 Rep=1 → Discordo
[2026-05-12 11:56:32,857][__main__][INFO] - ✓ [google/gemma-3-4b-it] Temp=0.0 Rep=1 → Discordo
[2026-05-12 11:56:32,989][__main__][INFO] - ✓ [google/gemma-3-4b-it] Temp=0.0 Rep=1 → Discordo fortemente
[2026-05-12 11:56:32,995][__main__][INFO] - ✓ [google/gemma-3-4b-it] Temp=0.0 Rep=1 → Discordo fortemente
[2026-05-12 11:56:32,996][__main__][INFO] - ✓ [google/gemma-3-4b-it] Temp=0.0 Rep=1 → Discordo fortemente
[2026-05-12 11:56:32,997][__main__][INFO] - Salvamento incremental (1120 novas respostas)...
[2026-05-12 11:56:33,046][__main__][INFO] - Cache salvo com 235618 entradas
[2026-05-12 11:56:33,046][__main__][INFO] - ✓ [google/gemma-3-4b-it] Temp=0.0 Rep=1 → Discordo fortemente
[2026-05-12 11:56:33,047][__main__][INFO] - ✓ [google/gemma-3-4b-it] Temp=0.0 Rep=1 → Neutro
[2026-05-12 11:56:33,047][__main__][INFO] - ✓ [google/gemma-3-4b-it] Temp=0.0 Rep=1 → Discordo fortemente
[2026-05-12 11:56:33,047][__main__][INFO] - ✓ [google/gemma-3-4b-it] Temp=0.0 Rep=1 → Concordo fortemente
[2026-05-12 11:56:33,108][__main__][INFO] - ✓ [google/gemma-3-4b-it] Temp=0.0 Rep=1 → Discordo fortemente
[2026-05-12 11:56:33,188][__main__][INFO] - ✓ [google/gemma-3-4b-it] Temp=0.0 Rep=1 → Discordo fortemente
[2026-05-12 11:56:33,234][__main__][INFO] - ✓ [google/gemma-3-4b-it] Temp=0.0 Rep=1 → Discordo fortemente
[2026-05-12 11:56:33,515][__main__][INFO] - ✓ [google/gemma-3-4b-it] Temp=0.0 Rep=1 → Discordo
[2026-05-12 11:56:33,546][__main__][INFO] - ✓ [google/gemma-3-4b-it] Temp=0.0 Rep=1 → Discordo fortemente
[2026-05-12 11:56:33,573][__main__][INFO] - ✓ [google/gemma-3-4b-it] Temp=0.0 Rep=1 → Concordo
[2026-05-12 11:56:33,577][__main__][INFO] - ✓ [google/gemma-3-4b-it] Temp=0.0 Rep=1 → Concordo fortemente
[2026-05-12 11:56:33,580][__main__][INFO] - ✓ [google/gemma-3-4b-it] Temp=0.0 Rep=1 → Concordo
[2026-05-12 11:56:33,582][__main__][INFO] - ✓ [google/gemma-3-4b-it] Temp=0.0 Rep=1 → Discordo fortemente
[2026-05-12 11:56:33,588][__main__][INFO] - ✓ [google/gemma-3-4b-it] Temp=0.0 Rep=1 → Discordo fortemente
[2026-05-12 11:56:33,600][__main__][INFO] - ✓ [google/gemma-3-4b-it] Temp=0.0 Rep=1 → Concordo
[2026-05-12 11:56:33,620][__main__][INFO] - ✓ [google/gemma-3-4b-it] Temp=0.0 Rep=1 → Concordo fortemente
[2026-05-12 11:56:33,621][__main__][INFO] - ✓ [google/gemma-3-4b-it] Temp=0.0 Rep=1 → Discordo fortemente
[2026-05-12 11:56:34,036][__main__][INFO] - ✓ [google/gemma-3-4b-it] Temp=0.0 Rep=1 → Discordo fortemente
[2026-05-12 11:56:34,042][__main__][INFO] - ✓ [google/gemma-3-4b-it] Temp=0.0 Rep=1 → Neutro
[2026-05-12 11:56:34,043][__main__][INFO] - ✓ [google/gemma-3-4b-it] Temp=0.0 Rep=1 → Discordo fortemente
[2026-05-12 11:56:34,043][__main__][INFO] - ✓ [google/gemma-3-4b-it] Temp=0.0 Rep=1 → Discordo
[2026-05-12 11:56:34,044][__main__][INFO] - ✓ [google/gemma-3-4b-it] Temp=0.0 Rep=1 → Discordo
[2026-05-12 11:56:34,045][__main__][INFO] - ✓ [google/gemma-3-4b-it] Temp=0.0 Rep=1 → Discordo
[2026-05-12 11:56:34,046][__main__][INFO] - ✓ [google/gemma-3-4b-it] Temp=0.0 Rep=1 → Neutro
[2026-05-12 11:56:34,048][__main__][INFO] - ✓ [google/gemma-3-4b-it] Temp=0.0 Rep=1 → Neutro
[2026-05-12 11:56:34,054][__main__][INFO] - ✓ [google/gemma-3-4b-it] Temp=0.0 Rep=1 → Discordo
[2026-05-12 11:56:34,056][__main__][INFO] - ✓ [google/gemma-3-4b-it] Temp=0.0 Rep=1 → Concordo
[2026-05-12 11:56:34,720][__main__][INFO] - ✓ [google/gemma-3-4b-it] Temp=0.0 Rep=1 → Neutro
[2026-05-12 11:56:34,727][__main__][INFO] - ✓ [google/gemma-3-4b-it] Temp=0.0 Rep=1 → Discordo
[2026-05-12 11:56:34,728][__main__][INFO] - ✓ [google/gemma-3-4b-it] Temp=0.0 Rep=1 → Discordo
[2026-05-12 11:56:34,728][__main__][INFO] - ✓ [google/gemma-3-4b-it] Temp=0.0 Rep=1 → Discordo fortemente
[2026-05-12 11:56:34,729][__main__][INFO] - ✓ [google/gemma-3-4b-it] Temp=0.0 Rep=1 → Discordo
[2026-05-12 11:56:34,730][__main__][INFO] - ✓ [google/gemma-3-4b-it] Temp=0.0 Rep=1 → Discordo fortemente
[2026-05-12 11:56:34,731][__main__][INFO] - ✓ [google/gemma-3-4b-it] Temp=0.0 Rep=1 → Concordo fortemente
[2026-05-12 11:56:34,731][__main__][INFO] - ✓ [google/gemma-3-4b-it] Temp=0.0 Rep=1 → Concordo fortemente
[2026-05-12 11:56:34,732][__main__][INFO] - ✓ [google/gemma-3-4b-it] Temp=0.0 Rep=1 → Concordo fortemente
[2026-05-12 11:56:34,732][__main__][INFO] - ✓ [google/gemma-3-4b-it] Temp=0.0 Rep=1 → Concordo fortemente
[2026-05-12 11:56:35,137][__main__][INFO] - ✓ [google/gemma-3-4b-it] Temp=0.0 Rep=1 → Discordo
[2026-05-12 11:56:35,143][__main__][INFO] - ✓ [google/gemma-3-4b-it] Temp=0.0 Rep=1 → Discordo
[2026-05-12 11:56:35,165][__main__][INFO] - ✓ [google/gemma-3-4b-it] Temp=0.0 Rep=1 → Discordo
[2026-05-12 11:56:35,170][__main__][INFO] - Salvamento incremental (1160 novas respostas)...
[2026-05-12 11:56:35,222][__main__][INFO] - Cache salvo com 235658 entradas
[2026-05-12 11:56:35,222][__main__][INFO] - ✓ [google/gemma-3-4b-it] Temp=0.0 Rep=1 → Concordo
[2026-05-12 11:56:35,225][__main__][INFO] - ✓ [google/gemma-3-4b-it] Temp=0.0 Rep=1 → Discordo
[2026-05-12 11:56:35,225][__main__][INFO] - ✓ [google/gemma-3-4b-it] Temp=0.0 Rep=1 → Concordo fortemente
[2026-05-12 11:56:35,225][__main__][INFO] - ✓ [google/gemma-3-4b-it] Temp=0.0 Rep=1 → Concordo
[2026-05-12 11:56:35,225][__main__][INFO] - ✓ [google/gemma-3-4b-it] Temp=0.0 Rep=1 → Concordo fortemente
[2026-05-12 11:56:35,226][__main__][INFO] - ✓ [google/gemma-3-4b-it] Temp=0.0 Rep=1 → Concordo
[2026-05-12 11:56:35,425][__main__][INFO] - ✓ [google/gemma-3-4b-it] Temp=0.0 Rep=1 → Concordo
[2026-05-12 11:56:35,610][__main__][INFO] - ✓ [google/gemma-3-4b-it] Temp=0.0 Rep=1 → Discordo
[2026-05-12 11:56:35,632][__main__][INFO] - ✓ [google/gemma-3-4b-it] Temp=0.0 Rep=1 → Discordo
[2026-05-12 11:56:35,636][__main__][INFO] - ✓ [google/gemma-3-4b-it] Temp=0.0 Rep=1 → Discordo
[2026-05-12 11:56:35,639][__main__][INFO] - ✓ [google/gemma-3-4b-it] Temp=0.0 Rep=1 → Discordo fortemente
[2026-05-12 11:56:35,639][__main__][INFO] - ✓ [google/gemma-3-4b-it] Temp=0.0 Rep=1 → Concordo fortemente
[2026-05-12 11:56:35,658][__main__][INFO] - ✓ [google/gemma-3-4b-it] Temp=0.0 Rep=1 → Concordo fortemente
[2026-05-12 11:56:35,660][__main__][INFO] - ✓ [google/gemma-3-4b-it] Temp=0.0 Rep=1 → Concordo fortemente
[2026-05-12 11:56:35,662][__main__][INFO] - ✓ [google/gemma-3-4b-it] Temp=0.0 Rep=1 → Concordo fortemente
[2026-05-12 11:56:35,662][__main__][INFO] - ✓ [google/gemma-3-4b-it] Temp=0.0 Rep=1 → Concordo fortemente
[2026-05-12 11:56:35,769][__main__][INFO] - ✓ [google/gemma-3-4b-it] Temp=0.0 Rep=1 → Discordo
[2026-05-12 11:56:36,134][__main__][INFO] - ✓ [google/gemma-3-4b-it] Temp=0.0 Rep=1 → Discordo
[2026-05-12 11:56:36,138][__main__][INFO] - ✓ [google/gemma-3-4b-it] Temp=0.0 Rep=1 → Neutro
[2026-05-12 11:56:36,139][__main__][INFO] - ✓ [google/gemma-3-4b-it] Temp=0.0 Rep=1 → Discordo
[2026-05-12 11:56:36,139][__main__][INFO] - ✓ [google/gemma-3-4b-it] Temp=0.0 Rep=1 → Neutro
[2026-05-12 11:56:36,157][__main__][INFO] - ✓ [google/gemma-3-4b-it] Temp=0.0 Rep=1 → Concordo
[2026-05-12 11:56:36,182][__main__][INFO] - ✓ [google/gemma-3-4b-it] Temp=0.0 Rep=1 → Concordo fortemente
[2026-05-12 11:56:36,185][__main__][INFO] - ✓ [google/gemma-3-4b-it] Temp=0.0 Rep=1 → Concordo
[2026-05-12 11:56:36,186][__main__][INFO] - ✓ [google/gemma-3-4b-it] Temp=0.0 Rep=1 → Concordo
[2026-05-12 11:56:36,221][__main__][INFO] - ✓ [google/gemma-3-4b-it] Temp=0.0 Rep=1 → Concordo fortemente
[2026-05-12 11:56:36,658][__main__][INFO] - ✓ [google/gemma-3-4b-it] Temp=0.0 Rep=1 → Concordo fortemente
[2026-05-12 11:56:36,658][__main__][INFO] - ✓ [google/gemma-3-4b-it] Temp=0.0 Rep=1 → Discordo fortemente
[2026-05-12 11:56:36,678][__main__][INFO] - ✓ [google/gemma-3-4b-it] Temp=0.0 Rep=1 → Discordo
[2026-05-12 11:56:36,679][__main__][INFO] - ✓ [google/gemma-3-4b-it] Temp=0.0 Rep=1 → Concordo fortemente
[2026-05-12 11:56:36,683][__main__][INFO] - ✓ [google/gemma-3-4b-it] Temp=0.0 Rep=1 → Discordo fortemente
[2026-05-12 11:56:36,684][__main__][INFO] - ✓ [google/gemma-3-4b-it] Temp=0.0 Rep=1 → Neutro
[2026-05-12 11:56:36,686][__main__][INFO] - ✓ [google/gemma-3-4b-it] Temp=0.0 Rep=1 → Discordo
[2026-05-12 11:56:36,706][__main__][INFO] - ✓ [google/gemma-3-4b-it] Temp=0.0 Rep=1 → Concordo fortemente
[2026-05-12 11:56:36,708][__main__][INFO] - ✓ [google/gemma-3-4b-it] Temp=0.0 Rep=1 → Concordo fortemente
[2026-05-12 11:56:36,718][__main__][INFO] - ✓ [google/gemma-3-4b-it] Temp=0.0 Rep=1 → Concordo
[2026-05-12 11:56:37,180][__main__][INFO] - ✓ [google/gemma-3-4b-it] Temp=0.0 Rep=1 → Discordo fortemente
[2026-05-12 11:56:37,183][__main__][INFO] - ✓ [google/gemma-3-4b-it] Temp=0.0 Rep=1 → Neutro
[2026-05-12 11:56:37,197][__main__][INFO] - ✓ [google/gemma-3-4b-it] Temp=0.0 Rep=1 → Discordo
[2026-05-12 11:56:37,201][__main__][INFO] - ✓ [google/gemma-3-4b-it] Temp=0.0 Rep=1 → Neutro
[2026-05-12 11:56:37,202][__main__][INFO] - Salvamento incremental (1200 novas respostas)...
[2026-05-12 11:56:37,246][__main__][INFO] - Cache salvo com 235698 entradas
[2026-05-12 11:56:37,246][__main__][INFO] - ✓ [google/gemma-3-4b-it] Temp=0.0 Rep=1 → Discordo
[2026-05-12 11:56:37,250][__main__][INFO] - ✓ [google/gemma-3-4b-it] Temp=0.0 Rep=1 → Concordo fortemente
[2026-05-12 11:56:37,251][__main__][INFO] - ✓ [google/gemma-3-4b-it] Temp=0.0 Rep=1 → Concordo
[2026-05-12 11:56:37,256][__main__][INFO] - ✓ [google/gemma-3-4b-it] Temp=0.0 Rep=1 → Concordo fortemente
[2026-05-12 11:56:37,344][__main__][INFO] - ✓ [google/gemma-3-4b-it] Temp=0.0 Rep=1 → Concordo fortemente
[2026-05-12 11:56:37,400][__main__][INFO] - ✓ [google/gemma-3-4b-it] Temp=0.0 Rep=1 → Concordo fortemente
[2026-05-12 11:56:37,561][__main__][INFO] - ✓ [google/gemma-3-4b-it] Temp=0.0 Rep=1 → Discordo
[2026-05-12 11:56:37,596][__main__][INFO] - ✓ [google/gemma-3-4b-it] Temp=0.0 Rep=1 → Discordo
[2026-05-12 11:56:37,707][__main__][INFO] - ✓ [google/gemma-3-4b-it] Temp=0.0 Rep=1 → Discordo
[2026-05-12 11:56:37,712][__main__][INFO] - ✓ [google/gemma-3-4b-it] Temp=0.0 Rep=1 → Discordo
[2026-05-12 11:56:37,713][__main__][INFO] - ✓ [google/gemma-3-4b-it] Temp=0.0 Rep=1 → Concordo
[2026-05-12 11:56:37,713][__main__][INFO] - ✓ [google/gemma-3-4b-it] Temp=0.0 Rep=1 → Concordo fortemente
[2026-05-12 11:56:37,715][__main__][INFO] - ✓ [google/gemma-3-4b-it] Temp=0.0 Rep=1 → Discordo
[2026-05-12 11:56:37,715][__main__][INFO] - ✓ [google/gemma-3-4b-it] Temp=0.0 Rep=1 → Concordo fortemente
[2026-05-12 11:56:37,796][__main__][INFO] - ✓ [google/gemma-3-4b-it] Temp=0.0 Rep=1 → Discordo
[2026-05-12 11:56:37,800][__main__][INFO] - ✓ [google/gemma-3-4b-it] Temp=0.0 Rep=1 → Concordo fortemente
[2026-05-12 11:56:38,043][__main__][INFO] - ✓ [google/gemma-3-4b-it] Temp=0.0 Rep=1 → Discordo fortemente
[2026-05-12 11:56:38,061][__main__][INFO] - ✓ [google/gemma-3-4b-it] Temp=0.0 Rep=1 → Concordo fortemente
[2026-05-12 11:56:38,263][__main__][INFO] - ✓ [google/gemma-3-4b-it] Temp=0.0 Rep=1 → Discordo
[2026-05-12 11:56:38,267][__main__][INFO] - ✓ [google/gemma-3-4b-it] Temp=0.0 Rep=1 → Concordo
[2026-05-12 11:56:38,271][__main__][INFO] - ✓ [google/gemma-3-4b-it] Temp=0.0 Rep=1 → Concordo fortemente
[2026-05-12 11:56:38,271][__main__][INFO] - ✓ [google/gemma-3-4b-it] Temp=0.0 Rep=1 → Discordo fortemente
[2026-05-12 11:56:38,294][__main__][INFO] - ✓ [google/gemma-3-4b-it] Temp=0.0 Rep=1 → Concordo fortemente
[2026-05-12 11:56:38,297][__main__][INFO] - ✓ [google/gemma-3-4b-it] Temp=0.0 Rep=1 → Concordo fortemente
[2026-05-12 11:56:38,299][__main__][INFO] - ✓ [google/gemma-3-4b-it] Temp=0.0 Rep=1 → Discordo
[2026-05-12 11:56:38,325][__main__][INFO] - ✓ [google/gemma-3-4b-it] Temp=0.0 Rep=1 → Concordo fortemente
[2026-05-12 11:56:38,450][__main__][INFO] - ✓ [google/gemma-3-4b-it] Temp=0.0 Rep=1 → Discordo fortemente
[2026-05-12 11:56:38,475][__main__][INFO] - ✓ [google/gemma-3-4b-it] Temp=0.0 Rep=1 → Discordo
[2026-05-12 11:56:38,754][__main__][INFO] - ✓ [google/gemma-3-4b-it] Temp=0.0 Rep=1 → Discordo fortemente
[2026-05-12 11:56:38,757][__main__][INFO] - ✓ [google/gemma-3-4b-it] Temp=0.0 Rep=1 → Discordo fortemente
[2026-05-12 11:56:38,758][__main__][INFO] - ✓ [google/gemma-3-4b-it] Temp=0.0 Rep=1 → Discordo fortemente
[2026-05-12 11:56:38,790][__main__][INFO] - ✓ [google/gemma-3-4b-it] Temp=0.0 Rep=1 → Discordo fortemente
[2026-05-12 11:56:38,794][__main__][INFO] - ✓ [google/gemma-3-4b-it] Temp=0.0 Rep=1 → Discordo fortemente
[2026-05-12 11:56:38,795][__main__][INFO] - ✓ [google/gemma-3-4b-it] Temp=0.0 Rep=1 → Concordo fortemente
[2026-05-12 11:56:38,801][__main__][INFO] - ✓ [google/gemma-3-4b-it] Temp=0.0 Rep=1 → Concordo fortemente
[2026-05-12 11:56:38,801][__main__][INFO] - ✓ [google/gemma-3-4b-it] Temp=0.0 Rep=1 → Concordo fortemente
[2026-05-12 11:56:38,840][__main__][INFO] - ✓ [google/gemma-3-4b-it] Temp=0.0 Rep=1 → Neutro
[2026-05-12 11:56:39,057][__main__][INFO] - ✓ [google/gemma-3-4b-it] Temp=0.0 Rep=1 → Neutro
[2026-05-12 11:56:39,141][__main__][INFO] - ✓ [google/gemma-3-4b-it] Temp=0.0 Rep=1 → Discordo
[2026-05-12 11:56:39,281][__main__][INFO] - ✓ [google/gemma-3-4b-it] Temp=0.0 Rep=1 → Concordo fortemente
[2026-05-12 11:56:39,286][__main__][INFO] - Salvamento incremental (1240 novas respostas)...
[2026-05-12 11:56:39,333][__main__][INFO] - Cache salvo com 235738 entradas
[2026-05-12 11:56:39,333][__main__][INFO] - ✓ [google/gemma-3-4b-it] Temp=0.0 Rep=1 → Discordo fortemente
[2026-05-12 11:56:39,333][__main__][INFO] - ✓ [google/gemma-3-4b-it] Temp=0.0 Rep=1 → Concordo fortemente
[2026-05-12 11:56:39,333][__main__][INFO] - ✓ [google/gemma-3-4b-it] Temp=0.0 Rep=1 → Concordo fortemente
[2026-05-12 11:56:39,334][__main__][INFO] - ✓ [google/gemma-3-4b-it] Temp=0.0 Rep=1 → Discordo fortemente
[2026-05-12 11:56:39,334][__main__][INFO] - ✓ [google/gemma-3-4b-it] Temp=0.0 Rep=1 → Concordo
[2026-05-12 11:56:39,335][__main__][INFO] - ✓ [google/gemma-3-4b-it] Temp=0.0 Rep=1 → Concordo
[2026-05-12 11:56:39,335][__main__][INFO] - ✓ [google/gemma-3-4b-it] Temp=0.0 Rep=1 → Concordo fortemente
[2026-05-12 11:56:39,419][__main__][INFO] - ✓ [google/gemma-3-4b-it] Temp=0.0 Rep=1 → Discordo
[2026-05-12 11:56:39,520][__main__][INFO] - ✓ [google/gemma-3-4b-it] Temp=0.0 Rep=1 → Concordo
[2026-05-12 11:56:39,804][__main__][INFO] - ✓ [google/gemma-3-4b-it] Temp=0.0 Rep=1 → Discordo
[2026-05-12 11:56:39,811][__main__][INFO] - ✓ [google/gemma-3-4b-it] Temp=0.0 Rep=1 → Discordo
[2026-05-12 11:56:39,812][__main__][INFO] - ✓ [google/gemma-3-4b-it] Temp=0.0 Rep=1 → Discordo
[2026-05-12 11:56:39,813][__main__][INFO] - ✓ [google/gemma-3-4b-it] Temp=0.0 Rep=1 → Discordo
[2026-05-12 11:56:39,814][__main__][INFO] - ✓ [google/gemma-3-4b-it] Temp=0.0 Rep=1 → Discordo
[2026-05-12 11:56:39,815][__main__][INFO] - ✓ [google/gemma-3-4b-it] Temp=0.0 Rep=1 → Concordo fortemente
[2026-05-12 11:56:39,816][__main__][INFO] - ✓ [google/gemma-3-4b-it] Temp=0.0 Rep=1 → Concordo fortemente
[2026-05-12 11:56:39,817][__main__][INFO] - ✓ [google/gemma-3-4b-it] Temp=0.0 Rep=1 → Concordo
[2026-05-12 11:56:39,823][__main__][INFO] - ✓ [google/gemma-3-4b-it] Temp=0.0 Rep=1 → Concordo fortemente
[2026-05-12 11:56:39,901][__main__][INFO] - ✓ [google/gemma-3-4b-it] Temp=0.0 Rep=1 → Concordo fortemente
[2026-05-12 11:56:40,197][__main__][INFO] - ✓ [google/gemma-3-4b-it] Temp=0.0 Rep=1 → Discordo
[2026-05-12 11:56:40,202][__main__][INFO] - ✓ [google/gemma-3-4b-it] Temp=0.0 Rep=1 → Discordo
[2026-05-12 11:56:40,203][__main__][INFO] - ✓ [google/gemma-3-4b-it] Temp=0.0 Rep=1 → Neutro
[2026-05-12 11:56:40,210][__main__][INFO] - ✓ [google/gemma-3-4b-it] Temp=0.0 Rep=1 → Discordo
[2026-05-12 11:56:40,220][__main__][INFO] - ✓ [google/gemma-3-4b-it] Temp=0.0 Rep=1 → Concordo
[2026-05-12 11:56:40,223][__main__][INFO] - ✓ [google/gemma-3-4b-it] Temp=0.0 Rep=1 → Concordo fortemente
[2026-05-12 11:56:40,331][__main__][INFO] - ✓ [google/gemma-3-4b-it] Temp=0.0 Rep=1 → Concordo
[2026-05-12 11:56:40,334][__main__][INFO] - ✓ [google/gemma-3-4b-it] Temp=0.0 Rep=1 → Concordo
[2026-05-12 11:56:40,335][__main__][INFO] - ✓ [google/gemma-3-4b-it] Temp=0.0 Rep=1 → Concordo fortemente
[2026-05-12 11:56:40,350][__main__][INFO] - ✓ [google/gemma-3-4b-it] Temp=0.0 Rep=1 → Concordo fortemente
[2026-05-12 11:56:40,620][__main__][INFO] - ✓ [google/gemma-3-4b-it] Temp=0.0 Rep=1 → Neutro
[2026-05-12 11:56:40,623][__main__][INFO] - ✓ [google/gemma-3-4b-it] Temp=0.0 Rep=1 → Neutro
[2026-05-12 11:56:40,668][__main__][INFO] - ✓ [google/gemma-3-4b-it] Temp=0.0 Rep=1 → Neutro
[2026-05-12 11:56:40,672][__main__][INFO] - ✓ [google/gemma-3-4b-it] Temp=0.0 Rep=1 → Discordo fortemente
[2026-05-12 11:56:40,733][__main__][INFO] - ✓ [google/gemma-3-4b-it] Temp=0.0 Rep=1 → Concordo fortemente
[2026-05-12 11:56:40,857][__main__][INFO] - ✓ [google/gemma-3-4b-it] Temp=0.0 Rep=1 → Discordo
[2026-05-12 11:56:40,857][__main__][INFO] - ✓ [google/gemma-3-4b-it] Temp=0.0 Rep=1 → Concordo
[2026-05-12 11:56:40,858][__main__][INFO] - ✓ [google/gemma-3-4b-it] Temp=0.0 Rep=1 → Concordo fortemente
[2026-05-12 11:56:40,859][__main__][INFO] - ✓ [google/gemma-3-4b-it] Temp=0.0 Rep=1 → Concordo
[2026-05-12 11:56:40,995][__main__][INFO] - ✓ [google/gemma-3-4b-it] Temp=0.0 Rep=1 → Concordo fortemente
[2026-05-12 11:56:41,028][__main__][INFO] - ✓ [google/gemma-3-4b-it] Temp=0.0 Rep=1 → Concordo
[2026-05-12 11:56:41,028][__main__][INFO] - Salvamento incremental (1280 novas respostas)...
[2026-05-12 11:56:41,083][__main__][INFO] - Cache salvo com 235778 entradas
[2026-05-12 11:56:41,083][__main__][INFO] - ✓ [google/gemma-3-4b-it] Temp=0.0 Rep=1 → Concordo fortemente
[2026-05-12 11:56:41,085][__main__][INFO] - ✓ [google/gemma-3-4b-it] Temp=0.0 Rep=1 → Concordo fortemente
[2026-05-12 11:56:41,086][__main__][INFO] - ✓ [google/gemma-3-4b-it] Temp=0.0 Rep=1 → Discordo fortemente
[2026-05-12 11:56:41,115][__main__][INFO] - ✓ [google/gemma-3-4b-it] Temp=0.0 Rep=1 → Discordo
[2026-05-12 11:56:41,265][__main__][INFO] - ✓ [google/gemma-3-4b-it] Temp=0.0 Rep=1 → Concordo
[2026-05-12 11:56:41,270][__main__][INFO] - ✓ [google/gemma-3-4b-it] Temp=0.0 Rep=1 → Concordo
[2026-05-12 11:56:41,283][__main__][INFO] - ✓ [google/gemma-3-4b-it] Temp=0.0 Rep=1 → Concordo fortemente
[2026-05-12 11:56:41,449][__main__][INFO] - ✓ [google/gemma-3-4b-it] Temp=0.0 Rep=1 → Concordo fortemente
[2026-05-12 11:56:41,472][__main__][INFO] - ✓ [google/gemma-3-4b-it] Temp=0.0 Rep=1 → Discordo
[2026-05-12 11:56:41,476][__main__][INFO] - ✓ [google/gemma-3-4b-it] Temp=0.0 Rep=1 → Discordo
[2026-05-12 11:56:41,502][__main__][INFO] - ✓ [google/gemma-3-4b-it] Temp=0.0 Rep=1 → Concordo
[2026-05-12 11:56:41,504][__main__][INFO] - ✓ [google/gemma-3-4b-it] Temp=0.0 Rep=1 → Discordo
[2026-05-12 11:56:41,506][__main__][INFO] - ✓ [google/gemma-3-4b-it] Temp=0.0 Rep=1 → Concordo fortemente
[2026-05-12 11:56:41,527][__main__][INFO] - ✓ [google/gemma-3-4b-it] Temp=0.0 Rep=1 → Concordo
[2026-05-12 11:56:41,618][__main__][INFO] - ✓ [google/gemma-3-4b-it] Temp=0.0 Rep=1 → Discordo
[2026-05-12 11:56:41,644][__main__][INFO] - ✓ [google/gemma-3-4b-it] Temp=0.0 Rep=1 → Concordo fortemente
[2026-05-12 11:56:41,713][__main__][INFO] - ✓ [google/gemma-3-4b-it] Temp=0.0 Rep=1 → Concordo
[2026-05-12 11:56:41,901][__main__][INFO] - ✓ [google/gemma-3-4b-it] Temp=0.0 Rep=1 → Concordo
[2026-05-12 11:56:41,905][__main__][INFO] - ✓ [google/gemma-3-4b-it] Temp=0.0 Rep=1 → Discordo
[2026-05-12 11:56:41,927][__main__][INFO] - ✓ [google/gemma-3-4b-it] Temp=0.0 Rep=1 → Discordo fortemente
[2026-05-12 11:56:41,929][__main__][INFO] - ✓ [google/gemma-3-4b-it] Temp=0.0 Rep=1 → Concordo
[2026-05-12 11:56:41,929][__main__][INFO] - ✓ [google/gemma-3-4b-it] Temp=0.0 Rep=1 → Concordo fortemente
[2026-05-12 11:56:41,933][__main__][INFO] - ✓ [google/gemma-3-4b-it] Temp=0.0 Rep=1 → Concordo fortemente
[2026-05-12 11:56:41,957][__main__][INFO] - ✓ [google/gemma-3-4b-it] Temp=0.0 Rep=1 → Concordo fortemente
[2026-05-12 11:56:42,006][__main__][INFO] - ✓ [google/gemma-3-4b-it] Temp=0.0 Rep=1 → Discordo fortemente
[2026-05-12 11:56:42,026][__main__][INFO] - ✓ [google/gemma-3-4b-it] Temp=0.0 Rep=1 → Concordo fortemente
[2026-05-12 11:56:42,090][__main__][INFO] - ✓ [google/gemma-3-4b-it] Temp=0.0 Rep=1 → Concordo fortemente
[2026-05-12 11:56:42,424][__main__][INFO] - ✓ [google/gemma-3-4b-it] Temp=0.0 Rep=1 → Discordo
[2026-05-12 11:56:42,428][__main__][INFO] - ✓ [google/gemma-3-4b-it] Temp=0.0 Rep=1 → Discordo fortemente
[2026-05-12 11:56:42,428][__main__][INFO] - ✓ [google/gemma-3-4b-it] Temp=0.0 Rep=1 → Discordo fortemente
[2026-05-12 11:56:42,437][__main__][INFO] - ✓ [google/gemma-3-4b-it] Temp=0.0 Rep=1 → Discordo fortemente
[2026-05-12 11:56:42,437][__main__][INFO] - ✓ [google/gemma-3-4b-it] Temp=0.0 Rep=1 → Concordo fortemente
[2026-05-12 11:56:42,438][__main__][INFO] - ✓ [google/gemma-3-4b-it] Temp=0.0 Rep=1 → Concordo fortemente
[2026-05-12 11:56:42,438][__main__][INFO] - ✓ [google/gemma-3-4b-it] Temp=0.0 Rep=1 → Discordo fortemente
[2026-05-12 11:56:42,438][__main__][INFO] - ✓ [google/gemma-3-4b-it] Temp=0.0 Rep=1 → Concordo fortemente
[2026-05-12 11:56:42,439][__main__][INFO] - ✓ [google/gemma-3-4b-it] Temp=0.0 Rep=1 → Concordo fortemente
[2026-05-12 11:56:42,470][__main__][INFO] - ✓ [google/gemma-3-4b-it] Temp=0.0 Rep=1 → Discordo
[2026-05-12 11:56:43,013][__main__][INFO] - ✓ [google/gemma-3-4b-it] Temp=0.0 Rep=1 → Discordo
[2026-05-12 11:56:43,019][__main__][INFO] - ✓ [google/gemma-3-4b-it] Temp=0.0 Rep=1 → Discordo
[2026-05-12 11:56:43,020][__main__][INFO] - ✓ [google/gemma-3-4b-it] Temp=0.0 Rep=1 → Discordo
[2026-05-12 11:56:43,021][__main__][INFO] - Salvamento incremental (1320 novas respostas)...
[2026-05-12 11:56:43,178][__main__][INFO] - Cache salvo com 235818 entradas
[2026-05-12 11:56:43,178][__main__][INFO] - ✓ [google/gemma-3-4b-it] Temp=0.0 Rep=1 → Neutro
[2026-05-12 11:56:43,179][__main__][INFO] - ✓ [google/gemma-3-4b-it] Temp=0.0 Rep=1 → Concordo
[2026-05-12 11:56:43,180][__main__][INFO] - ✓ [google/gemma-3-4b-it] Temp=0.0 Rep=1 → Discordo
[2026-05-12 11:56:43,180][__main__][INFO] - ✓ [google/gemma-3-4b-it] Temp=0.0 Rep=1 → Discordo
[2026-05-12 11:56:43,180][__main__][INFO] - ✓ [google/gemma-3-4b-it] Temp=0.0 Rep=1 → Concordo
[2026-05-12 11:56:43,181][__main__][INFO] - ✓ [google/gemma-3-4b-it] Temp=0.0 Rep=1 → Concordo fortemente
[2026-05-12 11:56:43,181][__main__][INFO] - ✓ [google/gemma-3-4b-it] Temp=0.0 Rep=1 → Concordo
[2026-05-12 11:56:43,833][__main__][INFO] - ✓ [google/gemma-3-4b-it] Temp=0.0 Rep=1 → Discordo
[2026-05-12 11:56:43,839][__main__][INFO] - ✓ [google/gemma-3-4b-it] Temp=0.0 Rep=1 → Concordo fortemente
[2026-05-12 11:56:43,840][__main__][INFO] - ✓ [google/gemma-3-4b-it] Temp=0.0 Rep=1 → Concordo fortemente
[2026-05-12 11:56:43,840][__main__][INFO] - ✓ [google/gemma-3-4b-it] Temp=0.0 Rep=1 → Discordo fortemente
[2026-05-12 11:56:43,841][__main__][INFO] - ✓ [google/gemma-3-4b-it] Temp=0.0 Rep=1 → Concordo fortemente
[2026-05-12 11:56:43,844][__main__][INFO] - ✓ [google/gemma-3-4b-it] Temp=0.0 Rep=1 → Concordo fortemente
[2026-05-12 11:56:43,845][__main__][INFO] - ✓ [google/gemma-3-4b-it] Temp=0.0 Rep=1 → Discordo fortemente
[2026-05-12 11:56:43,845][__main__][INFO] - ✓ [google/gemma-3-4b-it] Temp=0.0 Rep=1 → Concordo fortemente
[2026-05-12 11:56:43,846][__main__][INFO] - ✓ [google/gemma-3-4b-it] Temp=0.0 Rep=1 → Concordo fortemente
[2026-05-12 11:56:43,846][__main__][INFO] - ✓ [google/gemma-3-4b-it] Temp=0.0 Rep=1 → Concordo fortemente
[2026-05-12 11:56:44,346][__main__][INFO] - ✓ [google/gemma-3-4b-it] Temp=0.0 Rep=1 → Discordo
[2026-05-12 11:56:44,351][__main__][INFO] - ✓ [google/gemma-3-4b-it] Temp=0.0 Rep=1 → Neutro
[2026-05-12 11:56:44,352][__main__][INFO] - ✓ [google/gemma-3-4b-it] Temp=0.0 Rep=1 → Concordo
[2026-05-12 11:56:44,353][__main__][INFO] - ✓ [google/gemma-3-4b-it] Temp=0.0 Rep=1 → Discordo fortemente
[2026-05-12 11:56:44,354][__main__][INFO] - ✓ [google/gemma-3-4b-it] Temp=0.0 Rep=1 → Concordo fortemente
[2026-05-12 11:56:44,355][__main__][INFO] - ✓ [google/gemma-3-4b-it] Temp=0.0 Rep=1 → Concordo fortemente
[2026-05-12 11:56:44,356][__main__][INFO] - ✓ [google/gemma-3-4b-it] Temp=0.0 Rep=1 → Discordo fortemente
[2026-05-12 11:56:44,362][__main__][INFO] - ✓ [google/gemma-3-4b-it] Temp=0.0 Rep=1 → Concordo fortemente
[2026-05-12 11:56:44,364][__main__][INFO] - ✓ [google/gemma-3-4b-it] Temp=0.0 Rep=1 → Concordo fortemente
[2026-05-12 11:56:44,379][__main__][INFO] - ✓ [google/gemma-3-4b-it] Temp=0.0 Rep=1 → Concordo
[2026-05-12 11:56:44,751][__main__][INFO] - ✓ [google/gemma-3-4b-it] Temp=0.0 Rep=1 → Discordo
[2026-05-12 11:56:44,773][__main__][INFO] - ✓ [google/gemma-3-4b-it] Temp=0.0 Rep=1 → Discordo
[2026-05-12 11:56:44,778][__main__][INFO] - ✓ [google/gemma-3-4b-it] Temp=0.0 Rep=1 → Discordo fortemente
[2026-05-12 11:56:44,778][__main__][INFO] - ✓ [google/gemma-3-4b-it] Temp=0.0 Rep=1 → Discordo fortemente
[2026-05-12 11:56:44,793][__main__][INFO] - ✓ [google/gemma-3-4b-it] Temp=0.0 Rep=1 → Concordo
[2026-05-12 11:56:44,795][__main__][INFO] - ✓ [google/gemma-3-4b-it] Temp=0.0 Rep=1 → Discordo fortemente
[2026-05-12 11:56:44,796][__main__][INFO] - ✓ [google/gemma-3-4b-it] Temp=0.0 Rep=1 → Concordo fortemente
[2026-05-12 11:56:44,798][__main__][INFO] - ✓ [google/gemma-3-4b-it] Temp=0.0 Rep=1 → Discordo fortemente
[2026-05-12 11:56:44,799][__main__][INFO] - ✓ [google/gemma-3-4b-it] Temp=0.0 Rep=1 → Concordo
[2026-05-12 11:56:44,836][__main__][INFO] - ✓ [google/gemma-3-4b-it] Temp=0.0 Rep=1 → Concordo fortemente
[2026-05-12 11:56:45,369][__main__][INFO] - ✓ [google/gemma-3-4b-it] Temp=0.0 Rep=1 → Discordo
[2026-05-12 11:56:45,369][__main__][INFO] - ✓ [google/gemma-3-4b-it] Temp=0.0 Rep=1 → Neutro
[2026-05-12 11:56:45,370][__main__][INFO] - ✓ [google/gemma-3-4b-it] Temp=0.0 Rep=1 → Concordo
[2026-05-12 11:56:45,378][__main__][INFO] - Salvamento incremental (1360 novas respostas)...
[2026-05-12 11:56:45,425][__main__][INFO] - Cache salvo com 235858 entradas
[2026-05-12 11:56:45,425][__main__][INFO] - ✓ [google/gemma-3-4b-it] Temp=0.0 Rep=1 → Discordo fortemente
[2026-05-12 11:56:45,426][__main__][INFO] - ✓ [google/gemma-3-4b-it] Temp=0.0 Rep=1 → Concordo
[2026-05-12 11:56:45,426][__main__][INFO] - ✓ [google/gemma-3-4b-it] Temp=0.0 Rep=1 → Concordo fortemente
[2026-05-12 11:56:45,426][__main__][INFO] - ✓ [google/gemma-3-4b-it] Temp=0.0 Rep=1 → Concordo fortemente
[2026-05-12 11:56:45,427][__main__][INFO] - ✓ [google/gemma-3-4b-it] Temp=0.0 Rep=1 → Concordo fortemente
[2026-05-12 11:56:45,427][__main__][INFO] - ✓ [google/gemma-3-4b-it] Temp=0.0 Rep=1 → Concordo fortemente
[2026-05-12 11:56:45,432][__main__][INFO] - ✓ [google/gemma-3-4b-it] Temp=0.0 Rep=1 → Concordo fortemente
[2026-05-12 11:56:45,982][__main__][INFO] - ✓ [google/gemma-3-4b-it] Temp=0.0 Rep=1 → Neutro
[2026-05-12 11:56:45,986][__main__][INFO] - ✓ [google/gemma-3-4b-it] Temp=0.0 Rep=1 → Concordo
[2026-05-12 11:56:45,987][__main__][INFO] - ✓ [google/gemma-3-4b-it] Temp=0.0 Rep=1 → Discordo fortemente
[2026-05-12 11:56:45,988][__main__][INFO] - ✓ [google/gemma-3-4b-it] Temp=0.0 Rep=1 → Concordo fortemente
[2026-05-12 11:56:45,989][__main__][INFO] - ✓ [google/gemma-3-4b-it] Temp=0.0 Rep=1 → Discordo fortemente
[2026-05-12 11:56:46,004][__main__][INFO] - ✓ [google/gemma-3-4b-it] Temp=0.0 Rep=1 → Concordo fortemente
[2026-05-12 11:56:46,007][__main__][INFO] - ✓ [google/gemma-3-4b-it] Temp=0.0 Rep=1 → Concordo
[2026-05-12 11:56:46,008][__main__][INFO] - ✓ [google/gemma-3-4b-it] Temp=0.0 Rep=1 → Concordo fortemente
[2026-05-12 11:56:46,095][__main__][INFO] - ✓ [google/gemma-3-4b-it] Temp=0.0 Rep=1 → Concordo fortemente
[2026-05-12 11:56:46,098][__main__][INFO] - ✓ [google/gemma-3-4b-it] Temp=0.0 Rep=1 → Concordo fortemente
[2026-05-12 11:56:46,427][__main__][INFO] - ✓ [google/gemma-3-4b-it] Temp=0.0 Rep=1 → Discordo fortemente
[2026-05-12 11:56:46,430][__main__][INFO] - ✓ [google/gemma-3-4b-it] Temp=0.0 Rep=1 → Discordo fortemente
[2026-05-12 11:56:46,433][__main__][INFO] - ✓ [google/gemma-3-4b-it] Temp=0.0 Rep=1 → Concordo
[2026-05-12 11:56:46,433][__main__][INFO] - ✓ [google/gemma-3-4b-it] Temp=0.0 Rep=1 → Discordo fortemente
[2026-05-12 11:56:46,474][__main__][INFO] - ✓ [google/gemma-3-4b-it] Temp=0.0 Rep=1 → Discordo
[2026-05-12 11:56:46,493][__main__][INFO] - ✓ [google/gemma-3-4b-it] Temp=0.0 Rep=1 → Discordo fortemente
[2026-05-12 11:56:46,495][__main__][INFO] - ✓ [google/gemma-3-4b-it] Temp=0.0 Rep=1 → Concordo fortemente
[2026-05-12 11:56:46,513][__main__][INFO] - ✓ [google/gemma-3-4b-it] Temp=0.0 Rep=1 → Concordo
[2026-05-12 11:56:46,516][__main__][INFO] - ✓ [google/gemma-3-4b-it] Temp=0.0 Rep=1 → Concordo fortemente
[2026-05-12 11:56:46,662][__main__][INFO] - ✓ [google/gemma-3-4b-it] Temp=0.0 Rep=1 → Concordo fortemente
[2026-05-12 11:56:46,870][__main__][INFO] - ✓ [google/gemma-3-4b-it] Temp=0.0 Rep=1 → Concordo
[2026-05-12 11:56:46,874][__main__][INFO] - ✓ [google/gemma-3-4b-it] Temp=0.0 Rep=1 → Discordo
[2026-05-12 11:56:46,877][__main__][INFO] - ✓ [google/gemma-3-4b-it] Temp=0.0 Rep=1 → Concordo fortemente
[2026-05-12 11:56:46,882][__main__][INFO] - ✓ [google/gemma-3-4b-it] Temp=0.0 Rep=1 → Discordo
[2026-05-12 11:56:46,898][__main__][INFO] - ✓ [google/gemma-3-4b-it] Temp=0.0 Rep=1 → Concordo fortemente
[2026-05-12 11:56:46,901][__main__][INFO] - ✓ [google/gemma-3-4b-it] Temp=0.0 Rep=1 → Concordo fortemente
[2026-05-12 11:56:46,902][__main__][INFO] - ✓ [google/gemma-3-4b-it] Temp=0.0 Rep=1 → Concordo fortemente
[2026-05-12 11:56:46,914][__main__][INFO] - ✓ [google/gemma-3-4b-it] Temp=0.0 Rep=1 → Concordo fortemente
[2026-05-12 11:56:46,917][__main__][INFO] - ✓ [google/gemma-3-4b-it] Temp=0.0 Rep=1 → Concordo fortemente
[2026-05-12 11:56:47,145][__main__][INFO] - ✓ [google/gemma-3-4b-it] Temp=0.0 Rep=1 → Concordo fortemente
[2026-05-12 11:56:47,411][__main__][INFO] - ✓ [google/gemma-3-4b-it] Temp=0.0 Rep=1 → Discordo
[2026-05-12 11:56:47,414][__main__][INFO] - ✓ [google/gemma-3-4b-it] Temp=0.0 Rep=1 → Discordo
[2026-05-12 11:56:47,543][__main__][INFO] - ✓ [google/gemma-3-4b-it] Temp=0.0 Rep=1 → Discordo fortemente
[2026-05-12 11:56:47,546][__main__][INFO] - Salvamento incremental (1400 novas respostas)...
[2026-05-12 11:56:47,598][__main__][INFO] - Cache salvo com 235898 entradas
[2026-05-12 11:56:47,598][__main__][INFO] - ✓ [google/gemma-3-4b-it] Temp=0.0 Rep=1 → Concordo fortemente
[2026-05-12 11:56:47,670][__main__][INFO] - ✓ [google/gemma-3-4b-it] Temp=0.0 Rep=1 → Concordo fortemente
[2026-05-12 11:56:47,671][__main__][INFO] - ✓ [google/gemma-3-4b-it] Temp=0.0 Rep=1 → Concordo fortemente
[2026-05-12 11:56:47,672][__main__][INFO] - ✓ [google/gemma-3-4b-it] Temp=0.0 Rep=1 → Concordo fortemente
[2026-05-12 11:56:47,673][__main__][INFO] - ✓ [google/gemma-3-4b-it] Temp=0.0 Rep=1 → Concordo fortemente
[2026-05-12 11:56:47,673][__main__][INFO] - ✓ [google/gemma-3-4b-it] Temp=0.0 Rep=1 → Concordo fortemente
[2026-05-12 11:56:47,673][__main__][INFO] - ✓ [google/gemma-3-4b-it] Temp=0.0 Rep=1 → Discordo fortemente
[2026-05-12 11:56:47,832][__main__][INFO] - ✓ [google/gemma-3-4b-it] Temp=0.0 Rep=1 → Concordo fortemente
[2026-05-12 11:56:47,854][__main__][INFO] - ✓ [google/gemma-3-4b-it] Temp=0.0 Rep=1 → Concordo fortemente
[2026-05-12 11:56:48,050][__main__][INFO] - ✓ [google/gemma-3-4b-it] Temp=0.0 Rep=1 → Discordo
[2026-05-12 11:56:48,069][__main__][INFO] - ✓ [google/gemma-3-4b-it] Temp=0.0 Rep=1 → Discordo
[2026-05-12 11:56:48,077][__main__][INFO] - ✓ [google/gemma-3-4b-it] Temp=0.0 Rep=1 → Discordo
[2026-05-12 11:56:48,082][__main__][INFO] - ✓ [google/gemma-3-4b-it] Temp=0.0 Rep=1 → Concordo
[2026-05-12 11:56:48,083][__main__][INFO] - ✓ [google/gemma-3-4b-it] Temp=0.0 Rep=1 → Concordo
[2026-05-12 11:56:48,103][__main__][INFO] - ✓ [google/gemma-3-4b-it] Temp=0.0 Rep=1 → Concordo fortemente
[2026-05-12 11:56:48,104][__main__][INFO] - ✓ [google/gemma-3-4b-it] Temp=0.0 Rep=1 → Concordo fortemente
[2026-05-12 11:56:48,193][__main__][INFO] - ✓ [google/gemma-3-4b-it] Temp=0.0 Rep=1 → Concordo
[2026-05-12 11:56:48,197][__main__][INFO] - ✓ [google/gemma-3-4b-it] Temp=0.0 Rep=1 → Discordo
[2026-05-12 11:56:48,255][__main__][INFO] - ✓ [google/gemma-3-4b-it] Temp=0.0 Rep=1 → Concordo fortemente
[2026-05-12 11:56:48,432][__main__][INFO] - ✓ [google/gemma-3-4b-it] Temp=0.0 Rep=1 → Discordo
[2026-05-12 11:56:48,457][__main__][INFO] - ✓ [google/gemma-3-4b-it] Temp=0.0 Rep=1 → Discordo
[2026-05-12 11:56:48,480][__main__][INFO] - ✓ [google/gemma-3-4b-it] Temp=0.0 Rep=1 → Concordo fortemente
[2026-05-12 11:56:48,484][__main__][INFO] - ✓ [google/gemma-3-4b-it] Temp=0.0 Rep=1 → Discordo
[2026-05-12 11:56:48,491][__main__][INFO] - ✓ [google/gemma-3-4b-it] Temp=0.0 Rep=1 → Concordo
[2026-05-12 11:56:48,573][__main__][INFO] - ✓ [google/gemma-3-4b-it] Temp=0.0 Rep=1 → Discordo
[2026-05-12 11:56:48,601][__main__][INFO] - ✓ [google/gemma-3-4b-it] Temp=0.0 Rep=1 → Concordo fortemente
[2026-05-12 11:56:48,604][__main__][INFO] - ✓ [google/gemma-3-4b-it] Temp=0.0 Rep=1 → Concordo fortemente
[2026-05-12 11:56:48,608][__main__][INFO] - ✓ [google/gemma-3-4b-it] Temp=0.0 Rep=1 → Discordo
[2026-05-12 11:56:48,718][__main__][INFO] - ✓ [google/gemma-3-4b-it] Temp=0.0 Rep=1 → Concordo
[2026-05-12 11:56:48,808][__main__][INFO] - ✓ [google/gemma-3-4b-it] Temp=0.0 Rep=1 → Discordo
[2026-05-12 11:56:48,889][__main__][INFO] - ✓ [google/gemma-3-4b-it] Temp=0.0 Rep=1 → Discordo
[2026-05-12 11:56:48,969][__main__][INFO] - ✓ [google/gemma-3-4b-it] Temp=0.0 Rep=1 → Concordo fortemente
[2026-05-12 11:56:48,986][__main__][INFO] - ✓ [google/gemma-3-4b-it] Temp=0.0 Rep=1 → Concordo fortemente
[2026-05-12 11:56:48,999][__main__][INFO] - ✓ [google/gemma-3-4b-it] Temp=0.0 Rep=1 → Concordo fortemente
[2026-05-12 11:56:49,015][__main__][INFO] - ✓ [google/gemma-3-4b-it] Temp=0.0 Rep=1 → Neutro
[2026-05-12 11:56:49,037][__main__][INFO] - ✓ [google/gemma-3-4b-it] Temp=0.0 Rep=1 → Concordo
[2026-05-12 11:56:49,053][__main__][INFO] - ✓ [google/gemma-3-4b-it] Temp=0.0 Rep=1 → Concordo fortemente
[2026-05-12 11:56:49,107][__main__][INFO] - ✓ [google/gemma-3-4b-it] Temp=0.0 Rep=1 → Concordo fortemente
[2026-05-12 11:56:49,244][__main__][INFO] - ✓ [google/gemma-3-4b-it] Temp=0.0 Rep=1 → Discordo fortemente
[2026-05-12 11:56:49,298][__main__][INFO] - ✓ [google/gemma-3-4b-it] Temp=0.0 Rep=1 → Concordo fortemente
[2026-05-12 11:56:49,313][__main__][INFO] - Salvamento incremental (1440 novas respostas)...
[2026-05-12 11:56:49,372][__main__][INFO] - Cache salvo com 235938 entradas
[2026-05-12 11:56:49,373][__main__][INFO] - ✓ [google/gemma-3-4b-it] Temp=0.0 Rep=1 → Concordo fortemente
[2026-05-12 11:56:49,445][__main__][INFO] - ✓ [google/gemma-3-4b-it] Temp=0.0 Rep=1 → Discordo fortemente
[2026-05-12 11:56:49,467][__main__][INFO] - ✓ [google/gemma-3-4b-it] Temp=0.0 Rep=1 → Discordo fortemente
[2026-05-12 11:56:49,490][__main__][INFO] - ✓ [google/gemma-3-4b-it] Temp=0.0 Rep=1 → Concordo fortemente
[2026-05-12 11:56:49,491][__main__][INFO] - ✓ [google/gemma-3-4b-it] Temp=0.0 Rep=1 → Concordo fortemente
[2026-05-12 11:56:49,511][__main__][INFO] - ✓ [google/gemma-3-4b-it] Temp=0.0 Rep=1 → Concordo fortemente
[2026-05-12 11:56:49,541][__main__][INFO] - ✓ [google/gemma-3-4b-it] Temp=0.0 Rep=1 → Concordo fortemente
[2026-05-12 11:56:49,543][__main__][INFO] - ✓ [google/gemma-3-4b-it] Temp=0.0 Rep=1 → Concordo fortemente
[2026-05-12 11:56:49,637][__main__][INFO] - ✓ [google/gemma-3-4b-it] Temp=0.0 Rep=1 → Concordo fortemente
[2026-05-12 11:56:49,767][__main__][INFO] - ✓ [google/gemma-3-4b-it] Temp=0.0 Rep=1 → Discordo fortemente
[2026-05-12 11:56:49,774][__main__][INFO] - ✓ [google/gemma-3-4b-it] Temp=0.0 Rep=1 → Concordo fortemente
[2026-05-12 11:56:49,959][__main__][INFO] - ✓ [google/gemma-3-4b-it] Temp=0.0 Rep=1 → Concordo fortemente
[2026-05-12 11:56:49,963][__main__][INFO] - ✓ [google/gemma-3-4b-it] Temp=0.0 Rep=1 → Discordo
[2026-05-12 11:56:50,008][__main__][INFO] - ✓ [google/gemma-3-4b-it] Temp=0.0 Rep=1 → Discordo fortemente
[2026-05-12 11:56:50,012][__main__][INFO] - ✓ [google/gemma-3-4b-it] Temp=0.0 Rep=1 → Discordo
[2026-05-12 11:56:50,025][__main__][INFO] - ✓ [google/gemma-3-4b-it] Temp=0.0 Rep=1 → Concordo fortemente
[2026-05-12 11:56:50,027][__main__][INFO] - ✓ [google/gemma-3-4b-it] Temp=0.0 Rep=1 → Concordo fortemente
[2026-05-12 11:56:50,028][__main__][INFO] - ✓ [google/gemma-3-4b-it] Temp=0.0 Rep=1 → Concordo
[2026-05-12 11:56:50,047][__main__][INFO] - ✓ [google/gemma-3-4b-it] Temp=0.0 Rep=1 → Concordo fortemente
[2026-05-12 11:56:50,165][__main__][INFO] - ✓ [google/gemma-3-4b-it] Temp=0.0 Rep=1 → Concordo fortemente
[2026-05-12 11:56:50,168][__main__][INFO] - ✓ [google/gemma-3-4b-it] Temp=0.0 Rep=1 → Concordo fortemente
[2026-05-12 11:56:50,580][__main__][INFO] - ✓ [google/gemma-3-4b-it] Temp=0.0 Rep=1 → Discordo
[2026-05-12 11:56:50,583][__main__][INFO] - ✓ [google/gemma-3-4b-it] Temp=0.0 Rep=1 → Discordo
[2026-05-12 11:56:50,586][__main__][INFO] - ✓ [google/gemma-3-4b-it] Temp=0.0 Rep=1 → Discordo
[2026-05-12 11:56:50,590][__main__][INFO] - ✓ [google/gemma-3-4b-it] Temp=0.0 Rep=1 → Discordo fortemente
[2026-05-12 11:56:50,602][__main__][INFO] - ✓ [google/gemma-3-4b-it] Temp=0.0 Rep=1 → Discordo
[2026-05-12 11:56:50,624][__main__][INFO] - ✓ [google/gemma-3-4b-it] Temp=0.0 Rep=1 → Concordo fortemente
[2026-05-12 11:56:50,624][__main__][INFO] - ✓ [google/gemma-3-4b-it] Temp=0.0 Rep=1 → Concordo fortemente
[2026-05-12 11:56:50,628][__main__][INFO] - ✓ [google/gemma-3-4b-it] Temp=0.0 Rep=1 → Concordo
[2026-05-12 11:56:50,629][__main__][INFO] - ✓ [google/gemma-3-4b-it] Temp=0.0 Rep=1 → Concordo
[2026-05-12 11:56:50,630][__main__][INFO] - ✓ [google/gemma-3-4b-it] Temp=0.0 Rep=1 → Concordo fortemente
[2026-05-12 11:56:51,342][__main__][INFO] - ✓ [google/gemma-3-4b-it] Temp=0.0 Rep=1 → Discordo
[2026-05-12 11:56:51,347][__main__][INFO] - ✓ [google/gemma-3-4b-it] Temp=0.0 Rep=1 → Discordo
[2026-05-12 11:56:51,348][__main__][INFO] - ✓ [google/gemma-3-4b-it] Temp=0.0 Rep=1 → Discordo fortemente
[2026-05-12 11:56:51,349][__main__][INFO] - ✓ [google/gemma-3-4b-it] Temp=0.0 Rep=1 → Discordo fortemente
[2026-05-12 11:56:51,349][__main__][INFO] - ✓ [google/gemma-3-4b-it] Temp=0.0 Rep=1 → Discordo fortemente
[2026-05-12 11:56:51,350][__main__][INFO] - ✓ [google/gemma-3-4b-it] Temp=0.0 Rep=1 → Discordo fortemente
[2026-05-12 11:56:51,351][__main__][INFO] - ✓ [google/gemma-3-4b-it] Temp=0.0 Rep=1 → Concordo fortemente
[2026-05-12 11:56:51,352][__main__][INFO] - ✓ [google/gemma-3-4b-it] Temp=0.0 Rep=1 → Concordo fortemente
[2026-05-12 11:56:51,353][__main__][INFO] - ✓ [google/gemma-3-4b-it] Temp=0.0 Rep=1 → Concordo fortemente
[2026-05-12 11:56:51,407][__main__][INFO] - Salvamento incremental (1480 novas respostas)...
[2026-05-12 11:56:51,455][__main__][INFO] - Cache salvo com 235978 entradas
[2026-05-12 11:56:51,455][__main__][INFO] - ✓ [google/gemma-3-4b-it] Temp=0.0 Rep=1 → Concordo fortemente
[2026-05-12 11:56:51,863][__main__][INFO] - ✓ [google/gemma-3-4b-it] Temp=0.0 Rep=1 → Discordo fortemente
[2026-05-12 11:56:51,865][__main__][INFO] - ✓ [google/gemma-3-4b-it] Temp=0.0 Rep=1 → Discordo fortemente
[2026-05-12 11:56:51,865][__main__][INFO] - ✓ [google/gemma-3-4b-it] Temp=0.0 Rep=1 → Concordo
[2026-05-12 11:56:51,865][__main__][INFO] - ✓ [google/gemma-3-4b-it] Temp=0.0 Rep=1 → Discordo fortemente
[2026-05-12 11:56:51,865][__main__][INFO] - ✓ [google/gemma-3-4b-it] Temp=0.0 Rep=1 → Concordo fortemente
[2026-05-12 11:56:51,873][__main__][INFO] - ✓ [google/gemma-3-4b-it] Temp=0.0 Rep=1 → Discordo fortemente
[2026-05-12 11:56:51,880][__main__][INFO] - ✓ [google/gemma-3-4b-it] Temp=0.0 Rep=1 → Discordo fortemente
[2026-05-12 11:56:51,882][__main__][INFO] - ✓ [google/gemma-3-4b-it] Temp=0.0 Rep=1 → Concordo fortemente
[2026-05-12 11:56:51,882][__main__][INFO] - ✓ [google/gemma-3-4b-it] Temp=0.0 Rep=1 → Concordo fortemente
[2026-05-12 11:56:51,900][__main__][INFO] - ✓ [google/gemma-3-4b-it] Temp=0.0 Rep=1 → Concordo fortemente
[2026-05-12 11:56:52,277][__main__][INFO] - ✓ [google/gemma-3-4b-it] Temp=0.0 Rep=1 → Discordo
[2026-05-12 11:56:52,388][__main__][INFO] - ✓ [google/gemma-3-4b-it] Temp=0.0 Rep=1 → Discordo fortemente
[2026-05-12 11:56:52,391][__main__][INFO] - ✓ [google/gemma-3-4b-it] Temp=0.0 Rep=1 → Discordo fortemente
[2026-05-12 11:56:52,401][__main__][INFO] - ✓ [google/gemma-3-4b-it] Temp=0.0 Rep=1 → Concordo
[2026-05-12 11:56:52,402][__main__][INFO] - ✓ [google/gemma-3-4b-it] Temp=0.0 Rep=1 → Concordo fortemente
[2026-05-12 11:56:52,404][__main__][INFO] - ✓ [google/gemma-3-4b-it] Temp=0.0 Rep=1 → Concordo
[2026-05-12 11:56:52,410][__main__][INFO] - ✓ [google/gemma-3-4b-it] Temp=0.0 Rep=1 → Discordo fortemente
[2026-05-12 11:56:52,420][__main__][INFO] - ✓ [google/gemma-3-4b-it] Temp=0.0 Rep=1 → Concordo fortemente
[2026-05-12 11:56:52,422][__main__][INFO] - ✓ [google/gemma-3-4b-it] Temp=0.0 Rep=1 → Concordo fortemente
[2026-05-12 11:56:52,428][__main__][INFO] - ✓ [google/gemma-3-4b-it] Temp=0.0 Rep=1 → Concordo fortemente
[2026-05-12 11:56:52,640][__main__][INFO] - ✓ [google/gemma-3-4b-it] Temp=0.0 Rep=1 → Concordo fortemente
[2026-05-12 11:56:52,913][__main__][INFO] - ✓ [google/gemma-3-4b-it] Temp=0.0 Rep=1 → Discordo
[2026-05-12 11:56:52,918][__main__][INFO] - ✓ [google/gemma-3-4b-it] Temp=0.0 Rep=1 → Discordo
[2026-05-12 11:56:52,918][__main__][INFO] - ✓ [google/gemma-3-4b-it] Temp=0.0 Rep=1 → Discordo fortemente
[2026-05-12 11:56:52,919][__main__][INFO] - ✓ [google/gemma-3-4b-it] Temp=0.0 Rep=1 → Discordo fortemente
[2026-05-12 11:56:52,920][__main__][INFO] - ✓ [google/gemma-3-4b-it] Temp=0.0 Rep=1 → Concordo fortemente
[2026-05-12 11:56:52,928][__main__][INFO] - ✓ [google/gemma-3-4b-it] Temp=0.0 Rep=1 → Concordo fortemente
[2026-05-12 11:56:52,930][__main__][INFO] - ✓ [google/gemma-3-4b-it] Temp=0.0 Rep=1 → Discordo fortemente
[2026-05-12 11:56:52,965][__main__][INFO] - ✓ [google/gemma-3-4b-it] Temp=0.0 Rep=1 → Concordo fortemente
[2026-05-12 11:56:52,968][__main__][INFO] - ✓ [google/gemma-3-4b-it] Temp=0.0 Rep=1 → Concordo fortemente
[2026-05-12 11:56:53,027][__main__][INFO] - ✓ [google/gemma-3-4b-it] Temp=0.0 Rep=1 → Discordo fortemente
[2026-05-12 11:56:53,438][__main__][INFO] - ✓ [google/gemma-3-4b-it] Temp=0.0 Rep=1 → Discordo fortemente
[2026-05-12 11:56:53,439][__main__][INFO] - ✓ [google/gemma-3-4b-it] Temp=0.0 Rep=1 → Discordo fortemente
[2026-05-12 11:56:53,445][__main__][INFO] - ✓ [google/gemma-3-4b-it] Temp=0.0 Rep=1 → Discordo fortemente
[2026-05-12 11:56:53,446][__main__][INFO] - ✓ [google/gemma-3-4b-it] Temp=0.0 Rep=1 → Discordo fortemente
[2026-05-12 11:56:53,447][__main__][INFO] - ✓ [google/gemma-3-4b-it] Temp=0.0 Rep=1 → Concordo fortemente
[2026-05-12 11:56:53,448][__main__][INFO] - ✓ [google/gemma-3-4b-it] Temp=0.0 Rep=1 → Discordo fortemente
[2026-05-12 11:56:53,449][__main__][INFO] - ✓ [google/gemma-3-4b-it] Temp=0.0 Rep=1 → Concordo fortemente
[2026-05-12 11:56:53,450][__main__][INFO] - ✓ [google/gemma-3-4b-it] Temp=0.0 Rep=1 → Discordo
[2026-05-12 11:56:53,450][__main__][INFO] - Salvamento incremental (1520 novas respostas)...
[2026-05-12 11:56:53,494][__main__][INFO] - Cache salvo com 236018 entradas
[2026-05-12 11:56:53,494][__main__][INFO] - ✓ [google/gemma-3-4b-it] Temp=0.0 Rep=1 → Concordo fortemente
[2026-05-12 11:56:53,495][__main__][INFO] - ✓ [google/gemma-3-4b-it] Temp=0.0 Rep=1 → Concordo fortemente
[2026-05-12 11:56:53,960][__main__][INFO] - ✓ [google/gemma-3-4b-it] Temp=0.0 Rep=1 → Discordo
[2026-05-12 11:56:53,998][__main__][INFO] - ✓ [google/gemma-3-4b-it] Temp=0.0 Rep=1 → Concordo fortemente
[2026-05-12 11:56:53,999][__main__][INFO] - ✓ [google/gemma-3-4b-it] Temp=0.0 Rep=1 → Concordo fortemente
[2026-05-12 11:56:54,004][__main__][INFO] - ✓ [google/gemma-3-4b-it] Temp=0.0 Rep=1 → Concordo fortemente
[2026-05-12 11:56:54,007][__main__][INFO] - ✓ [google/gemma-3-4b-it] Temp=0.0 Rep=1 → Discordo fortemente
[2026-05-12 11:56:54,019][__main__][INFO] - ✓ [google/gemma-3-4b-it] Temp=0.0 Rep=1 → Discordo
[2026-05-12 11:56:54,021][__main__][INFO] - ✓ [google/gemma-3-4b-it] Temp=0.0 Rep=1 → Concordo fortemente
[2026-05-12 11:56:54,021][__main__][INFO] - ✓ [google/gemma-3-4b-it] Temp=0.0 Rep=1 → Concordo fortemente
[2026-05-12 11:56:54,026][__main__][INFO] - ✓ [google/gemma-3-4b-it] Temp=0.0 Rep=1 → Concordo fortemente
[2026-05-12 11:56:54,045][__main__][INFO] - ✓ [google/gemma-3-4b-it] Temp=0.0 Rep=1 → Concordo fortemente
[2026-05-12 11:56:54,484][__main__][INFO] - ✓ [google/gemma-3-4b-it] Temp=0.0 Rep=1 → Discordo
[2026-05-12 11:56:54,489][__main__][INFO] - ✓ [google/gemma-3-4b-it] Temp=0.0 Rep=1 → Discordo
[2026-05-12 11:56:54,490][__main__][INFO] - ✓ [google/gemma-3-4b-it] Temp=0.0 Rep=1 → Discordo
[2026-05-12 11:56:54,491][__main__][INFO] - ✓ [google/gemma-3-4b-it] Temp=0.0 Rep=1 → Concordo fortemente
[2026-05-12 11:56:54,492][__main__][INFO] - ✓ [google/gemma-3-4b-it] Temp=0.0 Rep=1 → Concordo
[2026-05-12 11:56:54,493][__main__][INFO] - ✓ [google/gemma-3-4b-it] Temp=0.0 Rep=1 → Concordo fortemente
[2026-05-12 11:56:54,500][__main__][INFO] - ✓ [google/gemma-3-4b-it] Temp=0.0 Rep=1 → Concordo fortemente
[2026-05-12 11:56:54,501][__main__][INFO] - ✓ [google/gemma-3-4b-it] Temp=0.0 Rep=1 → Concordo fortemente
[2026-05-12 11:56:54,501][__main__][INFO] - ✓ [google/gemma-3-4b-it] Temp=0.0 Rep=1 → Concordo fortemente
[2026-05-12 11:56:54,501][__main__][INFO] - ✓ [google/gemma-3-4b-it] Temp=0.0 Rep=1 → Discordo fortemente
[2026-05-12 11:56:55,097][__main__][INFO] - ✓ [google/gemma-3-4b-it] Temp=0.0 Rep=1 → Neutro
[2026-05-12 11:56:55,103][__main__][INFO] - ✓ [google/gemma-3-4b-it] Temp=0.0 Rep=1 → Discordo fortemente
[2026-05-12 11:56:55,104][__main__][INFO] - ✓ [google/gemma-3-4b-it] Temp=0.0 Rep=1 → Concordo fortemente
[2026-05-12 11:56:55,105][__main__][INFO] - ✓ [google/gemma-3-4b-it] Temp=0.0 Rep=1 → Concordo fortemente
[2026-05-12 11:56:55,105][__main__][INFO] - ✓ [google/gemma-3-4b-it] Temp=0.0 Rep=1 → Concordo fortemente
[2026-05-12 11:56:55,106][__main__][INFO] - ✓ [google/gemma-3-4b-it] Temp=0.0 Rep=1 → Concordo fortemente
[2026-05-12 11:56:55,108][__main__][INFO] - ✓ [google/gemma-3-4b-it] Temp=0.0 Rep=1 → Concordo fortemente
[2026-05-12 11:56:55,109][__main__][INFO] - ✓ [google/gemma-3-4b-it] Temp=0.0 Rep=1 → Concordo fortemente
[2026-05-12 11:56:55,300][__main__][INFO] - ✓ [google/gemma-3-4b-it] Temp=0.0 Rep=1 → Concordo fortemente
[2026-05-12 11:56:55,379][__main__][INFO] - ✓ [google/gemma-3-4b-it] Temp=0.0 Rep=1 → Concordo
[2026-05-12 11:56:55,536][__main__][INFO] - ✓ [google/gemma-3-4b-it] Temp=0.0 Rep=1 → Discordo fortemente
[2026-05-12 11:56:55,541][__main__][INFO] - ✓ [google/gemma-3-4b-it] Temp=0.0 Rep=1 → Discordo fortemente
[2026-05-12 11:56:55,541][__main__][INFO] - ✓ [google/gemma-3-4b-it] Temp=0.0 Rep=1 → Discordo
[2026-05-12 11:56:55,543][__main__][INFO] - ✓ [google/gemma-3-4b-it] Temp=0.0 Rep=1 → Discordo fortemente
[2026-05-12 11:56:55,544][__main__][INFO] - ✓ [google/gemma-3-4b-it] Temp=0.0 Rep=1 → Concordo fortemente
[2026-05-12 11:56:55,546][__main__][INFO] - ✓ [google/gemma-3-4b-it] Temp=0.0 Rep=1 → Concordo fortemente
[2026-05-12 11:56:55,547][__main__][INFO] - ✓ [google/gemma-3-4b-it] Temp=0.0 Rep=1 → Concordo fortemente
[2026-05-12 11:56:55,553][__main__][INFO] - ✓ [google/gemma-3-4b-it] Temp=0.0 Rep=1 → Concordo fortemente
[2026-05-12 11:56:55,759][__main__][INFO] - Salvamento incremental (1560 novas respostas)...
[2026-05-12 11:56:55,812][__main__][INFO] - Cache salvo com 236058 entradas
[2026-05-12 11:56:55,813][__main__][INFO] - ✓ [google/gemma-3-4b-it] Temp=0.0 Rep=1 → Concordo fortemente
[2026-05-12 11:56:55,928][__main__][INFO] - ✓ [google/gemma-3-4b-it] Temp=0.0 Rep=1 → Discordo
[2026-05-12 11:56:55,930][__main__][INFO] - ✓ [google/gemma-3-4b-it] Temp=0.0 Rep=1 → Discordo fortemente
[2026-05-12 11:56:55,931][__main__][INFO] - ✓ [google/gemma-3-4b-it] Temp=0.0 Rep=1 → Discordo
[2026-05-12 11:56:55,949][__main__][INFO] - ✓ [google/gemma-3-4b-it] Temp=0.0 Rep=1 → Neutro
[2026-05-12 11:56:55,951][__main__][INFO] - ✓ [google/gemma-3-4b-it] Temp=0.0 Rep=1 → Neutro
[2026-05-12 11:56:55,966][__main__][INFO] - ✓ [google/gemma-3-4b-it] Temp=0.0 Rep=1 → Discordo fortemente
[2026-05-12 11:56:56,059][__main__][INFO] - ✓ [google/gemma-3-4b-it] Temp=0.0 Rep=1 → Concordo fortemente
[2026-05-12 11:56:56,062][__main__][INFO] - ✓ [google/gemma-3-4b-it] Temp=0.0 Rep=1 → Discordo fortemente
[2026-05-12 11:56:56,063][__main__][INFO] - ✓ [google/gemma-3-4b-it] Temp=0.0 Rep=1 → Concordo
[2026-05-12 11:56:56,146][__main__][INFO] - ✓ [google/gemma-3-4b-it] Temp=0.0 Rep=1 → Discordo
[2026-05-12 11:56:56,261][__main__][INFO] - ✓ [google/gemma-3-4b-it] Temp=0.0 Rep=1 → Discordo
[2026-05-12 11:56:56,315][__main__][INFO] - ✓ [google/gemma-3-4b-it] Temp=0.0 Rep=1 → Concordo fortemente
[2026-05-12 11:56:56,318][__main__][INFO] - ✓ [google/gemma-3-4b-it] Temp=0.0 Rep=1 → Discordo
[2026-05-12 11:56:56,322][__main__][INFO] - ✓ [google/gemma-3-4b-it] Temp=0.0 Rep=1 → Concordo fortemente
[2026-05-12 11:56:56,335][__main__][INFO] - ✓ [google/gemma-3-4b-it] Temp=0.0 Rep=1 → Concordo fortemente
[2026-05-12 11:56:56,465][__main__][INFO] - ✓ [google/gemma-3-4b-it] Temp=0.0 Rep=1 → Discordo fortemente
[2026-05-12 11:56:56,469][__main__][INFO] - ✓ [google/gemma-3-4b-it] Temp=0.0 Rep=1 → Discordo fortemente
[2026-05-12 11:56:56,484][__main__][INFO] - ✓ [google/gemma-3-4b-it] Temp=0.0 Rep=1 → Concordo fortemente
[2026-05-12 11:56:56,583][__main__][INFO] - ✓ [google/gemma-3-4b-it] Temp=0.0 Rep=1 → Concordo fortemente
[2026-05-12 11:56:56,586][__main__][INFO] - ✓ [google/gemma-3-4b-it] Temp=0.0 Rep=1 → Concordo fortemente
[2026-05-12 11:56:56,635][__main__][INFO] - ✓ [google/gemma-3-4b-it] Temp=0.0 Rep=1 → Discordo fortemente
[2026-05-12 11:56:56,718][__main__][INFO] - ✓ [google/gemma-3-4b-it] Temp=0.0 Rep=1 → Discordo fortemente
[2026-05-12 11:56:56,739][__main__][INFO] - ✓ [google/gemma-3-4b-it] Temp=0.0 Rep=1 → Discordo fortemente
[2026-05-12 11:56:56,743][__main__][INFO] - ✓ [google/gemma-3-4b-it] Temp=0.0 Rep=1 → Concordo fortemente
[2026-05-12 11:56:56,762][__main__][INFO] - ✓ [google/gemma-3-4b-it] Temp=0.0 Rep=1 → Concordo fortemente
[2026-05-12 11:56:56,826][__main__][INFO] - ✓ [google/gemma-3-4b-it] Temp=0.0 Rep=1 → Discordo fortemente
[2026-05-12 11:56:56,842][__main__][INFO] - ✓ [google/gemma-3-4b-it] Temp=0.0 Rep=1 → Concordo fortemente
[2026-05-12 11:56:56,863][__main__][INFO] - ✓ [google/gemma-3-4b-it] Temp=0.0 Rep=1 → Concordo fortemente
[2026-05-12 11:56:56,941][__main__][INFO] - ✓ [google/gemma-3-4b-it] Temp=0.0 Rep=1 → Discordo fortemente
[2026-05-12 11:56:56,978][__main__][INFO] - ✓ [google/gemma-3-4b-it] Temp=0.0 Rep=1 → Concordo fortemente
[2026-05-12 11:56:56,996][__main__][INFO] - ✓ [google/gemma-3-4b-it] Temp=0.0 Rep=1 → Concordo fortemente
[2026-05-12 11:56:57,108][__main__][INFO] - ✓ [google/gemma-3-4b-it] Temp=0.0 Rep=1 → Discordo fortemente
[2026-05-12 11:56:57,111][__main__][INFO] - ✓ [google/gemma-3-4b-it] Temp=0.0 Rep=1 → Discordo
[2026-05-12 11:56:57,137][__main__][INFO] - ✓ [google/gemma-3-4b-it] Temp=0.0 Rep=1 → Concordo fortemente
[2026-05-12 11:56:57,180][__main__][INFO] - ✓ [google/gemma-3-4b-it] Temp=0.0 Rep=1 → Concordo fortemente
[2026-05-12 11:56:57,222][__main__][INFO] - ✓ [google/gemma-3-4b-it] Temp=0.0 Rep=1 → Discordo fortemente
[2026-05-12 11:56:57,226][__main__][INFO] - ✓ [google/gemma-3-4b-it] Temp=0.0 Rep=1 → Concordo fortemente
[2026-05-12 11:56:57,238][__main__][INFO] - ✓ [google/gemma-3-4b-it] Temp=0.0 Rep=1 → Concordo fortemente
[2026-05-12 11:56:57,261][__main__][INFO] - ✓ [google/gemma-3-4b-it] Temp=0.0 Rep=1 → Discordo
[2026-05-12 11:56:57,359][__main__][INFO] - Salvamento incremental (1600 novas respostas)...
[2026-05-12 11:56:57,412][__main__][INFO] - Cache salvo com 236098 entradas
[2026-05-12 11:56:57,412][__main__][INFO] - ✓ [google/gemma-3-4b-it] Temp=0.0 Rep=1 → Discordo fortemente
[2026-05-12 11:56:57,414][__main__][INFO] - ✓ [google/gemma-3-4b-it] Temp=0.0 Rep=1 → Concordo fortemente
[2026-05-12 11:56:57,631][__main__][INFO] - ✓ [google/gemma-3-4b-it] Temp=0.0 Rep=1 → Discordo fortemente
[2026-05-12 11:56:57,636][__main__][INFO] - ✓ [google/gemma-3-4b-it] Temp=0.0 Rep=1 → Concordo fortemente
[2026-05-12 11:56:57,636][__main__][INFO] - ✓ [google/gemma-3-4b-it] Temp=0.0 Rep=1 → Concordo fortemente
[2026-05-12 11:56:57,637][__main__][INFO] - ✓ [google/gemma-3-4b-it] Temp=0.0 Rep=1 → Concordo fortemente
[2026-05-12 11:56:57,638][__main__][INFO] - ✓ [google/gemma-3-4b-it] Temp=0.0 Rep=1 → Neutro
[2026-05-12 11:56:57,691][__main__][INFO] - ✓ [google/gemma-3-4b-it] Temp=0.0 Rep=1 → Discordo
[2026-05-12 11:56:57,694][__main__][INFO] - ✓ [google/gemma-3-4b-it] Temp=0.0 Rep=1 → Concordo fortemente
[2026-05-12 11:56:57,707][__main__][INFO] - ✓ [google/gemma-3-4b-it] Temp=0.0 Rep=1 → Concordo
[2026-05-12 11:56:57,790][__main__][INFO] - ✓ [google/gemma-3-4b-it] Temp=0.0 Rep=1 → Concordo
[2026-05-12 11:56:57,794][__main__][INFO] - ✓ [google/gemma-3-4b-it] Temp=0.0 Rep=1 → Concordo fortemente
[2026-05-12 11:56:58,182][__main__][INFO] - ✓ [google/gemma-3-4b-it] Temp=0.0 Rep=1 → Discordo
[2026-05-12 11:56:58,186][__main__][INFO] - ✓ [google/gemma-3-4b-it] Temp=0.0 Rep=1 → Discordo
[2026-05-12 11:56:58,189][__main__][INFO] - ✓ [google/gemma-3-4b-it] Temp=0.0 Rep=1 → Concordo fortemente
[2026-05-12 11:56:58,190][__main__][INFO] - ✓ [google/gemma-3-4b-it] Temp=0.0 Rep=1 → Concordo fortemente
[2026-05-12 11:56:58,202][__main__][INFO] - ✓ [google/gemma-3-4b-it] Temp=0.0 Rep=1 → Discordo
[2026-05-12 11:56:58,204][__main__][INFO] - ✓ [google/gemma-3-4b-it] Temp=0.0 Rep=1 → Concordo fortemente
[2026-05-12 11:56:58,208][__main__][INFO] - ✓ [google/gemma-3-4b-it] Temp=0.0 Rep=1 → Concordo fortemente
[2026-05-12 11:56:58,222][__main__][INFO] - ✓ [google/gemma-3-4b-it] Temp=0.0 Rep=1 → Concordo fortemente
[2026-05-12 11:56:58,224][__main__][INFO] - ✓ [google/gemma-3-4b-it] Temp=0.0 Rep=1 → Concordo fortemente
[2026-05-12 11:56:58,242][__main__][INFO] - ✓ [google/gemma-3-4b-it] Temp=0.0 Rep=1 → Concordo fortemente
[2026-05-12 11:56:58,679][__main__][INFO] - ✓ [google/gemma-3-4b-it] Temp=0.0 Rep=1 → Neutro
[2026-05-12 11:56:58,701][__main__][INFO] - ✓ [google/gemma-3-4b-it] Temp=0.0 Rep=1 → Discordo
[2026-05-12 11:56:58,724][__main__][INFO] - ✓ [google/gemma-3-4b-it] Temp=0.0 Rep=1 → Discordo fortemente
[2026-05-12 11:56:58,728][__main__][INFO] - ✓ [google/gemma-3-4b-it] Temp=0.0 Rep=1 → Discordo fortemente
[2026-05-12 11:56:58,733][__main__][INFO] - ✓ [google/gemma-3-4b-it] Temp=0.0 Rep=1 → Discordo fortemente
[2026-05-12 11:56:58,734][__main__][INFO] - ✓ [google/gemma-3-4b-it] Temp=0.0 Rep=1 → Discordo fortemente
[2026-05-12 11:56:58,741][__main__][INFO] - ✓ [google/gemma-3-4b-it] Temp=0.0 Rep=1 → Discordo fortemente
[2026-05-12 11:56:58,742][__main__][INFO] - ✓ [google/gemma-3-4b-it] Temp=0.0 Rep=1 → Concordo fortemente
[2026-05-12 11:56:58,743][__main__][INFO] - ✓ [google/gemma-3-4b-it] Temp=0.0 Rep=1 → Concordo fortemente
[2026-05-12 11:56:58,772][__main__][INFO] - ✓ [google/gemma-3-4b-it] Temp=0.0 Rep=1 → Concordo fortemente
[2026-05-12 11:56:59,070][__main__][INFO] - ✓ [google/gemma-3-4b-it] Temp=0.0 Rep=1 → Neutro
[2026-05-12 11:56:59,105][__main__][INFO] - ✓ [google/gemma-3-4b-it] Temp=0.0 Rep=1 → Neutro
[2026-05-12 11:56:59,203][__main__][INFO] - ✓ [google/gemma-3-4b-it] Temp=0.0 Rep=1 → Discordo
[2026-05-12 11:56:59,205][__main__][INFO] - ✓ [google/gemma-3-4b-it] Temp=0.0 Rep=1 → Neutro
[2026-05-12 11:56:59,205][__main__][INFO] - ✓ [google/gemma-3-4b-it] Temp=0.0 Rep=1 → Concordo
[2026-05-12 11:56:59,206][__main__][INFO] - ✓ [google/gemma-3-4b-it] Temp=0.0 Rep=1 → Concordo
[2026-05-12 11:56:59,206][__main__][INFO] - ✓ [google/gemma-3-4b-it] Temp=0.0 Rep=1 → Discordo fortemente
[2026-05-12 11:56:59,206][__main__][INFO] - ✓ [google/gemma-3-4b-it] Temp=0.0 Rep=1 → Concordo fortemente
[2026-05-12 11:56:59,207][__main__][INFO] - Salvamento incremental (1640 novas respostas)...
[2026-05-12 11:56:59,250][__main__][INFO] - Cache salvo com 236138 entradas
[2026-05-12 11:56:59,250][__main__][INFO] - ✓ [google/gemma-3-4b-it] Temp=0.0 Rep=1 → Concordo fortemente
[2026-05-12 11:56:59,251][__main__][INFO] - ✓ [google/gemma-3-4b-it] Temp=0.0 Rep=1 → Concordo fortemente
[2026-05-12 11:56:59,533][__main__][INFO] - ✓ [google/gemma-3-4b-it] Temp=0.0 Rep=1 → Concordo fortemente
[2026-05-12 11:56:59,810][__main__][INFO] - ✓ [google/gemma-3-4b-it] Temp=0.0 Rep=1 → Discordo
[2026-05-12 11:56:59,815][__main__][INFO] - ✓ [google/gemma-3-4b-it] Temp=0.0 Rep=1 → Discordo
[2026-05-12 11:56:59,815][__main__][INFO] - ✓ [google/gemma-3-4b-it] Temp=0.0 Rep=1 → Discordo
[2026-05-12 11:56:59,822][__main__][INFO] - ✓ [google/gemma-3-4b-it] Temp=0.0 Rep=1 → Discordo
[2026-05-12 11:56:59,866][__main__][INFO] - ✓ [google/gemma-3-4b-it] Temp=0.0 Rep=1 → Discordo
[2026-05-12 11:56:59,869][__main__][INFO] - ✓ [google/gemma-3-4b-it] Temp=0.0 Rep=1 → Discordo
[2026-05-12 11:56:59,887][__main__][INFO] - ✓ [google/gemma-3-4b-it] Temp=0.0 Rep=1 → Concordo fortemente
[2026-05-12 11:56:59,890][__main__][INFO] - ✓ [google/gemma-3-4b-it] Temp=0.0 Rep=1 → Discordo
[2026-05-12 11:56:59,936][__main__][INFO] - ✓ [google/gemma-3-4b-it] Temp=0.0 Rep=1 → Discordo fortemente
[2026-05-12 11:57:00,073][__main__][INFO] - ✓ [google/gemma-3-4b-it] Temp=0.0 Rep=1 → Concordo fortemente
[2026-05-12 11:57:00,252][__main__][INFO] - ✓ [google/gemma-3-4b-it] Temp=0.0 Rep=1 → Discordo
[2026-05-12 11:57:00,256][__main__][INFO] - ✓ [google/gemma-3-4b-it] Temp=0.0 Rep=1 → Discordo fortemente
[2026-05-12 11:57:00,257][__main__][INFO] - ✓ [google/gemma-3-4b-it] Temp=0.0 Rep=1 → Discordo fortemente
[2026-05-12 11:57:00,275][__main__][INFO] - ✓ [google/gemma-3-4b-it] Temp=0.0 Rep=1 → Discordo fortemente
[2026-05-12 11:57:00,280][__main__][INFO] - ✓ [google/gemma-3-4b-it] Temp=0.0 Rep=1 → Concordo fortemente
[2026-05-12 11:57:00,294][__main__][INFO] - ✓ [google/gemma-3-4b-it] Temp=0.0 Rep=1 → Concordo fortemente
[2026-05-12 11:57:00,297][__main__][INFO] - ✓ [google/gemma-3-4b-it] Temp=0.0 Rep=1 → Concordo fortemente
[2026-05-12 11:57:00,299][__main__][INFO] - ✓ [google/gemma-3-4b-it] Temp=0.0 Rep=1 → Concordo fortemente
[2026-05-12 11:57:00,299][__main__][INFO] - ✓ [google/gemma-3-4b-it] Temp=0.0 Rep=1 → Discordo
[2026-05-12 11:57:00,499][__main__][INFO] - ✓ [google/gemma-3-4b-it] Temp=0.0 Rep=1 → Concordo
[2026-05-12 11:57:00,777][__main__][INFO] - ✓ [google/gemma-3-4b-it] Temp=0.0 Rep=1 → Discordo
[2026-05-12 11:57:00,777][__main__][INFO] - ✓ [google/gemma-3-4b-it] Temp=0.0 Rep=1 → Discordo
[2026-05-12 11:57:00,813][__main__][INFO] - ✓ [google/gemma-3-4b-it] Temp=0.0 Rep=1 → Concordo fortemente
[2026-05-12 11:57:00,816][__main__][INFO] - ✓ [google/gemma-3-4b-it] Temp=0.0 Rep=1 → Concordo fortemente
[2026-05-12 11:57:00,819][__main__][INFO] - ✓ [google/gemma-3-4b-it] Temp=0.0 Rep=1 → Discordo
[2026-05-12 11:57:00,822][__main__][INFO] - ✓ [google/gemma-3-4b-it] Temp=0.0 Rep=1 → Discordo fortemente
[2026-05-12 11:57:00,831][__main__][INFO] - ✓ [google/gemma-3-4b-it] Temp=0.0 Rep=1 → Concordo fortemente
[2026-05-12 11:57:00,833][__main__][INFO] - ✓ [google/gemma-3-4b-it] Temp=0.0 Rep=1 → Neutro
[2026-05-12 11:57:00,861][__main__][INFO] - ✓ [google/gemma-3-4b-it] Temp=0.0 Rep=1 → Concordo fortemente
[2026-05-12 11:57:00,889][__main__][INFO] - ✓ [google/gemma-3-4b-it] Temp=0.0 Rep=1 → Concordo fortemente
[2026-05-12 11:57:01,190][__main__][INFO] - ✓ [google/gemma-3-4b-it] Temp=0.0 Rep=1 → Discordo
[2026-05-12 11:57:01,302][__main__][INFO] - ✓ [google/gemma-3-4b-it] Temp=0.0 Rep=1 → Discordo fortemente
[2026-05-12 11:57:01,303][__main__][INFO] - ✓ [google/gemma-3-4b-it] Temp=0.0 Rep=1 → Discordo
[2026-05-12 11:57:01,304][__main__][INFO] - ✓ [google/gemma-3-4b-it] Temp=0.0 Rep=1 → Discordo
[2026-05-12 11:57:01,305][__main__][INFO] - ✓ [google/gemma-3-4b-it] Temp=0.0 Rep=1 → Concordo
[2026-05-12 11:57:01,305][__main__][INFO] - ✓ [google/gemma-3-4b-it] Temp=0.0 Rep=1 → Concordo fortemente
[2026-05-12 11:57:01,306][__main__][INFO] - ✓ [google/gemma-3-4b-it] Temp=0.0 Rep=1 → Concordo
[2026-05-12 11:57:01,316][__main__][INFO] - Salvamento incremental (1680 novas respostas)...
[2026-05-12 11:57:01,361][__main__][INFO] - Cache salvo com 236178 entradas
[2026-05-12 11:57:01,361][__main__][INFO] - ✓ [google/gemma-3-4b-it] Temp=0.0 Rep=1 → Concordo
[2026-05-12 11:57:01,361][__main__][INFO] - ✓ [google/gemma-3-4b-it] Temp=0.0 Rep=1 → Concordo fortemente
[2026-05-12 11:57:01,368][__main__][INFO] - ✓ [google/gemma-3-4b-it] Temp=0.0 Rep=1 → Concordo
[2026-05-12 11:57:01,687][__main__][INFO] - ✓ [google/gemma-3-4b-it] Temp=0.0 Rep=1 → Concordo
[2026-05-12 11:57:01,842][__main__][INFO] - ✓ [google/gemma-3-4b-it] Temp=0.0 Rep=1 → Discordo
[2026-05-12 11:57:01,868][__main__][INFO] - ✓ [google/gemma-3-4b-it] Temp=0.0 Rep=1 → Discordo
[2026-05-12 11:57:01,873][__main__][INFO] - ✓ [google/gemma-3-4b-it] Temp=0.0 Rep=1 → Concordo fortemente
[2026-05-12 11:57:01,873][__main__][INFO] - ✓ [google/gemma-3-4b-it] Temp=0.0 Rep=1 → Concordo fortemente
[2026-05-12 11:57:01,877][__main__][INFO] - ✓ [google/gemma-3-4b-it] Temp=0.0 Rep=1 → Concordo fortemente
[2026-05-12 11:57:01,891][__main__][INFO] - ✓ [google/gemma-3-4b-it] Temp=0.0 Rep=1 → Concordo fortemente
[2026-05-12 11:57:01,892][__main__][INFO] - ✓ [google/gemma-3-4b-it] Temp=0.0 Rep=1 → Concordo fortemente
[2026-05-12 11:57:01,893][__main__][INFO] - ✓ [google/gemma-3-4b-it] Temp=0.0 Rep=1 → Concordo fortemente
[2026-05-12 11:57:01,905][__main__][INFO] - ✓ [google/gemma-3-4b-it] Temp=0.0 Rep=1 → Concordo fortemente
[2026-05-12 11:57:02,350][__main__][INFO] - ✓ [google/gemma-3-4b-it] Temp=0.0 Rep=1 → Concordo fortemente
[2026-05-12 11:57:02,351][__main__][INFO] - ✓ [google/gemma-3-4b-it] Temp=0.0 Rep=1 → Discordo fortemente
[2026-05-12 11:57:02,352][__main__][INFO] - ✓ [google/gemma-3-4b-it] Temp=0.0 Rep=1 → Discordo fortemente
[2026-05-12 11:57:02,358][__main__][INFO] - ✓ [google/gemma-3-4b-it] Temp=0.0 Rep=1 → Concordo fortemente
[2026-05-12 11:57:02,371][__main__][INFO] - ✓ [google/gemma-3-4b-it] Temp=0.0 Rep=1 → Concordo fortemente
[2026-05-12 11:57:02,374][__main__][INFO] - ✓ [google/gemma-3-4b-it] Temp=0.0 Rep=1 → Concordo fortemente
[2026-05-12 11:57:02,375][__main__][INFO] - ✓ [google/gemma-3-4b-it] Temp=0.0 Rep=1 → Concordo fortemente
[2026-05-12 11:57:02,377][__main__][INFO] - ✓ [google/gemma-3-4b-it] Temp=0.0 Rep=1 → Concordo fortemente
[2026-05-12 11:57:02,392][__main__][INFO] - ✓ [google/gemma-3-4b-it] Temp=0.0 Rep=1 → Concordo fortemente
[2026-05-12 11:57:02,407][__main__][INFO] - ✓ [google/gemma-3-4b-it] Temp=0.0 Rep=1 → Concordo fortemente
[2026-05-12 11:57:02,911][__main__][INFO] - ✓ [google/gemma-3-4b-it] Temp=0.0 Rep=1 → Concordo fortemente
[2026-05-12 11:57:02,914][__main__][INFO] - ✓ [google/gemma-3-4b-it] Temp=0.0 Rep=1 → Discordo
[2026-05-12 11:57:02,938][__main__][INFO] - ✓ [google/gemma-3-4b-it] Temp=0.0 Rep=1 → Concordo fortemente
[2026-05-12 11:57:02,941][__main__][INFO] - ✓ [google/gemma-3-4b-it] Temp=0.0 Rep=1 → Concordo fortemente
[2026-05-12 11:57:02,944][__main__][INFO] - ✓ [google/gemma-3-4b-it] Temp=0.0 Rep=1 → Concordo fortemente
[2026-05-12 11:57:02,944][__main__][INFO] - ✓ [google/gemma-3-4b-it] Temp=0.0 Rep=1 → Concordo fortemente
[2026-05-12 11:57:02,945][__main__][INFO] - ✓ [google/gemma-3-4b-it] Temp=0.0 Rep=1 → Concordo fortemente
[2026-05-12 11:57:02,948][__main__][INFO] - ✓ [google/gemma-3-4b-it] Temp=0.0 Rep=1 → Concordo
[2026-05-12 11:57:02,948][__main__][INFO] - ✓ [google/gemma-3-4b-it] Temp=0.0 Rep=1 → Concordo fortemente
[2026-05-12 11:57:02,949][__main__][INFO] - ✓ [google/gemma-3-4b-it] Temp=0.0 Rep=1 → Concordo
[2026-05-12 11:57:03,449][__main__][INFO] - ✓ [google/gemma-3-4b-it] Temp=0.0 Rep=1 → Discordo
[2026-05-12 11:57:03,499][__main__][INFO] - ✓ [google/gemma-3-4b-it] Temp=0.0 Rep=1 → Concordo fortemente
[2026-05-12 11:57:03,531][__main__][INFO] - ✓ [google/gemma-3-4b-it] Temp=0.0 Rep=1 → Concordo
[2026-05-12 11:57:03,534][__main__][INFO] - ✓ [google/gemma-3-4b-it] Temp=0.0 Rep=1 → Discordo fortemente
[2026-05-12 11:57:03,537][__main__][INFO] - ✓ [google/gemma-3-4b-it] Temp=0.0 Rep=1 → Concordo fortemente
[2026-05-12 11:57:03,558][__main__][INFO] - ✓ [google/gemma-3-4b-it] Temp=0.0 Rep=1 → Concordo fortemente
[2026-05-12 11:57:03,562][__main__][INFO] - ✓ [google/gemma-3-4b-it] Temp=0.0 Rep=1 → Concordo fortemente
[2026-05-12 11:57:03,565][__main__][INFO] - Salvamento incremental (1720 novas respostas)...
[2026-05-12 11:57:03,610][__main__][INFO] - Cache salvo com 236218 entradas
[2026-05-12 11:57:03,610][__main__][INFO] - ✓ [google/gemma-3-4b-it] Temp=0.0 Rep=1 → Concordo fortemente
[2026-05-12 11:57:03,611][__main__][INFO] - ✓ [google/gemma-3-4b-it] Temp=0.0 Rep=1 → Concordo fortemente
[2026-05-12 11:57:03,612][__main__][INFO] - ✓ [google/gemma-3-4b-it] Temp=0.0 Rep=1 → Concordo fortemente
[2026-05-12 11:57:04,210][__main__][INFO] - ✓ [google/gemma-3-4b-it] Temp=0.0 Rep=1 → Concordo fortemente
[2026-05-12 11:57:04,214][__main__][INFO] - ✓ [google/gemma-3-4b-it] Temp=0.0 Rep=1 → Concordo fortemente
[2026-05-12 11:57:04,215][__main__][INFO] - ✓ [google/gemma-3-4b-it] Temp=0.0 Rep=1 → Concordo fortemente
[2026-05-12 11:57:04,215][__main__][INFO] - ✓ [google/gemma-3-4b-it] Temp=0.0 Rep=1 → Concordo fortemente
[2026-05-12 11:57:04,215][__main__][INFO] - ✓ [google/gemma-3-4b-it] Temp=0.0 Rep=1 → Concordo fortemente
[2026-05-12 11:57:04,216][__main__][INFO] - ✓ [google/gemma-3-4b-it] Temp=0.0 Rep=1 → Concordo fortemente
[2026-05-12 11:57:04,216][__main__][INFO] - ✓ [google/gemma-3-4b-it] Temp=0.0 Rep=1 → Concordo fortemente
[2026-05-12 11:57:04,216][__main__][INFO] - ✓ [google/gemma-3-4b-it] Temp=0.0 Rep=1 → Concordo fortemente
[2026-05-12 11:57:04,217][__main__][INFO] - ✓ [google/gemma-3-4b-it] Temp=0.0 Rep=1 → Concordo fortemente
[2026-05-12 11:57:04,223][__main__][INFO] - ✓ [google/gemma-3-4b-it] Temp=0.0 Rep=1 → Concordo fortemente
[2026-05-12 11:57:05,032][__main__][INFO] - ✓ [google/gemma-3-4b-it] Temp=0.0 Rep=1 → Discordo fortemente
[2026-05-12 11:57:05,040][__main__][INFO] - ✓ [google/gemma-3-4b-it] Temp=0.0 Rep=1 → Concordo fortemente
[2026-05-12 11:57:05,041][__main__][INFO] - ✓ [google/gemma-3-4b-it] Temp=0.0 Rep=1 → Concordo fortemente
[2026-05-12 11:57:05,042][__main__][INFO] - ✓ [google/gemma-3-4b-it] Temp=0.0 Rep=1 → Concordo fortemente
[2026-05-12 11:57:05,043][__main__][INFO] - ✓ [google/gemma-3-4b-it] Temp=0.0 Rep=1 → Concordo fortemente
[2026-05-12 11:57:05,044][__main__][INFO] - ✓ [google/gemma-3-4b-it] Temp=0.0 Rep=1 → Concordo fortemente
[2026-05-12 11:57:05,044][__main__][INFO] - ✓ [google/gemma-3-4b-it] Temp=0.0 Rep=1 → Concordo fortemente
[2026-05-12 11:57:05,045][__main__][INFO] - ✓ [google/gemma-3-4b-it] Temp=0.0 Rep=1 → Concordo fortemente
[2026-05-12 11:57:05,045][__main__][INFO] - ✓ [google/gemma-3-4b-it] Temp=0.0 Rep=1 → Concordo fortemente
[2026-05-12 11:57:05,046][__main__][INFO] - ✓ [google/gemma-3-4b-it] Temp=0.0 Rep=1 → Concordo fortemente
[2026-05-12 11:57:05,504][__main__][INFO] - ✓ [google/gemma-3-4b-it] Temp=0.0 Rep=1 → Concordo
[2026-05-12 11:57:05,508][__main__][INFO] - ✓ [google/gemma-3-4b-it] Temp=0.0 Rep=1 → Concordo
[2026-05-12 11:57:05,509][__main__][INFO] - ✓ [google/gemma-3-4b-it] Temp=0.0 Rep=1 → Concordo fortemente
[2026-05-12 11:57:05,513][__main__][INFO] - ✓ [google/gemma-3-4b-it] Temp=0.0 Rep=1 → Discordo fortemente
[2026-05-12 11:57:05,517][__main__][INFO] - ✓ [google/gemma-3-4b-it] Temp=0.0 Rep=1 → Discordo
[2026-05-12 11:57:05,531][__main__][INFO] - ✓ [google/gemma-3-4b-it] Temp=0.0 Rep=1 → Concordo fortemente
[2026-05-12 11:57:05,533][__main__][INFO] - ✓ [google/gemma-3-4b-it] Temp=0.0 Rep=1 → Concordo fortemente
[2026-05-12 11:57:05,544][__main__][INFO] - ✓ [google/gemma-3-4b-it] Temp=0.0 Rep=1 → Concordo fortemente
[2026-05-12 11:57:05,889][__main__][INFO] - ✓ [google/gemma-3-4b-it] Temp=0.0 Rep=1 → Concordo fortemente
[2026-05-12 11:57:05,895][__main__][INFO] - ✓ [google/gemma-3-4b-it] Temp=0.0 Rep=1 → Concordo fortemente
[2026-05-12 11:57:06,019][__main__][INFO] - ✓ [google/gemma-3-4b-it] Temp=0.0 Rep=1 → Discordo
[2026-05-12 11:57:06,022][__main__][INFO] - ✓ [google/gemma-3-4b-it] Temp=0.0 Rep=1 → Concordo fortemente
[2026-05-12 11:57:06,023][__main__][INFO] - ✓ [google/gemma-3-4b-it] Temp=0.0 Rep=1 → Concordo fortemente
[2026-05-12 11:57:06,024][__main__][INFO] - ✓ [google/gemma-3-4b-it] Temp=0.0 Rep=1 → Discordo fortemente
[2026-05-12 11:57:06,024][__main__][INFO] - ✓ [google/gemma-3-4b-it] Temp=0.0 Rep=1 → Concordo fortemente
[2026-05-12 11:57:06,025][__main__][INFO] - ✓ [google/gemma-3-4b-it] Temp=0.0 Rep=1 → Concordo fortemente
[2026-05-12 11:57:06,026][__main__][INFO] - ✓ [google/gemma-3-4b-it] Temp=0.0 Rep=1 → Concordo fortemente
[2026-05-12 11:57:06,156][__main__][INFO] - Salvamento incremental (1760 novas respostas)...
[2026-05-12 11:57:06,207][__main__][INFO] - Cache salvo com 236258 entradas
[2026-05-12 11:57:06,207][__main__][INFO] - ✓ [google/gemma-3-4b-it] Temp=0.0 Rep=1 → Concordo fortemente
[2026-05-12 11:57:06,544][__main__][INFO] - ✓ [google/gemma-3-4b-it] Temp=0.0 Rep=1 → Discordo fortemente
[2026-05-12 11:57:06,545][__main__][INFO] - ✓ [google/gemma-3-4b-it] Temp=0.0 Rep=1 → Concordo fortemente
[2026-05-12 11:57:06,658][__main__][INFO] - ✓ [google/gemma-3-4b-it] Temp=0.0 Rep=1 → Discordo fortemente
[2026-05-12 11:57:06,663][__main__][INFO] - ✓ [google/gemma-3-4b-it] Temp=0.0 Rep=1 → Discordo fortemente
[2026-05-12 11:57:06,668][__main__][INFO] - ✓ [google/gemma-3-4b-it] Temp=0.0 Rep=1 → Discordo fortemente
[2026-05-12 11:57:06,682][__main__][INFO] - ✓ [google/gemma-3-4b-it] Temp=0.0 Rep=1 → Concordo fortemente
[2026-05-12 11:57:06,685][__main__][INFO] - ✓ [google/gemma-3-4b-it] Temp=0.0 Rep=1 → Concordo fortemente
[2026-05-12 11:57:06,686][__main__][INFO] - ✓ [google/gemma-3-4b-it] Temp=0.0 Rep=1 → Discordo fortemente
[2026-05-12 11:57:06,687][__main__][INFO] - ✓ [google/gemma-3-4b-it] Temp=0.0 Rep=1 → Concordo fortemente
[2026-05-12 11:57:06,689][__main__][INFO] - ✓ [google/gemma-3-4b-it] Temp=0.0 Rep=1 → Concordo fortemente
[2026-05-12 11:57:07,080][__main__][INFO] - ✓ [google/gemma-3-4b-it] Temp=0.0 Rep=1 → Concordo fortemente
[2026-05-12 11:57:07,083][__main__][INFO] - ✓ [google/gemma-3-4b-it] Temp=0.0 Rep=1 → Concordo fortemente
[2026-05-12 11:57:07,127][__main__][INFO] - ✓ [google/gemma-3-4b-it] Temp=0.0 Rep=1 → Concordo fortemente
[2026-05-12 11:57:07,128][__main__][INFO] - ✓ [google/gemma-3-4b-it] Temp=0.0 Rep=1 → Discordo
[2026-05-12 11:57:07,132][__main__][INFO] - ✓ [google/gemma-3-4b-it] Temp=0.0 Rep=1 → Discordo
[2026-05-12 11:57:07,147][__main__][INFO] - ✓ [google/gemma-3-4b-it] Temp=0.0 Rep=1 → Concordo fortemente
[2026-05-12 11:57:07,150][__main__][INFO] - ✓ [google/gemma-3-4b-it] Temp=0.0 Rep=1 → Concordo fortemente
[2026-05-12 11:57:07,153][__main__][INFO] - ✓ [google/gemma-3-4b-it] Temp=0.0 Rep=1 → Concordo fortemente
[2026-05-12 11:57:07,154][__main__][INFO] - ✓ [google/gemma-3-4b-it] Temp=0.0 Rep=1 → Concordo fortemente
[2026-05-12 11:57:07,166][__main__][INFO] - ✓ [google/gemma-3-4b-it] Temp=0.0 Rep=1 → Concordo fortemente
[2026-05-12 11:57:07,598][__main__][INFO] - ✓ [google/gemma-3-4b-it] Temp=0.0 Rep=1 → Discordo
[2026-05-12 11:57:07,604][__main__][INFO] - ✓ [google/gemma-3-4b-it] Temp=0.0 Rep=1 → Concordo fortemente
[2026-05-12 11:57:07,605][__main__][INFO] - ✓ [google/gemma-3-4b-it] Temp=0.0 Rep=1 → Discordo
[2026-05-12 11:57:07,606][__main__][INFO] - ✓ [google/gemma-3-4b-it] Temp=0.0 Rep=1 → Concordo fortemente
[2026-05-12 11:57:07,606][__main__][INFO] - ✓ [google/gemma-3-4b-it] Temp=0.0 Rep=1 → Concordo fortemente
[2026-05-12 11:57:07,607][__main__][INFO] - ✓ [google/gemma-3-4b-it] Temp=0.0 Rep=1 → Concordo fortemente
[2026-05-12 11:57:07,608][__main__][INFO] - ✓ [google/gemma-3-4b-it] Temp=0.0 Rep=1 → Concordo fortemente
[2026-05-12 11:57:07,609][__main__][INFO] - ✓ [google/gemma-3-4b-it] Temp=0.0 Rep=1 → Concordo fortemente
[2026-05-12 11:57:07,610][__main__][INFO] - ✓ [google/gemma-3-4b-it] Temp=0.0 Rep=1 → Concordo fortemente
[2026-05-12 11:57:07,611][__main__][INFO] - ✓ [google/gemma-3-4b-it] Temp=0.0 Rep=1 → Concordo fortemente
[2026-05-12 11:57:08,151][__main__][INFO] - ✓ [google/gemma-3-4b-it] Temp=0.0 Rep=1 → Discordo fortemente
[2026-05-12 11:57:08,171][__main__][INFO] - ✓ [google/gemma-3-4b-it] Temp=0.0 Rep=1 → Concordo fortemente
[2026-05-12 11:57:08,174][__main__][INFO] - ✓ [google/gemma-3-4b-it] Temp=0.0 Rep=1 → Concordo fortemente
[2026-05-12 11:57:08,178][__main__][INFO] - ✓ [google/gemma-3-4b-it] Temp=0.0 Rep=1 → Concordo fortemente
[2026-05-12 11:57:08,192][__main__][INFO] - ✓ [google/gemma-3-4b-it] Temp=0.0 Rep=1 → Concordo fortemente
[2026-05-12 11:57:08,194][__main__][INFO] - ✓ [google/gemma-3-4b-it] Temp=0.0 Rep=1 → Concordo fortemente
[2026-05-12 11:57:08,194][__main__][INFO] - ✓ [google/gemma-3-4b-it] Temp=0.0 Rep=1 → Discordo fortemente
[2026-05-12 11:57:08,196][__main__][INFO] - ✓ [google/gemma-3-4b-it] Temp=0.0 Rep=1 → Concordo fortemente
[2026-05-12 11:57:08,216][__main__][INFO] - ✓ [google/gemma-3-4b-it] Temp=0.0 Rep=1 → Concordo fortemente
[2026-05-12 11:57:08,229][__main__][INFO] - Salvamento incremental (1800 novas respostas)...
[2026-05-12 11:57:08,279][__main__][INFO] - Cache salvo com 236298 entradas
[2026-05-12 11:57:08,280][__main__][INFO] - ✓ [google/gemma-3-4b-it] Temp=0.0 Rep=1 → Concordo fortemente
[2026-05-12 11:57:08,640][__main__][INFO] - ✓ [google/gemma-3-4b-it] Temp=0.0 Rep=1 → Discordo fortemente
[2026-05-12 11:57:08,643][__main__][INFO] - ✓ [google/gemma-3-4b-it] Temp=0.0 Rep=1 → Concordo fortemente
[2026-05-12 11:57:08,648][__main__][INFO] - ✓ [google/gemma-3-4b-it] Temp=0.0 Rep=1 → Concordo fortemente
[2026-05-12 11:57:08,652][__main__][INFO] - ✓ [google/gemma-3-4b-it] Temp=0.0 Rep=1 → Discordo fortemente
[2026-05-12 11:57:08,654][__main__][INFO] - ✓ [google/gemma-3-4b-it] Temp=0.0 Rep=1 → Discordo fortemente
[2026-05-12 11:57:08,654][__main__][INFO] - ✓ [google/gemma-3-4b-it] Temp=0.0 Rep=1 → Concordo fortemente
[2026-05-12 11:57:08,659][__main__][INFO] - ✓ [google/gemma-3-4b-it] Temp=0.0 Rep=1 → Discordo fortemente
[2026-05-12 11:57:08,666][__main__][INFO] - ✓ [google/gemma-3-4b-it] Temp=0.0 Rep=1 → Discordo fortemente
[2026-05-12 11:57:08,668][__main__][INFO] - ✓ [google/gemma-3-4b-it] Temp=0.0 Rep=1 → Concordo fortemente
[2026-05-12 11:57:08,693][__main__][INFO] - ✓ [google/gemma-3-4b-it] Temp=0.0 Rep=1 → Concordo fortemente
[2026-05-12 11:57:09,228][__main__][INFO] - ✓ [google/gemma-3-4b-it] Temp=0.0 Rep=1 → Discordo fortemente
[2026-05-12 11:57:09,233][__main__][INFO] - ✓ [google/gemma-3-4b-it] Temp=0.0 Rep=1 → Discordo
[2026-05-12 11:57:09,234][__main__][INFO] - ✓ [google/gemma-3-4b-it] Temp=0.0 Rep=1 → Concordo fortemente
[2026-05-12 11:57:09,234][__main__][INFO] - ✓ [google/gemma-3-4b-it] Temp=0.0 Rep=1 → Discordo fortemente
[2026-05-12 11:57:09,235][__main__][INFO] - ✓ [google/gemma-3-4b-it] Temp=0.0 Rep=1 → Discordo fortemente
[2026-05-12 11:57:09,236][__main__][INFO] - ✓ [google/gemma-3-4b-it] Temp=0.0 Rep=1 → Discordo
[2026-05-12 11:57:09,237][__main__][INFO] - ✓ [google/gemma-3-4b-it] Temp=0.0 Rep=1 → Concordo fortemente
[2026-05-12 11:57:09,237][__main__][INFO] - ✓ [google/gemma-3-4b-it] Temp=0.0 Rep=1 → Concordo fortemente
[2026-05-12 11:57:09,238][__main__][INFO] - ✓ [google/gemma-3-4b-it] Temp=0.0 Rep=1 → Concordo fortemente
[2026-05-12 11:57:09,238][__main__][INFO] - ✓ [google/gemma-3-4b-it] Temp=0.0 Rep=1 → Concordo fortemente
[2026-05-12 11:57:09,690][__main__][INFO] - ✓ [google/gemma-3-4b-it] Temp=0.0 Rep=1 → Neutro
[2026-05-12 11:57:09,698][__main__][INFO] - ✓ [google/gemma-3-4b-it] Temp=0.0 Rep=1 → Discordo
[2026-05-12 11:57:09,703][__main__][INFO] - ✓ [google/gemma-3-4b-it] Temp=0.0 Rep=1 → Discordo
[2026-05-12 11:57:09,704][__main__][INFO] - ✓ [google/gemma-3-4b-it] Temp=0.0 Rep=1 → Discordo
[2026-05-12 11:57:09,721][__main__][INFO] - ✓ [google/gemma-3-4b-it] Temp=0.0 Rep=1 → Discordo
[2026-05-12 11:57:09,723][__main__][INFO] - ✓ [google/gemma-3-4b-it] Temp=0.0 Rep=1 → Discordo fortemente
[2026-05-12 11:57:09,725][__main__][INFO] - ✓ [google/gemma-3-4b-it] Temp=0.0 Rep=1 → Concordo
[2026-05-12 11:57:09,745][__main__][INFO] - ✓ [google/gemma-3-4b-it] Temp=0.0 Rep=1 → Concordo fortemente
[2026-05-12 11:57:09,747][__main__][INFO] - ✓ [google/gemma-3-4b-it] Temp=0.0 Rep=1 → Concordo fortemente
[2026-05-12 11:57:09,753][__main__][INFO] - ✓ [google/gemma-3-4b-it] Temp=0.0 Rep=1 → Concordo fortemente
[2026-05-12 11:57:10,212][__main__][INFO] - ✓ [google/gemma-3-4b-it] Temp=0.0 Rep=1 → Discordo fortemente
[2026-05-12 11:57:10,248][__main__][INFO] - ✓ [google/gemma-3-4b-it] Temp=0.0 Rep=1 → Discordo fortemente
[2026-05-12 11:57:10,252][__main__][INFO] - ✓ [google/gemma-3-4b-it] Temp=0.0 Rep=1 → Concordo fortemente
[2026-05-12 11:57:10,253][__main__][INFO] - ✓ [google/gemma-3-4b-it] Temp=0.0 Rep=1 → Discordo fortemente
[2026-05-12 11:57:10,253][__main__][INFO] - ✓ [google/gemma-3-4b-it] Temp=0.0 Rep=1 → Discordo fortemente
[2026-05-12 11:57:10,260][__main__][INFO] - ✓ [google/gemma-3-4b-it] Temp=0.0 Rep=1 → Discordo fortemente
[2026-05-12 11:57:10,262][__main__][INFO] - ✓ [google/gemma-3-4b-it] Temp=0.0 Rep=1 → Concordo fortemente
[2026-05-12 11:57:10,267][__main__][INFO] - ✓ [google/gemma-3-4b-it] Temp=0.0 Rep=1 → Concordo fortemente
[2026-05-12 11:57:10,268][__main__][INFO] - ✓ [google/gemma-3-4b-it] Temp=0.0 Rep=1 → Concordo fortemente
[2026-05-12 11:57:10,299][__main__][INFO] - Salvamento incremental (1840 novas respostas)...
[2026-05-12 11:57:10,344][__main__][INFO] - Cache salvo com 236338 entradas
[2026-05-12 11:57:10,344][__main__][INFO] - ✓ [google/gemma-3-4b-it] Temp=0.0 Rep=1 → Discordo fortemente
[2026-05-12 11:57:10,739][__main__][INFO] - ✓ [google/gemma-3-4b-it] Temp=0.0 Rep=1 → Concordo
[2026-05-12 11:57:10,744][__main__][INFO] - ✓ [google/gemma-3-4b-it] Temp=0.0 Rep=1 → Concordo fortemente
[2026-05-12 11:57:10,745][__main__][INFO] - ✓ [google/gemma-3-4b-it] Temp=0.0 Rep=1 → Concordo fortemente
[2026-05-12 11:57:10,746][__main__][INFO] - ✓ [google/gemma-3-4b-it] Temp=0.0 Rep=1 → Concordo fortemente
[2026-05-12 11:57:10,747][__main__][INFO] - ✓ [google/gemma-3-4b-it] Temp=0.0 Rep=1 → Concordo fortemente
[2026-05-12 11:57:10,748][__main__][INFO] - ✓ [google/gemma-3-4b-it] Temp=0.0 Rep=1 → Discordo
[2026-05-12 11:57:10,754][__main__][INFO] - ✓ [google/gemma-3-4b-it] Temp=0.0 Rep=1 → Concordo fortemente
[2026-05-12 11:57:10,755][__main__][INFO] - ✓ [google/gemma-3-4b-it] Temp=0.0 Rep=1 → Concordo fortemente
[2026-05-12 11:57:10,755][__main__][INFO] - ✓ [google/gemma-3-4b-it] Temp=0.0 Rep=1 → Concordo fortemente
[2026-05-12 11:57:10,758][__main__][INFO] - ✓ [google/gemma-3-4b-it] Temp=0.0 Rep=1 → Concordo fortemente
[2026-05-12 11:57:11,172][__main__][INFO] - ✓ [google/gemma-3-4b-it] Temp=0.0 Rep=1 → Discordo
[2026-05-12 11:57:11,263][__main__][INFO] - ✓ [google/gemma-3-4b-it] Temp=0.0 Rep=1 → Discordo
[2026-05-12 11:57:11,269][__main__][INFO] - ✓ [google/gemma-3-4b-it] Temp=0.0 Rep=1 → Concordo fortemente
[2026-05-12 11:57:11,270][__main__][INFO] - ✓ [google/gemma-3-4b-it] Temp=0.0 Rep=1 → Concordo
[2026-05-12 11:57:11,270][__main__][INFO] - ✓ [google/gemma-3-4b-it] Temp=0.0 Rep=1 → Concordo
[2026-05-12 11:57:11,271][__main__][INFO] - ✓ [google/gemma-3-4b-it] Temp=0.0 Rep=1 → Concordo
[2026-05-12 11:57:11,272][__main__][INFO] - ✓ [google/gemma-3-4b-it] Temp=0.0 Rep=1 → Concordo fortemente
[2026-05-12 11:57:11,273][__main__][INFO] - ✓ [google/gemma-3-4b-it] Temp=0.0 Rep=1 → Concordo
[2026-05-12 11:57:11,274][__main__][INFO] - ✓ [google/gemma-3-4b-it] Temp=0.0 Rep=1 → Concordo fortemente
[2026-05-12 11:57:11,275][__main__][INFO] - ✓ [google/gemma-3-4b-it] Temp=0.0 Rep=1 → Concordo fortemente
[2026-05-12 11:57:11,789][__main__][INFO] - ✓ [google/gemma-3-4b-it] Temp=0.0 Rep=1 → Discordo
[2026-05-12 11:57:11,790][__main__][INFO] - ✓ [google/gemma-3-4b-it] Temp=0.0 Rep=1 → Discordo
[2026-05-12 11:57:11,796][__main__][INFO] - ✓ [google/gemma-3-4b-it] Temp=0.0 Rep=1 → Discordo
[2026-05-12 11:57:11,797][__main__][INFO] - ✓ [google/gemma-3-4b-it] Temp=0.0 Rep=1 → Discordo
[2026-05-12 11:57:11,798][__main__][INFO] - ✓ [google/gemma-3-4b-it] Temp=0.0 Rep=1 → Discordo
[2026-05-12 11:57:11,799][__main__][INFO] - ✓ [google/gemma-3-4b-it] Temp=0.0 Rep=1 → Concordo fortemente
[2026-05-12 11:57:11,800][__main__][INFO] - ✓ [google/gemma-3-4b-it] Temp=0.0 Rep=1 → Concordo fortemente
[2026-05-12 11:57:11,801][__main__][INFO] - ✓ [google/gemma-3-4b-it] Temp=0.0 Rep=1 → Concordo fortemente
[2026-05-12 11:57:11,806][__main__][INFO] - ✓ [google/gemma-3-4b-it] Temp=0.0 Rep=1 → Concordo fortemente
[2026-05-12 11:57:11,884][__main__][INFO] - ✓ [google/gemma-3-4b-it] Temp=0.0 Rep=1 → Discordo
[2026-05-12 11:57:12,387][__main__][INFO] - ✓ [google/gemma-3-4b-it] Temp=0.0 Rep=1 → Discordo fortemente
[2026-05-12 11:57:12,435][__main__][INFO] - ✓ [google/gemma-3-4b-it] Temp=0.0 Rep=1 → Discordo fortemente
[2026-05-12 11:57:12,441][__main__][INFO] - ✓ [google/gemma-3-4b-it] Temp=0.0 Rep=1 → Discordo fortemente
[2026-05-12 11:57:12,446][__main__][INFO] - ✓ [google/gemma-3-4b-it] Temp=0.0 Rep=1 → Concordo fortemente
[2026-05-12 11:57:12,461][__main__][INFO] - ✓ [google/gemma-3-4b-it] Temp=0.0 Rep=1 → Concordo fortemente
[2026-05-12 11:57:12,463][__main__][INFO] - ✓ [google/gemma-3-4b-it] Temp=0.0 Rep=1 → Concordo fortemente
[2026-05-12 11:57:12,463][__main__][INFO] - ✓ [google/gemma-3-4b-it] Temp=0.0 Rep=1 → Concordo fortemente
[2026-05-12 11:57:12,463][__main__][INFO] - ✓ [google/gemma-3-4b-it] Temp=0.0 Rep=1 → Concordo fortemente
[2026-05-12 11:57:12,466][__main__][INFO] - ✓ [google/gemma-3-4b-it] Temp=0.0 Rep=1 → Concordo fortemente
[2026-05-12 11:57:12,483][__main__][INFO] - Salvamento incremental (1880 novas respostas)...
[2026-05-12 11:57:12,527][__main__][INFO] - Cache salvo com 236378 entradas
[2026-05-12 11:57:12,527][__main__][INFO] - ✓ [google/gemma-3-4b-it] Temp=0.0 Rep=1 → Concordo fortemente
[2026-05-12 11:57:13,016][__main__][INFO] - ✓ [google/gemma-3-4b-it] Temp=0.0 Rep=1 → Concordo fortemente
[2026-05-12 11:57:13,019][__main__][INFO] - ✓ [google/gemma-3-4b-it] Temp=0.0 Rep=1 → Discordo fortemente
[2026-05-12 11:57:13,020][__main__][INFO] - ✓ [google/gemma-3-4b-it] Temp=0.0 Rep=1 → Discordo
[2026-05-12 11:57:13,026][__main__][INFO] - ✓ [google/gemma-3-4b-it] Temp=0.0 Rep=1 → Concordo fortemente
[2026-05-12 11:57:13,027][__main__][INFO] - ✓ [google/gemma-3-4b-it] Temp=0.0 Rep=1 → Concordo fortemente
[2026-05-12 11:57:13,029][__main__][INFO] - ✓ [google/gemma-3-4b-it] Temp=0.0 Rep=1 → Concordo
[2026-05-12 11:57:13,029][__main__][INFO] - ✓ [google/gemma-3-4b-it] Temp=0.0 Rep=1 → Concordo
[2026-05-12 11:57:13,032][__main__][INFO] - ✓ [google/gemma-3-4b-it] Temp=0.0 Rep=1 → Concordo fortemente
[2026-05-12 11:57:13,032][__main__][INFO] - ✓ [google/gemma-3-4b-it] Temp=0.0 Rep=1 → Concordo fortemente
[2026-05-12 11:57:13,035][__main__][INFO] - ✓ [google/gemma-3-4b-it] Temp=0.0 Rep=1 → Concordo fortemente
[2026-05-12 11:57:13,403][__main__][INFO] - ✓ [google/gemma-3-4b-it] Temp=0.0 Rep=1 → Discordo
[2026-05-12 11:57:13,436][__main__][INFO] - ✓ [google/gemma-3-4b-it] Temp=0.0 Rep=1 → Discordo
[2026-05-12 11:57:13,440][__main__][INFO] - ✓ [google/gemma-3-4b-it] Temp=0.0 Rep=1 → Discordo
[2026-05-12 11:57:13,447][__main__][INFO] - ✓ [google/gemma-3-4b-it] Temp=0.0 Rep=1 → Concordo
[2026-05-12 11:57:13,451][__main__][INFO] - ✓ [google/gemma-3-4b-it] Temp=0.0 Rep=1 → Concordo fortemente
[2026-05-12 11:57:13,451][__main__][INFO] - ✓ [google/gemma-3-4b-it] Temp=0.0 Rep=1 → Concordo fortemente
[2026-05-12 11:57:13,465][__main__][INFO] - ✓ [google/gemma-3-4b-it] Temp=0.0 Rep=1 → Concordo fortemente
[2026-05-12 11:57:13,467][__main__][INFO] - ✓ [google/gemma-3-4b-it] Temp=0.0 Rep=1 → Concordo
[2026-05-12 11:57:13,472][__main__][INFO] - ✓ [google/gemma-3-4b-it] Temp=0.0 Rep=1 → Concordo
[2026-05-12 11:57:13,486][__main__][INFO] - ✓ [google/gemma-3-4b-it] Temp=0.0 Rep=1 → Concordo fortemente
[2026-05-12 11:57:13,942][__main__][INFO] - ✓ [google/gemma-3-4b-it] Temp=0.0 Rep=1 → Discordo
[2026-05-12 11:57:13,950][__main__][INFO] - ✓ [google/gemma-3-4b-it] Temp=0.0 Rep=1 → Discordo
[2026-05-12 11:57:13,955][__main__][INFO] - ✓ [google/gemma-3-4b-it] Temp=0.0 Rep=1 → Discordo
[2026-05-12 11:57:13,975][__main__][INFO] - ✓ [google/gemma-3-4b-it] Temp=0.0 Rep=1 → Discordo fortemente
[2026-05-12 11:57:14,003][__main__][INFO] - ✓ [google/gemma-3-4b-it] Temp=0.0 Rep=1 → Concordo fortemente
[2026-05-12 11:57:14,008][__main__][INFO] - ✓ [google/gemma-3-4b-it] Temp=0.0 Rep=1 → Concordo fortemente
[2026-05-12 11:57:14,009][__main__][INFO] - ✓ [google/gemma-3-4b-it] Temp=0.0 Rep=1 → Discordo fortemente
[2026-05-12 11:57:14,014][__main__][INFO] - ✓ [google/gemma-3-4b-it] Temp=0.0 Rep=1 → Concordo
[2026-05-12 11:57:14,015][__main__][INFO] - ✓ [google/gemma-3-4b-it] Temp=0.0 Rep=1 → Discordo fortemente
[2026-05-12 11:57:14,046][__main__][INFO] - ✓ [google/gemma-3-4b-it] Temp=0.0 Rep=1 → Concordo fortemente
[2026-05-12 11:57:14,409][__main__][INFO] - ✓ [google/gemma-3-4b-it] Temp=0.0 Rep=1 → Neutro
[2026-05-12 11:57:14,413][__main__][INFO] - ✓ [google/gemma-3-4b-it] Temp=0.0 Rep=1 → Concordo fortemente
[2026-05-12 11:57:14,414][__main__][INFO] - ✓ [google/gemma-3-4b-it] Temp=0.0 Rep=1 → Discordo fortemente
[2026-05-12 11:57:14,459][__main__][INFO] - ✓ [google/gemma-3-4b-it] Temp=0.0 Rep=1 → Discordo
[2026-05-12 11:57:14,462][__main__][INFO] - ✓ [google/gemma-3-4b-it] Temp=0.0 Rep=1 → Discordo
[2026-05-12 11:57:14,532][__main__][INFO] - ✓ [google/gemma-3-4b-it] Temp=0.0 Rep=1 → Concordo fortemente
[2026-05-12 11:57:14,536][__main__][INFO] - ✓ [google/gemma-3-4b-it] Temp=0.0 Rep=1 → Concordo fortemente
[2026-05-12 11:57:14,540][__main__][INFO] - ✓ [google/gemma-3-4b-it] Temp=0.0 Rep=1 → Concordo fortemente
[2026-05-12 11:57:14,555][__main__][INFO] - ✓ [google/gemma-3-4b-it] Temp=0.0 Rep=1 → Concordo
[2026-05-12 11:57:14,765][__main__][INFO] - Salvamento incremental (1920 novas respostas)...
[2026-05-12 11:57:14,817][__main__][INFO] - Cache salvo com 236418 entradas
[2026-05-12 11:57:14,817][__main__][INFO] - ✓ [google/gemma-3-4b-it] Temp=0.0 Rep=1 → Discordo
[2026-05-12 11:57:14,832][__main__][INFO] - ✓ [google/gemma-3-4b-it] Temp=0.0 Rep=1 → Discordo
[2026-05-12 11:57:14,833][__main__][INFO] - ✓ [google/gemma-3-4b-it] Temp=0.0 Rep=1 → Concordo fortemente
[2026-05-12 11:57:14,930][__main__][INFO] - ✓ [google/gemma-3-4b-it] Temp=0.0 Rep=1 → Concordo fortemente
[2026-05-12 11:57:14,932][__main__][INFO] - ✓ [google/gemma-3-4b-it] Temp=0.0 Rep=1 → Concordo
[2026-05-12 11:57:14,932][__main__][INFO] - ✓ [google/gemma-3-4b-it] Temp=0.0 Rep=1 → Discordo
[2026-05-12 11:57:14,932][__main__][INFO] - ✓ [google/gemma-3-4b-it] Temp=0.0 Rep=1 → Discordo
[2026-05-12 11:57:14,933][__main__][INFO] - ✓ [google/gemma-3-4b-it] Temp=0.0 Rep=1 → Concordo fortemente
[2026-05-12 11:57:14,933][__main__][INFO] - ✓ [google/gemma-3-4b-it] Temp=0.0 Rep=1 → Discordo
[2026-05-12 11:57:14,948][__main__][INFO] - ✓ [google/gemma-3-4b-it] Temp=0.0 Rep=1 → Concordo fortemente
[2026-05-12 11:57:15,219][__main__][INFO] - ✓ [google/gemma-3-4b-it] Temp=0.0 Rep=1 → Concordo fortemente
[2026-05-12 11:57:15,222][__main__][INFO] - ✓ [google/gemma-3-4b-it] Temp=0.0 Rep=1 → Discordo
[2026-05-12 11:57:15,272][__main__][INFO] - ✓ [google/gemma-3-4b-it] Temp=0.0 Rep=1 → Concordo fortemente
[2026-05-12 11:57:15,324][__main__][INFO] - ✓ [google/gemma-3-4b-it] Temp=0.0 Rep=1 → Discordo
[2026-05-12 11:57:15,328][__main__][INFO] - ✓ [google/gemma-3-4b-it] Temp=0.0 Rep=1 → Discordo
[2026-05-12 11:57:15,331][__main__][INFO] - ✓ [google/gemma-3-4b-it] Temp=0.0 Rep=1 → Discordo
[2026-05-12 11:57:15,351][__main__][INFO] - ✓ [google/gemma-3-4b-it] Temp=0.0 Rep=1 → Concordo fortemente
[2026-05-12 11:57:15,456][__main__][INFO] - ✓ [google/gemma-3-4b-it] Temp=0.0 Rep=1 → Discordo
[2026-05-12 11:57:15,459][__main__][INFO] - ✓ [google/gemma-3-4b-it] Temp=0.0 Rep=1 → Concordo fortemente
[2026-05-12 11:57:15,460][__main__][INFO] - ✓ [google/gemma-3-4b-it] Temp=0.0 Rep=1 → Concordo
[2026-05-12 11:57:15,579][__main__][INFO] - ✓ [google/gemma-3-4b-it] Temp=0.0 Rep=1 → Discordo
[2026-05-12 11:57:15,600][__main__][INFO] - ✓ [google/gemma-3-4b-it] Temp=0.0 Rep=1 → Concordo fortemente
[2026-05-12 11:57:15,650][__main__][INFO] - ✓ [google/gemma-3-4b-it] Temp=0.0 Rep=1 → Concordo fortemente
[2026-05-12 11:57:15,678][__main__][INFO] - ✓ [google/gemma-3-4b-it] Temp=0.0 Rep=1 → Discordo
[2026-05-12 11:57:15,681][__main__][INFO] - ✓ [google/gemma-3-4b-it] Temp=0.0 Rep=1 → Discordo
[2026-05-12 11:57:15,684][__main__][INFO] - ✓ [google/gemma-3-4b-it] Temp=0.0 Rep=1 → Discordo
[2026-05-12 11:57:15,886][__main__][INFO] - ✓ [google/gemma-3-4b-it] Temp=0.0 Rep=1 → Concordo fortemente
[2026-05-12 11:57:15,984][__main__][INFO] - ✓ [google/gemma-3-4b-it] Temp=0.0 Rep=1 → Discordo
[2026-05-12 11:57:15,987][__main__][INFO] - ✓ [google/gemma-3-4b-it] Temp=0.0 Rep=1 → Discordo fortemente
[2026-05-12 11:57:15,988][__main__][INFO] - ✓ [google/gemma-3-4b-it] Temp=0.0 Rep=1 → Discordo fortemente
[2026-05-12 11:57:15,989][__main__][INFO] - ✓ [google/gemma-3-4b-it] Temp=0.0 Rep=1 → Concordo fortemente
[2026-05-12 11:57:16,023][__main__][INFO] - ✓ [google/gemma-3-4b-it] Temp=0.0 Rep=1 → Discordo fortemente
[2026-05-12 11:57:16,073][__main__][INFO] - ✓ [google/gemma-3-4b-it] Temp=0.0 Rep=1 → Discordo
[2026-05-12 11:57:16,076][__main__][INFO] - ✓ [google/gemma-3-4b-it] Temp=0.0 Rep=1 → Discordo fortemente
[2026-05-12 11:57:16,079][__main__][INFO] - ✓ [google/gemma-3-4b-it] Temp=0.0 Rep=1 → Concordo fortemente
[2026-05-12 11:57:16,080][__main__][INFO] - ✓ [google/gemma-3-4b-it] Temp=0.0 Rep=1 → Concordo fortemente
[2026-05-12 11:57:16,364][__main__][INFO] - ✓ [google/gemma-3-4b-it] Temp=0.0 Rep=1 → Neutro
[2026-05-12 11:57:16,367][__main__][INFO] - ✓ [google/gemma-3-4b-it] Temp=0.0 Rep=1 → Discordo
[2026-05-12 11:57:16,396][__main__][INFO] - ✓ [google/gemma-3-4b-it] Temp=0.0 Rep=1 → Discordo
[2026-05-12 11:57:16,506][__main__][INFO] - ✓ [google/gemma-3-4b-it] Temp=0.0 Rep=1 → Discordo fortemente
[2026-05-12 11:57:16,510][__main__][INFO] - Salvamento incremental (1960 novas respostas)...
[2026-05-12 11:57:16,565][__main__][INFO] - Cache salvo com 236458 entradas
[2026-05-12 11:57:16,566][__main__][INFO] - ✓ [google/gemma-3-4b-it] Temp=0.0 Rep=1 → Discordo
[2026-05-12 11:57:16,566][__main__][INFO] - ✓ [google/gemma-3-4b-it] Temp=0.0 Rep=1 → Concordo fortemente
[2026-05-12 11:57:16,567][__main__][INFO] - ✓ [google/gemma-3-4b-it] Temp=0.0 Rep=1 → Discordo fortemente
[2026-05-12 11:57:16,567][__main__][INFO] - ✓ [google/gemma-3-4b-it] Temp=0.0 Rep=1 → Discordo fortemente
[2026-05-12 11:57:16,567][__main__][INFO] - ✓ [google/gemma-3-4b-it] Temp=0.0 Rep=1 → Concordo
[2026-05-12 11:57:16,568][__main__][INFO] - ✓ [google/gemma-3-4b-it] Temp=0.0 Rep=1 → Concordo fortemente
[2026-05-12 11:57:16,804][__main__][INFO] - ✓ [google/gemma-3-4b-it] Temp=0.0 Rep=1 → Concordo fortemente
[2026-05-12 11:57:16,900][__main__][INFO] - Cache salvo com 236464 entradas
[2026-05-12 11:57:16,900][__main__][INFO] - Coleta de dados concluída!
