[2026-05-12 12:01:44,285][__main__][INFO] - Retrieval ativado: store='wiki_faiss_store', top_n=[0, 1, 3, 5], emb_model='google/embeddinggemma-300m'
[2026-05-12 12:01:44,285][__main__][INFO] - Carregadas 56 perguntas de dados/pairs.json
[2026-05-12 12:01:44,331][__main__][INFO] - Cache carregado com 240402 entradas
[2026-05-12 12:01:46,818][__main__][INFO] - ✓ [meta-llama/Llama-4-Scout-17B-16E-Instruct] Temp=0.0 Rep=1 → Discordo
[2026-05-12 12:01:46,930][__main__][INFO] - ✓ [meta-llama/Llama-4-Scout-17B-16E-Instruct] Temp=0.0 Rep=1 → Discordo
[2026-05-12 12:01:46,981][__main__][INFO] - ✓ [Qwen/Qwen3-235B-A22B-Instruct-2507] Temp=0.0 Rep=1 → Discordo
[2026-05-12 12:01:46,994][__main__][INFO] - ✓ [Qwen/Qwen3-235B-A22B-Instruct-2507] Temp=0.0 Rep=1 → Discordo
[2026-05-12 12:01:47,033][__main__][INFO] - ✓ [meta-llama/Llama-4-Scout-17B-16E-Instruct] Temp=0.0 Rep=1 → Concordo
[2026-05-12 12:01:47,110][__main__][INFO] - ✓ [Qwen/Qwen3-235B-A22B-Instruct-2507] Temp=0.0 Rep=1 → Neutro
[2026-05-12 12:01:47,490][__main__][INFO] - ✓ [Qwen/Qwen3-235B-A22B-Instruct-2507] Temp=0.0 Rep=1 → Concordo fortemente
[2026-05-12 12:01:47,560][__main__][INFO] - ✓ [Qwen/Qwen3-235B-A22B-Instruct-2507] Temp=0.0 Rep=1 → Concordo
[2026-05-12 12:01:47,602][__main__][INFO] - ✓ [meta-llama/Llama-4-Scout-17B-16E-Instruct] Temp=0.0 Rep=1 → Concordo fortemente
[2026-05-12 12:01:47,608][__main__][INFO] - ✓ [meta-llama/Meta-Llama-3.1-70B-Instruct] Temp=0.0 Rep=1 → Discordo
[2026-05-12 12:01:47,703][__main__][INFO] - ✓ [Qwen/Qwen3-235B-A22B-Instruct-2507] Temp=0.0 Rep=1 → Concordo fortemente
[2026-05-12 12:01:47,837][__main__][INFO] - ✓ [meta-llama/Meta-Llama-3.1-70B-Instruct] Temp=0.0 Rep=1 → Concordo
[2026-05-12 12:01:47,962][__main__][INFO] - ✓ [meta-llama/Llama-4-Scout-17B-16E-Instruct] Temp=0.0 Rep=1 → Concordo fortemente
[2026-05-12 12:01:47,966][__main__][INFO] - ✓ [meta-llama/Llama-4-Scout-17B-16E-Instruct] Temp=0.0 Rep=1 → Concordo fortemente
[2026-05-12 12:01:47,978][__main__][INFO] - ✓ [Qwen/Qwen3-235B-A22B-Instruct-2507] Temp=0.0 Rep=1 → Discordo
[2026-05-12 12:01:48,047][__main__][INFO] - ✓ [Qwen/Qwen3-235B-A22B-Instruct-2507] Temp=0.0 Rep=1 → Discordo
[2026-05-12 12:01:48,171][__main__][INFO] - ✓ [meta-llama/Meta-Llama-3.1-70B-Instruct] Temp=0.0 Rep=1 → Concordo
[2026-05-12 12:01:48,174][__main__][INFO] - ✓ [meta-llama/Meta-Llama-3.1-70B-Instruct] Temp=0.0 Rep=1 → Concordo fortemente
[2026-05-12 12:01:48,218][__main__][INFO] - ✓ [Qwen/Qwen3-235B-A22B-Instruct-2507] Temp=0.0 Rep=1 → Neutro
[2026-05-12 12:01:48,251][__main__][INFO] - ✓ [meta-llama/Meta-Llama-3.1-70B-Instruct] Temp=0.0 Rep=1 → Concordo fortemente
[2026-05-12 12:01:48,294][__main__][INFO] - ✓ [meta-llama/Meta-Llama-3.1-70B-Instruct] Temp=0.0 Rep=1 → Concordo fortemente
[2026-05-12 12:01:48,307][__main__][INFO] - ✓ [meta-llama/Meta-Llama-3.1-70B-Instruct] Temp=0.0 Rep=1 → Concordo
[2026-05-12 12:01:48,488][__main__][INFO] - ✓ [meta-llama/Meta-Llama-3.1-70B-Instruct] Temp=0.0 Rep=1 → Concordo
[2026-05-12 12:01:48,492][__main__][INFO] - ✓ [meta-llama/Llama-4-Scout-17B-16E-Instruct] Temp=0.0 Rep=1 → Concordo
[2026-05-12 12:01:48,507][__main__][INFO] - ✓ [meta-llama/Meta-Llama-3.1-70B-Instruct] Temp=0.0 Rep=1 → Concordo fortemente
[2026-05-12 12:01:48,521][__main__][INFO] - ✓ [meta-llama/Llama-4-Scout-17B-16E-Instruct] Temp=0.0 Rep=1 → Concordo
[2026-05-12 12:01:48,543][__main__][INFO] - ✓ [meta-llama/Llama-4-Scout-17B-16E-Instruct] Temp=0.0 Rep=1 → Concordo
[2026-05-12 12:01:48,822][__main__][INFO] - ✓ [meta-llama/Meta-Llama-3.1-70B-Instruct] Temp=0.0 Rep=1 → Discordo
[2026-05-12 12:01:48,917][__main__][INFO] - ✓ [meta-llama/Llama-4-Scout-17B-16E-Instruct] Temp=0.0 Rep=1 → Discordo
[2026-05-12 12:01:49,013][__main__][INFO] - ✓ [meta-llama/Llama-4-Scout-17B-16E-Instruct] Temp=0.0 Rep=1 → Discordo
[2026-05-12 12:01:49,061][__main__][INFO] - ✓ [meta-llama/Meta-Llama-3.1-70B-Instruct] Temp=0.0 Rep=1 → Concordo fortemente
[2026-05-12 12:01:49,065][__main__][INFO] - ✓ [meta-llama/Meta-Llama-3.1-70B-Instruct] Temp=0.0 Rep=1 → Concordo
[2026-05-12 12:01:49,353][__main__][INFO] - ✓ [Qwen/Qwen3-235B-A22B-Instruct-2507] Temp=0.0 Rep=1 → Discordo
[2026-05-12 12:01:49,355][__main__][INFO] - ✓ [Qwen/Qwen3-235B-A22B-Instruct-2507] Temp=0.0 Rep=1 → Discordo
[2026-05-12 12:01:49,535][__main__][INFO] - ✓ [meta-llama/Llama-4-Scout-17B-16E-Instruct] Temp=0.0 Rep=1 → Discordo
[2026-05-12 12:01:49,714][__main__][INFO] - ✓ [meta-llama/Llama-4-Scout-17B-16E-Instruct] Temp=0.0 Rep=1 → Concordo fortemente
[2026-05-12 12:01:49,752][__main__][INFO] - ✓ [Qwen/Qwen3-235B-A22B-Instruct-2507] Temp=0.0 Rep=1 → Neutro
[2026-05-12 12:01:49,909][__main__][INFO] - ✓ [meta-llama/Llama-4-Scout-17B-16E-Instruct] Temp=0.0 Rep=1 → Concordo fortemente
[2026-05-12 12:01:49,960][__main__][INFO] - ✓ [meta-llama/Meta-Llama-3.1-70B-Instruct] Temp=0.0 Rep=1 → Concordo
[2026-05-12 12:01:50,061][__main__][INFO] - Salvamento incremental (40 novas respostas)...
[2026-05-12 12:01:50,120][__main__][INFO] - Cache salvo com 240442 entradas
[2026-05-12 12:01:50,120][__main__][INFO] - ✓ [meta-llama/Meta-Llama-3.1-70B-Instruct] Temp=0.0 Rep=1 → Concordo fortemente
[2026-05-12 12:01:50,121][__main__][INFO] - ✓ [meta-llama/Meta-Llama-3.1-70B-Instruct] Temp=0.0 Rep=1 → Concordo fortemente
[2026-05-12 12:01:50,171][__main__][INFO] - ✓ [Qwen/Qwen3-235B-A22B-Instruct-2507] Temp=0.0 Rep=1 → Concordo fortemente
[2026-05-12 12:01:50,175][__main__][INFO] - ✓ [Qwen/Qwen3-235B-A22B-Instruct-2507] Temp=0.0 Rep=1 → Concordo fortemente
[2026-05-12 12:01:50,225][__main__][INFO] - ✓ [Qwen/Qwen3-235B-A22B-Instruct-2507] Temp=0.0 Rep=1 → Concordo fortemente
[2026-05-12 12:01:50,289][__main__][INFO] - ✓ [meta-llama/Llama-4-Scout-17B-16E-Instruct] Temp=0.0 Rep=1 → Concordo fortemente
[2026-05-12 12:01:50,594][__main__][INFO] - ✓ [Qwen/Qwen3-235B-A22B-Instruct-2507] Temp=0.0 Rep=1 → Discordo
[2026-05-12 12:01:50,606][__main__][INFO] - ✓ [meta-llama/Llama-4-Scout-17B-16E-Instruct] Temp=0.0 Rep=1 → Discordo fortemente
[2026-05-12 12:01:50,606][__main__][INFO] - ✓ [meta-llama/Llama-4-Scout-17B-16E-Instruct] Temp=0.0 Rep=1 → Concordo
[2026-05-12 12:01:50,607][__main__][INFO] - ✓ [meta-llama/Llama-4-Scout-17B-16E-Instruct] Temp=0.0 Rep=1 → Concordo
[2026-05-12 12:01:50,709][__main__][INFO] - ✓ [Qwen/Qwen3-235B-A22B-Instruct-2507] Temp=0.0 Rep=1 → Neutro
[2026-05-12 12:01:50,713][__main__][INFO] - ✓ [Qwen/Qwen3-235B-A22B-Instruct-2507] Temp=0.0 Rep=1 → Discordo fortemente
[2026-05-12 12:01:50,820][__main__][INFO] - ✓ [meta-llama/Meta-Llama-3.1-70B-Instruct] Temp=0.0 Rep=1 → Discordo
[2026-05-12 12:01:50,916][__main__][INFO] - ✓ [meta-llama/Meta-Llama-3.1-70B-Instruct] Temp=0.0 Rep=1 → Concordo
[2026-05-12 12:01:51,108][__main__][INFO] - ✓ [Qwen/Qwen3-235B-A22B-Instruct-2507] Temp=0.0 Rep=1 → Concordo fortemente
[2026-05-12 12:01:51,149][__main__][INFO] - ✓ [meta-llama/Llama-4-Scout-17B-16E-Instruct] Temp=0.0 Rep=1 → Concordo fortemente
[2026-05-12 12:01:51,226][__main__][INFO] - ✓ [meta-llama/Meta-Llama-3.1-70B-Instruct] Temp=0.0 Rep=1 → Concordo fortemente
[2026-05-12 12:01:51,275][__main__][INFO] - ✓ [meta-llama/Llama-4-Scout-17B-16E-Instruct] Temp=0.0 Rep=1 → Concordo fortemente
[2026-05-12 12:01:51,280][__main__][INFO] - ✓ [meta-llama/Llama-4-Scout-17B-16E-Instruct] Temp=0.0 Rep=1 → Concordo fortemente
[2026-05-12 12:01:51,345][__main__][INFO] - ✓ [Qwen/Qwen3-235B-A22B-Instruct-2507] Temp=0.0 Rep=1 → Concordo
[2026-05-12 12:01:51,632][__main__][INFO] - ✓ [meta-llama/Meta-Llama-3.1-70B-Instruct] Temp=0.0 Rep=1 → Concordo
[2026-05-12 12:01:51,718][__main__][INFO] - ✓ [Qwen/Qwen3-235B-A22B-Instruct-2507] Temp=0.0 Rep=1 → Concordo fortemente
[2026-05-12 12:01:51,939][__main__][INFO] - ✓ [Qwen/Qwen3-235B-A22B-Instruct-2507] Temp=0.0 Rep=1 → Discordo
[2026-05-12 12:01:51,942][__main__][INFO] - ✓ [meta-llama/Meta-Llama-3.1-70B-Instruct] Temp=0.0 Rep=1 → Concordo fortemente
[2026-05-12 12:01:52,025][__main__][INFO] - ✓ [Qwen/Qwen3-235B-A22B-Instruct-2507] Temp=0.0 Rep=1 → Neutro
[2026-05-12 12:01:52,158][__main__][INFO] - ✓ [meta-llama/Llama-4-Scout-17B-16E-Instruct] Temp=0.0 Rep=1 → Discordo
[2026-05-12 12:01:52,176][__main__][INFO] - ✓ [Qwen/Qwen3-235B-A22B-Instruct-2507] Temp=0.0 Rep=1 → Concordo fortemente
[2026-05-12 12:01:52,182][__main__][INFO] - ✓ [meta-llama/Llama-4-Scout-17B-16E-Instruct] Temp=0.0 Rep=1 → Concordo fortemente
[2026-05-12 12:01:52,244][__main__][INFO] - ✓ [meta-llama/Meta-Llama-3.1-70B-Instruct] Temp=0.0 Rep=1 → Concordo fortemente
[2026-05-12 12:01:52,283][__main__][INFO] - ✓ [meta-llama/Meta-Llama-3.1-70B-Instruct] Temp=0.0 Rep=1 → Discordo
[2026-05-12 12:01:52,337][__main__][INFO] - ✓ [meta-llama/Meta-Llama-3.1-70B-Instruct] Temp=0.0 Rep=1 → Concordo
[2026-05-12 12:01:52,348][__main__][INFO] - ✓ [meta-llama/Llama-4-Scout-17B-16E-Instruct] Temp=0.0 Rep=1 → Concordo
[2026-05-12 12:01:52,394][__main__][INFO] - ✓ [meta-llama/Meta-Llama-3.1-70B-Instruct] Temp=0.0 Rep=1 → Concordo fortemente
[2026-05-12 12:01:52,679][__main__][INFO] - ✓ [Qwen/Qwen3-235B-A22B-Instruct-2507] Temp=0.0 Rep=1 → Discordo
[2026-05-12 12:01:52,726][__main__][INFO] - ✓ [meta-llama/Llama-4-Scout-17B-16E-Instruct] Temp=0.0 Rep=1 → Concordo fortemente
[2026-05-12 12:01:52,729][__main__][INFO] - ✓ [meta-llama/Llama-4-Scout-17B-16E-Instruct] Temp=0.0 Rep=1 → Concordo fortemente
[2026-05-12 12:01:52,754][__main__][INFO] - ✓ [Qwen/Qwen3-235B-A22B-Instruct-2507] Temp=0.0 Rep=1 → Neutro
[2026-05-12 12:01:52,761][__main__][INFO] - ✓ [meta-llama/Llama-4-Scout-17B-16E-Instruct] Temp=0.0 Rep=1 → Discordo
[2026-05-12 12:01:52,780][__main__][INFO] - ✓ [Qwen/Qwen3-235B-A22B-Instruct-2507] Temp=0.0 Rep=1 → Concordo fortemente
[2026-05-12 12:01:53,092][__main__][INFO] - ✓ [meta-llama/Meta-Llama-3.1-70B-Instruct] Temp=0.0 Rep=1 → Discordo
[2026-05-12 12:01:53,208][__main__][INFO] - Salvamento incremental (80 novas respostas)...
[2026-05-12 12:01:53,256][__main__][INFO] - Cache salvo com 240482 entradas
[2026-05-12 12:01:53,256][__main__][INFO] - ✓ [Qwen/Qwen3-235B-A22B-Instruct-2507] Temp=0.0 Rep=1 → Concordo fortemente
[2026-05-12 12:01:53,257][__main__][INFO] - ✓ [Qwen/Qwen3-235B-A22B-Instruct-2507] Temp=0.0 Rep=1 → Discordo
[2026-05-12 12:01:53,301][__main__][INFO] - ✓ [meta-llama/Meta-Llama-3.1-70B-Instruct] Temp=0.0 Rep=1 → Concordo
[2026-05-12 12:01:53,331][__main__][INFO] - ✓ [meta-llama/Llama-4-Scout-17B-16E-Instruct] Temp=0.0 Rep=1 → Concordo fortemente
[2026-05-12 12:01:53,379][__main__][INFO] - ✓ [meta-llama/Meta-Llama-3.1-70B-Instruct] Temp=0.0 Rep=1 → Concordo fortemente
[2026-05-12 12:01:53,384][__main__][INFO] - ✓ [meta-llama/Meta-Llama-3.1-70B-Instruct] Temp=0.0 Rep=1 → Discordo
[2026-05-12 12:01:53,478][__main__][INFO] - ✓ [meta-llama/Meta-Llama-3.1-70B-Instruct] Temp=0.0 Rep=1 → Concordo fortemente
[2026-05-12 12:01:53,501][__main__][INFO] - ✓ [Qwen/Qwen3-235B-A22B-Instruct-2507] Temp=0.0 Rep=1 → Concordo fortemente
[2026-05-12 12:01:53,506][__main__][INFO] - ✓ [meta-llama/Meta-Llama-3.1-70B-Instruct] Temp=0.0 Rep=1 → Concordo fortemente
[2026-05-12 12:01:53,600][__main__][INFO] - ✓ [meta-llama/Llama-4-Scout-17B-16E-Instruct] Temp=0.0 Rep=1 → Discordo
[2026-05-12 12:01:53,865][__main__][INFO] - ✓ [meta-llama/Llama-4-Scout-17B-16E-Instruct] Temp=0.0 Rep=1 → Concordo fortemente
[2026-05-12 12:01:53,936][__main__][INFO] - ✓ [meta-llama/Llama-4-Scout-17B-16E-Instruct] Temp=0.0 Rep=1 → Concordo fortemente
[2026-05-12 12:01:53,939][__main__][INFO] - ✓ [meta-llama/Meta-Llama-3.1-70B-Instruct] Temp=0.0 Rep=1 → Discordo
[2026-05-12 12:01:53,967][__main__][INFO] - ✓ [meta-llama/Llama-4-Scout-17B-16E-Instruct] Temp=0.0 Rep=1 → Concordo fortemente
[2026-05-12 12:01:53,978][__main__][INFO] - ✓ [meta-llama/Llama-4-Scout-17B-16E-Instruct] Temp=0.0 Rep=1 → Concordo fortemente
[2026-05-12 12:01:54,000][__main__][INFO] - ✓ [meta-llama/Meta-Llama-3.1-70B-Instruct] Temp=0.0 Rep=1 → Concordo fortemente
[2026-05-12 12:01:54,040][__main__][INFO] - ✓ [Qwen/Qwen3-235B-A22B-Instruct-2507] Temp=0.0 Rep=1 → Concordo
[2026-05-12 12:01:54,076][__main__][INFO] - ✓ [meta-llama/Meta-Llama-3.1-70B-Instruct] Temp=0.0 Rep=1 → Concordo fortemente
[2026-05-12 12:01:54,107][__main__][INFO] - ✓ [Qwen/Qwen3-235B-A22B-Instruct-2507] Temp=0.0 Rep=1 → Concordo fortemente
[2026-05-12 12:01:54,256][__main__][INFO] - ✓ [Qwen/Qwen3-235B-A22B-Instruct-2507] Temp=0.0 Rep=1 → Concordo fortemente
[2026-05-12 12:01:54,642][__main__][INFO] - ✓ [meta-llama/Llama-4-Scout-17B-16E-Instruct] Temp=0.0 Rep=1 → Discordo fortemente
[2026-05-12 12:01:54,666][__main__][INFO] - ✓ [meta-llama/Llama-4-Scout-17B-16E-Instruct] Temp=0.0 Rep=1 → Concordo fortemente
[2026-05-12 12:01:54,675][__main__][INFO] - ✓ [Qwen/Qwen3-235B-A22B-Instruct-2507] Temp=0.0 Rep=1 → Discordo
[2026-05-12 12:01:54,685][__main__][INFO] - ✓ [Qwen/Qwen3-235B-A22B-Instruct-2507] Temp=0.0 Rep=1 → Discordo
[2026-05-12 12:01:54,779][__main__][INFO] - ✓ [meta-llama/Llama-4-Scout-17B-16E-Instruct] Temp=0.0 Rep=1 → Discordo
[2026-05-12 12:01:54,785][__main__][INFO] - ✓ [meta-llama/Meta-Llama-3.1-70B-Instruct] Temp=0.0 Rep=1 → Discordo fortemente
[2026-05-12 12:01:54,910][__main__][INFO] - ✓ [meta-llama/Meta-Llama-3.1-70B-Instruct] Temp=0.0 Rep=1 → Discordo fortemente
[2026-05-12 12:01:55,111][__main__][INFO] - ✓ [meta-llama/Meta-Llama-3.1-70B-Instruct] Temp=0.0 Rep=1 → Concordo fortemente
[2026-05-12 12:01:55,128][__main__][INFO] - ✓ [Qwen/Qwen3-235B-A22B-Instruct-2507] Temp=0.0 Rep=1 → Neutro
[2026-05-12 12:01:55,397][__main__][INFO] - ✓ [Qwen/Qwen3-235B-A22B-Instruct-2507] Temp=0.0 Rep=1 → Discordo
[2026-05-12 12:01:55,412][__main__][INFO] - ✓ [meta-llama/Llama-4-Scout-17B-16E-Instruct] Temp=0.0 Rep=1 → Discordo fortemente
[2026-05-12 12:01:55,443][__main__][INFO] - ✓ [Qwen/Qwen3-235B-A22B-Instruct-2507] Temp=0.0 Rep=1 → Neutro
[2026-05-12 12:01:55,528][__main__][INFO] - ✓ [meta-llama/Llama-4-Scout-17B-16E-Instruct] Temp=0.0 Rep=1 → Concordo
[2026-05-12 12:01:55,550][__main__][INFO] - ✓ [Qwen/Qwen3-235B-A22B-Instruct-2507] Temp=0.0 Rep=1 → Concordo fortemente
[2026-05-12 12:01:55,607][__main__][INFO] - ✓ [meta-llama/Llama-4-Scout-17B-16E-Instruct] Temp=0.0 Rep=1 → Concordo fortemente
[2026-05-12 12:01:56,041][__main__][INFO] - ✓ [meta-llama/Meta-Llama-3.1-70B-Instruct] Temp=0.0 Rep=1 → Discordo
[2026-05-12 12:01:56,048][__main__][INFO] - ✓ [meta-llama/Meta-Llama-3.1-70B-Instruct] Temp=0.0 Rep=1 → Concordo
[2026-05-12 12:01:56,157][__main__][INFO] - ✓ [Qwen/Qwen3-235B-A22B-Instruct-2507] Temp=0.0 Rep=1 → Discordo
[2026-05-12 12:01:56,364][__main__][INFO] - ✓ [Qwen/Qwen3-235B-A22B-Instruct-2507] Temp=0.0 Rep=1 → Neutro
[2026-05-12 12:01:56,392][__main__][INFO] - ✓ [Qwen/Qwen3-235B-A22B-Instruct-2507] Temp=0.0 Rep=1 → Concordo fortemente
[2026-05-12 12:01:56,544][__main__][INFO] - Salvamento incremental (120 novas respostas)...
[2026-05-12 12:01:56,598][__main__][INFO] - Cache salvo com 240522 entradas
[2026-05-12 12:01:56,598][__main__][INFO] - ✓ [meta-llama/Meta-Llama-3.1-70B-Instruct] Temp=0.0 Rep=1 → Discordo
[2026-05-12 12:01:56,646][__main__][INFO] - ✓ [meta-llama/Llama-4-Scout-17B-16E-Instruct] Temp=0.0 Rep=1 → Discordo
[2026-05-12 12:01:56,679][__main__][INFO] - ✓ [meta-llama/Llama-4-Scout-17B-16E-Instruct] Temp=0.0 Rep=1 → Concordo fortemente
[2026-05-12 12:01:56,734][__main__][INFO] - ✓ [meta-llama/Meta-Llama-3.1-70B-Instruct] Temp=0.0 Rep=1 → Concordo fortemente
[2026-05-12 12:01:56,885][__main__][INFO] - ✓ [meta-llama/Meta-Llama-3.1-70B-Instruct] Temp=0.0 Rep=1 → Concordo
[2026-05-12 12:01:56,893][__main__][INFO] - ✓ [meta-llama/Meta-Llama-3.1-70B-Instruct] Temp=0.0 Rep=1 → Concordo fortemente
[2026-05-12 12:01:56,976][__main__][INFO] - ✓ [meta-llama/Llama-4-Scout-17B-16E-Instruct] Temp=0.0 Rep=1 → Concordo fortemente
[2026-05-12 12:01:57,091][__main__][INFO] - ✓ [Qwen/Qwen3-235B-A22B-Instruct-2507] Temp=0.0 Rep=1 → Discordo
[2026-05-12 12:01:57,167][__main__][INFO] - ✓ [Qwen/Qwen3-235B-A22B-Instruct-2507] Temp=0.0 Rep=1 → Discordo fortemente
[2026-05-12 12:01:57,213][__main__][INFO] - ✓ [Qwen/Qwen3-235B-A22B-Instruct-2507] Temp=0.0 Rep=1 → Neutro
[2026-05-12 12:01:57,275][__main__][INFO] - ✓ [meta-llama/Llama-4-Scout-17B-16E-Instruct] Temp=0.0 Rep=1 → Discordo fortemente
[2026-05-12 12:01:57,401][__main__][INFO] - ✓ [meta-llama/Meta-Llama-3.1-70B-Instruct] Temp=0.0 Rep=1 → Discordo fortemente
[2026-05-12 12:01:57,403][__main__][INFO] - ✓ [meta-llama/Llama-4-Scout-17B-16E-Instruct] Temp=0.0 Rep=1 → Discordo fortemente
[2026-05-12 12:01:57,408][__main__][INFO] - ✓ [meta-llama/Meta-Llama-3.1-70B-Instruct] Temp=0.0 Rep=1 → Concordo fortemente
[2026-05-12 12:01:57,419][__main__][INFO] - ✓ [meta-llama/Meta-Llama-3.1-70B-Instruct] Temp=0.0 Rep=1 → Discordo fortemente
[2026-05-12 12:01:57,609][__main__][INFO] - ✓ [meta-llama/Llama-4-Scout-17B-16E-Instruct] Temp=0.0 Rep=1 → Concordo fortemente
[2026-05-12 12:01:57,928][__main__][INFO] - ✓ [Qwen/Qwen3-235B-A22B-Instruct-2507] Temp=0.0 Rep=1 → Discordo
[2026-05-12 12:01:58,134][__main__][INFO] - ✓ [meta-llama/Meta-Llama-3.1-70B-Instruct] Temp=0.0 Rep=1 → Discordo
[2026-05-12 12:01:58,237][__main__][INFO] - ✓ [Qwen/Qwen3-235B-A22B-Instruct-2507] Temp=0.0 Rep=1 → Concordo fortemente
[2026-05-12 12:01:58,317][__main__][INFO] - ✓ [meta-llama/Llama-4-Scout-17B-16E-Instruct] Temp=0.0 Rep=1 → Concordo fortemente
[2026-05-12 12:01:58,448][__main__][INFO] - ✓ [meta-llama/Meta-Llama-3.1-70B-Instruct] Temp=0.0 Rep=1 → Concordo fortemente
[2026-05-12 12:01:58,451][__main__][INFO] - ✓ [Qwen/Qwen3-235B-A22B-Instruct-2507] Temp=0.0 Rep=1 → Concordo fortemente
[2026-05-12 12:01:58,456][__main__][INFO] - ✓ [meta-llama/Meta-Llama-3.1-70B-Instruct] Temp=0.0 Rep=1 → Concordo fortemente
[2026-05-12 12:01:58,840][__main__][INFO] - ✓ [meta-llama/Llama-4-Scout-17B-16E-Instruct] Temp=0.0 Rep=1 → Concordo fortemente
[2026-05-12 12:01:58,981][__main__][INFO] - ✓ [meta-llama/Llama-4-Scout-17B-16E-Instruct] Temp=0.0 Rep=1 → Concordo fortemente
[2026-05-12 12:01:59,072][__main__][INFO] - ✓ [Qwen/Qwen3-235B-A22B-Instruct-2507] Temp=0.0 Rep=1 → Discordo fortemente
[2026-05-12 12:01:59,341][__main__][INFO] - ✓ [Qwen/Qwen3-235B-A22B-Instruct-2507] Temp=0.0 Rep=1 → Discordo
[2026-05-12 12:01:59,608][__main__][INFO] - ✓ [Qwen/Qwen3-235B-A22B-Instruct-2507] Temp=0.0 Rep=1 → Neutro
[2026-05-12 12:02:00,636][__main__][INFO] - ✓ [meta-llama/Meta-Llama-3.1-70B-Instruct] Temp=0.0 Rep=1 → Discordo fortemente
[2026-05-12 12:02:01,368][__main__][INFO] - ✓ [meta-llama/Llama-4-Scout-17B-16E-Instruct] Temp=0.0 Rep=1 → Discordo fortemente
[2026-05-12 12:02:01,593][__main__][INFO] - ✓ [meta-llama/Meta-Llama-3.1-70B-Instruct] Temp=0.0 Rep=1 → Concordo fortemente
[2026-05-12 12:02:01,904][__main__][INFO] - ✓ [meta-llama/Llama-4-Scout-17B-16E-Instruct] Temp=0.0 Rep=1 → Concordo fortemente
[2026-05-12 12:02:01,973][__main__][INFO] - ✓ [meta-llama/Meta-Llama-3.1-70B-Instruct] Temp=0.0 Rep=1 → Discordo fortemente
[2026-05-12 12:02:02,161][__main__][INFO] - ✓ [meta-llama/Llama-4-Scout-17B-16E-Instruct] Temp=0.0 Rep=1 → Discordo
[2026-05-12 12:02:07,403][__main__][INFO] - ✓ [Qwen/Qwen3-14B] Temp=0.0 Rep=1 → Concordo fortemente
[2026-05-12 12:02:07,885][__main__][INFO] - ✓ [Qwen/Qwen3-235B-A22B-Instruct-2507] Temp=0.0 Rep=1 → Discordo
[2026-05-12 12:02:08,133][__main__][INFO] - ✓ [Qwen/Qwen3-14B] Temp=0.0 Rep=1 → Discordo
[2026-05-12 12:02:08,409][__main__][INFO] - ✓ [Qwen/Qwen3-235B-A22B-Instruct-2507] Temp=0.0 Rep=1 → Discordo
[2026-05-12 12:02:08,761][__main__][INFO] - ✓ [Qwen/Qwen3-235B-A22B-Instruct-2507] Temp=0.0 Rep=1 → Neutro
[2026-05-12 12:02:09,458][__main__][INFO] - ✓ [Qwen/Qwen3-14B] Temp=0.0 Rep=1 → Concordo fortemente
[2026-05-12 12:02:09,594][__main__][INFO] - Salvamento incremental (160 novas respostas)...
[2026-05-12 12:02:09,656][__main__][INFO] - Cache salvo com 240562 entradas
[2026-05-12 12:02:09,656][__main__][INFO] - ✓ [meta-llama/Meta-Llama-3.1-70B-Instruct] Temp=0.0 Rep=1 → Discordo fortemente
[2026-05-12 12:02:10,062][__main__][INFO] - ✓ [meta-llama/Meta-Llama-3.1-70B-Instruct] Temp=0.0 Rep=1 → Discordo fortemente
[2026-05-12 12:02:10,115][__main__][INFO] - ✓ [meta-llama/Meta-Llama-3.1-70B-Instruct] Temp=0.0 Rep=1 → Concordo fortemente
[2026-05-12 12:02:10,269][__main__][INFO] - ✓ [meta-llama/Llama-4-Scout-17B-16E-Instruct] Temp=0.0 Rep=1 → Discordo fortemente
[2026-05-12 12:02:10,514][__main__][INFO] - ✓ [meta-llama/Llama-4-Scout-17B-16E-Instruct] Temp=0.0 Rep=1 → Discordo
[2026-05-12 12:02:10,549][__main__][INFO] - ✓ [meta-llama/Llama-4-Scout-17B-16E-Instruct] Temp=0.0 Rep=1 → Concordo fortemente
[2026-05-12 12:02:11,398][__main__][INFO] - ✓ [Qwen/Qwen3-14B] Temp=0.0 Rep=1 → Concordo fortemente
[2026-05-12 12:02:12,120][__main__][INFO] - ✓ [Qwen/Qwen3-14B] Temp=0.0 Rep=1 → Concordo fortemente
[2026-05-12 12:02:12,182][__main__][INFO] - ✓ [Qwen/Qwen3-235B-A22B-Instruct-2507] Temp=0.0 Rep=1 → Concordo fortemente
[2026-05-12 12:02:12,490][__main__][INFO] - ✓ [Qwen/Qwen3-235B-A22B-Instruct-2507] Temp=0.0 Rep=1 → Discordo
[2026-05-12 12:02:12,701][__main__][INFO] - ✓ [Qwen/Qwen3-14B] Temp=0.0 Rep=1 → Concordo fortemente
[2026-05-12 12:02:12,878][__main__][INFO] - ✓ [Qwen/Qwen3-235B-A22B-Instruct-2507] Temp=0.0 Rep=1 → Concordo fortemente
[2026-05-12 12:02:12,995][__main__][INFO] - ✓ [Qwen/Qwen3-14B] Temp=0.0 Rep=1 → Concordo fortemente
[2026-05-12 12:02:13,482][__main__][INFO] - ✓ [meta-llama/Llama-4-Scout-17B-16E-Instruct] Temp=0.0 Rep=1 → Concordo fortemente
[2026-05-12 12:02:13,655][__main__][INFO] - ✓ [meta-llama/Meta-Llama-3.1-70B-Instruct] Temp=0.0 Rep=1 → Concordo fortemente
[2026-05-12 12:02:13,973][__main__][INFO] - ✓ [meta-llama/Llama-4-Scout-17B-16E-Instruct] Temp=0.0 Rep=1 → Concordo fortemente
[2026-05-12 12:02:13,991][__main__][INFO] - ✓ [meta-llama/Llama-4-Scout-17B-16E-Instruct] Temp=0.0 Rep=1 → Concordo fortemente
[2026-05-12 12:02:14,793][__main__][INFO] - ✓ [meta-llama/Meta-Llama-3.1-70B-Instruct] Temp=0.0 Rep=1 → Discordo
[2026-05-12 12:02:15,400][__main__][INFO] - ✓ [meta-llama/Meta-Llama-3.1-70B-Instruct] Temp=0.0 Rep=1 → Concordo fortemente
[2026-05-12 12:02:16,309][__main__][INFO] - ✓ [Qwen/Qwen3-235B-A22B-Instruct-2507] Temp=0.0 Rep=1 → Concordo fortemente
[2026-05-12 12:02:16,893][__main__][INFO] - ✓ [Qwen/Qwen3-235B-A22B-Instruct-2507] Temp=0.0 Rep=1 → Discordo
[2026-05-12 12:02:17,325][__main__][INFO] - ✓ [Qwen/Qwen3-14B] Temp=0.0 Rep=1 → Concordo fortemente
[2026-05-12 12:02:17,721][__main__][INFO] - ✓ [Qwen/Qwen3-14B] Temp=0.0 Rep=1 → Discordo
[2026-05-12 12:02:18,069][__main__][INFO] - ✓ [Qwen/Qwen3-235B-A22B-Instruct-2507] Temp=0.0 Rep=1 → Concordo fortemente
[2026-05-12 12:02:18,190][__main__][INFO] - ✓ [meta-llama/Meta-Llama-3.1-70B-Instruct] Temp=0.0 Rep=1 → Concordo fortemente
[2026-05-12 12:02:18,259][__main__][INFO] - ✓ [meta-llama/Meta-Llama-3.1-70B-Instruct] Temp=0.0 Rep=1 → Discordo
[2026-05-12 12:02:18,639][__main__][INFO] - ✓ [meta-llama/Llama-4-Scout-17B-16E-Instruct] Temp=0.0 Rep=1 → Concordo fortemente
[2026-05-12 12:02:18,726][__main__][INFO] - ✓ [meta-llama/Llama-4-Scout-17B-16E-Instruct] Temp=0.0 Rep=1 → Concordo fortemente
[2026-05-12 12:02:18,736][__main__][INFO] - ✓ [meta-llama/Meta-Llama-3.1-70B-Instruct] Temp=0.0 Rep=1 → Concordo fortemente
[2026-05-12 12:02:19,117][__main__][INFO] - ✓ [meta-llama/Llama-4-Scout-17B-16E-Instruct] Temp=0.0 Rep=1 → Concordo fortemente
[2026-05-12 12:02:20,277][__main__][INFO] - ✓ [Qwen/Qwen3-14B] Temp=0.0 Rep=1 → Concordo fortemente
[2026-05-12 12:02:20,479][__main__][INFO] - ✓ [Qwen/Qwen3-14B] Temp=0.0 Rep=1 → Concordo fortemente
[2026-05-12 12:02:20,615][__main__][INFO] - ✓ [Qwen/Qwen3-14B] Temp=0.0 Rep=1 → Concordo fortemente
[2026-05-12 12:02:20,865][__main__][INFO] - ✓ [Qwen/Qwen3-14B] Temp=0.0 Rep=1 → Concordo fortemente
[2026-05-12 12:02:21,374][__main__][INFO] - ✓ [Qwen/Qwen3-235B-A22B-Instruct-2507] Temp=0.0 Rep=1 → Discordo
[2026-05-12 12:02:21,517][__main__][INFO] - ✓ [Qwen/Qwen3-235B-A22B-Instruct-2507] Temp=0.0 Rep=1 → Concordo fortemente
[2026-05-12 12:02:21,552][__main__][INFO] - ✓ [meta-llama/Meta-Llama-3.1-70B-Instruct] Temp=0.0 Rep=1 → Concordo fortemente
[2026-05-12 12:02:21,599][__main__][INFO] - ✓ [Qwen/Qwen3-235B-A22B-Instruct-2507] Temp=0.0 Rep=1 → Concordo fortemente
[2026-05-12 12:02:21,907][__main__][INFO] - ✓ [meta-llama/Llama-4-Scout-17B-16E-Instruct] Temp=0.0 Rep=1 → Concordo fortemente
[2026-05-12 12:02:21,948][__main__][INFO] - ✓ [meta-llama/Llama-4-Scout-17B-16E-Instruct] Temp=0.0 Rep=1 → Discordo
[2026-05-12 12:02:22,364][__main__][INFO] - Salvamento incremental (200 novas respostas)...
[2026-05-12 12:02:22,424][__main__][INFO] - Cache salvo com 240602 entradas
[2026-05-12 12:02:22,424][__main__][INFO] - ✓ [meta-llama/Meta-Llama-3.1-70B-Instruct] Temp=0.0 Rep=1 → Discordo
[2026-05-12 12:02:22,426][__main__][INFO] - ✓ [meta-llama/Llama-4-Scout-17B-16E-Instruct] Temp=0.0 Rep=1 → Concordo fortemente
[2026-05-12 12:02:22,669][__main__][INFO] - ✓ [meta-llama/Meta-Llama-3.1-70B-Instruct] Temp=0.0 Rep=1 → Concordo fortemente
[2026-05-12 12:02:23,498][__main__][INFO] - ✓ [Qwen/Qwen3-235B-A22B-Instruct-2507] Temp=0.0 Rep=1 → Concordo fortemente
[2026-05-12 12:02:24,009][__main__][INFO] - ✓ [Qwen/Qwen3-235B-A22B-Instruct-2507] Temp=0.0 Rep=1 → Discordo
[2026-05-12 12:02:24,773][__main__][INFO] - ✓ [Qwen/Qwen3-14B] Temp=0.0 Rep=1 → Concordo fortemente
[2026-05-12 12:02:24,878][__main__][INFO] - ✓ [Qwen/Qwen3-235B-A22B-Instruct-2507] Temp=0.0 Rep=1 → Concordo fortemente
[2026-05-12 12:02:25,190][__main__][INFO] - ✓ [Qwen/Qwen3-14B] Temp=0.0 Rep=1 → Neutro
[2026-05-12 12:02:25,563][__main__][INFO] - ✓ [meta-llama/Meta-Llama-3.1-70B-Instruct] Temp=0.0 Rep=1 → Discordo
[2026-05-12 12:02:25,618][__main__][INFO] - ✓ [meta-llama/Meta-Llama-3.1-70B-Instruct] Temp=0.0 Rep=1 → Concordo fortemente
[2026-05-12 12:02:25,869][__main__][INFO] - ✓ [Qwen/Qwen3-14B] Temp=0.0 Rep=1 → Concordo fortemente
[2026-05-12 12:02:25,989][__main__][INFO] - ✓ [meta-llama/Llama-4-Scout-17B-16E-Instruct] Temp=0.0 Rep=1 → Concordo fortemente
[2026-05-12 12:02:26,115][__main__][INFO] - ✓ [meta-llama/Llama-4-Scout-17B-16E-Instruct] Temp=0.0 Rep=1 → Discordo
[2026-05-12 12:02:26,348][__main__][INFO] - ✓ [meta-llama/Llama-4-Scout-17B-16E-Instruct] Temp=0.0 Rep=1 → Concordo fortemente
[2026-05-12 12:02:26,511][__main__][INFO] - ✓ [meta-llama/Meta-Llama-3.1-70B-Instruct] Temp=0.0 Rep=1 → Concordo fortemente
[2026-05-12 12:02:27,173][__main__][INFO] - ✓ [Qwen/Qwen3-235B-A22B-Instruct-2507] Temp=0.0 Rep=1 → Discordo fortemente
[2026-05-12 12:02:27,425][__main__][INFO] - ✓ [Qwen/Qwen3-14B] Temp=0.0 Rep=1 → Concordo fortemente
[2026-05-12 12:02:28,060][__main__][INFO] - ✓ [Qwen/Qwen3-235B-A22B-Instruct-2507] Temp=0.0 Rep=1 → Discordo fortemente
[2026-05-12 12:02:28,089][__main__][INFO] - ✓ [Qwen/Qwen3-235B-A22B-Instruct-2507] Temp=0.0 Rep=1 → Discordo
[2026-05-12 12:02:28,751][__main__][INFO] - ✓ [meta-llama/Meta-Llama-3.1-70B-Instruct] Temp=0.0 Rep=1 → Discordo fortemente
[2026-05-12 12:02:28,873][__main__][INFO] - ✓ [meta-llama/Meta-Llama-3.1-70B-Instruct] Temp=0.0 Rep=1 → Concordo fortemente
[2026-05-12 12:02:29,263][__main__][INFO] - ✓ [meta-llama/Llama-4-Scout-17B-16E-Instruct] Temp=0.0 Rep=1 → Discordo fortemente
[2026-05-12 12:02:29,391][__main__][INFO] - ✓ [meta-llama/Meta-Llama-3.1-70B-Instruct] Temp=0.0 Rep=1 → Discordo fortemente
[2026-05-12 12:02:30,025][__main__][INFO] - ✓ [meta-llama/Llama-4-Scout-17B-16E-Instruct] Temp=0.0 Rep=1 → Discordo
[2026-05-12 12:02:30,822][__main__][INFO] - ✓ [Qwen/Qwen3-14B] Temp=0.0 Rep=1 → Neutro
[2026-05-12 12:02:30,843][__main__][INFO] - ✓ [meta-llama/Llama-4-Scout-17B-16E-Instruct] Temp=0.0 Rep=1 → Concordo
[2026-05-12 12:02:30,986][__main__][INFO] - ✓ [Qwen/Qwen3-14B] Temp=0.0 Rep=1 → Concordo fortemente
[2026-05-12 12:02:31,610][__main__][INFO] - ✓ [Qwen/Qwen3-235B-A22B-Instruct-2507] Temp=0.0 Rep=1 → Discordo
[2026-05-12 12:02:32,186][__main__][INFO] - ✓ [Qwen/Qwen3-235B-A22B-Instruct-2507] Temp=0.0 Rep=1 → Discordo
[2026-05-12 12:02:32,305][__main__][INFO] - ✓ [Qwen/Qwen3-14B] Temp=0.0 Rep=1 → Concordo fortemente
[2026-05-12 12:02:32,413][__main__][INFO] - ✓ [Qwen/Qwen3-14B] Temp=0.0 Rep=1 → Concordo fortemente
[2026-05-12 12:02:32,825][__main__][INFO] - ✓ [Qwen/Qwen3-235B-A22B-Instruct-2507] Temp=0.0 Rep=1 → Neutro
[2026-05-12 12:02:33,264][__main__][INFO] - ✓ [meta-llama/Meta-Llama-3.1-70B-Instruct] Temp=0.0 Rep=1 → Discordo fortemente
[2026-05-12 12:02:33,425][__main__][INFO] - ✓ [meta-llama/Meta-Llama-3.1-70B-Instruct] Temp=0.0 Rep=1 → Concordo fortemente
[2026-05-12 12:02:33,601][__main__][WARNING] - Resposta inválida (tentativa 1/3) de meta-llama/Meta-Llama-3.1-70B-Instruct: Descordo fortemente
[2026-05-12 12:02:33,602][__main__][INFO] - Fazendo retry 2/3...
[2026-05-12 12:02:33,693][__main__][INFO] - ✓ [meta-llama/Llama-4-Scout-17B-16E-Instruct] Temp=0.0 Rep=1 → Discordo fortemente
[2026-05-12 12:02:33,877][__main__][INFO] - ✓ [meta-llama/Llama-4-Scout-17B-16E-Instruct] Temp=0.0 Rep=1 → Concordo fortemente
[2026-05-12 12:02:34,101][__main__][INFO] - ✓ [meta-llama/Llama-4-Scout-17B-16E-Instruct] Temp=0.0 Rep=1 → Discordo fortemente
[2026-05-12 12:02:36,624][__main__][INFO] - ✓ [Qwen/Qwen3-14B] Temp=0.0 Rep=1 → Concordo fortemente
[2026-05-12 12:02:37,244][__main__][INFO] - ✓ [Qwen/Qwen3-235B-A22B-Instruct-2507] Temp=0.0 Rep=1 → Discordo
[2026-05-12 12:02:37,461][__main__][INFO] - ✓ [Qwen/Qwen3-14B] Temp=0.0 Rep=1 → Concordo fortemente
[2026-05-12 12:02:37,480][__main__][INFO] - Salvamento incremental (240 novas respostas)...
[2026-05-12 12:02:37,531][__main__][INFO] - Cache salvo com 240642 entradas
[2026-05-12 12:02:37,531][__main__][INFO] - ✓ [Qwen/Qwen3-14B] Temp=0.0 Rep=1 → Concordo fortemente
[2026-05-12 12:02:37,536][__main__][INFO] - ✓ [Qwen/Qwen3-14B] Temp=0.0 Rep=1 → Concordo fortemente
[2026-05-12 12:02:38,077][__main__][INFO] - ✓ [Qwen/Qwen3-235B-A22B-Instruct-2507] Temp=0.0 Rep=1 → Discordo
[2026-05-12 12:02:38,361][__main__][INFO] - ✓ [Qwen/Qwen3-235B-A22B-Instruct-2507] Temp=0.0 Rep=1 → Neutro
[2026-05-12 12:02:38,706][__main__][INFO] - ✓ [meta-llama/Llama-4-Scout-17B-16E-Instruct] Temp=0.0 Rep=1 → Discordo fortemente
[2026-05-12 12:02:38,726][__main__][INFO] - ✓ [meta-llama/Meta-Llama-3.1-70B-Instruct] Temp=0.0 Rep=1 → Discordo fortemente
[2026-05-12 12:02:38,921][__main__][INFO] - ✓ [meta-llama/Meta-Llama-3.1-70B-Instruct] Temp=0.0 Rep=1 → Concordo fortemente
[2026-05-12 12:02:38,956][__main__][INFO] - ✓ [Qwen/Qwen3-14B] Temp=0.0 Rep=1 → Concordo fortemente
[2026-05-12 12:02:39,003][__main__][INFO] - ✓ [meta-llama/Meta-Llama-3.1-70B-Instruct] Temp=0.0 Rep=1 → Discordo fortemente
[2026-05-12 12:02:39,157][__main__][INFO] - ✓ [meta-llama/Llama-4-Scout-17B-16E-Instruct] Temp=0.0 Rep=1 → Discordo
[2026-05-12 12:02:39,198][__main__][INFO] - ✓ [meta-llama/Llama-4-Scout-17B-16E-Instruct] Temp=0.0 Rep=1 → Concordo fortemente
[2026-05-12 12:02:39,625][__main__][INFO] - ✓ [Qwen/Qwen3-235B-A22B-Instruct-2507] Temp=0.0 Rep=1 → Concordo
[2026-05-12 12:02:39,690][__main__][INFO] - ✓ [Qwen/Qwen3-235B-A22B-Instruct-2507] Temp=0.0 Rep=1 → Concordo fortemente
[2026-05-12 12:02:40,390][__main__][INFO] - ✓ [meta-llama/Meta-Llama-3.1-70B-Instruct] Temp=0.0 Rep=1 → Concordo fortemente
[2026-05-12 12:02:40,570][__main__][INFO] - ✓ [Qwen/Qwen3-235B-A22B-Instruct-2507] Temp=0.0 Rep=1 → Concordo fortemente
[2026-05-12 12:02:40,935][__main__][INFO] - ✓ [meta-llama/Meta-Llama-3.1-70B-Instruct] Temp=0.0 Rep=1 → Concordo
[2026-05-12 12:02:41,142][__main__][INFO] - ✓ [meta-llama/Meta-Llama-3.1-70B-Instruct] Temp=0.0 Rep=1 → Concordo fortemente
[2026-05-12 12:02:41,317][__main__][INFO] - ✓ [meta-llama/Llama-4-Scout-17B-16E-Instruct] Temp=0.0 Rep=1 → Concordo fortemente
[2026-05-12 12:02:41,963][__main__][INFO] - ✓ [meta-llama/Llama-4-Scout-17B-16E-Instruct] Temp=0.0 Rep=1 → Concordo fortemente
[2026-05-12 12:02:42,044][__main__][INFO] - ✓ [meta-llama/Llama-4-Scout-17B-16E-Instruct] Temp=0.0 Rep=1 → Concordo fortemente
[2026-05-12 12:02:42,074][__main__][INFO] - ✓ [Qwen/Qwen3-14B] Temp=0.0 Rep=1 → Concordo fortemente
[2026-05-12 12:02:42,488][__main__][INFO] - ✓ [Qwen/Qwen3-14B] Temp=0.0 Rep=1 → Neutro
[2026-05-12 12:02:42,556][__main__][INFO] - ✓ [Qwen/Qwen3-14B] Temp=0.0 Rep=1 → Concordo fortemente
[2026-05-12 12:02:42,795][__main__][INFO] - ✓ [Qwen/Qwen3-14B] Temp=0.0 Rep=1 → Concordo fortemente
[2026-05-12 12:02:42,813][__main__][INFO] - ✓ [Qwen/Qwen3-14B] Temp=0.0 Rep=1 → Concordo fortemente
[2026-05-12 12:02:43,559][__main__][INFO] - ✓ [Qwen/Qwen3-235B-A22B-Instruct-2507] Temp=0.0 Rep=1 → Discordo fortemente
[2026-05-12 12:02:43,561][__main__][INFO] - ✓ [Qwen/Qwen3-235B-A22B-Instruct-2507] Temp=0.0 Rep=1 → Discordo
[2026-05-12 12:02:43,561][__main__][INFO] - ✓ [Qwen/Qwen3-235B-A22B-Instruct-2507] Temp=0.0 Rep=1 → Discordo fortemente
[2026-05-12 12:02:43,623][__main__][INFO] - ✓ [meta-llama/Meta-Llama-3.1-70B-Instruct] Temp=0.0 Rep=1 → Discordo fortemente
[2026-05-12 12:02:43,692][__main__][INFO] - ✓ [Qwen/Qwen3-14B] Temp=0.0 Rep=1 → Concordo fortemente
[2026-05-12 12:02:44,061][__main__][INFO] - ✓ [meta-llama/Llama-4-Scout-17B-16E-Instruct] Temp=0.0 Rep=1 → Discordo fortemente
[2026-05-12 12:02:44,066][__main__][INFO] - ✓ [meta-llama/Llama-4-Scout-17B-16E-Instruct] Temp=0.0 Rep=1 → Concordo fortemente
[2026-05-12 12:02:44,067][__main__][INFO] - ✓ [meta-llama/Llama-4-Scout-17B-16E-Instruct] Temp=0.0 Rep=1 → Discordo
[2026-05-12 12:02:44,108][__main__][INFO] - ✓ [meta-llama/Meta-Llama-3.1-70B-Instruct] Temp=0.0 Rep=1 → Discordo
[2026-05-12 12:02:44,202][__main__][INFO] - ✓ [meta-llama/Meta-Llama-3.1-70B-Instruct] Temp=0.0 Rep=1 → Concordo fortemente
[2026-05-12 12:02:44,992][__main__][INFO] - ✓ [Qwen/Qwen3-235B-A22B-Instruct-2507] Temp=0.0 Rep=1 → Concordo fortemente
[2026-05-12 12:02:45,109][__main__][INFO] - ✓ [Qwen/Qwen3-235B-A22B-Instruct-2507] Temp=0.0 Rep=1 → Concordo fortemente
[2026-05-12 12:02:45,750][__main__][INFO] - ✓ [Qwen/Qwen3-235B-A22B-Instruct-2507] Temp=0.0 Rep=1 → Concordo fortemente
[2026-05-12 12:02:45,896][__main__][INFO] - ✓ [meta-llama/Meta-Llama-3.1-70B-Instruct] Temp=0.0 Rep=1 → Concordo fortemente
[2026-05-12 12:02:46,739][__main__][INFO] - ✓ [meta-llama/Meta-Llama-3.1-70B-Instruct] Temp=0.0 Rep=1 → Concordo fortemente
[2026-05-12 12:02:46,781][__main__][INFO] - Salvamento incremental (280 novas respostas)...
[2026-05-12 12:02:46,834][__main__][INFO] - Cache salvo com 240682 entradas
[2026-05-12 12:02:46,834][__main__][INFO] - ✓ [meta-llama/Meta-Llama-3.1-70B-Instruct] Temp=0.0 Rep=1 → Concordo fortemente
[2026-05-12 12:02:47,039][__main__][INFO] - ✓ [Qwen/Qwen3-14B] Temp=0.0 Rep=1 → Discordo
[2026-05-12 12:02:47,117][__main__][INFO] - ✓ [meta-llama/Llama-4-Scout-17B-16E-Instruct] Temp=0.0 Rep=1 → Concordo fortemente
[2026-05-12 12:02:47,265][__main__][INFO] - ✓ [meta-llama/Llama-4-Scout-17B-16E-Instruct] Temp=0.0 Rep=1 → Concordo fortemente
[2026-05-12 12:02:47,390][__main__][INFO] - ✓ [meta-llama/Llama-4-Scout-17B-16E-Instruct] Temp=0.0 Rep=1 → Concordo fortemente
[2026-05-12 12:02:47,962][__main__][INFO] - ✓ [Qwen/Qwen3-14B] Temp=0.0 Rep=1 → Discordo
[2026-05-12 12:02:48,037][__main__][INFO] - ✓ [Qwen/Qwen3-14B] Temp=0.0 Rep=1 → Concordo fortemente
[2026-05-12 12:02:48,781][__main__][INFO] - ✓ [Qwen/Qwen3-235B-A22B-Instruct-2507] Temp=0.0 Rep=1 → Concordo
[2026-05-12 12:02:48,868][__main__][INFO] - ✓ [Qwen/Qwen3-235B-A22B-Instruct-2507] Temp=0.0 Rep=1 → Concordo fortemente
[2026-05-12 12:02:49,909][__main__][INFO] - ✓ [meta-llama/Meta-Llama-3.1-70B-Instruct] Temp=0.0 Rep=1 → Concordo fortemente
[2026-05-12 12:02:49,912][__main__][INFO] - ✓ [Qwen/Qwen3-235B-A22B-Instruct-2507] Temp=0.0 Rep=1 → Concordo fortemente
[2026-05-12 12:02:49,913][__main__][INFO] - ✓ [Qwen/Qwen3-14B] Temp=0.0 Rep=1 → Concordo fortemente
[2026-05-12 12:02:50,356][__main__][INFO] - ✓ [meta-llama/Llama-4-Scout-17B-16E-Instruct] Temp=0.0 Rep=1 → Concordo fortemente
[2026-05-12 12:02:50,664][__main__][INFO] - ✓ [meta-llama/Meta-Llama-3.1-70B-Instruct] Temp=0.0 Rep=1 → Concordo
[2026-05-12 12:02:50,734][__main__][INFO] - ✓ [meta-llama/Meta-Llama-3.1-70B-Instruct] Temp=0.0 Rep=1 → Concordo fortemente
[2026-05-12 12:02:51,648][__main__][INFO] - ✓ [Qwen/Qwen3-14B] Temp=0.0 Rep=1 → Concordo fortemente
[2026-05-12 12:02:51,668][__main__][INFO] - ✓ [meta-llama/Llama-4-Scout-17B-16E-Instruct] Temp=0.0 Rep=1 → Concordo fortemente
[2026-05-12 12:02:51,673][__main__][INFO] - ✓ [meta-llama/Llama-4-Scout-17B-16E-Instruct] Temp=0.0 Rep=1 → Concordo fortemente
[2026-05-12 12:02:52,316][__main__][INFO] - ✓ [Qwen/Qwen3-235B-A22B-Instruct-2507] Temp=0.0 Rep=1 → Discordo
[2026-05-12 12:02:52,596][__main__][INFO] - ✓ [Qwen/Qwen3-14B] Temp=0.0 Rep=1 → Concordo fortemente
[2026-05-12 12:02:52,973][__main__][INFO] - ✓ [Qwen/Qwen3-235B-A22B-Instruct-2507] Temp=0.0 Rep=1 → Discordo fortemente
[2026-05-12 12:02:53,091][__main__][INFO] - ✓ [Qwen/Qwen3-235B-A22B-Instruct-2507] Temp=0.0 Rep=1 → Discordo
[2026-05-12 12:02:53,696][__main__][INFO] - ✓ [meta-llama/Meta-Llama-3.1-70B-Instruct] Temp=0.0 Rep=1 → Discordo fortemente
[2026-05-12 12:02:53,805][__main__][INFO] - ✓ [meta-llama/Meta-Llama-3.1-70B-Instruct] Temp=0.0 Rep=1 → Concordo fortemente
[2026-05-12 12:02:54,189][__main__][INFO] - ✓ [meta-llama/Meta-Llama-3.1-70B-Instruct] Temp=0.0 Rep=1 → Discordo
[2026-05-12 12:02:54,313][__main__][INFO] - ✓ [meta-llama/Llama-4-Scout-17B-16E-Instruct] Temp=0.0 Rep=1 → Discordo fortemente
[2026-05-12 12:02:54,612][__main__][INFO] - ✓ [meta-llama/Llama-4-Scout-17B-16E-Instruct] Temp=0.0 Rep=1 → Concordo fortemente
[2026-05-12 12:02:54,784][__main__][INFO] - ✓ [Qwen/Qwen3-14B] Temp=0.0 Rep=1 → Concordo fortemente
[2026-05-12 12:02:54,924][__main__][INFO] - ✓ [meta-llama/Llama-4-Scout-17B-16E-Instruct] Temp=0.0 Rep=1 → Discordo
[2026-05-12 12:02:55,846][__main__][INFO] - ✓ [Qwen/Qwen3-14B] Temp=0.0 Rep=1 → Concordo fortemente
[2026-05-12 12:02:56,208][__main__][INFO] - ✓ [Qwen/Qwen3-235B-A22B-Instruct-2507] Temp=0.0 Rep=1 → Discordo
[2026-05-12 12:02:56,729][__main__][INFO] - ✓ [Qwen/Qwen3-235B-A22B-Instruct-2507] Temp=0.0 Rep=1 → Discordo fortemente
[2026-05-12 12:02:57,259][__main__][INFO] - ✓ [Qwen/Qwen3-235B-A22B-Instruct-2507] Temp=0.0 Rep=1 → Discordo
[2026-05-12 12:02:57,769][__main__][INFO] - ✓ [meta-llama/Meta-Llama-3.1-70B-Instruct] Temp=0.0 Rep=1 → Discordo fortemente
[2026-05-12 12:02:58,308][__main__][INFO] - ✓ [meta-llama/Meta-Llama-3.1-70B-Instruct] Temp=0.0 Rep=1 → Concordo fortemente
[2026-05-12 12:02:58,627][__main__][INFO] - ✓ [Qwen/Qwen3-14B] Temp=0.0 Rep=1 → Concordo fortemente
[2026-05-12 12:02:58,803][__main__][INFO] - ✓ [meta-llama/Meta-Llama-3.1-70B-Instruct] Temp=0.0 Rep=1 → Discordo
[2026-05-12 12:02:59,052][__main__][INFO] - ✓ [meta-llama/Llama-4-Scout-17B-16E-Instruct] Temp=0.0 Rep=1 → Discordo fortemente
[2026-05-12 12:02:59,533][__main__][INFO] - ✓ [meta-llama/Llama-4-Scout-17B-16E-Instruct] Temp=0.0 Rep=1 → Concordo fortemente
[2026-05-12 12:02:59,542][__main__][INFO] - ✓ [meta-llama/Llama-4-Scout-17B-16E-Instruct] Temp=0.0 Rep=1 → Concordo fortemente
[2026-05-12 12:03:00,353][__main__][INFO] - Salvamento incremental (320 novas respostas)...
[2026-05-12 12:03:00,428][__main__][INFO] - Cache salvo com 240722 entradas
[2026-05-12 12:03:00,428][__main__][INFO] - ✓ [Qwen/Qwen3-14B] Temp=0.0 Rep=1 → Concordo fortemente
[2026-05-12 12:03:00,522][__main__][INFO] - ✓ [Qwen/Qwen3-14B] Temp=0.0 Rep=1 → Discordo
[2026-05-12 12:03:00,839][__main__][INFO] - ✓ [Qwen/Qwen3-14B] Temp=0.0 Rep=1 → Concordo fortemente
[2026-05-12 12:03:00,843][__main__][INFO] - ✓ [Qwen/Qwen3-14B] Temp=0.0 Rep=1 → Neutro
[2026-05-12 12:03:00,844][__main__][INFO] - ✓ [Qwen/Qwen3-14B] Temp=0.0 Rep=1 → Discordo
[2026-05-12 12:03:01,091][__main__][INFO] - ✓ [Qwen/Qwen3-235B-A22B-Instruct-2507] Temp=0.0 Rep=1 → Discordo
[2026-05-12 12:03:01,363][__main__][INFO] - ✓ [Qwen/Qwen3-235B-A22B-Instruct-2507] Temp=0.0 Rep=1 → Neutro
[2026-05-12 12:03:01,382][__main__][INFO] - ✓ [Qwen/Qwen3-235B-A22B-Instruct-2507] Temp=0.0 Rep=1 → Discordo fortemente
[2026-05-12 12:03:01,923][__main__][INFO] - ✓ [meta-llama/Llama-4-Scout-17B-16E-Instruct] Temp=0.0 Rep=1 → Discordo fortemente
[2026-05-12 12:03:02,013][__main__][INFO] - ✓ [meta-llama/Meta-Llama-3.1-70B-Instruct] Temp=0.0 Rep=1 → Discordo fortemente
[2026-05-12 12:03:02,114][__main__][INFO] - ✓ [meta-llama/Meta-Llama-3.1-70B-Instruct] Temp=0.0 Rep=1 → Discordo
[2026-05-12 12:03:02,252][__main__][INFO] - ✓ [meta-llama/Meta-Llama-3.1-70B-Instruct] Temp=0.0 Rep=1 → Concordo fortemente
[2026-05-12 12:03:02,658][__main__][INFO] - ✓ [meta-llama/Llama-4-Scout-17B-16E-Instruct] Temp=0.0 Rep=1 → Concordo fortemente
[2026-05-12 12:03:02,662][__main__][INFO] - ✓ [meta-llama/Llama-4-Scout-17B-16E-Instruct] Temp=0.0 Rep=1 → Discordo
[2026-05-12 12:03:03,220][__main__][INFO] - ✓ [Qwen/Qwen3-14B] Temp=0.0 Rep=1 → Concordo fortemente
[2026-05-12 12:03:03,223][__main__][INFO] - ✓ [Qwen/Qwen3-235B-A22B-Instruct-2507] Temp=0.0 Rep=1 → Discordo
[2026-05-12 12:03:03,577][__main__][INFO] - ✓ [Qwen/Qwen3-235B-A22B-Instruct-2507] Temp=0.0 Rep=1 → Neutro
[2026-05-12 12:03:03,761][__main__][INFO] - ✓ [Qwen/Qwen3-235B-A22B-Instruct-2507] Temp=0.0 Rep=1 → Discordo fortemente
[2026-05-12 12:03:04,084][__main__][INFO] - ✓ [meta-llama/Meta-Llama-3.1-70B-Instruct] Temp=0.0 Rep=1 → Discordo fortemente
[2026-05-12 12:03:04,367][__main__][INFO] - ✓ [meta-llama/Meta-Llama-3.1-70B-Instruct] Temp=0.0 Rep=1 → Concordo fortemente
[2026-05-12 12:03:04,369][__main__][INFO] - ✓ [Qwen/Qwen3-14B] Temp=0.0 Rep=1 → Concordo fortemente
[2026-05-12 12:03:04,842][__main__][INFO] - ✓ [meta-llama/Llama-4-Scout-17B-16E-Instruct] Temp=0.0 Rep=1 → Concordo fortemente
[2026-05-12 12:03:05,032][__main__][INFO] - ✓ [meta-llama/Llama-4-Scout-17B-16E-Instruct] Temp=0.0 Rep=1 → Discordo fortemente
[2026-05-12 12:03:05,033][__main__][INFO] - ✓ [meta-llama/Meta-Llama-3.1-70B-Instruct] Temp=0.0 Rep=1 → Discordo fortemente
[2026-05-12 12:03:05,689][__main__][INFO] - ✓ [meta-llama/Llama-4-Scout-17B-16E-Instruct] Temp=0.0 Rep=1 → Concordo fortemente
[2026-05-12 12:03:06,864][__main__][INFO] - ✓ [Qwen/Qwen3-14B] Temp=0.0 Rep=1 → Concordo fortemente
[2026-05-12 12:03:07,484][__main__][INFO] - ✓ [Qwen/Qwen3-14B] Temp=0.0 Rep=1 → Concordo fortemente
[2026-05-12 12:03:07,925][__main__][INFO] - ✓ [Qwen/Qwen3-235B-A22B-Instruct-2507] Temp=0.0 Rep=1 → Concordo fortemente
[2026-05-12 12:03:08,236][__main__][INFO] - ✓ [Qwen/Qwen3-235B-A22B-Instruct-2507] Temp=0.0 Rep=1 → Neutro
[2026-05-12 12:03:08,794][__main__][INFO] - ✓ [meta-llama/Meta-Llama-3.1-70B-Instruct] Temp=0.0 Rep=1 → Concordo fortemente
[2026-05-12 12:03:09,234][__main__][INFO] - ✓ [meta-llama/Meta-Llama-3.1-70B-Instruct] Temp=0.0 Rep=1 → Discordo
[2026-05-12 12:03:10,078][__main__][INFO] - ✓ [meta-llama/Meta-Llama-3.1-70B-Instruct] Temp=0.0 Rep=1 → Concordo
[2026-05-12 12:03:10,276][__main__][INFO] - ✓ [Qwen/Qwen3-235B-A22B-Instruct-2507] Temp=0.0 Rep=1 → Neutro
[2026-05-12 12:03:10,652][__main__][INFO] - ✓ [meta-llama/Llama-4-Scout-17B-16E-Instruct] Temp=0.0 Rep=1 → Concordo fortemente
[2026-05-12 12:03:10,881][__main__][INFO] - ✓ [meta-llama/Llama-4-Scout-17B-16E-Instruct] Temp=0.0 Rep=1 → Discordo
[2026-05-12 12:03:10,994][__main__][INFO] - ✓ [meta-llama/Llama-4-Scout-17B-16E-Instruct] Temp=0.0 Rep=1 → Concordo
[2026-05-12 12:03:11,060][__main__][INFO] - ✓ [Qwen/Qwen3-14B] Temp=0.0 Rep=1 → Concordo fortemente
[2026-05-12 12:03:11,877][__main__][INFO] - ✓ [Qwen/Qwen3-14B] Temp=0.0 Rep=1 → Concordo fortemente
[2026-05-12 12:03:12,045][__main__][INFO] - ✓ [Qwen/Qwen3-14B] Temp=0.0 Rep=1 → Concordo fortemente
[2026-05-12 12:03:12,642][__main__][INFO] - ✓ [Qwen/Qwen3-14B] Temp=0.0 Rep=1 → Concordo fortemente
[2026-05-12 12:03:12,646][__main__][INFO] - Salvamento incremental (360 novas respostas)...
[2026-05-12 12:03:12,719][__main__][INFO] - Cache salvo com 240762 entradas
[2026-05-12 12:03:12,720][__main__][INFO] - ✓ [Qwen/Qwen3-235B-A22B-Instruct-2507] Temp=0.0 Rep=1 → Concordo fortemente
[2026-05-12 12:03:12,721][__main__][INFO] - ✓ [Qwen/Qwen3-235B-A22B-Instruct-2507] Temp=0.0 Rep=1 → Discordo
[2026-05-12 12:03:12,723][__main__][INFO] - ✓ [Qwen/Qwen3-14B] Temp=0.0 Rep=1 → Concordo fortemente
[2026-05-12 12:03:13,139][__main__][INFO] - ✓ [meta-llama/Meta-Llama-3.1-70B-Instruct] Temp=0.0 Rep=1 → Discordo
[2026-05-12 12:03:13,258][__main__][INFO] - ✓ [meta-llama/Meta-Llama-3.1-70B-Instruct] Temp=0.0 Rep=1 → Concordo fortemente
[2026-05-12 12:03:13,259][__main__][INFO] - ✓ [meta-llama/Meta-Llama-3.1-70B-Instruct] Temp=0.0 Rep=1 → Concordo fortemente
[2026-05-12 12:03:13,424][__main__][INFO] - ✓ [Qwen/Qwen3-235B-A22B-Instruct-2507] Temp=0.0 Rep=1 → Neutro
[2026-05-12 12:03:13,610][__main__][INFO] - ✓ [meta-llama/Llama-4-Scout-17B-16E-Instruct] Temp=0.0 Rep=1 → Concordo fortemente
[2026-05-12 12:03:13,652][__main__][INFO] - ✓ [meta-llama/Llama-4-Scout-17B-16E-Instruct] Temp=0.0 Rep=1 → Discordo
[2026-05-12 12:03:13,669][__main__][INFO] - ✓ [meta-llama/Llama-4-Scout-17B-16E-Instruct] Temp=0.0 Rep=1 → Concordo fortemente
[2026-05-12 12:03:14,469][__main__][INFO] - ✓ [Qwen/Qwen3-235B-A22B-Instruct-2507] Temp=0.0 Rep=1 → Discordo fortemente
[2026-05-12 12:03:15,099][__main__][INFO] - ✓ [Qwen/Qwen3-235B-A22B-Instruct-2507] Temp=0.0 Rep=1 → Discordo
[2026-05-12 12:03:15,819][__main__][INFO] - ✓ [Qwen/Qwen3-14B] Temp=0.0 Rep=1 → Concordo fortemente
[2026-05-12 12:03:15,820][__main__][INFO] - ✓ [Qwen/Qwen3-14B] Temp=0.0 Rep=1 → Concordo fortemente
[2026-05-12 12:03:15,821][__main__][INFO] - ✓ [Qwen/Qwen3-235B-A22B-Instruct-2507] Temp=0.0 Rep=1 → Discordo
[2026-05-12 12:03:16,431][__main__][INFO] - ✓ [meta-llama/Meta-Llama-3.1-70B-Instruct] Temp=0.0 Rep=1 → Discordo fortemente
[2026-05-12 12:03:16,434][__main__][INFO] - ✓ [meta-llama/Meta-Llama-3.1-70B-Instruct] Temp=0.0 Rep=1 → Discordo fortemente
[2026-05-12 12:03:16,453][__main__][INFO] - ✓ [meta-llama/Meta-Llama-3.1-70B-Instruct] Temp=0.0 Rep=1 → Concordo fortemente
[2026-05-12 12:03:16,908][__main__][INFO] - ✓ [meta-llama/Llama-4-Scout-17B-16E-Instruct] Temp=0.0 Rep=1 → Concordo fortemente
[2026-05-12 12:03:16,923][__main__][INFO] - ✓ [meta-llama/Llama-4-Scout-17B-16E-Instruct] Temp=0.0 Rep=1 → Discordo fortemente
[2026-05-12 12:03:17,090][__main__][INFO] - ✓ [meta-llama/Llama-4-Scout-17B-16E-Instruct] Temp=0.0 Rep=1 → Discordo fortemente
[2026-05-12 12:03:17,812][__main__][INFO] - ✓ [Qwen/Qwen3-14B] Temp=0.0 Rep=1 → Concordo fortemente
[2026-05-12 12:03:18,682][__main__][INFO] - ✓ [Qwen/Qwen3-14B] Temp=0.0 Rep=1 → Concordo fortemente
[2026-05-12 12:03:18,707][__main__][INFO] - ✓ [Qwen/Qwen3-235B-A22B-Instruct-2507] Temp=0.0 Rep=1 → Discordo fortemente
[2026-05-12 12:03:18,821][__main__][INFO] - ✓ [Qwen/Qwen3-14B] Temp=0.0 Rep=1 → Discordo
[2026-05-12 12:03:19,187][__main__][INFO] - ✓ [Qwen/Qwen3-14B] Temp=0.0 Rep=1 → Discordo
[2026-05-12 12:03:19,191][__main__][INFO] - ✓ [Qwen/Qwen3-235B-A22B-Instruct-2507] Temp=0.0 Rep=1 → Discordo
[2026-05-12 12:03:19,196][__main__][INFO] - ✓ [Qwen/Qwen3-235B-A22B-Instruct-2507] Temp=0.0 Rep=1 → Discordo
[2026-05-12 12:03:19,393][__main__][INFO] - ✓ [meta-llama/Meta-Llama-3.1-70B-Instruct] Temp=0.0 Rep=1 → Discordo fortemente
[2026-05-12 12:03:19,597][__main__][INFO] - ✓ [Qwen/Qwen3-14B] Temp=0.0 Rep=1 → Concordo fortemente
[2026-05-12 12:03:19,710][__main__][INFO] - ✓ [meta-llama/Llama-4-Scout-17B-16E-Instruct] Temp=0.0 Rep=1 → Discordo fortemente
[2026-05-12 12:03:19,715][__main__][INFO] - ✓ [meta-llama/Meta-Llama-3.1-70B-Instruct] Temp=0.0 Rep=1 → Concordo fortemente
[2026-05-12 12:03:19,809][__main__][INFO] - ✓ [meta-llama/Llama-4-Scout-17B-16E-Instruct] Temp=0.0 Rep=1 → Concordo fortemente
[2026-05-12 12:03:19,980][__main__][INFO] - ✓ [meta-llama/Llama-4-Scout-17B-16E-Instruct] Temp=0.0 Rep=1 → Discordo fortemente
[2026-05-12 12:03:20,236][__main__][INFO] - ✓ [Qwen/Qwen3-14B] Temp=0.0 Rep=1 → Discordo
[2026-05-12 12:03:20,326][__main__][INFO] - ✓ [meta-llama/Meta-Llama-3.1-70B-Instruct] Temp=0.0 Rep=1 → Discordo fortemente
[2026-05-12 12:03:20,374][__main__][INFO] - ✓ [Qwen/Qwen3-14B] Temp=0.0 Rep=1 → Discordo
[2026-05-12 12:03:20,812][__main__][INFO] - ✓ [Qwen/Qwen3-235B-A22B-Instruct-2507] Temp=0.0 Rep=1 → Concordo fortemente
[2026-05-12 12:03:20,825][__main__][INFO] - ✓ [Qwen/Qwen3-235B-A22B-Instruct-2507] Temp=0.0 Rep=1 → Concordo
[2026-05-12 12:03:20,886][__main__][INFO] - ✓ [meta-llama/Meta-Llama-3.1-70B-Instruct] Temp=0.0 Rep=1 → Concordo fortemente
[2026-05-12 12:03:21,058][__main__][INFO] - Salvamento incremental (400 novas respostas)...
[2026-05-12 12:03:21,111][__main__][INFO] - Cache salvo com 240802 entradas
[2026-05-12 12:03:21,111][__main__][INFO] - ✓ [Qwen/Qwen3-235B-A22B-Instruct-2507] Temp=0.0 Rep=1 → Concordo fortemente
[2026-05-12 12:03:21,285][__main__][INFO] - ✓ [meta-llama/Meta-Llama-3.1-70B-Instruct] Temp=0.0 Rep=1 → Concordo
[2026-05-12 12:03:21,294][__main__][INFO] - ✓ [meta-llama/Llama-4-Scout-17B-16E-Instruct] Temp=0.0 Rep=1 → Concordo fortemente
[2026-05-12 12:03:21,331][__main__][INFO] - ✓ [meta-llama/Meta-Llama-3.1-70B-Instruct] Temp=0.0 Rep=1 → Concordo fortemente
[2026-05-12 12:03:21,472][__main__][INFO] - ✓ [Qwen/Qwen3-14B] Temp=0.0 Rep=1 → Concordo fortemente
[2026-05-12 12:03:21,495][__main__][INFO] - ✓ [meta-llama/Llama-4-Scout-17B-16E-Instruct] Temp=0.0 Rep=1 → Concordo fortemente
[2026-05-12 12:03:21,646][__main__][INFO] - ✓ [meta-llama/Llama-4-Scout-17B-16E-Instruct] Temp=0.0 Rep=1 → Concordo fortemente
[2026-05-12 12:03:21,827][__main__][INFO] - ✓ [Qwen/Qwen3-14B] Temp=0.0 Rep=1 → Concordo fortemente
[2026-05-12 12:03:22,368][__main__][INFO] - ✓ [Qwen/Qwen3-235B-A22B-Instruct-2507] Temp=0.0 Rep=1 → Concordo fortemente
[2026-05-12 12:03:22,373][__main__][INFO] - ✓ [Qwen/Qwen3-235B-A22B-Instruct-2507] Temp=0.0 Rep=1 → Concordo fortemente
[2026-05-12 12:03:22,548][__main__][INFO] - ✓ [Qwen/Qwen3-235B-A22B-Instruct-2507] Temp=0.0 Rep=1 → Concordo fortemente
[2026-05-12 12:03:22,859][__main__][INFO] - ✓ [meta-llama/Meta-Llama-3.1-70B-Instruct] Temp=0.0 Rep=1 → Concordo
[2026-05-12 12:03:22,864][__main__][INFO] - ✓ [meta-llama/Meta-Llama-3.1-70B-Instruct] Temp=0.0 Rep=1 → Concordo fortemente
[2026-05-12 12:03:23,072][__main__][INFO] - ✓ [meta-llama/Meta-Llama-3.1-70B-Instruct] Temp=0.0 Rep=1 → Concordo fortemente
[2026-05-12 12:03:23,158][__main__][INFO] - ✓ [meta-llama/Llama-4-Scout-17B-16E-Instruct] Temp=0.0 Rep=1 → Concordo fortemente
[2026-05-12 12:03:23,596][__main__][INFO] - ✓ [meta-llama/Llama-4-Scout-17B-16E-Instruct] Temp=0.0 Rep=1 → Concordo fortemente
[2026-05-12 12:03:23,714][__main__][INFO] - ✓ [meta-llama/Llama-4-Scout-17B-16E-Instruct] Temp=0.0 Rep=1 → Concordo fortemente
[2026-05-12 12:03:24,519][__main__][INFO] - ✓ [Qwen/Qwen3-14B] Temp=0.0 Rep=1 → Concordo fortemente
[2026-05-12 12:03:25,644][__main__][INFO] - ✓ [Qwen/Qwen3-235B-A22B-Instruct-2507] Temp=0.0 Rep=1 → Concordo fortemente
[2026-05-12 12:03:26,567][__main__][INFO] - ✓ [Qwen/Qwen3-235B-A22B-Instruct-2507] Temp=0.0 Rep=1 → Discordo
[2026-05-12 12:03:27,079][__main__][INFO] - ✓ [Qwen/Qwen3-14B] Temp=0.0 Rep=1 → Concordo fortemente
[2026-05-12 12:03:27,131][__main__][INFO] - ✓ [Qwen/Qwen3-235B-A22B-Instruct-2507] Temp=0.0 Rep=1 → Neutro
[2026-05-12 12:03:27,695][__main__][INFO] - ✓ [meta-llama/Meta-Llama-3.1-70B-Instruct] Temp=0.0 Rep=1 → Concordo fortemente
[2026-05-12 12:03:27,725][__main__][INFO] - ✓ [meta-llama/Meta-Llama-3.1-70B-Instruct] Temp=0.0 Rep=1 → Discordo fortemente
[2026-05-12 12:03:28,137][__main__][INFO] - ✓ [meta-llama/Meta-Llama-3.1-70B-Instruct] Temp=0.0 Rep=1 → Concordo
[2026-05-12 12:03:28,143][__main__][INFO] - ✓ [meta-llama/Llama-4-Scout-17B-16E-Instruct] Temp=0.0 Rep=1 → Concordo fortemente
[2026-05-12 12:03:28,412][__main__][INFO] - ✓ [Qwen/Qwen3-14B] Temp=0.0 Rep=1 → Concordo fortemente
[2026-05-12 12:03:28,502][__main__][INFO] - ✓ [Qwen/Qwen3-14B] Temp=0.0 Rep=1 → Discordo
[2026-05-12 12:03:28,682][__main__][INFO] - ✓ [meta-llama/Llama-4-Scout-17B-16E-Instruct] Temp=0.0 Rep=1 → Discordo
[2026-05-12 12:03:28,756][__main__][INFO] - ✓ [meta-llama/Llama-4-Scout-17B-16E-Instruct] Temp=0.0 Rep=1 → Concordo fortemente
[2026-05-12 12:03:29,192][__main__][INFO] - ✓ [Qwen/Qwen3-14B] Temp=0.0 Rep=1 → Concordo fortemente
[2026-05-12 12:03:29,472][__main__][INFO] - ✓ [Qwen/Qwen3-235B-A22B-Instruct-2507] Temp=0.0 Rep=1 → Concordo fortemente
[2026-05-12 12:03:29,673][__main__][INFO] - ✓ [Qwen/Qwen3-14B] Temp=0.0 Rep=1 → Concordo fortemente
[2026-05-12 12:03:29,947][__main__][INFO] - ✓ [Qwen/Qwen3-235B-A22B-Instruct-2507] Temp=0.0 Rep=1 → Discordo
[2026-05-12 12:03:30,099][__main__][INFO] - ✓ [Qwen/Qwen3-14B] Temp=0.0 Rep=1 → Discordo
[2026-05-12 12:03:30,197][__main__][INFO] - ✓ [Qwen/Qwen3-235B-A22B-Instruct-2507] Temp=0.0 Rep=1 → Concordo
[2026-05-12 12:03:30,479][__main__][INFO] - ✓ [meta-llama/Meta-Llama-3.1-70B-Instruct] Temp=0.0 Rep=1 → Concordo fortemente
[2026-05-12 12:03:30,548][__main__][INFO] - ✓ [meta-llama/Meta-Llama-3.1-70B-Instruct] Temp=0.0 Rep=1 → Discordo
[2026-05-12 12:03:30,588][__main__][INFO] - ✓ [meta-llama/Llama-4-Scout-17B-16E-Instruct] Temp=0.0 Rep=1 → Concordo fortemente
[2026-05-12 12:03:30,615][__main__][INFO] - ✓ [meta-llama/Meta-Llama-3.1-70B-Instruct] Temp=0.0 Rep=1 → Concordo
[2026-05-12 12:03:30,745][__main__][INFO] - Salvamento incremental (440 novas respostas)...
[2026-05-12 12:03:30,803][__main__][INFO] - Cache salvo com 240842 entradas
[2026-05-12 12:03:30,803][__main__][INFO] - ✓ [Qwen/Qwen3-14B] Temp=0.0 Rep=1 → Concordo fortemente
[2026-05-12 12:03:30,936][__main__][INFO] - ✓ [meta-llama/Llama-4-Scout-17B-16E-Instruct] Temp=0.0 Rep=1 → Discordo
[2026-05-12 12:03:30,965][__main__][INFO] - ✓ [meta-llama/Llama-4-Scout-17B-16E-Instruct] Temp=0.0 Rep=1 → Concordo fortemente
[2026-05-12 12:03:31,646][__main__][INFO] - ✓ [Qwen/Qwen3-235B-A22B-Instruct-2507] Temp=0.0 Rep=1 → Concordo fortemente
[2026-05-12 12:03:31,651][__main__][INFO] - ✓ [Qwen/Qwen3-235B-A22B-Instruct-2507] Temp=0.0 Rep=1 → Concordo fortemente
[2026-05-12 12:03:31,679][__main__][INFO] - ✓ [Qwen/Qwen3-14B] Temp=0.0 Rep=1 → Concordo fortemente
[2026-05-12 12:03:32,159][__main__][INFO] - ✓ [meta-llama/Meta-Llama-3.1-70B-Instruct] Temp=0.0 Rep=1 → Concordo
[2026-05-12 12:03:32,187][__main__][INFO] - ✓ [Qwen/Qwen3-235B-A22B-Instruct-2507] Temp=0.0 Rep=1 → Concordo fortemente
[2026-05-12 12:03:32,234][__main__][INFO] - ✓ [meta-llama/Meta-Llama-3.1-70B-Instruct] Temp=0.0 Rep=1 → Concordo fortemente
[2026-05-12 12:03:32,682][__main__][INFO] - ✓ [meta-llama/Llama-4-Scout-17B-16E-Instruct] Temp=0.0 Rep=1 → Concordo fortemente
[2026-05-12 12:03:32,722][__main__][INFO] - ✓ [meta-llama/Llama-4-Scout-17B-16E-Instruct] Temp=0.0 Rep=1 → Concordo fortemente
[2026-05-12 12:03:32,797][__main__][INFO] - ✓ [meta-llama/Meta-Llama-3.1-70B-Instruct] Temp=0.0 Rep=1 → Concordo fortemente
[2026-05-12 12:03:32,982][__main__][INFO] - ✓ [meta-llama/Llama-4-Scout-17B-16E-Instruct] Temp=0.0 Rep=1 → Concordo fortemente
[2026-05-12 12:03:33,015][__main__][INFO] - ✓ [Qwen/Qwen3-14B] Temp=0.0 Rep=1 → Concordo fortemente
[2026-05-12 12:03:33,940][__main__][INFO] - ✓ [Qwen/Qwen3-235B-A22B-Instruct-2507] Temp=0.0 Rep=1 → Discordo fortemente
[2026-05-12 12:03:34,677][__main__][INFO] - ✓ [Qwen/Qwen3-235B-A22B-Instruct-2507] Temp=0.0 Rep=1 → Concordo fortemente
[2026-05-12 12:03:34,810][__main__][INFO] - ✓ [Qwen/Qwen3-14B] Temp=0.0 Rep=1 → Concordo fortemente
[2026-05-12 12:03:35,089][__main__][INFO] - ✓ [Qwen/Qwen3-235B-A22B-Instruct-2507] Temp=0.0 Rep=1 → Neutro
[2026-05-12 12:03:35,475][__main__][INFO] - ✓ [meta-llama/Meta-Llama-3.1-70B-Instruct] Temp=0.0 Rep=1 → Discordo fortemente
[2026-05-12 12:03:35,597][__main__][INFO] - ✓ [meta-llama/Meta-Llama-3.1-70B-Instruct] Temp=0.0 Rep=1 → Concordo fortemente
[2026-05-12 12:03:35,964][__main__][INFO] - ✓ [meta-llama/Meta-Llama-3.1-70B-Instruct] Temp=0.0 Rep=1 → Concordo
[2026-05-12 12:03:36,009][__main__][INFO] - ✓ [meta-llama/Llama-4-Scout-17B-16E-Instruct] Temp=0.0 Rep=1 → Discordo fortemente
[2026-05-12 12:03:36,170][__main__][INFO] - ✓ [Qwen/Qwen3-14B] Temp=0.0 Rep=1 → Concordo fortemente
[2026-05-12 12:03:36,354][__main__][INFO] - ✓ [meta-llama/Llama-4-Scout-17B-16E-Instruct] Temp=0.0 Rep=1 → Concordo fortemente
[2026-05-12 12:03:36,398][__main__][INFO] - ✓ [meta-llama/Llama-4-Scout-17B-16E-Instruct] Temp=0.0 Rep=1 → Discordo fortemente
[2026-05-12 12:03:37,422][__main__][INFO] - ✓ [Qwen/Qwen3-14B] Temp=0.0 Rep=1 → Discordo
[2026-05-12 12:03:37,492][__main__][INFO] - ✓ [Qwen/Qwen3-14B] Temp=0.0 Rep=1 → Concordo fortemente
[2026-05-12 12:03:38,241][__main__][INFO] - ✓ [Qwen/Qwen3-235B-A22B-Instruct-2507] Temp=0.0 Rep=1 → Discordo
[2026-05-12 12:03:38,246][__main__][INFO] - ✓ [Qwen/Qwen3-235B-A22B-Instruct-2507] Temp=0.0 Rep=1 → Discordo fortemente
[2026-05-12 12:03:38,452][__main__][INFO] - ✓ [Qwen/Qwen3-14B] Temp=0.0 Rep=1 → Concordo fortemente
[2026-05-12 12:03:38,750][__main__][INFO] - ✓ [meta-llama/Meta-Llama-3.1-70B-Instruct] Temp=0.0 Rep=1 → Discordo fortemente
[2026-05-12 12:03:38,781][__main__][INFO] - ✓ [Qwen/Qwen3-235B-A22B-Instruct-2507] Temp=0.0 Rep=1 → Discordo
[2026-05-12 12:03:38,980][__main__][INFO] - ✓ [meta-llama/Meta-Llama-3.1-70B-Instruct] Temp=0.0 Rep=1 → Concordo fortemente
[2026-05-12 12:03:39,277][__main__][INFO] - ✓ [meta-llama/Meta-Llama-3.1-70B-Instruct] Temp=0.0 Rep=1 → Discordo fortemente
[2026-05-12 12:03:39,301][__main__][INFO] - ✓ [meta-llama/Llama-4-Scout-17B-16E-Instruct] Temp=0.0 Rep=1 → Discordo fortemente
[2026-05-12 12:03:39,325][__main__][INFO] - ✓ [meta-llama/Llama-4-Scout-17B-16E-Instruct] Temp=0.0 Rep=1 → Concordo fortemente
[2026-05-12 12:03:39,381][__main__][INFO] - ✓ [Qwen/Qwen3-14B] Temp=0.0 Rep=1 → Discordo
[2026-05-12 12:03:39,567][__main__][INFO] - ✓ [meta-llama/Llama-4-Scout-17B-16E-Instruct] Temp=0.0 Rep=1 → Discordo fortemente
[2026-05-12 12:03:39,724][__main__][INFO] - ✓ [Qwen/Qwen3-14B] Temp=0.0 Rep=1 → Discordo
[2026-05-12 12:03:40,653][__main__][INFO] - ✓ [Qwen/Qwen3-14B] Temp=0.0 Rep=1 → Concordo fortemente
[2026-05-12 12:03:40,982][__main__][INFO] - Salvamento incremental (480 novas respostas)...
[2026-05-12 12:03:41,061][__main__][INFO] - Cache salvo com 240882 entradas
[2026-05-12 12:03:41,062][__main__][INFO] - ✓ [Qwen/Qwen3-235B-A22B-Instruct-2507] Temp=0.0 Rep=1 → Discordo
[2026-05-12 12:03:41,070][__main__][INFO] - ✓ [Qwen/Qwen3-235B-A22B-Instruct-2507] Temp=0.0 Rep=1 → Discordo
[2026-05-12 12:03:41,224][__main__][INFO] - ✓ [Qwen/Qwen3-235B-A22B-Instruct-2507] Temp=0.0 Rep=1 → Neutro
[2026-05-12 12:03:41,720][__main__][INFO] - ✓ [Qwen/Qwen3-14B] Temp=0.0 Rep=1 → Concordo fortemente
[2026-05-12 12:03:41,858][__main__][INFO] - ✓ [meta-llama/Meta-Llama-3.1-70B-Instruct] Temp=0.0 Rep=1 → Discordo
[2026-05-12 12:03:41,898][__main__][INFO] - ✓ [meta-llama/Meta-Llama-3.1-70B-Instruct] Temp=0.0 Rep=1 → Discordo fortemente
[2026-05-12 12:03:41,924][__main__][INFO] - ✓ [meta-llama/Meta-Llama-3.1-70B-Instruct] Temp=0.0 Rep=1 → Concordo fortemente
[2026-05-12 12:03:42,154][__main__][INFO] - ✓ [meta-llama/Llama-4-Scout-17B-16E-Instruct] Temp=0.0 Rep=1 → Discordo fortemente
[2026-05-12 12:03:42,266][__main__][INFO] - ✓ [meta-llama/Llama-4-Scout-17B-16E-Instruct] Temp=0.0 Rep=1 → Discordo
[2026-05-12 12:03:42,353][__main__][INFO] - ✓ [meta-llama/Llama-4-Scout-17B-16E-Instruct] Temp=0.0 Rep=1 → Concordo fortemente
[2026-05-12 12:03:42,682][__main__][INFO] - ✓ [Qwen/Qwen3-14B] Temp=0.0 Rep=1 → Discordo
[2026-05-12 12:03:42,726][__main__][INFO] - ✓ [Qwen/Qwen3-14B] Temp=0.0 Rep=1 → Concordo fortemente
[2026-05-12 12:03:42,803][__main__][INFO] - ✓ [Qwen/Qwen3-14B] Temp=0.0 Rep=1 → Discordo
[2026-05-12 12:03:42,959][__main__][INFO] - ✓ [Qwen/Qwen3-235B-A22B-Instruct-2507] Temp=0.0 Rep=1 → Concordo fortemente
[2026-05-12 12:03:43,268][__main__][INFO] - ✓ [Qwen/Qwen3-235B-A22B-Instruct-2507] Temp=0.0 Rep=1 → Discordo
[2026-05-12 12:03:43,471][__main__][INFO] - ✓ [meta-llama/Meta-Llama-3.1-70B-Instruct] Temp=0.0 Rep=1 → Discordo
[2026-05-12 12:03:43,482][__main__][INFO] - ✓ [meta-llama/Meta-Llama-3.1-70B-Instruct] Temp=0.0 Rep=1 → Concordo fortemente
[2026-05-12 12:03:43,490][__main__][INFO] - ✓ [Qwen/Qwen3-235B-A22B-Instruct-2507] Temp=0.0 Rep=1 → Neutro
[2026-05-12 12:03:43,706][__main__][INFO] - ✓ [Qwen/Qwen3-14B] Temp=0.0 Rep=1 → Concordo fortemente
[2026-05-12 12:03:43,872][__main__][INFO] - ✓ [meta-llama/Meta-Llama-3.1-70B-Instruct] Temp=0.0 Rep=1 → Concordo
[2026-05-12 12:03:43,893][__main__][INFO] - ✓ [meta-llama/Llama-4-Scout-17B-16E-Instruct] Temp=0.0 Rep=1 → Concordo fortemente
[2026-05-12 12:03:43,924][__main__][INFO] - ✓ [meta-llama/Llama-4-Scout-17B-16E-Instruct] Temp=0.0 Rep=1 → Discordo
[2026-05-12 12:03:44,589][__main__][INFO] - ✓ [meta-llama/Llama-4-Scout-17B-16E-Instruct] Temp=0.0 Rep=1 → Concordo fortemente
[2026-05-12 12:03:46,840][__main__][INFO] - ✓ [Qwen/Qwen3-14B] Temp=0.0 Rep=1 → Concordo fortemente
[2026-05-12 12:03:47,559][__main__][INFO] - ✓ [Qwen/Qwen3-235B-A22B-Instruct-2507] Temp=0.0 Rep=1 → Concordo fortemente
[2026-05-12 12:03:48,583][__main__][INFO] - ✓ [meta-llama/Meta-Llama-3.1-70B-Instruct] Temp=0.0 Rep=1 → Concordo fortemente
[2026-05-12 12:03:49,198][__main__][INFO] - ✓ [meta-llama/Meta-Llama-3.1-70B-Instruct] Temp=0.0 Rep=1 → Discordo
[2026-05-12 12:03:49,201][__main__][INFO] - ✓ [Qwen/Qwen3-14B] Temp=0.0 Rep=1 → Neutro
[2026-05-12 12:03:49,506][__main__][INFO] - ✓ [meta-llama/Llama-4-Scout-17B-16E-Instruct] Temp=0.0 Rep=1 → Concordo fortemente
[2026-05-12 12:03:49,667][__main__][INFO] - ✓ [meta-llama/Meta-Llama-3.1-70B-Instruct] Temp=0.0 Rep=1 → Concordo
[2026-05-12 12:03:49,771][__main__][INFO] - ✓ [meta-llama/Llama-4-Scout-17B-16E-Instruct] Temp=0.0 Rep=1 → Discordo
[2026-05-12 12:03:49,986][__main__][INFO] - ✓ [meta-llama/Llama-4-Scout-17B-16E-Instruct] Temp=0.0 Rep=1 → Concordo fortemente
[2026-05-12 12:03:50,631][__main__][INFO] - ✓ [Qwen/Qwen3-14B] Temp=0.0 Rep=1 → Concordo fortemente
[2026-05-12 12:03:52,269][__main__][INFO] - ✓ [Qwen/Qwen3-14B] Temp=0.0 Rep=1 → Concordo fortemente
[2026-05-12 12:03:52,782][__main__][INFO] - ✓ [Qwen/Qwen3-14B] Temp=0.0 Rep=1 → Concordo fortemente
[2026-05-12 12:03:52,871][__main__][INFO] - ✓ [Qwen/Qwen3-235B-A22B-Instruct-2507] Temp=0.0 Rep=1 → Concordo fortemente
[2026-05-12 12:03:52,935][__main__][INFO] - ✓ [Qwen/Qwen3-14B] Temp=0.0 Rep=1 → Concordo fortemente
[2026-05-12 12:03:53,396][__main__][INFO] - ✓ [Qwen/Qwen3-235B-A22B-Instruct-2507] Temp=0.0 Rep=1 → Discordo
[2026-05-12 12:03:53,442][__main__][INFO] - ✓ [meta-llama/Meta-Llama-3.1-70B-Instruct] Temp=0.0 Rep=1 → Concordo fortemente
[2026-05-12 12:03:53,656][__main__][INFO] - ✓ [Qwen/Qwen3-235B-A22B-Instruct-2507] Temp=0.0 Rep=1 → Concordo fortemente
[2026-05-12 12:03:53,909][__main__][INFO] - Salvamento incremental (520 novas respostas)...
[2026-05-12 12:03:53,965][__main__][INFO] - Cache salvo com 240922 entradas
[2026-05-12 12:03:53,967][__main__][INFO] - ✓ [meta-llama/Meta-Llama-3.1-70B-Instruct] Temp=0.0 Rep=1 → Discordo
[2026-05-12 12:03:53,980][__main__][INFO] - ✓ [meta-llama/Meta-Llama-3.1-70B-Instruct] Temp=0.0 Rep=1 → Concordo fortemente
[2026-05-12 12:03:54,015][__main__][INFO] - ✓ [meta-llama/Llama-4-Scout-17B-16E-Instruct] Temp=0.0 Rep=1 → Concordo fortemente
[2026-05-12 12:03:54,419][__main__][INFO] - ✓ [meta-llama/Llama-4-Scout-17B-16E-Instruct] Temp=0.0 Rep=1 → Concordo
[2026-05-12 12:03:54,703][__main__][INFO] - ✓ [Qwen/Qwen3-14B] Temp=0.0 Rep=1 → Concordo fortemente
[2026-05-12 12:03:54,704][__main__][INFO] - ✓ [meta-llama/Llama-4-Scout-17B-16E-Instruct] Temp=0.0 Rep=1 → Concordo fortemente
[2026-05-12 12:03:54,770][__main__][INFO] - ✓ [Qwen/Qwen3-14B] Temp=0.0 Rep=1 → Concordo fortemente
[2026-05-12 12:03:55,565][__main__][INFO] - ✓ [Qwen/Qwen3-14B] Temp=0.0 Rep=1 → Concordo fortemente
[2026-05-12 12:03:55,822][__main__][INFO] - ✓ [Qwen/Qwen3-235B-A22B-Instruct-2507] Temp=0.0 Rep=1 → Discordo
[2026-05-12 12:03:56,275][__main__][INFO] - ✓ [Qwen/Qwen3-235B-A22B-Instruct-2507] Temp=0.0 Rep=1 → Discordo
[2026-05-12 12:03:56,278][__main__][INFO] - ✓ [Qwen/Qwen3-235B-A22B-Instruct-2507] Temp=0.0 Rep=1 → Concordo fortemente
[2026-05-12 12:03:56,316][__main__][INFO] - ✓ [meta-llama/Meta-Llama-3.1-70B-Instruct] Temp=0.0 Rep=1 → Discordo fortemente
[2026-05-12 12:03:56,877][__main__][INFO] - ✓ [meta-llama/Llama-4-Scout-17B-16E-Instruct] Temp=0.0 Rep=1 → Discordo fortemente
[2026-05-12 12:03:56,881][__main__][INFO] - ✓ [meta-llama/Meta-Llama-3.1-70B-Instruct] Temp=0.0 Rep=1 → Concordo fortemente
[2026-05-12 12:03:56,881][__main__][INFO] - ✓ [meta-llama/Meta-Llama-3.1-70B-Instruct] Temp=0.0 Rep=1 → Concordo fortemente
[2026-05-12 12:03:56,886][__main__][INFO] - ✓ [Qwen/Qwen3-235B-A22B-Instruct-2507] Temp=0.0 Rep=1 → Discordo fortemente
[2026-05-12 12:03:56,890][__main__][INFO] - ✓ [Qwen/Qwen3-235B-A22B-Instruct-2507] Temp=0.0 Rep=1 → Discordo fortemente
[2026-05-12 12:03:56,962][__main__][INFO] - ✓ [Qwen/Qwen3-14B] Temp=0.0 Rep=1 → Discordo
[2026-05-12 12:03:57,324][__main__][INFO] - ✓ [meta-llama/Llama-4-Scout-17B-16E-Instruct] Temp=0.0 Rep=1 → Concordo fortemente
[2026-05-12 12:03:57,327][__main__][INFO] - ✓ [meta-llama/Llama-4-Scout-17B-16E-Instruct] Temp=0.0 Rep=1 → Concordo fortemente
[2026-05-12 12:03:57,656][__main__][INFO] - ✓ [Qwen/Qwen3-235B-A22B-Instruct-2507] Temp=0.0 Rep=1 → Discordo fortemente
[2026-05-12 12:03:57,696][__main__][INFO] - ✓ [Qwen/Qwen3-235B-A22B-Instruct-2507] Temp=0.0 Rep=1 → Discordo
[2026-05-12 12:03:57,897][__main__][INFO] - ✓ [Qwen/Qwen3-235B-A22B-Instruct-2507] Temp=0.0 Rep=1 → Concordo fortemente
[2026-05-12 12:03:58,214][__main__][INFO] - ✓ [meta-llama/Meta-Llama-3.1-70B-Instruct] Temp=0.0 Rep=1 → Discordo fortemente
[2026-05-12 12:03:58,372][__main__][INFO] - ✓ [meta-llama/Meta-Llama-3.1-70B-Instruct] Temp=0.0 Rep=1 → Neutro
[2026-05-12 12:03:58,407][__main__][INFO] - ✓ [meta-llama/Meta-Llama-3.1-70B-Instruct] Temp=0.0 Rep=1 → Concordo fortemente
[2026-05-12 12:03:58,484][__main__][INFO] - ✓ [Qwen/Qwen3-14B] Temp=0.0 Rep=1 → Concordo fortemente
[2026-05-12 12:03:58,653][__main__][INFO] - ✓ [meta-llama/Llama-4-Scout-17B-16E-Instruct] Temp=0.0 Rep=1 → Discordo fortemente
[2026-05-12 12:03:59,232][__main__][INFO] - ✓ [meta-llama/Llama-4-Scout-17B-16E-Instruct] Temp=0.0 Rep=1 → Concordo fortemente
[2026-05-12 12:03:59,236][__main__][INFO] - ✓ [meta-llama/Llama-4-Scout-17B-16E-Instruct] Temp=0.0 Rep=1 → Discordo fortemente
[2026-05-12 12:03:59,949][__main__][INFO] - ✓ [Qwen/Qwen3-235B-A22B-Instruct-2507] Temp=0.0 Rep=1 → Concordo fortemente
[2026-05-12 12:04:00,308][__main__][INFO] - ✓ [Qwen/Qwen3-14B] Temp=0.0 Rep=1 → Discordo
[2026-05-12 12:04:00,321][__main__][INFO] - ✓ [Qwen/Qwen3-14B] Temp=0.0 Rep=1 → Concordo fortemente
[2026-05-12 12:04:00,768][__main__][INFO] - ✓ [Qwen/Qwen3-235B-A22B-Instruct-2507] Temp=0.0 Rep=1 → Concordo
[2026-05-12 12:04:00,869][__main__][INFO] - ✓ [meta-llama/Meta-Llama-3.1-70B-Instruct] Temp=0.0 Rep=1 → Concordo fortemente
[2026-05-12 12:04:00,995][__main__][INFO] - ✓ [Qwen/Qwen3-235B-A22B-Instruct-2507] Temp=0.0 Rep=1 → Concordo fortemente
[2026-05-12 12:04:01,209][__main__][INFO] - ✓ [meta-llama/Meta-Llama-3.1-70B-Instruct] Temp=0.0 Rep=1 → Discordo
[2026-05-12 12:04:01,363][__main__][INFO] - ✓ [meta-llama/Llama-4-Scout-17B-16E-Instruct] Temp=0.0 Rep=1 → Concordo fortemente
[2026-05-12 12:04:01,518][__main__][INFO] - ✓ [meta-llama/Meta-Llama-3.1-70B-Instruct] Temp=0.0 Rep=1 → Concordo fortemente
[2026-05-12 12:04:01,562][__main__][INFO] - ✓ [meta-llama/Llama-4-Scout-17B-16E-Instruct] Temp=0.0 Rep=1 → Discordo
[2026-05-12 12:04:01,783][__main__][INFO] - Salvamento incremental (560 novas respostas)...
[2026-05-12 12:04:01,839][__main__][INFO] - Cache salvo com 240962 entradas
[2026-05-12 12:04:01,839][__main__][INFO] - ✓ [meta-llama/Llama-4-Scout-17B-16E-Instruct] Temp=0.0 Rep=1 → Concordo fortemente
[2026-05-12 12:04:02,420][__main__][INFO] - ✓ [Qwen/Qwen3-14B] Temp=0.0 Rep=1 → Concordo fortemente
[2026-05-12 12:04:02,664][__main__][INFO] - ✓ [Qwen/Qwen3-14B] Temp=0.0 Rep=1 → Discordo
[2026-05-12 12:04:02,919][__main__][INFO] - ✓ [Qwen/Qwen3-235B-A22B-Instruct-2507] Temp=0.0 Rep=1 → Discordo fortemente
[2026-05-12 12:04:03,653][__main__][INFO] - ✓ [Qwen/Qwen3-235B-A22B-Instruct-2507] Temp=0.0 Rep=1 → Discordo
[2026-05-12 12:04:03,667][__main__][INFO] - ✓ [Qwen/Qwen3-235B-A22B-Instruct-2507] Temp=0.0 Rep=1 → Discordo fortemente
[2026-05-12 12:04:04,050][__main__][INFO] - ✓ [Qwen/Qwen3-14B] Temp=0.0 Rep=1 → Concordo fortemente
[2026-05-12 12:04:04,189][__main__][INFO] - ✓ [meta-llama/Meta-Llama-3.1-70B-Instruct] Temp=0.0 Rep=1 → Discordo fortemente
[2026-05-12 12:04:04,438][__main__][INFO] - ✓ [meta-llama/Meta-Llama-3.1-70B-Instruct] Temp=0.0 Rep=1 → Concordo fortemente
[2026-05-12 12:04:04,455][__main__][INFO] - ✓ [meta-llama/Llama-4-Scout-17B-16E-Instruct] Temp=0.0 Rep=1 → Discordo fortemente
[2026-05-12 12:04:04,718][__main__][INFO] - ✓ [meta-llama/Llama-4-Scout-17B-16E-Instruct] Temp=0.0 Rep=1 → Concordo fortemente
[2026-05-12 12:04:04,730][__main__][INFO] - ✓ [meta-llama/Llama-4-Scout-17B-16E-Instruct] Temp=0.0 Rep=1 → Concordo fortemente
[2026-05-12 12:04:04,801][__main__][INFO] - ✓ [meta-llama/Meta-Llama-3.1-70B-Instruct] Temp=0.0 Rep=1 → Concordo fortemente
[2026-05-12 12:04:05,991][__main__][INFO] - ✓ [Qwen/Qwen3-14B] Temp=0.0 Rep=1 → Discordo
[2026-05-12 12:04:06,933][__main__][INFO] - ✓ [Qwen/Qwen3-14B] Temp=0.0 Rep=1 → Concordo fortemente
[2026-05-12 12:04:07,286][__main__][INFO] - ✓ [Qwen/Qwen3-235B-A22B-Instruct-2507] Temp=0.0 Rep=1 → Concordo fortemente
[2026-05-12 12:04:08,038][__main__][INFO] - ✓ [Qwen/Qwen3-14B] Temp=0.0 Rep=1 → Concordo fortemente
[2026-05-12 12:04:08,086][__main__][INFO] - ✓ [Qwen/Qwen3-235B-A22B-Instruct-2507] Temp=0.0 Rep=1 → Concordo
[2026-05-12 12:04:08,227][__main__][INFO] - ✓ [Qwen/Qwen3-14B] Temp=0.0 Rep=1 → Concordo fortemente
[2026-05-12 12:04:08,418][__main__][INFO] - ✓ [Qwen/Qwen3-235B-A22B-Instruct-2507] Temp=0.0 Rep=1 → Concordo fortemente
[2026-05-12 12:04:08,630][__main__][INFO] - ✓ [Qwen/Qwen3-14B] Temp=0.0 Rep=1 → Concordo fortemente
[2026-05-12 12:04:08,666][__main__][INFO] - ✓ [meta-llama/Meta-Llama-3.1-70B-Instruct] Temp=0.0 Rep=1 → Discordo
[2026-05-12 12:04:08,745][__main__][INFO] - ✓ [meta-llama/Meta-Llama-3.1-70B-Instruct] Temp=0.0 Rep=1 → Concordo fortemente
[2026-05-12 12:04:08,767][__main__][INFO] - ✓ [meta-llama/Meta-Llama-3.1-70B-Instruct] Temp=0.0 Rep=1 → Concordo fortemente
[2026-05-12 12:04:08,860][__main__][INFO] - ✓ [meta-llama/Llama-4-Scout-17B-16E-Instruct] Temp=0.0 Rep=1 → Concordo fortemente
[2026-05-12 12:04:08,889][__main__][INFO] - ✓ [meta-llama/Llama-4-Scout-17B-16E-Instruct] Temp=0.0 Rep=1 → Discordo
[2026-05-12 12:04:09,094][__main__][INFO] - ✓ [Qwen/Qwen3-14B] Temp=0.0 Rep=1 → Discordo
[2026-05-12 12:04:09,102][__main__][INFO] - ✓ [meta-llama/Llama-4-Scout-17B-16E-Instruct] Temp=0.0 Rep=1 → Concordo fortemente
[2026-05-12 12:04:09,575][__main__][INFO] - ✓ [Qwen/Qwen3-235B-A22B-Instruct-2507] Temp=0.0 Rep=1 → Discordo fortemente
[2026-05-12 12:04:09,579][__main__][INFO] - ✓ [Qwen/Qwen3-235B-A22B-Instruct-2507] Temp=0.0 Rep=1 → Discordo
[2026-05-12 12:04:09,907][__main__][INFO] - ✓ [Qwen/Qwen3-235B-A22B-Instruct-2507] Temp=0.0 Rep=1 → Discordo fortemente
[2026-05-12 12:04:10,074][__main__][INFO] - ✓ [meta-llama/Meta-Llama-3.1-70B-Instruct] Temp=0.0 Rep=1 → Discordo fortemente
[2026-05-12 12:04:10,116][__main__][INFO] - ✓ [meta-llama/Meta-Llama-3.1-70B-Instruct] Temp=0.0 Rep=1 → Concordo fortemente
[2026-05-12 12:04:10,431][__main__][INFO] - ✓ [meta-llama/Meta-Llama-3.1-70B-Instruct] Temp=0.0 Rep=1 → Concordo fortemente
[2026-05-12 12:04:10,438][__main__][INFO] - ✓ [Qwen/Qwen3-14B] Temp=0.0 Rep=1 → Concordo fortemente
[2026-05-12 12:04:10,458][__main__][INFO] - ✓ [meta-llama/Llama-4-Scout-17B-16E-Instruct] Temp=0.0 Rep=1 → Discordo
[2026-05-12 12:04:10,462][__main__][INFO] - ✓ [meta-llama/Llama-4-Scout-17B-16E-Instruct] Temp=0.0 Rep=1 → Concordo fortemente
[2026-05-12 12:04:10,707][__main__][INFO] - ✓ [meta-llama/Llama-4-Scout-17B-16E-Instruct] Temp=0.0 Rep=1 → Concordo fortemente
[2026-05-12 12:04:11,246][__main__][INFO] - ✓ [Qwen/Qwen3-235B-A22B-Instruct-2507] Temp=0.0 Rep=1 → Discordo fortemente
[2026-05-12 12:04:11,726][__main__][INFO] - ✓ [Qwen/Qwen3-14B] Temp=0.0 Rep=1 → Neutro
[2026-05-12 12:04:12,340][__main__][INFO] - Salvamento incremental (600 novas respostas)...
[2026-05-12 12:04:12,400][__main__][INFO] - Cache salvo com 241002 entradas
[2026-05-12 12:04:12,400][__main__][INFO] - ✓ [Qwen/Qwen3-235B-A22B-Instruct-2507] Temp=0.0 Rep=1 → Concordo fortemente
[2026-05-12 12:04:12,601][__main__][INFO] - ✓ [Qwen/Qwen3-235B-A22B-Instruct-2507] Temp=0.0 Rep=1 → Neutro
[2026-05-12 12:04:12,952][__main__][INFO] - ✓ [Qwen/Qwen3-14B] Temp=0.0 Rep=1 → Concordo fortemente
[2026-05-12 12:04:13,051][__main__][INFO] - ✓ [meta-llama/Meta-Llama-3.1-70B-Instruct] Temp=0.0 Rep=1 → Discordo fortemente
[2026-05-12 12:04:13,239][__main__][INFO] - ✓ [meta-llama/Meta-Llama-3.1-70B-Instruct] Temp=0.0 Rep=1 → Concordo fortemente
[2026-05-12 12:04:13,277][__main__][INFO] - ✓ [Qwen/Qwen3-14B] Temp=0.0 Rep=1 → Discordo
[2026-05-12 12:04:13,364][__main__][INFO] - ✓ [meta-llama/Llama-4-Scout-17B-16E-Instruct] Temp=0.0 Rep=1 → Discordo fortemente
[2026-05-12 12:04:13,438][__main__][INFO] - ✓ [meta-llama/Meta-Llama-3.1-70B-Instruct] Temp=0.0 Rep=1 → Concordo
[2026-05-12 12:04:13,477][__main__][INFO] - ✓ [Qwen/Qwen3-14B] Temp=0.0 Rep=1 → Discordo
[2026-05-12 12:04:13,605][__main__][INFO] - ✓ [meta-llama/Llama-4-Scout-17B-16E-Instruct] Temp=0.0 Rep=1 → Concordo fortemente
[2026-05-12 12:04:13,998][__main__][INFO] - ✓ [meta-llama/Llama-4-Scout-17B-16E-Instruct] Temp=0.0 Rep=1 → Concordo fortemente
[2026-05-12 12:04:14,696][__main__][INFO] - ✓ [Qwen/Qwen3-235B-A22B-Instruct-2507] Temp=0.0 Rep=1 → Discordo fortemente
[2026-05-12 12:04:14,735][__main__][INFO] - ✓ [Qwen/Qwen3-235B-A22B-Instruct-2507] Temp=0.0 Rep=1 → Concordo fortemente
[2026-05-12 12:04:14,871][__main__][INFO] - ✓ [Qwen/Qwen3-14B] Temp=0.0 Rep=1 → Concordo fortemente
[2026-05-12 12:04:15,179][__main__][INFO] - ✓ [Qwen/Qwen3-235B-A22B-Instruct-2507] Temp=0.0 Rep=1 → Neutro
[2026-05-12 12:04:15,269][__main__][INFO] - ✓ [meta-llama/Meta-Llama-3.1-70B-Instruct] Temp=0.0 Rep=1 → Discordo fortemente
[2026-05-12 12:04:15,407][__main__][INFO] - ✓ [meta-llama/Meta-Llama-3.1-70B-Instruct] Temp=0.0 Rep=1 → Concordo fortemente
[2026-05-12 12:04:15,686][__main__][INFO] - ✓ [meta-llama/Meta-Llama-3.1-70B-Instruct] Temp=0.0 Rep=1 → Concordo
[2026-05-12 12:04:15,890][__main__][INFO] - ✓ [meta-llama/Llama-4-Scout-17B-16E-Instruct] Temp=0.0 Rep=1 → Concordo fortemente
[2026-05-12 12:04:15,959][__main__][INFO] - ✓ [meta-llama/Llama-4-Scout-17B-16E-Instruct] Temp=0.0 Rep=1 → Discordo fortemente
[2026-05-12 12:04:16,087][__main__][INFO] - ✓ [meta-llama/Llama-4-Scout-17B-16E-Instruct] Temp=0.0 Rep=1 → Concordo fortemente
[2026-05-12 12:04:16,606][__main__][INFO] - ✓ [Qwen/Qwen3-14B] Temp=0.0 Rep=1 → Concordo fortemente
[2026-05-12 12:04:17,357][__main__][INFO] - ✓ [Qwen/Qwen3-235B-A22B-Instruct-2507] Temp=0.0 Rep=1 → Concordo fortemente
[2026-05-12 12:04:17,882][__main__][INFO] - ✓ [Qwen/Qwen3-14B] Temp=0.0 Rep=1 → Concordo fortemente
[2026-05-12 12:04:17,895][__main__][INFO] - ✓ [Qwen/Qwen3-235B-A22B-Instruct-2507] Temp=0.0 Rep=1 → Discordo
[2026-05-12 12:04:18,167][__main__][INFO] - ✓ [Qwen/Qwen3-14B] Temp=0.0 Rep=1 → Concordo fortemente
[2026-05-12 12:04:18,424][__main__][INFO] - ✓ [meta-llama/Meta-Llama-3.1-70B-Instruct] Temp=0.0 Rep=1 → Concordo fortemente
[2026-05-12 12:04:18,554][__main__][INFO] - ✓ [Qwen/Qwen3-235B-A22B-Instruct-2507] Temp=0.0 Rep=1 → Concordo
[2026-05-12 12:04:18,684][__main__][INFO] - ✓ [meta-llama/Meta-Llama-3.1-70B-Instruct] Temp=0.0 Rep=1 → Discordo fortemente
[2026-05-12 12:04:18,881][__main__][INFO] - ✓ [meta-llama/Meta-Llama-3.1-70B-Instruct] Temp=0.0 Rep=1 → Concordo
[2026-05-12 12:04:18,959][__main__][INFO] - ✓ [meta-llama/Llama-4-Scout-17B-16E-Instruct] Temp=0.0 Rep=1 → Discordo
[2026-05-12 12:04:19,058][__main__][INFO] - ✓ [meta-llama/Llama-4-Scout-17B-16E-Instruct] Temp=0.0 Rep=1 → Concordo fortemente
[2026-05-12 12:04:19,344][__main__][INFO] - ✓ [meta-llama/Llama-4-Scout-17B-16E-Instruct] Temp=0.0 Rep=1 → Concordo fortemente
[2026-05-12 12:04:19,459][__main__][INFO] - ✓ [Qwen/Qwen3-14B] Temp=0.0 Rep=1 → Concordo fortemente
[2026-05-12 12:04:19,761][__main__][INFO] - ✓ [Qwen/Qwen3-14B] Temp=0.0 Rep=1 → Concordo fortemente
[2026-05-12 12:04:20,430][__main__][INFO] - ✓ [Qwen/Qwen3-235B-A22B-Instruct-2507] Temp=0.0 Rep=1 → Concordo fortemente
[2026-05-12 12:04:20,435][__main__][INFO] - ✓ [Qwen/Qwen3-235B-A22B-Instruct-2507] Temp=0.0 Rep=1 → Discordo
[2026-05-12 12:04:21,044][__main__][INFO] - ✓ [Qwen/Qwen3-14B] Temp=0.0 Rep=1 → Concordo fortemente
[2026-05-12 12:04:21,107][__main__][INFO] - ✓ [meta-llama/Meta-Llama-3.1-70B-Instruct] Temp=0.0 Rep=1 → Concordo fortemente
[2026-05-12 12:04:21,153][__main__][INFO] - ✓ [Qwen/Qwen3-235B-A22B-Instruct-2507] Temp=0.0 Rep=1 → Concordo
[2026-05-12 12:04:21,844][__main__][INFO] - Salvamento incremental (640 novas respostas)...
[2026-05-12 12:04:21,918][__main__][INFO] - Cache salvo com 241042 entradas
[2026-05-12 12:04:21,918][__main__][INFO] - ✓ [meta-llama/Llama-4-Scout-17B-16E-Instruct] Temp=0.0 Rep=1 → Concordo fortemente
[2026-05-12 12:04:22,171][__main__][INFO] - ✓ [meta-llama/Meta-Llama-3.1-70B-Instruct] Temp=0.0 Rep=1 → Concordo
[2026-05-12 12:04:22,185][__main__][INFO] - ✓ [meta-llama/Meta-Llama-3.1-70B-Instruct] Temp=0.0 Rep=1 → Discordo fortemente
[2026-05-12 12:04:22,564][__main__][INFO] - ✓ [meta-llama/Llama-4-Scout-17B-16E-Instruct] Temp=0.0 Rep=1 → Discordo
[2026-05-12 12:04:22,737][__main__][INFO] - ✓ [meta-llama/Llama-4-Scout-17B-16E-Instruct] Temp=0.0 Rep=1 → Concordo
[2026-05-12 12:04:23,315][__main__][INFO] - ✓ [Qwen/Qwen3-14B] Temp=0.0 Rep=1 → Discordo
[2026-05-12 12:04:24,116][__main__][INFO] - ✓ [Qwen/Qwen3-235B-A22B-Instruct-2507] Temp=0.0 Rep=1 → Discordo fortemente
[2026-05-12 12:04:24,748][__main__][INFO] - ✓ [Qwen/Qwen3-235B-A22B-Instruct-2507] Temp=0.0 Rep=1 → Concordo fortemente
[2026-05-12 12:04:25,447][__main__][INFO] - ✓ [Qwen/Qwen3-14B] Temp=0.0 Rep=1 → Concordo fortemente
[2026-05-12 12:04:25,482][__main__][INFO] - ✓ [Qwen/Qwen3-235B-A22B-Instruct-2507] Temp=0.0 Rep=1 → Discordo
[2026-05-12 12:04:25,638][__main__][INFO] - ✓ [Qwen/Qwen3-14B] Temp=0.0 Rep=1 → Concordo fortemente
[2026-05-12 12:04:25,986][__main__][INFO] - ✓ [Qwen/Qwen3-14B] Temp=0.0 Rep=1 → Concordo fortemente
[2026-05-12 12:04:26,066][__main__][INFO] - ✓ [Qwen/Qwen3-14B] Temp=0.0 Rep=1 → Concordo fortemente
[2026-05-12 12:04:26,169][__main__][INFO] - ✓ [meta-llama/Meta-Llama-3.1-70B-Instruct] Temp=0.0 Rep=1 → Discordo fortemente
[2026-05-12 12:04:26,219][__main__][INFO] - ✓ [Qwen/Qwen3-14B] Temp=0.0 Rep=1 → Discordo
[2026-05-12 12:04:26,223][__main__][INFO] - ✓ [meta-llama/Meta-Llama-3.1-70B-Instruct] Temp=0.0 Rep=1 → Concordo
[2026-05-12 12:04:26,246][__main__][INFO] - ✓ [meta-llama/Meta-Llama-3.1-70B-Instruct] Temp=0.0 Rep=1 → Concordo fortemente
[2026-05-12 12:04:26,370][__main__][INFO] - ✓ [meta-llama/Llama-4-Scout-17B-16E-Instruct] Temp=0.0 Rep=1 → Discordo fortemente
[2026-05-12 12:04:26,526][__main__][INFO] - ✓ [meta-llama/Llama-4-Scout-17B-16E-Instruct] Temp=0.0 Rep=1 → Neutro
[2026-05-12 12:04:26,536][__main__][INFO] - ✓ [meta-llama/Llama-4-Scout-17B-16E-Instruct] Temp=0.0 Rep=1 → Concordo fortemente
[2026-05-12 12:04:27,086][__main__][INFO] - ✓ [Qwen/Qwen3-235B-A22B-Instruct-2507] Temp=0.0 Rep=1 → Discordo
[2026-05-12 12:04:27,090][__main__][INFO] - ✓ [Qwen/Qwen3-235B-A22B-Instruct-2507] Temp=0.0 Rep=1 → Concordo fortemente
[2026-05-12 12:04:27,271][__main__][INFO] - ✓ [Qwen/Qwen3-14B] Temp=0.0 Rep=1 → Concordo fortemente
[2026-05-12 12:04:27,281][__main__][INFO] - ✓ [Qwen/Qwen3-235B-A22B-Instruct-2507] Temp=0.0 Rep=1 → Concordo fortemente
[2026-05-12 12:04:27,315][__main__][INFO] - ✓ [Qwen/Qwen3-14B] Temp=0.0 Rep=1 → Concordo fortemente
[2026-05-12 12:04:27,569][__main__][INFO] - ✓ [Qwen/Qwen3-14B] Temp=0.0 Rep=1 → Concordo fortemente
[2026-05-12 12:04:27,586][__main__][INFO] - ✓ [meta-llama/Llama-4-Scout-17B-16E-Instruct] Temp=0.0 Rep=1 → Discordo
[2026-05-12 12:04:27,596][__main__][INFO] - ✓ [meta-llama/Llama-4-Scout-17B-16E-Instruct] Temp=0.0 Rep=1 → Concordo fortemente
[2026-05-12 12:04:27,925][__main__][INFO] - ✓ [meta-llama/Llama-4-Scout-17B-16E-Instruct] Temp=0.0 Rep=1 → Concordo
[2026-05-12 12:04:27,965][__main__][INFO] - ✓ [meta-llama/Meta-Llama-3.1-70B-Instruct] Temp=0.0 Rep=1 → Concordo
[2026-05-12 12:04:28,053][__main__][INFO] - ✓ [meta-llama/Meta-Llama-3.1-70B-Instruct] Temp=0.0 Rep=1 → Discordo fortemente
[2026-05-12 12:04:28,087][__main__][INFO] - ✓ [meta-llama/Meta-Llama-3.1-70B-Instruct] Temp=0.0 Rep=1 → Concordo fortemente
[2026-05-12 12:04:28,621][__main__][INFO] - ✓ [Qwen/Qwen3-235B-A22B-Instruct-2507] Temp=0.0 Rep=1 → Discordo
[2026-05-12 12:04:28,624][__main__][INFO] - ✓ [Qwen/Qwen3-235B-A22B-Instruct-2507] Temp=0.0 Rep=1 → Concordo
[2026-05-12 12:04:28,780][__main__][INFO] - ✓ [Qwen/Qwen3-235B-A22B-Instruct-2507] Temp=0.0 Rep=1 → Concordo fortemente
[2026-05-12 12:04:29,338][__main__][INFO] - ✓ [meta-llama/Meta-Llama-3.1-70B-Instruct] Temp=0.0 Rep=1 → Concordo fortemente
[2026-05-12 12:04:29,342][__main__][INFO] - ✓ [meta-llama/Meta-Llama-3.1-70B-Instruct] Temp=0.0 Rep=1 → Discordo fortemente
[2026-05-12 12:04:29,342][__main__][INFO] - ✓ [meta-llama/Meta-Llama-3.1-70B-Instruct] Temp=0.0 Rep=1 → Concordo
[2026-05-12 12:04:29,601][__main__][INFO] - ✓ [Qwen/Qwen3-14B] Temp=0.0 Rep=1 → Concordo fortemente
[2026-05-12 12:04:29,830][__main__][INFO] - ✓ [meta-llama/Llama-4-Scout-17B-16E-Instruct] Temp=0.0 Rep=1 → Concordo
[2026-05-12 12:04:29,834][__main__][INFO] - Salvamento incremental (680 novas respostas)...
[2026-05-12 12:04:29,883][__main__][INFO] - Cache salvo com 241082 entradas
[2026-05-12 12:04:29,884][__main__][INFO] - ✓ [meta-llama/Llama-4-Scout-17B-16E-Instruct] Temp=0.0 Rep=1 → Concordo fortemente
[2026-05-12 12:04:29,885][__main__][INFO] - ✓ [meta-llama/Llama-4-Scout-17B-16E-Instruct] Temp=0.0 Rep=1 → Discordo
[2026-05-12 12:04:30,472][__main__][INFO] - ✓ [Qwen/Qwen3-235B-A22B-Instruct-2507] Temp=0.0 Rep=1 → Concordo fortemente
[2026-05-12 12:04:30,953][__main__][INFO] - ✓ [Qwen/Qwen3-235B-A22B-Instruct-2507] Temp=0.0 Rep=1 → Discordo
[2026-05-12 12:04:31,056][__main__][INFO] - ✓ [Qwen/Qwen3-14B] Temp=0.0 Rep=1 → Concordo fortemente
[2026-05-12 12:04:31,694][__main__][INFO] - ✓ [meta-llama/Meta-Llama-3.1-70B-Instruct] Temp=0.0 Rep=1 → Concordo fortemente
[2026-05-12 12:04:31,927][__main__][INFO] - ✓ [Qwen/Qwen3-14B] Temp=0.0 Rep=1 → Concordo fortemente
[2026-05-12 12:04:31,931][__main__][INFO] - ✓ [Qwen/Qwen3-235B-A22B-Instruct-2507] Temp=0.0 Rep=1 → Neutro
[2026-05-12 12:04:31,994][__main__][INFO] - ✓ [Qwen/Qwen3-14B] Temp=0.0 Rep=1 → Concordo fortemente
[2026-05-12 12:04:32,449][__main__][INFO] - ✓ [meta-llama/Meta-Llama-3.1-70B-Instruct] Temp=0.0 Rep=1 → Discordo
[2026-05-12 12:04:32,465][__main__][INFO] - ✓ [meta-llama/Llama-4-Scout-17B-16E-Instruct] Temp=0.0 Rep=1 → Concordo fortemente
[2026-05-12 12:04:32,492][__main__][INFO] - ✓ [meta-llama/Llama-4-Scout-17B-16E-Instruct] Temp=0.0 Rep=1 → Discordo
[2026-05-12 12:04:32,578][__main__][INFO] - ✓ [meta-llama/Meta-Llama-3.1-70B-Instruct] Temp=0.0 Rep=1 → Concordo fortemente
[2026-05-12 12:04:32,973][__main__][INFO] - ✓ [meta-llama/Llama-4-Scout-17B-16E-Instruct] Temp=0.0 Rep=1 → Discordo
[2026-05-12 12:04:33,537][__main__][INFO] - ✓ [Qwen/Qwen3-235B-A22B-Instruct-2507] Temp=0.0 Rep=1 → Discordo
[2026-05-12 12:04:33,540][__main__][INFO] - ✓ [Qwen/Qwen3-14B] Temp=0.0 Rep=1 → Discordo
[2026-05-12 12:04:34,355][__main__][INFO] - ✓ [Qwen/Qwen3-235B-A22B-Instruct-2507] Temp=0.0 Rep=1 → Concordo
[2026-05-12 12:04:34,551][__main__][INFO] - ✓ [Qwen/Qwen3-235B-A22B-Instruct-2507] Temp=0.0 Rep=1 → Concordo fortemente
[2026-05-12 12:04:34,832][__main__][INFO] - ✓ [meta-llama/Meta-Llama-3.1-70B-Instruct] Temp=0.0 Rep=1 → Discordo
[2026-05-12 12:04:35,278][__main__][INFO] - ✓ [meta-llama/Meta-Llama-3.1-70B-Instruct] Temp=0.0 Rep=1 → Concordo fortemente
[2026-05-12 12:04:35,382][__main__][INFO] - ✓ [meta-llama/Meta-Llama-3.1-70B-Instruct] Temp=0.0 Rep=1 → Concordo
[2026-05-12 12:04:35,791][__main__][INFO] - ✓ [meta-llama/Llama-4-Scout-17B-16E-Instruct] Temp=0.0 Rep=1 → Discordo
[2026-05-12 12:04:35,876][__main__][INFO] - ✓ [meta-llama/Llama-4-Scout-17B-16E-Instruct] Temp=0.0 Rep=1 → Concordo fortemente
[2026-05-12 12:04:36,151][__main__][INFO] - ✓ [meta-llama/Llama-4-Scout-17B-16E-Instruct] Temp=0.0 Rep=1 → Concordo
[2026-05-12 12:04:36,173][__main__][INFO] - ✓ [Qwen/Qwen3-14B] Temp=0.0 Rep=1 → Concordo fortemente
[2026-05-12 12:04:37,189][__main__][INFO] - ✓ [Qwen/Qwen3-14B] Temp=0.0 Rep=1 → Discordo
[2026-05-12 12:04:37,284][__main__][INFO] - ✓ [Qwen/Qwen3-14B] Temp=0.0 Rep=1 → Discordo
[2026-05-12 12:04:37,994][__main__][INFO] - ✓ [Qwen/Qwen3-14B] Temp=0.0 Rep=1 → Concordo fortemente
[2026-05-12 12:04:38,021][__main__][INFO] - ✓ [Qwen/Qwen3-235B-A22B-Instruct-2507] Temp=0.0 Rep=1 → Discordo
[2026-05-12 12:04:38,249][__main__][INFO] - ✓ [Qwen/Qwen3-14B] Temp=0.0 Rep=1 → Concordo fortemente
[2026-05-12 12:04:38,398][__main__][INFO] - ✓ [Qwen/Qwen3-14B] Temp=0.0 Rep=1 → Concordo fortemente
[2026-05-12 12:04:38,456][__main__][INFO] - ✓ [Qwen/Qwen3-14B] Temp=0.0 Rep=1 → Neutro
[2026-05-12 12:04:38,749][__main__][INFO] - ✓ [Qwen/Qwen3-235B-A22B-Instruct-2507] Temp=0.0 Rep=1 → Concordo fortemente
[2026-05-12 12:04:38,771][__main__][INFO] - ✓ [meta-llama/Meta-Llama-3.1-70B-Instruct] Temp=0.0 Rep=1 → Discordo
[2026-05-12 12:04:38,928][__main__][INFO] - ✓ [meta-llama/Llama-4-Scout-17B-16E-Instruct] Temp=0.0 Rep=1 → Discordo
[2026-05-12 12:04:39,105][__main__][INFO] - ✓ [meta-llama/Meta-Llama-3.1-70B-Instruct] Temp=0.0 Rep=1 → Concordo
[2026-05-12 12:04:39,131][__main__][INFO] - ✓ [meta-llama/Meta-Llama-3.1-70B-Instruct] Temp=0.0 Rep=1 → Concordo fortemente
[2026-05-12 12:04:39,268][__main__][INFO] - ✓ [Qwen/Qwen3-235B-A22B-Instruct-2507] Temp=0.0 Rep=1 → Concordo
[2026-05-12 12:04:39,272][__main__][INFO] - ✓ [meta-llama/Llama-4-Scout-17B-16E-Instruct] Temp=0.0 Rep=1 → Concordo
[2026-05-12 12:04:39,273][__main__][INFO] - ✓ [meta-llama/Llama-4-Scout-17B-16E-Instruct] Temp=0.0 Rep=1 → Concordo fortemente
[2026-05-12 12:04:40,193][__main__][INFO] - Salvamento incremental (720 novas respostas)...
[2026-05-12 12:04:40,250][__main__][INFO] - Cache salvo com 241122 entradas
[2026-05-12 12:04:40,250][__main__][INFO] - ✓ [Qwen/Qwen3-235B-A22B-Instruct-2507] Temp=0.0 Rep=1 → Concordo
[2026-05-12 12:04:40,252][__main__][INFO] - ✓ [Qwen/Qwen3-235B-A22B-Instruct-2507] Temp=0.0 Rep=1 → Discordo fortemente
[2026-05-12 12:04:40,327][__main__][INFO] - ✓ [Qwen/Qwen3-235B-A22B-Instruct-2507] Temp=0.0 Rep=1 → Concordo fortemente
[2026-05-12 12:04:41,217][__main__][INFO] - ✓ [meta-llama/Meta-Llama-3.1-70B-Instruct] Temp=0.0 Rep=1 → Discordo
[2026-05-12 12:04:41,239][__main__][INFO] - ✓ [meta-llama/Meta-Llama-3.1-70B-Instruct] Temp=0.0 Rep=1 → Concordo fortemente
[2026-05-12 12:04:41,253][__main__][INFO] - ✓ [meta-llama/Meta-Llama-3.1-70B-Instruct] Temp=0.0 Rep=1 → Concordo fortemente
[2026-05-12 12:04:41,728][__main__][INFO] - ✓ [meta-llama/Llama-4-Scout-17B-16E-Instruct] Temp=0.0 Rep=1 → Discordo
[2026-05-12 12:04:41,731][__main__][INFO] - ✓ [meta-llama/Llama-4-Scout-17B-16E-Instruct] Temp=0.0 Rep=1 → Discordo
[2026-05-12 12:04:41,891][__main__][INFO] - ✓ [Qwen/Qwen3-14B] Temp=0.0 Rep=1 → Discordo
[2026-05-12 12:04:41,892][__main__][INFO] - ✓ [meta-llama/Llama-4-Scout-17B-16E-Instruct] Temp=0.0 Rep=1 → Concordo fortemente
[2026-05-12 12:04:42,765][__main__][INFO] - ✓ [Qwen/Qwen3-14B] Temp=0.0 Rep=1 → Concordo fortemente
[2026-05-12 12:04:42,938][__main__][INFO] - ✓ [Qwen/Qwen3-235B-A22B-Instruct-2507] Temp=0.0 Rep=1 → Concordo fortemente
[2026-05-12 12:04:44,802][__main__][INFO] - ✓ [Qwen/Qwen3-14B] Temp=0.0 Rep=1 → Concordo fortemente
[2026-05-12 12:04:45,622][__main__][INFO] - ✓ [meta-llama/Meta-Llama-3.1-70B-Instruct] Temp=0.0 Rep=1 → Concordo fortemente
[2026-05-12 12:04:46,149][__main__][INFO] - ✓ [meta-llama/Meta-Llama-3.1-70B-Instruct] Temp=0.0 Rep=1 → Discordo
[2026-05-12 12:04:46,848][__main__][INFO] - ✓ [meta-llama/Meta-Llama-3.1-70B-Instruct] Temp=0.0 Rep=1 → Concordo fortemente
[2026-05-12 12:04:46,970][__main__][INFO] - ✓ [Qwen/Qwen3-14B] Temp=0.0 Rep=1 → Concordo fortemente
[2026-05-12 12:04:47,302][__main__][INFO] - ✓ [meta-llama/Llama-4-Scout-17B-16E-Instruct] Temp=0.0 Rep=1 → Concordo fortemente
[2026-05-12 12:04:47,392][__main__][INFO] - ✓ [meta-llama/Llama-4-Scout-17B-16E-Instruct] Temp=0.0 Rep=1 → Discordo
[2026-05-12 12:04:47,427][__main__][INFO] - ✓ [Qwen/Qwen3-14B] Temp=0.0 Rep=1 → Concordo fortemente
[2026-05-12 12:04:47,658][__main__][INFO] - ✓ [meta-llama/Llama-4-Scout-17B-16E-Instruct] Temp=0.0 Rep=1 → Discordo
[2026-05-12 12:04:47,938][__main__][INFO] - ✓ [Qwen/Qwen3-14B] Temp=0.0 Rep=1 → Concordo fortemente
[2026-05-12 12:04:47,998][__main__][INFO] - ✓ [Qwen/Qwen3-14B] Temp=0.0 Rep=1 → Discordo
[2026-05-12 12:04:48,590][__main__][INFO] - ✓ [Qwen/Qwen3-235B-A22B-Instruct-2507] Temp=0.0 Rep=1 → Discordo
[2026-05-12 12:04:48,725][__main__][INFO] - ✓ [Qwen/Qwen3-14B] Temp=0.0 Rep=1 → Concordo fortemente
[2026-05-12 12:04:48,938][__main__][INFO] - ✓ [Qwen/Qwen3-235B-A22B-Instruct-2507] Temp=0.0 Rep=1 → Concordo fortemente
[2026-05-12 12:04:49,409][__main__][INFO] - ✓ [meta-llama/Meta-Llama-3.1-70B-Instruct] Temp=0.0 Rep=1 → Discordo fortemente
[2026-05-12 12:04:49,556][__main__][INFO] - ✓ [meta-llama/Meta-Llama-3.1-70B-Instruct] Temp=0.0 Rep=1 → Concordo fortemente
[2026-05-12 12:04:49,755][__main__][INFO] - ✓ [Qwen/Qwen3-14B] Temp=0.0 Rep=1 → Concordo fortemente
[2026-05-12 12:04:49,891][__main__][INFO] - ✓ [meta-llama/Meta-Llama-3.1-70B-Instruct] Temp=0.0 Rep=1 → Concordo
[2026-05-12 12:04:49,933][__main__][INFO] - ✓ [meta-llama/Llama-4-Scout-17B-16E-Instruct] Temp=0.0 Rep=1 → Discordo fortemente
[2026-05-12 12:04:50,133][__main__][INFO] - ✓ [meta-llama/Llama-4-Scout-17B-16E-Instruct] Temp=0.0 Rep=1 → Concordo fortemente
[2026-05-12 12:04:50,299][__main__][INFO] - ✓ [meta-llama/Llama-4-Scout-17B-16E-Instruct] Temp=0.0 Rep=1 → Concordo
[2026-05-12 12:04:50,566][__main__][INFO] - ✓ [Qwen/Qwen3-14B] Temp=0.0 Rep=1 → Discordo
[2026-05-12 12:04:51,150][__main__][INFO] - ✓ [Qwen/Qwen3-235B-A22B-Instruct-2507] Temp=0.0 Rep=1 → Concordo fortemente
[2026-05-12 12:04:51,928][__main__][INFO] - ✓ [Qwen/Qwen3-235B-A22B-Instruct-2507] Temp=0.0 Rep=1 → Discordo
[2026-05-12 12:04:52,788][__main__][INFO] - ✓ [Qwen/Qwen3-235B-A22B-Instruct-2507] Temp=0.0 Rep=1 → Neutro
[2026-05-12 12:04:52,987][__main__][INFO] - ✓ [Qwen/Qwen3-14B] Temp=0.0 Rep=1 → Concordo fortemente
[2026-05-12 12:04:53,069][__main__][INFO] - ✓ [Qwen/Qwen3-14B] Temp=0.0 Rep=1 → Concordo fortemente
[2026-05-12 12:04:53,131][__main__][INFO] - ✓ [Qwen/Qwen3-14B] Temp=0.0 Rep=1 → Concordo fortemente
[2026-05-12 12:04:53,308][__main__][INFO] - Salvamento incremental (760 novas respostas)...
[2026-05-12 12:04:53,366][__main__][INFO] - Cache salvo com 241162 entradas
[2026-05-12 12:04:53,367][__main__][INFO] - ✓ [meta-llama/Meta-Llama-3.1-70B-Instruct] Temp=0.0 Rep=1 → Concordo fortemente
[2026-05-12 12:04:53,452][__main__][INFO] - ✓ [meta-llama/Meta-Llama-3.1-70B-Instruct] Temp=0.0 Rep=1 → Concordo
[2026-05-12 12:04:53,508][__main__][INFO] - ✓ [meta-llama/Meta-Llama-3.1-70B-Instruct] Temp=0.0 Rep=1 → Concordo
[2026-05-12 12:04:53,582][__main__][INFO] - ✓ [meta-llama/Llama-4-Scout-17B-16E-Instruct] Temp=0.0 Rep=1 → Concordo fortemente
[2026-05-12 12:04:53,830][__main__][INFO] - ✓ [meta-llama/Llama-4-Scout-17B-16E-Instruct] Temp=0.0 Rep=1 → Concordo fortemente
[2026-05-12 12:04:53,947][__main__][INFO] - ✓ [meta-llama/Llama-4-Scout-17B-16E-Instruct] Temp=0.0 Rep=1 → Discordo
[2026-05-12 12:04:54,732][__main__][INFO] - ✓ [Qwen/Qwen3-235B-A22B-Instruct-2507] Temp=0.0 Rep=1 → Discordo fortemente
[2026-05-12 12:04:54,866][__main__][INFO] - ✓ [Qwen/Qwen3-235B-A22B-Instruct-2507] Temp=0.0 Rep=1 → Neutro
[2026-05-12 12:04:55,126][__main__][INFO] - ✓ [Qwen/Qwen3-235B-A22B-Instruct-2507] Temp=0.0 Rep=1 → Discordo fortemente
[2026-05-12 12:04:55,253][__main__][INFO] - ✓ [Qwen/Qwen3-235B-A22B-Instruct-2507] Temp=0.0 Rep=1 → Neutro
[2026-05-12 12:04:55,617][__main__][INFO] - ✓ [Qwen/Qwen3-235B-A22B-Instruct-2507] Temp=0.0 Rep=1 → Neutro
[2026-05-12 12:04:55,648][__main__][INFO] - ✓ [meta-llama/Meta-Llama-3.1-70B-Instruct] Temp=0.0 Rep=1 → Discordo fortemente
[2026-05-12 12:04:55,779][__main__][INFO] - ✓ [meta-llama/Meta-Llama-3.1-70B-Instruct] Temp=0.0 Rep=1 → Concordo fortemente
[2026-05-12 12:04:55,873][__main__][INFO] - ✓ [Qwen/Qwen3-235B-A22B-Instruct-2507] Temp=0.0 Rep=1 → Concordo fortemente
[2026-05-12 12:04:55,942][__main__][INFO] - ✓ [meta-llama/Llama-4-Scout-17B-16E-Instruct] Temp=0.0 Rep=1 → Discordo fortemente
[2026-05-12 12:04:56,065][__main__][INFO] - ✓ [meta-llama/Llama-4-Scout-17B-16E-Instruct] Temp=0.0 Rep=1 → Concordo fortemente
[2026-05-12 12:04:56,263][__main__][INFO] - ✓ [meta-llama/Meta-Llama-3.1-70B-Instruct] Temp=0.0 Rep=1 → Concordo
[2026-05-12 12:04:56,430][__main__][INFO] - ✓ [meta-llama/Llama-4-Scout-17B-16E-Instruct] Temp=0.0 Rep=1 → Concordo
[2026-05-12 12:04:57,703][__main__][INFO] - ✓ [Qwen/Qwen3-235B-A22B-Instruct-2507] Temp=0.0 Rep=1 → Concordo fortemente
[2026-05-12 12:04:57,786][__main__][INFO] - ✓ [Qwen/Qwen3-14B] Temp=0.0 Rep=1 → Concordo fortemente
[2026-05-12 12:04:58,831][__main__][INFO] - ✓ [Qwen/Qwen3-14B] Temp=0.0 Rep=1 → Concordo fortemente
[2026-05-12 12:04:58,835][__main__][INFO] - ✓ [Qwen/Qwen3-235B-A22B-Instruct-2507] Temp=0.0 Rep=1 → Neutro
[2026-05-12 12:04:58,835][__main__][INFO] - ✓ [Qwen/Qwen3-235B-A22B-Instruct-2507] Temp=0.0 Rep=1 → Neutro
[2026-05-12 12:04:59,445][__main__][INFO] - ✓ [meta-llama/Meta-Llama-3.1-70B-Instruct] Temp=0.0 Rep=1 → Discordo
[2026-05-12 12:04:59,524][__main__][INFO] - ✓ [Qwen/Qwen3-14B] Temp=0.0 Rep=1 → Concordo fortemente
[2026-05-12 12:04:59,716][__main__][INFO] - ✓ [meta-llama/Meta-Llama-3.1-70B-Instruct] Temp=0.0 Rep=1 → Concordo
[2026-05-12 12:04:59,870][__main__][INFO] - ✓ [meta-llama/Meta-Llama-3.1-70B-Instruct] Temp=0.0 Rep=1 → Concordo fortemente
[2026-05-12 12:04:59,887][__main__][INFO] - ✓ [meta-llama/Llama-4-Scout-17B-16E-Instruct] Temp=0.0 Rep=1 → Concordo fortemente
[2026-05-12 12:04:59,890][__main__][INFO] - ✓ [meta-llama/Llama-4-Scout-17B-16E-Instruct] Temp=0.0 Rep=1 → Discordo
[2026-05-12 12:05:00,060][__main__][INFO] - ✓ [meta-llama/Llama-4-Scout-17B-16E-Instruct] Temp=0.0 Rep=1 → Neutro
[2026-05-12 12:05:00,065][__main__][INFO] - ✓ [Qwen/Qwen3-14B] Temp=0.0 Rep=1 → Discordo
[2026-05-12 12:05:00,141][__main__][INFO] - ✓ [Qwen/Qwen3-14B] Temp=0.0 Rep=1 → Concordo fortemente
[2026-05-12 12:05:00,767][__main__][INFO] - ✓ [Qwen/Qwen3-14B] Temp=0.0 Rep=1 → Concordo fortemente
[2026-05-12 12:05:00,976][__main__][INFO] - ✓ [Qwen/Qwen3-235B-A22B-Instruct-2507] Temp=0.0 Rep=1 → Neutro
[2026-05-12 12:05:01,057][__main__][INFO] - ✓ [Qwen/Qwen3-235B-A22B-Instruct-2507] Temp=0.0 Rep=1 → Discordo fortemente
[2026-05-12 12:05:01,138][__main__][INFO] - ✓ [Qwen/Qwen3-235B-A22B-Instruct-2507] Temp=0.0 Rep=1 → Concordo fortemente
[2026-05-12 12:05:01,289][__main__][INFO] - ✓ [Qwen/Qwen3-14B] Temp=0.0 Rep=1 → Concordo fortemente
[2026-05-12 12:05:01,340][__main__][INFO] - ✓ [meta-llama/Meta-Llama-3.1-70B-Instruct] Temp=0.0 Rep=1 → Discordo fortemente
[2026-05-12 12:05:01,358][__main__][INFO] - ✓ [Qwen/Qwen3-14B] Temp=0.0 Rep=1 → Concordo fortemente
[2026-05-12 12:05:01,655][__main__][INFO] - ✓ [meta-llama/Llama-4-Scout-17B-16E-Instruct] Temp=0.0 Rep=1 → Concordo fortemente
[2026-05-12 12:05:01,814][__main__][INFO] - Salvamento incremental (800 novas respostas)...
[2026-05-12 12:05:01,870][__main__][INFO] - Cache salvo com 241202 entradas
[2026-05-12 12:05:01,870][__main__][INFO] - ✓ [meta-llama/Llama-4-Scout-17B-16E-Instruct] Temp=0.0 Rep=1 → Concordo
[2026-05-12 12:05:01,872][__main__][INFO] - ✓ [meta-llama/Llama-4-Scout-17B-16E-Instruct] Temp=0.0 Rep=1 → Discordo fortemente
[2026-05-12 12:05:01,872][__main__][INFO] - ✓ [meta-llama/Meta-Llama-3.1-70B-Instruct] Temp=0.0 Rep=1 → Concordo
[2026-05-12 12:05:01,873][__main__][INFO] - ✓ [meta-llama/Meta-Llama-3.1-70B-Instruct] Temp=0.0 Rep=1 → Concordo fortemente
[2026-05-12 12:05:02,618][__main__][INFO] - ✓ [Qwen/Qwen3-235B-A22B-Instruct-2507] Temp=0.0 Rep=1 → Neutro
[2026-05-12 12:05:02,621][__main__][INFO] - ✓ [Qwen/Qwen3-235B-A22B-Instruct-2507] Temp=0.0 Rep=1 → Discordo
[2026-05-12 12:05:03,128][__main__][INFO] - ✓ [Qwen/Qwen3-235B-A22B-Instruct-2507] Temp=0.0 Rep=1 → Concordo fortemente
[2026-05-12 12:05:03,129][__main__][INFO] - ✓ [meta-llama/Meta-Llama-3.1-70B-Instruct] Temp=0.0 Rep=1 → Neutro
[2026-05-12 12:05:03,181][__main__][INFO] - ✓ [meta-llama/Meta-Llama-3.1-70B-Instruct] Temp=0.0 Rep=1 → Concordo fortemente
[2026-05-12 12:05:03,745][__main__][INFO] - ✓ [meta-llama/Meta-Llama-3.1-70B-Instruct] Temp=0.0 Rep=1 → Concordo
[2026-05-12 12:05:03,749][__main__][INFO] - ✓ [meta-llama/Llama-4-Scout-17B-16E-Instruct] Temp=0.0 Rep=1 → Concordo fortemente
[2026-05-12 12:05:03,750][__main__][INFO] - ✓ [meta-llama/Llama-4-Scout-17B-16E-Instruct] Temp=0.0 Rep=1 → Concordo fortemente
[2026-05-12 12:05:04,256][__main__][INFO] - ✓ [meta-llama/Llama-4-Scout-17B-16E-Instruct] Temp=0.0 Rep=1 → Concordo
[2026-05-12 12:05:06,091][__main__][INFO] - ✓ [Qwen/Qwen3-14B] Temp=0.0 Rep=1 → Concordo fortemente
[2026-05-12 12:05:06,108][__main__][INFO] - ✓ [Qwen/Qwen3-14B] Temp=0.0 Rep=1 → Concordo fortemente
[2026-05-12 12:05:06,340][__main__][INFO] - ✓ [Qwen/Qwen3-14B] Temp=0.0 Rep=1 → Concordo fortemente
[2026-05-12 12:05:06,534][__main__][INFO] - ✓ [Qwen/Qwen3-14B] Temp=0.0 Rep=1 → Discordo
[2026-05-12 12:05:06,734][__main__][INFO] - ✓ [Qwen/Qwen3-14B] Temp=0.0 Rep=1 → Concordo fortemente
[2026-05-12 12:05:06,757][__main__][INFO] - ✓ [Qwen/Qwen3-235B-A22B-Instruct-2507] Temp=0.0 Rep=1 → Discordo
[2026-05-12 12:05:06,889][__main__][INFO] - ✓ [Qwen/Qwen3-235B-A22B-Instruct-2507] Temp=0.0 Rep=1 → Concordo
[2026-05-12 12:05:07,060][__main__][INFO] - ✓ [Qwen/Qwen3-235B-A22B-Instruct-2507] Temp=0.0 Rep=1 → Neutro
[2026-05-12 12:05:07,403][__main__][INFO] - ✓ [meta-llama/Meta-Llama-3.1-70B-Instruct] Temp=0.0 Rep=1 → Discordo
[2026-05-12 12:05:07,452][__main__][INFO] - ✓ [meta-llama/Meta-Llama-3.1-70B-Instruct] Temp=0.0 Rep=1 → Concordo
[2026-05-12 12:05:07,579][__main__][INFO] - ✓ [meta-llama/Llama-4-Scout-17B-16E-Instruct] Temp=0.0 Rep=1 → Discordo
[2026-05-12 12:05:07,639][__main__][INFO] - ✓ [meta-llama/Meta-Llama-3.1-70B-Instruct] Temp=0.0 Rep=1 → Concordo fortemente
[2026-05-12 12:05:07,692][__main__][INFO] - ✓ [meta-llama/Llama-4-Scout-17B-16E-Instruct] Temp=0.0 Rep=1 → Concordo
[2026-05-12 12:05:07,953][__main__][INFO] - ✓ [meta-llama/Llama-4-Scout-17B-16E-Instruct] Temp=0.0 Rep=1 → Discordo
[2026-05-12 12:05:09,684][__main__][INFO] - ✓ [Qwen/Qwen3-235B-A22B-Instruct-2507] Temp=0.0 Rep=1 → Concordo
[2026-05-12 12:05:09,792][__main__][INFO] - ✓ [Qwen/Qwen3-235B-A22B-Instruct-2507] Temp=0.0 Rep=1 → Concordo fortemente
[2026-05-12 12:05:10,401][__main__][INFO] - ✓ [meta-llama/Meta-Llama-3.1-70B-Instruct] Temp=0.0 Rep=1 → Concordo fortemente
[2026-05-12 12:05:10,584][__main__][INFO] - ✓ [Qwen/Qwen3-14B] Temp=0.0 Rep=1 → Concordo fortemente
[2026-05-12 12:05:11,118][__main__][INFO] - ✓ [Qwen/Qwen3-235B-A22B-Instruct-2507] Temp=0.0 Rep=1 → Concordo fortemente
[2026-05-12 12:05:11,262][__main__][INFO] - ✓ [meta-llama/Meta-Llama-3.1-70B-Instruct] Temp=0.0 Rep=1 → Concordo
[2026-05-12 12:05:11,283][__main__][INFO] - ✓ [Qwen/Qwen3-14B] Temp=0.0 Rep=1 → Discordo
[2026-05-12 12:05:11,375][__main__][INFO] - ✓ [meta-llama/Meta-Llama-3.1-70B-Instruct] Temp=0.0 Rep=1 → Concordo fortemente
[2026-05-12 12:05:11,586][__main__][INFO] - ✓ [meta-llama/Llama-4-Scout-17B-16E-Instruct] Temp=0.0 Rep=1 → Concordo fortemente
[2026-05-12 12:05:11,661][__main__][INFO] - ✓ [meta-llama/Llama-4-Scout-17B-16E-Instruct] Temp=0.0 Rep=1 → Discordo
[2026-05-12 12:05:11,682][__main__][INFO] - ✓ [meta-llama/Llama-4-Scout-17B-16E-Instruct] Temp=0.0 Rep=1 → Concordo fortemente
[2026-05-12 12:05:12,299][__main__][INFO] - ✓ [Qwen/Qwen3-14B] Temp=0.0 Rep=1 → Concordo fortemente
[2026-05-12 12:05:12,470][__main__][INFO] - ✓ [Qwen/Qwen3-14B] Temp=0.0 Rep=1 → Concordo fortemente
[2026-05-12 12:05:12,602][__main__][INFO] - Salvamento incremental (840 novas respostas)...
[2026-05-12 12:05:12,662][__main__][INFO] - Cache salvo com 241242 entradas
[2026-05-12 12:05:12,662][__main__][INFO] - ✓ [Qwen/Qwen3-235B-A22B-Instruct-2507] Temp=0.0 Rep=1 → Concordo fortemente
[2026-05-12 12:05:13,164][__main__][INFO] - ✓ [Qwen/Qwen3-235B-A22B-Instruct-2507] Temp=0.0 Rep=1 → Concordo
[2026-05-12 12:05:13,344][__main__][INFO] - ✓ [Qwen/Qwen3-14B] Temp=0.0 Rep=1 → Discordo
[2026-05-12 12:05:13,432][__main__][INFO] - ✓ [Qwen/Qwen3-14B] Temp=0.0 Rep=1 → Concordo fortemente
[2026-05-12 12:05:13,496][__main__][INFO] - ✓ [meta-llama/Meta-Llama-3.1-70B-Instruct] Temp=0.0 Rep=1 → Concordo fortemente
[2026-05-12 12:05:13,669][__main__][INFO] - ✓ [meta-llama/Meta-Llama-3.1-70B-Instruct] Temp=0.0 Rep=1 → Concordo
[2026-05-12 12:05:13,713][__main__][INFO] - ✓ [Qwen/Qwen3-235B-A22B-Instruct-2507] Temp=0.0 Rep=1 → Concordo fortemente
[2026-05-12 12:05:13,935][__main__][INFO] - ✓ [meta-llama/Meta-Llama-3.1-70B-Instruct] Temp=0.0 Rep=1 → Concordo fortemente
[2026-05-12 12:05:13,946][__main__][INFO] - ✓ [meta-llama/Llama-4-Scout-17B-16E-Instruct] Temp=0.0 Rep=1 → Concordo fortemente
[2026-05-12 12:05:14,041][__main__][INFO] - ✓ [meta-llama/Llama-4-Scout-17B-16E-Instruct] Temp=0.0 Rep=1 → Concordo fortemente
[2026-05-12 12:05:14,081][__main__][INFO] - ✓ [meta-llama/Llama-4-Scout-17B-16E-Instruct] Temp=0.0 Rep=1 → Discordo
[2026-05-12 12:05:14,598][__main__][INFO] - ✓ [Qwen/Qwen3-14B] Temp=0.0 Rep=1 → Concordo fortemente
[2026-05-12 12:05:14,681][__main__][INFO] - ✓ [Qwen/Qwen3-235B-A22B-Instruct-2507] Temp=0.0 Rep=1 → Discordo
[2026-05-12 12:05:14,920][__main__][INFO] - ✓ [Qwen/Qwen3-235B-A22B-Instruct-2507] Temp=0.0 Rep=1 → Discordo
[2026-05-12 12:05:15,229][__main__][INFO] - ✓ [Qwen/Qwen3-235B-A22B-Instruct-2507] Temp=0.0 Rep=1 → Discordo
[2026-05-12 12:05:15,265][__main__][INFO] - ✓ [meta-llama/Meta-Llama-3.1-70B-Instruct] Temp=0.0 Rep=1 → Concordo
[2026-05-12 12:05:15,669][__main__][INFO] - ✓ [meta-llama/Llama-4-Scout-17B-16E-Instruct] Temp=0.0 Rep=1 → Discordo
[2026-05-12 12:05:15,967][__main__][INFO] - ✓ [meta-llama/Meta-Llama-3.1-70B-Instruct] Temp=0.0 Rep=1 → Concordo
[2026-05-12 12:05:16,052][__main__][INFO] - ✓ [meta-llama/Meta-Llama-3.1-70B-Instruct] Temp=0.0 Rep=1 → Concordo fortemente
[2026-05-12 12:05:16,056][__main__][INFO] - ✓ [meta-llama/Llama-4-Scout-17B-16E-Instruct] Temp=0.0 Rep=1 → Concordo fortemente
[2026-05-12 12:05:16,377][__main__][INFO] - ✓ [meta-llama/Llama-4-Scout-17B-16E-Instruct] Temp=0.0 Rep=1 → Concordo
[2026-05-12 12:05:17,672][__main__][INFO] - ✓ [Qwen/Qwen3-14B] Temp=0.0 Rep=1 → Concordo fortemente
[2026-05-12 12:05:18,064][__main__][INFO] - ✓ [Qwen/Qwen3-14B] Temp=0.0 Rep=1 → Concordo fortemente
[2026-05-12 12:05:18,589][__main__][INFO] - ✓ [Qwen/Qwen3-14B] Temp=0.0 Rep=1 → Concordo fortemente
[2026-05-12 12:05:19,310][__main__][INFO] - ✓ [Qwen/Qwen3-235B-A22B-Instruct-2507] Temp=0.0 Rep=1 → Concordo fortemente
[2026-05-12 12:05:19,314][__main__][INFO] - ✓ [Qwen/Qwen3-235B-A22B-Instruct-2507] Temp=0.0 Rep=1 → Concordo fortemente
[2026-05-12 12:05:19,431][__main__][INFO] - ✓ [Qwen/Qwen3-235B-A22B-Instruct-2507] Temp=0.0 Rep=1 → Concordo fortemente
[2026-05-12 12:05:19,954][__main__][INFO] - ✓ [meta-llama/Meta-Llama-3.1-70B-Instruct] Temp=0.0 Rep=1 → Concordo
[2026-05-12 12:05:20,163][__main__][INFO] - ✓ [meta-llama/Meta-Llama-3.1-70B-Instruct] Temp=0.0 Rep=1 → Concordo fortemente
[2026-05-12 12:05:20,211][__main__][INFO] - ✓ [meta-llama/Meta-Llama-3.1-70B-Instruct] Temp=0.0 Rep=1 → Concordo fortemente
[2026-05-12 12:05:20,401][__main__][INFO] - ✓ [meta-llama/Llama-4-Scout-17B-16E-Instruct] Temp=0.0 Rep=1 → Concordo fortemente
[2026-05-12 12:05:20,444][__main__][INFO] - ✓ [Qwen/Qwen3-14B] Temp=0.0 Rep=1 → Concordo fortemente
[2026-05-12 12:05:20,586][__main__][INFO] - ✓ [meta-llama/Llama-4-Scout-17B-16E-Instruct] Temp=0.0 Rep=1 → Concordo fortemente
[2026-05-12 12:05:20,687][__main__][INFO] - ✓ [meta-llama/Llama-4-Scout-17B-16E-Instruct] Temp=0.0 Rep=1 → Discordo
[2026-05-12 12:05:21,050][__main__][INFO] - ✓ [Qwen/Qwen3-14B] Temp=0.0 Rep=1 → Discordo
[2026-05-12 12:05:21,460][__main__][INFO] - ✓ [Qwen/Qwen3-235B-A22B-Instruct-2507] Temp=0.0 Rep=1 → Discordo
[2026-05-12 12:05:22,280][__main__][INFO] - ✓ [Qwen/Qwen3-235B-A22B-Instruct-2507] Temp=0.0 Rep=1 → Concordo fortemente
[2026-05-12 12:05:22,283][__main__][INFO] - ✓ [Qwen/Qwen3-235B-A22B-Instruct-2507] Temp=0.0 Rep=1 → Neutro
[2026-05-12 12:05:22,791][__main__][INFO] - ✓ [meta-llama/Meta-Llama-3.1-70B-Instruct] Temp=0.0 Rep=1 → Discordo
[2026-05-12 12:05:22,809][__main__][INFO] - ✓ [meta-llama/Meta-Llama-3.1-70B-Instruct] Temp=0.0 Rep=1 → Concordo fortemente
[2026-05-12 12:05:23,406][__main__][INFO] - Salvamento incremental (880 novas respostas)...
[2026-05-12 12:05:23,458][__main__][INFO] - Cache salvo com 241282 entradas
[2026-05-12 12:05:23,458][__main__][INFO] - ✓ [meta-llama/Llama-4-Scout-17B-16E-Instruct] Temp=0.0 Rep=1 → Discordo fortemente
[2026-05-12 12:05:23,460][__main__][INFO] - ✓ [meta-llama/Meta-Llama-3.1-70B-Instruct] Temp=0.0 Rep=1 → Concordo
[2026-05-12 12:05:23,674][__main__][INFO] - ✓ [Qwen/Qwen3-14B] Temp=0.0 Rep=1 → Concordo fortemente
[2026-05-12 12:05:23,830][__main__][INFO] - ✓ [meta-llama/Llama-4-Scout-17B-16E-Instruct] Temp=0.0 Rep=1 → Concordo fortemente
[2026-05-12 12:05:23,833][__main__][INFO] - ✓ [meta-llama/Llama-4-Scout-17B-16E-Instruct] Temp=0.0 Rep=1 → Concordo fortemente
[2026-05-12 12:05:24,941][__main__][INFO] - ✓ [Qwen/Qwen3-14B] Temp=0.0 Rep=1 → Discordo
[2026-05-12 12:05:24,974][__main__][INFO] - ✓ [Qwen/Qwen3-14B] Temp=0.0 Rep=1 → Discordo
[2026-05-12 12:05:26,478][__main__][INFO] - ✓ [Qwen/Qwen3-235B-A22B-Instruct-2507] Temp=0.0 Rep=1 → Discordo
[2026-05-12 12:05:26,482][__main__][INFO] - ✓ [Qwen/Qwen3-235B-A22B-Instruct-2507] Temp=0.0 Rep=1 → Discordo
[2026-05-12 12:05:26,976][__main__][INFO] - ✓ [meta-llama/Meta-Llama-3.1-70B-Instruct] Temp=0.0 Rep=1 → Discordo
[2026-05-12 12:05:27,169][__main__][INFO] - ✓ [Qwen/Qwen3-235B-A22B-Instruct-2507] Temp=0.0 Rep=1 → Discordo
[2026-05-12 12:05:27,590][__main__][INFO] - ✓ [meta-llama/Meta-Llama-3.1-70B-Instruct] Temp=0.0 Rep=1 → Concordo fortemente
[2026-05-12 12:05:27,626][__main__][INFO] - ✓ [meta-llama/Meta-Llama-3.1-70B-Instruct] Temp=0.0 Rep=1 → Concordo
[2026-05-12 12:05:27,899][__main__][INFO] - ✓ [meta-llama/Llama-4-Scout-17B-16E-Instruct] Temp=0.0 Rep=1 → Concordo fortemente
[2026-05-12 12:05:28,026][__main__][INFO] - ✓ [meta-llama/Llama-4-Scout-17B-16E-Instruct] Temp=0.0 Rep=1 → Discordo
[2026-05-12 12:05:28,628][__main__][INFO] - ✓ [meta-llama/Llama-4-Scout-17B-16E-Instruct] Temp=0.0 Rep=1 → Concordo
[2026-05-12 12:05:28,868][__main__][INFO] - ✓ [Qwen/Qwen3-14B] Temp=0.0 Rep=1 → Concordo fortemente
[2026-05-12 12:05:29,448][__main__][INFO] - ✓ [Qwen/Qwen3-14B] Temp=0.0 Rep=1 → Discordo
[2026-05-12 12:05:31,526][__main__][INFO] - ✓ [Qwen/Qwen3-235B-A22B-Instruct-2507] Temp=0.0 Rep=1 → Concordo fortemente
[2026-05-12 12:05:32,314][__main__][INFO] - ✓ [Qwen/Qwen3-235B-A22B-Instruct-2507] Temp=0.0 Rep=1 → Discordo
[2026-05-12 12:05:33,032][__main__][INFO] - ✓ [Qwen/Qwen3-235B-A22B-Instruct-2507] Temp=0.0 Rep=1 → Concordo fortemente
[2026-05-12 12:05:33,646][__main__][INFO] - ✓ [meta-llama/Meta-Llama-3.1-70B-Instruct] Temp=0.0 Rep=1 → Concordo fortemente
[2026-05-12 12:05:34,158][__main__][INFO] - ✓ [meta-llama/Meta-Llama-3.1-70B-Instruct] Temp=0.0 Rep=1 → Concordo
[2026-05-12 12:05:34,876][__main__][INFO] - ✓ [meta-llama/Meta-Llama-3.1-70B-Instruct] Temp=0.0 Rep=1 → Concordo fortemente
[2026-05-12 12:05:35,150][__main__][INFO] - ✓ [meta-llama/Llama-4-Scout-17B-16E-Instruct] Temp=0.0 Rep=1 → Concordo fortemente
[2026-05-12 12:05:35,243][__main__][INFO] - ✓ [Qwen/Qwen3-14B] Temp=0.0 Rep=1 → Concordo fortemente
[2026-05-12 12:05:35,509][__main__][INFO] - ✓ [meta-llama/Llama-4-Scout-17B-16E-Instruct] Temp=0.0 Rep=1 → Discordo
[2026-05-12 12:05:35,553][__main__][INFO] - ✓ [Qwen/Qwen3-14B] Temp=0.0 Rep=1 → Concordo fortemente
[2026-05-12 12:05:35,641][__main__][INFO] - ✓ [meta-llama/Llama-4-Scout-17B-16E-Instruct] Temp=0.0 Rep=1 → Concordo fortemente
[2026-05-12 12:05:37,026][__main__][INFO] - ✓ [Qwen/Qwen3-14B] Temp=0.0 Rep=1 → Concordo fortemente
[2026-05-12 12:05:37,607][__main__][INFO] - ✓ [Qwen/Qwen3-235B-A22B-Instruct-2507] Temp=0.0 Rep=1 → Discordo
[2026-05-12 12:05:38,354][__main__][INFO] - ✓ [Qwen/Qwen3-235B-A22B-Instruct-2507] Temp=0.0 Rep=1 → Discordo
[2026-05-12 12:05:39,074][__main__][INFO] - ✓ [Qwen/Qwen3-235B-A22B-Instruct-2507] Temp=0.0 Rep=1 → Neutro
[2026-05-12 12:05:39,586][__main__][INFO] - ✓ [meta-llama/Meta-Llama-3.1-70B-Instruct] Temp=0.0 Rep=1 → Discordo
[2026-05-12 12:05:40,200][__main__][INFO] - ✓ [meta-llama/Meta-Llama-3.1-70B-Instruct] Temp=0.0 Rep=1 → Concordo fortemente
[2026-05-12 12:05:42,452][__main__][INFO] - ✓ [meta-llama/Meta-Llama-3.1-70B-Instruct] Temp=0.0 Rep=1 → Concordo
[2026-05-12 12:05:43,591][__main__][INFO] - ✓ [meta-llama/Llama-4-Scout-17B-16E-Instruct] Temp=0.0 Rep=1 → Discordo fortemente
[2026-05-12 12:05:43,592][__main__][INFO] - ✓ [Qwen/Qwen3-14B] Temp=0.0 Rep=1 → Concordo fortemente
[2026-05-12 12:05:44,091][__main__][INFO] - ✓ [meta-llama/Llama-4-Scout-17B-16E-Instruct] Temp=0.0 Rep=1 → Concordo fortemente
[2026-05-12 12:05:44,108][__main__][INFO] - ✓ [meta-llama/Llama-4-Scout-17B-16E-Instruct] Temp=0.0 Rep=1 → Concordo fortemente
[2026-05-12 12:05:45,115][__main__][INFO] - Salvamento incremental (920 novas respostas)...
[2026-05-12 12:05:45,177][__main__][INFO] - Cache salvo com 241322 entradas
[2026-05-12 12:05:45,177][__main__][INFO] - ✓ [Qwen/Qwen3-14B] Temp=0.0 Rep=1 → Concordo fortemente
[2026-05-12 12:05:46,140][__main__][INFO] - ✓ [Qwen/Qwen3-14B] Temp=0.0 Rep=1 → Concordo fortemente
[2026-05-12 12:05:46,280][__main__][INFO] - ✓ [Qwen/Qwen3-14B] Temp=0.0 Rep=1 → Concordo fortemente
[2026-05-12 12:05:46,640][__main__][INFO] - ✓ [Qwen/Qwen3-14B] Temp=0.0 Rep=1 → Concordo fortemente
[2026-05-12 12:05:46,708][__main__][INFO] - ✓ [Qwen/Qwen3-235B-A22B-Instruct-2507] Temp=0.0 Rep=1 → Discordo
[2026-05-12 12:05:46,900][__main__][INFO] - ✓ [Qwen/Qwen3-235B-A22B-Instruct-2507] Temp=0.0 Rep=1 → Discordo
[2026-05-12 12:05:47,183][__main__][INFO] - ✓ [Qwen/Qwen3-235B-A22B-Instruct-2507] Temp=0.0 Rep=1 → Neutro
[2026-05-12 12:05:47,468][__main__][INFO] - ✓ [meta-llama/Meta-Llama-3.1-70B-Instruct] Temp=0.0 Rep=1 → Discordo fortemente
[2026-05-12 12:05:47,581][__main__][INFO] - ✓ [meta-llama/Meta-Llama-3.1-70B-Instruct] Temp=0.0 Rep=1 → Concordo fortemente
[2026-05-12 12:05:47,837][__main__][INFO] - ✓ [meta-llama/Meta-Llama-3.1-70B-Instruct] Temp=0.0 Rep=1 → Concordo
[2026-05-12 12:05:47,948][__main__][INFO] - ✓ [meta-llama/Llama-4-Scout-17B-16E-Instruct] Temp=0.0 Rep=1 → Concordo fortemente
[2026-05-12 12:05:48,177][__main__][INFO] - ✓ [meta-llama/Llama-4-Scout-17B-16E-Instruct] Temp=0.0 Rep=1 → Discordo fortemente
[2026-05-12 12:05:48,261][__main__][INFO] - ✓ [meta-llama/Llama-4-Scout-17B-16E-Instruct] Temp=0.0 Rep=1 → Concordo
[2026-05-12 12:05:49,935][__main__][INFO] - ✓ [Qwen/Qwen3-14B] Temp=0.0 Rep=1 → Concordo fortemente
[2026-05-12 12:05:50,849][__main__][INFO] - ✓ [Qwen/Qwen3-235B-A22B-Instruct-2507] Temp=0.0 Rep=1 → Concordo fortemente
[2026-05-12 12:05:51,669][__main__][INFO] - ✓ [Qwen/Qwen3-235B-A22B-Instruct-2507] Temp=0.0 Rep=1 → Concordo
[2026-05-12 12:05:52,900][__main__][INFO] - ✓ [Qwen/Qwen3-235B-A22B-Instruct-2507] Temp=0.0 Rep=1 → Concordo fortemente
[2026-05-12 12:05:53,615][__main__][INFO] - ✓ [Qwen/Qwen3-14B] Temp=0.0 Rep=1 → Discordo
[2026-05-12 12:05:53,795][__main__][INFO] - ✓ [Qwen/Qwen3-14B] Temp=0.0 Rep=1 → Concordo fortemente
[2026-05-12 12:05:53,812][__main__][INFO] - ✓ [Qwen/Qwen3-14B] Temp=0.0 Rep=1 → Concordo fortemente
[2026-05-12 12:05:54,238][__main__][INFO] - ✓ [meta-llama/Llama-4-Scout-17B-16E-Instruct] Temp=0.0 Rep=1 → Concordo fortemente
[2026-05-12 12:05:54,566][__main__][INFO] - ✓ [meta-llama/Meta-Llama-3.1-70B-Instruct] Temp=0.0 Rep=1 → Discordo
[2026-05-12 12:05:54,611][__main__][INFO] - ✓ [meta-llama/Meta-Llama-3.1-70B-Instruct] Temp=0.0 Rep=1 → Concordo fortemente
[2026-05-12 12:05:54,764][__main__][INFO] - ✓ [meta-llama/Llama-4-Scout-17B-16E-Instruct] Temp=0.0 Rep=1 → Discordo
[2026-05-12 12:05:54,767][__main__][INFO] - ✓ [meta-llama/Meta-Llama-3.1-70B-Instruct] Temp=0.0 Rep=1 → Concordo fortemente
[2026-05-12 12:05:54,871][__main__][INFO] - ✓ [Qwen/Qwen3-14B] Temp=0.0 Rep=1 → Concordo fortemente
[2026-05-12 12:05:55,021][__main__][INFO] - ✓ [meta-llama/Llama-4-Scout-17B-16E-Instruct] Temp=0.0 Rep=1 → Concordo fortemente
[2026-05-12 12:05:55,560][__main__][INFO] - ✓ [Qwen/Qwen3-14B] Temp=0.0 Rep=1 → Concordo fortemente
[2026-05-12 12:05:55,813][__main__][INFO] - ✓ [Qwen/Qwen3-235B-A22B-Instruct-2507] Temp=0.0 Rep=1 → Discordo
[2026-05-12 12:05:55,970][__main__][INFO] - ✓ [Qwen/Qwen3-235B-A22B-Instruct-2507] Temp=0.0 Rep=1 → Concordo fortemente
[2026-05-12 12:05:56,585][__main__][INFO] - ✓ [meta-llama/Meta-Llama-3.1-70B-Instruct] Temp=0.0 Rep=1 → Discordo
[2026-05-12 12:05:56,588][__main__][INFO] - ✓ [meta-llama/Meta-Llama-3.1-70B-Instruct] Temp=0.0 Rep=1 → Concordo fortemente
[2026-05-12 12:05:56,589][__main__][INFO] - ✓ [Qwen/Qwen3-235B-A22B-Instruct-2507] Temp=0.0 Rep=1 → Neutro
[2026-05-12 12:05:57,067][__main__][INFO] - ✓ [meta-llama/Meta-Llama-3.1-70B-Instruct] Temp=0.0 Rep=1 → Concordo
[2026-05-12 12:05:57,095][__main__][INFO] - ✓ [meta-llama/Llama-4-Scout-17B-16E-Instruct] Temp=0.0 Rep=1 → Discordo
[2026-05-12 12:05:57,125][__main__][INFO] - ✓ [meta-llama/Llama-4-Scout-17B-16E-Instruct] Temp=0.0 Rep=1 → Concordo fortemente
[2026-05-12 12:05:57,432][__main__][INFO] - ✓ [meta-llama/Llama-4-Scout-17B-16E-Instruct] Temp=0.0 Rep=1 → Concordo fortemente
[2026-05-12 12:05:58,530][__main__][INFO] - ✓ [Qwen/Qwen3-14B] Temp=0.0 Rep=1 → Concordo fortemente
[2026-05-12 12:05:58,701][__main__][INFO] - ✓ [Qwen/Qwen3-14B] Temp=0.0 Rep=1 → Concordo fortemente
[2026-05-12 12:06:00,065][__main__][INFO] - ✓ [Qwen/Qwen3-235B-A22B-Instruct-2507] Temp=0.0 Rep=1 → Discordo
[2026-05-12 12:06:00,065][__main__][INFO] - Salvamento incremental (960 novas respostas)...
[2026-05-12 12:06:00,143][__main__][INFO] - Cache salvo com 241362 entradas
[2026-05-12 12:06:00,143][__main__][INFO] - ✓ [Qwen/Qwen3-235B-A22B-Instruct-2507] Temp=0.0 Rep=1 → Concordo fortemente
[2026-05-12 12:06:00,528][__main__][INFO] - ✓ [Qwen/Qwen3-14B] Temp=0.0 Rep=1 → Concordo fortemente
[2026-05-12 12:06:00,716][__main__][INFO] - ✓ [meta-llama/Meta-Llama-3.1-70B-Instruct] Temp=0.0 Rep=1 → Concordo fortemente
[2026-05-12 12:06:01,207][__main__][INFO] - ✓ [Qwen/Qwen3-235B-A22B-Instruct-2507] Temp=0.0 Rep=1 → Concordo
[2026-05-12 12:06:01,231][__main__][INFO] - ✓ [meta-llama/Meta-Llama-3.1-70B-Instruct] Temp=0.0 Rep=1 → Concordo
[2026-05-12 12:06:01,244][__main__][INFO] - ✓ [meta-llama/Meta-Llama-3.1-70B-Instruct] Temp=0.0 Rep=1 → Concordo
[2026-05-12 12:06:01,619][__main__][INFO] - ✓ [meta-llama/Llama-4-Scout-17B-16E-Instruct] Temp=0.0 Rep=1 → Concordo fortemente
[2026-05-12 12:06:01,625][__main__][INFO] - ✓ [meta-llama/Llama-4-Scout-17B-16E-Instruct] Temp=0.0 Rep=1 → Concordo fortemente
[2026-05-12 12:06:01,627][__main__][INFO] - ✓ [meta-llama/Llama-4-Scout-17B-16E-Instruct] Temp=0.0 Rep=1 → Concordo
[2026-05-12 12:06:02,729][__main__][INFO] - ✓ [Qwen/Qwen3-14B] Temp=0.0 Rep=1 → Concordo fortemente
[2026-05-12 12:06:02,733][__main__][INFO] - ✓ [Qwen/Qwen3-14B] Temp=0.0 Rep=1 → Discordo
[2026-05-12 12:06:03,445][__main__][INFO] - ✓ [Qwen/Qwen3-14B] Temp=0.0 Rep=1 → Concordo fortemente
[2026-05-12 12:06:03,677][__main__][INFO] - ✓ [Qwen/Qwen3-14B] Temp=0.0 Rep=1 → Concordo fortemente
[2026-05-12 12:06:03,846][__main__][INFO] - ✓ [Qwen/Qwen3-14B] Temp=0.0 Rep=1 → Concordo fortemente
[2026-05-12 12:06:04,201][__main__][INFO] - ✓ [Qwen/Qwen3-235B-A22B-Instruct-2507] Temp=0.0 Rep=1 → Concordo
[2026-05-12 12:06:04,255][__main__][INFO] - ✓ [meta-llama/Meta-Llama-3.1-70B-Instruct] Temp=0.0 Rep=1 → Concordo
[2026-05-12 12:06:04,335][__main__][INFO] - ✓ [Qwen/Qwen3-235B-A22B-Instruct-2507] Temp=0.0 Rep=1 → Concordo fortemente
[2026-05-12 12:06:04,443][__main__][INFO] - ✓ [meta-llama/Meta-Llama-3.1-70B-Instruct] Temp=0.0 Rep=1 → Concordo fortemente
[2026-05-12 12:06:04,452][__main__][INFO] - ✓ [Qwen/Qwen3-235B-A22B-Instruct-2507] Temp=0.0 Rep=1 → Concordo fortemente
[2026-05-12 12:06:04,725][__main__][INFO] - ✓ [meta-llama/Llama-4-Scout-17B-16E-Instruct] Temp=0.0 Rep=1 → Concordo fortemente
[2026-05-12 12:06:04,728][__main__][INFO] - ✓ [meta-llama/Llama-4-Scout-17B-16E-Instruct] Temp=0.0 Rep=1 → Concordo fortemente
[2026-05-12 12:06:04,749][__main__][INFO] - ✓ [meta-llama/Meta-Llama-3.1-70B-Instruct] Temp=0.0 Rep=1 → Concordo fortemente
[2026-05-12 12:06:04,823][__main__][INFO] - ✓ [Qwen/Qwen3-14B] Temp=0.0 Rep=1 → Discordo
[2026-05-12 12:06:04,889][__main__][INFO] - ✓ [meta-llama/Llama-4-Scout-17B-16E-Instruct] Temp=0.0 Rep=1 → Concordo fortemente
[2026-05-12 12:06:05,139][__main__][INFO] - ✓ [Qwen/Qwen3-14B] Temp=0.0 Rep=1 → Concordo fortemente
[2026-05-12 12:06:05,382][__main__][INFO] - ✓ [Qwen/Qwen3-235B-A22B-Instruct-2507] Temp=0.0 Rep=1 → Concordo
[2026-05-12 12:06:05,620][__main__][INFO] - ✓ [meta-llama/Meta-Llama-3.1-70B-Instruct] Temp=0.0 Rep=1 → Concordo
[2026-05-12 12:06:05,772][__main__][INFO] - ✓ [Qwen/Qwen3-235B-A22B-Instruct-2507] Temp=0.0 Rep=1 → Concordo fortemente
[2026-05-12 12:06:05,942][__main__][INFO] - ✓ [meta-llama/Meta-Llama-3.1-70B-Instruct] Temp=0.0 Rep=1 → Concordo fortemente
[2026-05-12 12:06:06,120][__main__][INFO] - ✓ [meta-llama/Llama-4-Scout-17B-16E-Instruct] Temp=0.0 Rep=1 → Concordo fortemente
[2026-05-12 12:06:06,180][__main__][INFO] - ✓ [Qwen/Qwen3-235B-A22B-Instruct-2507] Temp=0.0 Rep=1 → Concordo fortemente
[2026-05-12 12:06:06,298][__main__][INFO] - ✓ [meta-llama/Meta-Llama-3.1-70B-Instruct] Temp=0.0 Rep=1 → Concordo fortemente
[2026-05-12 12:06:06,465][__main__][INFO] - ✓ [meta-llama/Llama-4-Scout-17B-16E-Instruct] Temp=0.0 Rep=1 → Concordo fortemente
[2026-05-12 12:06:06,498][__main__][INFO] - ✓ [meta-llama/Llama-4-Scout-17B-16E-Instruct] Temp=0.0 Rep=1 → Concordo fortemente
[2026-05-12 12:06:07,489][__main__][INFO] - ✓ [Qwen/Qwen3-235B-A22B-Instruct-2507] Temp=0.0 Rep=1 → Concordo fortemente
[2026-05-12 12:06:07,972][__main__][INFO] - ✓ [Qwen/Qwen3-235B-A22B-Instruct-2507] Temp=0.0 Rep=1 → Discordo
[2026-05-12 12:06:08,497][__main__][INFO] - ✓ [Qwen/Qwen3-235B-A22B-Instruct-2507] Temp=0.0 Rep=1 → Concordo
[2026-05-12 12:06:08,958][__main__][INFO] - ✓ [Qwen/Qwen3-14B] Temp=0.0 Rep=1 → Concordo fortemente
[2026-05-12 12:06:09,105][__main__][INFO] - ✓ [meta-llama/Meta-Llama-3.1-70B-Instruct] Temp=0.0 Rep=1 → Concordo fortemente
[2026-05-12 12:06:09,691][__main__][INFO] - ✓ [Qwen/Qwen3-14B] Temp=0.0 Rep=1 → Concordo fortemente
[2026-05-12 12:06:10,071][__main__][INFO] - Salvamento incremental (1000 novas respostas)...
[2026-05-12 12:06:10,123][__main__][INFO] - Cache salvo com 241402 entradas
[2026-05-12 12:06:10,124][__main__][INFO] - ✓ [meta-llama/Meta-Llama-3.1-70B-Instruct] Temp=0.0 Rep=1 → Concordo
[2026-05-12 12:06:10,125][__main__][INFO] - ✓ [meta-llama/Meta-Llama-3.1-70B-Instruct] Temp=0.0 Rep=1 → Concordo
[2026-05-12 12:06:10,225][__main__][INFO] - ✓ [meta-llama/Llama-4-Scout-17B-16E-Instruct] Temp=0.0 Rep=1 → Concordo fortemente
[2026-05-12 12:06:10,491][__main__][INFO] - ✓ [meta-llama/Llama-4-Scout-17B-16E-Instruct] Temp=0.0 Rep=1 → Concordo
[2026-05-12 12:06:10,494][__main__][INFO] - ✓ [meta-llama/Llama-4-Scout-17B-16E-Instruct] Temp=0.0 Rep=1 → Concordo fortemente
[2026-05-12 12:06:11,580][__main__][INFO] - ✓ [Qwen/Qwen3-14B] Temp=0.0 Rep=1 → Concordo fortemente
[2026-05-12 12:06:12,251][__main__][INFO] - ✓ [Qwen/Qwen3-235B-A22B-Instruct-2507] Temp=0.0 Rep=1 → Discordo
[2026-05-12 12:06:12,623][__main__][INFO] - ✓ [Qwen/Qwen3-14B] Temp=0.0 Rep=1 → Concordo fortemente
[2026-05-12 12:06:13,332][__main__][INFO] - ✓ [Qwen/Qwen3-14B] Temp=0.0 Rep=1 → Concordo fortemente
[2026-05-12 12:06:13,352][__main__][INFO] - ✓ [Qwen/Qwen3-235B-A22B-Instruct-2507] Temp=0.0 Rep=1 → Concordo fortemente
[2026-05-12 12:06:13,681][__main__][INFO] - ✓ [Qwen/Qwen3-14B] Temp=0.0 Rep=1 → Concordo fortemente
[2026-05-12 12:06:13,881][__main__][INFO] - ✓ [meta-llama/Meta-Llama-3.1-70B-Instruct] Temp=0.0 Rep=1 → Concordo
[2026-05-12 12:06:13,972][__main__][INFO] - ✓ [meta-llama/Meta-Llama-3.1-70B-Instruct] Temp=0.0 Rep=1 → Concordo fortemente
[2026-05-12 12:06:13,989][__main__][INFO] - ✓ [Qwen/Qwen3-235B-A22B-Instruct-2507] Temp=0.0 Rep=1 → Concordo fortemente
[2026-05-12 12:06:14,054][__main__][INFO] - ✓ [Qwen/Qwen3-14B] Temp=0.0 Rep=1 → Concordo fortemente
[2026-05-12 12:06:14,235][__main__][INFO] - ✓ [meta-llama/Meta-Llama-3.1-70B-Instruct] Temp=0.0 Rep=1 → Concordo fortemente
[2026-05-12 12:06:14,325][__main__][INFO] - ✓ [meta-llama/Llama-4-Scout-17B-16E-Instruct] Temp=0.0 Rep=1 → Discordo
[2026-05-12 12:06:14,377][__main__][INFO] - ✓ [meta-llama/Llama-4-Scout-17B-16E-Instruct] Temp=0.0 Rep=1 → Concordo fortemente
[2026-05-12 12:06:14,731][__main__][INFO] - ✓ [meta-llama/Llama-4-Scout-17B-16E-Instruct] Temp=0.0 Rep=1 → Concordo fortemente
[2026-05-12 12:06:14,998][__main__][INFO] - ✓ [Qwen/Qwen3-235B-A22B-Instruct-2507] Temp=0.0 Rep=1 → Concordo fortemente
[2026-05-12 12:06:15,733][__main__][INFO] - ✓ [Qwen/Qwen3-235B-A22B-Instruct-2507] Temp=0.0 Rep=1 → Discordo fortemente
[2026-05-12 12:06:15,737][__main__][INFO] - ✓ [Qwen/Qwen3-235B-A22B-Instruct-2507] Temp=0.0 Rep=1 → Concordo
[2026-05-12 12:06:17,351][__main__][INFO] - ✓ [meta-llama/Meta-Llama-3.1-70B-Instruct] Temp=0.0 Rep=1 → Discordo
[2026-05-12 12:06:17,634][__main__][INFO] - ✓ [meta-llama/Meta-Llama-3.1-70B-Instruct] Temp=0.0 Rep=1 → Concordo fortemente
[2026-05-12 12:06:17,832][__main__][INFO] - ✓ [Qwen/Qwen3-14B] Temp=0.0 Rep=1 → Concordo fortemente
[2026-05-12 12:06:17,859][__main__][INFO] - ✓ [meta-llama/Meta-Llama-3.1-70B-Instruct] Temp=0.0 Rep=1 → Concordo
[2026-05-12 12:06:18,036][__main__][INFO] - ✓ [meta-llama/Llama-4-Scout-17B-16E-Instruct] Temp=0.0 Rep=1 → Concordo fortemente
[2026-05-12 12:06:18,189][__main__][INFO] - ✓ [meta-llama/Llama-4-Scout-17B-16E-Instruct] Temp=0.0 Rep=1 → Concordo
[2026-05-12 12:06:18,426][__main__][INFO] - ✓ [meta-llama/Llama-4-Scout-17B-16E-Instruct] Temp=0.0 Rep=1 → Concordo
[2026-05-12 12:06:19,524][__main__][INFO] - ✓ [Qwen/Qwen3-14B] Temp=0.0 Rep=1 → Discordo
[2026-05-12 12:06:19,817][__main__][INFO] - ✓ [Qwen/Qwen3-14B] Temp=0.0 Rep=1 → Concordo fortemente
[2026-05-12 12:06:19,973][__main__][INFO] - ✓ [Qwen/Qwen3-14B] Temp=0.0 Rep=1 → Concordo fortemente
[2026-05-12 12:06:20,010][__main__][INFO] - ✓ [Qwen/Qwen3-235B-A22B-Instruct-2507] Temp=0.0 Rep=1 → Discordo
[2026-05-12 12:06:20,637][__main__][INFO] - ✓ [meta-llama/Meta-Llama-3.1-70B-Instruct] Temp=0.0 Rep=1 → Discordo
[2026-05-12 12:06:20,651][__main__][INFO] - ✓ [Qwen/Qwen3-235B-A22B-Instruct-2507] Temp=0.0 Rep=1 → Neutro
[2026-05-12 12:06:20,668][__main__][INFO] - ✓ [Qwen/Qwen3-235B-A22B-Instruct-2507] Temp=0.0 Rep=1 → Concordo fortemente
[2026-05-12 12:06:21,161][__main__][INFO] - ✓ [meta-llama/Llama-4-Scout-17B-16E-Instruct] Temp=0.0 Rep=1 → Discordo
[2026-05-12 12:06:21,165][__main__][INFO] - ✓ [Qwen/Qwen3-14B] Temp=0.0 Rep=1 → Concordo fortemente
[2026-05-12 12:06:21,558][__main__][INFO] - ✓ [meta-llama/Meta-Llama-3.1-70B-Instruct] Temp=0.0 Rep=1 → Concordo fortemente
[2026-05-12 12:06:21,586][__main__][INFO] - ✓ [meta-llama/Meta-Llama-3.1-70B-Instruct] Temp=0.0 Rep=1 → Concordo fortemente
[2026-05-12 12:06:21,605][__main__][INFO] - Salvamento incremental (1040 novas respostas)...
[2026-05-12 12:06:21,669][__main__][INFO] - Cache salvo com 241442 entradas
[2026-05-12 12:06:21,669][__main__][INFO] - ✓ [meta-llama/Llama-4-Scout-17B-16E-Instruct] Temp=0.0 Rep=1 → Concordo fortemente
[2026-05-12 12:06:21,671][__main__][INFO] - ✓ [meta-llama/Llama-4-Scout-17B-16E-Instruct] Temp=0.0 Rep=1 → Concordo fortemente
[2026-05-12 12:06:22,128][__main__][INFO] - ✓ [Qwen/Qwen3-235B-A22B-Instruct-2507] Temp=0.0 Rep=1 → Discordo
[2026-05-12 12:06:22,582][__main__][INFO] - ✓ [Qwen/Qwen3-14B] Temp=0.0 Rep=1 → Concordo fortemente
[2026-05-12 12:06:22,600][__main__][INFO] - ✓ [Qwen/Qwen3-14B] Temp=0.0 Rep=1 → Discordo
[2026-05-12 12:06:22,810][__main__][INFO] - ✓ [Qwen/Qwen3-235B-A22B-Instruct-2507] Temp=0.0 Rep=1 → Concordo fortemente
[2026-05-12 12:06:23,074][__main__][INFO] - ✓ [Qwen/Qwen3-235B-A22B-Instruct-2507] Temp=0.0 Rep=1 → Neutro
[2026-05-12 12:06:23,315][__main__][INFO] - ✓ [Qwen/Qwen3-14B] Temp=0.0 Rep=1 → Concordo fortemente
[2026-05-12 12:06:23,441][__main__][INFO] - ✓ [meta-llama/Meta-Llama-3.1-70B-Instruct] Temp=0.0 Rep=1 → Discordo fortemente
[2026-05-12 12:06:23,506][__main__][INFO] - ✓ [meta-llama/Meta-Llama-3.1-70B-Instruct] Temp=0.0 Rep=1 → Concordo fortemente
[2026-05-12 12:06:23,621][__main__][INFO] - ✓ [meta-llama/Meta-Llama-3.1-70B-Instruct] Temp=0.0 Rep=1 → Concordo
[2026-05-12 12:06:23,707][__main__][INFO] - ✓ [Qwen/Qwen3-14B] Temp=0.0 Rep=1 → Neutro
[2026-05-12 12:06:23,779][__main__][INFO] - ✓ [meta-llama/Llama-4-Scout-17B-16E-Instruct] Temp=0.0 Rep=1 → Discordo fortemente
[2026-05-12 12:06:23,850][__main__][INFO] - ✓ [meta-llama/Llama-4-Scout-17B-16E-Instruct] Temp=0.0 Rep=1 → Concordo fortemente
[2026-05-12 12:06:24,158][__main__][INFO] - ✓ [meta-llama/Llama-4-Scout-17B-16E-Instruct] Temp=0.0 Rep=1 → Neutro
[2026-05-12 12:06:24,949][__main__][INFO] - ✓ [Qwen/Qwen3-235B-A22B-Instruct-2507] Temp=0.0 Rep=1 → Discordo
[2026-05-12 12:06:24,995][__main__][INFO] - ✓ [Qwen/Qwen3-235B-A22B-Instruct-2507] Temp=0.0 Rep=1 → Concordo fortemente
[2026-05-12 12:06:25,555][__main__][INFO] - ✓ [meta-llama/Meta-Llama-3.1-70B-Instruct] Temp=0.0 Rep=1 → Concordo fortemente
[2026-05-12 12:06:25,559][__main__][INFO] - ✓ [Qwen/Qwen3-235B-A22B-Instruct-2507] Temp=0.0 Rep=1 → Neutro
[2026-05-12 12:06:26,075][__main__][INFO] - ✓ [meta-llama/Meta-Llama-3.1-70B-Instruct] Temp=0.0 Rep=1 → Discordo
[2026-05-12 12:06:26,076][__main__][INFO] - ✓ [meta-llama/Meta-Llama-3.1-70B-Instruct] Temp=0.0 Rep=1 → Concordo
[2026-05-12 12:06:26,373][__main__][INFO] - ✓ [meta-llama/Llama-4-Scout-17B-16E-Instruct] Temp=0.0 Rep=1 → Discordo fortemente
[2026-05-12 12:06:26,445][__main__][INFO] - ✓ [meta-llama/Llama-4-Scout-17B-16E-Instruct] Temp=0.0 Rep=1 → Concordo fortemente
[2026-05-12 12:06:26,744][__main__][INFO] - ✓ [meta-llama/Llama-4-Scout-17B-16E-Instruct] Temp=0.0 Rep=1 → Concordo fortemente
[2026-05-12 12:06:27,161][__main__][INFO] - ✓ [Qwen/Qwen3-14B] Temp=0.0 Rep=1 → Concordo fortemente
[2026-05-12 12:06:29,249][__main__][INFO] - ✓ [Qwen/Qwen3-14B] Temp=0.0 Rep=1 → Concordo fortemente
[2026-05-12 12:06:29,966][__main__][INFO] - ✓ [Qwen/Qwen3-235B-A22B-Instruct-2507] Temp=0.0 Rep=1 → Concordo fortemente
[2026-05-12 12:06:30,446][__main__][INFO] - ✓ [Qwen/Qwen3-235B-A22B-Instruct-2507] Temp=0.0 Rep=1 → Discordo
[2026-05-12 12:06:30,468][__main__][INFO] - ✓ [Qwen/Qwen3-14B] Temp=0.0 Rep=1 → Neutro
[2026-05-12 12:06:30,746][__main__][INFO] - ✓ [Qwen/Qwen3-14B] Temp=0.0 Rep=1 → Concordo fortemente
[2026-05-12 12:06:30,962][__main__][INFO] - ✓ [Qwen/Qwen3-14B] Temp=0.0 Rep=1 → Concordo fortemente
[2026-05-12 12:06:31,048][__main__][INFO] - ✓ [meta-llama/Meta-Llama-3.1-70B-Instruct] Temp=0.0 Rep=1 → Concordo fortemente
[2026-05-12 12:06:31,074][__main__][INFO] - ✓ [Qwen/Qwen3-235B-A22B-Instruct-2507] Temp=0.0 Rep=1 → Neutro
[2026-05-12 12:06:31,232][__main__][INFO] - ✓ [meta-llama/Meta-Llama-3.1-70B-Instruct] Temp=0.0 Rep=1 → Discordo
[2026-05-12 12:06:31,464][__main__][INFO] - ✓ [meta-llama/Llama-4-Scout-17B-16E-Instruct] Temp=0.0 Rep=1 → Concordo fortemente
[2026-05-12 12:06:31,468][__main__][INFO] - ✓ [meta-llama/Llama-4-Scout-17B-16E-Instruct] Temp=0.0 Rep=1 → Discordo
[2026-05-12 12:06:31,473][__main__][INFO] - ✓ [meta-llama/Meta-Llama-3.1-70B-Instruct] Temp=0.0 Rep=1 → Concordo
[2026-05-12 12:06:31,595][__main__][INFO] - ✓ [meta-llama/Llama-4-Scout-17B-16E-Instruct] Temp=0.0 Rep=1 → Concordo
[2026-05-12 12:06:32,321][__main__][INFO] - ✓ [Qwen/Qwen3-14B] Temp=0.0 Rep=1 → Discordo
[2026-05-12 12:06:32,325][__main__][INFO] - ✓ [Qwen/Qwen3-235B-A22B-Instruct-2507] Temp=0.0 Rep=1 → Concordo fortemente
[2026-05-12 12:06:32,731][__main__][INFO] - Salvamento incremental (1080 novas respostas)...
[2026-05-12 12:06:32,800][__main__][INFO] - Cache salvo com 241482 entradas
[2026-05-12 12:06:32,800][__main__][INFO] - ✓ [Qwen/Qwen3-14B] Temp=0.0 Rep=1 → Concordo fortemente
[2026-05-12 12:06:32,802][__main__][INFO] - ✓ [Qwen/Qwen3-235B-A22B-Instruct-2507] Temp=0.0 Rep=1 → Discordo
[2026-05-12 12:06:33,072][__main__][INFO] - ✓ [Qwen/Qwen3-235B-A22B-Instruct-2507] Temp=0.0 Rep=1 → Neutro
[2026-05-12 12:06:33,193][__main__][INFO] - ✓ [Qwen/Qwen3-14B] Temp=0.0 Rep=1 → Concordo fortemente
[2026-05-12 12:06:33,281][__main__][INFO] - ✓ [meta-llama/Meta-Llama-3.1-70B-Instruct] Temp=0.0 Rep=1 → Discordo
[2026-05-12 12:06:33,377][__main__][INFO] - ✓ [meta-llama/Meta-Llama-3.1-70B-Instruct] Temp=0.0 Rep=1 → Concordo fortemente
[2026-05-12 12:06:33,626][__main__][INFO] - ✓ [meta-llama/Llama-4-Scout-17B-16E-Instruct] Temp=0.0 Rep=1 → Concordo fortemente
[2026-05-12 12:06:33,643][__main__][INFO] - ✓ [meta-llama/Llama-4-Scout-17B-16E-Instruct] Temp=0.0 Rep=1 → Discordo
[2026-05-12 12:06:33,661][__main__][INFO] - ✓ [meta-llama/Meta-Llama-3.1-70B-Instruct] Temp=0.0 Rep=1 → Concordo
[2026-05-12 12:06:33,667][__main__][INFO] - ✓ [meta-llama/Llama-4-Scout-17B-16E-Instruct] Temp=0.0 Rep=1 → Concordo
[2026-05-12 12:06:34,082][__main__][INFO] - ✓ [Qwen/Qwen3-14B] Temp=0.0 Rep=1 → Concordo fortemente
[2026-05-12 12:06:34,164][__main__][INFO] - ✓ [Qwen/Qwen3-235B-A22B-Instruct-2507] Temp=0.0 Rep=1 → Discordo
[2026-05-12 12:06:34,780][__main__][INFO] - ✓ [Qwen/Qwen3-235B-A22B-Instruct-2507] Temp=0.0 Rep=1 → Neutro
[2026-05-12 12:06:34,808][__main__][INFO] - ✓ [Qwen/Qwen3-235B-A22B-Instruct-2507] Temp=0.0 Rep=1 → Concordo fortemente
[2026-05-12 12:06:34,887][__main__][INFO] - ✓ [Qwen/Qwen3-14B] Temp=0.0 Rep=1 → Concordo fortemente
[2026-05-12 12:06:34,975][__main__][INFO] - ✓ [Qwen/Qwen3-14B] Temp=0.0 Rep=1 → Concordo fortemente
[2026-05-12 12:06:35,495][__main__][INFO] - ✓ [meta-llama/Llama-4-Scout-17B-16E-Instruct] Temp=0.0 Rep=1 → Discordo
[2026-05-12 12:06:35,840][__main__][INFO] - ✓ [meta-llama/Llama-4-Scout-17B-16E-Instruct] Temp=0.0 Rep=1 → Concordo fortemente
[2026-05-12 12:06:36,418][__main__][INFO] - ✓ [meta-llama/Llama-4-Scout-17B-16E-Instruct] Temp=0.0 Rep=1 → Concordo fortemente
[2026-05-12 12:06:37,546][__main__][INFO] - ✓ [Qwen/Qwen3-14B] Temp=0.0 Rep=1 → Concordo fortemente
[2026-05-12 12:06:38,567][__main__][INFO] - ✓ [Qwen/Qwen3-14B] Temp=0.0 Rep=1 → Discordo
[2026-05-12 12:06:39,388][__main__][INFO] - ✓ [meta-llama/Meta-Llama-3.1-70B-Instruct] Temp=0.0 Rep=1 → Discordo
[2026-05-12 12:06:39,850][__main__][INFO] - ✓ [Qwen/Qwen3-14B] Temp=0.0 Rep=1 → Concordo fortemente
[2026-05-12 12:06:40,121][__main__][INFO] - ✓ [meta-llama/Meta-Llama-3.1-70B-Instruct] Temp=0.0 Rep=1 → Concordo fortemente
[2026-05-12 12:06:40,125][__main__][INFO] - ✓ [meta-llama/Meta-Llama-3.1-70B-Instruct] Temp=0.0 Rep=1 → Concordo fortemente
[2026-05-12 12:06:40,618][__main__][INFO] - ✓ [Qwen/Qwen3-14B] Temp=0.0 Rep=1 → Concordo fortemente
[2026-05-12 12:06:41,333][__main__][INFO] - ✓ [Qwen/Qwen3-14B] Temp=0.0 Rep=1 → Discordo
[2026-05-12 12:06:42,358][__main__][INFO] - ✓ [Qwen/Qwen3-14B] Temp=0.0 Rep=1 → Concordo fortemente
[2026-05-12 12:06:42,869][__main__][INFO] - ✓ [meta-llama/Llama-4-Scout-17B-16E-Instruct] Temp=0.0 Rep=1 → Discordo fortemente
[2026-05-12 12:06:43,382][__main__][INFO] - ✓ [Qwen/Qwen3-14B] Temp=0.0 Rep=1 → Concordo fortemente
[2026-05-12 12:06:43,412][__main__][INFO] - ✓ [meta-llama/Llama-4-Scout-17B-16E-Instruct] Temp=0.0 Rep=1 → Concordo fortemente
[2026-05-12 12:06:43,557][__main__][INFO] - ✓ [meta-llama/Meta-Llama-3.1-70B-Instruct] Temp=0.0 Rep=1 → Discordo fortemente
[2026-05-12 12:06:43,742][__main__][INFO] - ✓ [meta-llama/Meta-Llama-3.1-70B-Instruct] Temp=0.0 Rep=1 → Concordo fortemente
[2026-05-12 12:06:43,747][__main__][INFO] - ✓ [meta-llama/Meta-Llama-3.1-70B-Instruct] Temp=0.0 Rep=1 → Concordo
[2026-05-12 12:06:43,827][__main__][INFO] - ✓ [meta-llama/Llama-4-Scout-17B-16E-Instruct] Temp=0.0 Rep=1 → Discordo
[2026-05-12 12:06:45,429][__main__][INFO] - ✓ [Qwen/Qwen3-14B] Temp=0.0 Rep=1 → Neutro
[2026-05-12 12:06:45,471][__main__][INFO] - ✓ [Qwen/Qwen3-235B-A22B-Instruct-2507] Temp=0.0 Rep=1 → Discordo
[2026-05-12 12:06:45,518][__main__][INFO] - ✓ [Qwen/Qwen3-235B-A22B-Instruct-2507] Temp=0.0 Rep=1 → Concordo
[2026-05-12 12:06:45,523][__main__][INFO] - ✓ [Qwen/Qwen3-235B-A22B-Instruct-2507] Temp=0.0 Rep=1 → Discordo
[2026-05-12 12:06:45,618][__main__][INFO] - ✓ [Qwen/Qwen3-235B-A22B-Instruct-2507] Temp=0.0 Rep=1 → Discordo
[2026-05-12 12:06:45,621][__main__][INFO] - Salvamento incremental (1120 novas respostas)...
[2026-05-12 12:06:45,671][__main__][INFO] - Cache salvo com 241522 entradas
[2026-05-12 12:06:45,671][__main__][INFO] - ✓ [Qwen/Qwen3-235B-A22B-Instruct-2507] Temp=0.0 Rep=1 → Neutro
[2026-05-12 12:06:46,037][__main__][INFO] - ✓ [meta-llama/Llama-4-Scout-17B-16E-Instruct] Temp=0.0 Rep=1 → Concordo fortemente
[2026-05-12 12:06:46,231][__main__][INFO] - ✓ [Qwen/Qwen3-235B-A22B-Instruct-2507] Temp=0.0 Rep=1 → Neutro
[2026-05-12 12:06:46,279][__main__][INFO] - ✓ [meta-llama/Llama-4-Scout-17B-16E-Instruct] Temp=0.0 Rep=1 → Discordo
[2026-05-12 12:06:46,404][__main__][INFO] - ✓ [meta-llama/Meta-Llama-3.1-70B-Instruct] Temp=0.0 Rep=1 → Discordo fortemente
[2026-05-12 12:06:46,428][__main__][INFO] - ✓ [meta-llama/Meta-Llama-3.1-70B-Instruct] Temp=0.0 Rep=1 → Concordo
[2026-05-12 12:06:46,467][__main__][INFO] - ✓ [meta-llama/Meta-Llama-3.1-70B-Instruct] Temp=0.0 Rep=1 → Concordo fortemente
[2026-05-12 12:06:46,551][__main__][INFO] - ✓ [meta-llama/Llama-4-Scout-17B-16E-Instruct] Temp=0.0 Rep=1 → Discordo
[2026-05-12 12:06:47,067][__main__][INFO] - ✓ [Qwen/Qwen3-235B-A22B-Instruct-2507] Temp=0.0 Rep=1 → Discordo
[2026-05-12 12:06:47,071][__main__][INFO] - ✓ [Qwen/Qwen3-235B-A22B-Instruct-2507] Temp=0.0 Rep=1 → Concordo
[2026-05-12 12:06:47,197][__main__][INFO] - ✓ [Qwen/Qwen3-235B-A22B-Instruct-2507] Temp=0.0 Rep=1 → Concordo fortemente
[2026-05-12 12:06:47,249][__main__][INFO] - ✓ [Qwen/Qwen3-14B] Temp=0.0 Rep=1 → Concordo fortemente
[2026-05-12 12:06:47,539][__main__][INFO] - ✓ [meta-llama/Llama-4-Scout-17B-16E-Instruct] Temp=0.0 Rep=1 → Concordo fortemente
[2026-05-12 12:06:47,908][__main__][INFO] - ✓ [meta-llama/Llama-4-Scout-17B-16E-Instruct] Temp=0.0 Rep=1 → Discordo
[2026-05-12 12:06:47,935][__main__][INFO] - ✓ [meta-llama/Meta-Llama-3.1-70B-Instruct] Temp=0.0 Rep=1 → Discordo
[2026-05-12 12:06:48,110][__main__][INFO] - ✓ [meta-llama/Meta-Llama-3.1-70B-Instruct] Temp=0.0 Rep=1 → Concordo fortemente
[2026-05-12 12:06:48,132][__main__][INFO] - ✓ [meta-llama/Meta-Llama-3.1-70B-Instruct] Temp=0.0 Rep=1 → Concordo fortemente
[2026-05-12 12:06:48,808][__main__][INFO] - ✓ [meta-llama/Llama-4-Scout-17B-16E-Instruct] Temp=0.0 Rep=1 → Concordo fortemente
[2026-05-12 12:06:49,525][__main__][INFO] - ✓ [Qwen/Qwen3-235B-A22B-Instruct-2507] Temp=0.0 Rep=1 → Concordo fortemente
[2026-05-12 12:06:50,242][__main__][INFO] - ✓ [Qwen/Qwen3-235B-A22B-Instruct-2507] Temp=0.0 Rep=1 → Discordo
[2026-05-12 12:06:50,958][__main__][INFO] - ✓ [Qwen/Qwen3-235B-A22B-Instruct-2507] Temp=0.0 Rep=1 → Concordo
[2026-05-12 12:06:51,563][__main__][INFO] - ✓ [meta-llama/Meta-Llama-3.1-70B-Instruct] Temp=0.0 Rep=1 → Concordo fortemente
[2026-05-12 12:06:52,085][__main__][INFO] - ✓ [meta-llama/Meta-Llama-3.1-70B-Instruct] Temp=0.0 Rep=1 → Discordo
[2026-05-12 12:06:52,433][__main__][INFO] - ✓ [Qwen/Qwen3-14B] Temp=0.0 Rep=1 → Discordo
[2026-05-12 12:06:52,708][__main__][INFO] - ✓ [meta-llama/Meta-Llama-3.1-70B-Instruct] Temp=0.0 Rep=1 → Concordo fortemente
[2026-05-12 12:06:52,958][__main__][INFO] - ✓ [meta-llama/Llama-4-Scout-17B-16E-Instruct] Temp=0.0 Rep=1 → Concordo fortemente
[2026-05-12 12:06:52,961][__main__][INFO] - ✓ [Qwen/Qwen3-14B] Temp=0.0 Rep=1 → Concordo fortemente
[2026-05-12 12:06:53,056][__main__][INFO] - ✓ [meta-llama/Llama-4-Scout-17B-16E-Instruct] Temp=0.0 Rep=1 → Discordo
[2026-05-12 12:06:53,341][__main__][INFO] - ✓ [meta-llama/Llama-4-Scout-17B-16E-Instruct] Temp=0.0 Rep=1 → Concordo fortemente
[2026-05-12 12:06:54,338][__main__][INFO] - ✓ [Qwen/Qwen3-14B] Temp=0.0 Rep=1 → Concordo fortemente
[2026-05-12 12:06:55,055][__main__][INFO] - ✓ [Qwen/Qwen3-235B-A22B-Instruct-2507] Temp=0.0 Rep=1 → Discordo
[2026-05-12 12:06:55,669][__main__][INFO] - ✓ [Qwen/Qwen3-235B-A22B-Instruct-2507] Temp=0.0 Rep=1 → Discordo
[2026-05-12 12:06:56,386][__main__][INFO] - ✓ [Qwen/Qwen3-14B] Temp=0.0 Rep=1 → Discordo
[2026-05-12 12:06:56,429][__main__][INFO] - ✓ [Qwen/Qwen3-235B-A22B-Instruct-2507] Temp=0.0 Rep=1 → Neutro
[2026-05-12 12:06:57,206][__main__][INFO] - ✓ [meta-llama/Meta-Llama-3.1-70B-Instruct] Temp=0.0 Rep=1 → Discordo fortemente
[2026-05-12 12:06:57,210][__main__][INFO] - ✓ [meta-llama/Meta-Llama-3.1-70B-Instruct] Temp=0.0 Rep=1 → Concordo fortemente
[2026-05-12 12:06:57,211][__main__][INFO] - ✓ [Qwen/Qwen3-14B] Temp=0.0 Rep=1 → Concordo fortemente
[2026-05-12 12:06:57,580][__main__][INFO] - ✓ [meta-llama/Llama-4-Scout-17B-16E-Instruct] Temp=0.0 Rep=1 → Discordo
[2026-05-12 12:06:57,674][__main__][INFO] - ✓ [meta-llama/Llama-4-Scout-17B-16E-Instruct] Temp=0.0 Rep=1 → Concordo fortemente
[2026-05-12 12:06:57,719][__main__][INFO] - ✓ [meta-llama/Meta-Llama-3.1-70B-Instruct] Temp=0.0 Rep=1 → Concordo
[2026-05-12 12:06:58,227][__main__][INFO] - Salvamento incremental (1160 novas respostas)...
[2026-05-12 12:06:58,274][__main__][INFO] - Cache salvo com 241562 entradas
[2026-05-12 12:06:58,274][__main__][INFO] - ✓ [meta-llama/Llama-4-Scout-17B-16E-Instruct] Temp=0.0 Rep=1 → Discordo
[2026-05-12 12:06:59,150][__main__][INFO] - ✓ [Qwen/Qwen3-14B] Temp=0.0 Rep=1 → Concordo fortemente
[2026-05-12 12:06:59,492][__main__][INFO] - ✓ [Qwen/Qwen3-14B] Temp=0.0 Rep=1 → Concordo fortemente
[2026-05-12 12:06:59,876][__main__][INFO] - ✓ [Qwen/Qwen3-235B-A22B-Instruct-2507] Temp=0.0 Rep=1 → Concordo fortemente
[2026-05-12 12:06:59,956][__main__][INFO] - ✓ [Qwen/Qwen3-235B-A22B-Instruct-2507] Temp=0.0 Rep=1 → Discordo
[2026-05-12 12:07:00,318][__main__][INFO] - ✓ [Qwen/Qwen3-14B] Temp=0.0 Rep=1 → Neutro
[2026-05-12 12:07:00,399][__main__][INFO] - ✓ [Qwen/Qwen3-235B-A22B-Instruct-2507] Temp=0.0 Rep=1 → Concordo
[2026-05-12 12:07:00,721][__main__][INFO] - ✓ [meta-llama/Meta-Llama-3.1-70B-Instruct] Temp=0.0 Rep=1 → Concordo fortemente
[2026-05-12 12:07:00,821][__main__][INFO] - ✓ [meta-llama/Meta-Llama-3.1-70B-Instruct] Temp=0.0 Rep=1 → Discordo
[2026-05-12 12:07:01,043][__main__][INFO] - ✓ [Qwen/Qwen3-14B] Temp=0.0 Rep=1 → Discordo
[2026-05-12 12:07:01,192][__main__][INFO] - ✓ [meta-llama/Llama-4-Scout-17B-16E-Instruct] Temp=0.0 Rep=1 → Discordo
[2026-05-12 12:07:01,248][__main__][INFO] - ✓ [meta-llama/Llama-4-Scout-17B-16E-Instruct] Temp=0.0 Rep=1 → Concordo fortemente
[2026-05-12 12:07:01,362][__main__][INFO] - ✓ [meta-llama/Llama-4-Scout-17B-16E-Instruct] Temp=0.0 Rep=1 → Concordo fortemente
[2026-05-12 12:07:01,366][__main__][INFO] - ✓ [meta-llama/Meta-Llama-3.1-70B-Instruct] Temp=0.0 Rep=1 → Concordo fortemente
[2026-05-12 12:07:03,145][__main__][INFO] - ✓ [Qwen/Qwen3-235B-A22B-Instruct-2507] Temp=0.0 Rep=1 → Concordo fortemente
[2026-05-12 12:07:03,265][__main__][INFO] - ✓ [Qwen/Qwen3-14B] Temp=0.0 Rep=1 → Discordo
[2026-05-12 12:07:03,622][__main__][INFO] - ✓ [Qwen/Qwen3-14B] Temp=0.0 Rep=1 → Concordo fortemente
[2026-05-12 12:07:04,270][__main__][INFO] - ✓ [Qwen/Qwen3-235B-A22B-Instruct-2507] Temp=0.0 Rep=1 → Discordo
[2026-05-12 12:07:04,302][__main__][INFO] - ✓ [Qwen/Qwen3-235B-A22B-Instruct-2507] Temp=0.0 Rep=1 → Neutro
[2026-05-12 12:07:04,357][__main__][INFO] - ✓ [meta-llama/Meta-Llama-3.1-70B-Instruct] Temp=0.0 Rep=1 → Concordo fortemente
[2026-05-12 12:07:04,772][__main__][INFO] - ✓ [meta-llama/Llama-4-Scout-17B-16E-Instruct] Temp=0.0 Rep=1 → Concordo fortemente
[2026-05-12 12:07:04,905][__main__][INFO] - ✓ [meta-llama/Meta-Llama-3.1-70B-Instruct] Temp=0.0 Rep=1 → Discordo
[2026-05-12 12:07:05,014][__main__][INFO] - ✓ [meta-llama/Meta-Llama-3.1-70B-Instruct] Temp=0.0 Rep=1 → Concordo fortemente
[2026-05-12 12:07:05,187][__main__][INFO] - ✓ [meta-llama/Llama-4-Scout-17B-16E-Instruct] Temp=0.0 Rep=1 → Discordo
[2026-05-12 12:07:05,410][__main__][INFO] - ✓ [meta-llama/Llama-4-Scout-17B-16E-Instruct] Temp=0.0 Rep=1 → Concordo fortemente
[2026-05-12 12:07:05,686][__main__][INFO] - ✓ [Qwen/Qwen3-14B] Temp=0.0 Rep=1 → Concordo fortemente
[2026-05-12 12:07:06,626][__main__][INFO] - ✓ [Qwen/Qwen3-235B-A22B-Instruct-2507] Temp=0.0 Rep=1 → Discordo
[2026-05-12 12:07:07,486][__main__][INFO] - ✓ [Qwen/Qwen3-235B-A22B-Instruct-2507] Temp=0.0 Rep=1 → Concordo fortemente
[2026-05-12 12:07:07,819][__main__][INFO] - ✓ [Qwen/Qwen3-14B] Temp=0.0 Rep=1 → Discordo
[2026-05-12 12:07:07,954][__main__][INFO] - ✓ [Qwen/Qwen3-14B] Temp=0.0 Rep=1 → Concordo fortemente
[2026-05-12 12:07:08,192][__main__][INFO] - ✓ [Qwen/Qwen3-235B-A22B-Instruct-2507] Temp=0.0 Rep=1 → Neutro
[2026-05-12 12:07:08,352][__main__][INFO] - ✓ [meta-llama/Meta-Llama-3.1-70B-Instruct] Temp=0.0 Rep=1 → Discordo fortemente
[2026-05-12 12:07:08,546][__main__][INFO] - ✓ [meta-llama/Meta-Llama-3.1-70B-Instruct] Temp=0.0 Rep=1 → Concordo fortemente
[2026-05-12 12:07:08,684][__main__][INFO] - ✓ [meta-llama/Meta-Llama-3.1-70B-Instruct] Temp=0.0 Rep=1 → Concordo
[2026-05-12 12:07:08,687][__main__][INFO] - ✓ [meta-llama/Llama-4-Scout-17B-16E-Instruct] Temp=0.0 Rep=1 → Discordo fortemente
[2026-05-12 12:07:08,879][__main__][INFO] - ✓ [meta-llama/Llama-4-Scout-17B-16E-Instruct] Temp=0.0 Rep=1 → Concordo fortemente
[2026-05-12 12:07:08,988][__main__][INFO] - ✓ [meta-llama/Llama-4-Scout-17B-16E-Instruct] Temp=0.0 Rep=1 → Concordo fortemente
[2026-05-12 12:07:09,321][__main__][INFO] - ✓ [Qwen/Qwen3-14B] Temp=0.0 Rep=1 → Concordo fortemente
[2026-05-12 12:07:10,415][__main__][INFO] - ✓ [Qwen/Qwen3-14B] Temp=0.0 Rep=1 → Concordo fortemente
[2026-05-12 12:07:10,418][__main__][INFO] - ✓ [Qwen/Qwen3-235B-A22B-Instruct-2507] Temp=0.0 Rep=1 → Concordo fortemente
[2026-05-12 12:07:10,607][__main__][INFO] - Salvamento incremental (1200 novas respostas)...
[2026-05-12 12:07:10,665][__main__][INFO] - Cache salvo com 241602 entradas
[2026-05-12 12:07:10,665][__main__][INFO] - ✓ [Qwen/Qwen3-14B] Temp=0.0 Rep=1 → Concordo fortemente
[2026-05-12 12:07:11,037][__main__][INFO] - ✓ [Qwen/Qwen3-235B-A22B-Instruct-2507] Temp=0.0 Rep=1 → Discordo
[2026-05-12 12:07:11,065][__main__][INFO] - ✓ [Qwen/Qwen3-235B-A22B-Instruct-2507] Temp=0.0 Rep=1 → Neutro
[2026-05-12 12:07:11,306][__main__][INFO] - ✓ [meta-llama/Meta-Llama-3.1-70B-Instruct] Temp=0.0 Rep=1 → Concordo fortemente
[2026-05-12 12:07:11,506][__main__][INFO] - ✓ [meta-llama/Meta-Llama-3.1-70B-Instruct] Temp=0.0 Rep=1 → Discordo
[2026-05-12 12:07:11,530][__main__][INFO] - ✓ [meta-llama/Meta-Llama-3.1-70B-Instruct] Temp=0.0 Rep=1 → Concordo
[2026-05-12 12:07:11,908][__main__][INFO] - ✓ [meta-llama/Llama-4-Scout-17B-16E-Instruct] Temp=0.0 Rep=1 → Concordo fortemente
[2026-05-12 12:07:12,118][__main__][INFO] - ✓ [meta-llama/Llama-4-Scout-17B-16E-Instruct] Temp=0.0 Rep=1 → Discordo
[2026-05-12 12:07:12,137][__main__][INFO] - ✓ [meta-llama/Llama-4-Scout-17B-16E-Instruct] Temp=0.0 Rep=1 → Concordo fortemente
[2026-05-12 12:07:12,975][__main__][INFO] - ✓ [Qwen/Qwen3-14B] Temp=0.0 Rep=1 → Concordo fortemente
[2026-05-12 12:07:13,013][__main__][INFO] - ✓ [Qwen/Qwen3-14B] Temp=0.0 Rep=1 → Concordo fortemente
[2026-05-12 12:07:13,794][__main__][INFO] - ✓ [Qwen/Qwen3-235B-A22B-Instruct-2507] Temp=0.0 Rep=1 → Discordo
[2026-05-12 12:07:13,798][__main__][INFO] - ✓ [Qwen/Qwen3-235B-A22B-Instruct-2507] Temp=0.0 Rep=1 → Discordo
[2026-05-12 12:07:13,928][__main__][INFO] - ✓ [Qwen/Qwen3-14B] Temp=0.0 Rep=1 → Concordo fortemente
[2026-05-12 12:07:14,686][__main__][INFO] - ✓ [meta-llama/Meta-Llama-3.1-70B-Instruct] Temp=0.0 Rep=1 → Concordo fortemente
[2026-05-12 12:07:15,219][__main__][INFO] - ✓ [meta-llama/Meta-Llama-3.1-70B-Instruct] Temp=0.0 Rep=1 → Concordo
[2026-05-12 12:07:15,500][__main__][INFO] - ✓ [Qwen/Qwen3-235B-A22B-Instruct-2507] Temp=0.0 Rep=1 → Neutro
[2026-05-12 12:07:15,598][__main__][INFO] - ✓ [meta-llama/Meta-Llama-3.1-70B-Instruct] Temp=0.0 Rep=1 → Discordo fortemente
[2026-05-12 12:07:15,601][__main__][INFO] - ✓ [meta-llama/Llama-4-Scout-17B-16E-Instruct] Temp=0.0 Rep=1 → Discordo fortemente
[2026-05-12 12:07:16,024][__main__][INFO] - ✓ [meta-llama/Llama-4-Scout-17B-16E-Instruct] Temp=0.0 Rep=1 → Discordo
[2026-05-12 12:07:16,027][__main__][INFO] - ✓ [meta-llama/Llama-4-Scout-17B-16E-Instruct] Temp=0.0 Rep=1 → Concordo fortemente
[2026-05-12 12:07:16,071][__main__][INFO] - ✓ [Qwen/Qwen3-14B] Temp=0.0 Rep=1 → Concordo fortemente
[2026-05-12 12:07:16,177][__main__][INFO] - ✓ [Qwen/Qwen3-14B] Temp=0.0 Rep=1 → Concordo fortemente
[2026-05-12 12:07:16,968][__main__][INFO] - ✓ [Qwen/Qwen3-235B-A22B-Instruct-2507] Temp=0.0 Rep=1 → Discordo
[2026-05-12 12:07:16,972][__main__][INFO] - ✓ [Qwen/Qwen3-235B-A22B-Instruct-2507] Temp=0.0 Rep=1 → Discordo
[2026-05-12 12:07:17,072][__main__][INFO] - ✓ [Qwen/Qwen3-14B] Temp=0.0 Rep=1 → Neutro
[2026-05-12 12:07:17,250][__main__][INFO] - ✓ [Qwen/Qwen3-14B] Temp=0.0 Rep=1 → Concordo fortemente
[2026-05-12 12:07:17,281][__main__][INFO] - ✓ [Qwen/Qwen3-14B] Temp=0.0 Rep=1 → Discordo
[2026-05-12 12:07:17,501][__main__][INFO] - ✓ [meta-llama/Meta-Llama-3.1-70B-Instruct] Temp=0.0 Rep=1 → Discordo fortemente
[2026-05-12 12:07:17,611][__main__][INFO] - ✓ [meta-llama/Meta-Llama-3.1-70B-Instruct] Temp=0.0 Rep=1 → Concordo fortemente
[2026-05-12 12:07:17,630][__main__][INFO] - ✓ [meta-llama/Llama-4-Scout-17B-16E-Instruct] Temp=0.0 Rep=1 → Discordo fortemente
[2026-05-12 12:07:17,694][__main__][INFO] - ✓ [meta-llama/Meta-Llama-3.1-70B-Instruct] Temp=0.0 Rep=1 → Concordo
[2026-05-12 12:07:17,909][__main__][INFO] - ✓ [Qwen/Qwen3-235B-A22B-Instruct-2507] Temp=0.0 Rep=1 → Neutro
[2026-05-12 12:07:17,913][__main__][INFO] - ✓ [meta-llama/Llama-4-Scout-17B-16E-Instruct] Temp=0.0 Rep=1 → Concordo fortemente
[2026-05-12 12:07:17,955][__main__][INFO] - ✓ [meta-llama/Llama-4-Scout-17B-16E-Instruct] Temp=0.0 Rep=1 → Discordo
[2026-05-12 12:07:18,811][__main__][INFO] - ✓ [Qwen/Qwen3-235B-A22B-Instruct-2507] Temp=0.0 Rep=1 → Discordo
[2026-05-12 12:07:18,983][__main__][INFO] - ✓ [Qwen/Qwen3-235B-A22B-Instruct-2507] Temp=0.0 Rep=1 → Concordo fortemente
[2026-05-12 12:07:19,528][__main__][INFO] - ✓ [meta-llama/Meta-Llama-3.1-70B-Instruct] Temp=0.0 Rep=1 → Concordo fortemente
[2026-05-12 12:07:19,532][__main__][INFO] - ✓ [Qwen/Qwen3-235B-A22B-Instruct-2507] Temp=0.0 Rep=1 → Neutro
[2026-05-12 12:07:20,221][__main__][INFO] - ✓ [meta-llama/Meta-Llama-3.1-70B-Instruct] Temp=0.0 Rep=1 → Discordo fortemente
[2026-05-12 12:07:20,224][__main__][INFO] - Salvamento incremental (1240 novas respostas)...
[2026-05-12 12:07:20,278][__main__][INFO] - Cache salvo com 241642 entradas
[2026-05-12 12:07:20,278][__main__][INFO] - ✓ [meta-llama/Meta-Llama-3.1-70B-Instruct] Temp=0.0 Rep=1 → Concordo fortemente
[2026-05-12 12:07:20,743][__main__][INFO] - ✓ [meta-llama/Llama-4-Scout-17B-16E-Instruct] Temp=0.0 Rep=1 → Discordo
[2026-05-12 12:07:20,759][__main__][INFO] - ✓ [meta-llama/Llama-4-Scout-17B-16E-Instruct] Temp=0.0 Rep=1 → Concordo fortemente
[2026-05-12 12:07:21,269][__main__][INFO] - ✓ [meta-llama/Llama-4-Scout-17B-16E-Instruct] Temp=0.0 Rep=1 → Concordo fortemente
[2026-05-12 12:07:23,213][__main__][INFO] - ✓ [Qwen/Qwen3-14B] Temp=0.0 Rep=1 → Concordo fortemente
[2026-05-12 12:07:23,920][__main__][INFO] - ✓ [Qwen/Qwen3-14B] Temp=0.0 Rep=1 → Concordo fortemente
[2026-05-12 12:07:24,241][__main__][INFO] - ✓ [Qwen/Qwen3-14B] Temp=0.0 Rep=1 → Concordo fortemente
[2026-05-12 12:07:24,450][__main__][INFO] - ✓ [Qwen/Qwen3-14B] Temp=0.0 Rep=1 → Concordo fortemente
[2026-05-12 12:07:24,976][__main__][INFO] - ✓ [Qwen/Qwen3-235B-A22B-Instruct-2507] Temp=0.0 Rep=1 → Discordo fortemente
[2026-05-12 12:07:25,137][__main__][INFO] - ✓ [Qwen/Qwen3-235B-A22B-Instruct-2507] Temp=0.0 Rep=1 → Neutro
[2026-05-12 12:07:25,211][__main__][INFO] - ✓ [Qwen/Qwen3-235B-A22B-Instruct-2507] Temp=0.0 Rep=1 → Concordo fortemente
[2026-05-12 12:07:25,492][__main__][INFO] - ✓ [meta-llama/Meta-Llama-3.1-70B-Instruct] Temp=0.0 Rep=1 → Discordo fortemente
[2026-05-12 12:07:25,689][__main__][INFO] - ✓ [meta-llama/Meta-Llama-3.1-70B-Instruct] Temp=0.0 Rep=1 → Concordo
[2026-05-12 12:07:25,693][__main__][INFO] - ✓ [meta-llama/Meta-Llama-3.1-70B-Instruct] Temp=0.0 Rep=1 → Concordo fortemente
[2026-05-12 12:07:25,985][__main__][INFO] - ✓ [meta-llama/Llama-4-Scout-17B-16E-Instruct] Temp=0.0 Rep=1 → Discordo fortemente
[2026-05-12 12:07:26,125][__main__][INFO] - ✓ [meta-llama/Llama-4-Scout-17B-16E-Instruct] Temp=0.0 Rep=1 → Concordo fortemente
[2026-05-12 12:07:26,129][__main__][INFO] - ✓ [meta-llama/Llama-4-Scout-17B-16E-Instruct] Temp=0.0 Rep=1 → Discordo
[2026-05-12 12:07:26,511][__main__][INFO] - ✓ [Qwen/Qwen3-14B] Temp=0.0 Rep=1 → Concordo fortemente
[2026-05-12 12:07:27,311][__main__][INFO] - ✓ [Qwen/Qwen3-235B-A22B-Instruct-2507] Temp=0.0 Rep=1 → Concordo fortemente
[2026-05-12 12:07:27,373][__main__][INFO] - ✓ [Qwen/Qwen3-14B] Temp=0.0 Rep=1 → Concordo fortemente
[2026-05-12 12:07:27,926][__main__][INFO] - ✓ [Qwen/Qwen3-14B] Temp=0.0 Rep=1 → Concordo fortemente
[2026-05-12 12:07:28,336][__main__][INFO] - ✓ [Qwen/Qwen3-235B-A22B-Instruct-2507] Temp=0.0 Rep=1 → Concordo
[2026-05-12 12:07:28,395][__main__][INFO] - ✓ [Qwen/Qwen3-235B-A22B-Instruct-2507] Temp=0.0 Rep=1 → Discordo fortemente
[2026-05-12 12:07:28,433][__main__][INFO] - ✓ [meta-llama/Meta-Llama-3.1-70B-Instruct] Temp=0.0 Rep=1 → Concordo fortemente
[2026-05-12 12:07:28,438][__main__][INFO] - ✓ [Qwen/Qwen3-14B] Temp=0.0 Rep=1 → Concordo fortemente
[2026-05-12 12:07:28,662][__main__][INFO] - ✓ [Qwen/Qwen3-14B] Temp=0.0 Rep=1 → Concordo fortemente
[2026-05-12 12:07:28,824][__main__][INFO] - ✓ [meta-llama/Meta-Llama-3.1-70B-Instruct] Temp=0.0 Rep=1 → Concordo
[2026-05-12 12:07:28,897][__main__][INFO] - ✓ [meta-llama/Llama-4-Scout-17B-16E-Instruct] Temp=0.0 Rep=1 → Concordo fortemente
[2026-05-12 12:07:28,900][__main__][INFO] - ✓ [meta-llama/Llama-4-Scout-17B-16E-Instruct] Temp=0.0 Rep=1 → Concordo fortemente
[2026-05-12 12:07:28,912][__main__][INFO] - ✓ [meta-llama/Meta-Llama-3.1-70B-Instruct] Temp=0.0 Rep=1 → Concordo fortemente
[2026-05-12 12:07:29,132][__main__][INFO] - ✓ [meta-llama/Llama-4-Scout-17B-16E-Instruct] Temp=0.0 Rep=1 → Concordo fortemente
[2026-05-12 12:07:29,445][__main__][INFO] - ✓ [Qwen/Qwen3-14B] Temp=0.0 Rep=1 → Discordo
[2026-05-12 12:07:29,461][__main__][INFO] - ✓ [Qwen/Qwen3-14B] Temp=0.0 Rep=1 → Concordo fortemente
[2026-05-12 12:07:29,656][__main__][INFO] - ✓ [Qwen/Qwen3-14B] Temp=0.0 Rep=1 → Discordo
[2026-05-12 12:07:29,660][__main__][INFO] - ✓ [Qwen/Qwen3-235B-A22B-Instruct-2507] Temp=0.0 Rep=1 → Discordo
[2026-05-12 12:07:29,709][__main__][INFO] - ✓ [Qwen/Qwen3-235B-A22B-Instruct-2507] Temp=0.0 Rep=1 → Concordo fortemente
[2026-05-12 12:07:30,280][__main__][INFO] - ✓ [meta-llama/Llama-4-Scout-17B-16E-Instruct] Temp=0.0 Rep=1 → Concordo fortemente
[2026-05-12 12:07:30,284][__main__][INFO] - ✓ [meta-llama/Meta-Llama-3.1-70B-Instruct] Temp=0.0 Rep=1 → Discordo
[2026-05-12 12:07:30,284][__main__][INFO] - ✓ [meta-llama/Meta-Llama-3.1-70B-Instruct] Temp=0.0 Rep=1 → Concordo fortemente
[2026-05-12 12:07:30,292][__main__][INFO] - ✓ [meta-llama/Meta-Llama-3.1-70B-Instruct] Temp=0.0 Rep=1 → Concordo fortemente
[2026-05-12 12:07:30,314][__main__][INFO] - Salvamento incremental (1280 novas respostas)...
[2026-05-12 12:07:30,363][__main__][INFO] - Cache salvo com 241682 entradas
[2026-05-12 12:07:30,364][__main__][INFO] - ✓ [Qwen/Qwen3-235B-A22B-Instruct-2507] Temp=0.0 Rep=1 → Concordo
[2026-05-12 12:07:30,895][__main__][INFO] - ✓ [meta-llama/Llama-4-Scout-17B-16E-Instruct] Temp=0.0 Rep=1 → Concordo fortemente
[2026-05-12 12:07:30,898][__main__][INFO] - ✓ [meta-llama/Llama-4-Scout-17B-16E-Instruct] Temp=0.0 Rep=1 → Concordo fortemente
[2026-05-12 12:07:31,583][__main__][INFO] - ✓ [Qwen/Qwen3-235B-A22B-Instruct-2507] Temp=0.0 Rep=1 → Discordo
[2026-05-12 12:07:32,023][__main__][INFO] - ✓ [Qwen/Qwen3-235B-A22B-Instruct-2507] Temp=0.0 Rep=1 → Concordo fortemente
[2026-05-12 12:07:32,154][__main__][INFO] - ✓ [Qwen/Qwen3-235B-A22B-Instruct-2507] Temp=0.0 Rep=1 → Neutro
[2026-05-12 12:07:32,637][__main__][INFO] - ✓ [meta-llama/Meta-Llama-3.1-70B-Instruct] Temp=0.0 Rep=1 → Discordo fortemente
[2026-05-12 12:07:32,675][__main__][INFO] - ✓ [meta-llama/Meta-Llama-3.1-70B-Instruct] Temp=0.0 Rep=1 → Concordo fortemente
[2026-05-12 12:07:32,901][__main__][INFO] - ✓ [Qwen/Qwen3-14B] Temp=0.0 Rep=1 → Concordo fortemente
[2026-05-12 12:07:33,148][__main__][INFO] - ✓ [meta-llama/Meta-Llama-3.1-70B-Instruct] Temp=0.0 Rep=1 → Concordo
[2026-05-12 12:07:33,334][__main__][INFO] - ✓ [meta-llama/Llama-4-Scout-17B-16E-Instruct] Temp=0.0 Rep=1 → Discordo fortemente
[2026-05-12 12:07:33,377][__main__][INFO] - ✓ [meta-llama/Llama-4-Scout-17B-16E-Instruct] Temp=0.0 Rep=1 → Concordo fortemente
[2026-05-12 12:07:34,069][__main__][INFO] - ✓ [meta-llama/Llama-4-Scout-17B-16E-Instruct] Temp=0.0 Rep=1 → Discordo
[2026-05-12 12:07:35,095][__main__][INFO] - ✓ [Qwen/Qwen3-14B] Temp=0.0 Rep=1 → Concordo fortemente
[2026-05-12 12:07:36,016][__main__][INFO] - ✓ [Qwen/Qwen3-235B-A22B-Instruct-2507] Temp=0.0 Rep=1 → Concordo fortemente
[2026-05-12 12:07:36,731][__main__][INFO] - ✓ [Qwen/Qwen3-235B-A22B-Instruct-2507] Temp=0.0 Rep=1 → Discordo
[2026-05-12 12:07:37,348][__main__][INFO] - ✓ [Qwen/Qwen3-14B] Temp=0.0 Rep=1 → Discordo
[2026-05-12 12:07:37,519][__main__][INFO] - ✓ [Qwen/Qwen3-14B] Temp=0.0 Rep=1 → Concordo fortemente
[2026-05-12 12:07:37,536][__main__][INFO] - ✓ [Qwen/Qwen3-14B] Temp=0.0 Rep=1 → Concordo fortemente
[2026-05-12 12:07:37,626][__main__][INFO] - ✓ [Qwen/Qwen3-235B-A22B-Instruct-2507] Temp=0.0 Rep=1 → Concordo fortemente
[2026-05-12 12:07:38,126][__main__][INFO] - ✓ [meta-llama/Llama-4-Scout-17B-16E-Instruct] Temp=0.0 Rep=1 → Concordo fortemente
[2026-05-12 12:07:38,179][__main__][INFO] - ✓ [meta-llama/Meta-Llama-3.1-70B-Instruct] Temp=0.0 Rep=1 → Discordo
[2026-05-12 12:07:38,226][__main__][INFO] - ✓ [meta-llama/Meta-Llama-3.1-70B-Instruct] Temp=0.0 Rep=1 → Concordo fortemente
[2026-05-12 12:07:38,340][__main__][INFO] - ✓ [meta-llama/Meta-Llama-3.1-70B-Instruct] Temp=0.0 Rep=1 → Concordo fortemente
[2026-05-12 12:07:38,618][__main__][INFO] - ✓ [meta-llama/Llama-4-Scout-17B-16E-Instruct] Temp=0.0 Rep=1 → Concordo fortemente
[2026-05-12 12:07:38,973][__main__][INFO] - ✓ [meta-llama/Llama-4-Scout-17B-16E-Instruct] Temp=0.0 Rep=1 → Concordo fortemente
[2026-05-12 12:07:39,146][__main__][INFO] - ✓ [Qwen/Qwen3-14B] Temp=0.0 Rep=1 → Discordo
[2026-05-12 12:07:39,616][__main__][INFO] - ✓ [Qwen/Qwen3-235B-A22B-Instruct-2507] Temp=0.0 Rep=1 → Discordo
[2026-05-12 12:07:39,841][__main__][INFO] - ✓ [Qwen/Qwen3-14B] Temp=0.0 Rep=1 → Concordo fortemente
[2026-05-12 12:07:39,853][__main__][INFO] - ✓ [Qwen/Qwen3-14B] Temp=0.0 Rep=1 → Concordo fortemente
[2026-05-12 12:07:39,973][__main__][INFO] - ✓ [Qwen/Qwen3-235B-A22B-Instruct-2507] Temp=0.0 Rep=1 → Concordo fortemente
[2026-05-12 12:07:40,213][__main__][INFO] - ✓ [Qwen/Qwen3-235B-A22B-Instruct-2507] Temp=0.0 Rep=1 → Discordo
[2026-05-12 12:07:40,487][__main__][INFO] - ✓ [meta-llama/Meta-Llama-3.1-70B-Instruct] Temp=0.0 Rep=1 → Concordo fortemente
[2026-05-12 12:07:40,519][__main__][INFO] - ✓ [meta-llama/Meta-Llama-3.1-70B-Instruct] Temp=0.0 Rep=1 → Concordo
[2026-05-12 12:07:40,666][__main__][INFO] - ✓ [meta-llama/Llama-4-Scout-17B-16E-Instruct] Temp=0.0 Rep=1 → Discordo fortemente
[2026-05-12 12:07:40,895][__main__][INFO] - ✓ [meta-llama/Llama-4-Scout-17B-16E-Instruct] Temp=0.0 Rep=1 → Discordo
[2026-05-12 12:07:40,933][__main__][INFO] - ✓ [meta-llama/Meta-Llama-3.1-70B-Instruct] Temp=0.0 Rep=1 → Discordo fortemente
[2026-05-12 12:07:41,016][__main__][INFO] - ✓ [meta-llama/Llama-4-Scout-17B-16E-Instruct] Temp=0.0 Rep=1 → Concordo fortemente
[2026-05-12 12:07:41,797][__main__][INFO] - ✓ [Qwen/Qwen3-14B] Temp=0.0 Rep=1 → Discordo
[2026-05-12 12:07:45,027][__main__][INFO] - ✓ [Qwen/Qwen3-14B] Temp=0.0 Rep=1 → Discordo
[2026-05-12 12:07:45,451][__main__][INFO] - Salvamento incremental (1320 novas respostas)...
[2026-05-12 12:07:45,504][__main__][INFO] - Cache salvo com 241722 entradas
[2026-05-12 12:07:45,504][__main__][INFO] - ✓ [Qwen/Qwen3-235B-A22B-Instruct-2507] Temp=0.0 Rep=1 → Neutro
[2026-05-12 12:07:46,022][__main__][INFO] - ✓ [meta-llama/Meta-Llama-3.1-70B-Instruct] Temp=0.0 Rep=1 → Discordo fortemente
[2026-05-12 12:07:46,125][__main__][INFO] - ✓ [Qwen/Qwen3-14B] Temp=0.0 Rep=1 → Discordo
[2026-05-12 12:07:46,663][__main__][INFO] - ✓ [meta-llama/Meta-Llama-3.1-70B-Instruct] Temp=0.0 Rep=1 → Concordo fortemente
[2026-05-12 12:07:46,664][__main__][WARNING] - Resposta inválida (tentativa 1/3) de meta-llama/Meta-Llama-3.1-70B-Instruct: Descordo
[2026-05-12 12:07:46,664][__main__][INFO] - Fazendo retry 2/3...
[2026-05-12 12:07:46,971][__main__][INFO] - ✓ [Qwen/Qwen3-14B] Temp=0.0 Rep=1 → Concordo fortemente
[2026-05-12 12:07:46,980][__main__][INFO] - ✓ [meta-llama/Llama-4-Scout-17B-16E-Instruct] Temp=0.0 Rep=1 → Discordo fortemente
[2026-05-12 12:07:47,480][__main__][INFO] - ✓ [meta-llama/Llama-4-Scout-17B-16E-Instruct] Temp=0.0 Rep=1 → Discordo fortemente
[2026-05-12 12:07:47,483][__main__][INFO] - ✓ [meta-llama/Llama-4-Scout-17B-16E-Instruct] Temp=0.0 Rep=1 → Discordo
[2026-05-12 12:07:48,611][__main__][INFO] - ✓ [Qwen/Qwen3-14B] Temp=0.0 Rep=1 → Concordo fortemente
[2026-05-12 12:07:49,133][__main__][INFO] - ✓ [Qwen/Qwen3-235B-A22B-Instruct-2507] Temp=0.0 Rep=1 → Concordo fortemente
[2026-05-12 12:07:49,852][__main__][INFO] - ✓ [Qwen/Qwen3-235B-A22B-Instruct-2507] Temp=0.0 Rep=1 → Discordo
[2026-05-12 12:07:50,103][__main__][INFO] - ✓ [Qwen/Qwen3-14B] Temp=0.0 Rep=1 → Concordo fortemente
[2026-05-12 12:07:50,659][__main__][INFO] - ✓ [Qwen/Qwen3-235B-A22B-Instruct-2507] Temp=0.0 Rep=1 → Concordo fortemente
[2026-05-12 12:07:50,775][__main__][INFO] - ✓ [Qwen/Qwen3-14B] Temp=0.0 Rep=1 → Concordo fortemente
[2026-05-12 12:07:51,256][__main__][INFO] - ✓ [meta-llama/Meta-Llama-3.1-70B-Instruct] Temp=0.0 Rep=1 → Discordo
[2026-05-12 12:07:51,303][__main__][INFO] - ✓ [meta-llama/Meta-Llama-3.1-70B-Instruct] Temp=0.0 Rep=1 → Concordo fortemente
[2026-05-12 12:07:51,393][__main__][INFO] - ✓ [meta-llama/Meta-Llama-3.1-70B-Instruct] Temp=0.0 Rep=1 → Concordo fortemente
[2026-05-12 12:07:51,544][__main__][INFO] - ✓ [Qwen/Qwen3-14B] Temp=0.0 Rep=1 → Concordo fortemente
[2026-05-12 12:07:51,562][__main__][INFO] - ✓ [meta-llama/Llama-4-Scout-17B-16E-Instruct] Temp=0.0 Rep=1 → Concordo fortemente
[2026-05-12 12:07:51,688][__main__][INFO] - ✓ [Qwen/Qwen3-14B] Temp=0.0 Rep=1 → Concordo fortemente
[2026-05-12 12:07:51,838][__main__][INFO] - ✓ [meta-llama/Llama-4-Scout-17B-16E-Instruct] Temp=0.0 Rep=1 → Concordo fortemente
[2026-05-12 12:07:51,899][__main__][INFO] - ✓ [meta-llama/Llama-4-Scout-17B-16E-Instruct] Temp=0.0 Rep=1 → Concordo fortemente
[2026-05-12 12:07:52,377][__main__][INFO] - ✓ [Qwen/Qwen3-235B-A22B-Instruct-2507] Temp=0.0 Rep=1 → Discordo
[2026-05-12 12:07:52,809][__main__][INFO] - ✓ [Qwen/Qwen3-235B-A22B-Instruct-2507] Temp=0.0 Rep=1 → Concordo fortemente
[2026-05-12 12:07:52,902][__main__][INFO] - ✓ [Qwen/Qwen3-235B-A22B-Instruct-2507] Temp=0.0 Rep=1 → Neutro
[2026-05-12 12:07:53,833][__main__][INFO] - ✓ [meta-llama/Meta-Llama-3.1-70B-Instruct] Temp=0.0 Rep=1 → Discordo fortemente
[2026-05-12 12:07:53,837][__main__][INFO] - ✓ [meta-llama/Meta-Llama-3.1-70B-Instruct] Temp=0.0 Rep=1 → Concordo fortemente
[2026-05-12 12:07:54,447][__main__][INFO] - ✓ [meta-llama/Meta-Llama-3.1-70B-Instruct] Temp=0.0 Rep=1 → Discordo
[2026-05-12 12:07:54,581][__main__][INFO] - ✓ [meta-llama/Llama-4-Scout-17B-16E-Instruct] Temp=0.0 Rep=1 → Discordo fortemente
[2026-05-12 12:07:54,882][__main__][INFO] - ✓ [meta-llama/Llama-4-Scout-17B-16E-Instruct] Temp=0.0 Rep=1 → Concordo
[2026-05-12 12:07:55,141][__main__][INFO] - ✓ [meta-llama/Llama-4-Scout-17B-16E-Instruct] Temp=0.0 Rep=1 → Discordo
[2026-05-12 12:07:55,676][__main__][INFO] - ✓ [Qwen/Qwen3-14B] Temp=0.0 Rep=1 → Concordo fortemente
[2026-05-12 12:07:58,134][__main__][INFO] - ✓ [Qwen/Qwen3-14B] Temp=0.0 Rep=1 → Concordo fortemente
[2026-05-12 12:07:58,859][__main__][INFO] - ✓ [Qwen/Qwen3-14B] Temp=0.0 Rep=1 → Concordo fortemente
[2026-05-12 12:07:59,772][__main__][INFO] - ✓ [Qwen/Qwen3-235B-A22B-Instruct-2507] Temp=0.0 Rep=1 → Discordo
[2026-05-12 12:08:00,292][__main__][INFO] - ✓ [Qwen/Qwen3-235B-A22B-Instruct-2507] Temp=0.0 Rep=1 → Discordo
[2026-05-12 12:08:01,224][__main__][INFO] - ✓ [Qwen/Qwen3-235B-A22B-Instruct-2507] Temp=0.0 Rep=1 → Neutro
[2026-05-12 12:08:01,227][__main__][INFO] - ✓ [Qwen/Qwen3-235B-A22B-Instruct-2507] Temp=0.0 Rep=1 → Concordo fortemente
[2026-05-12 12:08:01,235][__main__][INFO] - ✓ [Qwen/Qwen3-14B] Temp=0.0 Rep=1 → Concordo fortemente
[2026-05-12 12:08:01,246][__main__][INFO] - ✓ [meta-llama/Meta-Llama-3.1-70B-Instruct] Temp=0.0 Rep=1 → Concordo fortemente
[2026-05-12 12:08:01,726][__main__][INFO] - Salvamento incremental (1360 novas respostas)...
[2026-05-12 12:08:01,783][__main__][INFO] - Cache salvo com 241762 entradas
[2026-05-12 12:08:01,784][__main__][INFO] - ✓ [Qwen/Qwen3-235B-A22B-Instruct-2507] Temp=0.0 Rep=1 → Concordo fortemente
[2026-05-12 12:08:01,835][__main__][INFO] - ✓ [meta-llama/Llama-4-Scout-17B-16E-Instruct] Temp=0.0 Rep=1 → Concordo fortemente
[2026-05-12 12:08:01,847][__main__][INFO] - ✓ [meta-llama/Llama-4-Scout-17B-16E-Instruct] Temp=0.0 Rep=1 → Concordo fortemente
[2026-05-12 12:08:01,871][__main__][INFO] - ✓ [meta-llama/Meta-Llama-3.1-70B-Instruct] Temp=0.0 Rep=1 → Discordo
[2026-05-12 12:08:02,158][__main__][INFO] - ✓ [meta-llama/Meta-Llama-3.1-70B-Instruct] Temp=0.0 Rep=1 → Concordo fortemente
[2026-05-12 12:08:02,265][__main__][INFO] - ✓ [meta-llama/Llama-4-Scout-17B-16E-Instruct] Temp=0.0 Rep=1 → Concordo fortemente
[2026-05-12 12:08:02,684][__main__][INFO] - ✓ [Qwen/Qwen3-14B] Temp=0.0 Rep=1 → Concordo fortemente
[2026-05-12 12:08:02,844][__main__][INFO] - ✓ [Qwen/Qwen3-235B-A22B-Instruct-2507] Temp=0.0 Rep=1 → Concordo
[2026-05-12 12:08:03,206][__main__][INFO] - ✓ [Qwen/Qwen3-235B-A22B-Instruct-2507] Temp=0.0 Rep=1 → Discordo fortemente
[2026-05-12 12:08:03,277][__main__][INFO] - ✓ [Qwen/Qwen3-235B-A22B-Instruct-2507] Temp=0.0 Rep=1 → Neutro
[2026-05-12 12:08:03,424][__main__][INFO] - ✓ [meta-llama/Meta-Llama-3.1-70B-Instruct] Temp=0.0 Rep=1 → Discordo fortemente
[2026-05-12 12:08:03,787][__main__][INFO] - ✓ [meta-llama/Meta-Llama-3.1-70B-Instruct] Temp=0.0 Rep=1 → Concordo fortemente
[2026-05-12 12:08:03,791][__main__][WARNING] - Resposta inválida (tentativa 1/3) de meta-llama/Meta-Llama-3.1-70B-Instruct: Descordo
[2026-05-12 12:08:03,791][__main__][INFO] - Fazendo retry 2/3...
[2026-05-12 12:08:03,824][__main__][INFO] - ✓ [meta-llama/Llama-4-Scout-17B-16E-Instruct] Temp=0.0 Rep=1 → Discordo fortemente
[2026-05-12 12:08:04,063][__main__][INFO] - ✓ [meta-llama/Llama-4-Scout-17B-16E-Instruct] Temp=0.0 Rep=1 → Discordo
[2026-05-12 12:08:04,584][__main__][INFO] - ✓ [meta-llama/Llama-4-Scout-17B-16E-Instruct] Temp=0.0 Rep=1 → Concordo fortemente
[2026-05-12 12:08:05,370][__main__][INFO] - ✓ [Qwen/Qwen3-14B] Temp=0.0 Rep=1 → Concordo fortemente
[2026-05-12 12:08:06,735][__main__][INFO] - ✓ [Qwen/Qwen3-14B] Temp=0.0 Rep=1 → Concordo fortemente
[2026-05-12 12:08:07,091][__main__][INFO] - ✓ [Qwen/Qwen3-14B] Temp=0.0 Rep=1 → Concordo fortemente
[2026-05-12 12:08:07,248][__main__][INFO] - ✓ [Qwen/Qwen3-235B-A22B-Instruct-2507] Temp=0.0 Rep=1 → Concordo fortemente
[2026-05-12 12:08:07,641][__main__][INFO] - ✓ [Qwen/Qwen3-235B-A22B-Instruct-2507] Temp=0.0 Rep=1 → Discordo
[2026-05-12 12:08:07,824][__main__][INFO] - ✓ [meta-llama/Meta-Llama-3.1-70B-Instruct] Temp=0.0 Rep=1 → Concordo fortemente
[2026-05-12 12:08:08,042][__main__][INFO] - ✓ [Qwen/Qwen3-235B-A22B-Instruct-2507] Temp=0.0 Rep=1 → Neutro
[2026-05-12 12:08:08,050][__main__][INFO] - ✓ [meta-llama/Meta-Llama-3.1-70B-Instruct] Temp=0.0 Rep=1 → Discordo
[2026-05-12 12:08:08,273][__main__][INFO] - ✓ [meta-llama/Meta-Llama-3.1-70B-Instruct] Temp=0.0 Rep=1 → Concordo
[2026-05-12 12:08:08,528][__main__][INFO] - ✓ [meta-llama/Llama-4-Scout-17B-16E-Instruct] Temp=0.0 Rep=1 → Concordo fortemente
[2026-05-12 12:08:08,551][__main__][INFO] - ✓ [meta-llama/Llama-4-Scout-17B-16E-Instruct] Temp=0.0 Rep=1 → Concordo fortemente
[2026-05-12 12:08:08,666][__main__][INFO] - ✓ [meta-llama/Llama-4-Scout-17B-16E-Instruct] Temp=0.0 Rep=1 → Concordo fortemente
[2026-05-12 12:08:09,227][__main__][INFO] - ✓ [Qwen/Qwen3-14B] Temp=0.0 Rep=1 → Concordo fortemente
[2026-05-12 12:08:09,807][__main__][INFO] - ✓ [Qwen/Qwen3-235B-A22B-Instruct-2507] Temp=0.0 Rep=1 → Discordo
[2026-05-12 12:08:10,138][__main__][INFO] - ✓ [Qwen/Qwen3-14B] Temp=0.0 Rep=1 → Discordo
[2026-05-12 12:08:10,832][__main__][INFO] - ✓ [Qwen/Qwen3-14B] Temp=0.0 Rep=1 → Neutro
[2026-05-12 12:08:10,867][__main__][INFO] - ✓ [Qwen/Qwen3-235B-A22B-Instruct-2507] Temp=0.0 Rep=1 → Concordo
[2026-05-12 12:08:11,241][__main__][INFO] - ✓ [Qwen/Qwen3-14B] Temp=0.0 Rep=1 → Discordo
[2026-05-12 12:08:11,336][__main__][INFO] - ✓ [meta-llama/Meta-Llama-3.1-70B-Instruct] Temp=0.0 Rep=1 → Concordo
[2026-05-12 12:08:11,364][__main__][INFO] - ✓ [meta-llama/Meta-Llama-3.1-70B-Instruct] Temp=0.0 Rep=1 → Concordo
[2026-05-12 12:08:11,422][__main__][INFO] - ✓ [Qwen/Qwen3-235B-A22B-Instruct-2507] Temp=0.0 Rep=1 → Neutro
[2026-05-12 12:08:11,686][__main__][INFO] - ✓ [meta-llama/Llama-4-Scout-17B-16E-Instruct] Temp=0.0 Rep=1 → Concordo
[2026-05-12 12:08:11,775][__main__][INFO] - ✓ [meta-llama/Llama-4-Scout-17B-16E-Instruct] Temp=0.0 Rep=1 → Concordo
[2026-05-12 12:08:11,784][__main__][INFO] - ✓ [meta-llama/Llama-4-Scout-17B-16E-Instruct] Temp=0.0 Rep=1 → Concordo
[2026-05-12 12:08:11,859][__main__][INFO] - ✓ [Qwen/Qwen3-14B] Temp=0.0 Rep=1 → Concordo fortemente
[2026-05-12 12:08:11,889][__main__][INFO] - Salvamento incremental (1400 novas respostas)...
[2026-05-12 12:08:11,945][__main__][INFO] - Cache salvo com 241802 entradas
[2026-05-12 12:08:11,945][__main__][INFO] - ✓ [meta-llama/Meta-Llama-3.1-70B-Instruct] Temp=0.0 Rep=1 → Concordo
[2026-05-12 12:08:12,676][__main__][INFO] - ✓ [Qwen/Qwen3-14B] Temp=0.0 Rep=1 → Concordo fortemente
[2026-05-12 12:08:12,985][__main__][INFO] - ✓ [Qwen/Qwen3-235B-A22B-Instruct-2507] Temp=0.0 Rep=1 → Concordo fortemente
[2026-05-12 12:08:13,071][__main__][INFO] - ✓ [Qwen/Qwen3-235B-A22B-Instruct-2507] Temp=0.0 Rep=1 → Concordo fortemente
[2026-05-12 12:08:13,526][__main__][INFO] - ✓ [meta-llama/Meta-Llama-3.1-70B-Instruct] Temp=0.0 Rep=1 → Concordo fortemente
[2026-05-12 12:08:13,700][__main__][INFO] - ✓ [meta-llama/Meta-Llama-3.1-70B-Instruct] Temp=0.0 Rep=1 → Concordo fortemente
[2026-05-12 12:08:13,703][__main__][INFO] - ✓ [Qwen/Qwen3-235B-A22B-Instruct-2507] Temp=0.0 Rep=1 → Concordo fortemente
[2026-05-12 12:08:14,105][__main__][INFO] - ✓ [meta-llama/Meta-Llama-3.1-70B-Instruct] Temp=0.0 Rep=1 → Concordo fortemente
[2026-05-12 12:08:14,264][__main__][INFO] - ✓ [meta-llama/Llama-4-Scout-17B-16E-Instruct] Temp=0.0 Rep=1 → Concordo fortemente
[2026-05-12 12:08:14,389][__main__][INFO] - ✓ [meta-llama/Llama-4-Scout-17B-16E-Instruct] Temp=0.0 Rep=1 → Concordo fortemente
[2026-05-12 12:08:14,501][__main__][INFO] - ✓ [meta-llama/Llama-4-Scout-17B-16E-Instruct] Temp=0.0 Rep=1 → Concordo fortemente
[2026-05-12 12:08:15,132][__main__][INFO] - ✓ [Qwen/Qwen3-14B] Temp=0.0 Rep=1 → Discordo
[2026-05-12 12:08:15,850][__main__][INFO] - ✓ [Qwen/Qwen3-14B] Temp=0.0 Rep=1 → Concordo fortemente
[2026-05-12 12:08:16,055][__main__][INFO] - ✓ [Qwen/Qwen3-235B-A22B-Instruct-2507] Temp=0.0 Rep=1 → Concordo fortemente
[2026-05-12 12:08:16,320][__main__][INFO] - ✓ [Qwen/Qwen3-14B] Temp=0.0 Rep=1 → Concordo fortemente
[2026-05-12 12:08:16,880][__main__][INFO] - ✓ [Qwen/Qwen3-235B-A22B-Instruct-2507] Temp=0.0 Rep=1 → Concordo fortemente
[2026-05-12 12:08:16,980][__main__][INFO] - ✓ [Qwen/Qwen3-235B-A22B-Instruct-2507] Temp=0.0 Rep=1 → Concordo fortemente
[2026-05-12 12:08:17,222][__main__][INFO] - ✓ [meta-llama/Meta-Llama-3.1-70B-Instruct] Temp=0.0 Rep=1 → Concordo fortemente
[2026-05-12 12:08:17,795][__main__][INFO] - ✓ [meta-llama/Meta-Llama-3.1-70B-Instruct] Temp=0.0 Rep=1 → Concordo fortemente
[2026-05-12 12:08:17,798][__main__][INFO] - ✓ [meta-llama/Meta-Llama-3.1-70B-Instruct] Temp=0.0 Rep=1 → Concordo fortemente
[2026-05-12 12:08:17,989][__main__][INFO] - ✓ [meta-llama/Llama-4-Scout-17B-16E-Instruct] Temp=0.0 Rep=1 → Concordo fortemente
[2026-05-12 12:08:18,412][__main__][INFO] - ✓ [meta-llama/Llama-4-Scout-17B-16E-Instruct] Temp=0.0 Rep=1 → Concordo fortemente
[2026-05-12 12:08:18,426][__main__][INFO] - ✓ [meta-llama/Llama-4-Scout-17B-16E-Instruct] Temp=0.0 Rep=1 → Concordo fortemente
[2026-05-12 12:08:19,126][__main__][INFO] - ✓ [Qwen/Qwen3-14B] Temp=0.0 Rep=1 → Concordo fortemente
[2026-05-12 12:08:19,146][__main__][INFO] - ✓ [Qwen/Qwen3-14B] Temp=0.0 Rep=1 → Concordo fortemente
[2026-05-12 12:08:20,048][__main__][INFO] - ✓ [Qwen/Qwen3-235B-A22B-Instruct-2507] Temp=0.0 Rep=1 → Concordo
[2026-05-12 12:08:20,051][__main__][INFO] - ✓ [Qwen/Qwen3-235B-A22B-Instruct-2507] Temp=0.0 Rep=1 → Concordo
[2026-05-12 12:08:20,564][__main__][INFO] - ✓ [meta-llama/Meta-Llama-3.1-70B-Instruct] Temp=0.0 Rep=1 → Concordo
[2026-05-12 12:08:21,098][__main__][INFO] - ✓ [meta-llama/Meta-Llama-3.1-70B-Instruct] Temp=0.0 Rep=1 → Concordo
[2026-05-12 12:08:21,609][__main__][INFO] - ✓ [meta-llama/Meta-Llama-3.1-70B-Instruct] Temp=0.0 Rep=1 → Concordo
[2026-05-12 12:08:21,624][__main__][INFO] - ✓ [Qwen/Qwen3-14B] Temp=0.0 Rep=1 → Concordo fortemente
[2026-05-12 12:08:21,890][__main__][INFO] - ✓ [Qwen/Qwen3-235B-A22B-Instruct-2507] Temp=0.0 Rep=1 → Neutro
[2026-05-12 12:08:22,083][__main__][INFO] - ✓ [meta-llama/Llama-4-Scout-17B-16E-Instruct] Temp=0.0 Rep=1 → Concordo fortemente
[2026-05-12 12:08:22,086][__main__][INFO] - ✓ [meta-llama/Llama-4-Scout-17B-16E-Instruct] Temp=0.0 Rep=1 → Concordo
[2026-05-12 12:08:22,301][__main__][INFO] - ✓ [meta-llama/Llama-4-Scout-17B-16E-Instruct] Temp=0.0 Rep=1 → Concordo
[2026-05-12 12:08:22,915][__main__][INFO] - ✓ [Qwen/Qwen3-14B] Temp=0.0 Rep=1 → Concordo fortemente
[2026-05-12 12:08:23,268][__main__][INFO] - ✓ [Qwen/Qwen3-14B] Temp=0.0 Rep=1 → Concordo fortemente
[2026-05-12 12:08:23,387][__main__][INFO] - ✓ [Qwen/Qwen3-235B-A22B-Instruct-2507] Temp=0.0 Rep=1 → Concordo
[2026-05-12 12:08:23,766][__main__][INFO] - ✓ [Qwen/Qwen3-235B-A22B-Instruct-2507] Temp=0.0 Rep=1 → Concordo
[2026-05-12 12:08:23,937][__main__][INFO] - ✓ [Qwen/Qwen3-235B-A22B-Instruct-2507] Temp=0.0 Rep=1 → Neutro
[2026-05-12 12:08:24,253][__main__][INFO] - Salvamento incremental (1440 novas respostas)...
[2026-05-12 12:08:24,305][__main__][INFO] - Cache salvo com 241842 entradas
[2026-05-12 12:08:24,306][__main__][INFO] - ✓ [meta-llama/Meta-Llama-3.1-70B-Instruct] Temp=0.0 Rep=1 → Concordo
[2026-05-12 12:08:24,758][__main__][INFO] - ✓ [meta-llama/Meta-Llama-3.1-70B-Instruct] Temp=0.0 Rep=1 → Concordo
[2026-05-12 12:08:25,269][__main__][INFO] - ✓ [meta-llama/Llama-4-Scout-17B-16E-Instruct] Temp=0.0 Rep=1 → Concordo
[2026-05-12 12:08:25,371][__main__][INFO] - ✓ [meta-llama/Meta-Llama-3.1-70B-Instruct] Temp=0.0 Rep=1 → Concordo
[2026-05-12 12:08:25,740][__main__][INFO] - ✓ [Qwen/Qwen3-14B] Temp=0.0 Rep=1 → Concordo fortemente
[2026-05-12 12:08:25,862][__main__][INFO] - ✓ [meta-llama/Llama-4-Scout-17B-16E-Instruct] Temp=0.0 Rep=1 → Concordo
[2026-05-12 12:08:25,900][__main__][INFO] - ✓ [meta-llama/Llama-4-Scout-17B-16E-Instruct] Temp=0.0 Rep=1 → Concordo
[2026-05-12 12:08:34,588][__main__][INFO] - ✓ [Qwen/Qwen3-14B] Temp=0.0 Rep=1 → Concordo fortemente
[2026-05-12 12:08:35,203][__main__][INFO] - ✓ [Qwen/Qwen3-235B-A22B-Instruct-2507] Temp=0.0 Rep=1 → Discordo
[2026-05-12 12:08:35,919][__main__][INFO] - ✓ [Qwen/Qwen3-235B-A22B-Instruct-2507] Temp=0.0 Rep=1 → Concordo
[2026-05-12 12:08:36,329][__main__][INFO] - ✓ [Qwen/Qwen3-14B] Temp=0.0 Rep=1 → Discordo
[2026-05-12 12:08:36,389][__main__][INFO] - ✓ [Qwen/Qwen3-235B-A22B-Instruct-2507] Temp=0.0 Rep=1 → Neutro
[2026-05-12 12:08:36,810][__main__][INFO] - ✓ [meta-llama/Meta-Llama-3.1-70B-Instruct] Temp=0.0 Rep=1 → Concordo
[2026-05-12 12:08:36,853][__main__][INFO] - ✓ [meta-llama/Meta-Llama-3.1-70B-Instruct] Temp=0.0 Rep=1 → Concordo
[2026-05-12 12:08:37,195][__main__][INFO] - ✓ [meta-llama/Llama-4-Scout-17B-16E-Instruct] Temp=0.0 Rep=1 → Concordo
[2026-05-12 12:08:37,311][__main__][INFO] - ✓ [meta-llama/Meta-Llama-3.1-70B-Instruct] Temp=0.0 Rep=1 → Concordo
[2026-05-12 12:08:37,687][__main__][INFO] - ✓ [meta-llama/Llama-4-Scout-17B-16E-Instruct] Temp=0.0 Rep=1 → Concordo
[2026-05-12 12:08:37,690][__main__][INFO] - ✓ [meta-llama/Llama-4-Scout-17B-16E-Instruct] Temp=0.0 Rep=1 → Discordo
[2026-05-12 12:08:37,858][__main__][INFO] - ✓ [Qwen/Qwen3-14B] Temp=0.0 Rep=1 → Neutro
[2026-05-12 12:08:40,016][__main__][INFO] - ✓ [Qwen/Qwen3-14B] Temp=0.0 Rep=1 → Concordo fortemente
[2026-05-12 12:08:40,988][__main__][INFO] - ✓ [Qwen/Qwen3-235B-A22B-Instruct-2507] Temp=0.0 Rep=1 → Concordo fortemente
[2026-05-12 12:08:42,576][__main__][INFO] - ✓ [Qwen/Qwen3-235B-A22B-Instruct-2507] Temp=0.0 Rep=1 → Concordo fortemente
[2026-05-12 12:08:43,497][__main__][INFO] - ✓ [Qwen/Qwen3-235B-A22B-Instruct-2507] Temp=0.0 Rep=1 → Concordo fortemente
[2026-05-12 12:08:44,828][__main__][INFO] - ✓ [meta-llama/Meta-Llama-3.1-70B-Instruct] Temp=0.0 Rep=1 → Concordo fortemente
[2026-05-12 12:08:45,027][__main__][INFO] - ✓ [Qwen/Qwen3-14B] Temp=0.0 Rep=1 → Concordo fortemente
[2026-05-12 12:08:45,553][__main__][INFO] - ✓ [meta-llama/Meta-Llama-3.1-70B-Instruct] Temp=0.0 Rep=1 → Concordo fortemente
[2026-05-12 12:08:45,619][__main__][INFO] - ✓ [Qwen/Qwen3-14B] Temp=0.0 Rep=1 → Concordo fortemente
[2026-05-12 12:08:45,627][__main__][INFO] - ✓ [meta-llama/Meta-Llama-3.1-70B-Instruct] Temp=0.0 Rep=1 → Concordo fortemente
[2026-05-12 12:08:45,937][__main__][INFO] - ✓ [meta-llama/Llama-4-Scout-17B-16E-Instruct] Temp=0.0 Rep=1 → Concordo fortemente
[2026-05-12 12:08:46,074][__main__][INFO] - ✓ [meta-llama/Llama-4-Scout-17B-16E-Instruct] Temp=0.0 Rep=1 → Concordo fortemente
[2026-05-12 12:08:46,077][__main__][INFO] - ✓ [meta-llama/Llama-4-Scout-17B-16E-Instruct] Temp=0.0 Rep=1 → Concordo fortemente
[2026-05-12 12:08:46,209][__main__][INFO] - ✓ [Qwen/Qwen3-14B] Temp=0.0 Rep=1 → Concordo fortemente
[2026-05-12 12:08:46,979][__main__][INFO] - ✓ [Qwen/Qwen3-235B-A22B-Instruct-2507] Temp=0.0 Rep=1 → Concordo fortemente
[2026-05-12 12:08:47,492][__main__][INFO] - ✓ [Qwen/Qwen3-14B] Temp=0.0 Rep=1 → Neutro
[2026-05-12 12:08:47,649][__main__][INFO] - ✓ [Qwen/Qwen3-235B-A22B-Instruct-2507] Temp=0.0 Rep=1 → Discordo
[2026-05-12 12:08:47,650][__main__][INFO] - ✓ [Qwen/Qwen3-14B] Temp=0.0 Rep=1 → Concordo fortemente
[2026-05-12 12:08:48,310][__main__][INFO] - ✓ [meta-llama/Meta-Llama-3.1-70B-Instruct] Temp=0.0 Rep=1 → Concordo fortemente
[2026-05-12 12:08:48,314][__main__][INFO] - ✓ [meta-llama/Meta-Llama-3.1-70B-Instruct] Temp=0.0 Rep=1 → Concordo fortemente
[2026-05-12 12:08:48,602][__main__][INFO] - ✓ [Qwen/Qwen3-235B-A22B-Instruct-2507] Temp=0.0 Rep=1 → Concordo fortemente
[2026-05-12 12:08:48,927][__main__][INFO] - ✓ [meta-llama/Meta-Llama-3.1-70B-Instruct] Temp=0.0 Rep=1 → Concordo fortemente
[2026-05-12 12:08:48,927][__main__][INFO] - Salvamento incremental (1480 novas respostas)...
[2026-05-12 12:08:48,991][__main__][INFO] - Cache salvo com 241882 entradas
[2026-05-12 12:08:48,991][__main__][INFO] - ✓ [meta-llama/Llama-4-Scout-17B-16E-Instruct] Temp=0.0 Rep=1 → Concordo fortemente
[2026-05-12 12:08:49,233][__main__][INFO] - ✓ [meta-llama/Llama-4-Scout-17B-16E-Instruct] Temp=0.0 Rep=1 → Concordo fortemente
[2026-05-12 12:08:49,395][__main__][INFO] - ✓ [meta-llama/Llama-4-Scout-17B-16E-Instruct] Temp=0.0 Rep=1 → Concordo fortemente
[2026-05-12 12:08:50,874][__main__][INFO] - ✓ [Qwen/Qwen3-14B] Temp=0.0 Rep=1 → Discordo
[2026-05-12 12:08:50,983][__main__][INFO] - ✓ [Qwen/Qwen3-14B] Temp=0.0 Rep=1 → Neutro
[2026-05-12 12:08:51,587][__main__][INFO] - ✓ [Qwen/Qwen3-235B-A22B-Instruct-2507] Temp=0.0 Rep=1 → Neutro
[2026-05-12 12:08:51,843][__main__][INFO] - ✓ [Qwen/Qwen3-14B] Temp=0.0 Rep=1 → Concordo fortemente
[2026-05-12 12:08:51,846][__main__][INFO] - ✓ [Qwen/Qwen3-235B-A22B-Instruct-2507] Temp=0.0 Rep=1 → Neutro
[2026-05-12 12:08:52,392][__main__][INFO] - ✓ [meta-llama/Meta-Llama-3.1-70B-Instruct] Temp=0.0 Rep=1 → Concordo
[2026-05-12 12:08:52,420][__main__][INFO] - ✓ [meta-llama/Meta-Llama-3.1-70B-Instruct] Temp=0.0 Rep=1 → Concordo
[2026-05-12 12:08:52,466][__main__][INFO] - ✓ [Qwen/Qwen3-235B-A22B-Instruct-2507] Temp=0.0 Rep=1 → Neutro
[2026-05-12 12:08:52,891][__main__][INFO] - ✓ [meta-llama/Llama-4-Scout-17B-16E-Instruct] Temp=0.0 Rep=1 → Concordo
[2026-05-12 12:08:52,895][__main__][INFO] - ✓ [meta-llama/Llama-4-Scout-17B-16E-Instruct] Temp=0.0 Rep=1 → Concordo
[2026-05-12 12:08:52,917][__main__][INFO] - ✓ [meta-llama/Meta-Llama-3.1-70B-Instruct] Temp=0.0 Rep=1 → Concordo
[2026-05-12 12:08:53,415][__main__][INFO] - ✓ [meta-llama/Llama-4-Scout-17B-16E-Instruct] Temp=0.0 Rep=1 → Neutro
[2026-05-12 12:08:54,147][__main__][INFO] - ✓ [Qwen/Qwen3-14B] Temp=0.0 Rep=1 → Concordo fortemente
[2026-05-12 12:08:55,068][__main__][INFO] - ✓ [Qwen/Qwen3-235B-A22B-Instruct-2507] Temp=0.0 Rep=1 → Concordo fortemente
[2026-05-12 12:08:55,888][__main__][INFO] - ✓ [Qwen/Qwen3-235B-A22B-Instruct-2507] Temp=0.0 Rep=1 → Discordo
[2026-05-12 12:08:55,891][__main__][INFO] - ✓ [Qwen/Qwen3-14B] Temp=0.0 Rep=1 → Concordo fortemente
[2026-05-12 12:08:56,605][__main__][INFO] - ✓ [Qwen/Qwen3-235B-A22B-Instruct-2507] Temp=0.0 Rep=1 → Neutro
[2026-05-12 12:08:56,650][__main__][INFO] - ✓ [meta-llama/Meta-Llama-3.1-70B-Instruct] Temp=0.0 Rep=1 → Concordo fortemente
[2026-05-12 12:08:57,425][__main__][INFO] - ✓ [meta-llama/Meta-Llama-3.1-70B-Instruct] Temp=0.0 Rep=1 → Discordo fortemente
[2026-05-12 12:08:57,433][__main__][INFO] - ✓ [meta-llama/Meta-Llama-3.1-70B-Instruct] Temp=0.0 Rep=1 → Concordo fortemente
[2026-05-12 12:08:57,786][__main__][INFO] - ✓ [meta-llama/Llama-4-Scout-17B-16E-Instruct] Temp=0.0 Rep=1 → Concordo fortemente
[2026-05-12 12:08:57,810][__main__][INFO] - ✓ [meta-llama/Llama-4-Scout-17B-16E-Instruct] Temp=0.0 Rep=1 → Concordo fortemente
[2026-05-12 12:08:58,346][__main__][INFO] - ✓ [Qwen/Qwen3-14B] Temp=0.0 Rep=1 → Concordo fortemente
[2026-05-12 12:08:58,551][__main__][INFO] - ✓ [meta-llama/Llama-4-Scout-17B-16E-Instruct] Temp=0.0 Rep=1 → Neutro
[2026-05-12 12:08:58,856][__main__][INFO] - ✓ [Qwen/Qwen3-14B] Temp=0.0 Rep=1 → Concordo fortemente
[2026-05-12 12:09:00,293][__main__][INFO] - ✓ [Qwen/Qwen3-235B-A22B-Instruct-2507] Temp=0.0 Rep=1 → Concordo
[2026-05-12 12:09:01,328][__main__][INFO] - ✓ [Qwen/Qwen3-14B] Temp=0.0 Rep=1 → Concordo fortemente
[2026-05-12 12:09:01,354][__main__][INFO] - ✓ [Qwen/Qwen3-235B-A22B-Instruct-2507] Temp=0.0 Rep=1 → Concordo
[2026-05-12 12:09:01,876][__main__][INFO] - ✓ [Qwen/Qwen3-14B] Temp=0.0 Rep=1 → Concordo fortemente
[2026-05-12 12:09:01,902][__main__][INFO] - ✓ [meta-llama/Meta-Llama-3.1-70B-Instruct] Temp=0.0 Rep=1 → Concordo
[2026-05-12 12:09:02,086][__main__][INFO] - ✓ [Qwen/Qwen3-235B-A22B-Instruct-2507] Temp=0.0 Rep=1 → Neutro
[2026-05-12 12:09:02,435][__main__][INFO] - ✓ [meta-llama/Llama-4-Scout-17B-16E-Instruct] Temp=0.0 Rep=1 → Concordo
[2026-05-12 12:09:02,728][__main__][INFO] - ✓ [meta-llama/Meta-Llama-3.1-70B-Instruct] Temp=0.0 Rep=1 → Concordo
[2026-05-12 12:09:02,761][__main__][INFO] - ✓ [meta-llama/Meta-Llama-3.1-70B-Instruct] Temp=0.0 Rep=1 → Concordo
[2026-05-12 12:09:02,866][__main__][INFO] - ✓ [meta-llama/Llama-4-Scout-17B-16E-Instruct] Temp=0.0 Rep=1 → Concordo
[2026-05-12 12:09:03,465][__main__][INFO] - ✓ [meta-llama/Llama-4-Scout-17B-16E-Instruct] Temp=0.0 Rep=1 → Neutro
[2026-05-12 12:09:03,567][__main__][INFO] - ✓ [Qwen/Qwen3-14B] Temp=0.0 Rep=1 → Concordo fortemente
[2026-05-12 12:09:05,001][__main__][INFO] - Salvamento incremental (1520 novas respostas)...
[2026-05-12 12:09:05,066][__main__][INFO] - Cache salvo com 241922 entradas
[2026-05-12 12:09:05,067][__main__][INFO] - ✓ [Qwen/Qwen3-14B] Temp=0.0 Rep=1 → Concordo fortemente
[2026-05-12 12:09:05,669][__main__][INFO] - ✓ [Qwen/Qwen3-14B] Temp=0.0 Rep=1 → Concordo fortemente
[2026-05-12 12:09:06,844][__main__][INFO] - ✓ [Qwen/Qwen3-235B-A22B-Instruct-2507] Temp=0.0 Rep=1 → Discordo
[2026-05-12 12:09:06,867][__main__][INFO] - ✓ [Qwen/Qwen3-235B-A22B-Instruct-2507] Temp=0.0 Rep=1 → Neutro
[2026-05-12 12:09:06,870][__main__][INFO] - ✓ [Qwen/Qwen3-235B-A22B-Instruct-2507] Temp=0.0 Rep=1 → Concordo fortemente
[2026-05-12 12:09:07,371][__main__][INFO] - ✓ [meta-llama/Meta-Llama-3.1-70B-Instruct] Temp=0.0 Rep=1 → Concordo fortemente
[2026-05-12 12:09:07,394][__main__][INFO] - ✓ [meta-llama/Meta-Llama-3.1-70B-Instruct] Temp=0.0 Rep=1 → Concordo fortemente
[2026-05-12 12:09:07,457][__main__][INFO] - ✓ [meta-llama/Meta-Llama-3.1-70B-Instruct] Temp=0.0 Rep=1 → Concordo fortemente
[2026-05-12 12:09:07,786][__main__][INFO] - ✓ [meta-llama/Llama-4-Scout-17B-16E-Instruct] Temp=0.0 Rep=1 → Concordo fortemente
[2026-05-12 12:09:07,790][__main__][INFO] - ✓ [meta-llama/Llama-4-Scout-17B-16E-Instruct] Temp=0.0 Rep=1 → Concordo fortemente
[2026-05-12 12:09:08,093][__main__][INFO] - ✓ [meta-llama/Llama-4-Scout-17B-16E-Instruct] Temp=0.0 Rep=1 → Concordo fortemente
[2026-05-12 12:09:11,334][__main__][INFO] - ✓ [Qwen/Qwen3-14B] Temp=0.0 Rep=1 → Concordo fortemente
[2026-05-12 12:09:12,287][__main__][INFO] - ✓ [Qwen/Qwen3-235B-A22B-Instruct-2507] Temp=0.0 Rep=1 → Concordo
[2026-05-12 12:09:12,938][__main__][INFO] - ✓ [Qwen/Qwen3-14B] Temp=0.0 Rep=1 → Concordo fortemente
[2026-05-12 12:09:13,167][__main__][INFO] - ✓ [Qwen/Qwen3-235B-A22B-Instruct-2507] Temp=0.0 Rep=1 → Concordo fortemente
[2026-05-12 12:09:13,649][__main__][INFO] - ✓ [meta-llama/Meta-Llama-3.1-70B-Instruct] Temp=0.0 Rep=1 → Discordo
[2026-05-12 12:09:13,736][__main__][INFO] - ✓ [Qwen/Qwen3-235B-A22B-Instruct-2507] Temp=0.0 Rep=1 → Concordo fortemente
[2026-05-12 12:09:14,422][__main__][INFO] - ✓ [meta-llama/Meta-Llama-3.1-70B-Instruct] Temp=0.0 Rep=1 → Concordo
[2026-05-12 12:09:14,425][__main__][INFO] - ✓ [meta-llama/Meta-Llama-3.1-70B-Instruct] Temp=0.0 Rep=1 → Concordo fortemente
[2026-05-12 12:09:14,934][__main__][INFO] - ✓ [meta-llama/Llama-4-Scout-17B-16E-Instruct] Temp=0.0 Rep=1 → Discordo
[2026-05-12 12:09:14,937][__main__][INFO] - ✓ [meta-llama/Llama-4-Scout-17B-16E-Instruct] Temp=0.0 Rep=1 → Concordo fortemente
[2026-05-12 12:09:14,959][__main__][INFO] - ✓ [Qwen/Qwen3-14B] Temp=0.0 Rep=1 → Concordo fortemente
[2026-05-12 12:09:15,445][__main__][INFO] - ✓ [meta-llama/Llama-4-Scout-17B-16E-Instruct] Temp=0.0 Rep=1 → Concordo fortemente
[2026-05-12 12:09:15,704][__main__][INFO] - ✓ [Qwen/Qwen3-14B] Temp=0.0 Rep=1 → Concordo fortemente
[2026-05-12 12:09:15,959][__main__][INFO] - ✓ [Qwen/Qwen3-14B] Temp=0.0 Rep=1 → Discordo
[2026-05-12 12:09:16,572][__main__][INFO] - ✓ [Qwen/Qwen3-14B] Temp=0.0 Rep=1 → Concordo fortemente
[2026-05-12 12:09:16,598][__main__][INFO] - ✓ [Qwen/Qwen3-235B-A22B-Instruct-2507] Temp=0.0 Rep=1 → Concordo
[2026-05-12 12:09:16,607][__main__][INFO] - ✓ [Qwen/Qwen3-235B-A22B-Instruct-2507] Temp=0.0 Rep=1 → Concordo fortemente
[2026-05-12 12:09:17,186][__main__][INFO] - ✓ [meta-llama/Meta-Llama-3.1-70B-Instruct] Temp=0.0 Rep=1 → Concordo fortemente
[2026-05-12 12:09:17,531][__main__][INFO] - ✓ [meta-llama/Meta-Llama-3.1-70B-Instruct] Temp=0.0 Rep=1 → Discordo
[2026-05-12 12:09:17,741][__main__][INFO] - ✓ [meta-llama/Meta-Llama-3.1-70B-Instruct] Temp=0.0 Rep=1 → Concordo fortemente
[2026-05-12 12:09:17,919][__main__][INFO] - ✓ [meta-llama/Llama-4-Scout-17B-16E-Instruct] Temp=0.0 Rep=1 → Concordo fortemente
[2026-05-12 12:09:18,171][__main__][INFO] - ✓ [meta-llama/Llama-4-Scout-17B-16E-Instruct] Temp=0.0 Rep=1 → Discordo
[2026-05-12 12:09:18,330][__main__][INFO] - ✓ [meta-llama/Llama-4-Scout-17B-16E-Instruct] Temp=0.0 Rep=1 → Concordo fortemente
[2026-05-12 12:09:19,849][__main__][INFO] - ✓ [Qwen/Qwen3-14B] Temp=0.0 Rep=1 → Concordo fortemente
[2026-05-12 12:09:20,047][__main__][INFO] - ✓ [Qwen/Qwen3-14B] Temp=0.0 Rep=1 → Concordo fortemente
[2026-05-12 12:09:20,155][__main__][INFO] - ✓ [Qwen/Qwen3-14B] Temp=0.0 Rep=1 → Concordo fortemente
[2026-05-12 12:09:20,565][__main__][INFO] - ✓ [Qwen/Qwen3-235B-A22B-Instruct-2507] Temp=0.0 Rep=1 → Discordo
[2026-05-12 12:09:21,323][__main__][INFO] - ✓ [Qwen/Qwen3-235B-A22B-Instruct-2507] Temp=0.0 Rep=1 → Concordo fortemente
[2026-05-12 12:09:21,925][__main__][INFO] - ✓ [meta-llama/Meta-Llama-3.1-70B-Instruct] Temp=0.0 Rep=1 → Discordo
[2026-05-12 12:09:22,033][__main__][INFO] - Salvamento incremental (1560 novas respostas)...
[2026-05-12 12:09:22,091][__main__][INFO] - Cache salvo com 241962 entradas
[2026-05-12 12:09:22,091][__main__][INFO] - ✓ [Qwen/Qwen3-14B] Temp=0.0 Rep=1 → Concordo fortemente
[2026-05-12 12:09:22,621][__main__][INFO] - ✓ [meta-llama/Meta-Llama-3.1-70B-Instruct] Temp=0.0 Rep=1 → Concordo
[2026-05-12 12:09:22,624][__main__][INFO] - ✓ [meta-llama/Meta-Llama-3.1-70B-Instruct] Temp=0.0 Rep=1 → Concordo fortemente
[2026-05-12 12:09:23,024][__main__][INFO] - ✓ [meta-llama/Llama-4-Scout-17B-16E-Instruct] Temp=0.0 Rep=1 → Discordo fortemente
[2026-05-12 12:09:23,329][__main__][INFO] - ✓ [meta-llama/Llama-4-Scout-17B-16E-Instruct] Temp=0.0 Rep=1 → Concordo fortemente
[2026-05-12 12:09:23,485][__main__][INFO] - ✓ [meta-llama/Llama-4-Scout-17B-16E-Instruct] Temp=0.0 Rep=1 → Concordo fortemente
[2026-05-12 12:09:25,175][__main__][INFO] - ✓ [Qwen/Qwen3-14B] Temp=0.0 Rep=1 → Discordo
[2026-05-12 12:09:27,523][__main__][INFO] - ✓ [Qwen/Qwen3-14B] Temp=0.0 Rep=1 → Concordo fortemente
[2026-05-12 12:09:28,553][__main__][INFO] - ✓ [Qwen/Qwen3-235B-A22B-Instruct-2507] Temp=0.0 Rep=1 → Concordo fortemente
[2026-05-12 12:09:29,270][__main__][INFO] - ✓ [Qwen/Qwen3-235B-A22B-Instruct-2507] Temp=0.0 Rep=1 → Concordo fortemente
[2026-05-12 12:09:29,483][__main__][INFO] - ✓ [Qwen/Qwen3-14B] Temp=0.0 Rep=1 → Concordo fortemente
[2026-05-12 12:09:30,192][__main__][INFO] - ✓ [meta-llama/Meta-Llama-3.1-70B-Instruct] Temp=0.0 Rep=1 → Discordo
[2026-05-12 12:09:30,299][__main__][INFO] - ✓ [Qwen/Qwen3-235B-A22B-Instruct-2507] Temp=0.0 Rep=1 → Concordo fortemente
[2026-05-12 12:09:30,908][__main__][INFO] - ✓ [meta-llama/Meta-Llama-3.1-70B-Instruct] Temp=0.0 Rep=1 → Concordo
[2026-05-12 12:09:30,912][__main__][INFO] - ✓ [meta-llama/Meta-Llama-3.1-70B-Instruct] Temp=0.0 Rep=1 → Concordo fortemente
[2026-05-12 12:09:31,265][__main__][INFO] - ✓ [meta-llama/Llama-4-Scout-17B-16E-Instruct] Temp=0.0 Rep=1 → Concordo fortemente
[2026-05-12 12:09:31,382][__main__][INFO] - ✓ [meta-llama/Llama-4-Scout-17B-16E-Instruct] Temp=0.0 Rep=1 → Discordo fortemente
[2026-05-12 12:09:31,689][__main__][INFO] - ✓ [meta-llama/Llama-4-Scout-17B-16E-Instruct] Temp=0.0 Rep=1 → Concordo fortemente
[2026-05-12 12:09:31,694][__main__][INFO] - ✓ [Qwen/Qwen3-14B] Temp=0.0 Rep=1 → Concordo fortemente
[2026-05-12 12:09:34,494][__main__][INFO] - ✓ [Qwen/Qwen3-14B] Temp=0.0 Rep=1 → Discordo
[2026-05-12 12:09:35,414][__main__][INFO] - ✓ [Qwen/Qwen3-235B-A22B-Instruct-2507] Temp=0.0 Rep=1 → Concordo fortemente
[2026-05-12 12:09:36,237][__main__][INFO] - ✓ [Qwen/Qwen3-235B-A22B-Instruct-2507] Temp=0.0 Rep=1 → Concordo fortemente
[2026-05-12 12:09:37,052][__main__][INFO] - ✓ [Qwen/Qwen3-235B-A22B-Instruct-2507] Temp=0.0 Rep=1 → Concordo fortemente
[2026-05-12 12:09:37,667][__main__][INFO] - ✓ [meta-llama/Meta-Llama-3.1-70B-Instruct] Temp=0.0 Rep=1 → Concordo fortemente
[2026-05-12 12:09:38,179][__main__][INFO] - ✓ [meta-llama/Meta-Llama-3.1-70B-Instruct] Temp=0.0 Rep=1 → Discordo
[2026-05-12 12:09:38,895][__main__][INFO] - ✓ [meta-llama/Meta-Llama-3.1-70B-Instruct] Temp=0.0 Rep=1 → Concordo fortemente
[2026-05-12 12:09:39,178][__main__][INFO] - ✓ [Qwen/Qwen3-14B] Temp=0.0 Rep=1 → Concordo fortemente
[2026-05-12 12:09:39,269][__main__][INFO] - ✓ [meta-llama/Llama-4-Scout-17B-16E-Instruct] Temp=0.0 Rep=1 → Concordo fortemente
[2026-05-12 12:09:39,632][__main__][INFO] - ✓ [meta-llama/Llama-4-Scout-17B-16E-Instruct] Temp=0.0 Rep=1 → Discordo
[2026-05-12 12:09:39,657][__main__][INFO] - ✓ [meta-llama/Llama-4-Scout-17B-16E-Instruct] Temp=0.0 Rep=1 → Concordo fortemente
[2026-05-12 12:09:43,608][__main__][INFO] - ✓ [Qwen/Qwen3-14B] Temp=0.0 Rep=1 → Concordo fortemente
[2026-05-12 12:09:43,873][__main__][INFO] - ✓ [Qwen/Qwen3-14B] Temp=0.0 Rep=1 → Discordo
[2026-05-12 12:09:44,269][__main__][INFO] - ✓ [Qwen/Qwen3-14B] Temp=0.0 Rep=1 → Concordo fortemente
[2026-05-12 12:09:44,835][__main__][INFO] - ✓ [Qwen/Qwen3-235B-A22B-Instruct-2507] Temp=0.0 Rep=1 → Concordo fortemente
[2026-05-12 12:09:44,896][__main__][INFO] - ✓ [Qwen/Qwen3-235B-A22B-Instruct-2507] Temp=0.0 Rep=1 → Concordo fortemente
[2026-05-12 12:09:44,958][__main__][INFO] - ✓ [Qwen/Qwen3-14B] Temp=0.0 Rep=1 → Concordo fortemente
[2026-05-12 12:09:45,515][__main__][INFO] - ✓ [Qwen/Qwen3-235B-A22B-Instruct-2507] Temp=0.0 Rep=1 → Concordo fortemente
[2026-05-12 12:09:45,586][__main__][INFO] - ✓ [meta-llama/Meta-Llama-3.1-70B-Instruct] Temp=0.0 Rep=1 → Discordo
[2026-05-12 12:09:45,704][__main__][INFO] - ✓ [meta-llama/Meta-Llama-3.1-70B-Instruct] Temp=0.0 Rep=1 → Concordo fortemente
[2026-05-12 12:09:46,048][__main__][INFO] - ✓ [meta-llama/Llama-4-Scout-17B-16E-Instruct] Temp=0.0 Rep=1 → Discordo
[2026-05-12 12:09:46,167][__main__][INFO] - Salvamento incremental (1600 novas respostas)...
[2026-05-12 12:09:46,221][__main__][INFO] - Cache salvo com 242002 entradas
[2026-05-12 12:09:46,221][__main__][INFO] - ✓ [Qwen/Qwen3-14B] Temp=0.0 Rep=1 → Concordo fortemente
[2026-05-12 12:09:46,254][__main__][INFO] - ✓ [meta-llama/Meta-Llama-3.1-70B-Instruct] Temp=0.0 Rep=1 → Concordo fortemente
[2026-05-12 12:09:46,268][__main__][INFO] - ✓ [meta-llama/Llama-4-Scout-17B-16E-Instruct] Temp=0.0 Rep=1 → Concordo fortemente
[2026-05-12 12:09:46,512][__main__][INFO] - ✓ [meta-llama/Llama-4-Scout-17B-16E-Instruct] Temp=0.0 Rep=1 → Concordo fortemente
[2026-05-12 12:09:48,629][__main__][INFO] - ✓ [Qwen/Qwen3-235B-A22B-Instruct-2507] Temp=0.0 Rep=1 → Concordo fortemente
[2026-05-12 12:09:48,633][__main__][INFO] - ✓ [Qwen/Qwen3-235B-A22B-Instruct-2507] Temp=0.0 Rep=1 → Discordo
[2026-05-12 12:09:48,655][__main__][INFO] - ✓ [Qwen/Qwen3-235B-A22B-Instruct-2507] Temp=0.0 Rep=1 → Concordo fortemente
[2026-05-12 12:09:49,341][__main__][INFO] - ✓ [meta-llama/Meta-Llama-3.1-70B-Instruct] Temp=0.0 Rep=1 → Discordo fortemente
[2026-05-12 12:09:49,526][__main__][INFO] - ✓ [Qwen/Qwen3-235B-A22B-Instruct-2507] Temp=0.0 Rep=1 → Neutro
[2026-05-12 12:09:50,057][__main__][INFO] - ✓ [Qwen/Qwen3-235B-A22B-Instruct-2507] Temp=0.0 Rep=1 → Concordo fortemente
[2026-05-12 12:09:50,150][__main__][INFO] - ✓ [meta-llama/Meta-Llama-3.1-70B-Instruct] Temp=0.0 Rep=1 → Concordo
[2026-05-12 12:09:50,231][__main__][INFO] - ✓ [meta-llama/Meta-Llama-3.1-70B-Instruct] Temp=0.0 Rep=1 → Concordo fortemente
[2026-05-12 12:09:50,559][__main__][INFO] - ✓ [meta-llama/Llama-4-Scout-17B-16E-Instruct] Temp=0.0 Rep=1 → Discordo fortemente
[2026-05-12 12:09:50,569][__main__][INFO] - ✓ [meta-llama/Llama-4-Scout-17B-16E-Instruct] Temp=0.0 Rep=1 → Concordo fortemente
[2026-05-12 12:09:50,602][__main__][INFO] - ✓ [meta-llama/Llama-4-Scout-17B-16E-Instruct] Temp=0.0 Rep=1 → Concordo fortemente
[2026-05-12 12:09:50,812][__main__][INFO] - ✓ [Qwen/Qwen3-14B] Temp=0.0 Rep=1 → Discordo
[2026-05-12 12:09:51,982][__main__][INFO] - ✓ [Qwen/Qwen3-14B] Temp=0.0 Rep=1 → Concordo fortemente
[2026-05-12 12:09:52,413][__main__][INFO] - ✓ [Qwen/Qwen3-235B-A22B-Instruct-2507] Temp=0.0 Rep=1 → Concordo fortemente
[2026-05-12 12:09:52,927][__main__][INFO] - ✓ [Qwen/Qwen3-235B-A22B-Instruct-2507] Temp=0.0 Rep=1 → Discordo
[2026-05-12 12:09:53,182][__main__][INFO] - ✓ [Qwen/Qwen3-235B-A22B-Instruct-2507] Temp=0.0 Rep=1 → Neutro
[2026-05-12 12:09:53,488][__main__][INFO] - ✓ [meta-llama/Meta-Llama-3.1-70B-Instruct] Temp=0.0 Rep=1 → Concordo fortemente
[2026-05-12 12:09:53,706][__main__][INFO] - ✓ [meta-llama/Meta-Llama-3.1-70B-Instruct] Temp=0.0 Rep=1 → Discordo
[2026-05-12 12:09:54,009][__main__][INFO] - ✓ [meta-llama/Meta-Llama-3.1-70B-Instruct] Temp=0.0 Rep=1 → Concordo
[2026-05-12 12:09:54,129][__main__][INFO] - ✓ [meta-llama/Llama-4-Scout-17B-16E-Instruct] Temp=0.0 Rep=1 → Concordo fortemente
[2026-05-12 12:09:54,399][__main__][INFO] - ✓ [meta-llama/Llama-4-Scout-17B-16E-Instruct] Temp=0.0 Rep=1 → Discordo fortemente
[2026-05-12 12:09:54,499][__main__][INFO] - ✓ [meta-llama/Llama-4-Scout-17B-16E-Instruct] Temp=0.0 Rep=1 → Concordo fortemente
[2026-05-12 12:09:54,816][__main__][INFO] - ✓ [Qwen/Qwen3-14B] Temp=0.0 Rep=1 → Discordo
[2026-05-12 12:09:55,499][__main__][INFO] - ✓ [Qwen/Qwen3-14B] Temp=0.0 Rep=1 → Concordo fortemente
[2026-05-12 12:09:56,099][__main__][INFO] - ✓ [Qwen/Qwen3-235B-A22B-Instruct-2507] Temp=0.0 Rep=1 → Discordo
[2026-05-12 12:09:56,103][__main__][INFO] - ✓ [Qwen/Qwen3-14B] Temp=0.0 Rep=1 → Concordo fortemente
[2026-05-12 12:09:56,918][__main__][INFO] - ✓ [Qwen/Qwen3-235B-A22B-Instruct-2507] Temp=0.0 Rep=1 → Neutro
[2026-05-12 12:09:56,941][__main__][INFO] - ✓ [Qwen/Qwen3-14B] Temp=0.0 Rep=1 → Concordo fortemente
[2026-05-12 12:09:57,097][__main__][INFO] - ✓ [Qwen/Qwen3-14B] Temp=0.0 Rep=1 → Concordo fortemente
[2026-05-12 12:09:57,942][__main__][INFO] - ✓ [meta-llama/Meta-Llama-3.1-70B-Instruct] Temp=0.0 Rep=1 → Discordo fortemente
[2026-05-12 12:09:57,946][__main__][INFO] - ✓ [meta-llama/Meta-Llama-3.1-70B-Instruct] Temp=0.0 Rep=1 → Concordo fortemente
[2026-05-12 12:09:58,115][__main__][INFO] - ✓ [meta-llama/Meta-Llama-3.1-70B-Instruct] Temp=0.0 Rep=1 → Concordo
[2026-05-12 12:09:58,183][__main__][INFO] - ✓ [Qwen/Qwen3-235B-A22B-Instruct-2507] Temp=0.0 Rep=1 → Concordo fortemente
[2026-05-12 12:09:58,477][__main__][INFO] - ✓ [meta-llama/Llama-4-Scout-17B-16E-Instruct] Temp=0.0 Rep=1 → Discordo fortemente
[2026-05-12 12:09:58,559][__main__][INFO] - ✓ [Qwen/Qwen3-14B] Temp=0.0 Rep=1 → Concordo fortemente
[2026-05-12 12:09:58,615][__main__][INFO] - ✓ [meta-llama/Llama-4-Scout-17B-16E-Instruct] Temp=0.0 Rep=1 → Concordo
[2026-05-12 12:09:58,991][__main__][INFO] - Salvamento incremental (1640 novas respostas)...
[2026-05-12 12:09:59,062][__main__][INFO] - Cache salvo com 242042 entradas
[2026-05-12 12:09:59,062][__main__][INFO] - ✓ [meta-llama/Llama-4-Scout-17B-16E-Instruct] Temp=0.0 Rep=1 → Concordo fortemente
[2026-05-12 12:09:59,661][__main__][INFO] - ✓ [Qwen/Qwen3-235B-A22B-Instruct-2507] Temp=0.0 Rep=1 → Discordo
[2026-05-12 12:10:00,195][__main__][INFO] - ✓ [Qwen/Qwen3-235B-A22B-Instruct-2507] Temp=0.0 Rep=1 → Neutro
[2026-05-12 12:10:00,521][__main__][INFO] - ✓ [Qwen/Qwen3-14B] Temp=0.0 Rep=1 → Concordo fortemente
[2026-05-12 12:10:00,706][__main__][INFO] - ✓ [Qwen/Qwen3-235B-A22B-Instruct-2507] Temp=0.0 Rep=1 → Concordo fortemente
[2026-05-12 12:10:00,937][__main__][INFO] - ✓ [meta-llama/Meta-Llama-3.1-70B-Instruct] Temp=0.0 Rep=1 → Concordo fortemente
[2026-05-12 12:10:01,047][__main__][INFO] - ✓ [meta-llama/Meta-Llama-3.1-70B-Instruct] Temp=0.0 Rep=1 → Discordo
[2026-05-12 12:10:01,107][__main__][INFO] - ✓ [Qwen/Qwen3-14B] Temp=0.0 Rep=1 → Concordo fortemente
[2026-05-12 12:10:01,340][__main__][INFO] - ✓ [meta-llama/Llama-4-Scout-17B-16E-Instruct] Temp=0.0 Rep=1 → Concordo fortemente
[2026-05-12 12:10:01,391][__main__][INFO] - ✓ [meta-llama/Meta-Llama-3.1-70B-Instruct] Temp=0.0 Rep=1 → Concordo
[2026-05-12 12:10:01,446][__main__][INFO] - ✓ [meta-llama/Llama-4-Scout-17B-16E-Instruct] Temp=0.0 Rep=1 → Discordo
[2026-05-12 12:10:01,458][__main__][INFO] - ✓ [meta-llama/Llama-4-Scout-17B-16E-Instruct] Temp=0.0 Rep=1 → Concordo fortemente
[2026-05-12 12:10:02,130][__main__][INFO] - ✓ [Qwen/Qwen3-235B-A22B-Instruct-2507] Temp=0.0 Rep=1 → Discordo
[2026-05-12 12:10:02,755][__main__][INFO] - ✓ [Qwen/Qwen3-235B-A22B-Instruct-2507] Temp=0.0 Rep=1 → Concordo fortemente
[2026-05-12 12:10:04,293][__main__][INFO] - ✓ [Qwen/Qwen3-14B] Temp=0.0 Rep=1 → Concordo fortemente
[2026-05-12 12:10:04,293][__main__][INFO] - ✓ [Qwen/Qwen3-14B] Temp=0.0 Rep=1 → Concordo fortemente
[2026-05-12 12:10:04,294][__main__][INFO] - ✓ [Qwen/Qwen3-14B] Temp=0.0 Rep=1 → Concordo fortemente
[2026-05-12 12:10:04,486][__main__][INFO] - ✓ [Qwen/Qwen3-235B-A22B-Instruct-2507] Temp=0.0 Rep=1 → Concordo fortemente
[2026-05-12 12:10:04,769][__main__][INFO] - ✓ [meta-llama/Meta-Llama-3.1-70B-Instruct] Temp=0.0 Rep=1 → Concordo
[2026-05-12 12:10:04,818][__main__][INFO] - ✓ [meta-llama/Meta-Llama-3.1-70B-Instruct] Temp=0.0 Rep=1 → Discordo fortemente
[2026-05-12 12:10:04,838][__main__][INFO] - ✓ [meta-llama/Meta-Llama-3.1-70B-Instruct] Temp=0.0 Rep=1 → Concordo fortemente
[2026-05-12 12:10:04,842][__main__][INFO] - ✓ [meta-llama/Llama-4-Scout-17B-16E-Instruct] Temp=0.0 Rep=1 → Discordo fortemente
[2026-05-12 12:10:05,138][__main__][INFO] - ✓ [meta-llama/Llama-4-Scout-17B-16E-Instruct] Temp=0.0 Rep=1 → Concordo fortemente
[2026-05-12 12:10:05,241][__main__][INFO] - ✓ [meta-llama/Llama-4-Scout-17B-16E-Instruct] Temp=0.0 Rep=1 → Discordo
[2026-05-12 12:10:07,097][__main__][INFO] - ✓ [Qwen/Qwen3-14B] Temp=0.0 Rep=1 → Discordo
[2026-05-12 12:10:07,399][__main__][INFO] - ✓ [Qwen/Qwen3-235B-A22B-Instruct-2507] Temp=0.0 Rep=1 → Concordo fortemente
[2026-05-12 12:10:07,664][__main__][INFO] - ✓ [Qwen/Qwen3-14B] Temp=0.0 Rep=1 → Concordo fortemente
[2026-05-12 12:10:07,935][__main__][INFO] - ✓ [Qwen/Qwen3-235B-A22B-Instruct-2507] Temp=0.0 Rep=1 → Discordo
[2026-05-12 12:10:08,592][__main__][INFO] - ✓ [Qwen/Qwen3-235B-A22B-Instruct-2507] Temp=0.0 Rep=1 → Neutro
[2026-05-12 12:10:08,593][__main__][INFO] - ✓ [meta-llama/Meta-Llama-3.1-70B-Instruct] Temp=0.0 Rep=1 → Discordo
[2026-05-12 12:10:08,593][__main__][INFO] - ✓ [meta-llama/Meta-Llama-3.1-70B-Instruct] Temp=0.0 Rep=1 → Concordo fortemente
[2026-05-12 12:10:08,798][__main__][INFO] - ✓ [Qwen/Qwen3-14B] Temp=0.0 Rep=1 → Concordo fortemente
[2026-05-12 12:10:08,932][__main__][INFO] - ✓ [meta-llama/Llama-4-Scout-17B-16E-Instruct] Temp=0.0 Rep=1 → Discordo
[2026-05-12 12:10:08,941][__main__][INFO] - ✓ [Qwen/Qwen3-14B] Temp=0.0 Rep=1 → Concordo fortemente
[2026-05-12 12:10:08,942][__main__][INFO] - ✓ [meta-llama/Llama-4-Scout-17B-16E-Instruct] Temp=0.0 Rep=1 → Concordo fortemente
[2026-05-12 12:10:09,040][__main__][INFO] - ✓ [meta-llama/Meta-Llama-3.1-70B-Instruct] Temp=0.0 Rep=1 → Concordo
[2026-05-12 12:10:09,195][__main__][INFO] - ✓ [meta-llama/Llama-4-Scout-17B-16E-Instruct] Temp=0.0 Rep=1 → Concordo fortemente
[2026-05-12 12:10:09,682][__main__][INFO] - ✓ [Qwen/Qwen3-235B-A22B-Instruct-2507] Temp=0.0 Rep=1 → Concordo
[2026-05-12 12:10:09,840][__main__][INFO] - ✓ [Qwen/Qwen3-235B-A22B-Instruct-2507] Temp=0.0 Rep=1 → Concordo
[2026-05-12 12:10:10,342][__main__][INFO] - ✓ [meta-llama/Meta-Llama-3.1-70B-Instruct] Temp=0.0 Rep=1 → Discordo
[2026-05-12 12:10:10,358][__main__][INFO] - Salvamento incremental (1680 novas respostas)...
[2026-05-12 12:10:10,414][__main__][INFO] - Cache salvo com 242082 entradas
[2026-05-12 12:10:10,414][__main__][INFO] - ✓ [Qwen/Qwen3-235B-A22B-Instruct-2507] Temp=0.0 Rep=1 → Neutro
[2026-05-12 12:10:11,008][__main__][INFO] - ✓ [meta-llama/Meta-Llama-3.1-70B-Instruct] Temp=0.0 Rep=1 → Concordo fortemente
[2026-05-12 12:10:11,011][__main__][INFO] - ✓ [meta-llama/Meta-Llama-3.1-70B-Instruct] Temp=0.0 Rep=1 → Concordo
[2026-05-12 12:10:11,367][__main__][INFO] - ✓ [meta-llama/Llama-4-Scout-17B-16E-Instruct] Temp=0.0 Rep=1 → Discordo
[2026-05-12 12:10:11,533][__main__][INFO] - ✓ [meta-llama/Llama-4-Scout-17B-16E-Instruct] Temp=0.0 Rep=1 → Concordo
[2026-05-12 12:10:11,739][__main__][INFO] - ✓ [meta-llama/Llama-4-Scout-17B-16E-Instruct] Temp=0.0 Rep=1 → Concordo
[2026-05-12 12:10:13,405][__main__][INFO] - ✓ [Qwen/Qwen3-14B] Temp=0.0 Rep=1 → Concordo fortemente
[2026-05-12 12:10:15,728][__main__][INFO] - ✓ [Qwen/Qwen3-14B] Temp=0.0 Rep=1 → Concordo fortemente
[2026-05-12 12:10:16,366][__main__][INFO] - ✓ [Qwen/Qwen3-14B] Temp=0.0 Rep=1 → Concordo fortemente
[2026-05-12 12:10:16,501][__main__][INFO] - ✓ [Qwen/Qwen3-14B] Temp=0.0 Rep=1 → Concordo
[2026-05-12 12:10:17,158][__main__][INFO] - ✓ [Qwen/Qwen3-235B-A22B-Instruct-2507] Temp=0.0 Rep=1 → Concordo
[2026-05-12 12:10:17,573][__main__][INFO] - ✓ [Qwen/Qwen3-235B-A22B-Instruct-2507] Temp=0.0 Rep=1 → Concordo
[2026-05-12 12:10:17,823][__main__][INFO] - ✓ [Qwen/Qwen3-235B-A22B-Instruct-2507] Temp=0.0 Rep=1 → Concordo fortemente
[2026-05-12 12:10:17,874][__main__][INFO] - ✓ [meta-llama/Meta-Llama-3.1-70B-Instruct] Temp=0.0 Rep=1 → Discordo
[2026-05-12 12:10:18,090][__main__][INFO] - ✓ [meta-llama/Meta-Llama-3.1-70B-Instruct] Temp=0.0 Rep=1 → Concordo
[2026-05-12 12:10:18,551][__main__][INFO] - ✓ [meta-llama/Meta-Llama-3.1-70B-Instruct] Temp=0.0 Rep=1 → Concordo
[2026-05-12 12:10:18,627][__main__][INFO] - ✓ [meta-llama/Llama-4-Scout-17B-16E-Instruct] Temp=0.0 Rep=1 → Concordo fortemente
[2026-05-12 12:10:18,965][__main__][INFO] - ✓ [meta-llama/Llama-4-Scout-17B-16E-Instruct] Temp=0.0 Rep=1 → Discordo
[2026-05-12 12:10:19,174][__main__][INFO] - ✓ [meta-llama/Llama-4-Scout-17B-16E-Instruct] Temp=0.0 Rep=1 → Neutro
[2026-05-12 12:10:19,400][__main__][INFO] - ✓ [Qwen/Qwen3-14B] Temp=0.0 Rep=1 → Concordo fortemente
[2026-05-12 12:10:21,625][__main__][INFO] - ✓ [Qwen/Qwen3-14B] Temp=0.0 Rep=1 → Concordo fortemente
[2026-05-12 12:10:21,726][__main__][INFO] - ✓ [Qwen/Qwen3-235B-A22B-Instruct-2507] Temp=0.0 Rep=1 → Concordo fortemente
[2026-05-12 12:10:22,417][__main__][INFO] - ✓ [Qwen/Qwen3-14B] Temp=0.0 Rep=1 → Concordo fortemente
[2026-05-12 12:10:22,854][__main__][INFO] - ✓ [Qwen/Qwen3-14B] Temp=0.0 Rep=1 → Concordo fortemente
[2026-05-12 12:10:22,971][__main__][INFO] - ✓ [meta-llama/Meta-Llama-3.1-70B-Instruct] Temp=0.0 Rep=1 → Concordo fortemente
[2026-05-12 12:10:23,067][__main__][INFO] - ✓ [Qwen/Qwen3-14B] Temp=0.0 Rep=1 → Concordo fortemente
[2026-05-12 12:10:23,115][__main__][INFO] - ✓ [Qwen/Qwen3-235B-A22B-Instruct-2507] Temp=0.0 Rep=1 → Concordo fortemente
[2026-05-12 12:10:23,207][__main__][INFO] - ✓ [Qwen/Qwen3-235B-A22B-Instruct-2507] Temp=0.0 Rep=1 → Concordo fortemente
[2026-05-12 12:10:23,590][__main__][INFO] - ✓ [meta-llama/Llama-4-Scout-17B-16E-Instruct] Temp=0.0 Rep=1 → Concordo fortemente
[2026-05-12 12:10:23,594][__main__][INFO] - ✓ [meta-llama/Llama-4-Scout-17B-16E-Instruct] Temp=0.0 Rep=1 → Concordo fortemente
[2026-05-12 12:10:23,644][__main__][INFO] - ✓ [meta-llama/Llama-4-Scout-17B-16E-Instruct] Temp=0.0 Rep=1 → Concordo fortemente
[2026-05-12 12:10:23,705][__main__][INFO] - ✓ [meta-llama/Meta-Llama-3.1-70B-Instruct] Temp=0.0 Rep=1 → Concordo fortemente
[2026-05-12 12:10:23,755][__main__][INFO] - ✓ [meta-llama/Meta-Llama-3.1-70B-Instruct] Temp=0.0 Rep=1 → Concordo fortemente
[2026-05-12 12:10:24,874][__main__][INFO] - ✓ [Qwen/Qwen3-14B] Temp=0.0 Rep=1 → Discordo
[2026-05-12 12:10:25,164][__main__][INFO] - ✓ [Qwen/Qwen3-235B-A22B-Instruct-2507] Temp=0.0 Rep=1 → Concordo fortemente
[2026-05-12 12:10:25,168][__main__][INFO] - ✓ [Qwen/Qwen3-235B-A22B-Instruct-2507] Temp=0.0 Rep=1 → Concordo fortemente
[2026-05-12 12:10:25,806][__main__][INFO] - ✓ [Qwen/Qwen3-14B] Temp=0.0 Rep=1 → Discordo
[2026-05-12 12:10:25,825][__main__][INFO] - ✓ [meta-llama/Meta-Llama-3.1-70B-Instruct] Temp=0.0 Rep=1 → Concordo fortemente
[2026-05-12 12:10:25,826][__main__][INFO] - ✓ [meta-llama/Meta-Llama-3.1-70B-Instruct] Temp=0.0 Rep=1 → Concordo fortemente
[2026-05-12 12:10:26,257][__main__][INFO] - ✓ [meta-llama/Llama-4-Scout-17B-16E-Instruct] Temp=0.0 Rep=1 → Concordo fortemente
[2026-05-12 12:10:26,272][__main__][INFO] - Salvamento incremental (1720 novas respostas)...
[2026-05-12 12:10:26,355][__main__][INFO] - Cache salvo com 242122 entradas
[2026-05-12 12:10:26,355][__main__][INFO] - ✓ [meta-llama/Llama-4-Scout-17B-16E-Instruct] Temp=0.0 Rep=1 → Concordo fortemente
[2026-05-12 12:10:26,469][__main__][INFO] - ✓ [meta-llama/Meta-Llama-3.1-70B-Instruct] Temp=0.0 Rep=1 → Concordo fortemente
[2026-05-12 12:10:26,735][__main__][INFO] - ✓ [Qwen/Qwen3-235B-A22B-Instruct-2507] Temp=0.0 Rep=1 → Concordo fortemente
[2026-05-12 12:10:26,759][__main__][INFO] - ✓ [meta-llama/Llama-4-Scout-17B-16E-Instruct] Temp=0.0 Rep=1 → Concordo fortemente
[2026-05-12 12:10:27,856][__main__][INFO] - ✓ [Qwen/Qwen3-235B-A22B-Instruct-2507] Temp=0.0 Rep=1 → Concordo
[2026-05-12 12:10:27,908][__main__][INFO] - ✓ [Qwen/Qwen3-14B] Temp=0.0 Rep=1 → Concordo fortemente
[2026-05-12 12:10:28,419][__main__][INFO] - ✓ [Qwen/Qwen3-235B-A22B-Instruct-2507] Temp=0.0 Rep=1 → Concordo
[2026-05-12 12:10:28,981][__main__][INFO] - ✓ [meta-llama/Meta-Llama-3.1-70B-Instruct] Temp=0.0 Rep=1 → Discordo
[2026-05-12 12:10:29,212][__main__][INFO] - ✓ [Qwen/Qwen3-235B-A22B-Instruct-2507] Temp=0.0 Rep=1 → Concordo
[2026-05-12 12:10:29,685][__main__][INFO] - ✓ [meta-llama/Meta-Llama-3.1-70B-Instruct] Temp=0.0 Rep=1 → Concordo
[2026-05-12 12:10:29,882][__main__][INFO] - ✓ [meta-llama/Meta-Llama-3.1-70B-Instruct] Temp=0.0 Rep=1 → Concordo
[2026-05-12 12:10:30,169][__main__][INFO] - ✓ [meta-llama/Llama-4-Scout-17B-16E-Instruct] Temp=0.0 Rep=1 → Discordo
[2026-05-12 12:10:30,258][__main__][INFO] - ✓ [meta-llama/Llama-4-Scout-17B-16E-Instruct] Temp=0.0 Rep=1 → Concordo
[2026-05-12 12:10:30,427][__main__][INFO] - ✓ [Qwen/Qwen3-14B] Temp=0.0 Rep=1 → Concordo fortemente
[2026-05-12 12:10:30,586][__main__][INFO] - ✓ [meta-llama/Llama-4-Scout-17B-16E-Instruct] Temp=0.0 Rep=1 → Neutro
[2026-05-12 12:10:31,108][__main__][INFO] - ✓ [Qwen/Qwen3-14B] Temp=0.0 Rep=1 → Concordo fortemente
[2026-05-12 12:10:31,621][__main__][INFO] - ✓ [Qwen/Qwen3-14B] Temp=0.0 Rep=1 → Concordo fortemente
[2026-05-12 12:10:32,554][__main__][INFO] - ✓ [Qwen/Qwen3-235B-A22B-Instruct-2507] Temp=0.0 Rep=1 → Concordo fortemente
[2026-05-12 12:10:33,271][__main__][INFO] - ✓ [Qwen/Qwen3-235B-A22B-Instruct-2507] Temp=0.0 Rep=1 → Concordo fortemente
[2026-05-12 12:10:34,090][__main__][INFO] - ✓ [Qwen/Qwen3-235B-A22B-Instruct-2507] Temp=0.0 Rep=1 → Concordo fortemente
[2026-05-12 12:10:34,909][__main__][INFO] - ✓ [Qwen/Qwen3-14B] Temp=0.0 Rep=1 → Concordo fortemente
[2026-05-12 12:10:35,292][__main__][INFO] - ✓ [Qwen/Qwen3-14B] Temp=0.0 Rep=1 → Concordo fortemente
[2026-05-12 12:10:35,665][__main__][INFO] - ✓ [meta-llama/Meta-Llama-3.1-70B-Instruct] Temp=0.0 Rep=1 → Concordo fortemente
[2026-05-12 12:10:36,239][__main__][INFO] - ✓ [meta-llama/Llama-4-Scout-17B-16E-Instruct] Temp=0.0 Rep=1 → Concordo
[2026-05-12 12:10:36,241][__main__][INFO] - ✓ [meta-llama/Llama-4-Scout-17B-16E-Instruct] Temp=0.0 Rep=1 → Concordo fortemente
[2026-05-12 12:10:36,242][__main__][INFO] - ✓ [meta-llama/Meta-Llama-3.1-70B-Instruct] Temp=0.0 Rep=1 → Concordo fortemente
[2026-05-12 12:10:36,254][__main__][INFO] - ✓ [meta-llama/Meta-Llama-3.1-70B-Instruct] Temp=0.0 Rep=1 → Concordo fortemente
[2026-05-12 12:10:36,697][__main__][INFO] - ✓ [meta-llama/Llama-4-Scout-17B-16E-Instruct] Temp=0.0 Rep=1 → Concordo fortemente
[2026-05-12 12:10:37,775][__main__][INFO] - ✓ [Qwen/Qwen3-235B-A22B-Instruct-2507] Temp=0.0 Rep=1 → Discordo
[2026-05-12 12:10:38,829][__main__][INFO] - ✓ [Qwen/Qwen3-14B] Temp=0.0 Rep=1 → Concordo fortemente
[2026-05-12 12:10:39,317][__main__][INFO] - ✓ [Qwen/Qwen3-235B-A22B-Instruct-2507] Temp=0.0 Rep=1 → Concordo fortemente
[2026-05-12 12:10:39,609][__main__][INFO] - ✓ [Qwen/Qwen3-14B] Temp=0.0 Rep=1 → Neutro
[2026-05-12 12:10:39,843][__main__][INFO] - ✓ [meta-llama/Meta-Llama-3.1-70B-Instruct] Temp=0.0 Rep=1 → Discordo
[2026-05-12 12:10:40,007][__main__][INFO] - ✓ [Qwen/Qwen3-235B-A22B-Instruct-2507] Temp=0.0 Rep=1 → Neutro
[2026-05-12 12:10:40,367][__main__][INFO] - ✓ [Qwen/Qwen3-14B] Temp=0.0 Rep=1 → Concordo fortemente
[2026-05-12 12:10:40,468][__main__][INFO] - ✓ [meta-llama/Llama-4-Scout-17B-16E-Instruct] Temp=0.0 Rep=1 → Discordo fortemente
[2026-05-12 12:10:40,557][__main__][INFO] - ✓ [meta-llama/Meta-Llama-3.1-70B-Instruct] Temp=0.0 Rep=1 → Concordo fortemente
[2026-05-12 12:10:40,573][__main__][INFO] - ✓ [meta-llama/Meta-Llama-3.1-70B-Instruct] Temp=0.0 Rep=1 → Concordo
[2026-05-12 12:10:40,892][__main__][INFO] - ✓ [meta-llama/Llama-4-Scout-17B-16E-Instruct] Temp=0.0 Rep=1 → Concordo
[2026-05-12 12:10:40,934][__main__][INFO] - ✓ [meta-llama/Llama-4-Scout-17B-16E-Instruct] Temp=0.0 Rep=1 → Concordo fortemente
[2026-05-12 12:10:41,028][__main__][INFO] - Salvamento incremental (1760 novas respostas)...
[2026-05-12 12:10:41,089][__main__][INFO] - Cache salvo com 242162 entradas
[2026-05-12 12:10:41,090][__main__][INFO] - ✓ [Qwen/Qwen3-14B] Temp=0.0 Rep=1 → Concordo fortemente
[2026-05-12 12:10:41,188][__main__][INFO] - ✓ [Qwen/Qwen3-14B] Temp=0.0 Rep=1 → Concordo fortemente
[2026-05-12 12:10:42,282][__main__][INFO] - ✓ [Qwen/Qwen3-235B-A22B-Instruct-2507] Temp=0.0 Rep=1 → Discordo
[2026-05-12 12:10:42,466][__main__][INFO] - ✓ [Qwen/Qwen3-235B-A22B-Instruct-2507] Temp=0.0 Rep=1 → Concordo
[2026-05-12 12:10:42,552][__main__][INFO] - ✓ [Qwen/Qwen3-235B-A22B-Instruct-2507] Temp=0.0 Rep=1 → Concordo fortemente
[2026-05-12 12:10:42,712][__main__][INFO] - ✓ [Qwen/Qwen3-14B] Temp=0.0 Rep=1 → Concordo fortemente
[2026-05-12 12:10:43,023][__main__][INFO] - ✓ [meta-llama/Meta-Llama-3.1-70B-Instruct] Temp=0.0 Rep=1 → Discordo
[2026-05-12 12:10:43,029][__main__][INFO] - ✓ [meta-llama/Meta-Llama-3.1-70B-Instruct] Temp=0.0 Rep=1 → Concordo fortemente
[2026-05-12 12:10:43,154][__main__][INFO] - ✓ [meta-llama/Llama-4-Scout-17B-16E-Instruct] Temp=0.0 Rep=1 → Concordo fortemente
[2026-05-12 12:10:43,218][__main__][INFO] - ✓ [meta-llama/Meta-Llama-3.1-70B-Instruct] Temp=0.0 Rep=1 → Concordo fortemente
[2026-05-12 12:10:43,408][__main__][INFO] - ✓ [meta-llama/Llama-4-Scout-17B-16E-Instruct] Temp=0.0 Rep=1 → Concordo fortemente
[2026-05-12 12:10:43,512][__main__][INFO] - ✓ [meta-llama/Llama-4-Scout-17B-16E-Instruct] Temp=0.0 Rep=1 → Discordo
[2026-05-12 12:10:43,920][__main__][INFO] - ✓ [Qwen/Qwen3-14B] Temp=0.0 Rep=1 → Discordo
[2026-05-12 12:10:44,432][__main__][INFO] - ✓ [Qwen/Qwen3-235B-A22B-Instruct-2507] Temp=0.0 Rep=1 → Discordo
[2026-05-12 12:10:45,151][__main__][INFO] - ✓ [Qwen/Qwen3-235B-A22B-Instruct-2507] Temp=0.0 Rep=1 → Concordo
[2026-05-12 12:10:45,610][__main__][INFO] - ✓ [meta-llama/Meta-Llama-3.1-70B-Instruct] Temp=0.0 Rep=1 → Discordo
[2026-05-12 12:10:45,691][__main__][INFO] - ✓ [Qwen/Qwen3-235B-A22B-Instruct-2507] Temp=0.0 Rep=1 → Neutro
[2026-05-12 12:10:46,209][__main__][INFO] - ✓ [meta-llama/Meta-Llama-3.1-70B-Instruct] Temp=0.0 Rep=1 → Concordo
[2026-05-12 12:10:46,235][__main__][INFO] - ✓ [meta-llama/Meta-Llama-3.1-70B-Instruct] Temp=0.0 Rep=1 → Concordo fortemente
[2026-05-12 12:10:46,449][__main__][INFO] - ✓ [Qwen/Qwen3-14B] Temp=0.0 Rep=1 → Concordo fortemente
[2026-05-12 12:10:46,659][__main__][INFO] - ✓ [meta-llama/Llama-4-Scout-17B-16E-Instruct] Temp=0.0 Rep=1 → Discordo fortemente
[2026-05-12 12:10:46,663][__main__][INFO] - ✓ [meta-llama/Llama-4-Scout-17B-16E-Instruct] Temp=0.0 Rep=1 → Concordo fortemente
[2026-05-12 12:10:46,894][__main__][INFO] - ✓ [meta-llama/Llama-4-Scout-17B-16E-Instruct] Temp=0.0 Rep=1 → Concordo
[2026-05-12 12:10:48,017][__main__][INFO] - ✓ [Qwen/Qwen3-14B] Temp=0.0 Rep=1 → Concordo fortemente
[2026-05-12 12:10:48,528][__main__][INFO] - ✓ [Qwen/Qwen3-14B] Temp=0.0 Rep=1 → Concordo fortemente
[2026-05-12 12:10:48,780][__main__][INFO] - ✓ [Qwen/Qwen3-14B] Temp=0.0 Rep=1 → Concordo fortemente
[2026-05-12 12:10:48,907][__main__][INFO] - ✓ [Qwen/Qwen3-14B] Temp=0.0 Rep=1 → Concordo fortemente
[2026-05-12 12:10:49,481][__main__][INFO] - ✓ [meta-llama/Meta-Llama-3.1-70B-Instruct] Temp=0.0 Rep=1 → Concordo fortemente
[2026-05-12 12:10:49,701][__main__][INFO] - ✓ [Qwen/Qwen3-235B-A22B-Instruct-2507] Temp=0.0 Rep=1 → Concordo fortemente
[2026-05-12 12:10:49,806][__main__][INFO] - ✓ [Qwen/Qwen3-235B-A22B-Instruct-2507] Temp=0.0 Rep=1 → Neutro
[2026-05-12 12:10:50,372][__main__][INFO] - ✓ [meta-llama/Llama-4-Scout-17B-16E-Instruct] Temp=0.0 Rep=1 → Concordo fortemente
[2026-05-12 12:10:50,375][__main__][INFO] - ✓ [meta-llama/Meta-Llama-3.1-70B-Instruct] Temp=0.0 Rep=1 → Discordo
[2026-05-12 12:10:50,437][__main__][INFO] - ✓ [meta-llama/Meta-Llama-3.1-70B-Instruct] Temp=0.0 Rep=1 → Concordo fortemente
[2026-05-12 12:10:50,511][__main__][INFO] - ✓ [Qwen/Qwen3-235B-A22B-Instruct-2507] Temp=0.0 Rep=1 → Concordo fortemente
[2026-05-12 12:10:50,853][__main__][INFO] - ✓ [meta-llama/Llama-4-Scout-17B-16E-Instruct] Temp=0.0 Rep=1 → Concordo fortemente
[2026-05-12 12:10:50,856][__main__][INFO] - ✓ [meta-llama/Llama-4-Scout-17B-16E-Instruct] Temp=0.0 Rep=1 → Discordo
[2026-05-12 12:10:51,901][__main__][INFO] - ✓ [Qwen/Qwen3-235B-A22B-Instruct-2507] Temp=0.0 Rep=1 → Concordo
[2026-05-12 12:10:52,047][__main__][INFO] - ✓ [Qwen/Qwen3-14B] Temp=0.0 Rep=1 → Concordo fortemente
[2026-05-12 12:10:52,728][__main__][INFO] - ✓ [Qwen/Qwen3-14B] Temp=0.0 Rep=1 → Neutro
[2026-05-12 12:10:52,951][__main__][INFO] - ✓ [Qwen/Qwen3-235B-A22B-Instruct-2507] Temp=0.0 Rep=1 → Neutro
[2026-05-12 12:10:52,967][__main__][INFO] - Salvamento incremental (1800 novas respostas)...
[2026-05-12 12:10:53,017][__main__][INFO] - Cache salvo com 242202 entradas
[2026-05-12 12:10:53,017][__main__][INFO] - ✓ [Qwen/Qwen3-14B] Temp=0.0 Rep=1 → Discordo
[2026-05-12 12:10:53,159][__main__][INFO] - ✓ [Qwen/Qwen3-235B-A22B-Instruct-2507] Temp=0.0 Rep=1 → Concordo fortemente
[2026-05-12 12:10:53,474][__main__][INFO] - ✓ [meta-llama/Meta-Llama-3.1-70B-Instruct] Temp=0.0 Rep=1 → Discordo
[2026-05-12 12:10:53,485][__main__][INFO] - ✓ [meta-llama/Meta-Llama-3.1-70B-Instruct] Temp=0.0 Rep=1 → Concordo
[2026-05-12 12:10:53,505][__main__][INFO] - ✓ [meta-llama/Llama-4-Scout-17B-16E-Instruct] Temp=0.0 Rep=1 → Discordo
[2026-05-12 12:10:53,531][__main__][INFO] - ✓ [meta-llama/Meta-Llama-3.1-70B-Instruct] Temp=0.0 Rep=1 → Concordo fortemente
[2026-05-12 12:10:53,756][__main__][INFO] - ✓ [meta-llama/Llama-4-Scout-17B-16E-Instruct] Temp=0.0 Rep=1 → Concordo fortemente
[2026-05-12 12:10:53,869][__main__][INFO] - ✓ [meta-llama/Llama-4-Scout-17B-16E-Instruct] Temp=0.0 Rep=1 → Concordo
[2026-05-12 12:10:54,522][__main__][INFO] - ✓ [Qwen/Qwen3-14B] Temp=0.0 Rep=1 → Concordo fortemente
[2026-05-12 12:10:55,591][__main__][INFO] - ✓ [Qwen/Qwen3-235B-A22B-Instruct-2507] Temp=0.0 Rep=1 → Neutro
[2026-05-12 12:10:55,596][__main__][INFO] - ✓ [Qwen/Qwen3-235B-A22B-Instruct-2507] Temp=0.0 Rep=1 → Concordo fortemente
[2026-05-12 12:10:56,517][__main__][INFO] - ✓ [meta-llama/Meta-Llama-3.1-70B-Instruct] Temp=0.0 Rep=1 → Concordo fortemente
[2026-05-12 12:10:57,305][__main__][INFO] - ✓ [Qwen/Qwen3-14B] Temp=0.0 Rep=1 → Concordo fortemente
[2026-05-12 12:10:57,386][__main__][INFO] - ✓ [meta-llama/Meta-Llama-3.1-70B-Instruct] Temp=0.0 Rep=1 → Discordo
[2026-05-12 12:10:58,052][__main__][INFO] - ✓ [Qwen/Qwen3-235B-A22B-Instruct-2507] Temp=0.0 Rep=1 → Concordo fortemente
[2026-05-12 12:10:58,192][__main__][INFO] - ✓ [meta-llama/Meta-Llama-3.1-70B-Instruct] Temp=0.0 Rep=1 → Concordo fortemente
[2026-05-12 12:10:58,196][__main__][INFO] - ✓ [meta-llama/Llama-4-Scout-17B-16E-Instruct] Temp=0.0 Rep=1 → Concordo fortemente
[2026-05-12 12:10:58,408][__main__][INFO] - ✓ [meta-llama/Llama-4-Scout-17B-16E-Instruct] Temp=0.0 Rep=1 → Discordo
[2026-05-12 12:10:58,582][__main__][INFO] - ✓ [meta-llama/Llama-4-Scout-17B-16E-Instruct] Temp=0.0 Rep=1 → Concordo fortemente
[2026-05-12 12:11:00,712][__main__][INFO] - ✓ [Qwen/Qwen3-14B] Temp=0.0 Rep=1 → Concordo fortemente
[2026-05-12 12:11:01,636][__main__][INFO] - ✓ [Qwen/Qwen3-235B-A22B-Instruct-2507] Temp=0.0 Rep=1 → Concordo
[2026-05-12 12:11:02,762][__main__][INFO] - ✓ [Qwen/Qwen3-235B-A22B-Instruct-2507] Temp=0.0 Rep=1 → Concordo
[2026-05-12 12:11:03,683][__main__][INFO] - ✓ [Qwen/Qwen3-14B] Temp=0.0 Rep=1 → Concordo
[2026-05-12 12:11:04,109][__main__][INFO] - ✓ [Qwen/Qwen3-235B-A22B-Instruct-2507] Temp=0.0 Rep=1 → Neutro
[2026-05-12 12:11:04,150][__main__][INFO] - ✓ [meta-llama/Meta-Llama-3.1-70B-Instruct] Temp=0.0 Rep=1 → Discordo
[2026-05-12 12:11:04,274][__main__][INFO] - ✓ [Qwen/Qwen3-14B] Temp=0.0 Rep=1 → Concordo fortemente
[2026-05-12 12:11:04,549][__main__][INFO] - ✓ [Qwen/Qwen3-14B] Temp=0.0 Rep=1 → Concordo fortemente
[2026-05-12 12:11:04,719][__main__][INFO] - ✓ [meta-llama/Meta-Llama-3.1-70B-Instruct] Temp=0.0 Rep=1 → Concordo
[2026-05-12 12:11:04,722][__main__][INFO] - ✓ [meta-llama/Meta-Llama-3.1-70B-Instruct] Temp=0.0 Rep=1 → Concordo
[2026-05-12 12:11:04,804][__main__][INFO] - ✓ [meta-llama/Llama-4-Scout-17B-16E-Instruct] Temp=0.0 Rep=1 → Discordo
[2026-05-12 12:11:04,905][__main__][INFO] - ✓ [meta-llama/Llama-4-Scout-17B-16E-Instruct] Temp=0.0 Rep=1 → Concordo
[2026-05-12 12:11:05,185][__main__][INFO] - ✓ [meta-llama/Llama-4-Scout-17B-16E-Instruct] Temp=0.0 Rep=1 → Neutro
[2026-05-12 12:11:05,937][__main__][INFO] - ✓ [Qwen/Qwen3-235B-A22B-Instruct-2507] Temp=0.0 Rep=1 → Concordo fortemente
[2026-05-12 12:11:07,883][__main__][INFO] - ✓ [Qwen/Qwen3-235B-A22B-Instruct-2507] Temp=0.0 Rep=1 → Concordo fortemente
[2026-05-12 12:11:09,202][__main__][INFO] - ✓ [Qwen/Qwen3-235B-A22B-Instruct-2507] Temp=0.0 Rep=1 → Concordo fortemente
[2026-05-12 12:11:09,828][__main__][INFO] - ✓ [meta-llama/Meta-Llama-3.1-70B-Instruct] Temp=0.0 Rep=1 → Concordo fortemente
[2026-05-12 12:11:10,355][__main__][INFO] - ✓ [meta-llama/Meta-Llama-3.1-70B-Instruct] Temp=0.0 Rep=1 → Concordo fortemente
[2026-05-12 12:11:11,023][__main__][INFO] - ✓ [meta-llama/Meta-Llama-3.1-70B-Instruct] Temp=0.0 Rep=1 → Concordo fortemente
[2026-05-12 12:11:11,536][__main__][INFO] - ✓ [meta-llama/Llama-4-Scout-17B-16E-Instruct] Temp=0.0 Rep=1 → Concordo fortemente
[2026-05-12 12:11:11,998][__main__][INFO] - ✓ [meta-llama/Llama-4-Scout-17B-16E-Instruct] Temp=0.0 Rep=1 → Concordo fortemente
[2026-05-12 12:11:12,393][__main__][INFO] - Salvamento incremental (1840 novas respostas)...
[2026-05-12 12:11:12,446][__main__][INFO] - Cache salvo com 242242 entradas
[2026-05-12 12:11:12,446][__main__][INFO] - ✓ [meta-llama/Llama-4-Scout-17B-16E-Instruct] Temp=0.0 Rep=1 → Concordo fortemente
[2026-05-12 12:11:21,400][__main__][INFO] - ✓ [Qwen/Qwen3-14B] Temp=0.0 Rep=1 → Discordo
[2026-05-12 12:11:23,141][__main__][INFO] - ✓ [Qwen/Qwen3-14B] Temp=0.0 Rep=1 → Concordo fortemente
[2026-05-12 12:11:25,481][__main__][INFO] - ✓ [Qwen/Qwen3-14B] Temp=0.0 Rep=1 → Concordo fortemente
[2026-05-12 12:11:26,724][__main__][INFO] - ✓ [Qwen/Qwen3-235B-A22B-Instruct-2507] Temp=0.0 Rep=1 → Concordo
[2026-05-12 12:11:27,646][__main__][INFO] - ✓ [Qwen/Qwen3-235B-A22B-Instruct-2507] Temp=0.0 Rep=1 → Concordo
[2026-05-12 12:11:28,630][__main__][INFO] - ✓ [Qwen/Qwen3-235B-A22B-Instruct-2507] Temp=0.0 Rep=1 → Concordo
[2026-05-12 12:11:29,693][__main__][INFO] - ✓ [meta-llama/Meta-Llama-3.1-70B-Instruct] Temp=0.0 Rep=1 → Concordo
[2026-05-12 12:11:30,513][__main__][INFO] - ✓ [meta-llama/Meta-Llama-3.1-70B-Instruct] Temp=0.0 Rep=1 → Concordo
[2026-05-12 12:11:31,055][__main__][INFO] - ✓ [meta-llama/Meta-Llama-3.1-70B-Instruct] Temp=0.0 Rep=1 → Concordo
[2026-05-12 12:11:31,586][__main__][INFO] - ✓ [meta-llama/Llama-4-Scout-17B-16E-Instruct] Temp=0.0 Rep=1 → Concordo
[2026-05-12 12:11:31,998][__main__][INFO] - ✓ [meta-llama/Llama-4-Scout-17B-16E-Instruct] Temp=0.0 Rep=1 → Concordo fortemente
[2026-05-12 12:11:32,457][__main__][INFO] - ✓ [meta-llama/Llama-4-Scout-17B-16E-Instruct] Temp=0.0 Rep=1 → Concordo
[2026-05-12 12:11:36,555][__main__][INFO] - ✓ [Qwen/Qwen3-14B] Temp=0.0 Rep=1 → Concordo fortemente
[2026-05-12 12:11:43,313][__main__][INFO] - ✓ [Qwen/Qwen3-14B] Temp=0.0 Rep=1 → Concordo fortemente
[2026-05-12 12:11:55,424][__main__][INFO] - ✓ [Qwen/Qwen3-14B] Temp=0.0 Rep=1 → Concordo fortemente
[2026-05-12 12:11:56,919][__main__][INFO] - ✓ [Qwen/Qwen3-235B-A22B-Instruct-2507] Temp=0.0 Rep=1 → Concordo fortemente
[2026-05-12 12:11:58,117][__main__][INFO] - ✓ [Qwen/Qwen3-235B-A22B-Instruct-2507] Temp=0.0 Rep=1 → Concordo fortemente
[2026-05-12 12:11:59,192][__main__][INFO] - ✓ [Qwen/Qwen3-14B] Temp=0.0 Rep=1 → Concordo fortemente
[2026-05-12 12:11:59,799][__main__][INFO] - ✓ [Qwen/Qwen3-235B-A22B-Instruct-2507] Temp=0.0 Rep=1 → Concordo fortemente
[2026-05-12 12:11:59,899][__main__][INFO] - ✓ [meta-llama/Meta-Llama-3.1-70B-Instruct] Temp=0.0 Rep=1 → Concordo fortemente
[2026-05-12 12:12:00,620][__main__][INFO] - ✓ [meta-llama/Meta-Llama-3.1-70B-Instruct] Temp=0.0 Rep=1 → Concordo fortemente
[2026-05-12 12:12:00,624][__main__][INFO] - ✓ [meta-llama/Meta-Llama-3.1-70B-Instruct] Temp=0.0 Rep=1 → Concordo fortemente
[2026-05-12 12:12:00,624][__main__][INFO] - ✓ [Qwen/Qwen3-14B] Temp=0.0 Rep=1 → Concordo fortemente
[2026-05-12 12:12:01,012][__main__][INFO] - ✓ [meta-llama/Llama-4-Scout-17B-16E-Instruct] Temp=0.0 Rep=1 → Concordo fortemente
[2026-05-12 12:12:01,015][__main__][INFO] - ✓ [meta-llama/Llama-4-Scout-17B-16E-Instruct] Temp=0.0 Rep=1 → Concordo fortemente
[2026-05-12 12:12:01,105][__main__][INFO] - ✓ [meta-llama/Llama-4-Scout-17B-16E-Instruct] Temp=0.0 Rep=1 → Concordo fortemente
[2026-05-12 12:12:01,890][__main__][INFO] - ✓ [Qwen/Qwen3-14B] Temp=0.0 Rep=1 → Concordo fortemente
[2026-05-12 12:12:02,769][__main__][INFO] - ✓ [Qwen/Qwen3-235B-A22B-Instruct-2507] Temp=0.0 Rep=1 → Concordo
[2026-05-12 12:12:03,896][__main__][INFO] - ✓ [Qwen/Qwen3-235B-A22B-Instruct-2507] Temp=0.0 Rep=1 → Concordo
[2026-05-12 12:12:04,818][__main__][INFO] - ✓ [Qwen/Qwen3-14B] Temp=0.0 Rep=1 → Concordo fortemente
[2026-05-12 12:12:04,852][__main__][INFO] - ✓ [Qwen/Qwen3-235B-A22B-Instruct-2507] Temp=0.0 Rep=1 → Concordo
[2026-05-12 12:12:04,864][__main__][INFO] - ✓ [Qwen/Qwen3-14B] Temp=0.0 Rep=1 → Concordo fortemente
[2026-05-12 12:12:05,585][__main__][INFO] - ✓ [meta-llama/Meta-Llama-3.1-70B-Instruct] Temp=0.0 Rep=1 → Concordo
[2026-05-12 12:12:05,589][__main__][INFO] - ✓ [meta-llama/Meta-Llama-3.1-70B-Instruct] Temp=0.0 Rep=1 → Concordo
[2026-05-12 12:12:05,624][__main__][INFO] - ✓ [meta-llama/Meta-Llama-3.1-70B-Instruct] Temp=0.0 Rep=1 → Concordo
[2026-05-12 12:12:05,917][__main__][INFO] - ✓ [meta-llama/Llama-4-Scout-17B-16E-Instruct] Temp=0.0 Rep=1 → Discordo
[2026-05-12 12:12:05,928][__main__][INFO] - ✓ [meta-llama/Llama-4-Scout-17B-16E-Instruct] Temp=0.0 Rep=1 → Concordo fortemente
[2026-05-12 12:12:06,002][__main__][INFO] - ✓ [meta-llama/Llama-4-Scout-17B-16E-Instruct] Temp=0.0 Rep=1 → Concordo
[2026-05-12 12:12:07,439][__main__][INFO] - ✓ [Qwen/Qwen3-14B] Temp=0.0 Rep=1 → Concordo
[2026-05-12 12:12:08,196][__main__][INFO] - Salvamento incremental (1880 novas respostas)...
[2026-05-12 12:12:08,267][__main__][INFO] - Cache salvo com 242282 entradas
[2026-05-12 12:12:08,267][__main__][INFO] - ✓ [Qwen/Qwen3-235B-A22B-Instruct-2507] Temp=0.0 Rep=1 → Concordo fortemente
[2026-05-12 12:12:09,222][__main__][INFO] - ✓ [Qwen/Qwen3-14B] Temp=0.0 Rep=1 → Concordo fortemente
[2026-05-12 12:12:09,530][__main__][INFO] - ✓ [Qwen/Qwen3-235B-A22B-Instruct-2507] Temp=0.0 Rep=1 → Concordo fortemente
[2026-05-12 12:12:10,244][__main__][INFO] - ✓ [meta-llama/Meta-Llama-3.1-70B-Instruct] Temp=0.0 Rep=1 → Concordo fortemente
[2026-05-12 12:12:10,619][__main__][INFO] - ✓ [Qwen/Qwen3-235B-A22B-Instruct-2507] Temp=0.0 Rep=1 → Concordo fortemente
[2026-05-12 12:12:11,326][__main__][INFO] - ✓ [meta-llama/Meta-Llama-3.1-70B-Instruct] Temp=0.0 Rep=1 → Concordo fortemente
[2026-05-12 12:12:11,471][__main__][INFO] - ✓ [meta-llama/Meta-Llama-3.1-70B-Instruct] Temp=0.0 Rep=1 → Concordo fortemente
[2026-05-12 12:12:11,719][__main__][INFO] - ✓ [meta-llama/Llama-4-Scout-17B-16E-Instruct] Temp=0.0 Rep=1 → Concordo fortemente
[2026-05-12 12:12:11,938][__main__][INFO] - ✓ [meta-llama/Llama-4-Scout-17B-16E-Instruct] Temp=0.0 Rep=1 → Concordo fortemente
[2026-05-12 12:12:12,715][__main__][INFO] - ✓ [meta-llama/Llama-4-Scout-17B-16E-Instruct] Temp=0.0 Rep=1 → Concordo fortemente
[2026-05-12 12:12:15,603][__main__][INFO] - ✓ [Qwen/Qwen3-14B] Temp=0.0 Rep=1 → Concordo fortemente
[2026-05-12 12:12:16,478][__main__][INFO] - ✓ [Qwen/Qwen3-14B] Temp=0.0 Rep=1 → Discordo
[2026-05-12 12:12:17,720][__main__][INFO] - ✓ [Qwen/Qwen3-235B-A22B-Instruct-2507] Temp=0.0 Rep=1 → Neutro
[2026-05-12 12:12:18,437][__main__][INFO] - ✓ [Qwen/Qwen3-235B-A22B-Instruct-2507] Temp=0.0 Rep=1 → Concordo fortemente
[2026-05-12 12:12:19,153][__main__][INFO] - ✓ [Qwen/Qwen3-14B] Temp=0.0 Rep=1 → Concordo fortemente
[2026-05-12 12:12:19,359][__main__][INFO] - ✓ [Qwen/Qwen3-235B-A22B-Instruct-2507] Temp=0.0 Rep=1 → Neutro
[2026-05-12 12:12:19,753][__main__][INFO] - ✓ [meta-llama/Meta-Llama-3.1-70B-Instruct] Temp=0.0 Rep=1 → Discordo
[2026-05-12 12:12:19,979][__main__][INFO] - ✓ [Qwen/Qwen3-14B] Temp=0.0 Rep=1 → Concordo fortemente
[2026-05-12 12:12:20,127][__main__][INFO] - ✓ [meta-llama/Meta-Llama-3.1-70B-Instruct] Temp=0.0 Rep=1 → Concordo fortemente
[2026-05-12 12:12:20,353][__main__][INFO] - ✓ [meta-llama/Llama-4-Scout-17B-16E-Instruct] Temp=0.0 Rep=1 → Discordo
[2026-05-12 12:12:20,357][__main__][INFO] - ✓ [meta-llama/Meta-Llama-3.1-70B-Instruct] Temp=0.0 Rep=1 → Concordo
[2026-05-12 12:12:20,697][__main__][INFO] - ✓ [meta-llama/Llama-4-Scout-17B-16E-Instruct] Temp=0.0 Rep=1 → Concordo fortemente
[2026-05-12 12:12:20,781][__main__][INFO] - ✓ [meta-llama/Llama-4-Scout-17B-16E-Instruct] Temp=0.0 Rep=1 → Neutro
[2026-05-12 12:12:21,905][__main__][INFO] - ✓ [Qwen/Qwen3-14B] Temp=0.0 Rep=1 → Concordo fortemente
[2026-05-12 12:12:22,431][__main__][INFO] - ✓ [Qwen/Qwen3-14B] Temp=0.0 Rep=1 → Concordo fortemente
[2026-05-12 12:12:23,011][__main__][INFO] - ✓ [Qwen/Qwen3-235B-A22B-Instruct-2507] Temp=0.0 Rep=1 → Discordo
[2026-05-12 12:12:23,230][__main__][INFO] - ✓ [Qwen/Qwen3-235B-A22B-Instruct-2507] Temp=0.0 Rep=1 → Concordo fortemente
[2026-05-12 12:12:23,704][__main__][INFO] - ✓ [Qwen/Qwen3-14B] Temp=0.0 Rep=1 → Concordo fortemente
[2026-05-12 12:12:23,967][__main__][INFO] - ✓ [Qwen/Qwen3-235B-A22B-Instruct-2507] Temp=0.0 Rep=1 → Neutro
[2026-05-12 12:12:24,040][__main__][INFO] - ✓ [meta-llama/Meta-Llama-3.1-70B-Instruct] Temp=0.0 Rep=1 → Concordo fortemente
[2026-05-12 12:12:24,283][__main__][INFO] - ✓ [meta-llama/Meta-Llama-3.1-70B-Instruct] Temp=0.0 Rep=1 → Neutro
[2026-05-12 12:12:24,463][__main__][INFO] - ✓ [meta-llama/Llama-4-Scout-17B-16E-Instruct] Temp=0.0 Rep=1 → Concordo fortemente
[2026-05-12 12:12:24,697][__main__][INFO] - ✓ [meta-llama/Meta-Llama-3.1-70B-Instruct] Temp=0.0 Rep=1 → Concordo fortemente
[2026-05-12 12:12:24,701][__main__][INFO] - ✓ [meta-llama/Llama-4-Scout-17B-16E-Instruct] Temp=0.0 Rep=1 → Discordo
[2026-05-12 12:12:24,889][__main__][INFO] - ✓ [meta-llama/Llama-4-Scout-17B-16E-Instruct] Temp=0.0 Rep=1 → Concordo fortemente
[2026-05-12 12:12:25,604][__main__][INFO] - ✓ [Qwen/Qwen3-14B] Temp=0.0 Rep=1 → Concordo fortemente
[2026-05-12 12:12:26,116][__main__][INFO] - ✓ [Qwen/Qwen3-235B-A22B-Instruct-2507] Temp=0.0 Rep=1 → Discordo
[2026-05-12 12:12:27,345][__main__][INFO] - ✓ [Qwen/Qwen3-235B-A22B-Instruct-2507] Temp=0.0 Rep=1 → Concordo
[2026-05-12 12:12:27,567][__main__][INFO] - ✓ [Qwen/Qwen3-14B] Temp=0.0 Rep=1 → Concordo fortemente
[2026-05-12 12:12:28,164][__main__][INFO] - ✓ [meta-llama/Meta-Llama-3.1-70B-Instruct] Temp=0.0 Rep=1 → Discordo
[2026-05-12 12:12:28,448][__main__][INFO] - Salvamento incremental (1920 novas respostas)...
[2026-05-12 12:12:28,500][__main__][INFO] - Cache salvo com 242322 entradas
[2026-05-12 12:12:28,500][__main__][INFO] - ✓ [Qwen/Qwen3-235B-A22B-Instruct-2507] Temp=0.0 Rep=1 → Neutro
[2026-05-12 12:12:28,939][__main__][INFO] - ✓ [meta-llama/Meta-Llama-3.1-70B-Instruct] Temp=0.0 Rep=1 → Concordo fortemente
[2026-05-12 12:12:29,005][__main__][INFO] - ✓ [meta-llama/Meta-Llama-3.1-70B-Instruct] Temp=0.0 Rep=1 → Concordo
[2026-05-12 12:12:29,030][__main__][INFO] - ✓ [Qwen/Qwen3-14B] Temp=0.0 Rep=1 → Concordo fortemente
[2026-05-12 12:12:29,485][__main__][INFO] - ✓ [meta-llama/Llama-4-Scout-17B-16E-Instruct] Temp=0.0 Rep=1 → Discordo
[2026-05-12 12:12:29,499][__main__][INFO] - ✓ [meta-llama/Llama-4-Scout-17B-16E-Instruct] Temp=0.0 Rep=1 → Concordo
[2026-05-12 12:12:29,500][__main__][INFO] - ✓ [meta-llama/Llama-4-Scout-17B-16E-Instruct] Temp=0.0 Rep=1 → Neutro
[2026-05-12 12:12:30,110][__main__][INFO] - ✓ [Qwen/Qwen3-14B] Temp=0.0 Rep=1 → Concordo fortemente
[2026-05-12 12:12:31,238][__main__][INFO] - ✓ [Qwen/Qwen3-235B-A22B-Instruct-2507] Temp=0.0 Rep=1 → Concordo fortemente
[2026-05-12 12:12:31,510][__main__][INFO] - ✓ [Qwen/Qwen3-14B] Temp=0.0 Rep=1 → Concordo fortemente
[2026-05-12 12:12:32,111][__main__][INFO] - ✓ [Qwen/Qwen3-14B] Temp=0.0 Rep=1 → Neutro
[2026-05-12 12:12:32,423][__main__][INFO] - ✓ [Qwen/Qwen3-235B-A22B-Instruct-2507] Temp=0.0 Rep=1 → Concordo
[2026-05-12 12:12:32,616][__main__][INFO] - ✓ [Qwen/Qwen3-14B] Temp=0.0 Rep=1 → Neutro
[2026-05-12 12:12:32,637][__main__][INFO] - ✓ [Qwen/Qwen3-235B-A22B-Instruct-2507] Temp=0.0 Rep=1 → Concordo
[2026-05-12 12:12:32,981][__main__][INFO] - ✓ [meta-llama/Llama-4-Scout-17B-16E-Instruct] Temp=0.0 Rep=1 → Concordo
[2026-05-12 12:12:33,375][__main__][INFO] - ✓ [meta-llama/Llama-4-Scout-17B-16E-Instruct] Temp=0.0 Rep=1 → Concordo
[2026-05-12 12:12:33,455][__main__][INFO] - ✓ [meta-llama/Meta-Llama-3.1-70B-Instruct] Temp=0.0 Rep=1 → Concordo
[2026-05-12 12:12:33,661][__main__][INFO] - ✓ [Qwen/Qwen3-14B] Temp=0.0 Rep=1 → Concordo fortemente
[2026-05-12 12:12:33,876][__main__][INFO] - ✓ [meta-llama/Llama-4-Scout-17B-16E-Instruct] Temp=0.0 Rep=1 → Concordo
[2026-05-12 12:12:34,233][__main__][INFO] - ✓ [meta-llama/Meta-Llama-3.1-70B-Instruct] Temp=0.0 Rep=1 → Concordo
[2026-05-12 12:12:34,658][__main__][INFO] - ✓ [meta-llama/Meta-Llama-3.1-70B-Instruct] Temp=0.0 Rep=1 → Concordo
[2026-05-12 12:12:35,229][__main__][INFO] - ✓ [Qwen/Qwen3-235B-A22B-Instruct-2507] Temp=0.0 Rep=1 → Discordo
[2026-05-12 12:12:35,233][__main__][INFO] - ✓ [Qwen/Qwen3-235B-A22B-Instruct-2507] Temp=0.0 Rep=1 → Concordo
[2026-05-12 12:12:35,818][__main__][INFO] - ✓ [Qwen/Qwen3-235B-A22B-Instruct-2507] Temp=0.0 Rep=1 → Neutro
[2026-05-12 12:12:36,278][__main__][INFO] - ✓ [Qwen/Qwen3-14B] Temp=0.0 Rep=1 → Concordo fortemente
[2026-05-12 12:12:36,437][__main__][INFO] - ✓ [meta-llama/Meta-Llama-3.1-70B-Instruct] Temp=0.0 Rep=1 → Discordo
[2026-05-12 12:12:36,797][__main__][INFO] - ✓ [meta-llama/Llama-4-Scout-17B-16E-Instruct] Temp=0.0 Rep=1 → Discordo
[2026-05-12 12:12:37,688][__main__][INFO] - ✓ [meta-llama/Llama-4-Scout-17B-16E-Instruct] Temp=0.0 Rep=1 → Concordo fortemente
[2026-05-12 12:12:38,404][__main__][INFO] - ✓ [meta-llama/Llama-4-Scout-17B-16E-Instruct] Temp=0.0 Rep=1 → Neutro
[2026-05-12 12:12:38,408][__main__][INFO] - ✓ [meta-llama/Meta-Llama-3.1-70B-Instruct] Temp=0.0 Rep=1 → Concordo
[2026-05-12 12:12:38,460][__main__][INFO] - ✓ [meta-llama/Meta-Llama-3.1-70B-Instruct] Temp=0.0 Rep=1 → Concordo fortemente
[2026-05-12 12:12:39,429][__main__][INFO] - ✓ [Qwen/Qwen3-14B] Temp=0.0 Rep=1 → Concordo fortemente
[2026-05-12 12:12:40,759][__main__][INFO] - ✓ [Qwen/Qwen3-235B-A22B-Instruct-2507] Temp=0.0 Rep=1 → Concordo fortemente
[2026-05-12 12:12:41,474][__main__][INFO] - ✓ [Qwen/Qwen3-235B-A22B-Instruct-2507] Temp=0.0 Rep=1 → Discordo
[2026-05-12 12:12:42,015][__main__][INFO] - ✓ [Qwen/Qwen3-14B] Temp=0.0 Rep=1 → Concordo fortemente
[2026-05-12 12:12:42,196][__main__][INFO] - ✓ [Qwen/Qwen3-235B-A22B-Instruct-2507] Temp=0.0 Rep=1 → Neutro
[2026-05-12 12:12:42,632][__main__][INFO] - ✓ [meta-llama/Meta-Llama-3.1-70B-Instruct] Temp=0.0 Rep=1 → Concordo fortemente
[2026-05-12 12:12:42,655][__main__][INFO] - ✓ [meta-llama/Meta-Llama-3.1-70B-Instruct] Temp=0.0 Rep=1 → Discordo
[2026-05-12 12:12:42,945][__main__][INFO] - ✓ [Qwen/Qwen3-14B] Temp=0.0 Rep=1 → Concordo fortemente
[2026-05-12 12:12:43,046][__main__][INFO] - ✓ [meta-llama/Llama-4-Scout-17B-16E-Instruct] Temp=0.0 Rep=1 → Concordo fortemente
[2026-05-12 12:12:43,400][__main__][INFO] - Salvamento incremental (1960 novas respostas)...
[2026-05-12 12:12:43,458][__main__][INFO] - Cache salvo com 242362 entradas
[2026-05-12 12:12:43,458][__main__][INFO] - ✓ [meta-llama/Llama-4-Scout-17B-16E-Instruct] Temp=0.0 Rep=1 → Discordo
[2026-05-12 12:12:43,460][__main__][INFO] - ✓ [meta-llama/Meta-Llama-3.1-70B-Instruct] Temp=0.0 Rep=1 → Concordo fortemente
[2026-05-12 12:12:43,567][__main__][INFO] - ✓ [meta-llama/Llama-4-Scout-17B-16E-Instruct] Temp=0.0 Rep=1 → Concordo fortemente
[2026-05-12 12:12:43,650][__main__][INFO] - ✓ [Qwen/Qwen3-14B] Temp=0.0 Rep=1 → Concordo
[2026-05-12 12:12:44,650][__main__][INFO] - ✓ [Qwen/Qwen3-14B] Temp=0.0 Rep=1 → Concordo fortemente
[2026-05-12 12:12:45,163][__main__][INFO] - ✓ [Qwen/Qwen3-235B-A22B-Instruct-2507] Temp=0.0 Rep=1 → Concordo
[2026-05-12 12:12:45,266][__main__][INFO] - ✓ [Qwen/Qwen3-235B-A22B-Instruct-2507] Temp=0.0 Rep=1 → Concordo fortemente
[2026-05-12 12:12:45,519][__main__][INFO] - ✓ [Qwen/Qwen3-235B-A22B-Instruct-2507] Temp=0.0 Rep=1 → Neutro
[2026-05-12 12:12:45,981][__main__][INFO] - ✓ [meta-llama/Meta-Llama-3.1-70B-Instruct] Temp=0.0 Rep=1 → Concordo fortemente
[2026-05-12 12:12:46,055][__main__][INFO] - ✓ [Qwen/Qwen3-14B] Temp=0.0 Rep=1 → Neutro
[2026-05-12 12:12:46,190][__main__][INFO] - ✓ [meta-llama/Meta-Llama-3.1-70B-Instruct] Temp=0.0 Rep=1 → Neutro
[2026-05-12 12:12:46,433][__main__][INFO] - ✓ [meta-llama/Llama-4-Scout-17B-16E-Instruct] Temp=0.0 Rep=1 → Concordo fortemente
[2026-05-12 12:12:46,534][__main__][INFO] - ✓ [meta-llama/Meta-Llama-3.1-70B-Instruct] Temp=0.0 Rep=1 → Concordo fortemente
[2026-05-12 12:12:46,541][__main__][INFO] - ✓ [meta-llama/Llama-4-Scout-17B-16E-Instruct] Temp=0.0 Rep=1 → Discordo
[2026-05-12 12:12:46,616][__main__][INFO] - ✓ [Qwen/Qwen3-14B] Temp=0.0 Rep=1 → Concordo fortemente
[2026-05-12 12:12:46,813][__main__][INFO] - ✓ [meta-llama/Llama-4-Scout-17B-16E-Instruct] Temp=0.0 Rep=1 → Concordo fortemente
[2026-05-12 12:12:48,029][__main__][INFO] - ✓ [Qwen/Qwen3-235B-A22B-Instruct-2507] Temp=0.0 Rep=1 → Concordo fortemente
[2026-05-12 12:12:49,156][__main__][INFO] - ✓ [Qwen/Qwen3-235B-A22B-Instruct-2507] Temp=0.0 Rep=1 → Concordo fortemente
[2026-05-12 12:12:50,180][__main__][INFO] - ✓ [Qwen/Qwen3-14B] Temp=0.0 Rep=1 → Concordo fortemente
[2026-05-12 12:12:50,387][__main__][INFO] - ✓ [Qwen/Qwen3-235B-A22B-Instruct-2507] Temp=0.0 Rep=1 → Concordo fortemente
[2026-05-12 12:12:50,911][__main__][INFO] - ✓ [meta-llama/Meta-Llama-3.1-70B-Instruct] Temp=0.0 Rep=1 → Concordo fortemente
[2026-05-12 12:12:50,985][__main__][INFO] - ✓ [meta-llama/Meta-Llama-3.1-70B-Instruct] Temp=0.0 Rep=1 → Concordo fortemente
[2026-05-12 12:12:51,137][__main__][INFO] - ✓ [Qwen/Qwen3-14B] Temp=0.0 Rep=1 → Concordo fortemente
[2026-05-12 12:12:51,433][__main__][INFO] - ✓ [meta-llama/Llama-4-Scout-17B-16E-Instruct] Temp=0.0 Rep=1 → Concordo fortemente
[2026-05-12 12:12:51,564][__main__][INFO] - ✓ [meta-llama/Llama-4-Scout-17B-16E-Instruct] Temp=0.0 Rep=1 → Concordo fortemente
[2026-05-12 12:12:51,720][__main__][INFO] - ✓ [meta-llama/Llama-4-Scout-17B-16E-Instruct] Temp=0.0 Rep=1 → Concordo fortemente
[2026-05-12 12:12:51,865][__main__][INFO] - ✓ [meta-llama/Meta-Llama-3.1-70B-Instruct] Temp=0.0 Rep=1 → Concordo fortemente
[2026-05-12 12:12:51,991][__main__][INFO] - ✓ [Qwen/Qwen3-14B] Temp=0.0 Rep=1 → Concordo fortemente
[2026-05-12 12:12:52,704][__main__][INFO] - ✓ [Qwen/Qwen3-14B] Temp=0.0 Rep=1 → Concordo fortemente
[2026-05-12 12:12:52,807][__main__][INFO] - ✓ [Qwen/Qwen3-235B-A22B-Instruct-2507] Temp=0.0 Rep=1 → Concordo
[2026-05-12 12:12:53,009][__main__][INFO] - ✓ [Qwen/Qwen3-14B] Temp=0.0 Rep=1 → Concordo fortemente
[2026-05-12 12:12:53,561][__main__][INFO] - ✓ [Qwen/Qwen3-235B-A22B-Instruct-2507] Temp=0.0 Rep=1 → Concordo
[2026-05-12 12:12:53,628][__main__][INFO] - ✓ [meta-llama/Meta-Llama-3.1-70B-Instruct] Temp=0.0 Rep=1 → Concordo
[2026-05-12 12:12:54,056][__main__][INFO] - ✓ [Qwen/Qwen3-235B-A22B-Instruct-2507] Temp=0.0 Rep=1 → Concordo
[2026-05-12 12:12:54,433][__main__][INFO] - ✓ [meta-llama/Llama-4-Scout-17B-16E-Instruct] Temp=0.0 Rep=1 → Concordo fortemente
[2026-05-12 12:12:54,580][__main__][INFO] - ✓ [meta-llama/Meta-Llama-3.1-70B-Instruct] Temp=0.0 Rep=1 → Concordo
[2026-05-12 12:12:54,673][__main__][INFO] - ✓ [meta-llama/Meta-Llama-3.1-70B-Instruct] Temp=0.0 Rep=1 → Concordo
[2026-05-12 12:12:54,819][__main__][INFO] - ✓ [meta-llama/Llama-4-Scout-17B-16E-Instruct] Temp=0.0 Rep=1 → Concordo
[2026-05-12 12:12:55,196][__main__][INFO] - ✓ [meta-llama/Llama-4-Scout-17B-16E-Instruct] Temp=0.0 Rep=1 → Concordo
[2026-05-12 12:12:55,633][__main__][INFO] - ✓ [Qwen/Qwen3-14B] Temp=0.0 Rep=1 → Concordo fortemente
[2026-05-12 12:12:56,751][__main__][INFO] - Salvamento incremental (2000 novas respostas)...
[2026-05-12 12:12:56,806][__main__][INFO] - Cache salvo com 242402 entradas
[2026-05-12 12:12:56,806][__main__][INFO] - ✓ [Qwen/Qwen3-235B-A22B-Instruct-2507] Temp=0.0 Rep=1 → Concordo fortemente
[2026-05-12 12:12:56,921][__main__][INFO] - ✓ [Qwen/Qwen3-14B] Temp=0.0 Rep=1 → Concordo fortemente
[2026-05-12 12:12:57,553][__main__][INFO] - ✓ [Qwen/Qwen3-235B-A22B-Instruct-2507] Temp=0.0 Rep=1 → Concordo fortemente
[2026-05-12 12:12:58,065][__main__][INFO] - ✓ [Qwen/Qwen3-235B-A22B-Instruct-2507] Temp=0.0 Rep=1 → Concordo fortemente
[2026-05-12 12:12:58,784][__main__][INFO] - ✓ [meta-llama/Meta-Llama-3.1-70B-Instruct] Temp=0.0 Rep=1 → Concordo fortemente
[2026-05-12 12:12:58,787][__main__][INFO] - ✓ [meta-llama/Meta-Llama-3.1-70B-Instruct] Temp=0.0 Rep=1 → Concordo
[2026-05-12 12:12:59,396][__main__][INFO] - ✓ [meta-llama/Llama-4-Scout-17B-16E-Instruct] Temp=0.0 Rep=1 → Concordo fortemente
[2026-05-12 12:12:59,843][__main__][INFO] - ✓ [meta-llama/Llama-4-Scout-17B-16E-Instruct] Temp=0.0 Rep=1 → Concordo fortemente
[2026-05-12 12:12:59,881][__main__][INFO] - ✓ [meta-llama/Meta-Llama-3.1-70B-Instruct] Temp=0.0 Rep=1 → Concordo fortemente
[2026-05-12 12:12:59,932][__main__][INFO] - ✓ [Qwen/Qwen3-14B] Temp=0.0 Rep=1 → Concordo fortemente
[2026-05-12 12:13:00,190][__main__][INFO] - ✓ [meta-llama/Llama-4-Scout-17B-16E-Instruct] Temp=0.0 Rep=1 → Concordo fortemente
[2026-05-12 12:13:00,241][__main__][INFO] - ✓ [Qwen/Qwen3-14B] Temp=0.0 Rep=1 → Concordo fortemente
[2026-05-12 12:13:01,240][__main__][INFO] - ✓ [Qwen/Qwen3-235B-A22B-Instruct-2507] Temp=0.0 Rep=1 → Concordo fortemente
[2026-05-12 12:13:02,004][__main__][INFO] - ✓ [Qwen/Qwen3-14B] Temp=0.0 Rep=1 → Concordo fortemente
[2026-05-12 12:13:02,098][__main__][INFO] - ✓ [Qwen/Qwen3-235B-A22B-Instruct-2507] Temp=0.0 Rep=1 → Concordo
[2026-05-12 12:13:02,528][__main__][INFO] - ✓ [Qwen/Qwen3-14B] Temp=0.0 Rep=1 → Concordo fortemente
[2026-05-12 12:13:02,777][__main__][INFO] - ✓ [meta-llama/Meta-Llama-3.1-70B-Instruct] Temp=0.0 Rep=1 → Concordo
[2026-05-12 12:13:02,968][__main__][INFO] - ✓ [Qwen/Qwen3-235B-A22B-Instruct-2507] Temp=0.0 Rep=1 → Concordo
[2026-05-12 12:13:03,053][__main__][INFO] - ✓ [meta-llama/Meta-Llama-3.1-70B-Instruct] Temp=0.0 Rep=1 → Concordo
[2026-05-12 12:13:03,493][__main__][INFO] - ✓ [meta-llama/Llama-4-Scout-17B-16E-Instruct] Temp=0.0 Rep=1 → Concordo
[2026-05-12 12:13:03,545][__main__][INFO] - ✓ [meta-llama/Meta-Llama-3.1-70B-Instruct] Temp=0.0 Rep=1 → Concordo
[2026-05-12 12:13:03,564][__main__][INFO] - ✓ [meta-llama/Llama-4-Scout-17B-16E-Instruct] Temp=0.0 Rep=1 → Concordo
[2026-05-12 12:13:03,843][__main__][INFO] - ✓ [meta-llama/Llama-4-Scout-17B-16E-Instruct] Temp=0.0 Rep=1 → Concordo
[2026-05-12 12:13:05,671][__main__][INFO] - ✓ [Qwen/Qwen3-14B] Temp=0.0 Rep=1 → Concordo fortemente
[2026-05-12 12:13:07,384][__main__][INFO] - ✓ [Qwen/Qwen3-235B-A22B-Instruct-2507] Temp=0.0 Rep=1 → Concordo fortemente
[2026-05-12 12:13:08,277][__main__][INFO] - ✓ [Qwen/Qwen3-14B] Temp=0.0 Rep=1 → Concordo fortemente
[2026-05-12 12:13:08,625][__main__][INFO] - ✓ [Qwen/Qwen3-14B] Temp=0.0 Rep=1 → Concordo fortemente
[2026-05-12 12:13:08,733][__main__][INFO] - ✓ [Qwen/Qwen3-235B-A22B-Instruct-2507] Temp=0.0 Rep=1 → Concordo fortemente
[2026-05-12 12:13:09,263][__main__][INFO] - ✓ [meta-llama/Meta-Llama-3.1-70B-Instruct] Temp=0.0 Rep=1 → Concordo fortemente
[2026-05-12 12:13:09,267][__main__][INFO] - ✓ [meta-llama/Meta-Llama-3.1-70B-Instruct] Temp=0.0 Rep=1 → Concordo
[2026-05-12 12:13:09,647][__main__][INFO] - ✓ [meta-llama/Llama-4-Scout-17B-16E-Instruct] Temp=0.0 Rep=1 → Concordo fortemente
[2026-05-12 12:13:09,816][__main__][INFO] - ✓ [meta-llama/Meta-Llama-3.1-70B-Instruct] Temp=0.0 Rep=1 → Concordo fortemente
[2026-05-12 12:13:09,875][__main__][INFO] - ✓ [Qwen/Qwen3-235B-A22B-Instruct-2507] Temp=0.0 Rep=1 → Concordo fortemente
[2026-05-12 12:13:10,044][__main__][INFO] - ✓ [meta-llama/Llama-4-Scout-17B-16E-Instruct] Temp=0.0 Rep=1 → Concordo fortemente
[2026-05-12 12:13:10,073][__main__][INFO] - ✓ [Qwen/Qwen3-14B] Temp=0.0 Rep=1 → Concordo fortemente
[2026-05-12 12:13:10,172][__main__][INFO] - ✓ [meta-llama/Llama-4-Scout-17B-16E-Instruct] Temp=0.0 Rep=1 → Concordo fortemente
[2026-05-12 12:13:11,102][__main__][INFO] - ✓ [Qwen/Qwen3-235B-A22B-Instruct-2507] Temp=0.0 Rep=1 → Concordo
[2026-05-12 12:13:11,966][__main__][INFO] - ✓ [Qwen/Qwen3-14B] Temp=0.0 Rep=1 → Concordo fortemente
[2026-05-12 12:13:12,404][__main__][INFO] - ✓ [Qwen/Qwen3-14B] Temp=0.0 Rep=1 → Concordo fortemente
[2026-05-12 12:13:12,406][__main__][INFO] - ✓ [Qwen/Qwen3-235B-A22B-Instruct-2507] Temp=0.0 Rep=1 → Discordo
[2026-05-12 12:13:12,928][__main__][INFO] - Salvamento incremental (2040 novas respostas)...
[2026-05-12 12:13:12,994][__main__][INFO] - Cache salvo com 242442 entradas
[2026-05-12 12:13:12,995][__main__][INFO] - ✓ [meta-llama/Meta-Llama-3.1-70B-Instruct] Temp=0.0 Rep=1 → Concordo
[2026-05-12 12:13:12,997][__main__][INFO] - ✓ [meta-llama/Meta-Llama-3.1-70B-Instruct] Temp=0.0 Rep=1 → Concordo
[2026-05-12 12:13:12,998][__main__][INFO] - ✓ [Qwen/Qwen3-14B] Temp=0.0 Rep=1 → Concordo fortemente
[2026-05-12 12:13:12,999][__main__][INFO] - ✓ [Qwen/Qwen3-235B-A22B-Instruct-2507] Temp=0.0 Rep=1 → Neutro
[2026-05-12 12:13:13,453][__main__][INFO] - ✓ [meta-llama/Llama-4-Scout-17B-16E-Instruct] Temp=0.0 Rep=1 → Concordo
[2026-05-12 12:13:13,457][__main__][INFO] - ✓ [meta-llama/Llama-4-Scout-17B-16E-Instruct] Temp=0.0 Rep=1 → Concordo fortemente
[2026-05-12 12:13:13,458][__main__][INFO] - ✓ [meta-llama/Llama-4-Scout-17B-16E-Instruct] Temp=0.0 Rep=1 → Concordo fortemente
[2026-05-12 12:13:13,521][__main__][INFO] - ✓ [meta-llama/Meta-Llama-3.1-70B-Instruct] Temp=0.0 Rep=1 → Concordo
[2026-05-12 12:13:13,785][__main__][INFO] - ✓ [Qwen/Qwen3-14B] Temp=0.0 Rep=1 → Concordo fortemente
[2026-05-12 12:13:14,090][__main__][INFO] - ✓ [Qwen/Qwen3-235B-A22B-Instruct-2507] Temp=0.0 Rep=1 → Concordo fortemente
[2026-05-12 12:13:14,341][__main__][INFO] - ✓ [Qwen/Qwen3-235B-A22B-Instruct-2507] Temp=0.0 Rep=1 → Discordo
[2026-05-12 12:13:14,570][__main__][INFO] - ✓ [Qwen/Qwen3-235B-A22B-Instruct-2507] Temp=0.0 Rep=1 → Concordo fortemente
[2026-05-12 12:13:15,026][__main__][INFO] - ✓ [meta-llama/Meta-Llama-3.1-70B-Instruct] Temp=0.0 Rep=1 → Concordo fortemente
[2026-05-12 12:13:15,107][__main__][INFO] - ✓ [meta-llama/Meta-Llama-3.1-70B-Instruct] Temp=0.0 Rep=1 → Neutro
[2026-05-12 12:13:15,230][__main__][INFO] - ✓ [Qwen/Qwen3-14B] Temp=0.0 Rep=1 → Concordo fortemente
[2026-05-12 12:13:15,421][__main__][INFO] - ✓ [meta-llama/Llama-4-Scout-17B-16E-Instruct] Temp=0.0 Rep=1 → Concordo fortemente
[2026-05-12 12:13:15,609][__main__][INFO] - ✓ [meta-llama/Meta-Llama-3.1-70B-Instruct] Temp=0.0 Rep=1 → Concordo fortemente
[2026-05-12 12:13:15,699][__main__][INFO] - ✓ [meta-llama/Llama-4-Scout-17B-16E-Instruct] Temp=0.0 Rep=1 → Discordo
[2026-05-12 12:13:15,755][__main__][INFO] - ✓ [meta-llama/Llama-4-Scout-17B-16E-Instruct] Temp=0.0 Rep=1 → Concordo fortemente
[2026-05-12 12:13:19,471][__main__][INFO] - ✓ [Qwen/Qwen3-14B] Temp=0.0 Rep=1 → Concordo fortemente
[2026-05-12 12:13:19,776][__main__][INFO] - ✓ [Qwen/Qwen3-14B] Temp=0.0 Rep=1 → Concordo fortemente
[2026-05-12 12:13:19,979][__main__][INFO] - ✓ [Qwen/Qwen3-235B-A22B-Instruct-2507] Temp=0.0 Rep=1 → Concordo
[2026-05-12 12:13:20,270][__main__][INFO] - ✓ [Qwen/Qwen3-235B-A22B-Instruct-2507] Temp=0.0 Rep=1 → Neutro
[2026-05-12 12:13:20,542][__main__][INFO] - ✓ [Qwen/Qwen3-235B-A22B-Instruct-2507] Temp=0.0 Rep=1 → Neutro
[2026-05-12 12:13:20,795][__main__][INFO] - ✓ [meta-llama/Meta-Llama-3.1-70B-Instruct] Temp=0.0 Rep=1 → Concordo
[2026-05-12 12:13:21,051][__main__][INFO] - ✓ [meta-llama/Meta-Llama-3.1-70B-Instruct] Temp=0.0 Rep=1 → Concordo
[2026-05-12 12:13:21,332][__main__][INFO] - ✓ [meta-llama/Meta-Llama-3.1-70B-Instruct] Temp=0.0 Rep=1 → Concordo
[2026-05-12 12:13:21,455][__main__][INFO] - ✓ [meta-llama/Llama-4-Scout-17B-16E-Instruct] Temp=0.0 Rep=1 → Concordo fortemente
[2026-05-12 12:13:21,843][__main__][INFO] - ✓ [meta-llama/Llama-4-Scout-17B-16E-Instruct] Temp=0.0 Rep=1 → Concordo
[2026-05-12 12:13:21,847][__main__][INFO] - ✓ [meta-llama/Llama-4-Scout-17B-16E-Instruct] Temp=0.0 Rep=1 → Concordo
[2026-05-12 12:13:23,462][__main__][INFO] - ✓ [Qwen/Qwen3-14B] Temp=0.0 Rep=1 → Concordo fortemente
[2026-05-12 12:13:23,465][__main__][INFO] - ✓ [Qwen/Qwen3-14B] Temp=0.0 Rep=1 → Concordo fortemente
[2026-05-12 12:13:23,470][__main__][INFO] - ✓ [Qwen/Qwen3-14B] Temp=0.0 Rep=1 → Concordo fortemente
[2026-05-12 12:13:23,938][__main__][INFO] - ✓ [Qwen/Qwen3-235B-A22B-Instruct-2507] Temp=0.0 Rep=1 → Concordo
[2026-05-12 12:13:24,689][__main__][INFO] - ✓ [Qwen/Qwen3-235B-A22B-Instruct-2507] Temp=0.0 Rep=1 → Concordo fortemente
[2026-05-12 12:13:24,749][__main__][INFO] - ✓ [Qwen/Qwen3-235B-A22B-Instruct-2507] Temp=0.0 Rep=1 → Neutro
[2026-05-12 12:13:25,305][__main__][INFO] - ✓ [meta-llama/Meta-Llama-3.1-70B-Instruct] Temp=0.0 Rep=1 → Discordo
[2026-05-12 12:13:25,358][__main__][INFO] - ✓ [meta-llama/Meta-Llama-3.1-70B-Instruct] Temp=0.0 Rep=1 → Concordo fortemente
[2026-05-12 12:13:25,739][__main__][INFO] - ✓ [meta-llama/Llama-4-Scout-17B-16E-Instruct] Temp=0.0 Rep=1 → Concordo fortemente
[2026-05-12 12:13:25,893][__main__][INFO] - ✓ [meta-llama/Meta-Llama-3.1-70B-Instruct] Temp=0.0 Rep=1 → Concordo fortemente
[2026-05-12 12:13:25,923][__main__][INFO] - Salvamento incremental (2080 novas respostas)...
[2026-05-12 12:13:25,977][__main__][INFO] - Cache salvo com 242482 entradas
[2026-05-12 12:13:25,977][__main__][INFO] - ✓ [Qwen/Qwen3-14B] Temp=0.0 Rep=1 → Concordo fortemente
[2026-05-12 12:13:26,260][__main__][INFO] - ✓ [Qwen/Qwen3-14B] Temp=0.0 Rep=1 → Concordo fortemente
[2026-05-12 12:13:26,313][__main__][INFO] - ✓ [meta-llama/Llama-4-Scout-17B-16E-Instruct] Temp=0.0 Rep=1 → Discordo
[2026-05-12 12:13:26,353][__main__][INFO] - ✓ [meta-llama/Llama-4-Scout-17B-16E-Instruct] Temp=0.0 Rep=1 → Concordo fortemente
[2026-05-12 12:13:27,310][__main__][INFO] - ✓ [Qwen/Qwen3-235B-A22B-Instruct-2507] Temp=0.0 Rep=1 → Concordo
[2026-05-12 12:13:27,498][__main__][INFO] - ✓ [Qwen/Qwen3-14B] Temp=0.0 Rep=1 → Concordo fortemente
[2026-05-12 12:13:27,807][__main__][INFO] - ✓ [Qwen/Qwen3-235B-A22B-Instruct-2507] Temp=0.0 Rep=1 → Neutro
[2026-05-12 12:13:27,904][__main__][INFO] - ✓ [Qwen/Qwen3-14B] Temp=0.0 Rep=1 → Neutro
[2026-05-12 12:13:28,225][__main__][INFO] - ✓ [Qwen/Qwen3-235B-A22B-Instruct-2507] Temp=0.0 Rep=1 → Neutro
[2026-05-12 12:13:28,362][__main__][INFO] - ✓ [meta-llama/Meta-Llama-3.1-70B-Instruct] Temp=0.0 Rep=1 → Concordo
[2026-05-12 12:13:28,366][__main__][INFO] - ✓ [meta-llama/Meta-Llama-3.1-70B-Instruct] Temp=0.0 Rep=1 → Concordo
[2026-05-12 12:13:28,681][__main__][INFO] - ✓ [meta-llama/Llama-4-Scout-17B-16E-Instruct] Temp=0.0 Rep=1 → Concordo fortemente
[2026-05-12 12:13:28,776][__main__][INFO] - ✓ [meta-llama/Llama-4-Scout-17B-16E-Instruct] Temp=0.0 Rep=1 → Concordo fortemente
[2026-05-12 12:13:28,822][__main__][INFO] - ✓ [Qwen/Qwen3-14B] Temp=0.0 Rep=1 → Concordo fortemente
[2026-05-12 12:13:28,826][__main__][INFO] - ✓ [meta-llama/Meta-Llama-3.1-70B-Instruct] Temp=0.0 Rep=1 → Concordo
[2026-05-12 12:13:29,181][__main__][INFO] - ✓ [meta-llama/Llama-4-Scout-17B-16E-Instruct] Temp=0.0 Rep=1 → Concordo
[2026-05-12 12:13:29,912][__main__][INFO] - ✓ [Qwen/Qwen3-235B-A22B-Instruct-2507] Temp=0.0 Rep=1 → Concordo fortemente
[2026-05-12 12:13:30,628][__main__][INFO] - ✓ [Qwen/Qwen3-235B-A22B-Instruct-2507] Temp=0.0 Rep=1 → Discordo
[2026-05-12 12:13:31,448][__main__][INFO] - ✓ [Qwen/Qwen3-235B-A22B-Instruct-2507] Temp=0.0 Rep=1 → Neutro
[2026-05-12 12:13:31,970][__main__][INFO] - ✓ [meta-llama/Meta-Llama-3.1-70B-Instruct] Temp=0.0 Rep=1 → Concordo fortemente
[2026-05-12 12:13:32,472][__main__][INFO] - ✓ [meta-llama/Meta-Llama-3.1-70B-Instruct] Temp=0.0 Rep=1 → Discordo
[2026-05-12 12:13:33,087][__main__][INFO] - ✓ [meta-llama/Meta-Llama-3.1-70B-Instruct] Temp=0.0 Rep=1 → Concordo fortemente
[2026-05-12 12:13:33,132][__main__][INFO] - ✓ [Qwen/Qwen3-14B] Temp=0.0 Rep=1 → Discordo
[2026-05-12 12:13:33,463][__main__][INFO] - ✓ [meta-llama/Llama-4-Scout-17B-16E-Instruct] Temp=0.0 Rep=1 → Concordo fortemente
[2026-05-12 12:13:33,498][__main__][INFO] - ✓ [meta-llama/Llama-4-Scout-17B-16E-Instruct] Temp=0.0 Rep=1 → Discordo
[2026-05-12 12:13:33,900][__main__][INFO] - ✓ [meta-llama/Llama-4-Scout-17B-16E-Instruct] Temp=0.0 Rep=1 → Concordo fortemente
[2026-05-12 12:13:34,724][__main__][INFO] - ✓ [Qwen/Qwen3-14B] Temp=0.0 Rep=1 → Concordo fortemente
[2026-05-12 12:13:35,851][__main__][INFO] - ✓ [Qwen/Qwen3-14B] Temp=0.0 Rep=1 → Concordo fortemente
[2026-05-12 12:13:36,603][__main__][INFO] - ✓ [Qwen/Qwen3-14B] Temp=0.0 Rep=1 → Concordo fortemente
[2026-05-12 12:13:36,605][__main__][INFO] - ✓ [Qwen/Qwen3-235B-A22B-Instruct-2507] Temp=0.0 Rep=1 → Concordo
[2026-05-12 12:13:37,796][__main__][INFO] - ✓ [Qwen/Qwen3-235B-A22B-Instruct-2507] Temp=0.0 Rep=1 → Discordo fortemente
[2026-05-12 12:13:37,800][__main__][INFO] - ✓ [Qwen/Qwen3-235B-A22B-Instruct-2507] Temp=0.0 Rep=1 → Concordo fortemente
[2026-05-12 12:13:38,324][__main__][INFO] - ✓ [meta-llama/Meta-Llama-3.1-70B-Instruct] Temp=0.0 Rep=1 → Concordo
[2026-05-12 12:13:38,394][__main__][INFO] - ✓ [meta-llama/Meta-Llama-3.1-70B-Instruct] Temp=0.0 Rep=1 → Concordo fortemente
[2026-05-12 12:13:38,815][__main__][INFO] - ✓ [meta-llama/Llama-4-Scout-17B-16E-Instruct] Temp=0.0 Rep=1 → Discordo
[2026-05-12 12:13:38,819][__main__][INFO] - ✓ [meta-llama/Meta-Llama-3.1-70B-Instruct] Temp=0.0 Rep=1 → Concordo
[2026-05-12 12:13:38,890][__main__][INFO] - ✓ [Qwen/Qwen3-14B] Temp=0.0 Rep=1 → Neutro
[2026-05-12 12:13:38,894][__main__][INFO] - ✓ [Qwen/Qwen3-14B] Temp=0.0 Rep=1 → Concordo fortemente
[2026-05-12 12:13:39,166][__main__][INFO] - ✓ [meta-llama/Llama-4-Scout-17B-16E-Instruct] Temp=0.0 Rep=1 → Discordo
[2026-05-12 12:13:39,173][__main__][INFO] - ✓ [meta-llama/Llama-4-Scout-17B-16E-Instruct] Temp=0.0 Rep=1 → Concordo fortemente
[2026-05-12 12:13:39,947][__main__][INFO] - Salvamento incremental (2120 novas respostas)...
[2026-05-12 12:13:40,001][__main__][INFO] - Cache salvo com 242522 entradas
[2026-05-12 12:13:40,001][__main__][INFO] - ✓ [Qwen/Qwen3-235B-A22B-Instruct-2507] Temp=0.0 Rep=1 → Discordo
[2026-05-12 12:13:41,103][__main__][INFO] - ✓ [Qwen/Qwen3-235B-A22B-Instruct-2507] Temp=0.0 Rep=1 → Concordo fortemente
[2026-05-12 12:13:41,852][__main__][INFO] - ✓ [Qwen/Qwen3-235B-A22B-Instruct-2507] Temp=0.0 Rep=1 → Neutro
[2026-05-12 12:13:42,373][__main__][INFO] - ✓ [meta-llama/Meta-Llama-3.1-70B-Instruct] Temp=0.0 Rep=1 → Discordo
[2026-05-12 12:13:43,019][__main__][INFO] - ✓ [meta-llama/Meta-Llama-3.1-70B-Instruct] Temp=0.0 Rep=1 → Concordo fortemente
[2026-05-12 12:13:43,634][__main__][INFO] - ✓ [meta-llama/Meta-Llama-3.1-70B-Instruct] Temp=0.0 Rep=1 → Concordo
[2026-05-12 12:13:44,252][__main__][INFO] - ✓ [meta-llama/Llama-4-Scout-17B-16E-Instruct] Temp=0.0 Rep=1 → Discordo
[2026-05-12 12:13:44,609][__main__][INFO] - ✓ [meta-llama/Llama-4-Scout-17B-16E-Instruct] Temp=0.0 Rep=1 → Concordo fortemente
[2026-05-12 12:13:44,944][__main__][INFO] - ✓ [Qwen/Qwen3-14B] Temp=0.0 Rep=1 → Concordo fortemente
[2026-05-12 12:13:44,968][__main__][INFO] - ✓ [meta-llama/Llama-4-Scout-17B-16E-Instruct] Temp=0.0 Rep=1 → Discordo
[2026-05-12 12:13:52,954][__main__][INFO] - ✓ [Qwen/Qwen3-14B] Temp=0.0 Rep=1 → Discordo
[2026-05-12 12:13:52,958][__main__][INFO] - ✓ [Qwen/Qwen3-14B] Temp=0.0 Rep=1 → Concordo fortemente
[2026-05-12 12:13:53,862][__main__][INFO] - ✓ [Qwen/Qwen3-14B] Temp=0.0 Rep=1 → Concordo fortemente
[2026-05-12 12:13:54,103][__main__][INFO] - ✓ [Qwen/Qwen3-235B-A22B-Instruct-2507] Temp=0.0 Rep=1 → Concordo fortemente
[2026-05-12 12:13:55,409][__main__][INFO] - ✓ [Qwen/Qwen3-235B-A22B-Instruct-2507] Temp=0.0 Rep=1 → Concordo fortemente
[2026-05-12 12:13:55,591][__main__][INFO] - ✓ [Qwen/Qwen3-235B-A22B-Instruct-2507] Temp=0.0 Rep=1 → Concordo fortemente
[2026-05-12 12:13:56,227][__main__][INFO] - ✓ [Qwen/Qwen3-14B] Temp=0.0 Rep=1 → Concordo fortemente
[2026-05-12 12:13:56,443][__main__][INFO] - ✓ [meta-llama/Meta-Llama-3.1-70B-Instruct] Temp=0.0 Rep=1 → Concordo
[2026-05-12 12:13:56,447][__main__][INFO] - ✓ [meta-llama/Meta-Llama-3.1-70B-Instruct] Temp=0.0 Rep=1 → Concordo fortemente
[2026-05-12 12:13:57,049][__main__][INFO] - ✓ [meta-llama/Meta-Llama-3.1-70B-Instruct] Temp=0.0 Rep=1 → Concordo fortemente
[2026-05-12 12:13:57,053][__main__][INFO] - ✓ [meta-llama/Llama-4-Scout-17B-16E-Instruct] Temp=0.0 Rep=1 → Concordo fortemente
[2026-05-12 12:13:57,053][__main__][INFO] - ✓ [meta-llama/Llama-4-Scout-17B-16E-Instruct] Temp=0.0 Rep=1 → Concordo fortemente
[2026-05-12 12:13:57,491][__main__][INFO] - ✓ [meta-llama/Llama-4-Scout-17B-16E-Instruct] Temp=0.0 Rep=1 → Concordo fortemente
[2026-05-12 12:13:58,176][__main__][INFO] - ✓ [Qwen/Qwen3-14B] Temp=0.0 Rep=1 → Concordo fortemente
[2026-05-12 12:13:58,641][__main__][INFO] - ✓ [Qwen/Qwen3-235B-A22B-Instruct-2507] Temp=0.0 Rep=1 → Discordo
[2026-05-12 12:13:59,711][__main__][INFO] - ✓ [Qwen/Qwen3-235B-A22B-Instruct-2507] Temp=0.0 Rep=1 → Concordo fortemente
[2026-05-12 12:14:00,530][__main__][INFO] - ✓ [Qwen/Qwen3-235B-A22B-Instruct-2507] Temp=0.0 Rep=1 → Neutro
[2026-05-12 12:14:01,025][__main__][INFO] - ✓ [meta-llama/Meta-Llama-3.1-70B-Instruct] Temp=0.0 Rep=1 → Discordo
[2026-05-12 12:14:01,754][__main__][INFO] - ✓ [meta-llama/Meta-Llama-3.1-70B-Instruct] Temp=0.0 Rep=1 → Concordo fortemente
[2026-05-12 12:14:01,855][__main__][INFO] - ✓ [Qwen/Qwen3-14B] Temp=0.0 Rep=1 → Concordo fortemente
[2026-05-12 12:14:02,310][__main__][INFO] - ✓ [meta-llama/Meta-Llama-3.1-70B-Instruct] Temp=0.0 Rep=1 → Concordo
[2026-05-12 12:14:02,734][__main__][INFO] - ✓ [meta-llama/Llama-4-Scout-17B-16E-Instruct] Temp=0.0 Rep=1 → Discordo fortemente
[2026-05-12 12:14:02,768][__main__][INFO] - ✓ [meta-llama/Llama-4-Scout-17B-16E-Instruct] Temp=0.0 Rep=1 → Concordo fortemente
[2026-05-12 12:14:03,260][__main__][INFO] - ✓ [meta-llama/Llama-4-Scout-17B-16E-Instruct] Temp=0.0 Rep=1 → Concordo
[2026-05-12 12:14:04,112][__main__][INFO] - ✓ [Qwen/Qwen3-14B] Temp=0.0 Rep=1 → Concordo fortemente
[2026-05-12 12:14:08,578][__main__][INFO] - ✓ [Qwen/Qwen3-14B] Temp=0.0 Rep=1 → Concordo fortemente
[2026-05-12 12:14:09,234][__main__][INFO] - ✓ [Qwen/Qwen3-235B-A22B-Instruct-2507] Temp=0.0 Rep=1 → Concordo fortemente
[2026-05-12 12:14:09,300][__main__][INFO] - ✓ [Qwen/Qwen3-14B] Temp=0.0 Rep=1 → Concordo fortemente
[2026-05-12 12:14:10,257][__main__][INFO] - ✓ [Qwen/Qwen3-235B-A22B-Instruct-2507] Temp=0.0 Rep=1 → Concordo fortemente
[2026-05-12 12:14:10,465][__main__][INFO] - ✓ [Qwen/Qwen3-235B-A22B-Instruct-2507] Temp=0.0 Rep=1 → Concordo fortemente
[2026-05-12 12:14:10,900][__main__][INFO] - Salvamento incremental (2160 novas respostas)...
[2026-05-12 12:14:10,956][__main__][INFO] - Cache salvo com 242562 entradas
[2026-05-12 12:14:10,956][__main__][INFO] - ✓ [meta-llama/Meta-Llama-3.1-70B-Instruct] Temp=0.0 Rep=1 → Concordo fortemente
[2026-05-12 12:14:11,123][__main__][INFO] - ✓ [meta-llama/Meta-Llama-3.1-70B-Instruct] Temp=0.0 Rep=1 → Concordo
[2026-05-12 12:14:11,252][__main__][INFO] - ✓ [Qwen/Qwen3-14B] Temp=0.0 Rep=1 → Concordo fortemente
[2026-05-12 12:14:11,544][__main__][INFO] - ✓ [meta-llama/Llama-4-Scout-17B-16E-Instruct] Temp=0.0 Rep=1 → Concordo fortemente
[2026-05-12 12:14:11,558][__main__][INFO] - ✓ [meta-llama/Llama-4-Scout-17B-16E-Instruct] Temp=0.0 Rep=1 → Concordo fortemente
[2026-05-12 12:14:11,561][__main__][INFO] - ✓ [meta-llama/Meta-Llama-3.1-70B-Instruct] Temp=0.0 Rep=1 → Concordo fortemente
[2026-05-12 12:14:11,927][__main__][INFO] - ✓ [meta-llama/Llama-4-Scout-17B-16E-Instruct] Temp=0.0 Rep=1 → Concordo fortemente
[2026-05-12 12:14:12,228][__main__][INFO] - ✓ [Qwen/Qwen3-14B] Temp=0.0 Rep=1 → Discordo
[2026-05-12 12:14:12,491][__main__][INFO] - ✓ [Qwen/Qwen3-14B] Temp=0.0 Rep=1 → Concordo fortemente
[2026-05-12 12:14:12,698][__main__][INFO] - ✓ [Qwen/Qwen3-14B] Temp=0.0 Rep=1 → Concordo fortemente
[2026-05-12 12:14:13,125][__main__][INFO] - ✓ [Qwen/Qwen3-235B-A22B-Instruct-2507] Temp=0.0 Rep=1 → Concordo fortemente
[2026-05-12 12:14:13,255][__main__][INFO] - ✓ [Qwen/Qwen3-14B] Temp=0.0 Rep=1 → Concordo fortemente
[2026-05-12 12:14:13,842][__main__][INFO] - ✓ [Qwen/Qwen3-14B] Temp=0.0 Rep=1 → Concordo fortemente
[2026-05-12 12:14:13,846][__main__][INFO] - ✓ [meta-llama/Meta-Llama-3.1-70B-Instruct] Temp=0.0 Rep=1 → Concordo
[2026-05-12 12:14:13,902][__main__][INFO] - ✓ [meta-llama/Meta-Llama-3.1-70B-Instruct] Temp=0.0 Rep=1 → Concordo fortemente
[2026-05-12 12:14:14,268][__main__][INFO] - ✓ [Qwen/Qwen3-235B-A22B-Instruct-2507] Temp=0.0 Rep=1 → Concordo fortemente
[2026-05-12 12:14:14,301][__main__][INFO] - ✓ [meta-llama/Llama-4-Scout-17B-16E-Instruct] Temp=0.0 Rep=1 → Concordo fortemente
[2026-05-12 12:14:14,349][__main__][INFO] - ✓ [Qwen/Qwen3-235B-A22B-Instruct-2507] Temp=0.0 Rep=1 → Concordo fortemente
[2026-05-12 12:14:14,377][__main__][INFO] - ✓ [meta-llama/Llama-4-Scout-17B-16E-Instruct] Temp=0.0 Rep=1 → Concordo fortemente
[2026-05-12 12:14:14,464][__main__][INFO] - ✓ [meta-llama/Meta-Llama-3.1-70B-Instruct] Temp=0.0 Rep=1 → Concordo fortemente
[2026-05-12 12:14:14,792][__main__][INFO] - ✓ [meta-llama/Llama-4-Scout-17B-16E-Instruct] Temp=0.0 Rep=1 → Concordo fortemente
[2026-05-12 12:14:15,891][__main__][INFO] - ✓ [Qwen/Qwen3-235B-A22B-Instruct-2507] Temp=0.0 Rep=1 → Discordo
[2026-05-12 12:14:15,894][__main__][INFO] - ✓ [Qwen/Qwen3-235B-A22B-Instruct-2507] Temp=0.0 Rep=1 → Concordo fortemente
[2026-05-12 12:14:16,607][__main__][INFO] - ✓ [meta-llama/Meta-Llama-3.1-70B-Instruct] Temp=0.0 Rep=1 → Concordo fortemente
[2026-05-12 12:14:16,732][__main__][INFO] - ✓ [Qwen/Qwen3-235B-A22B-Instruct-2507] Temp=0.0 Rep=1 → Concordo fortemente
[2026-05-12 12:14:17,119][__main__][INFO] - ✓ [meta-llama/Meta-Llama-3.1-70B-Instruct] Temp=0.0 Rep=1 → Discordo
[2026-05-12 12:14:17,415][__main__][INFO] - ✓ [meta-llama/Meta-Llama-3.1-70B-Instruct] Temp=0.0 Rep=1 → Concordo fortemente
[2026-05-12 12:14:17,508][__main__][INFO] - ✓ [meta-llama/Llama-4-Scout-17B-16E-Instruct] Temp=0.0 Rep=1 → Concordo fortemente
[2026-05-12 12:14:17,730][__main__][INFO] - ✓ [meta-llama/Llama-4-Scout-17B-16E-Instruct] Temp=0.0 Rep=1 → Concordo fortemente
[2026-05-12 12:14:17,939][__main__][INFO] - ✓ [meta-llama/Llama-4-Scout-17B-16E-Instruct] Temp=0.0 Rep=1 → Concordo fortemente
[2026-05-12 12:14:19,156][__main__][INFO] - ✓ [Qwen/Qwen3-14B] Temp=0.0 Rep=1 → Concordo fortemente
[2026-05-12 12:14:19,885][__main__][INFO] - ✓ [Qwen/Qwen3-14B] Temp=0.0 Rep=1 → Concordo fortemente
[2026-05-12 12:14:20,599][__main__][INFO] - ✓ [Qwen/Qwen3-235B-A22B-Instruct-2507] Temp=0.0 Rep=1 → Discordo
[2026-05-12 12:14:21,318][__main__][INFO] - ✓ [Qwen/Qwen3-235B-A22B-Instruct-2507] Temp=0.0 Rep=1 → Discordo fortemente
[2026-05-12 12:14:21,608][__main__][INFO] - ✓ [Qwen/Qwen3-14B] Temp=0.0 Rep=1 → Concordo fortemente
[2026-05-12 12:14:21,969][__main__][INFO] - ✓ [Qwen/Qwen3-235B-A22B-Instruct-2507] Temp=0.0 Rep=1 → Neutro
[2026-05-12 12:14:22,132][__main__][INFO] - ✓ [meta-llama/Meta-Llama-3.1-70B-Instruct] Temp=0.0 Rep=1 → Discordo
[2026-05-12 12:14:22,200][__main__][INFO] - ✓ [Qwen/Qwen3-14B] Temp=0.0 Rep=1 → Concordo fortemente
[2026-05-12 12:14:22,554][__main__][INFO] - ✓ [meta-llama/Meta-Llama-3.1-70B-Instruct] Temp=0.0 Rep=1 → Concordo fortemente
[2026-05-12 12:14:22,561][__main__][INFO] - ✓ [meta-llama/Llama-4-Scout-17B-16E-Instruct] Temp=0.0 Rep=1 → Concordo fortemente
[2026-05-12 12:14:22,726][__main__][INFO] - Salvamento incremental (2200 novas respostas)...
[2026-05-12 12:14:22,784][__main__][INFO] - Cache salvo com 242602 entradas
[2026-05-12 12:14:22,784][__main__][INFO] - ✓ [meta-llama/Meta-Llama-3.1-70B-Instruct] Temp=0.0 Rep=1 → Concordo fortemente
[2026-05-12 12:14:22,994][__main__][INFO] - ✓ [Qwen/Qwen3-14B] Temp=0.0 Rep=1 → Discordo
[2026-05-12 12:14:23,038][__main__][INFO] - ✓ [meta-llama/Llama-4-Scout-17B-16E-Instruct] Temp=0.0 Rep=1 → Concordo fortemente
[2026-05-12 12:14:23,053][__main__][INFO] - ✓ [meta-llama/Llama-4-Scout-17B-16E-Instruct] Temp=0.0 Rep=1 → Concordo fortemente
[2026-05-12 12:14:23,775][__main__][INFO] - ✓ [Qwen/Qwen3-235B-A22B-Instruct-2507] Temp=0.0 Rep=1 → Discordo
[2026-05-12 12:14:24,799][__main__][INFO] - ✓ [Qwen/Qwen3-235B-A22B-Instruct-2507] Temp=0.0 Rep=1 → Discordo fortemente
[2026-05-12 12:14:25,414][__main__][INFO] - ✓ [Qwen/Qwen3-235B-A22B-Instruct-2507] Temp=0.0 Rep=1 → Neutro
[2026-05-12 12:14:25,863][__main__][INFO] - ✓ [meta-llama/Meta-Llama-3.1-70B-Instruct] Temp=0.0 Rep=1 → Discordo
[2026-05-12 12:14:26,456][__main__][INFO] - ✓ [meta-llama/Meta-Llama-3.1-70B-Instruct] Temp=0.0 Rep=1 → Concordo fortemente
[2026-05-12 12:14:26,913][__main__][INFO] - ✓ [meta-llama/Meta-Llama-3.1-70B-Instruct] Temp=0.0 Rep=1 → Concordo
[2026-05-12 12:14:27,386][__main__][INFO] - ✓ [meta-llama/Llama-4-Scout-17B-16E-Instruct] Temp=0.0 Rep=1 → Discordo fortemente
[2026-05-12 12:14:27,763][__main__][INFO] - ✓ [Qwen/Qwen3-14B] Temp=0.0 Rep=1 → Concordo fortemente
[2026-05-12 12:14:27,778][__main__][INFO] - ✓ [meta-llama/Llama-4-Scout-17B-16E-Instruct] Temp=0.0 Rep=1 → Concordo fortemente
[2026-05-12 12:14:28,205][__main__][INFO] - ✓ [meta-llama/Llama-4-Scout-17B-16E-Instruct] Temp=0.0 Rep=1 → Discordo fortemente
[2026-05-12 12:14:31,455][__main__][INFO] - ✓ [Qwen/Qwen3-14B] Temp=0.0 Rep=1 → Concordo fortemente
[2026-05-12 12:14:31,756][__main__][INFO] - ✓ [Qwen/Qwen3-14B] Temp=0.0 Rep=1 → Concordo fortemente
[2026-05-12 12:14:32,100][__main__][INFO] - ✓ [Qwen/Qwen3-14B] Temp=0.0 Rep=1 → Concordo fortemente
[2026-05-12 12:14:32,683][__main__][INFO] - ✓ [Qwen/Qwen3-235B-A22B-Instruct-2507] Temp=0.0 Rep=1 → Concordo fortemente
[2026-05-12 12:14:32,953][__main__][INFO] - ✓ [Qwen/Qwen3-235B-A22B-Instruct-2507] Temp=0.0 Rep=1 → Concordo
[2026-05-12 12:14:33,298][__main__][INFO] - ✓ [Qwen/Qwen3-235B-A22B-Instruct-2507] Temp=0.0 Rep=1 → Neutro
[2026-05-12 12:14:34,732][__main__][INFO] - ✓ [Qwen/Qwen3-14B] Temp=0.0 Rep=1 → Concordo fortemente
[2026-05-12 12:14:34,737][__main__][INFO] - ✓ [meta-llama/Meta-Llama-3.1-70B-Instruct] Temp=0.0 Rep=1 → Discordo
[2026-05-12 12:14:34,975][__main__][INFO] - ✓ [meta-llama/Meta-Llama-3.1-70B-Instruct] Temp=0.0 Rep=1 → Concordo fortemente
[2026-05-12 12:14:35,025][__main__][INFO] - ✓ [Qwen/Qwen3-14B] Temp=0.0 Rep=1 → Concordo fortemente
[2026-05-12 12:14:35,332][__main__][INFO] - ✓ [meta-llama/Llama-4-Scout-17B-16E-Instruct] Temp=0.0 Rep=1 → Discordo
[2026-05-12 12:14:35,336][__main__][INFO] - ✓ [meta-llama/Llama-4-Scout-17B-16E-Instruct] Temp=0.0 Rep=1 → Concordo fortemente
[2026-05-12 12:14:35,404][__main__][INFO] - ✓ [meta-llama/Llama-4-Scout-17B-16E-Instruct] Temp=0.0 Rep=1 → Concordo fortemente
[2026-05-12 12:14:35,424][__main__][INFO] - ✓ [meta-llama/Meta-Llama-3.1-70B-Instruct] Temp=0.0 Rep=1 → Concordo fortemente
[2026-05-12 12:14:36,063][__main__][INFO] - ✓ [Qwen/Qwen3-235B-A22B-Instruct-2507] Temp=0.0 Rep=1 → Concordo fortemente
[2026-05-12 12:14:36,883][__main__][INFO] - ✓ [Qwen/Qwen3-235B-A22B-Instruct-2507] Temp=0.0 Rep=1 → Concordo fortemente
[2026-05-12 12:14:36,886][__main__][INFO] - ✓ [Qwen/Qwen3-14B] Temp=0.0 Rep=1 → Concordo fortemente
[2026-05-12 12:14:37,497][__main__][INFO] - ✓ [Qwen/Qwen3-14B] Temp=0.0 Rep=1 → Concordo fortemente
[2026-05-12 12:14:37,764][__main__][INFO] - ✓ [meta-llama/Meta-Llama-3.1-70B-Instruct] Temp=0.0 Rep=1 → Concordo fortemente
[2026-05-12 12:14:37,942][__main__][INFO] - ✓ [meta-llama/Meta-Llama-3.1-70B-Instruct] Temp=0.0 Rep=1 → Discordo
[2026-05-12 12:14:38,107][__main__][INFO] - ✓ [Qwen/Qwen3-235B-A22B-Instruct-2507] Temp=0.0 Rep=1 → Concordo fortemente
[2026-05-12 12:14:38,403][__main__][INFO] - ✓ [meta-llama/Meta-Llama-3.1-70B-Instruct] Temp=0.0 Rep=1 → Concordo fortemente
[2026-05-12 12:14:38,648][__main__][INFO] - ✓ [meta-llama/Llama-4-Scout-17B-16E-Instruct] Temp=0.0 Rep=1 → Concordo fortemente
[2026-05-12 12:14:38,777][__main__][INFO] - ✓ [meta-llama/Llama-4-Scout-17B-16E-Instruct] Temp=0.0 Rep=1 → Discordo fortemente
[2026-05-12 12:14:38,806][__main__][INFO] - ✓ [meta-llama/Llama-4-Scout-17B-16E-Instruct] Temp=0.0 Rep=1 → Concordo fortemente
[2026-05-12 12:14:40,163][__main__][INFO] - ✓ [Qwen/Qwen3-14B] Temp=0.0 Rep=1 → Concordo fortemente
[2026-05-12 12:14:40,877][__main__][INFO] - Salvamento incremental (2240 novas respostas)...
[2026-05-12 12:14:40,933][__main__][INFO] - Cache salvo com 242642 entradas
[2026-05-12 12:14:40,934][__main__][INFO] - ✓ [Qwen/Qwen3-235B-A22B-Instruct-2507] Temp=0.0 Rep=1 → Discordo
[2026-05-12 12:14:41,753][__main__][INFO] - ✓ [Qwen/Qwen3-235B-A22B-Instruct-2507] Temp=0.0 Rep=1 → Concordo fortemente
[2026-05-12 12:14:42,302][__main__][INFO] - ✓ [Qwen/Qwen3-235B-A22B-Instruct-2507] Temp=0.0 Rep=1 → Neutro
[2026-05-12 12:14:42,923][__main__][INFO] - ✓ [meta-llama/Meta-Llama-3.1-70B-Instruct] Temp=0.0 Rep=1 → Discordo fortemente
[2026-05-12 12:14:43,640][__main__][INFO] - ✓ [meta-llama/Meta-Llama-3.1-70B-Instruct] Temp=0.0 Rep=1 → Concordo fortemente
[2026-05-12 12:14:44,256][__main__][INFO] - ✓ [Qwen/Qwen3-14B] Temp=0.0 Rep=1 → Concordo fortemente
[2026-05-12 12:14:44,299][__main__][INFO] - ✓ [meta-llama/Meta-Llama-3.1-70B-Instruct] Temp=0.0 Rep=1 → Concordo fortemente
[2026-05-12 12:14:44,677][__main__][INFO] - ✓ [meta-llama/Llama-4-Scout-17B-16E-Instruct] Temp=0.0 Rep=1 → Concordo fortemente
[2026-05-12 12:14:44,703][__main__][INFO] - ✓ [meta-llama/Llama-4-Scout-17B-16E-Instruct] Temp=0.0 Rep=1 → Concordo fortemente
[2026-05-12 12:14:45,279][__main__][INFO] - ✓ [meta-llama/Llama-4-Scout-17B-16E-Instruct] Temp=0.0 Rep=1 → Concordo
[2026-05-12 12:14:47,020][__main__][INFO] - ✓ [Qwen/Qwen3-14B] Temp=0.0 Rep=1 → Concordo fortemente
[2026-05-12 12:14:47,328][__main__][INFO] - ✓ [Qwen/Qwen3-14B] Temp=0.0 Rep=1 → Concordo fortemente
[2026-05-12 12:14:47,943][__main__][INFO] - ✓ [Qwen/Qwen3-14B] Temp=0.0 Rep=1 → Concordo fortemente
[2026-05-12 12:14:48,066][__main__][INFO] - ✓ [Qwen/Qwen3-235B-A22B-Instruct-2507] Temp=0.0 Rep=1 → Concordo fortemente
[2026-05-12 12:14:48,761][__main__][INFO] - ✓ [Qwen/Qwen3-14B] Temp=0.0 Rep=1 → Concordo fortemente
[2026-05-12 12:14:49,132][__main__][INFO] - ✓ [Qwen/Qwen3-235B-A22B-Instruct-2507] Temp=0.0 Rep=1 → Concordo fortemente
[2026-05-12 12:14:49,206][__main__][INFO] - ✓ [Qwen/Qwen3-235B-A22B-Instruct-2507] Temp=0.0 Rep=1 → Concordo fortemente
[2026-05-12 12:14:49,232][__main__][INFO] - ✓ [Qwen/Qwen3-14B] Temp=0.0 Rep=1 → Concordo fortemente
[2026-05-12 12:14:49,396][__main__][INFO] - ✓ [meta-llama/Meta-Llama-3.1-70B-Instruct] Temp=0.0 Rep=1 → Concordo fortemente
[2026-05-12 12:14:49,611][__main__][INFO] - ✓ [meta-llama/Llama-4-Scout-17B-16E-Instruct] Temp=0.0 Rep=1 → Concordo fortemente
[2026-05-12 12:14:49,697][__main__][INFO] - ✓ [meta-llama/Meta-Llama-3.1-70B-Instruct] Temp=0.0 Rep=1 → Concordo fortemente
[2026-05-12 12:14:49,737][__main__][INFO] - ✓ [meta-llama/Meta-Llama-3.1-70B-Instruct] Temp=0.0 Rep=1 → Concordo fortemente
[2026-05-12 12:14:49,802][__main__][INFO] - ✓ [meta-llama/Llama-4-Scout-17B-16E-Instruct] Temp=0.0 Rep=1 → Concordo fortemente
[2026-05-12 12:14:49,983][__main__][INFO] - ✓ [meta-llama/Llama-4-Scout-17B-16E-Instruct] Temp=0.0 Rep=1 → Concordo fortemente
[2026-05-12 12:14:51,015][__main__][INFO] - ✓ [Qwen/Qwen3-14B] Temp=0.0 Rep=1 → Concordo fortemente
[2026-05-12 12:14:51,525][__main__][INFO] - ✓ [Qwen/Qwen3-235B-A22B-Instruct-2507] Temp=0.0 Rep=1 → Concordo fortemente
[2026-05-12 12:14:51,798][__main__][INFO] - ✓ [Qwen/Qwen3-235B-A22B-Instruct-2507] Temp=0.0 Rep=1 → Concordo fortemente
[2026-05-12 12:14:52,042][__main__][INFO] - ✓ [Qwen/Qwen3-235B-A22B-Instruct-2507] Temp=0.0 Rep=1 → Concordo
[2026-05-12 12:14:52,349][__main__][INFO] - ✓ [Qwen/Qwen3-14B] Temp=0.0 Rep=1 → Concordo fortemente
[2026-05-12 12:14:52,376][__main__][INFO] - ✓ [meta-llama/Meta-Llama-3.1-70B-Instruct] Temp=0.0 Rep=1 → Concordo fortemente
[2026-05-12 12:14:52,650][__main__][INFO] - ✓ [meta-llama/Meta-Llama-3.1-70B-Instruct] Temp=0.0 Rep=1 → Concordo fortemente
[2026-05-12 12:14:52,837][__main__][INFO] - ✓ [meta-llama/Meta-Llama-3.1-70B-Instruct] Temp=0.0 Rep=1 → Concordo
[2026-05-12 12:14:53,065][__main__][INFO] - ✓ [meta-llama/Llama-4-Scout-17B-16E-Instruct] Temp=0.0 Rep=1 → Concordo fortemente
[2026-05-12 12:14:53,110][__main__][INFO] - ✓ [meta-llama/Llama-4-Scout-17B-16E-Instruct] Temp=0.0 Rep=1 → Concordo fortemente
[2026-05-12 12:14:55,807][__main__][INFO] - ✓ [meta-llama/Llama-4-Scout-17B-16E-Instruct] Temp=0.0 Rep=1 → Concordo fortemente
[2026-05-12 12:14:56,543][__main__][INFO] - ✓ [Qwen/Qwen3-14B] Temp=0.0 Rep=1 → Discordo
[2026-05-12 12:14:57,260][__main__][INFO] - ✓ [Qwen/Qwen3-235B-A22B-Instruct-2507] Temp=0.0 Rep=1 → Concordo fortemente
[2026-05-12 12:14:58,079][__main__][INFO] - ✓ [Qwen/Qwen3-235B-A22B-Instruct-2507] Temp=0.0 Rep=1 → Concordo fortemente
[2026-05-12 12:14:58,375][__main__][INFO] - ✓ [Qwen/Qwen3-14B] Temp=0.0 Rep=1 → Concordo fortemente
[2026-05-12 12:14:58,836][__main__][INFO] - ✓ [Qwen/Qwen3-235B-A22B-Instruct-2507] Temp=0.0 Rep=1 → Concordo fortemente
[2026-05-12 12:14:58,950][__main__][INFO] - Salvamento incremental (2280 novas respostas)...
[2026-05-12 12:14:59,003][__main__][INFO] - Cache salvo com 242682 entradas
[2026-05-12 12:14:59,003][__main__][INFO] - ✓ [meta-llama/Meta-Llama-3.1-70B-Instruct] Temp=0.0 Rep=1 → Concordo fortemente
[2026-05-12 12:14:59,358][__main__][INFO] - ✓ [Qwen/Qwen3-14B] Temp=0.0 Rep=1 → Concordo fortemente
[2026-05-12 12:14:59,615][__main__][INFO] - ✓ [meta-llama/Meta-Llama-3.1-70B-Instruct] Temp=0.0 Rep=1 → Concordo fortemente
[2026-05-12 12:14:59,655][__main__][INFO] - ✓ [meta-llama/Meta-Llama-3.1-70B-Instruct] Temp=0.0 Rep=1 → Concordo fortemente
[2026-05-12 12:14:59,746][__main__][INFO] - ✓ [meta-llama/Llama-4-Scout-17B-16E-Instruct] Temp=0.0 Rep=1 → Concordo fortemente
[2026-05-12 12:15:00,023][__main__][INFO] - ✓ [meta-llama/Llama-4-Scout-17B-16E-Instruct] Temp=0.0 Rep=1 → Concordo fortemente
[2026-05-12 12:15:00,185][__main__][INFO] - ✓ [meta-llama/Llama-4-Scout-17B-16E-Instruct] Temp=0.0 Rep=1 → Concordo fortemente
[2026-05-12 12:15:00,642][__main__][INFO] - ✓ [Qwen/Qwen3-14B] Temp=0.0 Rep=1 → Concordo fortemente
[2026-05-12 12:15:01,201][__main__][INFO] - ✓ [Qwen/Qwen3-14B] Temp=0.0 Rep=1 → Concordo fortemente
[2026-05-12 12:15:01,344][__main__][INFO] - ✓ [Qwen/Qwen3-235B-A22B-Instruct-2507] Temp=0.0 Rep=1 → Concordo fortemente
[2026-05-12 12:15:02,050][__main__][INFO] - ✓ [Qwen/Qwen3-235B-A22B-Instruct-2507] Temp=0.0 Rep=1 → Concordo
[2026-05-12 12:15:02,340][__main__][INFO] - ✓ [Qwen/Qwen3-235B-A22B-Instruct-2507] Temp=0.0 Rep=1 → Concordo fortemente
[2026-05-12 12:15:02,501][__main__][INFO] - ✓ [Qwen/Qwen3-14B] Temp=0.0 Rep=1 → Concordo fortemente
[2026-05-12 12:15:02,605][__main__][INFO] - ✓ [meta-llama/Meta-Llama-3.1-70B-Instruct] Temp=0.0 Rep=1 → Concordo
[2026-05-12 12:15:03,026][__main__][INFO] - ✓ [meta-llama/Llama-4-Scout-17B-16E-Instruct] Temp=0.0 Rep=1 → Concordo fortemente
[2026-05-12 12:15:03,030][__main__][INFO] - ✓ [Qwen/Qwen3-14B] Temp=0.0 Rep=1 → Concordo fortemente
[2026-05-12 12:15:03,415][__main__][INFO] - ✓ [meta-llama/Meta-Llama-3.1-70B-Instruct] Temp=0.0 Rep=1 → Concordo
[2026-05-12 12:15:03,550][__main__][INFO] - ✓ [meta-llama/Llama-4-Scout-17B-16E-Instruct] Temp=0.0 Rep=1 → Concordo fortemente
[2026-05-12 12:15:03,590][__main__][INFO] - ✓ [meta-llama/Meta-Llama-3.1-70B-Instruct] Temp=0.0 Rep=1 → Concordo
[2026-05-12 12:15:03,718][__main__][INFO] - ✓ [meta-llama/Llama-4-Scout-17B-16E-Instruct] Temp=0.0 Rep=1 → Concordo fortemente
[2026-05-12 12:15:04,326][__main__][INFO] - ✓ [Qwen/Qwen3-14B] Temp=0.0 Rep=1 → Concordo fortemente
[2026-05-12 12:15:04,940][__main__][INFO] - ✓ [Qwen/Qwen3-235B-A22B-Instruct-2507] Temp=0.0 Rep=1 → Concordo fortemente
[2026-05-12 12:15:05,123][__main__][INFO] - ✓ [Qwen/Qwen3-235B-A22B-Instruct-2507] Temp=0.0 Rep=1 → Concordo fortemente
[2026-05-12 12:15:05,646][__main__][INFO] - ✓ [Qwen/Qwen3-235B-A22B-Instruct-2507] Temp=0.0 Rep=1 → Concordo
[2026-05-12 12:15:05,687][__main__][INFO] - ✓ [meta-llama/Meta-Llama-3.1-70B-Instruct] Temp=0.0 Rep=1 → Concordo
[2026-05-12 12:15:06,338][__main__][INFO] - ✓ [meta-llama/Meta-Llama-3.1-70B-Instruct] Temp=0.0 Rep=1 → Concordo
[2026-05-12 12:15:06,695][__main__][INFO] - ✓ [meta-llama/Meta-Llama-3.1-70B-Instruct] Temp=0.0 Rep=1 → Concordo
[2026-05-12 12:15:06,742][__main__][INFO] - ✓ [meta-llama/Llama-4-Scout-17B-16E-Instruct] Temp=0.0 Rep=1 → Concordo fortemente
[2026-05-12 12:15:07,485][__main__][INFO] - ✓ [meta-llama/Llama-4-Scout-17B-16E-Instruct] Temp=0.0 Rep=1 → Concordo fortemente
[2026-05-12 12:15:07,492][__main__][INFO] - ✓ [meta-llama/Llama-4-Scout-17B-16E-Instruct] Temp=0.0 Rep=1 → Concordo fortemente
[2026-05-12 12:15:10,164][__main__][INFO] - ✓ [Qwen/Qwen3-14B] Temp=0.0 Rep=1 → Concordo fortemente
[2026-05-12 12:15:10,167][__main__][INFO] - ✓ [Qwen/Qwen3-14B] Temp=0.0 Rep=1 → Discordo
[2026-05-12 12:15:10,484][__main__][INFO] - ✓ [Qwen/Qwen3-14B] Temp=0.0 Rep=1 → Discordo
[2026-05-12 12:15:10,981][__main__][INFO] - ✓ [Qwen/Qwen3-235B-A22B-Instruct-2507] Temp=0.0 Rep=1 → Concordo fortemente
[2026-05-12 12:15:11,157][__main__][INFO] - ✓ [Qwen/Qwen3-235B-A22B-Instruct-2507] Temp=0.0 Rep=1 → Concordo fortemente
[2026-05-12 12:15:11,756][__main__][INFO] - ✓ [meta-llama/Meta-Llama-3.1-70B-Instruct] Temp=0.0 Rep=1 → Concordo fortemente
[2026-05-12 12:15:11,842][__main__][INFO] - ✓ [Qwen/Qwen3-235B-A22B-Instruct-2507] Temp=0.0 Rep=1 → Concordo fortemente
[2026-05-12 12:15:12,013][__main__][INFO] - ✓ [Qwen/Qwen3-14B] Temp=0.0 Rep=1 → Concordo fortemente
[2026-05-12 12:15:12,166][__main__][INFO] - ✓ [Qwen/Qwen3-14B] Temp=0.0 Rep=1 → Concordo fortemente
[2026-05-12 12:15:12,462][__main__][INFO] - ✓ [meta-llama/Meta-Llama-3.1-70B-Instruct] Temp=0.0 Rep=1 → Concordo fortemente
[2026-05-12 12:15:12,474][__main__][INFO] - Salvamento incremental (2320 novas respostas)...
[2026-05-12 12:15:12,533][__main__][INFO] - Cache salvo com 242722 entradas
[2026-05-12 12:15:12,533][__main__][INFO] - ✓ [meta-llama/Llama-4-Scout-17B-16E-Instruct] Temp=0.0 Rep=1 → Concordo fortemente
[2026-05-12 12:15:12,535][__main__][WARNING] - Resposta inválida (tentativa 1/3) de Qwen/Qwen3-14B: <think>
Okay, let's see The user wants me to respond to the 
[2026-05-12 12:15:12,535][__main__][INFO] - Fazendo retry 2/3...
[2026-05-12 12:15:12,538][__main__][INFO] - ✓ [meta-llama/Meta-Llama-3.1-70B-Instruct] Temp=0.0 Rep=1 → Concordo fortemente
[2026-05-12 12:15:12,538][__main__][INFO] - ✓ [Qwen/Qwen3-14B] Temp=0.0 Rep=1 → Concordo fortemente
[2026-05-12 12:15:12,592][__main__][INFO] - ✓ [meta-llama/Llama-4-Scout-17B-16E-Instruct] Temp=0.0 Rep=1 → Concordo fortemente
[2026-05-12 12:15:12,883][__main__][INFO] - ✓ [meta-llama/Llama-4-Scout-17B-16E-Instruct] Temp=0.0 Rep=1 → Concordo fortemente
[2026-05-12 12:15:13,132][__main__][INFO] - ✓ [Qwen/Qwen3-235B-A22B-Instruct-2507] Temp=0.0 Rep=1 → Discordo
[2026-05-12 12:15:13,383][__main__][INFO] - ✓ [Qwen/Qwen3-235B-A22B-Instruct-2507] Temp=0.0 Rep=1 → Concordo fortemente
[2026-05-12 12:15:13,510][__main__][INFO] - ✓ [Qwen/Qwen3-235B-A22B-Instruct-2507] Temp=0.0 Rep=1 → Neutro
[2026-05-12 12:15:13,619][__main__][INFO] - ✓ [meta-llama/Meta-Llama-3.1-70B-Instruct] Temp=0.0 Rep=1 → Discordo fortemente
[2026-05-12 12:15:13,897][__main__][INFO] - ✓ [Qwen/Qwen3-14B] Temp=0.0 Rep=1 → Concordo
[2026-05-12 12:15:14,032][__main__][INFO] - ✓ [meta-llama/Meta-Llama-3.1-70B-Instruct] Temp=0.0 Rep=1 → Concordo
[2026-05-12 12:15:14,034][__main__][INFO] - ✓ [meta-llama/Meta-Llama-3.1-70B-Instruct] Temp=0.0 Rep=1 → Concordo fortemente
[2026-05-12 12:15:14,260][__main__][INFO] - ✓ [meta-llama/Llama-4-Scout-17B-16E-Instruct] Temp=0.0 Rep=1 → Concordo fortemente
[2026-05-12 12:15:14,385][__main__][INFO] - ✓ [meta-llama/Llama-4-Scout-17B-16E-Instruct] Temp=0.0 Rep=1 → Concordo fortemente
[2026-05-12 12:15:14,414][__main__][INFO] - ✓ [meta-llama/Llama-4-Scout-17B-16E-Instruct] Temp=0.0 Rep=1 → Concordo
[2026-05-12 12:15:15,180][__main__][INFO] - ✓ [Qwen/Qwen3-235B-A22B-Instruct-2507] Temp=0.0 Rep=1 → Neutro
[2026-05-12 12:15:15,999][__main__][INFO] - ✓ [Qwen/Qwen3-235B-A22B-Instruct-2507] Temp=0.0 Rep=1 → Concordo fortemente
[2026-05-12 12:15:16,510][__main__][INFO] - ✓ [Qwen/Qwen3-235B-A22B-Instruct-2507] Temp=0.0 Rep=1 → Neutro
[2026-05-12 12:15:17,023][__main__][INFO] - ✓ [meta-llama/Meta-Llama-3.1-70B-Instruct] Temp=0.0 Rep=1 → Concordo
[2026-05-12 12:15:17,534][__main__][INFO] - ✓ [Qwen/Qwen3-14B] Temp=0.0 Rep=1 → Concordo fortemente
[2026-05-12 12:15:17,547][__main__][INFO] - ✓ [meta-llama/Meta-Llama-3.1-70B-Instruct] Temp=0.0 Rep=1 → Concordo
[2026-05-12 12:15:17,843][__main__][INFO] - ✓ [meta-llama/Llama-4-Scout-17B-16E-Instruct] Temp=0.0 Rep=1 → Concordo fortemente
[2026-05-12 12:15:17,982][__main__][INFO] - ✓ [meta-llama/Meta-Llama-3.1-70B-Instruct] Temp=0.0 Rep=1 → Concordo
[2026-05-12 12:15:18,047][__main__][INFO] - ✓ [Qwen/Qwen3-14B] Temp=0.0 Rep=1 → Concordo fortemente
[2026-05-12 12:15:18,136][__main__][INFO] - ✓ [meta-llama/Llama-4-Scout-17B-16E-Instruct] Temp=0.0 Rep=1 → Concordo fortemente
[2026-05-12 12:15:18,458][__main__][INFO] - ✓ [meta-llama/Llama-4-Scout-17B-16E-Instruct] Temp=0.0 Rep=1 → Concordo fortemente
[2026-05-12 12:15:20,607][__main__][INFO] - ✓ [Qwen/Qwen3-14B] Temp=0.0 Rep=1 → Neutro
[2026-05-12 12:15:21,222][__main__][INFO] - ✓ [Qwen/Qwen3-235B-A22B-Instruct-2507] Temp=0.0 Rep=1 → Neutro
[2026-05-12 12:15:21,977][__main__][INFO] - ✓ [Qwen/Qwen3-235B-A22B-Instruct-2507] Temp=0.0 Rep=1 → Concordo fortemente
[2026-05-12 12:15:22,519][__main__][INFO] - ✓ [Qwen/Qwen3-235B-A22B-Instruct-2507] Temp=0.0 Rep=1 → Neutro
[2026-05-12 12:15:23,024][__main__][INFO] - ✓ [Qwen/Qwen3-14B] Temp=0.0 Rep=1 → Concordo fortemente
[2026-05-12 12:15:23,109][__main__][INFO] - ✓ [meta-llama/Meta-Llama-3.1-70B-Instruct] Temp=0.0 Rep=1 → Discordo fortemente
[2026-05-12 12:15:23,679][__main__][INFO] - ✓ [meta-llama/Meta-Llama-3.1-70B-Instruct] Temp=0.0 Rep=1 → Discordo
[2026-05-12 12:15:23,682][__main__][INFO] - ✓ [meta-llama/Meta-Llama-3.1-70B-Instruct] Temp=0.0 Rep=1 → Concordo fortemente
[2026-05-12 12:15:24,071][__main__][INFO] - ✓ [meta-llama/Llama-4-Scout-17B-16E-Instruct] Temp=0.0 Rep=1 → Concordo fortemente
[2026-05-12 12:15:24,704][__main__][INFO] - ✓ [meta-llama/Llama-4-Scout-17B-16E-Instruct] Temp=0.0 Rep=1 → Concordo fortemente
[2026-05-12 12:15:24,757][__main__][INFO] - ✓ [meta-llama/Llama-4-Scout-17B-16E-Instruct] Temp=0.0 Rep=1 → Concordo fortemente
[2026-05-12 12:15:25,146][__main__][INFO] - ✓ [Qwen/Qwen3-14B] Temp=0.0 Rep=1 → Concordo fortemente
[2026-05-12 12:15:25,429][__main__][INFO] - ✓ [Qwen/Qwen3-14B] Temp=0.0 Rep=1 → Concordo fortemente
[2026-05-12 12:15:26,137][__main__][INFO] - ✓ [Qwen/Qwen3-235B-A22B-Instruct-2507] Temp=0.0 Rep=1 → Concordo
[2026-05-12 12:15:26,250][__main__][INFO] - Salvamento incremental (2360 novas respostas)...
[2026-05-12 12:15:26,308][__main__][INFO] - Cache salvo com 242762 entradas
[2026-05-12 12:15:26,309][__main__][INFO] - ✓ [Qwen/Qwen3-14B] Temp=0.0 Rep=1 → Concordo fortemente
[2026-05-12 12:15:26,855][__main__][INFO] - ✓ [Qwen/Qwen3-235B-A22B-Instruct-2507] Temp=0.0 Rep=1 → Neutro
[2026-05-12 12:15:27,141][__main__][INFO] - ✓ [Qwen/Qwen3-235B-A22B-Instruct-2507] Temp=0.0 Rep=1 → Neutro
[2026-05-12 12:15:27,392][__main__][INFO] - ✓ [meta-llama/Meta-Llama-3.1-70B-Instruct] Temp=0.0 Rep=1 → Concordo
[2026-05-12 12:15:28,287][__main__][INFO] - ✓ [meta-llama/Meta-Llama-3.1-70B-Instruct] Temp=0.0 Rep=1 → Concordo
[2026-05-12 12:15:28,291][__main__][INFO] - ✓ [meta-llama/Meta-Llama-3.1-70B-Instruct] Temp=0.0 Rep=1 → Concordo
[2026-05-12 12:15:28,494][__main__][INFO] - ✓ [Qwen/Qwen3-14B] Temp=0.0 Rep=1 → Concordo fortemente
[2026-05-12 12:15:28,716][__main__][INFO] - ✓ [meta-llama/Llama-4-Scout-17B-16E-Instruct] Temp=0.0 Rep=1 → Discordo
[2026-05-12 12:15:28,737][__main__][INFO] - ✓ [meta-llama/Llama-4-Scout-17B-16E-Instruct] Temp=0.0 Rep=1 → Concordo fortemente
[2026-05-12 12:15:28,859][__main__][INFO] - ✓ [Qwen/Qwen3-14B] Temp=0.0 Rep=1 → Concordo fortemente
[2026-05-12 12:15:29,311][__main__][INFO] - ✓ [meta-llama/Llama-4-Scout-17B-16E-Instruct] Temp=0.0 Rep=1 → Concordo fortemente
[2026-05-12 12:15:29,925][__main__][INFO] - ✓ [Qwen/Qwen3-235B-A22B-Instruct-2507] Temp=0.0 Rep=1 → Discordo
[2026-05-12 12:15:30,703][__main__][INFO] - ✓ [Qwen/Qwen3-14B] Temp=0.0 Rep=1 → Concordo fortemente
[2026-05-12 12:15:30,834][__main__][INFO] - ✓ [Qwen/Qwen3-235B-A22B-Instruct-2507] Temp=0.0 Rep=1 → Concordo fortemente
[2026-05-12 12:15:31,088][__main__][INFO] - ✓ [Qwen/Qwen3-14B] Temp=0.0 Rep=1 → Concordo fortemente
[2026-05-12 12:15:31,564][__main__][INFO] - ✓ [Qwen/Qwen3-235B-A22B-Instruct-2507] Temp=0.0 Rep=1 → Neutro
[2026-05-12 12:15:31,629][__main__][INFO] - ✓ [meta-llama/Meta-Llama-3.1-70B-Instruct] Temp=0.0 Rep=1 → Discordo fortemente
[2026-05-12 12:15:31,916][__main__][INFO] - ✓ [meta-llama/Meta-Llama-3.1-70B-Instruct] Temp=0.0 Rep=1 → Concordo fortemente
[2026-05-12 12:15:32,078][__main__][INFO] - ✓ [meta-llama/Llama-4-Scout-17B-16E-Instruct] Temp=0.0 Rep=1 → Concordo fortemente
[2026-05-12 12:15:32,151][__main__][INFO] - ✓ [meta-llama/Meta-Llama-3.1-70B-Instruct] Temp=0.0 Rep=1 → Concordo
[2026-05-12 12:15:32,385][__main__][INFO] - ✓ [meta-llama/Llama-4-Scout-17B-16E-Instruct] Temp=0.0 Rep=1 → Concordo fortemente
[2026-05-12 12:15:32,597][__main__][INFO] - ✓ [meta-llama/Llama-4-Scout-17B-16E-Instruct] Temp=0.0 Rep=1 → Concordo
[2026-05-12 12:15:34,704][__main__][INFO] - ✓ [Qwen/Qwen3-14B] Temp=0.0 Rep=1 → Concordo fortemente
[2026-05-12 12:15:35,559][__main__][INFO] - ✓ [Qwen/Qwen3-235B-A22B-Instruct-2507] Temp=0.0 Rep=1 → Neutro
[2026-05-12 12:15:36,136][__main__][INFO] - ✓ [Qwen/Qwen3-235B-A22B-Instruct-2507] Temp=0.0 Rep=1 → Discordo
[2026-05-12 12:15:36,887][__main__][INFO] - ✓ [Qwen/Qwen3-235B-A22B-Instruct-2507] Temp=0.0 Rep=1 → Neutro
[2026-05-12 12:15:37,720][__main__][INFO] - ✓ [Qwen/Qwen3-14B] Temp=0.0 Rep=1 → Concordo fortemente
[2026-05-12 12:15:37,913][__main__][INFO] - ✓ [meta-llama/Meta-Llama-3.1-70B-Instruct] Temp=0.0 Rep=1 → Concordo
[2026-05-12 12:15:37,916][__main__][INFO] - ✓ [Qwen/Qwen3-14B] Temp=0.0 Rep=1 → Concordo fortemente
[2026-05-12 12:15:38,384][__main__][INFO] - ✓ [meta-llama/Llama-4-Scout-17B-16E-Instruct] Temp=0.0 Rep=1 → Concordo fortemente
[2026-05-12 12:15:38,528][__main__][INFO] - ✓ [meta-llama/Meta-Llama-3.1-70B-Instruct] Temp=0.0 Rep=1 → Concordo
[2026-05-12 12:15:38,535][__main__][INFO] - ✓ [meta-llama/Meta-Llama-3.1-70B-Instruct] Temp=0.0 Rep=1 → Concordo
[2026-05-12 12:15:38,734][__main__][INFO] - ✓ [meta-llama/Llama-4-Scout-17B-16E-Instruct] Temp=0.0 Rep=1 → Discordo
[2026-05-12 12:15:38,889][__main__][INFO] - ✓ [meta-llama/Llama-4-Scout-17B-16E-Instruct] Temp=0.0 Rep=1 → Concordo fortemente
[2026-05-12 12:15:39,450][__main__][INFO] - ✓ [Qwen/Qwen3-14B] Temp=0.0 Rep=1 → Concordo fortemente
[2026-05-12 12:15:39,992][__main__][INFO] - ✓ [Qwen/Qwen3-14B] Temp=0.0 Rep=1 → Concordo
[2026-05-12 12:15:40,250][__main__][INFO] - ✓ [Qwen/Qwen3-235B-A22B-Instruct-2507] Temp=0.0 Rep=1 → Concordo
[2026-05-12 12:15:40,784][__main__][INFO] - ✓ [Qwen/Qwen3-14B] Temp=0.0 Rep=1 → Concordo fortemente
[2026-05-12 12:15:40,785][__main__][INFO] - ✓ [Qwen/Qwen3-235B-A22B-Instruct-2507] Temp=0.0 Rep=1 → Concordo fortemente
[2026-05-12 12:15:40,785][__main__][INFO] - ✓ [Qwen/Qwen3-235B-A22B-Instruct-2507] Temp=0.0 Rep=1 → Concordo
[2026-05-12 12:15:41,366][__main__][INFO] - Salvamento incremental (2400 novas respostas)...
[2026-05-12 12:15:41,445][__main__][INFO] - Cache salvo com 242802 entradas
[2026-05-12 12:15:41,446][__main__][INFO] - ✓ [meta-llama/Meta-Llama-3.1-70B-Instruct] Temp=0.0 Rep=1 → Concordo
[2026-05-12 12:15:41,448][__main__][INFO] - ✓ [meta-llama/Meta-Llama-3.1-70B-Instruct] Temp=0.0 Rep=1 → Concordo
[2026-05-12 12:15:41,448][__main__][INFO] - ✓ [meta-llama/Meta-Llama-3.1-70B-Instruct] Temp=0.0 Rep=1 → Concordo fortemente
[2026-05-12 12:15:41,899][__main__][INFO] - ✓ [meta-llama/Llama-4-Scout-17B-16E-Instruct] Temp=0.0 Rep=1 → Concordo fortemente
[2026-05-12 12:15:41,905][__main__][INFO] - ✓ [meta-llama/Llama-4-Scout-17B-16E-Instruct] Temp=0.0 Rep=1 → Concordo
[2026-05-12 12:15:41,969][__main__][INFO] - ✓ [meta-llama/Llama-4-Scout-17B-16E-Instruct] Temp=0.0 Rep=1 → Concordo
[2026-05-12 12:15:42,347][__main__][INFO] - ✓ [Qwen/Qwen3-14B] Temp=0.0 Rep=1 → Concordo fortemente
[2026-05-12 12:15:43,055][__main__][INFO] - ✓ [Qwen/Qwen3-235B-A22B-Instruct-2507] Temp=0.0 Rep=1 → Concordo
[2026-05-12 12:15:44,055][__main__][INFO] - ✓ [Qwen/Qwen3-235B-A22B-Instruct-2507] Temp=0.0 Rep=1 → Concordo fortemente
[2026-05-12 12:15:44,316][__main__][INFO] - ✓ [Qwen/Qwen3-14B] Temp=0.0 Rep=1 → Concordo fortemente
[2026-05-12 12:15:44,511][__main__][INFO] - ✓ [Qwen/Qwen3-14B] Temp=0.0 Rep=1 → Concordo fortemente
[2026-05-12 12:15:44,967][__main__][INFO] - ✓ [meta-llama/Meta-Llama-3.1-70B-Instruct] Temp=0.0 Rep=1 → Concordo fortemente
[2026-05-12 12:15:45,083][__main__][INFO] - ✓ [meta-llama/Meta-Llama-3.1-70B-Instruct] Temp=0.0 Rep=1 → Concordo fortemente
[2026-05-12 12:15:45,491][__main__][INFO] - ✓ [meta-llama/Llama-4-Scout-17B-16E-Instruct] Temp=0.0 Rep=1 → Concordo fortemente
[2026-05-12 12:15:45,630][__main__][INFO] - ✓ [meta-llama/Meta-Llama-3.1-70B-Instruct] Temp=0.0 Rep=1 → Concordo fortemente
[2026-05-12 12:15:46,015][__main__][INFO] - ✓ [meta-llama/Llama-4-Scout-17B-16E-Instruct] Temp=0.0 Rep=1 → Concordo fortemente
[2026-05-12 12:15:46,051][__main__][INFO] - ✓ [meta-llama/Llama-4-Scout-17B-16E-Instruct] Temp=0.0 Rep=1 → Concordo fortemente
[2026-05-12 12:15:47,743][__main__][INFO] - ✓ [Qwen/Qwen3-14B] Temp=0.0 Rep=1 → Concordo fortemente
[2026-05-12 12:15:47,949][__main__][INFO] - ✓ [Qwen/Qwen3-14B] Temp=0.0 Rep=1 → Concordo fortemente
[2026-05-12 12:15:48,668][__main__][INFO] - ✓ [Qwen/Qwen3-14B] Temp=0.0 Rep=1 → Concordo fortemente
[2026-05-12 12:15:48,671][__main__][INFO] - ✓ [Qwen/Qwen3-14B] Temp=0.0 Rep=1 → Concordo fortemente
[2026-05-12 12:15:51,966][__main__][INFO] - ✓ [Qwen/Qwen3-14B] Temp=0.0 Rep=1 → Concordo fortemente
[2026-05-12 12:15:53,507][__main__][INFO] - ✓ [meta-llama/Meta-Llama-3.1-70B-Instruct] Temp=0.0 Rep=1 → Concordo
[2026-05-12 12:15:54,297][__main__][INFO] - ✓ [meta-llama/Meta-Llama-3.1-70B-Instruct] Temp=0.0 Rep=1 → Concordo fortemente
[2026-05-12 12:15:54,495][__main__][INFO] - ✓ [Qwen/Qwen3-14B] Temp=0.0 Rep=1 → Concordo fortemente
[2026-05-12 12:15:54,982][__main__][INFO] - ✓ [Qwen/Qwen3-235B-A22B-Instruct-2507] Temp=0.0 Rep=1 → Neutro
[2026-05-12 12:15:55,034][__main__][INFO] - ✓ [meta-llama/Meta-Llama-3.1-70B-Instruct] Temp=0.0 Rep=1 → Concordo
[2026-05-12 12:15:55,038][__main__][INFO] - ✓ [Qwen/Qwen3-235B-A22B-Instruct-2507] Temp=0.0 Rep=1 → Concordo
[2026-05-12 12:15:55,042][__main__][INFO] - ✓ [Qwen/Qwen3-235B-A22B-Instruct-2507] Temp=0.0 Rep=1 → Concordo
[2026-05-12 12:15:55,208][__main__][INFO] - ✓ [Qwen/Qwen3-235B-A22B-Instruct-2507] Temp=0.0 Rep=1 → Concordo fortemente
[2026-05-12 12:15:55,361][__main__][INFO] - ✓ [meta-llama/Llama-4-Scout-17B-16E-Instruct] Temp=0.0 Rep=1 → Concordo fortemente
[2026-05-12 12:15:55,452][__main__][INFO] - ✓ [meta-llama/Llama-4-Scout-17B-16E-Instruct] Temp=0.0 Rep=1 → Concordo
[2026-05-12 12:15:55,456][__main__][INFO] - ✓ [meta-llama/Llama-4-Scout-17B-16E-Instruct] Temp=0.0 Rep=1 → Concordo fortemente
[2026-05-12 12:15:55,594][__main__][INFO] - ✓ [Qwen/Qwen3-14B] Temp=0.0 Rep=1 → Concordo fortemente
[2026-05-12 12:15:56,551][__main__][INFO] - ✓ [meta-llama/Meta-Llama-3.1-70B-Instruct] Temp=0.0 Rep=1 → Concordo fortemente
[2026-05-12 12:15:56,554][__main__][INFO] - ✓ [Qwen/Qwen3-235B-A22B-Instruct-2507] Temp=0.0 Rep=1 → Concordo fortemente
[2026-05-12 12:15:56,555][__main__][INFO] - ✓ [Qwen/Qwen3-235B-A22B-Instruct-2507] Temp=0.0 Rep=1 → Concordo fortemente
[2026-05-12 12:15:56,559][__main__][INFO] - ✓ [Qwen/Qwen3-235B-A22B-Instruct-2507] Temp=0.0 Rep=1 → Concordo fortemente
[2026-05-12 12:15:57,025][__main__][INFO] - ✓ [meta-llama/Llama-4-Scout-17B-16E-Instruct] Temp=0.0 Rep=1 → Concordo fortemente
[2026-05-12 12:15:57,167][__main__][INFO] - ✓ [meta-llama/Meta-Llama-3.1-70B-Instruct] Temp=0.0 Rep=1 → Concordo fortemente
[2026-05-12 12:15:57,549][__main__][INFO] - Salvamento incremental (2440 novas respostas)...
[2026-05-12 12:15:57,604][__main__][INFO] - Cache salvo com 242842 entradas
[2026-05-12 12:15:57,604][__main__][INFO] - ✓ [meta-llama/Meta-Llama-3.1-70B-Instruct] Temp=0.0 Rep=1 → Concordo fortemente
[2026-05-12 12:15:57,605][__main__][INFO] - ✓ [meta-llama/Llama-4-Scout-17B-16E-Instruct] Temp=0.0 Rep=1 → Concordo fortemente
[2026-05-12 12:15:58,073][__main__][INFO] - ✓ [Qwen/Qwen3-14B] Temp=0.0 Rep=1 → Concordo
[2026-05-12 12:15:58,700][__main__][INFO] - ✓ [Qwen/Qwen3-235B-A22B-Instruct-2507] Temp=0.0 Rep=1 → Concordo
[2026-05-12 12:15:59,357][__main__][INFO] - ✓ [meta-llama/Llama-4-Scout-17B-16E-Instruct] Temp=0.0 Rep=1 → Concordo fortemente
[2026-05-12 12:15:59,682][__main__][INFO] - ✓ [Qwen/Qwen3-235B-A22B-Instruct-2507] Temp=0.0 Rep=1 → Concordo fortemente
[2026-05-12 12:16:00,016][__main__][INFO] - ✓ [Qwen/Qwen3-235B-A22B-Instruct-2507] Temp=0.0 Rep=1 → Concordo
[2026-05-12 12:16:00,256][__main__][INFO] - ✓ [meta-llama/Meta-Llama-3.1-70B-Instruct] Temp=0.0 Rep=1 → Concordo
[2026-05-12 12:16:00,285][__main__][INFO] - ✓ [Qwen/Qwen3-14B] Temp=0.0 Rep=1 → Concordo fortemente
[2026-05-12 12:16:00,694][__main__][INFO] - ✓ [meta-llama/Meta-Llama-3.1-70B-Instruct] Temp=0.0 Rep=1 → Concordo fortemente
[2026-05-12 12:16:00,768][__main__][INFO] - ✓ [meta-llama/Llama-4-Scout-17B-16E-Instruct] Temp=0.0 Rep=1 → Concordo
[2026-05-12 12:16:00,778][__main__][INFO] - ✓ [meta-llama/Meta-Llama-3.1-70B-Instruct] Temp=0.0 Rep=1 → Concordo
[2026-05-12 12:16:01,220][__main__][INFO] - ✓ [meta-llama/Llama-4-Scout-17B-16E-Instruct] Temp=0.0 Rep=1 → Concordo fortemente
[2026-05-12 12:16:01,223][__main__][INFO] - ✓ [meta-llama/Llama-4-Scout-17B-16E-Instruct] Temp=0.0 Rep=1 → Concordo fortemente
[2026-05-12 12:16:01,910][__main__][INFO] - ✓ [Qwen/Qwen3-14B] Temp=0.0 Rep=1 → Concordo fortemente
[2026-05-12 12:16:02,796][__main__][INFO] - ✓ [Qwen/Qwen3-14B] Temp=0.0 Rep=1 → Concordo fortemente
[2026-05-12 12:16:02,821][__main__][INFO] - ✓ [Qwen/Qwen3-14B] Temp=0.0 Rep=1 → Concordo fortemente
[2026-05-12 12:16:03,672][__main__][INFO] - ✓ [Qwen/Qwen3-14B] Temp=0.0 Rep=1 → Discordo
[2026-05-12 12:16:03,687][__main__][INFO] - ✓ [Qwen/Qwen3-235B-A22B-Instruct-2507] Temp=0.0 Rep=1 → Concordo fortemente
[2026-05-12 12:16:04,436][__main__][INFO] - ✓ [Qwen/Qwen3-235B-A22B-Instruct-2507] Temp=0.0 Rep=1 → Concordo fortemente
[2026-05-12 12:16:04,445][__main__][INFO] - ✓ [meta-llama/Meta-Llama-3.1-70B-Instruct] Temp=0.0 Rep=1 → Concordo fortemente
[2026-05-12 12:16:04,460][__main__][INFO] - ✓ [meta-llama/Meta-Llama-3.1-70B-Instruct] Temp=0.0 Rep=1 → Concordo fortemente
[2026-05-12 12:16:04,503][__main__][INFO] - ✓ [Qwen/Qwen3-14B] Temp=0.0 Rep=1 → Concordo fortemente
[2026-05-12 12:16:04,638][__main__][INFO] - ✓ [Qwen/Qwen3-235B-A22B-Instruct-2507] Temp=0.0 Rep=1 → Concordo fortemente
[2026-05-12 12:16:05,000][__main__][INFO] - ✓ [meta-llama/Llama-4-Scout-17B-16E-Instruct] Temp=0.0 Rep=1 → Concordo fortemente
[2026-05-12 12:16:05,013][__main__][INFO] - ✓ [meta-llama/Llama-4-Scout-17B-16E-Instruct] Temp=0.0 Rep=1 → Concordo fortemente
[2026-05-12 12:16:05,179][__main__][INFO] - ✓ [meta-llama/Llama-4-Scout-17B-16E-Instruct] Temp=0.0 Rep=1 → Concordo fortemente
[2026-05-12 12:16:05,319][__main__][INFO] - ✓ [meta-llama/Meta-Llama-3.1-70B-Instruct] Temp=0.0 Rep=1 → Concordo fortemente
[2026-05-12 12:16:05,712][__main__][INFO] - ✓ [Qwen/Qwen3-14B] Temp=0.0 Rep=1 → Concordo fortemente
[2026-05-12 12:16:05,830][__main__][INFO] - ✓ [Qwen/Qwen3-235B-A22B-Instruct-2507] Temp=0.0 Rep=1 → Discordo
[2026-05-12 12:16:06,278][__main__][INFO] - ✓ [meta-llama/Meta-Llama-3.1-70B-Instruct] Temp=0.0 Rep=1 → Concordo
[2026-05-12 12:16:06,482][__main__][INFO] - ✓ [Qwen/Qwen3-235B-A22B-Instruct-2507] Temp=0.0 Rep=1 → Concordo fortemente
[2026-05-12 12:16:06,485][__main__][INFO] - ✓ [Qwen/Qwen3-235B-A22B-Instruct-2507] Temp=0.0 Rep=1 → Neutro
[2026-05-12 12:16:06,995][__main__][INFO] - ✓ [meta-llama/Llama-4-Scout-17B-16E-Instruct] Temp=0.0 Rep=1 → Discordo
[2026-05-12 12:16:07,082][__main__][INFO] - ✓ [meta-llama/Meta-Llama-3.1-70B-Instruct] Temp=0.0 Rep=1 → Concordo
[2026-05-12 12:16:07,112][__main__][INFO] - ✓ [meta-llama/Meta-Llama-3.1-70B-Instruct] Temp=0.0 Rep=1 → Concordo fortemente
[2026-05-12 12:16:07,353][__main__][INFO] - ✓ [meta-llama/Llama-4-Scout-17B-16E-Instruct] Temp=0.0 Rep=1 → Concordo fortemente
[2026-05-12 12:16:07,370][__main__][INFO] - ✓ [meta-llama/Llama-4-Scout-17B-16E-Instruct] Temp=0.0 Rep=1 → Concordo fortemente
[2026-05-12 12:16:09,712][__main__][INFO] - ✓ [Qwen/Qwen3-14B] Temp=0.0 Rep=1 → Neutro
[2026-05-12 12:16:09,767][__main__][INFO] - ✓ [Qwen/Qwen3-14B] Temp=0.0 Rep=1 → Concordo fortemente
[2026-05-12 12:16:09,906][__main__][INFO] - Salvamento incremental (2480 novas respostas)...
[2026-05-12 12:16:09,961][__main__][INFO] - Cache salvo com 242882 entradas
[2026-05-12 12:16:09,961][__main__][INFO] - ✓ [Qwen/Qwen3-14B] Temp=0.0 Rep=1 → Concordo fortemente
[2026-05-12 12:16:11,285][__main__][INFO] - ✓ [Qwen/Qwen3-235B-A22B-Instruct-2507] Temp=0.0 Rep=1 → Discordo
[2026-05-12 12:16:11,454][__main__][INFO] - ✓ [Qwen/Qwen3-235B-A22B-Instruct-2507] Temp=0.0 Rep=1 → Neutro
[2026-05-12 12:16:11,605][__main__][INFO] - ✓ [Qwen/Qwen3-235B-A22B-Instruct-2507] Temp=0.0 Rep=1 → Concordo fortemente
[2026-05-12 12:16:11,924][__main__][INFO] - ✓ [meta-llama/Meta-Llama-3.1-70B-Instruct] Temp=0.0 Rep=1 → Concordo
[2026-05-12 12:16:12,135][__main__][INFO] - ✓ [meta-llama/Meta-Llama-3.1-70B-Instruct] Temp=0.0 Rep=1 → Concordo
[2026-05-12 12:16:12,229][__main__][INFO] - ✓ [meta-llama/Meta-Llama-3.1-70B-Instruct] Temp=0.0 Rep=1 → Concordo fortemente
[2026-05-12 12:16:12,302][__main__][INFO] - ✓ [meta-llama/Llama-4-Scout-17B-16E-Instruct] Temp=0.0 Rep=1 → Discordo
[2026-05-12 12:16:12,503][__main__][INFO] - ✓ [Qwen/Qwen3-14B] Temp=0.0 Rep=1 → Concordo fortemente
[2026-05-12 12:16:12,568][__main__][INFO] - ✓ [meta-llama/Llama-4-Scout-17B-16E-Instruct] Temp=0.0 Rep=1 → Neutro
[2026-05-12 12:16:12,588][__main__][INFO] - ✓ [meta-llama/Llama-4-Scout-17B-16E-Instruct] Temp=0.0 Rep=1 → Concordo fortemente
[2026-05-12 12:16:12,754][__main__][INFO] - ✓ [Qwen/Qwen3-14B] Temp=0.0 Rep=1 → Concordo
[2026-05-12 12:16:13,277][__main__][INFO] - ✓ [Qwen/Qwen3-14B] Temp=0.0 Rep=1 → Concordo fortemente
[2026-05-12 12:16:13,391][__main__][INFO] - ✓ [Qwen/Qwen3-235B-A22B-Instruct-2507] Temp=0.0 Rep=1 → Concordo
[2026-05-12 12:16:13,803][__main__][INFO] - ✓ [Qwen/Qwen3-235B-A22B-Instruct-2507] Temp=0.0 Rep=1 → Neutro
[2026-05-12 12:16:14,091][__main__][INFO] - ✓ [meta-llama/Meta-Llama-3.1-70B-Instruct] Temp=0.0 Rep=1 → Concordo fortemente
[2026-05-12 12:16:14,158][__main__][INFO] - ✓ [Qwen/Qwen3-235B-A22B-Instruct-2507] Temp=0.0 Rep=1 → Neutro
[2026-05-12 12:16:14,444][__main__][INFO] - ✓ [meta-llama/Meta-Llama-3.1-70B-Instruct] Temp=0.0 Rep=1 → Concordo
[2026-05-12 12:16:14,733][__main__][INFO] - ✓ [meta-llama/Meta-Llama-3.1-70B-Instruct] Temp=0.0 Rep=1 → Concordo fortemente
[2026-05-12 12:16:14,850][__main__][INFO] - ✓ [meta-llama/Llama-4-Scout-17B-16E-Instruct] Temp=0.0 Rep=1 → Concordo fortemente
[2026-05-12 12:16:14,993][__main__][INFO] - ✓ [meta-llama/Llama-4-Scout-17B-16E-Instruct] Temp=0.0 Rep=1 → Concordo fortemente
[2026-05-12 12:16:15,233][__main__][INFO] - ✓ [meta-llama/Llama-4-Scout-17B-16E-Instruct] Temp=0.0 Rep=1 → Concordo fortemente
[2026-05-12 12:16:16,622][__main__][INFO] - ✓ [Qwen/Qwen3-14B] Temp=0.0 Rep=1 → Concordo fortemente
[2026-05-12 12:16:17,542][__main__][INFO] - ✓ [Qwen/Qwen3-235B-A22B-Instruct-2507] Temp=0.0 Rep=1 → Concordo fortemente
[2026-05-12 12:16:17,881][__main__][INFO] - ✓ [Qwen/Qwen3-14B] Temp=0.0 Rep=1 → Concordo fortemente
[2026-05-12 12:16:18,086][__main__][INFO] - ✓ [Qwen/Qwen3-14B] Temp=0.0 Rep=1 → Concordo fortemente
[2026-05-12 12:16:18,186][__main__][INFO] - ✓ [Qwen/Qwen3-14B] Temp=0.0 Rep=1 → Concordo fortemente
[2026-05-12 12:16:18,519][__main__][INFO] - ✓ [Qwen/Qwen3-235B-A22B-Instruct-2507] Temp=0.0 Rep=1 → Concordo fortemente
[2026-05-12 12:16:18,578][__main__][INFO] - ✓ [Qwen/Qwen3-235B-A22B-Instruct-2507] Temp=0.0 Rep=1 → Concordo
[2026-05-12 12:16:18,640][__main__][INFO] - ✓ [Qwen/Qwen3-14B] Temp=0.0 Rep=1 → Concordo fortemente
[2026-05-12 12:16:18,795][__main__][INFO] - ✓ [meta-llama/Meta-Llama-3.1-70B-Instruct] Temp=0.0 Rep=1 → Concordo fortemente
[2026-05-12 12:16:18,932][__main__][INFO] - ✓ [meta-llama/Meta-Llama-3.1-70B-Instruct] Temp=0.0 Rep=1 → Concordo fortemente
[2026-05-12 12:16:19,076][__main__][INFO] - ✓ [meta-llama/Meta-Llama-3.1-70B-Instruct] Temp=0.0 Rep=1 → Concordo fortemente
[2026-05-12 12:16:19,130][__main__][INFO] - ✓ [meta-llama/Llama-4-Scout-17B-16E-Instruct] Temp=0.0 Rep=1 → Concordo fortemente
[2026-05-12 12:16:19,155][__main__][INFO] - ✓ [meta-llama/Llama-4-Scout-17B-16E-Instruct] Temp=0.0 Rep=1 → Concordo fortemente
[2026-05-12 12:16:19,354][__main__][INFO] - ✓ [meta-llama/Llama-4-Scout-17B-16E-Instruct] Temp=0.0 Rep=1 → Concordo fortemente
[2026-05-12 12:16:19,677][__main__][INFO] - ✓ [Qwen/Qwen3-235B-A22B-Instruct-2507] Temp=0.0 Rep=1 → Discordo
[2026-05-12 12:16:20,153][__main__][INFO] - ✓ [Qwen/Qwen3-235B-A22B-Instruct-2507] Temp=0.0 Rep=1 → Concordo fortemente
[2026-05-12 12:16:20,344][__main__][INFO] - ✓ [Qwen/Qwen3-235B-A22B-Instruct-2507] Temp=0.0 Rep=1 → Neutro
[2026-05-12 12:16:20,624][__main__][INFO] - ✓ [meta-llama/Meta-Llama-3.1-70B-Instruct] Temp=0.0 Rep=1 → Concordo
[2026-05-12 12:16:20,910][__main__][INFO] - Salvamento incremental (2520 novas respostas)...
[2026-05-12 12:16:20,962][__main__][INFO] - Cache salvo com 242922 entradas
[2026-05-12 12:16:20,962][__main__][INFO] - ✓ [meta-llama/Meta-Llama-3.1-70B-Instruct] Temp=0.0 Rep=1 → Concordo fortemente
[2026-05-12 12:16:20,964][__main__][INFO] - ✓ [Qwen/Qwen3-14B] Temp=0.0 Rep=1 → Concordo fortemente
[2026-05-12 12:16:21,142][__main__][INFO] - ✓ [meta-llama/Meta-Llama-3.1-70B-Instruct] Temp=0.0 Rep=1 → Concordo
[2026-05-12 12:16:21,270][__main__][INFO] - ✓ [meta-llama/Llama-4-Scout-17B-16E-Instruct] Temp=0.0 Rep=1 → Discordo
[2026-05-12 12:16:21,450][__main__][INFO] - ✓ [meta-llama/Llama-4-Scout-17B-16E-Instruct] Temp=0.0 Rep=1 → Concordo fortemente
[2026-05-12 12:16:21,535][__main__][INFO] - ✓ [meta-llama/Llama-4-Scout-17B-16E-Instruct] Temp=0.0 Rep=1 → Concordo fortemente
[2026-05-12 12:16:21,872][__main__][INFO] - ✓ [Qwen/Qwen3-14B] Temp=0.0 Rep=1 → Neutro
[2026-05-12 12:16:22,765][__main__][INFO] - ✓ [Qwen/Qwen3-235B-A22B-Instruct-2507] Temp=0.0 Rep=1 → Concordo fortemente
[2026-05-12 12:16:23,891][__main__][INFO] - ✓ [Qwen/Qwen3-235B-A22B-Instruct-2507] Temp=0.0 Rep=1 → Concordo fortemente
[2026-05-12 12:16:24,812][__main__][INFO] - ✓ [Qwen/Qwen3-235B-A22B-Instruct-2507] Temp=0.0 Rep=1 → Concordo fortemente
[2026-05-12 12:16:25,429][__main__][INFO] - ✓ [Qwen/Qwen3-14B] Temp=0.0 Rep=1 → Concordo fortemente
[2026-05-12 12:16:26,451][__main__][INFO] - ✓ [meta-llama/Meta-Llama-3.1-70B-Instruct] Temp=0.0 Rep=1 → Concordo fortemente
[2026-05-12 12:16:26,522][__main__][INFO] - ✓ [Qwen/Qwen3-14B] Temp=0.0 Rep=1 → Concordo fortemente
[2026-05-12 12:16:27,005][__main__][INFO] - ✓ [meta-llama/Llama-4-Scout-17B-16E-Instruct] Temp=0.0 Rep=1 → Concordo fortemente
[2026-05-12 12:16:27,086][__main__][INFO] - ✓ [Qwen/Qwen3-14B] Temp=0.0 Rep=1 → Concordo fortemente
[2026-05-12 12:16:27,470][__main__][INFO] - ✓ [Qwen/Qwen3-14B] Temp=0.0 Rep=1 → Concordo fortemente
[2026-05-12 12:16:27,553][__main__][INFO] - ✓ [meta-llama/Llama-4-Scout-17B-16E-Instruct] Temp=0.0 Rep=1 → Concordo fortemente
[2026-05-12 12:16:27,570][__main__][INFO] - ✓ [meta-llama/Llama-4-Scout-17B-16E-Instruct] Temp=0.0 Rep=1 → Concordo fortemente
[2026-05-12 12:16:29,622][__main__][INFO] - ✓ [meta-llama/Meta-Llama-3.1-70B-Instruct] Temp=0.0 Rep=1 → Concordo fortemente
[2026-05-12 12:16:30,650][__main__][INFO] - ✓ [Qwen/Qwen3-235B-A22B-Instruct-2507] Temp=0.0 Rep=1 → Concordo fortemente
[2026-05-12 12:16:31,014][__main__][INFO] - ✓ [meta-llama/Meta-Llama-3.1-70B-Instruct] Temp=0.0 Rep=1 → Concordo fortemente
[2026-05-12 12:16:31,453][__main__][INFO] - ✓ [Qwen/Qwen3-235B-A22B-Instruct-2507] Temp=0.0 Rep=1 → Concordo fortemente
[2026-05-12 12:16:31,627][__main__][INFO] - ✓ [Qwen/Qwen3-235B-A22B-Instruct-2507] Temp=0.0 Rep=1 → Neutro
[2026-05-12 12:16:31,635][__main__][INFO] - ✓ [Qwen/Qwen3-14B] Temp=0.0 Rep=1 → Concordo fortemente
[2026-05-12 12:16:32,019][__main__][INFO] - ✓ [meta-llama/Meta-Llama-3.1-70B-Instruct] Temp=0.0 Rep=1 → Concordo fortemente
[2026-05-12 12:16:32,255][__main__][INFO] - ✓ [Qwen/Qwen3-14B] Temp=0.0 Rep=1 → Concordo fortemente
[2026-05-12 12:16:32,353][__main__][INFO] - ✓ [meta-llama/Meta-Llama-3.1-70B-Instruct] Temp=0.0 Rep=1 → Concordo fortemente
[2026-05-12 12:16:32,356][__main__][INFO] - ✓ [meta-llama/Meta-Llama-3.1-70B-Instruct] Temp=0.0 Rep=1 → Concordo fortemente
[2026-05-12 12:16:32,401][__main__][INFO] - ✓ [meta-llama/Llama-4-Scout-17B-16E-Instruct] Temp=0.0 Rep=1 → Concordo fortemente
[2026-05-12 12:16:33,004][__main__][INFO] - ✓ [meta-llama/Llama-4-Scout-17B-16E-Instruct] Temp=0.0 Rep=1 → Concordo fortemente
[2026-05-12 12:16:33,101][__main__][INFO] - ✓ [meta-llama/Llama-4-Scout-17B-16E-Instruct] Temp=0.0 Rep=1 → Concordo fortemente
[2026-05-12 12:16:33,203][__main__][INFO] - ✓ [Qwen/Qwen3-14B] Temp=0.0 Rep=1 → Concordo fortemente
[2026-05-12 12:16:33,927][__main__][INFO] - ✓ [Qwen/Qwen3-235B-A22B-Instruct-2507] Temp=0.0 Rep=1 → Concordo
[2026-05-12 12:16:33,930][__main__][INFO] - ✓ [Qwen/Qwen3-235B-A22B-Instruct-2507] Temp=0.0 Rep=1 → Concordo fortemente
[2026-05-12 12:16:34,438][__main__][INFO] - ✓ [Qwen/Qwen3-14B] Temp=0.0 Rep=1 → Concordo fortemente
[2026-05-12 12:16:34,482][__main__][INFO] - ✓ [meta-llama/Meta-Llama-3.1-70B-Instruct] Temp=0.0 Rep=1 → Concordo fortemente
[2026-05-12 12:16:34,601][__main__][INFO] - ✓ [Qwen/Qwen3-235B-A22B-Instruct-2507] Temp=0.0 Rep=1 → Concordo fortemente
[2026-05-12 12:16:34,777][__main__][INFO] - ✓ [Qwen/Qwen3-14B] Temp=0.0 Rep=1 → Concordo fortemente
[2026-05-12 12:16:34,947][__main__][INFO] - ✓ [meta-llama/Meta-Llama-3.1-70B-Instruct] Temp=0.0 Rep=1 → Concordo
[2026-05-12 12:16:35,042][__main__][INFO] - ✓ [meta-llama/Meta-Llama-3.1-70B-Instruct] Temp=0.0 Rep=1 → Concordo fortemente
[2026-05-12 12:16:35,057][__main__][INFO] - Salvamento incremental (2560 novas respostas)...
[2026-05-12 12:16:35,114][__main__][INFO] - Cache salvo com 242962 entradas
[2026-05-12 12:16:35,114][__main__][INFO] - ✓ [Qwen/Qwen3-14B] Temp=0.0 Rep=1 → Concordo fortemente
[2026-05-12 12:16:35,147][__main__][INFO] - ✓ [meta-llama/Llama-4-Scout-17B-16E-Instruct] Temp=0.0 Rep=1 → Concordo fortemente
[2026-05-12 12:16:35,185][__main__][INFO] - ✓ [meta-llama/Llama-4-Scout-17B-16E-Instruct] Temp=0.0 Rep=1 → Concordo
[2026-05-12 12:16:35,478][__main__][INFO] - ✓ [meta-llama/Llama-4-Scout-17B-16E-Instruct] Temp=0.0 Rep=1 → Concordo fortemente
[2026-05-12 12:16:36,076][__main__][INFO] - ✓ [Qwen/Qwen3-235B-A22B-Instruct-2507] Temp=0.0 Rep=1 → Concordo fortemente
[2026-05-12 12:16:36,211][__main__][INFO] - ✓ [Qwen/Qwen3-235B-A22B-Instruct-2507] Temp=0.0 Rep=1 → Concordo fortemente
[2026-05-12 12:16:36,896][__main__][INFO] - ✓ [Qwen/Qwen3-14B] Temp=0.0 Rep=1 → Concordo fortemente
[2026-05-12 12:16:36,920][__main__][INFO] - ✓ [meta-llama/Meta-Llama-3.1-70B-Instruct] Temp=0.0 Rep=1 → Concordo fortemente
[2026-05-12 12:16:37,510][__main__][INFO] - ✓ [Qwen/Qwen3-235B-A22B-Instruct-2507] Temp=0.0 Rep=1 → Concordo fortemente
[2026-05-12 12:16:37,717][__main__][INFO] - ✓ [meta-llama/Meta-Llama-3.1-70B-Instruct] Temp=0.0 Rep=1 → Concordo fortemente
[2026-05-12 12:16:37,760][__main__][INFO] - ✓ [meta-llama/Meta-Llama-3.1-70B-Instruct] Temp=0.0 Rep=1 → Concordo fortemente
[2026-05-12 12:16:37,962][__main__][INFO] - ✓ [meta-llama/Llama-4-Scout-17B-16E-Instruct] Temp=0.0 Rep=1 → Concordo fortemente
[2026-05-12 12:16:38,196][__main__][INFO] - ✓ [meta-llama/Llama-4-Scout-17B-16E-Instruct] Temp=0.0 Rep=1 → Concordo fortemente
[2026-05-12 12:16:38,443][__main__][INFO] - ✓ [meta-llama/Llama-4-Scout-17B-16E-Instruct] Temp=0.0 Rep=1 → Concordo fortemente
[2026-05-12 12:16:39,559][__main__][INFO] - ✓ [Qwen/Qwen3-14B] Temp=0.0 Rep=1 → Concordo fortemente
[2026-05-12 12:16:40,727][__main__][INFO] - ✓ [Qwen/Qwen3-235B-A22B-Instruct-2507] Temp=0.0 Rep=1 → Concordo fortemente
[2026-05-12 12:16:41,753][__main__][INFO] - ✓ [Qwen/Qwen3-235B-A22B-Instruct-2507] Temp=0.0 Rep=1 → Concordo fortemente
[2026-05-12 12:16:41,757][__main__][INFO] - ✓ [Qwen/Qwen3-14B] Temp=0.0 Rep=1 → Concordo fortemente
[2026-05-12 12:16:42,127][__main__][INFO] - ✓ [Qwen/Qwen3-14B] Temp=0.0 Rep=1 → Concordo fortemente
[2026-05-12 12:16:42,447][__main__][INFO] - ✓ [meta-llama/Meta-Llama-3.1-70B-Instruct] Temp=0.0 Rep=1 → Concordo fortemente
[2026-05-12 12:16:42,636][__main__][INFO] - ✓ [Qwen/Qwen3-235B-A22B-Instruct-2507] Temp=0.0 Rep=1 → Concordo fortemente
[2026-05-12 12:16:42,640][__main__][INFO] - ✓ [meta-llama/Meta-Llama-3.1-70B-Instruct] Temp=0.0 Rep=1 → Concordo
[2026-05-12 12:16:43,010][__main__][INFO] - ✓ [meta-llama/Meta-Llama-3.1-70B-Instruct] Temp=0.0 Rep=1 → Concordo
[2026-05-12 12:16:43,014][__main__][INFO] - ✓ [meta-llama/Llama-4-Scout-17B-16E-Instruct] Temp=0.0 Rep=1 → Concordo fortemente
[2026-05-12 12:16:43,160][__main__][INFO] - ✓ [meta-llama/Llama-4-Scout-17B-16E-Instruct] Temp=0.0 Rep=1 → Concordo fortemente
[2026-05-12 12:16:43,435][__main__][INFO] - ✓ [meta-llama/Llama-4-Scout-17B-16E-Instruct] Temp=0.0 Rep=1 → Concordo fortemente
[2026-05-12 12:16:44,780][__main__][INFO] - ✓ [Qwen/Qwen3-14B] Temp=0.0 Rep=1 → Discordo
[2026-05-12 12:16:45,807][__main__][INFO] - ✓ [Qwen/Qwen3-14B] Temp=0.0 Rep=1 → Concordo fortemente
[2026-05-12 12:16:45,811][__main__][INFO] - ✓ [Qwen/Qwen3-235B-A22B-Instruct-2507] Temp=0.0 Rep=1 → Concordo fortemente
[2026-05-12 12:16:46,492][__main__][INFO] - ✓ [Qwen/Qwen3-14B] Temp=0.0 Rep=1 → Discordo
[2026-05-12 12:16:47,239][__main__][INFO] - ✓ [Qwen/Qwen3-235B-A22B-Instruct-2507] Temp=0.0 Rep=1 → Concordo fortemente
[2026-05-12 12:16:47,242][__main__][INFO] - ✓ [meta-llama/Meta-Llama-3.1-70B-Instruct] Temp=0.0 Rep=1 → Concordo fortemente
[2026-05-12 12:16:47,243][__main__][INFO] - ✓ [Qwen/Qwen3-235B-A22B-Instruct-2507] Temp=0.0 Rep=1 → Concordo fortemente
[2026-05-12 12:16:47,751][__main__][INFO] - ✓ [meta-llama/Llama-4-Scout-17B-16E-Instruct] Temp=0.0 Rep=1 → Concordo fortemente
[2026-05-12 12:16:47,936][__main__][INFO] - ✓ [Qwen/Qwen3-14B] Temp=0.0 Rep=1 → Concordo
[2026-05-12 12:16:47,991][__main__][INFO] - ✓ [meta-llama/Meta-Llama-3.1-70B-Instruct] Temp=0.0 Rep=1 → Concordo fortemente
[2026-05-12 12:16:47,995][__main__][INFO] - ✓ [meta-llama/Meta-Llama-3.1-70B-Instruct] Temp=0.0 Rep=1 → Concordo fortemente
[2026-05-12 12:16:48,408][__main__][INFO] - ✓ [meta-llama/Llama-4-Scout-17B-16E-Instruct] Temp=0.0 Rep=1 → Concordo fortemente
[2026-05-12 12:16:48,434][__main__][INFO] - ✓ [meta-llama/Llama-4-Scout-17B-16E-Instruct] Temp=0.0 Rep=1 → Concordo fortemente
[2026-05-12 12:16:48,978][__main__][INFO] - ✓ [Qwen/Qwen3-14B] Temp=0.0 Rep=1 → Concordo fortemente
[2026-05-12 12:16:49,190][__main__][INFO] - Salvamento incremental (2600 novas respostas)...
[2026-05-12 12:16:49,244][__main__][INFO] - Cache salvo com 243002 entradas
[2026-05-12 12:16:49,244][__main__][INFO] - ✓ [Qwen/Qwen3-14B] Temp=0.0 Rep=1 → Concordo
[2026-05-12 12:16:49,569][__main__][INFO] - ✓ [Qwen/Qwen3-235B-A22B-Instruct-2507] Temp=0.0 Rep=1 → Concordo fortemente
[2026-05-12 12:16:49,864][__main__][INFO] - ✓ [Qwen/Qwen3-235B-A22B-Instruct-2507] Temp=0.0 Rep=1 → Concordo
[2026-05-12 12:16:50,311][__main__][INFO] - ✓ [meta-llama/Meta-Llama-3.1-70B-Instruct] Temp=0.0 Rep=1 → Concordo
[2026-05-12 12:16:50,325][__main__][INFO] - ✓ [Qwen/Qwen3-235B-A22B-Instruct-2507] Temp=0.0 Rep=1 → Concordo fortemente
[2026-05-12 12:16:50,389][__main__][INFO] - ✓ [meta-llama/Meta-Llama-3.1-70B-Instruct] Temp=0.0 Rep=1 → Concordo
[2026-05-12 12:16:50,723][__main__][INFO] - ✓ [meta-llama/Llama-4-Scout-17B-16E-Instruct] Temp=0.0 Rep=1 → Concordo
[2026-05-12 12:16:50,773][__main__][INFO] - ✓ [meta-llama/Llama-4-Scout-17B-16E-Instruct] Temp=0.0 Rep=1 → Concordo fortemente
[2026-05-12 12:16:50,932][__main__][INFO] - ✓ [meta-llama/Meta-Llama-3.1-70B-Instruct] Temp=0.0 Rep=1 → Concordo
[2026-05-12 12:16:51,233][__main__][INFO] - ✓ [meta-llama/Llama-4-Scout-17B-16E-Instruct] Temp=0.0 Rep=1 → Concordo fortemente
[2026-05-12 12:16:52,358][__main__][INFO] - ✓ [Qwen/Qwen3-14B] Temp=0.0 Rep=1 → Concordo fortemente
[2026-05-12 12:16:53,178][__main__][INFO] - ✓ [Qwen/Qwen3-14B] Temp=0.0 Rep=1 → Concordo fortemente
[2026-05-12 12:16:53,179][__main__][INFO] - ✓ [Qwen/Qwen3-235B-A22B-Instruct-2507] Temp=0.0 Rep=1 → Concordo
[2026-05-12 12:16:53,709][__main__][INFO] - ✓ [Qwen/Qwen3-14B] Temp=0.0 Rep=1 → Discordo
[2026-05-12 12:16:53,776][__main__][INFO] - ✓ [Qwen/Qwen3-235B-A22B-Instruct-2507] Temp=0.0 Rep=1 → Neutro
[2026-05-12 12:16:53,822][__main__][INFO] - ✓ [Qwen/Qwen3-14B] Temp=0.0 Rep=1 → Concordo fortemente
[2026-05-12 12:16:54,249][__main__][INFO] - ✓ [meta-llama/Meta-Llama-3.1-70B-Instruct] Temp=0.0 Rep=1 → Concordo fortemente
[2026-05-12 12:16:54,252][__main__][INFO] - ✓ [Qwen/Qwen3-235B-A22B-Instruct-2507] Temp=0.0 Rep=1 → Concordo fortemente
[2026-05-12 12:16:54,285][__main__][INFO] - ✓ [meta-llama/Meta-Llama-3.1-70B-Instruct] Temp=0.0 Rep=1 → Concordo fortemente
[2026-05-12 12:16:54,402][__main__][INFO] - ✓ [meta-llama/Meta-Llama-3.1-70B-Instruct] Temp=0.0 Rep=1 → Concordo fortemente
[2026-05-12 12:16:54,561][__main__][INFO] - ✓ [meta-llama/Llama-4-Scout-17B-16E-Instruct] Temp=0.0 Rep=1 → Concordo fortemente
[2026-05-12 12:16:54,693][__main__][INFO] - ✓ [meta-llama/Llama-4-Scout-17B-16E-Instruct] Temp=0.0 Rep=1 → Concordo fortemente
[2026-05-12 12:16:54,771][__main__][INFO] - ✓ [meta-llama/Llama-4-Scout-17B-16E-Instruct] Temp=0.0 Rep=1 → Concordo fortemente
[2026-05-12 12:16:55,532][__main__][INFO] - ✓ [Qwen/Qwen3-235B-A22B-Instruct-2507] Temp=0.0 Rep=1 → Concordo fortemente
[2026-05-12 12:16:55,741][__main__][INFO] - ✓ [Qwen/Qwen3-14B] Temp=0.0 Rep=1 → Concordo fortemente
[2026-05-12 12:16:56,267][__main__][INFO] - ✓ [Qwen/Qwen3-235B-A22B-Instruct-2507] Temp=0.0 Rep=1 → Discordo
[2026-05-12 12:16:56,864][__main__][INFO] - ✓ [meta-llama/Meta-Llama-3.1-70B-Instruct] Temp=0.0 Rep=1 → Concordo fortemente
[2026-05-12 12:16:57,043][__main__][INFO] - ✓ [Qwen/Qwen3-235B-A22B-Instruct-2507] Temp=0.0 Rep=1 → Concordo fortemente
[2026-05-12 12:16:57,364][__main__][INFO] - ✓ [meta-llama/Meta-Llama-3.1-70B-Instruct] Temp=0.0 Rep=1 → Concordo
[2026-05-12 12:16:57,528][__main__][INFO] - ✓ [meta-llama/Meta-Llama-3.1-70B-Instruct] Temp=0.0 Rep=1 → Concordo
[2026-05-12 12:16:57,845][__main__][INFO] - ✓ [meta-llama/Llama-4-Scout-17B-16E-Instruct] Temp=0.0 Rep=1 → Concordo fortemente
[2026-05-12 12:16:58,002][__main__][INFO] - ✓ [Qwen/Qwen3-14B] Temp=0.0 Rep=1 → Concordo fortemente
[2026-05-12 12:16:58,025][__main__][INFO] - ✓ [meta-llama/Llama-4-Scout-17B-16E-Instruct] Temp=0.0 Rep=1 → Concordo fortemente
[2026-05-12 12:16:58,605][__main__][INFO] - ✓ [meta-llama/Llama-4-Scout-17B-16E-Instruct] Temp=0.0 Rep=1 → Concordo fortemente
[2026-05-12 12:17:01,369][__main__][INFO] - ✓ [Qwen/Qwen3-14B] Temp=0.0 Rep=1 → Concordo fortemente
[2026-05-12 12:17:02,036][__main__][INFO] - ✓ [Qwen/Qwen3-14B] Temp=0.0 Rep=1 → Concordo fortemente
[2026-05-12 12:17:02,598][__main__][INFO] - ✓ [Qwen/Qwen3-235B-A22B-Instruct-2507] Temp=0.0 Rep=1 → Discordo
[2026-05-12 12:17:02,642][__main__][INFO] - ✓ [Qwen/Qwen3-14B] Temp=0.0 Rep=1 → Concordo fortemente
[2026-05-12 12:17:03,186][__main__][INFO] - ✓ [meta-llama/Meta-Llama-3.1-70B-Instruct] Temp=0.0 Rep=1 → Concordo
[2026-05-12 12:17:03,437][__main__][INFO] - ✓ [Qwen/Qwen3-235B-A22B-Instruct-2507] Temp=0.0 Rep=1 → Concordo fortemente
[2026-05-12 12:17:03,829][__main__][INFO] - Salvamento incremental (2640 novas respostas)...
[2026-05-12 12:17:03,884][__main__][INFO] - Cache salvo com 243042 entradas
[2026-05-12 12:17:03,884][__main__][INFO] - ✓ [meta-llama/Meta-Llama-3.1-70B-Instruct] Temp=0.0 Rep=1 → Concordo fortemente
[2026-05-12 12:17:03,956][__main__][INFO] - ✓ [Qwen/Qwen3-235B-A22B-Instruct-2507] Temp=0.0 Rep=1 → Concordo fortemente
[2026-05-12 12:17:04,130][__main__][INFO] - ✓ [meta-llama/Meta-Llama-3.1-70B-Instruct] Temp=0.0 Rep=1 → Concordo fortemente
[2026-05-12 12:17:04,251][__main__][INFO] - ✓ [meta-llama/Llama-4-Scout-17B-16E-Instruct] Temp=0.0 Rep=1 → Discordo
[2026-05-12 12:17:04,417][__main__][INFO] - ✓ [meta-llama/Llama-4-Scout-17B-16E-Instruct] Temp=0.0 Rep=1 → Concordo fortemente
[2026-05-12 12:17:05,773][__main__][INFO] - ✓ [meta-llama/Llama-4-Scout-17B-16E-Instruct] Temp=0.0 Rep=1 → Concordo fortemente
[2026-05-12 12:17:05,887][__main__][INFO] - ✓ [Qwen/Qwen3-14B] Temp=0.0 Rep=1 → Concordo fortemente
[2026-05-12 12:17:06,592][__main__][INFO] - ✓ [Qwen/Qwen3-14B] Temp=0.0 Rep=1 → Concordo fortemente
[2026-05-12 12:17:06,940][__main__][INFO] - ✓ [Qwen/Qwen3-235B-A22B-Instruct-2507] Temp=0.0 Rep=1 → Concordo fortemente
[2026-05-12 12:17:07,418][__main__][INFO] - ✓ [Qwen/Qwen3-14B] Temp=0.0 Rep=1 → Concordo fortemente
[2026-05-12 12:17:07,820][__main__][INFO] - ✓ [Qwen/Qwen3-235B-A22B-Instruct-2507] Temp=0.0 Rep=1 → Discordo
[2026-05-12 12:17:07,884][__main__][INFO] - ✓ [Qwen/Qwen3-235B-A22B-Instruct-2507] Temp=0.0 Rep=1 → Concordo
[2026-05-12 12:17:07,959][__main__][INFO] - ✓ [meta-llama/Meta-Llama-3.1-70B-Instruct] Temp=0.0 Rep=1 → Concordo
[2026-05-12 12:17:08,324][__main__][INFO] - ✓ [meta-llama/Llama-4-Scout-17B-16E-Instruct] Temp=0.0 Rep=1 → Concordo fortemente
[2026-05-12 12:17:08,355][__main__][INFO] - ✓ [Qwen/Qwen3-14B] Temp=0.0 Rep=1 → Concordo fortemente
[2026-05-12 12:17:08,371][__main__][INFO] - ✓ [meta-llama/Meta-Llama-3.1-70B-Instruct] Temp=0.0 Rep=1 → Discordo
[2026-05-12 12:17:08,443][__main__][INFO] - ✓ [meta-llama/Meta-Llama-3.1-70B-Instruct] Temp=0.0 Rep=1 → Concordo
[2026-05-12 12:17:08,662][__main__][INFO] - ✓ [meta-llama/Llama-4-Scout-17B-16E-Instruct] Temp=0.0 Rep=1 → Concordo
[2026-05-12 12:17:08,851][__main__][INFO] - ✓ [meta-llama/Llama-4-Scout-17B-16E-Instruct] Temp=0.0 Rep=1 → Concordo fortemente
[2026-05-12 12:17:09,459][__main__][INFO] - ✓ [Qwen/Qwen3-235B-A22B-Instruct-2507] Temp=0.0 Rep=1 → Neutro
[2026-05-12 12:17:09,721][__main__][INFO] - ✓ [Qwen/Qwen3-14B] Temp=0.0 Rep=1 → Neutro
[2026-05-12 12:17:09,730][__main__][INFO] - ✓ [Qwen/Qwen3-14B] Temp=0.0 Rep=1 → Concordo fortemente
[2026-05-12 12:17:10,017][__main__][INFO] - ✓ [Qwen/Qwen3-235B-A22B-Instruct-2507] Temp=0.0 Rep=1 → Concordo fortemente
[2026-05-12 12:17:10,468][__main__][INFO] - ✓ [meta-llama/Meta-Llama-3.1-70B-Instruct] Temp=0.0 Rep=1 → Concordo fortemente
[2026-05-12 12:17:10,617][__main__][INFO] - ✓ [meta-llama/Meta-Llama-3.1-70B-Instruct] Temp=0.0 Rep=1 → Concordo fortemente
[2026-05-12 12:17:11,006][__main__][INFO] - ✓ [meta-llama/Llama-4-Scout-17B-16E-Instruct] Temp=0.0 Rep=1 → Concordo fortemente
[2026-05-12 12:17:11,292][__main__][INFO] - ✓ [meta-llama/Meta-Llama-3.1-70B-Instruct] Temp=0.0 Rep=1 → Concordo fortemente
[2026-05-12 12:17:11,348][__main__][INFO] - ✓ [meta-llama/Llama-4-Scout-17B-16E-Instruct] Temp=0.0 Rep=1 → Concordo fortemente
[2026-05-12 12:17:11,755][__main__][INFO] - ✓ [meta-llama/Llama-4-Scout-17B-16E-Instruct] Temp=0.0 Rep=1 → Concordo fortemente
[2026-05-12 12:17:14,167][__main__][INFO] - ✓ [Qwen/Qwen3-235B-A22B-Instruct-2507] Temp=0.0 Rep=1 → Neutro
[2026-05-12 12:17:14,683][__main__][INFO] - ✓ [Qwen/Qwen3-14B] Temp=0.0 Rep=1 → Concordo fortemente
[2026-05-12 12:17:15,707][__main__][INFO] - ✓ [Qwen/Qwen3-235B-A22B-Instruct-2507] Temp=0.0 Rep=1 → Concordo fortemente
[2026-05-12 12:17:15,710][__main__][INFO] - ✓ [Qwen/Qwen3-14B] Temp=0.0 Rep=1 → Concordo fortemente
[2026-05-12 12:17:16,423][__main__][INFO] - ✓ [Qwen/Qwen3-235B-A22B-Instruct-2507] Temp=0.0 Rep=1 → Discordo
[2026-05-12 12:17:16,740][__main__][INFO] - ✓ [Qwen/Qwen3-14B] Temp=0.0 Rep=1 → Concordo fortemente
[2026-05-12 12:17:16,809][__main__][INFO] - ✓ [Qwen/Qwen3-235B-A22B-Instruct-2507] Temp=0.0 Rep=1 → Concordo
[2026-05-12 12:17:17,100][__main__][INFO] - ✓ [meta-llama/Meta-Llama-3.1-70B-Instruct] Temp=0.0 Rep=1 → Concordo fortemente
[2026-05-12 12:17:17,343][__main__][INFO] - ✓ [meta-llama/Meta-Llama-3.1-70B-Instruct] Temp=0.0 Rep=1 → Concordo
[2026-05-12 12:17:17,393][__main__][INFO] - ✓ [meta-llama/Meta-Llama-3.1-70B-Instruct] Temp=0.0 Rep=1 → Concordo
[2026-05-12 12:17:17,639][__main__][INFO] - ✓ [meta-llama/Llama-4-Scout-17B-16E-Instruct] Temp=0.0 Rep=1 → Concordo fortemente
[2026-05-12 12:17:17,762][__main__][INFO] - Salvamento incremental (2680 novas respostas)...
[2026-05-12 12:17:17,818][__main__][INFO] - Cache salvo com 243082 entradas
[2026-05-12 12:17:17,818][__main__][INFO] - ✓ [meta-llama/Llama-4-Scout-17B-16E-Instruct] Temp=0.0 Rep=1 → Concordo fortemente
[2026-05-12 12:17:17,819][__main__][INFO] - ✓ [meta-llama/Llama-4-Scout-17B-16E-Instruct] Temp=0.0 Rep=1 → Concordo fortemente
[2026-05-12 12:17:17,976][__main__][INFO] - ✓ [Qwen/Qwen3-14B] Temp=0.0 Rep=1 → Concordo fortemente
[2026-05-12 12:17:18,675][__main__][INFO] - ✓ [Qwen/Qwen3-235B-A22B-Instruct-2507] Temp=0.0 Rep=1 → Concordo fortemente
[2026-05-12 12:17:19,392][__main__][INFO] - ✓ [Qwen/Qwen3-235B-A22B-Instruct-2507] Temp=0.0 Rep=1 → Concordo fortemente
[2026-05-12 12:17:19,618][__main__][INFO] - ✓ [Qwen/Qwen3-14B] Temp=0.0 Rep=1 → Concordo fortemente
[2026-05-12 12:17:19,861][__main__][INFO] - ✓ [Qwen/Qwen3-14B] Temp=0.0 Rep=1 → Concordo fortemente
[2026-05-12 12:17:20,416][__main__][INFO] - ✓ [meta-llama/Meta-Llama-3.1-70B-Instruct] Temp=0.0 Rep=1 → Concordo fortemente
[2026-05-12 12:17:20,431][__main__][INFO] - ✓ [Qwen/Qwen3-235B-A22B-Instruct-2507] Temp=0.0 Rep=1 → Concordo fortemente
[2026-05-12 12:17:20,611][__main__][INFO] - ✓ [Qwen/Qwen3-14B] Temp=0.0 Rep=1 → Concordo fortemente
[2026-05-12 12:17:20,771][__main__][INFO] - ✓ [meta-llama/Llama-4-Scout-17B-16E-Instruct] Temp=0.0 Rep=1 → Concordo fortemente
[2026-05-12 12:17:21,018][__main__][INFO] - ✓ [meta-llama/Llama-4-Scout-17B-16E-Instruct] Temp=0.0 Rep=1 → Concordo fortemente
[2026-05-12 12:17:21,035][__main__][INFO] - ✓ [meta-llama/Meta-Llama-3.1-70B-Instruct] Temp=0.0 Rep=1 → Concordo fortemente
[2026-05-12 12:17:21,247][__main__][INFO] - ✓ [meta-llama/Meta-Llama-3.1-70B-Instruct] Temp=0.0 Rep=1 → Concordo fortemente
[2026-05-12 12:17:21,299][__main__][INFO] - ✓ [meta-llama/Llama-4-Scout-17B-16E-Instruct] Temp=0.0 Rep=1 → Concordo fortemente
[2026-05-12 12:17:22,050][__main__][INFO] - ✓ [Qwen/Qwen3-235B-A22B-Instruct-2507] Temp=0.0 Rep=1 → Concordo fortemente
[2026-05-12 12:17:22,242][__main__][INFO] - ✓ [Qwen/Qwen3-14B] Temp=0.0 Rep=1 → Concordo fortemente
[2026-05-12 12:17:22,771][__main__][INFO] - ✓ [Qwen/Qwen3-235B-A22B-Instruct-2507] Temp=0.0 Rep=1 → Concordo fortemente
[2026-05-12 12:17:22,840][__main__][INFO] - ✓ [Qwen/Qwen3-235B-A22B-Instruct-2507] Temp=0.0 Rep=1 → Concordo fortemente
[2026-05-12 12:17:23,385][__main__][INFO] - ✓ [meta-llama/Meta-Llama-3.1-70B-Instruct] Temp=0.0 Rep=1 → Concordo fortemente
[2026-05-12 12:17:23,397][__main__][INFO] - ✓ [meta-llama/Meta-Llama-3.1-70B-Instruct] Temp=0.0 Rep=1 → Concordo fortemente
[2026-05-12 12:17:23,636][__main__][INFO] - ✓ [Qwen/Qwen3-14B] Temp=0.0 Rep=1 → Concordo fortemente
[2026-05-12 12:17:23,823][__main__][INFO] - ✓ [meta-llama/Llama-4-Scout-17B-16E-Instruct] Temp=0.0 Rep=1 → Concordo fortemente
[2026-05-12 12:17:23,829][__main__][INFO] - ✓ [Qwen/Qwen3-14B] Temp=0.0 Rep=1 → Concordo fortemente
[2026-05-12 12:17:24,053][__main__][INFO] - ✓ [meta-llama/Meta-Llama-3.1-70B-Instruct] Temp=0.0 Rep=1 → Concordo fortemente
[2026-05-12 12:17:24,069][__main__][INFO] - ✓ [meta-llama/Llama-4-Scout-17B-16E-Instruct] Temp=0.0 Rep=1 → Concordo fortemente
[2026-05-12 12:17:24,211][__main__][INFO] - ✓ [meta-llama/Llama-4-Scout-17B-16E-Instruct] Temp=0.0 Rep=1 → Concordo fortemente
[2026-05-12 12:17:24,459][__main__][INFO] - ✓ [Qwen/Qwen3-14B] Temp=0.0 Rep=1 → Concordo fortemente
[2026-05-12 12:17:24,881][__main__][INFO] - ✓ [Qwen/Qwen3-235B-A22B-Instruct-2507] Temp=0.0 Rep=1 → Concordo fortemente
[2026-05-12 12:17:24,986][__main__][INFO] - ✓ [Qwen/Qwen3-235B-A22B-Instruct-2507] Temp=0.0 Rep=1 → Concordo fortemente
[2026-05-12 12:17:25,639][__main__][INFO] - ✓ [Qwen/Qwen3-235B-A22B-Instruct-2507] Temp=0.0 Rep=1 → Concordo fortemente
[2026-05-12 12:17:25,642][__main__][INFO] - ✓ [meta-llama/Meta-Llama-3.1-70B-Instruct] Temp=0.0 Rep=1 → Concordo fortemente
[2026-05-12 12:17:26,267][__main__][INFO] - ✓ [meta-llama/Meta-Llama-3.1-70B-Instruct] Temp=0.0 Rep=1 → Concordo fortemente
[2026-05-12 12:17:26,292][__main__][INFO] - ✓ [meta-llama/Meta-Llama-3.1-70B-Instruct] Temp=0.0 Rep=1 → Concordo fortemente
[2026-05-12 12:17:26,441][__main__][INFO] - ✓ [Qwen/Qwen3-14B] Temp=0.0 Rep=1 → Discordo
[2026-05-12 12:17:26,482][__main__][INFO] - ✓ [Qwen/Qwen3-14B] Temp=0.0 Rep=1 → Concordo fortemente
[2026-05-12 12:17:26,677][__main__][INFO] - ✓ [Qwen/Qwen3-14B] Temp=0.0 Rep=1 → Concordo fortemente
[2026-05-12 12:17:26,760][__main__][INFO] - ✓ [meta-llama/Llama-4-Scout-17B-16E-Instruct] Temp=0.0 Rep=1 → Concordo fortemente
[2026-05-12 12:17:26,809][__main__][INFO] - ✓ [meta-llama/Llama-4-Scout-17B-16E-Instruct] Temp=0.0 Rep=1 → Concordo fortemente
[2026-05-12 12:17:26,814][__main__][INFO] - ✓ [meta-llama/Llama-4-Scout-17B-16E-Instruct] Temp=0.0 Rep=1 → Concordo fortemente
[2026-05-12 12:17:27,584][__main__][INFO] - Salvamento incremental (2720 novas respostas)...
[2026-05-12 12:17:27,647][__main__][INFO] - Cache salvo com 243122 entradas
[2026-05-12 12:17:27,647][__main__][INFO] - ✓ [Qwen/Qwen3-235B-A22B-Instruct-2507] Temp=0.0 Rep=1 → Concordo fortemente
[2026-05-12 12:17:27,649][__main__][INFO] - ✓ [Qwen/Qwen3-235B-A22B-Instruct-2507] Temp=0.0 Rep=1 → Concordo fortemente
[2026-05-12 12:17:28,357][__main__][INFO] - ✓ [Qwen/Qwen3-235B-A22B-Instruct-2507] Temp=0.0 Rep=1 → Concordo fortemente
[2026-05-12 12:17:28,384][__main__][INFO] - ✓ [meta-llama/Meta-Llama-3.1-70B-Instruct] Temp=0.0 Rep=1 → Concordo fortemente
[2026-05-12 12:17:28,976][__main__][INFO] - ✓ [meta-llama/Meta-Llama-3.1-70B-Instruct] Temp=0.0 Rep=1 → Concordo
[2026-05-12 12:17:29,058][__main__][INFO] - ✓ [meta-llama/Meta-Llama-3.1-70B-Instruct] Temp=0.0 Rep=1 → Concordo fortemente
[2026-05-12 12:17:29,455][__main__][INFO] - ✓ [meta-llama/Llama-4-Scout-17B-16E-Instruct] Temp=0.0 Rep=1 → Concordo fortemente
[2026-05-12 12:17:29,471][__main__][INFO] - ✓ [meta-llama/Llama-4-Scout-17B-16E-Instruct] Temp=0.0 Rep=1 → Concordo fortemente
[2026-05-12 12:17:30,041][__main__][INFO] - ✓ [meta-llama/Llama-4-Scout-17B-16E-Instruct] Temp=0.0 Rep=1 → Concordo fortemente
[2026-05-12 12:17:30,345][__main__][INFO] - ✓ [Qwen/Qwen3-14B] Temp=0.0 Rep=1 → Discordo
[2026-05-12 12:17:30,555][__main__][INFO] - ✓ [Qwen/Qwen3-14B] Temp=0.0 Rep=1 → Concordo fortemente
[2026-05-12 12:17:31,393][__main__][INFO] - ✓ [Qwen/Qwen3-14B] Temp=0.0 Rep=1 → Concordo fortemente
[2026-05-12 12:17:31,397][__main__][INFO] - ✓ [Qwen/Qwen3-235B-A22B-Instruct-2507] Temp=0.0 Rep=1 → Concordo fortemente
[2026-05-12 12:17:32,193][__main__][INFO] - ✓ [Qwen/Qwen3-235B-A22B-Instruct-2507] Temp=0.0 Rep=1 → Concordo fortemente
[2026-05-12 12:17:32,196][__main__][INFO] - ✓ [Qwen/Qwen3-235B-A22B-Instruct-2507] Temp=0.0 Rep=1 → Concordo fortemente
[2026-05-12 12:17:32,445][__main__][INFO] - ✓ [Qwen/Qwen3-14B] Temp=0.0 Rep=1 → Concordo fortemente
[2026-05-12 12:17:33,319][__main__][INFO] - ✓ [meta-llama/Meta-Llama-3.1-70B-Instruct] Temp=0.0 Rep=1 → Concordo fortemente
[2026-05-12 12:17:33,323][__main__][INFO] - ✓ [meta-llama/Meta-Llama-3.1-70B-Instruct] Temp=0.0 Rep=1 → Concordo fortemente
[2026-05-12 12:17:33,323][__main__][INFO] - ✓ [meta-llama/Meta-Llama-3.1-70B-Instruct] Temp=0.0 Rep=1 → Concordo fortemente
[2026-05-12 12:17:34,036][__main__][INFO] - ✓ [meta-llama/Llama-4-Scout-17B-16E-Instruct] Temp=0.0 Rep=1 → Concordo fortemente
[2026-05-12 12:17:34,039][__main__][INFO] - ✓ [meta-llama/Llama-4-Scout-17B-16E-Instruct] Temp=0.0 Rep=1 → Concordo fortemente
[2026-05-12 12:17:34,040][__main__][INFO] - ✓ [meta-llama/Llama-4-Scout-17B-16E-Instruct] Temp=0.0 Rep=1 → Concordo fortemente
[2026-05-12 12:17:34,547][__main__][INFO] - ✓ [Qwen/Qwen3-14B] Temp=0.0 Rep=1 → Discordo
[2026-05-12 12:17:34,754][__main__][INFO] - ✓ [Qwen/Qwen3-14B] Temp=0.0 Rep=1 → Concordo fortemente
[2026-05-12 12:17:34,758][__main__][INFO] - ✓ [Qwen/Qwen3-14B] Temp=0.0 Rep=1 → Concordo fortemente
[2026-05-12 12:17:35,469][__main__][INFO] - ✓ [Qwen/Qwen3-235B-A22B-Instruct-2507] Temp=0.0 Rep=1 → Concordo fortemente
[2026-05-12 12:17:35,588][__main__][INFO] - ✓ [Qwen/Qwen3-235B-A22B-Instruct-2507] Temp=0.0 Rep=1 → Concordo fortemente
[2026-05-12 12:17:35,591][__main__][INFO] - ✓ [Qwen/Qwen3-235B-A22B-Instruct-2507] Temp=0.0 Rep=1 → Concordo fortemente
[2026-05-12 12:17:36,800][__main__][INFO] - ✓ [meta-llama/Meta-Llama-3.1-70B-Instruct] Temp=0.0 Rep=1 → Concordo
[2026-05-12 12:17:37,245][__main__][INFO] - ✓ [meta-llama/Llama-4-Scout-17B-16E-Instruct] Temp=0.0 Rep=1 → Concordo fortemente
[2026-05-12 12:17:37,254][__main__][INFO] - ✓ [meta-llama/Meta-Llama-3.1-70B-Instruct] Temp=0.0 Rep=1 → Concordo fortemente
[2026-05-12 12:17:37,509][__main__][INFO] - ✓ [meta-llama/Meta-Llama-3.1-70B-Instruct] Temp=0.0 Rep=1 → Concordo fortemente
[2026-05-12 12:17:37,685][__main__][INFO] - ✓ [Qwen/Qwen3-14B] Temp=0.0 Rep=1 → Concordo fortemente
[2026-05-12 12:17:37,689][__main__][INFO] - ✓ [meta-llama/Llama-4-Scout-17B-16E-Instruct] Temp=0.0 Rep=1 → Concordo fortemente
[2026-05-12 12:17:37,752][__main__][INFO] - ✓ [meta-llama/Llama-4-Scout-17B-16E-Instruct] Temp=0.0 Rep=1 → Concordo fortemente
[2026-05-12 12:17:37,834][__main__][INFO] - ✓ [Qwen/Qwen3-14B] Temp=0.0 Rep=1 → Concordo fortemente
[2026-05-12 12:17:38,471][__main__][INFO] - ✓ [Qwen/Qwen3-235B-A22B-Instruct-2507] Temp=0.0 Rep=1 → Concordo fortemente
[2026-05-12 12:17:38,506][__main__][INFO] - ✓ [Qwen/Qwen3-235B-A22B-Instruct-2507] Temp=0.0 Rep=1 → Concordo fortemente
[2026-05-12 12:17:39,054][__main__][INFO] - ✓ [Qwen/Qwen3-235B-A22B-Instruct-2507] Temp=0.0 Rep=1 → Concordo fortemente
[2026-05-12 12:17:39,057][__main__][INFO] - ✓ [Qwen/Qwen3-14B] Temp=0.0 Rep=1 → Concordo fortemente
[2026-05-12 12:17:39,284][__main__][INFO] - Salvamento incremental (2760 novas respostas)...
[2026-05-12 12:17:39,338][__main__][INFO] - Cache salvo com 243162 entradas
[2026-05-12 12:17:39,338][__main__][INFO] - ✓ [meta-llama/Meta-Llama-3.1-70B-Instruct] Temp=0.0 Rep=1 → Concordo fortemente
[2026-05-12 12:17:39,781][__main__][INFO] - ✓ [meta-llama/Llama-4-Scout-17B-16E-Instruct] Temp=0.0 Rep=1 → Concordo fortemente
[2026-05-12 12:17:39,902][__main__][INFO] - ✓ [meta-llama/Meta-Llama-3.1-70B-Instruct] Temp=0.0 Rep=1 → Concordo fortemente
[2026-05-12 12:17:39,936][__main__][INFO] - ✓ [meta-llama/Meta-Llama-3.1-70B-Instruct] Temp=0.0 Rep=1 → Concordo fortemente
[2026-05-12 12:17:40,305][__main__][INFO] - ✓ [meta-llama/Llama-4-Scout-17B-16E-Instruct] Temp=0.0 Rep=1 → Concordo fortemente
[2026-05-12 12:17:40,308][__main__][INFO] - ✓ [meta-llama/Llama-4-Scout-17B-16E-Instruct] Temp=0.0 Rep=1 → Concordo fortemente
[2026-05-12 12:17:40,897][__main__][INFO] - ✓ [Qwen/Qwen3-14B] Temp=0.0 Rep=1 → Concordo fortemente
[2026-05-12 12:17:41,613][__main__][INFO] - ✓ [Qwen/Qwen3-235B-A22B-Instruct-2507] Temp=0.0 Rep=1 → Concordo fortemente
[2026-05-12 12:17:42,432][__main__][INFO] - ✓ [Qwen/Qwen3-235B-A22B-Instruct-2507] Temp=0.0 Rep=1 → Concordo fortemente
[2026-05-12 12:17:43,251][__main__][INFO] - ✓ [Qwen/Qwen3-235B-A22B-Instruct-2507] Temp=0.0 Rep=1 → Neutro
[2026-05-12 12:17:44,063][__main__][INFO] - ✓ [meta-llama/Meta-Llama-3.1-70B-Instruct] Temp=0.0 Rep=1 → Concordo fortemente
[2026-05-12 12:17:44,685][__main__][INFO] - ✓ [meta-llama/Meta-Llama-3.1-70B-Instruct] Temp=0.0 Rep=1 → Concordo fortemente
[2026-05-12 12:17:45,306][__main__][INFO] - ✓ [Qwen/Qwen3-14B] Temp=0.0 Rep=1 → Concordo fortemente
[2026-05-12 12:17:45,348][__main__][INFO] - ✓ [meta-llama/Meta-Llama-3.1-70B-Instruct] Temp=0.0 Rep=1 → Concordo fortemente
[2026-05-12 12:17:45,415][__main__][INFO] - ✓ [Qwen/Qwen3-14B] Temp=0.0 Rep=1 → Concordo fortemente
[2026-05-12 12:17:45,915][__main__][INFO] - ✓ [meta-llama/Llama-4-Scout-17B-16E-Instruct] Temp=0.0 Rep=1 → Concordo fortemente
[2026-05-12 12:17:45,918][__main__][INFO] - ✓ [meta-llama/Llama-4-Scout-17B-16E-Instruct] Temp=0.0 Rep=1 → Concordo fortemente
[2026-05-12 12:17:46,073][__main__][INFO] - ✓ [Qwen/Qwen3-14B] Temp=0.0 Rep=1 → Concordo fortemente
[2026-05-12 12:17:46,282][__main__][INFO] - ✓ [Qwen/Qwen3-14B] Temp=0.0 Rep=1 → Concordo fortemente
[2026-05-12 12:17:46,597][__main__][INFO] - ✓ [meta-llama/Llama-4-Scout-17B-16E-Instruct] Temp=0.0 Rep=1 → Concordo fortemente
[2026-05-12 12:17:46,729][__main__][INFO] - ✓ [Qwen/Qwen3-235B-A22B-Instruct-2507] Temp=0.0 Rep=1 → Concordo fortemente
[2026-05-12 12:17:47,348][__main__][INFO] - ✓ [Qwen/Qwen3-235B-A22B-Instruct-2507] Temp=0.0 Rep=1 → Concordo fortemente
[2026-05-12 12:17:47,705][__main__][INFO] - ✓ [Qwen/Qwen3-235B-A22B-Instruct-2507] Temp=0.0 Rep=1 → Neutro
[2026-05-12 12:17:47,883][__main__][INFO] - ✓ [meta-llama/Meta-Llama-3.1-70B-Instruct] Temp=0.0 Rep=1 → Concordo fortemente
[2026-05-12 12:17:48,227][__main__][INFO] - ✓ [Qwen/Qwen3-14B] Temp=0.0 Rep=1 → Concordo fortemente
[2026-05-12 12:17:48,290][__main__][INFO] - ✓ [meta-llama/Meta-Llama-3.1-70B-Instruct] Temp=0.0 Rep=1 → Concordo fortemente
[2026-05-12 12:17:48,503][__main__][INFO] - ✓ [meta-llama/Meta-Llama-3.1-70B-Instruct] Temp=0.0 Rep=1 → Concordo fortemente
[2026-05-12 12:17:48,507][__main__][INFO] - ✓ [Qwen/Qwen3-14B] Temp=0.0 Rep=1 → Concordo fortemente
[2026-05-12 12:17:48,598][__main__][INFO] - ✓ [meta-llama/Llama-4-Scout-17B-16E-Instruct] Temp=0.0 Rep=1 → Concordo fortemente
[2026-05-12 12:17:48,885][__main__][INFO] - ✓ [meta-llama/Llama-4-Scout-17B-16E-Instruct] Temp=0.0 Rep=1 → Concordo fortemente
[2026-05-12 12:17:48,888][__main__][INFO] - ✓ [meta-llama/Llama-4-Scout-17B-16E-Instruct] Temp=0.0 Rep=1 → Concordo fortemente
[2026-05-12 12:17:49,805][__main__][INFO] - ✓ [Qwen/Qwen3-235B-A22B-Instruct-2507] Temp=0.0 Rep=1 → Concordo fortemente
[2026-05-12 12:17:49,910][__main__][INFO] - ✓ [Qwen/Qwen3-14B] Temp=0.0 Rep=1 → Neutro
[2026-05-12 12:17:50,522][__main__][INFO] - ✓ [Qwen/Qwen3-235B-A22B-Instruct-2507] Temp=0.0 Rep=1 → Concordo fortemente
[2026-05-12 12:17:50,525][__main__][INFO] - ✓ [Qwen/Qwen3-235B-A22B-Instruct-2507] Temp=0.0 Rep=1 → Concordo fortemente
[2026-05-12 12:17:51,648][__main__][INFO] - ✓ [meta-llama/Meta-Llama-3.1-70B-Instruct] Temp=0.0 Rep=1 → Concordo fortemente
[2026-05-12 12:17:51,651][__main__][INFO] - ✓ [meta-llama/Meta-Llama-3.1-70B-Instruct] Temp=0.0 Rep=1 → Concordo fortemente
[2026-05-12 12:17:52,162][__main__][INFO] - ✓ [meta-llama/Llama-4-Scout-17B-16E-Instruct] Temp=0.0 Rep=1 → Concordo fortemente
[2026-05-12 12:17:52,410][__main__][INFO] - ✓ [meta-llama/Meta-Llama-3.1-70B-Instruct] Temp=0.0 Rep=1 → Concordo fortemente
[2026-05-12 12:17:52,568][__main__][INFO] - ✓ [Qwen/Qwen3-14B] Temp=0.0 Rep=1 → Concordo fortemente
[2026-05-12 12:17:52,597][__main__][INFO] - Salvamento incremental (2800 novas respostas)...
[2026-05-12 12:17:52,655][__main__][INFO] - Cache salvo com 243202 entradas
[2026-05-12 12:17:52,655][__main__][INFO] - ✓ [meta-llama/Llama-4-Scout-17B-16E-Instruct] Temp=0.0 Rep=1 → Concordo fortemente
[2026-05-12 12:17:52,763][__main__][INFO] - ✓ [meta-llama/Llama-4-Scout-17B-16E-Instruct] Temp=0.0 Rep=1 → Concordo fortemente
[2026-05-12 12:17:53,480][__main__][INFO] - ✓ [Qwen/Qwen3-14B] Temp=0.0 Rep=1 → Concordo fortemente
[2026-05-12 12:17:54,207][__main__][INFO] - ✓ [Qwen/Qwen3-235B-A22B-Instruct-2507] Temp=0.0 Rep=1 → Concordo fortemente
[2026-05-12 12:17:54,461][__main__][INFO] - ✓ [Qwen/Qwen3-14B] Temp=0.0 Rep=1 → Concordo fortemente
[2026-05-12 12:17:55,027][__main__][INFO] - ✓ [Qwen/Qwen3-235B-A22B-Instruct-2507] Temp=0.0 Rep=1 → Concordo fortemente
[2026-05-12 12:17:55,030][__main__][INFO] - ✓ [Qwen/Qwen3-235B-A22B-Instruct-2507] Temp=0.0 Rep=1 → Neutro
[2026-05-12 12:17:55,744][__main__][INFO] - ✓ [meta-llama/Meta-Llama-3.1-70B-Instruct] Temp=0.0 Rep=1 → Concordo
[2026-05-12 12:17:55,795][__main__][INFO] - ✓ [meta-llama/Meta-Llama-3.1-70B-Instruct] Temp=0.0 Rep=1 → Concordo fortemente
[2026-05-12 12:17:55,868][__main__][INFO] - ✓ [Qwen/Qwen3-14B] Temp=0.0 Rep=1 → Concordo fortemente
[2026-05-12 12:17:56,360][__main__][INFO] - ✓ [meta-llama/Llama-4-Scout-17B-16E-Instruct] Temp=0.0 Rep=1 → Concordo fortemente
[2026-05-12 12:17:56,363][__main__][INFO] - ✓ [meta-llama/Llama-4-Scout-17B-16E-Instruct] Temp=0.0 Rep=1 → Concordo fortemente
[2026-05-12 12:17:56,364][__main__][INFO] - ✓ [meta-llama/Meta-Llama-3.1-70B-Instruct] Temp=0.0 Rep=1 → Concordo fortemente
[2026-05-12 12:17:56,687][__main__][INFO] - ✓ [Qwen/Qwen3-14B] Temp=0.0 Rep=1 → Concordo fortemente
[2026-05-12 12:17:56,831][__main__][INFO] - ✓ [meta-llama/Llama-4-Scout-17B-16E-Instruct] Temp=0.0 Rep=1 → Concordo fortemente
[2026-05-12 12:17:57,383][__main__][INFO] - ✓ [Qwen/Qwen3-235B-A22B-Instruct-2507] Temp=0.0 Rep=1 → Concordo fortemente
[2026-05-12 12:17:57,608][__main__][INFO] - ✓ [Qwen/Qwen3-14B] Temp=0.0 Rep=1 → Concordo fortemente
[2026-05-12 12:17:57,611][__main__][INFO] - ✓ [Qwen/Qwen3-14B] Temp=0.0 Rep=1 → Concordo fortemente
[2026-05-12 12:17:58,202][__main__][INFO] - ✓ [meta-llama/Meta-Llama-3.1-70B-Instruct] Temp=0.0 Rep=1 → Concordo fortemente
[2026-05-12 12:17:58,299][__main__][INFO] - ✓ [Qwen/Qwen3-235B-A22B-Instruct-2507] Temp=0.0 Rep=1 → Neutro
[2026-05-12 12:17:58,327][__main__][INFO] - ✓ [Qwen/Qwen3-235B-A22B-Instruct-2507] Temp=0.0 Rep=1 → Concordo fortemente
[2026-05-12 12:17:58,655][__main__][INFO] - ✓ [Qwen/Qwen3-14B] Temp=0.0 Rep=1 → Concordo fortemente
[2026-05-12 12:17:58,659][__main__][INFO] - ✓ [meta-llama/Llama-4-Scout-17B-16E-Instruct] Temp=0.0 Rep=1 → Concordo fortemente
[2026-05-12 12:17:58,742][__main__][INFO] - ✓ [Qwen/Qwen3-14B] Temp=0.0 Rep=1 → Neutro
[2026-05-12 12:17:58,918][__main__][INFO] - ✓ [meta-llama/Meta-Llama-3.1-70B-Instruct] Temp=0.0 Rep=1 → Concordo
[2026-05-12 12:17:59,018][__main__][INFO] - ✓ [meta-llama/Meta-Llama-3.1-70B-Instruct] Temp=0.0 Rep=1 → Concordo fortemente
[2026-05-12 12:17:59,028][__main__][INFO] - ✓ [meta-llama/Llama-4-Scout-17B-16E-Instruct] Temp=0.0 Rep=1 → Concordo fortemente
[2026-05-12 12:17:59,042][__main__][INFO] - ✓ [meta-llama/Llama-4-Scout-17B-16E-Instruct] Temp=0.0 Rep=1 → Concordo fortemente
[2026-05-12 12:17:59,738][__main__][INFO] - ✓ [Qwen/Qwen3-235B-A22B-Instruct-2507] Temp=0.0 Rep=1 → Discordo
[2026-05-12 12:17:59,741][__main__][INFO] - ✓ [Qwen/Qwen3-235B-A22B-Instruct-2507] Temp=0.0 Rep=1 → Discordo
[2026-05-12 12:17:59,808][__main__][INFO] - ✓ [Qwen/Qwen3-14B] Temp=0.0 Rep=1 → Concordo fortemente
[2026-05-12 12:18:00,232][__main__][INFO] - ✓ [meta-llama/Meta-Llama-3.1-70B-Instruct] Temp=0.0 Rep=1 → Discordo
[2026-05-12 12:18:00,380][__main__][INFO] - ✓ [Qwen/Qwen3-235B-A22B-Instruct-2507] Temp=0.0 Rep=1 → Neutro
[2026-05-12 12:18:00,384][__main__][INFO] - ✓ [meta-llama/Meta-Llama-3.1-70B-Instruct] Temp=0.0 Rep=1 → Concordo fortemente
[2026-05-12 12:18:00,751][__main__][INFO] - ✓ [meta-llama/Llama-4-Scout-17B-16E-Instruct] Temp=0.0 Rep=1 → Discordo
[2026-05-12 12:18:00,819][__main__][INFO] - ✓ [meta-llama/Llama-4-Scout-17B-16E-Instruct] Temp=0.0 Rep=1 → Concordo fortemente
[2026-05-12 12:18:00,926][__main__][INFO] - ✓ [Qwen/Qwen3-14B] Temp=0.0 Rep=1 → Concordo fortemente
[2026-05-12 12:18:01,030][__main__][INFO] - ✓ [meta-llama/Meta-Llama-3.1-70B-Instruct] Temp=0.0 Rep=1 → Concordo
[2026-05-12 12:18:01,277][__main__][INFO] - ✓ [meta-llama/Llama-4-Scout-17B-16E-Instruct] Temp=0.0 Rep=1 → Concordo
[2026-05-12 12:18:02,400][__main__][INFO] - ✓ [Qwen/Qwen3-235B-A22B-Instruct-2507] Temp=0.0 Rep=1 → Concordo fortemente
[2026-05-12 12:18:03,527][__main__][INFO] - Salvamento incremental (2840 novas respostas)...
[2026-05-12 12:18:03,583][__main__][INFO] - Cache salvo com 243242 entradas
[2026-05-12 12:18:03,583][__main__][INFO] - ✓ [Qwen/Qwen3-235B-A22B-Instruct-2507] Temp=0.0 Rep=1 → Concordo fortemente
[2026-05-12 12:18:03,744][__main__][INFO] - ✓ [Qwen/Qwen3-14B] Temp=0.0 Rep=1 → Concordo fortemente
[2026-05-12 12:18:03,786][__main__][INFO] - ✓ [Qwen/Qwen3-14B] Temp=0.0 Rep=1 → Concordo fortemente
[2026-05-12 12:18:04,238][__main__][INFO] - ✓ [meta-llama/Meta-Llama-3.1-70B-Instruct] Temp=0.0 Rep=1 → Concordo
[2026-05-12 12:18:04,286][__main__][INFO] - ✓ [meta-llama/Meta-Llama-3.1-70B-Instruct] Temp=0.0 Rep=1 → Concordo fortemente
[2026-05-12 12:18:04,581][__main__][INFO] - ✓ [meta-llama/Llama-4-Scout-17B-16E-Instruct] Temp=0.0 Rep=1 → Concordo fortemente
[2026-05-12 12:18:04,732][__main__][INFO] - ✓ [Qwen/Qwen3-14B] Temp=0.0 Rep=1 → Concordo fortemente
[2026-05-12 12:18:04,780][__main__][INFO] - ✓ [Qwen/Qwen3-235B-A22B-Instruct-2507] Temp=0.0 Rep=1 → Concordo fortemente
[2026-05-12 12:18:04,947][__main__][INFO] - ✓ [meta-llama/Meta-Llama-3.1-70B-Instruct] Temp=0.0 Rep=1 → Concordo fortemente
[2026-05-12 12:18:04,986][__main__][INFO] - ✓ [meta-llama/Llama-4-Scout-17B-16E-Instruct] Temp=0.0 Rep=1 → Concordo fortemente
[2026-05-12 12:18:05,189][__main__][INFO] - ✓ [meta-llama/Llama-4-Scout-17B-16E-Instruct] Temp=0.0 Rep=1 → Concordo fortemente
[2026-05-12 12:18:05,881][__main__][INFO] - ✓ [Qwen/Qwen3-235B-A22B-Instruct-2507] Temp=0.0 Rep=1 → Discordo
[2026-05-12 12:18:06,394][__main__][INFO] - ✓ [Qwen/Qwen3-235B-A22B-Instruct-2507] Temp=0.0 Rep=1 → Discordo
[2026-05-12 12:18:06,649][__main__][INFO] - ✓ [Qwen/Qwen3-14B] Temp=0.0 Rep=1 → Discordo
[2026-05-12 12:18:06,800][__main__][INFO] - ✓ [Qwen/Qwen3-14B] Temp=0.0 Rep=1 → Concordo fortemente
[2026-05-12 12:18:07,121][__main__][INFO] - ✓ [Qwen/Qwen3-235B-A22B-Instruct-2507] Temp=0.0 Rep=1 → Neutro
[2026-05-12 12:18:07,423][__main__][INFO] - ✓ [meta-llama/Meta-Llama-3.1-70B-Instruct] Temp=0.0 Rep=1 → Discordo
[2026-05-12 12:18:07,605][__main__][INFO] - ✓ [Qwen/Qwen3-14B] Temp=0.0 Rep=1 → Concordo fortemente
[2026-05-12 12:18:07,694][__main__][INFO] - ✓ [meta-llama/Meta-Llama-3.1-70B-Instruct] Temp=0.0 Rep=1 → Concordo fortemente
[2026-05-12 12:18:07,697][__main__][INFO] - ✓ [meta-llama/Meta-Llama-3.1-70B-Instruct] Temp=0.0 Rep=1 → Concordo
[2026-05-12 12:18:08,091][__main__][INFO] - ✓ [meta-llama/Llama-4-Scout-17B-16E-Instruct] Temp=0.0 Rep=1 → Discordo
[2026-05-12 12:18:08,116][__main__][INFO] - ✓ [Qwen/Qwen3-14B] Temp=0.0 Rep=1 → Concordo
[2026-05-12 12:18:08,152][__main__][INFO] - ✓ [meta-llama/Llama-4-Scout-17B-16E-Instruct] Temp=0.0 Rep=1 → Concordo fortemente
[2026-05-12 12:18:08,161][__main__][INFO] - ✓ [meta-llama/Llama-4-Scout-17B-16E-Instruct] Temp=0.0 Rep=1 → Concordo
[2026-05-12 12:18:09,151][__main__][INFO] - ✓ [Qwen/Qwen3-235B-A22B-Instruct-2507] Temp=0.0 Rep=1 → Concordo fortemente
[2026-05-12 12:18:09,155][__main__][INFO] - ✓ [Qwen/Qwen3-235B-A22B-Instruct-2507] Temp=0.0 Rep=1 → Concordo fortemente
[2026-05-12 12:18:10,244][__main__][INFO] - ✓ [Qwen/Qwen3-14B] Temp=0.0 Rep=1 → Concordo fortemente
[2026-05-12 12:18:10,817][__main__][INFO] - ✓ [meta-llama/Meta-Llama-3.1-70B-Instruct] Temp=0.0 Rep=1 → Concordo
[2026-05-12 12:18:10,839][__main__][INFO] - ✓ [meta-llama/Meta-Llama-3.1-70B-Instruct] Temp=0.0 Rep=1 → Concordo fortemente
[2026-05-12 12:18:11,238][__main__][INFO] - ✓ [meta-llama/Llama-4-Scout-17B-16E-Instruct] Temp=0.0 Rep=1 → Concordo fortemente
[2026-05-12 12:18:11,619][__main__][INFO] - ✓ [meta-llama/Meta-Llama-3.1-70B-Instruct] Temp=0.0 Rep=1 → Concordo fortemente
[2026-05-12 12:18:11,763][__main__][INFO] - ✓ [meta-llama/Llama-4-Scout-17B-16E-Instruct] Temp=0.0 Rep=1 → Concordo fortemente
[2026-05-12 12:18:11,981][__main__][INFO] - ✓ [meta-llama/Llama-4-Scout-17B-16E-Instruct] Temp=0.0 Rep=1 → Concordo fortemente
[2026-05-12 12:18:11,993][__main__][INFO] - ✓ [Qwen/Qwen3-14B] Temp=0.0 Rep=1 → Concordo fortemente
[2026-05-12 12:18:12,328][__main__][INFO] - ✓ [Qwen/Qwen3-235B-A22B-Instruct-2507] Temp=0.0 Rep=1 → Concordo fortemente
[2026-05-12 12:18:13,333][__main__][INFO] - ✓ [Qwen/Qwen3-235B-A22B-Instruct-2507] Temp=0.0 Rep=1 → Discordo
[2026-05-12 12:18:14,036][__main__][INFO] - ✓ [Qwen/Qwen3-235B-A22B-Instruct-2507] Temp=0.0 Rep=1 → Discordo
[2026-05-12 12:18:14,196][__main__][INFO] - ✓ [Qwen/Qwen3-14B] Temp=0.0 Rep=1 → Concordo fortemente
[2026-05-12 12:18:14,384][__main__][INFO] - ✓ [Qwen/Qwen3-14B] Temp=0.0 Rep=1 → Concordo fortemente
[2026-05-12 12:18:14,692][__main__][INFO] - ✓ [meta-llama/Meta-Llama-3.1-70B-Instruct] Temp=0.0 Rep=1 → Discordo
[2026-05-12 12:18:14,946][__main__][INFO] - Salvamento incremental (2880 novas respostas)...
[2026-05-12 12:18:15,022][__main__][INFO] - Cache salvo com 243282 entradas
[2026-05-12 12:18:15,022][__main__][INFO] - ✓ [Qwen/Qwen3-235B-A22B-Instruct-2507] Temp=0.0 Rep=1 → Neutro
[2026-05-12 12:18:15,024][__main__][INFO] - ✓ [meta-llama/Meta-Llama-3.1-70B-Instruct] Temp=0.0 Rep=1 → Concordo fortemente
[2026-05-12 12:18:15,271][__main__][INFO] - ✓ [meta-llama/Meta-Llama-3.1-70B-Instruct] Temp=0.0 Rep=1 → Concordo
[2026-05-12 12:18:15,298][__main__][INFO] - ✓ [Qwen/Qwen3-14B] Temp=0.0 Rep=1 → Concordo fortemente
[2026-05-12 12:18:15,432][__main__][INFO] - ✓ [meta-llama/Llama-4-Scout-17B-16E-Instruct] Temp=0.0 Rep=1 → Discordo
[2026-05-12 12:18:15,505][__main__][INFO] - ✓ [meta-llama/Llama-4-Scout-17B-16E-Instruct] Temp=0.0 Rep=1 → Concordo fortemente
[2026-05-12 12:18:15,754][__main__][INFO] - ✓ [meta-llama/Llama-4-Scout-17B-16E-Instruct] Temp=0.0 Rep=1 → Discordo
[2026-05-12 12:18:16,010][__main__][INFO] - ✓ [Qwen/Qwen3-14B] Temp=0.0 Rep=1 → Concordo fortemente
[2026-05-12 12:18:16,650][__main__][INFO] - ✓ [Qwen/Qwen3-235B-A22B-Instruct-2507] Temp=0.0 Rep=1 → Concordo fortemente
[2026-05-12 12:18:16,763][__main__][INFO] - ✓ [Qwen/Qwen3-235B-A22B-Instruct-2507] Temp=0.0 Rep=1 → Concordo fortemente
[2026-05-12 12:18:17,197][__main__][INFO] - ✓ [Qwen/Qwen3-235B-A22B-Instruct-2507] Temp=0.0 Rep=1 → Concordo fortemente
[2026-05-12 12:18:17,329][__main__][INFO] - ✓ [Qwen/Qwen3-14B] Temp=0.0 Rep=1 → Concordo fortemente
[2026-05-12 12:18:17,414][__main__][INFO] - ✓ [meta-llama/Meta-Llama-3.1-70B-Instruct] Temp=0.0 Rep=1 → Concordo fortemente
[2026-05-12 12:18:17,530][__main__][INFO] - ✓ [Qwen/Qwen3-14B] Temp=0.0 Rep=1 → Concordo fortemente
[2026-05-12 12:18:17,761][__main__][INFO] - ✓ [meta-llama/Meta-Llama-3.1-70B-Instruct] Temp=0.0 Rep=1 → Concordo
[2026-05-12 12:18:17,883][__main__][INFO] - ✓ [meta-llama/Llama-4-Scout-17B-16E-Instruct] Temp=0.0 Rep=1 → Concordo fortemente
[2026-05-12 12:18:17,945][__main__][INFO] - ✓ [meta-llama/Meta-Llama-3.1-70B-Instruct] Temp=0.0 Rep=1 → Concordo fortemente
[2026-05-12 12:18:17,948][__main__][INFO] - ✓ [meta-llama/Llama-4-Scout-17B-16E-Instruct] Temp=0.0 Rep=1 → Concordo fortemente
[2026-05-12 12:18:18,211][__main__][INFO] - ✓ [meta-llama/Llama-4-Scout-17B-16E-Instruct] Temp=0.0 Rep=1 → Concordo fortemente
[2026-05-12 12:18:18,663][__main__][INFO] - ✓ [Qwen/Qwen3-235B-A22B-Instruct-2507] Temp=0.0 Rep=1 → Discordo
[2026-05-12 12:18:19,399][__main__][INFO] - ✓ [Qwen/Qwen3-235B-A22B-Instruct-2507] Temp=0.0 Rep=1 → Concordo fortemente
[2026-05-12 12:18:19,911][__main__][INFO] - ✓ [Qwen/Qwen3-235B-A22B-Instruct-2507] Temp=0.0 Rep=1 → Neutro
[2026-05-12 12:18:20,526][__main__][INFO] - ✓ [meta-llama/Meta-Llama-3.1-70B-Instruct] Temp=0.0 Rep=1 → Discordo
[2026-05-12 12:18:21,198][__main__][INFO] - ✓ [meta-llama/Meta-Llama-3.1-70B-Instruct] Temp=0.0 Rep=1 → Concordo fortemente
[2026-05-12 12:18:21,821][__main__][INFO] - ✓ [meta-llama/Meta-Llama-3.1-70B-Instruct] Temp=0.0 Rep=1 → Concordo
[2026-05-12 12:18:21,964][__main__][INFO] - ✓ [Qwen/Qwen3-14B] Temp=0.0 Rep=1 → Concordo fortemente
[2026-05-12 12:18:22,247][__main__][INFO] - ✓ [meta-llama/Llama-4-Scout-17B-16E-Instruct] Temp=0.0 Rep=1 → Discordo
[2026-05-12 12:18:22,330][__main__][INFO] - ✓ [meta-llama/Llama-4-Scout-17B-16E-Instruct] Temp=0.0 Rep=1 → Concordo fortemente
[2026-05-12 12:18:22,771][__main__][INFO] - ✓ [meta-llama/Llama-4-Scout-17B-16E-Instruct] Temp=0.0 Rep=1 → Concordo fortemente
[2026-05-12 12:18:23,098][__main__][INFO] - ✓ [Qwen/Qwen3-14B] Temp=0.0 Rep=1 → Concordo fortemente
[2026-05-12 12:18:23,905][__main__][INFO] - ✓ [Qwen/Qwen3-14B] Temp=0.0 Rep=1 → Concordo fortemente
[2026-05-12 12:18:24,344][__main__][INFO] - ✓ [Qwen/Qwen3-235B-A22B-Instruct-2507] Temp=0.0 Rep=1 → Concordo fortemente
[2026-05-12 12:18:24,968][__main__][INFO] - ✓ [Qwen/Qwen3-235B-A22B-Instruct-2507] Temp=0.0 Rep=1 → Concordo fortemente
[2026-05-12 12:18:25,390][__main__][INFO] - ✓ [Qwen/Qwen3-235B-A22B-Instruct-2507] Temp=0.0 Rep=1 → Neutro
[2026-05-12 12:18:25,685][__main__][INFO] - ✓ [Qwen/Qwen3-14B] Temp=0.0 Rep=1 → Concordo fortemente
[2026-05-12 12:18:25,707][__main__][INFO] - ✓ [Qwen/Qwen3-14B] Temp=0.0 Rep=1 → Concordo fortemente
[2026-05-12 12:18:25,767][__main__][INFO] - ✓ [Qwen/Qwen3-14B] Temp=0.0 Rep=1 → Concordo fortemente
[2026-05-12 12:18:25,918][__main__][INFO] - ✓ [meta-llama/Meta-Llama-3.1-70B-Instruct] Temp=0.0 Rep=1 → Concordo fortemente
[2026-05-12 12:18:26,096][__main__][INFO] - ✓ [meta-llama/Llama-4-Scout-17B-16E-Instruct] Temp=0.0 Rep=1 → Concordo fortemente
[2026-05-12 12:18:26,138][__main__][INFO] - ✓ [meta-llama/Meta-Llama-3.1-70B-Instruct] Temp=0.0 Rep=1 → Concordo
[2026-05-12 12:18:26,283][__main__][INFO] - Salvamento incremental (2920 novas respostas)...
[2026-05-12 12:18:26,351][__main__][INFO] - Cache salvo com 243322 entradas
[2026-05-12 12:18:26,352][__main__][INFO] - ✓ [meta-llama/Meta-Llama-3.1-70B-Instruct] Temp=0.0 Rep=1 → Concordo fortemente
[2026-05-12 12:18:26,353][__main__][INFO] - ✓ [Qwen/Qwen3-14B] Temp=0.0 Rep=1 → Neutro
[2026-05-12 12:18:26,500][__main__][INFO] - ✓ [meta-llama/Llama-4-Scout-17B-16E-Instruct] Temp=0.0 Rep=1 → Concordo fortemente
[2026-05-12 12:18:26,536][__main__][INFO] - ✓ [meta-llama/Llama-4-Scout-17B-16E-Instruct] Temp=0.0 Rep=1 → Concordo fortemente
[2026-05-12 12:18:27,034][__main__][INFO] - ✓ [Qwen/Qwen3-235B-A22B-Instruct-2507] Temp=0.0 Rep=1 → Neutro
[2026-05-12 12:18:27,101][__main__][INFO] - ✓ [Qwen/Qwen3-235B-A22B-Instruct-2507] Temp=0.0 Rep=1 → Concordo fortemente
[2026-05-12 12:18:27,507][__main__][INFO] - ✓ [Qwen/Qwen3-235B-A22B-Instruct-2507] Temp=0.0 Rep=1 → Neutro
[2026-05-12 12:18:27,723][__main__][INFO] - ✓ [meta-llama/Meta-Llama-3.1-70B-Instruct] Temp=0.0 Rep=1 → Concordo fortemente
[2026-05-12 12:18:27,744][__main__][INFO] - ✓ [Qwen/Qwen3-14B] Temp=0.0 Rep=1 → Concordo fortemente
[2026-05-12 12:18:28,014][__main__][INFO] - ✓ [meta-llama/Meta-Llama-3.1-70B-Instruct] Temp=0.0 Rep=1 → Discordo
[2026-05-12 12:18:28,127][__main__][INFO] - ✓ [meta-llama/Llama-4-Scout-17B-16E-Instruct] Temp=0.0 Rep=1 → Concordo fortemente
[2026-05-12 12:18:28,181][__main__][INFO] - ✓ [meta-llama/Meta-Llama-3.1-70B-Instruct] Temp=0.0 Rep=1 → Concordo
[2026-05-12 12:18:28,539][__main__][INFO] - ✓ [meta-llama/Llama-4-Scout-17B-16E-Instruct] Temp=0.0 Rep=1 → Discordo
[2026-05-12 12:18:28,576][__main__][INFO] - ✓ [meta-llama/Llama-4-Scout-17B-16E-Instruct] Temp=0.0 Rep=1 → Concordo fortemente
[2026-05-12 12:18:28,735][__main__][INFO] - ✓ [Qwen/Qwen3-14B] Temp=0.0 Rep=1 → Concordo fortemente
[2026-05-12 12:18:29,443][__main__][INFO] - ✓ [Qwen/Qwen3-14B] Temp=0.0 Rep=1 → Concordo fortemente
[2026-05-12 12:18:29,619][__main__][INFO] - ✓ [Qwen/Qwen3-235B-A22B-Instruct-2507] Temp=0.0 Rep=1 → Neutro
[2026-05-12 12:18:29,769][__main__][INFO] - ✓ [Qwen/Qwen3-14B] Temp=0.0 Rep=1 → Concordo fortemente
[2026-05-12 12:18:30,113][__main__][INFO] - ✓ [Qwen/Qwen3-235B-A22B-Instruct-2507] Temp=0.0 Rep=1 → Discordo
[2026-05-12 12:18:30,438][__main__][INFO] - ✓ [Qwen/Qwen3-235B-A22B-Instruct-2507] Temp=0.0 Rep=1 → Neutro
[2026-05-12 12:18:30,462][__main__][INFO] - ✓ [meta-llama/Meta-Llama-3.1-70B-Instruct] Temp=0.0 Rep=1 → Discordo
[2026-05-12 12:18:30,867][__main__][INFO] - ✓ [meta-llama/Llama-4-Scout-17B-16E-Instruct] Temp=0.0 Rep=1 → Discordo
[2026-05-12 12:18:30,937][__main__][INFO] - ✓ [meta-llama/Meta-Llama-3.1-70B-Instruct] Temp=0.0 Rep=1 → Concordo fortemente
[2026-05-12 12:18:31,010][__main__][INFO] - ✓ [meta-llama/Meta-Llama-3.1-70B-Instruct] Temp=0.0 Rep=1 → Concordo
[2026-05-12 12:18:31,302][__main__][INFO] - ✓ [meta-llama/Llama-4-Scout-17B-16E-Instruct] Temp=0.0 Rep=1 → Concordo
[2026-05-12 12:18:31,530][__main__][INFO] - ✓ [meta-llama/Llama-4-Scout-17B-16E-Instruct] Temp=0.0 Rep=1 → Concordo fortemente
[2026-05-12 12:18:32,235][__main__][INFO] - ✓ [Qwen/Qwen3-14B] Temp=0.0 Rep=1 → Concordo fortemente
[2026-05-12 12:18:33,001][__main__][INFO] - ✓ [Qwen/Qwen3-14B] Temp=0.0 Rep=1 → Concordo fortemente
[2026-05-12 12:18:33,632][__main__][INFO] - ✓ [Qwen/Qwen3-235B-A22B-Instruct-2507] Temp=0.0 Rep=1 → Discordo
[2026-05-12 12:18:34,042][__main__][INFO] - ✓ [Qwen/Qwen3-235B-A22B-Instruct-2507] Temp=0.0 Rep=1 → Concordo fortemente
[2026-05-12 12:18:34,112][__main__][INFO] - ✓ [Qwen/Qwen3-235B-A22B-Instruct-2507] Temp=0.0 Rep=1 → Neutro
[2026-05-12 12:18:34,555][__main__][INFO] - ✓ [meta-llama/Meta-Llama-3.1-70B-Instruct] Temp=0.0 Rep=1 → Discordo
[2026-05-12 12:18:34,577][__main__][INFO] - ✓ [Qwen/Qwen3-14B] Temp=0.0 Rep=1 → Concordo fortemente
[2026-05-12 12:18:34,620][__main__][INFO] - ✓ [meta-llama/Meta-Llama-3.1-70B-Instruct] Temp=0.0 Rep=1 → Concordo fortemente
[2026-05-12 12:18:34,654][__main__][INFO] - ✓ [Qwen/Qwen3-14B] Temp=0.0 Rep=1 → Concordo fortemente
[2026-05-12 12:18:34,842][__main__][INFO] - ✓ [meta-llama/Llama-4-Scout-17B-16E-Instruct] Temp=0.0 Rep=1 → Discordo
[2026-05-12 12:18:34,976][__main__][INFO] - ✓ [meta-llama/Llama-4-Scout-17B-16E-Instruct] Temp=0.0 Rep=1 → Concordo fortemente
[2026-05-12 12:18:34,990][__main__][INFO] - ✓ [meta-llama/Llama-4-Scout-17B-16E-Instruct] Temp=0.0 Rep=1 → Concordo
[2026-05-12 12:18:35,033][__main__][INFO] - ✓ [meta-llama/Meta-Llama-3.1-70B-Instruct] Temp=0.0 Rep=1 → Concordo
[2026-05-12 12:18:35,784][__main__][INFO] - ✓ [Qwen/Qwen3-235B-A22B-Instruct-2507] Temp=0.0 Rep=1 → Concordo
[2026-05-12 12:18:36,705][__main__][INFO] - Salvamento incremental (2960 novas respostas)...
[2026-05-12 12:18:36,795][__main__][INFO] - Cache salvo com 243362 entradas
[2026-05-12 12:18:36,795][__main__][INFO] - ✓ [Qwen/Qwen3-235B-A22B-Instruct-2507] Temp=0.0 Rep=1 → Concordo fortemente
[2026-05-12 12:18:37,627][__main__][INFO] - ✓ [Qwen/Qwen3-235B-A22B-Instruct-2507] Temp=0.0 Rep=1 → Concordo
[2026-05-12 12:18:38,239][__main__][INFO] - ✓ [meta-llama/Meta-Llama-3.1-70B-Instruct] Temp=0.0 Rep=1 → Discordo fortemente
[2026-05-12 12:18:38,753][__main__][INFO] - ✓ [meta-llama/Meta-Llama-3.1-70B-Instruct] Temp=0.0 Rep=1 → Concordo
[2026-05-12 12:18:39,109][__main__][INFO] - ✓ [Qwen/Qwen3-14B] Temp=0.0 Rep=1 → Concordo fortemente
[2026-05-12 12:18:39,225][__main__][INFO] - ✓ [meta-llama/Meta-Llama-3.1-70B-Instruct] Temp=0.0 Rep=1 → Concordo
[2026-05-12 12:18:39,559][__main__][INFO] - ✓ [meta-llama/Llama-4-Scout-17B-16E-Instruct] Temp=0.0 Rep=1 → Discordo fortemente
[2026-05-12 12:18:39,573][__main__][INFO] - ✓ [meta-llama/Llama-4-Scout-17B-16E-Instruct] Temp=0.0 Rep=1 → Discordo
[2026-05-12 12:18:39,935][__main__][INFO] - ✓ [meta-llama/Llama-4-Scout-17B-16E-Instruct] Temp=0.0 Rep=1 → Discordo
[2026-05-12 12:18:40,278][__main__][INFO] - ✓ [Qwen/Qwen3-14B] Temp=0.0 Rep=1 → Concordo fortemente
[2026-05-12 12:18:41,450][__main__][INFO] - ✓ [Qwen/Qwen3-14B] Temp=0.0 Rep=1 → Concordo fortemente
[2026-05-12 12:18:41,546][__main__][INFO] - ✓ [Qwen/Qwen3-14B] Temp=0.0 Rep=1 → Concordo fortemente
[2026-05-12 12:18:42,235][__main__][INFO] - ✓ [Qwen/Qwen3-14B] Temp=0.0 Rep=1 → Concordo fortemente
[2026-05-12 12:18:42,238][__main__][INFO] - ✓ [Qwen/Qwen3-235B-A22B-Instruct-2507] Temp=0.0 Rep=1 → Concordo fortemente
[2026-05-12 12:18:42,247][__main__][INFO] - ✓ [Qwen/Qwen3-235B-A22B-Instruct-2507] Temp=0.0 Rep=1 → Concordo fortemente
[2026-05-12 12:18:42,789][__main__][INFO] - ✓ [meta-llama/Meta-Llama-3.1-70B-Instruct] Temp=0.0 Rep=1 → Neutro
[2026-05-12 12:18:42,793][__main__][INFO] - ✓ [Qwen/Qwen3-235B-A22B-Instruct-2507] Temp=0.0 Rep=1 → Neutro
[2026-05-12 12:18:42,861][__main__][INFO] - ✓ [meta-llama/Meta-Llama-3.1-70B-Instruct] Temp=0.0 Rep=1 → Concordo fortemente
[2026-05-12 12:18:43,089][__main__][INFO] - ✓ [meta-llama/Llama-4-Scout-17B-16E-Instruct] Temp=0.0 Rep=1 → Concordo fortemente
[2026-05-12 12:18:43,330][__main__][INFO] - ✓ [meta-llama/Meta-Llama-3.1-70B-Instruct] Temp=0.0 Rep=1 → Concordo fortemente
[2026-05-12 12:18:43,361][__main__][INFO] - ✓ [meta-llama/Llama-4-Scout-17B-16E-Instruct] Temp=0.0 Rep=1 → Concordo fortemente
[2026-05-12 12:18:43,391][__main__][INFO] - ✓ [meta-llama/Llama-4-Scout-17B-16E-Instruct] Temp=0.0 Rep=1 → Concordo fortemente
[2026-05-12 12:18:43,502][__main__][INFO] - ✓ [Qwen/Qwen3-14B] Temp=0.0 Rep=1 → Concordo fortemente
[2026-05-12 12:18:44,924][__main__][INFO] - ✓ [Qwen/Qwen3-235B-A22B-Instruct-2507] Temp=0.0 Rep=1 → Concordo fortemente
[2026-05-12 12:18:45,325][__main__][INFO] - ✓ [Qwen/Qwen3-14B] Temp=0.0 Rep=1 → Concordo fortemente
[2026-05-12 12:18:45,430][__main__][INFO] - ✓ [Qwen/Qwen3-14B] Temp=0.0 Rep=1 → Concordo fortemente
[2026-05-12 12:18:46,023][__main__][INFO] - ✓ [meta-llama/Meta-Llama-3.1-70B-Instruct] Temp=0.0 Rep=1 → Concordo fortemente
[2026-05-12 12:18:46,084][__main__][INFO] - ✓ [Qwen/Qwen3-235B-A22B-Instruct-2507] Temp=0.0 Rep=1 → Concordo fortemente
[2026-05-12 12:18:46,364][__main__][INFO] - ✓ [Qwen/Qwen3-235B-A22B-Instruct-2507] Temp=0.0 Rep=1 → Concordo fortemente
[2026-05-12 12:18:46,524][__main__][INFO] - ✓ [Qwen/Qwen3-14B] Temp=0.0 Rep=1 → Concordo fortemente
[2026-05-12 12:18:46,591][__main__][INFO] - ✓ [Qwen/Qwen3-14B] Temp=0.0 Rep=1 → Concordo fortemente
[2026-05-12 12:18:46,718][__main__][INFO] - ✓ [meta-llama/Meta-Llama-3.1-70B-Instruct] Temp=0.0 Rep=1 → Concordo fortemente
[2026-05-12 12:18:46,734][__main__][INFO] - ✓ [meta-llama/Llama-4-Scout-17B-16E-Instruct] Temp=0.0 Rep=1 → Concordo fortemente
[2026-05-12 12:18:46,738][__main__][INFO] - ✓ [meta-llama/Meta-Llama-3.1-70B-Instruct] Temp=0.0 Rep=1 → Concordo fortemente
[2026-05-12 12:18:46,945][__main__][INFO] - ✓ [meta-llama/Llama-4-Scout-17B-16E-Instruct] Temp=0.0 Rep=1 → Concordo fortemente
[2026-05-12 12:18:46,957][__main__][INFO] - ✓ [meta-llama/Llama-4-Scout-17B-16E-Instruct] Temp=0.0 Rep=1 → Concordo fortemente
[2026-05-12 12:18:47,960][__main__][INFO] - ✓ [Qwen/Qwen3-235B-A22B-Instruct-2507] Temp=0.0 Rep=1 → Concordo
[2026-05-12 12:18:48,004][__main__][INFO] - ✓ [Qwen/Qwen3-14B] Temp=0.0 Rep=1 → Concordo fortemente
[2026-05-12 12:18:48,055][__main__][INFO] - ✓ [Qwen/Qwen3-235B-A22B-Instruct-2507] Temp=0.0 Rep=1 → Concordo fortemente
[2026-05-12 12:18:48,160][__main__][INFO] - ✓ [Qwen/Qwen3-14B] Temp=0.0 Rep=1 → Concordo fortemente
[2026-05-12 12:18:48,357][__main__][INFO] - Salvamento incremental (3000 novas respostas)...
[2026-05-12 12:18:48,415][__main__][INFO] - Cache salvo com 243402 entradas
[2026-05-12 12:18:48,415][__main__][INFO] - ✓ [Qwen/Qwen3-14B] Temp=0.0 Rep=1 → Concordo fortemente
[2026-05-12 12:18:48,505][__main__][INFO] - ✓ [Qwen/Qwen3-235B-A22B-Instruct-2507] Temp=0.0 Rep=1 → Concordo
[2026-05-12 12:18:48,566][__main__][INFO] - ✓ [meta-llama/Meta-Llama-3.1-70B-Instruct] Temp=0.0 Rep=1 → Discordo
[2026-05-12 12:18:48,684][__main__][INFO] - ✓ [meta-llama/Meta-Llama-3.1-70B-Instruct] Temp=0.0 Rep=1 → Concordo
[2026-05-12 12:18:48,719][__main__][INFO] - ✓ [meta-llama/Meta-Llama-3.1-70B-Instruct] Temp=0.0 Rep=1 → Concordo
[2026-05-12 12:18:48,984][__main__][INFO] - ✓ [meta-llama/Llama-4-Scout-17B-16E-Instruct] Temp=0.0 Rep=1 → Concordo
[2026-05-12 12:18:48,988][__main__][INFO] - ✓ [meta-llama/Llama-4-Scout-17B-16E-Instruct] Temp=0.0 Rep=1 → Discordo
[2026-05-12 12:18:49,064][__main__][INFO] - ✓ [meta-llama/Llama-4-Scout-17B-16E-Instruct] Temp=0.0 Rep=1 → Concordo
[2026-05-12 12:18:50,324][__main__][INFO] - ✓ [Qwen/Qwen3-235B-A22B-Instruct-2507] Temp=0.0 Rep=1 → Concordo fortemente
[2026-05-12 12:18:50,327][__main__][INFO] - ✓ [Qwen/Qwen3-235B-A22B-Instruct-2507] Temp=0.0 Rep=1 → Concordo fortemente
[2026-05-12 12:18:51,082][__main__][INFO] - ✓ [meta-llama/Meta-Llama-3.1-70B-Instruct] Temp=0.0 Rep=1 → Concordo fortemente
[2026-05-12 12:18:51,181][__main__][INFO] - ✓ [Qwen/Qwen3-14B] Temp=0.0 Rep=1 → Concordo fortemente
[2026-05-12 12:18:51,606][__main__][INFO] - ✓ [Qwen/Qwen3-235B-A22B-Instruct-2507] Temp=0.0 Rep=1 → Concordo fortemente
[2026-05-12 12:18:51,827][__main__][INFO] - ✓ [meta-llama/Meta-Llama-3.1-70B-Instruct] Temp=0.0 Rep=1 → Concordo fortemente
[2026-05-12 12:18:51,876][__main__][INFO] - ✓ [meta-llama/Meta-Llama-3.1-70B-Instruct] Temp=0.0 Rep=1 → Concordo fortemente
[2026-05-12 12:18:51,976][__main__][INFO] - ✓ [meta-llama/Llama-4-Scout-17B-16E-Instruct] Temp=0.0 Rep=1 → Concordo fortemente
[2026-05-12 12:18:52,283][__main__][INFO] - ✓ [meta-llama/Llama-4-Scout-17B-16E-Instruct] Temp=0.0 Rep=1 → Concordo fortemente
[2026-05-12 12:18:52,310][__main__][INFO] - ✓ [meta-llama/Llama-4-Scout-17B-16E-Instruct] Temp=0.0 Rep=1 → Concordo fortemente
[2026-05-12 12:18:53,908][__main__][INFO] - ✓ [Qwen/Qwen3-14B] Temp=0.0 Rep=1 → Discordo
[2026-05-12 12:18:54,625][__main__][INFO] - ✓ [Qwen/Qwen3-235B-A22B-Instruct-2507] Temp=0.0 Rep=1 → Concordo fortemente
[2026-05-12 12:18:54,799][__main__][INFO] - ✓ [Qwen/Qwen3-14B] Temp=0.0 Rep=1 → Discordo
[2026-05-12 12:18:55,341][__main__][INFO] - ✓ [Qwen/Qwen3-235B-A22B-Instruct-2507] Temp=0.0 Rep=1 → Concordo fortemente
[2026-05-12 12:18:55,345][__main__][INFO] - ✓ [Qwen/Qwen3-235B-A22B-Instruct-2507] Temp=0.0 Rep=1 → Concordo fortemente
[2026-05-12 12:18:55,586][__main__][INFO] - ✓ [Qwen/Qwen3-14B] Temp=0.0 Rep=1 → Concordo
[2026-05-12 12:18:56,060][__main__][INFO] - ✓ [meta-llama/Meta-Llama-3.1-70B-Instruct] Temp=0.0 Rep=1 → Concordo fortemente
[2026-05-12 12:18:56,063][__main__][INFO] - ✓ [meta-llama/Meta-Llama-3.1-70B-Instruct] Temp=0.0 Rep=1 → Concordo fortemente
[2026-05-12 12:18:56,367][__main__][INFO] - ✓ [meta-llama/Meta-Llama-3.1-70B-Instruct] Temp=0.0 Rep=1 → Concordo fortemente
[2026-05-12 12:18:56,414][__main__][INFO] - ✓ [meta-llama/Llama-4-Scout-17B-16E-Instruct] Temp=0.0 Rep=1 → Concordo fortemente
[2026-05-12 12:18:56,532][__main__][INFO] - ✓ [meta-llama/Llama-4-Scout-17B-16E-Instruct] Temp=0.0 Rep=1 → Concordo fortemente
[2026-05-12 12:18:57,082][__main__][INFO] - ✓ [meta-llama/Llama-4-Scout-17B-16E-Instruct] Temp=0.0 Rep=1 → Concordo fortemente
[2026-05-12 12:19:00,026][__main__][INFO] - ✓ [Qwen/Qwen3-14B] Temp=0.0 Rep=1 → Concordo fortemente
[2026-05-12 12:19:01,078][__main__][INFO] - ✓ [Qwen/Qwen3-235B-A22B-Instruct-2507] Temp=0.0 Rep=1 → Discordo
[2026-05-12 12:19:01,082][__main__][INFO] - ✓ [Qwen/Qwen3-14B] Temp=0.0 Rep=1 → Concordo fortemente
[2026-05-12 12:19:01,364][__main__][INFO] - ✓ [Qwen/Qwen3-14B] Temp=0.0 Rep=1 → Concordo fortemente
[2026-05-12 12:19:01,451][__main__][INFO] - ✓ [Qwen/Qwen3-14B] Temp=0.0 Rep=1 → Concordo fortemente
[2026-05-12 12:19:01,864][__main__][INFO] - ✓ [meta-llama/Meta-Llama-3.1-70B-Instruct] Temp=0.0 Rep=1 → Discordo
[2026-05-12 12:19:01,982][__main__][INFO] - ✓ [meta-llama/Meta-Llama-3.1-70B-Instruct] Temp=0.0 Rep=1 → Concordo
[2026-05-12 12:19:02,407][__main__][INFO] - ✓ [meta-llama/Meta-Llama-3.1-70B-Instruct] Temp=0.0 Rep=1 → Concordo
[2026-05-12 12:19:02,432][__main__][INFO] - ✓ [Qwen/Qwen3-235B-A22B-Instruct-2507] Temp=0.0 Rep=1 → Concordo
[2026-05-12 12:19:02,437][__main__][INFO] - ✓ [meta-llama/Llama-4-Scout-17B-16E-Instruct] Temp=0.0 Rep=1 → Discordo
[2026-05-12 12:19:02,448][__main__][INFO] - Salvamento incremental (3040 novas respostas)...
[2026-05-12 12:19:02,500][__main__][INFO] - Cache salvo com 243442 entradas
[2026-05-12 12:19:02,500][__main__][INFO] - ✓ [Qwen/Qwen3-14B] Temp=0.0 Rep=1 → Concordo fortemente
[2026-05-12 12:19:02,519][__main__][INFO] - ✓ [Qwen/Qwen3-235B-A22B-Instruct-2507] Temp=0.0 Rep=1 → Neutro
[2026-05-12 12:19:02,846][__main__][INFO] - ✓ [meta-llama/Llama-4-Scout-17B-16E-Instruct] Temp=0.0 Rep=1 → Concordo
[2026-05-12 12:19:02,879][__main__][INFO] - ✓ [meta-llama/Llama-4-Scout-17B-16E-Instruct] Temp=0.0 Rep=1 → Discordo
[2026-05-12 12:19:03,534][__main__][INFO] - ✓ [Qwen/Qwen3-235B-A22B-Instruct-2507] Temp=0.0 Rep=1 → Discordo
[2026-05-12 12:19:03,544][__main__][INFO] - ✓ [Qwen/Qwen3-235B-A22B-Instruct-2507] Temp=0.0 Rep=1 → Discordo
[2026-05-12 12:19:04,045][__main__][INFO] - ✓ [Qwen/Qwen3-235B-A22B-Instruct-2507] Temp=0.0 Rep=1 → Neutro
[2026-05-12 12:19:04,049][__main__][INFO] - ✓ [meta-llama/Meta-Llama-3.1-70B-Instruct] Temp=0.0 Rep=1 → Discordo fortemente
[2026-05-12 12:19:04,558][__main__][INFO] - ✓ [meta-llama/Meta-Llama-3.1-70B-Instruct] Temp=0.0 Rep=1 → Discordo fortemente
[2026-05-12 12:19:05,070][__main__][INFO] - ✓ [meta-llama/Llama-4-Scout-17B-16E-Instruct] Temp=0.0 Rep=1 → Discordo fortemente
[2026-05-12 12:19:05,074][__main__][INFO] - ✓ [Qwen/Qwen3-14B] Temp=0.0 Rep=1 → Discordo
[2026-05-12 12:19:05,078][__main__][INFO] - ✓ [Qwen/Qwen3-14B] Temp=0.0 Rep=1 → Concordo fortemente
[2026-05-12 12:19:05,080][__main__][INFO] - ✓ [meta-llama/Meta-Llama-3.1-70B-Instruct] Temp=0.0 Rep=1 → Concordo fortemente
[2026-05-12 12:19:05,431][__main__][INFO] - ✓ [meta-llama/Llama-4-Scout-17B-16E-Instruct] Temp=0.0 Rep=1 → Concordo fortemente
[2026-05-12 12:19:05,435][__main__][INFO] - ✓ [meta-llama/Llama-4-Scout-17B-16E-Instruct] Temp=0.0 Rep=1 → Discordo
[2026-05-12 12:19:06,199][__main__][INFO] - ✓ [Qwen/Qwen3-14B] Temp=0.0 Rep=1 → Discordo
[2026-05-12 12:19:06,285][__main__][INFO] - ✓ [Qwen/Qwen3-235B-A22B-Instruct-2507] Temp=0.0 Rep=1 → Concordo fortemente
[2026-05-12 12:19:06,811][__main__][INFO] - ✓ [Qwen/Qwen3-235B-A22B-Instruct-2507] Temp=0.0 Rep=1 → Neutro
[2026-05-12 12:19:06,851][__main__][INFO] - ✓ [Qwen/Qwen3-235B-A22B-Instruct-2507] Temp=0.0 Rep=1 → Concordo fortemente
[2026-05-12 12:19:07,336][__main__][INFO] - ✓ [meta-llama/Meta-Llama-3.1-70B-Instruct] Temp=0.0 Rep=1 → Concordo
[2026-05-12 12:19:07,341][__main__][INFO] - ✓ [meta-llama/Meta-Llama-3.1-70B-Instruct] Temp=0.0 Rep=1 → Concordo fortemente
[2026-05-12 12:19:07,726][__main__][INFO] - ✓ [meta-llama/Llama-4-Scout-17B-16E-Instruct] Temp=0.0 Rep=1 → Concordo fortemente
[2026-05-12 12:19:07,926][__main__][INFO] - ✓ [meta-llama/Meta-Llama-3.1-70B-Instruct] Temp=0.0 Rep=1 → Concordo fortemente
[2026-05-12 12:19:08,026][__main__][INFO] - ✓ [meta-llama/Llama-4-Scout-17B-16E-Instruct] Temp=0.0 Rep=1 → Discordo fortemente
[2026-05-12 12:19:08,287][__main__][INFO] - ✓ [meta-llama/Llama-4-Scout-17B-16E-Instruct] Temp=0.0 Rep=1 → Concordo fortemente
[2026-05-12 12:19:09,579][__main__][INFO] - ✓ [Qwen/Qwen3-14B] Temp=0.0 Rep=1 → Concordo fortemente
[2026-05-12 12:19:12,648][__main__][INFO] - ✓ [Qwen/Qwen3-14B] Temp=0.0 Rep=1 → Concordo fortemente
[2026-05-12 12:19:13,671][__main__][INFO] - ✓ [Qwen/Qwen3-235B-A22B-Instruct-2507] Temp=0.0 Rep=1 → Concordo fortemente
[2026-05-12 12:19:14,285][__main__][INFO] - ✓ [Qwen/Qwen3-14B] Temp=0.0 Rep=1 → Concordo fortemente
[2026-05-12 12:19:14,477][__main__][INFO] - ✓ [Qwen/Qwen3-235B-A22B-Instruct-2507] Temp=0.0 Rep=1 → Concordo fortemente
[2026-05-12 12:19:15,105][__main__][INFO] - ✓ [meta-llama/Meta-Llama-3.1-70B-Instruct] Temp=0.0 Rep=1 → Concordo fortemente
[2026-05-12 12:19:15,414][__main__][INFO] - ✓ [Qwen/Qwen3-235B-A22B-Instruct-2507] Temp=0.0 Rep=1 → Neutro
[2026-05-12 12:19:15,620][__main__][INFO] - ✓ [Qwen/Qwen3-14B] Temp=0.0 Rep=1 → Concordo fortemente
[2026-05-12 12:19:15,737][__main__][INFO] - ✓ [Qwen/Qwen3-14B] Temp=0.0 Rep=1 → Concordo fortemente
[2026-05-12 12:19:15,741][__main__][INFO] - ✓ [meta-llama/Meta-Llama-3.1-70B-Instruct] Temp=0.0 Rep=1 → Concordo fortemente
[2026-05-12 12:19:15,994][__main__][INFO] - ✓ [meta-llama/Meta-Llama-3.1-70B-Instruct] Temp=0.0 Rep=1 → Concordo fortemente
[2026-05-12 12:19:16,008][__main__][INFO] - ✓ [meta-llama/Llama-4-Scout-17B-16E-Instruct] Temp=0.0 Rep=1 → Concordo fortemente
[2026-05-12 12:19:16,114][__main__][INFO] - ✓ [meta-llama/Llama-4-Scout-17B-16E-Instruct] Temp=0.0 Rep=1 → Concordo fortemente
[2026-05-12 12:19:16,291][__main__][INFO] - ✓ [meta-llama/Llama-4-Scout-17B-16E-Instruct] Temp=0.0 Rep=1 → Discordo fortemente
[2026-05-12 12:19:16,846][__main__][INFO] - ✓ [Qwen/Qwen3-235B-A22B-Instruct-2507] Temp=0.0 Rep=1 → Discordo
[2026-05-12 12:19:17,562][__main__][INFO] - Salvamento incremental (3080 novas respostas)...
[2026-05-12 12:19:17,628][__main__][INFO] - Cache salvo com 243482 entradas
[2026-05-12 12:19:17,628][__main__][INFO] - ✓ [Qwen/Qwen3-235B-A22B-Instruct-2507] Temp=0.0 Rep=1 → Discordo
[2026-05-12 12:19:18,382][__main__][INFO] - ✓ [Qwen/Qwen3-235B-A22B-Instruct-2507] Temp=0.0 Rep=1 → Neutro
[2026-05-12 12:19:18,997][__main__][INFO] - ✓ [meta-llama/Meta-Llama-3.1-70B-Instruct] Temp=0.0 Rep=1 → Discordo fortemente
[2026-05-12 12:19:19,434][__main__][INFO] - ✓ [meta-llama/Meta-Llama-3.1-70B-Instruct] Temp=0.0 Rep=1 → Concordo
[2026-05-12 12:19:20,123][__main__][INFO] - ✓ [meta-llama/Meta-Llama-3.1-70B-Instruct] Temp=0.0 Rep=1 → Neutro
[2026-05-12 12:19:20,635][__main__][INFO] - ✓ [meta-llama/Llama-4-Scout-17B-16E-Instruct] Temp=0.0 Rep=1 → Discordo fortemente
[2026-05-12 12:19:20,820][__main__][INFO] - ✓ [Qwen/Qwen3-14B] Temp=0.0 Rep=1 → Concordo fortemente
[2026-05-12 12:19:21,004][__main__][INFO] - ✓ [meta-llama/Llama-4-Scout-17B-16E-Instruct] Temp=0.0 Rep=1 → Concordo fortemente
[2026-05-12 12:19:21,349][__main__][INFO] - ✓ [meta-llama/Llama-4-Scout-17B-16E-Instruct] Temp=0.0 Rep=1 → Discordo
[2026-05-12 12:19:23,111][__main__][INFO] - ✓ [Qwen/Qwen3-14B] Temp=0.0 Rep=1 → Concordo fortemente
[2026-05-12 12:19:25,683][__main__][INFO] - ✓ [Qwen/Qwen3-14B] Temp=0.0 Rep=1 → Concordo fortemente
[2026-05-12 12:19:26,269][__main__][INFO] - ✓ [Qwen/Qwen3-14B] Temp=0.0 Rep=1 → Concordo fortemente
[2026-05-12 12:19:26,362][__main__][INFO] - ✓ [Qwen/Qwen3-235B-A22B-Instruct-2507] Temp=0.0 Rep=1 → Discordo
[2026-05-12 12:19:26,792][__main__][INFO] - ✓ [Qwen/Qwen3-235B-A22B-Instruct-2507] Temp=0.0 Rep=1 → Discordo
[2026-05-12 12:19:26,904][__main__][INFO] - ✓ [Qwen/Qwen3-235B-A22B-Instruct-2507] Temp=0.0 Rep=1 → Neutro
[2026-05-12 12:19:27,495][__main__][INFO] - ✓ [meta-llama/Meta-Llama-3.1-70B-Instruct] Temp=0.0 Rep=1 → Discordo fortemente
[2026-05-12 12:19:27,564][__main__][INFO] - ✓ [Qwen/Qwen3-14B] Temp=0.0 Rep=1 → Concordo fortemente
[2026-05-12 12:19:27,596][__main__][INFO] - ✓ [meta-llama/Meta-Llama-3.1-70B-Instruct] Temp=0.0 Rep=1 → Concordo fortemente
[2026-05-12 12:19:27,781][__main__][INFO] - ✓ [Qwen/Qwen3-14B] Temp=0.0 Rep=1 → Concordo fortemente
[2026-05-12 12:19:28,048][__main__][INFO] - ✓ [meta-llama/Meta-Llama-3.1-70B-Instruct] Temp=0.0 Rep=1 → Discordo fortemente
[2026-05-12 12:19:28,052][__main__][INFO] - ✓ [meta-llama/Llama-4-Scout-17B-16E-Instruct] Temp=0.0 Rep=1 → Discordo fortemente
[2026-05-12 12:19:28,306][__main__][INFO] - ✓ [meta-llama/Llama-4-Scout-17B-16E-Instruct] Temp=0.0 Rep=1 → Discordo
[2026-05-12 12:19:28,310][__main__][INFO] - ✓ [meta-llama/Llama-4-Scout-17B-16E-Instruct] Temp=0.0 Rep=1 → Discordo fortemente
[2026-05-12 12:19:28,521][__main__][INFO] - ✓ [Qwen/Qwen3-14B] Temp=0.0 Rep=1 → Concordo fortemente
[2026-05-12 12:19:29,031][__main__][INFO] - ✓ [Qwen/Qwen3-235B-A22B-Instruct-2507] Temp=0.0 Rep=1 → Concordo fortemente
[2026-05-12 12:19:29,129][__main__][INFO] - ✓ [Qwen/Qwen3-235B-A22B-Instruct-2507] Temp=0.0 Rep=1 → Concordo fortemente
[2026-05-12 12:19:29,954][__main__][INFO] - ✓ [meta-llama/Meta-Llama-3.1-70B-Instruct] Temp=0.0 Rep=1 → Concordo fortemente
[2026-05-12 12:19:29,957][__main__][INFO] - ✓ [Qwen/Qwen3-235B-A22B-Instruct-2507] Temp=0.0 Rep=1 → Concordo fortemente
[2026-05-12 12:19:30,159][__main__][INFO] - ✓ [Qwen/Qwen3-14B] Temp=0.0 Rep=1 → Concordo fortemente
[2026-05-12 12:19:30,583][__main__][INFO] - ✓ [meta-llama/Meta-Llama-3.1-70B-Instruct] Temp=0.0 Rep=1 → Concordo fortemente
[2026-05-12 12:19:30,592][__main__][INFO] - ✓ [meta-llama/Llama-4-Scout-17B-16E-Instruct] Temp=0.0 Rep=1 → Concordo fortemente
[2026-05-12 12:19:30,926][__main__][INFO] - ✓ [meta-llama/Meta-Llama-3.1-70B-Instruct] Temp=0.0 Rep=1 → Concordo fortemente
[2026-05-12 12:19:30,966][__main__][INFO] - ✓ [meta-llama/Llama-4-Scout-17B-16E-Instruct] Temp=0.0 Rep=1 → Concordo fortemente
[2026-05-12 12:19:31,038][__main__][INFO] - ✓ [Qwen/Qwen3-14B] Temp=0.0 Rep=1 → Concordo fortemente
[2026-05-12 12:19:31,083][__main__][INFO] - ✓ [meta-llama/Llama-4-Scout-17B-16E-Instruct] Temp=0.0 Rep=1 → Discordo fortemente
[2026-05-12 12:19:31,823][__main__][INFO] - ✓ [Qwen/Qwen3-235B-A22B-Instruct-2507] Temp=0.0 Rep=1 → Discordo
[2026-05-12 12:19:32,513][__main__][INFO] - ✓ [Qwen/Qwen3-235B-A22B-Instruct-2507] Temp=0.0 Rep=1 → Concordo fortemente
[2026-05-12 12:19:33,050][__main__][INFO] - ✓ [Qwen/Qwen3-235B-A22B-Instruct-2507] Temp=0.0 Rep=1 → Neutro
[2026-05-12 12:19:33,741][__main__][INFO] - ✓ [meta-llama/Meta-Llama-3.1-70B-Instruct] Temp=0.0 Rep=1 → Concordo
[2026-05-12 12:19:34,397][__main__][INFO] - ✓ [meta-llama/Meta-Llama-3.1-70B-Instruct] Temp=0.0 Rep=1 → Concordo fortemente
[2026-05-12 12:19:35,177][__main__][INFO] - Salvamento incremental (3120 novas respostas)...
[2026-05-12 12:19:35,235][__main__][INFO] - Cache salvo com 243522 entradas
[2026-05-12 12:19:35,235][__main__][INFO] - ✓ [Qwen/Qwen3-14B] Temp=0.0 Rep=1 → Concordo fortemente
[2026-05-12 12:19:35,237][__main__][INFO] - ✓ [meta-llama/Meta-Llama-3.1-70B-Instruct] Temp=0.0 Rep=1 → Concordo fortemente
[2026-05-12 12:19:35,644][__main__][INFO] - ✓ [meta-llama/Llama-4-Scout-17B-16E-Instruct] Temp=0.0 Rep=1 → Concordo fortemente
[2026-05-12 12:19:35,660][__main__][INFO] - ✓ [meta-llama/Llama-4-Scout-17B-16E-Instruct] Temp=0.0 Rep=1 → Concordo fortemente
[2026-05-12 12:19:36,010][__main__][INFO] - ✓ [meta-llama/Llama-4-Scout-17B-16E-Instruct] Temp=0.0 Rep=1 → Concordo fortemente
[2026-05-12 12:19:36,200][__main__][INFO] - ✓ [Qwen/Qwen3-14B] Temp=0.0 Rep=1 → Concordo fortemente
[2026-05-12 12:19:36,712][__main__][INFO] - ✓ [Qwen/Qwen3-14B] Temp=0.0 Rep=1 → Concordo fortemente
[2026-05-12 12:19:36,947][__main__][INFO] - ✓ [Qwen/Qwen3-14B] Temp=0.0 Rep=1 → Concordo fortemente
[2026-05-12 12:19:37,531][__main__][INFO] - ✓ [Qwen/Qwen3-235B-A22B-Instruct-2507] Temp=0.0 Rep=1 → Concordo
[2026-05-12 12:19:37,535][__main__][INFO] - ✓ [Qwen/Qwen3-235B-A22B-Instruct-2507] Temp=0.0 Rep=1 → Concordo fortemente
[2026-05-12 12:19:38,145][__main__][INFO] - ✓ [meta-llama/Meta-Llama-3.1-70B-Instruct] Temp=0.0 Rep=1 → Concordo fortemente
[2026-05-12 12:19:38,461][__main__][INFO] - ✓ [Qwen/Qwen3-14B] Temp=0.0 Rep=1 → Concordo fortemente
[2026-05-12 12:19:38,801][__main__][INFO] - ✓ [meta-llama/Meta-Llama-3.1-70B-Instruct] Temp=0.0 Rep=1 → Concordo
[2026-05-12 12:19:38,811][__main__][INFO] - ✓ [Qwen/Qwen3-235B-A22B-Instruct-2507] Temp=0.0 Rep=1 → Concordo fortemente
[2026-05-12 12:19:39,102][__main__][INFO] - ✓ [meta-llama/Meta-Llama-3.1-70B-Instruct] Temp=0.0 Rep=1 → Concordo fortemente
[2026-05-12 12:19:39,176][__main__][INFO] - ✓ [meta-llama/Llama-4-Scout-17B-16E-Instruct] Temp=0.0 Rep=1 → Concordo fortemente
[2026-05-12 12:19:39,177][__main__][INFO] - ✓ [meta-llama/Llama-4-Scout-17B-16E-Instruct] Temp=0.0 Rep=1 → Concordo fortemente
[2026-05-12 12:19:39,440][__main__][INFO] - ✓ [Qwen/Qwen3-14B] Temp=0.0 Rep=1 → Discordo
[2026-05-12 12:19:39,503][__main__][INFO] - ✓ [meta-llama/Llama-4-Scout-17B-16E-Instruct] Temp=0.0 Rep=1 → Concordo fortemente
[2026-05-12 12:19:40,642][__main__][INFO] - ✓ [Qwen/Qwen3-235B-A22B-Instruct-2507] Temp=0.0 Rep=1 → Concordo fortemente
[2026-05-12 12:19:41,319][__main__][INFO] - ✓ [Qwen/Qwen3-14B] Temp=0.0 Rep=1 → Concordo fortemente
[2026-05-12 12:19:41,628][__main__][INFO] - ✓ [Qwen/Qwen3-235B-A22B-Instruct-2507] Temp=0.0 Rep=1 → Concordo
[2026-05-12 12:19:42,242][__main__][INFO] - ✓ [Qwen/Qwen3-235B-A22B-Instruct-2507] Temp=0.0 Rep=1 → Concordo fortemente
[2026-05-12 12:19:42,245][__main__][INFO] - ✓ [meta-llama/Meta-Llama-3.1-70B-Instruct] Temp=0.0 Rep=1 → Concordo fortemente
[2026-05-12 12:19:42,542][__main__][INFO] - ✓ [Qwen/Qwen3-14B] Temp=0.0 Rep=1 → Concordo fortemente
[2026-05-12 12:19:42,749][__main__][INFO] - ✓ [meta-llama/Meta-Llama-3.1-70B-Instruct] Temp=0.0 Rep=1 → Concordo
[2026-05-12 12:19:42,841][__main__][INFO] - ✓ [meta-llama/Meta-Llama-3.1-70B-Instruct] Temp=0.0 Rep=1 → Concordo fortemente
[2026-05-12 12:19:42,986][__main__][INFO] - ✓ [meta-llama/Llama-4-Scout-17B-16E-Instruct] Temp=0.0 Rep=1 → Concordo fortemente
[2026-05-12 12:19:43,080][__main__][INFO] - ✓ [Qwen/Qwen3-14B] Temp=0.0 Rep=1 → Concordo fortemente
[2026-05-12 12:19:43,220][__main__][INFO] - ✓ [Qwen/Qwen3-14B] Temp=0.0 Rep=1 → Concordo fortemente
[2026-05-12 12:19:43,224][__main__][INFO] - ✓ [Qwen/Qwen3-14B] Temp=0.0 Rep=1 → Concordo fortemente
[2026-05-12 12:19:43,225][__main__][INFO] - ✓ [meta-llama/Llama-4-Scout-17B-16E-Instruct] Temp=0.0 Rep=1 → Concordo fortemente
[2026-05-12 12:19:43,314][__main__][INFO] - ✓ [meta-llama/Llama-4-Scout-17B-16E-Instruct] Temp=0.0 Rep=1 → Concordo fortemente
[2026-05-12 12:19:43,781][__main__][INFO] - ✓ [Qwen/Qwen3-14B] Temp=0.0 Rep=1 → Concordo fortemente
[2026-05-12 12:19:43,791][__main__][INFO] - ✓ [Qwen/Qwen3-235B-A22B-Instruct-2507] Temp=0.0 Rep=1 → Discordo
[2026-05-12 12:19:43,886][__main__][INFO] - ✓ [Qwen/Qwen3-235B-A22B-Instruct-2507] Temp=0.0 Rep=1 → Neutro
[2026-05-12 12:19:43,927][__main__][INFO] - ✓ [Qwen/Qwen3-235B-A22B-Instruct-2507] Temp=0.0 Rep=1 → Concordo fortemente
[2026-05-12 12:19:44,101][__main__][INFO] - ✓ [Qwen/Qwen3-14B] Temp=0.0 Rep=1 → Neutro
[2026-05-12 12:19:44,311][__main__][INFO] - ✓ [meta-llama/Llama-4-Scout-17B-16E-Instruct] Temp=0.0 Rep=1 → Concordo fortemente
[2026-05-12 12:19:44,391][__main__][INFO] - ✓ [meta-llama/Meta-Llama-3.1-70B-Instruct] Temp=0.0 Rep=1 → Discordo
[2026-05-12 12:19:44,558][__main__][INFO] - Salvamento incremental (3160 novas respostas)...
[2026-05-12 12:19:44,613][__main__][INFO] - Cache salvo com 243562 entradas
[2026-05-12 12:19:44,614][__main__][INFO] - ✓ [meta-llama/Llama-4-Scout-17B-16E-Instruct] Temp=0.0 Rep=1 → Concordo fortemente
[2026-05-12 12:19:44,615][__main__][INFO] - ✓ [meta-llama/Meta-Llama-3.1-70B-Instruct] Temp=0.0 Rep=1 → Concordo fortemente
[2026-05-12 12:19:44,616][__main__][INFO] - ✓ [meta-llama/Meta-Llama-3.1-70B-Instruct] Temp=0.0 Rep=1 → Concordo fortemente
[2026-05-12 12:19:44,698][__main__][INFO] - ✓ [meta-llama/Llama-4-Scout-17B-16E-Instruct] Temp=0.0 Rep=1 → Concordo fortemente
[2026-05-12 12:19:45,722][__main__][INFO] - ✓ [Qwen/Qwen3-235B-A22B-Instruct-2507] Temp=0.0 Rep=1 → Discordo
[2026-05-12 12:19:45,970][__main__][INFO] - ✓ [Qwen/Qwen3-14B] Temp=0.0 Rep=1 → Concordo fortemente
[2026-05-12 12:19:46,541][__main__][INFO] - ✓ [meta-llama/Meta-Llama-3.1-70B-Instruct] Temp=0.0 Rep=1 → Discordo
[2026-05-12 12:19:46,564][__main__][INFO] - ✓ [Qwen/Qwen3-235B-A22B-Instruct-2507] Temp=0.0 Rep=1 → Concordo fortemente
[2026-05-12 12:19:46,654][__main__][INFO] - ✓ [Qwen/Qwen3-235B-A22B-Instruct-2507] Temp=0.0 Rep=1 → Neutro
[2026-05-12 12:19:47,000][__main__][INFO] - ✓ [meta-llama/Llama-4-Scout-17B-16E-Instruct] Temp=0.0 Rep=1 → Discordo
[2026-05-12 12:19:47,189][__main__][INFO] - ✓ [meta-llama/Meta-Llama-3.1-70B-Instruct] Temp=0.0 Rep=1 → Concordo fortemente
[2026-05-12 12:19:47,241][__main__][INFO] - ✓ [meta-llama/Meta-Llama-3.1-70B-Instruct] Temp=0.0 Rep=1 → Concordo fortemente
[2026-05-12 12:19:47,358][__main__][INFO] - ✓ [meta-llama/Llama-4-Scout-17B-16E-Instruct] Temp=0.0 Rep=1 → Concordo fortemente
[2026-05-12 12:19:47,611][__main__][INFO] - ✓ [meta-llama/Llama-4-Scout-17B-16E-Instruct] Temp=0.0 Rep=1 → Concordo fortemente
[2026-05-12 12:19:48,270][__main__][INFO] - ✓ [Qwen/Qwen3-14B] Temp=0.0 Rep=1 → Neutro
[2026-05-12 12:19:48,897][__main__][INFO] - ✓ [Qwen/Qwen3-235B-A22B-Instruct-2507] Temp=0.0 Rep=1 → Concordo fortemente
[2026-05-12 12:19:49,392][__main__][INFO] - ✓ [Qwen/Qwen3-235B-A22B-Instruct-2507] Temp=0.0 Rep=1 → Concordo
[2026-05-12 12:19:50,433][__main__][INFO] - ✓ [Qwen/Qwen3-235B-A22B-Instruct-2507] Temp=0.0 Rep=1 → Concordo fortemente
[2026-05-12 12:19:51,021][__main__][INFO] - ✓ [meta-llama/Meta-Llama-3.1-70B-Instruct] Temp=0.0 Rep=1 → Concordo fortemente
[2026-05-12 12:19:51,560][__main__][INFO] - ✓ [meta-llama/Meta-Llama-3.1-70B-Instruct] Temp=0.0 Rep=1 → Concordo
[2026-05-12 12:19:52,174][__main__][INFO] - ✓ [meta-llama/Meta-Llama-3.1-70B-Instruct] Temp=0.0 Rep=1 → Concordo fortemente
[2026-05-12 12:19:52,584][__main__][INFO] - ✓ [meta-llama/Llama-4-Scout-17B-16E-Instruct] Temp=0.0 Rep=1 → Concordo fortemente
[2026-05-12 12:19:53,051][__main__][INFO] - ✓ [meta-llama/Llama-4-Scout-17B-16E-Instruct] Temp=0.0 Rep=1 → Concordo
[2026-05-12 12:19:53,525][__main__][INFO] - ✓ [meta-llama/Llama-4-Scout-17B-16E-Instruct] Temp=0.0 Rep=1 → Concordo fortemente
[2026-05-12 12:19:53,658][__main__][INFO] - ✓ [Qwen/Qwen3-14B] Temp=0.0 Rep=1 → Discordo
[2026-05-12 12:19:54,529][__main__][INFO] - ✓ [Qwen/Qwen3-14B] Temp=0.0 Rep=1 → Concordo fortemente
[2026-05-12 12:19:55,246][__main__][INFO] - ✓ [Qwen/Qwen3-14B] Temp=0.0 Rep=1 → Neutro
[2026-05-12 12:19:55,325][__main__][INFO] - ✓ [Qwen/Qwen3-14B] Temp=0.0 Rep=1 → Concordo fortemente
[2026-05-12 12:19:55,684][__main__][INFO] - ✓ [Qwen/Qwen3-235B-A22B-Instruct-2507] Temp=0.0 Rep=1 → Discordo
[2026-05-12 12:19:55,866][__main__][INFO] - ✓ [Qwen/Qwen3-235B-A22B-Instruct-2507] Temp=0.0 Rep=1 → Concordo fortemente
[2026-05-12 12:19:56,140][__main__][INFO] - ✓ [Qwen/Qwen3-235B-A22B-Instruct-2507] Temp=0.0 Rep=1 → Neutro
[2026-05-12 12:19:56,358][__main__][INFO] - ✓ [meta-llama/Meta-Llama-3.1-70B-Instruct] Temp=0.0 Rep=1 → Discordo
[2026-05-12 12:19:56,667][__main__][INFO] - ✓ [meta-llama/Meta-Llama-3.1-70B-Instruct] Temp=0.0 Rep=1 → Concordo fortemente
[2026-05-12 12:19:56,955][__main__][INFO] - ✓ [meta-llama/Llama-4-Scout-17B-16E-Instruct] Temp=0.0 Rep=1 → Discordo
[2026-05-12 12:19:56,958][__main__][INFO] - ✓ [meta-llama/Meta-Llama-3.1-70B-Instruct] Temp=0.0 Rep=1 → Concordo fortemente
[2026-05-12 12:19:57,397][__main__][INFO] - ✓ [meta-llama/Llama-4-Scout-17B-16E-Instruct] Temp=0.0 Rep=1 → Concordo fortemente
[2026-05-12 12:19:57,400][__main__][INFO] - ✓ [meta-llama/Llama-4-Scout-17B-16E-Instruct] Temp=0.0 Rep=1 → Concordo fortemente
[2026-05-12 12:19:57,786][__main__][INFO] - ✓ [Qwen/Qwen3-14B] Temp=0.0 Rep=1 → Concordo fortemente
[2026-05-12 12:19:58,012][__main__][INFO] - ✓ [Qwen/Qwen3-14B] Temp=0.0 Rep=1 → Concordo fortemente
[2026-05-12 12:19:58,728][__main__][INFO] - ✓ [Qwen/Qwen3-235B-A22B-Instruct-2507] Temp=0.0 Rep=1 → Concordo fortemente
[2026-05-12 12:19:59,091][__main__][INFO] - Salvamento incremental (3200 novas respostas)...
[2026-05-12 12:19:59,146][__main__][INFO] - Cache salvo com 243602 entradas
[2026-05-12 12:19:59,146][__main__][INFO] - ✓ [Qwen/Qwen3-235B-A22B-Instruct-2507] Temp=0.0 Rep=1 → Discordo
[2026-05-12 12:20:00,062][__main__][INFO] - ✓ [Qwen/Qwen3-235B-A22B-Instruct-2507] Temp=0.0 Rep=1 → Concordo fortemente
[2026-05-12 12:20:00,878][__main__][INFO] - ✓ [meta-llama/Meta-Llama-3.1-70B-Instruct] Temp=0.0 Rep=1 → Concordo fortemente
[2026-05-12 12:20:01,346][__main__][INFO] - ✓ [meta-llama/Meta-Llama-3.1-70B-Instruct] Temp=0.0 Rep=1 → Concordo
[2026-05-12 12:20:01,606][__main__][INFO] - ✓ [Qwen/Qwen3-14B] Temp=0.0 Rep=1 → Concordo fortemente
[2026-05-12 12:20:01,914][__main__][INFO] - ✓ [meta-llama/Meta-Llama-3.1-70B-Instruct] Temp=0.0 Rep=1 → Concordo fortemente
[2026-05-12 12:20:02,068][__main__][INFO] - ✓ [meta-llama/Llama-4-Scout-17B-16E-Instruct] Temp=0.0 Rep=1 → Concordo fortemente
[2026-05-12 12:20:02,453][__main__][INFO] - ✓ [meta-llama/Llama-4-Scout-17B-16E-Instruct] Temp=0.0 Rep=1 → Concordo fortemente
[2026-05-12 12:20:02,541][__main__][INFO] - ✓ [meta-llama/Llama-4-Scout-17B-16E-Instruct] Temp=0.0 Rep=1 → Discordo
[2026-05-12 12:20:04,056][__main__][INFO] - ✓ [Qwen/Qwen3-14B] Temp=0.0 Rep=1 → Concordo fortemente
[2026-05-12 12:20:04,909][__main__][INFO] - ✓ [Qwen/Qwen3-14B] Temp=0.0 Rep=1 → Concordo fortemente
[2026-05-12 12:20:04,913][__main__][INFO] - ✓ [Qwen/Qwen3-14B] Temp=0.0 Rep=1 → Concordo fortemente
[2026-05-12 12:20:05,293][__main__][INFO] - ✓ [Qwen/Qwen3-14B] Temp=0.0 Rep=1 → Concordo fortemente
[2026-05-12 12:20:05,540][__main__][INFO] - ✓ [Qwen/Qwen3-14B] Temp=0.0 Rep=1 → Neutro
[2026-05-12 12:20:05,649][__main__][INFO] - ✓ [Qwen/Qwen3-235B-A22B-Instruct-2507] Temp=0.0 Rep=1 → Neutro
[2026-05-12 12:20:05,833][__main__][INFO] - ✓ [Qwen/Qwen3-235B-A22B-Instruct-2507] Temp=0.0 Rep=1 → Neutro
[2026-05-12 12:20:05,860][__main__][INFO] - ✓ [Qwen/Qwen3-235B-A22B-Instruct-2507] Temp=0.0 Rep=1 → Concordo fortemente
[2026-05-12 12:20:06,409][__main__][INFO] - ✓ [meta-llama/Llama-4-Scout-17B-16E-Instruct] Temp=0.0 Rep=1 → Concordo fortemente
[2026-05-12 12:20:06,413][__main__][INFO] - ✓ [meta-llama/Meta-Llama-3.1-70B-Instruct] Temp=0.0 Rep=1 → Concordo
[2026-05-12 12:20:06,413][__main__][INFO] - ✓ [meta-llama/Meta-Llama-3.1-70B-Instruct] Temp=0.0 Rep=1 → Concordo fortemente
[2026-05-12 12:20:06,576][__main__][INFO] - ✓ [meta-llama/Meta-Llama-3.1-70B-Instruct] Temp=0.0 Rep=1 → Concordo fortemente
[2026-05-12 12:20:06,910][__main__][INFO] - ✓ [meta-llama/Llama-4-Scout-17B-16E-Instruct] Temp=0.0 Rep=1 → Concordo fortemente
[2026-05-12 12:20:07,101][__main__][INFO] - ✓ [meta-llama/Llama-4-Scout-17B-16E-Instruct] Temp=0.0 Rep=1 → Discordo
[2026-05-12 12:20:07,626][__main__][INFO] - ✓ [Qwen/Qwen3-235B-A22B-Instruct-2507] Temp=0.0 Rep=1 → Discordo
[2026-05-12 12:20:07,844][__main__][INFO] - ✓ [Qwen/Qwen3-14B] Temp=0.0 Rep=1 → Concordo fortemente
[2026-05-12 12:20:07,848][__main__][INFO] - ✓ [Qwen/Qwen3-14B] Temp=0.0 Rep=1 → Concordo fortemente
[2026-05-12 12:20:08,354][__main__][INFO] - ✓ [Qwen/Qwen3-235B-A22B-Instruct-2507] Temp=0.0 Rep=1 → Concordo fortemente
[2026-05-12 12:20:08,444][__main__][INFO] - ✓ [meta-llama/Meta-Llama-3.1-70B-Instruct] Temp=0.0 Rep=1 → Discordo
[2026-05-12 12:20:08,674][__main__][INFO] - ✓ [Qwen/Qwen3-235B-A22B-Instruct-2507] Temp=0.0 Rep=1 → Neutro
[2026-05-12 12:20:08,934][__main__][INFO] - ✓ [Qwen/Qwen3-14B] Temp=0.0 Rep=1 → Concordo fortemente
[2026-05-12 12:20:09,022][__main__][INFO] - ✓ [meta-llama/Llama-4-Scout-17B-16E-Instruct] Temp=0.0 Rep=1 → Discordo
[2026-05-12 12:20:09,044][__main__][INFO] - ✓ [Qwen/Qwen3-14B] Temp=0.0 Rep=1 → Concordo fortemente
[2026-05-12 12:20:09,058][__main__][INFO] - ✓ [meta-llama/Meta-Llama-3.1-70B-Instruct] Temp=0.0 Rep=1 → Concordo fortemente
[2026-05-12 12:20:09,196][__main__][INFO] - ✓ [meta-llama/Meta-Llama-3.1-70B-Instruct] Temp=0.0 Rep=1 → Concordo fortemente
[2026-05-12 12:20:09,313][__main__][INFO] - ✓ [meta-llama/Llama-4-Scout-17B-16E-Instruct] Temp=0.0 Rep=1 → Concordo fortemente
[2026-05-12 12:20:09,501][__main__][INFO] - ✓ [meta-llama/Llama-4-Scout-17B-16E-Instruct] Temp=0.0 Rep=1 → Concordo fortemente
[2026-05-12 12:20:10,094][__main__][INFO] - ✓ [Qwen/Qwen3-14B] Temp=0.0 Rep=1 → Concordo fortemente
[2026-05-12 12:20:10,812][__main__][INFO] - ✓ [Qwen/Qwen3-235B-A22B-Instruct-2507] Temp=0.0 Rep=1 → Neutro
[2026-05-12 12:20:10,813][__main__][INFO] - ✓ [Qwen/Qwen3-235B-A22B-Instruct-2507] Temp=0.0 Rep=1 → Discordo
[2026-05-12 12:20:11,322][__main__][INFO] - ✓ [Qwen/Qwen3-235B-A22B-Instruct-2507] Temp=0.0 Rep=1 → Concordo fortemente
[2026-05-12 12:20:11,427][__main__][INFO] - Salvamento incremental (3240 novas respostas)...
[2026-05-12 12:20:11,505][__main__][INFO] - Cache salvo com 243642 entradas
[2026-05-12 12:20:11,505][__main__][INFO] - ✓ [Qwen/Qwen3-14B] Temp=0.0 Rep=1 → Concordo fortemente
[2026-05-12 12:20:11,619][__main__][INFO] - ✓ [meta-llama/Meta-Llama-3.1-70B-Instruct] Temp=0.0 Rep=1 → Discordo
[2026-05-12 12:20:11,871][__main__][INFO] - ✓ [meta-llama/Meta-Llama-3.1-70B-Instruct] Temp=0.0 Rep=1 → Concordo fortemente
[2026-05-12 12:20:11,975][__main__][INFO] - ✓ [meta-llama/Llama-4-Scout-17B-16E-Instruct] Temp=0.0 Rep=1 → Concordo fortemente
[2026-05-12 12:20:12,024][__main__][INFO] - ✓ [meta-llama/Llama-4-Scout-17B-16E-Instruct] Temp=0.0 Rep=1 → Discordo
[2026-05-12 12:20:12,135][__main__][INFO] - ✓ [meta-llama/Meta-Llama-3.1-70B-Instruct] Temp=0.0 Rep=1 → Concordo fortemente
[2026-05-12 12:20:12,211][__main__][INFO] - ✓ [meta-llama/Llama-4-Scout-17B-16E-Instruct] Temp=0.0 Rep=1 → Concordo fortemente
[2026-05-12 12:20:12,961][__main__][INFO] - ✓ [Qwen/Qwen3-235B-A22B-Instruct-2507] Temp=0.0 Rep=1 → Concordo fortemente
[2026-05-12 12:20:13,986][__main__][INFO] - ✓ [Qwen/Qwen3-235B-A22B-Instruct-2507] Temp=0.0 Rep=1 → Concordo fortemente
[2026-05-12 12:20:14,539][__main__][INFO] - ✓ [Qwen/Qwen3-235B-A22B-Instruct-2507] Temp=0.0 Rep=1 → Concordo fortemente
[2026-05-12 12:20:15,219][__main__][INFO] - ✓ [meta-llama/Meta-Llama-3.1-70B-Instruct] Temp=0.0 Rep=1 → Concordo fortemente
[2026-05-12 12:20:15,776][__main__][INFO] - ✓ [meta-llama/Meta-Llama-3.1-70B-Instruct] Temp=0.0 Rep=1 → Concordo fortemente
[2026-05-12 12:20:16,340][__main__][INFO] - ✓ [meta-llama/Meta-Llama-3.1-70B-Instruct] Temp=0.0 Rep=1 → Concordo fortemente
[2026-05-12 12:20:16,853][__main__][INFO] - ✓ [meta-llama/Llama-4-Scout-17B-16E-Instruct] Temp=0.0 Rep=1 → Concordo fortemente
[2026-05-12 12:20:17,102][__main__][INFO] - ✓ [Qwen/Qwen3-14B] Temp=0.0 Rep=1 → Concordo fortemente
[2026-05-12 12:20:17,149][__main__][INFO] - ✓ [Qwen/Qwen3-14B] Temp=0.0 Rep=1 → Concordo fortemente
[2026-05-12 12:20:17,292][__main__][INFO] - ✓ [meta-llama/Llama-4-Scout-17B-16E-Instruct] Temp=0.0 Rep=1 → Concordo fortemente
[2026-05-12 12:20:17,472][__main__][INFO] - ✓ [meta-llama/Llama-4-Scout-17B-16E-Instruct] Temp=0.0 Rep=1 → Concordo fortemente
[2026-05-12 12:20:19,205][__main__][INFO] - ✓ [Qwen/Qwen3-14B] Temp=0.0 Rep=1 → Concordo fortemente
[2026-05-12 12:20:19,269][__main__][INFO] - ✓ [Qwen/Qwen3-14B] Temp=0.0 Rep=1 → Concordo fortemente
[2026-05-12 12:20:19,712][__main__][INFO] - ✓ [Qwen/Qwen3-235B-A22B-Instruct-2507] Temp=0.0 Rep=1 → Discordo
[2026-05-12 12:20:19,809][__main__][INFO] - ✓ [Qwen/Qwen3-235B-A22B-Instruct-2507] Temp=0.0 Rep=1 → Discordo fortemente
[2026-05-12 12:20:19,959][__main__][INFO] - ✓ [Qwen/Qwen3-14B] Temp=0.0 Rep=1 → Concordo fortemente
[2026-05-12 12:20:20,435][__main__][INFO] - ✓ [Qwen/Qwen3-235B-A22B-Instruct-2507] Temp=0.0 Rep=1 → Discordo
[2026-05-12 12:20:20,446][__main__][INFO] - ✓ [meta-llama/Meta-Llama-3.1-70B-Instruct] Temp=0.0 Rep=1 → Discordo fortemente
[2026-05-12 12:20:20,499][__main__][INFO] - ✓ [meta-llama/Meta-Llama-3.1-70B-Instruct] Temp=0.0 Rep=1 → Concordo
[2026-05-12 12:20:20,732][__main__][INFO] - ✓ [Qwen/Qwen3-14B] Temp=0.0 Rep=1 → Concordo fortemente
[2026-05-12 12:20:20,951][__main__][INFO] - ✓ [meta-llama/Llama-4-Scout-17B-16E-Instruct] Temp=0.0 Rep=1 → Discordo fortemente
[2026-05-12 12:20:20,954][__main__][INFO] - ✓ [meta-llama/Llama-4-Scout-17B-16E-Instruct] Temp=0.0 Rep=1 → Concordo
[2026-05-12 12:20:20,955][__main__][INFO] - ✓ [meta-llama/Meta-Llama-3.1-70B-Instruct] Temp=0.0 Rep=1 → Discordo
[2026-05-12 12:20:21,666][__main__][INFO] - ✓ [meta-llama/Llama-4-Scout-17B-16E-Instruct] Temp=0.0 Rep=1 → Discordo fortemente
[2026-05-12 12:20:22,032][__main__][INFO] - ✓ [Qwen/Qwen3-14B] Temp=0.0 Rep=1 → Discordo
[2026-05-12 12:20:22,162][__main__][INFO] - ✓ [Qwen/Qwen3-235B-A22B-Instruct-2507] Temp=0.0 Rep=1 → Concordo fortemente
[2026-05-12 12:20:22,587][__main__][INFO] - ✓ [Qwen/Qwen3-235B-A22B-Instruct-2507] Temp=0.0 Rep=1 → Discordo
[2026-05-12 12:20:22,829][__main__][INFO] - ✓ [Qwen/Qwen3-14B] Temp=0.0 Rep=1 → Discordo
[2026-05-12 12:20:22,901][__main__][INFO] - ✓ [Qwen/Qwen3-235B-A22B-Instruct-2507] Temp=0.0 Rep=1 → Concordo fortemente
[2026-05-12 12:20:23,612][__main__][INFO] - ✓ [Qwen/Qwen3-14B] Temp=0.0 Rep=1 → Concordo fortemente
[2026-05-12 12:20:23,702][__main__][INFO] - ✓ [meta-llama/Meta-Llama-3.1-70B-Instruct] Temp=0.0 Rep=1 → Neutro
[2026-05-12 12:20:23,879][__main__][INFO] - ✓ [meta-llama/Meta-Llama-3.1-70B-Instruct] Temp=0.0 Rep=1 → Concordo fortemente
[2026-05-12 12:20:23,883][__main__][INFO] - ✓ [meta-llama/Meta-Llama-3.1-70B-Instruct] Temp=0.0 Rep=1 → Concordo fortemente
[2026-05-12 12:20:24,430][__main__][INFO] - Salvamento incremental (3280 novas respostas)...
[2026-05-12 12:20:24,482][__main__][INFO] - Cache salvo com 243682 entradas
[2026-05-12 12:20:24,483][__main__][INFO] - ✓ [meta-llama/Llama-4-Scout-17B-16E-Instruct] Temp=0.0 Rep=1 → Concordo fortemente
[2026-05-12 12:20:26,528][__main__][INFO] - ✓ [meta-llama/Llama-4-Scout-17B-16E-Instruct] Temp=0.0 Rep=1 → Discordo
[2026-05-12 12:20:26,532][__main__][INFO] - ✓ [meta-llama/Llama-4-Scout-17B-16E-Instruct] Temp=0.0 Rep=1 → Concordo fortemente
[2026-05-12 12:20:26,544][__main__][INFO] - ✓ [Qwen/Qwen3-14B] Temp=0.0 Rep=1 → Discordo
[2026-05-12 12:20:27,094][__main__][INFO] - ✓ [Qwen/Qwen3-14B] Temp=0.0 Rep=1 → Concordo fortemente
[2026-05-12 12:20:27,098][__main__][INFO] - ✓ [Qwen/Qwen3-235B-A22B-Instruct-2507] Temp=0.0 Rep=1 → Concordo fortemente
[2026-05-12 12:20:27,356][__main__][INFO] - ✓ [Qwen/Qwen3-235B-A22B-Instruct-2507] Temp=0.0 Rep=1 → Concordo fortemente
[2026-05-12 12:20:27,619][__main__][INFO] - ✓ [meta-llama/Meta-Llama-3.1-70B-Instruct] Temp=0.0 Rep=1 → Concordo fortemente
[2026-05-12 12:20:27,636][__main__][INFO] - ✓ [Qwen/Qwen3-235B-A22B-Instruct-2507] Temp=0.0 Rep=1 → Concordo fortemente
[2026-05-12 12:20:27,926][__main__][INFO] - ✓ [meta-llama/Meta-Llama-3.1-70B-Instruct] Temp=0.0 Rep=1 → Concordo fortemente
[2026-05-12 12:20:28,110][__main__][INFO] - ✓ [meta-llama/Llama-4-Scout-17B-16E-Instruct] Temp=0.0 Rep=1 → Concordo fortemente
[2026-05-12 12:20:28,132][__main__][INFO] - ✓ [meta-llama/Meta-Llama-3.1-70B-Instruct] Temp=0.0 Rep=1 → Concordo fortemente
[2026-05-12 12:20:28,835][__main__][INFO] - ✓ [meta-llama/Llama-4-Scout-17B-16E-Instruct] Temp=0.0 Rep=1 → Concordo fortemente
[2026-05-12 12:20:28,839][__main__][INFO] - ✓ [Qwen/Qwen3-14B] Temp=0.0 Rep=1 → Concordo fortemente
[2026-05-12 12:20:28,839][__main__][INFO] - ✓ [meta-llama/Llama-4-Scout-17B-16E-Instruct] Temp=0.0 Rep=1 → Concordo fortemente
[2026-05-12 12:20:29,344][__main__][INFO] - ✓ [Qwen/Qwen3-235B-A22B-Instruct-2507] Temp=0.0 Rep=1 → Discordo
[2026-05-12 12:20:29,962][__main__][INFO] - ✓ [Qwen/Qwen3-235B-A22B-Instruct-2507] Temp=0.0 Rep=1 → Discordo
[2026-05-12 12:20:29,966][__main__][INFO] - ✓ [Qwen/Qwen3-14B] Temp=0.0 Rep=1 → Concordo fortemente
[2026-05-12 12:20:29,973][__main__][INFO] - ✓ [Qwen/Qwen3-14B] Temp=0.0 Rep=1 → Concordo fortemente
[2026-05-12 12:20:30,340][__main__][INFO] - ✓ [Qwen/Qwen3-235B-A22B-Instruct-2507] Temp=0.0 Rep=1 → Discordo
[2026-05-12 12:20:30,447][__main__][INFO] - ✓ [meta-llama/Meta-Llama-3.1-70B-Instruct] Temp=0.0 Rep=1 → Concordo
[2026-05-12 12:20:30,517][__main__][INFO] - ✓ [meta-llama/Meta-Llama-3.1-70B-Instruct] Temp=0.0 Rep=1 → Discordo fortemente
[2026-05-12 12:20:30,781][__main__][INFO] - ✓ [meta-llama/Meta-Llama-3.1-70B-Instruct] Temp=0.0 Rep=1 → Concordo
[2026-05-12 12:20:30,900][__main__][INFO] - ✓ [meta-llama/Llama-4-Scout-17B-16E-Instruct] Temp=0.0 Rep=1 → Concordo
[2026-05-12 12:20:31,021][__main__][INFO] - ✓ [meta-llama/Llama-4-Scout-17B-16E-Instruct] Temp=0.0 Rep=1 → Discordo fortemente
[2026-05-12 12:20:31,218][__main__][INFO] - ✓ [Qwen/Qwen3-14B] Temp=0.0 Rep=1 → Concordo fortemente
[2026-05-12 12:20:31,299][__main__][INFO] - ✓ [meta-llama/Llama-4-Scout-17B-16E-Instruct] Temp=0.0 Rep=1 → Discordo
[2026-05-12 12:20:31,820][__main__][INFO] - ✓ [Qwen/Qwen3-235B-A22B-Instruct-2507] Temp=0.0 Rep=1 → Concordo fortemente
[2026-05-12 12:20:32,827][__main__][INFO] - ✓ [Qwen/Qwen3-235B-A22B-Instruct-2507] Temp=0.0 Rep=1 → Concordo fortemente
[2026-05-12 12:20:33,749][__main__][INFO] - ✓ [Qwen/Qwen3-235B-A22B-Instruct-2507] Temp=0.0 Rep=1 → Concordo fortemente
[2026-05-12 12:20:34,670][__main__][INFO] - ✓ [meta-llama/Meta-Llama-3.1-70B-Instruct] Temp=0.0 Rep=1 → Concordo fortemente
[2026-05-12 12:20:35,490][__main__][INFO] - ✓ [meta-llama/Meta-Llama-3.1-70B-Instruct] Temp=0.0 Rep=1 → Concordo
[2026-05-12 12:20:36,053][__main__][INFO] - ✓ [meta-llama/Meta-Llama-3.1-70B-Instruct] Temp=0.0 Rep=1 → Concordo fortemente
[2026-05-12 12:20:36,459][__main__][INFO] - ✓ [meta-llama/Llama-4-Scout-17B-16E-Instruct] Temp=0.0 Rep=1 → Concordo fortemente
[2026-05-12 12:20:37,026][__main__][INFO] - ✓ [meta-llama/Llama-4-Scout-17B-16E-Instruct] Temp=0.0 Rep=1 → Concordo fortemente
[2026-05-12 12:20:37,845][__main__][INFO] - ✓ [meta-llama/Llama-4-Scout-17B-16E-Instruct] Temp=0.0 Rep=1 → Concordo fortemente
[2026-05-12 12:21:22,613][__main__][INFO] - ✓ [Qwen/Qwen3-14B] Temp=0.0 Rep=1 → Discordo
[2026-05-12 12:21:26,281][__main__][INFO] - ✓ [Qwen/Qwen3-14B] Temp=0.0 Rep=1 → Concordo fortemente
[2026-05-12 12:21:26,793][__main__][INFO] - ✓ [Qwen/Qwen3-14B] Temp=0.0 Rep=1 → Concordo fortemente
[2026-05-12 12:21:27,166][__main__][INFO] - ✓ [Qwen/Qwen3-235B-A22B-Instruct-2507] Temp=0.0 Rep=1 → Discordo
[2026-05-12 12:21:27,713][__main__][INFO] - Salvamento incremental (3320 novas respostas)...
[2026-05-12 12:21:27,788][__main__][INFO] - Cache salvo com 243722 entradas
[2026-05-12 12:21:27,788][__main__][INFO] - ✓ [Qwen/Qwen3-235B-A22B-Instruct-2507] Temp=0.0 Rep=1 → Discordo
[2026-05-12 12:21:28,188][__main__][INFO] - ✓ [Qwen/Qwen3-235B-A22B-Instruct-2507] Temp=0.0 Rep=1 → Discordo
[2026-05-12 12:21:28,736][__main__][INFO] - ✓ [meta-llama/Meta-Llama-3.1-70B-Instruct] Temp=0.0 Rep=1 → Discordo
[2026-05-12 12:21:29,249][__main__][INFO] - ✓ [meta-llama/Meta-Llama-3.1-70B-Instruct] Temp=0.0 Rep=1 → Concordo
[2026-05-12 12:21:29,760][__main__][INFO] - ✓ [meta-llama/Meta-Llama-3.1-70B-Instruct] Temp=0.0 Rep=1 → Concordo
[2026-05-12 12:21:30,171][__main__][INFO] - ✓ [meta-llama/Llama-4-Scout-17B-16E-Instruct] Temp=0.0 Rep=1 → Discordo fortemente
[2026-05-12 12:21:30,536][__main__][INFO] - ✓ [Qwen/Qwen3-14B] Temp=0.0 Rep=1 → Concordo fortemente
[2026-05-12 12:21:30,649][__main__][INFO] - ✓ [meta-llama/Llama-4-Scout-17B-16E-Instruct] Temp=0.0 Rep=1 → Concordo fortemente
[2026-05-12 12:21:30,745][__main__][INFO] - ✓ [Qwen/Qwen3-14B] Temp=0.0 Rep=1 → Discordo
[2026-05-12 12:21:30,984][__main__][INFO] - ✓ [meta-llama/Llama-4-Scout-17B-16E-Instruct] Temp=0.0 Rep=1 → Discordo
[2026-05-12 12:21:32,426][__main__][INFO] - ✓ [Qwen/Qwen3-14B] Temp=0.0 Rep=1 → Concordo fortemente
[2026-05-12 12:21:32,608][__main__][INFO] - ✓ [Qwen/Qwen3-14B] Temp=0.0 Rep=1 → Neutro
[2026-05-12 12:21:32,854][__main__][INFO] - ✓ [Qwen/Qwen3-235B-A22B-Instruct-2507] Temp=0.0 Rep=1 → Discordo
[2026-05-12 12:21:33,081][__main__][INFO] - ✓ [Qwen/Qwen3-235B-A22B-Instruct-2507] Temp=0.0 Rep=1 → Discordo
[2026-05-12 12:21:33,431][__main__][INFO] - ✓ [Qwen/Qwen3-235B-A22B-Instruct-2507] Temp=0.0 Rep=1 → Neutro
[2026-05-12 12:21:33,860][__main__][INFO] - ✓ [meta-llama/Meta-Llama-3.1-70B-Instruct] Temp=0.0 Rep=1 → Discordo fortemente
[2026-05-12 12:21:34,266][__main__][INFO] - ✓ [meta-llama/Meta-Llama-3.1-70B-Instruct] Temp=0.0 Rep=1 → Concordo
[2026-05-12 12:21:34,706][__main__][INFO] - ✓ [meta-llama/Meta-Llama-3.1-70B-Instruct] Temp=0.0 Rep=1 → Concordo
[2026-05-12 12:21:34,828][__main__][INFO] - ✓ [meta-llama/Llama-4-Scout-17B-16E-Instruct] Temp=0.0 Rep=1 → Discordo fortemente
[2026-05-12 12:21:35,177][__main__][INFO] - ✓ [meta-llama/Llama-4-Scout-17B-16E-Instruct] Temp=0.0 Rep=1 → Concordo
[2026-05-12 12:21:35,232][__main__][INFO] - ✓ [meta-llama/Llama-4-Scout-17B-16E-Instruct] Temp=0.0 Rep=1 → Discordo
[2026-05-12 12:21:37,956][__main__][INFO] - ✓ [Qwen/Qwen3-14B] Temp=0.0 Rep=1 → Concordo fortemente
[2026-05-12 12:21:37,960][__main__][INFO] - ✓ [Qwen/Qwen3-14B] Temp=0.0 Rep=1 → Concordo fortemente
[2026-05-12 12:21:38,876][__main__][INFO] - ✓ [Qwen/Qwen3-235B-A22B-Instruct-2507] Temp=0.0 Rep=1 → Concordo fortemente
[2026-05-12 12:21:39,426][__main__][INFO] - ✓ [Qwen/Qwen3-235B-A22B-Instruct-2507] Temp=0.0 Rep=1 → Neutro
[2026-05-12 12:21:40,002][__main__][INFO] - ✓ [Qwen/Qwen3-235B-A22B-Instruct-2507] Temp=0.0 Rep=1 → Concordo fortemente
[2026-05-12 12:21:40,718][__main__][INFO] - ✓ [meta-llama/Meta-Llama-3.1-70B-Instruct] Temp=0.0 Rep=1 → Concordo fortemente
[2026-05-12 12:21:41,231][__main__][INFO] - ✓ [meta-llama/Meta-Llama-3.1-70B-Instruct] Temp=0.0 Rep=1 → Discordo
[2026-05-12 12:21:41,744][__main__][INFO] - ✓ [Qwen/Qwen3-14B] Temp=0.0 Rep=1 → Neutro
[2026-05-12 12:21:41,790][__main__][INFO] - ✓ [meta-llama/Meta-Llama-3.1-70B-Instruct] Temp=0.0 Rep=1 → Concordo fortemente
[2026-05-12 12:21:42,357][__main__][INFO] - ✓ [meta-llama/Llama-4-Scout-17B-16E-Instruct] Temp=0.0 Rep=1 → Discordo
[2026-05-12 12:21:42,403][__main__][INFO] - ✓ [meta-llama/Llama-4-Scout-17B-16E-Instruct] Temp=0.0 Rep=1 → Concordo fortemente
[2026-05-12 12:21:42,869][__main__][INFO] - ✓ [meta-llama/Llama-4-Scout-17B-16E-Instruct] Temp=0.0 Rep=1 → Concordo fortemente
[2026-05-12 12:23:00,491][__main__][INFO] - ✓ [Qwen/Qwen3-14B] Temp=0.0 Rep=1 → Concordo fortemente
[2026-05-12 12:23:02,944][__main__][INFO] - ✓ [Qwen/Qwen3-14B] Temp=0.0 Rep=1 → Concordo fortemente
[2026-05-12 12:23:03,458][__main__][INFO] - ✓ [Qwen/Qwen3-14B] Temp=0.0 Rep=1 → Concordo fortemente
[2026-05-12 12:23:03,662][__main__][INFO] - ✓ [Qwen/Qwen3-235B-A22B-Instruct-2507] Temp=0.0 Rep=1 → Discordo
[2026-05-12 12:23:03,905][__main__][INFO] - ✓ [Qwen/Qwen3-235B-A22B-Instruct-2507] Temp=0.0 Rep=1 → Discordo
[2026-05-12 12:23:04,303][__main__][INFO] - ✓ [Qwen/Qwen3-235B-A22B-Instruct-2507] Temp=0.0 Rep=1 → Neutro
[2026-05-12 12:23:04,481][__main__][INFO] - ✓ [meta-llama/Meta-Llama-3.1-70B-Instruct] Temp=0.0 Rep=1 → Discordo fortemente
[2026-05-12 12:23:04,915][__main__][INFO] - Salvamento incremental (3360 novas respostas)...
[2026-05-12 12:23:04,988][__main__][INFO] - Cache salvo com 243762 entradas
[2026-05-12 12:23:04,988][__main__][INFO] - ✓ [Qwen/Qwen3-14B] Temp=0.0 Rep=1 → Concordo fortemente
[2026-05-12 12:23:05,082][__main__][INFO] - ✓ [meta-llama/Meta-Llama-3.1-70B-Instruct] Temp=0.0 Rep=1 → Concordo
[2026-05-12 12:23:05,130][__main__][INFO] - ✓ [meta-llama/Meta-Llama-3.1-70B-Instruct] Temp=0.0 Rep=1 → Discordo
[2026-05-12 12:23:05,353][__main__][INFO] - ✓ [Qwen/Qwen3-14B] Temp=0.0 Rep=1 → Concordo fortemente
[2026-05-12 12:23:05,663][__main__][INFO] - ✓ [meta-llama/Llama-4-Scout-17B-16E-Instruct] Temp=0.0 Rep=1 → Discordo fortemente
[2026-05-12 12:23:05,678][__main__][INFO] - ✓ [meta-llama/Llama-4-Scout-17B-16E-Instruct] Temp=0.0 Rep=1 → Concordo
[2026-05-12 12:23:05,732][__main__][INFO] - ✓ [meta-llama/Llama-4-Scout-17B-16E-Instruct] Temp=0.0 Rep=1 → Discordo fortemente
[2026-05-12 12:23:06,959][__main__][INFO] - ✓ [Qwen/Qwen3-235B-A22B-Instruct-2507] Temp=0.0 Rep=1 → Concordo fortemente
[2026-05-12 12:23:07,611][__main__][INFO] - ✓ [Qwen/Qwen3-235B-A22B-Instruct-2507] Temp=0.0 Rep=1 → Concordo
[2026-05-12 12:23:08,579][__main__][INFO] - ✓ [Qwen/Qwen3-235B-A22B-Instruct-2507] Temp=0.0 Rep=1 → Concordo fortemente
[2026-05-12 12:23:09,300][__main__][INFO] - ✓ [meta-llama/Meta-Llama-3.1-70B-Instruct] Temp=0.0 Rep=1 → Concordo fortemente
[2026-05-12 12:23:09,913][__main__][INFO] - ✓ [meta-llama/Meta-Llama-3.1-70B-Instruct] Temp=0.0 Rep=1 → Discordo
[2026-05-12 12:23:11,374][__main__][INFO] - ✓ [meta-llama/Meta-Llama-3.1-70B-Instruct] Temp=0.0 Rep=1 → Concordo fortemente
[2026-05-12 12:23:11,877][__main__][INFO] - ✓ [meta-llama/Llama-4-Scout-17B-16E-Instruct] Temp=0.0 Rep=1 → Concordo fortemente
[2026-05-12 12:23:12,265][__main__][INFO] - ✓ [Qwen/Qwen3-14B] Temp=0.0 Rep=1 → Concordo fortemente
[2026-05-12 12:23:12,325][__main__][INFO] - ✓ [meta-llama/Llama-4-Scout-17B-16E-Instruct] Temp=0.0 Rep=1 → Discordo fortemente
[2026-05-12 12:23:12,691][__main__][INFO] - ✓ [meta-llama/Llama-4-Scout-17B-16E-Instruct] Temp=0.0 Rep=1 → Concordo fortemente
[2026-05-12 12:23:13,904][__main__][INFO] - ✓ [Qwen/Qwen3-14B] Temp=0.0 Rep=1 → Concordo fortemente
[2026-05-12 12:23:14,447][__main__][INFO] - ✓ [Qwen/Qwen3-14B] Temp=0.0 Rep=1 → Concordo fortemente
[2026-05-12 12:23:15,440][__main__][INFO] - ✓ [Qwen/Qwen3-235B-A22B-Instruct-2507] Temp=0.0 Rep=1 → Concordo fortemente
[2026-05-12 12:23:15,837][__main__][INFO] - ✓ [Qwen/Qwen3-14B] Temp=0.0 Rep=1 → Concordo fortemente
[2026-05-12 12:23:15,949][__main__][INFO] - ✓ [Qwen/Qwen3-235B-A22B-Instruct-2507] Temp=0.0 Rep=1 → Neutro
[2026-05-12 12:23:16,362][__main__][INFO] - ✓ [Qwen/Qwen3-235B-A22B-Instruct-2507] Temp=0.0 Rep=1 → Neutro
[2026-05-12 12:23:16,651][__main__][INFO] - ✓ [meta-llama/Meta-Llama-3.1-70B-Instruct] Temp=0.0 Rep=1 → Concordo fortemente
[2026-05-12 12:23:17,078][__main__][INFO] - ✓ [meta-llama/Meta-Llama-3.1-70B-Instruct] Temp=0.0 Rep=1 → Discordo
[2026-05-12 12:23:17,410][__main__][INFO] - ✓ [meta-llama/Meta-Llama-3.1-70B-Instruct] Temp=0.0 Rep=1 → Concordo fortemente
[2026-05-12 12:23:17,556][__main__][INFO] - ✓ [meta-llama/Llama-4-Scout-17B-16E-Instruct] Temp=0.0 Rep=1 → Concordo fortemente
[2026-05-12 12:23:17,785][__main__][INFO] - ✓ [meta-llama/Llama-4-Scout-17B-16E-Instruct] Temp=0.0 Rep=1 → Discordo
[2026-05-12 12:23:17,938][__main__][INFO] - ✓ [meta-llama/Llama-4-Scout-17B-16E-Instruct] Temp=0.0 Rep=1 → Concordo fortemente
[2026-05-12 12:23:33,361][__main__][INFO] - ✓ [Qwen/Qwen3-14B] Temp=0.0 Rep=1 → Concordo fortemente
[2026-05-12 12:24:06,756][__main__][INFO] - ✓ [Qwen/Qwen3-14B] Temp=0.0 Rep=1 → Concordo fortemente
[2026-05-12 12:24:07,353][__main__][INFO] - ✓ [Qwen/Qwen3-235B-A22B-Instruct-2507] Temp=0.0 Rep=1 → Concordo
[2026-05-12 12:24:07,565][__main__][INFO] - ✓ [Qwen/Qwen3-14B] Temp=0.0 Rep=1 → Concordo fortemente
[2026-05-12 12:24:07,637][__main__][INFO] - ✓ [Qwen/Qwen3-14B] Temp=0.0 Rep=1 → Concordo fortemente
[2026-05-12 12:24:07,814][__main__][INFO] - ✓ [Qwen/Qwen3-235B-A22B-Instruct-2507] Temp=0.0 Rep=1 → Concordo
[2026-05-12 12:24:08,139][__main__][INFO] - ✓ [Qwen/Qwen3-235B-A22B-Instruct-2507] Temp=0.0 Rep=1 → Concordo
[2026-05-12 12:24:08,266][__main__][INFO] - ✓ [meta-llama/Meta-Llama-3.1-70B-Instruct] Temp=0.0 Rep=1 → Concordo fortemente
[2026-05-12 12:24:08,370][__main__][INFO] - ✓ [meta-llama/Meta-Llama-3.1-70B-Instruct] Temp=0.0 Rep=1 → Concordo fortemente
[2026-05-12 12:24:08,413][__main__][INFO] - ✓ [Qwen/Qwen3-14B] Temp=0.0 Rep=1 → Concordo fortemente
[2026-05-12 12:24:08,791][__main__][INFO] - ✓ [meta-llama/Meta-Llama-3.1-70B-Instruct] Temp=0.0 Rep=1 → Concordo fortemente
[2026-05-12 12:24:08,795][__main__][INFO] - Salvamento incremental (3400 novas respostas)...
[2026-05-12 12:24:08,866][__main__][INFO] - Cache salvo com 243802 entradas
[2026-05-12 12:24:08,867][__main__][INFO] - ✓ [meta-llama/Llama-4-Scout-17B-16E-Instruct] Temp=0.0 Rep=1 → Concordo fortemente
[2026-05-12 12:24:08,868][__main__][INFO] - ✓ [meta-llama/Llama-4-Scout-17B-16E-Instruct] Temp=0.0 Rep=1 → Concordo fortemente
[2026-05-12 12:24:08,875][__main__][INFO] - ✓ [meta-llama/Llama-4-Scout-17B-16E-Instruct] Temp=0.0 Rep=1 → Concordo fortemente
[2026-05-12 12:24:09,917][__main__][INFO] - ✓ [Qwen/Qwen3-235B-A22B-Instruct-2507] Temp=0.0 Rep=1 → Concordo fortemente
[2026-05-12 12:24:10,559][__main__][INFO] - ✓ [Qwen/Qwen3-235B-A22B-Instruct-2507] Temp=0.0 Rep=1 → Concordo fortemente
[2026-05-12 12:24:11,529][__main__][INFO] - ✓ [Qwen/Qwen3-235B-A22B-Instruct-2507] Temp=0.0 Rep=1 → Concordo fortemente
[2026-05-12 12:24:11,665][__main__][INFO] - ✓ [Qwen/Qwen3-14B] Temp=0.0 Rep=1 → Concordo fortemente
[2026-05-12 12:24:12,169][__main__][INFO] - ✓ [meta-llama/Meta-Llama-3.1-70B-Instruct] Temp=0.0 Rep=1 → Concordo
[2026-05-12 12:24:12,172][__main__][INFO] - ✓ [meta-llama/Meta-Llama-3.1-70B-Instruct] Temp=0.0 Rep=1 → Concordo fortemente
[2026-05-12 12:24:12,571][__main__][INFO] - ✓ [meta-llama/Llama-4-Scout-17B-16E-Instruct] Temp=0.0 Rep=1 → Concordo fortemente
[2026-05-12 12:24:12,732][__main__][INFO] - ✓ [meta-llama/Meta-Llama-3.1-70B-Instruct] Temp=0.0 Rep=1 → Concordo fortemente
[2026-05-12 12:24:13,054][__main__][INFO] - ✓ [meta-llama/Llama-4-Scout-17B-16E-Instruct] Temp=0.0 Rep=1 → Concordo
[2026-05-12 12:24:13,193][__main__][INFO] - ✓ [meta-llama/Llama-4-Scout-17B-16E-Instruct] Temp=0.0 Rep=1 → Concordo fortemente
[2026-05-12 12:24:15,186][__main__][INFO] - ✓ [Qwen/Qwen3-14B] Temp=0.0 Rep=1 → Discordo
[2026-05-12 12:24:30,705][__main__][INFO] - ✓ [Qwen/Qwen3-14B] Temp=0.0 Rep=1 → Concordo fortemente
[2026-05-12 12:24:30,808][__main__][INFO] - ✓ [Qwen/Qwen3-14B] Temp=0.0 Rep=1 → Concordo fortemente
[2026-05-12 12:24:31,421][__main__][INFO] - ✓ [Qwen/Qwen3-235B-A22B-Instruct-2507] Temp=0.0 Rep=1 → Discordo
[2026-05-12 12:24:31,471][__main__][INFO] - ✓ [Qwen/Qwen3-235B-A22B-Instruct-2507] Temp=0.0 Rep=1 → Discordo
[2026-05-12 12:24:32,139][__main__][INFO] - ✓ [meta-llama/Meta-Llama-3.1-70B-Instruct] Temp=0.0 Rep=1 → Discordo fortemente
[2026-05-12 12:24:32,177][__main__][INFO] - ✓ [Qwen/Qwen3-235B-A22B-Instruct-2507] Temp=0.0 Rep=1 → Neutro
[2026-05-12 12:24:32,957][__main__][INFO] - ✓ [meta-llama/Meta-Llama-3.1-70B-Instruct] Temp=0.0 Rep=1 → Concordo
[2026-05-12 12:24:32,961][__main__][INFO] - ✓ [meta-llama/Meta-Llama-3.1-70B-Instruct] Temp=0.0 Rep=1 → Concordo
[2026-05-12 12:24:33,571][__main__][INFO] - ✓ [meta-llama/Llama-4-Scout-17B-16E-Instruct] Temp=0.0 Rep=1 → Concordo fortemente
[2026-05-12 12:24:33,575][__main__][INFO] - ✓ [meta-llama/Llama-4-Scout-17B-16E-Instruct] Temp=0.0 Rep=1 → Discordo fortemente
[2026-05-12 12:24:33,956][__main__][INFO] - ✓ [meta-llama/Llama-4-Scout-17B-16E-Instruct] Temp=0.0 Rep=1 → Discordo
[2026-05-12 12:24:33,959][__main__][INFO] - ✓ [Qwen/Qwen3-14B] Temp=0.0 Rep=1 → Concordo fortemente
[2026-05-12 12:24:56,100][__main__][INFO] - ✓ [Qwen/Qwen3-14B] Temp=0.0 Rep=1 → Concordo fortemente
[2026-05-12 12:24:56,714][__main__][INFO] - ✓ [Qwen/Qwen3-235B-A22B-Instruct-2507] Temp=0.0 Rep=1 → Concordo
[2026-05-12 12:24:57,225][__main__][INFO] - ✓ [Qwen/Qwen3-235B-A22B-Instruct-2507] Temp=0.0 Rep=1 → Concordo
[2026-05-12 12:24:57,840][__main__][INFO] - ✓ [Qwen/Qwen3-235B-A22B-Instruct-2507] Temp=0.0 Rep=1 → Concordo
[2026-05-12 12:24:58,864][__main__][INFO] - ✓ [meta-llama/Meta-Llama-3.1-70B-Instruct] Temp=0.0 Rep=1 → Concordo fortemente
[2026-05-12 12:24:59,510][__main__][INFO] - ✓ [meta-llama/Meta-Llama-3.1-70B-Instruct] Temp=0.0 Rep=1 → Concordo fortemente
[2026-05-12 12:25:00,196][__main__][INFO] - ✓ [meta-llama/Meta-Llama-3.1-70B-Instruct] Temp=0.0 Rep=1 → Concordo fortemente
[2026-05-12 12:25:00,574][__main__][INFO] - ✓ [meta-llama/Llama-4-Scout-17B-16E-Instruct] Temp=0.0 Rep=1 → Concordo fortemente
[2026-05-12 12:25:01,015][__main__][INFO] - ✓ [meta-llama/Llama-4-Scout-17B-16E-Instruct] Temp=0.0 Rep=1 → Concordo fortemente
[2026-05-12 12:25:01,527][__main__][INFO] - ✓ [meta-llama/Llama-4-Scout-17B-16E-Instruct] Temp=0.0 Rep=1 → Concordo fortemente
[2026-05-12 12:25:05,827][__main__][INFO] - ✓ [Qwen/Qwen3-14B] Temp=0.0 Rep=1 → Discordo
[2026-05-12 12:25:16,477][__main__][INFO] - ✓ [Qwen/Qwen3-14B] Temp=0.0 Rep=1 → Concordo fortemente
[2026-05-12 12:25:25,386][__main__][INFO] - ✓ [Qwen/Qwen3-14B] Temp=0.0 Rep=1 → Concordo fortemente
[2026-05-12 12:25:26,103][__main__][INFO] - ✓ [Qwen/Qwen3-235B-A22B-Instruct-2507] Temp=0.0 Rep=1 → Concordo fortemente
[2026-05-12 12:25:26,717][__main__][INFO] - Salvamento incremental (3440 novas respostas)...
[2026-05-12 12:25:26,775][__main__][INFO] - Cache salvo com 243842 entradas
[2026-05-12 12:25:26,775][__main__][INFO] - ✓ [Qwen/Qwen3-235B-A22B-Instruct-2507] Temp=0.0 Rep=1 → Concordo
[2026-05-12 12:25:27,640][__main__][INFO] - ✓ [Qwen/Qwen3-235B-A22B-Instruct-2507] Temp=0.0 Rep=1 → Concordo fortemente
[2026-05-12 12:25:28,253][__main__][INFO] - ✓ [meta-llama/Meta-Llama-3.1-70B-Instruct] Temp=0.0 Rep=1 → Concordo fortemente
[2026-05-12 12:25:28,765][__main__][INFO] - ✓ [meta-llama/Meta-Llama-3.1-70B-Instruct] Temp=0.0 Rep=1 → Discordo
[2026-05-12 12:25:29,586][__main__][INFO] - ✓ [meta-llama/Meta-Llama-3.1-70B-Instruct] Temp=0.0 Rep=1 → Concordo fortemente
[2026-05-12 12:25:30,096][__main__][INFO] - ✓ [meta-llama/Llama-4-Scout-17B-16E-Instruct] Temp=0.0 Rep=1 → Concordo fortemente
[2026-05-12 12:25:30,444][__main__][INFO] - ✓ [meta-llama/Llama-4-Scout-17B-16E-Instruct] Temp=0.0 Rep=1 → Concordo
[2026-05-12 12:25:30,968][__main__][INFO] - ✓ [meta-llama/Llama-4-Scout-17B-16E-Instruct] Temp=0.0 Rep=1 → Concordo fortemente
[2026-05-12 12:25:36,443][__main__][INFO] - ✓ [Qwen/Qwen3-14B] Temp=0.0 Rep=1 → Concordo fortemente
[2026-05-12 12:25:38,574][__main__][INFO] - ✓ [Qwen/Qwen3-14B] Temp=0.0 Rep=1 → Concordo fortemente
[2026-05-12 12:25:39,537][__main__][INFO] - ✓ [Qwen/Qwen3-14B] Temp=0.0 Rep=1 → Concordo fortemente
[2026-05-12 12:25:40,362][__main__][INFO] - ✓ [Qwen/Qwen3-235B-A22B-Instruct-2507] Temp=0.0 Rep=1 → Concordo fortemente
[2026-05-12 12:25:41,157][__main__][INFO] - ✓ [Qwen/Qwen3-235B-A22B-Instruct-2507] Temp=0.0 Rep=1 → Concordo fortemente
[2026-05-12 12:25:43,204][__main__][INFO] - ✓ [Qwen/Qwen3-235B-A22B-Instruct-2507] Temp=0.0 Rep=1 → Concordo fortemente
[2026-05-12 12:25:44,023][__main__][INFO] - ✓ [meta-llama/Meta-Llama-3.1-70B-Instruct] Temp=0.0 Rep=1 → Concordo fortemente
[2026-05-12 12:25:44,536][__main__][INFO] - ✓ [meta-llama/Meta-Llama-3.1-70B-Instruct] Temp=0.0 Rep=1 → Discordo
[2026-05-12 12:25:45,149][__main__][INFO] - ✓ [meta-llama/Meta-Llama-3.1-70B-Instruct] Temp=0.0 Rep=1 → Concordo fortemente
[2026-05-12 12:25:45,663][__main__][INFO] - ✓ [meta-llama/Llama-4-Scout-17B-16E-Instruct] Temp=0.0 Rep=1 → Concordo fortemente
[2026-05-12 12:25:46,071][__main__][INFO] - ✓ [meta-llama/Llama-4-Scout-17B-16E-Instruct] Temp=0.0 Rep=1 → Concordo
[2026-05-12 12:25:46,891][__main__][INFO] - ✓ [meta-llama/Llama-4-Scout-17B-16E-Instruct] Temp=0.0 Rep=1 → Concordo fortemente
[2026-05-12 12:25:50,679][__main__][INFO] - ✓ [Qwen/Qwen3-14B] Temp=0.0 Rep=1 → Concordo fortemente
[2026-05-12 12:26:01,812][__main__][INFO] - ✓ [Qwen/Qwen3-14B] Temp=0.0 Rep=1 → Concordo fortemente
[2026-05-12 12:26:03,275][__main__][INFO] - ✓ [Qwen/Qwen3-14B] Temp=0.0 Rep=1 → Concordo fortemente
[2026-05-12 12:26:03,280][__main__][INFO] - ✓ [Qwen/Qwen3-14B] Temp=0.0 Rep=1 → Concordo fortemente
[2026-05-12 12:26:04,654][__main__][INFO] - ✓ [Qwen/Qwen3-235B-A22B-Instruct-2507] Temp=0.0 Rep=1 → Concordo
[2026-05-12 12:26:04,658][__main__][INFO] - ✓ [Qwen/Qwen3-235B-A22B-Instruct-2507] Temp=0.0 Rep=1 → Concordo
[2026-05-12 12:26:05,525][__main__][INFO] - ✓ [meta-llama/Meta-Llama-3.1-70B-Instruct] Temp=0.0 Rep=1 → Concordo fortemente
[2026-05-12 12:26:05,770][__main__][INFO] - ✓ [Qwen/Qwen3-235B-A22B-Instruct-2507] Temp=0.0 Rep=1 → Concordo
[2026-05-12 12:26:06,086][__main__][INFO] - ✓ [meta-llama/Meta-Llama-3.1-70B-Instruct] Temp=0.0 Rep=1 → Concordo fortemente
[2026-05-12 12:26:06,351][__main__][INFO] - ✓ [meta-llama/Meta-Llama-3.1-70B-Instruct] Temp=0.0 Rep=1 → Concordo fortemente
[2026-05-12 12:26:06,560][__main__][INFO] - ✓ [meta-llama/Llama-4-Scout-17B-16E-Instruct] Temp=0.0 Rep=1 → Concordo fortemente
[2026-05-12 12:26:06,754][__main__][INFO] - ✓ [meta-llama/Llama-4-Scout-17B-16E-Instruct] Temp=0.0 Rep=1 → Concordo
[2026-05-12 12:26:06,758][__main__][INFO] - ✓ [Qwen/Qwen3-14B] Temp=0.0 Rep=1 → Concordo fortemente
[2026-05-12 12:26:06,962][__main__][INFO] - ✓ [meta-llama/Llama-4-Scout-17B-16E-Instruct] Temp=0.0 Rep=1 → Concordo fortemente
[2026-05-12 12:26:25,113][__main__][INFO] - ✓ [Qwen/Qwen3-14B] Temp=0.0 Rep=1 → Concordo fortemente
[2026-05-12 12:26:25,700][__main__][INFO] - ✓ [Qwen/Qwen3-235B-A22B-Instruct-2507] Temp=0.0 Rep=1 → Concordo
[2026-05-12 12:26:28,158][__main__][INFO] - ✓ [Qwen/Qwen3-235B-A22B-Instruct-2507] Temp=0.0 Rep=1 → Concordo
[2026-05-12 12:26:28,655][__main__][INFO] - ✓ [Qwen/Qwen3-235B-A22B-Instruct-2507] Temp=0.0 Rep=1 → Neutro
[2026-05-12 12:26:29,284][__main__][INFO] - ✓ [Qwen/Qwen3-14B] Temp=0.0 Rep=1 → Concordo fortemente
[2026-05-12 12:26:29,709][__main__][INFO] - ✓ [meta-llama/Meta-Llama-3.1-70B-Instruct] Temp=0.0 Rep=1 → Concordo
[2026-05-12 12:26:30,279][__main__][INFO] - Salvamento incremental (3480 novas respostas)...
[2026-05-12 12:26:30,357][__main__][INFO] - Cache salvo com 243882 entradas
[2026-05-12 12:26:30,357][__main__][INFO] - ✓ [meta-llama/Meta-Llama-3.1-70B-Instruct] Temp=0.0 Rep=1 → Concordo fortemente
[2026-05-12 12:26:30,379][__main__][INFO] - ✓ [meta-llama/Meta-Llama-3.1-70B-Instruct] Temp=0.0 Rep=1 → Concordo fortemente
[2026-05-12 12:26:30,767][__main__][INFO] - ✓ [meta-llama/Llama-4-Scout-17B-16E-Instruct] Temp=0.0 Rep=1 → Concordo fortemente
[2026-05-12 12:26:31,196][__main__][INFO] - ✓ [meta-llama/Llama-4-Scout-17B-16E-Instruct] Temp=0.0 Rep=1 → Concordo fortemente
[2026-05-12 12:26:31,197][__main__][INFO] - ✓ [meta-llama/Llama-4-Scout-17B-16E-Instruct] Temp=0.0 Rep=1 → Concordo fortemente
[2026-05-12 12:26:37,580][__main__][INFO] - ✓ [Qwen/Qwen3-14B] Temp=0.0 Rep=1 → Concordo fortemente
[2026-05-12 12:26:39,217][__main__][INFO] - ✓ [Qwen/Qwen3-14B] Temp=0.0 Rep=1 → Concordo fortemente
[2026-05-12 12:26:40,139][__main__][INFO] - ✓ [Qwen/Qwen3-235B-A22B-Instruct-2507] Temp=0.0 Rep=1 → Concordo
[2026-05-12 12:26:40,635][__main__][INFO] - ✓ [Qwen/Qwen3-235B-A22B-Instruct-2507] Temp=0.0 Rep=1 → Discordo
[2026-05-12 12:26:40,870][__main__][INFO] - ✓ [Qwen/Qwen3-14B] Temp=0.0 Rep=1 → Concordo fortemente
[2026-05-12 12:26:41,157][__main__][INFO] - ✓ [Qwen/Qwen3-235B-A22B-Instruct-2507] Temp=0.0 Rep=1 → Neutro
[2026-05-12 12:26:41,503][__main__][INFO] - ✓ [meta-llama/Meta-Llama-3.1-70B-Instruct] Temp=0.0 Rep=1 → Concordo
[2026-05-12 12:26:41,723][__main__][INFO] - ✓ [meta-llama/Meta-Llama-3.1-70B-Instruct] Temp=0.0 Rep=1 → Concordo
[2026-05-12 12:26:41,971][__main__][INFO] - ✓ [meta-llama/Meta-Llama-3.1-70B-Instruct] Temp=0.0 Rep=1 → Concordo
[2026-05-12 12:26:42,234][__main__][INFO] - ✓ [meta-llama/Llama-4-Scout-17B-16E-Instruct] Temp=0.0 Rep=1 → Concordo fortemente
[2026-05-12 12:26:42,801][__main__][INFO] - ✓ [meta-llama/Llama-4-Scout-17B-16E-Instruct] Temp=0.0 Rep=1 → Concordo fortemente
[2026-05-12 12:26:42,805][__main__][INFO] - ✓ [meta-llama/Llama-4-Scout-17B-16E-Instruct] Temp=0.0 Rep=1 → Neutro
[2026-05-12 12:26:45,476][__main__][INFO] - ✓ [Qwen/Qwen3-14B] Temp=0.0 Rep=1 → Concordo fortemente
[2026-05-12 12:26:46,796][__main__][INFO] - ✓ [Qwen/Qwen3-14B] Temp=0.0 Rep=1 → Concordo fortemente
[2026-05-12 12:26:47,511][__main__][INFO] - ✓ [Qwen/Qwen3-235B-A22B-Instruct-2507] Temp=0.0 Rep=1 → Concordo fortemente
[2026-05-12 12:26:47,681][__main__][INFO] - ✓ [Qwen/Qwen3-14B] Temp=0.0 Rep=1 → Concordo fortemente
[2026-05-12 12:26:47,975][__main__][INFO] - ✓ [Qwen/Qwen3-235B-A22B-Instruct-2507] Temp=0.0 Rep=1 → Discordo
[2026-05-12 12:26:48,071][__main__][INFO] - ✓ [Qwen/Qwen3-235B-A22B-Instruct-2507] Temp=0.0 Rep=1 → Neutro
[2026-05-12 12:26:48,560][__main__][INFO] - ✓ [meta-llama/Meta-Llama-3.1-70B-Instruct] Temp=0.0 Rep=1 → Concordo
[2026-05-12 12:26:48,602][__main__][INFO] - ✓ [meta-llama/Meta-Llama-3.1-70B-Instruct] Temp=0.0 Rep=1 → Discordo
[2026-05-12 12:26:49,024][__main__][INFO] - ✓ [meta-llama/Llama-4-Scout-17B-16E-Instruct] Temp=0.0 Rep=1 → Concordo fortemente
[2026-05-12 12:26:49,041][__main__][INFO] - ✓ [meta-llama/Meta-Llama-3.1-70B-Instruct] Temp=0.0 Rep=1 → Concordo
[2026-05-12 12:26:49,132][__main__][INFO] - ✓ [Qwen/Qwen3-14B] Temp=0.0 Rep=1 → Concordo fortemente
[2026-05-12 12:26:49,431][__main__][INFO] - ✓ [meta-llama/Llama-4-Scout-17B-16E-Instruct] Temp=0.0 Rep=1 → Neutro
[2026-05-12 12:26:49,436][__main__][INFO] - ✓ [meta-llama/Llama-4-Scout-17B-16E-Instruct] Temp=0.0 Rep=1 → Discordo
[2026-05-12 12:27:05,854][__main__][INFO] - ✓ [Qwen/Qwen3-14B] Temp=0.0 Rep=1 → Concordo fortemente
[2026-05-12 12:27:06,559][__main__][INFO] - ✓ [Qwen/Qwen3-14B] Temp=0.0 Rep=1 → Concordo fortemente
[2026-05-12 12:27:06,565][__main__][INFO] - ✓ [Qwen/Qwen3-235B-A22B-Instruct-2507] Temp=0.0 Rep=1 → Concordo
[2026-05-12 12:27:07,174][__main__][INFO] - ✓ [Qwen/Qwen3-235B-A22B-Instruct-2507] Temp=0.0 Rep=1 → Concordo
[2026-05-12 12:27:07,472][__main__][INFO] - ✓ [Qwen/Qwen3-235B-A22B-Instruct-2507] Temp=0.0 Rep=1 → Neutro
[2026-05-12 12:27:08,030][__main__][INFO] - ✓ [meta-llama/Meta-Llama-3.1-70B-Instruct] Temp=0.0 Rep=1 → Concordo fortemente
[2026-05-12 12:27:08,295][__main__][INFO] - ✓ [meta-llama/Meta-Llama-3.1-70B-Instruct] Temp=0.0 Rep=1 → Concordo fortemente
[2026-05-12 12:27:08,630][__main__][INFO] - ✓ [meta-llama/Meta-Llama-3.1-70B-Instruct] Temp=0.0 Rep=1 → Concordo fortemente
[2026-05-12 12:27:08,848][__main__][INFO] - ✓ [meta-llama/Llama-4-Scout-17B-16E-Instruct] Temp=0.0 Rep=1 → Concordo fortemente
[2026-05-12 12:27:08,999][__main__][INFO] - ✓ [meta-llama/Llama-4-Scout-17B-16E-Instruct] Temp=0.0 Rep=1 → Concordo fortemente
[2026-05-12 12:27:09,331][__main__][INFO] - Salvamento incremental (3520 novas respostas)...
[2026-05-12 12:27:09,400][__main__][INFO] - Cache salvo com 243922 entradas
[2026-05-12 12:27:09,400][__main__][INFO] - ✓ [meta-llama/Llama-4-Scout-17B-16E-Instruct] Temp=0.0 Rep=1 → Concordo fortemente
[2026-05-12 12:27:11,134][__main__][INFO] - ✓ [Qwen/Qwen3-14B] Temp=0.0 Rep=1 → Concordo fortemente
[2026-05-12 12:27:12,765][__main__][INFO] - ✓ [Qwen/Qwen3-14B] Temp=0.0 Rep=1 → Concordo fortemente
[2026-05-12 12:27:13,522][__main__][INFO] - ✓ [Qwen/Qwen3-14B] Temp=0.0 Rep=1 → Concordo fortemente
[2026-05-12 12:27:14,341][__main__][INFO] - ✓ [Qwen/Qwen3-235B-A22B-Instruct-2507] Temp=0.0 Rep=1 → Concordo fortemente
[2026-05-12 12:27:14,598][__main__][INFO] - ✓ [Qwen/Qwen3-235B-A22B-Instruct-2507] Temp=0.0 Rep=1 → Discordo
[2026-05-12 12:27:14,788][__main__][INFO] - ✓ [Qwen/Qwen3-235B-A22B-Instruct-2507] Temp=0.0 Rep=1 → Neutro
[2026-05-12 12:27:15,148][__main__][INFO] - ✓ [meta-llama/Meta-Llama-3.1-70B-Instruct] Temp=0.0 Rep=1 → Concordo
[2026-05-12 12:27:15,320][__main__][INFO] - ✓ [meta-llama/Meta-Llama-3.1-70B-Instruct] Temp=0.0 Rep=1 → Discordo
[2026-05-12 12:27:15,775][__main__][INFO] - ✓ [meta-llama/Meta-Llama-3.1-70B-Instruct] Temp=0.0 Rep=1 → Concordo
[2026-05-12 12:27:15,895][__main__][INFO] - ✓ [meta-llama/Llama-4-Scout-17B-16E-Instruct] Temp=0.0 Rep=1 → Concordo fortemente
[2026-05-12 12:27:16,287][__main__][INFO] - ✓ [meta-llama/Llama-4-Scout-17B-16E-Instruct] Temp=0.0 Rep=1 → Discordo
[2026-05-12 12:27:16,388][__main__][INFO] - ✓ [meta-llama/Llama-4-Scout-17B-16E-Instruct] Temp=0.0 Rep=1 → Neutro
[2026-05-12 12:27:20,384][__main__][INFO] - ✓ [Qwen/Qwen3-14B] Temp=0.0 Rep=1 → Concordo fortemente
[2026-05-12 12:27:26,121][__main__][INFO] - ✓ [Qwen/Qwen3-14B] Temp=0.0 Rep=1 → Concordo fortemente
[2026-05-12 12:27:26,420][__main__][INFO] - ✓ [Qwen/Qwen3-14B] Temp=0.0 Rep=1 → Concordo fortemente
[2026-05-12 12:27:26,515][__main__][INFO] - ✓ [Qwen/Qwen3-14B] Temp=0.0 Rep=1 → Concordo fortemente
[2026-05-12 12:27:26,890][__main__][INFO] - ✓ [Qwen/Qwen3-235B-A22B-Instruct-2507] Temp=0.0 Rep=1 → Neutro
[2026-05-12 12:27:26,972][__main__][INFO] - ✓ [Qwen/Qwen3-235B-A22B-Instruct-2507] Temp=0.0 Rep=1 → Discordo
[2026-05-12 12:27:27,140][__main__][INFO] - ✓ [Qwen/Qwen3-235B-A22B-Instruct-2507] Temp=0.0 Rep=1 → Neutro
[2026-05-12 12:27:27,550][__main__][INFO] - ✓ [meta-llama/Meta-Llama-3.1-70B-Instruct] Temp=0.0 Rep=1 → Concordo
[2026-05-12 12:27:27,820][__main__][INFO] - ✓ [meta-llama/Meta-Llama-3.1-70B-Instruct] Temp=0.0 Rep=1 → Concordo
[2026-05-12 12:27:27,931][__main__][INFO] - ✓ [meta-llama/Llama-4-Scout-17B-16E-Instruct] Temp=0.0 Rep=1 → Concordo fortemente
[2026-05-12 12:27:28,087][__main__][INFO] - ✓ [Qwen/Qwen3-14B] Temp=0.0 Rep=1 → Concordo fortemente
[2026-05-12 12:27:28,126][__main__][INFO] - ✓ [meta-llama/Meta-Llama-3.1-70B-Instruct] Temp=0.0 Rep=1 → Discordo
[2026-05-12 12:27:28,164][__main__][INFO] - ✓ [meta-llama/Llama-4-Scout-17B-16E-Instruct] Temp=0.0 Rep=1 → Discordo
[2026-05-12 12:27:28,477][__main__][INFO] - ✓ [meta-llama/Llama-4-Scout-17B-16E-Instruct] Temp=0.0 Rep=1 → Neutro
[2026-05-12 12:27:28,695][__main__][INFO] - ✓ [Qwen/Qwen3-14B] Temp=0.0 Rep=1 → Discordo
[2026-05-12 12:27:29,290][__main__][INFO] - ✓ [Qwen/Qwen3-235B-A22B-Instruct-2507] Temp=0.0 Rep=1 → Concordo
[2026-05-12 12:27:29,501][__main__][INFO] - ✓ [Qwen/Qwen3-235B-A22B-Instruct-2507] Temp=0.0 Rep=1 → Concordo fortemente
[2026-05-12 12:27:29,584][__main__][INFO] - ✓ [Qwen/Qwen3-14B] Temp=0.0 Rep=1 → Concordo fortemente
[2026-05-12 12:27:29,916][__main__][INFO] - ✓ [Qwen/Qwen3-235B-A22B-Instruct-2507] Temp=0.0 Rep=1 → Concordo fortemente
[2026-05-12 12:27:29,960][__main__][INFO] - ✓ [meta-llama/Meta-Llama-3.1-70B-Instruct] Temp=0.0 Rep=1 → Discordo
[2026-05-12 12:27:30,164][__main__][INFO] - ✓ [meta-llama/Meta-Llama-3.1-70B-Instruct] Temp=0.0 Rep=1 → Concordo fortemente
[2026-05-12 12:27:30,441][__main__][INFO] - ✓ [meta-llama/Meta-Llama-3.1-70B-Instruct] Temp=0.0 Rep=1 → Concordo
[2026-05-12 12:27:30,627][__main__][INFO] - ✓ [meta-llama/Llama-4-Scout-17B-16E-Instruct] Temp=0.0 Rep=1 → Concordo
[2026-05-12 12:27:30,965][__main__][INFO] - ✓ [meta-llama/Llama-4-Scout-17B-16E-Instruct] Temp=0.0 Rep=1 → Concordo fortemente
[2026-05-12 12:27:30,968][__main__][INFO] - ✓ [meta-llama/Llama-4-Scout-17B-16E-Instruct] Temp=0.0 Rep=1 → Concordo
[2026-05-12 12:27:33,182][__main__][INFO] - ✓ [Qwen/Qwen3-14B] Temp=0.0 Rep=1 → Concordo fortemente
[2026-05-12 12:27:34,718][__main__][INFO] - ✓ [Qwen/Qwen3-235B-A22B-Instruct-2507] Temp=0.0 Rep=1 → Concordo fortemente
[2026-05-12 12:27:35,159][__main__][INFO] - Salvamento incremental (3560 novas respostas)...
[2026-05-12 12:27:35,219][__main__][INFO] - Cache salvo com 243962 entradas
[2026-05-12 12:27:35,219][__main__][INFO] - ✓ [Qwen/Qwen3-235B-A22B-Instruct-2507] Temp=0.0 Rep=1 → Concordo
[2026-05-12 12:27:35,714][__main__][INFO] - ✓ [Qwen/Qwen3-14B] Temp=0.0 Rep=1 → Concordo fortemente
[2026-05-12 12:27:35,953][__main__][INFO] - ✓ [Qwen/Qwen3-235B-A22B-Instruct-2507] Temp=0.0 Rep=1 → Concordo fortemente
[2026-05-12 12:27:36,210][__main__][INFO] - ✓ [Qwen/Qwen3-14B] Temp=0.0 Rep=1 → Neutro
[2026-05-12 12:27:36,280][__main__][INFO] - ✓ [Qwen/Qwen3-14B] Temp=0.0 Rep=1 → Concordo fortemente
[2026-05-12 12:27:36,486][__main__][INFO] - ✓ [meta-llama/Meta-Llama-3.1-70B-Instruct] Temp=0.0 Rep=1 → Concordo fortemente
[2026-05-12 12:27:36,490][__main__][INFO] - ✓ [meta-llama/Meta-Llama-3.1-70B-Instruct] Temp=0.0 Rep=1 → Concordo
[2026-05-12 12:27:36,767][__main__][INFO] - ✓ [meta-llama/Llama-4-Scout-17B-16E-Instruct] Temp=0.0 Rep=1 → Concordo fortemente
[2026-05-12 12:27:36,844][__main__][INFO] - ✓ [meta-llama/Llama-4-Scout-17B-16E-Instruct] Temp=0.0 Rep=1 → Concordo fortemente
[2026-05-12 12:27:36,933][__main__][INFO] - ✓ [meta-llama/Llama-4-Scout-17B-16E-Instruct] Temp=0.0 Rep=1 → Concordo fortemente
[2026-05-12 12:27:37,280][__main__][INFO] - ✓ [meta-llama/Meta-Llama-3.1-70B-Instruct] Temp=0.0 Rep=1 → Concordo fortemente
[2026-05-12 12:27:37,893][__main__][INFO] - ✓ [Qwen/Qwen3-235B-A22B-Instruct-2507] Temp=0.0 Rep=1 → Concordo
[2026-05-12 12:27:38,507][__main__][INFO] - ✓ [Qwen/Qwen3-235B-A22B-Instruct-2507] Temp=0.0 Rep=1 → Concordo fortemente
[2026-05-12 12:27:39,121][__main__][INFO] - ✓ [Qwen/Qwen3-235B-A22B-Instruct-2507] Temp=0.0 Rep=1 → Concordo fortemente
[2026-05-12 12:27:39,604][__main__][INFO] - ✓ [meta-llama/Meta-Llama-3.1-70B-Instruct] Temp=0.0 Rep=1 → Concordo
[2026-05-12 12:27:40,249][__main__][INFO] - ✓ [meta-llama/Meta-Llama-3.1-70B-Instruct] Temp=0.0 Rep=1 → Concordo fortemente
[2026-05-12 12:27:40,808][__main__][INFO] - ✓ [meta-llama/Meta-Llama-3.1-70B-Instruct] Temp=0.0 Rep=1 → Concordo
[2026-05-12 12:27:41,271][__main__][INFO] - ✓ [meta-llama/Llama-4-Scout-17B-16E-Instruct] Temp=0.0 Rep=1 → Concordo fortemente
[2026-05-12 12:27:41,751][__main__][INFO] - ✓ [meta-llama/Llama-4-Scout-17B-16E-Instruct] Temp=0.0 Rep=1 → Concordo fortemente
[2026-05-12 12:27:42,295][__main__][INFO] - ✓ [meta-llama/Llama-4-Scout-17B-16E-Instruct] Temp=0.0 Rep=1 → Concordo fortemente
[2026-05-12 12:27:44,446][__main__][INFO] - ✓ [Qwen/Qwen3-14B] Temp=0.0 Rep=1 → Concordo fortemente
[2026-05-12 12:27:44,958][__main__][INFO] - ✓ [Qwen/Qwen3-14B] Temp=0.0 Rep=1 → Concordo fortemente
[2026-05-12 12:27:45,118][__main__][INFO] - ✓ [Qwen/Qwen3-14B] Temp=0.0 Rep=1 → Concordo fortemente
[2026-05-12 12:27:45,985][__main__][INFO] - ✓ [Qwen/Qwen3-235B-A22B-Instruct-2507] Temp=0.0 Rep=1 → Concordo fortemente
[2026-05-12 12:27:46,221][__main__][INFO] - ✓ [Qwen/Qwen3-14B] Temp=0.0 Rep=1 → Concordo fortemente
[2026-05-12 12:27:46,692][__main__][INFO] - ✓ [Qwen/Qwen3-235B-A22B-Instruct-2507] Temp=0.0 Rep=1 → Concordo fortemente
[2026-05-12 12:27:46,809][__main__][INFO] - ✓ [Qwen/Qwen3-235B-A22B-Instruct-2507] Temp=0.0 Rep=1 → Concordo fortemente
[2026-05-12 12:27:47,518][__main__][INFO] - ✓ [meta-llama/Meta-Llama-3.1-70B-Instruct] Temp=0.0 Rep=1 → Concordo
[2026-05-12 12:27:47,522][__main__][INFO] - ✓ [meta-llama/Meta-Llama-3.1-70B-Instruct] Temp=0.0 Rep=1 → Concordo fortemente
[2026-05-12 12:27:47,645][__main__][INFO] - ✓ [Qwen/Qwen3-14B] Temp=0.0 Rep=1 → Discordo
[2026-05-12 12:27:47,877][__main__][INFO] - ✓ [meta-llama/Llama-4-Scout-17B-16E-Instruct] Temp=0.0 Rep=1 → Concordo fortemente
[2026-05-12 12:27:48,266][__main__][INFO] - ✓ [meta-llama/Llama-4-Scout-17B-16E-Instruct] Temp=0.0 Rep=1 → Concordo fortemente
[2026-05-12 12:27:48,270][__main__][INFO] - ✓ [meta-llama/Meta-Llama-3.1-70B-Instruct] Temp=0.0 Rep=1 → Concordo fortemente
[2026-05-12 12:27:48,438][__main__][INFO] - ✓ [meta-llama/Llama-4-Scout-17B-16E-Instruct] Temp=0.0 Rep=1 → Concordo fortemente
[2026-05-12 12:27:49,578][__main__][INFO] - ✓ [Qwen/Qwen3-14B] Temp=0.0 Rep=1 → Discordo
[2026-05-12 12:27:50,183][__main__][INFO] - ✓ [Qwen/Qwen3-235B-A22B-Instruct-2507] Temp=0.0 Rep=1 → Concordo fortemente
[2026-05-12 12:27:50,186][__main__][INFO] - ✓ [Qwen/Qwen3-14B] Temp=0.0 Rep=1 → Concordo fortemente
[2026-05-12 12:27:50,795][__main__][INFO] - ✓ [Qwen/Qwen3-235B-A22B-Instruct-2507] Temp=0.0 Rep=1 → Concordo fortemente
[2026-05-12 12:27:50,887][__main__][INFO] - ✓ [Qwen/Qwen3-235B-A22B-Instruct-2507] Temp=0.0 Rep=1 → Concordo fortemente
[2026-05-12 12:27:51,616][__main__][INFO] - ✓ [meta-llama/Meta-Llama-3.1-70B-Instruct] Temp=0.0 Rep=1 → Concordo
[2026-05-12 12:27:51,619][__main__][INFO] - Salvamento incremental (3600 novas respostas)...
[2026-05-12 12:27:51,672][__main__][INFO] - Cache salvo com 244002 entradas
[2026-05-12 12:27:51,673][__main__][INFO] - ✓ [meta-llama/Meta-Llama-3.1-70B-Instruct] Temp=0.0 Rep=1 → Concordo fortemente
[2026-05-12 12:27:52,038][__main__][INFO] - ✓ [meta-llama/Llama-4-Scout-17B-16E-Instruct] Temp=0.0 Rep=1 → Discordo
[2026-05-12 12:27:52,174][__main__][INFO] - ✓ [meta-llama/Meta-Llama-3.1-70B-Instruct] Temp=0.0 Rep=1 → Concordo
[2026-05-12 12:27:52,459][__main__][INFO] - ✓ [meta-llama/Llama-4-Scout-17B-16E-Instruct] Temp=0.0 Rep=1 → Concordo fortemente
[2026-05-12 12:27:52,800][__main__][INFO] - ✓ [meta-llama/Llama-4-Scout-17B-16E-Instruct] Temp=0.0 Rep=1 → Concordo fortemente
[2026-05-12 12:27:55,404][__main__][INFO] - ✓ [Qwen/Qwen3-14B] Temp=0.0 Rep=1 → Concordo fortemente
[2026-05-12 12:27:56,223][__main__][INFO] - ✓ [Qwen/Qwen3-14B] Temp=0.0 Rep=1 → Concordo fortemente
[2026-05-12 12:27:57,766][__main__][INFO] - ✓ [Qwen/Qwen3-14B] Temp=0.0 Rep=1 → Discordo
[2026-05-12 12:27:57,875][__main__][INFO] - ✓ [Qwen/Qwen3-235B-A22B-Instruct-2507] Temp=0.0 Rep=1 → Discordo
[2026-05-12 12:27:58,465][__main__][INFO] - ✓ [Qwen/Qwen3-235B-A22B-Instruct-2507] Temp=0.0 Rep=1 → Neutro
[2026-05-12 12:27:58,476][__main__][INFO] - ✓ [Qwen/Qwen3-235B-A22B-Instruct-2507] Temp=0.0 Rep=1 → Concordo fortemente
[2026-05-12 12:27:59,093][__main__][INFO] - ✓ [meta-llama/Meta-Llama-3.1-70B-Instruct] Temp=0.0 Rep=1 → Discordo fortemente
[2026-05-12 12:27:59,130][__main__][INFO] - ✓ [meta-llama/Meta-Llama-3.1-70B-Instruct] Temp=0.0 Rep=1 → Concordo fortemente
[2026-05-12 12:27:59,518][__main__][INFO] - ✓ [meta-llama/Llama-4-Scout-17B-16E-Instruct] Temp=0.0 Rep=1 → Discordo fortemente
[2026-05-12 12:27:59,698][__main__][INFO] - ✓ [meta-llama/Meta-Llama-3.1-70B-Instruct] Temp=0.0 Rep=1 → Concordo
[2026-05-12 12:27:59,894][__main__][INFO] - ✓ [meta-llama/Llama-4-Scout-17B-16E-Instruct] Temp=0.0 Rep=1 → Concordo fortemente
[2026-05-12 12:28:00,073][__main__][INFO] - ✓ [meta-llama/Llama-4-Scout-17B-16E-Instruct] Temp=0.0 Rep=1 → Concordo fortemente
[2026-05-12 12:28:01,708][__main__][INFO] - ✓ [Qwen/Qwen3-14B] Temp=0.0 Rep=1 → Concordo fortemente
[2026-05-12 12:28:04,329][__main__][INFO] - ✓ [Qwen/Qwen3-14B] Temp=0.0 Rep=1 → Concordo fortemente
[2026-05-12 12:28:05,049][__main__][INFO] - ✓ [Qwen/Qwen3-235B-A22B-Instruct-2507] Temp=0.0 Rep=1 → Concordo fortemente
[2026-05-12 12:28:05,568][__main__][INFO] - ✓ [Qwen/Qwen3-235B-A22B-Instruct-2507] Temp=0.0 Rep=1 → Concordo
[2026-05-12 12:28:06,321][__main__][INFO] - ✓ [Qwen/Qwen3-14B] Temp=0.0 Rep=1 → Concordo fortemente
[2026-05-12 12:28:06,621][__main__][INFO] - ✓ [Qwen/Qwen3-235B-A22B-Instruct-2507] Temp=0.0 Rep=1 → Neutro
[2026-05-12 12:28:06,810][__main__][INFO] - ✓ [meta-llama/Meta-Llama-3.1-70B-Instruct] Temp=0.0 Rep=1 → Concordo fortemente
[2026-05-12 12:28:07,159][__main__][INFO] - ✓ [meta-llama/Meta-Llama-3.1-70B-Instruct] Temp=0.0 Rep=1 → Concordo
[2026-05-12 12:28:07,406][__main__][INFO] - ✓ [meta-llama/Meta-Llama-3.1-70B-Instruct] Temp=0.0 Rep=1 → Concordo fortemente
[2026-05-12 12:28:07,665][__main__][INFO] - ✓ [meta-llama/Llama-4-Scout-17B-16E-Instruct] Temp=0.0 Rep=1 → Concordo fortemente
[2026-05-12 12:28:07,671][__main__][INFO] - ✓ [Qwen/Qwen3-14B] Temp=0.0 Rep=1 → Concordo fortemente
[2026-05-12 12:28:07,754][__main__][INFO] - ✓ [Qwen/Qwen3-14B] Temp=0.0 Rep=1 → Concordo fortemente
[2026-05-12 12:28:07,833][__main__][INFO] - ✓ [meta-llama/Llama-4-Scout-17B-16E-Instruct] Temp=0.0 Rep=1 → Concordo fortemente
[2026-05-12 12:28:08,447][__main__][INFO] - ✓ [meta-llama/Llama-4-Scout-17B-16E-Instruct] Temp=0.0 Rep=1 → Concordo fortemente
[2026-05-12 12:28:08,479][__main__][INFO] - ✓ [Qwen/Qwen3-14B] Temp=0.0 Rep=1 → Concordo fortemente
[2026-05-12 12:28:09,088][__main__][INFO] - ✓ [Qwen/Qwen3-14B] Temp=0.0 Rep=1 → Concordo fortemente
[2026-05-12 12:28:09,505][__main__][INFO] - ✓ [Qwen/Qwen3-235B-A22B-Instruct-2507] Temp=0.0 Rep=1 → Neutro
[2026-05-12 12:28:09,509][__main__][INFO] - ✓ [Qwen/Qwen3-14B] Temp=0.0 Rep=1 → Concordo fortemente
[2026-05-12 12:28:09,922][__main__][INFO] - ✓ [Qwen/Qwen3-235B-A22B-Instruct-2507] Temp=0.0 Rep=1 → Concordo fortemente
[2026-05-12 12:28:09,941][__main__][INFO] - ✓ [Qwen/Qwen3-235B-A22B-Instruct-2507] Temp=0.0 Rep=1 → Neutro
[2026-05-12 12:28:09,996][__main__][INFO] - ✓ [meta-llama/Meta-Llama-3.1-70B-Instruct] Temp=0.0 Rep=1 → Discordo
[2026-05-12 12:28:10,087][__main__][INFO] - ✓ [meta-llama/Meta-Llama-3.1-70B-Instruct] Temp=0.0 Rep=1 → Concordo fortemente
[2026-05-12 12:28:10,392][__main__][INFO] - ✓ [meta-llama/Meta-Llama-3.1-70B-Instruct] Temp=0.0 Rep=1 → Concordo
[2026-05-12 12:28:10,482][__main__][INFO] - Salvamento incremental (3640 novas respostas)...
[2026-05-12 12:28:10,556][__main__][INFO] - Cache salvo com 244042 entradas
[2026-05-12 12:28:10,557][__main__][INFO] - ✓ [meta-llama/Llama-4-Scout-17B-16E-Instruct] Temp=0.0 Rep=1 → Concordo fortemente
[2026-05-12 12:28:10,558][__main__][INFO] - ✓ [meta-llama/Llama-4-Scout-17B-16E-Instruct] Temp=0.0 Rep=1 → Concordo fortemente
[2026-05-12 12:28:10,695][__main__][INFO] - ✓ [meta-llama/Llama-4-Scout-17B-16E-Instruct] Temp=0.0 Rep=1 → Discordo
[2026-05-12 12:28:11,538][__main__][INFO] - ✓ [Qwen/Qwen3-14B] Temp=0.0 Rep=1 → Concordo fortemente
[2026-05-12 12:28:11,860][__main__][INFO] - ✓ [Qwen/Qwen3-235B-A22B-Instruct-2507] Temp=0.0 Rep=1 → Discordo
[2026-05-12 12:28:12,195][__main__][INFO] - ✓ [Qwen/Qwen3-235B-A22B-Instruct-2507] Temp=0.0 Rep=1 → Concordo fortemente
[2026-05-12 12:28:12,382][__main__][INFO] - ✓ [Qwen/Qwen3-235B-A22B-Instruct-2507] Temp=0.0 Rep=1 → Neutro
[2026-05-12 12:28:12,970][__main__][INFO] - ✓ [meta-llama/Meta-Llama-3.1-70B-Instruct] Temp=0.0 Rep=1 → Discordo fortemente
[2026-05-12 12:28:13,015][__main__][INFO] - ✓ [Qwen/Qwen3-14B] Temp=0.0 Rep=1 → Discordo
[2026-05-12 12:28:13,100][__main__][INFO] - ✓ [meta-llama/Meta-Llama-3.1-70B-Instruct] Temp=0.0 Rep=1 → Concordo fortemente
[2026-05-12 12:28:13,432][__main__][INFO] - ✓ [meta-llama/Llama-4-Scout-17B-16E-Instruct] Temp=0.0 Rep=1 → Discordo
[2026-05-12 12:28:13,543][__main__][INFO] - ✓ [meta-llama/Llama-4-Scout-17B-16E-Instruct] Temp=0.0 Rep=1 → Concordo fortemente
[2026-05-12 12:28:13,955][__main__][INFO] - ✓ [meta-llama/Llama-4-Scout-17B-16E-Instruct] Temp=0.0 Rep=1 → Neutro
[2026-05-12 12:28:14,055][__main__][INFO] - ✓ [Qwen/Qwen3-14B] Temp=0.0 Rep=1 → Concordo fortemente
[2026-05-12 12:28:14,313][__main__][INFO] - ✓ [Qwen/Qwen3-14B] Temp=0.0 Rep=1 → Neutro
[2026-05-12 12:28:14,479][__main__][INFO] - ✓ [meta-llama/Meta-Llama-3.1-70B-Instruct] Temp=0.0 Rep=1 → Concordo
[2026-05-12 12:28:14,482][__main__][INFO] - ✓ [Qwen/Qwen3-14B] Temp=0.0 Rep=1 → Neutro
[2026-05-12 12:28:15,064][__main__][INFO] - ✓ [Qwen/Qwen3-235B-A22B-Instruct-2507] Temp=0.0 Rep=1 → Discordo
[2026-05-12 12:28:15,075][__main__][INFO] - ✓ [Qwen/Qwen3-235B-A22B-Instruct-2507] Temp=0.0 Rep=1 → Neutro
[2026-05-12 12:28:15,174][__main__][INFO] - ✓ [Qwen/Qwen3-235B-A22B-Instruct-2507] Temp=0.0 Rep=1 → Concordo fortemente
[2026-05-12 12:28:15,193][__main__][INFO] - ✓ [Qwen/Qwen3-14B] Temp=0.0 Rep=1 → Concordo fortemente
[2026-05-12 12:28:15,564][__main__][INFO] - ✓ [meta-llama/Llama-4-Scout-17B-16E-Instruct] Temp=0.0 Rep=1 → Discordo
[2026-05-12 12:28:16,190][__main__][INFO] - ✓ [meta-llama/Llama-4-Scout-17B-16E-Instruct] Temp=0.0 Rep=1 → Concordo fortemente
[2026-05-12 12:28:16,576][__main__][INFO] - ✓ [meta-llama/Meta-Llama-3.1-70B-Instruct] Temp=0.0 Rep=1 → Concordo
[2026-05-12 12:28:16,613][__main__][INFO] - ✓ [meta-llama/Meta-Llama-3.1-70B-Instruct] Temp=0.0 Rep=1 → Discordo fortemente
[2026-05-12 12:28:16,680][__main__][INFO] - ✓ [meta-llama/Meta-Llama-3.1-70B-Instruct] Temp=0.0 Rep=1 → Concordo fortemente
[2026-05-12 12:28:16,713][__main__][INFO] - ✓ [meta-llama/Llama-4-Scout-17B-16E-Instruct] Temp=0.0 Rep=1 → Neutro
[2026-05-12 12:28:17,522][__main__][INFO] - ✓ [Qwen/Qwen3-235B-A22B-Instruct-2507] Temp=0.0 Rep=1 → Discordo
[2026-05-12 12:28:18,239][__main__][INFO] - ✓ [Qwen/Qwen3-14B] Temp=0.0 Rep=1 → Concordo fortemente
[2026-05-12 12:28:18,298][__main__][INFO] - ✓ [Qwen/Qwen3-235B-A22B-Instruct-2507] Temp=0.0 Rep=1 → Discordo
[2026-05-12 12:28:18,700][__main__][INFO] - ✓ [Qwen/Qwen3-235B-A22B-Instruct-2507] Temp=0.0 Rep=1 → Discordo
[2026-05-12 12:28:19,367][__main__][INFO] - ✓ [Qwen/Qwen3-14B] Temp=0.0 Rep=1 → Concordo fortemente
[2026-05-12 12:28:19,370][__main__][INFO] - ✓ [Qwen/Qwen3-14B] Temp=0.0 Rep=1 → Neutro
[2026-05-12 12:28:20,082][__main__][INFO] - ✓ [meta-llama/Llama-4-Scout-17B-16E-Instruct] Temp=0.0 Rep=1 → Discordo
[2026-05-12 12:28:20,492][__main__][INFO] - ✓ [meta-llama/Llama-4-Scout-17B-16E-Instruct] Temp=0.0 Rep=1 → Concordo
[2026-05-12 12:28:20,886][__main__][INFO] - ✓ [Qwen/Qwen3-14B] Temp=0.0 Rep=1 → Concordo fortemente
[2026-05-12 12:28:20,950][__main__][INFO] - ✓ [meta-llama/Llama-4-Scout-17B-16E-Instruct] Temp=0.0 Rep=1 → Discordo
[2026-05-12 12:28:21,188][__main__][INFO] - ✓ [meta-llama/Meta-Llama-3.1-70B-Instruct] Temp=0.0 Rep=1 → Discordo
[2026-05-12 12:28:21,192][__main__][INFO] - ✓ [meta-llama/Meta-Llama-3.1-70B-Instruct] Temp=0.0 Rep=1 → Concordo
[2026-05-12 12:28:21,193][__main__][INFO] - ✓ [meta-llama/Meta-Llama-3.1-70B-Instruct] Temp=0.0 Rep=1 → Concordo
[2026-05-12 12:28:21,444][__main__][INFO] - Salvamento incremental (3680 novas respostas)...
[2026-05-12 12:28:21,503][__main__][INFO] - Cache salvo com 244082 entradas
[2026-05-12 12:28:21,503][__main__][INFO] - ✓ [Qwen/Qwen3-14B] Temp=0.0 Rep=1 → Concordo fortemente
[2026-05-12 12:28:21,691][__main__][INFO] - ✓ [Qwen/Qwen3-235B-A22B-Instruct-2507] Temp=0.0 Rep=1 → Concordo
[2026-05-12 12:28:21,961][__main__][INFO] - ✓ [Qwen/Qwen3-235B-A22B-Instruct-2507] Temp=0.0 Rep=1 → Concordo fortemente
[2026-05-12 12:28:22,252][__main__][INFO] - ✓ [Qwen/Qwen3-235B-A22B-Instruct-2507] Temp=0.0 Rep=1 → Neutro
[2026-05-12 12:28:22,346][__main__][INFO] - ✓ [meta-llama/Meta-Llama-3.1-70B-Instruct] Temp=0.0 Rep=1 → Concordo fortemente
[2026-05-12 12:28:22,429][__main__][INFO] - ✓ [meta-llama/Meta-Llama-3.1-70B-Instruct] Temp=0.0 Rep=1 → Concordo
[2026-05-12 12:28:22,582][__main__][INFO] - ✓ [Qwen/Qwen3-14B] Temp=0.0 Rep=1 → Concordo fortemente
[2026-05-12 12:28:22,871][__main__][INFO] - ✓ [meta-llama/Llama-4-Scout-17B-16E-Instruct] Temp=0.0 Rep=1 → Concordo fortemente
[2026-05-12 12:28:22,874][__main__][INFO] - ✓ [meta-llama/Llama-4-Scout-17B-16E-Instruct] Temp=0.0 Rep=1 → Concordo
[2026-05-12 12:28:22,994][__main__][INFO] - ✓ [meta-llama/Meta-Llama-3.1-70B-Instruct] Temp=0.0 Rep=1 → Concordo fortemente
[2026-05-12 12:28:23,087][__main__][INFO] - ✓ [meta-llama/Llama-4-Scout-17B-16E-Instruct] Temp=0.0 Rep=1 → Concordo fortemente
[2026-05-12 12:28:23,768][__main__][INFO] - ✓ [Qwen/Qwen3-235B-A22B-Instruct-2507] Temp=0.0 Rep=1 → Concordo fortemente
[2026-05-12 12:28:24,279][__main__][INFO] - ✓ [Qwen/Qwen3-235B-A22B-Instruct-2507] Temp=0.0 Rep=1 → Neutro
[2026-05-12 12:28:24,792][__main__][INFO] - ✓ [Qwen/Qwen3-235B-A22B-Instruct-2507] Temp=0.0 Rep=1 → Neutro
[2026-05-12 12:28:25,489][__main__][INFO] - ✓ [meta-llama/Meta-Llama-3.1-70B-Instruct] Temp=0.0 Rep=1 → Concordo fortemente
[2026-05-12 12:28:26,013][__main__][INFO] - ✓ [meta-llama/Meta-Llama-3.1-70B-Instruct] Temp=0.0 Rep=1 → Concordo
[2026-05-12 12:28:26,636][__main__][INFO] - ✓ [meta-llama/Meta-Llama-3.1-70B-Instruct] Temp=0.0 Rep=1 → Concordo fortemente
[2026-05-12 12:28:26,727][__main__][INFO] - ✓ [Qwen/Qwen3-14B] Temp=0.0 Rep=1 → Neutro
[2026-05-12 12:28:27,061][__main__][INFO] - ✓ [Qwen/Qwen3-14B] Temp=0.0 Rep=1 → Concordo fortemente
[2026-05-12 12:28:27,107][__main__][INFO] - ✓ [meta-llama/Llama-4-Scout-17B-16E-Instruct] Temp=0.0 Rep=1 → Concordo fortemente
[2026-05-12 12:28:27,127][__main__][INFO] - ✓ [meta-llama/Llama-4-Scout-17B-16E-Instruct] Temp=0.0 Rep=1 → Concordo fortemente
[2026-05-12 12:28:27,612][__main__][INFO] - ✓ [meta-llama/Llama-4-Scout-17B-16E-Instruct] Temp=0.0 Rep=1 → Concordo fortemente
[2026-05-12 12:28:27,617][__main__][INFO] - ✓ [Qwen/Qwen3-14B] Temp=0.0 Rep=1 → Concordo fortemente
[2026-05-12 12:28:28,170][__main__][INFO] - ✓ [Qwen/Qwen3-235B-A22B-Instruct-2507] Temp=0.0 Rep=1 → Discordo
[2026-05-12 12:28:28,668][__main__][INFO] - ✓ [Qwen/Qwen3-235B-A22B-Instruct-2507] Temp=0.0 Rep=1 → Concordo
[2026-05-12 12:28:28,845][__main__][INFO] - ✓ [Qwen/Qwen3-14B] Temp=0.0 Rep=1 → Discordo
[2026-05-12 12:28:29,269][__main__][INFO] - ✓ [Qwen/Qwen3-235B-A22B-Instruct-2507] Temp=0.0 Rep=1 → Discordo
[2026-05-12 12:28:29,403][__main__][INFO] - ✓ [meta-llama/Meta-Llama-3.1-70B-Instruct] Temp=0.0 Rep=1 → Discordo
[2026-05-12 12:28:29,913][__main__][INFO] - ✓ [meta-llama/Meta-Llama-3.1-70B-Instruct] Temp=0.0 Rep=1 → Concordo
[2026-05-12 12:28:29,916][__main__][INFO] - ✓ [meta-llama/Meta-Llama-3.1-70B-Instruct] Temp=0.0 Rep=1 → Discordo
[2026-05-12 12:28:30,208][__main__][INFO] - ✓ [Qwen/Qwen3-14B] Temp=0.0 Rep=1 → Discordo
[2026-05-12 12:28:30,214][__main__][INFO] - ✓ [Qwen/Qwen3-14B] Temp=0.0 Rep=1 → Concordo fortemente
[2026-05-12 12:28:30,240][__main__][INFO] - ✓ [Qwen/Qwen3-14B] Temp=0.0 Rep=1 → Concordo fortemente
[2026-05-12 12:28:30,299][__main__][INFO] - ✓ [meta-llama/Llama-4-Scout-17B-16E-Instruct] Temp=0.0 Rep=1 → Discordo
[2026-05-12 12:28:30,351][__main__][INFO] - ✓ [meta-llama/Llama-4-Scout-17B-16E-Instruct] Temp=0.0 Rep=1 → Concordo
[2026-05-12 12:28:30,578][__main__][INFO] - ✓ [meta-llama/Llama-4-Scout-17B-16E-Instruct] Temp=0.0 Rep=1 → Neutro
[2026-05-12 12:28:30,733][__main__][INFO] - ✓ [Qwen/Qwen3-14B] Temp=0.0 Rep=1 → Concordo fortemente
[2026-05-12 12:28:31,052][__main__][INFO] - ✓ [Qwen/Qwen3-235B-A22B-Instruct-2507] Temp=0.0 Rep=1 → Concordo
[2026-05-12 12:28:31,256][__main__][INFO] - ✓ [Qwen/Qwen3-235B-A22B-Instruct-2507] Temp=0.0 Rep=1 → Concordo
[2026-05-12 12:28:31,301][__main__][INFO] - ✓ [Qwen/Qwen3-235B-A22B-Instruct-2507] Temp=0.0 Rep=1 → Neutro
[2026-05-12 12:28:31,830][__main__][INFO] - Salvamento incremental (3720 novas respostas)...
[2026-05-12 12:28:31,890][__main__][INFO] - Cache salvo com 244122 entradas
[2026-05-12 12:28:31,891][__main__][INFO] - ✓ [meta-llama/Meta-Llama-3.1-70B-Instruct] Temp=0.0 Rep=1 → Concordo fortemente
[2026-05-12 12:28:31,893][__main__][INFO] - ✓ [meta-llama/Meta-Llama-3.1-70B-Instruct] Temp=0.0 Rep=1 → Concordo
[2026-05-12 12:28:32,304][__main__][INFO] - ✓ [meta-llama/Meta-Llama-3.1-70B-Instruct] Temp=0.0 Rep=1 → Concordo
[2026-05-12 12:28:32,307][__main__][INFO] - ✓ [meta-llama/Llama-4-Scout-17B-16E-Instruct] Temp=0.0 Rep=1 → Concordo fortemente
[2026-05-12 12:28:32,371][__main__][INFO] - ✓ [meta-llama/Llama-4-Scout-17B-16E-Instruct] Temp=0.0 Rep=1 → Concordo fortemente
[2026-05-12 12:28:32,854][__main__][INFO] - ✓ [meta-llama/Llama-4-Scout-17B-16E-Instruct] Temp=0.0 Rep=1 → Concordo fortemente
[2026-05-12 12:28:33,586][__main__][INFO] - ✓ [Qwen/Qwen3-14B] Temp=0.0 Rep=1 → Discordo
[2026-05-12 12:28:34,039][__main__][INFO] - ✓ [Qwen/Qwen3-235B-A22B-Instruct-2507] Temp=0.0 Rep=1 → Discordo
[2026-05-12 12:28:34,724][__main__][INFO] - ✓ [Qwen/Qwen3-235B-A22B-Instruct-2507] Temp=0.0 Rep=1 → Concordo
[2026-05-12 12:28:34,927][__main__][INFO] - ✓ [Qwen/Qwen3-14B] Temp=0.0 Rep=1 → Discordo
[2026-05-12 12:28:35,189][__main__][INFO] - ✓ [Qwen/Qwen3-235B-A22B-Instruct-2507] Temp=0.0 Rep=1 → Discordo
[2026-05-12 12:28:35,752][__main__][INFO] - ✓ [meta-llama/Meta-Llama-3.1-70B-Instruct] Temp=0.0 Rep=1 → Concordo
[2026-05-12 12:28:35,756][__main__][INFO] - ✓ [meta-llama/Meta-Llama-3.1-70B-Instruct] Temp=0.0 Rep=1 → Concordo
[2026-05-12 12:28:35,787][__main__][INFO] - ✓ [Qwen/Qwen3-14B] Temp=0.0 Rep=1 → Concordo fortemente
[2026-05-12 12:28:36,112][__main__][INFO] - ✓ [meta-llama/Llama-4-Scout-17B-16E-Instruct] Temp=0.0 Rep=1 → Discordo
[2026-05-12 12:28:36,228][__main__][INFO] - ✓ [meta-llama/Llama-4-Scout-17B-16E-Instruct] Temp=0.0 Rep=1 → Concordo
[2026-05-12 12:28:36,349][__main__][INFO] - ✓ [meta-llama/Meta-Llama-3.1-70B-Instruct] Temp=0.0 Rep=1 → Discordo
[2026-05-12 12:28:36,811][__main__][INFO] - ✓ [meta-llama/Llama-4-Scout-17B-16E-Instruct] Temp=0.0 Rep=1 → Discordo
[2026-05-12 12:28:37,024][__main__][INFO] - ✓ [Qwen/Qwen3-14B] Temp=0.0 Rep=1 → Discordo
[2026-05-12 12:28:37,064][__main__][INFO] - ✓ [Qwen/Qwen3-14B] Temp=0.0 Rep=1 → Discordo
[2026-05-12 12:28:37,447][__main__][INFO] - ✓ [Qwen/Qwen3-235B-A22B-Instruct-2507] Temp=0.0 Rep=1 → Concordo
[2026-05-12 12:28:37,547][__main__][INFO] - ✓ [Qwen/Qwen3-235B-A22B-Instruct-2507] Temp=0.0 Rep=1 → Discordo
[2026-05-12 12:28:37,921][__main__][INFO] - ✓ [Qwen/Qwen3-235B-A22B-Instruct-2507] Temp=0.0 Rep=1 → Neutro
[2026-05-12 12:28:38,073][__main__][INFO] - ✓ [Qwen/Qwen3-14B] Temp=0.0 Rep=1 → Neutro
[2026-05-12 12:28:38,077][__main__][INFO] - ✓ [meta-llama/Meta-Llama-3.1-70B-Instruct] Temp=0.0 Rep=1 → Concordo fortemente
[2026-05-12 12:28:38,354][__main__][INFO] - ✓ [meta-llama/Meta-Llama-3.1-70B-Instruct] Temp=0.0 Rep=1 → Concordo
[2026-05-12 12:28:38,386][__main__][INFO] - ✓ [Qwen/Qwen3-14B] Temp=0.0 Rep=1 → Discordo
[2026-05-12 12:28:38,487][__main__][INFO] - ✓ [meta-llama/Llama-4-Scout-17B-16E-Instruct] Temp=0.0 Rep=1 → Concordo fortemente
[2026-05-12 12:28:38,599][__main__][INFO] - ✓ [meta-llama/Meta-Llama-3.1-70B-Instruct] Temp=0.0 Rep=1 → Concordo
[2026-05-12 12:28:38,789][__main__][INFO] - ✓ [meta-llama/Llama-4-Scout-17B-16E-Instruct] Temp=0.0 Rep=1 → Concordo fortemente
[2026-05-12 12:28:38,813][__main__][INFO] - ✓ [meta-llama/Llama-4-Scout-17B-16E-Instruct] Temp=0.0 Rep=1 → Concordo fortemente
[2026-05-12 12:28:39,331][__main__][INFO] - ✓ [Qwen/Qwen3-235B-A22B-Instruct-2507] Temp=0.0 Rep=1 → Discordo
[2026-05-12 12:28:39,845][__main__][INFO] - ✓ [Qwen/Qwen3-14B] Temp=0.0 Rep=1 → Concordo fortemente
[2026-05-12 12:28:39,891][__main__][INFO] - ✓ [Qwen/Qwen3-14B] Temp=0.0 Rep=1 → Discordo
[2026-05-12 12:28:40,379][__main__][INFO] - ✓ [Qwen/Qwen3-235B-A22B-Instruct-2507] Temp=0.0 Rep=1 → Concordo fortemente
[2026-05-12 12:28:40,402][__main__][INFO] - ✓ [Qwen/Qwen3-235B-A22B-Instruct-2507] Temp=0.0 Rep=1 → Neutro
[2026-05-12 12:28:40,471][__main__][INFO] - ✓ [meta-llama/Meta-Llama-3.1-70B-Instruct] Temp=0.0 Rep=1 → Discordo fortemente
[2026-05-12 12:28:41,026][__main__][INFO] - ✓ [meta-llama/Meta-Llama-3.1-70B-Instruct] Temp=0.0 Rep=1 → Concordo
[2026-05-12 12:28:41,098][__main__][INFO] - ✓ [meta-llama/Meta-Llama-3.1-70B-Instruct] Temp=0.0 Rep=1 → Concordo fortemente
[2026-05-12 12:28:41,259][__main__][INFO] - ✓ [meta-llama/Llama-4-Scout-17B-16E-Instruct] Temp=0.0 Rep=1 → Discordo fortemente
[2026-05-12 12:28:41,408][__main__][INFO] - Salvamento incremental (3760 novas respostas)...
[2026-05-12 12:28:41,469][__main__][INFO] - Cache salvo com 244162 entradas
[2026-05-12 12:28:41,469][__main__][INFO] - ✓ [meta-llama/Llama-4-Scout-17B-16E-Instruct] Temp=0.0 Rep=1 → Concordo
[2026-05-12 12:28:41,471][__main__][INFO] - ✓ [meta-llama/Llama-4-Scout-17B-16E-Instruct] Temp=0.0 Rep=1 → Discordo
[2026-05-12 12:28:41,472][__main__][INFO] - ✓ [Qwen/Qwen3-14B] Temp=0.0 Rep=1 → Neutro
[2026-05-12 12:28:42,084][__main__][INFO] - ✓ [Qwen/Qwen3-235B-A22B-Instruct-2507] Temp=0.0 Rep=1 → Concordo fortemente
[2026-05-12 12:28:42,814][__main__][INFO] - ✓ [Qwen/Qwen3-235B-A22B-Instruct-2507] Temp=0.0 Rep=1 → Concordo
[2026-05-12 12:28:43,430][__main__][INFO] - ✓ [Qwen/Qwen3-235B-A22B-Instruct-2507] Temp=0.0 Rep=1 → Concordo fortemente
[2026-05-12 12:28:43,888][__main__][INFO] - ✓ [Qwen/Qwen3-14B] Temp=0.0 Rep=1 → Concordo fortemente
[2026-05-12 12:28:44,044][__main__][INFO] - ✓ [meta-llama/Meta-Llama-3.1-70B-Instruct] Temp=0.0 Rep=1 → Concordo fortemente
[2026-05-12 12:28:44,660][__main__][INFO] - ✓ [meta-llama/Meta-Llama-3.1-70B-Instruct] Temp=0.0 Rep=1 → Concordo
[2026-05-12 12:28:44,698][__main__][INFO] - ✓ [meta-llama/Meta-Llama-3.1-70B-Instruct] Temp=0.0 Rep=1 → Concordo fortemente
[2026-05-12 12:28:45,070][__main__][INFO] - ✓ [meta-llama/Llama-4-Scout-17B-16E-Instruct] Temp=0.0 Rep=1 → Concordo fortemente
[2026-05-12 12:28:45,184][__main__][INFO] - ✓ [meta-llama/Llama-4-Scout-17B-16E-Instruct] Temp=0.0 Rep=1 → Concordo fortemente
[2026-05-12 12:28:45,421][__main__][INFO] - ✓ [meta-llama/Llama-4-Scout-17B-16E-Instruct] Temp=0.0 Rep=1 → Concordo fortemente
[2026-05-12 12:28:46,210][__main__][INFO] - ✓ [Qwen/Qwen3-14B] Temp=0.0 Rep=1 → Concordo fortemente
[2026-05-12 12:28:46,809][__main__][INFO] - ✓ [Qwen/Qwen3-14B] Temp=0.0 Rep=1 → Concordo fortemente
[2026-05-12 12:28:47,378][__main__][INFO] - ✓ [Qwen/Qwen3-235B-A22B-Instruct-2507] Temp=0.0 Rep=1 → Discordo
[2026-05-12 12:28:47,608][__main__][INFO] - ✓ [Qwen/Qwen3-14B] Temp=0.0 Rep=1 → Concordo
[2026-05-12 12:28:48,034][__main__][INFO] - ✓ [Qwen/Qwen3-235B-A22B-Instruct-2507] Temp=0.0 Rep=1 → Discordo
[2026-05-12 12:28:48,257][__main__][INFO] - ✓ [Qwen/Qwen3-235B-A22B-Instruct-2507] Temp=0.0 Rep=1 → Neutro
[2026-05-12 12:28:48,598][__main__][INFO] - ✓ [meta-llama/Meta-Llama-3.1-70B-Instruct] Temp=0.0 Rep=1 → Discordo
[2026-05-12 12:28:48,857][__main__][INFO] - ✓ [meta-llama/Meta-Llama-3.1-70B-Instruct] Temp=0.0 Rep=1 → Concordo fortemente
[2026-05-12 12:28:48,950][__main__][INFO] - ✓ [Qwen/Qwen3-14B] Temp=0.0 Rep=1 → Concordo fortemente
[2026-05-12 12:28:49,103][__main__][INFO] - ✓ [meta-llama/Meta-Llama-3.1-70B-Instruct] Temp=0.0 Rep=1 → Discordo
[2026-05-12 12:28:49,301][__main__][INFO] - ✓ [meta-llama/Llama-4-Scout-17B-16E-Instruct] Temp=0.0 Rep=1 → Concordo
[2026-05-12 12:28:49,320][__main__][INFO] - ✓ [Qwen/Qwen3-14B] Temp=0.0 Rep=1 → Neutro
[2026-05-12 12:28:49,349][__main__][INFO] - ✓ [meta-llama/Llama-4-Scout-17B-16E-Instruct] Temp=0.0 Rep=1 → Discordo
[2026-05-12 12:28:49,873][__main__][INFO] - ✓ [meta-llama/Llama-4-Scout-17B-16E-Instruct] Temp=0.0 Rep=1 → Discordo
[2026-05-12 12:28:49,905][__main__][INFO] - ✓ [Qwen/Qwen3-14B] Temp=0.0 Rep=1 → Concordo fortemente
[2026-05-12 12:28:50,494][__main__][INFO] - ✓ [Qwen/Qwen3-235B-A22B-Instruct-2507] Temp=0.0 Rep=1 → Concordo
[2026-05-12 12:28:50,500][__main__][INFO] - ✓ [Qwen/Qwen3-235B-A22B-Instruct-2507] Temp=0.0 Rep=1 → Concordo fortemente
[2026-05-12 12:28:51,178][__main__][INFO] - ✓ [Qwen/Qwen3-235B-A22B-Instruct-2507] Temp=0.0 Rep=1 → Neutro
[2026-05-12 12:28:51,182][__main__][INFO] - ✓ [meta-llama/Meta-Llama-3.1-70B-Instruct] Temp=0.0 Rep=1 → Concordo fortemente
[2026-05-12 12:28:52,439][__main__][INFO] - ✓ [meta-llama/Meta-Llama-3.1-70B-Instruct] Temp=0.0 Rep=1 → Discordo
[2026-05-12 12:28:52,442][__main__][INFO] - ✓ [meta-llama/Meta-Llama-3.1-70B-Instruct] Temp=0.0 Rep=1 → Concordo
[2026-05-12 12:28:52,954][__main__][INFO] - ✓ [Qwen/Qwen3-14B] Temp=0.0 Rep=1 → Concordo fortemente
[2026-05-12 12:28:53,000][__main__][INFO] - ✓ [meta-llama/Llama-4-Scout-17B-16E-Instruct] Temp=0.0 Rep=1 → Discordo
[2026-05-12 12:28:53,567][__main__][INFO] - ✓ [meta-llama/Llama-4-Scout-17B-16E-Instruct] Temp=0.0 Rep=1 → Concordo fortemente
[2026-05-12 12:28:53,571][__main__][INFO] - ✓ [meta-llama/Llama-4-Scout-17B-16E-Instruct] Temp=0.0 Rep=1 → Concordo fortemente
[2026-05-12 12:28:53,800][__main__][INFO] - ✓ [Qwen/Qwen3-14B] Temp=0.0 Rep=1 → Concordo fortemente
[2026-05-12 12:28:54,388][__main__][INFO] - ✓ [Qwen/Qwen3-14B] Temp=0.0 Rep=1 → Discordo
[2026-05-12 12:28:54,431][__main__][INFO] - Salvamento incremental (3800 novas respostas)...
[2026-05-12 12:28:54,492][__main__][INFO] - Cache salvo com 244202 entradas
[2026-05-12 12:28:54,493][__main__][INFO] - ✓ [Qwen/Qwen3-14B] Temp=0.0 Rep=1 → Concordo fortemente
[2026-05-12 12:28:54,520][__main__][INFO] - ✓ [Qwen/Qwen3-235B-A22B-Instruct-2507] Temp=0.0 Rep=1 → Concordo fortemente
[2026-05-12 12:28:54,909][__main__][INFO] - ✓ [Qwen/Qwen3-235B-A22B-Instruct-2507] Temp=0.0 Rep=1 → Concordo
[2026-05-12 12:28:55,020][__main__][INFO] - ✓ [Qwen/Qwen3-235B-A22B-Instruct-2507] Temp=0.0 Rep=1 → Neutro
[2026-05-12 12:28:55,211][__main__][INFO] - ✓ [Qwen/Qwen3-14B] Temp=0.0 Rep=1 → Neutro
[2026-05-12 12:28:55,427][__main__][INFO] - ✓ [meta-llama/Meta-Llama-3.1-70B-Instruct] Temp=0.0 Rep=1 → Concordo
[2026-05-12 12:28:55,481][__main__][INFO] - ✓ [meta-llama/Meta-Llama-3.1-70B-Instruct] Temp=0.0 Rep=1 → Concordo fortemente
[2026-05-12 12:28:55,507][__main__][INFO] - ✓ [meta-llama/Meta-Llama-3.1-70B-Instruct] Temp=0.0 Rep=1 → Concordo
[2026-05-12 12:28:55,511][__main__][INFO] - ✓ [meta-llama/Llama-4-Scout-17B-16E-Instruct] Temp=0.0 Rep=1 → Concordo fortemente
[2026-05-12 12:28:55,753][__main__][INFO] - ✓ [meta-llama/Llama-4-Scout-17B-16E-Instruct] Temp=0.0 Rep=1 → Discordo
[2026-05-12 12:28:55,897][__main__][INFO] - ✓ [Qwen/Qwen3-14B] Temp=0.0 Rep=1 → Concordo fortemente
[2026-05-12 12:28:55,900][__main__][INFO] - ✓ [meta-llama/Llama-4-Scout-17B-16E-Instruct] Temp=0.0 Rep=1 → Concordo fortemente
[2026-05-12 12:28:56,279][__main__][INFO] - ✓ [Qwen/Qwen3-235B-A22B-Instruct-2507] Temp=0.0 Rep=1 → Discordo
[2026-05-12 12:28:56,430][__main__][INFO] - ✓ [Qwen/Qwen3-235B-A22B-Instruct-2507] Temp=0.0 Rep=1 → Concordo fortemente
[2026-05-12 12:28:56,943][__main__][INFO] - ✓ [Qwen/Qwen3-235B-A22B-Instruct-2507] Temp=0.0 Rep=1 → Neutro
[2026-05-12 12:28:56,946][__main__][INFO] - ✓ [meta-llama/Meta-Llama-3.1-70B-Instruct] Temp=0.0 Rep=1 → Discordo
[2026-05-12 12:28:57,560][__main__][INFO] - ✓ [meta-llama/Meta-Llama-3.1-70B-Instruct] Temp=0.0 Rep=1 → Concordo fortemente
[2026-05-12 12:28:57,748][__main__][INFO] - ✓ [meta-llama/Meta-Llama-3.1-70B-Instruct] Temp=0.0 Rep=1 → Concordo
[2026-05-12 12:28:58,084][__main__][INFO] - ✓ [meta-llama/Llama-4-Scout-17B-16E-Instruct] Temp=0.0 Rep=1 → Concordo
[2026-05-12 12:28:58,372][__main__][INFO] - ✓ [meta-llama/Llama-4-Scout-17B-16E-Instruct] Temp=0.0 Rep=1 → Discordo
[2026-05-12 12:28:58,517][__main__][INFO] - ✓ [meta-llama/Llama-4-Scout-17B-16E-Instruct] Temp=0.0 Rep=1 → Neutro
[2026-05-12 12:28:59,269][__main__][INFO] - ✓ [Qwen/Qwen3-14B] Temp=0.0 Rep=1 → Concordo fortemente
[2026-05-12 12:29:01,452][__main__][INFO] - ✓ [Qwen/Qwen3-14B] Temp=0.0 Rep=1 → Concordo fortemente
[2026-05-12 12:29:01,890][__main__][INFO] - ✓ [Qwen/Qwen3-235B-A22B-Instruct-2507] Temp=0.0 Rep=1 → Discordo
[2026-05-12 12:29:02,991][__main__][INFO] - ✓ [Qwen/Qwen3-235B-A22B-Instruct-2507] Temp=0.0 Rep=1 → Concordo fortemente
[2026-05-12 12:29:02,994][__main__][INFO] - ✓ [Qwen/Qwen3-14B] Temp=0.0 Rep=1 → Concordo fortemente
[2026-05-12 12:29:03,500][__main__][INFO] - ✓ [meta-llama/Meta-Llama-3.1-70B-Instruct] Temp=0.0 Rep=1 → Discordo
[2026-05-12 12:29:03,667][__main__][INFO] - ✓ [Qwen/Qwen3-235B-A22B-Instruct-2507] Temp=0.0 Rep=1 → Concordo
[2026-05-12 12:29:04,045][__main__][INFO] - ✓ [meta-llama/Meta-Llama-3.1-70B-Instruct] Temp=0.0 Rep=1 → Concordo fortemente
[2026-05-12 12:29:04,289][__main__][INFO] - ✓ [meta-llama/Meta-Llama-3.1-70B-Instruct] Temp=0.0 Rep=1 → Concordo
[2026-05-12 12:29:04,505][__main__][INFO] - ✓ [meta-llama/Llama-4-Scout-17B-16E-Instruct] Temp=0.0 Rep=1 → Discordo
[2026-05-12 12:29:05,009][__main__][INFO] - ✓ [meta-llama/Llama-4-Scout-17B-16E-Instruct] Temp=0.0 Rep=1 → Discordo
[2026-05-12 12:29:05,124][__main__][INFO] - ✓ [meta-llama/Llama-4-Scout-17B-16E-Instruct] Temp=0.0 Rep=1 → Concordo
[2026-05-12 12:29:05,857][__main__][INFO] - ✓ [Qwen/Qwen3-14B] Temp=0.0 Rep=1 → Concordo fortemente
[2026-05-12 12:29:06,981][__main__][INFO] - ✓ [Qwen/Qwen3-14B] Temp=0.0 Rep=1 → Concordo fortemente
[2026-05-12 12:29:08,165][__main__][INFO] - ✓ [Qwen/Qwen3-235B-A22B-Instruct-2507] Temp=0.0 Rep=1 → Concordo fortemente
[2026-05-12 12:29:08,316][__main__][INFO] - ✓ [Qwen/Qwen3-14B] Temp=0.0 Rep=1 → Concordo fortemente
[2026-05-12 12:29:08,510][__main__][INFO] - ✓ [Qwen/Qwen3-14B] Temp=0.0 Rep=1 → Concordo fortemente
[2026-05-12 12:29:08,599][__main__][INFO] - ✓ [Qwen/Qwen3-235B-A22B-Instruct-2507] Temp=0.0 Rep=1 → Concordo
[2026-05-12 12:29:08,671][__main__][INFO] - ✓ [Qwen/Qwen3-14B] Temp=0.0 Rep=1 → Concordo fortemente
[2026-05-12 12:29:09,004][__main__][INFO] - Salvamento incremental (3840 novas respostas)...
[2026-05-12 12:29:09,079][__main__][INFO] - Cache salvo com 244242 entradas
[2026-05-12 12:29:09,080][__main__][INFO] - ✓ [Qwen/Qwen3-235B-A22B-Instruct-2507] Temp=0.0 Rep=1 → Neutro
[2026-05-12 12:29:09,081][__main__][INFO] - ✓ [meta-llama/Meta-Llama-3.1-70B-Instruct] Temp=0.0 Rep=1 → Concordo fortemente
[2026-05-12 12:29:09,082][__main__][INFO] - ✓ [meta-llama/Meta-Llama-3.1-70B-Instruct] Temp=0.0 Rep=1 → Neutro
[2026-05-12 12:29:09,282][__main__][INFO] - ✓ [meta-llama/Meta-Llama-3.1-70B-Instruct] Temp=0.0 Rep=1 → Concordo fortemente
[2026-05-12 12:29:09,529][__main__][INFO] - ✓ [meta-llama/Llama-4-Scout-17B-16E-Instruct] Temp=0.0 Rep=1 → Concordo fortemente
[2026-05-12 12:29:09,530][__main__][INFO] - ✓ [meta-llama/Llama-4-Scout-17B-16E-Instruct] Temp=0.0 Rep=1 → Concordo fortemente
[2026-05-12 12:29:09,622][__main__][INFO] - ✓ [meta-llama/Llama-4-Scout-17B-16E-Instruct] Temp=0.0 Rep=1 → Discordo
[2026-05-12 12:29:10,667][__main__][INFO] - ✓ [Qwen/Qwen3-235B-A22B-Instruct-2507] Temp=0.0 Rep=1 → Concordo fortemente
[2026-05-12 12:29:11,010][__main__][INFO] - ✓ [Qwen/Qwen3-14B] Temp=0.0 Rep=1 → Discordo
[2026-05-12 12:29:11,365][__main__][INFO] - ✓ [Qwen/Qwen3-235B-A22B-Instruct-2507] Temp=0.0 Rep=1 → Concordo fortemente
[2026-05-12 12:29:11,743][__main__][INFO] - ✓ [Qwen/Qwen3-235B-A22B-Instruct-2507] Temp=0.0 Rep=1 → Concordo fortemente
[2026-05-12 12:29:12,381][__main__][INFO] - ✓ [meta-llama/Meta-Llama-3.1-70B-Instruct] Temp=0.0 Rep=1 → Concordo fortemente
[2026-05-12 12:29:12,571][__main__][INFO] - ✓ [meta-llama/Meta-Llama-3.1-70B-Instruct] Temp=0.0 Rep=1 → Concordo
[2026-05-12 12:29:12,931][__main__][INFO] - ✓ [meta-llama/Meta-Llama-3.1-70B-Instruct] Temp=0.0 Rep=1 → Concordo fortemente
[2026-05-12 12:29:13,096][__main__][INFO] - ✓ [meta-llama/Llama-4-Scout-17B-16E-Instruct] Temp=0.0 Rep=1 → Concordo fortemente
[2026-05-12 12:29:13,217][__main__][INFO] - ✓ [Qwen/Qwen3-14B] Temp=0.0 Rep=1 → Concordo
[2026-05-12 12:29:13,391][__main__][INFO] - ✓ [meta-llama/Llama-4-Scout-17B-16E-Instruct] Temp=0.0 Rep=1 → Discordo
[2026-05-12 12:29:13,514][__main__][INFO] - ✓ [meta-llama/Llama-4-Scout-17B-16E-Instruct] Temp=0.0 Rep=1 → Concordo fortemente
[2026-05-12 12:29:15,177][__main__][INFO] - ✓ [Qwen/Qwen3-14B] Temp=0.0 Rep=1 → Concordo fortemente
[2026-05-12 12:29:15,892][__main__][INFO] - ✓ [Qwen/Qwen3-235B-A22B-Instruct-2507] Temp=0.0 Rep=1 → Discordo
[2026-05-12 12:29:15,941][__main__][INFO] - ✓ [Qwen/Qwen3-14B] Temp=0.0 Rep=1 → Concordo fortemente
[2026-05-12 12:29:16,162][__main__][INFO] - ✓ [Qwen/Qwen3-14B] Temp=0.0 Rep=1 → Neutro
[2026-05-12 12:29:16,460][__main__][INFO] - ✓ [Qwen/Qwen3-235B-A22B-Instruct-2507] Temp=0.0 Rep=1 → Discordo
[2026-05-12 12:29:16,664][__main__][INFO] - ✓ [meta-llama/Meta-Llama-3.1-70B-Instruct] Temp=0.0 Rep=1 → Discordo
[2026-05-12 12:29:16,774][__main__][INFO] - ✓ [Qwen/Qwen3-235B-A22B-Instruct-2507] Temp=0.0 Rep=1 → Discordo
[2026-05-12 12:29:16,886][__main__][INFO] - ✓ [Qwen/Qwen3-14B] Temp=0.0 Rep=1 → Concordo fortemente
[2026-05-12 12:29:16,971][__main__][INFO] - ✓ [meta-llama/Meta-Llama-3.1-70B-Instruct] Temp=0.0 Rep=1 → Concordo
[2026-05-12 12:29:17,143][__main__][INFO] - ✓ [meta-llama/Meta-Llama-3.1-70B-Instruct] Temp=0.0 Rep=1 → Discordo
[2026-05-12 12:29:17,293][__main__][INFO] - ✓ [meta-llama/Llama-4-Scout-17B-16E-Instruct] Temp=0.0 Rep=1 → Discordo
[2026-05-12 12:29:17,392][__main__][INFO] - ✓ [meta-llama/Llama-4-Scout-17B-16E-Instruct] Temp=0.0 Rep=1 → Concordo fortemente
[2026-05-12 12:29:17,458][__main__][INFO] - ✓ [meta-llama/Llama-4-Scout-17B-16E-Instruct] Temp=0.0 Rep=1 → Discordo
[2026-05-12 12:29:17,511][__main__][INFO] - ✓ [Qwen/Qwen3-14B] Temp=0.0 Rep=1 → Concordo fortemente
[2026-05-12 12:29:17,961][__main__][INFO] - ✓ [Qwen/Qwen3-14B] Temp=0.0 Rep=1 → Concordo fortemente
[2026-05-12 12:29:18,555][__main__][INFO] - ✓ [Qwen/Qwen3-235B-A22B-Instruct-2507] Temp=0.0 Rep=1 → Concordo fortemente
[2026-05-12 12:29:18,772][__main__][INFO] - ✓ [Qwen/Qwen3-235B-A22B-Instruct-2507] Temp=0.0 Rep=1 → Concordo fortemente
[2026-05-12 12:29:18,964][__main__][INFO] - ✓ [Qwen/Qwen3-235B-A22B-Instruct-2507] Temp=0.0 Rep=1 → Concordo fortemente
[2026-05-12 12:29:19,305][__main__][INFO] - ✓ [meta-llama/Meta-Llama-3.1-70B-Instruct] Temp=0.0 Rep=1 → Concordo fortemente
[2026-05-12 12:29:19,489][__main__][INFO] - ✓ [meta-llama/Meta-Llama-3.1-70B-Instruct] Temp=0.0 Rep=1 → Concordo
[2026-05-12 12:29:19,492][__main__][INFO] - ✓ [meta-llama/Meta-Llama-3.1-70B-Instruct] Temp=0.0 Rep=1 → Concordo
[2026-05-12 12:29:19,708][__main__][INFO] - ✓ [meta-llama/Llama-4-Scout-17B-16E-Instruct] Temp=0.0 Rep=1 → Concordo fortemente
[2026-05-12 12:29:19,861][__main__][INFO] - Salvamento incremental (3880 novas respostas)...
[2026-05-12 12:29:19,923][__main__][INFO] - Cache salvo com 244282 entradas
[2026-05-12 12:29:19,924][__main__][INFO] - ✓ [meta-llama/Llama-4-Scout-17B-16E-Instruct] Temp=0.0 Rep=1 → Discordo
[2026-05-12 12:29:19,925][__main__][INFO] - ✓ [meta-llama/Llama-4-Scout-17B-16E-Instruct] Temp=0.0 Rep=1 → Concordo fortemente
[2026-05-12 12:29:21,627][__main__][INFO] - ✓ [Qwen/Qwen3-14B] Temp=0.0 Rep=1 → Discordo
[2026-05-12 12:29:22,002][__main__][INFO] - ✓ [Qwen/Qwen3-14B] Temp=0.0 Rep=1 → Discordo
[2026-05-12 12:29:22,857][__main__][INFO] - ✓ [Qwen/Qwen3-14B] Temp=0.0 Rep=1 → Concordo fortemente
[2026-05-12 12:29:23,205][__main__][INFO] - ✓ [Qwen/Qwen3-14B] Temp=0.0 Rep=1 → Concordo fortemente
[2026-05-12 12:29:23,529][__main__][INFO] - ✓ [Qwen/Qwen3-14B] Temp=0.0 Rep=1 → Discordo
[2026-05-12 12:29:23,682][__main__][INFO] - ✓ [Qwen/Qwen3-235B-A22B-Instruct-2507] Temp=0.0 Rep=1 → Discordo
[2026-05-12 12:29:23,689][__main__][INFO] - ✓ [Qwen/Qwen3-235B-A22B-Instruct-2507] Temp=0.0 Rep=1 → Discordo
[2026-05-12 12:29:23,721][__main__][INFO] - ✓ [Qwen/Qwen3-235B-A22B-Instruct-2507] Temp=0.0 Rep=1 → Discordo
[2026-05-12 12:29:23,752][__main__][INFO] - ✓ [meta-llama/Meta-Llama-3.1-70B-Instruct] Temp=0.0 Rep=1 → Discordo
[2026-05-12 12:29:24,205][__main__][INFO] - ✓ [meta-llama/Llama-4-Scout-17B-16E-Instruct] Temp=0.0 Rep=1 → Discordo fortemente
[2026-05-12 12:29:24,209][__main__][INFO] - ✓ [meta-llama/Llama-4-Scout-17B-16E-Instruct] Temp=0.0 Rep=1 → Concordo
[2026-05-12 12:29:24,210][__main__][INFO] - ✓ [meta-llama/Llama-4-Scout-17B-16E-Instruct] Temp=0.0 Rep=1 → Discordo
[2026-05-12 12:29:24,280][__main__][INFO] - ✓ [meta-llama/Meta-Llama-3.1-70B-Instruct] Temp=0.0 Rep=1 → Concordo fortemente
[2026-05-12 12:29:24,284][__main__][INFO] - ✓ [meta-llama/Meta-Llama-3.1-70B-Instruct] Temp=0.0 Rep=1 → Concordo
[2026-05-12 12:29:25,109][__main__][INFO] - ✓ [Qwen/Qwen3-235B-A22B-Instruct-2507] Temp=0.0 Rep=1 → Concordo fortemente
[2026-05-12 12:29:25,446][__main__][INFO] - ✓ [Qwen/Qwen3-235B-A22B-Instruct-2507] Temp=0.0 Rep=1 → Discordo
[2026-05-12 12:29:26,132][__main__][INFO] - ✓ [Qwen/Qwen3-235B-A22B-Instruct-2507] Temp=0.0 Rep=1 → Neutro
[2026-05-12 12:29:26,135][__main__][INFO] - ✓ [meta-llama/Meta-Llama-3.1-70B-Instruct] Temp=0.0 Rep=1 → Discordo fortemente
[2026-05-12 12:29:26,847][__main__][INFO] - ✓ [meta-llama/Meta-Llama-3.1-70B-Instruct] Temp=0.0 Rep=1 → Discordo
[2026-05-12 12:29:26,892][__main__][INFO] - ✓ [meta-llama/Meta-Llama-3.1-70B-Instruct] Temp=0.0 Rep=1 → Concordo fortemente
[2026-05-12 12:29:27,108][__main__][INFO] - ✓ [Qwen/Qwen3-14B] Temp=0.0 Rep=1 → Concordo fortemente
[2026-05-12 12:29:27,411][__main__][INFO] - ✓ [meta-llama/Llama-4-Scout-17B-16E-Instruct] Temp=0.0 Rep=1 → Discordo fortemente
[2026-05-12 12:29:27,422][__main__][INFO] - ✓ [meta-llama/Llama-4-Scout-17B-16E-Instruct] Temp=0.0 Rep=1 → Concordo fortemente
[2026-05-12 12:29:27,552][__main__][INFO] - ✓ [meta-llama/Llama-4-Scout-17B-16E-Instruct] Temp=0.0 Rep=1 → Discordo
[2026-05-12 12:29:27,781][__main__][INFO] - ✓ [Qwen/Qwen3-14B] Temp=0.0 Rep=1 → Discordo
[2026-05-12 12:29:28,690][__main__][INFO] - ✓ [Qwen/Qwen3-235B-A22B-Instruct-2507] Temp=0.0 Rep=1 → Concordo fortemente
[2026-05-12 12:29:29,100][__main__][INFO] - ✓ [Qwen/Qwen3-14B] Temp=0.0 Rep=1 → Concordo fortemente
[2026-05-12 12:29:29,164][__main__][INFO] - ✓ [Qwen/Qwen3-235B-A22B-Instruct-2507] Temp=0.0 Rep=1 → Discordo
[2026-05-12 12:29:29,672][__main__][INFO] - ✓ [meta-llama/Meta-Llama-3.1-70B-Instruct] Temp=0.0 Rep=1 → Concordo fortemente
[2026-05-12 12:29:30,228][__main__][INFO] - ✓ [meta-llama/Meta-Llama-3.1-70B-Instruct] Temp=0.0 Rep=1 → Discordo fortemente
[2026-05-12 12:29:30,232][__main__][INFO] - ✓ [Qwen/Qwen3-235B-A22B-Instruct-2507] Temp=0.0 Rep=1 → Neutro
[2026-05-12 12:29:30,264][__main__][INFO] - ✓ [Qwen/Qwen3-14B] Temp=0.0 Rep=1 → Discordo
[2026-05-12 12:29:30,691][__main__][INFO] - ✓ [meta-llama/Llama-4-Scout-17B-16E-Instruct] Temp=0.0 Rep=1 → Concordo fortemente
[2026-05-12 12:29:30,695][__main__][INFO] - ✓ [meta-llama/Llama-4-Scout-17B-16E-Instruct] Temp=0.0 Rep=1 → Discordo fortemente
[2026-05-12 12:29:30,823][__main__][INFO] - ✓ [meta-llama/Meta-Llama-3.1-70B-Instruct] Temp=0.0 Rep=1 → Concordo
[2026-05-12 12:29:31,023][__main__][INFO] - ✓ [meta-llama/Llama-4-Scout-17B-16E-Instruct] Temp=0.0 Rep=1 → Concordo fortemente
[2026-05-12 12:29:31,660][__main__][INFO] - ✓ [Qwen/Qwen3-14B] Temp=0.0 Rep=1 → Concordo fortemente
[2026-05-12 12:29:32,148][__main__][INFO] - ✓ [Qwen/Qwen3-14B] Temp=0.0 Rep=1 → Concordo fortemente
[2026-05-12 12:29:32,446][__main__][INFO] - Salvamento incremental (3920 novas respostas)...
[2026-05-12 12:29:32,500][__main__][INFO] - Cache salvo com 244322 entradas
[2026-05-12 12:29:32,504][__main__][INFO] - ✓ [Qwen/Qwen3-235B-A22B-Instruct-2507] Temp=0.0 Rep=1 → Concordo fortemente
[2026-05-12 12:29:32,788][__main__][INFO] - ✓ [Qwen/Qwen3-235B-A22B-Instruct-2507] Temp=0.0 Rep=1 → Concordo fortemente
[2026-05-12 12:29:33,124][__main__][INFO] - ✓ [Qwen/Qwen3-14B] Temp=0.0 Rep=1 → Concordo fortemente
[2026-05-12 12:29:33,401][__main__][INFO] - ✓ [meta-llama/Meta-Llama-3.1-70B-Instruct] Temp=0.0 Rep=1 → Concordo fortemente
[2026-05-12 12:29:33,709][__main__][INFO] - ✓ [meta-llama/Meta-Llama-3.1-70B-Instruct] Temp=0.0 Rep=1 → Concordo
[2026-05-12 12:29:33,913][__main__][INFO] - ✓ [Qwen/Qwen3-235B-A22B-Instruct-2507] Temp=0.0 Rep=1 → Concordo fortemente
[2026-05-12 12:29:33,987][__main__][INFO] - ✓ [meta-llama/Meta-Llama-3.1-70B-Instruct] Temp=0.0 Rep=1 → Concordo
[2026-05-12 12:29:34,257][__main__][INFO] - ✓ [meta-llama/Llama-4-Scout-17B-16E-Instruct] Temp=0.0 Rep=1 → Concordo fortemente
[2026-05-12 12:29:34,296][__main__][INFO] - ✓ [meta-llama/Llama-4-Scout-17B-16E-Instruct] Temp=0.0 Rep=1 → Discordo
[2026-05-12 12:29:34,519][__main__][INFO] - ✓ [meta-llama/Llama-4-Scout-17B-16E-Instruct] Temp=0.0 Rep=1 → Concordo
[2026-05-12 12:29:34,822][__main__][INFO] - ✓ [Qwen/Qwen3-14B] Temp=0.0 Rep=1 → Concordo fortemente
[2026-05-12 12:29:35,346][__main__][INFO] - ✓ [Qwen/Qwen3-235B-A22B-Instruct-2507] Temp=0.0 Rep=1 → Discordo
[2026-05-12 12:29:35,997][__main__][INFO] - ✓ [Qwen/Qwen3-235B-A22B-Instruct-2507] Temp=0.0 Rep=1 → Concordo fortemente
[2026-05-12 12:29:36,365][__main__][INFO] - ✓ [Qwen/Qwen3-14B] Temp=0.0 Rep=1 → Concordo fortemente
[2026-05-12 12:29:36,579][__main__][INFO] - ✓ [Qwen/Qwen3-14B] Temp=0.0 Rep=1 → Discordo
[2026-05-12 12:29:36,583][__main__][INFO] - ✓ [Qwen/Qwen3-14B] Temp=0.0 Rep=1 → Concordo fortemente
[2026-05-12 12:29:37,087][__main__][INFO] - ✓ [meta-llama/Meta-Llama-3.1-70B-Instruct] Temp=0.0 Rep=1 → Discordo fortemente
[2026-05-12 12:29:37,090][__main__][INFO] - ✓ [meta-llama/Meta-Llama-3.1-70B-Instruct] Temp=0.0 Rep=1 → Discordo
[2026-05-12 12:29:37,139][__main__][INFO] - ✓ [Qwen/Qwen3-235B-A22B-Instruct-2507] Temp=0.0 Rep=1 → Neutro
[2026-05-12 12:29:37,158][__main__][INFO] - ✓ [meta-llama/Meta-Llama-3.1-70B-Instruct] Temp=0.0 Rep=1 → Concordo fortemente
[2026-05-12 12:29:37,331][__main__][INFO] - ✓ [Qwen/Qwen3-14B] Temp=0.0 Rep=1 → Concordo fortemente
[2026-05-12 12:29:37,543][__main__][INFO] - ✓ [meta-llama/Llama-4-Scout-17B-16E-Instruct] Temp=0.0 Rep=1 → Concordo
[2026-05-12 12:29:37,576][__main__][INFO] - ✓ [meta-llama/Llama-4-Scout-17B-16E-Instruct] Temp=0.0 Rep=1 → Discordo
[2026-05-12 12:29:38,012][__main__][INFO] - ✓ [meta-llama/Llama-4-Scout-17B-16E-Instruct] Temp=0.0 Rep=1 → Discordo fortemente
[2026-05-12 12:29:38,175][__main__][INFO] - ✓ [Qwen/Qwen3-235B-A22B-Instruct-2507] Temp=0.0 Rep=1 → Concordo
[2026-05-12 12:29:38,623][__main__][INFO] - ✓ [Qwen/Qwen3-235B-A22B-Instruct-2507] Temp=0.0 Rep=1 → Discordo
[2026-05-12 12:29:38,666][__main__][INFO] - ✓ [Qwen/Qwen3-235B-A22B-Instruct-2507] Temp=0.0 Rep=1 → Neutro
[2026-05-12 12:29:39,445][__main__][INFO] - ✓ [meta-llama/Meta-Llama-3.1-70B-Instruct] Temp=0.0 Rep=1 → Discordo
[2026-05-12 12:29:39,448][__main__][INFO] - ✓ [meta-llama/Meta-Llama-3.1-70B-Instruct] Temp=0.0 Rep=1 → Concordo fortemente
[2026-05-12 12:29:40,056][__main__][INFO] - ✓ [meta-llama/Meta-Llama-3.1-70B-Instruct] Temp=0.0 Rep=1 → Concordo
[2026-05-12 12:29:40,212][__main__][INFO] - ✓ [meta-llama/Llama-4-Scout-17B-16E-Instruct] Temp=0.0 Rep=1 → Concordo fortemente
[2026-05-12 12:29:40,460][__main__][INFO] - ✓ [meta-llama/Llama-4-Scout-17B-16E-Instruct] Temp=0.0 Rep=1 → Discordo fortemente
[2026-05-12 12:29:40,569][__main__][INFO] - ✓ [Qwen/Qwen3-14B] Temp=0.0 Rep=1 → Concordo fortemente
[2026-05-12 12:29:40,649][__main__][INFO] - ✓ [meta-llama/Llama-4-Scout-17B-16E-Instruct] Temp=0.0 Rep=1 → Concordo fortemente
[2026-05-12 12:29:41,388][__main__][INFO] - ✓ [Qwen/Qwen3-14B] Temp=0.0 Rep=1 → Concordo fortemente
[2026-05-12 12:29:42,031][__main__][INFO] - ✓ [Qwen/Qwen3-235B-A22B-Instruct-2507] Temp=0.0 Rep=1 → Discordo
[2026-05-12 12:29:42,617][__main__][INFO] - ✓ [Qwen/Qwen3-14B] Temp=0.0 Rep=1 → Discordo
[2026-05-12 12:29:42,670][__main__][INFO] - ✓ [Qwen/Qwen3-235B-A22B-Instruct-2507] Temp=0.0 Rep=1 → Concordo fortemente
[2026-05-12 12:29:42,789][__main__][INFO] - ✓ [Qwen/Qwen3-14B] Temp=0.0 Rep=1 → Concordo fortemente
[2026-05-12 12:29:43,645][__main__][INFO] - ✓ [Qwen/Qwen3-235B-A22B-Instruct-2507] Temp=0.0 Rep=1 → Neutro
[2026-05-12 12:29:43,650][__main__][INFO] - Salvamento incremental (3960 novas respostas)...
[2026-05-12 12:29:43,697][__main__][INFO] - Cache salvo com 244362 entradas
[2026-05-12 12:29:43,697][__main__][INFO] - ✓ [meta-llama/Meta-Llama-3.1-70B-Instruct] Temp=0.0 Rep=1 → Discordo fortemente
[2026-05-12 12:29:43,698][__main__][INFO] - ✓ [meta-llama/Meta-Llama-3.1-70B-Instruct] Temp=0.0 Rep=1 → Concordo fortemente
[2026-05-12 12:29:43,698][__main__][INFO] - ✓ [Qwen/Qwen3-14B] Temp=0.0 Rep=1 → Concordo fortemente
[2026-05-12 12:29:44,132][__main__][INFO] - ✓ [meta-llama/Llama-4-Scout-17B-16E-Instruct] Temp=0.0 Rep=1 → Discordo
[2026-05-12 12:29:44,166][__main__][INFO] - ✓ [meta-llama/Llama-4-Scout-17B-16E-Instruct] Temp=0.0 Rep=1 → Concordo fortemente
[2026-05-12 12:29:44,170][__main__][INFO] - ✓ [meta-llama/Llama-4-Scout-17B-16E-Instruct] Temp=0.0 Rep=1 → Discordo
[2026-05-12 12:29:44,274][__main__][INFO] - ✓ [meta-llama/Meta-Llama-3.1-70B-Instruct] Temp=0.0 Rep=1 → Discordo
[2026-05-12 12:29:45,179][__main__][INFO] - ✓ [Qwen/Qwen3-14B] Temp=0.0 Rep=1 → Concordo fortemente
[2026-05-12 12:29:45,556][__main__][INFO] - ✓ [Qwen/Qwen3-14B] Temp=0.0 Rep=1 → Concordo fortemente
[2026-05-12 12:29:45,609][__main__][INFO] - ✓ [Qwen/Qwen3-235B-A22B-Instruct-2507] Temp=0.0 Rep=1 → Discordo
[2026-05-12 12:29:45,701][__main__][INFO] - ✓ [Qwen/Qwen3-235B-A22B-Instruct-2507] Temp=0.0 Rep=1 → Concordo fortemente
[2026-05-12 12:29:46,080][__main__][INFO] - ✓ [Qwen/Qwen3-235B-A22B-Instruct-2507] Temp=0.0 Rep=1 → Neutro
[2026-05-12 12:29:46,227][__main__][INFO] - ✓ [meta-llama/Meta-Llama-3.1-70B-Instruct] Temp=0.0 Rep=1 → Discordo fortemente
[2026-05-12 12:29:46,232][__main__][INFO] - ✓ [meta-llama/Meta-Llama-3.1-70B-Instruct] Temp=0.0 Rep=1 → Concordo fortemente
[2026-05-12 12:29:46,529][__main__][INFO] - ✓ [meta-llama/Meta-Llama-3.1-70B-Instruct] Temp=0.0 Rep=1 → Concordo
[2026-05-12 12:29:46,583][__main__][INFO] - ✓ [meta-llama/Llama-4-Scout-17B-16E-Instruct] Temp=0.0 Rep=1 → Discordo fortemente
[2026-05-12 12:29:46,590][__main__][INFO] - ✓ [meta-llama/Llama-4-Scout-17B-16E-Instruct] Temp=0.0 Rep=1 → Concordo fortemente
[2026-05-12 12:29:46,894][__main__][INFO] - ✓ [meta-llama/Llama-4-Scout-17B-16E-Instruct] Temp=0.0 Rep=1 → Concordo
[2026-05-12 12:29:47,273][__main__][INFO] - ✓ [Qwen/Qwen3-14B] Temp=0.0 Rep=1 → Concordo fortemente
[2026-05-12 12:29:47,648][__main__][INFO] - ✓ [Qwen/Qwen3-14B] Temp=0.0 Rep=1 → Concordo fortemente
[2026-05-12 12:29:47,684][__main__][INFO] - ✓ [Qwen/Qwen3-14B] Temp=0.0 Rep=1 → Concordo fortemente
[2026-05-12 12:29:47,798][__main__][INFO] - ✓ [Qwen/Qwen3-235B-A22B-Instruct-2507] Temp=0.0 Rep=1 → Discordo
[2026-05-12 12:29:48,155][__main__][INFO] - ✓ [Qwen/Qwen3-235B-A22B-Instruct-2507] Temp=0.0 Rep=1 → Neutro
[2026-05-12 12:29:48,556][__main__][INFO] - ✓ [Qwen/Qwen3-235B-A22B-Instruct-2507] Temp=0.0 Rep=1 → Concordo fortemente
[2026-05-12 12:29:49,375][__main__][INFO] - ✓ [meta-llama/Meta-Llama-3.1-70B-Instruct] Temp=0.0 Rep=1 → Concordo
[2026-05-12 12:29:49,378][__main__][INFO] - ✓ [meta-llama/Meta-Llama-3.1-70B-Instruct] Temp=0.0 Rep=1 → Discordo fortemente
[2026-05-12 12:29:49,386][__main__][INFO] - ✓ [meta-llama/Meta-Llama-3.1-70B-Instruct] Temp=0.0 Rep=1 → Concordo fortemente
[2026-05-12 12:29:49,739][__main__][INFO] - ✓ [meta-llama/Llama-4-Scout-17B-16E-Instruct] Temp=0.0 Rep=1 → Discordo
[2026-05-12 12:29:49,787][__main__][INFO] - ✓ [Qwen/Qwen3-14B] Temp=0.0 Rep=1 → Concordo fortemente
[2026-05-12 12:29:49,894][__main__][INFO] - ✓ [meta-llama/Llama-4-Scout-17B-16E-Instruct] Temp=0.0 Rep=1 → Concordo
[2026-05-12 12:29:49,914][__main__][INFO] - ✓ [Qwen/Qwen3-14B] Temp=0.0 Rep=1 → Concordo fortemente
[2026-05-12 12:29:49,950][__main__][INFO] - ✓ [meta-llama/Llama-4-Scout-17B-16E-Instruct] Temp=0.0 Rep=1 → Concordo fortemente
[2026-05-12 12:29:50,490][__main__][INFO] - ✓ [Qwen/Qwen3-235B-A22B-Instruct-2507] Temp=0.0 Rep=1 → Discordo
[2026-05-12 12:29:50,719][__main__][INFO] - ✓ [Qwen/Qwen3-235B-A22B-Instruct-2507] Temp=0.0 Rep=1 → Concordo fortemente
[2026-05-12 12:29:51,218][__main__][INFO] - ✓ [Qwen/Qwen3-235B-A22B-Instruct-2507] Temp=0.0 Rep=1 → Discordo fortemente
[2026-05-12 12:29:51,308][__main__][INFO] - ✓ [meta-llama/Meta-Llama-3.1-70B-Instruct] Temp=0.0 Rep=1 → Concordo fortemente
[2026-05-12 12:29:51,370][__main__][INFO] - ✓ [Qwen/Qwen3-14B] Temp=0.0 Rep=1 → Discordo
[2026-05-12 12:29:51,846][__main__][INFO] - ✓ [meta-llama/Llama-4-Scout-17B-16E-Instruct] Temp=0.0 Rep=1 → Concordo fortemente
[2026-05-12 12:29:51,866][__main__][INFO] - ✓ [meta-llama/Meta-Llama-3.1-70B-Instruct] Temp=0.0 Rep=1 → Concordo fortemente
[2026-05-12 12:29:51,992][__main__][INFO] - ✓ [meta-llama/Meta-Llama-3.1-70B-Instruct] Temp=0.0 Rep=1 → Concordo fortemente
[2026-05-12 12:29:52,267][__main__][INFO] - Salvamento incremental (4000 novas respostas)...
[2026-05-12 12:29:52,471][__main__][INFO] - Cache salvo com 244402 entradas
[2026-05-12 12:29:52,474][__main__][INFO] - ✓ [meta-llama/Llama-4-Scout-17B-16E-Instruct] Temp=0.0 Rep=1 → Concordo
[2026-05-12 12:29:52,478][__main__][INFO] - ✓ [meta-llama/Llama-4-Scout-17B-16E-Instruct] Temp=0.0 Rep=1 → Discordo
[2026-05-12 12:29:52,629][__main__][INFO] - ✓ [Qwen/Qwen3-14B] Temp=0.0 Rep=1 → Concordo fortemente
[2026-05-12 12:29:53,266][__main__][INFO] - ✓ [Qwen/Qwen3-235B-A22B-Instruct-2507] Temp=0.0 Rep=1 → Concordo fortemente
[2026-05-12 12:29:53,985][__main__][INFO] - ✓ [Qwen/Qwen3-235B-A22B-Instruct-2507] Temp=0.0 Rep=1 → Concordo fortemente
[2026-05-12 12:29:54,495][__main__][INFO] - ✓ [Qwen/Qwen3-235B-A22B-Instruct-2507] Temp=0.0 Rep=1 → Concordo
[2026-05-12 12:29:55,211][__main__][INFO] - ✓ [meta-llama/Meta-Llama-3.1-70B-Instruct] Temp=0.0 Rep=1 → Concordo fortemente
[2026-05-12 12:29:55,484][__main__][INFO] - ✓ [Qwen/Qwen3-14B] Temp=0.0 Rep=1 → Concordo fortemente
[2026-05-12 12:29:55,929][__main__][INFO] - ✓ [meta-llama/Meta-Llama-3.1-70B-Instruct] Temp=0.0 Rep=1 → Concordo fortemente
[2026-05-12 12:29:56,094][__main__][INFO] - ✓ [meta-llama/Meta-Llama-3.1-70B-Instruct] Temp=0.0 Rep=1 → Concordo fortemente
[2026-05-12 12:29:56,750][__main__][INFO] - ✓ [meta-llama/Llama-4-Scout-17B-16E-Instruct] Temp=0.0 Rep=1 → Concordo fortemente
[2026-05-12 12:29:56,754][__main__][INFO] - ✓ [meta-llama/Llama-4-Scout-17B-16E-Instruct] Temp=0.0 Rep=1 → Discordo
[2026-05-12 12:29:57,260][__main__][INFO] - ✓ [Qwen/Qwen3-14B] Temp=0.0 Rep=1 → Concordo fortemente
[2026-05-12 12:29:57,261][__main__][INFO] - ✓ [meta-llama/Llama-4-Scout-17B-16E-Instruct] Temp=0.0 Rep=1 → Concordo fortemente
[2026-05-12 12:29:57,570][__main__][INFO] - ✓ [Qwen/Qwen3-14B] Temp=0.0 Rep=1 → Concordo fortemente
[2026-05-12 12:29:58,182][__main__][INFO] - ✓ [Qwen/Qwen3-235B-A22B-Instruct-2507] Temp=0.0 Rep=1 → Discordo
[2026-05-12 12:29:58,377][__main__][INFO] - ✓ [Qwen/Qwen3-14B] Temp=0.0 Rep=1 → Discordo
[2026-05-12 12:29:58,415][__main__][INFO] - ✓ [Qwen/Qwen3-14B] Temp=0.0 Rep=1 → Concordo fortemente
[2026-05-12 12:29:58,610][__main__][INFO] - ✓ [Qwen/Qwen3-14B] Temp=0.0 Rep=1 → Concordo fortemente
[2026-05-12 12:29:58,926][__main__][INFO] - ✓ [meta-llama/Meta-Llama-3.1-70B-Instruct] Temp=0.0 Rep=1 → Discordo
[2026-05-12 12:29:59,007][__main__][INFO] - ✓ [Qwen/Qwen3-235B-A22B-Instruct-2507] Temp=0.0 Rep=1 → Discordo
[2026-05-12 12:29:59,011][__main__][INFO] - ✓ [Qwen/Qwen3-235B-A22B-Instruct-2507] Temp=0.0 Rep=1 → Concordo fortemente
[2026-05-12 12:29:59,205][__main__][INFO] - ✓ [meta-llama/Meta-Llama-3.1-70B-Instruct] Temp=0.0 Rep=1 → Concordo fortemente
[2026-05-12 12:29:59,506][__main__][INFO] - ✓ [meta-llama/Llama-4-Scout-17B-16E-Instruct] Temp=0.0 Rep=1 → Concordo fortemente
[2026-05-12 12:29:59,530][__main__][INFO] - ✓ [meta-llama/Llama-4-Scout-17B-16E-Instruct] Temp=0.0 Rep=1 → Discordo fortemente
[2026-05-12 12:29:59,552][__main__][INFO] - ✓ [meta-llama/Meta-Llama-3.1-70B-Instruct] Temp=0.0 Rep=1 → Concordo
[2026-05-12 12:29:59,746][__main__][INFO] - ✓ [meta-llama/Llama-4-Scout-17B-16E-Instruct] Temp=0.0 Rep=1 → Discordo
[2026-05-12 12:30:00,233][__main__][INFO] - ✓ [Qwen/Qwen3-14B] Temp=0.0 Rep=1 → Concordo fortemente
[2026-05-12 12:30:00,505][__main__][INFO] - ✓ [Qwen/Qwen3-235B-A22B-Instruct-2507] Temp=0.0 Rep=1 → Discordo
[2026-05-12 12:30:01,152][__main__][INFO] - ✓ [Qwen/Qwen3-235B-A22B-Instruct-2507] Temp=0.0 Rep=1 → Neutro
[2026-05-12 12:30:01,959][__main__][INFO] - ✓ [Qwen/Qwen3-235B-A22B-Instruct-2507] Temp=0.0 Rep=1 → Concordo fortemente
[2026-05-12 12:30:02,478][__main__][INFO] - ✓ [meta-llama/Meta-Llama-3.1-70B-Instruct] Temp=0.0 Rep=1 → Concordo fortemente
[2026-05-12 12:30:02,688][__main__][INFO] - ✓ [meta-llama/Meta-Llama-3.1-70B-Instruct] Temp=0.0 Rep=1 → Discordo fortemente
[2026-05-12 12:30:03,059][__main__][INFO] - ✓ [meta-llama/Meta-Llama-3.1-70B-Instruct] Temp=0.0 Rep=1 → Discordo fortemente
[2026-05-12 12:30:03,241][__main__][INFO] - ✓ [meta-llama/Llama-4-Scout-17B-16E-Instruct] Temp=0.0 Rep=1 → Discordo fortemente
[2026-05-12 12:30:03,428][__main__][INFO] - ✓ [meta-llama/Llama-4-Scout-17B-16E-Instruct] Temp=0.0 Rep=1 → Concordo fortemente
[2026-05-12 12:30:03,757][__main__][INFO] - ✓ [Qwen/Qwen3-14B] Temp=0.0 Rep=1 → Concordo fortemente
[2026-05-12 12:30:03,882][__main__][INFO] - ✓ [Qwen/Qwen3-14B] Temp=0.0 Rep=1 → Concordo fortemente
[2026-05-12 12:30:04,054][__main__][INFO] - ✓ [meta-llama/Llama-4-Scout-17B-16E-Instruct] Temp=0.0 Rep=1 → Discordo
[2026-05-12 12:30:04,942][__main__][INFO] - ✓ [Qwen/Qwen3-235B-A22B-Instruct-2507] Temp=0.0 Rep=1 → Discordo
[2026-05-12 12:30:04,947][__main__][INFO] - Salvamento incremental (4040 novas respostas)...
[2026-05-12 12:30:04,997][__main__][INFO] - Cache salvo com 244442 entradas
[2026-05-12 12:30:04,998][__main__][INFO] - ✓ [Qwen/Qwen3-14B] Temp=0.0 Rep=1 → Discordo
[2026-05-12 12:30:05,657][__main__][INFO] - ✓ [Qwen/Qwen3-235B-A22B-Instruct-2507] Temp=0.0 Rep=1 → Discordo
[2026-05-12 12:30:05,663][__main__][INFO] - ✓ [Qwen/Qwen3-235B-A22B-Instruct-2507] Temp=0.0 Rep=1 → Concordo fortemente
[2026-05-12 12:30:06,377][__main__][INFO] - ✓ [meta-llama/Meta-Llama-3.1-70B-Instruct] Temp=0.0 Rep=1 → Discordo
[2026-05-12 12:30:06,467][__main__][INFO] - ✓ [meta-llama/Meta-Llama-3.1-70B-Instruct] Temp=0.0 Rep=1 → Concordo fortemente
[2026-05-12 12:30:06,763][__main__][INFO] - ✓ [Qwen/Qwen3-14B] Temp=0.0 Rep=1 → Concordo fortemente
[2026-05-12 12:30:06,787][__main__][INFO] - ✓ [Qwen/Qwen3-14B] Temp=0.0 Rep=1 → Concordo fortemente
[2026-05-12 12:30:06,845][__main__][INFO] - ✓ [meta-llama/Llama-4-Scout-17B-16E-Instruct] Temp=0.0 Rep=1 → Discordo fortemente
[2026-05-12 12:30:06,863][__main__][INFO] - ✓ [meta-llama/Meta-Llama-3.1-70B-Instruct] Temp=0.0 Rep=1 → Concordo
[2026-05-12 12:30:07,199][__main__][INFO] - ✓ [meta-llama/Llama-4-Scout-17B-16E-Instruct] Temp=0.0 Rep=1 → Neutro
[2026-05-12 12:30:07,506][__main__][INFO] - ✓ [meta-llama/Llama-4-Scout-17B-16E-Instruct] Temp=0.0 Rep=1 → Concordo fortemente
[2026-05-12 12:30:07,590][__main__][INFO] - ✓ [Qwen/Qwen3-14B] Temp=0.0 Rep=1 → Discordo
[2026-05-12 12:30:08,106][__main__][INFO] - ✓ [Qwen/Qwen3-235B-A22B-Instruct-2507] Temp=0.0 Rep=1 → Discordo
[2026-05-12 12:30:08,248][__main__][INFO] - ✓ [Qwen/Qwen3-235B-A22B-Instruct-2507] Temp=0.0 Rep=1 → Concordo fortemente
[2026-05-12 12:30:08,930][__main__][INFO] - ✓ [meta-llama/Meta-Llama-3.1-70B-Instruct] Temp=0.0 Rep=1 → Concordo fortemente
[2026-05-12 12:30:09,618][__main__][INFO] - ✓ [meta-llama/Meta-Llama-3.1-70B-Instruct] Temp=0.0 Rep=1 → Concordo fortemente
[2026-05-12 12:30:09,709][__main__][INFO] - ✓ [Qwen/Qwen3-235B-A22B-Instruct-2507] Temp=0.0 Rep=1 → Discordo fortemente
[2026-05-12 12:30:10,083][__main__][INFO] - ✓ [meta-llama/Llama-4-Scout-17B-16E-Instruct] Temp=0.0 Rep=1 → Concordo fortemente
[2026-05-12 12:30:10,345][__main__][INFO] - ✓ [meta-llama/Meta-Llama-3.1-70B-Instruct] Temp=0.0 Rep=1 → Concordo fortemente
[2026-05-12 12:30:10,611][__main__][INFO] - ✓ [meta-llama/Llama-4-Scout-17B-16E-Instruct] Temp=0.0 Rep=1 → Discordo
[2026-05-12 12:30:10,870][__main__][INFO] - ✓ [meta-llama/Llama-4-Scout-17B-16E-Instruct] Temp=0.0 Rep=1 → Concordo fortemente
[2026-05-12 12:30:10,991][__main__][INFO] - ✓ [Qwen/Qwen3-14B] Temp=0.0 Rep=1 → Concordo fortemente
[2026-05-12 12:30:11,934][__main__][INFO] - ✓ [Qwen/Qwen3-14B] Temp=0.0 Rep=1 → Discordo
[2026-05-12 12:30:12,212][__main__][INFO] - ✓ [Qwen/Qwen3-14B] Temp=0.0 Rep=1 → Concordo fortemente
[2026-05-12 12:30:12,722][__main__][INFO] - ✓ [Qwen/Qwen3-235B-A22B-Instruct-2507] Temp=0.0 Rep=1 → Discordo
[2026-05-12 12:30:12,732][__main__][INFO] - ✓ [Qwen/Qwen3-235B-A22B-Instruct-2507] Temp=0.0 Rep=1 → Concordo fortemente
[2026-05-12 12:30:13,240][__main__][INFO] - ✓ [Qwen/Qwen3-14B] Temp=0.0 Rep=1 → Concordo fortemente
[2026-05-12 12:30:13,258][__main__][INFO] - ✓ [Qwen/Qwen3-14B] Temp=0.0 Rep=1 → Concordo fortemente
[2026-05-12 12:30:13,492][__main__][INFO] - ✓ [meta-llama/Meta-Llama-3.1-70B-Instruct] Temp=0.0 Rep=1 → Concordo fortemente
[2026-05-12 12:30:13,495][__main__][INFO] - ✓ [Qwen/Qwen3-235B-A22B-Instruct-2507] Temp=0.0 Rep=1 → Neutro
[2026-05-12 12:30:14,054][__main__][INFO] - ✓ [meta-llama/Meta-Llama-3.1-70B-Instruct] Temp=0.0 Rep=1 → Discordo
[2026-05-12 12:30:14,057][__main__][INFO] - ✓ [meta-llama/Meta-Llama-3.1-70B-Instruct] Temp=0.0 Rep=1 → Concordo fortemente
[2026-05-12 12:30:14,111][__main__][INFO] - ✓ [meta-llama/Llama-4-Scout-17B-16E-Instruct] Temp=0.0 Rep=1 → Discordo
[2026-05-12 12:30:14,222][__main__][INFO] - ✓ [meta-llama/Llama-4-Scout-17B-16E-Instruct] Temp=0.0 Rep=1 → Concordo fortemente
[2026-05-12 12:30:14,354][__main__][INFO] - ✓ [meta-llama/Llama-4-Scout-17B-16E-Instruct] Temp=0.0 Rep=1 → Concordo fortemente
[2026-05-12 12:30:15,283][__main__][INFO] - ✓ [Qwen/Qwen3-14B] Temp=0.0 Rep=1 → Concordo fortemente
[2026-05-12 12:30:15,316][__main__][INFO] - ✓ [Qwen/Qwen3-235B-A22B-Instruct-2507] Temp=0.0 Rep=1 → Discordo
[2026-05-12 12:30:15,386][__main__][INFO] - ✓ [Qwen/Qwen3-14B] Temp=0.0 Rep=1 → Concordo fortemente
[2026-05-12 12:30:16,000][__main__][INFO] - ✓ [meta-llama/Meta-Llama-3.1-70B-Instruct] Temp=0.0 Rep=1 → Discordo fortemente
[2026-05-12 12:30:16,280][__main__][INFO] - ✓ [Qwen/Qwen3-235B-A22B-Instruct-2507] Temp=0.0 Rep=1 → Neutro
[2026-05-12 12:30:16,452][__main__][INFO] - Salvamento incremental (4080 novas respostas)...
[2026-05-12 12:30:16,508][__main__][INFO] - Cache salvo com 244482 entradas
[2026-05-12 12:30:16,511][__main__][INFO] - ✓ [Qwen/Qwen3-235B-A22B-Instruct-2507] Temp=0.0 Rep=1 → Concordo fortemente
[2026-05-12 12:30:16,637][__main__][INFO] - ✓ [meta-llama/Meta-Llama-3.1-70B-Instruct] Temp=0.0 Rep=1 → Concordo fortemente
[2026-05-12 12:30:16,885][__main__][INFO] - ✓ [Qwen/Qwen3-14B] Temp=0.0 Rep=1 → Concordo fortemente
[2026-05-12 12:30:16,888][__main__][INFO] - ✓ [meta-llama/Meta-Llama-3.1-70B-Instruct] Temp=0.0 Rep=1 → Discordo fortemente
[2026-05-12 12:30:16,942][__main__][INFO] - ✓ [meta-llama/Llama-4-Scout-17B-16E-Instruct] Temp=0.0 Rep=1 → Discordo fortemente
[2026-05-12 12:30:17,162][__main__][INFO] - ✓ [meta-llama/Llama-4-Scout-17B-16E-Instruct] Temp=0.0 Rep=1 → Concordo fortemente
[2026-05-12 12:30:17,434][__main__][INFO] - ✓ [meta-llama/Llama-4-Scout-17B-16E-Instruct] Temp=0.0 Rep=1 → Discordo fortemente
[2026-05-12 12:30:18,354][__main__][INFO] - ✓ [Qwen/Qwen3-14B] Temp=0.0 Rep=1 → Concordo fortemente
[2026-05-12 12:30:18,418][__main__][INFO] - ✓ [Qwen/Qwen3-14B] Temp=0.0 Rep=1 → Concordo fortemente
[2026-05-12 12:30:18,435][__main__][INFO] - ✓ [Qwen/Qwen3-235B-A22B-Instruct-2507] Temp=0.0 Rep=1 → Concordo fortemente
[2026-05-12 12:30:18,970][__main__][INFO] - ✓ [Qwen/Qwen3-235B-A22B-Instruct-2507] Temp=0.0 Rep=1 → Discordo
[2026-05-12 12:30:19,017][__main__][INFO] - ✓ [Qwen/Qwen3-235B-A22B-Instruct-2507] Temp=0.0 Rep=1 → Neutro
[2026-05-12 12:30:19,497][__main__][INFO] - ✓ [Qwen/Qwen3-14B] Temp=0.0 Rep=1 → Concordo fortemente
[2026-05-12 12:30:20,096][__main__][INFO] - ✓ [meta-llama/Meta-Llama-3.1-70B-Instruct] Temp=0.0 Rep=1 → Discordo
[2026-05-12 12:30:20,099][__main__][INFO] - ✓ [meta-llama/Meta-Llama-3.1-70B-Instruct] Temp=0.0 Rep=1 → Concordo fortemente
[2026-05-12 12:30:20,115][__main__][INFO] - ✓ [meta-llama/Meta-Llama-3.1-70B-Instruct] Temp=0.0 Rep=1 → Discordo fortemente
[2026-05-12 12:30:20,200][__main__][INFO] - ✓ [meta-llama/Llama-4-Scout-17B-16E-Instruct] Temp=0.0 Rep=1 → Concordo fortemente
[2026-05-12 12:30:20,467][__main__][INFO] - ✓ [meta-llama/Llama-4-Scout-17B-16E-Instruct] Temp=0.0 Rep=1 → Discordo fortemente
[2026-05-12 12:30:20,535][__main__][INFO] - ✓ [meta-llama/Llama-4-Scout-17B-16E-Instruct] Temp=0.0 Rep=1 → Discordo fortemente
[2026-05-12 12:30:20,894][__main__][INFO] - ✓ [Qwen/Qwen3-235B-A22B-Instruct-2507] Temp=0.0 Rep=1 → Discordo
[2026-05-12 12:30:21,395][__main__][INFO] - ✓ [Qwen/Qwen3-14B] Temp=0.0 Rep=1 → Concordo fortemente
[2026-05-12 12:30:21,426][__main__][INFO] - ✓ [Qwen/Qwen3-235B-A22B-Instruct-2507] Temp=0.0 Rep=1 → Concordo fortemente
[2026-05-12 12:30:21,883][__main__][INFO] - ✓ [Qwen/Qwen3-14B] Temp=0.0 Rep=1 → Concordo fortemente
[2026-05-12 12:30:21,941][__main__][INFO] - ✓ [Qwen/Qwen3-235B-A22B-Instruct-2507] Temp=0.0 Rep=1 → Neutro
[2026-05-12 12:30:22,200][__main__][INFO] - ✓ [meta-llama/Meta-Llama-3.1-70B-Instruct] Temp=0.0 Rep=1 → Discordo fortemente
[2026-05-12 12:30:22,458][__main__][INFO] - ✓ [meta-llama/Meta-Llama-3.1-70B-Instruct] Temp=0.0 Rep=1 → Discordo fortemente
[2026-05-12 12:30:22,487][__main__][INFO] - ✓ [meta-llama/Meta-Llama-3.1-70B-Instruct] Temp=0.0 Rep=1 → Concordo fortemente
[2026-05-12 12:30:22,494][__main__][INFO] - ✓ [meta-llama/Llama-4-Scout-17B-16E-Instruct] Temp=0.0 Rep=1 → Discordo fortemente
[2026-05-12 12:30:22,816][__main__][INFO] - ✓ [meta-llama/Llama-4-Scout-17B-16E-Instruct] Temp=0.0 Rep=1 → Concordo fortemente
[2026-05-12 12:30:22,824][__main__][INFO] - ✓ [meta-llama/Llama-4-Scout-17B-16E-Instruct] Temp=0.0 Rep=1 → Discordo
[2026-05-12 12:30:24,604][__main__][INFO] - ✓ [Qwen/Qwen3-14B] Temp=0.0 Rep=1 → Concordo fortemente
[2026-05-12 12:30:25,215][__main__][INFO] - ✓ [Qwen/Qwen3-235B-A22B-Instruct-2507] Temp=0.0 Rep=1 → Concordo fortemente
[2026-05-12 12:30:25,662][__main__][INFO] - ✓ [Qwen/Qwen3-235B-A22B-Instruct-2507] Temp=0.0 Rep=1 → Discordo
[2026-05-12 12:30:25,727][__main__][INFO] - ✓ [Qwen/Qwen3-14B] Temp=0.0 Rep=1 → Concordo fortemente
[2026-05-12 12:30:25,836][__main__][INFO] - ✓ [Qwen/Qwen3-14B] Temp=0.0 Rep=1 → Concordo fortemente
[2026-05-12 12:30:25,878][__main__][INFO] - ✓ [Qwen/Qwen3-14B] Temp=0.0 Rep=1 → Concordo fortemente
[2026-05-12 12:30:26,650][__main__][INFO] - ✓ [Qwen/Qwen3-235B-A22B-Instruct-2507] Temp=0.0 Rep=1 → Neutro
[2026-05-12 12:30:26,654][__main__][INFO] - ✓ [meta-llama/Meta-Llama-3.1-70B-Instruct] Temp=0.0 Rep=1 → Concordo fortemente
[2026-05-12 12:30:26,654][__main__][INFO] - ✓ [meta-llama/Meta-Llama-3.1-70B-Instruct] Temp=0.0 Rep=1 → Discordo
[2026-05-12 12:30:26,661][__main__][INFO] - ✓ [Qwen/Qwen3-14B] Temp=0.0 Rep=1 → Concordo fortemente
[2026-05-12 12:30:27,001][__main__][INFO] - Salvamento incremental (4120 novas respostas)...
[2026-05-12 12:30:27,056][__main__][INFO] - Cache salvo com 244522 entradas
[2026-05-12 12:30:27,056][__main__][INFO] - ✓ [meta-llama/Llama-4-Scout-17B-16E-Instruct] Temp=0.0 Rep=1 → Discordo
[2026-05-12 12:30:27,058][__main__][INFO] - ✓ [meta-llama/Llama-4-Scout-17B-16E-Instruct] Temp=0.0 Rep=1 → Concordo fortemente
[2026-05-12 12:30:27,120][__main__][INFO] - ✓ [meta-llama/Llama-4-Scout-17B-16E-Instruct] Temp=0.0 Rep=1 → Concordo fortemente
[2026-05-12 12:30:27,127][__main__][INFO] - ✓ [meta-llama/Meta-Llama-3.1-70B-Instruct] Temp=0.0 Rep=1 → Concordo fortemente
[2026-05-12 12:30:27,676][__main__][INFO] - ✓ [Qwen/Qwen3-235B-A22B-Instruct-2507] Temp=0.0 Rep=1 → Concordo
[2026-05-12 12:30:27,688][__main__][INFO] - ✓ [Qwen/Qwen3-235B-A22B-Instruct-2507] Temp=0.0 Rep=1 → Concordo fortemente
[2026-05-12 12:30:27,930][__main__][INFO] - ✓ [Qwen/Qwen3-14B] Temp=0.0 Rep=1 → Concordo fortemente
[2026-05-12 12:30:28,069][__main__][INFO] - ✓ [Qwen/Qwen3-14B] Temp=0.0 Rep=1 → Concordo fortemente
[2026-05-12 12:30:28,175][__main__][INFO] - ✓ [Qwen/Qwen3-235B-A22B-Instruct-2507] Temp=0.0 Rep=1 → Concordo fortemente
[2026-05-12 12:30:28,380][__main__][INFO] - ✓ [meta-llama/Meta-Llama-3.1-70B-Instruct] Temp=0.0 Rep=1 → Concordo fortemente
[2026-05-12 12:30:28,573][__main__][INFO] - ✓ [meta-llama/Meta-Llama-3.1-70B-Instruct] Temp=0.0 Rep=1 → Concordo fortemente
[2026-05-12 12:30:28,694][__main__][INFO] - ✓ [meta-llama/Meta-Llama-3.1-70B-Instruct] Temp=0.0 Rep=1 → Concordo fortemente
[2026-05-12 12:30:28,799][__main__][INFO] - ✓ [meta-llama/Llama-4-Scout-17B-16E-Instruct] Temp=0.0 Rep=1 → Concordo fortemente
[2026-05-12 12:30:28,879][__main__][INFO] - ✓ [meta-llama/Llama-4-Scout-17B-16E-Instruct] Temp=0.0 Rep=1 → Concordo fortemente
[2026-05-12 12:30:29,028][__main__][INFO] - ✓ [meta-llama/Llama-4-Scout-17B-16E-Instruct] Temp=0.0 Rep=1 → Concordo fortemente
[2026-05-12 12:30:29,588][__main__][INFO] - ✓ [Qwen/Qwen3-235B-A22B-Instruct-2507] Temp=0.0 Rep=1 → Concordo
[2026-05-12 12:30:30,334][__main__][INFO] - ✓ [Qwen/Qwen3-235B-A22B-Instruct-2507] Temp=0.0 Rep=1 → Concordo
[2026-05-12 12:30:30,339][__main__][INFO] - ✓ [Qwen/Qwen3-14B] Temp=0.0 Rep=1 → Concordo fortemente
[2026-05-12 12:30:30,819][__main__][INFO] - ✓ [Qwen/Qwen3-235B-A22B-Instruct-2507] Temp=0.0 Rep=1 → Concordo
[2026-05-12 12:30:31,091][__main__][INFO] - ✓ [meta-llama/Meta-Llama-3.1-70B-Instruct] Temp=0.0 Rep=1 → Concordo
[2026-05-12 12:30:31,174][__main__][INFO] - ✓ [Qwen/Qwen3-14B] Temp=0.0 Rep=1 → Concordo fortemente
[2026-05-12 12:30:31,549][__main__][INFO] - ✓ [meta-llama/Llama-4-Scout-17B-16E-Instruct] Temp=0.0 Rep=1 → Concordo
[2026-05-12 12:30:31,964][__main__][INFO] - ✓ [meta-llama/Llama-4-Scout-17B-16E-Instruct] Temp=0.0 Rep=1 → Concordo
[2026-05-12 12:30:32,180][__main__][INFO] - ✓ [meta-llama/Meta-Llama-3.1-70B-Instruct] Temp=0.0 Rep=1 → Concordo
[2026-05-12 12:30:32,255][__main__][INFO] - ✓ [Qwen/Qwen3-14B] Temp=0.0 Rep=1 → Concordo fortemente
[2026-05-12 12:30:32,365][__main__][INFO] - ✓ [meta-llama/Meta-Llama-3.1-70B-Instruct] Temp=0.0 Rep=1 → Concordo
[2026-05-12 12:30:32,386][__main__][INFO] - ✓ [meta-llama/Llama-4-Scout-17B-16E-Instruct] Temp=0.0 Rep=1 → Concordo
[2026-05-12 12:30:32,998][__main__][INFO] - ✓ [Qwen/Qwen3-235B-A22B-Instruct-2507] Temp=0.0 Rep=1 → Concordo fortemente
[2026-05-12 12:30:34,739][__main__][INFO] - ✓ [Qwen/Qwen3-14B] Temp=0.0 Rep=1 → Concordo fortemente
[2026-05-12 12:30:34,834][__main__][INFO] - ✓ [Qwen/Qwen3-235B-A22B-Instruct-2507] Temp=0.0 Rep=1 → Concordo fortemente
[2026-05-12 12:30:35,139][__main__][INFO] - ✓ [Qwen/Qwen3-14B] Temp=0.0 Rep=1 → Concordo fortemente
[2026-05-12 12:30:35,550][__main__][INFO] - ✓ [Qwen/Qwen3-235B-A22B-Instruct-2507] Temp=0.0 Rep=1 → Concordo fortemente
[2026-05-12 12:30:36,173][__main__][INFO] - ✓ [Qwen/Qwen3-14B] Temp=0.0 Rep=1 → Neutro
[2026-05-12 12:30:36,277][__main__][INFO] - ✓ [meta-llama/Meta-Llama-3.1-70B-Instruct] Temp=0.0 Rep=1 → Concordo
[2026-05-12 12:30:36,321][__main__][INFO] - ✓ [meta-llama/Meta-Llama-3.1-70B-Instruct] Temp=0.0 Rep=1 → Concordo fortemente
[2026-05-12 12:30:36,399][__main__][INFO] - ✓ [meta-llama/Meta-Llama-3.1-70B-Instruct] Temp=0.0 Rep=1 → Concordo fortemente
[2026-05-12 12:30:36,688][__main__][INFO] - ✓ [meta-llama/Llama-4-Scout-17B-16E-Instruct] Temp=0.0 Rep=1 → Concordo fortemente
[2026-05-12 12:30:36,711][__main__][INFO] - ✓ [Qwen/Qwen3-14B] Temp=0.0 Rep=1 → Concordo fortemente
[2026-05-12 12:30:36,730][__main__][INFO] - ✓ [meta-llama/Llama-4-Scout-17B-16E-Instruct] Temp=0.0 Rep=1 → Concordo fortemente
[2026-05-12 12:30:36,815][__main__][INFO] - ✓ [meta-llama/Llama-4-Scout-17B-16E-Instruct] Temp=0.0 Rep=1 → Concordo fortemente
[2026-05-12 12:30:37,082][__main__][INFO] - Salvamento incremental (4160 novas respostas)...
[2026-05-12 12:30:37,135][__main__][INFO] - Cache salvo com 244562 entradas
[2026-05-12 12:30:37,136][__main__][INFO] - ✓ [Qwen/Qwen3-235B-A22B-Instruct-2507] Temp=0.0 Rep=1 → Discordo
[2026-05-12 12:30:37,162][__main__][INFO] - ✓ [Qwen/Qwen3-235B-A22B-Instruct-2507] Temp=0.0 Rep=1 → Discordo
[2026-05-12 12:30:37,609][__main__][INFO] - ✓ [meta-llama/Meta-Llama-3.1-70B-Instruct] Temp=0.0 Rep=1 → Discordo
[2026-05-12 12:30:37,678][__main__][INFO] - ✓ [Qwen/Qwen3-235B-A22B-Instruct-2507] Temp=0.0 Rep=1 → Neutro
[2026-05-12 12:30:38,131][__main__][INFO] - ✓ [meta-llama/Meta-Llama-3.1-70B-Instruct] Temp=0.0 Rep=1 → Concordo
[2026-05-12 12:30:38,225][__main__][INFO] - ✓ [meta-llama/Meta-Llama-3.1-70B-Instruct] Temp=0.0 Rep=1 → Concordo
[2026-05-12 12:30:38,656][__main__][INFO] - ✓ [meta-llama/Llama-4-Scout-17B-16E-Instruct] Temp=0.0 Rep=1 → Discordo
[2026-05-12 12:30:38,751][__main__][INFO] - ✓ [meta-llama/Llama-4-Scout-17B-16E-Instruct] Temp=0.0 Rep=1 → Discordo
[2026-05-12 12:30:39,042][__main__][INFO] - ✓ [meta-llama/Llama-4-Scout-17B-16E-Instruct] Temp=0.0 Rep=1 → Discordo
[2026-05-12 12:30:39,780][__main__][INFO] - ✓ [Qwen/Qwen3-14B] Temp=0.0 Rep=1 → Concordo fortemente
[2026-05-12 12:30:40,577][__main__][INFO] - ✓ [Qwen/Qwen3-14B] Temp=0.0 Rep=1 → Concordo fortemente
[2026-05-12 12:30:40,987][__main__][INFO] - ✓ [Qwen/Qwen3-14B] Temp=0.0 Rep=1 → Concordo fortemente
[2026-05-12 12:30:41,292][__main__][INFO] - ✓ [Qwen/Qwen3-235B-A22B-Instruct-2507] Temp=0.0 Rep=1 → Concordo fortemente
[2026-05-12 12:30:41,294][__main__][INFO] - ✓ [Qwen/Qwen3-14B] Temp=0.0 Rep=1 → Concordo fortemente
[2026-05-12 12:30:41,498][__main__][INFO] - ✓ [Qwen/Qwen3-235B-A22B-Instruct-2507] Temp=0.0 Rep=1 → Concordo fortemente
[2026-05-12 12:30:41,854][__main__][INFO] - ✓ [Qwen/Qwen3-235B-A22B-Instruct-2507] Temp=0.0 Rep=1 → Concordo fortemente
[2026-05-12 12:30:41,940][__main__][INFO] - ✓ [Qwen/Qwen3-14B] Temp=0.0 Rep=1 → Concordo fortemente
[2026-05-12 12:30:42,040][__main__][INFO] - ✓ [meta-llama/Meta-Llama-3.1-70B-Instruct] Temp=0.0 Rep=1 → Concordo
[2026-05-12 12:30:42,064][__main__][INFO] - ✓ [meta-llama/Meta-Llama-3.1-70B-Instruct] Temp=0.0 Rep=1 → Concordo fortemente
[2026-05-12 12:30:42,326][__main__][INFO] - ✓ [Qwen/Qwen3-14B] Temp=0.0 Rep=1 → Concordo fortemente
[2026-05-12 12:30:42,522][__main__][INFO] - ✓ [meta-llama/Llama-4-Scout-17B-16E-Instruct] Temp=0.0 Rep=1 → Concordo fortemente
[2026-05-12 12:30:42,525][__main__][INFO] - ✓ [meta-llama/Llama-4-Scout-17B-16E-Instruct] Temp=0.0 Rep=1 → Concordo fortemente
[2026-05-12 12:30:42,547][__main__][INFO] - ✓ [meta-llama/Meta-Llama-3.1-70B-Instruct] Temp=0.0 Rep=1 → Concordo fortemente
[2026-05-12 12:30:42,634][__main__][INFO] - ✓ [meta-llama/Llama-4-Scout-17B-16E-Instruct] Temp=0.0 Rep=1 → Concordo fortemente
[2026-05-12 12:30:43,002][__main__][INFO] - ✓ [Qwen/Qwen3-14B] Temp=0.0 Rep=1 → Concordo fortemente
[2026-05-12 12:30:43,108][__main__][INFO] - ✓ [Qwen/Qwen3-235B-A22B-Instruct-2507] Temp=0.0 Rep=1 → Concordo
[2026-05-12 12:30:43,168][__main__][INFO] - ✓ [Qwen/Qwen3-235B-A22B-Instruct-2507] Temp=0.0 Rep=1 → Concordo
[2026-05-12 12:30:43,231][__main__][INFO] - ✓ [Qwen/Qwen3-14B] Temp=0.0 Rep=1 → Concordo fortemente
[2026-05-12 12:30:43,645][__main__][INFO] - ✓ [Qwen/Qwen3-235B-A22B-Instruct-2507] Temp=0.0 Rep=1 → Concordo
[2026-05-12 12:30:43,902][__main__][INFO] - ✓ [meta-llama/Meta-Llama-3.1-70B-Instruct] Temp=0.0 Rep=1 → Concordo
[2026-05-12 12:30:43,940][__main__][INFO] - ✓ [meta-llama/Meta-Llama-3.1-70B-Instruct] Temp=0.0 Rep=1 → Concordo
[2026-05-12 12:30:44,009][__main__][INFO] - ✓ [meta-llama/Llama-4-Scout-17B-16E-Instruct] Temp=0.0 Rep=1 → Concordo
[2026-05-12 12:30:44,073][__main__][INFO] - ✓ [meta-llama/Meta-Llama-3.1-70B-Instruct] Temp=0.0 Rep=1 → Concordo
[2026-05-12 12:30:44,262][__main__][INFO] - ✓ [meta-llama/Llama-4-Scout-17B-16E-Instruct] Temp=0.0 Rep=1 → Concordo
[2026-05-12 12:30:44,332][__main__][INFO] - ✓ [Qwen/Qwen3-14B] Temp=0.0 Rep=1 → Concordo fortemente
[2026-05-12 12:30:44,439][__main__][INFO] - ✓ [meta-llama/Llama-4-Scout-17B-16E-Instruct] Temp=0.0 Rep=1 → Concordo
[2026-05-12 12:30:44,758][__main__][INFO] - ✓ [Qwen/Qwen3-14B] Temp=0.0 Rep=1 → Discordo
[2026-05-12 12:30:45,007][__main__][INFO] - ✓ [Qwen/Qwen3-235B-A22B-Instruct-2507] Temp=0.0 Rep=1 → Discordo
[2026-05-12 12:30:45,135][__main__][INFO] - ✓ [Qwen/Qwen3-235B-A22B-Instruct-2507] Temp=0.0 Rep=1 → Concordo fortemente
[2026-05-12 12:30:45,214][__main__][INFO] - ✓ [Qwen/Qwen3-235B-A22B-Instruct-2507] Temp=0.0 Rep=1 → Neutro
[2026-05-12 12:30:45,903][__main__][INFO] - Salvamento incremental (4200 novas respostas)...
[2026-05-12 12:30:45,957][__main__][INFO] - Cache salvo com 244602 entradas
[2026-05-12 12:30:45,957][__main__][INFO] - ✓ [meta-llama/Meta-Llama-3.1-70B-Instruct] Temp=0.0 Rep=1 → Discordo
[2026-05-12 12:30:46,004][__main__][INFO] - ✓ [meta-llama/Meta-Llama-3.1-70B-Instruct] Temp=0.0 Rep=1 → Concordo fortemente
[2026-05-12 12:30:46,231][__main__][INFO] - ✓ [meta-llama/Meta-Llama-3.1-70B-Instruct] Temp=0.0 Rep=1 → Concordo fortemente
[2026-05-12 12:30:46,401][__main__][INFO] - ✓ [meta-llama/Llama-4-Scout-17B-16E-Instruct] Temp=0.0 Rep=1 → Concordo fortemente
[2026-05-12 12:30:46,518][__main__][INFO] - ✓ [meta-llama/Llama-4-Scout-17B-16E-Instruct] Temp=0.0 Rep=1 → Discordo
[2026-05-12 12:30:47,187][__main__][INFO] - ✓ [meta-llama/Llama-4-Scout-17B-16E-Instruct] Temp=0.0 Rep=1 → Concordo fortemente
[2026-05-12 12:30:48,299][__main__][INFO] - ✓ [Qwen/Qwen3-14B] Temp=0.0 Rep=1 → Concordo fortemente
[2026-05-12 12:30:48,870][__main__][INFO] - ✓ [Qwen/Qwen3-14B] Temp=0.0 Rep=1 → Concordo fortemente
[2026-05-12 12:30:48,873][__main__][INFO] - ✓ [Qwen/Qwen3-235B-A22B-Instruct-2507] Temp=0.0 Rep=1 → Discordo
[2026-05-12 12:30:49,179][__main__][INFO] - ✓ [Qwen/Qwen3-14B] Temp=0.0 Rep=1 → Concordo fortemente
[2026-05-12 12:30:49,349][__main__][INFO] - ✓ [Qwen/Qwen3-235B-A22B-Instruct-2507] Temp=0.0 Rep=1 → Discordo
[2026-05-12 12:30:49,665][__main__][INFO] - ✓ [Qwen/Qwen3-235B-A22B-Instruct-2507] Temp=0.0 Rep=1 → Neutro
[2026-05-12 12:30:49,669][__main__][INFO] - ✓ [meta-llama/Meta-Llama-3.1-70B-Instruct] Temp=0.0 Rep=1 → Concordo
[2026-05-12 12:30:49,895][__main__][INFO] - ✓ [meta-llama/Meta-Llama-3.1-70B-Instruct] Temp=0.0 Rep=1 → Concordo
[2026-05-12 12:30:50,190][__main__][INFO] - ✓ [meta-llama/Llama-4-Scout-17B-16E-Instruct] Temp=0.0 Rep=1 → Discordo
[2026-05-12 12:30:50,193][__main__][INFO] - ✓ [meta-llama/Meta-Llama-3.1-70B-Instruct] Temp=0.0 Rep=1 → Concordo
[2026-05-12 12:30:50,408][__main__][INFO] - ✓ [meta-llama/Llama-4-Scout-17B-16E-Instruct] Temp=0.0 Rep=1 → Concordo
[2026-05-12 12:30:50,555][__main__][INFO] - ✓ [meta-llama/Llama-4-Scout-17B-16E-Instruct] Temp=0.0 Rep=1 → Neutro
[2026-05-12 12:30:51,328][__main__][INFO] - ✓ [Qwen/Qwen3-14B] Temp=0.0 Rep=1 → Concordo fortemente
[2026-05-12 12:30:51,868][__main__][INFO] - ✓ [Qwen/Qwen3-235B-A22B-Instruct-2507] Temp=0.0 Rep=1 → Discordo
[2026-05-12 12:30:52,133][__main__][INFO] - ✓ [Qwen/Qwen3-14B] Temp=0.0 Rep=1 → Concordo fortemente
[2026-05-12 12:30:52,426][__main__][INFO] - ✓ [Qwen/Qwen3-235B-A22B-Instruct-2507] Temp=0.0 Rep=1 → Discordo
[2026-05-12 12:30:52,556][__main__][INFO] - ✓ [Qwen/Qwen3-14B] Temp=0.0 Rep=1 → Concordo fortemente
[2026-05-12 12:30:52,660][__main__][INFO] - ✓ [Qwen/Qwen3-235B-A22B-Instruct-2507] Temp=0.0 Rep=1 → Neutro
[2026-05-12 12:30:52,891][__main__][INFO] - ✓ [Qwen/Qwen3-14B] Temp=0.0 Rep=1 → Concordo fortemente
[2026-05-12 12:30:53,450][__main__][INFO] - ✓ [meta-llama/Meta-Llama-3.1-70B-Instruct] Temp=0.0 Rep=1 → Discordo
[2026-05-12 12:30:53,458][__main__][INFO] - ✓ [meta-llama/Llama-4-Scout-17B-16E-Instruct] Temp=0.0 Rep=1 → Discordo
[2026-05-12 12:30:53,923][__main__][INFO] - ✓ [meta-llama/Llama-4-Scout-17B-16E-Instruct] Temp=0.0 Rep=1 → Concordo
[2026-05-12 12:30:54,085][__main__][INFO] - ✓ [meta-llama/Llama-4-Scout-17B-16E-Instruct] Temp=0.0 Rep=1 → Concordo
[2026-05-12 12:30:54,238][__main__][INFO] - ✓ [meta-llama/Meta-Llama-3.1-70B-Instruct] Temp=0.0 Rep=1 → Concordo
[2026-05-12 12:30:54,258][__main__][INFO] - ✓ [meta-llama/Meta-Llama-3.1-70B-Instruct] Temp=0.0 Rep=1 → Concordo
[2026-05-12 12:30:54,441][__main__][INFO] - ✓ [Qwen/Qwen3-14B] Temp=0.0 Rep=1 → Concordo fortemente
[2026-05-12 12:30:54,912][__main__][INFO] - ✓ [Qwen/Qwen3-14B] Temp=0.0 Rep=1 → Concordo fortemente
[2026-05-12 12:30:55,159][__main__][INFO] - ✓ [Qwen/Qwen3-14B] Temp=0.0 Rep=1 → Concordo fortemente
[2026-05-12 12:30:55,527][__main__][INFO] - ✓ [Qwen/Qwen3-235B-A22B-Instruct-2507] Temp=0.0 Rep=1 → Concordo fortemente
[2026-05-12 12:30:55,583][__main__][INFO] - ✓ [Qwen/Qwen3-235B-A22B-Instruct-2507] Temp=0.0 Rep=1 → Concordo
[2026-05-12 12:30:55,693][__main__][INFO] - ✓ [Qwen/Qwen3-235B-A22B-Instruct-2507] Temp=0.0 Rep=1 → Concordo
[2026-05-12 12:30:56,076][__main__][INFO] - ✓ [meta-llama/Llama-4-Scout-17B-16E-Instruct] Temp=0.0 Rep=1 → Concordo fortemente
[2026-05-12 12:30:56,080][__main__][INFO] - ✓ [meta-llama/Meta-Llama-3.1-70B-Instruct] Temp=0.0 Rep=1 → Concordo fortemente
[2026-05-12 12:30:56,250][__main__][INFO] - ✓ [meta-llama/Meta-Llama-3.1-70B-Instruct] Temp=0.0 Rep=1 → Discordo
[2026-05-12 12:30:56,362][__main__][INFO] - Salvamento incremental (4240 novas respostas)...
[2026-05-12 12:30:56,415][__main__][INFO] - Cache salvo com 244642 entradas
[2026-05-12 12:30:56,415][__main__][INFO] - ✓ [meta-llama/Meta-Llama-3.1-70B-Instruct] Temp=0.0 Rep=1 → Concordo fortemente
[2026-05-12 12:30:56,527][__main__][INFO] - ✓ [meta-llama/Llama-4-Scout-17B-16E-Instruct] Temp=0.0 Rep=1 → Discordo
[2026-05-12 12:30:56,534][__main__][INFO] - ✓ [meta-llama/Llama-4-Scout-17B-16E-Instruct] Temp=0.0 Rep=1 → Concordo fortemente
[2026-05-12 12:30:57,010][__main__][INFO] - ✓ [Qwen/Qwen3-235B-A22B-Instruct-2507] Temp=0.0 Rep=1 → Discordo
[2026-05-12 12:30:57,532][__main__][INFO] - ✓ [Qwen/Qwen3-235B-A22B-Instruct-2507] Temp=0.0 Rep=1 → Discordo
[2026-05-12 12:30:58,189][__main__][INFO] - ✓ [Qwen/Qwen3-235B-A22B-Instruct-2507] Temp=0.0 Rep=1 → Neutro
[2026-05-12 12:30:58,907][__main__][INFO] - ✓ [meta-llama/Meta-Llama-3.1-70B-Instruct] Temp=0.0 Rep=1 → Concordo
[2026-05-12 12:30:58,912][__main__][INFO] - ✓ [Qwen/Qwen3-14B] Temp=0.0 Rep=1 → Concordo fortemente
[2026-05-12 12:30:59,315][__main__][INFO] - ✓ [Qwen/Qwen3-14B] Temp=0.0 Rep=1 → Neutro
[2026-05-12 12:30:59,322][__main__][INFO] - ✓ [Qwen/Qwen3-14B] Temp=0.0 Rep=1 → Concordo fortemente
[2026-05-12 12:30:59,629][__main__][INFO] - ✓ [meta-llama/Meta-Llama-3.1-70B-Instruct] Temp=0.0 Rep=1 → Concordo
[2026-05-12 12:30:59,632][__main__][INFO] - ✓ [meta-llama/Meta-Llama-3.1-70B-Instruct] Temp=0.0 Rep=1 → Concordo
[2026-05-12 12:30:59,700][__main__][INFO] - ✓ [meta-llama/Llama-4-Scout-17B-16E-Instruct] Temp=0.0 Rep=1 → Discordo
[2026-05-12 12:30:59,713][__main__][INFO] - ✓ [meta-llama/Llama-4-Scout-17B-16E-Instruct] Temp=0.0 Rep=1 → Discordo
[2026-05-12 12:31:00,154][__main__][INFO] - ✓ [meta-llama/Llama-4-Scout-17B-16E-Instruct] Temp=0.0 Rep=1 → Neutro
[2026-05-12 12:31:00,750][__main__][INFO] - ✓ [Qwen/Qwen3-235B-A22B-Instruct-2507] Temp=0.0 Rep=1 → Discordo
[2026-05-12 12:31:00,754][__main__][INFO] - ✓ [Qwen/Qwen3-14B] Temp=0.0 Rep=1 → Concordo fortemente
[2026-05-12 12:31:01,202][__main__][INFO] - ✓ [Qwen/Qwen3-235B-A22B-Instruct-2507] Temp=0.0 Rep=1 → Discordo
[2026-05-12 12:31:01,329][__main__][INFO] - ✓ [Qwen/Qwen3-235B-A22B-Instruct-2507] Temp=0.0 Rep=1 → Neutro
[2026-05-12 12:31:01,727][__main__][INFO] - ✓ [Qwen/Qwen3-14B] Temp=0.0 Rep=1 → Concordo fortemente
[2026-05-12 12:31:01,772][__main__][INFO] - ✓ [meta-llama/Meta-Llama-3.1-70B-Instruct] Temp=0.0 Rep=1 → Discordo fortemente
[2026-05-12 12:31:01,887][__main__][INFO] - ✓ [meta-llama/Meta-Llama-3.1-70B-Instruct] Temp=0.0 Rep=1 → Concordo fortemente
[2026-05-12 12:31:02,140][__main__][INFO] - ✓ [meta-llama/Llama-4-Scout-17B-16E-Instruct] Temp=0.0 Rep=1 → Discordo
[2026-05-12 12:31:02,349][__main__][INFO] - ✓ [meta-llama/Llama-4-Scout-17B-16E-Instruct] Temp=0.0 Rep=1 → Concordo
[2026-05-12 12:31:02,456][__main__][INFO] - ✓ [meta-llama/Meta-Llama-3.1-70B-Instruct] Temp=0.0 Rep=1 → Discordo
[2026-05-12 12:31:02,541][__main__][INFO] - ✓ [meta-llama/Llama-4-Scout-17B-16E-Instruct] Temp=0.0 Rep=1 → Neutro
[2026-05-12 12:31:06,280][__main__][INFO] - ✓ [Qwen/Qwen3-14B] Temp=0.0 Rep=1 → Concordo fortemente
[2026-05-12 12:31:07,300][__main__][INFO] - ✓ [Qwen/Qwen3-235B-A22B-Instruct-2507] Temp=0.0 Rep=1 → Concordo fortemente
[2026-05-12 12:31:07,495][__main__][INFO] - ✓ [Qwen/Qwen3-14B] Temp=0.0 Rep=1 → Concordo fortemente
[2026-05-12 12:31:08,369][__main__][INFO] - ✓ [Qwen/Qwen3-14B] Temp=0.0 Rep=1 → Concordo fortemente
[2026-05-12 12:31:08,383][__main__][INFO] - ✓ [Qwen/Qwen3-14B] Temp=0.0 Rep=1 → Concordo fortemente
[2026-05-12 12:31:08,544][__main__][INFO] - ✓ [Qwen/Qwen3-14B] Temp=0.0 Rep=1 → Concordo fortemente
[2026-05-12 12:31:08,634][__main__][INFO] - ✓ [Qwen/Qwen3-235B-A22B-Instruct-2507] Temp=0.0 Rep=1 → Concordo
[2026-05-12 12:31:08,716][__main__][INFO] - ✓ [Qwen/Qwen3-14B] Temp=0.0 Rep=1 → Concordo fortemente
[2026-05-12 12:31:08,953][__main__][INFO] - ✓ [meta-llama/Meta-Llama-3.1-70B-Instruct] Temp=0.0 Rep=1 → Discordo
[2026-05-12 12:31:09,065][__main__][INFO] - ✓ [meta-llama/Llama-4-Scout-17B-16E-Instruct] Temp=0.0 Rep=1 → Discordo
[2026-05-12 12:31:09,069][__main__][INFO] - ✓ [meta-llama/Meta-Llama-3.1-70B-Instruct] Temp=0.0 Rep=1 → Concordo fortemente
[2026-05-12 12:31:09,093][__main__][INFO] - ✓ [meta-llama/Llama-4-Scout-17B-16E-Instruct] Temp=0.0 Rep=1 → Concordo fortemente
[2026-05-12 12:31:09,186][__main__][INFO] - ✓ [meta-llama/Meta-Llama-3.1-70B-Instruct] Temp=0.0 Rep=1 → Concordo fortemente
[2026-05-12 12:31:09,365][__main__][INFO] - ✓ [meta-llama/Llama-4-Scout-17B-16E-Instruct] Temp=0.0 Rep=1 → Concordo fortemente
[2026-05-12 12:31:09,591][__main__][INFO] - Salvamento incremental (4280 novas respostas)...
[2026-05-12 12:31:09,654][__main__][INFO] - Cache salvo com 244682 entradas
[2026-05-12 12:31:09,654][__main__][INFO] - ✓ [Qwen/Qwen3-235B-A22B-Instruct-2507] Temp=0.0 Rep=1 → Concordo fortemente
[2026-05-12 12:31:09,863][__main__][INFO] - ✓ [Qwen/Qwen3-235B-A22B-Instruct-2507] Temp=0.0 Rep=1 → Concordo fortemente
[2026-05-12 12:31:09,866][__main__][INFO] - ✓ [Qwen/Qwen3-14B] Temp=0.0 Rep=1 → Discordo
[2026-05-12 12:31:10,119][__main__][INFO] - ✓ [Qwen/Qwen3-235B-A22B-Instruct-2507] Temp=0.0 Rep=1 → Concordo fortemente
[2026-05-12 12:31:10,122][__main__][INFO] - ✓ [Qwen/Qwen3-14B] Temp=0.0 Rep=1 → Concordo fortemente
[2026-05-12 12:31:10,306][__main__][INFO] - ✓ [Qwen/Qwen3-235B-A22B-Instruct-2507] Temp=0.0 Rep=1 → Concordo fortemente
[2026-05-12 12:31:10,310][__main__][INFO] - ✓ [meta-llama/Meta-Llama-3.1-70B-Instruct] Temp=0.0 Rep=1 → Discordo
[2026-05-12 12:31:10,485][__main__][INFO] - ✓ [meta-llama/Meta-Llama-3.1-70B-Instruct] Temp=0.0 Rep=1 → Concordo fortemente
[2026-05-12 12:31:10,639][__main__][INFO] - ✓ [meta-llama/Llama-4-Scout-17B-16E-Instruct] Temp=0.0 Rep=1 → Concordo fortemente
[2026-05-12 12:31:10,811][__main__][INFO] - ✓ [meta-llama/Meta-Llama-3.1-70B-Instruct] Temp=0.0 Rep=1 → Concordo fortemente
[2026-05-12 12:31:10,864][__main__][INFO] - ✓ [meta-llama/Llama-4-Scout-17B-16E-Instruct] Temp=0.0 Rep=1 → Concordo
[2026-05-12 12:31:10,889][__main__][INFO] - ✓ [meta-llama/Llama-4-Scout-17B-16E-Instruct] Temp=0.0 Rep=1 → Concordo fortemente
[2026-05-12 12:31:11,401][__main__][INFO] - ✓ [Qwen/Qwen3-14B] Temp=0.0 Rep=1 → Discordo
[2026-05-12 12:31:11,585][__main__][INFO] - ✓ [Qwen/Qwen3-235B-A22B-Instruct-2507] Temp=0.0 Rep=1 → Discordo
[2026-05-12 12:31:11,597][__main__][INFO] - ✓ [Qwen/Qwen3-235B-A22B-Instruct-2507] Temp=0.0 Rep=1 → Discordo
[2026-05-12 12:31:11,688][__main__][INFO] - ✓ [Qwen/Qwen3-14B] Temp=0.0 Rep=1 → Neutro
[2026-05-12 12:31:12,114][__main__][INFO] - ✓ [meta-llama/Meta-Llama-3.1-70B-Instruct] Temp=0.0 Rep=1 → Discordo
[2026-05-12 12:31:12,211][__main__][INFO] - ✓ [Qwen/Qwen3-235B-A22B-Instruct-2507] Temp=0.0 Rep=1 → Neutro
[2026-05-12 12:31:12,366][__main__][INFO] - ✓ [meta-llama/Meta-Llama-3.1-70B-Instruct] Temp=0.0 Rep=1 → Concordo
[2026-05-12 12:31:12,446][__main__][INFO] - ✓ [meta-llama/Meta-Llama-3.1-70B-Instruct] Temp=0.0 Rep=1 → Concordo fortemente
[2026-05-12 12:31:12,573][__main__][INFO] - ✓ [meta-llama/Llama-4-Scout-17B-16E-Instruct] Temp=0.0 Rep=1 → Discordo
[2026-05-12 12:31:12,742][__main__][INFO] - ✓ [meta-llama/Llama-4-Scout-17B-16E-Instruct] Temp=0.0 Rep=1 → Neutro
[2026-05-12 12:31:12,786][__main__][INFO] - ✓ [meta-llama/Llama-4-Scout-17B-16E-Instruct] Temp=0.0 Rep=1 → Neutro
[2026-05-12 12:31:13,639][__main__][INFO] - ✓ [Qwen/Qwen3-235B-A22B-Instruct-2507] Temp=0.0 Rep=1 → Concordo fortemente
[2026-05-12 12:31:14,473][__main__][INFO] - ✓ [Qwen/Qwen3-235B-A22B-Instruct-2507] Temp=0.0 Rep=1 → Concordo fortemente
[2026-05-12 12:31:14,508][__main__][INFO] - ✓ [Qwen/Qwen3-14B] Temp=0.0 Rep=1 → Concordo fortemente
[2026-05-12 12:31:14,677][__main__][INFO] - ✓ [Qwen/Qwen3-14B] Temp=0.0 Rep=1 → Concordo fortemente
[2026-05-12 12:31:14,902][__main__][INFO] - ✓ [Qwen/Qwen3-235B-A22B-Instruct-2507] Temp=0.0 Rep=1 → Concordo fortemente
[2026-05-12 12:31:15,063][__main__][INFO] - ✓ [meta-llama/Meta-Llama-3.1-70B-Instruct] Temp=0.0 Rep=1 → Concordo fortemente
[2026-05-12 12:31:15,129][__main__][INFO] - ✓ [meta-llama/Meta-Llama-3.1-70B-Instruct] Temp=0.0 Rep=1 → Discordo
[2026-05-12 12:31:15,599][__main__][INFO] - ✓ [meta-llama/Llama-4-Scout-17B-16E-Instruct] Temp=0.0 Rep=1 → Concordo fortemente
[2026-05-12 12:31:15,602][__main__][INFO] - ✓ [meta-llama/Meta-Llama-3.1-70B-Instruct] Temp=0.0 Rep=1 → Concordo fortemente
[2026-05-12 12:31:15,637][__main__][INFO] - ✓ [meta-llama/Llama-4-Scout-17B-16E-Instruct] Temp=0.0 Rep=1 → Concordo
[2026-05-12 12:31:15,679][__main__][INFO] - ✓ [Qwen/Qwen3-14B] Temp=0.0 Rep=1 → Discordo
[2026-05-12 12:31:15,695][__main__][INFO] - ✓ [Qwen/Qwen3-14B] Temp=0.0 Rep=1 → Concordo fortemente
[2026-05-12 12:31:16,108][__main__][INFO] - ✓ [meta-llama/Llama-4-Scout-17B-16E-Instruct] Temp=0.0 Rep=1 → Concordo fortemente
[2026-05-12 12:31:16,126][__main__][INFO] - ✓ [Qwen/Qwen3-14B] Temp=0.0 Rep=1 → Concordo fortemente
[2026-05-12 12:31:16,173][__main__][INFO] - ✓ [Qwen/Qwen3-235B-A22B-Instruct-2507] Temp=0.0 Rep=1 → Discordo
[2026-05-12 12:31:16,784][__main__][INFO] - ✓ [Qwen/Qwen3-235B-A22B-Instruct-2507] Temp=0.0 Rep=1 → Discordo
[2026-05-12 12:31:16,934][__main__][INFO] - ✓ [Qwen/Qwen3-235B-A22B-Instruct-2507] Temp=0.0 Rep=1 → Neutro
[2026-05-12 12:31:16,934][__main__][INFO] - Salvamento incremental (4320 novas respostas)...
[2026-05-12 12:31:16,990][__main__][INFO] - Cache salvo com 244722 entradas
[2026-05-12 12:31:16,990][__main__][INFO] - ✓ [meta-llama/Meta-Llama-3.1-70B-Instruct] Temp=0.0 Rep=1 → Discordo fortemente
[2026-05-12 12:31:17,241][__main__][INFO] - ✓ [Qwen/Qwen3-14B] Temp=0.0 Rep=1 → Concordo fortemente
[2026-05-12 12:31:17,454][__main__][INFO] - ✓ [meta-llama/Llama-4-Scout-17B-16E-Instruct] Temp=0.0 Rep=1 → Discordo
[2026-05-12 12:31:17,478][__main__][INFO] - ✓ [meta-llama/Meta-Llama-3.1-70B-Instruct] Temp=0.0 Rep=1 → Concordo fortemente
[2026-05-12 12:31:17,526][__main__][INFO] - ✓ [meta-llama/Meta-Llama-3.1-70B-Instruct] Temp=0.0 Rep=1 → Concordo
[2026-05-12 12:31:17,660][__main__][INFO] - ✓ [meta-llama/Llama-4-Scout-17B-16E-Instruct] Temp=0.0 Rep=1 → Discordo
[2026-05-12 12:31:17,982][__main__][INFO] - ✓ [meta-llama/Llama-4-Scout-17B-16E-Instruct] Temp=0.0 Rep=1 → Neutro
[2026-05-12 12:31:18,874][__main__][INFO] - ✓ [Qwen/Qwen3-235B-A22B-Instruct-2507] Temp=0.0 Rep=1 → Concordo fortemente
[2026-05-12 12:31:19,029][__main__][INFO] - ✓ [Qwen/Qwen3-14B] Temp=0.0 Rep=1 → Concordo fortemente
[2026-05-12 12:31:19,430][__main__][INFO] - ✓ [Qwen/Qwen3-235B-A22B-Instruct-2507] Temp=0.0 Rep=1 → Concordo fortemente
[2026-05-12 12:31:19,552][__main__][INFO] - ✓ [Qwen/Qwen3-235B-A22B-Instruct-2507] Temp=0.0 Rep=1 → Concordo fortemente
[2026-05-12 12:31:20,208][__main__][INFO] - ✓ [Qwen/Qwen3-14B] Temp=0.0 Rep=1 → Neutro
[2026-05-12 12:31:20,294][__main__][INFO] - ✓ [meta-llama/Meta-Llama-3.1-70B-Instruct] Temp=0.0 Rep=1 → Discordo
[2026-05-12 12:31:20,374][__main__][INFO] - ✓ [meta-llama/Meta-Llama-3.1-70B-Instruct] Temp=0.0 Rep=1 → Concordo fortemente
[2026-05-12 12:31:20,444][__main__][INFO] - ✓ [Qwen/Qwen3-14B] Temp=0.0 Rep=1 → Concordo fortemente
[2026-05-12 12:31:20,755][__main__][INFO] - ✓ [meta-llama/Llama-4-Scout-17B-16E-Instruct] Temp=0.0 Rep=1 → Concordo fortemente
[2026-05-12 12:31:20,908][__main__][INFO] - ✓ [meta-llama/Meta-Llama-3.1-70B-Instruct] Temp=0.0 Rep=1 → Concordo fortemente
[2026-05-12 12:31:20,955][__main__][INFO] - ✓ [meta-llama/Llama-4-Scout-17B-16E-Instruct] Temp=0.0 Rep=1 → Concordo fortemente
[2026-05-12 12:31:21,129][__main__][INFO] - ✓ [meta-llama/Llama-4-Scout-17B-16E-Instruct] Temp=0.0 Rep=1 → Concordo fortemente
[2026-05-12 12:31:21,743][__main__][INFO] - ✓ [Qwen/Qwen3-235B-A22B-Instruct-2507] Temp=0.0 Rep=1 → Discordo
[2026-05-12 12:31:22,173][__main__][INFO] - ✓ [Qwen/Qwen3-14B] Temp=0.0 Rep=1 → Concordo fortemente
[2026-05-12 12:31:22,354][__main__][INFO] - ✓ [Qwen/Qwen3-235B-A22B-Instruct-2507] Temp=0.0 Rep=1 → Discordo
[2026-05-12 12:31:22,697][__main__][INFO] - ✓ [Qwen/Qwen3-235B-A22B-Instruct-2507] Temp=0.0 Rep=1 → Neutro
[2026-05-12 12:31:23,035][__main__][INFO] - ✓ [meta-llama/Meta-Llama-3.1-70B-Instruct] Temp=0.0 Rep=1 → Discordo fortemente
[2026-05-12 12:31:23,310][__main__][INFO] - ✓ [meta-llama/Meta-Llama-3.1-70B-Instruct] Temp=0.0 Rep=1 → Concordo fortemente
[2026-05-12 12:31:23,539][__main__][INFO] - ✓ [meta-llama/Meta-Llama-3.1-70B-Instruct] Temp=0.0 Rep=1 → Discordo
[2026-05-12 12:31:23,624][__main__][INFO] - ✓ [Qwen/Qwen3-14B] Temp=0.0 Rep=1 → Discordo
[2026-05-12 12:31:23,747][__main__][INFO] - ✓ [meta-llama/Llama-4-Scout-17B-16E-Instruct] Temp=0.0 Rep=1 → Discordo fortemente
[2026-05-12 12:31:23,933][__main__][INFO] - ✓ [Qwen/Qwen3-14B] Temp=0.0 Rep=1 → Discordo
[2026-05-12 12:31:23,986][__main__][INFO] - ✓ [meta-llama/Llama-4-Scout-17B-16E-Instruct] Temp=0.0 Rep=1 → Neutro
[2026-05-12 12:31:23,998][__main__][INFO] - ✓ [meta-llama/Llama-4-Scout-17B-16E-Instruct] Temp=0.0 Rep=1 → Neutro
[2026-05-12 12:31:24,549][__main__][INFO] - ✓ [Qwen/Qwen3-235B-A22B-Instruct-2507] Temp=0.0 Rep=1 → Concordo fortemente
[2026-05-12 12:31:24,795][__main__][INFO] - ✓ [Qwen/Qwen3-14B] Temp=0.0 Rep=1 → Concordo fortemente
[2026-05-12 12:31:24,854][__main__][INFO] - ✓ [Qwen/Qwen3-14B] Temp=0.0 Rep=1 → Neutro
[2026-05-12 12:31:25,017][__main__][INFO] - ✓ [Qwen/Qwen3-235B-A22B-Instruct-2507] Temp=0.0 Rep=1 → Discordo
[2026-05-12 12:31:25,032][__main__][INFO] - ✓ [Qwen/Qwen3-14B] Temp=0.0 Rep=1 → Concordo fortemente
[2026-05-12 12:31:25,331][__main__][INFO] - ✓ [Qwen/Qwen3-235B-A22B-Instruct-2507] Temp=0.0 Rep=1 → Concordo fortemente
[2026-05-12 12:31:25,429][__main__][INFO] - ✓ [meta-llama/Meta-Llama-3.1-70B-Instruct] Temp=0.0 Rep=1 → Concordo fortemente
[2026-05-12 12:31:25,454][__main__][INFO] - ✓ [meta-llama/Meta-Llama-3.1-70B-Instruct] Temp=0.0 Rep=1 → Discordo
[2026-05-12 12:31:25,559][__main__][INFO] - ✓ [meta-llama/Meta-Llama-3.1-70B-Instruct] Temp=0.0 Rep=1 → Concordo fortemente
[2026-05-12 12:31:25,844][__main__][INFO] - Salvamento incremental (4360 novas respostas)...
[2026-05-12 12:31:25,897][__main__][INFO] - Cache salvo com 244762 entradas
[2026-05-12 12:31:25,897][__main__][INFO] - ✓ [meta-llama/Llama-4-Scout-17B-16E-Instruct] Temp=0.0 Rep=1 → Concordo fortemente
[2026-05-12 12:31:25,899][__main__][INFO] - ✓ [meta-llama/Llama-4-Scout-17B-16E-Instruct] Temp=0.0 Rep=1 → Concordo fortemente
[2026-05-12 12:31:25,899][__main__][INFO] - ✓ [meta-llama/Llama-4-Scout-17B-16E-Instruct] Temp=0.0 Rep=1 → Discordo
[2026-05-12 12:31:26,529][__main__][INFO] - ✓ [Qwen/Qwen3-235B-A22B-Instruct-2507] Temp=0.0 Rep=1 → Concordo fortemente
[2026-05-12 12:31:26,681][__main__][INFO] - ✓ [Qwen/Qwen3-14B] Temp=0.0 Rep=1 → Concordo fortemente
[2026-05-12 12:31:27,168][__main__][INFO] - ✓ [Qwen/Qwen3-235B-A22B-Instruct-2507] Temp=0.0 Rep=1 → Neutro
[2026-05-12 12:31:27,248][__main__][INFO] - ✓ [Qwen/Qwen3-235B-A22B-Instruct-2507] Temp=0.0 Rep=1 → Concordo fortemente
[2026-05-12 12:31:27,786][__main__][INFO] - ✓ [meta-llama/Meta-Llama-3.1-70B-Instruct] Temp=0.0 Rep=1 → Discordo
[2026-05-12 12:31:27,786][__main__][INFO] - ✓ [meta-llama/Meta-Llama-3.1-70B-Instruct] Temp=0.0 Rep=1 → Concordo fortemente
[2026-05-12 12:31:28,502][__main__][INFO] - ✓ [meta-llama/Llama-4-Scout-17B-16E-Instruct] Temp=0.0 Rep=1 → Concordo fortemente
[2026-05-12 12:31:28,539][__main__][INFO] - ✓ [meta-llama/Meta-Llama-3.1-70B-Instruct] Temp=0.0 Rep=1 → Concordo fortemente
[2026-05-12 12:31:28,988][__main__][INFO] - ✓ [meta-llama/Llama-4-Scout-17B-16E-Instruct] Temp=0.0 Rep=1 → Concordo
[2026-05-12 12:31:28,994][__main__][INFO] - ✓ [meta-llama/Llama-4-Scout-17B-16E-Instruct] Temp=0.0 Rep=1 → Concordo fortemente
[2026-05-12 12:31:30,240][__main__][INFO] - ✓ [Qwen/Qwen3-14B] Temp=0.0 Rep=1 → Concordo fortemente
[2026-05-12 12:31:30,562][__main__][INFO] - ✓ [Qwen/Qwen3-14B] Temp=0.0 Rep=1 → Concordo fortemente
[2026-05-12 12:31:31,164][__main__][INFO] - ✓ [Qwen/Qwen3-235B-A22B-Instruct-2507] Temp=0.0 Rep=1 → Concordo fortemente
[2026-05-12 12:31:31,211][__main__][INFO] - ✓ [Qwen/Qwen3-14B] Temp=0.0 Rep=1 → Discordo
[2026-05-12 12:31:31,405][__main__][INFO] - ✓ [Qwen/Qwen3-14B] Temp=0.0 Rep=1 → Concordo fortemente
[2026-05-12 12:31:31,517][__main__][INFO] - ✓ [Qwen/Qwen3-235B-A22B-Instruct-2507] Temp=0.0 Rep=1 → Discordo
[2026-05-12 12:31:31,612][__main__][INFO] - ✓ [Qwen/Qwen3-14B] Temp=0.0 Rep=1 → Concordo fortemente
[2026-05-12 12:31:31,638][__main__][INFO] - ✓ [Qwen/Qwen3-235B-A22B-Instruct-2507] Temp=0.0 Rep=1 → Concordo fortemente
[2026-05-12 12:31:31,881][__main__][INFO] - ✓ [Qwen/Qwen3-14B] Temp=0.0 Rep=1 → Concordo fortemente
[2026-05-12 12:31:31,985][__main__][INFO] - ✓ [meta-llama/Meta-Llama-3.1-70B-Instruct] Temp=0.0 Rep=1 → Concordo fortemente
[2026-05-12 12:31:32,045][__main__][INFO] - ✓ [meta-llama/Meta-Llama-3.1-70B-Instruct] Temp=0.0 Rep=1 → Discordo
[2026-05-12 12:31:32,138][__main__][INFO] - ✓ [meta-llama/Llama-4-Scout-17B-16E-Instruct] Temp=0.0 Rep=1 → Concordo fortemente
[2026-05-12 12:31:32,142][__main__][INFO] - ✓ [meta-llama/Meta-Llama-3.1-70B-Instruct] Temp=0.0 Rep=1 → Concordo fortemente
[2026-05-12 12:31:32,179][__main__][INFO] - ✓ [meta-llama/Llama-4-Scout-17B-16E-Instruct] Temp=0.0 Rep=1 → Discordo
[2026-05-12 12:31:32,541][__main__][INFO] - ✓ [meta-llama/Llama-4-Scout-17B-16E-Instruct] Temp=0.0 Rep=1 → Concordo fortemente
[2026-05-12 12:31:32,795][__main__][INFO] - ✓ [Qwen/Qwen3-235B-A22B-Instruct-2507] Temp=0.0 Rep=1 → Discordo
[2026-05-12 12:31:33,185][__main__][INFO] - ✓ [Qwen/Qwen3-235B-A22B-Instruct-2507] Temp=0.0 Rep=1 → Discordo
[2026-05-12 12:31:33,326][__main__][INFO] - ✓ [Qwen/Qwen3-235B-A22B-Instruct-2507] Temp=0.0 Rep=1 → Neutro
[2026-05-12 12:31:33,731][__main__][INFO] - ✓ [meta-llama/Meta-Llama-3.1-70B-Instruct] Temp=0.0 Rep=1 → Discordo fortemente
[2026-05-12 12:31:33,996][__main__][INFO] - ✓ [meta-llama/Meta-Llama-3.1-70B-Instruct] Temp=0.0 Rep=1 → Concordo fortemente
[2026-05-12 12:31:34,316][__main__][INFO] - ✓ [Qwen/Qwen3-14B] Temp=0.0 Rep=1 → Concordo fortemente
[2026-05-12 12:31:34,342][__main__][INFO] - ✓ [meta-llama/Meta-Llama-3.1-70B-Instruct] Temp=0.0 Rep=1 → Discordo
[2026-05-12 12:31:34,418][__main__][INFO] - ✓ [meta-llama/Llama-4-Scout-17B-16E-Instruct] Temp=0.0 Rep=1 → Discordo fortemente
[2026-05-12 12:31:34,617][__main__][INFO] - ✓ [meta-llama/Llama-4-Scout-17B-16E-Instruct] Temp=0.0 Rep=1 → Concordo
[2026-05-12 12:31:34,624][__main__][INFO] - ✓ [meta-llama/Llama-4-Scout-17B-16E-Instruct] Temp=0.0 Rep=1 → Discordo
[2026-05-12 12:31:35,056][__main__][INFO] - ✓ [Qwen/Qwen3-14B] Temp=0.0 Rep=1 → Concordo fortemente
[2026-05-12 12:31:35,605][__main__][INFO] - ✓ [Qwen/Qwen3-235B-A22B-Instruct-2507] Temp=0.0 Rep=1 → Discordo
[2026-05-12 12:31:36,389][__main__][INFO] - Salvamento incremental (4400 novas respostas)...
[2026-05-12 12:31:36,446][__main__][INFO] - Cache salvo com 244802 entradas
[2026-05-12 12:31:36,446][__main__][INFO] - ✓ [Qwen/Qwen3-235B-A22B-Instruct-2507] Temp=0.0 Rep=1 → Discordo
[2026-05-12 12:31:36,921][__main__][INFO] - ✓ [Qwen/Qwen3-235B-A22B-Instruct-2507] Temp=0.0 Rep=1 → Neutro
[2026-05-12 12:31:37,916][__main__][INFO] - ✓ [meta-llama/Meta-Llama-3.1-70B-Instruct] Temp=0.0 Rep=1 → Discordo fortemente
[2026-05-12 12:31:38,638][__main__][INFO] - ✓ [meta-llama/Meta-Llama-3.1-70B-Instruct] Temp=0.0 Rep=1 → Concordo fortemente
[2026-05-12 12:31:39,058][__main__][INFO] - ✓ [Qwen/Qwen3-14B] Temp=0.0 Rep=1 → Concordo fortemente
[2026-05-12 12:31:39,226][__main__][INFO] - ✓ [meta-llama/Meta-Llama-3.1-70B-Instruct] Temp=0.0 Rep=1 → Discordo
[2026-05-12 12:31:39,539][__main__][INFO] - ✓ [meta-llama/Llama-4-Scout-17B-16E-Instruct] Temp=0.0 Rep=1 → Discordo fortemente
[2026-05-12 12:31:39,612][__main__][INFO] - ✓ [meta-llama/Llama-4-Scout-17B-16E-Instruct] Temp=0.0 Rep=1 → Concordo
[2026-05-12 12:31:39,885][__main__][INFO] - ✓ [meta-llama/Llama-4-Scout-17B-16E-Instruct] Temp=0.0 Rep=1 → Discordo
[2026-05-12 12:31:39,999][__main__][INFO] - ✓ [Qwen/Qwen3-14B] Temp=0.0 Rep=1 → Concordo fortemente
[2026-05-12 12:31:40,307][__main__][INFO] - ✓ [Qwen/Qwen3-14B] Temp=0.0 Rep=1 → Concordo fortemente
[2026-05-12 12:31:41,909][__main__][INFO] - ✓ [Qwen/Qwen3-14B] Temp=0.0 Rep=1 → Concordo fortemente
[2026-05-12 12:31:43,293][__main__][INFO] - ✓ [Qwen/Qwen3-14B] Temp=0.0 Rep=1 → Concordo fortemente
[2026-05-12 12:31:43,345][__main__][INFO] - ✓ [Qwen/Qwen3-14B] Temp=0.0 Rep=1 → Concordo fortemente
[2026-05-12 12:31:43,897][__main__][INFO] - ✓ [meta-llama/Meta-Llama-3.1-70B-Instruct] Temp=0.0 Rep=1 → Concordo
[2026-05-12 12:31:44,561][__main__][INFO] - ✓ [meta-llama/Meta-Llama-3.1-70B-Instruct] Temp=0.0 Rep=1 → Concordo fortemente
[2026-05-12 12:31:45,602][__main__][INFO] - ✓ [Qwen/Qwen3-14B] Temp=0.0 Rep=1 → Concordo fortemente
[2026-05-12 12:31:45,608][__main__][INFO] - ✓ [meta-llama/Meta-Llama-3.1-70B-Instruct] Temp=0.0 Rep=1 → Concordo fortemente
[2026-05-12 12:31:46,115][__main__][INFO] - ✓ [meta-llama/Llama-4-Scout-17B-16E-Instruct] Temp=0.0 Rep=1 → Concordo
[2026-05-12 12:31:46,116][__main__][INFO] - ✓ [meta-llama/Llama-4-Scout-17B-16E-Instruct] Temp=0.0 Rep=1 → Concordo fortemente
[2026-05-12 12:31:46,117][__main__][INFO] - ✓ [Qwen/Qwen3-14B] Temp=0.0 Rep=1 → Concordo fortemente
[2026-05-12 12:31:46,177][__main__][INFO] - ✓ [Qwen/Qwen3-14B] Temp=0.0 Rep=1 → Concordo fortemente
[2026-05-12 12:31:46,472][__main__][INFO] - ✓ [meta-llama/Llama-4-Scout-17B-16E-Instruct] Temp=0.0 Rep=1 → Concordo fortemente
[2026-05-12 12:31:46,840][__main__][INFO] - ✓ [Qwen/Qwen3-14B] Temp=0.0 Rep=1 → Concordo fortemente
[2026-05-12 12:31:46,846][__main__][INFO] - ✓ [Qwen/Qwen3-235B-A22B-Instruct-2507] Temp=0.0 Rep=1 → Discordo
[2026-05-12 12:31:46,883][__main__][INFO] - ✓ [Qwen/Qwen3-235B-A22B-Instruct-2507] Temp=0.0 Rep=1 → Discordo
[2026-05-12 12:31:47,084][__main__][INFO] - ✓ [Qwen/Qwen3-235B-A22B-Instruct-2507] Temp=0.0 Rep=1 → Concordo fortemente
[2026-05-12 12:31:47,197][__main__][INFO] - ✓ [Qwen/Qwen3-235B-A22B-Instruct-2507] Temp=0.0 Rep=1 → Concordo fortemente
[2026-05-12 12:31:47,369][__main__][INFO] - ✓ [meta-llama/Meta-Llama-3.1-70B-Instruct] Temp=0.0 Rep=1 → Concordo
[2026-05-12 12:31:47,421][__main__][INFO] - ✓ [Qwen/Qwen3-235B-A22B-Instruct-2507] Temp=0.0 Rep=1 → Concordo
[2026-05-12 12:31:47,459][__main__][INFO] - ✓ [Qwen/Qwen3-235B-A22B-Instruct-2507] Temp=0.0 Rep=1 → Concordo
[2026-05-12 12:31:47,580][__main__][INFO] - ✓ [meta-llama/Meta-Llama-3.1-70B-Instruct] Temp=0.0 Rep=1 → Concordo
[2026-05-12 12:31:47,687][__main__][INFO] - ✓ [meta-llama/Meta-Llama-3.1-70B-Instruct] Temp=0.0 Rep=1 → Concordo
[2026-05-12 12:31:47,864][__main__][INFO] - ✓ [meta-llama/Llama-4-Scout-17B-16E-Instruct] Temp=0.0 Rep=1 → Concordo
[2026-05-12 12:31:47,868][__main__][INFO] - ✓ [meta-llama/Llama-4-Scout-17B-16E-Instruct] Temp=0.0 Rep=1 → Concordo fortemente
[2026-05-12 12:31:47,868][__main__][INFO] - ✓ [meta-llama/Llama-4-Scout-17B-16E-Instruct] Temp=0.0 Rep=1 → Concordo
[2026-05-12 12:31:48,466][__main__][INFO] - ✓ [Qwen/Qwen3-235B-A22B-Instruct-2507] Temp=0.0 Rep=1 → Discordo
[2026-05-12 12:31:48,470][__main__][INFO] - ✓ [Qwen/Qwen3-235B-A22B-Instruct-2507] Temp=0.0 Rep=1 → Discordo
[2026-05-12 12:31:49,082][__main__][INFO] - ✓ [meta-llama/Meta-Llama-3.1-70B-Instruct] Temp=0.0 Rep=1 → Discordo
[2026-05-12 12:31:49,207][__main__][INFO] - ✓ [Qwen/Qwen3-235B-A22B-Instruct-2507] Temp=0.0 Rep=1 → Discordo
[2026-05-12 12:31:49,504][__main__][INFO] - Salvamento incremental (4440 novas respostas)...
[2026-05-12 12:31:49,572][__main__][INFO] - Cache salvo com 244842 entradas
[2026-05-12 12:31:49,572][__main__][INFO] - ✓ [Qwen/Qwen3-14B] Temp=0.0 Rep=1 → Concordo fortemente
[2026-05-12 12:31:49,986][__main__][INFO] - ✓ [meta-llama/Meta-Llama-3.1-70B-Instruct] Temp=0.0 Rep=1 → Concordo fortemente
[2026-05-12 12:31:50,015][__main__][INFO] - ✓ [meta-llama/Llama-4-Scout-17B-16E-Instruct] Temp=0.0 Rep=1 → Concordo fortemente
[2026-05-12 12:31:50,028][__main__][INFO] - ✓ [meta-llama/Meta-Llama-3.1-70B-Instruct] Temp=0.0 Rep=1 → Concordo fortemente
[2026-05-12 12:31:50,391][__main__][INFO] - ✓ [meta-llama/Llama-4-Scout-17B-16E-Instruct] Temp=0.0 Rep=1 → Concordo fortemente
[2026-05-12 12:31:50,484][__main__][INFO] - ✓ [meta-llama/Llama-4-Scout-17B-16E-Instruct] Temp=0.0 Rep=1 → Concordo fortemente
[2026-05-12 12:31:55,637][__main__][INFO] - ✓ [Qwen/Qwen3-14B] Temp=0.0 Rep=1 → Concordo fortemente
[2026-05-12 12:31:55,641][__main__][INFO] - ✓ [Qwen/Qwen3-14B] Temp=0.0 Rep=1 → Concordo fortemente
[2026-05-12 12:31:56,151][__main__][INFO] - ✓ [Qwen/Qwen3-235B-A22B-Instruct-2507] Temp=0.0 Rep=1 → Discordo
[2026-05-12 12:31:56,154][__main__][INFO] - ✓ [Qwen/Qwen3-235B-A22B-Instruct-2507] Temp=0.0 Rep=1 → Discordo
[2026-05-12 12:31:56,564][__main__][INFO] - ✓ [Qwen/Qwen3-235B-A22B-Instruct-2507] Temp=0.0 Rep=1 → Discordo
[2026-05-12 12:31:56,825][__main__][INFO] - ✓ [meta-llama/Meta-Llama-3.1-70B-Instruct] Temp=0.0 Rep=1 → Discordo
[2026-05-12 12:31:57,375][__main__][INFO] - ✓ [meta-llama/Meta-Llama-3.1-70B-Instruct] Temp=0.0 Rep=1 → Concordo fortemente
[2026-05-12 12:31:57,389][__main__][INFO] - ✓ [meta-llama/Meta-Llama-3.1-70B-Instruct] Temp=0.0 Rep=1 → Concordo fortemente
[2026-05-12 12:31:57,831][__main__][INFO] - ✓ [meta-llama/Llama-4-Scout-17B-16E-Instruct] Temp=0.0 Rep=1 → Concordo
[2026-05-12 12:31:57,988][__main__][INFO] - ✓ [meta-llama/Llama-4-Scout-17B-16E-Instruct] Temp=0.0 Rep=1 → Concordo fortemente
[2026-05-12 12:31:58,173][__main__][INFO] - ✓ [meta-llama/Llama-4-Scout-17B-16E-Instruct] Temp=0.0 Rep=1 → Concordo fortemente
[2026-05-12 12:31:58,447][__main__][INFO] - ✓ [Qwen/Qwen3-14B] Temp=0.0 Rep=1 → Discordo
[2026-05-12 12:31:59,461][__main__][INFO] - ✓ [Qwen/Qwen3-14B] Temp=0.0 Rep=1 → Concordo fortemente
[2026-05-12 12:31:59,798][__main__][INFO] - ✓ [Qwen/Qwen3-14B] Temp=0.0 Rep=1 → Concordo fortemente
[2026-05-12 12:32:00,203][__main__][INFO] - ✓ [Qwen/Qwen3-14B] Temp=0.0 Rep=1 → Concordo fortemente
[2026-05-12 12:32:00,236][__main__][INFO] - ✓ [Qwen/Qwen3-235B-A22B-Instruct-2507] Temp=0.0 Rep=1 → Concordo fortemente
[2026-05-12 12:32:00,356][__main__][INFO] - ✓ [Qwen/Qwen3-235B-A22B-Instruct-2507] Temp=0.0 Rep=1 → Concordo fortemente
[2026-05-12 12:32:00,783][__main__][INFO] - ✓ [meta-llama/Meta-Llama-3.1-70B-Instruct] Temp=0.0 Rep=1 → Concordo
[2026-05-12 12:32:00,972][__main__][INFO] - ✓ [Qwen/Qwen3-235B-A22B-Instruct-2507] Temp=0.0 Rep=1 → Concordo fortemente
[2026-05-12 12:32:00,976][__main__][INFO] - ✓ [meta-llama/Meta-Llama-3.1-70B-Instruct] Temp=0.0 Rep=1 → Concordo
[2026-05-12 12:32:01,295][__main__][INFO] - ✓ [meta-llama/Meta-Llama-3.1-70B-Instruct] Temp=0.0 Rep=1 → Concordo
[2026-05-12 12:32:01,496][__main__][INFO] - ✓ [meta-llama/Llama-4-Scout-17B-16E-Instruct] Temp=0.0 Rep=1 → Concordo fortemente
[2026-05-12 12:32:01,558][__main__][INFO] - ✓ [meta-llama/Llama-4-Scout-17B-16E-Instruct] Temp=0.0 Rep=1 → Concordo
[2026-05-12 12:32:01,712][__main__][INFO] - ✓ [meta-llama/Llama-4-Scout-17B-16E-Instruct] Temp=0.0 Rep=1 → Concordo
[2026-05-12 12:32:04,955][__main__][INFO] - ✓ [Qwen/Qwen3-14B] Temp=0.0 Rep=1 → Concordo fortemente
[2026-05-12 12:32:05,776][__main__][INFO] - ✓ [Qwen/Qwen3-235B-A22B-Instruct-2507] Temp=0.0 Rep=1 → Concordo fortemente
[2026-05-12 12:32:06,369][__main__][INFO] - ✓ [Qwen/Qwen3-14B] Temp=0.0 Rep=1 → Concordo fortemente
[2026-05-12 12:32:06,379][__main__][INFO] - ✓ [Qwen/Qwen3-235B-A22B-Instruct-2507] Temp=0.0 Rep=1 → Concordo fortemente
[2026-05-12 12:32:06,850][__main__][INFO] - ✓ [Qwen/Qwen3-235B-A22B-Instruct-2507] Temp=0.0 Rep=1 → Concordo
[2026-05-12 12:32:07,263][__main__][INFO] - ✓ [meta-llama/Meta-Llama-3.1-70B-Instruct] Temp=0.0 Rep=1 → Concordo
[2026-05-12 12:32:07,398][__main__][INFO] - ✓ [meta-llama/Meta-Llama-3.1-70B-Instruct] Temp=0.0 Rep=1 → Concordo
[2026-05-12 12:32:07,786][__main__][INFO] - ✓ [meta-llama/Meta-Llama-3.1-70B-Instruct] Temp=0.0 Rep=1 → Concordo
[2026-05-12 12:32:07,811][__main__][INFO] - ✓ [meta-llama/Llama-4-Scout-17B-16E-Instruct] Temp=0.0 Rep=1 → Concordo fortemente
[2026-05-12 12:32:08,324][__main__][INFO] - ✓ [meta-llama/Llama-4-Scout-17B-16E-Instruct] Temp=0.0 Rep=1 → Concordo
[2026-05-12 12:32:08,343][__main__][INFO] - Salvamento incremental (4480 novas respostas)...
[2026-05-12 12:32:08,397][__main__][INFO] - Cache salvo com 244882 entradas
[2026-05-12 12:32:08,397][__main__][INFO] - ✓ [meta-llama/Llama-4-Scout-17B-16E-Instruct] Temp=0.0 Rep=1 → Concordo
[2026-05-12 12:32:08,488][__main__][INFO] - ✓ [Qwen/Qwen3-14B] Temp=0.0 Rep=1 → Concordo fortemente
[2026-05-12 12:32:09,157][__main__][INFO] - ✓ [Qwen/Qwen3-14B] Temp=0.0 Rep=1 → Concordo fortemente
[2026-05-12 12:32:09,606][__main__][INFO] - ✓ [Qwen/Qwen3-235B-A22B-Instruct-2507] Temp=0.0 Rep=1 → Concordo
[2026-05-12 12:32:10,076][__main__][INFO] - ✓ [Qwen/Qwen3-235B-A22B-Instruct-2507] Temp=0.0 Rep=1 → Discordo
[2026-05-12 12:32:10,414][__main__][INFO] - ✓ [Qwen/Qwen3-235B-A22B-Instruct-2507] Temp=0.0 Rep=1 → Concordo
[2026-05-12 12:32:10,933][__main__][INFO] - ✓ [meta-llama/Meta-Llama-3.1-70B-Instruct] Temp=0.0 Rep=1 → Concordo fortemente
[2026-05-12 12:32:11,612][__main__][INFO] - ✓ [meta-llama/Meta-Llama-3.1-70B-Instruct] Temp=0.0 Rep=1 → Discordo
[2026-05-12 12:32:12,081][__main__][INFO] - ✓ [meta-llama/Meta-Llama-3.1-70B-Instruct] Temp=0.0 Rep=1 → Concordo
[2026-05-12 12:32:12,505][__main__][INFO] - ✓ [meta-llama/Llama-4-Scout-17B-16E-Instruct] Temp=0.0 Rep=1 → Concordo fortemente
[2026-05-12 12:32:12,596][__main__][INFO] - ✓ [Qwen/Qwen3-14B] Temp=0.0 Rep=1 → Concordo fortemente
[2026-05-12 12:32:12,859][__main__][INFO] - ✓ [meta-llama/Llama-4-Scout-17B-16E-Instruct] Temp=0.0 Rep=1 → Discordo
[2026-05-12 12:32:12,901][__main__][INFO] - ✓ [meta-llama/Llama-4-Scout-17B-16E-Instruct] Temp=0.0 Rep=1 → Concordo
[2026-05-12 12:32:14,784][__main__][INFO] - ✓ [Qwen/Qwen3-14B] Temp=0.0 Rep=1 → Concordo fortemente
[2026-05-12 12:32:17,223][__main__][INFO] - ✓ [Qwen/Qwen3-14B] Temp=0.0 Rep=1 → Concordo fortemente
[2026-05-12 12:32:17,410][__main__][INFO] - ✓ [Qwen/Qwen3-14B] Temp=0.0 Rep=1 → Discordo
[2026-05-12 12:32:18,369][__main__][INFO] - ✓ [Qwen/Qwen3-235B-A22B-Instruct-2507] Temp=0.0 Rep=1 → Concordo fortemente
[2026-05-12 12:32:18,813][__main__][INFO] - ✓ [Qwen/Qwen3-235B-A22B-Instruct-2507] Temp=0.0 Rep=1 → Neutro
[2026-05-12 12:32:19,064][__main__][INFO] - ✓ [Qwen/Qwen3-14B] Temp=0.0 Rep=1 → Concordo fortemente
[2026-05-12 12:32:19,600][__main__][INFO] - ✓ [meta-llama/Meta-Llama-3.1-70B-Instruct] Temp=0.0 Rep=1 → Concordo
[2026-05-12 12:32:19,607][__main__][INFO] - ✓ [meta-llama/Meta-Llama-3.1-70B-Instruct] Temp=0.0 Rep=1 → Discordo
[2026-05-12 12:32:20,110][__main__][INFO] - ✓ [meta-llama/Meta-Llama-3.1-70B-Instruct] Temp=0.0 Rep=1 → Discordo
[2026-05-12 12:32:20,117][__main__][INFO] - ✓ [Qwen/Qwen3-14B] Temp=0.0 Rep=1 → Concordo fortemente
[2026-05-12 12:32:20,118][__main__][INFO] - ✓ [meta-llama/Llama-4-Scout-17B-16E-Instruct] Temp=0.0 Rep=1 → Concordo fortemente
[2026-05-12 12:32:20,468][__main__][INFO] - ✓ [meta-llama/Llama-4-Scout-17B-16E-Instruct] Temp=0.0 Rep=1 → Discordo
[2026-05-12 12:32:20,478][__main__][INFO] - ✓ [meta-llama/Llama-4-Scout-17B-16E-Instruct] Temp=0.0 Rep=1 → Neutro
[2026-05-12 12:32:23,695][__main__][INFO] - ✓ [Qwen/Qwen3-235B-A22B-Instruct-2507] Temp=0.0 Rep=1 → Discordo
[2026-05-12 12:32:23,699][__main__][INFO] - ✓ [Qwen/Qwen3-14B] Temp=0.0 Rep=1 → Concordo fortemente
[2026-05-12 12:32:25,127][__main__][INFO] - ✓ [Qwen/Qwen3-235B-A22B-Instruct-2507] Temp=0.0 Rep=1 → Discordo
[2026-05-12 12:32:25,262][__main__][INFO] - ✓ [Qwen/Qwen3-235B-A22B-Instruct-2507] Temp=0.0 Rep=1 → Concordo fortemente
[2026-05-12 12:32:25,441][__main__][INFO] - ✓ [Qwen/Qwen3-14B] Temp=0.0 Rep=1 → Concordo fortemente
[2026-05-12 12:32:25,743][__main__][INFO] - ✓ [meta-llama/Meta-Llama-3.1-70B-Instruct] Temp=0.0 Rep=1 → Concordo
[2026-05-12 12:32:25,984][__main__][INFO] - ✓ [meta-llama/Meta-Llama-3.1-70B-Instruct] Temp=0.0 Rep=1 → Concordo fortemente
[2026-05-12 12:32:26,233][__main__][INFO] - ✓ [meta-llama/Meta-Llama-3.1-70B-Instruct] Temp=0.0 Rep=1 → Concordo
[2026-05-12 12:32:26,282][__main__][INFO] - ✓ [meta-llama/Llama-4-Scout-17B-16E-Instruct] Temp=0.0 Rep=1 → Concordo fortemente
[2026-05-12 12:32:26,427][__main__][INFO] - ✓ [Qwen/Qwen3-14B] Temp=0.0 Rep=1 → Concordo fortemente
[2026-05-12 12:32:26,567][__main__][INFO] - ✓ [Qwen/Qwen3-235B-A22B-Instruct-2507] Temp=0.0 Rep=1 → Neutro
[2026-05-12 12:32:26,711][__main__][INFO] - ✓ [meta-llama/Llama-4-Scout-17B-16E-Instruct] Temp=0.0 Rep=1 → Concordo fortemente
[2026-05-12 12:32:26,715][__main__][INFO] - ✓ [meta-llama/Llama-4-Scout-17B-16E-Instruct] Temp=0.0 Rep=1 → Concordo fortemente
[2026-05-12 12:32:27,379][__main__][INFO] - ✓ [Qwen/Qwen3-235B-A22B-Instruct-2507] Temp=0.0 Rep=1 → Discordo
[2026-05-12 12:32:28,095][__main__][INFO] - Salvamento incremental (4520 novas respostas)...
[2026-05-12 12:32:28,159][__main__][INFO] - Cache salvo com 244922 entradas
[2026-05-12 12:32:28,159][__main__][INFO] - ✓ [Qwen/Qwen3-235B-A22B-Instruct-2507] Temp=0.0 Rep=1 → Concordo fortemente
[2026-05-12 12:32:28,781][__main__][INFO] - ✓ [Qwen/Qwen3-235B-A22B-Instruct-2507] Temp=0.0 Rep=1 → Neutro
[2026-05-12 12:32:28,904][__main__][INFO] - ✓ [Qwen/Qwen3-14B] Temp=0.0 Rep=1 → Concordo fortemente
[2026-05-12 12:32:29,405][__main__][INFO] - ✓ [meta-llama/Meta-Llama-3.1-70B-Instruct] Temp=0.0 Rep=1 → Concordo
[2026-05-12 12:32:29,524][__main__][INFO] - ✓ [meta-llama/Meta-Llama-3.1-70B-Instruct] Temp=0.0 Rep=1 → Concordo fortemente
[2026-05-12 12:32:29,878][__main__][INFO] - ✓ [meta-llama/Llama-4-Scout-17B-16E-Instruct] Temp=0.0 Rep=1 → Concordo fortemente
[2026-05-12 12:32:30,038][__main__][INFO] - ✓ [meta-llama/Meta-Llama-3.1-70B-Instruct] Temp=0.0 Rep=1 → Concordo
[2026-05-12 12:32:30,332][__main__][INFO] - ✓ [meta-llama/Llama-4-Scout-17B-16E-Instruct] Temp=0.0 Rep=1 → Concordo fortemente
[2026-05-12 12:32:30,339][__main__][INFO] - ✓ [Qwen/Qwen3-14B] Temp=0.0 Rep=1 → Concordo fortemente
[2026-05-12 12:32:30,408][__main__][INFO] - ✓ [meta-llama/Llama-4-Scout-17B-16E-Instruct] Temp=0.0 Rep=1 → Concordo
[2026-05-12 12:32:33,114][__main__][INFO] - ✓ [Qwen/Qwen3-14B] Temp=0.0 Rep=1 → Concordo fortemente
[2026-05-12 12:32:33,626][__main__][INFO] - ✓ [Qwen/Qwen3-235B-A22B-Instruct-2507] Temp=0.0 Rep=1 → Discordo
[2026-05-12 12:32:33,816][__main__][INFO] - ✓ [Qwen/Qwen3-14B] Temp=0.0 Rep=1 → Concordo fortemente
[2026-05-12 12:32:34,344][__main__][INFO] - ✓ [Qwen/Qwen3-235B-A22B-Instruct-2507] Temp=0.0 Rep=1 → Discordo
[2026-05-12 12:32:34,525][__main__][INFO] - ✓ [Qwen/Qwen3-235B-A22B-Instruct-2507] Temp=0.0 Rep=1 → Neutro
[2026-05-12 12:32:34,816][__main__][INFO] - ✓ [meta-llama/Meta-Llama-3.1-70B-Instruct] Temp=0.0 Rep=1 → Concordo
[2026-05-12 12:32:35,081][__main__][INFO] - ✓ [meta-llama/Meta-Llama-3.1-70B-Instruct] Temp=0.0 Rep=1 → Concordo fortemente
[2026-05-12 12:32:35,373][__main__][INFO] - ✓ [Qwen/Qwen3-14B] Temp=0.0 Rep=1 → Concordo fortemente
[2026-05-12 12:32:35,574][__main__][INFO] - ✓ [meta-llama/Llama-4-Scout-17B-16E-Instruct] Temp=0.0 Rep=1 → Concordo fortemente
[2026-05-12 12:32:35,618][__main__][INFO] - ✓ [meta-llama/Meta-Llama-3.1-70B-Instruct] Temp=0.0 Rep=1 → Concordo
[2026-05-12 12:32:35,809][__main__][INFO] - ✓ [meta-llama/Llama-4-Scout-17B-16E-Instruct] Temp=0.0 Rep=1 → Concordo fortemente
[2026-05-12 12:32:35,929][__main__][INFO] - ✓ [meta-llama/Llama-4-Scout-17B-16E-Instruct] Temp=0.0 Rep=1 → Concordo
[2026-05-12 12:32:39,053][__main__][INFO] - ✓ [Qwen/Qwen3-14B] Temp=0.0 Rep=1 → Concordo fortemente
[2026-05-12 12:32:39,771][__main__][INFO] - ✓ [Qwen/Qwen3-235B-A22B-Instruct-2507] Temp=0.0 Rep=1 → Concordo fortemente
[2026-05-12 12:32:40,912][__main__][INFO] - ✓ [Qwen/Qwen3-235B-A22B-Instruct-2507] Temp=0.0 Rep=1 → Concordo fortemente
[2026-05-12 12:32:41,613][__main__][INFO] - ✓ [Qwen/Qwen3-235B-A22B-Instruct-2507] Temp=0.0 Rep=1 → Concordo fortemente
[2026-05-12 12:32:43,251][__main__][INFO] - ✓ [meta-llama/Meta-Llama-3.1-70B-Instruct] Temp=0.0 Rep=1 → Concordo
[2026-05-12 12:32:43,866][__main__][INFO] - ✓ [meta-llama/Meta-Llama-3.1-70B-Instruct] Temp=0.0 Rep=1 → Concordo fortemente
[2026-05-12 12:32:44,797][__main__][INFO] - ✓ [meta-llama/Meta-Llama-3.1-70B-Instruct] Temp=0.0 Rep=1 → Concordo fortemente
[2026-05-12 12:32:45,303][__main__][INFO] - ✓ [meta-llama/Llama-4-Scout-17B-16E-Instruct] Temp=0.0 Rep=1 → Concordo fortemente
[2026-05-12 12:32:45,311][__main__][INFO] - ✓ [Qwen/Qwen3-14B] Temp=0.0 Rep=1 → Concordo fortemente
[2026-05-12 12:32:45,703][__main__][INFO] - ✓ [meta-llama/Llama-4-Scout-17B-16E-Instruct] Temp=0.0 Rep=1 → Concordo fortemente
[2026-05-12 12:32:45,909][__main__][INFO] - ✓ [meta-llama/Llama-4-Scout-17B-16E-Instruct] Temp=0.0 Rep=1 → Concordo fortemente
[2026-05-12 12:32:49,614][__main__][INFO] - ✓ [Qwen/Qwen3-14B] Temp=0.0 Rep=1 → Concordo fortemente
[2026-05-12 12:32:50,113][__main__][INFO] - ✓ [Qwen/Qwen3-14B] Temp=0.0 Rep=1 → Concordo fortemente
[2026-05-12 12:32:50,573][__main__][INFO] - ✓ [Qwen/Qwen3-235B-A22B-Instruct-2507] Temp=0.0 Rep=1 → Concordo
[2026-05-12 12:32:51,036][__main__][INFO] - ✓ [Qwen/Qwen3-235B-A22B-Instruct-2507] Temp=0.0 Rep=1 → Discordo
[2026-05-12 12:32:51,303][__main__][INFO] - ✓ [Qwen/Qwen3-14B] Temp=0.0 Rep=1 → Concordo fortemente
[2026-05-12 12:32:51,388][__main__][INFO] - ✓ [Qwen/Qwen3-235B-A22B-Instruct-2507] Temp=0.0 Rep=1 → Neutro
[2026-05-12 12:32:51,837][__main__][INFO] - ✓ [meta-llama/Meta-Llama-3.1-70B-Instruct] Temp=0.0 Rep=1 → Concordo
[2026-05-12 12:32:51,857][__main__][INFO] - Salvamento incremental (4560 novas respostas)...
[2026-05-12 12:32:51,904][__main__][INFO] - Cache salvo com 244962 entradas
[2026-05-12 12:32:51,904][__main__][INFO] - ✓ [meta-llama/Meta-Llama-3.1-70B-Instruct] Temp=0.0 Rep=1 → Discordo
[2026-05-12 12:32:52,350][__main__][INFO] - ✓ [meta-llama/Llama-4-Scout-17B-16E-Instruct] Temp=0.0 Rep=1 → Concordo fortemente
[2026-05-12 12:32:52,351][__main__][INFO] - ✓ [meta-llama/Meta-Llama-3.1-70B-Instruct] Temp=0.0 Rep=1 → Concordo
[2026-05-12 12:32:52,878][__main__][INFO] - ✓ [meta-llama/Llama-4-Scout-17B-16E-Instruct] Temp=0.0 Rep=1 → Concordo
[2026-05-12 12:32:52,915][__main__][INFO] - ✓ [meta-llama/Llama-4-Scout-17B-16E-Instruct] Temp=0.0 Rep=1 → Concordo
[2026-05-12 12:32:55,132][__main__][INFO] - ✓ [Qwen/Qwen3-14B] Temp=0.0 Rep=1 → Concordo fortemente
[2026-05-12 12:32:59,226][__main__][INFO] - ✓ [Qwen/Qwen3-14B] Temp=0.0 Rep=1 → Concordo fortemente
[2026-05-12 12:33:00,455][__main__][INFO] - ✓ [Qwen/Qwen3-235B-A22B-Instruct-2507] Temp=0.0 Rep=1 → Concordo fortemente
[2026-05-12 12:33:01,274][__main__][INFO] - ✓ [Qwen/Qwen3-235B-A22B-Instruct-2507] Temp=0.0 Rep=1 → Discordo
[2026-05-12 12:33:01,931][__main__][INFO] - ✓ [Qwen/Qwen3-235B-A22B-Instruct-2507] Temp=0.0 Rep=1 → Neutro
[2026-05-12 12:33:02,366][__main__][INFO] - ✓ [meta-llama/Meta-Llama-3.1-70B-Instruct] Temp=0.0 Rep=1 → Concordo
[2026-05-12 12:33:02,916][__main__][INFO] - ✓ [meta-llama/Meta-Llama-3.1-70B-Instruct] Temp=0.0 Rep=1 → Concordo
[2026-05-12 12:33:03,384][__main__][INFO] - ✓ [meta-llama/Meta-Llama-3.1-70B-Instruct] Temp=0.0 Rep=1 → Neutro
[2026-05-12 12:33:03,936][__main__][INFO] - ✓ [meta-llama/Llama-4-Scout-17B-16E-Instruct] Temp=0.0 Rep=1 → Concordo fortemente
[2026-05-12 12:33:04,455][__main__][INFO] - ✓ [meta-llama/Llama-4-Scout-17B-16E-Instruct] Temp=0.0 Rep=1 → Discordo
[2026-05-12 12:33:04,962][__main__][INFO] - ✓ [meta-llama/Llama-4-Scout-17B-16E-Instruct] Temp=0.0 Rep=1 → Neutro
[2026-05-12 12:33:07,812][__main__][INFO] - ✓ [Qwen/Qwen3-14B] Temp=0.0 Rep=1 → Concordo fortemente
[2026-05-12 12:33:14,373][__main__][INFO] - ✓ [Qwen/Qwen3-14B] Temp=0.0 Rep=1 → Concordo fortemente
[2026-05-12 12:33:17,046][__main__][INFO] - ✓ [Qwen/Qwen3-14B] Temp=0.0 Rep=1 → Discordo
[2026-05-12 12:33:17,050][__main__][INFO] - ✓ [Qwen/Qwen3-14B] Temp=0.0 Rep=1 → Concordo fortemente
[2026-05-12 12:33:17,519][__main__][INFO] - ✓ [Qwen/Qwen3-14B] Temp=0.0 Rep=1 → Concordo fortemente
[2026-05-12 12:33:17,700][__main__][INFO] - ✓ [Qwen/Qwen3-235B-A22B-Instruct-2507] Temp=0.0 Rep=1 → Concordo fortemente
[2026-05-12 12:33:17,704][__main__][INFO] - ✓ [Qwen/Qwen3-235B-A22B-Instruct-2507] Temp=0.0 Rep=1 → Concordo fortemente
[2026-05-12 12:33:18,106][__main__][INFO] - ✓ [Qwen/Qwen3-14B] Temp=0.0 Rep=1 → Concordo fortemente
[2026-05-12 12:33:18,193][__main__][INFO] - ✓ [Qwen/Qwen3-235B-A22B-Instruct-2507] Temp=0.0 Rep=1 → Concordo fortemente
[2026-05-12 12:33:18,367][__main__][INFO] - ✓ [meta-llama/Meta-Llama-3.1-70B-Instruct] Temp=0.0 Rep=1 → Concordo fortemente
[2026-05-12 12:33:18,377][__main__][INFO] - ✓ [meta-llama/Meta-Llama-3.1-70B-Instruct] Temp=0.0 Rep=1 → Concordo fortemente
[2026-05-12 12:33:18,594][__main__][INFO] - ✓ [meta-llama/Llama-4-Scout-17B-16E-Instruct] Temp=0.0 Rep=1 → Concordo fortemente
[2026-05-12 12:33:18,713][__main__][INFO] - ✓ [meta-llama/Meta-Llama-3.1-70B-Instruct] Temp=0.0 Rep=1 → Concordo fortemente
[2026-05-12 12:33:18,931][__main__][INFO] - ✓ [meta-llama/Llama-4-Scout-17B-16E-Instruct] Temp=0.0 Rep=1 → Concordo fortemente
[2026-05-12 12:33:18,986][__main__][INFO] - ✓ [meta-llama/Llama-4-Scout-17B-16E-Instruct] Temp=0.0 Rep=1 → Concordo fortemente
[2026-05-12 12:33:19,706][__main__][INFO] - ✓ [Qwen/Qwen3-235B-A22B-Instruct-2507] Temp=0.0 Rep=1 → Discordo
[2026-05-12 12:33:20,321][__main__][INFO] - ✓ [Qwen/Qwen3-235B-A22B-Instruct-2507] Temp=0.0 Rep=1 → Discordo
[2026-05-12 12:33:20,946][__main__][INFO] - ✓ [Qwen/Qwen3-235B-A22B-Instruct-2507] Temp=0.0 Rep=1 → Neutro
[2026-05-12 12:33:22,066][__main__][INFO] - ✓ [meta-llama/Meta-Llama-3.1-70B-Instruct] Temp=0.0 Rep=1 → Concordo
[2026-05-12 12:33:22,573][__main__][INFO] - ✓ [meta-llama/Meta-Llama-3.1-70B-Instruct] Temp=0.0 Rep=1 → Discordo
[2026-05-12 12:33:23,188][__main__][INFO] - ✓ [meta-llama/Meta-Llama-3.1-70B-Instruct] Temp=0.0 Rep=1 → Concordo
[2026-05-12 12:33:23,598][__main__][INFO] - ✓ [meta-llama/Llama-4-Scout-17B-16E-Instruct] Temp=0.0 Rep=1 → Concordo fortemente
[2026-05-12 12:33:24,418][__main__][INFO] - ✓ [meta-llama/Llama-4-Scout-17B-16E-Instruct] Temp=0.0 Rep=1 → Concordo
[2026-05-12 12:33:24,569][__main__][INFO] - ✓ [Qwen/Qwen3-14B] Temp=0.0 Rep=1 → Concordo fortemente
[2026-05-12 12:33:24,859][__main__][INFO] - Salvamento incremental (4600 novas respostas)...
[2026-05-12 12:33:24,913][__main__][INFO] - Cache salvo com 245002 entradas
[2026-05-12 12:33:24,913][__main__][INFO] - ✓ [Qwen/Qwen3-14B] Temp=0.0 Rep=1 → Concordo fortemente
[2026-05-12 12:33:24,915][__main__][INFO] - ✓ [meta-llama/Llama-4-Scout-17B-16E-Instruct] Temp=0.0 Rep=1 → Concordo
[2026-05-12 12:33:32,937][__main__][INFO] - ✓ [Qwen/Qwen3-14B] Temp=0.0 Rep=1 → Concordo fortemente
[2026-05-12 12:33:33,841][__main__][INFO] - ✓ [Qwen/Qwen3-235B-A22B-Instruct-2507] Temp=0.0 Rep=1 → Concordo fortemente
[2026-05-12 12:33:35,068][__main__][INFO] - ✓ [Qwen/Qwen3-235B-A22B-Instruct-2507] Temp=0.0 Rep=1 → Concordo fortemente
[2026-05-12 12:33:35,637][__main__][INFO] - ✓ [Qwen/Qwen3-235B-A22B-Instruct-2507] Temp=0.0 Rep=1 → Neutro
[2026-05-12 12:33:36,205][__main__][INFO] - ✓ [meta-llama/Meta-Llama-3.1-70B-Instruct] Temp=0.0 Rep=1 → Concordo
[2026-05-12 12:33:37,114][__main__][INFO] - ✓ [meta-llama/Meta-Llama-3.1-70B-Instruct] Temp=0.0 Rep=1 → Concordo fortemente
[2026-05-12 12:33:37,708][__main__][INFO] - ✓ [meta-llama/Meta-Llama-3.1-70B-Instruct] Temp=0.0 Rep=1 → Concordo fortemente
[2026-05-12 12:33:37,827][__main__][INFO] - ✓ [Qwen/Qwen3-14B] Temp=0.0 Rep=1 → Concordo fortemente
[2026-05-12 12:33:38,129][__main__][INFO] - ✓ [meta-llama/Llama-4-Scout-17B-16E-Instruct] Temp=0.0 Rep=1 → Concordo fortemente
[2026-05-12 12:33:38,262][__main__][INFO] - ✓ [meta-llama/Llama-4-Scout-17B-16E-Instruct] Temp=0.0 Rep=1 → Concordo fortemente
[2026-05-12 12:33:38,530][__main__][INFO] - ✓ [meta-llama/Llama-4-Scout-17B-16E-Instruct] Temp=0.0 Rep=1 → Concordo fortemente
[2026-05-12 12:33:39,014][__main__][INFO] - ✓ [Qwen/Qwen3-14B] Temp=0.0 Rep=1 → Concordo fortemente
[2026-05-12 12:33:39,345][__main__][INFO] - ✓ [Qwen/Qwen3-14B] Temp=0.0 Rep=1 → Concordo fortemente
[2026-05-12 12:33:39,880][__main__][INFO] - ✓ [Qwen/Qwen3-235B-A22B-Instruct-2507] Temp=0.0 Rep=1 → Concordo
[2026-05-12 12:33:40,306][__main__][INFO] - ✓ [Qwen/Qwen3-235B-A22B-Instruct-2507] Temp=0.0 Rep=1 → Discordo
[2026-05-12 12:33:40,483][__main__][INFO] - ✓ [Qwen/Qwen3-14B] Temp=0.0 Rep=1 → Concordo fortemente
[2026-05-12 12:33:40,724][__main__][INFO] - ✓ [Qwen/Qwen3-14B] Temp=0.0 Rep=1 → Concordo fortemente
[2026-05-12 12:33:40,844][__main__][INFO] - ✓ [Qwen/Qwen3-235B-A22B-Instruct-2507] Temp=0.0 Rep=1 → Neutro
[2026-05-12 12:33:41,111][__main__][INFO] - ✓ [meta-llama/Meta-Llama-3.1-70B-Instruct] Temp=0.0 Rep=1 → Concordo
[2026-05-12 12:33:41,314][__main__][INFO] - ✓ [meta-llama/Meta-Llama-3.1-70B-Instruct] Temp=0.0 Rep=1 → Concordo
[2026-05-12 12:33:41,361][__main__][INFO] - ✓ [meta-llama/Meta-Llama-3.1-70B-Instruct] Temp=0.0 Rep=1 → Concordo
[2026-05-12 12:33:41,635][__main__][INFO] - ✓ [Qwen/Qwen3-14B] Temp=0.0 Rep=1 → Concordo fortemente
[2026-05-12 12:33:41,639][__main__][INFO] - ✓ [meta-llama/Llama-4-Scout-17B-16E-Instruct] Temp=0.0 Rep=1 → Concordo
[2026-05-12 12:33:41,722][__main__][INFO] - ✓ [meta-llama/Llama-4-Scout-17B-16E-Instruct] Temp=0.0 Rep=1 → Concordo
[2026-05-12 12:33:41,737][__main__][INFO] - ✓ [meta-llama/Llama-4-Scout-17B-16E-Instruct] Temp=0.0 Rep=1 → Concordo
[2026-05-12 12:33:42,542][__main__][INFO] - ✓ [Qwen/Qwen3-235B-A22B-Instruct-2507] Temp=0.0 Rep=1 → Concordo fortemente
[2026-05-12 12:33:43,261][__main__][INFO] - ✓ [Qwen/Qwen3-235B-A22B-Instruct-2507] Temp=0.0 Rep=1 → Concordo fortemente
[2026-05-12 12:33:44,282][__main__][INFO] - ✓ [Qwen/Qwen3-235B-A22B-Instruct-2507] Temp=0.0 Rep=1 → Concordo fortemente
[2026-05-12 12:33:44,896][__main__][INFO] - ✓ [meta-llama/Meta-Llama-3.1-70B-Instruct] Temp=0.0 Rep=1 → Concordo
[2026-05-12 12:33:45,101][__main__][INFO] - ✓ [Qwen/Qwen3-14B] Temp=0.0 Rep=1 → Concordo fortemente
[2026-05-12 12:33:45,716][__main__][INFO] - ✓ [meta-llama/Meta-Llama-3.1-70B-Instruct] Temp=0.0 Rep=1 → Concordo fortemente
[2026-05-12 12:33:45,828][__main__][INFO] - ✓ [meta-llama/Meta-Llama-3.1-70B-Instruct] Temp=0.0 Rep=1 → Concordo fortemente
[2026-05-12 12:33:46,145][__main__][INFO] - ✓ [meta-llama/Llama-4-Scout-17B-16E-Instruct] Temp=0.0 Rep=1 → Concordo fortemente
[2026-05-12 12:33:46,242][__main__][INFO] - ✓ [meta-llama/Llama-4-Scout-17B-16E-Instruct] Temp=0.0 Rep=1 → Concordo fortemente
[2026-05-12 12:33:46,610][__main__][INFO] - ✓ [meta-llama/Llama-4-Scout-17B-16E-Instruct] Temp=0.0 Rep=1 → Concordo fortemente
[2026-05-12 12:33:49,199][__main__][INFO] - ✓ [Qwen/Qwen3-14B] Temp=0.0 Rep=1 → Concordo fortemente
[2026-05-12 12:33:50,428][__main__][INFO] - ✓ [Qwen/Qwen3-14B] Temp=0.0 Rep=1 → Concordo fortemente
[2026-05-12 12:33:50,432][__main__][INFO] - ✓ [Qwen/Qwen3-14B] Temp=0.0 Rep=1 → Concordo fortemente
[2026-05-12 12:33:54,220][__main__][INFO] - Salvamento incremental (4640 novas respostas)...
[2026-05-12 12:33:54,287][__main__][INFO] - Cache salvo com 245042 entradas
[2026-05-12 12:33:54,287][__main__][INFO] - ✓ [Qwen/Qwen3-14B] Temp=0.0 Rep=1 → Concordo fortemente
[2026-05-12 12:33:55,037][__main__][INFO] - ✓ [Qwen/Qwen3-235B-A22B-Instruct-2507] Temp=0.0 Rep=1 → Discordo
[2026-05-12 12:33:55,136][__main__][INFO] - ✓ [Qwen/Qwen3-235B-A22B-Instruct-2507] Temp=0.0 Rep=1 → Discordo fortemente
[2026-05-12 12:33:55,140][__main__][INFO] - ✓ [Qwen/Qwen3-235B-A22B-Instruct-2507] Temp=0.0 Rep=1 → Neutro
[2026-05-12 12:33:55,752][__main__][INFO] - ✓ [meta-llama/Meta-Llama-3.1-70B-Instruct] Temp=0.0 Rep=1 → Discordo
[2026-05-12 12:33:55,756][__main__][INFO] - ✓ [meta-llama/Meta-Llama-3.1-70B-Instruct] Temp=0.0 Rep=1 → Concordo
[2026-05-12 12:33:55,757][__main__][INFO] - ✓ [meta-llama/Meta-Llama-3.1-70B-Instruct] Temp=0.0 Rep=1 → Concordo fortemente
[2026-05-12 12:33:56,183][__main__][INFO] - ✓ [meta-llama/Llama-4-Scout-17B-16E-Instruct] Temp=0.0 Rep=1 → Concordo fortemente
[2026-05-12 12:33:56,186][__main__][INFO] - ✓ [meta-llama/Llama-4-Scout-17B-16E-Instruct] Temp=0.0 Rep=1 → Concordo fortemente
[2026-05-12 12:33:56,187][__main__][INFO] - ✓ [meta-llama/Llama-4-Scout-17B-16E-Instruct] Temp=0.0 Rep=1 → Concordo fortemente
[2026-05-12 12:33:59,159][__main__][INFO] - ✓ [Qwen/Qwen3-14B] Temp=0.0 Rep=1 → Concordo fortemente
[2026-05-12 12:34:00,276][__main__][INFO] - ✓ [Qwen/Qwen3-235B-A22B-Instruct-2507] Temp=0.0 Rep=1 → Concordo fortemente
[2026-05-12 12:34:00,975][__main__][INFO] - ✓ [Qwen/Qwen3-14B] Temp=0.0 Rep=1 → Concordo fortemente
[2026-05-12 12:34:01,998][__main__][INFO] - ✓ [Qwen/Qwen3-235B-A22B-Instruct-2507] Temp=0.0 Rep=1 → Concordo fortemente
[2026-05-12 12:34:02,315][__main__][INFO] - ✓ [Qwen/Qwen3-235B-A22B-Instruct-2507] Temp=0.0 Rep=1 → Neutro
[2026-05-12 12:34:02,517][__main__][INFO] - ✓ [meta-llama/Meta-Llama-3.1-70B-Instruct] Temp=0.0 Rep=1 → Discordo
[2026-05-12 12:34:02,883][__main__][INFO] - ✓ [meta-llama/Meta-Llama-3.1-70B-Instruct] Temp=0.0 Rep=1 → Concordo fortemente
[2026-05-12 12:34:03,173][__main__][INFO] - ✓ [meta-llama/Meta-Llama-3.1-70B-Instruct] Temp=0.0 Rep=1 → Concordo fortemente
[2026-05-12 12:34:03,559][__main__][INFO] - ✓ [meta-llama/Llama-4-Scout-17B-16E-Instruct] Temp=0.0 Rep=1 → Concordo fortemente
[2026-05-12 12:34:03,581][__main__][INFO] - ✓ [meta-llama/Llama-4-Scout-17B-16E-Instruct] Temp=0.0 Rep=1 → Concordo fortemente
[2026-05-12 12:34:03,751][__main__][INFO] - ✓ [Qwen/Qwen3-14B] Temp=0.0 Rep=1 → Concordo fortemente
[2026-05-12 12:34:03,948][__main__][INFO] - ✓ [meta-llama/Llama-4-Scout-17B-16E-Instruct] Temp=0.0 Rep=1 → Concordo fortemente
[2026-05-12 12:34:06,916][__main__][INFO] - ✓ [Qwen/Qwen3-14B] Temp=0.0 Rep=1 → Concordo fortemente
[2026-05-12 12:34:07,737][__main__][INFO] - ✓ [Qwen/Qwen3-235B-A22B-Instruct-2507] Temp=0.0 Rep=1 → Concordo fortemente
[2026-05-12 12:34:08,450][__main__][INFO] - ✓ [Qwen/Qwen3-235B-A22B-Instruct-2507] Temp=0.0 Rep=1 → Concordo fortemente
[2026-05-12 12:34:09,177][__main__][INFO] - ✓ [Qwen/Qwen3-14B] Temp=0.0 Rep=1 → Concordo fortemente
[2026-05-12 12:34:09,290][__main__][INFO] - ✓ [Qwen/Qwen3-235B-A22B-Instruct-2507] Temp=0.0 Rep=1 → Neutro
[2026-05-12 12:34:09,651][__main__][INFO] - ✓ [meta-llama/Meta-Llama-3.1-70B-Instruct] Temp=0.0 Rep=1 → Concordo
[2026-05-12 12:34:09,944][__main__][INFO] - ✓ [meta-llama/Meta-Llama-3.1-70B-Instruct] Temp=0.0 Rep=1 → Concordo fortemente
[2026-05-12 12:34:10,216][__main__][INFO] - ✓ [Qwen/Qwen3-14B] Temp=0.0 Rep=1 → Concordo fortemente
[2026-05-12 12:34:10,340][__main__][INFO] - ✓ [meta-llama/Meta-Llama-3.1-70B-Instruct] Temp=0.0 Rep=1 → Concordo fortemente
[2026-05-12 12:34:10,341][__main__][INFO] - ✓ [meta-llama/Llama-4-Scout-17B-16E-Instruct] Temp=0.0 Rep=1 → Concordo fortemente
[2026-05-12 12:34:10,703][__main__][INFO] - ✓ [meta-llama/Llama-4-Scout-17B-16E-Instruct] Temp=0.0 Rep=1 → Concordo fortemente
[2026-05-12 12:34:10,718][__main__][INFO] - ✓ [meta-llama/Llama-4-Scout-17B-16E-Instruct] Temp=0.0 Rep=1 → Concordo fortemente
[2026-05-12 12:34:11,422][__main__][INFO] - ✓ [Qwen/Qwen3-14B] Temp=0.0 Rep=1 → Concordo fortemente
[2026-05-12 12:34:11,911][__main__][INFO] - ✓ [Qwen/Qwen3-235B-A22B-Instruct-2507] Temp=0.0 Rep=1 → Concordo fortemente
[2026-05-12 12:34:12,241][__main__][INFO] - ✓ [Qwen/Qwen3-235B-A22B-Instruct-2507] Temp=0.0 Rep=1 → Discordo
[2026-05-12 12:34:12,852][__main__][INFO] - ✓ [Qwen/Qwen3-235B-A22B-Instruct-2507] Temp=0.0 Rep=1 → Neutro
[2026-05-12 12:34:13,569][__main__][INFO] - ✓ [meta-llama/Meta-Llama-3.1-70B-Instruct] Temp=0.0 Rep=1 → Concordo fortemente
[2026-05-12 12:34:13,710][__main__][INFO] - ✓ [Qwen/Qwen3-14B] Temp=0.0 Rep=1 → Concordo fortemente
[2026-05-12 12:34:14,017][__main__][INFO] - Salvamento incremental (4680 novas respostas)...
[2026-05-12 12:34:14,064][__main__][INFO] - Cache salvo com 245082 entradas
[2026-05-12 12:34:14,064][__main__][INFO] - ✓ [meta-llama/Meta-Llama-3.1-70B-Instruct] Temp=0.0 Rep=1 → Concordo
[2026-05-12 12:34:14,248][__main__][INFO] - ✓ [meta-llama/Meta-Llama-3.1-70B-Instruct] Temp=0.0 Rep=1 → Concordo
[2026-05-12 12:34:14,532][__main__][INFO] - ✓ [meta-llama/Llama-4-Scout-17B-16E-Instruct] Temp=0.0 Rep=1 → Concordo fortemente
[2026-05-12 12:34:14,589][__main__][INFO] - ✓ [meta-llama/Llama-4-Scout-17B-16E-Instruct] Temp=0.0 Rep=1 → Concordo fortemente
[2026-05-12 12:34:15,056][__main__][INFO] - ✓ [meta-llama/Llama-4-Scout-17B-16E-Instruct] Temp=0.0 Rep=1 → Concordo fortemente
[2026-05-12 12:34:16,718][__main__][INFO] - ✓ [Qwen/Qwen3-14B] Temp=0.0 Rep=1 → Concordo fortemente
[2026-05-12 12:34:19,920][__main__][INFO] - ✓ [Qwen/Qwen3-14B] Temp=0.0 Rep=1 → Concordo fortemente
[2026-05-12 12:34:20,347][__main__][INFO] - ✓ [Qwen/Qwen3-235B-A22B-Instruct-2507] Temp=0.0 Rep=1 → Discordo fortemente
[2026-05-12 12:34:20,921][__main__][INFO] - ✓ [Qwen/Qwen3-235B-A22B-Instruct-2507] Temp=0.0 Rep=1 → Discordo
[2026-05-12 12:34:21,404][__main__][INFO] - ✓ [Qwen/Qwen3-235B-A22B-Instruct-2507] Temp=0.0 Rep=1 → Neutro
[2026-05-12 12:34:21,645][__main__][INFO] - ✓ [Qwen/Qwen3-14B] Temp=0.0 Rep=1 → Discordo
[2026-05-12 12:34:21,925][__main__][INFO] - ✓ [meta-llama/Meta-Llama-3.1-70B-Instruct] Temp=0.0 Rep=1 → Discordo fortemente
[2026-05-12 12:34:22,163][__main__][INFO] - ✓ [meta-llama/Meta-Llama-3.1-70B-Instruct] Temp=0.0 Rep=1 → Concordo fortemente
[2026-05-12 12:34:22,400][__main__][INFO] - ✓ [meta-llama/Meta-Llama-3.1-70B-Instruct] Temp=0.0 Rep=1 → Discordo
[2026-05-12 12:34:22,785][__main__][INFO] - ✓ [meta-llama/Llama-4-Scout-17B-16E-Instruct] Temp=0.0 Rep=1 → Concordo fortemente
[2026-05-12 12:34:22,807][__main__][INFO] - ✓ [meta-llama/Llama-4-Scout-17B-16E-Instruct] Temp=0.0 Rep=1 → Discordo fortemente
[2026-05-12 12:34:23,247][__main__][INFO] - ✓ [meta-llama/Llama-4-Scout-17B-16E-Instruct] Temp=0.0 Rep=1 → Discordo
[2026-05-12 12:34:23,809][__main__][INFO] - ✓ [Qwen/Qwen3-14B] Temp=0.0 Rep=1 → Neutro
[2026-05-12 12:34:24,527][__main__][INFO] - ✓ [Qwen/Qwen3-14B] Temp=0.0 Rep=1 → Concordo fortemente
[2026-05-12 12:34:25,141][__main__][INFO] - ✓ [Qwen/Qwen3-235B-A22B-Instruct-2507] Temp=0.0 Rep=1 → Discordo
[2026-05-12 12:34:25,434][__main__][INFO] - ✓ [Qwen/Qwen3-14B] Temp=0.0 Rep=1 → Concordo fortemente
[2026-05-12 12:34:25,961][__main__][INFO] - ✓ [Qwen/Qwen3-235B-A22B-Instruct-2507] Temp=0.0 Rep=1 → Discordo
[2026-05-12 12:34:25,964][__main__][INFO] - ✓ [Qwen/Qwen3-235B-A22B-Instruct-2507] Temp=0.0 Rep=1 → Neutro
[2026-05-12 12:34:26,127][__main__][INFO] - ✓ [Qwen/Qwen3-14B] Temp=0.0 Rep=1 → Concordo fortemente
[2026-05-12 12:34:26,457][__main__][INFO] - ✓ [meta-llama/Meta-Llama-3.1-70B-Instruct] Temp=0.0 Rep=1 → Discordo
[2026-05-12 12:34:26,496][__main__][INFO] - ✓ [meta-llama/Meta-Llama-3.1-70B-Instruct] Temp=0.0 Rep=1 → Concordo
[2026-05-12 12:34:26,605][__main__][INFO] - ✓ [meta-llama/Meta-Llama-3.1-70B-Instruct] Temp=0.0 Rep=1 → Concordo
[2026-05-12 12:34:26,962][__main__][INFO] - ✓ [meta-llama/Llama-4-Scout-17B-16E-Instruct] Temp=0.0 Rep=1 → Discordo
[2026-05-12 12:34:27,117][__main__][INFO] - ✓ [meta-llama/Llama-4-Scout-17B-16E-Instruct] Temp=0.0 Rep=1 → Neutro
[2026-05-12 12:34:27,279][__main__][INFO] - ✓ [meta-llama/Llama-4-Scout-17B-16E-Instruct] Temp=0.0 Rep=1 → Concordo fortemente
[2026-05-12 12:34:30,875][__main__][INFO] - ✓ [Qwen/Qwen3-14B] Temp=0.0 Rep=1 → Concordo fortemente
[2026-05-12 12:34:31,565][__main__][INFO] - ✓ [Qwen/Qwen3-14B] Temp=0.0 Rep=1 → Concordo fortemente
[2026-05-12 12:34:31,638][__main__][INFO] - ✓ [Qwen/Qwen3-235B-A22B-Instruct-2507] Temp=0.0 Rep=1 → Concordo fortemente
[2026-05-12 12:34:31,925][__main__][INFO] - ✓ [Qwen/Qwen3-235B-A22B-Instruct-2507] Temp=0.0 Rep=1 → Concordo
[2026-05-12 12:34:32,121][__main__][INFO] - ✓ [Qwen/Qwen3-14B] Temp=0.0 Rep=1 → Concordo fortemente
[2026-05-12 12:34:32,260][__main__][INFO] - ✓ [Qwen/Qwen3-235B-A22B-Instruct-2507] Temp=0.0 Rep=1 → Concordo fortemente
[2026-05-12 12:34:32,522][__main__][INFO] - ✓ [meta-llama/Meta-Llama-3.1-70B-Instruct] Temp=0.0 Rep=1 → Concordo fortemente
[2026-05-12 12:34:32,550][__main__][INFO] - ✓ [meta-llama/Meta-Llama-3.1-70B-Instruct] Temp=0.0 Rep=1 → Discordo
[2026-05-12 12:34:32,754][__main__][INFO] - ✓ [meta-llama/Meta-Llama-3.1-70B-Instruct] Temp=0.0 Rep=1 → Concordo
[2026-05-12 12:34:32,998][__main__][INFO] - ✓ [meta-llama/Llama-4-Scout-17B-16E-Instruct] Temp=0.0 Rep=1 → Discordo
[2026-05-12 12:34:33,009][__main__][INFO] - Salvamento incremental (4720 novas respostas)...
[2026-05-12 12:34:33,065][__main__][INFO] - Cache salvo com 245122 entradas
[2026-05-12 12:34:33,065][__main__][INFO] - ✓ [meta-llama/Llama-4-Scout-17B-16E-Instruct] Temp=0.0 Rep=1 → Concordo fortemente
[2026-05-12 12:34:33,145][__main__][INFO] - ✓ [meta-llama/Llama-4-Scout-17B-16E-Instruct] Temp=0.0 Rep=1 → Concordo fortemente
[2026-05-12 12:34:39,484][__main__][INFO] - ✓ [Qwen/Qwen3-14B] Temp=0.0 Rep=1 → Concordo fortemente
[2026-05-12 12:34:40,091][__main__][INFO] - ✓ [Qwen/Qwen3-235B-A22B-Instruct-2507] Temp=0.0 Rep=1 → Discordo fortemente
[2026-05-12 12:34:40,232][__main__][INFO] - ✓ [Qwen/Qwen3-14B] Temp=0.0 Rep=1 → Discordo
[2026-05-12 12:34:40,513][__main__][INFO] - ✓ [Qwen/Qwen3-14B] Temp=0.0 Rep=1 → Concordo fortemente
[2026-05-12 12:34:40,619][__main__][INFO] - ✓ [Qwen/Qwen3-235B-A22B-Instruct-2507] Temp=0.0 Rep=1 → Discordo
[2026-05-12 12:34:40,769][__main__][INFO] - ✓ [Qwen/Qwen3-235B-A22B-Instruct-2507] Temp=0.0 Rep=1 → Discordo
[2026-05-12 12:34:41,273][__main__][INFO] - ✓ [meta-llama/Meta-Llama-3.1-70B-Instruct] Temp=0.0 Rep=1 → Discordo fortemente
[2026-05-12 12:34:41,276][__main__][INFO] - ✓ [meta-llama/Meta-Llama-3.1-70B-Instruct] Temp=0.0 Rep=1 → Discordo
[2026-05-12 12:34:41,277][__main__][INFO] - ✓ [meta-llama/Meta-Llama-3.1-70B-Instruct] Temp=0.0 Rep=1 → Concordo fortemente
[2026-05-12 12:34:41,633][__main__][INFO] - ✓ [meta-llama/Llama-4-Scout-17B-16E-Instruct] Temp=0.0 Rep=1 → Discordo fortemente
[2026-05-12 12:34:41,866][__main__][INFO] - ✓ [meta-llama/Llama-4-Scout-17B-16E-Instruct] Temp=0.0 Rep=1 → Concordo fortemente
[2026-05-12 12:34:41,870][__main__][INFO] - ✓ [meta-llama/Llama-4-Scout-17B-16E-Instruct] Temp=0.0 Rep=1 → Discordo
[2026-05-12 12:34:43,473][__main__][INFO] - ✓ [Qwen/Qwen3-14B] Temp=0.0 Rep=1 → Concordo fortemente
[2026-05-12 12:34:43,676][__main__][INFO] - ✓ [Qwen/Qwen3-14B] Temp=0.0 Rep=1 → Concordo fortemente
[2026-05-12 12:34:43,995][__main__][INFO] - ✓ [Qwen/Qwen3-235B-A22B-Instruct-2507] Temp=0.0 Rep=1 → Concordo fortemente
[2026-05-12 12:34:44,148][__main__][INFO] - ✓ [Qwen/Qwen3-235B-A22B-Instruct-2507] Temp=0.0 Rep=1 → Concordo
[2026-05-12 12:34:44,596][__main__][INFO] - ✓ [Qwen/Qwen3-235B-A22B-Instruct-2507] Temp=0.0 Rep=1 → Concordo fortemente
[2026-05-12 12:34:44,842][__main__][INFO] - ✓ [meta-llama/Meta-Llama-3.1-70B-Instruct] Temp=0.0 Rep=1 → Concordo fortemente
[2026-05-12 12:34:44,962][__main__][INFO] - ✓ [Qwen/Qwen3-14B] Temp=0.0 Rep=1 → Concordo fortemente
[2026-05-12 12:34:45,050][__main__][INFO] - ✓ [meta-llama/Meta-Llama-3.1-70B-Instruct] Temp=0.0 Rep=1 → Discordo
[2026-05-12 12:34:45,355][__main__][INFO] - ✓ [meta-llama/Llama-4-Scout-17B-16E-Instruct] Temp=0.0 Rep=1 → Concordo fortemente
[2026-05-12 12:34:45,483][__main__][INFO] - ✓ [meta-llama/Meta-Llama-3.1-70B-Instruct] Temp=0.0 Rep=1 → Concordo
[2026-05-12 12:34:45,487][__main__][INFO] - ✓ [Qwen/Qwen3-14B] Temp=0.0 Rep=1 → Concordo fortemente
[2026-05-12 12:34:45,488][__main__][INFO] - ✓ [meta-llama/Llama-4-Scout-17B-16E-Instruct] Temp=0.0 Rep=1 → Concordo
[2026-05-12 12:34:45,859][__main__][INFO] - ✓ [meta-llama/Llama-4-Scout-17B-16E-Instruct] Temp=0.0 Rep=1 → Concordo fortemente
[2026-05-12 12:34:46,337][__main__][INFO] - ✓ [Qwen/Qwen3-14B] Temp=0.0 Rep=1 → Concordo fortemente
[2026-05-12 12:34:46,516][__main__][INFO] - ✓ [Qwen/Qwen3-235B-A22B-Instruct-2507] Temp=0.0 Rep=1 → Discordo fortemente
[2026-05-12 12:34:47,055][__main__][INFO] - ✓ [Qwen/Qwen3-235B-A22B-Instruct-2507] Temp=0.0 Rep=1 → Discordo
[2026-05-12 12:34:47,061][__main__][INFO] - ✓ [Qwen/Qwen3-235B-A22B-Instruct-2507] Temp=0.0 Rep=1 → Discordo
[2026-05-12 12:34:47,138][__main__][INFO] - ✓ [Qwen/Qwen3-14B] Temp=0.0 Rep=1 → Concordo fortemente
[2026-05-12 12:34:47,563][__main__][INFO] - ✓ [Qwen/Qwen3-14B] Temp=0.0 Rep=1 → Concordo fortemente
[2026-05-12 12:34:47,702][__main__][INFO] - ✓ [meta-llama/Meta-Llama-3.1-70B-Instruct] Temp=0.0 Rep=1 → Discordo
[2026-05-12 12:34:47,743][__main__][INFO] - ✓ [meta-llama/Meta-Llama-3.1-70B-Instruct] Temp=0.0 Rep=1 → Discordo fortemente
[2026-05-12 12:34:47,847][__main__][INFO] - ✓ [meta-llama/Meta-Llama-3.1-70B-Instruct] Temp=0.0 Rep=1 → Concordo fortemente
[2026-05-12 12:34:47,906][__main__][INFO] - ✓ [meta-llama/Llama-4-Scout-17B-16E-Instruct] Temp=0.0 Rep=1 → Discordo fortemente
[2026-05-12 12:34:48,188][__main__][INFO] - ✓ [meta-llama/Llama-4-Scout-17B-16E-Instruct] Temp=0.0 Rep=1 → Discordo
[2026-05-12 12:34:48,201][__main__][INFO] - ✓ [meta-llama/Llama-4-Scout-17B-16E-Instruct] Temp=0.0 Rep=1 → Concordo fortemente
[2026-05-12 12:34:48,634][__main__][INFO] - ✓ [Qwen/Qwen3-235B-A22B-Instruct-2507] Temp=0.0 Rep=1 → Discordo
[2026-05-12 12:34:49,717][__main__][INFO] - Salvamento incremental (4760 novas respostas)...
[2026-05-12 12:34:49,798][__main__][INFO] - Cache salvo com 245162 entradas
[2026-05-12 12:34:49,798][__main__][INFO] - ✓ [Qwen/Qwen3-235B-A22B-Instruct-2507] Temp=0.0 Rep=1 → Concordo fortemente
[2026-05-12 12:34:50,336][__main__][INFO] - ✓ [Qwen/Qwen3-235B-A22B-Instruct-2507] Temp=0.0 Rep=1 → Neutro
[2026-05-12 12:34:51,045][__main__][INFO] - ✓ [meta-llama/Meta-Llama-3.1-70B-Instruct] Temp=0.0 Rep=1 → Discordo fortemente
[2026-05-12 12:34:51,640][__main__][INFO] - ✓ [meta-llama/Meta-Llama-3.1-70B-Instruct] Temp=0.0 Rep=1 → Concordo fortemente
[2026-05-12 12:34:52,379][__main__][INFO] - ✓ [meta-llama/Meta-Llama-3.1-70B-Instruct] Temp=0.0 Rep=1 → Concordo
[2026-05-12 12:34:52,876][__main__][INFO] - ✓ [meta-llama/Llama-4-Scout-17B-16E-Instruct] Temp=0.0 Rep=1 → Discordo fortemente
[2026-05-12 12:34:53,239][__main__][INFO] - ✓ [meta-llama/Llama-4-Scout-17B-16E-Instruct] Temp=0.0 Rep=1 → Concordo fortemente
[2026-05-12 12:34:53,711][__main__][INFO] - ✓ [Qwen/Qwen3-14B] Temp=0.0 Rep=1 → Concordo fortemente
[2026-05-12 12:34:53,714][__main__][INFO] - ✓ [meta-llama/Llama-4-Scout-17B-16E-Instruct] Temp=0.0 Rep=1 → Concordo fortemente
[2026-05-12 12:34:57,911][__main__][INFO] - ✓ [Qwen/Qwen3-14B] Temp=0.0 Rep=1 → Concordo fortemente
[2026-05-12 12:34:59,345][__main__][INFO] - ✓ [Qwen/Qwen3-14B] Temp=0.0 Rep=1 → Discordo
[2026-05-12 12:34:59,956][__main__][INFO] - ✓ [Qwen/Qwen3-235B-A22B-Instruct-2507] Temp=0.0 Rep=1 → Concordo fortemente
[2026-05-12 12:35:00,470][__main__][INFO] - ✓ [Qwen/Qwen3-14B] Temp=0.0 Rep=1 → Concordo fortemente
[2026-05-12 12:35:00,473][__main__][INFO] - ✓ [Qwen/Qwen3-235B-A22B-Instruct-2507] Temp=0.0 Rep=1 → Concordo
[2026-05-12 12:35:01,290][__main__][INFO] - ✓ [meta-llama/Meta-Llama-3.1-70B-Instruct] Temp=0.0 Rep=1 → Concordo fortemente
[2026-05-12 12:35:01,300][__main__][INFO] - ✓ [Qwen/Qwen3-235B-A22B-Instruct-2507] Temp=0.0 Rep=1 → Concordo fortemente
[2026-05-12 12:35:01,512][__main__][INFO] - ✓ [Qwen/Qwen3-14B] Temp=0.0 Rep=1 → Concordo fortemente
[2026-05-12 12:35:01,842][__main__][INFO] - ✓ [meta-llama/Meta-Llama-3.1-70B-Instruct] Temp=0.0 Rep=1 → Discordo
[2026-05-12 12:35:01,872][__main__][INFO] - ✓ [meta-llama/Meta-Llama-3.1-70B-Instruct] Temp=0.0 Rep=1 → Concordo
[2026-05-12 12:35:01,983][__main__][INFO] - ✓ [meta-llama/Llama-4-Scout-17B-16E-Instruct] Temp=0.0 Rep=1 → Concordo fortemente
[2026-05-12 12:35:02,245][__main__][INFO] - ✓ [meta-llama/Llama-4-Scout-17B-16E-Instruct] Temp=0.0 Rep=1 → Concordo
[2026-05-12 12:35:02,248][__main__][INFO] - ✓ [meta-llama/Llama-4-Scout-17B-16E-Instruct] Temp=0.0 Rep=1 → Concordo fortemente
[2026-05-12 12:35:03,337][__main__][INFO] - ✓ [Qwen/Qwen3-14B] Temp=0.0 Rep=1 → Concordo fortemente
[2026-05-12 12:35:04,462][__main__][INFO] - ✓ [Qwen/Qwen3-235B-A22B-Instruct-2507] Temp=0.0 Rep=1 → Discordo
[2026-05-12 12:35:04,914][__main__][INFO] - ✓ [Qwen/Qwen3-235B-A22B-Instruct-2507] Temp=0.0 Rep=1 → Discordo
[2026-05-12 12:35:05,589][__main__][INFO] - ✓ [Qwen/Qwen3-235B-A22B-Instruct-2507] Temp=0.0 Rep=1 → Neutro
[2026-05-12 12:35:05,593][__main__][INFO] - ✓ [Qwen/Qwen3-14B] Temp=0.0 Rep=1 → Concordo fortemente
[2026-05-12 12:35:05,639][__main__][INFO] - ✓ [Qwen/Qwen3-14B] Temp=0.0 Rep=1 → Concordo fortemente
[2026-05-12 12:35:06,512][__main__][INFO] - ✓ [meta-llama/Meta-Llama-3.1-70B-Instruct] Temp=0.0 Rep=1 → Concordo
[2026-05-12 12:35:06,516][__main__][INFO] - ✓ [meta-llama/Meta-Llama-3.1-70B-Instruct] Temp=0.0 Rep=1 → Discordo fortemente
[2026-05-12 12:35:06,516][__main__][INFO] - ✓ [meta-llama/Meta-Llama-3.1-70B-Instruct] Temp=0.0 Rep=1 → Concordo fortemente
[2026-05-12 12:35:06,963][__main__][INFO] - ✓ [meta-llama/Llama-4-Scout-17B-16E-Instruct] Temp=0.0 Rep=1 → Discordo fortemente
[2026-05-12 12:35:06,966][__main__][INFO] - ✓ [meta-llama/Llama-4-Scout-17B-16E-Instruct] Temp=0.0 Rep=1 → Concordo fortemente
[2026-05-12 12:35:06,967][__main__][INFO] - ✓ [meta-llama/Llama-4-Scout-17B-16E-Instruct] Temp=0.0 Rep=1 → Discordo fortemente
[2026-05-12 12:35:07,677][__main__][INFO] - ✓ [Qwen/Qwen3-14B] Temp=0.0 Rep=1 → Discordo
[2026-05-12 12:35:08,277][__main__][INFO] - ✓ [Qwen/Qwen3-235B-A22B-Instruct-2507] Temp=0.0 Rep=1 → Concordo fortemente
[2026-05-12 12:35:08,764][__main__][INFO] - ✓ [Qwen/Qwen3-235B-A22B-Instruct-2507] Temp=0.0 Rep=1 → Discordo
[2026-05-12 12:35:09,311][__main__][INFO] - ✓ [Qwen/Qwen3-235B-A22B-Instruct-2507] Temp=0.0 Rep=1 → Neutro
[2026-05-12 12:35:09,594][__main__][INFO] - ✓ [Qwen/Qwen3-14B] Temp=0.0 Rep=1 → Concordo fortemente
[2026-05-12 12:35:09,798][__main__][INFO] - ✓ [Qwen/Qwen3-14B] Temp=0.0 Rep=1 → Concordo fortemente
[2026-05-12 12:35:09,865][__main__][INFO] - Salvamento incremental (4800 novas respostas)...
[2026-05-12 12:35:09,924][__main__][INFO] - Cache salvo com 245202 entradas
[2026-05-12 12:35:09,924][__main__][INFO] - ✓ [meta-llama/Meta-Llama-3.1-70B-Instruct] Temp=0.0 Rep=1 → Concordo fortemente
[2026-05-12 12:35:10,237][__main__][INFO] - ✓ [meta-llama/Meta-Llama-3.1-70B-Instruct] Temp=0.0 Rep=1 → Concordo
[2026-05-12 12:35:10,246][__main__][INFO] - ✓ [meta-llama/Meta-Llama-3.1-70B-Instruct] Temp=0.0 Rep=1 → Discordo fortemente
[2026-05-12 12:35:10,409][__main__][INFO] - ✓ [meta-llama/Llama-4-Scout-17B-16E-Instruct] Temp=0.0 Rep=1 → Concordo fortemente
[2026-05-12 12:35:10,643][__main__][INFO] - ✓ [meta-llama/Llama-4-Scout-17B-16E-Instruct] Temp=0.0 Rep=1 → Discordo
[2026-05-12 12:35:10,646][__main__][INFO] - ✓ [meta-llama/Llama-4-Scout-17B-16E-Instruct] Temp=0.0 Rep=1 → Concordo fortemente
[2026-05-12 12:35:13,065][__main__][INFO] - ✓ [Qwen/Qwen3-14B] Temp=0.0 Rep=1 → Concordo fortemente
[2026-05-12 12:35:13,069][__main__][INFO] - ✓ [Qwen/Qwen3-14B] Temp=0.0 Rep=1 → Concordo fortemente
[2026-05-12 12:35:13,577][__main__][INFO] - ✓ [Qwen/Qwen3-235B-A22B-Instruct-2507] Temp=0.0 Rep=1 → Discordo
[2026-05-12 12:35:13,580][__main__][INFO] - ✓ [Qwen/Qwen3-235B-A22B-Instruct-2507] Temp=0.0 Rep=1 → Discordo
[2026-05-12 12:35:14,190][__main__][INFO] - ✓ [meta-llama/Meta-Llama-3.1-70B-Instruct] Temp=0.0 Rep=1 → Discordo fortemente
[2026-05-12 12:35:14,302][__main__][INFO] - ✓ [Qwen/Qwen3-235B-A22B-Instruct-2507] Temp=0.0 Rep=1 → Neutro
[2026-05-12 12:35:14,907][__main__][INFO] - ✓ [meta-llama/Meta-Llama-3.1-70B-Instruct] Temp=0.0 Rep=1 → Concordo fortemente
[2026-05-12 12:35:14,913][__main__][INFO] - ✓ [meta-llama/Meta-Llama-3.1-70B-Instruct] Temp=0.0 Rep=1 → Concordo
[2026-05-12 12:35:15,419][__main__][INFO] - ✓ [meta-llama/Llama-4-Scout-17B-16E-Instruct] Temp=0.0 Rep=1 → Discordo fortemente
[2026-05-12 12:35:15,422][__main__][INFO] - ✓ [meta-llama/Llama-4-Scout-17B-16E-Instruct] Temp=0.0 Rep=1 → Concordo fortemente
[2026-05-12 12:35:15,709][__main__][INFO] - ✓ [Qwen/Qwen3-14B] Temp=0.0 Rep=1 → Concordo fortemente
[2026-05-12 12:35:15,875][__main__][INFO] - ✓ [meta-llama/Llama-4-Scout-17B-16E-Instruct] Temp=0.0 Rep=1 → Discordo
[2026-05-12 12:35:18,289][__main__][INFO] - ✓ [Qwen/Qwen3-14B] Temp=0.0 Rep=1 → Concordo fortemente
[2026-05-12 12:35:20,129][__main__][INFO] - ✓ [Qwen/Qwen3-235B-A22B-Instruct-2507] Temp=0.0 Rep=1 → Concordo fortemente
[2026-05-12 12:35:20,849][__main__][INFO] - ✓ [Qwen/Qwen3-235B-A22B-Instruct-2507] Temp=0.0 Rep=1 → Discordo
[2026-05-12 12:35:21,461][__main__][INFO] - ✓ [Qwen/Qwen3-14B] Temp=0.0 Rep=1 → Concordo fortemente
[2026-05-12 12:35:21,489][__main__][INFO] - ✓ [Qwen/Qwen3-235B-A22B-Instruct-2507] Temp=0.0 Rep=1 → Neutro
[2026-05-12 12:35:22,280][__main__][INFO] - ✓ [meta-llama/Meta-Llama-3.1-70B-Instruct] Temp=0.0 Rep=1 → Concordo fortemente
[2026-05-12 12:35:22,284][__main__][INFO] - ✓ [meta-llama/Meta-Llama-3.1-70B-Instruct] Temp=0.0 Rep=1 → Discordo fortemente
[2026-05-12 12:35:22,691][__main__][INFO] - ✓ [Qwen/Qwen3-14B] Temp=0.0 Rep=1 → Concordo fortemente
[2026-05-12 12:35:22,732][__main__][INFO] - ✓ [meta-llama/Meta-Llama-3.1-70B-Instruct] Temp=0.0 Rep=1 → Concordo
[2026-05-12 12:35:22,795][__main__][INFO] - ✓ [meta-llama/Llama-4-Scout-17B-16E-Instruct] Temp=0.0 Rep=1 → Concordo fortemente
[2026-05-12 12:35:23,057][__main__][INFO] - ✓ [meta-llama/Llama-4-Scout-17B-16E-Instruct] Temp=0.0 Rep=1 → Discordo
[2026-05-12 12:35:23,276][__main__][INFO] - ✓ [meta-llama/Llama-4-Scout-17B-16E-Instruct] Temp=0.0 Rep=1 → Concordo fortemente
[2026-05-12 12:35:23,292][__main__][INFO] - ✓ [Qwen/Qwen3-14B] Temp=0.0 Rep=1 → Concordo fortemente
[2026-05-12 12:35:23,791][__main__][INFO] - ✓ [Qwen/Qwen3-235B-A22B-Instruct-2507] Temp=0.0 Rep=1 → Discordo
[2026-05-12 12:35:24,430][__main__][INFO] - ✓ [Qwen/Qwen3-235B-A22B-Instruct-2507] Temp=0.0 Rep=1 → Concordo fortemente
[2026-05-12 12:35:24,492][__main__][INFO] - ✓ [Qwen/Qwen3-14B] Temp=0.0 Rep=1 → Concordo fortemente
[2026-05-12 12:35:25,147][__main__][INFO] - ✓ [meta-llama/Meta-Llama-3.1-70B-Instruct] Temp=0.0 Rep=1 → Discordo fortemente
[2026-05-12 12:35:25,313][__main__][INFO] - ✓ [Qwen/Qwen3-235B-A22B-Instruct-2507] Temp=0.0 Rep=1 → Neutro
[2026-05-12 12:35:25,864][__main__][INFO] - ✓ [meta-llama/Meta-Llama-3.1-70B-Instruct] Temp=0.0 Rep=1 → Concordo fortemente
[2026-05-12 12:35:25,867][__main__][INFO] - ✓ [meta-llama/Meta-Llama-3.1-70B-Instruct] Temp=0.0 Rep=1 → Discordo
[2026-05-12 12:35:26,231][__main__][INFO] - ✓ [meta-llama/Llama-4-Scout-17B-16E-Instruct] Temp=0.0 Rep=1 → Concordo fortemente
[2026-05-12 12:35:26,362][__main__][INFO] - ✓ [meta-llama/Llama-4-Scout-17B-16E-Instruct] Temp=0.0 Rep=1 → Discordo
[2026-05-12 12:35:26,888][__main__][INFO] - Salvamento incremental (4840 novas respostas)...
[2026-05-12 12:35:26,941][__main__][INFO] - Cache salvo com 245242 entradas
[2026-05-12 12:35:26,941][__main__][INFO] - ✓ [meta-llama/Llama-4-Scout-17B-16E-Instruct] Temp=0.0 Rep=1 → Discordo
[2026-05-12 12:35:30,726][__main__][INFO] - ✓ [Qwen/Qwen3-14B] Temp=0.0 Rep=1 → Concordo fortemente
[2026-05-12 12:35:30,799][__main__][INFO] - ✓ [Qwen/Qwen3-14B] Temp=0.0 Rep=1 → Concordo fortemente
[2026-05-12 12:35:31,444][__main__][INFO] - ✓ [Qwen/Qwen3-235B-A22B-Instruct-2507] Temp=0.0 Rep=1 → Concordo fortemente
[2026-05-12 12:35:31,465][__main__][INFO] - ✓ [Qwen/Qwen3-14B] Temp=0.0 Rep=1 → Concordo fortemente
[2026-05-12 12:35:31,928][__main__][INFO] - ✓ [Qwen/Qwen3-235B-A22B-Instruct-2507] Temp=0.0 Rep=1 → Discordo
[2026-05-12 12:35:32,132][__main__][INFO] - ✓ [Qwen/Qwen3-235B-A22B-Instruct-2507] Temp=0.0 Rep=1 → Neutro
[2026-05-12 12:35:32,444][__main__][INFO] - ✓ [meta-llama/Meta-Llama-3.1-70B-Instruct] Temp=0.0 Rep=1 → Concordo fortemente
[2026-05-12 12:35:32,687][__main__][INFO] - ✓ [meta-llama/Meta-Llama-3.1-70B-Instruct] Temp=0.0 Rep=1 → Discordo fortemente
[2026-05-12 12:35:32,910][__main__][INFO] - ✓ [meta-llama/Meta-Llama-3.1-70B-Instruct] Temp=0.0 Rep=1 → Concordo
[2026-05-12 12:35:33,178][__main__][INFO] - ✓ [meta-llama/Llama-4-Scout-17B-16E-Instruct] Temp=0.0 Rep=1 → Concordo fortemente
[2026-05-12 12:35:33,256][__main__][INFO] - ✓ [meta-llama/Llama-4-Scout-17B-16E-Instruct] Temp=0.0 Rep=1 → Discordo
[2026-05-12 12:35:33,570][__main__][INFO] - ✓ [meta-llama/Llama-4-Scout-17B-16E-Instruct] Temp=0.0 Rep=1 → Concordo fortemente
[2026-05-12 12:35:35,903][__main__][INFO] - ✓ [Qwen/Qwen3-14B] Temp=0.0 Rep=1 → Concordo fortemente
[2026-05-12 12:35:37,610][__main__][INFO] - ✓ [Qwen/Qwen3-14B] Temp=0.0 Rep=1 → Concordo fortemente
[2026-05-12 12:35:38,720][__main__][INFO] - ✓ [Qwen/Qwen3-235B-A22B-Instruct-2507] Temp=0.0 Rep=1 → Concordo fortemente
[2026-05-12 12:35:39,278][__main__][INFO] - ✓ [Qwen/Qwen3-235B-A22B-Instruct-2507] Temp=0.0 Rep=1 → Discordo
[2026-05-12 12:35:39,996][__main__][INFO] - ✓ [Qwen/Qwen3-235B-A22B-Instruct-2507] Temp=0.0 Rep=1 → Concordo fortemente
[2026-05-12 12:35:40,057][__main__][INFO] - ✓ [Qwen/Qwen3-14B] Temp=0.0 Rep=1 → Concordo fortemente
[2026-05-12 12:35:40,547][__main__][INFO] - ✓ [meta-llama/Meta-Llama-3.1-70B-Instruct] Temp=0.0 Rep=1 → Discordo
[2026-05-12 12:35:40,608][__main__][INFO] - ✓ [meta-llama/Meta-Llama-3.1-70B-Instruct] Temp=0.0 Rep=1 → Concordo fortemente
[2026-05-12 12:35:40,931][__main__][INFO] - ✓ [Qwen/Qwen3-14B] Temp=0.0 Rep=1 → Concordo fortemente
[2026-05-12 12:35:41,042][__main__][INFO] - ✓ [meta-llama/Llama-4-Scout-17B-16E-Instruct] Temp=0.0 Rep=1 → Concordo fortemente
[2026-05-12 12:35:41,042][__main__][INFO] - ✓ [meta-llama/Meta-Llama-3.1-70B-Instruct] Temp=0.0 Rep=1 → Concordo
[2026-05-12 12:35:41,104][__main__][INFO] - ✓ [Qwen/Qwen3-14B] Temp=0.0 Rep=1 → Concordo fortemente
[2026-05-12 12:35:41,374][__main__][INFO] - ✓ [meta-llama/Llama-4-Scout-17B-16E-Instruct] Temp=0.0 Rep=1 → Discordo
[2026-05-12 12:35:41,399][__main__][INFO] - ✓ [meta-llama/Llama-4-Scout-17B-16E-Instruct] Temp=0.0 Rep=1 → Concordo fortemente
[2026-05-12 12:35:42,353][__main__][INFO] - ✓ [Qwen/Qwen3-235B-A22B-Instruct-2507] Temp=0.0 Rep=1 → Discordo
[2026-05-12 12:35:43,169][__main__][INFO] - ✓ [Qwen/Qwen3-235B-A22B-Instruct-2507] Temp=0.0 Rep=1 → Concordo fortemente
[2026-05-12 12:35:43,663][__main__][INFO] - ✓ [Qwen/Qwen3-235B-A22B-Instruct-2507] Temp=0.0 Rep=1 → Neutro
[2026-05-12 12:35:44,195][__main__][INFO] - ✓ [meta-llama/Meta-Llama-3.1-70B-Instruct] Temp=0.0 Rep=1 → Discordo
[2026-05-12 12:35:44,199][__main__][INFO] - ✓ [Qwen/Qwen3-14B] Temp=0.0 Rep=1 → Concordo fortemente
[2026-05-12 12:35:44,811][__main__][INFO] - ✓ [meta-llama/Meta-Llama-3.1-70B-Instruct] Temp=0.0 Rep=1 → Discordo
[2026-05-12 12:35:44,814][__main__][INFO] - ✓ [meta-llama/Meta-Llama-3.1-70B-Instruct] Temp=0.0 Rep=1 → Concordo fortemente
[2026-05-12 12:35:44,901][__main__][INFO] - ✓ [Qwen/Qwen3-14B] Temp=0.0 Rep=1 → Concordo fortemente
[2026-05-12 12:35:45,140][__main__][INFO] - ✓ [meta-llama/Llama-4-Scout-17B-16E-Instruct] Temp=0.0 Rep=1 → Discordo
[2026-05-12 12:35:45,237][__main__][INFO] - ✓ [meta-llama/Llama-4-Scout-17B-16E-Instruct] Temp=0.0 Rep=1 → Concordo fortemente
[2026-05-12 12:35:45,285][__main__][INFO] - ✓ [meta-llama/Llama-4-Scout-17B-16E-Instruct] Temp=0.0 Rep=1 → Concordo
[2026-05-12 12:35:47,861][__main__][INFO] - ✓ [Qwen/Qwen3-14B] Temp=0.0 Rep=1 → Concordo fortemente
[2026-05-12 12:35:48,525][__main__][INFO] - ✓ [Qwen/Qwen3-235B-A22B-Instruct-2507] Temp=0.0 Rep=1 → Concordo fortemente
[2026-05-12 12:35:48,908][__main__][INFO] - Salvamento incremental (4880 novas respostas)...
[2026-05-12 12:35:49,081][__main__][INFO] - Cache salvo com 245282 entradas
[2026-05-12 12:35:49,084][__main__][INFO] - ✓ [Qwen/Qwen3-14B] Temp=0.0 Rep=1 → Discordo
[2026-05-12 12:35:49,093][__main__][INFO] - ✓ [Qwen/Qwen3-235B-A22B-Instruct-2507] Temp=0.0 Rep=1 → Discordo
[2026-05-12 12:35:49,726][__main__][INFO] - ✓ [meta-llama/Meta-Llama-3.1-70B-Instruct] Temp=0.0 Rep=1 → Concordo fortemente
[2026-05-12 12:35:49,729][__main__][INFO] - ✓ [Qwen/Qwen3-235B-A22B-Instruct-2507] Temp=0.0 Rep=1 → Concordo fortemente
[2026-05-12 12:35:50,032][__main__][INFO] - ✓ [Qwen/Qwen3-14B] Temp=0.0 Rep=1 → Concordo fortemente
[2026-05-12 12:35:50,381][__main__][INFO] - ✓ [meta-llama/Meta-Llama-3.1-70B-Instruct] Temp=0.0 Rep=1 → Discordo
[2026-05-12 12:35:50,480][__main__][INFO] - ✓ [meta-llama/Meta-Llama-3.1-70B-Instruct] Temp=0.0 Rep=1 → Concordo
[2026-05-12 12:35:50,484][__main__][INFO] - ✓ [meta-llama/Llama-4-Scout-17B-16E-Instruct] Temp=0.0 Rep=1 → Concordo fortemente
[2026-05-12 12:35:51,057][__main__][INFO] - ✓ [meta-llama/Llama-4-Scout-17B-16E-Instruct] Temp=0.0 Rep=1 → Concordo fortemente
[2026-05-12 12:35:51,231][__main__][INFO] - ✓ [meta-llama/Llama-4-Scout-17B-16E-Instruct] Temp=0.0 Rep=1 → Discordo
[2026-05-12 12:35:51,631][__main__][INFO] - ✓ [Qwen/Qwen3-14B] Temp=0.0 Rep=1 → Concordo fortemente
[2026-05-12 12:35:52,386][__main__][INFO] - ✓ [Qwen/Qwen3-235B-A22B-Instruct-2507] Temp=0.0 Rep=1 → Discordo
[2026-05-12 12:35:53,412][__main__][INFO] - ✓ [Qwen/Qwen3-235B-A22B-Instruct-2507] Temp=0.0 Rep=1 → Concordo fortemente
[2026-05-12 12:35:54,229][__main__][INFO] - ✓ [Qwen/Qwen3-235B-A22B-Instruct-2507] Temp=0.0 Rep=1 → Neutro
[2026-05-12 12:35:54,700][__main__][INFO] - ✓ [meta-llama/Meta-Llama-3.1-70B-Instruct] Temp=0.0 Rep=1 → Discordo
[2026-05-12 12:35:55,356][__main__][INFO] - ✓ [meta-llama/Meta-Llama-3.1-70B-Instruct] Temp=0.0 Rep=1 → Concordo fortemente
[2026-05-12 12:35:55,551][__main__][INFO] - ✓ [Qwen/Qwen3-14B] Temp=0.0 Rep=1 → Concordo fortemente
[2026-05-12 12:35:55,832][__main__][INFO] - ✓ [meta-llama/Meta-Llama-3.1-70B-Instruct] Temp=0.0 Rep=1 → Discordo
[2026-05-12 12:35:55,916][__main__][INFO] - ✓ [meta-llama/Llama-4-Scout-17B-16E-Instruct] Temp=0.0 Rep=1 → Discordo
[2026-05-12 12:35:56,274][__main__][INFO] - ✓ [meta-llama/Llama-4-Scout-17B-16E-Instruct] Temp=0.0 Rep=1 → Discordo
[2026-05-12 12:35:56,287][__main__][INFO] - ✓ [meta-llama/Llama-4-Scout-17B-16E-Instruct] Temp=0.0 Rep=1 → Concordo fortemente
[2026-05-12 12:35:57,299][__main__][INFO] - ✓ [Qwen/Qwen3-14B] Temp=0.0 Rep=1 → Concordo fortemente
[2026-05-12 12:35:58,428][__main__][INFO] - ✓ [Qwen/Qwen3-14B] Temp=0.0 Rep=1 → Neutro
[2026-05-12 12:35:58,750][__main__][INFO] - ✓ [Qwen/Qwen3-14B] Temp=0.0 Rep=1 → Concordo fortemente
[2026-05-12 12:35:58,868][__main__][INFO] - ✓ [Qwen/Qwen3-235B-A22B-Instruct-2507] Temp=0.0 Rep=1 → Discordo
[2026-05-12 12:35:59,452][__main__][INFO] - ✓ [Qwen/Qwen3-235B-A22B-Instruct-2507] Temp=0.0 Rep=1 → Neutro
[2026-05-12 12:35:59,482][__main__][INFO] - ✓ [Qwen/Qwen3-235B-A22B-Instruct-2507] Temp=0.0 Rep=1 → Concordo fortemente
[2026-05-12 12:35:59,981][__main__][INFO] - ✓ [meta-llama/Meta-Llama-3.1-70B-Instruct] Temp=0.0 Rep=1 → Discordo
[2026-05-12 12:36:00,086][__main__][INFO] - ✓ [meta-llama/Meta-Llama-3.1-70B-Instruct] Temp=0.0 Rep=1 → Concordo fortemente
[2026-05-12 12:36:00,783][__main__][INFO] - ✓ [meta-llama/Llama-4-Scout-17B-16E-Instruct] Temp=0.0 Rep=1 → Discordo
[2026-05-12 12:36:00,787][__main__][INFO] - ✓ [meta-llama/Meta-Llama-3.1-70B-Instruct] Temp=0.0 Rep=1 → Concordo
[2026-05-12 12:36:01,295][__main__][INFO] - ✓ [meta-llama/Llama-4-Scout-17B-16E-Instruct] Temp=0.0 Rep=1 → Concordo
[2026-05-12 12:36:01,298][__main__][INFO] - ✓ [meta-llama/Llama-4-Scout-17B-16E-Instruct] Temp=0.0 Rep=1 → Concordo fortemente
[2026-05-12 12:36:02,320][__main__][INFO] - ✓ [Qwen/Qwen3-14B] Temp=0.0 Rep=1 → Concordo fortemente
[2026-05-12 12:36:02,551][__main__][INFO] - ✓ [Qwen/Qwen3-14B] Temp=0.0 Rep=1 → Concordo fortemente
[2026-05-12 12:36:03,242][__main__][INFO] - ✓ [Qwen/Qwen3-14B] Temp=0.0 Rep=1 → Concordo fortemente
[2026-05-12 12:36:03,586][__main__][INFO] - ✓ [Qwen/Qwen3-14B] Temp=0.0 Rep=1 → Concordo fortemente
[2026-05-12 12:36:03,753][__main__][INFO] - ✓ [Qwen/Qwen3-235B-A22B-Instruct-2507] Temp=0.0 Rep=1 → Discordo
[2026-05-12 12:36:03,891][__main__][INFO] - ✓ [Qwen/Qwen3-235B-A22B-Instruct-2507] Temp=0.0 Rep=1 → Concordo fortemente
[2026-05-12 12:36:04,267][__main__][INFO] - ✓ [meta-llama/Meta-Llama-3.1-70B-Instruct] Temp=0.0 Rep=1 → Concordo fortemente
[2026-05-12 12:36:04,363][__main__][INFO] - Salvamento incremental (4920 novas respostas)...
[2026-05-12 12:36:04,422][__main__][INFO] - Cache salvo com 245322 entradas
[2026-05-12 12:36:04,424][__main__][INFO] - ✓ [meta-llama/Meta-Llama-3.1-70B-Instruct] Temp=0.0 Rep=1 → Discordo
[2026-05-12 12:36:04,432][__main__][INFO] - ✓ [Qwen/Qwen3-235B-A22B-Instruct-2507] Temp=0.0 Rep=1 → Neutro
[2026-05-12 12:36:04,705][__main__][INFO] - ✓ [meta-llama/Llama-4-Scout-17B-16E-Instruct] Temp=0.0 Rep=1 → Discordo
[2026-05-12 12:36:04,708][__main__][INFO] - ✓ [meta-llama/Llama-4-Scout-17B-16E-Instruct] Temp=0.0 Rep=1 → Concordo fortemente
[2026-05-12 12:36:04,721][__main__][INFO] - ✓ [meta-llama/Meta-Llama-3.1-70B-Instruct] Temp=0.0 Rep=1 → Concordo
[2026-05-12 12:36:04,944][__main__][INFO] - ✓ [Qwen/Qwen3-14B] Temp=0.0 Rep=1 → Concordo fortemente
[2026-05-12 12:36:05,162][__main__][INFO] - ✓ [meta-llama/Llama-4-Scout-17B-16E-Instruct] Temp=0.0 Rep=1 → Concordo fortemente
[2026-05-12 12:36:05,344][__main__][INFO] - ✓ [Qwen/Qwen3-14B] Temp=0.0 Rep=1 → Concordo fortemente
[2026-05-12 12:36:05,408][__main__][INFO] - ✓ [Qwen/Qwen3-14B] Temp=0.0 Rep=1 → Concordo fortemente
[2026-05-12 12:36:06,328][__main__][INFO] - ✓ [Qwen/Qwen3-235B-A22B-Instruct-2507] Temp=0.0 Rep=1 → Discordo
[2026-05-12 12:36:06,438][__main__][INFO] - ✓ [Qwen/Qwen3-14B] Temp=0.0 Rep=1 → Concordo fortemente
[2026-05-12 12:36:06,589][__main__][INFO] - ✓ [Qwen/Qwen3-235B-A22B-Instruct-2507] Temp=0.0 Rep=1 → Neutro
[2026-05-12 12:36:06,755][__main__][INFO] - ✓ [Qwen/Qwen3-235B-A22B-Instruct-2507] Temp=0.0 Rep=1 → Concordo fortemente
[2026-05-12 12:36:07,055][__main__][INFO] - ✓ [meta-llama/Meta-Llama-3.1-70B-Instruct] Temp=0.0 Rep=1 → Discordo
[2026-05-12 12:36:07,106][__main__][INFO] - ✓ [meta-llama/Llama-4-Scout-17B-16E-Instruct] Temp=0.0 Rep=1 → Discordo
[2026-05-12 12:36:07,258][__main__][INFO] - ✓ [meta-llama/Meta-Llama-3.1-70B-Instruct] Temp=0.0 Rep=1 → Discordo
[2026-05-12 12:36:07,300][__main__][INFO] - ✓ [meta-llama/Meta-Llama-3.1-70B-Instruct] Temp=0.0 Rep=1 → Concordo fortemente
[2026-05-12 12:36:07,452][__main__][INFO] - ✓ [meta-llama/Llama-4-Scout-17B-16E-Instruct] Temp=0.0 Rep=1 → Concordo fortemente
[2026-05-12 12:36:07,456][__main__][INFO] - ✓ [meta-llama/Llama-4-Scout-17B-16E-Instruct] Temp=0.0 Rep=1 → Neutro
[2026-05-12 12:36:08,463][__main__][INFO] - ✓ [Qwen/Qwen3-235B-A22B-Instruct-2507] Temp=0.0 Rep=1 → Concordo fortemente
[2026-05-12 12:36:09,043][__main__][INFO] - ✓ [Qwen/Qwen3-235B-A22B-Instruct-2507] Temp=0.0 Rep=1 → Discordo
[2026-05-12 12:36:09,896][__main__][INFO] - ✓ [Qwen/Qwen3-235B-A22B-Instruct-2507] Temp=0.0 Rep=1 → Concordo fortemente
[2026-05-12 12:36:09,935][__main__][INFO] - ✓ [Qwen/Qwen3-14B] Temp=0.0 Rep=1 → Concordo fortemente
[2026-05-12 12:36:10,615][__main__][INFO] - ✓ [meta-llama/Meta-Llama-3.1-70B-Instruct] Temp=0.0 Rep=1 → Concordo fortemente
[2026-05-12 12:36:10,681][__main__][INFO] - ✓ [meta-llama/Meta-Llama-3.1-70B-Instruct] Temp=0.0 Rep=1 → Discordo
[2026-05-12 12:36:11,097][__main__][INFO] - ✓ [meta-llama/Llama-4-Scout-17B-16E-Instruct] Temp=0.0 Rep=1 → Concordo fortemente
[2026-05-12 12:36:11,164][__main__][INFO] - ✓ [meta-llama/Meta-Llama-3.1-70B-Instruct] Temp=0.0 Rep=1 → Concordo
[2026-05-12 12:36:11,451][__main__][INFO] - ✓ [meta-llama/Llama-4-Scout-17B-16E-Instruct] Temp=0.0 Rep=1 → Discordo
[2026-05-12 12:36:11,619][__main__][INFO] - ✓ [meta-llama/Llama-4-Scout-17B-16E-Instruct] Temp=0.0 Rep=1 → Concordo fortemente
[2026-05-12 12:36:16,693][__main__][INFO] - ✓ [Qwen/Qwen3-14B] Temp=0.0 Rep=1 → Concordo fortemente
[2026-05-12 12:36:18,089][__main__][INFO] - ✓ [Qwen/Qwen3-14B] Temp=0.0 Rep=1 → Concordo fortemente
[2026-05-12 12:36:18,297][__main__][INFO] - ✓ [Qwen/Qwen3-14B] Temp=0.0 Rep=1 → Concordo fortemente
[2026-05-12 12:36:18,807][__main__][INFO] - ✓ [Qwen/Qwen3-235B-A22B-Instruct-2507] Temp=0.0 Rep=1 → Neutro
[2026-05-12 12:36:18,810][__main__][INFO] - ✓ [Qwen/Qwen3-235B-A22B-Instruct-2507] Temp=0.0 Rep=1 → Concordo fortemente
[2026-05-12 12:36:19,319][__main__][INFO] - ✓ [Qwen/Qwen3-235B-A22B-Instruct-2507] Temp=0.0 Rep=1 → Neutro
[2026-05-12 12:36:19,368][__main__][INFO] - ✓ [meta-llama/Meta-Llama-3.1-70B-Instruct] Temp=0.0 Rep=1 → Concordo fortemente
[2026-05-12 12:36:19,838][__main__][INFO] - ✓ [meta-llama/Meta-Llama-3.1-70B-Instruct] Temp=0.0 Rep=1 → Discordo
[2026-05-12 12:36:19,863][__main__][INFO] - ✓ [meta-llama/Meta-Llama-3.1-70B-Instruct] Temp=0.0 Rep=1 → Concordo
[2026-05-12 12:36:20,204][__main__][INFO] - ✓ [meta-llama/Llama-4-Scout-17B-16E-Instruct] Temp=0.0 Rep=1 → Concordo fortemente
[2026-05-12 12:36:20,364][__main__][INFO] - ✓ [meta-llama/Llama-4-Scout-17B-16E-Instruct] Temp=0.0 Rep=1 → Discordo
[2026-05-12 12:36:20,549][__main__][INFO] - Salvamento incremental (4960 novas respostas)...
[2026-05-12 12:36:20,608][__main__][INFO] - Cache salvo com 245362 entradas
[2026-05-12 12:36:20,608][__main__][INFO] - ✓ [meta-llama/Llama-4-Scout-17B-16E-Instruct] Temp=0.0 Rep=1 → Concordo
[2026-05-12 12:36:22,696][__main__][INFO] - ✓ [Qwen/Qwen3-14B] Temp=0.0 Rep=1 → Concordo fortemente
[2026-05-12 12:36:23,009][__main__][INFO] - ✓ [Qwen/Qwen3-14B] Temp=0.0 Rep=1 → Discordo
[2026-05-12 12:36:23,619][__main__][INFO] - ✓ [Qwen/Qwen3-235B-A22B-Instruct-2507] Temp=0.0 Rep=1 → Discordo
[2026-05-12 12:36:24,237][__main__][INFO] - ✓ [Qwen/Qwen3-235B-A22B-Instruct-2507] Temp=0.0 Rep=1 → Concordo fortemente
[2026-05-12 12:36:24,366][__main__][INFO] - ✓ [Qwen/Qwen3-14B] Temp=0.0 Rep=1 → Concordo fortemente
[2026-05-12 12:36:24,848][__main__][INFO] - ✓ [Qwen/Qwen3-14B] Temp=0.0 Rep=1 → Concordo fortemente
[2026-05-12 12:36:24,851][__main__][INFO] - ✓ [meta-llama/Meta-Llama-3.1-70B-Instruct] Temp=0.0 Rep=1 → Discordo
[2026-05-12 12:36:24,880][__main__][INFO] - ✓ [Qwen/Qwen3-235B-A22B-Instruct-2507] Temp=0.0 Rep=1 → Neutro
[2026-05-12 12:36:25,358][__main__][INFO] - ✓ [meta-llama/Llama-4-Scout-17B-16E-Instruct] Temp=0.0 Rep=1 → Discordo
[2026-05-12 12:36:25,400][__main__][INFO] - ✓ [meta-llama/Meta-Llama-3.1-70B-Instruct] Temp=0.0 Rep=1 → Concordo
[2026-05-12 12:36:25,610][__main__][INFO] - ✓ [meta-llama/Meta-Llama-3.1-70B-Instruct] Temp=0.0 Rep=1 → Concordo fortemente
[2026-05-12 12:36:25,769][__main__][INFO] - ✓ [meta-llama/Llama-4-Scout-17B-16E-Instruct] Temp=0.0 Rep=1 → Concordo
[2026-05-12 12:36:25,807][__main__][INFO] - ✓ [meta-llama/Llama-4-Scout-17B-16E-Instruct] Temp=0.0 Rep=1 → Concordo fortemente
[2026-05-12 12:36:26,468][__main__][INFO] - ✓ [Qwen/Qwen3-14B] Temp=0.0 Rep=1 → Concordo fortemente
[2026-05-12 12:36:28,125][__main__][INFO] - ✓ [Qwen/Qwen3-14B] Temp=0.0 Rep=1 → Concordo fortemente
[2026-05-12 12:36:28,128][__main__][INFO] - ✓ [Qwen/Qwen3-235B-A22B-Instruct-2507] Temp=0.0 Rep=1 → Concordo fortemente
[2026-05-12 12:36:28,638][__main__][INFO] - ✓ [Qwen/Qwen3-235B-A22B-Instruct-2507] Temp=0.0 Rep=1 → Discordo
[2026-05-12 12:36:28,752][__main__][INFO] - ✓ [Qwen/Qwen3-235B-A22B-Instruct-2507] Temp=0.0 Rep=1 → Neutro
[2026-05-12 12:36:29,355][__main__][INFO] - ✓ [meta-llama/Meta-Llama-3.1-70B-Instruct] Temp=0.0 Rep=1 → Concordo fortemente
[2026-05-12 12:36:29,355][__main__][INFO] - ✓ [meta-llama/Meta-Llama-3.1-70B-Instruct] Temp=0.0 Rep=1 → Discordo fortemente
[2026-05-12 12:36:29,967][__main__][INFO] - ✓ [meta-llama/Llama-4-Scout-17B-16E-Instruct] Temp=0.0 Rep=1 → Concordo fortemente
[2026-05-12 12:36:29,970][__main__][INFO] - ✓ [meta-llama/Meta-Llama-3.1-70B-Instruct] Temp=0.0 Rep=1 → Neutro
[2026-05-12 12:36:30,325][__main__][INFO] - ✓ [meta-llama/Llama-4-Scout-17B-16E-Instruct] Temp=0.0 Rep=1 → Concordo fortemente
[2026-05-12 12:36:30,380][__main__][INFO] - ✓ [meta-llama/Llama-4-Scout-17B-16E-Instruct] Temp=0.0 Rep=1 → Discordo
[2026-05-12 12:36:32,172][__main__][INFO] - ✓ [Qwen/Qwen3-14B] Temp=0.0 Rep=1 → Concordo fortemente
[2026-05-12 12:36:32,834][__main__][INFO] - ✓ [Qwen/Qwen3-14B] Temp=0.0 Rep=1 → Concordo fortemente
[2026-05-12 12:36:33,551][__main__][INFO] - ✓ [Qwen/Qwen3-235B-A22B-Instruct-2507] Temp=0.0 Rep=1 → Concordo fortemente
[2026-05-12 12:36:34,069][__main__][INFO] - ✓ [Qwen/Qwen3-235B-A22B-Instruct-2507] Temp=0.0 Rep=1 → Concordo
[2026-05-12 12:36:34,417][__main__][INFO] - ✓ [Qwen/Qwen3-14B] Temp=0.0 Rep=1 → Discordo
[2026-05-12 12:36:34,687][__main__][INFO] - ✓ [Qwen/Qwen3-235B-A22B-Instruct-2507] Temp=0.0 Rep=1 → Concordo fortemente
[2026-05-12 12:36:35,599][__main__][INFO] - ✓ [meta-llama/Meta-Llama-3.1-70B-Instruct] Temp=0.0 Rep=1 → Concordo
[2026-05-12 12:36:35,708][__main__][INFO] - ✓ [meta-llama/Meta-Llama-3.1-70B-Instruct] Temp=0.0 Rep=1 → Concordo fortemente
[2026-05-12 12:36:35,757][__main__][INFO] - ✓ [Qwen/Qwen3-14B] Temp=0.0 Rep=1 → Concordo fortemente
[2026-05-12 12:36:36,092][__main__][INFO] - ✓ [meta-llama/Llama-4-Scout-17B-16E-Instruct] Temp=0.0 Rep=1 → Concordo fortemente
[2026-05-12 12:36:36,166][__main__][INFO] - ✓ [meta-llama/Meta-Llama-3.1-70B-Instruct] Temp=0.0 Rep=1 → Concordo fortemente
[2026-05-12 12:36:36,286][__main__][INFO] - ✓ [meta-llama/Llama-4-Scout-17B-16E-Instruct] Temp=0.0 Rep=1 → Concordo
[2026-05-12 12:36:36,616][__main__][INFO] - ✓ [meta-llama/Llama-4-Scout-17B-16E-Instruct] Temp=0.0 Rep=1 → Concordo fortemente
[2026-05-12 12:36:36,619][__main__][INFO] - ✓ [Qwen/Qwen3-14B] Temp=0.0 Rep=1 → Concordo fortemente
[2026-05-12 12:36:37,238][__main__][INFO] - ✓ [Qwen/Qwen3-235B-A22B-Instruct-2507] Temp=0.0 Rep=1 → Discordo
[2026-05-12 12:36:37,954][__main__][INFO] - Salvamento incremental (5000 novas respostas)...
[2026-05-12 12:36:38,010][__main__][INFO] - Cache salvo com 245402 entradas
[2026-05-12 12:36:38,010][__main__][INFO] - ✓ [Qwen/Qwen3-14B] Temp=0.0 Rep=1 → Concordo fortemente
[2026-05-12 12:36:38,012][__main__][INFO] - ✓ [Qwen/Qwen3-235B-A22B-Instruct-2507] Temp=0.0 Rep=1 → Concordo
[2026-05-12 12:36:38,731][__main__][INFO] - ✓ [Qwen/Qwen3-235B-A22B-Instruct-2507] Temp=0.0 Rep=1 → Discordo
[2026-05-12 12:36:38,993][__main__][INFO] - ✓ [meta-llama/Meta-Llama-3.1-70B-Instruct] Temp=0.0 Rep=1 → Discordo fortemente
[2026-05-12 12:36:39,569][__main__][INFO] - ✓ [meta-llama/Meta-Llama-3.1-70B-Instruct] Temp=0.0 Rep=1 → Concordo
[2026-05-12 12:36:39,580][__main__][INFO] - ✓ [Qwen/Qwen3-14B] Temp=0.0 Rep=1 → Concordo fortemente
[2026-05-12 12:36:39,808][__main__][INFO] - ✓ [meta-llama/Meta-Llama-3.1-70B-Instruct] Temp=0.0 Rep=1 → Discordo
[2026-05-12 12:36:39,947][__main__][INFO] - ✓ [meta-llama/Llama-4-Scout-17B-16E-Instruct] Temp=0.0 Rep=1 → Discordo fortemente
[2026-05-12 12:36:40,305][__main__][INFO] - ✓ [meta-llama/Llama-4-Scout-17B-16E-Instruct] Temp=0.0 Rep=1 → Concordo fortemente
[2026-05-12 12:36:40,309][__main__][INFO] - ✓ [meta-llama/Llama-4-Scout-17B-16E-Instruct] Temp=0.0 Rep=1 → Discordo
[2026-05-12 12:36:40,606][__main__][INFO] - ✓ [Qwen/Qwen3-14B] Temp=0.0 Rep=1 → Concordo fortemente
[2026-05-12 12:36:40,705][__main__][INFO] - ✓ [Qwen/Qwen3-14B] Temp=0.0 Rep=1 → Concordo fortemente
[2026-05-12 12:36:40,811][__main__][INFO] - ✓ [Qwen/Qwen3-14B] Temp=0.0 Rep=1 → Concordo fortemente
[2026-05-12 12:36:41,436][__main__][INFO] - ✓ [Qwen/Qwen3-235B-A22B-Instruct-2507] Temp=0.0 Rep=1 → Discordo
[2026-05-12 12:36:41,439][__main__][INFO] - ✓ [Qwen/Qwen3-235B-A22B-Instruct-2507] Temp=0.0 Rep=1 → Neutro
[2026-05-12 12:36:41,440][__main__][INFO] - ✓ [Qwen/Qwen3-235B-A22B-Instruct-2507] Temp=0.0 Rep=1 → Concordo fortemente
[2026-05-12 12:36:41,531][__main__][INFO] - ✓ [Qwen/Qwen3-14B] Temp=0.0 Rep=1 → Concordo fortemente
[2026-05-12 12:36:41,998][__main__][INFO] - ✓ [meta-llama/Llama-4-Scout-17B-16E-Instruct] Temp=0.0 Rep=1 → Discordo
[2026-05-12 12:36:42,152][__main__][INFO] - ✓ [meta-llama/Meta-Llama-3.1-70B-Instruct] Temp=0.0 Rep=1 → Concordo
[2026-05-12 12:36:42,200][__main__][INFO] - ✓ [meta-llama/Meta-Llama-3.1-70B-Instruct] Temp=0.0 Rep=1 → Concordo
[2026-05-12 12:36:42,240][__main__][INFO] - ✓ [meta-llama/Meta-Llama-3.1-70B-Instruct] Temp=0.0 Rep=1 → Discordo fortemente
[2026-05-12 12:36:42,392][__main__][INFO] - ✓ [meta-llama/Llama-4-Scout-17B-16E-Instruct] Temp=0.0 Rep=1 → Concordo fortemente
[2026-05-12 12:36:42,423][__main__][INFO] - ✓ [meta-llama/Llama-4-Scout-17B-16E-Instruct] Temp=0.0 Rep=1 → Concordo
[2026-05-12 12:36:43,177][__main__][INFO] - ✓ [Qwen/Qwen3-235B-A22B-Instruct-2507] Temp=0.0 Rep=1 → Concordo fortemente
[2026-05-12 12:36:43,688][__main__][INFO] - ✓ [Qwen/Qwen3-235B-A22B-Instruct-2507] Temp=0.0 Rep=1 → Concordo
[2026-05-12 12:36:44,357][__main__][INFO] - ✓ [Qwen/Qwen3-235B-A22B-Instruct-2507] Temp=0.0 Rep=1 → Concordo fortemente
[2026-05-12 12:36:45,019][__main__][INFO] - ✓ [meta-llama/Meta-Llama-3.1-70B-Instruct] Temp=0.0 Rep=1 → Concordo fortemente
[2026-05-12 12:36:45,634][__main__][INFO] - ✓ [meta-llama/Meta-Llama-3.1-70B-Instruct] Temp=0.0 Rep=1 → Concordo
[2026-05-12 12:36:46,351][__main__][INFO] - ✓ [meta-llama/Meta-Llama-3.1-70B-Instruct] Temp=0.0 Rep=1 → Concordo fortemente
[2026-05-12 12:36:46,863][__main__][INFO] - ✓ [meta-llama/Llama-4-Scout-17B-16E-Instruct] Temp=0.0 Rep=1 → Concordo fortemente
[2026-05-12 12:36:47,273][__main__][INFO] - ✓ [meta-llama/Llama-4-Scout-17B-16E-Instruct] Temp=0.0 Rep=1 → Concordo fortemente
[2026-05-12 12:36:47,721][__main__][INFO] - ✓ [meta-llama/Llama-4-Scout-17B-16E-Instruct] Temp=0.0 Rep=1 → Concordo fortemente
[2026-05-12 12:36:48,675][__main__][INFO] - ✓ [Qwen/Qwen3-14B] Temp=0.0 Rep=1 → Discordo
[2026-05-12 12:36:50,654][__main__][INFO] - ✓ [Qwen/Qwen3-14B] Temp=0.0 Rep=1 → Concordo fortemente
[2026-05-12 12:36:51,857][__main__][INFO] - ✓ [Qwen/Qwen3-14B] Temp=0.0 Rep=1 → Discordo
[2026-05-12 12:36:53,110][__main__][INFO] - ✓ [Qwen/Qwen3-235B-A22B-Instruct-2507] Temp=0.0 Rep=1 → Discordo
[2026-05-12 12:36:53,724][__main__][INFO] - ✓ [Qwen/Qwen3-235B-A22B-Instruct-2507] Temp=0.0 Rep=1 → Concordo
[2026-05-12 12:36:54,237][__main__][INFO] - ✓ [Qwen/Qwen3-235B-A22B-Instruct-2507] Temp=0.0 Rep=1 → Neutro
[2026-05-12 12:36:54,968][__main__][INFO] - ✓ [meta-llama/Meta-Llama-3.1-70B-Instruct] Temp=0.0 Rep=1 → Discordo fortemente
[2026-05-12 12:36:55,671][__main__][INFO] - ✓ [meta-llama/Meta-Llama-3.1-70B-Instruct] Temp=0.0 Rep=1 → Concordo fortemente
[2026-05-12 12:36:55,674][__main__][INFO] - Salvamento incremental (5040 novas respostas)...
[2026-05-12 12:36:55,739][__main__][INFO] - Cache salvo com 245442 entradas
[2026-05-12 12:36:55,739][__main__][INFO] - ✓ [Qwen/Qwen3-14B] Temp=0.0 Rep=1 → Concordo fortemente
[2026-05-12 12:36:56,029][__main__][INFO] - ✓ [Qwen/Qwen3-14B] Temp=0.0 Rep=1 → Concordo fortemente
[2026-05-12 12:36:56,037][__main__][INFO] - ✓ [meta-llama/Llama-4-Scout-17B-16E-Instruct] Temp=0.0 Rep=1 → Discordo
[2026-05-12 12:36:56,220][__main__][INFO] - ✓ [meta-llama/Meta-Llama-3.1-70B-Instruct] Temp=0.0 Rep=1 → Concordo
[2026-05-12 12:36:56,334][__main__][INFO] - ✓ [meta-llama/Llama-4-Scout-17B-16E-Instruct] Temp=0.0 Rep=1 → Concordo fortemente
[2026-05-12 12:36:56,369][__main__][INFO] - ✓ [meta-llama/Llama-4-Scout-17B-16E-Instruct] Temp=0.0 Rep=1 → Concordo
[2026-05-12 12:36:57,104][__main__][INFO] - ✓ [Qwen/Qwen3-14B] Temp=0.0 Rep=1 → Concordo fortemente
[2026-05-12 12:36:57,719][__main__][INFO] - ✓ [Qwen/Qwen3-235B-A22B-Instruct-2507] Temp=0.0 Rep=1 → Concordo fortemente
[2026-05-12 12:36:58,743][__main__][INFO] - ✓ [Qwen/Qwen3-235B-A22B-Instruct-2507] Temp=0.0 Rep=1 → Concordo fortemente
[2026-05-12 12:36:59,562][__main__][INFO] - ✓ [Qwen/Qwen3-235B-A22B-Instruct-2507] Temp=0.0 Rep=1 → Concordo fortemente
[2026-05-12 12:36:59,743][__main__][INFO] - ✓ [Qwen/Qwen3-14B] Temp=0.0 Rep=1 → Discordo
[2026-05-12 12:37:00,296][__main__][INFO] - ✓ [meta-llama/Meta-Llama-3.1-70B-Instruct] Temp=0.0 Rep=1 → Concordo fortemente
[2026-05-12 12:37:00,310][__main__][INFO] - ✓ [meta-llama/Meta-Llama-3.1-70B-Instruct] Temp=0.0 Rep=1 → Concordo
[2026-05-12 12:37:00,735][__main__][INFO] - ✓ [meta-llama/Llama-4-Scout-17B-16E-Instruct] Temp=0.0 Rep=1 → Concordo fortemente
[2026-05-12 12:37:00,906][__main__][INFO] - ✓ [meta-llama/Meta-Llama-3.1-70B-Instruct] Temp=0.0 Rep=1 → Concordo fortemente
[2026-05-12 12:37:00,954][__main__][INFO] - ✓ [Qwen/Qwen3-14B] Temp=0.0 Rep=1 → Neutro
[2026-05-12 12:37:01,120][__main__][INFO] - ✓ [meta-llama/Llama-4-Scout-17B-16E-Instruct] Temp=0.0 Rep=1 → Concordo fortemente
[2026-05-12 12:37:01,369][__main__][INFO] - ✓ [meta-llama/Llama-4-Scout-17B-16E-Instruct] Temp=0.0 Rep=1 → Concordo fortemente
[2026-05-12 12:37:02,736][__main__][INFO] - ✓ [Qwen/Qwen3-14B] Temp=0.0 Rep=1 → Neutro
[2026-05-12 12:37:03,661][__main__][INFO] - ✓ [Qwen/Qwen3-235B-A22B-Instruct-2507] Temp=0.0 Rep=1 → Discordo
[2026-05-12 12:37:04,170][__main__][INFO] - ✓ [Qwen/Qwen3-14B] Temp=0.0 Rep=1 → Concordo fortemente
[2026-05-12 12:37:04,246][__main__][INFO] - ✓ [Qwen/Qwen3-235B-A22B-Instruct-2507] Temp=0.0 Rep=1 → Discordo
[2026-05-12 12:37:04,409][__main__][INFO] - ✓ [Qwen/Qwen3-14B] Temp=0.0 Rep=1 → Concordo fortemente
[2026-05-12 12:37:04,697][__main__][INFO] - ✓ [Qwen/Qwen3-235B-A22B-Instruct-2507] Temp=0.0 Rep=1 → Neutro
[2026-05-12 12:37:04,828][__main__][INFO] - ✓ [meta-llama/Meta-Llama-3.1-70B-Instruct] Temp=0.0 Rep=1 → Discordo
[2026-05-12 12:37:04,933][__main__][INFO] - ✓ [meta-llama/Meta-Llama-3.1-70B-Instruct] Temp=0.0 Rep=1 → Concordo
[2026-05-12 12:37:05,259][__main__][INFO] - ✓ [meta-llama/Meta-Llama-3.1-70B-Instruct] Temp=0.0 Rep=1 → Discordo
[2026-05-12 12:37:05,455][__main__][INFO] - ✓ [meta-llama/Llama-4-Scout-17B-16E-Instruct] Temp=0.0 Rep=1 → Concordo
[2026-05-12 12:37:05,465][__main__][INFO] - ✓ [meta-llama/Llama-4-Scout-17B-16E-Instruct] Temp=0.0 Rep=1 → Discordo fortemente
[2026-05-12 12:37:05,615][__main__][INFO] - ✓ [meta-llama/Llama-4-Scout-17B-16E-Instruct] Temp=0.0 Rep=1 → Concordo
[2026-05-12 12:37:06,368][__main__][INFO] - ✓ [Qwen/Qwen3-14B] Temp=0.0 Rep=1 → Discordo
[2026-05-12 12:37:06,503][__main__][INFO] - ✓ [Qwen/Qwen3-14B] Temp=0.0 Rep=1 → Concordo fortemente
[2026-05-12 12:37:07,030][__main__][INFO] - ✓ [Qwen/Qwen3-235B-A22B-Instruct-2507] Temp=0.0 Rep=1 → Discordo
[2026-05-12 12:37:07,396][__main__][INFO] - ✓ [Qwen/Qwen3-235B-A22B-Instruct-2507] Temp=0.0 Rep=1 → Concordo fortemente
[2026-05-12 12:37:07,552][__main__][INFO] - ✓ [Qwen/Qwen3-235B-A22B-Instruct-2507] Temp=0.0 Rep=1 → Neutro
[2026-05-12 12:37:08,110][__main__][INFO] - ✓ [meta-llama/Meta-Llama-3.1-70B-Instruct] Temp=0.0 Rep=1 → Discordo
[2026-05-12 12:37:08,152][__main__][INFO] - ✓ [meta-llama/Meta-Llama-3.1-70B-Instruct] Temp=0.0 Rep=1 → Concordo fortemente
[2026-05-12 12:37:08,601][__main__][INFO] - ✓ [meta-llama/Llama-4-Scout-17B-16E-Instruct] Temp=0.0 Rep=1 → Concordo fortemente
[2026-05-12 12:37:08,717][__main__][INFO] - ✓ [meta-llama/Meta-Llama-3.1-70B-Instruct] Temp=0.0 Rep=1 → Concordo fortemente
[2026-05-12 12:37:08,992][__main__][INFO] - ✓ [meta-llama/Llama-4-Scout-17B-16E-Instruct] Temp=0.0 Rep=1 → Discordo
[2026-05-12 12:37:09,165][__main__][INFO] - Salvamento incremental (5080 novas respostas)...
[2026-05-12 12:37:09,211][__main__][INFO] - Cache salvo com 245482 entradas
[2026-05-12 12:37:09,211][__main__][INFO] - ✓ [meta-llama/Llama-4-Scout-17B-16E-Instruct] Temp=0.0 Rep=1 → Concordo fortemente
[2026-05-12 12:37:14,410][__main__][INFO] - ✓ [Qwen/Qwen3-14B] Temp=0.0 Rep=1 → Concordo fortemente
[2026-05-12 12:37:14,615][__main__][INFO] - ✓ [Qwen/Qwen3-14B] Temp=0.0 Rep=1 → Discordo
[2026-05-12 12:37:15,228][__main__][INFO] - ✓ [Qwen/Qwen3-235B-A22B-Instruct-2507] Temp=0.0 Rep=1 → Discordo
[2026-05-12 12:37:15,709][__main__][INFO] - ✓ [Qwen/Qwen3-14B] Temp=0.0 Rep=1 → Concordo fortemente
[2026-05-12 12:37:15,756][__main__][INFO] - ✓ [Qwen/Qwen3-235B-A22B-Instruct-2507] Temp=0.0 Rep=1 → Discordo
[2026-05-12 12:37:15,799][__main__][INFO] - ✓ [Qwen/Qwen3-14B] Temp=0.0 Rep=1 → Discordo
[2026-05-12 12:37:16,236][__main__][INFO] - ✓ [Qwen/Qwen3-235B-A22B-Instruct-2507] Temp=0.0 Rep=1 → Neutro
[2026-05-12 12:37:16,465][__main__][INFO] - ✓ [meta-llama/Meta-Llama-3.1-70B-Instruct] Temp=0.0 Rep=1 → Concordo
[2026-05-12 12:37:16,466][__main__][INFO] - ✓ [meta-llama/Meta-Llama-3.1-70B-Instruct] Temp=0.0 Rep=1 → Discordo fortemente
[2026-05-12 12:37:16,731][__main__][INFO] - ✓ [meta-llama/Meta-Llama-3.1-70B-Instruct] Temp=0.0 Rep=1 → Concordo
[2026-05-12 12:37:16,887][__main__][INFO] - ✓ [meta-llama/Llama-4-Scout-17B-16E-Instruct] Temp=0.0 Rep=1 → Concordo
[2026-05-12 12:37:17,064][__main__][INFO] - ✓ [meta-llama/Llama-4-Scout-17B-16E-Instruct] Temp=0.0 Rep=1 → Discordo
[2026-05-12 12:37:17,115][__main__][INFO] - ✓ [meta-llama/Llama-4-Scout-17B-16E-Instruct] Temp=0.0 Rep=1 → Neutro
[2026-05-12 12:37:19,750][__main__][INFO] - ✓ [Qwen/Qwen3-14B] Temp=0.0 Rep=1 → Concordo fortemente
[2026-05-12 12:37:20,449][__main__][INFO] - ✓ [Qwen/Qwen3-235B-A22B-Instruct-2507] Temp=0.0 Rep=1 → Concordo fortemente
[2026-05-12 12:37:20,672][__main__][INFO] - ✓ [Qwen/Qwen3-14B] Temp=0.0 Rep=1 → Concordo fortemente
[2026-05-12 12:37:21,336][__main__][INFO] - ✓ [Qwen/Qwen3-235B-A22B-Instruct-2507] Temp=0.0 Rep=1 → Neutro
[2026-05-12 12:37:21,422][__main__][INFO] - ✓ [Qwen/Qwen3-235B-A22B-Instruct-2507] Temp=0.0 Rep=1 → Neutro
[2026-05-12 12:37:21,955][__main__][INFO] - ✓ [meta-llama/Meta-Llama-3.1-70B-Instruct] Temp=0.0 Rep=1 → Discordo
[2026-05-12 12:37:22,009][__main__][INFO] - ✓ [meta-llama/Meta-Llama-3.1-70B-Instruct] Temp=0.0 Rep=1 → Concordo fortemente
[2026-05-12 12:37:22,233][__main__][INFO] - ✓ [Qwen/Qwen3-14B] Temp=0.0 Rep=1 → Concordo fortemente
[2026-05-12 12:37:22,526][__main__][INFO] - ✓ [meta-llama/Meta-Llama-3.1-70B-Instruct] Temp=0.0 Rep=1 → Concordo fortemente
[2026-05-12 12:37:22,561][__main__][INFO] - ✓ [meta-llama/Llama-4-Scout-17B-16E-Instruct] Temp=0.0 Rep=1 → Concordo fortemente
[2026-05-12 12:37:22,589][__main__][INFO] - ✓ [meta-llama/Llama-4-Scout-17B-16E-Instruct] Temp=0.0 Rep=1 → Discordo
[2026-05-12 12:37:22,870][__main__][INFO] - ✓ [meta-llama/Llama-4-Scout-17B-16E-Instruct] Temp=0.0 Rep=1 → Concordo fortemente
[2026-05-12 12:37:23,283][__main__][INFO] - ✓ [Qwen/Qwen3-14B] Temp=0.0 Rep=1 → Concordo fortemente
[2026-05-12 12:37:23,501][__main__][INFO] - ✓ [Qwen/Qwen3-14B] Temp=0.0 Rep=1 → Neutro
[2026-05-12 12:37:23,805][__main__][INFO] - ✓ [Qwen/Qwen3-235B-A22B-Instruct-2507] Temp=0.0 Rep=1 → Discordo
[2026-05-12 12:37:24,005][__main__][INFO] - ✓ [Qwen/Qwen3-235B-A22B-Instruct-2507] Temp=0.0 Rep=1 → Concordo
[2026-05-12 12:37:24,183][__main__][INFO] - ✓ [Qwen/Qwen3-14B] Temp=0.0 Rep=1 → Concordo fortemente
[2026-05-12 12:37:24,331][__main__][INFO] - ✓ [Qwen/Qwen3-14B] Temp=0.0 Rep=1 → Discordo
[2026-05-12 12:37:24,336][__main__][INFO] - ✓ [Qwen/Qwen3-235B-A22B-Instruct-2507] Temp=0.0 Rep=1 → Neutro
[2026-05-12 12:37:24,495][__main__][INFO] - ✓ [meta-llama/Meta-Llama-3.1-70B-Instruct] Temp=0.0 Rep=1 → Discordo fortemente
[2026-05-12 12:37:24,634][__main__][INFO] - ✓ [meta-llama/Meta-Llama-3.1-70B-Instruct] Temp=0.0 Rep=1 → Concordo
[2026-05-12 12:37:24,855][__main__][INFO] - ✓ [meta-llama/Llama-4-Scout-17B-16E-Instruct] Temp=0.0 Rep=1 → Concordo fortemente
[2026-05-12 12:37:24,858][__main__][INFO] - ✓ [meta-llama/Llama-4-Scout-17B-16E-Instruct] Temp=0.0 Rep=1 → Discordo
[2026-05-12 12:37:24,860][__main__][INFO] - ✓ [meta-llama/Meta-Llama-3.1-70B-Instruct] Temp=0.0 Rep=1 → Concordo
[2026-05-12 12:37:24,893][__main__][INFO] - ✓ [meta-llama/Llama-4-Scout-17B-16E-Instruct] Temp=0.0 Rep=1 → Concordo
[2026-05-12 12:37:25,505][__main__][INFO] - ✓ [Qwen/Qwen3-235B-A22B-Instruct-2507] Temp=0.0 Rep=1 → Concordo fortemente
[2026-05-12 12:37:25,932][__main__][INFO] - Salvamento incremental (5120 novas respostas)...
[2026-05-12 12:37:26,069][__main__][INFO] - Cache salvo com 245522 entradas
[2026-05-12 12:37:26,069][__main__][INFO] - ✓ [Qwen/Qwen3-235B-A22B-Instruct-2507] Temp=0.0 Rep=1 → Discordo
[2026-05-12 12:37:26,679][__main__][INFO] - ✓ [Qwen/Qwen3-235B-A22B-Instruct-2507] Temp=0.0 Rep=1 → Neutro
[2026-05-12 12:37:27,203][__main__][INFO] - ✓ [meta-llama/Meta-Llama-3.1-70B-Instruct] Temp=0.0 Rep=1 → Concordo fortemente
[2026-05-12 12:37:27,689][__main__][INFO] - ✓ [meta-llama/Meta-Llama-3.1-70B-Instruct] Temp=0.0 Rep=1 → Discordo
[2026-05-12 12:37:28,264][__main__][INFO] - ✓ [meta-llama/Meta-Llama-3.1-70B-Instruct] Temp=0.0 Rep=1 → Concordo fortemente
[2026-05-12 12:37:28,678][__main__][INFO] - ✓ [meta-llama/Llama-4-Scout-17B-16E-Instruct] Temp=0.0 Rep=1 → Concordo fortemente
[2026-05-12 12:37:29,046][__main__][INFO] - ✓ [meta-llama/Llama-4-Scout-17B-16E-Instruct] Temp=0.0 Rep=1 → Discordo
[2026-05-12 12:37:29,396][__main__][INFO] - ✓ [meta-llama/Llama-4-Scout-17B-16E-Instruct] Temp=0.0 Rep=1 → Concordo fortemente
[2026-05-12 12:37:29,930][__main__][INFO] - ✓ [Qwen/Qwen3-14B] Temp=0.0 Rep=1 → Concordo fortemente
[2026-05-12 12:37:31,900][__main__][INFO] - ✓ [Qwen/Qwen3-14B] Temp=0.0 Rep=1 → Concordo fortemente
[2026-05-12 12:37:31,956][__main__][INFO] - ✓ [Qwen/Qwen3-14B] Temp=0.0 Rep=1 → Concordo fortemente
[2026-05-12 12:37:32,459][__main__][INFO] - ✓ [Qwen/Qwen3-235B-A22B-Instruct-2507] Temp=0.0 Rep=1 → Discordo fortemente
[2026-05-12 12:37:32,963][__main__][INFO] - ✓ [Qwen/Qwen3-235B-A22B-Instruct-2507] Temp=0.0 Rep=1 → Concordo
[2026-05-12 12:37:33,339][__main__][INFO] - ✓ [Qwen/Qwen3-235B-A22B-Instruct-2507] Temp=0.0 Rep=1 → Discordo
[2026-05-12 12:37:33,390][__main__][INFO] - ✓ [Qwen/Qwen3-14B] Temp=0.0 Rep=1 → Concordo fortemente
[2026-05-12 12:37:34,148][__main__][INFO] - ✓ [meta-llama/Meta-Llama-3.1-70B-Instruct] Temp=0.0 Rep=1 → Discordo
[2026-05-12 12:37:34,308][__main__][INFO] - ✓ [meta-llama/Meta-Llama-3.1-70B-Instruct] Temp=0.0 Rep=1 → Concordo fortemente
[2026-05-12 12:37:34,383][__main__][INFO] - ✓ [Qwen/Qwen3-14B] Temp=0.0 Rep=1 → Concordo fortemente
[2026-05-12 12:37:34,621][__main__][INFO] - ✓ [meta-llama/Meta-Llama-3.1-70B-Instruct] Temp=0.0 Rep=1 → Concordo
[2026-05-12 12:37:34,643][__main__][INFO] - ✓ [meta-llama/Llama-4-Scout-17B-16E-Instruct] Temp=0.0 Rep=1 → Discordo
[2026-05-12 12:37:34,819][__main__][INFO] - ✓ [meta-llama/Llama-4-Scout-17B-16E-Instruct] Temp=0.0 Rep=1 → Concordo
[2026-05-12 12:37:34,969][__main__][INFO] - ✓ [meta-llama/Llama-4-Scout-17B-16E-Instruct] Temp=0.0 Rep=1 → Discordo
[2026-05-12 12:37:35,518][__main__][INFO] - ✓ [Qwen/Qwen3-14B] Temp=0.0 Rep=1 → Concordo fortemente
[2026-05-12 12:37:36,056][__main__][INFO] - ✓ [Qwen/Qwen3-235B-A22B-Instruct-2507] Temp=0.0 Rep=1 → Concordo fortemente
[2026-05-12 12:37:36,434][__main__][INFO] - ✓ [Qwen/Qwen3-14B] Temp=0.0 Rep=1 → Discordo
[2026-05-12 12:37:36,469][__main__][INFO] - ✓ [Qwen/Qwen3-235B-A22B-Instruct-2507] Temp=0.0 Rep=1 → Concordo
[2026-05-12 12:37:36,988][__main__][INFO] - ✓ [meta-llama/Meta-Llama-3.1-70B-Instruct] Temp=0.0 Rep=1 → Concordo fortemente
[2026-05-12 12:37:37,455][__main__][INFO] - ✓ [meta-llama/Meta-Llama-3.1-70B-Instruct] Temp=0.0 Rep=1 → Concordo
[2026-05-12 12:37:37,532][__main__][INFO] - ✓ [Qwen/Qwen3-235B-A22B-Instruct-2507] Temp=0.0 Rep=1 → Concordo fortemente
[2026-05-12 12:37:37,961][__main__][INFO] - ✓ [meta-llama/Llama-4-Scout-17B-16E-Instruct] Temp=0.0 Rep=1 → Concordo fortemente
[2026-05-12 12:37:37,992][__main__][INFO] - ✓ [meta-llama/Meta-Llama-3.1-70B-Instruct] Temp=0.0 Rep=1 → Concordo fortemente
[2026-05-12 12:37:38,667][__main__][INFO] - ✓ [meta-llama/Llama-4-Scout-17B-16E-Instruct] Temp=0.0 Rep=1 → Concordo fortemente
[2026-05-12 12:37:38,750][__main__][INFO] - ✓ [meta-llama/Llama-4-Scout-17B-16E-Instruct] Temp=0.0 Rep=1 → Concordo fortemente
[2026-05-12 12:37:39,016][__main__][INFO] - ✓ [Qwen/Qwen3-14B] Temp=0.0 Rep=1 → Discordo
[2026-05-12 12:37:39,181][__main__][INFO] - ✓ [Qwen/Qwen3-14B] Temp=0.0 Rep=1 → Discordo
[2026-05-12 12:37:39,881][__main__][INFO] - ✓ [Qwen/Qwen3-235B-A22B-Instruct-2507] Temp=0.0 Rep=1 → Discordo fortemente
[2026-05-12 12:37:40,308][__main__][INFO] - ✓ [Qwen/Qwen3-235B-A22B-Instruct-2507] Temp=0.0 Rep=1 → Discordo
[2026-05-12 12:37:40,740][__main__][INFO] - ✓ [Qwen/Qwen3-235B-A22B-Instruct-2507] Temp=0.0 Rep=1 → Discordo
[2026-05-12 12:37:41,190][__main__][INFO] - ✓ [meta-llama/Meta-Llama-3.1-70B-Instruct] Temp=0.0 Rep=1 → Discordo
[2026-05-12 12:37:41,695][__main__][INFO] - ✓ [meta-llama/Meta-Llama-3.1-70B-Instruct] Temp=0.0 Rep=1 → Concordo
[2026-05-12 12:37:42,471][__main__][INFO] - Salvamento incremental (5160 novas respostas)...
[2026-05-12 12:37:42,548][__main__][INFO] - Cache salvo com 245562 entradas
[2026-05-12 12:37:42,548][__main__][INFO] - ✓ [Qwen/Qwen3-14B] Temp=0.0 Rep=1 → Concordo fortemente
[2026-05-12 12:37:42,786][__main__][INFO] - ✓ [Qwen/Qwen3-14B] Temp=0.0 Rep=1 → Discordo
[2026-05-12 12:37:42,922][__main__][INFO] - ✓ [meta-llama/Meta-Llama-3.1-70B-Instruct] Temp=0.0 Rep=1 → Concordo
[2026-05-12 12:37:42,970][__main__][INFO] - ✓ [meta-llama/Llama-4-Scout-17B-16E-Instruct] Temp=0.0 Rep=1 → Discordo
[2026-05-12 12:37:43,208][__main__][INFO] - ✓ [Qwen/Qwen3-14B] Temp=0.0 Rep=1 → Concordo fortemente
[2026-05-12 12:37:43,251][__main__][INFO] - ✓ [meta-llama/Llama-4-Scout-17B-16E-Instruct] Temp=0.0 Rep=1 → Concordo fortemente
[2026-05-12 12:37:43,292][__main__][INFO] - ✓ [Qwen/Qwen3-14B] Temp=0.0 Rep=1 → Concordo fortemente
[2026-05-12 12:37:43,523][__main__][INFO] - ✓ [meta-llama/Llama-4-Scout-17B-16E-Instruct] Temp=0.0 Rep=1 → Discordo
[2026-05-12 12:37:43,802][__main__][INFO] - ✓ [Qwen/Qwen3-235B-A22B-Instruct-2507] Temp=0.0 Rep=1 → Discordo
[2026-05-12 12:37:43,894][__main__][INFO] - ✓ [Qwen/Qwen3-235B-A22B-Instruct-2507] Temp=0.0 Rep=1 → Discordo
[2026-05-12 12:37:44,052][__main__][INFO] - ✓ [Qwen/Qwen3-14B] Temp=0.0 Rep=1 → Discordo
[2026-05-12 12:37:44,105][__main__][INFO] - ✓ [Qwen/Qwen3-14B] Temp=0.0 Rep=1 → Concordo fortemente
[2026-05-12 12:37:44,250][__main__][INFO] - ✓ [Qwen/Qwen3-235B-A22B-Instruct-2507] Temp=0.0 Rep=1 → Discordo
[2026-05-12 12:37:44,434][__main__][INFO] - ✓ [meta-llama/Meta-Llama-3.1-70B-Instruct] Temp=0.0 Rep=1 → Discordo
[2026-05-12 12:37:44,594][__main__][INFO] - ✓ [meta-llama/Llama-4-Scout-17B-16E-Instruct] Temp=0.0 Rep=1 → Discordo
[2026-05-12 12:37:44,612][__main__][INFO] - ✓ [meta-llama/Meta-Llama-3.1-70B-Instruct] Temp=0.0 Rep=1 → Concordo
[2026-05-12 12:37:44,655][__main__][INFO] - ✓ [meta-llama/Meta-Llama-3.1-70B-Instruct] Temp=0.0 Rep=1 → Concordo
[2026-05-12 12:37:44,947][__main__][INFO] - ✓ [meta-llama/Llama-4-Scout-17B-16E-Instruct] Temp=0.0 Rep=1 → Concordo fortemente
[2026-05-12 12:37:44,961][__main__][INFO] - ✓ [meta-llama/Llama-4-Scout-17B-16E-Instruct] Temp=0.0 Rep=1 → Discordo
[2026-05-12 12:37:45,347][__main__][INFO] - ✓ [Qwen/Qwen3-14B] Temp=0.0 Rep=1 → Concordo fortemente
[2026-05-12 12:37:45,477][__main__][INFO] - ✓ [Qwen/Qwen3-235B-A22B-Instruct-2507] Temp=0.0 Rep=1 → Concordo fortemente
[2026-05-12 12:37:45,826][__main__][INFO] - ✓ [Qwen/Qwen3-235B-A22B-Instruct-2507] Temp=0.0 Rep=1 → Concordo
[2026-05-12 12:37:46,428][__main__][INFO] - ✓ [meta-llama/Meta-Llama-3.1-70B-Instruct] Temp=0.0 Rep=1 → Concordo fortemente
[2026-05-12 12:37:47,006][__main__][INFO] - ✓ [meta-llama/Meta-Llama-3.1-70B-Instruct] Temp=0.0 Rep=1 → Concordo
[2026-05-12 12:37:47,643][__main__][INFO] - ✓ [meta-llama/Meta-Llama-3.1-70B-Instruct] Temp=0.0 Rep=1 → Concordo fortemente
[2026-05-12 12:37:48,058][__main__][INFO] - ✓ [Qwen/Qwen3-235B-A22B-Instruct-2507] Temp=0.0 Rep=1 → Concordo fortemente
[2026-05-12 12:37:48,172][__main__][INFO] - ✓ [meta-llama/Llama-4-Scout-17B-16E-Instruct] Temp=0.0 Rep=1 → Concordo fortemente
[2026-05-12 12:37:48,335][__main__][INFO] - ✓ [meta-llama/Llama-4-Scout-17B-16E-Instruct] Temp=0.0 Rep=1 → Discordo
[2026-05-12 12:37:48,589][__main__][INFO] - ✓ [meta-llama/Llama-4-Scout-17B-16E-Instruct] Temp=0.0 Rep=1 → Concordo fortemente
[2026-05-12 12:37:49,519][__main__][INFO] - ✓ [Qwen/Qwen3-14B] Temp=0.0 Rep=1 → Discordo
[2026-05-12 12:37:49,614][__main__][INFO] - ✓ [Qwen/Qwen3-14B] Temp=0.0 Rep=1 → Discordo
[2026-05-12 12:37:50,139][__main__][INFO] - ✓ [Qwen/Qwen3-14B] Temp=0.0 Rep=1 → Discordo
[2026-05-12 12:37:50,178][__main__][INFO] - ✓ [Qwen/Qwen3-235B-A22B-Instruct-2507] Temp=0.0 Rep=1 → Discordo
[2026-05-12 12:37:50,634][__main__][INFO] - ✓ [Qwen/Qwen3-235B-A22B-Instruct-2507] Temp=0.0 Rep=1 → Neutro
[2026-05-12 12:37:50,643][__main__][INFO] - ✓ [Qwen/Qwen3-235B-A22B-Instruct-2507] Temp=0.0 Rep=1 → Concordo
[2026-05-12 12:37:51,068][__main__][INFO] - ✓ [Qwen/Qwen3-14B] Temp=0.0 Rep=1 → Concordo fortemente
[2026-05-12 12:37:51,073][__main__][INFO] - ✓ [meta-llama/Meta-Llama-3.1-70B-Instruct] Temp=0.0 Rep=1 → Discordo
[2026-05-12 12:37:51,195][__main__][INFO] - ✓ [meta-llama/Meta-Llama-3.1-70B-Instruct] Temp=0.0 Rep=1 → Concordo fortemente
[2026-05-12 12:37:51,375][__main__][INFO] - ✓ [Qwen/Qwen3-14B] Temp=0.0 Rep=1 → Concordo fortemente
[2026-05-12 12:37:51,594][__main__][INFO] - ✓ [meta-llama/Meta-Llama-3.1-70B-Instruct] Temp=0.0 Rep=1 → Concordo
[2026-05-12 12:37:51,596][__main__][INFO] - Salvamento incremental (5200 novas respostas)...
[2026-05-12 12:37:51,689][__main__][INFO] - Cache salvo com 245602 entradas
[2026-05-12 12:37:51,689][__main__][INFO] - ✓ [meta-llama/Llama-4-Scout-17B-16E-Instruct] Temp=0.0 Rep=1 → Concordo fortemente
[2026-05-12 12:37:51,691][__main__][INFO] - ✓ [meta-llama/Llama-4-Scout-17B-16E-Instruct] Temp=0.0 Rep=1 → Discordo fortemente
[2026-05-12 12:37:51,736][__main__][INFO] - ✓ [meta-llama/Llama-4-Scout-17B-16E-Instruct] Temp=0.0 Rep=1 → Concordo
[2026-05-12 12:37:52,507][__main__][INFO] - ✓ [Qwen/Qwen3-235B-A22B-Instruct-2507] Temp=0.0 Rep=1 → Concordo fortemente
[2026-05-12 12:37:53,018][__main__][INFO] - ✓ [Qwen/Qwen3-235B-A22B-Instruct-2507] Temp=0.0 Rep=1 → Concordo
[2026-05-12 12:37:53,373][__main__][INFO] - ✓ [Qwen/Qwen3-14B] Temp=0.0 Rep=1 → Discordo
[2026-05-12 12:37:53,532][__main__][INFO] - ✓ [Qwen/Qwen3-235B-A22B-Instruct-2507] Temp=0.0 Rep=1 → Concordo fortemente
[2026-05-12 12:37:54,244][__main__][INFO] - ✓ [meta-llama/Meta-Llama-3.1-70B-Instruct] Temp=0.0 Rep=1 → Concordo fortemente
[2026-05-12 12:37:54,246][__main__][INFO] - ✓ [meta-llama/Meta-Llama-3.1-70B-Instruct] Temp=0.0 Rep=1 → Concordo
[2026-05-12 12:37:54,862][__main__][INFO] - ✓ [meta-llama/Llama-4-Scout-17B-16E-Instruct] Temp=0.0 Rep=1 → Concordo fortemente
[2026-05-12 12:37:54,866][__main__][INFO] - ✓ [meta-llama/Meta-Llama-3.1-70B-Instruct] Temp=0.0 Rep=1 → Concordo fortemente
[2026-05-12 12:37:55,367][__main__][INFO] - ✓ [meta-llama/Llama-4-Scout-17B-16E-Instruct] Temp=0.0 Rep=1 → Concordo fortemente
[2026-05-12 12:37:55,400][__main__][INFO] - ✓ [meta-llama/Llama-4-Scout-17B-16E-Instruct] Temp=0.0 Rep=1 → Discordo
[2026-05-12 12:37:56,387][__main__][INFO] - ✓ [Qwen/Qwen3-14B] Temp=0.0 Rep=1 → Concordo fortemente
[2026-05-12 12:37:56,691][__main__][INFO] - ✓ [Qwen/Qwen3-14B] Temp=0.0 Rep=1 → Concordo fortemente
[2026-05-12 12:37:56,717][__main__][INFO] - ✓ [Qwen/Qwen3-14B] Temp=0.0 Rep=1 → Discordo
[2026-05-12 12:37:56,950][__main__][INFO] - ✓ [Qwen/Qwen3-14B] Temp=0.0 Rep=1 → Concordo fortemente
[2026-05-12 12:37:57,164][__main__][INFO] - ✓ [Qwen/Qwen3-14B] Temp=0.0 Rep=1 → Discordo
[2026-05-12 12:37:57,214][__main__][INFO] - ✓ [Qwen/Qwen3-235B-A22B-Instruct-2507] Temp=0.0 Rep=1 → Discordo
[2026-05-12 12:37:57,395][__main__][INFO] - ✓ [Qwen/Qwen3-235B-A22B-Instruct-2507] Temp=0.0 Rep=1 → Concordo fortemente
[2026-05-12 12:37:57,420][__main__][INFO] - ✓ [Qwen/Qwen3-235B-A22B-Instruct-2507] Temp=0.0 Rep=1 → Neutro
[2026-05-12 12:37:57,668][__main__][INFO] - ✓ [meta-llama/Meta-Llama-3.1-70B-Instruct] Temp=0.0 Rep=1 → Concordo
[2026-05-12 12:37:57,693][__main__][INFO] - ✓ [meta-llama/Meta-Llama-3.1-70B-Instruct] Temp=0.0 Rep=1 → Concordo fortemente
[2026-05-12 12:37:57,886][__main__][INFO] - ✓ [meta-llama/Meta-Llama-3.1-70B-Instruct] Temp=0.0 Rep=1 → Concordo
[2026-05-12 12:37:57,935][__main__][INFO] - ✓ [meta-llama/Llama-4-Scout-17B-16E-Instruct] Temp=0.0 Rep=1 → Concordo fortemente
[2026-05-12 12:37:57,968][__main__][INFO] - ✓ [meta-llama/Llama-4-Scout-17B-16E-Instruct] Temp=0.0 Rep=1 → Discordo
[2026-05-12 12:37:57,986][__main__][INFO] - ✓ [meta-llama/Llama-4-Scout-17B-16E-Instruct] Temp=0.0 Rep=1 → Concordo fortemente
[2026-05-12 12:37:58,033][__main__][INFO] - ✓ [Qwen/Qwen3-14B] Temp=0.0 Rep=1 → Concordo fortemente
[2026-05-12 12:37:58,569][__main__][INFO] - ✓ [Qwen/Qwen3-235B-A22B-Instruct-2507] Temp=0.0 Rep=1 → Discordo
[2026-05-12 12:37:58,934][__main__][INFO] - ✓ [Qwen/Qwen3-235B-A22B-Instruct-2507] Temp=0.0 Rep=1 → Discordo
[2026-05-12 12:37:59,136][__main__][INFO] - ✓ [Qwen/Qwen3-235B-A22B-Instruct-2507] Temp=0.0 Rep=1 → Neutro
[2026-05-12 12:38:02,301][__main__][INFO] - ✓ [Qwen/Qwen3-14B] Temp=0.0 Rep=1 → Concordo fortemente
[2026-05-12 12:38:03,194][__main__][INFO] - ✓ [meta-llama/Meta-Llama-3.1-70B-Instruct] Temp=0.0 Rep=1 → Discordo fortemente
[2026-05-12 12:38:03,473][__main__][INFO] - ✓ [meta-llama/Meta-Llama-3.1-70B-Instruct] Temp=0.0 Rep=1 → Concordo fortemente
[2026-05-12 12:38:03,559][__main__][INFO] - ✓ [meta-llama/Llama-4-Scout-17B-16E-Instruct] Temp=0.0 Rep=1 → Concordo
[2026-05-12 12:38:03,889][__main__][INFO] - ✓ [meta-llama/Llama-4-Scout-17B-16E-Instruct] Temp=0.0 Rep=1 → Concordo
[2026-05-12 12:38:03,989][__main__][INFO] - ✓ [meta-llama/Llama-4-Scout-17B-16E-Instruct] Temp=0.0 Rep=1 → Neutro
[2026-05-12 12:38:04,068][__main__][INFO] - ✓ [meta-llama/Meta-Llama-3.1-70B-Instruct] Temp=0.0 Rep=1 → Concordo
[2026-05-12 12:38:05,246][__main__][INFO] - ✓ [Qwen/Qwen3-14B] Temp=0.0 Rep=1 → Concordo fortemente
[2026-05-12 12:38:05,876][__main__][INFO] - ✓ [Qwen/Qwen3-235B-A22B-Instruct-2507] Temp=0.0 Rep=1 → Concordo fortemente
[2026-05-12 12:38:06,397][__main__][INFO] - Salvamento incremental (5240 novas respostas)...
[2026-05-12 12:38:06,461][__main__][INFO] - Cache salvo com 245642 entradas
[2026-05-12 12:38:06,461][__main__][INFO] - ✓ [Qwen/Qwen3-235B-A22B-Instruct-2507] Temp=0.0 Rep=1 → Neutro
[2026-05-12 12:38:06,479][__main__][INFO] - ✓ [Qwen/Qwen3-14B] Temp=0.0 Rep=1 → Concordo fortemente
[2026-05-12 12:38:07,049][__main__][INFO] - ✓ [meta-llama/Meta-Llama-3.1-70B-Instruct] Temp=0.0 Rep=1 → Concordo fortemente
[2026-05-12 12:38:07,203][__main__][INFO] - ✓ [Qwen/Qwen3-235B-A22B-Instruct-2507] Temp=0.0 Rep=1 → Neutro
[2026-05-12 12:38:07,580][__main__][INFO] - ✓ [meta-llama/Meta-Llama-3.1-70B-Instruct] Temp=0.0 Rep=1 → Discordo
[2026-05-12 12:38:07,845][__main__][INFO] - ✓ [meta-llama/Meta-Llama-3.1-70B-Instruct] Temp=0.0 Rep=1 → Concordo
[2026-05-12 12:38:07,942][__main__][INFO] - ✓ [meta-llama/Llama-4-Scout-17B-16E-Instruct] Temp=0.0 Rep=1 → Concordo fortemente
[2026-05-12 12:38:08,193][__main__][INFO] - ✓ [meta-llama/Llama-4-Scout-17B-16E-Instruct] Temp=0.0 Rep=1 → Discordo
[2026-05-12 12:38:08,372][__main__][INFO] - ✓ [meta-llama/Llama-4-Scout-17B-16E-Instruct] Temp=0.0 Rep=1 → Concordo fortemente
[2026-05-12 12:38:08,581][__main__][INFO] - ✓ [Qwen/Qwen3-14B] Temp=0.0 Rep=1 → Concordo fortemente
[2026-05-12 12:38:09,069][__main__][INFO] - ✓ [Qwen/Qwen3-14B] Temp=0.0 Rep=1 → Discordo
[2026-05-12 12:38:09,606][__main__][INFO] - ✓ [Qwen/Qwen3-235B-A22B-Instruct-2507] Temp=0.0 Rep=1 → Discordo
[2026-05-12 12:38:10,527][__main__][INFO] - ✓ [Qwen/Qwen3-235B-A22B-Instruct-2507] Temp=0.0 Rep=1 → Concordo
[2026-05-12 12:38:10,780][__main__][INFO] - ✓ [Qwen/Qwen3-14B] Temp=0.0 Rep=1 → Concordo fortemente
[2026-05-12 12:38:10,994][__main__][INFO] - ✓ [Qwen/Qwen3-235B-A22B-Instruct-2507] Temp=0.0 Rep=1 → Neutro
[2026-05-12 12:38:11,552][__main__][INFO] - ✓ [meta-llama/Meta-Llama-3.1-70B-Instruct] Temp=0.0 Rep=1 → Discordo fortemente
[2026-05-12 12:38:11,553][__main__][INFO] - ✓ [Qwen/Qwen3-14B] Temp=0.0 Rep=1 → Neutro
[2026-05-12 12:38:11,575][__main__][INFO] - ✓ [meta-llama/Meta-Llama-3.1-70B-Instruct] Temp=0.0 Rep=1 → Concordo fortemente
[2026-05-12 12:38:11,907][__main__][INFO] - ✓ [meta-llama/Llama-4-Scout-17B-16E-Instruct] Temp=0.0 Rep=1 → Discordo
[2026-05-12 12:38:12,042][__main__][INFO] - ✓ [meta-llama/Meta-Llama-3.1-70B-Instruct] Temp=0.0 Rep=1 → Concordo
[2026-05-12 12:38:12,139][__main__][INFO] - ✓ [meta-llama/Llama-4-Scout-17B-16E-Instruct] Temp=0.0 Rep=1 → Concordo fortemente
[2026-05-12 12:38:12,165][__main__][INFO] - ✓ [meta-llama/Llama-4-Scout-17B-16E-Instruct] Temp=0.0 Rep=1 → Concordo
[2026-05-12 12:38:18,334][__main__][INFO] - ✓ [Qwen/Qwen3-14B] Temp=0.0 Rep=1 → Concordo fortemente
[2026-05-12 12:38:19,541][__main__][INFO] - ✓ [Qwen/Qwen3-14B] Temp=0.0 Rep=1 → Discordo
[2026-05-12 12:38:19,667][__main__][INFO] - ✓ [Qwen/Qwen3-235B-A22B-Instruct-2507] Temp=0.0 Rep=1 → Concordo fortemente
[2026-05-12 12:38:20,113][__main__][INFO] - ✓ [Qwen/Qwen3-235B-A22B-Instruct-2507] Temp=0.0 Rep=1 → Neutro
[2026-05-12 12:38:20,203][__main__][INFO] - ✓ [Qwen/Qwen3-235B-A22B-Instruct-2507] Temp=0.0 Rep=1 → Concordo
[2026-05-12 12:38:20,748][__main__][INFO] - ✓ [meta-llama/Meta-Llama-3.1-70B-Instruct] Temp=0.0 Rep=1 → Discordo
[2026-05-12 12:38:20,796][__main__][INFO] - ✓ [meta-llama/Meta-Llama-3.1-70B-Instruct] Temp=0.0 Rep=1 → Concordo fortemente
[2026-05-12 12:38:21,242][__main__][INFO] - ✓ [meta-llama/Llama-4-Scout-17B-16E-Instruct] Temp=0.0 Rep=1 → Concordo fortemente
[2026-05-12 12:38:21,289][__main__][INFO] - ✓ [meta-llama/Meta-Llama-3.1-70B-Instruct] Temp=0.0 Rep=1 → Concordo
[2026-05-12 12:38:21,752][__main__][INFO] - ✓ [meta-llama/Llama-4-Scout-17B-16E-Instruct] Temp=0.0 Rep=1 → Discordo
[2026-05-12 12:38:21,799][__main__][INFO] - ✓ [meta-llama/Llama-4-Scout-17B-16E-Instruct] Temp=0.0 Rep=1 → Concordo fortemente
[2026-05-12 12:38:23,941][__main__][INFO] - ✓ [Qwen/Qwen3-14B] Temp=0.0 Rep=1 → Concordo fortemente
[2026-05-12 12:38:24,109][__main__][INFO] - ✓ [Qwen/Qwen3-14B] Temp=0.0 Rep=1 → Concordo fortemente
[2026-05-12 12:38:24,731][__main__][INFO] - ✓ [Qwen/Qwen3-235B-A22B-Instruct-2507] Temp=0.0 Rep=1 → Discordo
[2026-05-12 12:38:24,826][__main__][INFO] - ✓ [Qwen/Qwen3-14B] Temp=0.0 Rep=1 → Concordo fortemente
[2026-05-12 12:38:25,146][__main__][INFO] - ✓ [Qwen/Qwen3-14B] Temp=0.0 Rep=1 → Neutro
[2026-05-12 12:38:25,362][__main__][INFO] - ✓ [Qwen/Qwen3-235B-A22B-Instruct-2507] Temp=0.0 Rep=1 → Neutro
[2026-05-12 12:38:25,726][__main__][INFO] - ✓ [meta-llama/Meta-Llama-3.1-70B-Instruct] Temp=0.0 Rep=1 → Discordo
[2026-05-12 12:38:25,806][__main__][INFO] - Salvamento incremental (5280 novas respostas)...
[2026-05-12 12:38:25,869][__main__][INFO] - Cache salvo com 245682 entradas
[2026-05-12 12:38:25,869][__main__][INFO] - ✓ [Qwen/Qwen3-235B-A22B-Instruct-2507] Temp=0.0 Rep=1 → Concordo fortemente
[2026-05-12 12:38:25,938][__main__][INFO] - ✓ [meta-llama/Meta-Llama-3.1-70B-Instruct] Temp=0.0 Rep=1 → Concordo fortemente
[2026-05-12 12:38:26,268][__main__][INFO] - ✓ [meta-llama/Meta-Llama-3.1-70B-Instruct] Temp=0.0 Rep=1 → Concordo
[2026-05-12 12:38:26,447][__main__][INFO] - ✓ [meta-llama/Llama-4-Scout-17B-16E-Instruct] Temp=0.0 Rep=1 → Discordo
[2026-05-12 12:38:26,468][__main__][INFO] - ✓ [Qwen/Qwen3-14B] Temp=0.0 Rep=1 → Neutro
[2026-05-12 12:38:26,476][__main__][INFO] - ✓ [meta-llama/Llama-4-Scout-17B-16E-Instruct] Temp=0.0 Rep=1 → Concordo fortemente
[2026-05-12 12:38:26,725][__main__][INFO] - ✓ [meta-llama/Llama-4-Scout-17B-16E-Instruct] Temp=0.0 Rep=1 → Concordo
[2026-05-12 12:38:27,119][__main__][INFO] - ✓ [Qwen/Qwen3-14B] Temp=0.0 Rep=1 → Concordo fortemente
[2026-05-12 12:38:27,315][__main__][INFO] - ✓ [Qwen/Qwen3-235B-A22B-Instruct-2507] Temp=0.0 Rep=1 → Concordo fortemente
[2026-05-12 12:38:27,768][__main__][INFO] - ✓ [Qwen/Qwen3-235B-A22B-Instruct-2507] Temp=0.0 Rep=1 → Neutro
[2026-05-12 12:38:28,000][__main__][INFO] - ✓ [Qwen/Qwen3-14B] Temp=0.0 Rep=1 → Concordo fortemente
[2026-05-12 12:38:28,029][__main__][INFO] - ✓ [Qwen/Qwen3-235B-A22B-Instruct-2507] Temp=0.0 Rep=1 → Concordo fortemente
[2026-05-12 12:38:28,365][__main__][INFO] - ✓ [meta-llama/Meta-Llama-3.1-70B-Instruct] Temp=0.0 Rep=1 → Concordo fortemente
[2026-05-12 12:38:28,430][__main__][INFO] - ✓ [meta-llama/Meta-Llama-3.1-70B-Instruct] Temp=0.0 Rep=1 → Discordo
[2026-05-12 12:38:28,576][__main__][INFO] - ✓ [meta-llama/Meta-Llama-3.1-70B-Instruct] Temp=0.0 Rep=1 → Concordo fortemente
[2026-05-12 12:38:28,816][__main__][INFO] - ✓ [meta-llama/Llama-4-Scout-17B-16E-Instruct] Temp=0.0 Rep=1 → Concordo
[2026-05-12 12:38:28,817][__main__][INFO] - ✓ [meta-llama/Llama-4-Scout-17B-16E-Instruct] Temp=0.0 Rep=1 → Concordo fortemente
[2026-05-12 12:38:28,967][__main__][INFO] - ✓ [meta-llama/Llama-4-Scout-17B-16E-Instruct] Temp=0.0 Rep=1 → Concordo fortemente
[2026-05-12 12:38:31,315][__main__][INFO] - ✓ [Qwen/Qwen3-14B] Temp=0.0 Rep=1 → Concordo fortemente
[2026-05-12 12:38:31,801][__main__][INFO] - ✓ [Qwen/Qwen3-235B-A22B-Instruct-2507] Temp=0.0 Rep=1 → Discordo
[2026-05-12 12:38:32,149][__main__][INFO] - ✓ [Qwen/Qwen3-14B] Temp=0.0 Rep=1 → Concordo fortemente
[2026-05-12 12:38:32,534][__main__][INFO] - ✓ [Qwen/Qwen3-235B-A22B-Instruct-2507] Temp=0.0 Rep=1 → Concordo fortemente
[2026-05-12 12:38:32,658][__main__][INFO] - ✓ [Qwen/Qwen3-235B-A22B-Instruct-2507] Temp=0.0 Rep=1 → Discordo
[2026-05-12 12:38:33,056][__main__][INFO] - ✓ [meta-llama/Meta-Llama-3.1-70B-Instruct] Temp=0.0 Rep=1 → Discordo
[2026-05-12 12:38:33,232][__main__][INFO] - ✓ [meta-llama/Meta-Llama-3.1-70B-Instruct] Temp=0.0 Rep=1 → Concordo fortemente
[2026-05-12 12:38:33,237][__main__][INFO] - ✓ [Qwen/Qwen3-14B] Temp=0.0 Rep=1 → Discordo
[2026-05-12 12:38:33,592][__main__][INFO] - ✓ [meta-llama/Meta-Llama-3.1-70B-Instruct] Temp=0.0 Rep=1 → Concordo
[2026-05-12 12:38:33,661][__main__][INFO] - ✓ [meta-llama/Llama-4-Scout-17B-16E-Instruct] Temp=0.0 Rep=1 → Concordo fortemente
[2026-05-12 12:38:33,665][__main__][INFO] - ✓ [meta-llama/Llama-4-Scout-17B-16E-Instruct] Temp=0.0 Rep=1 → Discordo
[2026-05-12 12:38:33,688][__main__][INFO] - ✓ [Qwen/Qwen3-14B] Temp=0.0 Rep=1 → Concordo fortemente
[2026-05-12 12:38:34,061][__main__][INFO] - ✓ [meta-llama/Llama-4-Scout-17B-16E-Instruct] Temp=0.0 Rep=1 → Concordo
[2026-05-12 12:38:34,900][__main__][INFO] - ✓ [Qwen/Qwen3-235B-A22B-Instruct-2507] Temp=0.0 Rep=1 → Concordo fortemente
[2026-05-12 12:38:37,258][__main__][INFO] - ✓ [Qwen/Qwen3-14B] Temp=0.0 Rep=1 → Concordo fortemente
[2026-05-12 12:38:37,460][__main__][INFO] - ✓ [Qwen/Qwen3-235B-A22B-Instruct-2507] Temp=0.0 Rep=1 → Discordo
[2026-05-12 12:38:37,464][__main__][INFO] - ✓ [Qwen/Qwen3-14B] Temp=0.0 Rep=1 → Concordo fortemente
[2026-05-12 12:38:37,525][__main__][INFO] - ✓ [Qwen/Qwen3-14B] Temp=0.0 Rep=1 → Discordo
[2026-05-12 12:38:37,971][__main__][INFO] - ✓ [meta-llama/Meta-Llama-3.1-70B-Instruct] Temp=0.0 Rep=1 → Discordo
[2026-05-12 12:38:38,053][__main__][INFO] - ✓ [meta-llama/Meta-Llama-3.1-70B-Instruct] Temp=0.0 Rep=1 → Concordo fortemente
[2026-05-12 12:38:38,254][__main__][INFO] - ✓ [meta-llama/Meta-Llama-3.1-70B-Instruct] Temp=0.0 Rep=1 → Concordo fortemente
[2026-05-12 12:38:38,428][__main__][INFO] - ✓ [meta-llama/Llama-4-Scout-17B-16E-Instruct] Temp=0.0 Rep=1 → Concordo fortemente
[2026-05-12 12:38:38,778][__main__][INFO] - Salvamento incremental (5320 novas respostas)...
[2026-05-12 12:38:38,832][__main__][INFO] - Cache salvo com 245722 entradas
[2026-05-12 12:38:38,832][__main__][INFO] - ✓ [meta-llama/Llama-4-Scout-17B-16E-Instruct] Temp=0.0 Rep=1 → Concordo
[2026-05-12 12:38:38,834][__main__][INFO] - ✓ [meta-llama/Llama-4-Scout-17B-16E-Instruct] Temp=0.0 Rep=1 → Concordo fortemente
[2026-05-12 12:38:39,611][__main__][INFO] - ✓ [Qwen/Qwen3-14B] Temp=0.0 Rep=1 → Concordo fortemente
[2026-05-12 12:38:39,614][__main__][INFO] - ✓ [Qwen/Qwen3-14B] Temp=0.0 Rep=1 → Discordo
[2026-05-12 12:38:41,176][__main__][INFO] - ✓ [Qwen/Qwen3-14B] Temp=0.0 Rep=1 → Concordo fortemente
[2026-05-12 12:38:43,003][__main__][INFO] - ✓ [Qwen/Qwen3-14B] Temp=0.0 Rep=1 → Concordo fortemente
[2026-05-12 12:38:43,502][__main__][INFO] - ✓ [meta-llama/Meta-Llama-3.1-70B-Instruct] Temp=0.0 Rep=1 → Discordo
[2026-05-12 12:38:44,026][__main__][INFO] - ✓ [meta-llama/Meta-Llama-3.1-70B-Instruct] Temp=0.0 Rep=1 → Concordo fortemente
[2026-05-12 12:38:44,629][__main__][INFO] - ✓ [Qwen/Qwen3-235B-A22B-Instruct-2507] Temp=0.0 Rep=1 → Concordo fortemente
[2026-05-12 12:38:44,633][__main__][INFO] - ✓ [meta-llama/Meta-Llama-3.1-70B-Instruct] Temp=0.0 Rep=1 → Concordo
[2026-05-12 12:38:44,758][__main__][INFO] - ✓ [Qwen/Qwen3-235B-A22B-Instruct-2507] Temp=0.0 Rep=1 → Discordo
[2026-05-12 12:38:44,765][__main__][INFO] - ✓ [Qwen/Qwen3-235B-A22B-Instruct-2507] Temp=0.0 Rep=1 → Discordo
[2026-05-12 12:38:45,102][__main__][INFO] - ✓ [Qwen/Qwen3-235B-A22B-Instruct-2507] Temp=0.0 Rep=1 → Concordo fortemente
[2026-05-12 12:38:45,124][__main__][INFO] - ✓ [meta-llama/Llama-4-Scout-17B-16E-Instruct] Temp=0.0 Rep=1 → Discordo
[2026-05-12 12:38:45,137][__main__][INFO] - ✓ [meta-llama/Llama-4-Scout-17B-16E-Instruct] Temp=0.0 Rep=1 → Concordo fortemente
[2026-05-12 12:38:45,222][__main__][INFO] - ✓ [meta-llama/Llama-4-Scout-17B-16E-Instruct] Temp=0.0 Rep=1 → Concordo
[2026-05-12 12:38:45,859][__main__][INFO] - ✓ [Qwen/Qwen3-235B-A22B-Instruct-2507] Temp=0.0 Rep=1 → Discordo
[2026-05-12 12:38:45,984][__main__][INFO] - ✓ [Qwen/Qwen3-235B-A22B-Instruct-2507] Temp=0.0 Rep=1 → Concordo fortemente
[2026-05-12 12:38:46,120][__main__][INFO] - ✓ [Qwen/Qwen3-14B] Temp=0.0 Rep=1 → Discordo
[2026-05-12 12:38:46,556][__main__][INFO] - ✓ [meta-llama/Meta-Llama-3.1-70B-Instruct] Temp=0.0 Rep=1 → Discordo
[2026-05-12 12:38:46,642][__main__][INFO] - ✓ [meta-llama/Meta-Llama-3.1-70B-Instruct] Temp=0.0 Rep=1 → Concordo fortemente
[2026-05-12 12:38:46,661][__main__][INFO] - ✓ [Qwen/Qwen3-235B-A22B-Instruct-2507] Temp=0.0 Rep=1 → Concordo fortemente
[2026-05-12 12:38:46,999][__main__][INFO] - ✓ [meta-llama/Llama-4-Scout-17B-16E-Instruct] Temp=0.0 Rep=1 → Concordo
[2026-05-12 12:38:47,168][__main__][INFO] - ✓ [meta-llama/Meta-Llama-3.1-70B-Instruct] Temp=0.0 Rep=1 → Concordo fortemente
[2026-05-12 12:38:47,285][__main__][INFO] - ✓ [meta-llama/Llama-4-Scout-17B-16E-Instruct] Temp=0.0 Rep=1 → Concordo fortemente
[2026-05-12 12:38:47,343][__main__][INFO] - ✓ [meta-llama/Llama-4-Scout-17B-16E-Instruct] Temp=0.0 Rep=1 → Concordo fortemente
[2026-05-12 12:38:48,313][__main__][INFO] - ✓ [Qwen/Qwen3-14B] Temp=0.0 Rep=1 → Concordo fortemente
[2026-05-12 12:38:48,927][__main__][INFO] - ✓ [Qwen/Qwen3-235B-A22B-Instruct-2507] Temp=0.0 Rep=1 → Discordo
[2026-05-12 12:38:49,442][__main__][INFO] - ✓ [Qwen/Qwen3-235B-A22B-Instruct-2507] Temp=0.0 Rep=1 → Concordo fortemente
[2026-05-12 12:38:49,855][__main__][INFO] - ✓ [Qwen/Qwen3-235B-A22B-Instruct-2507] Temp=0.0 Rep=1 → Neutro
[2026-05-12 12:38:50,337][__main__][INFO] - ✓ [meta-llama/Meta-Llama-3.1-70B-Instruct] Temp=0.0 Rep=1 → Concordo
[2026-05-12 12:38:50,543][__main__][INFO] - ✓ [Qwen/Qwen3-14B] Temp=0.0 Rep=1 → Discordo
[2026-05-12 12:38:50,893][__main__][INFO] - ✓ [meta-llama/Meta-Llama-3.1-70B-Instruct] Temp=0.0 Rep=1 → Concordo fortemente
[2026-05-12 12:38:51,044][__main__][INFO] - ✓ [meta-llama/Meta-Llama-3.1-70B-Instruct] Temp=0.0 Rep=1 → Concordo fortemente
[2026-05-12 12:38:51,437][__main__][INFO] - ✓ [meta-llama/Llama-4-Scout-17B-16E-Instruct] Temp=0.0 Rep=1 → Discordo
[2026-05-12 12:38:51,541][__main__][INFO] - ✓ [meta-llama/Llama-4-Scout-17B-16E-Instruct] Temp=0.0 Rep=1 → Concordo fortemente
[2026-05-12 12:38:51,891][__main__][INFO] - ✓ [meta-llama/Llama-4-Scout-17B-16E-Instruct] Temp=0.0 Rep=1 → Concordo
[2026-05-12 12:38:52,614][__main__][INFO] - ✓ [Qwen/Qwen3-14B] Temp=0.0 Rep=1 → Concordo fortemente
[2026-05-12 12:38:53,005][__main__][INFO] - ✓ [Qwen/Qwen3-14B] Temp=0.0 Rep=1 → Concordo fortemente
[2026-05-12 12:38:53,108][__main__][INFO] - ✓ [Qwen/Qwen3-14B] Temp=0.0 Rep=1 → Concordo fortemente
[2026-05-12 12:38:53,672][__main__][INFO] - Salvamento incremental (5360 novas respostas)...
[2026-05-12 12:38:53,747][__main__][INFO] - Cache salvo com 245762 entradas
[2026-05-12 12:38:53,747][__main__][INFO] - ✓ [Qwen/Qwen3-235B-A22B-Instruct-2507] Temp=0.0 Rep=1 → Discordo
[2026-05-12 12:38:53,791][__main__][INFO] - ✓ [Qwen/Qwen3-235B-A22B-Instruct-2507] Temp=0.0 Rep=1 → Concordo fortemente
[2026-05-12 12:38:54,507][__main__][INFO] - ✓ [meta-llama/Meta-Llama-3.1-70B-Instruct] Temp=0.0 Rep=1 → Concordo fortemente
[2026-05-12 12:38:54,639][__main__][INFO] - ✓ [Qwen/Qwen3-235B-A22B-Instruct-2507] Temp=0.0 Rep=1 → Concordo fortemente
[2026-05-12 12:38:54,930][__main__][INFO] - ✓ [meta-llama/Meta-Llama-3.1-70B-Instruct] Temp=0.0 Rep=1 → Discordo
[2026-05-12 12:38:55,191][__main__][INFO] - ✓ [meta-llama/Meta-Llama-3.1-70B-Instruct] Temp=0.0 Rep=1 → Concordo fortemente
[2026-05-12 12:38:55,354][__main__][INFO] - ✓ [meta-llama/Llama-4-Scout-17B-16E-Instruct] Temp=0.0 Rep=1 → Concordo fortemente
[2026-05-12 12:38:55,555][__main__][INFO] - ✓ [meta-llama/Llama-4-Scout-17B-16E-Instruct] Temp=0.0 Rep=1 → Discordo
[2026-05-12 12:38:55,651][__main__][INFO] - ✓ [meta-llama/Llama-4-Scout-17B-16E-Instruct] Temp=0.0 Rep=1 → Concordo fortemente
[2026-05-12 12:38:56,082][__main__][INFO] - ✓ [Qwen/Qwen3-14B] Temp=0.0 Rep=1 → Discordo
[2026-05-12 12:38:56,605][__main__][INFO] - ✓ [Qwen/Qwen3-14B] Temp=0.0 Rep=1 → Concordo fortemente
[2026-05-12 12:38:57,127][__main__][INFO] - ✓ [Qwen/Qwen3-14B] Temp=0.0 Rep=1 → Concordo fortemente
[2026-05-12 12:38:57,734][__main__][INFO] - ✓ [Qwen/Qwen3-235B-A22B-Instruct-2507] Temp=0.0 Rep=1 → Concordo fortemente
[2026-05-12 12:38:57,955][__main__][INFO] - ✓ [Qwen/Qwen3-14B] Temp=0.0 Rep=1 → Neutro
[2026-05-12 12:38:58,291][__main__][INFO] - ✓ [Qwen/Qwen3-235B-A22B-Instruct-2507] Temp=0.0 Rep=1 → Neutro
[2026-05-12 12:38:58,345][__main__][INFO] - ✓ [Qwen/Qwen3-14B] Temp=0.0 Rep=1 → Concordo fortemente
[2026-05-12 12:38:58,432][__main__][INFO] - ✓ [meta-llama/Meta-Llama-3.1-70B-Instruct] Temp=0.0 Rep=1 → Discordo
[2026-05-12 12:38:58,899][__main__][INFO] - ✓ [meta-llama/Llama-4-Scout-17B-16E-Instruct] Temp=0.0 Rep=1 → Discordo
[2026-05-12 12:38:58,962][__main__][INFO] - ✓ [meta-llama/Meta-Llama-3.1-70B-Instruct] Temp=0.0 Rep=1 → Concordo fortemente
[2026-05-12 12:38:59,027][__main__][INFO] - ✓ [meta-llama/Meta-Llama-3.1-70B-Instruct] Temp=0.0 Rep=1 → Concordo fortemente
[2026-05-12 12:38:59,433][__main__][INFO] - ✓ [meta-llama/Llama-4-Scout-17B-16E-Instruct] Temp=0.0 Rep=1 → Concordo fortemente
[2026-05-12 12:38:59,645][__main__][INFO] - ✓ [meta-llama/Llama-4-Scout-17B-16E-Instruct] Temp=0.0 Rep=1 → Concordo fortemente
[2026-05-12 12:39:01,581][__main__][INFO] - ✓ [Qwen/Qwen3-14B] Temp=0.0 Rep=1 → Concordo fortemente
[2026-05-12 12:39:02,276][__main__][INFO] - ✓ [Qwen/Qwen3-235B-A22B-Instruct-2507] Temp=0.0 Rep=1 → Discordo
[2026-05-12 12:39:02,355][__main__][INFO] - ✓ [Qwen/Qwen3-14B] Temp=0.0 Rep=1 → Concordo fortemente
[2026-05-12 12:39:03,370][__main__][INFO] - ✓ [Qwen/Qwen3-235B-A22B-Instruct-2507] Temp=0.0 Rep=1 → Neutro
[2026-05-12 12:39:03,628][__main__][INFO] - ✓ [Qwen/Qwen3-235B-A22B-Instruct-2507] Temp=0.0 Rep=1 → Concordo fortemente
[2026-05-12 12:39:03,926][__main__][INFO] - ✓ [meta-llama/Meta-Llama-3.1-70B-Instruct] Temp=0.0 Rep=1 → Concordo
[2026-05-12 12:39:04,164][__main__][INFO] - ✓ [meta-llama/Meta-Llama-3.1-70B-Instruct] Temp=0.0 Rep=1 → Concordo fortemente
[2026-05-12 12:39:04,168][__main__][INFO] - ✓ [Qwen/Qwen3-235B-A22B-Instruct-2507] Temp=0.0 Rep=1 → Discordo
[2026-05-12 12:39:04,427][__main__][INFO] - ✓ [meta-llama/Meta-Llama-3.1-70B-Instruct] Temp=0.0 Rep=1 → Concordo
[2026-05-12 12:39:04,573][__main__][INFO] - ✓ [meta-llama/Llama-4-Scout-17B-16E-Instruct] Temp=0.0 Rep=1 → Discordo
[2026-05-12 12:39:04,668][__main__][INFO] - ✓ [meta-llama/Llama-4-Scout-17B-16E-Instruct] Temp=0.0 Rep=1 → Concordo fortemente
[2026-05-12 12:39:04,671][__main__][INFO] - ✓ [Qwen/Qwen3-14B] Temp=0.0 Rep=1 → Concordo fortemente
[2026-05-12 12:39:04,849][__main__][INFO] - ✓ [meta-llama/Llama-4-Scout-17B-16E-Instruct] Temp=0.0 Rep=1 → Concordo
[2026-05-12 12:39:05,308][__main__][INFO] - ✓ [Qwen/Qwen3-14B] Temp=0.0 Rep=1 → Concordo fortemente
[2026-05-12 12:39:05,715][__main__][INFO] - ✓ [Qwen/Qwen3-235B-A22B-Instruct-2507] Temp=0.0 Rep=1 → Discordo
[2026-05-12 12:39:05,719][__main__][INFO] - ✓ [Qwen/Qwen3-235B-A22B-Instruct-2507] Temp=0.0 Rep=1 → Concordo fortemente
[2026-05-12 12:39:06,346][__main__][INFO] - ✓ [meta-llama/Meta-Llama-3.1-70B-Instruct] Temp=0.0 Rep=1 → Concordo fortemente
[2026-05-12 12:39:06,394][__main__][INFO] - ✓ [Qwen/Qwen3-235B-A22B-Instruct-2507] Temp=0.0 Rep=1 → Concordo fortemente
[2026-05-12 12:39:06,816][__main__][INFO] - Salvamento incremental (5400 novas respostas)...
[2026-05-12 12:39:06,903][__main__][INFO] - Cache salvo com 245802 entradas
[2026-05-12 12:39:06,903][__main__][INFO] - ✓ [meta-llama/Meta-Llama-3.1-70B-Instruct] Temp=0.0 Rep=1 → Discordo
[2026-05-12 12:39:06,956][__main__][INFO] - ✓ [meta-llama/Meta-Llama-3.1-70B-Instruct] Temp=0.0 Rep=1 → Concordo fortemente
[2026-05-12 12:39:07,345][__main__][INFO] - ✓ [meta-llama/Llama-4-Scout-17B-16E-Instruct] Temp=0.0 Rep=1 → Discordo
[2026-05-12 12:39:07,378][__main__][INFO] - ✓ [meta-llama/Llama-4-Scout-17B-16E-Instruct] Temp=0.0 Rep=1 → Concordo fortemente
[2026-05-12 12:39:07,654][__main__][INFO] - ✓ [meta-llama/Llama-4-Scout-17B-16E-Instruct] Temp=0.0 Rep=1 → Concordo fortemente
[2026-05-12 12:39:08,221][__main__][INFO] - ✓ [Qwen/Qwen3-14B] Temp=0.0 Rep=1 → Concordo fortemente
[2026-05-12 12:39:09,100][__main__][INFO] - ✓ [Qwen/Qwen3-14B] Temp=0.0 Rep=1 → Concordo fortemente
[2026-05-12 12:39:10,125][__main__][INFO] - ✓ [Qwen/Qwen3-235B-A22B-Instruct-2507] Temp=0.0 Rep=1 → Discordo
[2026-05-12 12:39:10,550][__main__][INFO] - ✓ [Qwen/Qwen3-235B-A22B-Instruct-2507] Temp=0.0 Rep=1 → Discordo
[2026-05-12 12:39:10,620][__main__][INFO] - ✓ [Qwen/Qwen3-14B] Temp=0.0 Rep=1 → Concordo fortemente
[2026-05-12 12:39:10,991][__main__][INFO] - ✓ [Qwen/Qwen3-235B-A22B-Instruct-2507] Temp=0.0 Rep=1 → Discordo
[2026-05-12 12:39:12,684][__main__][INFO] - ✓ [Qwen/Qwen3-14B] Temp=0.0 Rep=1 → Concordo fortemente
[2026-05-12 12:39:13,381][__main__][INFO] - ✓ [Qwen/Qwen3-14B] Temp=0.0 Rep=1 → Concordo fortemente
[2026-05-12 12:39:13,629][__main__][INFO] - ✓ [Qwen/Qwen3-14B] Temp=0.0 Rep=1 → Concordo fortemente
[2026-05-12 12:39:13,814][__main__][INFO] - ✓ [meta-llama/Llama-4-Scout-17B-16E-Instruct] Temp=0.0 Rep=1 → Discordo
[2026-05-12 12:39:14,117][__main__][INFO] - ✓ [meta-llama/Llama-4-Scout-17B-16E-Instruct] Temp=0.0 Rep=1 → Concordo fortemente
[2026-05-12 12:39:14,187][__main__][INFO] - ✓ [meta-llama/Meta-Llama-3.1-70B-Instruct] Temp=0.0 Rep=1 → Discordo fortemente
[2026-05-12 12:39:14,206][__main__][INFO] - ✓ [meta-llama/Llama-4-Scout-17B-16E-Instruct] Temp=0.0 Rep=1 → Concordo
[2026-05-12 12:39:14,425][__main__][INFO] - ✓ [meta-llama/Meta-Llama-3.1-70B-Instruct] Temp=0.0 Rep=1 → Concordo fortemente
[2026-05-12 12:39:14,937][__main__][INFO] - ✓ [meta-llama/Meta-Llama-3.1-70B-Instruct] Temp=0.0 Rep=1 → Concordo
[2026-05-12 12:39:14,951][__main__][INFO] - ✓ [Qwen/Qwen3-235B-A22B-Instruct-2507] Temp=0.0 Rep=1 → Concordo fortemente
[2026-05-12 12:39:15,044][__main__][INFO] - ✓ [Qwen/Qwen3-14B] Temp=0.0 Rep=1 → Discordo
[2026-05-12 12:39:15,362][__main__][INFO] - ✓ [Qwen/Qwen3-235B-A22B-Instruct-2507] Temp=0.0 Rep=1 → Discordo
[2026-05-12 12:39:15,468][__main__][INFO] - ✓ [Qwen/Qwen3-235B-A22B-Instruct-2507] Temp=0.0 Rep=1 → Concordo fortemente
[2026-05-12 12:39:16,201][__main__][INFO] - ✓ [meta-llama/Meta-Llama-3.1-70B-Instruct] Temp=0.0 Rep=1 → Discordo
[2026-05-12 12:39:16,206][__main__][INFO] - ✓ [meta-llama/Meta-Llama-3.1-70B-Instruct] Temp=0.0 Rep=1 → Concordo fortemente
[2026-05-12 12:39:16,258][__main__][INFO] - ✓ [meta-llama/Meta-Llama-3.1-70B-Instruct] Temp=0.0 Rep=1 → Concordo fortemente
[2026-05-12 12:39:16,554][__main__][INFO] - ✓ [meta-llama/Llama-4-Scout-17B-16E-Instruct] Temp=0.0 Rep=1 → Concordo fortemente
[2026-05-12 12:39:16,622][__main__][INFO] - ✓ [meta-llama/Llama-4-Scout-17B-16E-Instruct] Temp=0.0 Rep=1 → Discordo
[2026-05-12 12:39:16,637][__main__][INFO] - ✓ [meta-llama/Llama-4-Scout-17B-16E-Instruct] Temp=0.0 Rep=1 → Concordo fortemente
[2026-05-12 12:39:16,725][__main__][INFO] - ✓ [Qwen/Qwen3-14B] Temp=0.0 Rep=1 → Discordo
[2026-05-12 12:39:17,292][__main__][INFO] - ✓ [Qwen/Qwen3-235B-A22B-Instruct-2507] Temp=0.0 Rep=1 → Concordo fortemente
[2026-05-12 12:39:17,669][__main__][INFO] - ✓ [Qwen/Qwen3-235B-A22B-Instruct-2507] Temp=0.0 Rep=1 → Discordo
[2026-05-12 12:39:18,317][__main__][INFO] - ✓ [Qwen/Qwen3-235B-A22B-Instruct-2507] Temp=0.0 Rep=1 → Neutro
[2026-05-12 12:39:18,553][__main__][INFO] - ✓ [Qwen/Qwen3-14B] Temp=0.0 Rep=1 → Concordo fortemente
[2026-05-12 12:39:18,930][__main__][INFO] - ✓ [meta-llama/Meta-Llama-3.1-70B-Instruct] Temp=0.0 Rep=1 → Concordo fortemente
[2026-05-12 12:39:19,004][__main__][INFO] - ✓ [meta-llama/Meta-Llama-3.1-70B-Instruct] Temp=0.0 Rep=1 → Discordo
[2026-05-12 12:39:19,530][__main__][INFO] - ✓ [meta-llama/Llama-4-Scout-17B-16E-Instruct] Temp=0.0 Rep=1 → Concordo fortemente
[2026-05-12 12:39:19,552][__main__][INFO] - ✓ [Qwen/Qwen3-14B] Temp=0.0 Rep=1 → Concordo fortemente
[2026-05-12 12:39:19,870][__main__][INFO] - ✓ [meta-llama/Meta-Llama-3.1-70B-Instruct] Temp=0.0 Rep=1 → Concordo fortemente
[2026-05-12 12:39:20,053][__main__][INFO] - Salvamento incremental (5440 novas respostas)...
[2026-05-12 12:39:20,113][__main__][INFO] - Cache salvo com 245842 entradas
[2026-05-12 12:39:20,113][__main__][INFO] - ✓ [meta-llama/Llama-4-Scout-17B-16E-Instruct] Temp=0.0 Rep=1 → Concordo fortemente
[2026-05-12 12:39:20,114][__main__][INFO] - ✓ [meta-llama/Llama-4-Scout-17B-16E-Instruct] Temp=0.0 Rep=1 → Concordo fortemente
[2026-05-12 12:39:22,157][__main__][INFO] - ✓ [Qwen/Qwen3-14B] Temp=0.0 Rep=1 → Concordo fortemente
[2026-05-12 12:39:22,494][__main__][INFO] - ✓ [Qwen/Qwen3-14B] Temp=0.0 Rep=1 → Discordo
[2026-05-12 12:39:22,558][__main__][INFO] - ✓ [Qwen/Qwen3-14B] Temp=0.0 Rep=1 → Concordo fortemente
[2026-05-12 12:39:22,777][__main__][INFO] - ✓ [Qwen/Qwen3-235B-A22B-Instruct-2507] Temp=0.0 Rep=1 → Concordo fortemente
[2026-05-12 12:39:23,037][__main__][INFO] - ✓ [Qwen/Qwen3-235B-A22B-Instruct-2507] Temp=0.0 Rep=1 → Neutro
[2026-05-12 12:39:23,163][__main__][INFO] - ✓ [Qwen/Qwen3-235B-A22B-Instruct-2507] Temp=0.0 Rep=1 → Discordo
[2026-05-12 12:39:23,544][__main__][INFO] - ✓ [meta-llama/Meta-Llama-3.1-70B-Instruct] Temp=0.0 Rep=1 → Concordo fortemente
[2026-05-12 12:39:23,637][__main__][INFO] - ✓ [meta-llama/Meta-Llama-3.1-70B-Instruct] Temp=0.0 Rep=1 → Discordo
[2026-05-12 12:39:23,822][__main__][INFO] - ✓ [meta-llama/Meta-Llama-3.1-70B-Instruct] Temp=0.0 Rep=1 → Concordo fortemente
[2026-05-12 12:39:23,931][__main__][INFO] - ✓ [meta-llama/Llama-4-Scout-17B-16E-Instruct] Temp=0.0 Rep=1 → Concordo fortemente
[2026-05-12 12:39:24,291][__main__][INFO] - ✓ [meta-llama/Llama-4-Scout-17B-16E-Instruct] Temp=0.0 Rep=1 → Concordo fortemente
[2026-05-12 12:39:24,341][__main__][INFO] - ✓ [Qwen/Qwen3-14B] Temp=0.0 Rep=1 → Concordo fortemente
[2026-05-12 12:39:24,358][__main__][INFO] - ✓ [meta-llama/Llama-4-Scout-17B-16E-Instruct] Temp=0.0 Rep=1 → Discordo fortemente
[2026-05-12 12:39:24,835][__main__][INFO] - ✓ [Qwen/Qwen3-235B-A22B-Instruct-2507] Temp=0.0 Rep=1 → Discordo
[2026-05-12 12:39:25,265][__main__][INFO] - ✓ [Qwen/Qwen3-235B-A22B-Instruct-2507] Temp=0.0 Rep=1 → Discordo
[2026-05-12 12:39:25,329][__main__][INFO] - ✓ [Qwen/Qwen3-14B] Temp=0.0 Rep=1 → Concordo fortemente
[2026-05-12 12:39:25,355][__main__][INFO] - ✓ [Qwen/Qwen3-14B] Temp=0.0 Rep=1 → Concordo fortemente
[2026-05-12 12:39:25,639][__main__][INFO] - ✓ [Qwen/Qwen3-14B] Temp=0.0 Rep=1 → Concordo fortemente
[2026-05-12 12:39:25,941][__main__][INFO] - ✓ [Qwen/Qwen3-235B-A22B-Instruct-2507] Temp=0.0 Rep=1 → Discordo
[2026-05-12 12:39:26,026][__main__][INFO] - ✓ [meta-llama/Meta-Llama-3.1-70B-Instruct] Temp=0.0 Rep=1 → Discordo fortemente
[2026-05-12 12:39:26,172][__main__][INFO] - ✓ [meta-llama/Meta-Llama-3.1-70B-Instruct] Temp=0.0 Rep=1 → Concordo fortemente
[2026-05-12 12:39:26,175][__main__][INFO] - ✓ [meta-llama/Meta-Llama-3.1-70B-Instruct] Temp=0.0 Rep=1 → Discordo
[2026-05-12 12:39:26,408][__main__][INFO] - ✓ [meta-llama/Llama-4-Scout-17B-16E-Instruct] Temp=0.0 Rep=1 → Concordo fortemente
[2026-05-12 12:39:26,408][__main__][INFO] - ✓ [meta-llama/Llama-4-Scout-17B-16E-Instruct] Temp=0.0 Rep=1 → Discordo
[2026-05-12 12:39:26,540][__main__][INFO] - ✓ [meta-llama/Llama-4-Scout-17B-16E-Instruct] Temp=0.0 Rep=1 → Concordo
[2026-05-12 12:39:27,225][__main__][INFO] - ✓ [Qwen/Qwen3-235B-A22B-Instruct-2507] Temp=0.0 Rep=1 → Discordo
[2026-05-12 12:39:27,942][__main__][INFO] - ✓ [Qwen/Qwen3-235B-A22B-Instruct-2507] Temp=0.0 Rep=1 → Discordo
[2026-05-12 12:39:28,454][__main__][INFO] - ✓ [Qwen/Qwen3-235B-A22B-Instruct-2507] Temp=0.0 Rep=1 → Discordo
[2026-05-12 12:39:28,887][__main__][INFO] - ✓ [Qwen/Qwen3-14B] Temp=0.0 Rep=1 → Concordo fortemente
[2026-05-12 12:39:28,934][__main__][INFO] - ✓ [Qwen/Qwen3-14B] Temp=0.0 Rep=1 → Concordo fortemente
[2026-05-12 12:39:28,950][__main__][INFO] - ✓ [Qwen/Qwen3-14B] Temp=0.0 Rep=1 → Concordo fortemente
[2026-05-12 12:39:29,309][__main__][INFO] - ✓ [meta-llama/Llama-4-Scout-17B-16E-Instruct] Temp=0.0 Rep=1 → Discordo
[2026-05-12 12:39:29,659][__main__][INFO] - ✓ [meta-llama/Llama-4-Scout-17B-16E-Instruct] Temp=0.0 Rep=1 → Concordo fortemente
[2026-05-12 12:39:30,091][__main__][INFO] - ✓ [meta-llama/Llama-4-Scout-17B-16E-Instruct] Temp=0.0 Rep=1 → Concordo
[2026-05-12 12:39:31,117][__main__][INFO] - ✓ [meta-llama/Meta-Llama-3.1-70B-Instruct] Temp=0.0 Rep=1 → Discordo
[2026-05-12 12:39:31,121][__main__][INFO] - ✓ [meta-llama/Meta-Llama-3.1-70B-Instruct] Temp=0.0 Rep=1 → Discordo fortemente
[2026-05-12 12:39:31,125][__main__][INFO] - ✓ [meta-llama/Meta-Llama-3.1-70B-Instruct] Temp=0.0 Rep=1 → Concordo fortemente
[2026-05-12 12:39:31,733][__main__][INFO] - ✓ [Qwen/Qwen3-235B-A22B-Instruct-2507] Temp=0.0 Rep=1 → Concordo fortemente
[2026-05-12 12:39:32,243][__main__][INFO] - Salvamento incremental (5480 novas respostas)...
[2026-05-12 12:39:32,310][__main__][INFO] - Cache salvo com 245882 entradas
[2026-05-12 12:39:32,310][__main__][INFO] - ✓ [Qwen/Qwen3-235B-A22B-Instruct-2507] Temp=0.0 Rep=1 → Discordo
[2026-05-12 12:39:33,163][__main__][INFO] - ✓ [Qwen/Qwen3-235B-A22B-Instruct-2507] Temp=0.0 Rep=1 → Neutro
[2026-05-12 12:39:33,884][__main__][INFO] - ✓ [meta-llama/Meta-Llama-3.1-70B-Instruct] Temp=0.0 Rep=1 → Concordo fortemente
[2026-05-12 12:39:34,597][__main__][INFO] - ✓ [meta-llama/Meta-Llama-3.1-70B-Instruct] Temp=0.0 Rep=1 → Discordo
[2026-05-12 12:39:35,217][__main__][INFO] - ✓ [meta-llama/Meta-Llama-3.1-70B-Instruct] Temp=0.0 Rep=1 → Concordo fortemente
[2026-05-12 12:39:35,600][__main__][INFO] - ✓ [meta-llama/Llama-4-Scout-17B-16E-Instruct] Temp=0.0 Rep=1 → Concordo fortemente
[2026-05-12 12:39:35,758][__main__][INFO] - ✓ [Qwen/Qwen3-14B] Temp=0.0 Rep=1 → Concordo fortemente
[2026-05-12 12:39:35,993][__main__][INFO] - ✓ [meta-llama/Llama-4-Scout-17B-16E-Instruct] Temp=0.0 Rep=1 → Concordo fortemente
[2026-05-12 12:39:36,124][__main__][INFO] - ✓ [meta-llama/Llama-4-Scout-17B-16E-Instruct] Temp=0.0 Rep=1 → Neutro
[2026-05-12 12:39:36,648][__main__][INFO] - ✓ [Qwen/Qwen3-14B] Temp=0.0 Rep=1 → Discordo
[2026-05-12 12:39:39,309][__main__][INFO] - ✓ [Qwen/Qwen3-14B] Temp=0.0 Rep=1 → Discordo
[2026-05-12 12:39:40,029][__main__][INFO] - ✓ [Qwen/Qwen3-235B-A22B-Instruct-2507] Temp=0.0 Rep=1 → Discordo
[2026-05-12 12:39:40,108][__main__][INFO] - ✓ [Qwen/Qwen3-14B] Temp=0.0 Rep=1 → Neutro
[2026-05-12 12:39:40,539][__main__][INFO] - ✓ [Qwen/Qwen3-235B-A22B-Instruct-2507] Temp=0.0 Rep=1 → Neutro
[2026-05-12 12:39:40,603][__main__][INFO] - ✓ [Qwen/Qwen3-235B-A22B-Instruct-2507] Temp=0.0 Rep=1 → Concordo fortemente
[2026-05-12 12:39:40,923][__main__][INFO] - ✓ [Qwen/Qwen3-14B] Temp=0.0 Rep=1 → Concordo fortemente
[2026-05-12 12:39:41,415][__main__][INFO] - ✓ [meta-llama/Meta-Llama-3.1-70B-Instruct] Temp=0.0 Rep=1 → Discordo fortemente
[2026-05-12 12:39:41,421][__main__][INFO] - ✓ [meta-llama/Meta-Llama-3.1-70B-Instruct] Temp=0.0 Rep=1 → Concordo
[2026-05-12 12:39:41,512][__main__][INFO] - ✓ [meta-llama/Meta-Llama-3.1-70B-Instruct] Temp=0.0 Rep=1 → Concordo fortemente
[2026-05-12 12:39:41,892][__main__][INFO] - ✓ [meta-llama/Llama-4-Scout-17B-16E-Instruct] Temp=0.0 Rep=1 → Concordo fortemente
[2026-05-12 12:39:41,896][__main__][INFO] - ✓ [meta-llama/Llama-4-Scout-17B-16E-Instruct] Temp=0.0 Rep=1 → Discordo fortemente
[2026-05-12 12:39:41,897][__main__][INFO] - ✓ [meta-llama/Llama-4-Scout-17B-16E-Instruct] Temp=0.0 Rep=1 → Concordo
[2026-05-12 12:39:42,691][__main__][INFO] - ✓ [Qwen/Qwen3-14B] Temp=0.0 Rep=1 → Concordo fortemente
[2026-05-12 12:39:42,761][__main__][INFO] - ✓ [Qwen/Qwen3-14B] Temp=0.0 Rep=1 → Discordo
[2026-05-12 12:39:42,991][__main__][INFO] - ✓ [Qwen/Qwen3-14B] Temp=0.0 Rep=1 → Discordo
[2026-05-12 12:39:43,133][__main__][INFO] - ✓ [Qwen/Qwen3-235B-A22B-Instruct-2507] Temp=0.0 Rep=1 → Discordo
[2026-05-12 12:39:43,211][__main__][INFO] - ✓ [Qwen/Qwen3-235B-A22B-Instruct-2507] Temp=0.0 Rep=1 → Concordo fortemente
[2026-05-12 12:39:43,504][__main__][INFO] - ✓ [Qwen/Qwen3-235B-A22B-Instruct-2507] Temp=0.0 Rep=1 → Neutro
[2026-05-12 12:39:43,712][__main__][INFO] - ✓ [meta-llama/Meta-Llama-3.1-70B-Instruct] Temp=0.0 Rep=1 → Discordo
[2026-05-12 12:39:43,780][__main__][INFO] - ✓ [meta-llama/Meta-Llama-3.1-70B-Instruct] Temp=0.0 Rep=1 → Concordo fortemente
[2026-05-12 12:39:43,989][__main__][INFO] - ✓ [meta-llama/Meta-Llama-3.1-70B-Instruct] Temp=0.0 Rep=1 → Concordo
[2026-05-12 12:39:44,012][__main__][INFO] - ✓ [meta-llama/Llama-4-Scout-17B-16E-Instruct] Temp=0.0 Rep=1 → Concordo fortemente
[2026-05-12 12:39:44,078][__main__][INFO] - ✓ [meta-llama/Llama-4-Scout-17B-16E-Instruct] Temp=0.0 Rep=1 → Concordo
[2026-05-12 12:39:44,364][__main__][INFO] - ✓ [meta-llama/Llama-4-Scout-17B-16E-Instruct] Temp=0.0 Rep=1 → Concordo
[2026-05-12 12:39:47,849][__main__][INFO] - ✓ [Qwen/Qwen3-14B] Temp=0.0 Rep=1 → Concordo fortemente
[2026-05-12 12:39:48,260][__main__][INFO] - ✓ [Qwen/Qwen3-235B-A22B-Instruct-2507] Temp=0.0 Rep=1 → Concordo
[2026-05-12 12:39:49,911][__main__][INFO] - ✓ [Qwen/Qwen3-14B] Temp=0.0 Rep=1 → Concordo fortemente
[2026-05-12 12:39:49,998][__main__][INFO] - ✓ [Qwen/Qwen3-235B-A22B-Instruct-2507] Temp=0.0 Rep=1 → Discordo
[2026-05-12 12:39:50,386][__main__][INFO] - ✓ [Qwen/Qwen3-235B-A22B-Instruct-2507] Temp=0.0 Rep=1 → Neutro
[2026-05-12 12:39:50,577][__main__][INFO] - ✓ [meta-llama/Meta-Llama-3.1-70B-Instruct] Temp=0.0 Rep=1 → Concordo fortemente
[2026-05-12 12:39:50,824][__main__][INFO] - Salvamento incremental (5520 novas respostas)...
[2026-05-12 12:39:50,898][__main__][INFO] - Cache salvo com 245922 entradas
[2026-05-12 12:39:50,898][__main__][INFO] - ✓ [Qwen/Qwen3-14B] Temp=0.0 Rep=1 → Concordo fortemente
[2026-05-12 12:39:51,088][__main__][INFO] - ✓ [meta-llama/Meta-Llama-3.1-70B-Instruct] Temp=0.0 Rep=1 → Discordo
[2026-05-12 12:39:51,232][__main__][INFO] - ✓ [meta-llama/Meta-Llama-3.1-70B-Instruct] Temp=0.0 Rep=1 → Concordo
[2026-05-12 12:39:51,396][__main__][INFO] - ✓ [Qwen/Qwen3-14B] Temp=0.0 Rep=1 → Concordo fortemente
[2026-05-12 12:39:51,535][__main__][INFO] - ✓ [meta-llama/Llama-4-Scout-17B-16E-Instruct] Temp=0.0 Rep=1 → Discordo
[2026-05-12 12:39:51,586][__main__][INFO] - ✓ [Qwen/Qwen3-14B] Temp=0.0 Rep=1 → Neutro
[2026-05-12 12:39:51,590][__main__][INFO] - ✓ [meta-llama/Llama-4-Scout-17B-16E-Instruct] Temp=0.0 Rep=1 → Concordo fortemente
[2026-05-12 12:39:52,204][__main__][INFO] - ✓ [meta-llama/Llama-4-Scout-17B-16E-Instruct] Temp=0.0 Rep=1 → Concordo
[2026-05-12 12:39:52,377][__main__][INFO] - ✓ [Qwen/Qwen3-235B-A22B-Instruct-2507] Temp=0.0 Rep=1 → Discordo
[2026-05-12 12:39:52,929][__main__][INFO] - ✓ [Qwen/Qwen3-235B-A22B-Instruct-2507] Temp=0.0 Rep=1 → Neutro
[2026-05-12 12:39:52,933][__main__][INFO] - ✓ [Qwen/Qwen3-235B-A22B-Instruct-2507] Temp=0.0 Rep=1 → Concordo fortemente
[2026-05-12 12:39:53,508][__main__][INFO] - ✓ [meta-llama/Meta-Llama-3.1-70B-Instruct] Temp=0.0 Rep=1 → Discordo fortemente
[2026-05-12 12:39:53,534][__main__][INFO] - ✓ [meta-llama/Meta-Llama-3.1-70B-Instruct] Temp=0.0 Rep=1 → Concordo fortemente
[2026-05-12 12:39:53,951][__main__][INFO] - ✓ [meta-llama/Llama-4-Scout-17B-16E-Instruct] Temp=0.0 Rep=1 → Discordo fortemente
[2026-05-12 12:39:54,008][__main__][INFO] - ✓ [meta-llama/Meta-Llama-3.1-70B-Instruct] Temp=0.0 Rep=1 → Concordo
[2026-05-12 12:39:54,471][__main__][INFO] - ✓ [meta-llama/Llama-4-Scout-17B-16E-Instruct] Temp=0.0 Rep=1 → Concordo fortemente
[2026-05-12 12:39:54,474][__main__][INFO] - ✓ [meta-llama/Llama-4-Scout-17B-16E-Instruct] Temp=0.0 Rep=1 → Concordo
[2026-05-12 12:39:56,107][__main__][INFO] - ✓ [Qwen/Qwen3-14B] Temp=0.0 Rep=1 → Concordo fortemente
[2026-05-12 12:39:57,619][__main__][INFO] - ✓ [Qwen/Qwen3-14B] Temp=0.0 Rep=1 → Discordo
[2026-05-12 12:39:58,253][__main__][INFO] - ✓ [Qwen/Qwen3-235B-A22B-Instruct-2507] Temp=0.0 Rep=1 → Discordo
[2026-05-12 12:39:58,763][__main__][INFO] - ✓ [Qwen/Qwen3-235B-A22B-Instruct-2507] Temp=0.0 Rep=1 → Concordo fortemente
[2026-05-12 12:39:58,844][__main__][INFO] - ✓ [Qwen/Qwen3-14B] Temp=0.0 Rep=1 → Concordo fortemente
[2026-05-12 12:39:59,481][__main__][INFO] - ✓ [Qwen/Qwen3-14B] Temp=0.0 Rep=1 → Concordo fortemente
[2026-05-12 12:39:59,482][__main__][INFO] - ✓ [meta-llama/Meta-Llama-3.1-70B-Instruct] Temp=0.0 Rep=1 → Discordo fortemente
[2026-05-12 12:39:59,538][__main__][INFO] - ✓ [Qwen/Qwen3-235B-A22B-Instruct-2507] Temp=0.0 Rep=1 → Neutro
[2026-05-12 12:39:59,567][__main__][INFO] - ✓ [Qwen/Qwen3-14B] Temp=0.0 Rep=1 → Concordo fortemente
[2026-05-12 12:39:59,947][__main__][INFO] - ✓ [meta-llama/Llama-4-Scout-17B-16E-Instruct] Temp=0.0 Rep=1 → Concordo fortemente
[2026-05-12 12:39:59,950][__main__][INFO] - ✓ [meta-llama/Llama-4-Scout-17B-16E-Instruct] Temp=0.0 Rep=1 → Discordo fortemente
[2026-05-12 12:40:00,240][__main__][INFO] - ✓ [meta-llama/Meta-Llama-3.1-70B-Instruct] Temp=0.0 Rep=1 → Concordo
[2026-05-12 12:40:00,244][__main__][INFO] - ✓ [meta-llama/Meta-Llama-3.1-70B-Instruct] Temp=0.0 Rep=1 → Concordo fortemente
[2026-05-12 12:40:00,406][__main__][INFO] - ✓ [Qwen/Qwen3-14B] Temp=0.0 Rep=1 → Concordo fortemente
[2026-05-12 12:40:00,584][__main__][INFO] - ✓ [meta-llama/Llama-4-Scout-17B-16E-Instruct] Temp=0.0 Rep=1 → Neutro
[2026-05-12 12:40:00,874][__main__][INFO] - ✓ [Qwen/Qwen3-14B] Temp=0.0 Rep=1 → Concordo fortemente
[2026-05-12 12:40:01,636][__main__][INFO] - ✓ [Qwen/Qwen3-235B-A22B-Instruct-2507] Temp=0.0 Rep=1 → Concordo fortemente
[2026-05-12 12:40:01,639][__main__][INFO] - ✓ [Qwen/Qwen3-235B-A22B-Instruct-2507] Temp=0.0 Rep=1 → Concordo
[2026-05-12 12:40:01,659][__main__][INFO] - ✓ [Qwen/Qwen3-235B-A22B-Instruct-2507] Temp=0.0 Rep=1 → Neutro
[2026-05-12 12:40:01,841][__main__][INFO] - ✓ [Qwen/Qwen3-14B] Temp=0.0 Rep=1 → Concordo fortemente
[2026-05-12 12:40:02,352][__main__][INFO] - ✓ [meta-llama/Llama-4-Scout-17B-16E-Instruct] Temp=0.0 Rep=1 → Concordo fortemente
[2026-05-12 12:40:02,714][__main__][INFO] - ✓ [Qwen/Qwen3-14B] Temp=0.0 Rep=1 → Concordo fortemente
[2026-05-12 12:40:02,755][__main__][INFO] - ✓ [meta-llama/Meta-Llama-3.1-70B-Instruct] Temp=0.0 Rep=1 → Discordo
[2026-05-12 12:40:02,870][__main__][INFO] - Salvamento incremental (5560 novas respostas)...
[2026-05-12 12:40:02,921][__main__][INFO] - Cache salvo com 245962 entradas
[2026-05-12 12:40:02,922][__main__][INFO] - ✓ [meta-llama/Meta-Llama-3.1-70B-Instruct] Temp=0.0 Rep=1 → Concordo
[2026-05-12 12:40:02,923][__main__][INFO] - ✓ [meta-llama/Llama-4-Scout-17B-16E-Instruct] Temp=0.0 Rep=1 → Concordo
[2026-05-12 12:40:02,939][__main__][INFO] - ✓ [meta-llama/Meta-Llama-3.1-70B-Instruct] Temp=0.0 Rep=1 → Concordo fortemente
[2026-05-12 12:40:03,047][__main__][INFO] - ✓ [meta-llama/Llama-4-Scout-17B-16E-Instruct] Temp=0.0 Rep=1 → Neutro
[2026-05-12 12:40:03,463][__main__][INFO] - ✓ [Qwen/Qwen3-14B] Temp=0.0 Rep=1 → Concordo fortemente
[2026-05-12 12:40:04,497][__main__][INFO] - ✓ [Qwen/Qwen3-235B-A22B-Instruct-2507] Temp=0.0 Rep=1 → Concordo
[2026-05-12 12:40:04,997][__main__][INFO] - ✓ [meta-llama/Meta-Llama-3.1-70B-Instruct] Temp=0.0 Rep=1 → Concordo
[2026-05-12 12:40:05,624][__main__][INFO] - ✓ [meta-llama/Meta-Llama-3.1-70B-Instruct] Temp=0.0 Rep=1 → Concordo fortemente
[2026-05-12 12:40:06,244][__main__][INFO] - ✓ [meta-llama/Meta-Llama-3.1-70B-Instruct] Temp=0.0 Rep=1 → Concordo
[2026-05-12 12:40:06,616][__main__][INFO] - ✓ [meta-llama/Llama-4-Scout-17B-16E-Instruct] Temp=0.0 Rep=1 → Concordo fortemente
[2026-05-12 12:40:07,159][__main__][INFO] - ✓ [meta-llama/Llama-4-Scout-17B-16E-Instruct] Temp=0.0 Rep=1 → Concordo fortemente
[2026-05-12 12:40:07,662][__main__][INFO] - ✓ [meta-llama/Llama-4-Scout-17B-16E-Instruct] Temp=0.0 Rep=1 → Concordo fortemente
[2026-05-12 12:40:07,767][__main__][INFO] - ✓ [Qwen/Qwen3-14B] Temp=0.0 Rep=1 → Concordo fortemente
[2026-05-12 12:40:08,493][__main__][INFO] - ✓ [Qwen/Qwen3-235B-A22B-Instruct-2507] Temp=0.0 Rep=1 → Concordo
[2026-05-12 12:40:08,632][__main__][INFO] - ✓ [Qwen/Qwen3-235B-A22B-Instruct-2507] Temp=0.0 Rep=1 → Concordo fortemente
[2026-05-12 12:40:09,517][__main__][INFO] - ✓ [Qwen/Qwen3-235B-A22B-Instruct-2507] Temp=0.0 Rep=1 → Concordo fortemente
[2026-05-12 12:40:10,336][__main__][INFO] - ✓ [Qwen/Qwen3-235B-A22B-Instruct-2507] Temp=0.0 Rep=1 → Concordo fortemente
[2026-05-12 12:40:11,261][__main__][INFO] - ✓ [Qwen/Qwen3-235B-A22B-Instruct-2507] Temp=0.0 Rep=1 → Concordo fortemente
[2026-05-12 12:40:12,826][__main__][INFO] - ✓ [Qwen/Qwen3-14B] Temp=0.0 Rep=1 → Concordo fortemente
[2026-05-12 12:40:12,898][__main__][INFO] - ✓ [Qwen/Qwen3-14B] Temp=0.0 Rep=1 → Concordo fortemente
[2026-05-12 12:40:12,991][__main__][INFO] - ✓ [Qwen/Qwen3-14B] Temp=0.0 Rep=1 → Concordo fortemente
[2026-05-12 12:40:13,350][__main__][INFO] - ✓ [meta-llama/Meta-Llama-3.1-70B-Instruct] Temp=0.0 Rep=1 → Concordo fortemente
[2026-05-12 12:40:13,403][__main__][INFO] - ✓ [Qwen/Qwen3-14B] Temp=0.0 Rep=1 → Concordo fortemente
[2026-05-12 12:40:13,420][__main__][INFO] - ✓ [meta-llama/Llama-4-Scout-17B-16E-Instruct] Temp=0.0 Rep=1 → Concordo fortemente
[2026-05-12 12:40:13,875][__main__][INFO] - ✓ [meta-llama/Llama-4-Scout-17B-16E-Instruct] Temp=0.0 Rep=1 → Discordo
[2026-05-12 12:40:13,878][__main__][INFO] - ✓ [meta-llama/Llama-4-Scout-17B-16E-Instruct] Temp=0.0 Rep=1 → Concordo fortemente
[2026-05-12 12:40:14,534][__main__][INFO] - ✓ [Qwen/Qwen3-14B] Temp=0.0 Rep=1 → Concordo fortemente
[2026-05-12 12:40:14,718][__main__][INFO] - ✓ [meta-llama/Meta-Llama-3.1-70B-Instruct] Temp=0.0 Rep=1 → Discordo
[2026-05-12 12:40:14,952][__main__][INFO] - ✓ [meta-llama/Meta-Llama-3.1-70B-Instruct] Temp=0.0 Rep=1 → Concordo
[2026-05-12 12:40:15,216][__main__][INFO] - ✓ [Qwen/Qwen3-14B] Temp=0.0 Rep=1 → Discordo
[2026-05-12 12:40:15,258][__main__][INFO] - ✓ [Qwen/Qwen3-235B-A22B-Instruct-2507] Temp=0.0 Rep=1 → Concordo fortemente
[2026-05-12 12:40:15,307][__main__][INFO] - ✓ [Qwen/Qwen3-235B-A22B-Instruct-2507] Temp=0.0 Rep=1 → Concordo
[2026-05-12 12:40:15,671][__main__][INFO] - ✓ [Qwen/Qwen3-235B-A22B-Instruct-2507] Temp=0.0 Rep=1 → Concordo fortemente
[2026-05-12 12:40:15,772][__main__][INFO] - ✓ [meta-llama/Meta-Llama-3.1-70B-Instruct] Temp=0.0 Rep=1 → Concordo
[2026-05-12 12:40:15,820][__main__][INFO] - ✓ [meta-llama/Meta-Llama-3.1-70B-Instruct] Temp=0.0 Rep=1 → Concordo fortemente
[2026-05-12 12:40:15,974][__main__][INFO] - ✓ [meta-llama/Meta-Llama-3.1-70B-Instruct] Temp=0.0 Rep=1 → Concordo fortemente
[2026-05-12 12:40:16,275][__main__][INFO] - ✓ [meta-llama/Llama-4-Scout-17B-16E-Instruct] Temp=0.0 Rep=1 → Concordo fortemente
[2026-05-12 12:40:16,282][__main__][INFO] - ✓ [meta-llama/Llama-4-Scout-17B-16E-Instruct] Temp=0.0 Rep=1 → Concordo fortemente
[2026-05-12 12:40:16,285][__main__][INFO] - ✓ [meta-llama/Llama-4-Scout-17B-16E-Instruct] Temp=0.0 Rep=1 → Concordo fortemente
[2026-05-12 12:40:17,095][__main__][INFO] - ✓ [Qwen/Qwen3-235B-A22B-Instruct-2507] Temp=0.0 Rep=1 → Concordo fortemente
[2026-05-12 12:40:17,814][__main__][INFO] - Salvamento incremental (5600 novas respostas)...
[2026-05-12 12:40:17,868][__main__][INFO] - Cache salvo com 246002 entradas
[2026-05-12 12:40:17,868][__main__][INFO] - ✓ [Qwen/Qwen3-235B-A22B-Instruct-2507] Temp=0.0 Rep=1 → Concordo fortemente
[2026-05-12 12:40:18,596][__main__][INFO] - ✓ [Qwen/Qwen3-14B] Temp=0.0 Rep=1 → Concordo fortemente
[2026-05-12 12:40:18,603][__main__][INFO] - ✓ [Qwen/Qwen3-235B-A22B-Instruct-2507] Temp=0.0 Rep=1 → Concordo fortemente
[2026-05-12 12:40:18,792][__main__][INFO] - ✓ [Qwen/Qwen3-14B] Temp=0.0 Rep=1 → Concordo fortemente
[2026-05-12 12:40:19,346][__main__][INFO] - ✓ [Qwen/Qwen3-14B] Temp=0.0 Rep=1 → Discordo
[2026-05-12 12:40:19,377][__main__][INFO] - ✓ [Qwen/Qwen3-14B] Temp=0.0 Rep=1 → Concordo fortemente
[2026-05-12 12:40:19,417][__main__][INFO] - ✓ [meta-llama/Meta-Llama-3.1-70B-Instruct] Temp=0.0 Rep=1 → Concordo
[2026-05-12 12:40:19,456][__main__][INFO] - ✓ [meta-llama/Meta-Llama-3.1-70B-Instruct] Temp=0.0 Rep=1 → Concordo
[2026-05-12 12:40:19,642][__main__][INFO] - ✓ [meta-llama/Meta-Llama-3.1-70B-Instruct] Temp=0.0 Rep=1 → Concordo
[2026-05-12 12:40:19,861][__main__][INFO] - ✓ [meta-llama/Llama-4-Scout-17B-16E-Instruct] Temp=0.0 Rep=1 → Concordo fortemente
[2026-05-12 12:40:19,865][__main__][INFO] - ✓ [meta-llama/Llama-4-Scout-17B-16E-Instruct] Temp=0.0 Rep=1 → Concordo fortemente
[2026-05-12 12:40:19,866][__main__][INFO] - ✓ [meta-llama/Llama-4-Scout-17B-16E-Instruct] Temp=0.0 Rep=1 → Concordo
[2026-05-12 12:40:19,959][__main__][INFO] - ✓ [Qwen/Qwen3-14B] Temp=0.0 Rep=1 → Concordo fortemente
[2026-05-12 12:40:20,579][__main__][INFO] - ✓ [Qwen/Qwen3-235B-A22B-Instruct-2507] Temp=0.0 Rep=1 → Concordo fortemente
[2026-05-12 12:40:20,582][__main__][INFO] - ✓ [Qwen/Qwen3-235B-A22B-Instruct-2507] Temp=0.0 Rep=1 → Concordo fortemente
[2026-05-12 12:40:20,720][__main__][INFO] - ✓ [Qwen/Qwen3-235B-A22B-Instruct-2507] Temp=0.0 Rep=1 → Concordo fortemente
[2026-05-12 12:40:21,046][__main__][INFO] - ✓ [meta-llama/Meta-Llama-3.1-70B-Instruct] Temp=0.0 Rep=1 → Concordo
[2026-05-12 12:40:21,122][__main__][INFO] - ✓ [meta-llama/Meta-Llama-3.1-70B-Instruct] Temp=0.0 Rep=1 → Concordo fortemente
[2026-05-12 12:40:21,218][__main__][INFO] - ✓ [meta-llama/Meta-Llama-3.1-70B-Instruct] Temp=0.0 Rep=1 → Concordo
[2026-05-12 12:40:21,589][__main__][INFO] - ✓ [meta-llama/Llama-4-Scout-17B-16E-Instruct] Temp=0.0 Rep=1 → Concordo fortemente
[2026-05-12 12:40:21,620][__main__][INFO] - ✓ [meta-llama/Llama-4-Scout-17B-16E-Instruct] Temp=0.0 Rep=1 → Concordo fortemente
[2026-05-12 12:40:21,757][__main__][INFO] - ✓ [meta-llama/Llama-4-Scout-17B-16E-Instruct] Temp=0.0 Rep=1 → Concordo
[2026-05-12 12:40:21,948][__main__][INFO] - ✓ [Qwen/Qwen3-14B] Temp=0.0 Rep=1 → Concordo fortemente
[2026-05-12 12:40:22,625][__main__][INFO] - ✓ [Qwen/Qwen3-235B-A22B-Instruct-2507] Temp=0.0 Rep=1 → Concordo fortemente
[2026-05-12 12:40:23,342][__main__][INFO] - ✓ [Qwen/Qwen3-235B-A22B-Instruct-2507] Temp=0.0 Rep=1 → Concordo
[2026-05-12 12:40:23,345][__main__][INFO] - ✓ [Qwen/Qwen3-14B] Temp=0.0 Rep=1 → Concordo fortemente
[2026-05-12 12:40:24,103][__main__][INFO] - ✓ [Qwen/Qwen3-235B-A22B-Instruct-2507] Temp=0.0 Rep=1 → Concordo fortemente
[2026-05-12 12:40:25,082][__main__][INFO] - ✓ [meta-llama/Meta-Llama-3.1-70B-Instruct] Temp=0.0 Rep=1 → Discordo
[2026-05-12 12:40:25,129][__main__][INFO] - ✓ [Qwen/Qwen3-14B] Temp=0.0 Rep=1 → Concordo fortemente
[2026-05-12 12:40:25,280][__main__][INFO] - ✓ [meta-llama/Meta-Llama-3.1-70B-Instruct] Temp=0.0 Rep=1 → Concordo fortemente
[2026-05-12 12:40:25,479][__main__][INFO] - ✓ [meta-llama/Llama-4-Scout-17B-16E-Instruct] Temp=0.0 Rep=1 → Concordo fortemente
[2026-05-12 12:40:25,600][__main__][INFO] - ✓ [meta-llama/Meta-Llama-3.1-70B-Instruct] Temp=0.0 Rep=1 → Concordo
[2026-05-12 12:40:25,721][__main__][INFO] - ✓ [meta-llama/Llama-4-Scout-17B-16E-Instruct] Temp=0.0 Rep=1 → Discordo
[2026-05-12 12:40:25,951][__main__][INFO] - ✓ [meta-llama/Llama-4-Scout-17B-16E-Instruct] Temp=0.0 Rep=1 → Concordo fortemente
[2026-05-12 12:40:29,690][__main__][INFO] - ✓ [Qwen/Qwen3-14B] Temp=0.0 Rep=1 → Concordo fortemente
[2026-05-12 12:40:30,304][__main__][INFO] - ✓ [Qwen/Qwen3-235B-A22B-Instruct-2507] Temp=0.0 Rep=1 → Concordo fortemente
[2026-05-12 12:40:30,508][__main__][INFO] - ✓ [Qwen/Qwen3-14B] Temp=0.0 Rep=1 → Concordo fortemente
[2026-05-12 12:40:30,790][__main__][INFO] - ✓ [Qwen/Qwen3-235B-A22B-Instruct-2507] Temp=0.0 Rep=1 → Discordo
[2026-05-12 12:40:30,814][__main__][INFO] - ✓ [Qwen/Qwen3-14B] Temp=0.0 Rep=1 → Neutro
[2026-05-12 12:40:31,010][__main__][INFO] - ✓ [Qwen/Qwen3-235B-A22B-Instruct-2507] Temp=0.0 Rep=1 → Neutro
[2026-05-12 12:40:31,533][__main__][INFO] - Salvamento incremental (5640 novas respostas)...
[2026-05-12 12:40:31,590][__main__][INFO] - Cache salvo com 246042 entradas
[2026-05-12 12:40:31,591][__main__][INFO] - ✓ [Qwen/Qwen3-14B] Temp=0.0 Rep=1 → Concordo fortemente
[2026-05-12 12:40:31,700][__main__][INFO] - ✓ [meta-llama/Meta-Llama-3.1-70B-Instruct] Temp=0.0 Rep=1 → Concordo fortemente
[2026-05-12 12:40:31,704][__main__][INFO] - ✓ [meta-llama/Meta-Llama-3.1-70B-Instruct] Temp=0.0 Rep=1 → Discordo fortemente
[2026-05-12 12:40:31,711][__main__][INFO] - ✓ [meta-llama/Meta-Llama-3.1-70B-Instruct] Temp=0.0 Rep=1 → Concordo
[2026-05-12 12:40:32,148][__main__][INFO] - ✓ [meta-llama/Llama-4-Scout-17B-16E-Instruct] Temp=0.0 Rep=1 → Concordo fortemente
[2026-05-12 12:40:32,152][__main__][INFO] - ✓ [meta-llama/Llama-4-Scout-17B-16E-Instruct] Temp=0.0 Rep=1 → Concordo
[2026-05-12 12:40:32,152][__main__][INFO] - ✓ [meta-llama/Llama-4-Scout-17B-16E-Instruct] Temp=0.0 Rep=1 → Discordo
[2026-05-12 12:40:32,765][__main__][INFO] - ✓ [Qwen/Qwen3-14B] Temp=0.0 Rep=1 → Concordo fortemente
[2026-05-12 12:40:32,766][__main__][INFO] - ✓ [Qwen/Qwen3-235B-A22B-Instruct-2507] Temp=0.0 Rep=1 → Discordo
[2026-05-12 12:40:33,000][__main__][INFO] - ✓ [Qwen/Qwen3-14B] Temp=0.0 Rep=1 → Discordo
[2026-05-12 12:40:33,275][__main__][INFO] - ✓ [Qwen/Qwen3-14B] Temp=0.0 Rep=1 → Concordo fortemente
[2026-05-12 12:40:33,355][__main__][INFO] - ✓ [Qwen/Qwen3-14B] Temp=0.0 Rep=1 → Concordo fortemente
[2026-05-12 12:40:33,500][__main__][INFO] - ✓ [Qwen/Qwen3-235B-A22B-Instruct-2507] Temp=0.0 Rep=1 → Neutro
[2026-05-12 12:40:33,527][__main__][INFO] - ✓ [meta-llama/Meta-Llama-3.1-70B-Instruct] Temp=0.0 Rep=1 → Concordo
[2026-05-12 12:40:33,628][__main__][INFO] - ✓ [Qwen/Qwen3-235B-A22B-Instruct-2507] Temp=0.0 Rep=1 → Concordo fortemente
[2026-05-12 12:40:33,855][__main__][INFO] - ✓ [meta-llama/Meta-Llama-3.1-70B-Instruct] Temp=0.0 Rep=1 → Concordo fortemente
[2026-05-12 12:40:33,871][__main__][INFO] - ✓ [meta-llama/Llama-4-Scout-17B-16E-Instruct] Temp=0.0 Rep=1 → Concordo fortemente
[2026-05-12 12:40:33,876][__main__][INFO] - ✓ [meta-llama/Meta-Llama-3.1-70B-Instruct] Temp=0.0 Rep=1 → Concordo
[2026-05-12 12:40:33,910][__main__][INFO] - ✓ [meta-llama/Llama-4-Scout-17B-16E-Instruct] Temp=0.0 Rep=1 → Concordo fortemente
[2026-05-12 12:40:33,948][__main__][INFO] - ✓ [meta-llama/Llama-4-Scout-17B-16E-Instruct] Temp=0.0 Rep=1 → Concordo fortemente
[2026-05-12 12:40:34,370][__main__][INFO] - ✓ [Qwen/Qwen3-235B-A22B-Instruct-2507] Temp=0.0 Rep=1 → Discordo
[2026-05-12 12:40:34,913][__main__][INFO] - ✓ [Qwen/Qwen3-235B-A22B-Instruct-2507] Temp=0.0 Rep=1 → Concordo fortemente
[2026-05-12 12:40:34,969][__main__][INFO] - ✓ [Qwen/Qwen3-235B-A22B-Instruct-2507] Temp=0.0 Rep=1 → Neutro
[2026-05-12 12:40:35,629][__main__][INFO] - ✓ [meta-llama/Meta-Llama-3.1-70B-Instruct] Temp=0.0 Rep=1 → Discordo
[2026-05-12 12:40:35,704][__main__][INFO] - ✓ [meta-llama/Meta-Llama-3.1-70B-Instruct] Temp=0.0 Rep=1 → Concordo fortemente
[2026-05-12 12:40:35,739][__main__][INFO] - ✓ [Qwen/Qwen3-14B] Temp=0.0 Rep=1 → Concordo fortemente
[2026-05-12 12:40:35,966][__main__][INFO] - ✓ [Qwen/Qwen3-14B] Temp=0.0 Rep=1 → Concordo fortemente
[2026-05-12 12:40:36,077][__main__][INFO] - ✓ [meta-llama/Llama-4-Scout-17B-16E-Instruct] Temp=0.0 Rep=1 → Concordo fortemente
[2026-05-12 12:40:36,122][__main__][INFO] - ✓ [meta-llama/Llama-4-Scout-17B-16E-Instruct] Temp=0.0 Rep=1 → Concordo fortemente
[2026-05-12 12:40:36,168][__main__][INFO] - ✓ [meta-llama/Meta-Llama-3.1-70B-Instruct] Temp=0.0 Rep=1 → Concordo
[2026-05-12 12:40:36,433][__main__][INFO] - ✓ [meta-llama/Llama-4-Scout-17B-16E-Instruct] Temp=0.0 Rep=1 → Concordo
[2026-05-12 12:40:37,293][__main__][INFO] - ✓ [Qwen/Qwen3-235B-A22B-Instruct-2507] Temp=0.0 Rep=1 → Concordo fortemente
[2026-05-12 12:40:37,883][__main__][INFO] - ✓ [Qwen/Qwen3-235B-A22B-Instruct-2507] Temp=0.0 Rep=1 → Discordo
[2026-05-12 12:40:38,602][__main__][INFO] - ✓ [Qwen/Qwen3-235B-A22B-Instruct-2507] Temp=0.0 Rep=1 → Neutro
[2026-05-12 12:40:38,605][__main__][INFO] - ✓ [Qwen/Qwen3-14B] Temp=0.0 Rep=1 → Concordo fortemente
[2026-05-12 12:40:39,317][__main__][INFO] - ✓ [meta-llama/Meta-Llama-3.1-70B-Instruct] Temp=0.0 Rep=1 → Discordo fortemente
[2026-05-12 12:40:39,321][__main__][INFO] - ✓ [Qwen/Qwen3-14B] Temp=0.0 Rep=1 → Concordo fortemente
[2026-05-12 12:40:39,321][__main__][INFO] - ✓ [meta-llama/Meta-Llama-3.1-70B-Instruct] Temp=0.0 Rep=1 → Concordo fortemente
[2026-05-12 12:40:39,828][__main__][INFO] - ✓ [meta-llama/Llama-4-Scout-17B-16E-Instruct] Temp=0.0 Rep=1 → Concordo fortemente
[2026-05-12 12:40:40,001][__main__][INFO] - ✓ [meta-llama/Llama-4-Scout-17B-16E-Instruct] Temp=0.0 Rep=1 → Discordo
[2026-05-12 12:40:40,098][__main__][INFO] - Salvamento incremental (5680 novas respostas)...
[2026-05-12 12:40:40,152][__main__][INFO] - Cache salvo com 246082 entradas
[2026-05-12 12:40:40,152][__main__][INFO] - ✓ [Qwen/Qwen3-14B] Temp=0.0 Rep=1 → Neutro
[2026-05-12 12:40:40,271][__main__][INFO] - ✓ [meta-llama/Llama-4-Scout-17B-16E-Instruct] Temp=0.0 Rep=1 → Concordo fortemente
[2026-05-12 12:40:40,323][__main__][INFO] - ✓ [meta-llama/Meta-Llama-3.1-70B-Instruct] Temp=0.0 Rep=1 → Concordo
[2026-05-12 12:40:40,954][__main__][INFO] - ✓ [Qwen/Qwen3-235B-A22B-Instruct-2507] Temp=0.0 Rep=1 → Concordo
[2026-05-12 12:40:41,768][__main__][INFO] - ✓ [Qwen/Qwen3-235B-A22B-Instruct-2507] Temp=0.0 Rep=1 → Concordo fortemente
[2026-05-12 12:40:42,389][__main__][INFO] - ✓ [Qwen/Qwen3-235B-A22B-Instruct-2507] Temp=0.0 Rep=1 → Concordo
[2026-05-12 12:40:42,901][__main__][INFO] - ✓ [meta-llama/Meta-Llama-3.1-70B-Instruct] Temp=0.0 Rep=1 → Discordo
[2026-05-12 12:40:43,821][__main__][INFO] - ✓ [meta-llama/Meta-Llama-3.1-70B-Instruct] Temp=0.0 Rep=1 → Concordo fortemente
[2026-05-12 12:40:44,302][__main__][INFO] - ✓ [meta-llama/Meta-Llama-3.1-70B-Instruct] Temp=0.0 Rep=1 → Concordo
[2026-05-12 12:40:44,624][__main__][INFO] - ✓ [meta-llama/Llama-4-Scout-17B-16E-Instruct] Temp=0.0 Rep=1 → Discordo
[2026-05-12 12:40:45,152][__main__][INFO] - ✓ [meta-llama/Llama-4-Scout-17B-16E-Instruct] Temp=0.0 Rep=1 → Concordo fortemente
[2026-05-12 12:40:45,667][__main__][INFO] - ✓ [Qwen/Qwen3-14B] Temp=0.0 Rep=1 → Concordo fortemente
[2026-05-12 12:40:45,668][__main__][INFO] - ✓ [meta-llama/Llama-4-Scout-17B-16E-Instruct] Temp=0.0 Rep=1 → Concordo
[2026-05-12 12:40:45,668][__main__][INFO] - ✓ [Qwen/Qwen3-14B] Temp=0.0 Rep=1 → Concordo fortemente
[2026-05-12 12:40:47,103][__main__][INFO] - ✓ [Qwen/Qwen3-14B] Temp=0.0 Rep=1 → Discordo
[2026-05-12 12:40:47,304][__main__][INFO] - ✓ [Qwen/Qwen3-14B] Temp=0.0 Rep=1 → Discordo
[2026-05-12 12:40:47,431][__main__][INFO] - ✓ [Qwen/Qwen3-14B] Temp=0.0 Rep=1 → Concordo fortemente
[2026-05-12 12:40:47,648][__main__][INFO] - ✓ [Qwen/Qwen3-235B-A22B-Instruct-2507] Temp=0.0 Rep=1 → Discordo
[2026-05-12 12:40:47,955][__main__][INFO] - ✓ [Qwen/Qwen3-235B-A22B-Instruct-2507] Temp=0.0 Rep=1 → Neutro
[2026-05-12 12:40:47,983][__main__][INFO] - ✓ [Qwen/Qwen3-235B-A22B-Instruct-2507] Temp=0.0 Rep=1 → Concordo fortemente
[2026-05-12 12:40:48,535][__main__][INFO] - ✓ [meta-llama/Meta-Llama-3.1-70B-Instruct] Temp=0.0 Rep=1 → Concordo
[2026-05-12 12:40:48,545][__main__][INFO] - ✓ [meta-llama/Meta-Llama-3.1-70B-Instruct] Temp=0.0 Rep=1 → Concordo
[2026-05-12 12:40:48,590][__main__][INFO] - ✓ [meta-llama/Meta-Llama-3.1-70B-Instruct] Temp=0.0 Rep=1 → Concordo fortemente
[2026-05-12 12:40:48,691][__main__][INFO] - ✓ [Qwen/Qwen3-14B] Temp=0.0 Rep=1 → Concordo fortemente
[2026-05-12 12:40:48,839][__main__][INFO] - ✓ [meta-llama/Llama-4-Scout-17B-16E-Instruct] Temp=0.0 Rep=1 → Concordo fortemente
[2026-05-12 12:40:48,846][__main__][INFO] - ✓ [Qwen/Qwen3-14B] Temp=0.0 Rep=1 → Concordo fortemente
[2026-05-12 12:40:48,878][__main__][INFO] - ✓ [meta-llama/Llama-4-Scout-17B-16E-Instruct] Temp=0.0 Rep=1 → Concordo fortemente
[2026-05-12 12:40:49,080][__main__][INFO] - ✓ [meta-llama/Llama-4-Scout-17B-16E-Instruct] Temp=0.0 Rep=1 → Concordo fortemente
[2026-05-12 12:40:49,761][__main__][INFO] - ✓ [Qwen/Qwen3-235B-A22B-Instruct-2507] Temp=0.0 Rep=1 → Concordo fortemente
[2026-05-12 12:40:49,767][__main__][INFO] - ✓ [Qwen/Qwen3-235B-A22B-Instruct-2507] Temp=0.0 Rep=1 → Discordo
[2026-05-12 12:40:50,375][__main__][INFO] - ✓ [meta-llama/Meta-Llama-3.1-70B-Instruct] Temp=0.0 Rep=1 → Concordo fortemente
[2026-05-12 12:40:50,580][__main__][INFO] - ✓ [Qwen/Qwen3-235B-A22B-Instruct-2507] Temp=0.0 Rep=1 → Concordo fortemente
[2026-05-12 12:40:50,989][__main__][INFO] - ✓ [meta-llama/Meta-Llama-3.1-70B-Instruct] Temp=0.0 Rep=1 → Discordo fortemente
[2026-05-12 12:40:51,102][__main__][INFO] - ✓ [meta-llama/Meta-Llama-3.1-70B-Instruct] Temp=0.0 Rep=1 → Concordo
[2026-05-12 12:40:51,428][__main__][INFO] - ✓ [Qwen/Qwen3-14B] Temp=0.0 Rep=1 → Concordo fortemente
[2026-05-12 12:40:51,467][__main__][INFO] - ✓ [meta-llama/Llama-4-Scout-17B-16E-Instruct] Temp=0.0 Rep=1 → Discordo
[2026-05-12 12:40:51,677][__main__][INFO] - ✓ [meta-llama/Llama-4-Scout-17B-16E-Instruct] Temp=0.0 Rep=1 → Concordo fortemente
[2026-05-12 12:40:51,893][__main__][INFO] - ✓ [meta-llama/Llama-4-Scout-17B-16E-Instruct] Temp=0.0 Rep=1 → Concordo fortemente
[2026-05-12 12:40:52,935][__main__][INFO] - ✓ [Qwen/Qwen3-14B] Temp=0.0 Rep=1 → Concordo fortemente
[2026-05-12 12:40:53,547][__main__][INFO] - ✓ [Qwen/Qwen3-235B-A22B-Instruct-2507] Temp=0.0 Rep=1 → Concordo fortemente
[2026-05-12 12:40:54,060][__main__][INFO] - Salvamento incremental (5720 novas respostas)...
[2026-05-12 12:40:54,119][__main__][INFO] - Cache salvo com 246122 entradas
[2026-05-12 12:40:54,119][__main__][INFO] - ✓ [Qwen/Qwen3-235B-A22B-Instruct-2507] Temp=0.0 Rep=1 → Discordo
[2026-05-12 12:40:55,189][__main__][INFO] - ✓ [Qwen/Qwen3-235B-A22B-Instruct-2507] Temp=0.0 Rep=1 → Concordo fortemente
[2026-05-12 12:40:55,507][__main__][INFO] - ✓ [Qwen/Qwen3-14B] Temp=0.0 Rep=1 → Concordo fortemente
[2026-05-12 12:40:56,112][__main__][INFO] - ✓ [meta-llama/Meta-Llama-3.1-70B-Instruct] Temp=0.0 Rep=1 → Discordo
[2026-05-12 12:40:56,118][__main__][INFO] - ✓ [meta-llama/Meta-Llama-3.1-70B-Instruct] Temp=0.0 Rep=1 → Concordo fortemente
[2026-05-12 12:40:56,513][__main__][INFO] - ✓ [Qwen/Qwen3-14B] Temp=0.0 Rep=1 → Concordo fortemente
[2026-05-12 12:40:56,517][__main__][INFO] - ✓ [meta-llama/Llama-4-Scout-17B-16E-Instruct] Temp=0.0 Rep=1 → Concordo fortemente
[2026-05-12 12:40:56,869][__main__][INFO] - ✓ [meta-llama/Meta-Llama-3.1-70B-Instruct] Temp=0.0 Rep=1 → Concordo fortemente
[2026-05-12 12:40:56,942][__main__][INFO] - ✓ [meta-llama/Llama-4-Scout-17B-16E-Instruct] Temp=0.0 Rep=1 → Discordo
[2026-05-12 12:40:56,978][__main__][INFO] - ✓ [meta-llama/Llama-4-Scout-17B-16E-Instruct] Temp=0.0 Rep=1 → Concordo fortemente
[2026-05-12 12:40:58,771][__main__][INFO] - ✓ [Qwen/Qwen3-14B] Temp=0.0 Rep=1 → Concordo fortemente
[2026-05-12 12:40:59,033][__main__][INFO] - ✓ [Qwen/Qwen3-14B] Temp=0.0 Rep=1 → Concordo fortemente
[2026-05-12 12:40:59,307][__main__][INFO] - ✓ [Qwen/Qwen3-235B-A22B-Instruct-2507] Temp=0.0 Rep=1 → Concordo fortemente
[2026-05-12 12:40:59,799][__main__][INFO] - ✓ [Qwen/Qwen3-14B] Temp=0.0 Rep=1 → Discordo
[2026-05-12 12:41:00,022][__main__][INFO] - ✓ [Qwen/Qwen3-235B-A22B-Instruct-2507] Temp=0.0 Rep=1 → Concordo fortemente
[2026-05-12 12:41:00,246][__main__][INFO] - ✓ [Qwen/Qwen3-235B-A22B-Instruct-2507] Temp=0.0 Rep=1 → Discordo
[2026-05-12 12:41:00,432][__main__][INFO] - ✓ [meta-llama/Meta-Llama-3.1-70B-Instruct] Temp=0.0 Rep=1 → Concordo fortemente
[2026-05-12 12:41:00,537][__main__][INFO] - ✓ [meta-llama/Meta-Llama-3.1-70B-Instruct] Temp=0.0 Rep=1 → Discordo
[2026-05-12 12:41:00,845][__main__][INFO] - ✓ [Qwen/Qwen3-14B] Temp=0.0 Rep=1 → Concordo fortemente
[2026-05-12 12:41:00,916][__main__][INFO] - ✓ [meta-llama/Llama-4-Scout-17B-16E-Instruct] Temp=0.0 Rep=1 → Discordo
[2026-05-12 12:41:00,932][__main__][INFO] - ✓ [meta-llama/Meta-Llama-3.1-70B-Instruct] Temp=0.0 Rep=1 → Concordo fortemente
[2026-05-12 12:41:01,061][__main__][INFO] - ✓ [meta-llama/Llama-4-Scout-17B-16E-Instruct] Temp=0.0 Rep=1 → Concordo fortemente
[2026-05-12 12:41:01,243][__main__][INFO] - ✓ [meta-llama/Llama-4-Scout-17B-16E-Instruct] Temp=0.0 Rep=1 → Concordo fortemente
[2026-05-12 12:41:01,985][__main__][INFO] - ✓ [Qwen/Qwen3-14B] Temp=0.0 Rep=1 → Concordo fortemente
[2026-05-12 12:41:02,314][__main__][INFO] - ✓ [Qwen/Qwen3-235B-A22B-Instruct-2507] Temp=0.0 Rep=1 → Concordo fortemente
[2026-05-12 12:41:02,405][__main__][INFO] - ✓ [Qwen/Qwen3-235B-A22B-Instruct-2507] Temp=0.0 Rep=1 → Discordo
[2026-05-12 12:41:02,745][__main__][INFO] - ✓ [Qwen/Qwen3-14B] Temp=0.0 Rep=1 → Discordo
[2026-05-12 12:41:03,006][__main__][INFO] - ✓ [meta-llama/Meta-Llama-3.1-70B-Instruct] Temp=0.0 Rep=1 → Concordo fortemente
[2026-05-12 12:41:03,020][__main__][INFO] - ✓ [Qwen/Qwen3-235B-A22B-Instruct-2507] Temp=0.0 Rep=1 → Concordo fortemente
[2026-05-12 12:41:03,327][__main__][INFO] - ✓ [meta-llama/Meta-Llama-3.1-70B-Instruct] Temp=0.0 Rep=1 → Discordo
[2026-05-12 12:41:03,592][__main__][INFO] - ✓ [meta-llama/Llama-4-Scout-17B-16E-Instruct] Temp=0.0 Rep=1 → Concordo fortemente
[2026-05-12 12:41:03,685][__main__][INFO] - ✓ [meta-llama/Llama-4-Scout-17B-16E-Instruct] Temp=0.0 Rep=1 → Discordo
[2026-05-12 12:41:03,799][__main__][INFO] - ✓ [meta-llama/Meta-Llama-3.1-70B-Instruct] Temp=0.0 Rep=1 → Concordo fortemente
[2026-05-12 12:41:04,209][__main__][INFO] - ✓ [meta-llama/Llama-4-Scout-17B-16E-Instruct] Temp=0.0 Rep=1 → Concordo fortemente
[2026-05-12 12:41:06,862][__main__][INFO] - ✓ [Qwen/Qwen3-14B] Temp=0.0 Rep=1 → Concordo fortemente
[2026-05-12 12:41:07,374][__main__][INFO] - ✓ [Qwen/Qwen3-14B] Temp=0.0 Rep=1 → Concordo fortemente
[2026-05-12 12:41:07,432][__main__][INFO] - ✓ [Qwen/Qwen3-235B-A22B-Instruct-2507] Temp=0.0 Rep=1 → Discordo
[2026-05-12 12:41:07,907][__main__][INFO] - ✓ [Qwen/Qwen3-235B-A22B-Instruct-2507] Temp=0.0 Rep=1 → Concordo fortemente
[2026-05-12 12:41:07,963][__main__][INFO] - ✓ [Qwen/Qwen3-235B-A22B-Instruct-2507] Temp=0.0 Rep=1 → Concordo
[2026-05-12 12:41:08,287][__main__][INFO] - ✓ [Qwen/Qwen3-14B] Temp=0.0 Rep=1 → Concordo fortemente
[2026-05-12 12:41:08,705][__main__][INFO] - Salvamento incremental (5760 novas respostas)...
[2026-05-12 12:41:08,761][__main__][INFO] - Cache salvo com 246162 entradas
[2026-05-12 12:41:08,762][__main__][INFO] - ✓ [meta-llama/Meta-Llama-3.1-70B-Instruct] Temp=0.0 Rep=1 → Discordo
[2026-05-12 12:41:08,928][__main__][INFO] - ✓ [meta-llama/Meta-Llama-3.1-70B-Instruct] Temp=0.0 Rep=1 → Concordo
[2026-05-12 12:41:08,944][__main__][INFO] - ✓ [meta-llama/Meta-Llama-3.1-70B-Instruct] Temp=0.0 Rep=1 → Concordo fortemente
[2026-05-12 12:41:09,209][__main__][INFO] - ✓ [meta-llama/Llama-4-Scout-17B-16E-Instruct] Temp=0.0 Rep=1 → Discordo
[2026-05-12 12:41:09,272][__main__][INFO] - ✓ [meta-llama/Llama-4-Scout-17B-16E-Instruct] Temp=0.0 Rep=1 → Concordo
[2026-05-12 12:41:09,454][__main__][INFO] - ✓ [Qwen/Qwen3-14B] Temp=0.0 Rep=1 → Concordo fortemente
[2026-05-12 12:41:10,548][__main__][INFO] - ✓ [meta-llama/Llama-4-Scout-17B-16E-Instruct] Temp=0.0 Rep=1 → Concordo fortemente
[2026-05-12 12:41:10,657][__main__][INFO] - ✓ [Qwen/Qwen3-14B] Temp=0.0 Rep=1 → Discordo
[2026-05-12 12:41:11,046][__main__][INFO] - ✓ [Qwen/Qwen3-235B-A22B-Instruct-2507] Temp=0.0 Rep=1 → Discordo
[2026-05-12 12:41:11,273][__main__][INFO] - ✓ [Qwen/Qwen3-235B-A22B-Instruct-2507] Temp=0.0 Rep=1 → Concordo fortemente
[2026-05-12 12:41:11,852][__main__][INFO] - ✓ [meta-llama/Meta-Llama-3.1-70B-Instruct] Temp=0.0 Rep=1 → Discordo fortemente
[2026-05-12 12:41:12,101][__main__][INFO] - ✓ [Qwen/Qwen3-235B-A22B-Instruct-2507] Temp=0.0 Rep=1 → Neutro
[2026-05-12 12:41:12,334][__main__][INFO] - ✓ [Qwen/Qwen3-14B] Temp=0.0 Rep=1 → Concordo fortemente
[2026-05-12 12:41:12,428][__main__][INFO] - ✓ [meta-llama/Meta-Llama-3.1-70B-Instruct] Temp=0.0 Rep=1 → Concordo fortemente
[2026-05-12 12:41:12,598][__main__][INFO] - ✓ [meta-llama/Meta-Llama-3.1-70B-Instruct] Temp=0.0 Rep=1 → Concordo
[2026-05-12 12:41:12,626][__main__][INFO] - ✓ [meta-llama/Llama-4-Scout-17B-16E-Instruct] Temp=0.0 Rep=1 → Discordo fortemente
[2026-05-12 12:41:12,971][__main__][INFO] - ✓ [meta-llama/Llama-4-Scout-17B-16E-Instruct] Temp=0.0 Rep=1 → Concordo fortemente
[2026-05-12 12:41:12,999][__main__][INFO] - ✓ [meta-llama/Llama-4-Scout-17B-16E-Instruct] Temp=0.0 Rep=1 → Discordo
[2026-05-12 12:41:14,029][__main__][INFO] - ✓ [Qwen/Qwen3-14B] Temp=0.0 Rep=1 → Neutro
[2026-05-12 12:41:14,749][__main__][INFO] - ✓ [Qwen/Qwen3-235B-A22B-Instruct-2507] Temp=0.0 Rep=1 → Discordo
[2026-05-12 12:41:15,463][__main__][INFO] - ✓ [Qwen/Qwen3-235B-A22B-Instruct-2507] Temp=0.0 Rep=1 → Concordo fortemente
[2026-05-12 12:41:16,078][__main__][INFO] - ✓ [Qwen/Qwen3-235B-A22B-Instruct-2507] Temp=0.0 Rep=1 → Concordo fortemente
[2026-05-12 12:41:16,081][__main__][INFO] - ✓ [Qwen/Qwen3-14B] Temp=0.0 Rep=1 → Discordo
[2026-05-12 12:41:16,492][__main__][INFO] - ✓ [Qwen/Qwen3-14B] Temp=0.0 Rep=1 → Concordo fortemente
[2026-05-12 12:41:16,668][__main__][INFO] - ✓ [meta-llama/Meta-Llama-3.1-70B-Instruct] Temp=0.0 Rep=1 → Discordo fortemente
[2026-05-12 12:41:16,794][__main__][INFO] - ✓ [meta-llama/Meta-Llama-3.1-70B-Instruct] Temp=0.0 Rep=1 → Concordo fortemente
[2026-05-12 12:41:16,960][__main__][INFO] - ✓ [meta-llama/Llama-4-Scout-17B-16E-Instruct] Temp=0.0 Rep=1 → Discordo
[2026-05-12 12:41:17,016][__main__][INFO] - ✓ [meta-llama/Meta-Llama-3.1-70B-Instruct] Temp=0.0 Rep=1 → Concordo
[2026-05-12 12:41:17,124][__main__][INFO] - ✓ [meta-llama/Llama-4-Scout-17B-16E-Instruct] Temp=0.0 Rep=1 → Concordo fortemente
[2026-05-12 12:41:17,423][__main__][INFO] - ✓ [meta-llama/Llama-4-Scout-17B-16E-Instruct] Temp=0.0 Rep=1 → Concordo
[2026-05-12 12:41:20,481][__main__][INFO] - ✓ [Qwen/Qwen3-14B] Temp=0.0 Rep=1 → Discordo
[2026-05-12 12:41:20,993][__main__][INFO] - ✓ [Qwen/Qwen3-235B-A22B-Instruct-2507] Temp=0.0 Rep=1 → Discordo
[2026-05-12 12:41:21,003][__main__][INFO] - ✓ [Qwen/Qwen3-14B] Temp=0.0 Rep=1 → Concordo fortemente
[2026-05-12 12:41:21,087][__main__][INFO] - ✓ [Qwen/Qwen3-14B] Temp=0.0 Rep=1 → Concordo fortemente
[2026-05-12 12:41:21,223][__main__][INFO] - ✓ [Qwen/Qwen3-14B] Temp=0.0 Rep=1 → Discordo
[2026-05-12 12:41:21,510][__main__][INFO] - ✓ [Qwen/Qwen3-235B-A22B-Instruct-2507] Temp=0.0 Rep=1 → Neutro
[2026-05-12 12:41:21,517][__main__][INFO] - ✓ [Qwen/Qwen3-235B-A22B-Instruct-2507] Temp=0.0 Rep=1 → Concordo
[2026-05-12 12:41:21,869][__main__][INFO] - ✓ [meta-llama/Llama-4-Scout-17B-16E-Instruct] Temp=0.0 Rep=1 → Discordo fortemente
[2026-05-12 12:41:21,945][__main__][INFO] - ✓ [meta-llama/Meta-Llama-3.1-70B-Instruct] Temp=0.0 Rep=1 → Discordo fortemente
[2026-05-12 12:41:22,044][__main__][INFO] - ✓ [meta-llama/Meta-Llama-3.1-70B-Instruct] Temp=0.0 Rep=1 → Concordo fortemente
[2026-05-12 12:41:22,116][__main__][INFO] - Salvamento incremental (5800 novas respostas)...
[2026-05-12 12:41:22,169][__main__][INFO] - Cache salvo com 246202 entradas
[2026-05-12 12:41:22,169][__main__][INFO] - ✓ [meta-llama/Meta-Llama-3.1-70B-Instruct] Temp=0.0 Rep=1 → Concordo
[2026-05-12 12:41:22,214][__main__][INFO] - ✓ [meta-llama/Llama-4-Scout-17B-16E-Instruct] Temp=0.0 Rep=1 → Concordo fortemente
[2026-05-12 12:41:22,438][__main__][INFO] - ✓ [meta-llama/Llama-4-Scout-17B-16E-Instruct] Temp=0.0 Rep=1 → Neutro
[2026-05-12 12:41:22,759][__main__][INFO] - ✓ [Qwen/Qwen3-235B-A22B-Instruct-2507] Temp=0.0 Rep=1 → Discordo
[2026-05-12 12:41:23,490][__main__][INFO] - ✓ [Qwen/Qwen3-235B-A22B-Instruct-2507] Temp=0.0 Rep=1 → Concordo fortemente
[2026-05-12 12:41:23,966][__main__][INFO] - ✓ [Qwen/Qwen3-235B-A22B-Instruct-2507] Temp=0.0 Rep=1 → Neutro
[2026-05-12 12:41:24,034][__main__][INFO] - ✓ [Qwen/Qwen3-14B] Temp=0.0 Rep=1 → Neutro
[2026-05-12 12:41:24,270][__main__][INFO] - ✓ [Qwen/Qwen3-14B] Temp=0.0 Rep=1 → Concordo fortemente
[2026-05-12 12:41:24,659][__main__][INFO] - ✓ [meta-llama/Meta-Llama-3.1-70B-Instruct] Temp=0.0 Rep=1 → Concordo fortemente
[2026-05-12 12:41:24,662][__main__][INFO] - ✓ [meta-llama/Meta-Llama-3.1-70B-Instruct] Temp=0.0 Rep=1 → Discordo fortemente
[2026-05-12 12:41:24,850][__main__][INFO] - ✓ [Qwen/Qwen3-14B] Temp=0.0 Rep=1 → Concordo fortemente
[2026-05-12 12:41:24,938][__main__][INFO] - ✓ [meta-llama/Meta-Llama-3.1-70B-Instruct] Temp=0.0 Rep=1 → Concordo
[2026-05-12 12:41:24,983][__main__][INFO] - ✓ [meta-llama/Llama-4-Scout-17B-16E-Instruct] Temp=0.0 Rep=1 → Concordo fortemente
[2026-05-12 12:41:25,183][__main__][INFO] - ✓ [meta-llama/Llama-4-Scout-17B-16E-Instruct] Temp=0.0 Rep=1 → Neutro
[2026-05-12 12:41:25,187][__main__][INFO] - ✓ [meta-llama/Llama-4-Scout-17B-16E-Instruct] Temp=0.0 Rep=1 → Discordo fortemente
[2026-05-12 12:41:25,805][__main__][INFO] - ✓ [Qwen/Qwen3-235B-A22B-Instruct-2507] Temp=0.0 Rep=1 → Concordo fortemente
[2026-05-12 12:41:26,230][__main__][INFO] - ✓ [Qwen/Qwen3-235B-A22B-Instruct-2507] Temp=0.0 Rep=1 → Discordo
[2026-05-12 12:41:26,596][__main__][INFO] - ✓ [Qwen/Qwen3-235B-A22B-Instruct-2507] Temp=0.0 Rep=1 → Neutro
[2026-05-12 12:41:27,341][__main__][INFO] - ✓ [meta-llama/Meta-Llama-3.1-70B-Instruct] Temp=0.0 Rep=1 → Concordo fortemente
[2026-05-12 12:41:27,918][__main__][INFO] - ✓ [meta-llama/Meta-Llama-3.1-70B-Instruct] Temp=0.0 Rep=1 → Discordo
[2026-05-12 12:41:28,333][__main__][INFO] - ✓ [Qwen/Qwen3-14B] Temp=0.0 Rep=1 → Concordo fortemente
[2026-05-12 12:41:28,559][__main__][INFO] - ✓ [meta-llama/Meta-Llama-3.1-70B-Instruct] Temp=0.0 Rep=1 → Concordo fortemente
[2026-05-12 12:41:28,622][__main__][INFO] - ✓ [meta-llama/Llama-4-Scout-17B-16E-Instruct] Temp=0.0 Rep=1 → Concordo fortemente
[2026-05-12 12:41:29,490][__main__][INFO] - ✓ [meta-llama/Llama-4-Scout-17B-16E-Instruct] Temp=0.0 Rep=1 → Concordo fortemente
[2026-05-12 12:41:29,491][__main__][INFO] - ✓ [meta-llama/Llama-4-Scout-17B-16E-Instruct] Temp=0.0 Rep=1 → Discordo fortemente
[2026-05-12 12:41:29,751][__main__][INFO] - ✓ [Qwen/Qwen3-14B] Temp=0.0 Rep=1 → Concordo fortemente
[2026-05-12 12:41:31,028][__main__][INFO] - ✓ [Qwen/Qwen3-14B] Temp=0.0 Rep=1 → Discordo
[2026-05-12 12:41:31,745][__main__][INFO] - ✓ [Qwen/Qwen3-235B-A22B-Instruct-2507] Temp=0.0 Rep=1 → Concordo fortemente
[2026-05-12 12:41:32,369][__main__][INFO] - ✓ [Qwen/Qwen3-14B] Temp=0.0 Rep=1 → Concordo fortemente
[2026-05-12 12:41:32,521][__main__][INFO] - ✓ [Qwen/Qwen3-235B-A22B-Instruct-2507] Temp=0.0 Rep=1 → Discordo
[2026-05-12 12:41:32,635][__main__][INFO] - ✓ [Qwen/Qwen3-14B] Temp=0.0 Rep=1 → Concordo fortemente
[2026-05-12 12:41:32,875][__main__][INFO] - ✓ [Qwen/Qwen3-235B-A22B-Instruct-2507] Temp=0.0 Rep=1 → Neutro
[2026-05-12 12:41:33,179][__main__][INFO] - ✓ [meta-llama/Meta-Llama-3.1-70B-Instruct] Temp=0.0 Rep=1 → Discordo
[2026-05-12 12:41:33,194][__main__][INFO] - ✓ [Qwen/Qwen3-14B] Temp=0.0 Rep=1 → Concordo fortemente
[2026-05-12 12:41:33,233][__main__][INFO] - ✓ [meta-llama/Meta-Llama-3.1-70B-Instruct] Temp=0.0 Rep=1 → Concordo fortemente
[2026-05-12 12:41:33,470][__main__][INFO] - ✓ [meta-llama/Meta-Llama-3.1-70B-Instruct] Temp=0.0 Rep=1 → Concordo
[2026-05-12 12:41:33,568][__main__][INFO] - ✓ [meta-llama/Llama-4-Scout-17B-16E-Instruct] Temp=0.0 Rep=1 → Discordo
[2026-05-12 12:41:33,571][__main__][INFO] - ✓ [meta-llama/Llama-4-Scout-17B-16E-Instruct] Temp=0.0 Rep=1 → Concordo fortemente
[2026-05-12 12:41:33,639][__main__][INFO] - ✓ [meta-llama/Llama-4-Scout-17B-16E-Instruct] Temp=0.0 Rep=1 → Concordo fortemente
[2026-05-12 12:41:34,095][__main__][INFO] - ✓ [Qwen/Qwen3-14B] Temp=0.0 Rep=1 → Neutro
[2026-05-12 12:41:34,169][__main__][INFO] - Salvamento incremental (5840 novas respostas)...
[2026-05-12 12:41:34,225][__main__][INFO] - Cache salvo com 246242 entradas
[2026-05-12 12:41:34,225][__main__][INFO] - ✓ [Qwen/Qwen3-235B-A22B-Instruct-2507] Temp=0.0 Rep=1 → Concordo fortemente
[2026-05-12 12:41:34,651][__main__][INFO] - ✓ [Qwen/Qwen3-235B-A22B-Instruct-2507] Temp=0.0 Rep=1 → Discordo
[2026-05-12 12:41:34,720][__main__][INFO] - ✓ [Qwen/Qwen3-235B-A22B-Instruct-2507] Temp=0.0 Rep=1 → Neutro
[2026-05-12 12:41:34,724][__main__][INFO] - ✓ [Qwen/Qwen3-14B] Temp=0.0 Rep=1 → Neutro
[2026-05-12 12:41:34,921][__main__][INFO] - ✓ [Qwen/Qwen3-14B] Temp=0.0 Rep=1 → Concordo fortemente
[2026-05-12 12:41:35,196][__main__][INFO] - ✓ [meta-llama/Llama-4-Scout-17B-16E-Instruct] Temp=0.0 Rep=1 → Concordo fortemente
[2026-05-12 12:41:35,461][__main__][INFO] - ✓ [meta-llama/Meta-Llama-3.1-70B-Instruct] Temp=0.0 Rep=1 → Discordo
[2026-05-12 12:41:35,666][__main__][INFO] - ✓ [meta-llama/Meta-Llama-3.1-70B-Instruct] Temp=0.0 Rep=1 → Concordo
[2026-05-12 12:41:35,669][__main__][INFO] - ✓ [meta-llama/Meta-Llama-3.1-70B-Instruct] Temp=0.0 Rep=1 → Concordo fortemente
[2026-05-12 12:41:35,690][__main__][INFO] - ✓ [meta-llama/Llama-4-Scout-17B-16E-Instruct] Temp=0.0 Rep=1 → Discordo
[2026-05-12 12:41:36,195][__main__][INFO] - ✓ [meta-llama/Llama-4-Scout-17B-16E-Instruct] Temp=0.0 Rep=1 → Concordo fortemente
[2026-05-12 12:41:36,865][__main__][INFO] - ✓ [Qwen/Qwen3-235B-A22B-Instruct-2507] Temp=0.0 Rep=1 → Discordo
[2026-05-12 12:41:37,583][__main__][INFO] - ✓ [Qwen/Qwen3-235B-A22B-Instruct-2507] Temp=0.0 Rep=1 → Discordo
[2026-05-12 12:41:37,999][__main__][INFO] - ✓ [Qwen/Qwen3-14B] Temp=0.0 Rep=1 → Concordo fortemente
[2026-05-12 12:41:38,611][__main__][INFO] - ✓ [meta-llama/Meta-Llama-3.1-70B-Instruct] Temp=0.0 Rep=1 → Discordo fortemente
[2026-05-12 12:41:38,865][__main__][INFO] - ✓ [Qwen/Qwen3-14B] Temp=0.0 Rep=1 → Concordo fortemente
[2026-05-12 12:41:38,933][__main__][INFO] - ✓ [Qwen/Qwen3-235B-A22B-Instruct-2507] Temp=0.0 Rep=1 → Discordo
[2026-05-12 12:41:39,243][__main__][INFO] - ✓ [meta-llama/Meta-Llama-3.1-70B-Instruct] Temp=0.0 Rep=1 → Concordo fortemente
[2026-05-12 12:41:39,374][__main__][INFO] - ✓ [meta-llama/Meta-Llama-3.1-70B-Instruct] Temp=0.0 Rep=1 → Concordo
[2026-05-12 12:41:39,392][__main__][INFO] - ✓ [meta-llama/Llama-4-Scout-17B-16E-Instruct] Temp=0.0 Rep=1 → Discordo fortemente
[2026-05-12 12:41:39,727][__main__][INFO] - ✓ [meta-llama/Llama-4-Scout-17B-16E-Instruct] Temp=0.0 Rep=1 → Concordo fortemente
[2026-05-12 12:41:39,858][__main__][INFO] - ✓ [Qwen/Qwen3-14B] Temp=0.0 Rep=1 → Concordo fortemente
[2026-05-12 12:41:39,866][__main__][INFO] - ✓ [meta-llama/Llama-4-Scout-17B-16E-Instruct] Temp=0.0 Rep=1 → Discordo
[2026-05-12 12:41:41,098][__main__][INFO] - ✓ [Qwen/Qwen3-235B-A22B-Instruct-2507] Temp=0.0 Rep=1 → Concordo fortemente
[2026-05-12 12:41:41,209][__main__][INFO] - ✓ [Qwen/Qwen3-14B] Temp=0.0 Rep=1 → Discordo
[2026-05-12 12:41:41,266][__main__][INFO] - ✓ [Qwen/Qwen3-14B] Temp=0.0 Rep=1 → Discordo
[2026-05-12 12:41:41,271][__main__][INFO] - ✓ [Qwen/Qwen3-14B] Temp=0.0 Rep=1 → Concordo fortemente
[2026-05-12 12:41:41,815][__main__][INFO] - ✓ [Qwen/Qwen3-235B-A22B-Instruct-2507] Temp=0.0 Rep=1 → Concordo fortemente
[2026-05-12 12:41:41,959][__main__][INFO] - ✓ [Qwen/Qwen3-235B-A22B-Instruct-2507] Temp=0.0 Rep=1 → Concordo fortemente
[2026-05-12 12:41:41,959][__main__][INFO] - ✓ [meta-llama/Meta-Llama-3.1-70B-Instruct] Temp=0.0 Rep=1 → Concordo
[2026-05-12 12:41:42,078][__main__][INFO] - ✓ [meta-llama/Meta-Llama-3.1-70B-Instruct] Temp=0.0 Rep=1 → Concordo fortemente
[2026-05-12 12:41:42,481][__main__][INFO] - ✓ [meta-llama/Llama-4-Scout-17B-16E-Instruct] Temp=0.0 Rep=1 → Concordo fortemente
[2026-05-12 12:41:42,487][__main__][INFO] - ✓ [meta-llama/Llama-4-Scout-17B-16E-Instruct] Temp=0.0 Rep=1 → Concordo fortemente
[2026-05-12 12:41:42,527][__main__][INFO] - ✓ [meta-llama/Llama-4-Scout-17B-16E-Instruct] Temp=0.0 Rep=1 → Concordo fortemente
[2026-05-12 12:41:42,785][__main__][INFO] - ✓ [meta-llama/Meta-Llama-3.1-70B-Instruct] Temp=0.0 Rep=1 → Concordo fortemente
[2026-05-12 12:41:43,191][__main__][INFO] - ✓ [Qwen/Qwen3-14B] Temp=0.0 Rep=1 → Discordo
[2026-05-12 12:41:43,336][__main__][INFO] - ✓ [Qwen/Qwen3-235B-A22B-Instruct-2507] Temp=0.0 Rep=1 → Discordo
[2026-05-12 12:41:43,544][__main__][INFO] - ✓ [Qwen/Qwen3-235B-A22B-Instruct-2507] Temp=0.0 Rep=1 → Discordo
[2026-05-12 12:41:43,723][__main__][INFO] - ✓ [Qwen/Qwen3-235B-A22B-Instruct-2507] Temp=0.0 Rep=1 → Neutro
[2026-05-12 12:41:43,764][__main__][INFO] - ✓ [Qwen/Qwen3-14B] Temp=0.0 Rep=1 → Concordo fortemente
[2026-05-12 12:41:44,184][__main__][INFO] - Salvamento incremental (5880 novas respostas)...
[2026-05-12 12:41:44,284][__main__][INFO] - Cache salvo com 246282 entradas
[2026-05-12 12:41:44,284][__main__][INFO] - ✓ [meta-llama/Meta-Llama-3.1-70B-Instruct] Temp=0.0 Rep=1 → Discordo fortemente
[2026-05-12 12:41:44,362][__main__][INFO] - ✓ [meta-llama/Meta-Llama-3.1-70B-Instruct] Temp=0.0 Rep=1 → Discordo
[2026-05-12 12:41:44,432][__main__][INFO] - ✓ [meta-llama/Meta-Llama-3.1-70B-Instruct] Temp=0.0 Rep=1 → Concordo fortemente
[2026-05-12 12:41:44,666][__main__][INFO] - ✓ [meta-llama/Llama-4-Scout-17B-16E-Instruct] Temp=0.0 Rep=1 → Discordo fortemente
[2026-05-12 12:41:44,834][__main__][INFO] - ✓ [meta-llama/Llama-4-Scout-17B-16E-Instruct] Temp=0.0 Rep=1 → Concordo fortemente
[2026-05-12 12:41:44,906][__main__][INFO] - ✓ [meta-llama/Llama-4-Scout-17B-16E-Instruct] Temp=0.0 Rep=1 → Discordo
[2026-05-12 12:41:49,563][__main__][INFO] - ✓ [Qwen/Qwen3-14B] Temp=0.0 Rep=1 → Concordo fortemente
[2026-05-12 12:41:50,175][__main__][INFO] - ✓ [Qwen/Qwen3-235B-A22B-Instruct-2507] Temp=0.0 Rep=1 → Concordo fortemente
[2026-05-12 12:41:50,607][__main__][INFO] - ✓ [Qwen/Qwen3-14B] Temp=0.0 Rep=1 → Concordo fortemente
[2026-05-12 12:41:50,886][__main__][INFO] - ✓ [Qwen/Qwen3-235B-A22B-Instruct-2507] Temp=0.0 Rep=1 → Concordo
[2026-05-12 12:41:51,222][__main__][INFO] - ✓ [Qwen/Qwen3-235B-A22B-Instruct-2507] Temp=0.0 Rep=1 → Concordo fortemente
[2026-05-12 12:41:51,545][__main__][INFO] - ✓ [meta-llama/Meta-Llama-3.1-70B-Instruct] Temp=0.0 Rep=1 → Concordo fortemente
[2026-05-12 12:41:51,920][__main__][INFO] - ✓ [meta-llama/Meta-Llama-3.1-70B-Instruct] Temp=0.0 Rep=1 → Concordo fortemente
[2026-05-12 12:41:51,923][__main__][INFO] - ✓ [Qwen/Qwen3-14B] Temp=0.0 Rep=1 → Concordo fortemente
[2026-05-12 12:41:51,938][__main__][INFO] - ✓ [Qwen/Qwen3-14B] Temp=0.0 Rep=1 → Concordo fortemente
[2026-05-12 12:41:52,203][__main__][INFO] - ✓ [meta-llama/Meta-Llama-3.1-70B-Instruct] Temp=0.0 Rep=1 → Concordo fortemente
[2026-05-12 12:41:52,237][__main__][INFO] - ✓ [meta-llama/Llama-4-Scout-17B-16E-Instruct] Temp=0.0 Rep=1 → Concordo fortemente
[2026-05-12 12:41:52,240][__main__][INFO] - ✓ [meta-llama/Llama-4-Scout-17B-16E-Instruct] Temp=0.0 Rep=1 → Concordo fortemente
[2026-05-12 12:41:52,443][__main__][INFO] - ✓ [meta-llama/Llama-4-Scout-17B-16E-Instruct] Temp=0.0 Rep=1 → Concordo fortemente
[2026-05-12 12:41:53,040][__main__][INFO] - ✓ [Qwen/Qwen3-235B-A22B-Instruct-2507] Temp=0.0 Rep=1 → Concordo fortemente
[2026-05-12 12:41:53,188][__main__][INFO] - ✓ [Qwen/Qwen3-14B] Temp=0.0 Rep=1 → Concordo fortemente
[2026-05-12 12:41:53,778][__main__][INFO] - ✓ [Qwen/Qwen3-235B-A22B-Instruct-2507] Temp=0.0 Rep=1 → Concordo fortemente
[2026-05-12 12:41:53,826][__main__][INFO] - ✓ [Qwen/Qwen3-235B-A22B-Instruct-2507] Temp=0.0 Rep=1 → Concordo fortemente
[2026-05-12 12:41:54,541][__main__][INFO] - ✓ [meta-llama/Meta-Llama-3.1-70B-Instruct] Temp=0.0 Rep=1 → Concordo
[2026-05-12 12:41:54,563][__main__][INFO] - ✓ [meta-llama/Meta-Llama-3.1-70B-Instruct] Temp=0.0 Rep=1 → Concordo fortemente
[2026-05-12 12:41:54,944][__main__][INFO] - ✓ [meta-llama/Llama-4-Scout-17B-16E-Instruct] Temp=0.0 Rep=1 → Concordo fortemente
[2026-05-12 12:41:55,300][__main__][INFO] - ✓ [meta-llama/Llama-4-Scout-17B-16E-Instruct] Temp=0.0 Rep=1 → Concordo
[2026-05-12 12:41:55,591][__main__][INFO] - ✓ [meta-llama/Meta-Llama-3.1-70B-Instruct] Temp=0.0 Rep=1 → Concordo fortemente
[2026-05-12 12:41:55,649][__main__][INFO] - ✓ [Qwen/Qwen3-14B] Temp=0.0 Rep=1 → Concordo fortemente
[2026-05-12 12:41:56,123][__main__][INFO] - ✓ [meta-llama/Llama-4-Scout-17B-16E-Instruct] Temp=0.0 Rep=1 → Concordo fortemente
[2026-05-12 12:41:56,523][__main__][INFO] - ✓ [Qwen/Qwen3-14B] Temp=0.0 Rep=1 → Concordo fortemente
[2026-05-12 12:41:56,639][__main__][INFO] - ✓ [Qwen/Qwen3-14B] Temp=0.0 Rep=1 → Neutro
[2026-05-12 12:41:57,163][__main__][INFO] - ✓ [Qwen/Qwen3-235B-A22B-Instruct-2507] Temp=0.0 Rep=1 → Discordo
[2026-05-12 12:41:57,170][__main__][INFO] - ✓ [Qwen/Qwen3-235B-A22B-Instruct-2507] Temp=0.0 Rep=1 → Discordo
[2026-05-12 12:41:57,392][__main__][INFO] - ✓ [Qwen/Qwen3-14B] Temp=0.0 Rep=1 → Concordo fortemente
[2026-05-12 12:41:57,857][__main__][INFO] - ✓ [meta-llama/Meta-Llama-3.1-70B-Instruct] Temp=0.0 Rep=1 → Discordo
[2026-05-12 12:41:57,874][__main__][INFO] - ✓ [Qwen/Qwen3-235B-A22B-Instruct-2507] Temp=0.0 Rep=1 → Discordo
[2026-05-12 12:41:58,254][__main__][INFO] - ✓ [meta-llama/Llama-4-Scout-17B-16E-Instruct] Temp=0.0 Rep=1 → Discordo fortemente
[2026-05-12 12:41:58,446][__main__][INFO] - ✓ [meta-llama/Meta-Llama-3.1-70B-Instruct] Temp=0.0 Rep=1 → Concordo fortemente
[2026-05-12 12:41:58,462][__main__][INFO] - ✓ [meta-llama/Meta-Llama-3.1-70B-Instruct] Temp=0.0 Rep=1 → Discordo
[2026-05-12 12:41:58,735][__main__][INFO] - Salvamento incremental (5920 novas respostas)...
[2026-05-12 12:41:58,813][__main__][INFO] - Cache salvo com 246322 entradas
[2026-05-12 12:41:58,813][__main__][INFO] - ✓ [meta-llama/Llama-4-Scout-17B-16E-Instruct] Temp=0.0 Rep=1 → Concordo
[2026-05-12 12:41:58,829][__main__][INFO] - ✓ [meta-llama/Llama-4-Scout-17B-16E-Instruct] Temp=0.0 Rep=1 → Discordo
[2026-05-12 12:41:58,941][__main__][INFO] - ✓ [Qwen/Qwen3-14B] Temp=0.0 Rep=1 → Concordo fortemente
[2026-05-12 12:41:58,995][__main__][INFO] - ✓ [Qwen/Qwen3-14B] Temp=0.0 Rep=1 → Concordo fortemente
[2026-05-12 12:41:59,431][__main__][INFO] - ✓ [Qwen/Qwen3-235B-A22B-Instruct-2507] Temp=0.0 Rep=1 → Concordo fortemente
[2026-05-12 12:41:59,437][__main__][INFO] - ✓ [Qwen/Qwen3-235B-A22B-Instruct-2507] Temp=0.0 Rep=1 → Concordo
[2026-05-12 12:41:59,879][__main__][INFO] - ✓ [Qwen/Qwen3-235B-A22B-Instruct-2507] Temp=0.0 Rep=1 → Neutro
[2026-05-12 12:42:00,185][__main__][INFO] - ✓ [meta-llama/Meta-Llama-3.1-70B-Instruct] Temp=0.0 Rep=1 → Concordo fortemente
[2026-05-12 12:42:00,621][__main__][INFO] - ✓ [meta-llama/Meta-Llama-3.1-70B-Instruct] Temp=0.0 Rep=1 → Concordo
[2026-05-12 12:42:00,833][__main__][INFO] - ✓ [meta-llama/Meta-Llama-3.1-70B-Instruct] Temp=0.0 Rep=1 → Concordo fortemente
[2026-05-12 12:42:00,907][__main__][INFO] - ✓ [Qwen/Qwen3-14B] Temp=0.0 Rep=1 → Discordo
[2026-05-12 12:42:01,008][__main__][INFO] - ✓ [meta-llama/Llama-4-Scout-17B-16E-Instruct] Temp=0.0 Rep=1 → Concordo fortemente
[2026-05-12 12:42:01,117][__main__][INFO] - ✓ [meta-llama/Llama-4-Scout-17B-16E-Instruct] Temp=0.0 Rep=1 → Discordo
[2026-05-12 12:42:01,185][__main__][INFO] - ✓ [meta-llama/Llama-4-Scout-17B-16E-Instruct] Temp=0.0 Rep=1 → Concordo fortemente
[2026-05-12 12:42:01,553][__main__][INFO] - ✓ [Qwen/Qwen3-14B] Temp=0.0 Rep=1 → Concordo fortemente
[2026-05-12 12:42:01,588][__main__][INFO] - ✓ [Qwen/Qwen3-14B] Temp=0.0 Rep=1 → Concordo fortemente
[2026-05-12 12:42:02,094][__main__][INFO] - ✓ [Qwen/Qwen3-235B-A22B-Instruct-2507] Temp=0.0 Rep=1 → Discordo
[2026-05-12 12:42:02,307][__main__][INFO] - ✓ [Qwen/Qwen3-235B-A22B-Instruct-2507] Temp=0.0 Rep=1 → Concordo fortemente
[2026-05-12 12:42:03,079][__main__][INFO] - ✓ [meta-llama/Meta-Llama-3.1-70B-Instruct] Temp=0.0 Rep=1 → Discordo fortemente
[2026-05-12 12:42:03,082][__main__][INFO] - ✓ [Qwen/Qwen3-235B-A22B-Instruct-2507] Temp=0.0 Rep=1 → Neutro
[2026-05-12 12:42:04,080][__main__][INFO] - ✓ [meta-llama/Meta-Llama-3.1-70B-Instruct] Temp=0.0 Rep=1 → Concordo
[2026-05-12 12:42:04,253][__main__][INFO] - ✓ [Qwen/Qwen3-14B] Temp=0.0 Rep=1 → Discordo
[2026-05-12 12:42:04,519][__main__][INFO] - ✓ [meta-llama/Llama-4-Scout-17B-16E-Instruct] Temp=0.0 Rep=1 → Discordo fortemente
[2026-05-12 12:42:04,723][__main__][INFO] - ✓ [meta-llama/Meta-Llama-3.1-70B-Instruct] Temp=0.0 Rep=1 → Concordo fortemente
[2026-05-12 12:42:04,827][__main__][INFO] - ✓ [meta-llama/Llama-4-Scout-17B-16E-Instruct] Temp=0.0 Rep=1 → Concordo fortemente
[2026-05-12 12:42:04,883][__main__][INFO] - ✓ [meta-llama/Llama-4-Scout-17B-16E-Instruct] Temp=0.0 Rep=1 → Concordo fortemente
[2026-05-12 12:42:06,483][__main__][INFO] - ✓ [Qwen/Qwen3-14B] Temp=0.0 Rep=1 → Concordo fortemente
[2026-05-12 12:42:06,971][__main__][INFO] - ✓ [Qwen/Qwen3-14B] Temp=0.0 Rep=1 → Concordo fortemente
[2026-05-12 12:42:06,974][__main__][INFO] - ✓ [Qwen/Qwen3-235B-A22B-Instruct-2507] Temp=0.0 Rep=1 → Discordo
[2026-05-12 12:42:07,651][__main__][INFO] - ✓ [Qwen/Qwen3-235B-A22B-Instruct-2507] Temp=0.0 Rep=1 → Neutro
[2026-05-12 12:42:07,655][__main__][INFO] - ✓ [Qwen/Qwen3-14B] Temp=0.0 Rep=1 → Concordo fortemente
[2026-05-12 12:42:07,688][__main__][INFO] - ✓ [Qwen/Qwen3-235B-A22B-Instruct-2507] Temp=0.0 Rep=1 → Concordo fortemente
[2026-05-12 12:42:07,887][__main__][INFO] - ✓ [Qwen/Qwen3-14B] Temp=0.0 Rep=1 → Concordo fortemente
[2026-05-12 12:42:08,038][__main__][INFO] - ✓ [Qwen/Qwen3-14B] Temp=0.0 Rep=1 → Concordo fortemente
[2026-05-12 12:42:08,172][__main__][INFO] - ✓ [meta-llama/Meta-Llama-3.1-70B-Instruct] Temp=0.0 Rep=1 → Discordo
[2026-05-12 12:42:08,312][__main__][INFO] - ✓ [meta-llama/Llama-4-Scout-17B-16E-Instruct] Temp=0.0 Rep=1 → Concordo fortemente
[2026-05-12 12:42:08,381][__main__][INFO] - ✓ [meta-llama/Meta-Llama-3.1-70B-Instruct] Temp=0.0 Rep=1 → Concordo fortemente
[2026-05-12 12:42:08,432][__main__][INFO] - ✓ [meta-llama/Llama-4-Scout-17B-16E-Instruct] Temp=0.0 Rep=1 → Discordo fortemente
[2026-05-12 12:42:08,699][__main__][INFO] - ✓ [meta-llama/Llama-4-Scout-17B-16E-Instruct] Temp=0.0 Rep=1 → Concordo fortemente
[2026-05-12 12:42:08,785][__main__][INFO] - ✓ [meta-llama/Meta-Llama-3.1-70B-Instruct] Temp=0.0 Rep=1 → Concordo fortemente
[2026-05-12 12:42:09,336][__main__][INFO] - Salvamento incremental (5960 novas respostas)...
[2026-05-12 12:42:09,392][__main__][INFO] - Cache salvo com 246362 entradas
[2026-05-12 12:42:09,392][__main__][INFO] - ✓ [Qwen/Qwen3-14B] Temp=0.0 Rep=1 → Discordo
[2026-05-12 12:42:09,393][__main__][INFO] - ✓ [Qwen/Qwen3-235B-A22B-Instruct-2507] Temp=0.0 Rep=1 → Discordo
[2026-05-12 12:42:09,428][__main__][INFO] - ✓ [Qwen/Qwen3-235B-A22B-Instruct-2507] Temp=0.0 Rep=1 → Concordo fortemente
[2026-05-12 12:42:09,501][__main__][INFO] - ✓ [Qwen/Qwen3-14B] Temp=0.0 Rep=1 → Concordo fortemente
[2026-05-12 12:42:09,876][__main__][INFO] - ✓ [Qwen/Qwen3-235B-A22B-Instruct-2507] Temp=0.0 Rep=1 → Concordo
[2026-05-12 12:42:10,085][__main__][INFO] - ✓ [meta-llama/Meta-Llama-3.1-70B-Instruct] Temp=0.0 Rep=1 → Concordo
[2026-05-12 12:42:10,144][__main__][INFO] - ✓ [meta-llama/Meta-Llama-3.1-70B-Instruct] Temp=0.0 Rep=1 → Concordo fortemente
[2026-05-12 12:42:10,271][__main__][INFO] - ✓ [meta-llama/Meta-Llama-3.1-70B-Instruct] Temp=0.0 Rep=1 → Concordo fortemente
[2026-05-12 12:42:10,274][__main__][INFO] - ✓ [meta-llama/Llama-4-Scout-17B-16E-Instruct] Temp=0.0 Rep=1 → Concordo fortemente
[2026-05-12 12:42:10,582][__main__][INFO] - ✓ [meta-llama/Llama-4-Scout-17B-16E-Instruct] Temp=0.0 Rep=1 → Discordo
[2026-05-12 12:42:10,609][__main__][INFO] - ✓ [meta-llama/Llama-4-Scout-17B-16E-Instruct] Temp=0.0 Rep=1 → Concordo fortemente
[2026-05-12 12:42:11,377][__main__][INFO] - ✓ [Qwen/Qwen3-235B-A22B-Instruct-2507] Temp=0.0 Rep=1 → Concordo fortemente
[2026-05-12 12:42:12,399][__main__][INFO] - ✓ [Qwen/Qwen3-14B] Temp=0.0 Rep=1 → Concordo fortemente
[2026-05-12 12:42:12,606][__main__][INFO] - ✓ [Qwen/Qwen3-235B-A22B-Instruct-2507] Temp=0.0 Rep=1 → Concordo
[2026-05-12 12:42:12,931][__main__][INFO] - ✓ [Qwen/Qwen3-235B-A22B-Instruct-2507] Temp=0.0 Rep=1 → Concordo
[2026-05-12 12:42:13,524][__main__][INFO] - ✓ [meta-llama/Meta-Llama-3.1-70B-Instruct] Temp=0.0 Rep=1 → Concordo fortemente
[2026-05-12 12:42:13,627][__main__][INFO] - ✓ [meta-llama/Meta-Llama-3.1-70B-Instruct] Temp=0.0 Rep=1 → Concordo
[2026-05-12 12:42:13,999][__main__][INFO] - ✓ [meta-llama/Llama-4-Scout-17B-16E-Instruct] Temp=0.0 Rep=1 → Concordo fortemente
[2026-05-12 12:42:14,256][__main__][INFO] - ✓ [meta-llama/Meta-Llama-3.1-70B-Instruct] Temp=0.0 Rep=1 → Concordo fortemente
[2026-05-12 12:42:14,465][__main__][INFO] - ✓ [meta-llama/Llama-4-Scout-17B-16E-Instruct] Temp=0.0 Rep=1 → Discordo
[2026-05-12 12:42:14,810][__main__][INFO] - ✓ [meta-llama/Llama-4-Scout-17B-16E-Instruct] Temp=0.0 Rep=1 → Concordo fortemente
[2026-05-12 12:42:15,006][__main__][INFO] - ✓ [Qwen/Qwen3-14B] Temp=0.0 Rep=1 → Concordo fortemente
[2026-05-12 12:42:18,747][__main__][INFO] - ✓ [Qwen/Qwen3-14B] Temp=0.0 Rep=1 → Concordo fortemente
[2026-05-12 12:42:19,564][__main__][INFO] - ✓ [Qwen/Qwen3-235B-A22B-Instruct-2507] Temp=0.0 Rep=1 → Concordo fortemente
[2026-05-12 12:42:20,297][__main__][INFO] - ✓ [Qwen/Qwen3-14B] Temp=0.0 Rep=1 → Concordo fortemente
[2026-05-12 12:42:20,799][__main__][INFO] - ✓ [Qwen/Qwen3-14B] Temp=0.0 Rep=1 → Discordo
[2026-05-12 12:42:20,802][__main__][INFO] - ✓ [Qwen/Qwen3-235B-A22B-Instruct-2507] Temp=0.0 Rep=1 → Concordo fortemente
[2026-05-12 12:42:20,808][__main__][INFO] - ✓ [Qwen/Qwen3-14B] Temp=0.0 Rep=1 → Concordo fortemente
[2026-05-12 12:42:21,001][__main__][INFO] - ✓ [Qwen/Qwen3-235B-A22B-Instruct-2507] Temp=0.0 Rep=1 → Concordo fortemente
[2026-05-12 12:42:21,352][__main__][INFO] - ✓ [Qwen/Qwen3-14B] Temp=0.0 Rep=1 → Concordo fortemente
[2026-05-12 12:42:21,615][__main__][INFO] - ✓ [meta-llama/Llama-4-Scout-17B-16E-Instruct] Temp=0.0 Rep=1 → Concordo fortemente
[2026-05-12 12:42:21,663][__main__][INFO] - ✓ [meta-llama/Meta-Llama-3.1-70B-Instruct] Temp=0.0 Rep=1 → Concordo fortemente
[2026-05-12 12:42:21,682][__main__][INFO] - ✓ [meta-llama/Meta-Llama-3.1-70B-Instruct] Temp=0.0 Rep=1 → Concordo fortemente
[2026-05-12 12:42:21,695][__main__][INFO] - ✓ [meta-llama/Meta-Llama-3.1-70B-Instruct] Temp=0.0 Rep=1 → Concordo fortemente
[2026-05-12 12:42:21,805][__main__][INFO] - ✓ [meta-llama/Llama-4-Scout-17B-16E-Instruct] Temp=0.0 Rep=1 → Concordo fortemente
[2026-05-12 12:42:22,330][__main__][INFO] - ✓ [meta-llama/Llama-4-Scout-17B-16E-Instruct] Temp=0.0 Rep=1 → Concordo fortemente
[2026-05-12 12:42:22,330][__main__][INFO] - ✓ [Qwen/Qwen3-235B-A22B-Instruct-2507] Temp=0.0 Rep=1 → Discordo
[2026-05-12 12:42:22,851][__main__][INFO] - ✓ [Qwen/Qwen3-235B-A22B-Instruct-2507] Temp=0.0 Rep=1 → Neutro
[2026-05-12 12:42:23,040][__main__][INFO] - ✓ [Qwen/Qwen3-235B-A22B-Instruct-2507] Temp=0.0 Rep=1 → Concordo fortemente
[2026-05-12 12:42:23,378][__main__][INFO] - ✓ [Qwen/Qwen3-14B] Temp=0.0 Rep=1 → Discordo
[2026-05-12 12:42:23,482][__main__][INFO] - Salvamento incremental (6000 novas respostas)...
[2026-05-12 12:42:23,536][__main__][INFO] - Cache salvo com 246402 entradas
[2026-05-12 12:42:23,536][__main__][INFO] - ✓ [meta-llama/Meta-Llama-3.1-70B-Instruct] Temp=0.0 Rep=1 → Discordo
[2026-05-12 12:42:23,722][__main__][INFO] - ✓ [meta-llama/Meta-Llama-3.1-70B-Instruct] Temp=0.0 Rep=1 → Concordo fortemente
[2026-05-12 12:42:23,901][__main__][INFO] - ✓ [meta-llama/Llama-4-Scout-17B-16E-Instruct] Temp=0.0 Rep=1 → Discordo
[2026-05-12 12:42:24,000][__main__][INFO] - ✓ [meta-llama/Meta-Llama-3.1-70B-Instruct] Temp=0.0 Rep=1 → Concordo
[2026-05-12 12:42:24,148][__main__][INFO] - ✓ [meta-llama/Llama-4-Scout-17B-16E-Instruct] Temp=0.0 Rep=1 → Concordo fortemente
[2026-05-12 12:42:24,425][__main__][INFO] - ✓ [meta-llama/Llama-4-Scout-17B-16E-Instruct] Temp=0.0 Rep=1 → Concordo
[2026-05-12 12:42:25,611][__main__][INFO] - ✓ [Qwen/Qwen3-14B] Temp=0.0 Rep=1 → Concordo fortemente
[2026-05-12 12:42:25,614][__main__][INFO] - ✓ [Qwen/Qwen3-14B] Temp=0.0 Rep=1 → Concordo fortemente
[2026-05-12 12:42:26,162][__main__][INFO] - ✓ [Qwen/Qwen3-235B-A22B-Instruct-2507] Temp=0.0 Rep=1 → Discordo fortemente
[2026-05-12 12:42:26,169][__main__][INFO] - ✓ [Qwen/Qwen3-235B-A22B-Instruct-2507] Temp=0.0 Rep=1 → Discordo fortemente
[2026-05-12 12:42:26,836][__main__][INFO] - ✓ [Qwen/Qwen3-235B-A22B-Instruct-2507] Temp=0.0 Rep=1 → Discordo fortemente
[2026-05-12 12:42:26,839][__main__][INFO] - ✓ [meta-llama/Meta-Llama-3.1-70B-Instruct] Temp=0.0 Rep=1 → Discordo fortemente
[2026-05-12 12:42:26,910][__main__][INFO] - ✓ [Qwen/Qwen3-14B] Temp=0.0 Rep=1 → Concordo fortemente
[2026-05-12 12:42:27,758][__main__][INFO] - ✓ [meta-llama/Llama-4-Scout-17B-16E-Instruct] Temp=0.0 Rep=1 → Discordo fortemente
[2026-05-12 12:42:28,111][__main__][INFO] - ✓ [meta-llama/Llama-4-Scout-17B-16E-Instruct] Temp=0.0 Rep=1 → Concordo
[2026-05-12 12:42:28,137][__main__][INFO] - ✓ [meta-llama/Meta-Llama-3.1-70B-Instruct] Temp=0.0 Rep=1 → Discordo fortemente
[2026-05-12 12:42:28,211][__main__][INFO] - ✓ [meta-llama/Meta-Llama-3.1-70B-Instruct] Temp=0.0 Rep=1 → Discordo fortemente
[2026-05-12 12:42:28,634][__main__][INFO] - ✓ [meta-llama/Llama-4-Scout-17B-16E-Instruct] Temp=0.0 Rep=1 → Discordo
[2026-05-12 12:42:29,294][__main__][INFO] - ✓ [Qwen/Qwen3-14B] Temp=0.0 Rep=1 → Discordo
[2026-05-12 12:42:29,717][__main__][INFO] - ✓ [Qwen/Qwen3-14B] Temp=0.0 Rep=1 → Concordo fortemente
[2026-05-12 12:42:30,898][__main__][INFO] - ✓ [Qwen/Qwen3-14B] Temp=0.0 Rep=1 → Discordo
[2026-05-12 12:42:36,156][__main__][INFO] - ✓ [Qwen/Qwen3-14B] Temp=0.0 Rep=1 → Concordo fortemente
[2026-05-12 12:42:36,224][__main__][INFO] - ✓ [Qwen/Qwen3-235B-A22B-Instruct-2507] Temp=0.0 Rep=1 → Discordo
[2026-05-12 12:42:36,536][__main__][INFO] - ✓ [Qwen/Qwen3-235B-A22B-Instruct-2507] Temp=0.0 Rep=1 → Discordo
[2026-05-12 12:42:36,739][__main__][INFO] - ✓ [Qwen/Qwen3-14B] Temp=0.0 Rep=1 → Discordo
[2026-05-12 12:42:36,803][__main__][INFO] - ✓ [Qwen/Qwen3-235B-A22B-Instruct-2507] Temp=0.0 Rep=1 → Discordo fortemente
[2026-05-12 12:42:37,179][__main__][INFO] - ✓ [meta-llama/Llama-4-Scout-17B-16E-Instruct] Temp=0.0 Rep=1 → Concordo fortemente
[2026-05-12 12:42:37,213][__main__][INFO] - ✓ [meta-llama/Meta-Llama-3.1-70B-Instruct] Temp=0.0 Rep=1 → Discordo
[2026-05-12 12:42:37,222][__main__][INFO] - ✓ [meta-llama/Llama-4-Scout-17B-16E-Instruct] Temp=0.0 Rep=1 → Discordo fortemente
[2026-05-12 12:42:37,228][__main__][INFO] - ✓ [meta-llama/Meta-Llama-3.1-70B-Instruct] Temp=0.0 Rep=1 → Discordo fortemente
[2026-05-12 12:42:37,287][__main__][INFO] - ✓ [meta-llama/Meta-Llama-3.1-70B-Instruct] Temp=0.0 Rep=1 → Concordo fortemente
[2026-05-12 12:42:37,538][__main__][INFO] - ✓ [meta-llama/Llama-4-Scout-17B-16E-Instruct] Temp=0.0 Rep=1 → Discordo
[2026-05-12 12:42:38,306][__main__][INFO] - ✓ [Qwen/Qwen3-235B-A22B-Instruct-2507] Temp=0.0 Rep=1 → Discordo fortemente
[2026-05-12 12:42:38,309][__main__][INFO] - ✓ [Qwen/Qwen3-235B-A22B-Instruct-2507] Temp=0.0 Rep=1 → Discordo
[2026-05-12 12:42:39,125][__main__][INFO] - ✓ [Qwen/Qwen3-235B-A22B-Instruct-2507] Temp=0.0 Rep=1 → Discordo
[2026-05-12 12:42:39,129][__main__][INFO] - ✓ [meta-llama/Meta-Llama-3.1-70B-Instruct] Temp=0.0 Rep=1 → Discordo fortemente
[2026-05-12 12:42:39,636][__main__][INFO] - ✓ [Qwen/Qwen3-14B] Temp=0.0 Rep=1 → Discordo
[2026-05-12 12:42:39,744][__main__][INFO] - ✓ [meta-llama/Meta-Llama-3.1-70B-Instruct] Temp=0.0 Rep=1 → Concordo
[2026-05-12 12:42:39,748][__main__][INFO] - ✓ [meta-llama/Meta-Llama-3.1-70B-Instruct] Temp=0.0 Rep=1 → Discordo
[2026-05-12 12:42:40,152][__main__][INFO] - ✓ [meta-llama/Llama-4-Scout-17B-16E-Instruct] Temp=0.0 Rep=1 → Discordo fortemente
[2026-05-12 12:42:40,159][__main__][INFO] - Salvamento incremental (6040 novas respostas)...
[2026-05-12 12:42:40,223][__main__][INFO] - Cache salvo com 246442 entradas
[2026-05-12 12:42:40,223][__main__][INFO] - ✓ [meta-llama/Llama-4-Scout-17B-16E-Instruct] Temp=0.0 Rep=1 → Discordo
[2026-05-12 12:42:40,223][__main__][INFO] - ✓ [meta-llama/Llama-4-Scout-17B-16E-Instruct] Temp=0.0 Rep=1 → Concordo fortemente
[2026-05-12 12:42:43,120][__main__][INFO] - ✓ [Qwen/Qwen3-14B] Temp=0.0 Rep=1 → Concordo fortemente
[2026-05-12 12:42:44,245][__main__][INFO] - ✓ [Qwen/Qwen3-235B-A22B-Instruct-2507] Temp=0.0 Rep=1 → Concordo fortemente
[2026-05-12 12:42:44,363][__main__][INFO] - ✓ [Qwen/Qwen3-14B] Temp=0.0 Rep=1 → Concordo fortemente
[2026-05-12 12:42:44,948][__main__][INFO] - ✓ [Qwen/Qwen3-235B-A22B-Instruct-2507] Temp=0.0 Rep=1 → Concordo fortemente
[2026-05-12 12:42:45,986][__main__][INFO] - ✓ [Qwen/Qwen3-235B-A22B-Instruct-2507] Temp=0.0 Rep=1 → Concordo fortemente
[2026-05-12 12:42:45,989][__main__][INFO] - ✓ [meta-llama/Meta-Llama-3.1-70B-Instruct] Temp=0.0 Rep=1 → Concordo fortemente
[2026-05-12 12:42:47,214][__main__][INFO] - ✓ [meta-llama/Meta-Llama-3.1-70B-Instruct] Temp=0.0 Rep=1 → Concordo fortemente
[2026-05-12 12:42:47,217][__main__][INFO] - ✓ [meta-llama/Meta-Llama-3.1-70B-Instruct] Temp=0.0 Rep=1 → Concordo fortemente
[2026-05-12 12:42:47,598][__main__][INFO] - ✓ [meta-llama/Llama-4-Scout-17B-16E-Instruct] Temp=0.0 Rep=1 → Concordo fortemente
[2026-05-12 12:42:47,603][__main__][INFO] - ✓ [meta-llama/Llama-4-Scout-17B-16E-Instruct] Temp=0.0 Rep=1 → Concordo fortemente
[2026-05-12 12:42:48,043][__main__][INFO] - ✓ [meta-llama/Llama-4-Scout-17B-16E-Instruct] Temp=0.0 Rep=1 → Concordo fortemente
[2026-05-12 12:42:49,421][__main__][INFO] - ✓ [Qwen/Qwen3-14B] Temp=0.0 Rep=1 → Discordo
[2026-05-12 12:42:49,715][__main__][INFO] - ✓ [Qwen/Qwen3-14B] Temp=0.0 Rep=1 → Concordo fortemente
[2026-05-12 12:42:49,935][__main__][INFO] - ✓ [Qwen/Qwen3-14B] Temp=0.0 Rep=1 → Concordo fortemente
[2026-05-12 12:42:50,697][__main__][INFO] - ✓ [Qwen/Qwen3-235B-A22B-Instruct-2507] Temp=0.0 Rep=1 → Concordo fortemente
[2026-05-12 12:42:50,701][__main__][INFO] - ✓ [Qwen/Qwen3-14B] Temp=0.0 Rep=1 → Concordo fortemente
[2026-05-12 12:42:50,702][__main__][INFO] - ✓ [Qwen/Qwen3-235B-A22B-Instruct-2507] Temp=0.0 Rep=1 → Concordo fortemente
[2026-05-12 12:42:50,819][__main__][INFO] - ✓ [Qwen/Qwen3-14B] Temp=0.0 Rep=1 → Discordo
[2026-05-12 12:42:51,720][__main__][INFO] - ✓ [Qwen/Qwen3-235B-A22B-Instruct-2507] Temp=0.0 Rep=1 → Concordo fortemente
[2026-05-12 12:42:51,723][__main__][INFO] - ✓ [meta-llama/Meta-Llama-3.1-70B-Instruct] Temp=0.0 Rep=1 → Concordo
[2026-05-12 12:42:51,796][__main__][INFO] - ✓ [meta-llama/Meta-Llama-3.1-70B-Instruct] Temp=0.0 Rep=1 → Concordo fortemente
[2026-05-12 12:42:51,804][__main__][INFO] - ✓ [meta-llama/Meta-Llama-3.1-70B-Instruct] Temp=0.0 Rep=1 → Concordo fortemente
[2026-05-12 12:42:52,114][__main__][INFO] - ✓ [meta-llama/Llama-4-Scout-17B-16E-Instruct] Temp=0.0 Rep=1 → Concordo fortemente
[2026-05-12 12:42:52,213][__main__][INFO] - ✓ [meta-llama/Llama-4-Scout-17B-16E-Instruct] Temp=0.0 Rep=1 → Concordo fortemente
[2026-05-12 12:42:52,240][__main__][INFO] - ✓ [meta-llama/Llama-4-Scout-17B-16E-Instruct] Temp=0.0 Rep=1 → Concordo fortemente
[2026-05-12 12:42:52,743][__main__][INFO] - ✓ [Qwen/Qwen3-235B-A22B-Instruct-2507] Temp=0.0 Rep=1 → Discordo
[2026-05-12 12:42:52,983][__main__][INFO] - ✓ [Qwen/Qwen3-14B] Temp=0.0 Rep=1 → Concordo fortemente
[2026-05-12 12:42:53,563][__main__][INFO] - ✓ [Qwen/Qwen3-235B-A22B-Instruct-2507] Temp=0.0 Rep=1 → Discordo
[2026-05-12 12:42:53,787][__main__][INFO] - ✓ [Qwen/Qwen3-235B-A22B-Instruct-2507] Temp=0.0 Rep=1 → Concordo fortemente
[2026-05-12 12:42:54,086][__main__][INFO] - ✓ [Qwen/Qwen3-14B] Temp=0.0 Rep=1 → Concordo fortemente
[2026-05-12 12:42:54,122][__main__][INFO] - ✓ [meta-llama/Meta-Llama-3.1-70B-Instruct] Temp=0.0 Rep=1 → Discordo fortemente
[2026-05-12 12:42:54,345][__main__][INFO] - ✓ [meta-llama/Meta-Llama-3.1-70B-Instruct] Temp=0.0 Rep=1 → Concordo fortemente
[2026-05-12 12:42:54,415][__main__][INFO] - ✓ [meta-llama/Llama-4-Scout-17B-16E-Instruct] Temp=0.0 Rep=1 → Discordo fortemente
[2026-05-12 12:42:54,529][__main__][INFO] - ✓ [meta-llama/Meta-Llama-3.1-70B-Instruct] Temp=0.0 Rep=1 → Discordo
[2026-05-12 12:42:54,717][__main__][INFO] - ✓ [meta-llama/Llama-4-Scout-17B-16E-Instruct] Temp=0.0 Rep=1 → Discordo
[2026-05-12 12:42:54,834][__main__][INFO] - ✓ [meta-llama/Llama-4-Scout-17B-16E-Instruct] Temp=0.0 Rep=1 → Concordo fortemente
[2026-05-12 12:42:55,238][__main__][INFO] - ✓ [Qwen/Qwen3-14B] Temp=0.0 Rep=1 → Concordo fortemente
[2026-05-12 12:42:55,919][__main__][INFO] - ✓ [Qwen/Qwen3-235B-A22B-Instruct-2507] Temp=0.0 Rep=1 → Concordo fortemente
[2026-05-12 12:42:56,438][__main__][INFO] - Salvamento incremental (6080 novas respostas)...
[2026-05-12 12:42:56,489][__main__][INFO] - Cache salvo com 246482 entradas
[2026-05-12 12:42:56,490][__main__][INFO] - ✓ [Qwen/Qwen3-235B-A22B-Instruct-2507] Temp=0.0 Rep=1 → Discordo
[2026-05-12 12:42:57,016][__main__][INFO] - ✓ [Qwen/Qwen3-14B] Temp=0.0 Rep=1 → Discordo
[2026-05-12 12:42:57,362][__main__][INFO] - ✓ [Qwen/Qwen3-235B-A22B-Instruct-2507] Temp=0.0 Rep=1 → Concordo
[2026-05-12 12:42:58,069][__main__][INFO] - ✓ [meta-llama/Meta-Llama-3.1-70B-Instruct] Temp=0.0 Rep=1 → Discordo
[2026-05-12 12:42:58,072][__main__][INFO] - ✓ [meta-llama/Meta-Llama-3.1-70B-Instruct] Temp=0.0 Rep=1 → Concordo fortemente
[2026-05-12 12:42:58,683][__main__][INFO] - ✓ [meta-llama/Meta-Llama-3.1-70B-Instruct] Temp=0.0 Rep=1 → Concordo
[2026-05-12 12:42:58,689][__main__][INFO] - ✓ [meta-llama/Llama-4-Scout-17B-16E-Instruct] Temp=0.0 Rep=1 → Concordo fortemente
[2026-05-12 12:42:58,889][__main__][INFO] - ✓ [Qwen/Qwen3-14B] Temp=0.0 Rep=1 → Concordo fortemente
[2026-05-12 12:42:59,028][__main__][INFO] - ✓ [meta-llama/Llama-4-Scout-17B-16E-Instruct] Temp=0.0 Rep=1 → Discordo fortemente
[2026-05-12 12:42:59,189][__main__][INFO] - ✓ [meta-llama/Llama-4-Scout-17B-16E-Instruct] Temp=0.0 Rep=1 → Concordo fortemente
[2026-05-12 12:43:00,625][__main__][INFO] - ✓ [Qwen/Qwen3-14B] Temp=0.0 Rep=1 → Concordo fortemente
[2026-05-12 12:43:00,650][__main__][INFO] - ✓ [Qwen/Qwen3-14B] Temp=0.0 Rep=1 → Concordo fortemente
[2026-05-12 12:43:01,451][__main__][INFO] - ✓ [Qwen/Qwen3-14B] Temp=0.0 Rep=1 → Concordo fortemente
[2026-05-12 12:43:01,510][__main__][INFO] - ✓ [Qwen/Qwen3-235B-A22B-Instruct-2507] Temp=0.0 Rep=1 → Discordo
[2026-05-12 12:43:01,733][__main__][INFO] - ✓ [Qwen/Qwen3-235B-A22B-Instruct-2507] Temp=0.0 Rep=1 → Discordo fortemente
[2026-05-12 12:43:01,990][__main__][INFO] - ✓ [Qwen/Qwen3-235B-A22B-Instruct-2507] Temp=0.0 Rep=1 → Neutro
[2026-05-12 12:43:02,704][__main__][INFO] - ✓ [meta-llama/Meta-Llama-3.1-70B-Instruct] Temp=0.0 Rep=1 → Discordo
[2026-05-12 12:43:02,708][__main__][INFO] - ✓ [meta-llama/Meta-Llama-3.1-70B-Instruct] Temp=0.0 Rep=1 → Discordo fortemente
[2026-05-12 12:43:02,709][__main__][INFO] - ✓ [meta-llama/Meta-Llama-3.1-70B-Instruct] Temp=0.0 Rep=1 → Concordo fortemente
[2026-05-12 12:43:03,294][__main__][INFO] - ✓ [meta-llama/Llama-4-Scout-17B-16E-Instruct] Temp=0.0 Rep=1 → Discordo
[2026-05-12 12:43:03,298][__main__][INFO] - ✓ [meta-llama/Llama-4-Scout-17B-16E-Instruct] Temp=0.0 Rep=1 → Concordo
[2026-05-12 12:43:03,299][__main__][INFO] - ✓ [meta-llama/Llama-4-Scout-17B-16E-Instruct] Temp=0.0 Rep=1 → Discordo fortemente
[2026-05-12 12:43:03,905][__main__][INFO] - ✓ [Qwen/Qwen3-14B] Temp=0.0 Rep=1 → Concordo fortemente
[2026-05-12 12:43:04,522][__main__][INFO] - ✓ [Qwen/Qwen3-235B-A22B-Instruct-2507] Temp=0.0 Rep=1 → Concordo
[2026-05-12 12:43:05,134][__main__][INFO] - ✓ [Qwen/Qwen3-235B-A22B-Instruct-2507] Temp=0.0 Rep=1 → Discordo
[2026-05-12 12:43:05,954][__main__][INFO] - ✓ [Qwen/Qwen3-235B-A22B-Instruct-2507] Temp=0.0 Rep=1 → Neutro
[2026-05-12 12:43:06,508][__main__][INFO] - ✓ [Qwen/Qwen3-14B] Temp=0.0 Rep=1 → Concordo fortemente
[2026-05-12 12:43:06,774][__main__][INFO] - ✓ [meta-llama/Meta-Llama-3.1-70B-Instruct] Temp=0.0 Rep=1 → Concordo fortemente
[2026-05-12 12:43:07,039][__main__][INFO] - ✓ [meta-llama/Meta-Llama-3.1-70B-Instruct] Temp=0.0 Rep=1 → Discordo
[2026-05-12 12:43:07,325][__main__][INFO] - ✓ [Qwen/Qwen3-14B] Temp=0.0 Rep=1 → Concordo fortemente
[2026-05-12 12:43:07,420][__main__][INFO] - ✓ [meta-llama/Llama-4-Scout-17B-16E-Instruct] Temp=0.0 Rep=1 → Concordo fortemente
[2026-05-12 12:43:07,618][__main__][INFO] - ✓ [meta-llama/Meta-Llama-3.1-70B-Instruct] Temp=0.0 Rep=1 → Concordo
[2026-05-12 12:43:07,801][__main__][INFO] - ✓ [Qwen/Qwen3-14B] Temp=0.0 Rep=1 → Concordo fortemente
[2026-05-12 12:43:07,827][__main__][INFO] - ✓ [meta-llama/Llama-4-Scout-17B-16E-Instruct] Temp=0.0 Rep=1 → Discordo
[2026-05-12 12:43:07,991][__main__][INFO] - ✓ [meta-llama/Llama-4-Scout-17B-16E-Instruct] Temp=0.0 Rep=1 → Concordo fortemente
[2026-05-12 12:43:09,025][__main__][INFO] - ✓ [Qwen/Qwen3-14B] Temp=0.0 Rep=1 → Concordo fortemente
[2026-05-12 12:43:10,459][__main__][INFO] - ✓ [Qwen/Qwen3-235B-A22B-Instruct-2507] Temp=0.0 Rep=1 → Discordo
[2026-05-12 12:43:10,462][__main__][INFO] - ✓ [Qwen/Qwen3-235B-A22B-Instruct-2507] Temp=0.0 Rep=1 → Concordo fortemente
[2026-05-12 12:43:11,176][__main__][INFO] - ✓ [meta-llama/Meta-Llama-3.1-70B-Instruct] Temp=0.0 Rep=1 → Concordo fortemente
[2026-05-12 12:43:11,180][__main__][INFO] - ✓ [Qwen/Qwen3-235B-A22B-Instruct-2507] Temp=0.0 Rep=1 → Neutro
[2026-05-12 12:43:11,441][__main__][INFO] - Salvamento incremental (6120 novas respostas)...
[2026-05-12 12:43:11,498][__main__][INFO] - Cache salvo com 246522 entradas
[2026-05-12 12:43:11,498][__main__][INFO] - ✓ [Qwen/Qwen3-14B] Temp=0.0 Rep=1 → Concordo fortemente
[2026-05-12 12:43:11,613][__main__][INFO] - ✓ [Qwen/Qwen3-14B] Temp=0.0 Rep=1 → Concordo fortemente
[2026-05-12 12:43:11,680][__main__][INFO] - ✓ [meta-llama/Meta-Llama-3.1-70B-Instruct] Temp=0.0 Rep=1 → Discordo
[2026-05-12 12:43:11,707][__main__][INFO] - ✓ [meta-llama/Meta-Llama-3.1-70B-Instruct] Temp=0.0 Rep=1 → Concordo
[2026-05-12 12:43:11,884][__main__][INFO] - ✓ [meta-llama/Llama-4-Scout-17B-16E-Instruct] Temp=0.0 Rep=1 → Concordo fortemente
[2026-05-12 12:43:11,888][__main__][INFO] - ✓ [Qwen/Qwen3-14B] Temp=0.0 Rep=1 → Concordo fortemente
[2026-05-12 12:43:12,023][__main__][INFO] - ✓ [meta-llama/Llama-4-Scout-17B-16E-Instruct] Temp=0.0 Rep=1 → Discordo
[2026-05-12 12:43:12,161][__main__][INFO] - ✓ [meta-llama/Llama-4-Scout-17B-16E-Instruct] Temp=0.0 Rep=1 → Concordo fortemente
[2026-05-12 12:43:13,017][__main__][INFO] - ✓ [Qwen/Qwen3-235B-A22B-Instruct-2507] Temp=0.0 Rep=1 → Discordo
[2026-05-12 12:43:13,056][__main__][INFO] - ✓ [Qwen/Qwen3-235B-A22B-Instruct-2507] Temp=0.0 Rep=1 → Concordo fortemente
[2026-05-12 12:43:13,736][__main__][INFO] - ✓ [meta-llama/Meta-Llama-3.1-70B-Instruct] Temp=0.0 Rep=1 → Discordo fortemente
[2026-05-12 12:43:13,740][__main__][INFO] - ✓ [Qwen/Qwen3-235B-A22B-Instruct-2507] Temp=0.0 Rep=1 → Discordo
[2026-05-12 12:43:13,778][__main__][INFO] - ✓ [Qwen/Qwen3-14B] Temp=0.0 Rep=1 → Concordo fortemente
[2026-05-12 12:43:14,236][__main__][INFO] - ✓ [meta-llama/Llama-4-Scout-17B-16E-Instruct] Temp=0.0 Rep=1 → Discordo
[2026-05-12 12:43:14,866][__main__][INFO] - ✓ [meta-llama/Llama-4-Scout-17B-16E-Instruct] Temp=0.0 Rep=1 → Concordo fortemente
[2026-05-12 12:43:14,869][__main__][INFO] - ✓ [Qwen/Qwen3-14B] Temp=0.0 Rep=1 → Concordo fortemente
[2026-05-12 12:43:14,912][__main__][INFO] - ✓ [Qwen/Qwen3-14B] Temp=0.0 Rep=1 → Concordo fortemente
[2026-05-12 12:43:14,986][__main__][INFO] - ✓ [meta-llama/Meta-Llama-3.1-70B-Instruct] Temp=0.0 Rep=1 → Discordo
[2026-05-12 12:43:15,358][__main__][INFO] - ✓ [meta-llama/Meta-Llama-3.1-70B-Instruct] Temp=0.0 Rep=1 → Concordo fortemente
[2026-05-12 12:43:15,367][__main__][INFO] - ✓ [meta-llama/Llama-4-Scout-17B-16E-Instruct] Temp=0.0 Rep=1 → Concordo
[2026-05-12 12:43:15,689][__main__][INFO] - ✓ [Qwen/Qwen3-235B-A22B-Instruct-2507] Temp=0.0 Rep=1 → Discordo
[2026-05-12 12:43:15,809][__main__][INFO] - ✓ [Qwen/Qwen3-235B-A22B-Instruct-2507] Temp=0.0 Rep=1 → Concordo fortemente
[2026-05-12 12:43:16,035][__main__][INFO] - ✓ [Qwen/Qwen3-14B] Temp=0.0 Rep=1 → Concordo fortemente
[2026-05-12 12:43:16,183][__main__][INFO] - ✓ [Qwen/Qwen3-235B-A22B-Instruct-2507] Temp=0.0 Rep=1 → Neutro
[2026-05-12 12:43:16,706][__main__][INFO] - ✓ [Qwen/Qwen3-14B] Temp=0.0 Rep=1 → Discordo
[2026-05-12 12:43:16,764][__main__][INFO] - ✓ [meta-llama/Meta-Llama-3.1-70B-Instruct] Temp=0.0 Rep=1 → Discordo fortemente
[2026-05-12 12:43:16,855][__main__][INFO] - ✓ [meta-llama/Meta-Llama-3.1-70B-Instruct] Temp=0.0 Rep=1 → Discordo
[2026-05-12 12:43:16,922][__main__][INFO] - ✓ [meta-llama/Meta-Llama-3.1-70B-Instruct] Temp=0.0 Rep=1 → Concordo fortemente
[2026-05-12 12:43:17,070][__main__][INFO] - ✓ [meta-llama/Llama-4-Scout-17B-16E-Instruct] Temp=0.0 Rep=1 → Discordo fortemente
[2026-05-12 12:43:17,167][__main__][INFO] - ✓ [meta-llama/Llama-4-Scout-17B-16E-Instruct] Temp=0.0 Rep=1 → Concordo fortemente
[2026-05-12 12:43:17,238][__main__][INFO] - ✓ [meta-llama/Llama-4-Scout-17B-16E-Instruct] Temp=0.0 Rep=1 → Discordo
[2026-05-12 12:43:17,460][__main__][INFO] - ✓ [Qwen/Qwen3-14B] Temp=0.0 Rep=1 → Concordo fortemente
[2026-05-12 12:43:17,905][__main__][INFO] - ✓ [Qwen/Qwen3-235B-A22B-Instruct-2507] Temp=0.0 Rep=1 → Concordo fortemente
[2026-05-12 12:43:17,942][__main__][INFO] - ✓ [Qwen/Qwen3-235B-A22B-Instruct-2507] Temp=0.0 Rep=1 → Concordo
[2026-05-12 12:43:18,752][__main__][INFO] - ✓ [Qwen/Qwen3-235B-A22B-Instruct-2507] Temp=0.0 Rep=1 → Concordo fortemente
[2026-05-12 12:43:18,957][__main__][INFO] - ✓ [meta-llama/Meta-Llama-3.1-70B-Instruct] Temp=0.0 Rep=1 → Concordo fortemente
[2026-05-12 12:43:19,367][__main__][INFO] - ✓ [meta-llama/Meta-Llama-3.1-70B-Instruct] Temp=0.0 Rep=1 → Concordo
[2026-05-12 12:43:20,088][__main__][INFO] - ✓ [meta-llama/Llama-4-Scout-17B-16E-Instruct] Temp=0.0 Rep=1 → Concordo fortemente
[2026-05-12 12:43:20,425][__main__][INFO] - ✓ [meta-llama/Llama-4-Scout-17B-16E-Instruct] Temp=0.0 Rep=1 → Concordo
[2026-05-12 12:43:20,526][__main__][INFO] - ✓ [meta-llama/Meta-Llama-3.1-70B-Instruct] Temp=0.0 Rep=1 → Concordo fortemente
[2026-05-12 12:43:20,778][__main__][INFO] - Salvamento incremental (6160 novas respostas)...
[2026-05-12 12:43:20,839][__main__][INFO] - Cache salvo com 246562 entradas
[2026-05-12 12:43:20,840][__main__][INFO] - ✓ [meta-llama/Llama-4-Scout-17B-16E-Instruct] Temp=0.0 Rep=1 → Concordo fortemente
[2026-05-12 12:43:23,776][__main__][INFO] - ✓ [Qwen/Qwen3-14B] Temp=0.0 Rep=1 → Concordo fortemente
[2026-05-12 12:43:23,780][__main__][INFO] - ✓ [Qwen/Qwen3-14B] Temp=0.0 Rep=1 → Concordo fortemente
[2026-05-12 12:43:24,487][__main__][INFO] - ✓ [Qwen/Qwen3-235B-A22B-Instruct-2507] Temp=0.0 Rep=1 → Discordo
[2026-05-12 12:43:25,150][__main__][INFO] - ✓ [Qwen/Qwen3-235B-A22B-Instruct-2507] Temp=0.0 Rep=1 → Concordo fortemente
[2026-05-12 12:43:25,923][__main__][INFO] - ✓ [Qwen/Qwen3-235B-A22B-Instruct-2507] Temp=0.0 Rep=1 → Discordo
[2026-05-12 12:43:26,405][__main__][INFO] - ✓ [meta-llama/Meta-Llama-3.1-70B-Instruct] Temp=0.0 Rep=1 → Discordo
[2026-05-12 12:43:26,428][__main__][INFO] - ✓ [Qwen/Qwen3-14B] Temp=0.0 Rep=1 → Concordo fortemente
[2026-05-12 12:43:27,153][__main__][INFO] - ✓ [Qwen/Qwen3-14B] Temp=0.0 Rep=1 → Concordo fortemente
[2026-05-12 12:43:27,156][__main__][INFO] - ✓ [meta-llama/Meta-Llama-3.1-70B-Instruct] Temp=0.0 Rep=1 → Discordo
[2026-05-12 12:43:27,345][__main__][INFO] - ✓ [meta-llama/Meta-Llama-3.1-70B-Instruct] Temp=0.0 Rep=1 → Concordo fortemente
[2026-05-12 12:43:27,617][__main__][INFO] - ✓ [meta-llama/Llama-4-Scout-17B-16E-Instruct] Temp=0.0 Rep=1 → Discordo
[2026-05-12 12:43:27,647][__main__][INFO] - ✓ [meta-llama/Llama-4-Scout-17B-16E-Instruct] Temp=0.0 Rep=1 → Concordo fortemente
[2026-05-12 12:43:27,873][__main__][INFO] - ✓ [meta-llama/Llama-4-Scout-17B-16E-Instruct] Temp=0.0 Rep=1 → Discordo
[2026-05-12 12:43:28,996][__main__][INFO] - ✓ [Qwen/Qwen3-14B] Temp=0.0 Rep=1 → Concordo fortemente
[2026-05-12 12:43:29,217][__main__][INFO] - ✓ [Qwen/Qwen3-14B] Temp=0.0 Rep=1 → Concordo fortemente
[2026-05-12 12:43:30,020][__main__][INFO] - ✓ [Qwen/Qwen3-14B] Temp=0.0 Rep=1 → Discordo
[2026-05-12 12:43:30,103][__main__][INFO] - ✓ [Qwen/Qwen3-235B-A22B-Instruct-2507] Temp=0.0 Rep=1 → Concordo fortemente
[2026-05-12 12:43:30,107][__main__][INFO] - ✓ [Qwen/Qwen3-235B-A22B-Instruct-2507] Temp=0.0 Rep=1 → Concordo
[2026-05-12 12:43:30,347][__main__][INFO] - ✓ [Qwen/Qwen3-14B] Temp=0.0 Rep=1 → Concordo fortemente
[2026-05-12 12:43:30,527][__main__][INFO] - ✓ [Qwen/Qwen3-235B-A22B-Instruct-2507] Temp=0.0 Rep=1 → Concordo fortemente
[2026-05-12 12:43:31,013][__main__][INFO] - ✓ [meta-llama/Meta-Llama-3.1-70B-Instruct] Temp=0.0 Rep=1 → Concordo
[2026-05-12 12:43:31,016][__main__][INFO] - ✓ [meta-llama/Llama-4-Scout-17B-16E-Instruct] Temp=0.0 Rep=1 → Concordo fortemente
[2026-05-12 12:43:31,086][__main__][INFO] - ✓ [meta-llama/Meta-Llama-3.1-70B-Instruct] Temp=0.0 Rep=1 → Concordo fortemente
[2026-05-12 12:43:31,180][__main__][INFO] - ✓ [meta-llama/Meta-Llama-3.1-70B-Instruct] Temp=0.0 Rep=1 → Concordo fortemente
[2026-05-12 12:43:31,443][__main__][INFO] - ✓ [meta-llama/Llama-4-Scout-17B-16E-Instruct] Temp=0.0 Rep=1 → Concordo
[2026-05-12 12:43:31,539][__main__][INFO] - ✓ [meta-llama/Llama-4-Scout-17B-16E-Instruct] Temp=0.0 Rep=1 → Concordo fortemente
[2026-05-12 12:43:31,875][__main__][INFO] - ✓ [Qwen/Qwen3-235B-A22B-Instruct-2507] Temp=0.0 Rep=1 → Discordo
[2026-05-12 12:43:32,373][__main__][INFO] - ✓ [Qwen/Qwen3-235B-A22B-Instruct-2507] Temp=0.0 Rep=1 → Concordo fortemente
[2026-05-12 12:43:32,785][__main__][INFO] - ✓ [Qwen/Qwen3-235B-A22B-Instruct-2507] Temp=0.0 Rep=1 → Neutro
[2026-05-12 12:43:33,397][__main__][INFO] - ✓ [meta-llama/Meta-Llama-3.1-70B-Instruct] Temp=0.0 Rep=1 → Discordo fortemente
[2026-05-12 12:43:34,014][__main__][INFO] - ✓ [meta-llama/Meta-Llama-3.1-70B-Instruct] Temp=0.0 Rep=1 → Concordo fortemente
[2026-05-12 12:43:34,160][__main__][INFO] - ✓ [Qwen/Qwen3-14B] Temp=0.0 Rep=1 → Discordo
[2026-05-12 12:43:34,413][__main__][INFO] - ✓ [Qwen/Qwen3-14B] Temp=0.0 Rep=1 → Concordo fortemente
[2026-05-12 12:43:34,524][__main__][INFO] - ✓ [meta-llama/Meta-Llama-3.1-70B-Instruct] Temp=0.0 Rep=1 → Discordo
[2026-05-12 12:43:34,571][__main__][INFO] - ✓ [meta-llama/Llama-4-Scout-17B-16E-Instruct] Temp=0.0 Rep=1 → Discordo
[2026-05-12 12:43:34,701][__main__][INFO] - ✓ [meta-llama/Llama-4-Scout-17B-16E-Instruct] Temp=0.0 Rep=1 → Concordo fortemente
[2026-05-12 12:43:34,816][__main__][INFO] - ✓ [meta-llama/Llama-4-Scout-17B-16E-Instruct] Temp=0.0 Rep=1 → Concordo fortemente
[2026-05-12 12:43:36,673][__main__][INFO] - ✓ [Qwen/Qwen3-14B] Temp=0.0 Rep=1 → Concordo fortemente
[2026-05-12 12:43:37,496][__main__][INFO] - ✓ [Qwen/Qwen3-235B-A22B-Instruct-2507] Temp=0.0 Rep=1 → Concordo fortemente
[2026-05-12 12:43:37,831][__main__][INFO] - Salvamento incremental (6200 novas respostas)...
[2026-05-12 12:43:37,888][__main__][INFO] - Cache salvo com 246602 entradas
[2026-05-12 12:43:37,888][__main__][INFO] - ✓ [Qwen/Qwen3-235B-A22B-Instruct-2507] Temp=0.0 Rep=1 → Neutro
[2026-05-12 12:43:38,135][__main__][INFO] - ✓ [Qwen/Qwen3-14B] Temp=0.0 Rep=1 → Discordo
[2026-05-12 12:43:38,517][__main__][INFO] - ✓ [Qwen/Qwen3-235B-A22B-Instruct-2507] Temp=0.0 Rep=1 → Concordo
[2026-05-12 12:43:39,129][__main__][INFO] - ✓ [meta-llama/Meta-Llama-3.1-70B-Instruct] Temp=0.0 Rep=1 → Neutro
[2026-05-12 12:43:39,130][__main__][INFO] - ✓ [meta-llama/Meta-Llama-3.1-70B-Instruct] Temp=0.0 Rep=1 → Concordo fortemente
[2026-05-12 12:43:39,486][__main__][INFO] - ✓ [Qwen/Qwen3-14B] Temp=0.0 Rep=1 → Concordo fortemente
[2026-05-12 12:43:39,574][__main__][INFO] - ✓ [meta-llama/Llama-4-Scout-17B-16E-Instruct] Temp=0.0 Rep=1 → Concordo fortemente
[2026-05-12 12:43:39,578][__main__][INFO] - ✓ [Qwen/Qwen3-14B] Temp=0.0 Rep=1 → Concordo fortemente
[2026-05-12 12:43:39,644][__main__][INFO] - ✓ [Qwen/Qwen3-14B] Temp=0.0 Rep=1 → Discordo
[2026-05-12 12:43:39,695][__main__][INFO] - ✓ [meta-llama/Meta-Llama-3.1-70B-Instruct] Temp=0.0 Rep=1 → Concordo
[2026-05-12 12:43:39,931][__main__][INFO] - ✓ [meta-llama/Llama-4-Scout-17B-16E-Instruct] Temp=0.0 Rep=1 → Discordo
[2026-05-12 12:43:40,005][__main__][INFO] - ✓ [meta-llama/Llama-4-Scout-17B-16E-Instruct] Temp=0.0 Rep=1 → Concordo fortemente
[2026-05-12 12:43:40,079][__main__][INFO] - ✓ [Qwen/Qwen3-14B] Temp=0.0 Rep=1 → Concordo fortemente
[2026-05-12 12:43:40,501][__main__][INFO] - ✓ [Qwen/Qwen3-235B-A22B-Instruct-2507] Temp=0.0 Rep=1 → Discordo
[2026-05-12 12:43:40,544][__main__][INFO] - ✓ [Qwen/Qwen3-235B-A22B-Instruct-2507] Temp=0.0 Rep=1 → Discordo
[2026-05-12 12:43:40,632][__main__][INFO] - ✓ [Qwen/Qwen3-235B-A22B-Instruct-2507] Temp=0.0 Rep=1 → Concordo fortemente
[2026-05-12 12:43:40,857][__main__][INFO] - ✓ [Qwen/Qwen3-14B] Temp=0.0 Rep=1 → Concordo fortemente
[2026-05-12 12:43:41,115][__main__][INFO] - ✓ [meta-llama/Meta-Llama-3.1-70B-Instruct] Temp=0.0 Rep=1 → Discordo
[2026-05-12 12:43:41,188][__main__][INFO] - ✓ [meta-llama/Meta-Llama-3.1-70B-Instruct] Temp=0.0 Rep=1 → Discordo
[2026-05-12 12:43:41,273][__main__][INFO] - ✓ [meta-llama/Meta-Llama-3.1-70B-Instruct] Temp=0.0 Rep=1 → Concordo fortemente
[2026-05-12 12:43:41,594][__main__][INFO] - ✓ [meta-llama/Llama-4-Scout-17B-16E-Instruct] Temp=0.0 Rep=1 → Discordo
[2026-05-12 12:43:41,725][__main__][INFO] - ✓ [meta-llama/Llama-4-Scout-17B-16E-Instruct] Temp=0.0 Rep=1 → Concordo fortemente
[2026-05-12 12:43:41,758][__main__][INFO] - ✓ [Qwen/Qwen3-14B] Temp=0.0 Rep=1 → Neutro
[2026-05-12 12:43:42,612][__main__][INFO] - ✓ [Qwen/Qwen3-235B-A22B-Instruct-2507] Temp=0.0 Rep=1 → Concordo fortemente
[2026-05-12 12:43:43,329][__main__][INFO] - ✓ [Qwen/Qwen3-235B-A22B-Instruct-2507] Temp=0.0 Rep=1 → Concordo
[2026-05-12 12:43:43,844][__main__][INFO] - ✓ [meta-llama/Llama-4-Scout-17B-16E-Instruct] Temp=0.0 Rep=1 → Discordo
[2026-05-12 12:43:44,122][__main__][INFO] - ✓ [Qwen/Qwen3-14B] Temp=0.0 Rep=1 → Discordo
[2026-05-12 12:43:44,126][__main__][INFO] - ✓ [Qwen/Qwen3-235B-A22B-Instruct-2507] Temp=0.0 Rep=1 → Concordo fortemente
[2026-05-12 12:43:44,472][__main__][INFO] - ✓ [meta-llama/Meta-Llama-3.1-70B-Instruct] Temp=0.0 Rep=1 → Concordo fortemente
[2026-05-12 12:43:44,700][__main__][INFO] - ✓ [meta-llama/Meta-Llama-3.1-70B-Instruct] Temp=0.0 Rep=1 → Concordo
[2026-05-12 12:43:44,768][__main__][INFO] - ✓ [meta-llama/Meta-Llama-3.1-70B-Instruct] Temp=0.0 Rep=1 → Concordo fortemente
[2026-05-12 12:43:44,908][__main__][INFO] - ✓ [meta-llama/Llama-4-Scout-17B-16E-Instruct] Temp=0.0 Rep=1 → Concordo fortemente
[2026-05-12 12:43:45,175][__main__][INFO] - ✓ [meta-llama/Llama-4-Scout-17B-16E-Instruct] Temp=0.0 Rep=1 → Concordo
[2026-05-12 12:43:45,272][__main__][INFO] - ✓ [meta-llama/Llama-4-Scout-17B-16E-Instruct] Temp=0.0 Rep=1 → Concordo fortemente
[2026-05-12 12:43:45,377][__main__][INFO] - ✓ [Qwen/Qwen3-14B] Temp=0.0 Rep=1 → Discordo
[2026-05-12 12:43:45,820][__main__][INFO] - ✓ [Qwen/Qwen3-235B-A22B-Instruct-2507] Temp=0.0 Rep=1 → Discordo
[2026-05-12 12:43:46,111][__main__][INFO] - ✓ [Qwen/Qwen3-14B] Temp=0.0 Rep=1 → Discordo
[2026-05-12 12:43:46,316][__main__][INFO] - ✓ [Qwen/Qwen3-235B-A22B-Instruct-2507] Temp=0.0 Rep=1 → Concordo fortemente
[2026-05-12 12:43:46,743][__main__][INFO] - ✓ [Qwen/Qwen3-14B] Temp=0.0 Rep=1 → Concordo fortemente
[2026-05-12 12:43:46,746][__main__][INFO] - ✓ [Qwen/Qwen3-235B-A22B-Instruct-2507] Temp=0.0 Rep=1 → Neutro
[2026-05-12 12:43:47,018][__main__][INFO] - Salvamento incremental (6240 novas respostas)...
[2026-05-12 12:43:47,075][__main__][INFO] - Cache salvo com 246642 entradas
[2026-05-12 12:43:47,075][__main__][INFO] - ✓ [meta-llama/Meta-Llama-3.1-70B-Instruct] Temp=0.0 Rep=1 → Discordo fortemente
[2026-05-12 12:43:47,528][__main__][INFO] - ✓ [meta-llama/Llama-4-Scout-17B-16E-Instruct] Temp=0.0 Rep=1 → Discordo fortemente
[2026-05-12 12:43:47,811][__main__][INFO] - ✓ [meta-llama/Meta-Llama-3.1-70B-Instruct] Temp=0.0 Rep=1 → Discordo
[2026-05-12 12:43:47,881][__main__][INFO] - ✓ [meta-llama/Llama-4-Scout-17B-16E-Instruct] Temp=0.0 Rep=1 → Concordo fortemente
[2026-05-12 12:43:47,994][__main__][INFO] - ✓ [meta-llama/Meta-Llama-3.1-70B-Instruct] Temp=0.0 Rep=1 → Concordo fortemente
[2026-05-12 12:43:48,314][__main__][INFO] - ✓ [meta-llama/Llama-4-Scout-17B-16E-Instruct] Temp=0.0 Rep=1 → Neutro
[2026-05-12 12:43:50,702][__main__][INFO] - ✓ [Qwen/Qwen3-14B] Temp=0.0 Rep=1 → Concordo fortemente
[2026-05-12 12:43:51,522][__main__][INFO] - ✓ [Qwen/Qwen3-235B-A22B-Instruct-2507] Temp=0.0 Rep=1 → Concordo fortemente
[2026-05-12 12:43:51,876][__main__][INFO] - ✓ [Qwen/Qwen3-14B] Temp=0.0 Rep=1 → Concordo fortemente
[2026-05-12 12:43:51,986][__main__][INFO] - ✓ [Qwen/Qwen3-235B-A22B-Instruct-2507] Temp=0.0 Rep=1 → Discordo
[2026-05-12 12:43:52,236][__main__][INFO] - ✓ [Qwen/Qwen3-235B-A22B-Instruct-2507] Temp=0.0 Rep=1 → Neutro
[2026-05-12 12:43:52,611][__main__][INFO] - ✓ [Qwen/Qwen3-14B] Temp=0.0 Rep=1 → Discordo
[2026-05-12 12:43:52,672][__main__][INFO] - ✓ [Qwen/Qwen3-14B] Temp=0.0 Rep=1 → Concordo fortemente
[2026-05-12 12:43:52,793][__main__][INFO] - ✓ [meta-llama/Meta-Llama-3.1-70B-Instruct] Temp=0.0 Rep=1 → Concordo fortemente
[2026-05-12 12:43:52,818][__main__][INFO] - ✓ [meta-llama/Meta-Llama-3.1-70B-Instruct] Temp=0.0 Rep=1 → Neutro
[2026-05-12 12:43:52,851][__main__][INFO] - ✓ [Qwen/Qwen3-14B] Temp=0.0 Rep=1 → Concordo fortemente
[2026-05-12 12:43:53,039][__main__][INFO] - ✓ [meta-llama/Llama-4-Scout-17B-16E-Instruct] Temp=0.0 Rep=1 → Concordo fortemente
[2026-05-12 12:43:53,092][__main__][INFO] - ✓ [meta-llama/Llama-4-Scout-17B-16E-Instruct] Temp=0.0 Rep=1 → Concordo fortemente
[2026-05-12 12:43:53,119][__main__][INFO] - ✓ [meta-llama/Meta-Llama-3.1-70B-Instruct] Temp=0.0 Rep=1 → Concordo
[2026-05-12 12:43:53,558][__main__][INFO] - ✓ [meta-llama/Llama-4-Scout-17B-16E-Instruct] Temp=0.0 Rep=1 → Discordo
[2026-05-12 12:43:53,858][__main__][INFO] - ✓ [Qwen/Qwen3-235B-A22B-Instruct-2507] Temp=0.0 Rep=1 → Concordo
[2026-05-12 12:43:53,965][__main__][INFO] - ✓ [Qwen/Qwen3-14B] Temp=0.0 Rep=1 → Concordo fortemente
[2026-05-12 12:43:54,139][__main__][INFO] - ✓ [Qwen/Qwen3-235B-A22B-Instruct-2507] Temp=0.0 Rep=1 → Neutro
[2026-05-12 12:43:54,324][__main__][INFO] - ✓ [Qwen/Qwen3-235B-A22B-Instruct-2507] Temp=0.0 Rep=1 → Neutro
[2026-05-12 12:43:54,604][__main__][INFO] - ✓ [meta-llama/Meta-Llama-3.1-70B-Instruct] Temp=0.0 Rep=1 → Concordo fortemente
[2026-05-12 12:43:54,619][__main__][INFO] - ✓ [meta-llama/Meta-Llama-3.1-70B-Instruct] Temp=0.0 Rep=1 → Discordo
[2026-05-12 12:43:54,900][__main__][INFO] - ✓ [meta-llama/Meta-Llama-3.1-70B-Instruct] Temp=0.0 Rep=1 → Concordo
[2026-05-12 12:43:55,131][__main__][INFO] - ✓ [Qwen/Qwen3-14B] Temp=0.0 Rep=1 → Concordo fortemente
[2026-05-12 12:43:55,137][__main__][INFO] - ✓ [meta-llama/Llama-4-Scout-17B-16E-Instruct] Temp=0.0 Rep=1 → Concordo fortemente
[2026-05-12 12:43:55,193][__main__][INFO] - ✓ [meta-llama/Llama-4-Scout-17B-16E-Instruct] Temp=0.0 Rep=1 → Discordo
[2026-05-12 12:43:55,440][__main__][INFO] - ✓ [meta-llama/Llama-4-Scout-17B-16E-Instruct] Temp=0.0 Rep=1 → Concordo fortemente
[2026-05-12 12:43:56,222][__main__][INFO] - ✓ [Qwen/Qwen3-235B-A22B-Instruct-2507] Temp=0.0 Rep=1 → Concordo fortemente
[2026-05-12 12:43:56,771][__main__][INFO] - ✓ [Qwen/Qwen3-235B-A22B-Instruct-2507] Temp=0.0 Rep=1 → Concordo fortemente
[2026-05-12 12:43:56,830][__main__][INFO] - ✓ [Qwen/Qwen3-14B] Temp=0.0 Rep=1 → Concordo fortemente
[2026-05-12 12:43:57,460][__main__][INFO] - ✓ [Qwen/Qwen3-235B-A22B-Instruct-2507] Temp=0.0 Rep=1 → Concordo fortemente
[2026-05-12 12:43:57,463][__main__][INFO] - ✓ [meta-llama/Meta-Llama-3.1-70B-Instruct] Temp=0.0 Rep=1 → Concordo fortemente
[2026-05-12 12:43:57,976][__main__][INFO] - ✓ [Qwen/Qwen3-14B] Temp=0.0 Rep=1 → Concordo fortemente
[2026-05-12 12:43:57,977][__main__][INFO] - ✓ [meta-llama/Meta-Llama-3.1-70B-Instruct] Temp=0.0 Rep=1 → Concordo
[2026-05-12 12:43:58,045][__main__][INFO] - ✓ [meta-llama/Meta-Llama-3.1-70B-Instruct] Temp=0.0 Rep=1 → Concordo fortemente
[2026-05-12 12:43:58,277][__main__][INFO] - ✓ [Qwen/Qwen3-14B] Temp=0.0 Rep=1 → Discordo
[2026-05-12 12:43:58,320][__main__][INFO] - Salvamento incremental (6280 novas respostas)...
[2026-05-12 12:43:58,375][__main__][INFO] - Cache salvo com 246682 entradas
[2026-05-12 12:43:58,375][__main__][INFO] - ✓ [meta-llama/Llama-4-Scout-17B-16E-Instruct] Temp=0.0 Rep=1 → Concordo
[2026-05-12 12:43:58,377][__main__][INFO] - ✓ [meta-llama/Llama-4-Scout-17B-16E-Instruct] Temp=0.0 Rep=1 → Concordo fortemente
[2026-05-12 12:43:58,442][__main__][INFO] - ✓ [meta-llama/Llama-4-Scout-17B-16E-Instruct] Temp=0.0 Rep=1 → Concordo fortemente
[2026-05-12 12:43:58,806][__main__][INFO] - ✓ [Qwen/Qwen3-235B-A22B-Instruct-2507] Temp=0.0 Rep=1 → Discordo
[2026-05-12 12:43:59,650][__main__][INFO] - ✓ [Qwen/Qwen3-14B] Temp=0.0 Rep=1 → Discordo
[2026-05-12 12:43:59,669][__main__][INFO] - ✓ [Qwen/Qwen3-235B-A22B-Instruct-2507] Temp=0.0 Rep=1 → Concordo fortemente
[2026-05-12 12:44:00,431][__main__][INFO] - ✓ [meta-llama/Meta-Llama-3.1-70B-Instruct] Temp=0.0 Rep=1 → Discordo fortemente
[2026-05-12 12:44:00,434][__main__][INFO] - ✓ [Qwen/Qwen3-235B-A22B-Instruct-2507] Temp=0.0 Rep=1 → Neutro
[2026-05-12 12:44:00,537][__main__][INFO] - ✓ [Qwen/Qwen3-14B] Temp=0.0 Rep=1 → Neutro
[2026-05-12 12:44:00,909][__main__][INFO] - ✓ [meta-llama/Llama-4-Scout-17B-16E-Instruct] Temp=0.0 Rep=1 → Discordo fortemente
[2026-05-12 12:44:00,953][__main__][INFO] - ✓ [Qwen/Qwen3-14B] Temp=0.0 Rep=1 → Concordo fortemente
[2026-05-12 12:44:01,055][__main__][INFO] - ✓ [meta-llama/Meta-Llama-3.1-70B-Instruct] Temp=0.0 Rep=1 → Discordo
[2026-05-12 12:44:01,169][__main__][INFO] - ✓ [meta-llama/Meta-Llama-3.1-70B-Instruct] Temp=0.0 Rep=1 → Concordo fortemente
[2026-05-12 12:44:01,194][__main__][INFO] - ✓ [meta-llama/Llama-4-Scout-17B-16E-Instruct] Temp=0.0 Rep=1 → Concordo fortemente
[2026-05-12 12:44:01,427][__main__][INFO] - ✓ [meta-llama/Llama-4-Scout-17B-16E-Instruct] Temp=0.0 Rep=1 → Concordo fortemente
[2026-05-12 12:44:01,610][__main__][INFO] - ✓ [Qwen/Qwen3-14B] Temp=0.0 Rep=1 → Concordo fortemente
[2026-05-12 12:44:01,951][__main__][INFO] - ✓ [Qwen/Qwen3-14B] Temp=0.0 Rep=1 → Concordo fortemente
[2026-05-12 12:44:02,203][__main__][INFO] - ✓ [Qwen/Qwen3-235B-A22B-Instruct-2507] Temp=0.0 Rep=1 → Concordo fortemente
[2026-05-12 12:44:02,474][__main__][INFO] - ✓ [Qwen/Qwen3-235B-A22B-Instruct-2507] Temp=0.0 Rep=1 → Concordo fortemente
[2026-05-12 12:44:02,687][__main__][INFO] - ✓ [Qwen/Qwen3-235B-A22B-Instruct-2507] Temp=0.0 Rep=1 → Concordo fortemente
[2026-05-12 12:44:02,801][__main__][INFO] - ✓ [meta-llama/Meta-Llama-3.1-70B-Instruct] Temp=0.0 Rep=1 → Concordo fortemente
[2026-05-12 12:44:03,000][__main__][INFO] - ✓ [meta-llama/Meta-Llama-3.1-70B-Instruct] Temp=0.0 Rep=1 → Concordo
[2026-05-12 12:44:03,224][__main__][INFO] - ✓ [meta-llama/Llama-4-Scout-17B-16E-Instruct] Temp=0.0 Rep=1 → Concordo fortemente
[2026-05-12 12:44:03,416][__main__][INFO] - ✓ [meta-llama/Meta-Llama-3.1-70B-Instruct] Temp=0.0 Rep=1 → Concordo fortemente
[2026-05-12 12:44:03,435][__main__][INFO] - ✓ [meta-llama/Llama-4-Scout-17B-16E-Instruct] Temp=0.0 Rep=1 → Concordo fortemente
[2026-05-12 12:44:03,655][__main__][INFO] - ✓ [meta-llama/Llama-4-Scout-17B-16E-Instruct] Temp=0.0 Rep=1 → Concordo fortemente
[2026-05-12 12:44:04,047][__main__][INFO] - ✓ [Qwen/Qwen3-14B] Temp=0.0 Rep=1 → Concordo fortemente
[2026-05-12 12:44:04,627][__main__][INFO] - ✓ [Qwen/Qwen3-235B-A22B-Instruct-2507] Temp=0.0 Rep=1 → Discordo
[2026-05-12 12:44:04,938][__main__][INFO] - ✓ [Qwen/Qwen3-14B] Temp=0.0 Rep=1 → Concordo fortemente
[2026-05-12 12:44:05,653][__main__][INFO] - ✓ [Qwen/Qwen3-235B-A22B-Instruct-2507] Temp=0.0 Rep=1 → Neutro
[2026-05-12 12:44:05,655][__main__][INFO] - ✓ [Qwen/Qwen3-235B-A22B-Instruct-2507] Temp=0.0 Rep=1 → Concordo fortemente
[2026-05-12 12:44:05,683][__main__][INFO] - ✓ [Qwen/Qwen3-14B] Temp=0.0 Rep=1 → Discordo
[2026-05-12 12:44:06,037][__main__][INFO] - ✓ [Qwen/Qwen3-14B] Temp=0.0 Rep=1 → Discordo
[2026-05-12 12:44:06,471][__main__][INFO] - ✓ [meta-llama/Llama-4-Scout-17B-16E-Instruct] Temp=0.0 Rep=1 → Discordo
[2026-05-12 12:44:06,669][__main__][INFO] - ✓ [meta-llama/Meta-Llama-3.1-70B-Instruct] Temp=0.0 Rep=1 → Discordo
[2026-05-12 12:44:06,675][__main__][INFO] - ✓ [meta-llama/Meta-Llama-3.1-70B-Instruct] Temp=0.0 Rep=1 → Concordo
[2026-05-12 12:44:06,814][__main__][INFO] - ✓ [meta-llama/Llama-4-Scout-17B-16E-Instruct] Temp=0.0 Rep=1 → Concordo
[2026-05-12 12:44:06,938][__main__][INFO] - ✓ [meta-llama/Meta-Llama-3.1-70B-Instruct] Temp=0.0 Rep=1 → Concordo
[2026-05-12 12:44:07,095][__main__][INFO] - ✓ [meta-llama/Llama-4-Scout-17B-16E-Instruct] Temp=0.0 Rep=1 → Neutro
[2026-05-12 12:44:07,499][__main__][INFO] - ✓ [Qwen/Qwen3-235B-A22B-Instruct-2507] Temp=0.0 Rep=1 → Discordo
[2026-05-12 12:44:07,956][__main__][INFO] - Salvamento incremental (6320 novas respostas)...
[2026-05-12 12:44:08,013][__main__][INFO] - Cache salvo com 246722 entradas
[2026-05-12 12:44:08,013][__main__][INFO] - ✓ [Qwen/Qwen3-235B-A22B-Instruct-2507] Temp=0.0 Rep=1 → Concordo
[2026-05-12 12:44:08,622][__main__][INFO] - ✓ [Qwen/Qwen3-235B-A22B-Instruct-2507] Temp=0.0 Rep=1 → Discordo
[2026-05-12 12:44:09,035][__main__][INFO] - ✓ [Qwen/Qwen3-14B] Temp=0.0 Rep=1 → Concordo fortemente
[2026-05-12 12:44:09,049][__main__][INFO] - ✓ [meta-llama/Meta-Llama-3.1-70B-Instruct] Temp=0.0 Rep=1 → Discordo
[2026-05-12 12:44:09,644][__main__][INFO] - ✓ [meta-llama/Meta-Llama-3.1-70B-Instruct] Temp=0.0 Rep=1 → Concordo
[2026-05-12 12:44:09,646][__main__][INFO] - ✓ [meta-llama/Meta-Llama-3.1-70B-Instruct] Temp=0.0 Rep=1 → Concordo fortemente
[2026-05-12 12:44:10,162][__main__][INFO] - ✓ [meta-llama/Llama-4-Scout-17B-16E-Instruct] Temp=0.0 Rep=1 → Concordo fortemente
[2026-05-12 12:44:10,165][__main__][INFO] - ✓ [meta-llama/Llama-4-Scout-17B-16E-Instruct] Temp=0.0 Rep=1 → Discordo
[2026-05-12 12:44:10,172][__main__][INFO] - ✓ [Qwen/Qwen3-14B] Temp=0.0 Rep=1 → Concordo fortemente
[2026-05-12 12:44:10,460][__main__][INFO] - ✓ [Qwen/Qwen3-14B] Temp=0.0 Rep=1 → Concordo fortemente
[2026-05-12 12:44:10,591][__main__][INFO] - ✓ [meta-llama/Llama-4-Scout-17B-16E-Instruct] Temp=0.0 Rep=1 → Concordo
[2026-05-12 12:44:11,259][__main__][INFO] - ✓ [Qwen/Qwen3-14B] Temp=0.0 Rep=1 → Discordo
[2026-05-12 12:44:11,386][__main__][INFO] - ✓ [Qwen/Qwen3-235B-A22B-Instruct-2507] Temp=0.0 Rep=1 → Concordo fortemente
[2026-05-12 12:44:11,927][__main__][INFO] - ✓ [Qwen/Qwen3-235B-A22B-Instruct-2507] Temp=0.0 Rep=1 → Concordo fortemente
[2026-05-12 12:44:11,986][__main__][INFO] - ✓ [Qwen/Qwen3-235B-A22B-Instruct-2507] Temp=0.0 Rep=1 → Concordo fortemente
[2026-05-12 12:44:12,719][__main__][INFO] - ✓ [meta-llama/Meta-Llama-3.1-70B-Instruct] Temp=0.0 Rep=1 → Concordo
[2026-05-12 12:44:12,722][__main__][INFO] - ✓ [meta-llama/Meta-Llama-3.1-70B-Instruct] Temp=0.0 Rep=1 → Concordo fortemente
[2026-05-12 12:44:13,091][__main__][INFO] - ✓ [meta-llama/Llama-4-Scout-17B-16E-Instruct] Temp=0.0 Rep=1 → Concordo fortemente
[2026-05-12 12:44:13,487][__main__][INFO] - ✓ [meta-llama/Llama-4-Scout-17B-16E-Instruct] Temp=0.0 Rep=1 → Concordo
[2026-05-12 12:44:14,053][__main__][INFO] - ✓ [meta-llama/Meta-Llama-3.1-70B-Instruct] Temp=0.0 Rep=1 → Concordo fortemente
[2026-05-12 12:44:14,056][__main__][INFO] - ✓ [meta-llama/Llama-4-Scout-17B-16E-Instruct] Temp=0.0 Rep=1 → Concordo fortemente
[2026-05-12 12:44:16,203][__main__][INFO] - ✓ [Qwen/Qwen3-14B] Temp=0.0 Rep=1 → Discordo
[2026-05-12 12:44:16,407][__main__][INFO] - ✓ [Qwen/Qwen3-14B] Temp=0.0 Rep=1 → Concordo fortemente
[2026-05-12 12:44:16,728][__main__][INFO] - ✓ [Qwen/Qwen3-235B-A22B-Instruct-2507] Temp=0.0 Rep=1 → Discordo
[2026-05-12 12:44:17,154][__main__][INFO] - ✓ [Qwen/Qwen3-235B-A22B-Instruct-2507] Temp=0.0 Rep=1 → Concordo
[2026-05-12 12:44:17,737][__main__][INFO] - ✓ [Qwen/Qwen3-235B-A22B-Instruct-2507] Temp=0.0 Rep=1 → Neutro
[2026-05-12 12:44:18,050][__main__][INFO] - ✓ [Qwen/Qwen3-14B] Temp=0.0 Rep=1 → Concordo fortemente
[2026-05-12 12:44:18,765][__main__][INFO] - ✓ [meta-llama/Meta-Llama-3.1-70B-Instruct] Temp=0.0 Rep=1 → Concordo fortemente
[2026-05-12 12:44:18,769][__main__][INFO] - ✓ [Qwen/Qwen3-14B] Temp=0.0 Rep=1 → Concordo fortemente
[2026-05-12 12:44:18,992][__main__][INFO] - ✓ [meta-llama/Meta-Llama-3.1-70B-Instruct] Temp=0.0 Rep=1 → Discordo
[2026-05-12 12:44:19,252][__main__][INFO] - ✓ [meta-llama/Llama-4-Scout-17B-16E-Instruct] Temp=0.0 Rep=1 → Discordo
[2026-05-12 12:44:19,289][__main__][INFO] - ✓ [meta-llama/Meta-Llama-3.1-70B-Instruct] Temp=0.0 Rep=1 → Concordo
[2026-05-12 12:44:19,577][__main__][INFO] - ✓ [meta-llama/Llama-4-Scout-17B-16E-Instruct] Temp=0.0 Rep=1 → Neutro
[2026-05-12 12:44:19,578][__main__][INFO] - ✓ [meta-llama/Llama-4-Scout-17B-16E-Instruct] Temp=0.0 Rep=1 → Concordo fortemente
[2026-05-12 12:44:19,666][__main__][INFO] - ✓ [Qwen/Qwen3-14B] Temp=0.0 Rep=1 → Discordo
[2026-05-12 12:44:20,193][__main__][INFO] - ✓ [Qwen/Qwen3-235B-A22B-Instruct-2507] Temp=0.0 Rep=1 → Concordo fortemente
[2026-05-12 12:44:20,708][__main__][INFO] - ✓ [Qwen/Qwen3-235B-A22B-Instruct-2507] Temp=0.0 Rep=1 → Discordo
[2026-05-12 12:44:21,219][__main__][INFO] - ✓ [Qwen/Qwen3-235B-A22B-Instruct-2507] Temp=0.0 Rep=1 → Neutro
[2026-05-12 12:44:21,778][__main__][INFO] - ✓ [meta-llama/Meta-Llama-3.1-70B-Instruct] Temp=0.0 Rep=1 → Concordo fortemente
[2026-05-12 12:44:21,875][__main__][INFO] - ✓ [Qwen/Qwen3-14B] Temp=0.0 Rep=1 → Concordo fortemente
[2026-05-12 12:44:22,552][__main__][INFO] - Salvamento incremental (6360 novas respostas)...
[2026-05-12 12:44:22,607][__main__][INFO] - Cache salvo com 246762 entradas
[2026-05-12 12:44:22,609][__main__][INFO] - ✓ [meta-llama/Meta-Llama-3.1-70B-Instruct] Temp=0.0 Rep=1 → Concordo
[2026-05-12 12:44:22,610][__main__][INFO] - ✓ [meta-llama/Meta-Llama-3.1-70B-Instruct] Temp=0.0 Rep=1 → Concordo fortemente
[2026-05-12 12:44:22,990][__main__][INFO] - ✓ [meta-llama/Llama-4-Scout-17B-16E-Instruct] Temp=0.0 Rep=1 → Discordo
[2026-05-12 12:44:23,029][__main__][INFO] - ✓ [meta-llama/Llama-4-Scout-17B-16E-Instruct] Temp=0.0 Rep=1 → Concordo fortemente
[2026-05-12 12:44:23,445][__main__][INFO] - ✓ [meta-llama/Llama-4-Scout-17B-16E-Instruct] Temp=0.0 Rep=1 → Concordo fortemente
[2026-05-12 12:44:24,905][__main__][INFO] - ✓ [Qwen/Qwen3-14B] Temp=0.0 Rep=1 → Discordo
[2026-05-12 12:44:25,426][__main__][INFO] - ✓ [Qwen/Qwen3-14B] Temp=0.0 Rep=1 → Concordo fortemente
[2026-05-12 12:44:25,930][__main__][INFO] - ✓ [Qwen/Qwen3-14B] Temp=0.0 Rep=1 → Concordo fortemente
[2026-05-12 12:44:25,933][__main__][INFO] - ✓ [Qwen/Qwen3-235B-A22B-Instruct-2507] Temp=0.0 Rep=1 → Discordo
[2026-05-12 12:44:26,488][__main__][INFO] - ✓ [Qwen/Qwen3-14B] Temp=0.0 Rep=1 → Concordo fortemente
[2026-05-12 12:44:26,592][__main__][INFO] - ✓ [Qwen/Qwen3-235B-A22B-Instruct-2507] Temp=0.0 Rep=1 → Neutro
[2026-05-12 12:44:26,592][__main__][INFO] - ✓ [Qwen/Qwen3-235B-A22B-Instruct-2507] Temp=0.0 Rep=1 → Discordo
[2026-05-12 12:44:27,279][__main__][INFO] - ✓ [meta-llama/Meta-Llama-3.1-70B-Instruct] Temp=0.0 Rep=1 → Discordo
[2026-05-12 12:44:27,303][__main__][INFO] - ✓ [meta-llama/Meta-Llama-3.1-70B-Instruct] Temp=0.0 Rep=1 → Concordo
[2026-05-12 12:44:27,399][__main__][INFO] - ✓ [meta-llama/Meta-Llama-3.1-70B-Instruct] Temp=0.0 Rep=1 → Concordo fortemente
[2026-05-12 12:44:27,738][__main__][INFO] - ✓ [meta-llama/Llama-4-Scout-17B-16E-Instruct] Temp=0.0 Rep=1 → Neutro
[2026-05-12 12:44:27,802][__main__][INFO] - ✓ [meta-llama/Llama-4-Scout-17B-16E-Instruct] Temp=0.0 Rep=1 → Concordo fortemente
[2026-05-12 12:44:27,805][__main__][INFO] - ✓ [meta-llama/Llama-4-Scout-17B-16E-Instruct] Temp=0.0 Rep=1 → Discordo fortemente
[2026-05-12 12:44:29,410][__main__][INFO] - ✓ [Qwen/Qwen3-14B] Temp=0.0 Rep=1 → Concordo fortemente
[2026-05-12 12:44:29,641][__main__][INFO] - ✓ [Qwen/Qwen3-14B] Temp=0.0 Rep=1 → Concordo fortemente
[2026-05-12 12:44:29,854][__main__][INFO] - ✓ [Qwen/Qwen3-235B-A22B-Instruct-2507] Temp=0.0 Rep=1 → Discordo
[2026-05-12 12:44:30,101][__main__][INFO] - ✓ [Qwen/Qwen3-235B-A22B-Instruct-2507] Temp=0.0 Rep=1 → Discordo
[2026-05-12 12:44:30,639][__main__][INFO] - ✓ [Qwen/Qwen3-14B] Temp=0.0 Rep=1 → Discordo
[2026-05-12 12:44:30,642][__main__][INFO] - ✓ [meta-llama/Meta-Llama-3.1-70B-Instruct] Temp=0.0 Rep=1 → Discordo
[2026-05-12 12:44:30,656][__main__][INFO] - ✓ [Qwen/Qwen3-235B-A22B-Instruct-2507] Temp=0.0 Rep=1 → Neutro
[2026-05-12 12:44:30,930][__main__][INFO] - ✓ [Qwen/Qwen3-14B] Temp=0.0 Rep=1 → Concordo fortemente
[2026-05-12 12:44:31,014][__main__][INFO] - ✓ [meta-llama/Llama-4-Scout-17B-16E-Instruct] Temp=0.0 Rep=1 → Discordo fortemente
[2026-05-12 12:44:31,364][__main__][INFO] - ✓ [meta-llama/Llama-4-Scout-17B-16E-Instruct] Temp=0.0 Rep=1 → Neutro
[2026-05-12 12:44:31,368][__main__][INFO] - ✓ [meta-llama/Llama-4-Scout-17B-16E-Instruct] Temp=0.0 Rep=1 → Concordo fortemente
[2026-05-12 12:44:31,372][__main__][INFO] - ✓ [meta-llama/Meta-Llama-3.1-70B-Instruct] Temp=0.0 Rep=1 → Concordo fortemente
[2026-05-12 12:44:31,604][__main__][INFO] - ✓ [meta-llama/Meta-Llama-3.1-70B-Instruct] Temp=0.0 Rep=1 → Concordo
[2026-05-12 12:44:32,078][__main__][INFO] - ✓ [Qwen/Qwen3-14B] Temp=0.0 Rep=1 → Concordo fortemente
[2026-05-12 12:44:32,381][__main__][INFO] - ✓ [Qwen/Qwen3-235B-A22B-Instruct-2507] Temp=0.0 Rep=1 → Concordo fortemente
[2026-05-12 12:44:32,556][__main__][INFO] - ✓ [Qwen/Qwen3-235B-A22B-Instruct-2507] Temp=0.0 Rep=1 → Neutro
[2026-05-12 12:44:32,933][__main__][INFO] - ✓ [Qwen/Qwen3-235B-A22B-Instruct-2507] Temp=0.0 Rep=1 → Neutro
[2026-05-12 12:44:33,246][__main__][INFO] - ✓ [meta-llama/Meta-Llama-3.1-70B-Instruct] Temp=0.0 Rep=1 → Concordo fortemente
[2026-05-12 12:44:33,300][__main__][INFO] - ✓ [Qwen/Qwen3-14B] Temp=0.0 Rep=1 → Concordo fortemente
[2026-05-12 12:44:33,406][__main__][INFO] - ✓ [meta-llama/Meta-Llama-3.1-70B-Instruct] Temp=0.0 Rep=1 → Discordo
[2026-05-12 12:44:34,018][__main__][INFO] - ✓ [meta-llama/Llama-4-Scout-17B-16E-Instruct] Temp=0.0 Rep=1 → Concordo fortemente
[2026-05-12 12:44:34,021][__main__][INFO] - ✓ [meta-llama/Llama-4-Scout-17B-16E-Instruct] Temp=0.0 Rep=1 → Discordo
[2026-05-12 12:44:34,226][__main__][INFO] - Salvamento incremental (6400 novas respostas)...
[2026-05-12 12:44:34,280][__main__][INFO] - Cache salvo com 246802 entradas
[2026-05-12 12:44:34,280][__main__][INFO] - ✓ [meta-llama/Meta-Llama-3.1-70B-Instruct] Temp=0.0 Rep=1 → Concordo
[2026-05-12 12:44:34,461][__main__][INFO] - ✓ [meta-llama/Llama-4-Scout-17B-16E-Instruct] Temp=0.0 Rep=1 → Concordo fortemente
[2026-05-12 12:44:37,297][__main__][INFO] - ✓ [Qwen/Qwen3-14B] Temp=0.0 Rep=1 → Concordo fortemente
[2026-05-12 12:44:37,910][__main__][INFO] - ✓ [Qwen/Qwen3-235B-A22B-Instruct-2507] Temp=0.0 Rep=1 → Discordo
[2026-05-12 12:44:38,524][__main__][INFO] - ✓ [Qwen/Qwen3-235B-A22B-Instruct-2507] Temp=0.0 Rep=1 → Concordo fortemente
[2026-05-12 12:44:39,019][__main__][INFO] - ✓ [Qwen/Qwen3-235B-A22B-Instruct-2507] Temp=0.0 Rep=1 → Neutro
[2026-05-12 12:44:39,175][__main__][INFO] - ✓ [Qwen/Qwen3-14B] Temp=0.0 Rep=1 → Concordo fortemente
[2026-05-12 12:44:39,182][__main__][INFO] - ✓ [Qwen/Qwen3-14B] Temp=0.0 Rep=1 → Concordo fortemente
[2026-05-12 12:44:39,880][__main__][INFO] - ✓ [Qwen/Qwen3-14B] Temp=0.0 Rep=1 → Concordo fortemente
[2026-05-12 12:44:39,893][__main__][INFO] - ✓ [meta-llama/Meta-Llama-3.1-70B-Instruct] Temp=0.0 Rep=1 → Discordo
[2026-05-12 12:44:40,275][__main__][INFO] - ✓ [meta-llama/Llama-4-Scout-17B-16E-Instruct] Temp=0.0 Rep=1 → Discordo fortemente
[2026-05-12 12:44:40,313][__main__][INFO] - ✓ [meta-llama/Meta-Llama-3.1-70B-Instruct] Temp=0.0 Rep=1 → Concordo
[2026-05-12 12:44:40,322][__main__][INFO] - ✓ [meta-llama/Llama-4-Scout-17B-16E-Instruct] Temp=0.0 Rep=1 → Concordo fortemente
[2026-05-12 12:44:40,417][__main__][INFO] - ✓ [meta-llama/Meta-Llama-3.1-70B-Instruct] Temp=0.0 Rep=1 → Concordo fortemente
[2026-05-12 12:44:40,455][__main__][INFO] - ✓ [Qwen/Qwen3-14B] Temp=0.0 Rep=1 → Concordo fortemente
[2026-05-12 12:44:40,746][__main__][INFO] - ✓ [meta-llama/Llama-4-Scout-17B-16E-Instruct] Temp=0.0 Rep=1 → Discordo
[2026-05-12 12:44:41,005][__main__][INFO] - ✓ [Qwen/Qwen3-14B] Temp=0.0 Rep=1 → Concordo fortemente
[2026-05-12 12:44:41,276][__main__][INFO] - ✓ [Qwen/Qwen3-235B-A22B-Instruct-2507] Temp=0.0 Rep=1 → Concordo fortemente
[2026-05-12 12:44:41,310][__main__][INFO] - ✓ [Qwen/Qwen3-235B-A22B-Instruct-2507] Temp=0.0 Rep=1 → Discordo
[2026-05-12 12:44:42,040][__main__][INFO] - ✓ [Qwen/Qwen3-235B-A22B-Instruct-2507] Temp=0.0 Rep=1 → Concordo fortemente
[2026-05-12 12:44:42,097][__main__][INFO] - ✓ [meta-llama/Meta-Llama-3.1-70B-Instruct] Temp=0.0 Rep=1 → Discordo
[2026-05-12 12:44:42,198][__main__][INFO] - ✓ [meta-llama/Meta-Llama-3.1-70B-Instruct] Temp=0.0 Rep=1 → Concordo fortemente
[2026-05-12 12:44:42,622][__main__][INFO] - ✓ [meta-llama/Llama-4-Scout-17B-16E-Instruct] Temp=0.0 Rep=1 → Discordo fortemente
[2026-05-12 12:44:42,947][__main__][INFO] - ✓ [meta-llama/Llama-4-Scout-17B-16E-Instruct] Temp=0.0 Rep=1 → Concordo fortemente
[2026-05-12 12:44:43,032][__main__][INFO] - ✓ [meta-llama/Meta-Llama-3.1-70B-Instruct] Temp=0.0 Rep=1 → Concordo fortemente
[2026-05-12 12:44:43,067][__main__][INFO] - ✓ [meta-llama/Llama-4-Scout-17B-16E-Instruct] Temp=0.0 Rep=1 → Concordo fortemente
[2026-05-12 12:44:43,171][__main__][INFO] - ✓ [Qwen/Qwen3-14B] Temp=0.0 Rep=1 → Neutro
[2026-05-12 12:44:43,663][__main__][INFO] - ✓ [Qwen/Qwen3-235B-A22B-Instruct-2507] Temp=0.0 Rep=1 → Discordo
[2026-05-12 12:44:44,101][__main__][INFO] - ✓ [Qwen/Qwen3-235B-A22B-Instruct-2507] Temp=0.0 Rep=1 → Concordo
[2026-05-12 12:44:44,237][__main__][INFO] - ✓ [Qwen/Qwen3-14B] Temp=0.0 Rep=1 → Concordo fortemente
[2026-05-12 12:44:44,770][__main__][INFO] - ✓ [Qwen/Qwen3-235B-A22B-Instruct-2507] Temp=0.0 Rep=1 → Neutro
[2026-05-12 12:44:44,784][__main__][INFO] - ✓ [meta-llama/Meta-Llama-3.1-70B-Instruct] Temp=0.0 Rep=1 → Discordo fortemente
[2026-05-12 12:44:45,317][__main__][INFO] - ✓ [Qwen/Qwen3-14B] Temp=0.0 Rep=1 → Concordo fortemente
[2026-05-12 12:44:45,644][__main__][INFO] - ✓ [meta-llama/Meta-Llama-3.1-70B-Instruct] Temp=0.0 Rep=1 → Discordo
[2026-05-12 12:44:45,677][__main__][INFO] - ✓ [meta-llama/Llama-4-Scout-17B-16E-Instruct] Temp=0.0 Rep=1 → Discordo fortemente
[2026-05-12 12:44:45,766][__main__][INFO] - ✓ [meta-llama/Meta-Llama-3.1-70B-Instruct] Temp=0.0 Rep=1 → Concordo fortemente
[2026-05-12 12:44:45,864][__main__][INFO] - ✓ [Qwen/Qwen3-14B] Temp=0.0 Rep=1 → Concordo fortemente
[2026-05-12 12:44:45,988][__main__][INFO] - ✓ [meta-llama/Llama-4-Scout-17B-16E-Instruct] Temp=0.0 Rep=1 → Concordo
[2026-05-12 12:44:46,138][__main__][INFO] - ✓ [meta-llama/Llama-4-Scout-17B-16E-Instruct] Temp=0.0 Rep=1 → Discordo
[2026-05-12 12:44:46,711][__main__][INFO] - ✓ [Qwen/Qwen3-235B-A22B-Instruct-2507] Temp=0.0 Rep=1 → Concordo fortemente
[2026-05-12 12:44:47,089][__main__][INFO] - Salvamento incremental (6440 novas respostas)...
[2026-05-12 12:44:47,154][__main__][INFO] - Cache salvo com 246842 entradas
[2026-05-12 12:44:47,154][__main__][INFO] - ✓ [Qwen/Qwen3-14B] Temp=0.0 Rep=1 → Concordo fortemente
[2026-05-12 12:44:47,178][__main__][INFO] - ✓ [Qwen/Qwen3-235B-A22B-Instruct-2507] Temp=0.0 Rep=1 → Concordo fortemente
[2026-05-12 12:44:47,733][__main__][INFO] - ✓ [meta-llama/Meta-Llama-3.1-70B-Instruct] Temp=0.0 Rep=1 → Concordo fortemente
[2026-05-12 12:44:48,182][__main__][INFO] - ✓ [meta-llama/Meta-Llama-3.1-70B-Instruct] Temp=0.0 Rep=1 → Concordo
[2026-05-12 12:44:48,704][__main__][INFO] - ✓ [meta-llama/Meta-Llama-3.1-70B-Instruct] Temp=0.0 Rep=1 → Concordo fortemente
[2026-05-12 12:44:49,035][__main__][INFO] - ✓ [meta-llama/Llama-4-Scout-17B-16E-Instruct] Temp=0.0 Rep=1 → Concordo fortemente
[2026-05-12 12:44:49,413][__main__][INFO] - ✓ [meta-llama/Llama-4-Scout-17B-16E-Instruct] Temp=0.0 Rep=1 → Concordo
[2026-05-12 12:44:49,853][__main__][INFO] - ✓ [meta-llama/Llama-4-Scout-17B-16E-Instruct] Temp=0.0 Rep=1 → Concordo fortemente
[2026-05-12 12:44:51,591][__main__][INFO] - ✓ [Qwen/Qwen3-14B] Temp=0.0 Rep=1 → Concordo fortemente
[2026-05-12 12:44:52,148][__main__][INFO] - ✓ [Qwen/Qwen3-14B] Temp=0.0 Rep=1 → Concordo fortemente
[2026-05-12 12:44:52,151][__main__][INFO] - ✓ [Qwen/Qwen3-14B] Temp=0.0 Rep=1 → Discordo
[2026-05-12 12:44:52,657][__main__][INFO] - ✓ [Qwen/Qwen3-14B] Temp=0.0 Rep=1 → Concordo fortemente
[2026-05-12 12:44:52,660][__main__][INFO] - ✓ [Qwen/Qwen3-235B-A22B-Instruct-2507] Temp=0.0 Rep=1 → Discordo
[2026-05-12 12:44:53,167][__main__][INFO] - ✓ [Qwen/Qwen3-235B-A22B-Instruct-2507] Temp=0.0 Rep=1 → Discordo
[2026-05-12 12:44:53,413][__main__][INFO] - ✓ [Qwen/Qwen3-235B-A22B-Instruct-2507] Temp=0.0 Rep=1 → Neutro
[2026-05-12 12:44:53,712][__main__][INFO] - ✓ [meta-llama/Meta-Llama-3.1-70B-Instruct] Temp=0.0 Rep=1 → Discordo fortemente
[2026-05-12 12:44:54,192][__main__][INFO] - ✓ [meta-llama/Meta-Llama-3.1-70B-Instruct] Temp=0.0 Rep=1 → Concordo fortemente
[2026-05-12 12:44:54,196][__main__][INFO] - ✓ [meta-llama/Meta-Llama-3.1-70B-Instruct] Temp=0.0 Rep=1 → Discordo
[2026-05-12 12:44:54,599][__main__][INFO] - ✓ [meta-llama/Llama-4-Scout-17B-16E-Instruct] Temp=0.0 Rep=1 → Concordo fortemente
[2026-05-12 12:44:54,600][__main__][INFO] - ✓ [meta-llama/Llama-4-Scout-17B-16E-Instruct] Temp=0.0 Rep=1 → Discordo fortemente
[2026-05-12 12:44:54,806][__main__][INFO] - ✓ [Qwen/Qwen3-14B] Temp=0.0 Rep=1 → Concordo fortemente
[2026-05-12 12:44:54,994][__main__][INFO] - ✓ [meta-llama/Llama-4-Scout-17B-16E-Instruct] Temp=0.0 Rep=1 → Discordo fortemente
[2026-05-12 12:44:56,037][__main__][INFO] - ✓ [Qwen/Qwen3-14B] Temp=0.0 Rep=1 → Discordo
[2026-05-12 12:44:56,546][__main__][INFO] - ✓ [Qwen/Qwen3-14B] Temp=0.0 Rep=1 → Neutro
[2026-05-12 12:44:58,083][__main__][INFO] - ✓ [Qwen/Qwen3-14B] Temp=0.0 Rep=1 → Concordo fortemente
[2026-05-12 12:44:58,594][__main__][INFO] - ✓ [Qwen/Qwen3-235B-A22B-Instruct-2507] Temp=0.0 Rep=1 → Concordo
[2026-05-12 12:44:58,763][__main__][INFO] - ✓ [Qwen/Qwen3-235B-A22B-Instruct-2507] Temp=0.0 Rep=1 → Concordo fortemente
[2026-05-12 12:44:58,822][__main__][INFO] - ✓ [Qwen/Qwen3-235B-A22B-Instruct-2507] Temp=0.0 Rep=1 → Concordo fortemente
[2026-05-12 12:44:58,876][__main__][INFO] - ✓ [Qwen/Qwen3-235B-A22B-Instruct-2507] Temp=0.0 Rep=1 → Concordo fortemente
[2026-05-12 12:44:59,137][__main__][INFO] - ✓ [meta-llama/Meta-Llama-3.1-70B-Instruct] Temp=0.0 Rep=1 → Concordo fortemente
[2026-05-12 12:44:59,220][__main__][INFO] - ✓ [meta-llama/Meta-Llama-3.1-70B-Instruct] Temp=0.0 Rep=1 → Concordo
[2026-05-12 12:44:59,248][__main__][INFO] - ✓ [meta-llama/Llama-4-Scout-17B-16E-Instruct] Temp=0.0 Rep=1 → Concordo fortemente
[2026-05-12 12:44:59,435][__main__][INFO] - ✓ [meta-llama/Meta-Llama-3.1-70B-Instruct] Temp=0.0 Rep=1 → Concordo fortemente
[2026-05-12 12:44:59,482][__main__][INFO] - ✓ [meta-llama/Llama-4-Scout-17B-16E-Instruct] Temp=0.0 Rep=1 → Concordo
[2026-05-12 12:44:59,652][__main__][INFO] - ✓ [meta-llama/Llama-4-Scout-17B-16E-Instruct] Temp=0.0 Rep=1 → Concordo fortemente
[2026-05-12 12:45:00,540][__main__][INFO] - ✓ [Qwen/Qwen3-235B-A22B-Instruct-2507] Temp=0.0 Rep=1 → Concordo fortemente
[2026-05-12 12:45:00,544][__main__][INFO] - ✓ [Qwen/Qwen3-14B] Temp=0.0 Rep=1 → Concordo fortemente
[2026-05-12 12:45:01,259][__main__][INFO] - ✓ [Qwen/Qwen3-14B] Temp=0.0 Rep=1 → Concordo fortemente
[2026-05-12 12:45:01,262][__main__][INFO] - ✓ [Qwen/Qwen3-235B-A22B-Instruct-2507] Temp=0.0 Rep=1 → Concordo
[2026-05-12 12:45:01,269][__main__][INFO] - ✓ [Qwen/Qwen3-235B-A22B-Instruct-2507] Temp=0.0 Rep=1 → Concordo fortemente
[2026-05-12 12:45:01,900][__main__][INFO] - Salvamento incremental (6480 novas respostas)...
[2026-05-12 12:45:01,954][__main__][INFO] - Cache salvo com 246882 entradas
[2026-05-12 12:45:01,958][__main__][INFO] - ✓ [meta-llama/Meta-Llama-3.1-70B-Instruct] Temp=0.0 Rep=1 → Concordo
[2026-05-12 12:45:01,980][__main__][INFO] - ✓ [meta-llama/Meta-Llama-3.1-70B-Instruct] Temp=0.0 Rep=1 → Concordo fortemente
[2026-05-12 12:45:02,024][__main__][INFO] - ✓ [meta-llama/Meta-Llama-3.1-70B-Instruct] Temp=0.0 Rep=1 → Concordo fortemente
[2026-05-12 12:45:02,026][__main__][INFO] - ✓ [Qwen/Qwen3-14B] Temp=0.0 Rep=1 → Concordo fortemente
[2026-05-12 12:45:02,358][__main__][INFO] - ✓ [meta-llama/Llama-4-Scout-17B-16E-Instruct] Temp=0.0 Rep=1 → Concordo fortemente
[2026-05-12 12:45:02,362][__main__][INFO] - ✓ [meta-llama/Llama-4-Scout-17B-16E-Instruct] Temp=0.0 Rep=1 → Concordo
[2026-05-12 12:45:02,468][__main__][INFO] - ✓ [meta-llama/Llama-4-Scout-17B-16E-Instruct] Temp=0.0 Rep=1 → Concordo fortemente
[2026-05-12 12:45:02,998][__main__][INFO] - ✓ [Qwen/Qwen3-235B-A22B-Instruct-2507] Temp=0.0 Rep=1 → Discordo
[2026-05-12 12:45:04,432][__main__][INFO] - ✓ [Qwen/Qwen3-235B-A22B-Instruct-2507] Temp=0.0 Rep=1 → Concordo fortemente
[2026-05-12 12:45:04,486][__main__][INFO] - ✓ [Qwen/Qwen3-14B] Temp=0.0 Rep=1 → Concordo fortemente
[2026-05-12 12:45:04,491][__main__][INFO] - ✓ [Qwen/Qwen3-14B] Temp=0.0 Rep=1 → Concordo fortemente
[2026-05-12 12:45:04,869][__main__][INFO] - ✓ [Qwen/Qwen3-235B-A22B-Instruct-2507] Temp=0.0 Rep=1 → Neutro
[2026-05-12 12:45:04,922][__main__][INFO] - ✓ [meta-llama/Meta-Llama-3.1-70B-Instruct] Temp=0.0 Rep=1 → Discordo
[2026-05-12 12:45:05,014][__main__][INFO] - ✓ [meta-llama/Meta-Llama-3.1-70B-Instruct] Temp=0.0 Rep=1 → Concordo fortemente
[2026-05-12 12:45:05,205][__main__][INFO] - ✓ [meta-llama/Llama-4-Scout-17B-16E-Instruct] Temp=0.0 Rep=1 → Discordo fortemente
[2026-05-12 12:45:05,428][__main__][INFO] - ✓ [meta-llama/Meta-Llama-3.1-70B-Instruct] Temp=0.0 Rep=1 → Concordo
[2026-05-12 12:45:05,496][__main__][INFO] - ✓ [meta-llama/Llama-4-Scout-17B-16E-Instruct] Temp=0.0 Rep=1 → Concordo fortemente
[2026-05-12 12:45:05,672][__main__][INFO] - ✓ [meta-llama/Llama-4-Scout-17B-16E-Instruct] Temp=0.0 Rep=1 → Concordo fortemente
[2026-05-12 12:45:07,094][__main__][INFO] - ✓ [Qwen/Qwen3-14B] Temp=0.0 Rep=1 → Discordo
[2026-05-12 12:45:07,233][__main__][INFO] - ✓ [Qwen/Qwen3-14B] Temp=0.0 Rep=1 → Discordo
[2026-05-12 12:45:07,490][__main__][INFO] - ✓ [Qwen/Qwen3-235B-A22B-Instruct-2507] Temp=0.0 Rep=1 → Discordo
[2026-05-12 12:45:07,701][__main__][INFO] - ✓ [Qwen/Qwen3-235B-A22B-Instruct-2507] Temp=0.0 Rep=1 → Discordo
[2026-05-12 12:45:07,791][__main__][INFO] - ✓ [Qwen/Qwen3-14B] Temp=0.0 Rep=1 → Concordo fortemente
[2026-05-12 12:45:08,018][__main__][INFO] - ✓ [Qwen/Qwen3-14B] Temp=0.0 Rep=1 → Concordo fortemente
[2026-05-12 12:45:08,221][__main__][INFO] - ✓ [Qwen/Qwen3-235B-A22B-Instruct-2507] Temp=0.0 Rep=1 → Neutro
[2026-05-12 12:45:08,254][__main__][INFO] - ✓ [meta-llama/Meta-Llama-3.1-70B-Instruct] Temp=0.0 Rep=1 → Discordo fortemente
[2026-05-12 12:45:08,537][__main__][INFO] - ✓ [meta-llama/Meta-Llama-3.1-70B-Instruct] Temp=0.0 Rep=1 → Concordo fortemente
[2026-05-12 12:45:08,540][__main__][INFO] - ✓ [meta-llama/Meta-Llama-3.1-70B-Instruct] Temp=0.0 Rep=1 → Discordo
[2026-05-12 12:45:08,541][__main__][INFO] - ✓ [meta-llama/Llama-4-Scout-17B-16E-Instruct] Temp=0.0 Rep=1 → Concordo
[2026-05-12 12:45:08,666][__main__][INFO] - ✓ [meta-llama/Llama-4-Scout-17B-16E-Instruct] Temp=0.0 Rep=1 → Discordo fortemente
[2026-05-12 12:45:08,890][__main__][INFO] - ✓ [meta-llama/Llama-4-Scout-17B-16E-Instruct] Temp=0.0 Rep=1 → Discordo
[2026-05-12 12:45:09,652][__main__][INFO] - ✓ [Qwen/Qwen3-14B] Temp=0.0 Rep=1 → Discordo
[2026-05-12 12:45:09,654][__main__][INFO] - ✓ [Qwen/Qwen3-235B-A22B-Instruct-2507] Temp=0.0 Rep=1 → Concordo fortemente
[2026-05-12 12:45:09,966][__main__][INFO] - ✓ [Qwen/Qwen3-14B] Temp=0.0 Rep=1 → Concordo fortemente
[2026-05-12 12:45:10,007][__main__][INFO] - ✓ [Qwen/Qwen3-235B-A22B-Instruct-2507] Temp=0.0 Rep=1 → Discordo
[2026-05-12 12:45:10,110][__main__][INFO] - ✓ [Qwen/Qwen3-235B-A22B-Instruct-2507] Temp=0.0 Rep=1 → Concordo
[2026-05-12 12:45:10,677][__main__][INFO] - ✓ [meta-llama/Meta-Llama-3.1-70B-Instruct] Temp=0.0 Rep=1 → Discordo
[2026-05-12 12:45:10,681][__main__][INFO] - ✓ [meta-llama/Meta-Llama-3.1-70B-Instruct] Temp=0.0 Rep=1 → Concordo fortemente
[2026-05-12 12:45:10,708][__main__][INFO] - ✓ [meta-llama/Meta-Llama-3.1-70B-Instruct] Temp=0.0 Rep=1 → Concordo fortemente
[2026-05-12 12:45:10,914][__main__][INFO] - ✓ [Qwen/Qwen3-14B] Temp=0.0 Rep=1 → Discordo
[2026-05-12 12:45:10,955][__main__][INFO] - Salvamento incremental (6520 novas respostas)...
[2026-05-12 12:45:11,008][__main__][INFO] - Cache salvo com 246922 entradas
[2026-05-12 12:45:11,008][__main__][INFO] - ✓ [meta-llama/Llama-4-Scout-17B-16E-Instruct] Temp=0.0 Rep=1 → Discordo
[2026-05-12 12:45:11,010][__main__][INFO] - ✓ [meta-llama/Llama-4-Scout-17B-16E-Instruct] Temp=0.0 Rep=1 → Concordo fortemente
[2026-05-12 12:45:11,012][__main__][INFO] - ✓ [meta-llama/Llama-4-Scout-17B-16E-Instruct] Temp=0.0 Rep=1 → Concordo fortemente
[2026-05-12 12:45:12,111][__main__][INFO] - ✓ [Qwen/Qwen3-235B-A22B-Instruct-2507] Temp=0.0 Rep=1 → Discordo
[2026-05-12 12:45:12,205][__main__][INFO] - ✓ [Qwen/Qwen3-14B] Temp=0.0 Rep=1 → Concordo fortemente
[2026-05-12 12:45:12,932][__main__][INFO] - ✓ [Qwen/Qwen3-14B] Temp=0.0 Rep=1 → Concordo fortemente
[2026-05-12 12:45:12,935][__main__][INFO] - ✓ [Qwen/Qwen3-235B-A22B-Instruct-2507] Temp=0.0 Rep=1 → Concordo
[2026-05-12 12:45:12,936][__main__][INFO] - ✓ [Qwen/Qwen3-235B-A22B-Instruct-2507] Temp=0.0 Rep=1 → Neutro
[2026-05-12 12:45:13,854][__main__][INFO] - ✓ [meta-llama/Meta-Llama-3.1-70B-Instruct] Temp=0.0 Rep=1 → Concordo
[2026-05-12 12:45:13,859][__main__][INFO] - ✓ [meta-llama/Meta-Llama-3.1-70B-Instruct] Temp=0.0 Rep=1 → Discordo
[2026-05-12 12:45:13,859][__main__][INFO] - ✓ [meta-llama/Meta-Llama-3.1-70B-Instruct] Temp=0.0 Rep=1 → Concordo fortemente
[2026-05-12 12:45:14,364][__main__][INFO] - ✓ [meta-llama/Llama-4-Scout-17B-16E-Instruct] Temp=0.0 Rep=1 → Discordo fortemente
[2026-05-12 12:45:14,373][__main__][INFO] - ✓ [meta-llama/Llama-4-Scout-17B-16E-Instruct] Temp=0.0 Rep=1 → Concordo
[2026-05-12 12:45:14,396][__main__][INFO] - ✓ [meta-llama/Llama-4-Scout-17B-16E-Instruct] Temp=0.0 Rep=1 → Concordo fortemente
[2026-05-12 12:45:15,696][__main__][INFO] - ✓ [Qwen/Qwen3-14B] Temp=0.0 Rep=1 → Concordo fortemente
[2026-05-12 12:45:15,742][__main__][INFO] - ✓ [Qwen/Qwen3-14B] Temp=0.0 Rep=1 → Concordo fortemente
[2026-05-12 12:45:16,405][__main__][INFO] - ✓ [Qwen/Qwen3-235B-A22B-Instruct-2507] Temp=0.0 Rep=1 → Neutro
[2026-05-12 12:45:16,409][__main__][INFO] - ✓ [Qwen/Qwen3-235B-A22B-Instruct-2507] Temp=0.0 Rep=1 → Concordo fortemente
[2026-05-12 12:45:17,028][__main__][INFO] - ✓ [Qwen/Qwen3-14B] Temp=0.0 Rep=1 → Discordo
[2026-05-12 12:45:17,031][__main__][INFO] - ✓ [Qwen/Qwen3-235B-A22B-Instruct-2507] Temp=0.0 Rep=1 → Concordo
[2026-05-12 12:45:17,032][__main__][INFO] - ✓ [meta-llama/Meta-Llama-3.1-70B-Instruct] Temp=0.0 Rep=1 → Concordo fortemente
[2026-05-12 12:45:17,540][__main__][INFO] - ✓ [Qwen/Qwen3-14B] Temp=0.0 Rep=1 → Concordo fortemente
[2026-05-12 12:45:17,545][__main__][INFO] - ✓ [meta-llama/Llama-4-Scout-17B-16E-Instruct] Temp=0.0 Rep=1 → Concordo fortemente
[2026-05-12 12:45:17,547][__main__][INFO] - ✓ [meta-llama/Meta-Llama-3.1-70B-Instruct] Temp=0.0 Rep=1 → Discordo
[2026-05-12 12:45:17,624][__main__][INFO] - ✓ [meta-llama/Meta-Llama-3.1-70B-Instruct] Temp=0.0 Rep=1 → Concordo fortemente
[2026-05-12 12:45:17,976][__main__][INFO] - ✓ [meta-llama/Llama-4-Scout-17B-16E-Instruct] Temp=0.0 Rep=1 → Discordo
[2026-05-12 12:45:17,979][__main__][INFO] - ✓ [meta-llama/Llama-4-Scout-17B-16E-Instruct] Temp=0.0 Rep=1 → Concordo fortemente
[2026-05-12 12:45:18,369][__main__][INFO] - ✓ [Qwen/Qwen3-235B-A22B-Instruct-2507] Temp=0.0 Rep=1 → Discordo
[2026-05-12 12:45:19,280][__main__][INFO] - ✓ [Qwen/Qwen3-235B-A22B-Instruct-2507] Temp=0.0 Rep=1 → Concordo fortemente
[2026-05-12 12:45:19,664][__main__][INFO] - ✓ [Qwen/Qwen3-14B] Temp=0.0 Rep=1 → Discordo
[2026-05-12 12:45:19,706][__main__][INFO] - ✓ [Qwen/Qwen3-235B-A22B-Instruct-2507] Temp=0.0 Rep=1 → Neutro
[2026-05-12 12:45:20,103][__main__][INFO] - ✓ [meta-llama/Meta-Llama-3.1-70B-Instruct] Temp=0.0 Rep=1 → Discordo
[2026-05-12 12:45:20,228][__main__][INFO] - ✓ [meta-llama/Meta-Llama-3.1-70B-Instruct] Temp=0.0 Rep=1 → Concordo fortemente
[2026-05-12 12:45:20,645][__main__][INFO] - ✓ [meta-llama/Llama-4-Scout-17B-16E-Instruct] Temp=0.0 Rep=1 → Discordo fortemente
[2026-05-12 12:45:20,669][__main__][INFO] - ✓ [meta-llama/Meta-Llama-3.1-70B-Instruct] Temp=0.0 Rep=1 → Concordo fortemente
[2026-05-12 12:45:20,856][__main__][INFO] - ✓ [Qwen/Qwen3-14B] Temp=0.0 Rep=1 → Concordo fortemente
[2026-05-12 12:45:20,959][__main__][INFO] - ✓ [meta-llama/Llama-4-Scout-17B-16E-Instruct] Temp=0.0 Rep=1 → Concordo fortemente
[2026-05-12 12:45:21,024][__main__][INFO] - ✓ [meta-llama/Llama-4-Scout-17B-16E-Instruct] Temp=0.0 Rep=1 → Concordo
[2026-05-12 12:45:22,002][__main__][INFO] - ✓ [Qwen/Qwen3-14B] Temp=0.0 Rep=1 → Concordo fortemente
[2026-05-12 12:45:22,761][__main__][INFO] - ✓ [Qwen/Qwen3-235B-A22B-Instruct-2507] Temp=0.0 Rep=1 → Concordo fortemente
[2026-05-12 12:45:24,810][__main__][INFO] - Salvamento incremental (6560 novas respostas)...
[2026-05-12 12:45:24,868][__main__][INFO] - Cache salvo com 246962 entradas
[2026-05-12 12:45:24,869][__main__][INFO] - ✓ [Qwen/Qwen3-14B] Temp=0.0 Rep=1 → Concordo fortemente
[2026-05-12 12:45:28,088][__main__][INFO] - ✓ [Qwen/Qwen3-14B] Temp=0.0 Rep=1 → Concordo fortemente
[2026-05-12 12:45:28,092][__main__][INFO] - ✓ [Qwen/Qwen3-14B] Temp=0.0 Rep=1 → Discordo
[2026-05-12 12:45:28,367][__main__][INFO] - ✓ [Qwen/Qwen3-14B] Temp=0.0 Rep=1 → Concordo fortemente
[2026-05-12 12:45:28,809][__main__][INFO] - ✓ [meta-llama/Meta-Llama-3.1-70B-Instruct] Temp=0.0 Rep=1 → Discordo
[2026-05-12 12:45:29,011][__main__][INFO] - ✓ [meta-llama/Meta-Llama-3.1-70B-Instruct] Temp=0.0 Rep=1 → Concordo fortemente
[2026-05-12 12:45:29,185][__main__][INFO] - ✓ [meta-llama/Llama-4-Scout-17B-16E-Instruct] Temp=0.0 Rep=1 → Concordo fortemente
[2026-05-12 12:45:29,189][__main__][INFO] - ✓ [Qwen/Qwen3-14B] Temp=0.0 Rep=1 → Concordo fortemente
[2026-05-12 12:45:29,281][__main__][INFO] - ✓ [meta-llama/Meta-Llama-3.1-70B-Instruct] Temp=0.0 Rep=1 → Concordo fortemente
[2026-05-12 12:45:29,415][__main__][INFO] - ✓ [meta-llama/Llama-4-Scout-17B-16E-Instruct] Temp=0.0 Rep=1 → Discordo
[2026-05-12 12:45:29,550][__main__][INFO] - ✓ [meta-llama/Llama-4-Scout-17B-16E-Instruct] Temp=0.0 Rep=1 → Concordo fortemente
[2026-05-12 12:45:29,916][__main__][INFO] - ✓ [Qwen/Qwen3-235B-A22B-Instruct-2507] Temp=0.0 Rep=1 → Discordo
[2026-05-12 12:45:30,268][__main__][INFO] - ✓ [Qwen/Qwen3-235B-A22B-Instruct-2507] Temp=0.0 Rep=1 → Discordo
[2026-05-12 12:45:30,293][__main__][INFO] - ✓ [Qwen/Qwen3-14B] Temp=0.0 Rep=1 → Concordo fortemente
[2026-05-12 12:45:30,618][__main__][INFO] - ✓ [Qwen/Qwen3-14B] Temp=0.0 Rep=1 → Discordo
[2026-05-12 12:45:30,685][__main__][INFO] - ✓ [Qwen/Qwen3-14B] Temp=0.0 Rep=1 → Concordo fortemente
[2026-05-12 12:45:30,862][__main__][INFO] - ✓ [meta-llama/Meta-Llama-3.1-70B-Instruct] Temp=0.0 Rep=1 → Discordo
[2026-05-12 12:45:30,877][__main__][INFO] - ✓ [Qwen/Qwen3-14B] Temp=0.0 Rep=1 → Concordo fortemente
[2026-05-12 12:45:31,260][__main__][INFO] - ✓ [meta-llama/Meta-Llama-3.1-70B-Instruct] Temp=0.0 Rep=1 → Discordo
[2026-05-12 12:45:31,267][__main__][INFO] - ✓ [meta-llama/Meta-Llama-3.1-70B-Instruct] Temp=0.0 Rep=1 → Concordo fortemente
[2026-05-12 12:45:31,290][__main__][INFO] - ✓ [meta-llama/Llama-4-Scout-17B-16E-Instruct] Temp=0.0 Rep=1 → Discordo
[2026-05-12 12:45:31,471][__main__][INFO] - ✓ [Qwen/Qwen3-235B-A22B-Instruct-2507] Temp=0.0 Rep=1 → Discordo
[2026-05-12 12:45:31,607][__main__][INFO] - ✓ [meta-llama/Llama-4-Scout-17B-16E-Instruct] Temp=0.0 Rep=1 → Concordo
[2026-05-12 12:45:31,611][__main__][INFO] - ✓ [Qwen/Qwen3-235B-A22B-Instruct-2507] Temp=0.0 Rep=1 → Neutro
[2026-05-12 12:45:31,612][__main__][INFO] - ✓ [Qwen/Qwen3-235B-A22B-Instruct-2507] Temp=0.0 Rep=1 → Neutro
[2026-05-12 12:45:31,662][__main__][INFO] - ✓ [meta-llama/Llama-4-Scout-17B-16E-Instruct] Temp=0.0 Rep=1 → Discordo
[2026-05-12 12:45:32,386][__main__][INFO] - ✓ [meta-llama/Meta-Llama-3.1-70B-Instruct] Temp=0.0 Rep=1 → Concordo fortemente
[2026-05-12 12:45:32,406][__main__][INFO] - ✓ [Qwen/Qwen3-235B-A22B-Instruct-2507] Temp=0.0 Rep=1 → Concordo fortemente
[2026-05-12 12:45:32,410][__main__][INFO] - ✓ [Qwen/Qwen3-235B-A22B-Instruct-2507] Temp=0.0 Rep=1 → Concordo fortemente
[2026-05-12 12:45:32,411][__main__][INFO] - ✓ [Qwen/Qwen3-235B-A22B-Instruct-2507] Temp=0.0 Rep=1 → Concordo fortemente
[2026-05-12 12:45:32,761][__main__][INFO] - ✓ [meta-llama/Llama-4-Scout-17B-16E-Instruct] Temp=0.0 Rep=1 → Concordo
[2026-05-12 12:45:32,903][__main__][INFO] - ✓ [meta-llama/Meta-Llama-3.1-70B-Instruct] Temp=0.0 Rep=1 → Concordo
[2026-05-12 12:45:33,001][__main__][INFO] - ✓ [meta-llama/Meta-Llama-3.1-70B-Instruct] Temp=0.0 Rep=1 → Concordo fortemente
[2026-05-12 12:45:33,182][__main__][INFO] - ✓ [meta-llama/Llama-4-Scout-17B-16E-Instruct] Temp=0.0 Rep=1 → Concordo fortemente
[2026-05-12 12:45:33,291][__main__][INFO] - ✓ [meta-llama/Llama-4-Scout-17B-16E-Instruct] Temp=0.0 Rep=1 → Concordo fortemente
[2026-05-12 12:45:33,742][__main__][INFO] - ✓ [Qwen/Qwen3-235B-A22B-Instruct-2507] Temp=0.0 Rep=1 → Discordo
[2026-05-12 12:45:34,637][__main__][INFO] - ✓ [Qwen/Qwen3-235B-A22B-Instruct-2507] Temp=0.0 Rep=1 → Concordo fortemente
[2026-05-12 12:45:35,459][__main__][INFO] - ✓ [Qwen/Qwen3-235B-A22B-Instruct-2507] Temp=0.0 Rep=1 → Discordo
[2026-05-12 12:45:36,006][__main__][INFO] - ✓ [meta-llama/Meta-Llama-3.1-70B-Instruct] Temp=0.0 Rep=1 → Discordo fortemente
[2026-05-12 12:45:36,687][__main__][INFO] - ✓ [meta-llama/Meta-Llama-3.1-70B-Instruct] Temp=0.0 Rep=1 → Concordo fortemente
[2026-05-12 12:45:37,199][__main__][INFO] - Salvamento incremental (6600 novas respostas)...
[2026-05-12 12:45:37,252][__main__][INFO] - Cache salvo com 247002 entradas
[2026-05-12 12:45:37,252][__main__][INFO] - ✓ [meta-llama/Meta-Llama-3.1-70B-Instruct] Temp=0.0 Rep=1 → Discordo
[2026-05-12 12:45:37,636][__main__][INFO] - ✓ [meta-llama/Llama-4-Scout-17B-16E-Instruct] Temp=0.0 Rep=1 → Discordo
[2026-05-12 12:45:38,264][__main__][INFO] - ✓ [meta-llama/Llama-4-Scout-17B-16E-Instruct] Temp=0.0 Rep=1 → Concordo fortemente
[2026-05-12 12:45:38,734][__main__][INFO] - ✓ [meta-llama/Llama-4-Scout-17B-16E-Instruct] Temp=0.0 Rep=1 → Discordo
[2026-05-12 12:45:39,863][__main__][INFO] - ✓ [Qwen/Qwen3-14B] Temp=0.0 Rep=1 → Concordo fortemente
[2026-05-12 12:45:39,997][__main__][INFO] - ✓ [Qwen/Qwen3-14B] Temp=0.0 Rep=1 → Concordo fortemente
[2026-05-12 12:45:41,635][__main__][INFO] - ✓ [Qwen/Qwen3-14B] Temp=0.0 Rep=1 → Concordo fortemente
[2026-05-12 12:45:41,721][__main__][INFO] - ✓ [Qwen/Qwen3-14B] Temp=0.0 Rep=1 → Discordo
[2026-05-12 12:45:42,322][__main__][INFO] - ✓ [Qwen/Qwen3-235B-A22B-Instruct-2507] Temp=0.0 Rep=1 → Concordo
[2026-05-12 12:45:42,342][__main__][INFO] - ✓ [Qwen/Qwen3-235B-A22B-Instruct-2507] Temp=0.0 Rep=1 → Concordo fortemente
[2026-05-12 12:45:42,934][__main__][INFO] - ✓ [Qwen/Qwen3-14B] Temp=0.0 Rep=1 → Concordo fortemente
[2026-05-12 12:45:42,958][__main__][INFO] - ✓ [meta-llama/Meta-Llama-3.1-70B-Instruct] Temp=0.0 Rep=1 → Concordo fortemente
[2026-05-12 12:45:43,146][__main__][INFO] - ✓ [Qwen/Qwen3-235B-A22B-Instruct-2507] Temp=0.0 Rep=1 → Concordo fortemente
[2026-05-12 12:45:43,554][__main__][INFO] - ✓ [meta-llama/Llama-4-Scout-17B-16E-Instruct] Temp=0.0 Rep=1 → Concordo fortemente
[2026-05-12 12:45:43,776][__main__][INFO] - ✓ [meta-llama/Meta-Llama-3.1-70B-Instruct] Temp=0.0 Rep=1 → Concordo
[2026-05-12 12:45:44,033][__main__][INFO] - ✓ [meta-llama/Meta-Llama-3.1-70B-Instruct] Temp=0.0 Rep=1 → Concordo fortemente
[2026-05-12 12:45:44,072][__main__][INFO] - ✓ [meta-llama/Llama-4-Scout-17B-16E-Instruct] Temp=0.0 Rep=1 → Concordo
[2026-05-12 12:45:44,564][__main__][INFO] - ✓ [meta-llama/Llama-4-Scout-17B-16E-Instruct] Temp=0.0 Rep=1 → Concordo fortemente
[2026-05-12 12:45:45,802][__main__][INFO] - ✓ [Qwen/Qwen3-14B] Temp=0.0 Rep=1 → Concordo fortemente
[2026-05-12 12:45:46,318][__main__][INFO] - ✓ [Qwen/Qwen3-14B] Temp=0.0 Rep=1 → Discordo
[2026-05-12 12:45:51,365][__main__][INFO] - ✓ [Qwen/Qwen3-235B-A22B-Instruct-2507] Temp=0.0 Rep=1 → Discordo
[2026-05-12 12:45:51,532][__main__][INFO] - ✓ [Qwen/Qwen3-235B-A22B-Instruct-2507] Temp=0.0 Rep=1 → Discordo fortemente
[2026-05-12 12:45:51,887][__main__][INFO] - ✓ [Qwen/Qwen3-235B-A22B-Instruct-2507] Temp=0.0 Rep=1 → Discordo
[2026-05-12 12:45:52,120][__main__][INFO] - ✓ [meta-llama/Meta-Llama-3.1-70B-Instruct] Temp=0.0 Rep=1 → Discordo fortemente
[2026-05-12 12:45:53,175][__main__][INFO] - ✓ [meta-llama/Meta-Llama-3.1-70B-Instruct] Temp=0.0 Rep=1 → Discordo
[2026-05-12 12:45:53,183][__main__][INFO] - ✓ [meta-llama/Meta-Llama-3.1-70B-Instruct] Temp=0.0 Rep=1 → Concordo fortemente
[2026-05-12 12:45:53,632][__main__][INFO] - ✓ [meta-llama/Llama-4-Scout-17B-16E-Instruct] Temp=0.0 Rep=1 → Discordo
[2026-05-12 12:45:53,635][__main__][INFO] - ✓ [meta-llama/Llama-4-Scout-17B-16E-Instruct] Temp=0.0 Rep=1 → Concordo fortemente
[2026-05-12 12:45:54,001][__main__][INFO] - ✓ [meta-llama/Llama-4-Scout-17B-16E-Instruct] Temp=0.0 Rep=1 → Discordo
[2026-05-12 12:45:54,424][__main__][INFO] - ✓ [Qwen/Qwen3-14B] Temp=0.0 Rep=1 → Discordo
[2026-05-12 12:45:59,219][__main__][INFO] - ✓ [Qwen/Qwen3-14B] Temp=0.0 Rep=1 → Concordo fortemente
[2026-05-12 12:45:59,830][__main__][INFO] - ✓ [Qwen/Qwen3-14B] Temp=0.0 Rep=1 → Concordo fortemente
[2026-05-12 12:46:00,139][__main__][INFO] - ✓ [Qwen/Qwen3-14B] Temp=0.0 Rep=1 → Discordo
[2026-05-12 12:46:00,197][__main__][INFO] - ✓ [Qwen/Qwen3-235B-A22B-Instruct-2507] Temp=0.0 Rep=1 → Concordo fortemente
[2026-05-12 12:46:00,446][__main__][INFO] - ✓ [Qwen/Qwen3-235B-A22B-Instruct-2507] Temp=0.0 Rep=1 → Concordo
[2026-05-12 12:46:00,854][__main__][INFO] - ✓ [Qwen/Qwen3-235B-A22B-Instruct-2507] Temp=0.0 Rep=1 → Concordo fortemente
[2026-05-12 12:46:00,967][__main__][INFO] - ✓ [meta-llama/Meta-Llama-3.1-70B-Instruct] Temp=0.0 Rep=1 → Concordo fortemente
[2026-05-12 12:46:00,986][__main__][INFO] - ✓ [meta-llama/Meta-Llama-3.1-70B-Instruct] Temp=0.0 Rep=1 → Concordo
[2026-05-12 12:46:01,312][__main__][INFO] - ✓ [meta-llama/Llama-4-Scout-17B-16E-Instruct] Temp=0.0 Rep=1 → Concordo
[2026-05-12 12:46:01,387][__main__][INFO] - ✓ [meta-llama/Llama-4-Scout-17B-16E-Instruct] Temp=0.0 Rep=1 → Concordo fortemente
[2026-05-12 12:46:01,494][__main__][INFO] - Salvamento incremental (6640 novas respostas)...
[2026-05-12 12:46:01,556][__main__][INFO] - Cache salvo com 247042 entradas
[2026-05-12 12:46:01,556][__main__][INFO] - ✓ [meta-llama/Meta-Llama-3.1-70B-Instruct] Temp=0.0 Rep=1 → Concordo fortemente
[2026-05-12 12:46:01,766][__main__][INFO] - ✓ [meta-llama/Llama-4-Scout-17B-16E-Instruct] Temp=0.0 Rep=1 → Concordo fortemente
[2026-05-12 12:46:04,954][__main__][INFO] - ✓ [Qwen/Qwen3-14B] Temp=0.0 Rep=1 → Concordo fortemente
[2026-05-12 12:46:05,360][__main__][INFO] - ✓ [Qwen/Qwen3-14B] Temp=0.0 Rep=1 → Concordo
[2026-05-12 12:46:06,079][__main__][INFO] - ✓ [Qwen/Qwen3-14B] Temp=0.0 Rep=1 → Concordo
[2026-05-12 12:46:06,083][__main__][INFO] - ✓ [Qwen/Qwen3-235B-A22B-Instruct-2507] Temp=0.0 Rep=1 → Neutro
[2026-05-12 12:46:06,255][__main__][INFO] - ✓ [Qwen/Qwen3-235B-A22B-Instruct-2507] Temp=0.0 Rep=1 → Concordo fortemente
[2026-05-12 12:46:06,794][__main__][INFO] - ✓ [meta-llama/Meta-Llama-3.1-70B-Instruct] Temp=0.0 Rep=1 → Concordo
[2026-05-12 12:46:06,800][__main__][INFO] - ✓ [Qwen/Qwen3-235B-A22B-Instruct-2507] Temp=0.0 Rep=1 → Neutro
[2026-05-12 12:46:06,884][__main__][INFO] - ✓ [meta-llama/Meta-Llama-3.1-70B-Instruct] Temp=0.0 Rep=1 → Concordo fortemente
[2026-05-12 12:46:07,275][__main__][INFO] - ✓ [meta-llama/Llama-4-Scout-17B-16E-Instruct] Temp=0.0 Rep=1 → Concordo fortemente
[2026-05-12 12:46:07,280][__main__][INFO] - ✓ [meta-llama/Llama-4-Scout-17B-16E-Instruct] Temp=0.0 Rep=1 → Discordo
[2026-05-12 12:46:07,400][__main__][INFO] - ✓ [meta-llama/Meta-Llama-3.1-70B-Instruct] Temp=0.0 Rep=1 → Concordo
[2026-05-12 12:46:07,636][__main__][INFO] - ✓ [meta-llama/Llama-4-Scout-17B-16E-Instruct] Temp=0.0 Rep=1 → Concordo fortemente
[2026-05-12 12:46:09,763][__main__][INFO] - ✓ [Qwen/Qwen3-14B] Temp=0.0 Rep=1 → Concordo fortemente
[2026-05-12 12:46:10,430][__main__][INFO] - ✓ [Qwen/Qwen3-235B-A22B-Instruct-2507] Temp=0.0 Rep=1 → Concordo fortemente
[2026-05-12 12:46:10,832][__main__][INFO] - ✓ [Qwen/Qwen3-235B-A22B-Instruct-2507] Temp=0.0 Rep=1 → Neutro
[2026-05-12 12:46:11,458][__main__][INFO] - ✓ [Qwen/Qwen3-235B-A22B-Instruct-2507] Temp=0.0 Rep=1 → Neutro
[2026-05-12 12:46:11,982][__main__][INFO] - ✓ [meta-llama/Meta-Llama-3.1-70B-Instruct] Temp=0.0 Rep=1 → Concordo fortemente
[2026-05-12 12:46:12,581][__main__][INFO] - ✓ [meta-llama/Meta-Llama-3.1-70B-Instruct] Temp=0.0 Rep=1 → Discordo
[2026-05-12 12:46:13,034][__main__][INFO] - ✓ [meta-llama/Meta-Llama-3.1-70B-Instruct] Temp=0.0 Rep=1 → Concordo
[2026-05-12 12:46:13,449][__main__][INFO] - ✓ [meta-llama/Llama-4-Scout-17B-16E-Instruct] Temp=0.0 Rep=1 → Concordo fortemente
[2026-05-12 12:46:13,863][__main__][INFO] - ✓ [meta-llama/Llama-4-Scout-17B-16E-Instruct] Temp=0.0 Rep=1 → Discordo
[2026-05-12 12:46:14,474][__main__][INFO] - ✓ [meta-llama/Llama-4-Scout-17B-16E-Instruct] Temp=0.0 Rep=1 → Concordo fortemente
[2026-05-12 12:46:14,884][__main__][INFO] - ✓ [Qwen/Qwen3-14B] Temp=0.0 Rep=1 → Neutro
[2026-05-12 12:46:15,702][__main__][INFO] - ✓ [Qwen/Qwen3-14B] Temp=0.0 Rep=1 → Concordo fortemente
[2026-05-12 12:46:16,222][__main__][INFO] - ✓ [Qwen/Qwen3-14B] Temp=0.0 Rep=1 → Concordo fortemente
[2026-05-12 12:46:16,355][__main__][INFO] - ✓ [Qwen/Qwen3-14B] Temp=0.0 Rep=1 → Neutro
[2026-05-12 12:46:16,931][__main__][INFO] - ✓ [Qwen/Qwen3-235B-A22B-Instruct-2507] Temp=0.0 Rep=1 → Neutro
[2026-05-12 12:46:17,047][__main__][INFO] - ✓ [Qwen/Qwen3-235B-A22B-Instruct-2507] Temp=0.0 Rep=1 → Concordo fortemente
[2026-05-12 12:46:17,751][__main__][INFO] - ✓ [meta-llama/Meta-Llama-3.1-70B-Instruct] Temp=0.0 Rep=1 → Discordo
[2026-05-12 12:46:17,754][__main__][INFO] - ✓ [Qwen/Qwen3-235B-A22B-Instruct-2507] Temp=0.0 Rep=1 → Neutro
[2026-05-12 12:46:18,468][__main__][INFO] - ✓ [meta-llama/Meta-Llama-3.1-70B-Instruct] Temp=0.0 Rep=1 → Concordo
[2026-05-12 12:46:18,471][__main__][INFO] - ✓ [meta-llama/Meta-Llama-3.1-70B-Instruct] Temp=0.0 Rep=1 → Concordo fortemente
[2026-05-12 12:46:18,901][__main__][INFO] - ✓ [Qwen/Qwen3-14B] Temp=0.0 Rep=1 → Concordo fortemente
[2026-05-12 12:46:19,177][__main__][INFO] - ✓ [Qwen/Qwen3-14B] Temp=0.0 Rep=1 → Concordo fortemente
[2026-05-12 12:46:19,226][__main__][INFO] - ✓ [meta-llama/Llama-4-Scout-17B-16E-Instruct] Temp=0.0 Rep=1 → Concordo
[2026-05-12 12:46:19,322][__main__][INFO] - ✓ [meta-llama/Llama-4-Scout-17B-16E-Instruct] Temp=0.0 Rep=1 → Concordo fortemente
[2026-05-12 12:46:19,325][__main__][INFO] - ✓ [meta-llama/Llama-4-Scout-17B-16E-Instruct] Temp=0.0 Rep=1 → Neutro
[2026-05-12 12:46:19,912][__main__][INFO] - ✓ [Qwen/Qwen3-235B-A22B-Instruct-2507] Temp=0.0 Rep=1 → Concordo fortemente
[2026-05-12 12:46:21,751][__main__][INFO] - Salvamento incremental (6680 novas respostas)...
[2026-05-12 12:46:21,807][__main__][INFO] - Cache salvo com 247082 entradas
[2026-05-12 12:46:21,807][__main__][INFO] - ✓ [Qwen/Qwen3-235B-A22B-Instruct-2507] Temp=0.0 Rep=1 → Neutro
[2026-05-12 12:46:22,665][__main__][INFO] - ✓ [Qwen/Qwen3-235B-A22B-Instruct-2507] Temp=0.0 Rep=1 → Neutro
[2026-05-12 12:46:23,588][__main__][INFO] - ✓ [meta-llama/Meta-Llama-3.1-70B-Instruct] Temp=0.0 Rep=1 → Concordo fortemente
[2026-05-12 12:46:24,067][__main__][INFO] - ✓ [meta-llama/Meta-Llama-3.1-70B-Instruct] Temp=0.0 Rep=1 → Discordo
[2026-05-12 12:46:24,615][__main__][INFO] - ✓ [meta-llama/Meta-Llama-3.1-70B-Instruct] Temp=0.0 Rep=1 → Concordo
[2026-05-12 12:46:25,128][__main__][INFO] - ✓ [Qwen/Qwen3-14B] Temp=0.0 Rep=1 → Concordo fortemente
[2026-05-12 12:46:25,131][__main__][INFO] - ✓ [meta-llama/Llama-4-Scout-17B-16E-Instruct] Temp=0.0 Rep=1 → Concordo fortemente
[2026-05-12 12:46:25,641][__main__][INFO] - ✓ [Qwen/Qwen3-14B] Temp=0.0 Rep=1 → Concordo fortemente
[2026-05-12 12:46:25,645][__main__][INFO] - ✓ [meta-llama/Llama-4-Scout-17B-16E-Instruct] Temp=0.0 Rep=1 → Discordo
[2026-05-12 12:46:25,646][__main__][INFO] - ✓ [Qwen/Qwen3-14B] Temp=0.0 Rep=1 → Concordo fortemente
[2026-05-12 12:46:25,647][__main__][INFO] - ✓ [meta-llama/Llama-4-Scout-17B-16E-Instruct] Temp=0.0 Rep=1 → Concordo fortemente
[2026-05-12 12:46:28,812][__main__][INFO] - ✓ [Qwen/Qwen3-235B-A22B-Instruct-2507] Temp=0.0 Rep=1 → Concordo fortemente
[2026-05-12 12:46:30,653][__main__][INFO] - ✓ [Qwen/Qwen3-235B-A22B-Instruct-2507] Temp=0.0 Rep=1 → Discordo
[2026-05-12 12:46:31,267][__main__][INFO] - ✓ [Qwen/Qwen3-235B-A22B-Instruct-2507] Temp=0.0 Rep=1 → Neutro
[2026-05-12 12:46:31,904][__main__][INFO] - ✓ [meta-llama/Meta-Llama-3.1-70B-Instruct] Temp=0.0 Rep=1 → Concordo fortemente
[2026-05-12 12:46:32,497][__main__][INFO] - ✓ [meta-llama/Meta-Llama-3.1-70B-Instruct] Temp=0.0 Rep=1 → Discordo
[2026-05-12 12:46:33,213][__main__][INFO] - ✓ [Qwen/Qwen3-14B] Temp=0.0 Rep=1 → Concordo fortemente
[2026-05-12 12:46:33,293][__main__][INFO] - ✓ [meta-llama/Meta-Llama-3.1-70B-Instruct] Temp=0.0 Rep=1 → Concordo
[2026-05-12 12:46:33,478][__main__][INFO] - ✓ [Qwen/Qwen3-14B] Temp=0.0 Rep=1 → Concordo fortemente
[2026-05-12 12:46:33,726][__main__][INFO] - ✓ [meta-llama/Llama-4-Scout-17B-16E-Instruct] Temp=0.0 Rep=1 → Concordo fortemente
[2026-05-12 12:46:33,730][__main__][INFO] - ✓ [meta-llama/Llama-4-Scout-17B-16E-Instruct] Temp=0.0 Rep=1 → Discordo
[2026-05-12 12:46:33,854][__main__][INFO] - ✓ [meta-llama/Llama-4-Scout-17B-16E-Instruct] Temp=0.0 Rep=1 → Concordo fortemente
[2026-05-12 12:46:36,183][__main__][INFO] - ✓ [Qwen/Qwen3-14B] Temp=0.0 Rep=1 → Concordo fortemente
[2026-05-12 12:46:36,797][__main__][INFO] - ✓ [Qwen/Qwen3-235B-A22B-Instruct-2507] Temp=0.0 Rep=1 → Neutro
[2026-05-12 12:46:37,514][__main__][INFO] - ✓ [Qwen/Qwen3-235B-A22B-Instruct-2507] Temp=0.0 Rep=1 → Concordo fortemente
[2026-05-12 12:46:38,026][__main__][INFO] - ✓ [Qwen/Qwen3-235B-A22B-Instruct-2507] Temp=0.0 Rep=1 → Neutro
[2026-05-12 12:46:38,538][__main__][INFO] - ✓ [meta-llama/Meta-Llama-3.1-70B-Instruct] Temp=0.0 Rep=1 → Concordo
[2026-05-12 12:46:38,761][__main__][INFO] - ✓ [Qwen/Qwen3-14B] Temp=0.0 Rep=1 → Concordo fortemente
[2026-05-12 12:46:38,782][__main__][INFO] - ✓ [Qwen/Qwen3-14B] Temp=0.0 Rep=1 → Concordo fortemente
[2026-05-12 12:46:39,152][__main__][INFO] - ✓ [Qwen/Qwen3-14B] Temp=0.0 Rep=1 → Concordo fortemente
[2026-05-12 12:46:39,156][__main__][INFO] - ✓ [meta-llama/Llama-4-Scout-17B-16E-Instruct] Temp=0.0 Rep=1 → Concordo fortemente
[2026-05-12 12:46:39,159][__main__][INFO] - ✓ [meta-llama/Meta-Llama-3.1-70B-Instruct] Temp=0.0 Rep=1 → Concordo fortemente
[2026-05-12 12:46:39,245][__main__][INFO] - ✓ [meta-llama/Meta-Llama-3.1-70B-Instruct] Temp=0.0 Rep=1 → Concordo
[2026-05-12 12:46:39,869][__main__][INFO] - ✓ [meta-llama/Llama-4-Scout-17B-16E-Instruct] Temp=0.0 Rep=1 → Concordo fortemente
[2026-05-12 12:46:39,905][__main__][INFO] - ✓ [meta-llama/Llama-4-Scout-17B-16E-Instruct] Temp=0.0 Rep=1 → Concordo
[2026-05-12 12:46:40,586][__main__][INFO] - ✓ [Qwen/Qwen3-235B-A22B-Instruct-2507] Temp=0.0 Rep=1 → Discordo
[2026-05-12 12:46:41,098][__main__][INFO] - ✓ [Qwen/Qwen3-235B-A22B-Instruct-2507] Temp=0.0 Rep=1 → Discordo
[2026-05-12 12:46:41,712][__main__][INFO] - ✓ [Qwen/Qwen3-235B-A22B-Instruct-2507] Temp=0.0 Rep=1 → Discordo
[2026-05-12 12:46:42,287][__main__][INFO] - ✓ [Qwen/Qwen3-14B] Temp=0.0 Rep=1 → Discordo
[2026-05-12 12:46:42,291][__main__][INFO] - ✓ [meta-llama/Meta-Llama-3.1-70B-Instruct] Temp=0.0 Rep=1 → Discordo fortemente
[2026-05-12 12:46:42,941][__main__][INFO] - Salvamento incremental (6720 novas respostas)...
[2026-05-12 12:46:43,000][__main__][INFO] - Cache salvo com 247122 entradas
[2026-05-12 12:46:43,001][__main__][INFO] - ✓ [meta-llama/Meta-Llama-3.1-70B-Instruct] Temp=0.0 Rep=1 → Discordo
[2026-05-12 12:46:43,002][__main__][INFO] - ✓ [meta-llama/Meta-Llama-3.1-70B-Instruct] Temp=0.0 Rep=1 → Concordo fortemente
[2026-05-12 12:46:43,455][__main__][INFO] - ✓ [meta-llama/Llama-4-Scout-17B-16E-Instruct] Temp=0.0 Rep=1 → Concordo
[2026-05-12 12:46:43,593][__main__][INFO] - ✓ [meta-llama/Llama-4-Scout-17B-16E-Instruct] Temp=0.0 Rep=1 → Discordo
[2026-05-12 12:46:43,805][__main__][INFO] - ✓ [meta-llama/Llama-4-Scout-17B-16E-Instruct] Temp=0.0 Rep=1 → Discordo
[2026-05-12 12:46:44,680][__main__][INFO] - ✓ [Qwen/Qwen3-14B] Temp=0.0 Rep=1 → Concordo fortemente
[2026-05-12 12:46:46,064][__main__][INFO] - ✓ [Qwen/Qwen3-14B] Temp=0.0 Rep=1 → Discordo
[2026-05-12 12:46:46,179][__main__][INFO] - ✓ [Qwen/Qwen3-14B] Temp=0.0 Rep=1 → Concordo fortemente
[2026-05-12 12:46:46,632][__main__][INFO] - ✓ [Qwen/Qwen3-235B-A22B-Instruct-2507] Temp=0.0 Rep=1 → Discordo
[2026-05-12 12:46:46,668][__main__][INFO] - ✓ [Qwen/Qwen3-235B-A22B-Instruct-2507] Temp=0.0 Rep=1 → Discordo
[2026-05-12 12:46:47,114][__main__][INFO] - ✓ [Qwen/Qwen3-235B-A22B-Instruct-2507] Temp=0.0 Rep=1 → Discordo
[2026-05-12 12:46:47,329][__main__][INFO] - ✓ [meta-llama/Meta-Llama-3.1-70B-Instruct] Temp=0.0 Rep=1 → Discordo fortemente
[2026-05-12 12:46:47,723][__main__][INFO] - ✓ [meta-llama/Meta-Llama-3.1-70B-Instruct] Temp=0.0 Rep=1 → Concordo fortemente
[2026-05-12 12:46:48,162][__main__][INFO] - ✓ [meta-llama/Llama-4-Scout-17B-16E-Instruct] Temp=0.0 Rep=1 → Discordo
[2026-05-12 12:46:48,440][__main__][INFO] - ✓ [meta-llama/Meta-Llama-3.1-70B-Instruct] Temp=0.0 Rep=1 → Discordo
[2026-05-12 12:46:48,686][__main__][INFO] - ✓ [meta-llama/Llama-4-Scout-17B-16E-Instruct] Temp=0.0 Rep=1 → Concordo fortemente
[2026-05-12 12:46:48,851][__main__][INFO] - ✓ [meta-llama/Llama-4-Scout-17B-16E-Instruct] Temp=0.0 Rep=1 → Discordo
[2026-05-12 12:46:49,254][__main__][INFO] - ✓ [Qwen/Qwen3-14B] Temp=0.0 Rep=1 → Concordo fortemente
[2026-05-12 12:46:51,832][__main__][INFO] - ✓ [Qwen/Qwen3-14B] Temp=0.0 Rep=1 → Concordo fortemente
[2026-05-12 12:46:52,465][__main__][INFO] - ✓ [Qwen/Qwen3-235B-A22B-Instruct-2507] Temp=0.0 Rep=1 → Concordo fortemente
[2026-05-12 12:46:52,880][__main__][INFO] - ✓ [Qwen/Qwen3-14B] Temp=0.0 Rep=1 → Concordo fortemente
[2026-05-12 12:46:52,978][__main__][INFO] - ✓ [Qwen/Qwen3-235B-A22B-Instruct-2507] Temp=0.0 Rep=1 → Concordo fortemente
[2026-05-12 12:46:53,514][__main__][INFO] - ✓ [Qwen/Qwen3-235B-A22B-Instruct-2507] Temp=0.0 Rep=1 → Concordo fortemente
[2026-05-12 12:46:53,521][__main__][INFO] - ✓ [meta-llama/Meta-Llama-3.1-70B-Instruct] Temp=0.0 Rep=1 → Concordo fortemente
[2026-05-12 12:46:53,982][__main__][INFO] - ✓ [meta-llama/Meta-Llama-3.1-70B-Instruct] Temp=0.0 Rep=1 → Discordo
[2026-05-12 12:46:54,114][__main__][INFO] - ✓ [meta-llama/Meta-Llama-3.1-70B-Instruct] Temp=0.0 Rep=1 → Concordo fortemente
[2026-05-12 12:46:54,364][__main__][INFO] - ✓ [Qwen/Qwen3-14B] Temp=0.0 Rep=1 → Discordo
[2026-05-12 12:46:54,516][__main__][INFO] - ✓ [meta-llama/Llama-4-Scout-17B-16E-Instruct] Temp=0.0 Rep=1 → Concordo fortemente
[2026-05-12 12:46:54,532][__main__][INFO] - ✓ [meta-llama/Llama-4-Scout-17B-16E-Instruct] Temp=0.0 Rep=1 → Concordo
[2026-05-12 12:46:54,731][__main__][INFO] - ✓ [meta-llama/Llama-4-Scout-17B-16E-Instruct] Temp=0.0 Rep=1 → Concordo fortemente
[2026-05-12 12:46:56,147][__main__][INFO] - ✓ [Qwen/Qwen3-14B] Temp=0.0 Rep=1 → Concordo fortemente
[2026-05-12 12:46:56,205][__main__][INFO] - ✓ [Qwen/Qwen3-14B] Temp=0.0 Rep=1 → Concordo fortemente
[2026-05-12 12:46:56,612][__main__][INFO] - ✓ [Qwen/Qwen3-235B-A22B-Instruct-2507] Temp=0.0 Rep=1 → Concordo
[2026-05-12 12:46:56,624][__main__][INFO] - ✓ [Qwen/Qwen3-14B] Temp=0.0 Rep=1 → Concordo fortemente
[2026-05-12 12:46:56,636][__main__][INFO] - ✓ [Qwen/Qwen3-235B-A22B-Instruct-2507] Temp=0.0 Rep=1 → Concordo fortemente
[2026-05-12 12:46:57,075][__main__][INFO] - ✓ [meta-llama/Meta-Llama-3.1-70B-Instruct] Temp=0.0 Rep=1 → Discordo
[2026-05-12 12:46:57,222][__main__][INFO] - ✓ [meta-llama/Meta-Llama-3.1-70B-Instruct] Temp=0.0 Rep=1 → Concordo fortemente
[2026-05-12 12:46:57,292][__main__][INFO] - ✓ [Qwen/Qwen3-235B-A22B-Instruct-2507] Temp=0.0 Rep=1 → Concordo fortemente
[2026-05-12 12:46:57,612][__main__][INFO] - ✓ [meta-llama/Llama-4-Scout-17B-16E-Instruct] Temp=0.0 Rep=1 → Concordo fortemente
[2026-05-12 12:46:57,652][__main__][INFO] - ✓ [Qwen/Qwen3-14B] Temp=0.0 Rep=1 → Concordo fortemente
[2026-05-12 12:46:57,754][__main__][INFO] - Salvamento incremental (6760 novas respostas)...
[2026-05-12 12:46:57,808][__main__][INFO] - Cache salvo com 247162 entradas
[2026-05-12 12:46:57,809][__main__][INFO] - ✓ [meta-llama/Meta-Llama-3.1-70B-Instruct] Temp=0.0 Rep=1 → Concordo fortemente
[2026-05-12 12:46:57,810][__main__][INFO] - ✓ [meta-llama/Llama-4-Scout-17B-16E-Instruct] Temp=0.0 Rep=1 → Concordo
[2026-05-12 12:46:58,120][__main__][INFO] - ✓ [meta-llama/Llama-4-Scout-17B-16E-Instruct] Temp=0.0 Rep=1 → Concordo fortemente
[2026-05-12 12:46:58,710][__main__][INFO] - ✓ [Qwen/Qwen3-235B-A22B-Instruct-2507] Temp=0.0 Rep=1 → Discordo
[2026-05-12 12:46:58,720][__main__][INFO] - ✓ [Qwen/Qwen3-14B] Temp=0.0 Rep=1 → Concordo fortemente
[2026-05-12 12:46:59,281][__main__][INFO] - ✓ [Qwen/Qwen3-235B-A22B-Instruct-2507] Temp=0.0 Rep=1 → Discordo
[2026-05-12 12:46:59,307][__main__][INFO] - ✓ [Qwen/Qwen3-235B-A22B-Instruct-2507] Temp=0.0 Rep=1 → Discordo
[2026-05-12 12:46:59,390][__main__][INFO] - ✓ [Qwen/Qwen3-14B] Temp=0.0 Rep=1 → Discordo
[2026-05-12 12:46:59,917][__main__][INFO] - ✓ [meta-llama/Meta-Llama-3.1-70B-Instruct] Temp=0.0 Rep=1 → Discordo
[2026-05-12 12:46:59,934][__main__][INFO] - ✓ [meta-llama/Meta-Llama-3.1-70B-Instruct] Temp=0.0 Rep=1 → Discordo fortemente
[2026-05-12 12:46:59,961][__main__][INFO] - ✓ [Qwen/Qwen3-14B] Temp=0.0 Rep=1 → Concordo fortemente
[2026-05-12 12:46:59,981][__main__][INFO] - ✓ [meta-llama/Meta-Llama-3.1-70B-Instruct] Temp=0.0 Rep=1 → Concordo fortemente
[2026-05-12 12:47:00,330][__main__][INFO] - ✓ [meta-llama/Llama-4-Scout-17B-16E-Instruct] Temp=0.0 Rep=1 → Discordo fortemente
[2026-05-12 12:47:00,374][__main__][INFO] - ✓ [meta-llama/Llama-4-Scout-17B-16E-Instruct] Temp=0.0 Rep=1 → Discordo
[2026-05-12 12:47:00,774][__main__][INFO] - ✓ [meta-llama/Llama-4-Scout-17B-16E-Instruct] Temp=0.0 Rep=1 → Concordo fortemente
[2026-05-12 12:47:01,272][__main__][INFO] - ✓ [Qwen/Qwen3-235B-A22B-Instruct-2507] Temp=0.0 Rep=1 → Concordo fortemente
[2026-05-12 12:47:01,823][__main__][INFO] - ✓ [Qwen/Qwen3-235B-A22B-Instruct-2507] Temp=0.0 Rep=1 → Concordo
[2026-05-12 12:47:02,116][__main__][INFO] - ✓ [Qwen/Qwen3-14B] Temp=0.0 Rep=1 → Discordo
[2026-05-12 12:47:03,373][__main__][INFO] - ✓ [meta-llama/Meta-Llama-3.1-70B-Instruct] Temp=0.0 Rep=1 → Concordo fortemente
[2026-05-12 12:47:03,378][__main__][INFO] - ✓ [Qwen/Qwen3-235B-A22B-Instruct-2507] Temp=0.0 Rep=1 → Concordo fortemente
[2026-05-12 12:47:03,889][__main__][INFO] - ✓ [meta-llama/Meta-Llama-3.1-70B-Instruct] Temp=0.0 Rep=1 → Discordo
[2026-05-12 12:47:03,939][__main__][INFO] - ✓ [meta-llama/Meta-Llama-3.1-70B-Instruct] Temp=0.0 Rep=1 → Concordo fortemente
[2026-05-12 12:47:04,418][__main__][INFO] - ✓ [meta-llama/Llama-4-Scout-17B-16E-Instruct] Temp=0.0 Rep=1 → Discordo
[2026-05-12 12:47:04,430][__main__][INFO] - ✓ [meta-llama/Llama-4-Scout-17B-16E-Instruct] Temp=0.0 Rep=1 → Concordo fortemente
[2026-05-12 12:47:04,764][__main__][INFO] - ✓ [Qwen/Qwen3-14B] Temp=0.0 Rep=1 → Concordo fortemente
[2026-05-12 12:47:04,842][__main__][INFO] - ✓ [meta-llama/Llama-4-Scout-17B-16E-Instruct] Temp=0.0 Rep=1 → Concordo fortemente
[2026-05-12 12:47:05,097][__main__][INFO] - ✓ [Qwen/Qwen3-14B] Temp=0.0 Rep=1 → Concordo fortemente
[2026-05-12 12:47:05,247][__main__][INFO] - ✓ [Qwen/Qwen3-14B] Temp=0.0 Rep=1 → Concordo fortemente
[2026-05-12 12:47:05,621][__main__][INFO] - ✓ [Qwen/Qwen3-235B-A22B-Instruct-2507] Temp=0.0 Rep=1 → Neutro
[2026-05-12 12:47:05,678][__main__][INFO] - ✓ [Qwen/Qwen3-235B-A22B-Instruct-2507] Temp=0.0 Rep=1 → Concordo fortemente
[2026-05-12 12:47:06,202][__main__][INFO] - ✓ [meta-llama/Meta-Llama-3.1-70B-Instruct] Temp=0.0 Rep=1 → Concordo fortemente
[2026-05-12 12:47:06,315][__main__][INFO] - ✓ [Qwen/Qwen3-235B-A22B-Instruct-2507] Temp=0.0 Rep=1 → Concordo
[2026-05-12 12:47:06,684][__main__][INFO] - ✓ [meta-llama/Meta-Llama-3.1-70B-Instruct] Temp=0.0 Rep=1 → Neutro
[2026-05-12 12:47:06,937][__main__][INFO] - ✓ [meta-llama/Meta-Llama-3.1-70B-Instruct] Temp=0.0 Rep=1 → Concordo fortemente
[2026-05-12 12:47:07,039][__main__][INFO] - ✓ [meta-llama/Llama-4-Scout-17B-16E-Instruct] Temp=0.0 Rep=1 → Concordo fortemente
[2026-05-12 12:47:07,241][__main__][INFO] - ✓ [meta-llama/Llama-4-Scout-17B-16E-Instruct] Temp=0.0 Rep=1 → Discordo
[2026-05-12 12:47:07,559][__main__][INFO] - ✓ [meta-llama/Llama-4-Scout-17B-16E-Instruct] Temp=0.0 Rep=1 → Concordo fortemente
[2026-05-12 12:47:08,486][__main__][INFO] - ✓ [Qwen/Qwen3-14B] Temp=0.0 Rep=1 → Discordo
[2026-05-12 12:47:09,363][__main__][INFO] - ✓ [Qwen/Qwen3-14B] Temp=0.0 Rep=1 → Concordo fortemente
[2026-05-12 12:47:09,793][__main__][INFO] - ✓ [Qwen/Qwen3-235B-A22B-Instruct-2507] Temp=0.0 Rep=1 → Discordo
[2026-05-12 12:47:10,241][__main__][INFO] - Salvamento incremental (6800 novas respostas)...
[2026-05-12 12:47:10,373][__main__][INFO] - Cache salvo com 247202 entradas
[2026-05-12 12:47:10,374][__main__][INFO] - ✓ [Qwen/Qwen3-235B-A22B-Instruct-2507] Temp=0.0 Rep=1 → Discordo
[2026-05-12 12:47:10,857][__main__][INFO] - ✓ [Qwen/Qwen3-235B-A22B-Instruct-2507] Temp=0.0 Rep=1 → Neutro
[2026-05-12 12:47:11,555][__main__][INFO] - ✓ [meta-llama/Meta-Llama-3.1-70B-Instruct] Temp=0.0 Rep=1 → Discordo
[2026-05-12 12:47:12,024][__main__][INFO] - ✓ [Qwen/Qwen3-14B] Temp=0.0 Rep=1 → Concordo fortemente
[2026-05-12 12:47:12,637][__main__][INFO] - ✓ [meta-llama/Meta-Llama-3.1-70B-Instruct] Temp=0.0 Rep=1 → Concordo fortemente
[2026-05-12 12:47:12,887][__main__][INFO] - ✓ [meta-llama/Meta-Llama-3.1-70B-Instruct] Temp=0.0 Rep=1 → Concordo
[2026-05-12 12:47:13,011][__main__][INFO] - ✓ [meta-llama/Llama-4-Scout-17B-16E-Instruct] Temp=0.0 Rep=1 → Discordo
[2026-05-12 12:47:13,235][__main__][INFO] - ✓ [meta-llama/Llama-4-Scout-17B-16E-Instruct] Temp=0.0 Rep=1 → Concordo
[2026-05-12 12:47:13,495][__main__][INFO] - ✓ [meta-llama/Llama-4-Scout-17B-16E-Instruct] Temp=0.0 Rep=1 → Neutro
[2026-05-12 12:47:14,132][__main__][INFO] - ✓ [Qwen/Qwen3-14B] Temp=0.0 Rep=1 → Concordo fortemente
[2026-05-12 12:47:14,695][__main__][INFO] - ✓ [Qwen/Qwen3-14B] Temp=0.0 Rep=1 → Concordo fortemente
[2026-05-12 12:47:14,701][__main__][INFO] - ✓ [Qwen/Qwen3-14B] Temp=0.0 Rep=1 → Concordo fortemente
[2026-05-12 12:47:15,198][__main__][INFO] - ✓ [Qwen/Qwen3-235B-A22B-Instruct-2507] Temp=0.0 Rep=1 → Neutro
[2026-05-12 12:47:15,227][__main__][INFO] - ✓ [Qwen/Qwen3-235B-A22B-Instruct-2507] Temp=0.0 Rep=1 → Concordo fortemente
[2026-05-12 12:47:15,812][__main__][INFO] - ✓ [Qwen/Qwen3-235B-A22B-Instruct-2507] Temp=0.0 Rep=1 → Neutro
[2026-05-12 12:47:16,090][__main__][INFO] - ✓ [meta-llama/Meta-Llama-3.1-70B-Instruct] Temp=0.0 Rep=1 → Concordo fortemente
[2026-05-12 12:47:16,295][__main__][INFO] - ✓ [meta-llama/Meta-Llama-3.1-70B-Instruct] Temp=0.0 Rep=1 → Discordo
[2026-05-12 12:47:16,605][__main__][INFO] - ✓ [meta-llama/Meta-Llama-3.1-70B-Instruct] Temp=0.0 Rep=1 → Concordo
[2026-05-12 12:47:16,760][__main__][INFO] - ✓ [meta-llama/Llama-4-Scout-17B-16E-Instruct] Temp=0.0 Rep=1 → Concordo fortemente
[2026-05-12 12:47:16,996][__main__][INFO] - ✓ [meta-llama/Llama-4-Scout-17B-16E-Instruct] Temp=0.0 Rep=1 → Discordo
[2026-05-12 12:47:17,137][__main__][INFO] - ✓ [meta-llama/Llama-4-Scout-17B-16E-Instruct] Temp=0.0 Rep=1 → Concordo fortemente
[2026-05-12 12:47:18,404][__main__][INFO] - ✓ [Qwen/Qwen3-14B] Temp=0.0 Rep=1 → Concordo fortemente
[2026-05-12 12:47:21,721][__main__][INFO] - ✓ [Qwen/Qwen3-14B] Temp=0.0 Rep=1 → Concordo fortemente
[2026-05-12 12:47:22,075][__main__][INFO] - ✓ [Qwen/Qwen3-235B-A22B-Instruct-2507] Temp=0.0 Rep=1 → Discordo
[2026-05-12 12:47:22,324][__main__][INFO] - ✓ [Qwen/Qwen3-14B] Temp=0.0 Rep=1 → Concordo fortemente
[2026-05-12 12:47:22,565][__main__][INFO] - ✓ [Qwen/Qwen3-14B] Temp=0.0 Rep=1 → Concordo fortemente
[2026-05-12 12:47:22,619][__main__][INFO] - ✓ [Qwen/Qwen3-235B-A22B-Instruct-2507] Temp=0.0 Rep=1 → Concordo fortemente
[2026-05-12 12:47:22,808][__main__][INFO] - ✓ [Qwen/Qwen3-235B-A22B-Instruct-2507] Temp=0.0 Rep=1 → Neutro
[2026-05-12 12:47:23,031][__main__][INFO] - ✓ [meta-llama/Meta-Llama-3.1-70B-Instruct] Temp=0.0 Rep=1 → Discordo
[2026-05-12 12:47:23,134][__main__][INFO] - ✓ [Qwen/Qwen3-14B] Temp=0.0 Rep=1 → Concordo fortemente
[2026-05-12 12:47:23,290][__main__][INFO] - ✓ [meta-llama/Meta-Llama-3.1-70B-Instruct] Temp=0.0 Rep=1 → Concordo fortemente
[2026-05-12 12:47:23,293][__main__][INFO] - ✓ [meta-llama/Meta-Llama-3.1-70B-Instruct] Temp=0.0 Rep=1 → Concordo
[2026-05-12 12:47:23,378][__main__][INFO] - ✓ [meta-llama/Llama-4-Scout-17B-16E-Instruct] Temp=0.0 Rep=1 → Discordo
[2026-05-12 12:47:23,488][__main__][INFO] - ✓ [meta-llama/Llama-4-Scout-17B-16E-Instruct] Temp=0.0 Rep=1 → Concordo fortemente
[2026-05-12 12:47:23,668][__main__][INFO] - ✓ [meta-llama/Llama-4-Scout-17B-16E-Instruct] Temp=0.0 Rep=1 → Concordo fortemente
[2026-05-12 12:47:24,343][__main__][INFO] - ✓ [Qwen/Qwen3-235B-A22B-Instruct-2507] Temp=0.0 Rep=1 → Discordo
[2026-05-12 12:47:25,809][__main__][INFO] - ✓ [Qwen/Qwen3-235B-A22B-Instruct-2507] Temp=0.0 Rep=1 → Concordo fortemente
[2026-05-12 12:47:26,726][__main__][INFO] - ✓ [Qwen/Qwen3-235B-A22B-Instruct-2507] Temp=0.0 Rep=1 → Neutro
[2026-05-12 12:47:27,342][__main__][INFO] - ✓ [Qwen/Qwen3-14B] Temp=0.0 Rep=1 → Concordo fortemente
[2026-05-12 12:47:27,566][__main__][INFO] - ✓ [meta-llama/Meta-Llama-3.1-70B-Instruct] Temp=0.0 Rep=1 → Discordo
[2026-05-12 12:47:27,778][__main__][INFO] - Salvamento incremental (6840 novas respostas)...
[2026-05-12 12:47:27,842][__main__][INFO] - Cache salvo com 247242 entradas
[2026-05-12 12:47:27,842][__main__][INFO] - ✓ [Qwen/Qwen3-14B] Temp=0.0 Rep=1 → Concordo fortemente
[2026-05-12 12:47:28,142][__main__][INFO] - ✓ [meta-llama/Meta-Llama-3.1-70B-Instruct] Temp=0.0 Rep=1 → Concordo fortemente
[2026-05-12 12:47:28,214][__main__][INFO] - ✓ [meta-llama/Meta-Llama-3.1-70B-Instruct] Temp=0.0 Rep=1 → Concordo
[2026-05-12 12:47:28,307][__main__][INFO] - ✓ [meta-llama/Llama-4-Scout-17B-16E-Instruct] Temp=0.0 Rep=1 → Discordo
[2026-05-12 12:47:28,322][__main__][INFO] - ✓ [Qwen/Qwen3-14B] Temp=0.0 Rep=1 → Concordo fortemente
[2026-05-12 12:47:28,535][__main__][INFO] - ✓ [Qwen/Qwen3-14B] Temp=0.0 Rep=1 → Concordo fortemente
[2026-05-12 12:47:28,779][__main__][INFO] - ✓ [meta-llama/Llama-4-Scout-17B-16E-Instruct] Temp=0.0 Rep=1 → Neutro
[2026-05-12 12:47:28,963][__main__][INFO] - ✓ [meta-llama/Llama-4-Scout-17B-16E-Instruct] Temp=0.0 Rep=1 → Concordo fortemente
[2026-05-12 12:47:29,321][__main__][INFO] - ✓ [Qwen/Qwen3-235B-A22B-Instruct-2507] Temp=0.0 Rep=1 → Concordo fortemente
[2026-05-12 12:47:29,417][__main__][INFO] - ✓ [Qwen/Qwen3-235B-A22B-Instruct-2507] Temp=0.0 Rep=1 → Discordo
[2026-05-12 12:47:29,915][__main__][INFO] - ✓ [Qwen/Qwen3-235B-A22B-Instruct-2507] Temp=0.0 Rep=1 → Concordo
[2026-05-12 12:47:29,980][__main__][INFO] - ✓ [meta-llama/Meta-Llama-3.1-70B-Instruct] Temp=0.0 Rep=1 → Concordo fortemente
[2026-05-12 12:47:30,422][__main__][INFO] - ✓ [meta-llama/Meta-Llama-3.1-70B-Instruct] Temp=0.0 Rep=1 → Discordo
[2026-05-12 12:47:30,529][__main__][INFO] - ✓ [meta-llama/Meta-Llama-3.1-70B-Instruct] Temp=0.0 Rep=1 → Concordo fortemente
[2026-05-12 12:47:30,718][__main__][INFO] - ✓ [meta-llama/Llama-4-Scout-17B-16E-Instruct] Temp=0.0 Rep=1 → Concordo fortemente
[2026-05-12 12:47:30,822][__main__][INFO] - ✓ [meta-llama/Llama-4-Scout-17B-16E-Instruct] Temp=0.0 Rep=1 → Discordo
[2026-05-12 12:47:31,155][__main__][INFO] - ✓ [meta-llama/Llama-4-Scout-17B-16E-Instruct] Temp=0.0 Rep=1 → Concordo fortemente
[2026-05-12 12:47:32,210][__main__][INFO] - ✓ [Qwen/Qwen3-14B] Temp=0.0 Rep=1 → Discordo
[2026-05-12 12:47:33,254][__main__][INFO] - ✓ [Qwen/Qwen3-14B] Temp=0.0 Rep=1 → Concordo fortemente
[2026-05-12 12:47:33,625][__main__][INFO] - ✓ [Qwen/Qwen3-235B-A22B-Instruct-2507] Temp=0.0 Rep=1 → Concordo
[2026-05-12 12:47:34,301][__main__][INFO] - ✓ [Qwen/Qwen3-235B-A22B-Instruct-2507] Temp=0.0 Rep=1 → Concordo fortemente
[2026-05-12 12:47:35,063][__main__][INFO] - ✓ [Qwen/Qwen3-235B-A22B-Instruct-2507] Temp=0.0 Rep=1 → Concordo fortemente
[2026-05-12 12:47:35,575][__main__][INFO] - ✓ [meta-llama/Meta-Llama-3.1-70B-Instruct] Temp=0.0 Rep=1 → Concordo
[2026-05-12 12:47:36,304][__main__][INFO] - ✓ [meta-llama/Meta-Llama-3.1-70B-Instruct] Temp=0.0 Rep=1 → Concordo fortemente
[2026-05-12 12:47:36,924][__main__][INFO] - ✓ [Qwen/Qwen3-14B] Temp=0.0 Rep=1 → Concordo fortemente
[2026-05-12 12:47:37,054][__main__][INFO] - ✓ [meta-llama/Meta-Llama-3.1-70B-Instruct] Temp=0.0 Rep=1 → Concordo fortemente
[2026-05-12 12:47:37,306][__main__][INFO] - ✓ [meta-llama/Llama-4-Scout-17B-16E-Instruct] Temp=0.0 Rep=1 → Concordo fortemente
[2026-05-12 12:47:37,447][__main__][INFO] - ✓ [Qwen/Qwen3-14B] Temp=0.0 Rep=1 → Concordo fortemente
[2026-05-12 12:47:37,523][__main__][INFO] - ✓ [meta-llama/Llama-4-Scout-17B-16E-Instruct] Temp=0.0 Rep=1 → Concordo fortemente
[2026-05-12 12:47:37,774][__main__][INFO] - ✓ [meta-llama/Llama-4-Scout-17B-16E-Instruct] Temp=0.0 Rep=1 → Concordo fortemente
[2026-05-12 12:47:38,495][__main__][INFO] - ✓ [Qwen/Qwen3-14B] Temp=0.0 Rep=1 → Concordo fortemente
[2026-05-12 12:47:39,023][__main__][INFO] - ✓ [Qwen/Qwen3-235B-A22B-Instruct-2507] Temp=0.0 Rep=1 → Concordo fortemente
[2026-05-12 12:47:39,545][__main__][INFO] - ✓ [Qwen/Qwen3-235B-A22B-Instruct-2507] Temp=0.0 Rep=1 → Concordo
[2026-05-12 12:47:40,067][__main__][INFO] - ✓ [Qwen/Qwen3-235B-A22B-Instruct-2507] Temp=0.0 Rep=1 → Concordo fortemente
[2026-05-12 12:47:40,637][__main__][INFO] - ✓ [meta-llama/Meta-Llama-3.1-70B-Instruct] Temp=0.0 Rep=1 → Concordo fortemente
[2026-05-12 12:47:41,119][__main__][INFO] - ✓ [meta-llama/Meta-Llama-3.1-70B-Instruct] Temp=0.0 Rep=1 → Concordo
[2026-05-12 12:47:41,676][__main__][INFO] - ✓ [meta-llama/Meta-Llama-3.1-70B-Instruct] Temp=0.0 Rep=1 → Concordo fortemente
[2026-05-12 12:47:42,282][__main__][INFO] - ✓ [meta-llama/Llama-4-Scout-17B-16E-Instruct] Temp=0.0 Rep=1 → Concordo fortemente
[2026-05-12 12:47:42,539][__main__][INFO] - ✓ [Qwen/Qwen3-14B] Temp=0.0 Rep=1 → Concordo fortemente
[2026-05-12 12:47:42,690][__main__][INFO] - ✓ [Qwen/Qwen3-14B] Temp=0.0 Rep=1 → Concordo fortemente
[2026-05-12 12:47:42,775][__main__][INFO] - Salvamento incremental (6880 novas respostas)...
[2026-05-12 12:47:42,834][__main__][INFO] - Cache salvo com 247282 entradas
[2026-05-12 12:47:42,834][__main__][INFO] - ✓ [meta-llama/Llama-4-Scout-17B-16E-Instruct] Temp=0.0 Rep=1 → Concordo
[2026-05-12 12:47:42,874][__main__][INFO] - ✓ [meta-llama/Llama-4-Scout-17B-16E-Instruct] Temp=0.0 Rep=1 → Concordo fortemente
[2026-05-12 12:47:43,951][__main__][INFO] - ✓ [Qwen/Qwen3-14B] Temp=0.0 Rep=1 → Concordo fortemente
[2026-05-12 12:47:44,575][__main__][INFO] - ✓ [Qwen/Qwen3-235B-A22B-Instruct-2507] Temp=0.0 Rep=1 → Concordo
[2026-05-12 12:47:45,207][__main__][INFO] - ✓ [Qwen/Qwen3-235B-A22B-Instruct-2507] Temp=0.0 Rep=1 → Concordo fortemente
[2026-05-12 12:47:45,625][__main__][INFO] - ✓ [Qwen/Qwen3-14B] Temp=0.0 Rep=1 → Concordo fortemente
[2026-05-12 12:47:45,695][__main__][INFO] - ✓ [Qwen/Qwen3-235B-A22B-Instruct-2507] Temp=0.0 Rep=1 → Concordo
[2026-05-12 12:47:46,225][__main__][INFO] - ✓ [Qwen/Qwen3-14B] Temp=0.0 Rep=1 → Concordo fortemente
[2026-05-12 12:47:46,428][__main__][INFO] - ✓ [meta-llama/Meta-Llama-3.1-70B-Instruct] Temp=0.0 Rep=1 → Concordo
[2026-05-12 12:47:46,562][__main__][INFO] - ✓ [meta-llama/Meta-Llama-3.1-70B-Instruct] Temp=0.0 Rep=1 → Concordo fortemente
[2026-05-12 12:47:46,688][__main__][INFO] - ✓ [Qwen/Qwen3-14B] Temp=0.0 Rep=1 → Concordo
[2026-05-12 12:47:46,887][__main__][INFO] - ✓ [meta-llama/Meta-Llama-3.1-70B-Instruct] Temp=0.0 Rep=1 → Concordo fortemente
[2026-05-12 12:47:46,890][__main__][INFO] - ✓ [meta-llama/Llama-4-Scout-17B-16E-Instruct] Temp=0.0 Rep=1 → Concordo fortemente
[2026-05-12 12:47:47,102][__main__][INFO] - ✓ [meta-llama/Llama-4-Scout-17B-16E-Instruct] Temp=0.0 Rep=1 → Concordo fortemente
[2026-05-12 12:47:47,153][__main__][INFO] - ✓ [meta-llama/Llama-4-Scout-17B-16E-Instruct] Temp=0.0 Rep=1 → Concordo fortemente
[2026-05-12 12:47:47,596][__main__][INFO] - ✓ [Qwen/Qwen3-235B-A22B-Instruct-2507] Temp=0.0 Rep=1 → Concordo fortemente
[2026-05-12 12:47:48,024][__main__][INFO] - ✓ [Qwen/Qwen3-14B] Temp=0.0 Rep=1 → Concordo fortemente
[2026-05-12 12:47:48,111][__main__][INFO] - ✓ [Qwen/Qwen3-235B-A22B-Instruct-2507] Temp=0.0 Rep=1 → Concordo fortemente
[2026-05-12 12:47:48,463][__main__][INFO] - ✓ [Qwen/Qwen3-235B-A22B-Instruct-2507] Temp=0.0 Rep=1 → Concordo fortemente
[2026-05-12 12:47:48,668][__main__][INFO] - ✓ [meta-llama/Meta-Llama-3.1-70B-Instruct] Temp=0.0 Rep=1 → Concordo fortemente
[2026-05-12 12:47:48,802][__main__][INFO] - ✓ [Qwen/Qwen3-14B] Temp=0.0 Rep=1 → Concordo fortemente
[2026-05-12 12:47:48,993][__main__][INFO] - ✓ [meta-llama/Meta-Llama-3.1-70B-Instruct] Temp=0.0 Rep=1 → Concordo
[2026-05-12 12:47:49,272][__main__][INFO] - ✓ [meta-llama/Llama-4-Scout-17B-16E-Instruct] Temp=0.0 Rep=1 → Concordo fortemente
[2026-05-12 12:47:49,351][__main__][INFO] - ✓ [meta-llama/Llama-4-Scout-17B-16E-Instruct] Temp=0.0 Rep=1 → Concordo
[2026-05-12 12:47:49,362][__main__][INFO] - ✓ [meta-llama/Meta-Llama-3.1-70B-Instruct] Temp=0.0 Rep=1 → Concordo fortemente
[2026-05-12 12:47:49,915][__main__][WARNING] - Resposta inválida (tentativa 2/3) de meta-llama/Meta-Llama-3.1-70B-Instruct: Descordo fortemente
[2026-05-12 12:47:49,915][__main__][INFO] - Fazendo retry 3/3...
[2026-05-12 12:47:50,073][__main__][INFO] - ✓ [meta-llama/Llama-4-Scout-17B-16E-Instruct] Temp=0.0 Rep=1 → Concordo fortemente
[2026-05-12 12:47:50,555][__main__][INFO] - ✓ [Qwen/Qwen3-14B] Temp=0.0 Rep=1 → Discordo
[2026-05-12 12:47:50,705][__main__][INFO] - ✓ [Qwen/Qwen3-14B] Temp=0.0 Rep=1 → Concordo fortemente
[2026-05-12 12:47:51,107][__main__][INFO] - ✓ [Qwen/Qwen3-235B-A22B-Instruct-2507] Temp=0.0 Rep=1 → Neutro
[2026-05-12 12:47:51,245][__main__][INFO] - ✓ [Qwen/Qwen3-235B-A22B-Instruct-2507] Temp=0.0 Rep=1 → Concordo fortemente
[2026-05-12 12:47:51,779][__main__][INFO] - ✓ [meta-llama/Meta-Llama-3.1-70B-Instruct] Temp=0.0 Rep=1 → Concordo
[2026-05-12 12:47:51,794][__main__][INFO] - ✓ [Qwen/Qwen3-14B] Temp=0.0 Rep=1 → Concordo fortemente
[2026-05-12 12:47:51,797][__main__][INFO] - ✓ [Qwen/Qwen3-235B-A22B-Instruct-2507] Temp=0.0 Rep=1 → Concordo fortemente
[2026-05-12 12:47:51,942][__main__][INFO] - ✓ [Qwen/Qwen3-14B] Temp=0.0 Rep=1 → Concordo fortemente
[2026-05-12 12:47:52,233][__main__][INFO] - ✓ [meta-llama/Llama-4-Scout-17B-16E-Instruct] Temp=0.0 Rep=1 → Discordo
[2026-05-12 12:47:52,302][__main__][INFO] - ✓ [meta-llama/Llama-4-Scout-17B-16E-Instruct] Temp=0.0 Rep=1 → Concordo fortemente
[2026-05-12 12:47:52,405][__main__][INFO] - ✓ [meta-llama/Meta-Llama-3.1-70B-Instruct] Temp=0.0 Rep=1 → Concordo fortemente
[2026-05-12 12:47:52,427][__main__][INFO] - ✓ [meta-llama/Meta-Llama-3.1-70B-Instruct] Temp=0.0 Rep=1 → Concordo fortemente
[2026-05-12 12:47:52,651][__main__][INFO] - ✓ [meta-llama/Llama-4-Scout-17B-16E-Instruct] Temp=0.0 Rep=1 → Concordo fortemente
[2026-05-12 12:47:53,225][__main__][INFO] - ✓ [Qwen/Qwen3-235B-A22B-Instruct-2507] Temp=0.0 Rep=1 → Concordo fortemente
[2026-05-12 12:47:53,996][__main__][INFO] - Salvamento incremental (6920 novas respostas)...
[2026-05-12 12:47:54,053][__main__][INFO] - Cache salvo com 247322 entradas
[2026-05-12 12:47:54,053][__main__][INFO] - ✓ [Qwen/Qwen3-235B-A22B-Instruct-2507] Temp=0.0 Rep=1 → Concordo fortemente
[2026-05-12 12:47:54,812][__main__][INFO] - ✓ [Qwen/Qwen3-14B] Temp=0.0 Rep=1 → Concordo fortemente
[2026-05-12 12:47:54,840][__main__][INFO] - ✓ [Qwen/Qwen3-235B-A22B-Instruct-2507] Temp=0.0 Rep=1 → Concordo fortemente
[2026-05-12 12:47:55,617][__main__][INFO] - ✓ [meta-llama/Meta-Llama-3.1-70B-Instruct] Temp=0.0 Rep=1 → Concordo
[2026-05-12 12:47:55,670][__main__][INFO] - ✓ [meta-llama/Meta-Llama-3.1-70B-Instruct] Temp=0.0 Rep=1 → Concordo fortemente
[2026-05-12 12:47:56,026][__main__][INFO] - ✓ [meta-llama/Llama-4-Scout-17B-16E-Instruct] Temp=0.0 Rep=1 → Concordo fortemente
[2026-05-12 12:47:56,319][__main__][INFO] - ✓ [meta-llama/Meta-Llama-3.1-70B-Instruct] Temp=0.0 Rep=1 → Concordo fortemente
[2026-05-12 12:47:56,571][__main__][INFO] - ✓ [meta-llama/Llama-4-Scout-17B-16E-Instruct] Temp=0.0 Rep=1 → Concordo fortemente
[2026-05-12 12:47:57,181][__main__][INFO] - ✓ [meta-llama/Llama-4-Scout-17B-16E-Instruct] Temp=0.0 Rep=1 → Concordo fortemente
[2026-05-12 12:47:57,259][__main__][INFO] - ✓ [Qwen/Qwen3-14B] Temp=0.0 Rep=1 → Concordo fortemente
[2026-05-12 12:47:57,583][__main__][INFO] - ✓ [Qwen/Qwen3-14B] Temp=0.0 Rep=1 → Concordo fortemente
[2026-05-12 12:47:57,684][__main__][INFO] - ✓ [Qwen/Qwen3-14B] Temp=0.0 Rep=1 → Discordo
[2026-05-12 12:47:57,961][__main__][INFO] - ✓ [Qwen/Qwen3-14B] Temp=0.0 Rep=1 → Concordo fortemente
[2026-05-12 12:47:58,198][__main__][INFO] - ✓ [Qwen/Qwen3-14B] Temp=0.0 Rep=1 → Concordo fortemente
[2026-05-12 12:47:58,239][__main__][INFO] - ✓ [Qwen/Qwen3-235B-A22B-Instruct-2507] Temp=0.0 Rep=1 → Concordo fortemente
[2026-05-12 12:47:58,274][__main__][INFO] - ✓ [Qwen/Qwen3-235B-A22B-Instruct-2507] Temp=0.0 Rep=1 → Concordo
[2026-05-12 12:47:58,434][__main__][INFO] - ✓ [Qwen/Qwen3-235B-A22B-Instruct-2507] Temp=0.0 Rep=1 → Concordo fortemente
[2026-05-12 12:47:58,786][__main__][INFO] - ✓ [meta-llama/Llama-4-Scout-17B-16E-Instruct] Temp=0.0 Rep=1 → Concordo fortemente
[2026-05-12 12:47:58,824][__main__][INFO] - ✓ [meta-llama/Meta-Llama-3.1-70B-Instruct] Temp=0.0 Rep=1 → Concordo
[2026-05-12 12:47:58,837][__main__][INFO] - ✓ [meta-llama/Meta-Llama-3.1-70B-Instruct] Temp=0.0 Rep=1 → Concordo fortemente
[2026-05-12 12:47:58,941][__main__][INFO] - ✓ [meta-llama/Meta-Llama-3.1-70B-Instruct] Temp=0.0 Rep=1 → Concordo fortemente
[2026-05-12 12:47:58,985][__main__][INFO] - ✓ [Qwen/Qwen3-14B] Temp=0.0 Rep=1 → Concordo fortemente
[2026-05-12 12:47:59,107][__main__][INFO] - ✓ [meta-llama/Llama-4-Scout-17B-16E-Instruct] Temp=0.0 Rep=1 → Concordo fortemente
[2026-05-12 12:47:59,110][__main__][INFO] - ✓ [meta-llama/Llama-4-Scout-17B-16E-Instruct] Temp=0.0 Rep=1 → Concordo
[2026-05-12 12:47:59,579][__main__][INFO] - ✓ [Qwen/Qwen3-235B-A22B-Instruct-2507] Temp=0.0 Rep=1 → Neutro
[2026-05-12 12:47:59,648][__main__][INFO] - ✓ [Qwen/Qwen3-14B] Temp=0.0 Rep=1 → Concordo fortemente
[2026-05-12 12:48:00,055][__main__][INFO] - ✓ [Qwen/Qwen3-235B-A22B-Instruct-2507] Temp=0.0 Rep=1 → Neutro
[2026-05-12 12:48:00,085][__main__][INFO] - ✓ [Qwen/Qwen3-235B-A22B-Instruct-2507] Temp=0.0 Rep=1 → Concordo fortemente
[2026-05-12 12:48:00,190][__main__][INFO] - ✓ [meta-llama/Meta-Llama-3.1-70B-Instruct] Temp=0.0 Rep=1 → Concordo
[2026-05-12 12:48:00,681][__main__][INFO] - ✓ [meta-llama/Llama-4-Scout-17B-16E-Instruct] Temp=0.0 Rep=1 → Concordo fortemente
[2026-05-12 12:48:00,686][__main__][INFO] - ✓ [Qwen/Qwen3-14B] Temp=0.0 Rep=1 → Concordo fortemente
[2026-05-12 12:48:00,788][__main__][INFO] - ✓ [meta-llama/Meta-Llama-3.1-70B-Instruct] Temp=0.0 Rep=1 → Concordo fortemente
[2026-05-12 12:48:00,827][__main__][INFO] - ✓ [meta-llama/Meta-Llama-3.1-70B-Instruct] Temp=0.0 Rep=1 → Concordo fortemente
[2026-05-12 12:48:01,072][__main__][INFO] - ✓ [meta-llama/Llama-4-Scout-17B-16E-Instruct] Temp=0.0 Rep=1 → Concordo fortemente
[2026-05-12 12:48:01,088][__main__][INFO] - ✓ [meta-llama/Llama-4-Scout-17B-16E-Instruct] Temp=0.0 Rep=1 → Concordo fortemente
[2026-05-12 12:48:01,562][__main__][INFO] - ✓ [Qwen/Qwen3-235B-A22B-Instruct-2507] Temp=0.0 Rep=1 → Neutro
[2026-05-12 12:48:02,193][__main__][INFO] - ✓ [Qwen/Qwen3-235B-A22B-Instruct-2507] Temp=0.0 Rep=1 → Concordo fortemente
[2026-05-12 12:48:02,444][__main__][INFO] - ✓ [Qwen/Qwen3-14B] Temp=0.0 Rep=1 → Concordo
[2026-05-12 12:48:02,611][__main__][INFO] - ✓ [Qwen/Qwen3-235B-A22B-Instruct-2507] Temp=0.0 Rep=1 → Neutro
[2026-05-12 12:48:02,952][__main__][INFO] - ✓ [meta-llama/Meta-Llama-3.1-70B-Instruct] Temp=0.0 Rep=1 → Concordo
[2026-05-12 12:48:03,466][__main__][INFO] - Salvamento incremental (6960 novas respostas)...
[2026-05-12 12:48:03,527][__main__][INFO] - Cache salvo com 247362 entradas
[2026-05-12 12:48:03,527][__main__][INFO] - ✓ [Qwen/Qwen3-14B] Temp=0.0 Rep=1 → Concordo fortemente
[2026-05-12 12:48:03,529][__main__][INFO] - ✓ [meta-llama/Meta-Llama-3.1-70B-Instruct] Temp=0.0 Rep=1 → Concordo fortemente
[2026-05-12 12:48:03,658][__main__][INFO] - ✓ [meta-llama/Meta-Llama-3.1-70B-Instruct] Temp=0.0 Rep=1 → Concordo fortemente
[2026-05-12 12:48:03,826][__main__][INFO] - ✓ [meta-llama/Llama-4-Scout-17B-16E-Instruct] Temp=0.0 Rep=1 → Concordo fortemente
[2026-05-12 12:48:03,949][__main__][INFO] - ✓ [meta-llama/Llama-4-Scout-17B-16E-Instruct] Temp=0.0 Rep=1 → Concordo fortemente
[2026-05-12 12:48:03,983][__main__][INFO] - ✓ [meta-llama/Llama-4-Scout-17B-16E-Instruct] Temp=0.0 Rep=1 → Concordo fortemente
[2026-05-12 12:48:06,706][__main__][INFO] - ✓ [Qwen/Qwen3-14B] Temp=0.0 Rep=1 → Concordo fortemente
[2026-05-12 12:48:07,422][__main__][INFO] - ✓ [Qwen/Qwen3-235B-A22B-Instruct-2507] Temp=0.0 Rep=1 → Concordo fortemente
[2026-05-12 12:48:07,428][__main__][INFO] - ✓ [Qwen/Qwen3-14B] Temp=0.0 Rep=1 → Concordo fortemente
[2026-05-12 12:48:07,913][__main__][INFO] - ✓ [Qwen/Qwen3-235B-A22B-Instruct-2507] Temp=0.0 Rep=1 → Concordo
[2026-05-12 12:48:07,936][__main__][INFO] - ✓ [Qwen/Qwen3-235B-A22B-Instruct-2507] Temp=0.0 Rep=1 → Discordo
[2026-05-12 12:48:08,549][__main__][INFO] - ✓ [meta-llama/Meta-Llama-3.1-70B-Instruct] Temp=0.0 Rep=1 → Discordo
[2026-05-12 12:48:08,612][__main__][INFO] - ✓ [meta-llama/Meta-Llama-3.1-70B-Instruct] Temp=0.0 Rep=1 → Concordo fortemente
[2026-05-12 12:48:09,046][__main__][INFO] - ✓ [meta-llama/Llama-4-Scout-17B-16E-Instruct] Temp=0.0 Rep=1 → Concordo fortemente
[2026-05-12 12:48:09,231][__main__][INFO] - ✓ [meta-llama/Meta-Llama-3.1-70B-Instruct] Temp=0.0 Rep=1 → Concordo fortemente
[2026-05-12 12:48:09,451][__main__][INFO] - ✓ [meta-llama/Llama-4-Scout-17B-16E-Instruct] Temp=0.0 Rep=1 → Concordo
[2026-05-12 12:48:09,540][__main__][INFO] - ✓ [Qwen/Qwen3-14B] Temp=0.0 Rep=1 → Concordo fortemente
[2026-05-12 12:48:09,631][__main__][INFO] - ✓ [meta-llama/Llama-4-Scout-17B-16E-Instruct] Temp=0.0 Rep=1 → Concordo fortemente
[2026-05-12 12:48:11,942][__main__][INFO] - ✓ [Qwen/Qwen3-14B] Temp=0.0 Rep=1 → Concordo fortemente
[2026-05-12 12:48:11,949][__main__][INFO] - ✓ [Qwen/Qwen3-14B] Temp=0.0 Rep=1 → Discordo
[2026-05-12 12:48:12,440][__main__][INFO] - ✓ [Qwen/Qwen3-14B] Temp=0.0 Rep=1 → Concordo fortemente
[2026-05-12 12:48:12,573][__main__][INFO] - ✓ [Qwen/Qwen3-235B-A22B-Instruct-2507] Temp=0.0 Rep=1 → Concordo fortemente
[2026-05-12 12:48:12,578][__main__][INFO] - ✓ [Qwen/Qwen3-235B-A22B-Instruct-2507] Temp=0.0 Rep=1 → Concordo fortemente
[2026-05-12 12:48:12,578][__main__][INFO] - ✓ [Qwen/Qwen3-14B] Temp=0.0 Rep=1 → Concordo fortemente
[2026-05-12 12:48:13,157][__main__][INFO] - ✓ [Qwen/Qwen3-235B-A22B-Instruct-2507] Temp=0.0 Rep=1 → Concordo
[2026-05-12 12:48:13,160][__main__][INFO] - ✓ [meta-llama/Meta-Llama-3.1-70B-Instruct] Temp=0.0 Rep=1 → Concordo
[2026-05-12 12:48:13,161][__main__][INFO] - ✓ [meta-llama/Meta-Llama-3.1-70B-Instruct] Temp=0.0 Rep=1 → Concordo
[2026-05-12 12:48:13,200][__main__][INFO] - ✓ [meta-llama/Meta-Llama-3.1-70B-Instruct] Temp=0.0 Rep=1 → Concordo fortemente
[2026-05-12 12:48:13,621][__main__][INFO] - ✓ [meta-llama/Llama-4-Scout-17B-16E-Instruct] Temp=0.0 Rep=1 → Concordo fortemente
[2026-05-12 12:48:13,625][__main__][INFO] - ✓ [meta-llama/Llama-4-Scout-17B-16E-Instruct] Temp=0.0 Rep=1 → Concordo fortemente
[2026-05-12 12:48:13,680][__main__][INFO] - ✓ [meta-llama/Llama-4-Scout-17B-16E-Instruct] Temp=0.0 Rep=1 → Concordo
[2026-05-12 12:48:14,215][__main__][INFO] - ✓ [Qwen/Qwen3-235B-A22B-Instruct-2507] Temp=0.0 Rep=1 → Concordo fortemente
[2026-05-12 12:48:14,672][__main__][INFO] - ✓ [Qwen/Qwen3-14B] Temp=0.0 Rep=1 → Concordo fortemente
[2026-05-12 12:48:14,708][__main__][INFO] - ✓ [Qwen/Qwen3-235B-A22B-Instruct-2507] Temp=0.0 Rep=1 → Concordo fortemente
[2026-05-12 12:48:15,031][__main__][INFO] - ✓ [Qwen/Qwen3-14B] Temp=0.0 Rep=1 → Concordo fortemente
[2026-05-12 12:48:15,219][__main__][INFO] - ✓ [Qwen/Qwen3-235B-A22B-Instruct-2507] Temp=0.0 Rep=1 → Concordo fortemente
[2026-05-12 12:48:15,595][__main__][INFO] - ✓ [meta-llama/Meta-Llama-3.1-70B-Instruct] Temp=0.0 Rep=1 → Concordo fortemente
[2026-05-12 12:48:15,795][__main__][INFO] - ✓ [meta-llama/Meta-Llama-3.1-70B-Instruct] Temp=0.0 Rep=1 → Concordo fortemente
[2026-05-12 12:48:15,828][__main__][INFO] - ✓ [Qwen/Qwen3-14B] Temp=0.0 Rep=1 → Concordo fortemente
[2026-05-12 12:48:15,871][__main__][INFO] - ✓ [meta-llama/Meta-Llama-3.1-70B-Instruct] Temp=0.0 Rep=1 → Concordo fortemente
[2026-05-12 12:48:16,106][__main__][INFO] - Salvamento incremental (7000 novas respostas)...
[2026-05-12 12:48:16,176][__main__][INFO] - Cache salvo com 247402 entradas
[2026-05-12 12:48:16,176][__main__][INFO] - ✓ [meta-llama/Llama-4-Scout-17B-16E-Instruct] Temp=0.0 Rep=1 → Concordo fortemente
[2026-05-12 12:48:16,249][__main__][INFO] - ✓ [meta-llama/Llama-4-Scout-17B-16E-Instruct] Temp=0.0 Rep=1 → Concordo fortemente
[2026-05-12 12:48:16,251][__main__][INFO] - ✓ [meta-llama/Llama-4-Scout-17B-16E-Instruct] Temp=0.0 Rep=1 → Concordo fortemente
[2026-05-12 12:48:16,946][__main__][INFO] - ✓ [Qwen/Qwen3-235B-A22B-Instruct-2507] Temp=0.0 Rep=1 → Concordo fortemente
[2026-05-12 12:48:17,661][__main__][INFO] - ✓ [Qwen/Qwen3-235B-A22B-Instruct-2507] Temp=0.0 Rep=1 → Concordo fortemente
[2026-05-12 12:48:18,380][__main__][INFO] - ✓ [Qwen/Qwen3-235B-A22B-Instruct-2507] Temp=0.0 Rep=1 → Concordo
[2026-05-12 12:48:18,384][__main__][INFO] - ✓ [Qwen/Qwen3-14B] Temp=0.0 Rep=1 → Concordo fortemente
[2026-05-12 12:48:18,384][__main__][INFO] - ✓ [Qwen/Qwen3-14B] Temp=0.0 Rep=1 → Concordo fortemente
[2026-05-12 12:48:18,726][__main__][INFO] - ✓ [Qwen/Qwen3-14B] Temp=0.0 Rep=1 → Concordo fortemente
[2026-05-12 12:48:19,198][__main__][INFO] - ✓ [meta-llama/Meta-Llama-3.1-70B-Instruct] Temp=0.0 Rep=1 → Concordo
[2026-05-12 12:48:19,202][__main__][INFO] - ✓ [meta-llama/Meta-Llama-3.1-70B-Instruct] Temp=0.0 Rep=1 → Concordo
[2026-05-12 12:48:19,202][__main__][INFO] - ✓ [meta-llama/Meta-Llama-3.1-70B-Instruct] Temp=0.0 Rep=1 → Concordo
[2026-05-12 12:48:19,391][__main__][INFO] - ✓ [Qwen/Qwen3-14B] Temp=0.0 Rep=1 → Concordo fortemente
[2026-05-12 12:48:19,394][__main__][INFO] - ✓ [meta-llama/Llama-4-Scout-17B-16E-Instruct] Temp=0.0 Rep=1 → Concordo fortemente
[2026-05-12 12:48:19,690][__main__][INFO] - ✓ [meta-llama/Llama-4-Scout-17B-16E-Instruct] Temp=0.0 Rep=1 → Concordo fortemente
[2026-05-12 12:48:19,750][__main__][INFO] - ✓ [meta-llama/Llama-4-Scout-17B-16E-Instruct] Temp=0.0 Rep=1 → Concordo
[2026-05-12 12:48:19,915][__main__][INFO] - ✓ [Qwen/Qwen3-14B] Temp=0.0 Rep=1 → Neutro
[2026-05-12 12:48:20,063][__main__][INFO] - ✓ [Qwen/Qwen3-235B-A22B-Instruct-2507] Temp=0.0 Rep=1 → Concordo
[2026-05-12 12:48:20,206][__main__][INFO] - ✓ [Qwen/Qwen3-235B-A22B-Instruct-2507] Temp=0.0 Rep=1 → Concordo fortemente
[2026-05-12 12:48:20,291][__main__][INFO] - ✓ [Qwen/Qwen3-235B-A22B-Instruct-2507] Temp=0.0 Rep=1 → Neutro
[2026-05-12 12:48:21,040][__main__][INFO] - ✓ [meta-llama/Meta-Llama-3.1-70B-Instruct] Temp=0.0 Rep=1 → Concordo
[2026-05-12 12:48:21,046][__main__][INFO] - ✓ [meta-llama/Meta-Llama-3.1-70B-Instruct] Temp=0.0 Rep=1 → Concordo fortemente
[2026-05-12 12:48:21,047][__main__][INFO] - ✓ [meta-llama/Meta-Llama-3.1-70B-Instruct] Temp=0.0 Rep=1 → Concordo fortemente
[2026-05-12 12:48:21,352][__main__][INFO] - ✓ [meta-llama/Llama-4-Scout-17B-16E-Instruct] Temp=0.0 Rep=1 → Concordo fortemente
[2026-05-12 12:48:21,486][__main__][INFO] - ✓ [meta-llama/Llama-4-Scout-17B-16E-Instruct] Temp=0.0 Rep=1 → Concordo fortemente
[2026-05-12 12:48:21,489][__main__][INFO] - ✓ [meta-llama/Llama-4-Scout-17B-16E-Instruct] Temp=0.0 Rep=1 → Concordo fortemente
[2026-05-12 12:48:22,577][__main__][INFO] - ✓ [Qwen/Qwen3-14B] Temp=0.0 Rep=1 → Concordo fortemente
[2026-05-12 12:48:23,603][__main__][INFO] - ✓ [Qwen/Qwen3-14B] Temp=0.0 Rep=1 → Concordo fortemente
[2026-05-12 12:48:24,112][__main__][INFO] - ✓ [Qwen/Qwen3-235B-A22B-Instruct-2507] Temp=0.0 Rep=1 → Discordo
[2026-05-12 12:48:24,831][__main__][INFO] - ✓ [Qwen/Qwen3-235B-A22B-Instruct-2507] Temp=0.0 Rep=1 → Concordo fortemente
[2026-05-12 12:48:25,508][__main__][INFO] - ✓ [meta-llama/Meta-Llama-3.1-70B-Instruct] Temp=0.0 Rep=1 → Concordo fortemente
[2026-05-12 12:48:25,520][__main__][INFO] - ✓ [Qwen/Qwen3-14B] Temp=0.0 Rep=1 → Discordo
[2026-05-12 12:48:26,058][__main__][INFO] - ✓ [meta-llama/Meta-Llama-3.1-70B-Instruct] Temp=0.0 Rep=1 → Neutro
[2026-05-12 12:48:26,083][__main__][INFO] - ✓ [meta-llama/Meta-Llama-3.1-70B-Instruct] Temp=0.0 Rep=1 → Concordo fortemente
[2026-05-12 12:48:26,422][__main__][INFO] - ✓ [meta-llama/Llama-4-Scout-17B-16E-Instruct] Temp=0.0 Rep=1 → Concordo
[2026-05-12 12:48:26,429][__main__][INFO] - ✓ [meta-llama/Llama-4-Scout-17B-16E-Instruct] Temp=0.0 Rep=1 → Concordo fortemente
[2026-05-12 12:48:26,763][__main__][INFO] - ✓ [meta-llama/Llama-4-Scout-17B-16E-Instruct] Temp=0.0 Rep=1 → Concordo fortemente
[2026-05-12 12:48:28,312][__main__][INFO] - ✓ [Qwen/Qwen3-235B-A22B-Instruct-2507] Temp=0.0 Rep=1 → Concordo fortemente
[2026-05-12 12:48:28,427][__main__][INFO] - ✓ [Qwen/Qwen3-14B] Temp=0.0 Rep=1 → Concordo fortemente
[2026-05-12 12:48:28,826][__main__][INFO] - ✓ [Qwen/Qwen3-14B] Temp=0.0 Rep=1 → Concordo fortemente
[2026-05-12 12:48:29,028][__main__][INFO] - Salvamento incremental (7040 novas respostas)...
[2026-05-12 12:48:29,089][__main__][INFO] - Cache salvo com 247442 entradas
[2026-05-12 12:48:29,089][__main__][INFO] - ✓ [Qwen/Qwen3-235B-A22B-Instruct-2507] Temp=0.0 Rep=1 → Concordo fortemente
[2026-05-12 12:48:29,552][__main__][INFO] - ✓ [Qwen/Qwen3-235B-A22B-Instruct-2507] Temp=0.0 Rep=1 → Concordo fortemente
[2026-05-12 12:48:29,665][__main__][INFO] - ✓ [Qwen/Qwen3-235B-A22B-Instruct-2507] Temp=0.0 Rep=1 → Concordo fortemente
[2026-05-12 12:48:30,193][__main__][INFO] - ✓ [meta-llama/Meta-Llama-3.1-70B-Instruct] Temp=0.0 Rep=1 → Concordo
[2026-05-12 12:48:30,207][__main__][INFO] - ✓ [Qwen/Qwen3-14B] Temp=0.0 Rep=1 → Concordo fortemente
[2026-05-12 12:48:30,246][__main__][INFO] - ✓ [meta-llama/Meta-Llama-3.1-70B-Instruct] Temp=0.0 Rep=1 → Concordo
[2026-05-12 12:48:30,398][__main__][INFO] - ✓ [Qwen/Qwen3-14B] Temp=0.0 Rep=1 → Concordo fortemente
[2026-05-12 12:48:30,666][__main__][INFO] - ✓ [meta-llama/Llama-4-Scout-17B-16E-Instruct] Temp=0.0 Rep=1 → Concordo fortemente
[2026-05-12 12:48:30,719][__main__][INFO] - ✓ [meta-llama/Meta-Llama-3.1-70B-Instruct] Temp=0.0 Rep=1 → Concordo
[2026-05-12 12:48:30,761][__main__][INFO] - ✓ [meta-llama/Llama-4-Scout-17B-16E-Instruct] Temp=0.0 Rep=1 → Concordo fortemente
[2026-05-12 12:48:30,776][__main__][INFO] - ✓ [meta-llama/Llama-4-Scout-17B-16E-Instruct] Temp=0.0 Rep=1 → Concordo
[2026-05-12 12:48:31,537][__main__][INFO] - ✓ [Qwen/Qwen3-14B] Temp=0.0 Rep=1 → Concordo fortemente
[2026-05-12 12:48:31,588][__main__][INFO] - ✓ [Qwen/Qwen3-235B-A22B-Instruct-2507] Temp=0.0 Rep=1 → Concordo fortemente
[2026-05-12 12:48:32,304][__main__][INFO] - ✓ [Qwen/Qwen3-235B-A22B-Instruct-2507] Temp=0.0 Rep=1 → Concordo fortemente
[2026-05-12 12:48:32,307][__main__][INFO] - ✓ [Qwen/Qwen3-235B-A22B-Instruct-2507] Temp=0.0 Rep=1 → Concordo fortemente
[2026-05-12 12:48:33,124][__main__][INFO] - ✓ [meta-llama/Meta-Llama-3.1-70B-Instruct] Temp=0.0 Rep=1 → Concordo
[2026-05-12 12:48:33,184][__main__][INFO] - ✓ [meta-llama/Meta-Llama-3.1-70B-Instruct] Temp=0.0 Rep=1 → Concordo fortemente
[2026-05-12 12:48:33,588][__main__][INFO] - ✓ [Qwen/Qwen3-14B] Temp=0.0 Rep=1 → Concordo fortemente
[2026-05-12 12:48:33,594][__main__][INFO] - ✓ [meta-llama/Llama-4-Scout-17B-16E-Instruct] Temp=0.0 Rep=1 → Concordo fortemente
[2026-05-12 12:48:33,860][__main__][INFO] - ✓ [Qwen/Qwen3-14B] Temp=0.0 Rep=1 → Concordo fortemente
[2026-05-12 12:48:33,934][__main__][INFO] - ✓ [meta-llama/Llama-4-Scout-17B-16E-Instruct] Temp=0.0 Rep=1 → Concordo fortemente
[2026-05-12 12:48:33,937][__main__][INFO] - ✓ [meta-llama/Llama-4-Scout-17B-16E-Instruct] Temp=0.0 Rep=1 → Concordo fortemente
[2026-05-12 12:48:35,172][__main__][INFO] - ✓ [meta-llama/Meta-Llama-3.1-70B-Instruct] Temp=0.0 Rep=1 → Concordo fortemente
[2026-05-12 12:48:35,256][__main__][INFO] - ✓ [Qwen/Qwen3-14B] Temp=0.0 Rep=1 → Concordo fortemente
[2026-05-12 12:48:38,449][__main__][INFO] - ✓ [Qwen/Qwen3-235B-A22B-Instruct-2507] Temp=0.0 Rep=1 → Concordo fortemente
[2026-05-12 12:48:38,452][__main__][INFO] - ✓ [Qwen/Qwen3-235B-A22B-Instruct-2507] Temp=0.0 Rep=1 → Concordo fortemente
[2026-05-12 12:48:38,684][__main__][INFO] - ✓ [Qwen/Qwen3-14B] Temp=0.0 Rep=1 → Concordo
[2026-05-12 12:48:39,130][__main__][INFO] - ✓ [meta-llama/Meta-Llama-3.1-70B-Instruct] Temp=0.0 Rep=1 → Concordo fortemente
[2026-05-12 12:48:39,209][__main__][INFO] - ✓ [meta-llama/Meta-Llama-3.1-70B-Instruct] Temp=0.0 Rep=1 → Concordo
[2026-05-12 12:48:39,401][__main__][INFO] - ✓ [Qwen/Qwen3-235B-A22B-Instruct-2507] Temp=0.0 Rep=1 → Concordo fortemente
[2026-05-12 12:48:39,603][__main__][INFO] - ✓ [meta-llama/Llama-4-Scout-17B-16E-Instruct] Temp=0.0 Rep=1 → Concordo fortemente
[2026-05-12 12:48:39,836][__main__][INFO] - ✓ [meta-llama/Meta-Llama-3.1-70B-Instruct] Temp=0.0 Rep=1 → Concordo fortemente
[2026-05-12 12:48:39,859][__main__][INFO] - ✓ [meta-llama/Llama-4-Scout-17B-16E-Instruct] Temp=0.0 Rep=1 → Concordo fortemente
[2026-05-12 12:48:40,395][__main__][INFO] - ✓ [meta-llama/Llama-4-Scout-17B-16E-Instruct] Temp=0.0 Rep=1 → Concordo fortemente
[2026-05-12 12:48:40,710][__main__][INFO] - ✓ [Qwen/Qwen3-14B] Temp=0.0 Rep=1 → Concordo fortemente
[2026-05-12 12:48:41,418][__main__][INFO] - ✓ [Qwen/Qwen3-235B-A22B-Instruct-2507] Temp=0.0 Rep=1 → Concordo fortemente
[2026-05-12 12:48:41,665][__main__][INFO] - ✓ [Qwen/Qwen3-14B] Temp=0.0 Rep=1 → Concordo fortemente
[2026-05-12 12:48:42,341][__main__][INFO] - ✓ [Qwen/Qwen3-235B-A22B-Instruct-2507] Temp=0.0 Rep=1 → Concordo fortemente
[2026-05-12 12:48:42,568][__main__][INFO] - ✓ [Qwen/Qwen3-14B] Temp=0.0 Rep=1 → Concordo fortemente
[2026-05-12 12:48:42,659][__main__][INFO] - ✓ [Qwen/Qwen3-235B-A22B-Instruct-2507] Temp=0.0 Rep=1 → Concordo fortemente
[2026-05-12 12:48:43,013][__main__][INFO] - Salvamento incremental (7080 novas respostas)...
[2026-05-12 12:48:43,071][__main__][INFO] - Cache salvo com 247482 entradas
[2026-05-12 12:48:43,072][__main__][INFO] - ✓ [meta-llama/Meta-Llama-3.1-70B-Instruct] Temp=0.0 Rep=1 → Concordo fortemente
[2026-05-12 12:48:43,286][__main__][INFO] - ✓ [meta-llama/Meta-Llama-3.1-70B-Instruct] Temp=0.0 Rep=1 → Concordo
[2026-05-12 12:48:43,340][__main__][INFO] - ✓ [Qwen/Qwen3-14B] Temp=0.0 Rep=1 → Concordo fortemente
[2026-05-12 12:48:43,344][__main__][INFO] - ✓ [meta-llama/Meta-Llama-3.1-70B-Instruct] Temp=0.0 Rep=1 → Concordo fortemente
[2026-05-12 12:48:43,682][__main__][INFO] - ✓ [meta-llama/Llama-4-Scout-17B-16E-Instruct] Temp=0.0 Rep=1 → Concordo fortemente
[2026-05-12 12:48:43,721][__main__][INFO] - ✓ [meta-llama/Llama-4-Scout-17B-16E-Instruct] Temp=0.0 Rep=1 → Concordo fortemente
[2026-05-12 12:48:43,769][__main__][INFO] - ✓ [meta-llama/Llama-4-Scout-17B-16E-Instruct] Temp=0.0 Rep=1 → Concordo fortemente
[2026-05-12 12:48:46,232][__main__][INFO] - ✓ [Qwen/Qwen3-14B] Temp=0.0 Rep=1 → Concordo fortemente
[2026-05-12 12:48:46,991][__main__][INFO] - ✓ [Qwen/Qwen3-14B] Temp=0.0 Rep=1 → Concordo fortemente
[2026-05-12 12:48:47,563][__main__][INFO] - ✓ [Qwen/Qwen3-14B] Temp=0.0 Rep=1 → Concordo fortemente
[2026-05-12 12:48:47,700][__main__][INFO] - ✓ [Qwen/Qwen3-235B-A22B-Instruct-2507] Temp=0.0 Rep=1 → Neutro
[2026-05-12 12:48:47,801][__main__][INFO] - ✓ [Qwen/Qwen3-14B] Temp=0.0 Rep=1 → Concordo fortemente
[2026-05-12 12:48:48,223][__main__][INFO] - ✓ [meta-llama/Meta-Llama-3.1-70B-Instruct] Temp=0.0 Rep=1 → Concordo fortemente
[2026-05-12 12:48:48,224][__main__][INFO] - ✓ [meta-llama/Meta-Llama-3.1-70B-Instruct] Temp=0.0 Rep=1 → Concordo
[2026-05-12 12:48:48,346][__main__][INFO] - ✓ [meta-llama/Meta-Llama-3.1-70B-Instruct] Temp=0.0 Rep=1 → Concordo fortemente
[2026-05-12 12:48:48,772][__main__][INFO] - ✓ [meta-llama/Llama-4-Scout-17B-16E-Instruct] Temp=0.0 Rep=1 → Concordo fortemente
[2026-05-12 12:48:48,824][__main__][INFO] - ✓ [meta-llama/Llama-4-Scout-17B-16E-Instruct] Temp=0.0 Rep=1 → Concordo fortemente
[2026-05-12 12:48:48,828][__main__][INFO] - ✓ [meta-llama/Llama-4-Scout-17B-16E-Instruct] Temp=0.0 Rep=1 → Concordo fortemente
[2026-05-12 12:48:50,430][__main__][INFO] - ✓ [Qwen/Qwen3-14B] Temp=0.0 Rep=1 → Concordo fortemente
[2026-05-12 12:48:50,440][__main__][INFO] - ✓ [Qwen/Qwen3-14B] Temp=0.0 Rep=1 → Concordo fortemente
[2026-05-12 12:48:51,249][__main__][INFO] - ✓ [Qwen/Qwen3-235B-A22B-Instruct-2507] Temp=0.0 Rep=1 → Concordo fortemente
[2026-05-12 12:48:51,252][__main__][INFO] - ✓ [Qwen/Qwen3-235B-A22B-Instruct-2507] Temp=0.0 Rep=1 → Concordo fortemente
[2026-05-12 12:48:51,553][__main__][INFO] - ✓ [Qwen/Qwen3-235B-A22B-Instruct-2507] Temp=0.0 Rep=1 → Concordo fortemente
[2026-05-12 12:48:51,559][__main__][INFO] - ✓ [Qwen/Qwen3-235B-A22B-Instruct-2507] Temp=0.0 Rep=1 → Concordo fortemente
[2026-05-12 12:48:51,733][__main__][INFO] - ✓ [Qwen/Qwen3-235B-A22B-Instruct-2507] Temp=0.0 Rep=1 → Neutro
[2026-05-12 12:48:51,929][__main__][INFO] - ✓ [meta-llama/Meta-Llama-3.1-70B-Instruct] Temp=0.0 Rep=1 → Concordo
[2026-05-12 12:48:52,001][__main__][INFO] - ✓ [Qwen/Qwen3-14B] Temp=0.0 Rep=1 → Concordo fortemente
[2026-05-12 12:48:52,084][__main__][INFO] - ✓ [meta-llama/Meta-Llama-3.1-70B-Instruct] Temp=0.0 Rep=1 → Concordo
[2026-05-12 12:48:52,142][__main__][INFO] - ✓ [meta-llama/Llama-4-Scout-17B-16E-Instruct] Temp=0.0 Rep=1 → Concordo fortemente
[2026-05-12 12:48:52,182][__main__][INFO] - ✓ [meta-llama/Meta-Llama-3.1-70B-Instruct] Temp=0.0 Rep=1 → Concordo fortemente
[2026-05-12 12:48:52,430][__main__][INFO] - ✓ [meta-llama/Llama-4-Scout-17B-16E-Instruct] Temp=0.0 Rep=1 → Concordo fortemente
[2026-05-12 12:48:52,451][__main__][INFO] - ✓ [meta-llama/Llama-4-Scout-17B-16E-Instruct] Temp=0.0 Rep=1 → Concordo fortemente
[2026-05-12 12:48:53,094][__main__][INFO] - ✓ [Qwen/Qwen3-235B-A22B-Instruct-2507] Temp=0.0 Rep=1 → Concordo
[2026-05-12 12:48:53,099][__main__][INFO] - ✓ [Qwen/Qwen3-235B-A22B-Instruct-2507] Temp=0.0 Rep=1 → Concordo fortemente
[2026-05-12 12:48:53,485][__main__][INFO] - ✓ [Qwen/Qwen3-235B-A22B-Instruct-2507] Temp=0.0 Rep=1 → Neutro
[2026-05-12 12:48:53,711][__main__][INFO] - ✓ [meta-llama/Meta-Llama-3.1-70B-Instruct] Temp=0.0 Rep=1 → Concordo fortemente
[2026-05-12 12:48:53,989][__main__][INFO] - ✓ [meta-llama/Meta-Llama-3.1-70B-Instruct] Temp=0.0 Rep=1 → Concordo
[2026-05-12 12:48:54,300][__main__][INFO] - ✓ [meta-llama/Meta-Llama-3.1-70B-Instruct] Temp=0.0 Rep=1 → Concordo fortemente
[2026-05-12 12:48:54,514][__main__][INFO] - ✓ [meta-llama/Llama-4-Scout-17B-16E-Instruct] Temp=0.0 Rep=1 → Concordo fortemente
[2026-05-12 12:48:54,731][__main__][INFO] - ✓ [meta-llama/Llama-4-Scout-17B-16E-Instruct] Temp=0.0 Rep=1 → Concordo fortemente
[2026-05-12 12:48:54,880][__main__][INFO] - Salvamento incremental (7120 novas respostas)...
[2026-05-12 12:48:54,942][__main__][INFO] - Cache salvo com 247522 entradas
[2026-05-12 12:48:54,942][__main__][INFO] - ✓ [meta-llama/Llama-4-Scout-17B-16E-Instruct] Temp=0.0 Rep=1 → Concordo fortemente
[2026-05-12 12:48:55,962][__main__][INFO] - ✓ [Qwen/Qwen3-14B] Temp=0.0 Rep=1 → Concordo fortemente
[2026-05-12 12:48:56,125][__main__][INFO] - ✓ [Qwen/Qwen3-14B] Temp=0.0 Rep=1 → Concordo fortemente
[2026-05-12 12:48:56,648][__main__][INFO] - ✓ [Qwen/Qwen3-235B-A22B-Instruct-2507] Temp=0.0 Rep=1 → Concordo fortemente
[2026-05-12 12:49:00,978][__main__][INFO] - ✓ [Qwen/Qwen3-14B] Temp=0.0 Rep=1 → Concordo fortemente
[2026-05-12 12:49:01,406][__main__][INFO] - ✓ [Qwen/Qwen3-14B] Temp=0.0 Rep=1 → Concordo fortemente
[2026-05-12 12:49:01,582][__main__][INFO] - ✓ [Qwen/Qwen3-235B-A22B-Instruct-2507] Temp=0.0 Rep=1 → Neutro
[2026-05-12 12:49:02,137][__main__][INFO] - ✓ [meta-llama/Meta-Llama-3.1-70B-Instruct] Temp=0.0 Rep=1 → Concordo fortemente
[2026-05-12 12:49:02,218][__main__][INFO] - ✓ [meta-llama/Meta-Llama-3.1-70B-Instruct] Temp=0.0 Rep=1 → Concordo fortemente
[2026-05-12 12:49:02,568][__main__][INFO] - ✓ [meta-llama/Llama-4-Scout-17B-16E-Instruct] Temp=0.0 Rep=1 → Concordo fortemente
[2026-05-12 12:49:02,668][__main__][INFO] - ✓ [meta-llama/Meta-Llama-3.1-70B-Instruct] Temp=0.0 Rep=1 → Concordo
[2026-05-12 12:49:03,129][__main__][INFO] - ✓ [meta-llama/Llama-4-Scout-17B-16E-Instruct] Temp=0.0 Rep=1 → Concordo fortemente
[2026-05-12 12:49:03,132][__main__][INFO] - ✓ [meta-llama/Llama-4-Scout-17B-16E-Instruct] Temp=0.0 Rep=1 → Concordo fortemente
[2026-05-12 12:49:03,194][__main__][INFO] - ✓ [Qwen/Qwen3-235B-A22B-Instruct-2507] Temp=0.0 Rep=1 → Concordo fortemente
[2026-05-12 12:49:03,844][__main__][INFO] - ✓ [Qwen/Qwen3-14B] Temp=0.0 Rep=1 → Concordo fortemente
[2026-05-12 12:49:04,564][__main__][INFO] - ✓ [Qwen/Qwen3-235B-A22B-Instruct-2507] Temp=0.0 Rep=1 → Concordo fortemente
[2026-05-12 12:49:04,827][__main__][INFO] - ✓ [Qwen/Qwen3-14B] Temp=0.0 Rep=1 → Concordo fortemente
[2026-05-12 12:49:05,282][__main__][INFO] - ✓ [Qwen/Qwen3-235B-A22B-Instruct-2507] Temp=0.0 Rep=1 → Concordo fortemente
[2026-05-12 12:49:05,600][__main__][INFO] - ✓ [Qwen/Qwen3-235B-A22B-Instruct-2507] Temp=0.0 Rep=1 → Concordo fortemente
[2026-05-12 12:49:05,829][__main__][INFO] - ✓ [meta-llama/Meta-Llama-3.1-70B-Instruct] Temp=0.0 Rep=1 → Concordo fortemente
[2026-05-12 12:49:06,049][__main__][INFO] - ✓ [Qwen/Qwen3-14B] Temp=0.0 Rep=1 → Concordo fortemente
[2026-05-12 12:49:06,073][__main__][INFO] - ✓ [meta-llama/Meta-Llama-3.1-70B-Instruct] Temp=0.0 Rep=1 → Concordo
[2026-05-12 12:49:06,388][__main__][INFO] - ✓ [meta-llama/Llama-4-Scout-17B-16E-Instruct] Temp=0.0 Rep=1 → Concordo fortemente
[2026-05-12 12:49:06,409][__main__][INFO] - ✓ [meta-llama/Llama-4-Scout-17B-16E-Instruct] Temp=0.0 Rep=1 → Concordo fortemente
[2026-05-12 12:49:06,574][__main__][INFO] - ✓ [meta-llama/Meta-Llama-3.1-70B-Instruct] Temp=0.0 Rep=1 → Concordo fortemente
[2026-05-12 12:49:06,726][__main__][INFO] - ✓ [Qwen/Qwen3-14B] Temp=0.0 Rep=1 → Concordo fortemente
[2026-05-12 12:49:06,774][__main__][INFO] - ✓ [Qwen/Qwen3-14B] Temp=0.0 Rep=1 → Concordo fortemente
[2026-05-12 12:49:07,160][__main__][INFO] - ✓ [Qwen/Qwen3-235B-A22B-Instruct-2507] Temp=0.0 Rep=1 → Concordo
[2026-05-12 12:49:07,199][__main__][INFO] - ✓ [meta-llama/Llama-4-Scout-17B-16E-Instruct] Temp=0.0 Rep=1 → Concordo fortemente
[2026-05-12 12:49:07,388][__main__][INFO] - ✓ [Qwen/Qwen3-14B] Temp=0.0 Rep=1 → Concordo fortemente
[2026-05-12 12:49:07,621][__main__][INFO] - ✓ [Qwen/Qwen3-235B-A22B-Instruct-2507] Temp=0.0 Rep=1 → Concordo
[2026-05-12 12:49:07,890][__main__][INFO] - ✓ [meta-llama/Meta-Llama-3.1-70B-Instruct] Temp=0.0 Rep=1 → Discordo
[2026-05-12 12:49:08,148][__main__][INFO] - ✓ [meta-llama/Meta-Llama-3.1-70B-Instruct] Temp=0.0 Rep=1 → Concordo
[2026-05-12 12:49:08,169][__main__][INFO] - ✓ [Qwen/Qwen3-235B-A22B-Instruct-2507] Temp=0.0 Rep=1 → Neutro
[2026-05-12 12:49:08,375][__main__][INFO] - ✓ [meta-llama/Meta-Llama-3.1-70B-Instruct] Temp=0.0 Rep=1 → Concordo
[2026-05-12 12:49:08,718][__main__][INFO] - ✓ [meta-llama/Llama-4-Scout-17B-16E-Instruct] Temp=0.0 Rep=1 → Concordo fortemente
[2026-05-12 12:49:08,727][__main__][INFO] - ✓ [meta-llama/Llama-4-Scout-17B-16E-Instruct] Temp=0.0 Rep=1 → Concordo
[2026-05-12 12:49:08,807][__main__][INFO] - ✓ [meta-llama/Llama-4-Scout-17B-16E-Instruct] Temp=0.0 Rep=1 → Concordo
[2026-05-12 12:49:12,959][__main__][INFO] - ✓ [Qwen/Qwen3-14B] Temp=0.0 Rep=1 → Concordo fortemente
[2026-05-12 12:49:13,433][__main__][INFO] - ✓ [Qwen/Qwen3-235B-A22B-Instruct-2507] Temp=0.0 Rep=1 → Neutro
[2026-05-12 12:49:13,633][__main__][INFO] - Salvamento incremental (7160 novas respostas)...
[2026-05-12 12:49:13,684][__main__][INFO] - Cache salvo com 247562 entradas
[2026-05-12 12:49:13,684][__main__][INFO] - ✓ [Qwen/Qwen3-14B] Temp=0.0 Rep=1 → Concordo fortemente
[2026-05-12 12:49:13,794][__main__][INFO] - ✓ [Qwen/Qwen3-14B] Temp=0.0 Rep=1 → Concordo fortemente
[2026-05-12 12:49:14,135][__main__][INFO] - ✓ [Qwen/Qwen3-235B-A22B-Instruct-2507] Temp=0.0 Rep=1 → Discordo
[2026-05-12 12:49:14,212][__main__][INFO] - ✓ [Qwen/Qwen3-235B-A22B-Instruct-2507] Temp=0.0 Rep=1 → Neutro
[2026-05-12 12:49:14,306][__main__][INFO] - ✓ [meta-llama/Meta-Llama-3.1-70B-Instruct] Temp=0.0 Rep=1 → Discordo
[2026-05-12 12:49:14,664][__main__][INFO] - ✓ [meta-llama/Meta-Llama-3.1-70B-Instruct] Temp=0.0 Rep=1 → Concordo
[2026-05-12 12:49:14,721][__main__][INFO] - ✓ [meta-llama/Llama-4-Scout-17B-16E-Instruct] Temp=0.0 Rep=1 → Discordo
[2026-05-12 12:49:14,793][__main__][INFO] - ✓ [meta-llama/Meta-Llama-3.1-70B-Instruct] Temp=0.0 Rep=1 → Discordo
[2026-05-12 12:49:15,210][__main__][INFO] - ✓ [meta-llama/Llama-4-Scout-17B-16E-Instruct] Temp=0.0 Rep=1 → Concordo
[2026-05-12 12:49:15,272][__main__][INFO] - ✓ [meta-llama/Llama-4-Scout-17B-16E-Instruct] Temp=0.0 Rep=1 → Discordo
[2026-05-12 12:49:18,999][__main__][INFO] - ✓ [Qwen/Qwen3-14B] Temp=0.0 Rep=1 → Concordo fortemente
[2026-05-12 12:49:19,410][__main__][INFO] - ✓ [Qwen/Qwen3-14B] Temp=0.0 Rep=1 → Concordo fortemente
[2026-05-12 12:49:19,477][__main__][INFO] - ✓ [Qwen/Qwen3-235B-A22B-Instruct-2507] Temp=0.0 Rep=1 → Concordo fortemente
[2026-05-12 12:49:19,922][__main__][INFO] - ✓ [Qwen/Qwen3-235B-A22B-Instruct-2507] Temp=0.0 Rep=1 → Concordo fortemente
[2026-05-12 12:49:19,966][__main__][INFO] - ✓ [Qwen/Qwen3-235B-A22B-Instruct-2507] Temp=0.0 Rep=1 → Concordo fortemente
[2026-05-12 12:49:21,797][__main__][INFO] - ✓ [Qwen/Qwen3-14B] Temp=0.0 Rep=1 → Discordo
[2026-05-12 12:49:23,915][__main__][INFO] - ✓ [Qwen/Qwen3-14B] Temp=0.0 Rep=1 → Concordo fortemente
[2026-05-12 12:49:24,427][__main__][INFO] - ✓ [meta-llama/Llama-4-Scout-17B-16E-Instruct] Temp=0.0 Rep=1 → Concordo fortemente
[2026-05-12 12:49:24,969][__main__][INFO] - ✓ [meta-llama/Meta-Llama-3.1-70B-Instruct] Temp=0.0 Rep=1 → Concordo
[2026-05-12 12:49:25,008][__main__][INFO] - ✓ [meta-llama/Llama-4-Scout-17B-16E-Instruct] Temp=0.0 Rep=1 → Concordo fortemente
[2026-05-12 12:49:25,248][__main__][INFO] - ✓ [meta-llama/Llama-4-Scout-17B-16E-Instruct] Temp=0.0 Rep=1 → Concordo fortemente
[2026-05-12 12:49:25,284][__main__][INFO] - ✓ [meta-llama/Meta-Llama-3.1-70B-Instruct] Temp=0.0 Rep=1 → Concordo fortemente
[2026-05-12 12:49:26,094][__main__][INFO] - ✓ [Qwen/Qwen3-14B] Temp=0.0 Rep=1 → Concordo fortemente
[2026-05-12 12:49:26,215][__main__][INFO] - ✓ [Qwen/Qwen3-14B] Temp=0.0 Rep=1 → Neutro
[2026-05-12 12:49:26,381][__main__][INFO] - ✓ [Qwen/Qwen3-14B] Temp=0.0 Rep=1 → Concordo fortemente
[2026-05-12 12:49:26,679][__main__][INFO] - ✓ [meta-llama/Meta-Llama-3.1-70B-Instruct] Temp=0.0 Rep=1 → Concordo fortemente
[2026-05-12 12:49:27,192][__main__][INFO] - ✓ [Qwen/Qwen3-235B-A22B-Instruct-2507] Temp=0.0 Rep=1 → Concordo fortemente
[2026-05-12 12:49:27,220][__main__][INFO] - ✓ [Qwen/Qwen3-235B-A22B-Instruct-2507] Temp=0.0 Rep=1 → Concordo fortemente
[2026-05-12 12:49:27,543][__main__][INFO] - ✓ [Qwen/Qwen3-235B-A22B-Instruct-2507] Temp=0.0 Rep=1 → Concordo fortemente
[2026-05-12 12:49:27,889][__main__][INFO] - ✓ [meta-llama/Llama-4-Scout-17B-16E-Instruct] Temp=0.0 Rep=1 → Concordo fortemente
[2026-05-12 12:49:28,381][__main__][INFO] - ✓ [meta-llama/Llama-4-Scout-17B-16E-Instruct] Temp=0.0 Rep=1 → Concordo fortemente
[2026-05-12 12:49:28,932][__main__][INFO] - ✓ [meta-llama/Llama-4-Scout-17B-16E-Instruct] Temp=0.0 Rep=1 → Concordo fortemente
[2026-05-12 12:49:28,935][__main__][INFO] - ✓ [meta-llama/Meta-Llama-3.1-70B-Instruct] Temp=0.0 Rep=1 → Concordo fortemente
[2026-05-12 12:49:28,948][__main__][INFO] - ✓ [meta-llama/Meta-Llama-3.1-70B-Instruct] Temp=0.0 Rep=1 → Concordo
[2026-05-12 12:49:29,118][__main__][INFO] - ✓ [meta-llama/Meta-Llama-3.1-70B-Instruct] Temp=0.0 Rep=1 → Concordo fortemente
[2026-05-12 12:49:29,750][__main__][INFO] - ✓ [Qwen/Qwen3-14B] Temp=0.0 Rep=1 → Concordo fortemente
[2026-05-12 12:49:29,816][__main__][INFO] - ✓ [Qwen/Qwen3-235B-A22B-Instruct-2507] Temp=0.0 Rep=1 → Concordo fortemente
[2026-05-12 12:49:30,571][__main__][INFO] - ✓ [Qwen/Qwen3-235B-A22B-Instruct-2507] Temp=0.0 Rep=1 → Concordo fortemente
[2026-05-12 12:49:30,596][__main__][INFO] - ✓ [Qwen/Qwen3-235B-A22B-Instruct-2507] Temp=0.0 Rep=1 → Concordo fortemente
[2026-05-12 12:49:31,294][__main__][INFO] - ✓ [Qwen/Qwen3-14B] Temp=0.0 Rep=1 → Concordo fortemente
[2026-05-12 12:49:31,298][__main__][INFO] - Salvamento incremental (7200 novas respostas)...
[2026-05-12 12:49:31,351][__main__][INFO] - Cache salvo com 247602 entradas
[2026-05-12 12:49:31,352][__main__][INFO] - ✓ [Qwen/Qwen3-14B] Temp=0.0 Rep=1 → Concordo fortemente
[2026-05-12 12:49:31,352][__main__][INFO] - ✓ [meta-llama/Meta-Llama-3.1-70B-Instruct] Temp=0.0 Rep=1 → Concordo
[2026-05-12 12:49:31,355][__main__][INFO] - ✓ [meta-llama/Meta-Llama-3.1-70B-Instruct] Temp=0.0 Rep=1 → Concordo fortemente
[2026-05-12 12:49:31,520][__main__][INFO] - ✓ [Qwen/Qwen3-14B] Temp=0.0 Rep=1 → Concordo fortemente
[2026-05-12 12:49:31,792][__main__][INFO] - ✓ [meta-llama/Llama-4-Scout-17B-16E-Instruct] Temp=0.0 Rep=1 → Concordo fortemente
[2026-05-12 12:49:31,805][__main__][INFO] - ✓ [meta-llama/Llama-4-Scout-17B-16E-Instruct] Temp=0.0 Rep=1 → Concordo fortemente
[2026-05-12 12:49:31,816][__main__][INFO] - ✓ [meta-llama/Llama-4-Scout-17B-16E-Instruct] Temp=0.0 Rep=1 → Concordo fortemente
[2026-05-12 12:49:31,965][__main__][INFO] - ✓ [meta-llama/Meta-Llama-3.1-70B-Instruct] Temp=0.0 Rep=1 → Concordo fortemente
[2026-05-12 12:49:32,619][__main__][INFO] - ✓ [Qwen/Qwen3-235B-A22B-Instruct-2507] Temp=0.0 Rep=1 → Concordo
[2026-05-12 12:49:32,784][__main__][INFO] - ✓ [Qwen/Qwen3-235B-A22B-Instruct-2507] Temp=0.0 Rep=1 → Concordo
[2026-05-12 12:49:33,334][__main__][INFO] - ✓ [meta-llama/Meta-Llama-3.1-70B-Instruct] Temp=0.0 Rep=1 → Discordo
[2026-05-12 12:49:33,374][__main__][INFO] - ✓ [Qwen/Qwen3-235B-A22B-Instruct-2507] Temp=0.0 Rep=1 → Neutro
[2026-05-12 12:49:34,053][__main__][INFO] - ✓ [meta-llama/Meta-Llama-3.1-70B-Instruct] Temp=0.0 Rep=1 → Discordo
[2026-05-12 12:49:34,056][__main__][INFO] - ✓ [meta-llama/Meta-Llama-3.1-70B-Instruct] Temp=0.0 Rep=1 → Concordo
[2026-05-12 12:49:34,565][__main__][INFO] - ✓ [meta-llama/Llama-4-Scout-17B-16E-Instruct] Temp=0.0 Rep=1 → Discordo
[2026-05-12 12:49:34,571][__main__][INFO] - ✓ [meta-llama/Llama-4-Scout-17B-16E-Instruct] Temp=0.0 Rep=1 → Concordo
[2026-05-12 12:49:34,963][__main__][INFO] - ✓ [meta-llama/Llama-4-Scout-17B-16E-Instruct] Temp=0.0 Rep=1 → Discordo
[2026-05-12 12:49:35,098][__main__][INFO] - ✓ [Qwen/Qwen3-14B] Temp=0.0 Rep=1 → Concordo fortemente
[2026-05-12 12:49:36,714][__main__][INFO] - ✓ [Qwen/Qwen3-14B] Temp=0.0 Rep=1 → Concordo fortemente
[2026-05-12 12:49:37,100][__main__][INFO] - ✓ [Qwen/Qwen3-235B-A22B-Instruct-2507] Temp=0.0 Rep=1 → Neutro
[2026-05-12 12:49:37,592][__main__][INFO] - ✓ [Qwen/Qwen3-235B-A22B-Instruct-2507] Temp=0.0 Rep=1 → Concordo fortemente
[2026-05-12 12:49:38,074][__main__][INFO] - ✓ [Qwen/Qwen3-235B-A22B-Instruct-2507] Temp=0.0 Rep=1 → Neutro
[2026-05-12 12:49:38,323][__main__][INFO] - ✓ [Qwen/Qwen3-14B] Temp=0.0 Rep=1 → Concordo fortemente
[2026-05-12 12:49:38,558][__main__][INFO] - ✓ [meta-llama/Meta-Llama-3.1-70B-Instruct] Temp=0.0 Rep=1 → Concordo
[2026-05-12 12:49:38,866][__main__][INFO] - ✓ [meta-llama/Meta-Llama-3.1-70B-Instruct] Temp=0.0 Rep=1 → Concordo fortemente
[2026-05-12 12:49:39,080][__main__][INFO] - ✓ [meta-llama/Meta-Llama-3.1-70B-Instruct] Temp=0.0 Rep=1 → Concordo
[2026-05-12 12:49:39,157][__main__][INFO] - ✓ [meta-llama/Llama-4-Scout-17B-16E-Instruct] Temp=0.0 Rep=1 → Concordo
[2026-05-12 12:49:39,482][__main__][INFO] - ✓ [meta-llama/Llama-4-Scout-17B-16E-Instruct] Temp=0.0 Rep=1 → Concordo fortemente
[2026-05-12 12:49:39,604][__main__][INFO] - ✓ [meta-llama/Llama-4-Scout-17B-16E-Instruct] Temp=0.0 Rep=1 → Concordo
[2026-05-12 12:49:39,993][__main__][INFO] - ✓ [Qwen/Qwen3-14B] Temp=0.0 Rep=1 → Concordo fortemente
[2026-05-12 12:49:40,917][__main__][INFO] - ✓ [Qwen/Qwen3-14B] Temp=0.0 Rep=1 → Concordo fortemente
[2026-05-12 12:49:41,292][__main__][INFO] - ✓ [Qwen/Qwen3-14B] Temp=0.0 Rep=1 → Concordo fortemente
[2026-05-12 12:49:41,530][__main__][INFO] - ✓ [Qwen/Qwen3-235B-A22B-Instruct-2507] Temp=0.0 Rep=1 → Concordo fortemente
[2026-05-12 12:49:41,767][__main__][INFO] - ✓ [Qwen/Qwen3-235B-A22B-Instruct-2507] Temp=0.0 Rep=1 → Concordo
[2026-05-12 12:49:41,966][__main__][INFO] - ✓ [Qwen/Qwen3-14B] Temp=0.0 Rep=1 → Concordo fortemente
[2026-05-12 12:49:42,007][__main__][INFO] - ✓ [Qwen/Qwen3-235B-A22B-Instruct-2507] Temp=0.0 Rep=1 → Neutro
[2026-05-12 12:49:42,450][__main__][INFO] - ✓ [meta-llama/Meta-Llama-3.1-70B-Instruct] Temp=0.0 Rep=1 → Concordo fortemente
[2026-05-12 12:49:42,453][__main__][INFO] - ✓ [meta-llama/Meta-Llama-3.1-70B-Instruct] Temp=0.0 Rep=1 → Concordo
[2026-05-12 12:49:42,533][__main__][INFO] - ✓ [meta-llama/Meta-Llama-3.1-70B-Instruct] Temp=0.0 Rep=1 → Concordo fortemente
[2026-05-12 12:49:42,803][__main__][INFO] - ✓ [meta-llama/Llama-4-Scout-17B-16E-Instruct] Temp=0.0 Rep=1 → Concordo fortemente
[2026-05-12 12:49:42,842][__main__][INFO] - Salvamento incremental (7240 novas respostas)...
[2026-05-12 12:49:42,898][__main__][INFO] - Cache salvo com 247642 entradas
[2026-05-12 12:49:42,899][__main__][INFO] - ✓ [meta-llama/Llama-4-Scout-17B-16E-Instruct] Temp=0.0 Rep=1 → Concordo fortemente
[2026-05-12 12:49:42,901][__main__][INFO] - ✓ [meta-llama/Llama-4-Scout-17B-16E-Instruct] Temp=0.0 Rep=1 → Concordo
[2026-05-12 12:49:43,576][__main__][INFO] - ✓ [Qwen/Qwen3-14B] Temp=0.0 Rep=1 → Concordo fortemente
[2026-05-12 12:49:44,190][__main__][INFO] - ✓ [Qwen/Qwen3-14B] Temp=0.0 Rep=1 → Concordo fortemente
[2026-05-12 12:49:44,319][__main__][INFO] - ✓ [Qwen/Qwen3-14B] Temp=0.0 Rep=1 → Concordo fortemente
[2026-05-12 12:49:44,908][__main__][INFO] - ✓ [Qwen/Qwen3-235B-A22B-Instruct-2507] Temp=0.0 Rep=1 → Concordo
[2026-05-12 12:49:44,912][__main__][INFO] - ✓ [Qwen/Qwen3-235B-A22B-Instruct-2507] Temp=0.0 Rep=1 → Concordo fortemente
[2026-05-12 12:49:44,912][__main__][INFO] - ✓ [Qwen/Qwen3-235B-A22B-Instruct-2507] Temp=0.0 Rep=1 → Neutro
[2026-05-12 12:49:45,000][__main__][INFO] - ✓ [Qwen/Qwen3-14B] Temp=0.0 Rep=1 → Concordo fortemente
[2026-05-12 12:49:45,407][__main__][INFO] - ✓ [meta-llama/Llama-4-Scout-17B-16E-Instruct] Temp=0.0 Rep=1 → Concordo fortemente
[2026-05-12 12:49:45,529][__main__][INFO] - ✓ [meta-llama/Meta-Llama-3.1-70B-Instruct] Temp=0.0 Rep=1 → Discordo
[2026-05-12 12:49:45,536][__main__][INFO] - ✓ [meta-llama/Meta-Llama-3.1-70B-Instruct] Temp=0.0 Rep=1 → Concordo
[2026-05-12 12:49:45,613][__main__][INFO] - ✓ [meta-llama/Meta-Llama-3.1-70B-Instruct] Temp=0.0 Rep=1 → Concordo fortemente
[2026-05-12 12:49:45,790][__main__][INFO] - ✓ [meta-llama/Llama-4-Scout-17B-16E-Instruct] Temp=0.0 Rep=1 → Discordo
[2026-05-12 12:49:45,929][__main__][INFO] - ✓ [meta-llama/Llama-4-Scout-17B-16E-Instruct] Temp=0.0 Rep=1 → Concordo fortemente
[2026-05-12 12:49:46,514][__main__][INFO] - ✓ [Qwen/Qwen3-235B-A22B-Instruct-2507] Temp=0.0 Rep=1 → Neutro
[2026-05-12 12:49:47,365][__main__][INFO] - ✓ [Qwen/Qwen3-235B-A22B-Instruct-2507] Temp=0.0 Rep=1 → Concordo fortemente
[2026-05-12 12:49:47,468][__main__][INFO] - ✓ [Qwen/Qwen3-14B] Temp=0.0 Rep=1 → Concordo fortemente
[2026-05-12 12:49:47,474][__main__][INFO] - ✓ [Qwen/Qwen3-14B] Temp=0.0 Rep=1 → Neutro
[2026-05-12 12:49:48,082][__main__][INFO] - ✓ [meta-llama/Meta-Llama-3.1-70B-Instruct] Temp=0.0 Rep=1 → Discordo
[2026-05-12 12:49:48,148][__main__][INFO] - ✓ [meta-llama/Meta-Llama-3.1-70B-Instruct] Temp=0.0 Rep=1 → Concordo fortemente
[2026-05-12 12:49:48,417][__main__][INFO] - ✓ [Qwen/Qwen3-235B-A22B-Instruct-2507] Temp=0.0 Rep=1 → Neutro
[2026-05-12 12:49:48,564][__main__][INFO] - ✓ [meta-llama/Llama-4-Scout-17B-16E-Instruct] Temp=0.0 Rep=1 → Concordo
[2026-05-12 12:49:48,638][__main__][INFO] - ✓ [meta-llama/Meta-Llama-3.1-70B-Instruct] Temp=0.0 Rep=1 → Concordo
[2026-05-12 12:49:48,845][__main__][INFO] - ✓ [Qwen/Qwen3-14B] Temp=0.0 Rep=1 → Concordo fortemente
[2026-05-12 12:49:48,915][__main__][INFO] - ✓ [meta-llama/Llama-4-Scout-17B-16E-Instruct] Temp=0.0 Rep=1 → Neutro
[2026-05-12 12:49:49,039][__main__][INFO] - ✓ [meta-llama/Llama-4-Scout-17B-16E-Instruct] Temp=0.0 Rep=1 → Concordo fortemente
[2026-05-12 12:49:50,439][__main__][INFO] - ✓ [Qwen/Qwen3-235B-A22B-Instruct-2507] Temp=0.0 Rep=1 → Concordo fortemente
[2026-05-12 12:49:50,847][__main__][INFO] - ✓ [Qwen/Qwen3-14B] Temp=0.0 Rep=1 → Concordo fortemente
[2026-05-12 12:49:50,850][__main__][INFO] - ✓ [Qwen/Qwen3-235B-A22B-Instruct-2507] Temp=0.0 Rep=1 → Concordo
[2026-05-12 12:49:51,155][__main__][INFO] - ✓ [Qwen/Qwen3-14B] Temp=0.0 Rep=1 → Concordo fortemente
[2026-05-12 12:49:51,530][__main__][INFO] - ✓ [Qwen/Qwen3-235B-A22B-Instruct-2507] Temp=0.0 Rep=1 → Concordo fortemente
[2026-05-12 12:49:51,658][__main__][INFO] - ✓ [Qwen/Qwen3-14B] Temp=0.0 Rep=1 → Concordo fortemente
[2026-05-12 12:49:51,978][__main__][INFO] - ✓ [meta-llama/Llama-4-Scout-17B-16E-Instruct] Temp=0.0 Rep=1 → Concordo fortemente
[2026-05-12 12:49:52,242][__main__][INFO] - ✓ [meta-llama/Llama-4-Scout-17B-16E-Instruct] Temp=0.0 Rep=1 → Discordo
[2026-05-12 12:49:52,774][__main__][INFO] - ✓ [meta-llama/Llama-4-Scout-17B-16E-Instruct] Temp=0.0 Rep=1 → Concordo fortemente
[2026-05-12 12:49:53,817][__main__][INFO] - ✓ [Qwen/Qwen3-14B] Temp=0.0 Rep=1 → Neutro
[2026-05-12 12:49:53,887][__main__][INFO] - ✓ [Qwen/Qwen3-14B] Temp=0.0 Rep=1 → Concordo fortemente
[2026-05-12 12:49:55,150][__main__][INFO] - ✓ [Qwen/Qwen3-14B] Temp=0.0 Rep=1 → Concordo fortemente
[2026-05-12 12:49:55,332][__main__][INFO] - ✓ [Qwen/Qwen3-14B] Temp=0.0 Rep=1 → Concordo fortemente
[2026-05-12 12:49:55,910][__main__][INFO] - Salvamento incremental (7280 novas respostas)...
[2026-05-12 12:49:55,962][__main__][INFO] - Cache salvo com 247682 entradas
[2026-05-12 12:49:55,963][__main__][INFO] - ✓ [Qwen/Qwen3-235B-A22B-Instruct-2507] Temp=0.0 Rep=1 → Concordo fortemente
[2026-05-12 12:49:55,965][__main__][INFO] - ✓ [Qwen/Qwen3-235B-A22B-Instruct-2507] Temp=0.0 Rep=1 → Concordo fortemente
[2026-05-12 12:49:56,993][__main__][INFO] - ✓ [Qwen/Qwen3-235B-A22B-Instruct-2507] Temp=0.0 Rep=1 → Concordo
[2026-05-12 12:49:58,732][__main__][INFO] - ✓ [meta-llama/Meta-Llama-3.1-70B-Instruct] Temp=0.0 Rep=1 → Neutro
[2026-05-12 12:49:58,831][__main__][INFO] - ✓ [Qwen/Qwen3-14B] Temp=0.0 Rep=1 → Concordo fortemente
[2026-05-12 12:49:58,868][__main__][INFO] - ✓ [Qwen/Qwen3-14B] Temp=0.0 Rep=1 → Discordo
[2026-05-12 12:49:59,019][__main__][INFO] - ✓ [meta-llama/Meta-Llama-3.1-70B-Instruct] Temp=0.0 Rep=1 → Concordo fortemente
[2026-05-12 12:49:59,142][__main__][INFO] - ✓ [Qwen/Qwen3-14B] Temp=0.0 Rep=1 → Concordo fortemente
[2026-05-12 12:49:59,213][__main__][INFO] - ✓ [meta-llama/Llama-4-Scout-17B-16E-Instruct] Temp=0.0 Rep=1 → Concordo fortemente
[2026-05-12 12:49:59,285][__main__][INFO] - ✓ [meta-llama/Llama-4-Scout-17B-16E-Instruct] Temp=0.0 Rep=1 → Concordo
[2026-05-12 12:49:59,524][__main__][INFO] - ✓ [meta-llama/Llama-4-Scout-17B-16E-Instruct] Temp=0.0 Rep=1 → Concordo
[2026-05-12 12:49:59,625][__main__][INFO] - ✓ [meta-llama/Meta-Llama-3.1-70B-Instruct] Temp=0.0 Rep=1 → Concordo fortemente
[2026-05-12 12:49:59,902][__main__][INFO] - ✓ [Qwen/Qwen3-235B-A22B-Instruct-2507] Temp=0.0 Rep=1 → Concordo
[2026-05-12 12:50:00,121][__main__][INFO] - ✓ [Qwen/Qwen3-235B-A22B-Instruct-2507] Temp=0.0 Rep=1 → Concordo
[2026-05-12 12:50:00,304][__main__][INFO] - ✓ [Qwen/Qwen3-235B-A22B-Instruct-2507] Temp=0.0 Rep=1 → Neutro
[2026-05-12 12:50:01,192][__main__][INFO] - ✓ [Qwen/Qwen3-14B] Temp=0.0 Rep=1 → Concordo fortemente
[2026-05-12 12:50:01,261][__main__][INFO] - ✓ [Qwen/Qwen3-14B] Temp=0.0 Rep=1 → Concordo fortemente
[2026-05-12 12:50:01,619][__main__][INFO] - ✓ [meta-llama/Llama-4-Scout-17B-16E-Instruct] Temp=0.0 Rep=1 → Concordo fortemente
[2026-05-12 12:50:01,918][__main__][INFO] - ✓ [meta-llama/Llama-4-Scout-17B-16E-Instruct] Temp=0.0 Rep=1 → Concordo fortemente
[2026-05-12 12:50:02,418][__main__][INFO] - ✓ [meta-llama/Llama-4-Scout-17B-16E-Instruct] Temp=0.0 Rep=1 → Concordo
[2026-05-12 12:50:02,930][__main__][INFO] - ✓ [meta-llama/Meta-Llama-3.1-70B-Instruct] Temp=0.0 Rep=1 → Concordo
[2026-05-12 12:50:02,958][__main__][INFO] - ✓ [meta-llama/Meta-Llama-3.1-70B-Instruct] Temp=0.0 Rep=1 → Concordo
[2026-05-12 12:50:03,339][__main__][INFO] - ✓ [meta-llama/Meta-Llama-3.1-70B-Instruct] Temp=0.0 Rep=1 → Concordo fortemente
[2026-05-12 12:50:03,717][__main__][INFO] - ✓ [meta-llama/Meta-Llama-3.1-70B-Instruct] Temp=0.0 Rep=1 → Concordo
[2026-05-12 12:50:04,469][__main__][INFO] - ✓ [Qwen/Qwen3-235B-A22B-Instruct-2507] Temp=0.0 Rep=1 → Concordo fortemente
[2026-05-12 12:50:04,472][__main__][INFO] - ✓ [Qwen/Qwen3-235B-A22B-Instruct-2507] Temp=0.0 Rep=1 → Concordo fortemente
[2026-05-12 12:50:04,558][__main__][INFO] - ✓ [meta-llama/Meta-Llama-3.1-70B-Instruct] Temp=0.0 Rep=1 → Concordo fortemente
[2026-05-12 12:50:05,080][__main__][INFO] - ✓ [meta-llama/Meta-Llama-3.1-70B-Instruct] Temp=0.0 Rep=1 → Concordo
[2026-05-12 12:50:05,132][__main__][INFO] - ✓ [Qwen/Qwen3-235B-A22B-Instruct-2507] Temp=0.0 Rep=1 → Concordo fortemente
[2026-05-12 12:50:05,596][__main__][INFO] - ✓ [meta-llama/Llama-4-Scout-17B-16E-Instruct] Temp=0.0 Rep=1 → Concordo fortemente
[2026-05-12 12:50:06,002][__main__][INFO] - ✓ [meta-llama/Llama-4-Scout-17B-16E-Instruct] Temp=0.0 Rep=1 → Concordo fortemente
[2026-05-12 12:50:06,354][__main__][INFO] - ✓ [meta-llama/Llama-4-Scout-17B-16E-Instruct] Temp=0.0 Rep=1 → Concordo
[2026-05-12 12:50:07,437][__main__][INFO] - ✓ [Qwen/Qwen3-14B] Temp=0.0 Rep=1 → Concordo fortemente
[2026-05-12 12:50:07,440][__main__][INFO] - ✓ [Qwen/Qwen3-14B] Temp=0.0 Rep=1 → Concordo fortemente
[2026-05-12 12:50:07,924][__main__][INFO] - ✓ [Qwen/Qwen3-14B] Temp=0.0 Rep=1 → Concordo fortemente
[2026-05-12 12:50:08,462][__main__][INFO] - ✓ [meta-llama/Meta-Llama-3.1-70B-Instruct] Temp=0.0 Rep=1 → Concordo
[2026-05-12 12:50:08,522][__main__][INFO] - ✓ [Qwen/Qwen3-235B-A22B-Instruct-2507] Temp=0.0 Rep=1 → Concordo fortemente
[2026-05-12 12:50:09,076][__main__][INFO] - ✓ [meta-llama/Meta-Llama-3.1-70B-Instruct] Temp=0.0 Rep=1 → Concordo fortemente
[2026-05-12 12:50:09,080][__main__][INFO] - ✓ [meta-llama/Meta-Llama-3.1-70B-Instruct] Temp=0.0 Rep=1 → Concordo
[2026-05-12 12:50:09,651][__main__][INFO] - ✓ [Qwen/Qwen3-235B-A22B-Instruct-2507] Temp=0.0 Rep=1 → Concordo fortemente
[2026-05-12 12:50:09,673][__main__][INFO] - Salvamento incremental (7320 novas respostas)...
[2026-05-12 12:50:09,725][__main__][INFO] - Cache salvo com 247722 entradas
[2026-05-12 12:50:09,725][__main__][INFO] - ✓ [Qwen/Qwen3-235B-A22B-Instruct-2507] Temp=0.0 Rep=1 → Concordo fortemente
[2026-05-12 12:50:10,089][__main__][INFO] - ✓ [meta-llama/Llama-4-Scout-17B-16E-Instruct] Temp=0.0 Rep=1 → Concordo fortemente
[2026-05-12 12:50:10,547][__main__][INFO] - ✓ [meta-llama/Llama-4-Scout-17B-16E-Instruct] Temp=0.0 Rep=1 → Concordo fortemente
[2026-05-12 12:50:11,105][__main__][INFO] - ✓ [meta-llama/Llama-4-Scout-17B-16E-Instruct] Temp=0.0 Rep=1 → Concordo fortemente
[2026-05-12 12:50:11,145][__main__][INFO] - ✓ [meta-llama/Meta-Llama-3.1-70B-Instruct] Temp=0.0 Rep=1 → Concordo
[2026-05-12 12:50:11,584][__main__][INFO] - ✓ [meta-llama/Meta-Llama-3.1-70B-Instruct] Temp=0.0 Rep=1 → Concordo
[2026-05-12 12:50:11,587][__main__][INFO] - ✓ [meta-llama/Meta-Llama-3.1-70B-Instruct] Temp=0.0 Rep=1 → Concordo fortemente
[2026-05-12 12:50:12,201][__main__][INFO] - ✓ [Qwen/Qwen3-235B-A22B-Instruct-2507] Temp=0.0 Rep=1 → Concordo
[2026-05-12 12:50:12,862][__main__][INFO] - ✓ [Qwen/Qwen3-235B-A22B-Instruct-2507] Temp=0.0 Rep=1 → Concordo
[2026-05-12 12:50:12,864][__main__][INFO] - ✓ [Qwen/Qwen3-14B] Temp=0.0 Rep=1 → Concordo fortemente
[2026-05-12 12:50:12,974][__main__][INFO] - ✓ [Qwen/Qwen3-14B] Temp=0.0 Rep=1 → Concordo fortemente
[2026-05-12 12:50:13,754][__main__][INFO] - ✓ [meta-llama/Meta-Llama-3.1-70B-Instruct] Temp=0.0 Rep=1 → Concordo
[2026-05-12 12:50:13,818][__main__][INFO] - ✓ [Qwen/Qwen3-235B-A22B-Instruct-2507] Temp=0.0 Rep=1 → Concordo fortemente
[2026-05-12 12:50:13,995][__main__][INFO] - ✓ [meta-llama/Meta-Llama-3.1-70B-Instruct] Temp=0.0 Rep=1 → Concordo fortemente
[2026-05-12 12:50:14,263][__main__][INFO] - ✓ [meta-llama/Llama-4-Scout-17B-16E-Instruct] Temp=0.0 Rep=1 → Concordo fortemente
[2026-05-12 12:50:14,361][__main__][INFO] - ✓ [meta-llama/Llama-4-Scout-17B-16E-Instruct] Temp=0.0 Rep=1 → Concordo fortemente
[2026-05-12 12:50:14,619][__main__][INFO] - ✓ [meta-llama/Meta-Llama-3.1-70B-Instruct] Temp=0.0 Rep=1 → Concordo fortemente
[2026-05-12 12:50:14,776][__main__][INFO] - ✓ [meta-llama/Llama-4-Scout-17B-16E-Instruct] Temp=0.0 Rep=1 → Concordo fortemente
[2026-05-12 12:50:16,475][__main__][INFO] - ✓ [Qwen/Qwen3-14B] Temp=0.0 Rep=1 → Concordo fortemente
[2026-05-12 12:50:17,060][__main__][INFO] - ✓ [Qwen/Qwen3-235B-A22B-Instruct-2507] Temp=0.0 Rep=1 → Concordo fortemente
[2026-05-12 12:50:17,880][__main__][INFO] - ✓ [Qwen/Qwen3-235B-A22B-Instruct-2507] Temp=0.0 Rep=1 → Concordo
[2026-05-12 12:50:18,235][__main__][INFO] - ✓ [Qwen/Qwen3-14B] Temp=0.0 Rep=1 → Concordo fortemente
[2026-05-12 12:50:18,481][__main__][INFO] - ✓ [Qwen/Qwen3-235B-A22B-Instruct-2507] Temp=0.0 Rep=1 → Concordo
[2026-05-12 12:50:18,998][__main__][INFO] - ✓ [Qwen/Qwen3-14B] Temp=0.0 Rep=1 → Concordo fortemente
[2026-05-12 12:50:19,296][__main__][INFO] - ✓ [Qwen/Qwen3-14B] Temp=0.0 Rep=1 → Concordo fortemente
[2026-05-12 12:50:19,824][__main__][INFO] - ✓ [meta-llama/Llama-4-Scout-17B-16E-Instruct] Temp=0.0 Rep=1 → Concordo fortemente
[2026-05-12 12:50:20,024][__main__][INFO] - ✓ [Qwen/Qwen3-14B] Temp=0.0 Rep=1 → Concordo fortemente
[2026-05-12 12:50:20,207][__main__][INFO] - ✓ [meta-llama/Llama-4-Scout-17B-16E-Instruct] Temp=0.0 Rep=1 → Concordo fortemente
[2026-05-12 12:50:20,366][__main__][INFO] - ✓ [meta-llama/Llama-4-Scout-17B-16E-Instruct] Temp=0.0 Rep=1 → Concordo fortemente
[2026-05-12 12:50:20,850][__main__][INFO] - ✓ [Qwen/Qwen3-14B] Temp=0.0 Rep=1 → Concordo fortemente
[2026-05-12 12:50:22,695][__main__][INFO] - ✓ [meta-llama/Meta-Llama-3.1-70B-Instruct] Temp=0.0 Rep=1 → Concordo
[2026-05-12 12:50:22,888][__main__][INFO] - ✓ [Qwen/Qwen3-14B] Temp=0.0 Rep=1 → Concordo
[2026-05-12 12:50:22,998][__main__][INFO] - ✓ [meta-llama/Meta-Llama-3.1-70B-Instruct] Temp=0.0 Rep=1 → Concordo fortemente
[2026-05-12 12:50:23,409][__main__][INFO] - ✓ [meta-llama/Meta-Llama-3.1-70B-Instruct] Temp=0.0 Rep=1 → Concordo fortemente
[2026-05-12 12:50:23,643][__main__][INFO] - ✓ [Qwen/Qwen3-235B-A22B-Instruct-2507] Temp=0.0 Rep=1 → Concordo fortemente
[2026-05-12 12:50:23,646][__main__][INFO] - ✓ [Qwen/Qwen3-235B-A22B-Instruct-2507] Temp=0.0 Rep=1 → Concordo
[2026-05-12 12:50:23,784][__main__][INFO] - ✓ [Qwen/Qwen3-235B-A22B-Instruct-2507] Temp=0.0 Rep=1 → Concordo fortemente
[2026-05-12 12:50:24,163][__main__][INFO] - ✓ [meta-llama/Llama-4-Scout-17B-16E-Instruct] Temp=0.0 Rep=1 → Concordo fortemente
[2026-05-12 12:50:24,458][__main__][INFO] - ✓ [meta-llama/Meta-Llama-3.1-70B-Instruct] Temp=0.0 Rep=1 → Concordo
[2026-05-12 12:50:24,504][__main__][INFO] - ✓ [meta-llama/Meta-Llama-3.1-70B-Instruct] Temp=0.0 Rep=1 → Concordo fortemente
[2026-05-12 12:50:24,584][__main__][INFO] - Salvamento incremental (7360 novas respostas)...
[2026-05-12 12:50:24,641][__main__][INFO] - Cache salvo com 247762 entradas
[2026-05-12 12:50:24,641][__main__][INFO] - ✓ [meta-llama/Llama-4-Scout-17B-16E-Instruct] Temp=0.0 Rep=1 → Concordo fortemente
[2026-05-12 12:50:24,687][__main__][INFO] - ✓ [meta-llama/Meta-Llama-3.1-70B-Instruct] Temp=0.0 Rep=1 → Concordo fortemente
[2026-05-12 12:50:24,947][__main__][INFO] - ✓ [meta-llama/Llama-4-Scout-17B-16E-Instruct] Temp=0.0 Rep=1 → Concordo fortemente
[2026-05-12 12:50:25,297][__main__][INFO] - ✓ [Qwen/Qwen3-235B-A22B-Instruct-2507] Temp=0.0 Rep=1 → Discordo
[2026-05-12 12:50:25,973][__main__][INFO] - ✓ [Qwen/Qwen3-14B] Temp=0.0 Rep=1 → Concordo fortemente
[2026-05-12 12:50:26,264][__main__][INFO] - ✓ [Qwen/Qwen3-235B-A22B-Instruct-2507] Temp=0.0 Rep=1 → Concordo fortemente
[2026-05-12 12:50:26,460][__main__][INFO] - ✓ [Qwen/Qwen3-235B-A22B-Instruct-2507] Temp=0.0 Rep=1 → Neutro
[2026-05-12 12:50:26,806][__main__][INFO] - ✓ [meta-llama/Meta-Llama-3.1-70B-Instruct] Temp=0.0 Rep=1 → Concordo
[2026-05-12 12:50:26,995][__main__][INFO] - ✓ [Qwen/Qwen3-14B] Temp=0.0 Rep=1 → Concordo fortemente
[2026-05-12 12:50:27,392][__main__][INFO] - ✓ [meta-llama/Llama-4-Scout-17B-16E-Instruct] Temp=0.0 Rep=1 → Discordo
[2026-05-12 12:50:27,836][__main__][INFO] - ✓ [meta-llama/Meta-Llama-3.1-70B-Instruct] Temp=0.0 Rep=1 → Concordo
[2026-05-12 12:50:27,840][__main__][INFO] - ✓ [meta-llama/Llama-4-Scout-17B-16E-Instruct] Temp=0.0 Rep=1 → Concordo fortemente
[2026-05-12 12:50:27,860][__main__][INFO] - ✓ [meta-llama/Meta-Llama-3.1-70B-Instruct] Temp=0.0 Rep=1 → Concordo fortemente
[2026-05-12 12:50:28,167][__main__][INFO] - ✓ [meta-llama/Llama-4-Scout-17B-16E-Instruct] Temp=0.0 Rep=1 → Concordo
[2026-05-12 12:50:30,477][__main__][INFO] - ✓ [Qwen/Qwen3-14B] Temp=0.0 Rep=1 → Concordo fortemente
[2026-05-12 12:50:30,480][__main__][INFO] - ✓ [Qwen/Qwen3-14B] Temp=0.0 Rep=1 → Concordo fortemente
[2026-05-12 12:50:31,193][__main__][INFO] - ✓ [Qwen/Qwen3-235B-A22B-Instruct-2507] Temp=0.0 Rep=1 → Concordo
[2026-05-12 12:50:31,247][__main__][INFO] - ✓ [Qwen/Qwen3-235B-A22B-Instruct-2507] Temp=0.0 Rep=1 → Concordo fortemente
[2026-05-12 12:50:31,786][__main__][INFO] - ✓ [Qwen/Qwen3-235B-A22B-Instruct-2507] Temp=0.0 Rep=1 → Discordo fortemente
[2026-05-12 12:50:31,873][__main__][INFO] - ✓ [meta-llama/Meta-Llama-3.1-70B-Instruct] Temp=0.0 Rep=1 → Concordo fortemente
[2026-05-12 12:50:32,095][__main__][INFO] - ✓ [Qwen/Qwen3-14B] Temp=0.0 Rep=1 → Concordo fortemente
[2026-05-12 12:50:32,422][__main__][INFO] - ✓ [meta-llama/Meta-Llama-3.1-70B-Instruct] Temp=0.0 Rep=1 → Concordo
[2026-05-12 12:50:32,552][__main__][INFO] - ✓ [meta-llama/Llama-4-Scout-17B-16E-Instruct] Temp=0.0 Rep=1 → Concordo fortemente
[2026-05-12 12:50:32,640][__main__][INFO] - ✓ [meta-llama/Meta-Llama-3.1-70B-Instruct] Temp=0.0 Rep=1 → Concordo fortemente
[2026-05-12 12:50:32,851][__main__][INFO] - ✓ [Qwen/Qwen3-14B] Temp=0.0 Rep=1 → Concordo fortemente
[2026-05-12 12:50:32,964][__main__][INFO] - ✓ [meta-llama/Llama-4-Scout-17B-16E-Instruct] Temp=0.0 Rep=1 → Concordo fortemente
[2026-05-12 12:50:33,078][__main__][INFO] - ✓ [meta-llama/Llama-4-Scout-17B-16E-Instruct] Temp=0.0 Rep=1 → Concordo fortemente
[2026-05-12 12:50:33,650][__main__][INFO] - ✓ [Qwen/Qwen3-235B-A22B-Instruct-2507] Temp=0.0 Rep=1 → Discordo
[2026-05-12 12:50:33,654][__main__][INFO] - ✓ [Qwen/Qwen3-14B] Temp=0.0 Rep=1 → Concordo fortemente
[2026-05-12 12:50:34,162][__main__][INFO] - ✓ [Qwen/Qwen3-235B-A22B-Instruct-2507] Temp=0.0 Rep=1 → Neutro
[2026-05-12 12:50:34,247][__main__][INFO] - ✓ [Qwen/Qwen3-235B-A22B-Instruct-2507] Temp=0.0 Rep=1 → Concordo fortemente
[2026-05-12 12:50:34,650][__main__][INFO] - ✓ [Qwen/Qwen3-14B] Temp=0.0 Rep=1 → Concordo
[2026-05-12 12:50:35,391][__main__][INFO] - ✓ [meta-llama/Meta-Llama-3.1-70B-Instruct] Temp=0.0 Rep=1 → Concordo
[2026-05-12 12:50:35,906][__main__][INFO] - ✓ [Qwen/Qwen3-14B] Temp=0.0 Rep=1 → Discordo
[2026-05-12 12:50:36,018][__main__][INFO] - ✓ [meta-llama/Meta-Llama-3.1-70B-Instruct] Temp=0.0 Rep=1 → Concordo
[2026-05-12 12:50:36,040][__main__][INFO] - ✓ [meta-llama/Llama-4-Scout-17B-16E-Instruct] Temp=0.0 Rep=1 → Discordo
[2026-05-12 12:50:36,246][__main__][INFO] - ✓ [meta-llama/Llama-4-Scout-17B-16E-Instruct] Temp=0.0 Rep=1 → Concordo fortemente
[2026-05-12 12:50:36,480][__main__][INFO] - ✓ [meta-llama/Llama-4-Scout-17B-16E-Instruct] Temp=0.0 Rep=1 → Concordo
[2026-05-12 12:50:36,611][__main__][INFO] - ✓ [meta-llama/Meta-Llama-3.1-70B-Instruct] Temp=0.0 Rep=1 → Concordo fortemente
[2026-05-12 12:50:37,130][__main__][INFO] - ✓ [Qwen/Qwen3-235B-A22B-Instruct-2507] Temp=0.0 Rep=1 → Discordo
[2026-05-12 12:50:37,150][__main__][INFO] - Salvamento incremental (7400 novas respostas)...
[2026-05-12 12:50:37,211][__main__][INFO] - Cache salvo com 247802 entradas
[2026-05-12 12:50:37,211][__main__][INFO] - ✓ [Qwen/Qwen3-14B] Temp=0.0 Rep=1 → Concordo fortemente
[2026-05-12 12:50:37,893][__main__][INFO] - ✓ [Qwen/Qwen3-235B-A22B-Instruct-2507] Temp=0.0 Rep=1 → Neutro
[2026-05-12 12:50:37,924][__main__][INFO] - ✓ [Qwen/Qwen3-235B-A22B-Instruct-2507] Temp=0.0 Rep=1 → Concordo fortemente
[2026-05-12 12:50:38,872][__main__][INFO] - ✓ [meta-llama/Meta-Llama-3.1-70B-Instruct] Temp=0.0 Rep=1 → Concordo
[2026-05-12 12:50:38,874][__main__][INFO] - ✓ [meta-llama/Meta-Llama-3.1-70B-Instruct] Temp=0.0 Rep=1 → Concordo fortemente
[2026-05-12 12:50:39,385][__main__][INFO] - ✓ [meta-llama/Llama-4-Scout-17B-16E-Instruct] Temp=0.0 Rep=1 → Discordo
[2026-05-12 12:50:39,523][__main__][INFO] - ✓ [meta-llama/Meta-Llama-3.1-70B-Instruct] Temp=0.0 Rep=1 → Concordo
[2026-05-12 12:50:39,769][__main__][INFO] - ✓ [meta-llama/Llama-4-Scout-17B-16E-Instruct] Temp=0.0 Rep=1 → Concordo fortemente
[2026-05-12 12:50:39,914][__main__][INFO] - ✓ [meta-llama/Llama-4-Scout-17B-16E-Instruct] Temp=0.0 Rep=1 → Concordo
[2026-05-12 12:50:43,788][__main__][INFO] - ✓ [Qwen/Qwen3-14B] Temp=0.0 Rep=1 → Concordo fortemente
[2026-05-12 12:50:43,857][__main__][INFO] - ✓ [Qwen/Qwen3-14B] Temp=0.0 Rep=1 → Concordo fortemente
[2026-05-12 12:50:44,403][__main__][INFO] - ✓ [Qwen/Qwen3-235B-A22B-Instruct-2507] Temp=0.0 Rep=1 → Concordo fortemente
[2026-05-12 12:50:44,914][__main__][INFO] - ✓ [Qwen/Qwen3-235B-A22B-Instruct-2507] Temp=0.0 Rep=1 → Discordo
[2026-05-12 12:50:46,040][__main__][INFO] - ✓ [Qwen/Qwen3-235B-A22B-Instruct-2507] Temp=0.0 Rep=1 → Concordo
[2026-05-12 12:50:46,859][__main__][INFO] - ✓ [Qwen/Qwen3-14B] Temp=0.0 Rep=1 → Concordo fortemente
[2026-05-12 12:50:46,862][__main__][INFO] - ✓ [meta-llama/Meta-Llama-3.1-70B-Instruct] Temp=0.0 Rep=1 → Concordo fortemente
[2026-05-12 12:50:48,089][__main__][INFO] - ✓ [meta-llama/Meta-Llama-3.1-70B-Instruct] Temp=0.0 Rep=1 → Concordo
[2026-05-12 12:50:48,283][__main__][INFO] - ✓ [meta-llama/Meta-Llama-3.1-70B-Instruct] Temp=0.0 Rep=1 → Concordo fortemente
[2026-05-12 12:50:48,805][__main__][INFO] - ✓ [meta-llama/Llama-4-Scout-17B-16E-Instruct] Temp=0.0 Rep=1 → Concordo fortemente
[2026-05-12 12:50:48,815][__main__][INFO] - ✓ [meta-llama/Llama-4-Scout-17B-16E-Instruct] Temp=0.0 Rep=1 → Concordo fortemente
[2026-05-12 12:50:49,123][__main__][INFO] - ✓ [meta-llama/Llama-4-Scout-17B-16E-Instruct] Temp=0.0 Rep=1 → Concordo fortemente
[2026-05-12 12:50:49,233][__main__][INFO] - ✓ [Qwen/Qwen3-14B] Temp=0.0 Rep=1 → Concordo fortemente
[2026-05-12 12:50:49,527][__main__][INFO] - ✓ [Qwen/Qwen3-14B] Temp=0.0 Rep=1 → Concordo fortemente
[2026-05-12 12:50:49,851][__main__][INFO] - ✓ [Qwen/Qwen3-14B] Temp=0.0 Rep=1 → Concordo fortemente
[2026-05-12 12:50:50,104][__main__][INFO] - ✓ [Qwen/Qwen3-235B-A22B-Instruct-2507] Temp=0.0 Rep=1 → Concordo fortemente
[2026-05-12 12:50:50,376][__main__][INFO] - ✓ [Qwen/Qwen3-235B-A22B-Instruct-2507] Temp=0.0 Rep=1 → Concordo
[2026-05-12 12:50:50,524][__main__][INFO] - ✓ [Qwen/Qwen3-235B-A22B-Instruct-2507] Temp=0.0 Rep=1 → Concordo
[2026-05-12 12:50:51,749][__main__][INFO] - ✓ [meta-llama/Meta-Llama-3.1-70B-Instruct] Temp=0.0 Rep=1 → Concordo fortemente
[2026-05-12 12:50:51,752][__main__][INFO] - ✓ [meta-llama/Meta-Llama-3.1-70B-Instruct] Temp=0.0 Rep=1 → Concordo
[2026-05-12 12:50:51,951][__main__][INFO] - ✓ [Qwen/Qwen3-14B] Temp=0.0 Rep=1 → Concordo fortemente
[2026-05-12 12:50:51,955][__main__][INFO] - ✓ [Qwen/Qwen3-14B] Temp=0.0 Rep=1 → Concordo fortemente
[2026-05-12 12:50:52,231][__main__][INFO] - ✓ [meta-llama/Llama-4-Scout-17B-16E-Instruct] Temp=0.0 Rep=1 → Concordo fortemente
[2026-05-12 12:50:52,284][__main__][INFO] - ✓ [meta-llama/Llama-4-Scout-17B-16E-Instruct] Temp=0.0 Rep=1 → Concordo fortemente
[2026-05-12 12:50:52,474][__main__][INFO] - ✓ [meta-llama/Llama-4-Scout-17B-16E-Instruct] Temp=0.0 Rep=1 → Concordo fortemente
[2026-05-12 12:50:52,508][__main__][INFO] - ✓ [meta-llama/Meta-Llama-3.1-70B-Instruct] Temp=0.0 Rep=1 → Concordo fortemente
[2026-05-12 12:50:52,560][__main__][INFO] - ✓ [Qwen/Qwen3-14B] Temp=0.0 Rep=1 → Concordo fortemente
[2026-05-12 12:50:53,044][__main__][INFO] - ✓ [Qwen/Qwen3-235B-A22B-Instruct-2507] Temp=0.0 Rep=1 → Concordo
[2026-05-12 12:50:53,048][__main__][INFO] - ✓ [Qwen/Qwen3-235B-A22B-Instruct-2507] Temp=0.0 Rep=1 → Concordo
[2026-05-12 12:50:53,675][__main__][INFO] - ✓ [Qwen/Qwen3-235B-A22B-Instruct-2507] Temp=0.0 Rep=1 → Concordo
[2026-05-12 12:50:53,688][__main__][INFO] - ✓ [meta-llama/Meta-Llama-3.1-70B-Instruct] Temp=0.0 Rep=1 → Concordo
[2026-05-12 12:50:54,245][__main__][INFO] - Salvamento incremental (7440 novas respostas)...
[2026-05-12 12:50:54,301][__main__][INFO] - Cache salvo com 247842 entradas
[2026-05-12 12:50:54,302][__main__][INFO] - ✓ [meta-llama/Meta-Llama-3.1-70B-Instruct] Temp=0.0 Rep=1 → Concordo
[2026-05-12 12:50:54,326][__main__][INFO] - ✓ [meta-llama/Meta-Llama-3.1-70B-Instruct] Temp=0.0 Rep=1 → Concordo fortemente
[2026-05-12 12:50:54,653][__main__][INFO] - ✓ [meta-llama/Llama-4-Scout-17B-16E-Instruct] Temp=0.0 Rep=1 → Discordo
[2026-05-12 12:50:54,741][__main__][INFO] - ✓ [meta-llama/Llama-4-Scout-17B-16E-Instruct] Temp=0.0 Rep=1 → Concordo fortemente
[2026-05-12 12:50:55,096][__main__][INFO] - ✓ [meta-llama/Llama-4-Scout-17B-16E-Instruct] Temp=0.0 Rep=1 → Concordo fortemente
[2026-05-12 12:50:56,203][__main__][INFO] - ✓ [Qwen/Qwen3-14B] Temp=0.0 Rep=1 → Concordo fortemente
[2026-05-12 12:51:00,480][__main__][INFO] - ✓ [Qwen/Qwen3-14B] Temp=0.0 Rep=1 → Concordo fortemente
[2026-05-12 12:51:01,606][__main__][INFO] - ✓ [Qwen/Qwen3-235B-A22B-Instruct-2507] Temp=0.0 Rep=1 → Concordo fortemente
[2026-05-12 12:51:01,658][__main__][INFO] - ✓ [Qwen/Qwen3-14B] Temp=0.0 Rep=1 → Concordo fortemente
[2026-05-12 12:51:02,118][__main__][INFO] - ✓ [Qwen/Qwen3-235B-A22B-Instruct-2507] Temp=0.0 Rep=1 → Concordo
[2026-05-12 12:51:02,487][__main__][INFO] - ✓ [Qwen/Qwen3-235B-A22B-Instruct-2507] Temp=0.0 Rep=1 → Concordo fortemente
[2026-05-12 12:51:02,965][__main__][INFO] - ✓ [Qwen/Qwen3-14B] Temp=0.0 Rep=1 → Concordo fortemente
[2026-05-12 12:51:03,230][__main__][INFO] - ✓ [Qwen/Qwen3-14B] Temp=0.0 Rep=1 → Neutro
[2026-05-12 12:51:03,238][__main__][INFO] - ✓ [Qwen/Qwen3-14B] Temp=0.0 Rep=1 → Neutro
[2026-05-12 12:51:03,243][__main__][INFO] - ✓ [Qwen/Qwen3-14B] Temp=0.0 Rep=1 → Concordo
[2026-05-12 12:51:03,756][__main__][INFO] - ✓ [meta-llama/Llama-4-Scout-17B-16E-Instruct] Temp=0.0 Rep=1 → Discordo
[2026-05-12 12:51:03,760][__main__][INFO] - ✓ [meta-llama/Llama-4-Scout-17B-16E-Instruct] Temp=0.0 Rep=1 → Concordo fortemente
[2026-05-12 12:51:03,770][__main__][INFO] - ✓ [meta-llama/Llama-4-Scout-17B-16E-Instruct] Temp=0.0 Rep=1 → Concordo fortemente
[2026-05-12 12:51:04,010][__main__][INFO] - ✓ [meta-llama/Meta-Llama-3.1-70B-Instruct] Temp=0.0 Rep=1 → Concordo
[2026-05-12 12:51:04,014][__main__][INFO] - ✓ [meta-llama/Meta-Llama-3.1-70B-Instruct] Temp=0.0 Rep=1 → Concordo fortemente
[2026-05-12 12:51:04,118][__main__][INFO] - ✓ [meta-llama/Meta-Llama-3.1-70B-Instruct] Temp=0.0 Rep=1 → Concordo fortemente
[2026-05-12 12:51:04,664][__main__][INFO] - ✓ [Qwen/Qwen3-235B-A22B-Instruct-2507] Temp=0.0 Rep=1 → Concordo
[2026-05-12 12:51:04,857][__main__][INFO] - ✓ [Qwen/Qwen3-235B-A22B-Instruct-2507] Temp=0.0 Rep=1 → Concordo fortemente
[2026-05-12 12:51:04,860][__main__][INFO] - ✓ [Qwen/Qwen3-235B-A22B-Instruct-2507] Temp=0.0 Rep=1 → Concordo
[2026-05-12 12:51:05,607][__main__][INFO] - ✓ [meta-llama/Meta-Llama-3.1-70B-Instruct] Temp=0.0 Rep=1 → Concordo
[2026-05-12 12:51:05,647][__main__][INFO] - ✓ [meta-llama/Meta-Llama-3.1-70B-Instruct] Temp=0.0 Rep=1 → Concordo
[2026-05-12 12:51:05,756][__main__][INFO] - ✓ [meta-llama/Meta-Llama-3.1-70B-Instruct] Temp=0.0 Rep=1 → Concordo fortemente
[2026-05-12 12:51:05,954][__main__][INFO] - ✓ [meta-llama/Llama-4-Scout-17B-16E-Instruct] Temp=0.0 Rep=1 → Discordo
[2026-05-12 12:51:06,105][__main__][INFO] - ✓ [meta-llama/Llama-4-Scout-17B-16E-Instruct] Temp=0.0 Rep=1 → Concordo fortemente
[2026-05-12 12:51:06,218][__main__][INFO] - ✓ [meta-llama/Llama-4-Scout-17B-16E-Instruct] Temp=0.0 Rep=1 → Concordo
[2026-05-12 12:51:06,333][__main__][INFO] - ✓ [Qwen/Qwen3-14B] Temp=0.0 Rep=1 → Neutro
[2026-05-12 12:51:07,032][__main__][INFO] - ✓ [Qwen/Qwen3-235B-A22B-Instruct-2507] Temp=0.0 Rep=1 → Concordo fortemente
[2026-05-12 12:51:07,745][__main__][INFO] - ✓ [Qwen/Qwen3-235B-A22B-Instruct-2507] Temp=0.0 Rep=1 → Discordo
[2026-05-12 12:51:08,204][__main__][INFO] - ✓ [Qwen/Qwen3-14B] Temp=0.0 Rep=1 → Concordo fortemente
[2026-05-12 12:51:08,387][__main__][INFO] - ✓ [Qwen/Qwen3-235B-A22B-Instruct-2507] Temp=0.0 Rep=1 → Concordo
[2026-05-12 12:51:08,581][__main__][INFO] - ✓ [Qwen/Qwen3-14B] Temp=0.0 Rep=1 → Concordo fortemente
[2026-05-12 12:51:08,761][__main__][INFO] - ✓ [meta-llama/Meta-Llama-3.1-70B-Instruct] Temp=0.0 Rep=1 → Concordo fortemente
[2026-05-12 12:51:08,814][__main__][INFO] - ✓ [meta-llama/Meta-Llama-3.1-70B-Instruct] Temp=0.0 Rep=1 → Discordo
[2026-05-12 12:51:09,100][__main__][INFO] - ✓ [meta-llama/Llama-4-Scout-17B-16E-Instruct] Temp=0.0 Rep=1 → Discordo
[2026-05-12 12:51:09,141][__main__][INFO] - ✓ [meta-llama/Llama-4-Scout-17B-16E-Instruct] Temp=0.0 Rep=1 → Concordo fortemente
[2026-05-12 12:51:09,250][__main__][INFO] - Salvamento incremental (7480 novas respostas)...
[2026-05-12 12:51:09,305][__main__][INFO] - Cache salvo com 247882 entradas
[2026-05-12 12:51:09,305][__main__][INFO] - ✓ [meta-llama/Meta-Llama-3.1-70B-Instruct] Temp=0.0 Rep=1 → Concordo fortemente
[2026-05-12 12:51:09,470][__main__][INFO] - ✓ [meta-llama/Llama-4-Scout-17B-16E-Instruct] Temp=0.0 Rep=1 → Concordo fortemente
[2026-05-12 12:51:10,926][__main__][INFO] - ✓ [Qwen/Qwen3-14B] Temp=0.0 Rep=1 → Concordo fortemente
[2026-05-12 12:51:11,660][__main__][INFO] - ✓ [Qwen/Qwen3-235B-A22B-Instruct-2507] Temp=0.0 Rep=1 → Concordo
[2026-05-12 12:51:12,976][__main__][INFO] - ✓ [Qwen/Qwen3-14B] Temp=0.0 Rep=1 → Concordo fortemente
[2026-05-12 12:51:13,537][__main__][INFO] - ✓ [Qwen/Qwen3-14B] Temp=0.0 Rep=1 → Neutro
[2026-05-12 12:51:13,714][__main__][INFO] - ✓ [Qwen/Qwen3-235B-A22B-Instruct-2507] Temp=0.0 Rep=1 → Concordo
[2026-05-12 12:51:14,126][__main__][INFO] - ✓ [Qwen/Qwen3-235B-A22B-Instruct-2507] Temp=0.0 Rep=1 → Concordo fortemente
[2026-05-12 12:51:14,717][__main__][INFO] - ✓ [Qwen/Qwen3-14B] Temp=0.0 Rep=1 → Concordo fortemente
[2026-05-12 12:51:15,018][__main__][INFO] - ✓ [meta-llama/Meta-Llama-3.1-70B-Instruct] Temp=0.0 Rep=1 → Concordo
[2026-05-12 12:51:15,086][__main__][INFO] - ✓ [meta-llama/Llama-4-Scout-17B-16E-Instruct] Temp=0.0 Rep=1 → Discordo
[2026-05-12 12:51:15,542][__main__][INFO] - ✓ [meta-llama/Llama-4-Scout-17B-16E-Instruct] Temp=0.0 Rep=1 → Concordo fortemente
[2026-05-12 12:51:15,556][__main__][INFO] - ✓ [meta-llama/Llama-4-Scout-17B-16E-Instruct] Temp=0.0 Rep=1 → Concordo
[2026-05-12 12:51:15,975][__main__][INFO] - ✓ [meta-llama/Meta-Llama-3.1-70B-Instruct] Temp=0.0 Rep=1 → Concordo
[2026-05-12 12:51:16,154][__main__][INFO] - ✓ [meta-llama/Meta-Llama-3.1-70B-Instruct] Temp=0.0 Rep=1 → Concordo fortemente
[2026-05-12 12:51:16,593][__main__][INFO] - ✓ [Qwen/Qwen3-14B] Temp=0.0 Rep=1 → Concordo fortemente
[2026-05-12 12:51:16,863][__main__][INFO] - ✓ [Qwen/Qwen3-235B-A22B-Instruct-2507] Temp=0.0 Rep=1 → Concordo fortemente
[2026-05-12 12:51:17,260][__main__][INFO] - ✓ [Qwen/Qwen3-235B-A22B-Instruct-2507] Temp=0.0 Rep=1 → Discordo
[2026-05-12 12:51:17,481][__main__][INFO] - ✓ [Qwen/Qwen3-235B-A22B-Instruct-2507] Temp=0.0 Rep=1 → Concordo
[2026-05-12 12:51:18,300][__main__][INFO] - ✓ [meta-llama/Meta-Llama-3.1-70B-Instruct] Temp=0.0 Rep=1 → Discordo
[2026-05-12 12:51:18,335][__main__][INFO] - ✓ [meta-llama/Meta-Llama-3.1-70B-Instruct] Temp=0.0 Rep=1 → Concordo fortemente
[2026-05-12 12:51:18,925][__main__][INFO] - ✓ [meta-llama/Llama-4-Scout-17B-16E-Instruct] Temp=0.0 Rep=1 → Concordo fortemente
[2026-05-12 12:51:18,941][__main__][INFO] - ✓ [meta-llama/Meta-Llama-3.1-70B-Instruct] Temp=0.0 Rep=1 → Concordo
[2026-05-12 12:51:19,525][__main__][INFO] - ✓ [meta-llama/Llama-4-Scout-17B-16E-Instruct] Temp=0.0 Rep=1 → Discordo fortemente
[2026-05-12 12:51:19,531][__main__][INFO] - ✓ [meta-llama/Llama-4-Scout-17B-16E-Instruct] Temp=0.0 Rep=1 → Concordo fortemente
[2026-05-12 12:51:19,781][__main__][INFO] - ✓ [Qwen/Qwen3-14B] Temp=0.0 Rep=1 → Concordo fortemente
[2026-05-12 12:51:23,519][__main__][INFO] - ✓ [Qwen/Qwen3-14B] Temp=0.0 Rep=1 → Concordo fortemente
[2026-05-12 12:51:24,134][__main__][INFO] - ✓ [Qwen/Qwen3-235B-A22B-Instruct-2507] Temp=0.0 Rep=1 → Concordo fortemente
[2026-05-12 12:51:24,253][__main__][INFO] - ✓ [Qwen/Qwen3-14B] Temp=0.0 Rep=1 → Discordo
[2026-05-12 12:51:24,749][__main__][INFO] - ✓ [Qwen/Qwen3-235B-A22B-Instruct-2507] Temp=0.0 Rep=1 → Discordo
[2026-05-12 12:51:24,750][__main__][INFO] - ✓ [Qwen/Qwen3-235B-A22B-Instruct-2507] Temp=0.0 Rep=1 → Neutro
[2026-05-12 12:51:25,217][__main__][INFO] - ✓ [Qwen/Qwen3-14B] Temp=0.0 Rep=1 → Neutro
[2026-05-12 12:51:25,503][__main__][INFO] - ✓ [Qwen/Qwen3-14B] Temp=0.0 Rep=1 → Concordo fortemente
[2026-05-12 12:51:25,556][__main__][INFO] - ✓ [meta-llama/Meta-Llama-3.1-70B-Instruct] Temp=0.0 Rep=1 → Discordo
[2026-05-12 12:51:25,681][__main__][INFO] - ✓ [Qwen/Qwen3-14B] Temp=0.0 Rep=1 → Neutro
[2026-05-12 12:51:25,750][__main__][INFO] - ✓ [meta-llama/Meta-Llama-3.1-70B-Instruct] Temp=0.0 Rep=1 → Concordo fortemente
[2026-05-12 12:51:25,843][__main__][INFO] - ✓ [meta-llama/Meta-Llama-3.1-70B-Instruct] Temp=0.0 Rep=1 → Concordo fortemente
[2026-05-12 12:51:26,028][__main__][INFO] - ✓ [meta-llama/Llama-4-Scout-17B-16E-Instruct] Temp=0.0 Rep=1 → Concordo fortemente
[2026-05-12 12:51:26,031][__main__][INFO] - ✓ [meta-llama/Llama-4-Scout-17B-16E-Instruct] Temp=0.0 Rep=1 → Discordo fortemente
[2026-05-12 12:51:26,032][__main__][INFO] - ✓ [meta-llama/Llama-4-Scout-17B-16E-Instruct] Temp=0.0 Rep=1 → Concordo fortemente
[2026-05-12 12:51:26,434][__main__][INFO] - Salvamento incremental (7520 novas respostas)...
[2026-05-12 12:51:26,500][__main__][INFO] - Cache salvo com 247922 entradas
[2026-05-12 12:51:26,500][__main__][INFO] - ✓ [Qwen/Qwen3-235B-A22B-Instruct-2507] Temp=0.0 Rep=1 → Neutro
[2026-05-12 12:51:26,549][__main__][INFO] - ✓ [Qwen/Qwen3-235B-A22B-Instruct-2507] Temp=0.0 Rep=1 → Concordo fortemente
[2026-05-12 12:51:27,106][__main__][INFO] - ✓ [Qwen/Qwen3-235B-A22B-Instruct-2507] Temp=0.0 Rep=1 → Concordo
[2026-05-12 12:51:27,110][__main__][INFO] - ✓ [Qwen/Qwen3-14B] Temp=0.0 Rep=1 → Concordo fortemente
[2026-05-12 12:51:27,616][__main__][INFO] - ✓ [meta-llama/Meta-Llama-3.1-70B-Instruct] Temp=0.0 Rep=1 → Concordo
[2026-05-12 12:51:27,771][__main__][INFO] - ✓ [Qwen/Qwen3-14B] Temp=0.0 Rep=1 → Concordo fortemente
[2026-05-12 12:51:27,921][__main__][INFO] - ✓ [meta-llama/Llama-4-Scout-17B-16E-Instruct] Temp=0.0 Rep=1 → Discordo
[2026-05-12 12:51:27,930][__main__][INFO] - ✓ [Qwen/Qwen3-14B] Temp=0.0 Rep=1 → Concordo fortemente
[2026-05-12 12:51:28,126][__main__][INFO] - ✓ [meta-llama/Llama-4-Scout-17B-16E-Instruct] Temp=0.0 Rep=1 → Concordo fortemente
[2026-05-12 12:51:28,213][__main__][INFO] - ✓ [meta-llama/Meta-Llama-3.1-70B-Instruct] Temp=0.0 Rep=1 → Concordo
[2026-05-12 12:51:28,328][__main__][INFO] - ✓ [meta-llama/Llama-4-Scout-17B-16E-Instruct] Temp=0.0 Rep=1 → Concordo
[2026-05-12 12:51:28,478][__main__][INFO] - ✓ [meta-llama/Meta-Llama-3.1-70B-Instruct] Temp=0.0 Rep=1 → Concordo fortemente
[2026-05-12 12:51:28,649][__main__][INFO] - ✓ [Qwen/Qwen3-14B] Temp=0.0 Rep=1 → Concordo fortemente
[2026-05-12 12:51:28,745][__main__][INFO] - ✓ [Qwen/Qwen3-235B-A22B-Instruct-2507] Temp=0.0 Rep=1 → Neutro
[2026-05-12 12:51:29,190][__main__][INFO] - ✓ [Qwen/Qwen3-235B-A22B-Instruct-2507] Temp=0.0 Rep=1 → Concordo fortemente
[2026-05-12 12:51:29,766][__main__][INFO] - ✓ [Qwen/Qwen3-235B-A22B-Instruct-2507] Temp=0.0 Rep=1 → Neutro
[2026-05-12 12:51:30,014][__main__][INFO] - ✓ [meta-llama/Meta-Llama-3.1-70B-Instruct] Temp=0.0 Rep=1 → Concordo
[2026-05-12 12:51:30,382][__main__][INFO] - ✓ [meta-llama/Meta-Llama-3.1-70B-Instruct] Temp=0.0 Rep=1 → Concordo fortemente
[2026-05-12 12:51:30,413][__main__][INFO] - ✓ [meta-llama/Llama-4-Scout-17B-16E-Instruct] Temp=0.0 Rep=1 → Discordo fortemente
[2026-05-12 12:51:30,513][__main__][INFO] - ✓ [meta-llama/Meta-Llama-3.1-70B-Instruct] Temp=0.0 Rep=1 → Concordo
[2026-05-12 12:51:30,747][__main__][INFO] - ✓ [meta-llama/Llama-4-Scout-17B-16E-Instruct] Temp=0.0 Rep=1 → Concordo fortemente
[2026-05-12 12:51:30,775][__main__][INFO] - ✓ [meta-llama/Llama-4-Scout-17B-16E-Instruct] Temp=0.0 Rep=1 → Concordo fortemente
[2026-05-12 12:51:31,796][__main__][INFO] - ✓ [Qwen/Qwen3-14B] Temp=0.0 Rep=1 → Concordo fortemente
[2026-05-12 12:51:32,326][__main__][INFO] - ✓ [Qwen/Qwen3-14B] Temp=0.0 Rep=1 → Concordo fortemente
[2026-05-12 12:51:32,412][__main__][INFO] - ✓ [Qwen/Qwen3-235B-A22B-Instruct-2507] Temp=0.0 Rep=1 → Concordo fortemente
[2026-05-12 12:51:32,844][__main__][INFO] - ✓ [Qwen/Qwen3-235B-A22B-Instruct-2507] Temp=0.0 Rep=1 → Discordo
[2026-05-12 12:51:32,886][__main__][INFO] - ✓ [Qwen/Qwen3-235B-A22B-Instruct-2507] Temp=0.0 Rep=1 → Neutro
[2026-05-12 12:51:33,452][__main__][INFO] - ✓ [meta-llama/Meta-Llama-3.1-70B-Instruct] Temp=0.0 Rep=1 → Discordo
[2026-05-12 12:51:33,485][__main__][INFO] - ✓ [meta-llama/Meta-Llama-3.1-70B-Instruct] Temp=0.0 Rep=1 → Concordo fortemente
[2026-05-12 12:51:33,892][__main__][INFO] - ✓ [meta-llama/Llama-4-Scout-17B-16E-Instruct] Temp=0.0 Rep=1 → Concordo fortemente
[2026-05-12 12:51:34,168][__main__][INFO] - ✓ [meta-llama/Llama-4-Scout-17B-16E-Instruct] Temp=0.0 Rep=1 → Discordo fortemente
[2026-05-12 12:51:34,418][__main__][INFO] - ✓ [meta-llama/Meta-Llama-3.1-70B-Instruct] Temp=0.0 Rep=1 → Concordo
[2026-05-12 12:51:34,629][__main__][INFO] - ✓ [meta-llama/Llama-4-Scout-17B-16E-Instruct] Temp=0.0 Rep=1 → Concordo fortemente
[2026-05-12 12:51:34,724][__main__][INFO] - ✓ [Qwen/Qwen3-14B] Temp=0.0 Rep=1 → Concordo fortemente
[2026-05-12 12:51:36,778][__main__][INFO] - ✓ [Qwen/Qwen3-14B] Temp=0.0 Rep=1 → Concordo fortemente
[2026-05-12 12:51:37,957][__main__][INFO] - ✓ [Qwen/Qwen3-235B-A22B-Instruct-2507] Temp=0.0 Rep=1 → Concordo fortemente
[2026-05-12 12:51:38,470][__main__][INFO] - ✓ [Qwen/Qwen3-235B-A22B-Instruct-2507] Temp=0.0 Rep=1 → Discordo
[2026-05-12 12:51:38,966][__main__][INFO] - ✓ [Qwen/Qwen3-14B] Temp=0.0 Rep=1 → Concordo fortemente
[2026-05-12 12:51:39,002][__main__][INFO] - ✓ [Qwen/Qwen3-235B-A22B-Instruct-2507] Temp=0.0 Rep=1 → Neutro
[2026-05-12 12:51:39,218][__main__][INFO] - ✓ [Qwen/Qwen3-14B] Temp=0.0 Rep=1 → Concordo fortemente
[2026-05-12 12:51:40,419][__main__][INFO] - Salvamento incremental (7560 novas respostas)...
[2026-05-12 12:51:40,474][__main__][INFO] - Cache salvo com 247962 entradas
[2026-05-12 12:51:40,474][__main__][INFO] - ✓ [Qwen/Qwen3-14B] Temp=0.0 Rep=1 → Concordo fortemente
[2026-05-12 12:51:41,131][__main__][INFO] - ✓ [meta-llama/Llama-4-Scout-17B-16E-Instruct] Temp=0.0 Rep=1 → Concordo fortemente
[2026-05-12 12:51:41,790][__main__][INFO] - ✓ [meta-llama/Llama-4-Scout-17B-16E-Instruct] Temp=0.0 Rep=1 → Discordo fortemente
[2026-05-12 12:51:42,377][__main__][INFO] - ✓ [meta-llama/Llama-4-Scout-17B-16E-Instruct] Temp=0.0 Rep=1 → Concordo fortemente
[2026-05-12 12:51:44,263][__main__][INFO] - ✓ [meta-llama/Meta-Llama-3.1-70B-Instruct] Temp=0.0 Rep=1 → Discordo
[2026-05-12 12:51:44,565][__main__][INFO] - ✓ [meta-llama/Meta-Llama-3.1-70B-Instruct] Temp=0.0 Rep=1 → Concordo
[2026-05-12 12:51:44,734][__main__][INFO] - ✓ [meta-llama/Meta-Llama-3.1-70B-Instruct] Temp=0.0 Rep=1 → Concordo fortemente
[2026-05-12 12:51:44,900][__main__][INFO] - ✓ [Qwen/Qwen3-14B] Temp=0.0 Rep=1 → Concordo fortemente
[2026-05-12 12:51:45,167][__main__][INFO] - ✓ [Qwen/Qwen3-235B-A22B-Instruct-2507] Temp=0.0 Rep=1 → Discordo
[2026-05-12 12:51:45,270][__main__][INFO] - ✓ [Qwen/Qwen3-235B-A22B-Instruct-2507] Temp=0.0 Rep=1 → Discordo
[2026-05-12 12:51:45,533][__main__][INFO] - ✓ [Qwen/Qwen3-235B-A22B-Instruct-2507] Temp=0.0 Rep=1 → Discordo
[2026-05-12 12:51:46,252][__main__][INFO] - ✓ [meta-llama/Meta-Llama-3.1-70B-Instruct] Temp=0.0 Rep=1 → Concordo fortemente
[2026-05-12 12:51:46,264][__main__][INFO] - ✓ [meta-llama/Meta-Llama-3.1-70B-Instruct] Temp=0.0 Rep=1 → Discordo
[2026-05-12 12:51:46,515][__main__][INFO] - ✓ [Qwen/Qwen3-14B] Temp=0.0 Rep=1 → Concordo fortemente
[2026-05-12 12:51:46,605][__main__][INFO] - ✓ [meta-llama/Llama-4-Scout-17B-16E-Instruct] Temp=0.0 Rep=1 → Discordo
[2026-05-12 12:51:46,845][__main__][INFO] - ✓ [meta-llama/Meta-Llama-3.1-70B-Instruct] Temp=0.0 Rep=1 → Concordo
[2026-05-12 12:51:47,000][__main__][INFO] - ✓ [meta-llama/Llama-4-Scout-17B-16E-Instruct] Temp=0.0 Rep=1 → Concordo
[2026-05-12 12:51:47,113][__main__][INFO] - ✓ [meta-llama/Llama-4-Scout-17B-16E-Instruct] Temp=0.0 Rep=1 → Concordo fortemente
[2026-05-12 12:51:48,915][__main__][INFO] - ✓ [Qwen/Qwen3-14B] Temp=0.0 Rep=1 → Concordo fortemente
[2026-05-12 12:51:49,835][__main__][INFO] - ✓ [Qwen/Qwen3-235B-A22B-Instruct-2507] Temp=0.0 Rep=1 → Neutro
[2026-05-12 12:51:50,760][__main__][INFO] - ✓ [Qwen/Qwen3-14B] Temp=0.0 Rep=1 → Concordo fortemente
[2026-05-12 12:51:50,890][__main__][INFO] - ✓ [Qwen/Qwen3-235B-A22B-Instruct-2507] Temp=0.0 Rep=1 → Concordo fortemente
[2026-05-12 12:51:51,475][__main__][INFO] - ✓ [Qwen/Qwen3-235B-A22B-Instruct-2507] Temp=0.0 Rep=1 → Neutro
[2026-05-12 12:51:52,601][__main__][INFO] - ✓ [meta-llama/Meta-Llama-3.1-70B-Instruct] Temp=0.0 Rep=1 → Concordo
[2026-05-12 12:51:52,864][__main__][INFO] - ✓ [meta-llama/Meta-Llama-3.1-70B-Instruct] Temp=0.0 Rep=1 → Concordo fortemente
[2026-05-12 12:51:53,189][__main__][INFO] - ✓ [meta-llama/Meta-Llama-3.1-70B-Instruct] Temp=0.0 Rep=1 → Concordo
[2026-05-12 12:51:53,375][__main__][INFO] - ✓ [meta-llama/Llama-4-Scout-17B-16E-Instruct] Temp=0.0 Rep=1 → Discordo fortemente
[2026-05-12 12:51:53,681][__main__][INFO] - ✓ [meta-llama/Llama-4-Scout-17B-16E-Instruct] Temp=0.0 Rep=1 → Concordo fortemente
[2026-05-12 12:51:53,819][__main__][INFO] - ✓ [meta-llama/Llama-4-Scout-17B-16E-Instruct] Temp=0.0 Rep=1 → Concordo fortemente
[2026-05-12 12:51:54,183][__main__][INFO] - ✓ [Qwen/Qwen3-14B] Temp=0.0 Rep=1 → Concordo fortemente
[2026-05-12 12:51:55,161][__main__][INFO] - ✓ [Qwen/Qwen3-14B] Temp=0.0 Rep=1 → Discordo
[2026-05-12 12:51:55,982][__main__][INFO] - ✓ [Qwen/Qwen3-235B-A22B-Instruct-2507] Temp=0.0 Rep=1 → Discordo
[2026-05-12 12:51:56,483][__main__][INFO] - ✓ [Qwen/Qwen3-14B] Temp=0.0 Rep=1 → Concordo fortemente
[2026-05-12 12:51:56,491][__main__][INFO] - ✓ [Qwen/Qwen3-235B-A22B-Instruct-2507] Temp=0.0 Rep=1 → Discordo
[2026-05-12 12:51:57,209][__main__][INFO] - ✓ [Qwen/Qwen3-235B-A22B-Instruct-2507] Temp=0.0 Rep=1 → Discordo
[2026-05-12 12:51:57,658][__main__][INFO] - ✓ [meta-llama/Meta-Llama-3.1-70B-Instruct] Temp=0.0 Rep=1 → Discordo
[2026-05-12 12:51:58,643][__main__][INFO] - ✓ [meta-llama/Meta-Llama-3.1-70B-Instruct] Temp=0.0 Rep=1 → Concordo
[2026-05-12 12:51:58,647][__main__][INFO] - ✓ [meta-llama/Meta-Llama-3.1-70B-Instruct] Temp=0.0 Rep=1 → Concordo fortemente
[2026-05-12 12:51:59,087][__main__][INFO] - ✓ [meta-llama/Llama-4-Scout-17B-16E-Instruct] Temp=0.0 Rep=1 → Discordo
[2026-05-12 12:51:59,135][__main__][INFO] - ✓ [meta-llama/Llama-4-Scout-17B-16E-Instruct] Temp=0.0 Rep=1 → Concordo fortemente
[2026-05-12 12:51:59,473][__main__][INFO] - Salvamento incremental (7600 novas respostas)...
[2026-05-12 12:51:59,527][__main__][INFO] - Cache salvo com 248002 entradas
[2026-05-12 12:51:59,527][__main__][INFO] - ✓ [meta-llama/Llama-4-Scout-17B-16E-Instruct] Temp=0.0 Rep=1 → Concordo
[2026-05-12 12:52:00,181][__main__][INFO] - ✓ [Qwen/Qwen3-14B] Temp=0.0 Rep=1 → Concordo fortemente
[2026-05-12 12:52:02,432][__main__][INFO] - ✓ [Qwen/Qwen3-14B] Temp=0.0 Rep=1 → Concordo fortemente
[2026-05-12 12:52:03,149][__main__][INFO] - ✓ [Qwen/Qwen3-235B-A22B-Instruct-2507] Temp=0.0 Rep=1 → Concordo fortemente
[2026-05-12 12:52:04,016][__main__][INFO] - ✓ [Qwen/Qwen3-235B-A22B-Instruct-2507] Temp=0.0 Rep=1 → Discordo fortemente
[2026-05-12 12:52:04,329][__main__][INFO] - ✓ [Qwen/Qwen3-14B] Temp=0.0 Rep=1 → Concordo fortemente
[2026-05-12 12:52:05,402][__main__][INFO] - ✓ [Qwen/Qwen3-235B-A22B-Instruct-2507] Temp=0.0 Rep=1 → Concordo fortemente
[2026-05-12 12:52:06,426][__main__][INFO] - ✓ [Qwen/Qwen3-14B] Temp=0.0 Rep=1 → Concordo fortemente
[2026-05-12 12:52:06,517][__main__][INFO] - ✓ [Qwen/Qwen3-14B] Temp=0.0 Rep=1 → Concordo fortemente
[2026-05-12 12:52:06,794][__main__][INFO] - ✓ [meta-llama/Llama-4-Scout-17B-16E-Instruct] Temp=0.0 Rep=1 → Concordo fortemente
[2026-05-12 12:52:07,346][__main__][INFO] - ✓ [meta-llama/Llama-4-Scout-17B-16E-Instruct] Temp=0.0 Rep=1 → Discordo
[2026-05-12 12:52:07,811][__main__][INFO] - ✓ [meta-llama/Llama-4-Scout-17B-16E-Instruct] Temp=0.0 Rep=1 → Concordo fortemente
[2026-05-12 12:52:08,781][__main__][INFO] - ✓ [meta-llama/Meta-Llama-3.1-70B-Instruct] Temp=0.0 Rep=1 → Discordo
[2026-05-12 12:52:08,913][__main__][INFO] - ✓ [meta-llama/Meta-Llama-3.1-70B-Instruct] Temp=0.0 Rep=1 → Concordo fortemente
[2026-05-12 12:52:09,024][__main__][INFO] - ✓ [meta-llama/Meta-Llama-3.1-70B-Instruct] Temp=0.0 Rep=1 → Concordo fortemente
[2026-05-12 12:52:09,906][__main__][INFO] - ✓ [Qwen/Qwen3-14B] Temp=0.0 Rep=1 → Discordo
[2026-05-12 12:52:10,083][__main__][INFO] - ✓ [Qwen/Qwen3-235B-A22B-Instruct-2507] Temp=0.0 Rep=1 → Concordo fortemente
[2026-05-12 12:52:10,626][__main__][INFO] - ✓ [Qwen/Qwen3-235B-A22B-Instruct-2507] Temp=0.0 Rep=1 → Concordo fortemente
[2026-05-12 12:52:10,668][__main__][INFO] - ✓ [Qwen/Qwen3-235B-A22B-Instruct-2507] Temp=0.0 Rep=1 → Concordo fortemente
[2026-05-12 12:52:11,548][__main__][INFO] - ✓ [meta-llama/Meta-Llama-3.1-70B-Instruct] Temp=0.0 Rep=1 → Discordo
[2026-05-12 12:52:11,645][__main__][INFO] - ✓ [meta-llama/Meta-Llama-3.1-70B-Instruct] Temp=0.0 Rep=1 → Concordo fortemente
[2026-05-12 12:52:11,980][__main__][INFO] - ✓ [meta-llama/Llama-4-Scout-17B-16E-Instruct] Temp=0.0 Rep=1 → Concordo fortemente
[2026-05-12 12:52:12,164][__main__][INFO] - ✓ [meta-llama/Meta-Llama-3.1-70B-Instruct] Temp=0.0 Rep=1 → Concordo
[2026-05-12 12:52:12,347][__main__][INFO] - ✓ [meta-llama/Llama-4-Scout-17B-16E-Instruct] Temp=0.0 Rep=1 → Discordo
[2026-05-12 12:52:12,984][__main__][INFO] - ✓ [meta-llama/Llama-4-Scout-17B-16E-Instruct] Temp=0.0 Rep=1 → Concordo fortemente
[2026-05-12 12:52:15,850][__main__][INFO] - ✓ [Qwen/Qwen3-14B] Temp=0.0 Rep=1 → Discordo
[2026-05-12 12:52:17,792][__main__][INFO] - ✓ [Qwen/Qwen3-14B] Temp=0.0 Rep=1 → Concordo fortemente
[2026-05-12 12:52:18,509][__main__][INFO] - ✓ [Qwen/Qwen3-235B-A22B-Instruct-2507] Temp=0.0 Rep=1 → Discordo
[2026-05-12 12:52:19,125][__main__][INFO] - ✓ [Qwen/Qwen3-235B-A22B-Instruct-2507] Temp=0.0 Rep=1 → Discordo
[2026-05-12 12:52:19,738][__main__][INFO] - ✓ [Qwen/Qwen3-235B-A22B-Instruct-2507] Temp=0.0 Rep=1 → Discordo
[2026-05-12 12:52:20,455][__main__][INFO] - ✓ [meta-llama/Meta-Llama-3.1-70B-Instruct] Temp=0.0 Rep=1 → Discordo
[2026-05-12 12:52:22,400][__main__][INFO] - ✓ [meta-llama/Meta-Llama-3.1-70B-Instruct] Temp=0.0 Rep=1 → Concordo fortemente
[2026-05-12 12:52:24,325][__main__][INFO] - ✓ [meta-llama/Meta-Llama-3.1-70B-Instruct] Temp=0.0 Rep=1 → Concordo
[2026-05-12 12:52:24,771][__main__][INFO] - ✓ [meta-llama/Llama-4-Scout-17B-16E-Instruct] Temp=0.0 Rep=1 → Concordo fortemente
[2026-05-12 12:52:25,466][__main__][INFO] - ✓ [meta-llama/Llama-4-Scout-17B-16E-Instruct] Temp=0.0 Rep=1 → Concordo fortemente
[2026-05-12 12:52:25,819][__main__][INFO] - ✓ [meta-llama/Llama-4-Scout-17B-16E-Instruct] Temp=0.0 Rep=1 → Concordo
[2026-05-12 12:52:26,909][__main__][INFO] - ✓ [Qwen/Qwen3-14B] Temp=0.0 Rep=1 → Concordo fortemente
[2026-05-12 12:52:28,443][__main__][INFO] - ✓ [Qwen/Qwen3-14B] Temp=0.0 Rep=1 → Discordo
[2026-05-12 12:52:28,447][__main__][INFO] - ✓ [Qwen/Qwen3-14B] Temp=0.0 Rep=1 → Concordo fortemente
[2026-05-12 12:52:28,650][__main__][INFO] - ✓ [Qwen/Qwen3-14B] Temp=0.0 Rep=1 → Discordo
[2026-05-12 12:52:29,260][__main__][INFO] - Salvamento incremental (7640 novas respostas)...
[2026-05-12 12:52:29,319][__main__][INFO] - Cache salvo com 248042 entradas
[2026-05-12 12:52:29,319][__main__][INFO] - ✓ [Qwen/Qwen3-235B-A22B-Instruct-2507] Temp=0.0 Rep=1 → Concordo fortemente
[2026-05-12 12:52:29,321][__main__][INFO] - ✓ [Qwen/Qwen3-235B-A22B-Instruct-2507] Temp=0.0 Rep=1 → Concordo fortemente
[2026-05-12 12:52:30,183][__main__][INFO] - ✓ [Qwen/Qwen3-235B-A22B-Instruct-2507] Temp=0.0 Rep=1 → Concordo fortemente
[2026-05-12 12:52:31,725][__main__][INFO] - ✓ [Qwen/Qwen3-14B] Temp=0.0 Rep=1 → Concordo fortemente
[2026-05-12 12:52:33,357][__main__][INFO] - ✓ [Qwen/Qwen3-14B] Temp=0.0 Rep=1 → Concordo fortemente
[2026-05-12 12:52:33,730][__main__][INFO] - ✓ [meta-llama/Llama-4-Scout-17B-16E-Instruct] Temp=0.0 Rep=1 → Concordo fortemente
[2026-05-12 12:52:34,183][__main__][INFO] - ✓ [meta-llama/Llama-4-Scout-17B-16E-Instruct] Temp=0.0 Rep=1 → Discordo
[2026-05-12 12:52:34,790][__main__][INFO] - ✓ [meta-llama/Llama-4-Scout-17B-16E-Instruct] Temp=0.0 Rep=1 → Concordo fortemente
[2026-05-12 12:52:41,886][__main__][INFO] - ✓ [meta-llama/Meta-Llama-3.1-70B-Instruct] Temp=0.0 Rep=1 → Discordo
[2026-05-12 12:52:42,470][__main__][INFO] - ✓ [meta-llama/Meta-Llama-3.1-70B-Instruct] Temp=0.0 Rep=1 → Concordo fortemente
[2026-05-12 12:52:42,726][__main__][INFO] - ✓ [meta-llama/Meta-Llama-3.1-70B-Instruct] Temp=0.0 Rep=1 → Concordo
[2026-05-12 12:52:43,392][__main__][INFO] - ✓ [Qwen/Qwen3-235B-A22B-Instruct-2507] Temp=0.0 Rep=1 → Discordo
[2026-05-12 12:52:44,007][__main__][INFO] - ✓ [Qwen/Qwen3-235B-A22B-Instruct-2507] Temp=0.0 Rep=1 → Concordo fortemente
[2026-05-12 12:52:44,726][__main__][INFO] - ✓ [Qwen/Qwen3-235B-A22B-Instruct-2507] Temp=0.0 Rep=1 → Neutro
[2026-05-12 12:52:44,867][__main__][INFO] - ✓ [Qwen/Qwen3-14B] Temp=0.0 Rep=1 → Concordo fortemente
[2026-05-12 12:52:45,543][__main__][INFO] - ✓ [Qwen/Qwen3-14B] Temp=0.0 Rep=1 → Concordo fortemente
[2026-05-12 12:52:45,549][__main__][INFO] - ✓ [meta-llama/Meta-Llama-3.1-70B-Instruct] Temp=0.0 Rep=1 → Discordo fortemente
[2026-05-12 12:52:45,716][__main__][INFO] - ✓ [meta-llama/Meta-Llama-3.1-70B-Instruct] Temp=0.0 Rep=1 → Concordo fortemente
[2026-05-12 12:52:46,057][__main__][INFO] - ✓ [Qwen/Qwen3-14B] Temp=0.0 Rep=1 → Concordo fortemente
[2026-05-12 12:52:46,095][__main__][INFO] - ✓ [meta-llama/Llama-4-Scout-17B-16E-Instruct] Temp=0.0 Rep=1 → Concordo fortemente
[2026-05-12 12:52:46,096][__main__][INFO] - ✓ [Qwen/Qwen3-14B] Temp=0.0 Rep=1 → Discordo
[2026-05-12 12:52:46,119][__main__][INFO] - ✓ [meta-llama/Meta-Llama-3.1-70B-Instruct] Temp=0.0 Rep=1 → Concordo
[2026-05-12 12:52:46,244][__main__][INFO] - ✓ [meta-llama/Llama-4-Scout-17B-16E-Instruct] Temp=0.0 Rep=1 → Concordo
[2026-05-12 12:52:46,490][__main__][INFO] - ✓ [meta-llama/Llama-4-Scout-17B-16E-Instruct] Temp=0.0 Rep=1 → Concordo fortemente
[2026-05-12 12:52:46,764][__main__][INFO] - ✓ [Qwen/Qwen3-235B-A22B-Instruct-2507] Temp=0.0 Rep=1 → Discordo
[2026-05-12 12:52:46,997][__main__][INFO] - ✓ [Qwen/Qwen3-235B-A22B-Instruct-2507] Temp=0.0 Rep=1 → Concordo fortemente
[2026-05-12 12:52:47,304][__main__][INFO] - ✓ [Qwen/Qwen3-235B-A22B-Instruct-2507] Temp=0.0 Rep=1 → Neutro
[2026-05-12 12:52:47,898][__main__][INFO] - ✓ [meta-llama/Meta-Llama-3.1-70B-Instruct] Temp=0.0 Rep=1 → Discordo
[2026-05-12 12:52:48,177][__main__][INFO] - ✓ [meta-llama/Meta-Llama-3.1-70B-Instruct] Temp=0.0 Rep=1 → Concordo fortemente
[2026-05-12 12:52:48,444][__main__][INFO] - ✓ [meta-llama/Meta-Llama-3.1-70B-Instruct] Temp=0.0 Rep=1 → Concordo
[2026-05-12 12:52:48,541][__main__][INFO] - ✓ [meta-llama/Llama-4-Scout-17B-16E-Instruct] Temp=0.0 Rep=1 → Concordo
[2026-05-12 12:52:48,910][__main__][INFO] - ✓ [meta-llama/Llama-4-Scout-17B-16E-Instruct] Temp=0.0 Rep=1 → Concordo fortemente
[2026-05-12 12:52:48,914][__main__][INFO] - ✓ [meta-llama/Llama-4-Scout-17B-16E-Instruct] Temp=0.0 Rep=1 → Concordo fortemente
[2026-05-12 12:52:51,175][__main__][INFO] - ✓ [Qwen/Qwen3-14B] Temp=0.0 Rep=1 → Concordo fortemente
[2026-05-12 12:52:51,295][__main__][INFO] - ✓ [Qwen/Qwen3-14B] Temp=0.0 Rep=1 → Concordo fortemente
[2026-05-12 12:52:51,861][__main__][INFO] - ✓ [Qwen/Qwen3-235B-A22B-Instruct-2507] Temp=0.0 Rep=1 → Concordo fortemente
[2026-05-12 12:52:52,173][__main__][INFO] - ✓ [Qwen/Qwen3-235B-A22B-Instruct-2507] Temp=0.0 Rep=1 → Discordo
[2026-05-12 12:52:52,915][__main__][INFO] - ✓ [Qwen/Qwen3-235B-A22B-Instruct-2507] Temp=0.0 Rep=1 → Concordo fortemente
[2026-05-12 12:52:53,170][__main__][INFO] - ✓ [Qwen/Qwen3-14B] Temp=0.0 Rep=1 → Discordo
[2026-05-12 12:52:54,105][__main__][INFO] - ✓ [meta-llama/Meta-Llama-3.1-70B-Instruct] Temp=0.0 Rep=1 → Concordo fortemente
[2026-05-12 12:52:54,108][__main__][INFO] - Salvamento incremental (7680 novas respostas)...
[2026-05-12 12:52:54,166][__main__][INFO] - Cache salvo com 248082 entradas
[2026-05-12 12:52:54,167][__main__][INFO] - ✓ [meta-llama/Meta-Llama-3.1-70B-Instruct] Temp=0.0 Rep=1 → Discordo
[2026-05-12 12:52:54,628][__main__][INFO] - ✓ [meta-llama/Llama-4-Scout-17B-16E-Instruct] Temp=0.0 Rep=1 → Concordo fortemente
[2026-05-12 12:52:54,683][__main__][INFO] - ✓ [meta-llama/Meta-Llama-3.1-70B-Instruct] Temp=0.0 Rep=1 → Concordo
[2026-05-12 12:52:54,979][__main__][INFO] - ✓ [meta-llama/Llama-4-Scout-17B-16E-Instruct] Temp=0.0 Rep=1 → Concordo fortemente
[2026-05-12 12:52:55,050][__main__][INFO] - ✓ [meta-llama/Llama-4-Scout-17B-16E-Instruct] Temp=0.0 Rep=1 → Discordo
[2026-05-12 12:52:58,437][__main__][INFO] - ✓ [Qwen/Qwen3-14B] Temp=0.0 Rep=1 → Concordo fortemente
[2026-05-12 12:53:02,645][__main__][INFO] - ✓ [Qwen/Qwen3-14B] Temp=0.0 Rep=1 → Concordo fortemente
[2026-05-12 12:53:02,849][__main__][INFO] - ✓ [Qwen/Qwen3-14B] Temp=0.0 Rep=1 → Concordo fortemente
[2026-05-12 12:53:03,128][__main__][INFO] - ✓ [Qwen/Qwen3-14B] Temp=0.0 Rep=1 → Concordo fortemente
[2026-05-12 12:53:03,249][__main__][INFO] - ✓ [Qwen/Qwen3-235B-A22B-Instruct-2507] Temp=0.0 Rep=1 → Concordo fortemente
[2026-05-12 12:53:03,771][__main__][INFO] - ✓ [Qwen/Qwen3-14B] Temp=0.0 Rep=1 → Concordo fortemente
[2026-05-12 12:53:03,774][__main__][INFO] - ✓ [Qwen/Qwen3-235B-A22B-Instruct-2507] Temp=0.0 Rep=1 → Neutro
[2026-05-12 12:53:03,783][__main__][INFO] - ✓ [Qwen/Qwen3-235B-A22B-Instruct-2507] Temp=0.0 Rep=1 → Discordo
[2026-05-12 12:53:04,085][__main__][INFO] - ✓ [meta-llama/Meta-Llama-3.1-70B-Instruct] Temp=0.0 Rep=1 → Concordo fortemente
[2026-05-12 12:53:04,225][__main__][INFO] - ✓ [meta-llama/Llama-4-Scout-17B-16E-Instruct] Temp=0.0 Rep=1 → Concordo fortemente
[2026-05-12 12:53:04,351][__main__][INFO] - ✓ [meta-llama/Meta-Llama-3.1-70B-Instruct] Temp=0.0 Rep=1 → Discordo
[2026-05-12 12:53:04,375][__main__][INFO] - ✓ [meta-llama/Meta-Llama-3.1-70B-Instruct] Temp=0.0 Rep=1 → Concordo
[2026-05-12 12:53:04,808][__main__][INFO] - ✓ [meta-llama/Llama-4-Scout-17B-16E-Instruct] Temp=0.0 Rep=1 → Concordo fortemente
[2026-05-12 12:53:05,309][__main__][INFO] - ✓ [meta-llama/Llama-4-Scout-17B-16E-Instruct] Temp=0.0 Rep=1 → Discordo
[2026-05-12 12:53:05,643][__main__][INFO] - ✓ [Qwen/Qwen3-14B] Temp=0.0 Rep=1 → Concordo fortemente
[2026-05-12 12:53:05,724][__main__][INFO] - ✓ [Qwen/Qwen3-235B-A22B-Instruct-2507] Temp=0.0 Rep=1 → Discordo
[2026-05-12 12:53:06,206][__main__][INFO] - ✓ [Qwen/Qwen3-235B-A22B-Instruct-2507] Temp=0.0 Rep=1 → Neutro
[2026-05-12 12:53:06,350][__main__][INFO] - ✓ [Qwen/Qwen3-235B-A22B-Instruct-2507] Temp=0.0 Rep=1 → Concordo fortemente
[2026-05-12 12:53:06,745][__main__][INFO] - ✓ [meta-llama/Meta-Llama-3.1-70B-Instruct] Temp=0.0 Rep=1 → Discordo fortemente
[2026-05-12 12:53:06,938][__main__][INFO] - ✓ [meta-llama/Meta-Llama-3.1-70B-Instruct] Temp=0.0 Rep=1 → Concordo fortemente
[2026-05-12 12:53:07,307][__main__][INFO] - ✓ [meta-llama/Meta-Llama-3.1-70B-Instruct] Temp=0.0 Rep=1 → Concordo
[2026-05-12 12:53:07,324][__main__][INFO] - ✓ [meta-llama/Llama-4-Scout-17B-16E-Instruct] Temp=0.0 Rep=1 → Concordo fortemente
[2026-05-12 12:53:07,593][__main__][INFO] - ✓ [meta-llama/Llama-4-Scout-17B-16E-Instruct] Temp=0.0 Rep=1 → Concordo fortemente
[2026-05-12 12:53:07,735][__main__][INFO] - ✓ [meta-llama/Llama-4-Scout-17B-16E-Instruct] Temp=0.0 Rep=1 → Concordo
[2026-05-12 12:53:09,095][__main__][INFO] - ✓ [Qwen/Qwen3-14B] Temp=0.0 Rep=1 → Concordo fortemente
[2026-05-12 12:53:09,347][__main__][INFO] - ✓ [Qwen/Qwen3-14B] Temp=0.0 Rep=1 → Concordo fortemente
[2026-05-12 12:53:09,832][__main__][INFO] - ✓ [Qwen/Qwen3-14B] Temp=0.0 Rep=1 → Concordo fortemente
[2026-05-12 12:53:10,481][__main__][INFO] - ✓ [Qwen/Qwen3-235B-A22B-Instruct-2507] Temp=0.0 Rep=1 → Concordo fortemente
[2026-05-12 12:53:10,883][__main__][INFO] - ✓ [Qwen/Qwen3-235B-A22B-Instruct-2507] Temp=0.0 Rep=1 → Concordo fortemente
[2026-05-12 12:53:11,143][__main__][INFO] - ✓ [Qwen/Qwen3-235B-A22B-Instruct-2507] Temp=0.0 Rep=1 → Concordo fortemente
[2026-05-12 12:53:11,459][__main__][INFO] - ✓ [meta-llama/Meta-Llama-3.1-70B-Instruct] Temp=0.0 Rep=1 → Concordo fortemente
[2026-05-12 12:53:11,668][__main__][INFO] - ✓ [meta-llama/Meta-Llama-3.1-70B-Instruct] Temp=0.0 Rep=1 → Concordo
[2026-05-12 12:53:12,040][__main__][INFO] - ✓ [meta-llama/Llama-4-Scout-17B-16E-Instruct] Temp=0.0 Rep=1 → Concordo fortemente
[2026-05-12 12:53:12,104][__main__][INFO] - ✓ [meta-llama/Meta-Llama-3.1-70B-Instruct] Temp=0.0 Rep=1 → Concordo fortemente
[2026-05-12 12:53:12,469][__main__][INFO] - ✓ [meta-llama/Llama-4-Scout-17B-16E-Instruct] Temp=0.0 Rep=1 → Concordo fortemente
[2026-05-12 12:53:12,547][__main__][INFO] - Salvamento incremental (7720 novas respostas)...
[2026-05-12 12:53:12,601][__main__][INFO] - Cache salvo com 248122 entradas
[2026-05-12 12:53:12,601][__main__][INFO] - ✓ [meta-llama/Llama-4-Scout-17B-16E-Instruct] Temp=0.0 Rep=1 → Concordo fortemente
[2026-05-12 12:53:13,600][__main__][INFO] - ✓ [Qwen/Qwen3-14B] Temp=0.0 Rep=1 → Concordo fortemente
[2026-05-12 12:53:17,905][__main__][INFO] - ✓ [Qwen/Qwen3-14B] Temp=0.0 Rep=1 → Concordo fortemente
[2026-05-12 12:53:17,984][__main__][INFO] - ✓ [Qwen/Qwen3-14B] Temp=0.0 Rep=1 → Concordo fortemente
[2026-05-12 12:53:18,826][__main__][INFO] - ✓ [Qwen/Qwen3-235B-A22B-Instruct-2507] Temp=0.0 Rep=1 → Discordo
[2026-05-12 12:53:18,831][__main__][INFO] - ✓ [Qwen/Qwen3-235B-A22B-Instruct-2507] Temp=0.0 Rep=1 → Concordo fortemente
[2026-05-12 12:53:19,270][__main__][INFO] - ✓ [Qwen/Qwen3-14B] Temp=0.0 Rep=1 → Concordo fortemente
[2026-05-12 12:53:19,438][__main__][INFO] - ✓ [Qwen/Qwen3-235B-A22B-Instruct-2507] Temp=0.0 Rep=1 → Concordo
[2026-05-12 12:53:19,648][__main__][INFO] - ✓ [meta-llama/Meta-Llama-3.1-70B-Instruct] Temp=0.0 Rep=1 → Concordo fortemente
[2026-05-12 12:53:19,893][__main__][INFO] - ✓ [meta-llama/Meta-Llama-3.1-70B-Instruct] Temp=0.0 Rep=1 → Discordo fortemente
[2026-05-12 12:53:20,082][__main__][INFO] - ✓ [meta-llama/Llama-4-Scout-17B-16E-Instruct] Temp=0.0 Rep=1 → Concordo fortemente
[2026-05-12 12:53:20,330][__main__][INFO] - ✓ [meta-llama/Llama-4-Scout-17B-16E-Instruct] Temp=0.0 Rep=1 → Discordo
[2026-05-12 12:53:20,422][__main__][INFO] - ✓ [meta-llama/Llama-4-Scout-17B-16E-Instruct] Temp=0.0 Rep=1 → Concordo
[2026-05-12 12:53:21,587][__main__][INFO] - ✓ [meta-llama/Meta-Llama-3.1-70B-Instruct] Temp=0.0 Rep=1 → Concordo
[2026-05-12 12:53:21,773][__main__][INFO] - ✓ [Qwen/Qwen3-14B] Temp=0.0 Rep=1 → Concordo fortemente
[2026-05-12 12:53:22,511][__main__][INFO] - ✓ [Qwen/Qwen3-235B-A22B-Instruct-2507] Temp=0.0 Rep=1 → Discordo
[2026-05-12 12:53:22,752][__main__][INFO] - ✓ [Qwen/Qwen3-14B] Temp=0.0 Rep=1 → Concordo fortemente
[2026-05-12 12:53:22,986][__main__][INFO] - ✓ [Qwen/Qwen3-235B-A22B-Instruct-2507] Temp=0.0 Rep=1 → Discordo
[2026-05-12 12:53:23,259][__main__][INFO] - ✓ [Qwen/Qwen3-235B-A22B-Instruct-2507] Temp=0.0 Rep=1 → Neutro
[2026-05-12 12:53:23,485][__main__][INFO] - ✓ [meta-llama/Meta-Llama-3.1-70B-Instruct] Temp=0.0 Rep=1 → Discordo
[2026-05-12 12:53:24,045][__main__][INFO] - ✓ [meta-llama/Meta-Llama-3.1-70B-Instruct] Temp=0.0 Rep=1 → Discordo
[2026-05-12 12:53:24,048][__main__][INFO] - ✓ [meta-llama/Meta-Llama-3.1-70B-Instruct] Temp=0.0 Rep=1 → Concordo fortemente
[2026-05-12 12:53:24,510][__main__][INFO] - ✓ [meta-llama/Llama-4-Scout-17B-16E-Instruct] Temp=0.0 Rep=1 → Discordo
[2026-05-12 12:53:24,513][__main__][INFO] - ✓ [meta-llama/Llama-4-Scout-17B-16E-Instruct] Temp=0.0 Rep=1 → Concordo fortemente
[2026-05-12 12:53:25,075][__main__][INFO] - ✓ [meta-llama/Llama-4-Scout-17B-16E-Instruct] Temp=0.0 Rep=1 → Discordo
[2026-05-12 12:53:25,078][__main__][INFO] - ✓ [Qwen/Qwen3-14B] Temp=0.0 Rep=1 → Concordo fortemente
[2026-05-12 12:53:26,912][__main__][INFO] - ✓ [Qwen/Qwen3-14B] Temp=0.0 Rep=1 → Concordo fortemente
[2026-05-12 12:53:27,303][__main__][INFO] - ✓ [Qwen/Qwen3-14B] Temp=0.0 Rep=1 → Concordo fortemente
[2026-05-12 12:53:27,660][__main__][INFO] - ✓ [Qwen/Qwen3-235B-A22B-Instruct-2507] Temp=0.0 Rep=1 → Concordo fortemente
[2026-05-12 12:53:28,244][__main__][INFO] - ✓ [Qwen/Qwen3-235B-A22B-Instruct-2507] Temp=0.0 Rep=1 → Concordo fortemente
[2026-05-12 12:53:28,546][__main__][INFO] - ✓ [Qwen/Qwen3-235B-A22B-Instruct-2507] Temp=0.0 Rep=1 → Concordo fortemente
[2026-05-12 12:53:29,272][__main__][INFO] - ✓ [Qwen/Qwen3-14B] Temp=0.0 Rep=1 → Discordo
[2026-05-12 12:53:29,275][__main__][INFO] - ✓ [meta-llama/Meta-Llama-3.1-70B-Instruct] Temp=0.0 Rep=1 → Concordo
[2026-05-12 12:53:29,276][__main__][INFO] - ✓ [meta-llama/Meta-Llama-3.1-70B-Instruct] Temp=0.0 Rep=1 → Concordo fortemente
[2026-05-12 12:53:29,754][__main__][INFO] - ✓ [meta-llama/Llama-4-Scout-17B-16E-Instruct] Temp=0.0 Rep=1 → Concordo fortemente
[2026-05-12 12:53:29,778][__main__][INFO] - ✓ [meta-llama/Llama-4-Scout-17B-16E-Instruct] Temp=0.0 Rep=1 → Concordo
[2026-05-12 12:53:30,125][__main__][INFO] - ✓ [meta-llama/Llama-4-Scout-17B-16E-Instruct] Temp=0.0 Rep=1 → Concordo fortemente
[2026-05-12 12:53:30,176][__main__][INFO] - ✓ [meta-llama/Meta-Llama-3.1-70B-Instruct] Temp=0.0 Rep=1 → Concordo fortemente
[2026-05-12 12:53:32,454][__main__][INFO] - ✓ [Qwen/Qwen3-14B] Temp=0.0 Rep=1 → Concordo fortemente
[2026-05-12 12:53:32,954][__main__][INFO] - ✓ [Qwen/Qwen3-235B-A22B-Instruct-2507] Temp=0.0 Rep=1 → Discordo
[2026-05-12 12:53:33,465][__main__][INFO] - Salvamento incremental (7760 novas respostas)...
[2026-05-12 12:53:33,519][__main__][INFO] - Cache salvo com 248162 entradas
[2026-05-12 12:53:33,523][__main__][INFO] - ✓ [Qwen/Qwen3-235B-A22B-Instruct-2507] Temp=0.0 Rep=1 → Discordo
[2026-05-12 12:53:33,557][__main__][INFO] - ✓ [Qwen/Qwen3-14B] Temp=0.0 Rep=1 → Discordo
[2026-05-12 12:53:34,050][__main__][INFO] - ✓ [Qwen/Qwen3-14B] Temp=0.0 Rep=1 → Concordo fortemente
[2026-05-12 12:53:34,147][__main__][INFO] - ✓ [Qwen/Qwen3-235B-A22B-Instruct-2507] Temp=0.0 Rep=1 → Neutro
[2026-05-12 12:53:37,665][__main__][INFO] - ✓ [meta-llama/Meta-Llama-3.1-70B-Instruct] Temp=0.0 Rep=1 → Discordo
[2026-05-12 12:53:38,175][__main__][INFO] - ✓ [meta-llama/Meta-Llama-3.1-70B-Instruct] Temp=0.0 Rep=1 → Concordo
[2026-05-12 12:53:38,183][__main__][INFO] - ✓ [meta-llama/Llama-4-Scout-17B-16E-Instruct] Temp=0.0 Rep=1 → Discordo
[2026-05-12 12:53:38,691][__main__][INFO] - ✓ [meta-llama/Llama-4-Scout-17B-16E-Instruct] Temp=0.0 Rep=1 → Concordo
[2026-05-12 12:53:38,695][__main__][INFO] - ✓ [meta-llama/Llama-4-Scout-17B-16E-Instruct] Temp=0.0 Rep=1 → Discordo
[2026-05-12 12:53:38,696][__main__][INFO] - ✓ [meta-llama/Meta-Llama-3.1-70B-Instruct] Temp=0.0 Rep=1 → Concordo fortemente
[2026-05-12 12:53:40,125][__main__][INFO] - ✓ [Qwen/Qwen3-14B] Temp=0.0 Rep=1 → Concordo fortemente
[2026-05-12 12:53:40,765][__main__][INFO] - ✓ [Qwen/Qwen3-235B-A22B-Instruct-2507] Temp=0.0 Rep=1 → Concordo fortemente
[2026-05-12 12:53:40,842][__main__][INFO] - ✓ [Qwen/Qwen3-14B] Temp=0.0 Rep=1 → Concordo fortemente
[2026-05-12 12:53:41,814][__main__][INFO] - ✓ [Qwen/Qwen3-14B] Temp=0.0 Rep=1 → Concordo fortemente
[2026-05-12 12:53:41,818][__main__][INFO] - ✓ [Qwen/Qwen3-235B-A22B-Instruct-2507] Temp=0.0 Rep=1 → Concordo fortemente
[2026-05-12 12:53:42,020][__main__][INFO] - ✓ [Qwen/Qwen3-235B-A22B-Instruct-2507] Temp=0.0 Rep=1 → Concordo fortemente
[2026-05-12 12:53:44,013][__main__][INFO] - ✓ [meta-llama/Meta-Llama-3.1-70B-Instruct] Temp=0.0 Rep=1 → Concordo
[2026-05-12 12:53:44,265][__main__][INFO] - ✓ [meta-llama/Meta-Llama-3.1-70B-Instruct] Temp=0.0 Rep=1 → Concordo fortemente
[2026-05-12 12:53:44,436][__main__][INFO] - ✓ [meta-llama/Meta-Llama-3.1-70B-Instruct] Temp=0.0 Rep=1 → Concordo fortemente
[2026-05-12 12:53:44,444][__main__][INFO] - ✓ [meta-llama/Llama-4-Scout-17B-16E-Instruct] Temp=0.0 Rep=1 → Concordo fortemente
[2026-05-12 12:53:45,037][__main__][INFO] - ✓ [meta-llama/Llama-4-Scout-17B-16E-Instruct] Temp=0.0 Rep=1 → Concordo fortemente
[2026-05-12 12:53:45,146][__main__][INFO] - ✓ [meta-llama/Llama-4-Scout-17B-16E-Instruct] Temp=0.0 Rep=1 → Concordo fortemente
[2026-05-12 12:53:45,554][__main__][INFO] - ✓ [Qwen/Qwen3-14B] Temp=0.0 Rep=1 → Discordo
[2026-05-12 12:53:47,290][__main__][INFO] - ✓ [Qwen/Qwen3-14B] Temp=0.0 Rep=1 → Discordo
[2026-05-12 12:53:47,693][__main__][INFO] - ✓ [Qwen/Qwen3-235B-A22B-Instruct-2507] Temp=0.0 Rep=1 → Discordo
[2026-05-12 12:53:47,914][__main__][INFO] - ✓ [Qwen/Qwen3-235B-A22B-Instruct-2507] Temp=0.0 Rep=1 → Discordo
[2026-05-12 12:53:48,205][__main__][INFO] - ✓ [Qwen/Qwen3-235B-A22B-Instruct-2507] Temp=0.0 Rep=1 → Neutro
[2026-05-12 12:53:49,441][__main__][INFO] - ✓ [meta-llama/Meta-Llama-3.1-70B-Instruct] Temp=0.0 Rep=1 → Discordo
[2026-05-12 12:53:49,751][__main__][INFO] - ✓ [Qwen/Qwen3-14B] Temp=0.0 Rep=1 → Concordo fortemente
[2026-05-12 12:53:49,977][__main__][INFO] - ✓ [meta-llama/Meta-Llama-3.1-70B-Instruct] Temp=0.0 Rep=1 → Concordo fortemente
[2026-05-12 12:53:50,205][__main__][INFO] - ✓ [meta-llama/Llama-4-Scout-17B-16E-Instruct] Temp=0.0 Rep=1 → Discordo fortemente
[2026-05-12 12:53:50,209][__main__][INFO] - ✓ [meta-llama/Meta-Llama-3.1-70B-Instruct] Temp=0.0 Rep=1 → Discordo
[2026-05-12 12:53:50,468][__main__][INFO] - ✓ [meta-llama/Llama-4-Scout-17B-16E-Instruct] Temp=0.0 Rep=1 → Concordo fortemente
[2026-05-12 12:53:50,777][__main__][INFO] - ✓ [meta-llama/Llama-4-Scout-17B-16E-Instruct] Temp=0.0 Rep=1 → Discordo
[2026-05-12 12:53:52,206][__main__][INFO] - ✓ [Qwen/Qwen3-14B] Temp=0.0 Rep=1 → Concordo fortemente
[2026-05-12 12:53:52,922][__main__][INFO] - ✓ [Qwen/Qwen3-235B-A22B-Instruct-2507] Temp=0.0 Rep=1 → Discordo
[2026-05-12 12:53:53,537][__main__][INFO] - ✓ [Qwen/Qwen3-235B-A22B-Instruct-2507] Temp=0.0 Rep=1 → Concordo fortemente
[2026-05-12 12:53:53,916][__main__][INFO] - ✓ [Qwen/Qwen3-14B] Temp=0.0 Rep=1 → Concordo fortemente
[2026-05-12 12:53:54,000][__main__][INFO] - ✓ [Qwen/Qwen3-235B-A22B-Instruct-2507] Temp=0.0 Rep=1 → Neutro
[2026-05-12 12:53:54,662][__main__][INFO] - ✓ [meta-llama/Meta-Llama-3.1-70B-Instruct] Temp=0.0 Rep=1 → Concordo fortemente
[2026-05-12 12:53:55,487][__main__][INFO] - Salvamento incremental (7800 novas respostas)...
[2026-05-12 12:53:55,539][__main__][INFO] - Cache salvo com 248202 entradas
[2026-05-12 12:53:55,539][__main__][INFO] - ✓ [meta-llama/Meta-Llama-3.1-70B-Instruct] Temp=0.0 Rep=1 → Discordo
[2026-05-12 12:53:55,540][__main__][INFO] - ✓ [Qwen/Qwen3-14B] Temp=0.0 Rep=1 → Discordo
[2026-05-12 12:53:55,541][__main__][INFO] - ✓ [meta-llama/Meta-Llama-3.1-70B-Instruct] Temp=0.0 Rep=1 → Concordo
[2026-05-12 12:53:55,968][__main__][INFO] - ✓ [meta-llama/Llama-4-Scout-17B-16E-Instruct] Temp=0.0 Rep=1 → Discordo fortemente
[2026-05-12 12:53:56,492][__main__][INFO] - ✓ [meta-llama/Llama-4-Scout-17B-16E-Instruct] Temp=0.0 Rep=1 → Concordo fortemente
[2026-05-12 12:53:56,496][__main__][INFO] - ✓ [meta-llama/Llama-4-Scout-17B-16E-Instruct] Temp=0.0 Rep=1 → Concordo fortemente
[2026-05-12 12:53:58,350][__main__][INFO] - ✓ [Qwen/Qwen3-14B] Temp=0.0 Rep=1 → Concordo fortemente
[2026-05-12 12:53:58,777][__main__][INFO] - ✓ [Qwen/Qwen3-235B-A22B-Instruct-2507] Temp=0.0 Rep=1 → Discordo
[2026-05-12 12:53:59,691][__main__][INFO] - ✓ [Qwen/Qwen3-235B-A22B-Instruct-2507] Temp=0.0 Rep=1 → Concordo
[2026-05-12 12:54:00,202][__main__][INFO] - ✓ [Qwen/Qwen3-235B-A22B-Instruct-2507] Temp=0.0 Rep=1 → Neutro
[2026-05-12 12:54:01,737][__main__][INFO] - ✓ [meta-llama/Meta-Llama-3.1-70B-Instruct] Temp=0.0 Rep=1 → Discordo
[2026-05-12 12:54:04,186][__main__][INFO] - ✓ [meta-llama/Meta-Llama-3.1-70B-Instruct] Temp=0.0 Rep=1 → Concordo fortemente
[2026-05-12 12:54:04,229][__main__][INFO] - ✓ [Qwen/Qwen3-14B] Temp=0.0 Rep=1 → Concordo fortemente
[2026-05-12 12:54:04,902][__main__][INFO] - ✓ [meta-llama/Llama-4-Scout-17B-16E-Instruct] Temp=0.0 Rep=1 → Discordo fortemente
[2026-05-12 12:54:05,130][__main__][INFO] - ✓ [Qwen/Qwen3-14B] Temp=0.0 Rep=1 → Concordo fortemente
[2026-05-12 12:54:05,494][__main__][INFO] - ✓ [meta-llama/Llama-4-Scout-17B-16E-Instruct] Temp=0.0 Rep=1 → Concordo fortemente
[2026-05-12 12:54:05,530][__main__][INFO] - ✓ [meta-llama/Llama-4-Scout-17B-16E-Instruct] Temp=0.0 Rep=1 → Neutro
[2026-05-12 12:54:08,659][__main__][INFO] - ✓ [Qwen/Qwen3-14B] Temp=0.0 Rep=1 → Concordo fortemente
[2026-05-12 12:54:09,600][__main__][INFO] - ✓ [meta-llama/Meta-Llama-3.1-70B-Instruct] Temp=0.0 Rep=1 → Concordo
[2026-05-12 12:54:10,437][__main__][INFO] - ✓ [Qwen/Qwen3-235B-A22B-Instruct-2507] Temp=0.0 Rep=1 → Concordo fortemente
[2026-05-12 12:54:10,457][__main__][INFO] - ✓ [Qwen/Qwen3-14B] Temp=0.0 Rep=1 → Concordo fortemente
[2026-05-12 12:54:10,902][__main__][INFO] - ✓ [Qwen/Qwen3-235B-A22B-Instruct-2507] Temp=0.0 Rep=1 → Discordo
[2026-05-12 12:54:11,171][__main__][INFO] - ✓ [Qwen/Qwen3-235B-A22B-Instruct-2507] Temp=0.0 Rep=1 → Concordo fortemente
[2026-05-12 12:54:12,378][__main__][INFO] - ✓ [Qwen/Qwen3-14B] Temp=0.0 Rep=1 → Concordo fortemente
[2026-05-12 12:54:12,792][__main__][INFO] - ✓ [Qwen/Qwen3-14B] Temp=0.0 Rep=1 → Concordo fortemente
[2026-05-12 12:54:13,299][__main__][INFO] - ✓ [meta-llama/Llama-4-Scout-17B-16E-Instruct] Temp=0.0 Rep=1 → Concordo fortemente
[2026-05-12 12:54:13,607][__main__][INFO] - ✓ [Qwen/Qwen3-14B] Temp=0.0 Rep=1 → Discordo
[2026-05-12 12:54:13,884][__main__][INFO] - ✓ [meta-llama/Llama-4-Scout-17B-16E-Instruct] Temp=0.0 Rep=1 → Discordo
[2026-05-12 12:54:14,317][__main__][INFO] - ✓ [meta-llama/Llama-4-Scout-17B-16E-Instruct] Temp=0.0 Rep=1 → Concordo fortemente
[2026-05-12 12:54:14,841][__main__][INFO] - ✓ [meta-llama/Meta-Llama-3.1-70B-Instruct] Temp=0.0 Rep=1 → Discordo
[2026-05-12 12:54:15,450][__main__][INFO] - ✓ [meta-llama/Meta-Llama-3.1-70B-Instruct] Temp=0.0 Rep=1 → Concordo fortemente
[2026-05-12 12:54:15,454][__main__][INFO] - ✓ [meta-llama/Meta-Llama-3.1-70B-Instruct] Temp=0.0 Rep=1 → Concordo fortemente
[2026-05-12 12:54:15,963][__main__][INFO] - ✓ [Qwen/Qwen3-235B-A22B-Instruct-2507] Temp=0.0 Rep=1 → Discordo
[2026-05-12 12:54:16,072][__main__][INFO] - ✓ [Qwen/Qwen3-235B-A22B-Instruct-2507] Temp=0.0 Rep=1 → Concordo fortemente
[2026-05-12 12:54:16,475][__main__][INFO] - ✓ [Qwen/Qwen3-235B-A22B-Instruct-2507] Temp=0.0 Rep=1 → Neutro
[2026-05-12 12:54:16,939][__main__][INFO] - ✓ [meta-llama/Meta-Llama-3.1-70B-Instruct] Temp=0.0 Rep=1 → Discordo
[2026-05-12 12:54:18,014][__main__][INFO] - ✓ [meta-llama/Meta-Llama-3.1-70B-Instruct] Temp=0.0 Rep=1 → Concordo fortemente
[2026-05-12 12:54:18,322][__main__][INFO] - ✓ [meta-llama/Meta-Llama-3.1-70B-Instruct] Temp=0.0 Rep=1 → Concordo
[2026-05-12 12:54:18,416][__main__][INFO] - ✓ [meta-llama/Llama-4-Scout-17B-16E-Instruct] Temp=0.0 Rep=1 → Discordo fortemente
[2026-05-12 12:54:18,932][__main__][INFO] - ✓ [meta-llama/Llama-4-Scout-17B-16E-Instruct] Temp=0.0 Rep=1 → Concordo fortemente
[2026-05-12 12:54:19,129][__main__][INFO] - Salvamento incremental (7840 novas respostas)...
[2026-05-12 12:54:19,185][__main__][INFO] - Cache salvo com 248242 entradas
[2026-05-12 12:54:19,186][__main__][INFO] - ✓ [meta-llama/Llama-4-Scout-17B-16E-Instruct] Temp=0.0 Rep=1 → Concordo
[2026-05-12 12:54:19,753][__main__][INFO] - ✓ [Qwen/Qwen3-14B] Temp=0.0 Rep=1 → Discordo
[2026-05-12 12:54:20,607][__main__][INFO] - ✓ [Qwen/Qwen3-14B] Temp=0.0 Rep=1 → Concordo fortemente
[2026-05-12 12:54:21,186][__main__][INFO] - ✓ [Qwen/Qwen3-14B] Temp=0.0 Rep=1 → Concordo fortemente
[2026-05-12 12:54:21,199][__main__][INFO] - ✓ [Qwen/Qwen3-235B-A22B-Instruct-2507] Temp=0.0 Rep=1 → Concordo fortemente
[2026-05-12 12:54:22,208][__main__][INFO] - ✓ [Qwen/Qwen3-235B-A22B-Instruct-2507] Temp=0.0 Rep=1 → Discordo
[2026-05-12 12:54:22,351][__main__][INFO] - ✓ [Qwen/Qwen3-14B] Temp=0.0 Rep=1 → Concordo fortemente
[2026-05-12 12:54:22,445][__main__][INFO] - ✓ [Qwen/Qwen3-235B-A22B-Instruct-2507] Temp=0.0 Rep=1 → Concordo fortemente
[2026-05-12 12:54:22,925][__main__][INFO] - ✓ [meta-llama/Meta-Llama-3.1-70B-Instruct] Temp=0.0 Rep=1 → Discordo
[2026-05-12 12:54:23,045][__main__][INFO] - ✓ [meta-llama/Meta-Llama-3.1-70B-Instruct] Temp=0.0 Rep=1 → Concordo fortemente
[2026-05-12 12:54:23,232][__main__][INFO] - ✓ [meta-llama/Meta-Llama-3.1-70B-Instruct] Temp=0.0 Rep=1 → Concordo fortemente
[2026-05-12 12:54:23,356][__main__][INFO] - ✓ [meta-llama/Llama-4-Scout-17B-16E-Instruct] Temp=0.0 Rep=1 → Concordo fortemente
[2026-05-12 12:54:23,357][__main__][INFO] - ✓ [meta-llama/Llama-4-Scout-17B-16E-Instruct] Temp=0.0 Rep=1 → Discordo
[2026-05-12 12:54:23,641][__main__][INFO] - ✓ [meta-llama/Llama-4-Scout-17B-16E-Instruct] Temp=0.0 Rep=1 → Concordo fortemente
[2026-05-12 12:54:25,047][__main__][INFO] - ✓ [Qwen/Qwen3-14B] Temp=0.0 Rep=1 → Concordo fortemente
[2026-05-12 12:54:25,598][__main__][INFO] - ✓ [Qwen/Qwen3-14B] Temp=0.0 Rep=1 → Concordo fortemente
[2026-05-12 12:54:25,895][__main__][INFO] - ✓ [Qwen/Qwen3-235B-A22B-Instruct-2507] Temp=0.0 Rep=1 → Concordo fortemente
[2026-05-12 12:54:26,146][__main__][INFO] - ✓ [Qwen/Qwen3-235B-A22B-Instruct-2507] Temp=0.0 Rep=1 → Concordo
[2026-05-12 12:54:26,538][__main__][INFO] - ✓ [Qwen/Qwen3-235B-A22B-Instruct-2507] Temp=0.0 Rep=1 → Concordo fortemente
[2026-05-12 12:54:26,951][__main__][INFO] - ✓ [meta-llama/Meta-Llama-3.1-70B-Instruct] Temp=0.0 Rep=1 → Concordo fortemente
[2026-05-12 12:54:27,081][__main__][INFO] - ✓ [meta-llama/Meta-Llama-3.1-70B-Instruct] Temp=0.0 Rep=1 → Concordo
[2026-05-12 12:54:27,436][__main__][INFO] - ✓ [meta-llama/Llama-4-Scout-17B-16E-Instruct] Temp=0.0 Rep=1 → Concordo fortemente
[2026-05-12 12:54:27,776][__main__][INFO] - ✓ [meta-llama/Llama-4-Scout-17B-16E-Instruct] Temp=0.0 Rep=1 → Concordo
[2026-05-12 12:54:28,030][__main__][INFO] - ✓ [meta-llama/Meta-Llama-3.1-70B-Instruct] Temp=0.0 Rep=1 → Concordo fortemente
[2026-05-12 12:54:28,233][__main__][INFO] - ✓ [meta-llama/Llama-4-Scout-17B-16E-Instruct] Temp=0.0 Rep=1 → Concordo fortemente
[2026-05-12 12:54:28,244][__main__][INFO] - ✓ [Qwen/Qwen3-14B] Temp=0.0 Rep=1 → Neutro
[2026-05-12 12:54:29,069][__main__][INFO] - ✓ [Qwen/Qwen3-14B] Temp=0.0 Rep=1 → Concordo fortemente
[2026-05-12 12:54:30,809][__main__][INFO] - ✓ [Qwen/Qwen3-235B-A22B-Instruct-2507] Temp=0.0 Rep=1 → Concordo fortemente
[2026-05-12 12:54:32,149][__main__][INFO] - ✓ [Qwen/Qwen3-14B] Temp=0.0 Rep=1 → Concordo fortemente
[2026-05-12 12:54:32,492][__main__][INFO] - ✓ [Qwen/Qwen3-235B-A22B-Instruct-2507] Temp=0.0 Rep=1 → Discordo
[2026-05-12 12:54:33,370][__main__][INFO] - ✓ [Qwen/Qwen3-235B-A22B-Instruct-2507] Temp=0.0 Rep=1 → Concordo fortemente
[2026-05-12 12:54:33,883][__main__][INFO] - ✓ [Qwen/Qwen3-14B] Temp=0.0 Rep=1 → Neutro
[2026-05-12 12:54:36,464][__main__][INFO] - ✓ [meta-llama/Meta-Llama-3.1-70B-Instruct] Temp=0.0 Rep=1 → Discordo
[2026-05-12 12:54:36,648][__main__][INFO] - ✓ [meta-llama/Meta-Llama-3.1-70B-Instruct] Temp=0.0 Rep=1 → Concordo fortemente
[2026-05-12 12:54:36,761][__main__][INFO] - ✓ [meta-llama/Meta-Llama-3.1-70B-Instruct] Temp=0.0 Rep=1 → Concordo
[2026-05-12 12:54:36,875][__main__][INFO] - ✓ [meta-llama/Llama-4-Scout-17B-16E-Instruct] Temp=0.0 Rep=1 → Concordo fortemente
[2026-05-12 12:54:36,990][__main__][INFO] - ✓ [meta-llama/Llama-4-Scout-17B-16E-Instruct] Temp=0.0 Rep=1 → Discordo
[2026-05-12 12:54:37,052][__main__][INFO] - ✓ [Qwen/Qwen3-14B] Temp=0.0 Rep=1 → Concordo fortemente
[2026-05-12 12:54:37,206][__main__][INFO] - ✓ [meta-llama/Llama-4-Scout-17B-16E-Instruct] Temp=0.0 Rep=1 → Concordo fortemente
[2026-05-12 12:54:37,673][__main__][INFO] - ✓ [Qwen/Qwen3-235B-A22B-Instruct-2507] Temp=0.0 Rep=1 → Discordo
[2026-05-12 12:54:38,082][__main__][INFO] - Salvamento incremental (7880 novas respostas)...
[2026-05-12 12:54:38,139][__main__][INFO] - Cache salvo com 248282 entradas
[2026-05-12 12:54:38,139][__main__][INFO] - ✓ [Qwen/Qwen3-235B-A22B-Instruct-2507] Temp=0.0 Rep=1 → Discordo
[2026-05-12 12:54:38,534][__main__][INFO] - ✓ [Qwen/Qwen3-14B] Temp=0.0 Rep=1 → Discordo
[2026-05-12 12:54:38,591][__main__][INFO] - ✓ [Qwen/Qwen3-235B-A22B-Instruct-2507] Temp=0.0 Rep=1 → Discordo
[2026-05-12 12:54:39,000][__main__][INFO] - ✓ [meta-llama/Meta-Llama-3.1-70B-Instruct] Temp=0.0 Rep=1 → Discordo
[2026-05-12 12:54:39,249][__main__][INFO] - ✓ [meta-llama/Meta-Llama-3.1-70B-Instruct] Temp=0.0 Rep=1 → Concordo fortemente
[2026-05-12 12:54:39,577][__main__][INFO] - ✓ [meta-llama/Llama-4-Scout-17B-16E-Instruct] Temp=0.0 Rep=1 → Discordo
[2026-05-12 12:54:39,593][__main__][INFO] - ✓ [meta-llama/Meta-Llama-3.1-70B-Instruct] Temp=0.0 Rep=1 → Concordo
[2026-05-12 12:54:39,868][__main__][INFO] - ✓ [meta-llama/Llama-4-Scout-17B-16E-Instruct] Temp=0.0 Rep=1 → Discordo
[2026-05-12 12:54:40,050][__main__][INFO] - ✓ [meta-llama/Llama-4-Scout-17B-16E-Instruct] Temp=0.0 Rep=1 → Concordo
[2026-05-12 12:54:41,153][__main__][INFO] - ✓ [Qwen/Qwen3-14B] Temp=0.0 Rep=1 → Concordo fortemente
[2026-05-12 12:54:41,750][__main__][INFO] - ✓ [Qwen/Qwen3-14B] Temp=0.0 Rep=1 → Concordo fortemente
[2026-05-12 12:54:42,207][__main__][INFO] - ✓ [Qwen/Qwen3-235B-A22B-Instruct-2507] Temp=0.0 Rep=1 → Discordo
[2026-05-12 12:54:42,229][__main__][INFO] - ✓ [Qwen/Qwen3-14B] Temp=0.0 Rep=1 → Concordo fortemente
[2026-05-12 12:54:42,792][__main__][INFO] - ✓ [Qwen/Qwen3-235B-A22B-Instruct-2507] Temp=0.0 Rep=1 → Discordo
[2026-05-12 12:54:42,793][__main__][INFO] - ✓ [Qwen/Qwen3-235B-A22B-Instruct-2507] Temp=0.0 Rep=1 → Discordo
[2026-05-12 12:54:43,405][__main__][INFO] - ✓ [meta-llama/Meta-Llama-3.1-70B-Instruct] Temp=0.0 Rep=1 → Discordo
[2026-05-12 12:54:43,487][__main__][INFO] - ✓ [meta-llama/Meta-Llama-3.1-70B-Instruct] Temp=0.0 Rep=1 → Concordo fortemente
[2026-05-12 12:54:43,918][__main__][INFO] - ✓ [meta-llama/Meta-Llama-3.1-70B-Instruct] Temp=0.0 Rep=1 → Concordo
[2026-05-12 12:54:44,110][__main__][INFO] - ✓ [meta-llama/Llama-4-Scout-17B-16E-Instruct] Temp=0.0 Rep=1 → Discordo
[2026-05-12 12:54:44,268][__main__][INFO] - ✓ [meta-llama/Llama-4-Scout-17B-16E-Instruct] Temp=0.0 Rep=1 → Concordo fortemente
[2026-05-12 12:54:44,628][__main__][INFO] - ✓ [meta-llama/Llama-4-Scout-17B-16E-Instruct] Temp=0.0 Rep=1 → Discordo
[2026-05-12 12:54:44,751][__main__][INFO] - ✓ [Qwen/Qwen3-14B] Temp=0.0 Rep=1 → Concordo fortemente
[2026-05-12 12:54:48,013][__main__][INFO] - ✓ [Qwen/Qwen3-14B] Temp=0.0 Rep=1 → Discordo
[2026-05-12 12:54:48,029][__main__][INFO] - ✓ [Qwen/Qwen3-14B] Temp=0.0 Rep=1 → Concordo fortemente
[2026-05-12 12:54:49,242][__main__][INFO] - ✓ [Qwen/Qwen3-14B] Temp=0.0 Rep=1 → Discordo
[2026-05-12 12:54:49,754][__main__][INFO] - ✓ [Qwen/Qwen3-235B-A22B-Instruct-2507] Temp=0.0 Rep=1 → Concordo fortemente
[2026-05-12 12:54:49,758][__main__][INFO] - ✓ [Qwen/Qwen3-235B-A22B-Instruct-2507] Temp=0.0 Rep=1 → Concordo fortemente
[2026-05-12 12:54:49,831][__main__][INFO] - ✓ [Qwen/Qwen3-235B-A22B-Instruct-2507] Temp=0.0 Rep=1 → Concordo fortemente
[2026-05-12 12:54:50,084][__main__][INFO] - ✓ [Qwen/Qwen3-14B] Temp=0.0 Rep=1 → Concordo fortemente
[2026-05-12 12:54:50,494][__main__][INFO] - ✓ [meta-llama/Llama-4-Scout-17B-16E-Instruct] Temp=0.0 Rep=1 → Concordo fortemente
[2026-05-12 12:54:50,667][__main__][INFO] - ✓ [meta-llama/Meta-Llama-3.1-70B-Instruct] Temp=0.0 Rep=1 → Concordo
[2026-05-12 12:54:50,751][__main__][INFO] - ✓ [meta-llama/Meta-Llama-3.1-70B-Instruct] Temp=0.0 Rep=1 → Concordo fortemente
[2026-05-12 12:54:50,755][__main__][INFO] - ✓ [meta-llama/Meta-Llama-3.1-70B-Instruct] Temp=0.0 Rep=1 → Concordo fortemente
[2026-05-12 12:54:51,018][__main__][INFO] - ✓ [meta-llama/Llama-4-Scout-17B-16E-Instruct] Temp=0.0 Rep=1 → Concordo
[2026-05-12 12:54:51,753][__main__][INFO] - ✓ [meta-llama/Llama-4-Scout-17B-16E-Instruct] Temp=0.0 Rep=1 → Concordo fortemente
[2026-05-12 12:54:52,315][__main__][INFO] - ✓ [Qwen/Qwen3-235B-A22B-Instruct-2507] Temp=0.0 Rep=1 → Discordo
[2026-05-12 12:54:52,929][__main__][INFO] - ✓ [Qwen/Qwen3-235B-A22B-Instruct-2507] Temp=0.0 Rep=1 → Discordo
[2026-05-12 12:54:53,181][__main__][INFO] - ✓ [Qwen/Qwen3-14B] Temp=0.0 Rep=1 → Concordo fortemente
[2026-05-12 12:54:53,281][__main__][INFO] - ✓ [Qwen/Qwen3-235B-A22B-Instruct-2507] Temp=0.0 Rep=1 → Discordo
[2026-05-12 12:54:53,638][__main__][INFO] - ✓ [meta-llama/Meta-Llama-3.1-70B-Instruct] Temp=0.0 Rep=1 → Discordo
[2026-05-12 12:54:53,856][__main__][INFO] - Salvamento incremental (7920 novas respostas)...
[2026-05-12 12:54:53,921][__main__][INFO] - Cache salvo com 248322 entradas
[2026-05-12 12:54:53,922][__main__][INFO] - ✓ [meta-llama/Meta-Llama-3.1-70B-Instruct] Temp=0.0 Rep=1 → Concordo fortemente
[2026-05-12 12:54:54,465][__main__][INFO] - ✓ [meta-llama/Meta-Llama-3.1-70B-Instruct] Temp=0.0 Rep=1 → Concordo
[2026-05-12 12:54:54,468][__main__][INFO] - ✓ [meta-llama/Llama-4-Scout-17B-16E-Instruct] Temp=0.0 Rep=1 → Discordo
[2026-05-12 12:54:54,739][__main__][INFO] - ✓ [meta-llama/Llama-4-Scout-17B-16E-Instruct] Temp=0.0 Rep=1 → Discordo
[2026-05-12 12:54:54,822][__main__][INFO] - ✓ [meta-llama/Llama-4-Scout-17B-16E-Instruct] Temp=0.0 Rep=1 → Concordo
[2026-05-12 12:54:56,309][__main__][INFO] - ✓ [Qwen/Qwen3-14B] Temp=0.0 Rep=1 → Concordo fortemente
[2026-05-12 12:54:56,924][__main__][INFO] - ✓ [Qwen/Qwen3-14B] Temp=0.0 Rep=1 → Concordo fortemente
[2026-05-12 12:54:57,540][__main__][INFO] - ✓ [Qwen/Qwen3-235B-A22B-Instruct-2507] Temp=0.0 Rep=1 → Concordo fortemente
[2026-05-12 12:54:58,196][__main__][INFO] - ✓ [Qwen/Qwen3-235B-A22B-Instruct-2507] Temp=0.0 Rep=1 → Concordo fortemente
[2026-05-12 12:54:58,971][__main__][INFO] - ✓ [Qwen/Qwen3-235B-A22B-Instruct-2507] Temp=0.0 Rep=1 → Concordo fortemente
[2026-05-12 12:54:59,585][__main__][INFO] - ✓ [Qwen/Qwen3-14B] Temp=0.0 Rep=1 → Discordo
[2026-05-12 12:55:04,193][__main__][INFO] - ✓ [Qwen/Qwen3-14B] Temp=0.0 Rep=1 → Concordo fortemente
[2026-05-12 12:55:05,524][__main__][INFO] - ✓ [Qwen/Qwen3-14B] Temp=0.0 Rep=1 → Concordo fortemente
[2026-05-12 12:55:05,700][__main__][INFO] - ✓ [Qwen/Qwen3-14B] Temp=0.0 Rep=1 → Concordo fortemente
[2026-05-12 12:55:05,936][__main__][INFO] - ✓ [meta-llama/Llama-4-Scout-17B-16E-Instruct] Temp=0.0 Rep=1 → Concordo fortemente
[2026-05-12 12:55:05,971][__main__][INFO] - ✓ [meta-llama/Llama-4-Scout-17B-16E-Instruct] Temp=0.0 Rep=1 → Concordo
[2026-05-12 12:55:06,070][__main__][INFO] - ✓ [Qwen/Qwen3-14B] Temp=0.0 Rep=1 → Concordo fortemente
[2026-05-12 12:55:06,228][__main__][INFO] - ✓ [meta-llama/Llama-4-Scout-17B-16E-Instruct] Temp=0.0 Rep=1 → Concordo fortemente
[2026-05-12 12:55:06,958][__main__][INFO] - ✓ [meta-llama/Meta-Llama-3.1-70B-Instruct] Temp=0.0 Rep=1 → Concordo
[2026-05-12 12:55:07,472][__main__][INFO] - ✓ [Qwen/Qwen3-14B] Temp=0.0 Rep=1 → Concordo fortemente
[2026-05-12 12:55:07,475][__main__][INFO] - ✓ [Qwen/Qwen3-235B-A22B-Instruct-2507] Temp=0.0 Rep=1 → Discordo
[2026-05-12 12:55:07,562][__main__][INFO] - ✓ [Qwen/Qwen3-14B] Temp=0.0 Rep=1 → Discordo
[2026-05-12 12:55:07,793][__main__][INFO] - ✓ [meta-llama/Meta-Llama-3.1-70B-Instruct] Temp=0.0 Rep=1 → Concordo fortemente
[2026-05-12 12:55:07,967][__main__][INFO] - ✓ [Qwen/Qwen3-235B-A22B-Instruct-2507] Temp=0.0 Rep=1 → Discordo
[2026-05-12 12:55:08,012][__main__][INFO] - ✓ [Qwen/Qwen3-235B-A22B-Instruct-2507] Temp=0.0 Rep=1 → Neutro
[2026-05-12 12:55:08,597][__main__][INFO] - ✓ [meta-llama/Llama-4-Scout-17B-16E-Instruct] Temp=0.0 Rep=1 → Discordo
[2026-05-12 12:55:08,735][__main__][INFO] - ✓ [meta-llama/Meta-Llama-3.1-70B-Instruct] Temp=0.0 Rep=1 → Concordo fortemente
[2026-05-12 12:55:08,955][__main__][INFO] - ✓ [meta-llama/Llama-4-Scout-17B-16E-Instruct] Temp=0.0 Rep=1 → Concordo fortemente
[2026-05-12 12:55:09,005][__main__][INFO] - ✓ [meta-llama/Meta-Llama-3.1-70B-Instruct] Temp=0.0 Rep=1 → Discordo
[2026-05-12 12:55:09,026][__main__][INFO] - ✓ [meta-llama/Meta-Llama-3.1-70B-Instruct] Temp=0.0 Rep=1 → Concordo
[2026-05-12 12:55:09,117][__main__][INFO] - ✓ [meta-llama/Meta-Llama-3.1-70B-Instruct] Temp=0.0 Rep=1 → Concordo fortemente
[2026-05-12 12:55:09,149][__main__][INFO] - ✓ [meta-llama/Llama-4-Scout-17B-16E-Instruct] Temp=0.0 Rep=1 → Discordo
[2026-05-12 12:55:09,621][__main__][INFO] - ✓ [Qwen/Qwen3-235B-A22B-Instruct-2507] Temp=0.0 Rep=1 → Discordo
[2026-05-12 12:55:09,673][__main__][INFO] - ✓ [Qwen/Qwen3-235B-A22B-Instruct-2507] Temp=0.0 Rep=1 → Concordo fortemente
[2026-05-12 12:55:10,440][__main__][INFO] - ✓ [meta-llama/Meta-Llama-3.1-70B-Instruct] Temp=0.0 Rep=1 → Concordo fortemente
[2026-05-12 12:55:11,054][__main__][INFO] - ✓ [meta-llama/Meta-Llama-3.1-70B-Instruct] Temp=0.0 Rep=1 → Neutro
[2026-05-12 12:55:11,656][__main__][INFO] - ✓ [meta-llama/Meta-Llama-3.1-70B-Instruct] Temp=0.0 Rep=1 → Concordo fortemente
[2026-05-12 12:55:12,067][__main__][INFO] - ✓ [meta-llama/Llama-4-Scout-17B-16E-Instruct] Temp=0.0 Rep=1 → Concordo fortemente
[2026-05-12 12:55:12,340][__main__][INFO] - ✓ [meta-llama/Llama-4-Scout-17B-16E-Instruct] Temp=0.0 Rep=1 → Discordo
[2026-05-12 12:55:12,896][__main__][INFO] - ✓ [meta-llama/Llama-4-Scout-17B-16E-Instruct] Temp=0.0 Rep=1 → Concordo fortemente
[2026-05-12 12:55:14,433][__main__][INFO] - Salvamento incremental (7960 novas respostas)...
[2026-05-12 12:55:14,488][__main__][INFO] - Cache salvo com 248362 entradas
[2026-05-12 12:55:14,488][__main__][INFO] - ✓ [Qwen/Qwen3-235B-A22B-Instruct-2507] Temp=0.0 Rep=1 → Neutro
[2026-05-12 12:55:15,253][__main__][INFO] - ✓ [Qwen/Qwen3-14B] Temp=0.0 Rep=1 → Concordo fortemente
[2026-05-12 12:55:16,482][__main__][INFO] - ✓ [Qwen/Qwen3-14B] Temp=0.0 Rep=1 → Concordo fortemente
[2026-05-12 12:55:17,272][__main__][INFO] - ✓ [Qwen/Qwen3-235B-A22B-Instruct-2507] Temp=0.0 Rep=1 → Discordo
[2026-05-12 12:55:18,837][__main__][INFO] - ✓ [Qwen/Qwen3-235B-A22B-Instruct-2507] Temp=0.0 Rep=1 → Discordo
[2026-05-12 12:55:19,400][__main__][INFO] - ✓ [Qwen/Qwen3-235B-A22B-Instruct-2507] Temp=0.0 Rep=1 → Neutro
[2026-05-12 12:55:20,065][__main__][INFO] - ✓ [meta-llama/Meta-Llama-3.1-70B-Instruct] Temp=0.0 Rep=1 → Discordo fortemente
[2026-05-12 12:55:20,375][__main__][INFO] - ✓ [Qwen/Qwen3-14B] Temp=0.0 Rep=1 → Concordo fortemente
[2026-05-12 12:55:20,579][__main__][INFO] - ✓ [Qwen/Qwen3-14B] Temp=0.0 Rep=1 → Concordo fortemente
[2026-05-12 12:55:20,900][__main__][INFO] - ✓ [meta-llama/Meta-Llama-3.1-70B-Instruct] Temp=0.0 Rep=1 → Discordo
[2026-05-12 12:55:20,908][__main__][INFO] - ✓ [meta-llama/Meta-Llama-3.1-70B-Instruct] Temp=0.0 Rep=1 → Concordo fortemente
[2026-05-12 12:55:21,068][__main__][INFO] - ✓ [meta-llama/Llama-4-Scout-17B-16E-Instruct] Temp=0.0 Rep=1 → Discordo fortemente
[2026-05-12 12:55:21,260][__main__][INFO] - ✓ [meta-llama/Llama-4-Scout-17B-16E-Instruct] Temp=0.0 Rep=1 → Concordo fortemente
[2026-05-12 12:55:21,310][__main__][INFO] - ✓ [meta-llama/Llama-4-Scout-17B-16E-Instruct] Temp=0.0 Rep=1 → Discordo
[2026-05-12 12:55:21,426][__main__][INFO] - ✓ [Qwen/Qwen3-14B] Temp=0.0 Rep=1 → Concordo fortemente
[2026-05-12 12:55:21,995][__main__][INFO] - ✓ [Qwen/Qwen3-235B-A22B-Instruct-2507] Temp=0.0 Rep=1 → Concordo
[2026-05-12 12:55:22,528][__main__][INFO] - ✓ [Qwen/Qwen3-235B-A22B-Instruct-2507] Temp=0.0 Rep=1 → Discordo
[2026-05-12 12:55:23,246][__main__][INFO] - ✓ [Qwen/Qwen3-235B-A22B-Instruct-2507] Temp=0.0 Rep=1 → Neutro
[2026-05-12 12:55:23,550][__main__][INFO] - ✓ [Qwen/Qwen3-14B] Temp=0.0 Rep=1 → Concordo fortemente
[2026-05-12 12:55:23,753][__main__][INFO] - ✓ [Qwen/Qwen3-14B] Temp=0.0 Rep=1 → Concordo fortemente
[2026-05-12 12:55:24,779][__main__][INFO] - ✓ [meta-llama/Meta-Llama-3.1-70B-Instruct] Temp=0.0 Rep=1 → Discordo
[2026-05-12 12:55:24,780][__main__][INFO] - ✓ [meta-llama/Meta-Llama-3.1-70B-Instruct] Temp=0.0 Rep=1 → Concordo
[2026-05-12 12:55:24,826][__main__][INFO] - ✓ [meta-llama/Meta-Llama-3.1-70B-Instruct] Temp=0.0 Rep=1 → Concordo fortemente
[2026-05-12 12:55:25,214][__main__][INFO] - ✓ [meta-llama/Llama-4-Scout-17B-16E-Instruct] Temp=0.0 Rep=1 → Discordo
[2026-05-12 12:55:25,245][__main__][INFO] - ✓ [meta-llama/Llama-4-Scout-17B-16E-Instruct] Temp=0.0 Rep=1 → Concordo fortemente
[2026-05-12 12:55:25,365][__main__][INFO] - ✓ [meta-llama/Llama-4-Scout-17B-16E-Instruct] Temp=0.0 Rep=1 → Concordo fortemente
[2026-05-12 12:55:28,463][__main__][INFO] - ✓ [Qwen/Qwen3-14B] Temp=0.0 Rep=1 → Concordo fortemente
[2026-05-12 12:55:28,764][__main__][INFO] - ✓ [Qwen/Qwen3-14B] Temp=0.0 Rep=1 → Concordo fortemente
[2026-05-12 12:55:28,831][__main__][INFO] - ✓ [Qwen/Qwen3-235B-A22B-Instruct-2507] Temp=0.0 Rep=1 → Discordo
[2026-05-12 12:55:29,174][__main__][INFO] - ✓ [Qwen/Qwen3-14B] Temp=0.0 Rep=1 → Concordo fortemente
[2026-05-12 12:55:29,359][__main__][INFO] - ✓ [Qwen/Qwen3-235B-A22B-Instruct-2507] Temp=0.0 Rep=1 → Discordo
[2026-05-12 12:55:29,552][__main__][INFO] - ✓ [Qwen/Qwen3-235B-A22B-Instruct-2507] Temp=0.0 Rep=1 → Neutro
[2026-05-12 12:55:29,710][__main__][INFO] - ✓ [meta-llama/Meta-Llama-3.1-70B-Instruct] Temp=0.0 Rep=1 → Discordo fortemente
[2026-05-12 12:55:29,932][__main__][INFO] - ✓ [meta-llama/Meta-Llama-3.1-70B-Instruct] Temp=0.0 Rep=1 → Concordo fortemente
[2026-05-12 12:55:29,992][__main__][INFO] - ✓ [meta-llama/Llama-4-Scout-17B-16E-Instruct] Temp=0.0 Rep=1 → Discordo
[2026-05-12 12:55:29,993][__main__][INFO] - ✓ [meta-llama/Meta-Llama-3.1-70B-Instruct] Temp=0.0 Rep=1 → Discordo
[2026-05-12 12:55:30,167][__main__][INFO] - ✓ [Qwen/Qwen3-14B] Temp=0.0 Rep=1 → Concordo fortemente
[2026-05-12 12:55:30,336][__main__][INFO] - ✓ [meta-llama/Llama-4-Scout-17B-16E-Instruct] Temp=0.0 Rep=1 → Concordo fortemente
[2026-05-12 12:55:30,404][__main__][INFO] - ✓ [meta-llama/Llama-4-Scout-17B-16E-Instruct] Temp=0.0 Rep=1 → Discordo
[2026-05-12 12:55:31,089][__main__][INFO] - ✓ [Qwen/Qwen3-235B-A22B-Instruct-2507] Temp=0.0 Rep=1 → Concordo fortemente
[2026-05-12 12:55:31,638][__main__][INFO] - Salvamento incremental (8000 novas respostas)...
[2026-05-12 12:55:31,695][__main__][INFO] - Cache salvo com 248402 entradas
[2026-05-12 12:55:31,696][__main__][INFO] - ✓ [Qwen/Qwen3-14B] Temp=0.0 Rep=1 → Concordo fortemente
[2026-05-12 12:55:31,747][__main__][INFO] - ✓ [Qwen/Qwen3-235B-A22B-Instruct-2507] Temp=0.0 Rep=1 → Discordo
[2026-05-12 12:55:32,559][__main__][INFO] - ✓ [meta-llama/Meta-Llama-3.1-70B-Instruct] Temp=0.0 Rep=1 → Concordo fortemente
[2026-05-12 12:55:32,562][__main__][INFO] - ✓ [Qwen/Qwen3-235B-A22B-Instruct-2507] Temp=0.0 Rep=1 → Concordo
[2026-05-12 12:55:33,093][__main__][INFO] - ✓ [meta-llama/Meta-Llama-3.1-70B-Instruct] Temp=0.0 Rep=1 → Neutro
[2026-05-12 12:55:33,483][__main__][INFO] - ✓ [meta-llama/Meta-Llama-3.1-70B-Instruct] Temp=0.0 Rep=1 → Concordo fortemente
[2026-05-12 12:55:33,521][__main__][INFO] - ✓ [meta-llama/Llama-4-Scout-17B-16E-Instruct] Temp=0.0 Rep=1 → Concordo fortemente
[2026-05-12 12:55:34,006][__main__][INFO] - ✓ [meta-llama/Llama-4-Scout-17B-16E-Instruct] Temp=0.0 Rep=1 → Discordo
[2026-05-12 12:55:34,267][__main__][INFO] - ✓ [meta-llama/Llama-4-Scout-17B-16E-Instruct] Temp=0.0 Rep=1 → Concordo fortemente
[2026-05-12 12:55:35,091][__main__][WARNING] - Resposta inválida (tentativa 2/3) de meta-llama/Meta-Llama-3.1-70B-Instruct: Descordo
[2026-05-12 12:55:35,091][__main__][INFO] - Fazendo retry 3/3...
[2026-05-12 12:55:35,394][__main__][WARNING] - Resposta inválida (tentativa 2/3) de meta-llama/Meta-Llama-3.1-70B-Instruct: Descordo
[2026-05-12 12:55:35,395][__main__][INFO] - Fazendo retry 3/3...
[2026-05-12 12:55:35,837][__main__][INFO] - ✓ [Qwen/Qwen3-14B] Temp=0.0 Rep=1 → Concordo fortemente
[2026-05-12 12:55:36,327][__main__][WARNING] - Resposta inválida (tentativa 3/3) de meta-llama/Meta-Llama-3.1-70B-Instruct: Descordo fortemente
[2026-05-12 12:55:36,327][__main__][ERROR] - Máximo de tentativas (3) atingido para resposta inválida
[2026-05-12 12:55:36,631][__main__][WARNING] - Resposta inválida (tentativa 3/3) de meta-llama/Meta-Llama-3.1-70B-Instruct: Descordo
[2026-05-12 12:55:36,631][__main__][ERROR] - Máximo de tentativas (3) atingido para resposta inválida
[2026-05-12 12:55:37,408][__main__][WARNING] - Resposta inválida (tentativa 3/3) de meta-llama/Meta-Llama-3.1-70B-Instruct: Descordo
[2026-05-12 12:55:37,409][__main__][ERROR] - Máximo de tentativas (3) atingido para resposta inválida
[2026-05-12 12:55:37,467][__main__][INFO] - ✓ [Qwen/Qwen3-14B] Temp=0.0 Rep=1 → Concordo fortemente
[2026-05-12 12:55:38,805][__main__][INFO] - ✓ [Qwen/Qwen3-14B] Temp=0.0 Rep=1 → Concordo fortemente
[2026-05-12 12:55:40,546][__main__][INFO] - ✓ [Qwen/Qwen3-14B] Temp=0.0 Rep=1 → Concordo fortemente
[2026-05-12 12:55:40,855][__main__][INFO] - ✓ [Qwen/Qwen3-14B] Temp=0.0 Rep=1 → Concordo fortemente
[2026-05-12 12:55:42,600][__main__][INFO] - ✓ [Qwen/Qwen3-14B] Temp=0.0 Rep=1 → Concordo fortemente
[2026-05-12 12:55:44,551][__main__][INFO] - ✓ [Qwen/Qwen3-14B] Temp=0.0 Rep=1 → Concordo fortemente
[2026-05-12 12:55:48,227][__main__][INFO] - ✓ [Qwen/Qwen3-14B] Temp=0.0 Rep=1 → Concordo fortemente
[2026-05-12 12:57:12,229][__main__][INFO] - ✓ [Qwen/Qwen3-14B] Temp=0.0 Rep=1 → Concordo fortemente
[2026-05-12 12:57:12,361][__main__][INFO] - Cache salvo com 248422 entradas
[2026-05-12 12:57:12,361][__main__][INFO] - Coleta de dados concluída!
