[2026-05-13 13:02:19,890][__main__][INFO] - Retrieval ativado: store='wiki_faiss_store', top_n=[0, 1, 3, 5], emb_model='google/embeddinggemma-300m'
[2026-05-13 13:02:19,891][__main__][INFO] - Carregadas 56 perguntas de dados/pairs.json
[2026-05-13 13:02:19,957][__main__][INFO] - Cache carregado com 258460 entradas
[2026-05-13 13:02:28,117][__main__][INFO] - ✓ [grok-4-1-fast-reasoning] Temp=0.0 Rep=1 → Concordo fortemente
[2026-05-13 13:02:29,438][__main__][INFO] - ✓ [grok-4-1-fast-reasoning] Temp=0.0 Rep=1 → Concordo fortemente
[2026-05-13 13:02:29,826][__main__][INFO] - ✓ [grok-4-1-fast-reasoning] Temp=0.0 Rep=1 → Concordo
[2026-05-13 13:02:29,885][__main__][INFO] - ✓ [grok-4-1-fast-reasoning] Temp=0.0 Rep=1 → Concordo fortemente
[2026-05-13 13:02:30,772][__main__][INFO] - ✓ [grok-4-1-fast-reasoning] Temp=0.0 Rep=1 → Concordo fortemente
[2026-05-13 13:02:31,676][__main__][INFO] - ✓ [grok-4-1-fast-reasoning] Temp=0.0 Rep=1 → Concordo
[2026-05-13 13:02:31,839][__main__][INFO] - ✓ [grok-4-1-fast-reasoning] Temp=0.0 Rep=1 → Discordo fortemente
[2026-05-13 13:02:33,427][__main__][INFO] - ✓ [grok-4-1-fast-reasoning] Temp=0.0 Rep=1 → Concordo fortemente
[2026-05-13 13:02:33,863][__main__][INFO] - ✓ [grok-4-1-fast-reasoning] Temp=0.0 Rep=1 → Discordo fortemente
[2026-05-13 13:02:34,629][__main__][INFO] - ✓ [grok-4-1-fast-reasoning] Temp=0.0 Rep=1 → Discordo
[2026-05-13 13:02:34,958][__main__][INFO] - ✓ [grok-4-1-fast-reasoning] Temp=0.0 Rep=1 → Concordo fortemente
[2026-05-13 13:02:35,372][__main__][INFO] - ✓ [grok-4-1-fast-reasoning] Temp=0.0 Rep=1 → Discordo fortemente
[2026-05-13 13:02:35,870][__main__][INFO] - ✓ [grok-4-1-fast-reasoning] Temp=0.0 Rep=1 → Discordo fortemente
[2026-05-13 13:02:36,212][__main__][INFO] - ✓ [grok-4-1-fast-reasoning] Temp=0.0 Rep=1 → Concordo fortemente
[2026-05-13 13:02:39,018][__main__][INFO] - ✓ [grok-4-1-fast-reasoning] Temp=0.0 Rep=1 → Concordo fortemente
[2026-05-13 13:02:39,058][__main__][INFO] - ✓ [grok-4-1-fast-reasoning] Temp=0.0 Rep=1 → Concordo fortemente
[2026-05-13 13:02:39,160][__main__][INFO] - ✓ [grok-4-1-fast-reasoning] Temp=0.0 Rep=1 → Discordo fortemente
[2026-05-13 13:02:39,397][__main__][INFO] - ✓ [grok-4-1-fast-reasoning] Temp=0.0 Rep=1 → Discordo fortemente
[2026-05-13 13:02:39,399][__main__][INFO] - ✓ [grok-4-1-fast-reasoning] Temp=0.0 Rep=1 → Discordo fortemente
[2026-05-13 13:02:40,200][__main__][INFO] - ✓ [grok-4-1-fast-reasoning] Temp=0.0 Rep=1 → Concordo
[2026-05-13 13:02:41,347][__main__][INFO] - ✓ [grok-4-1-fast-reasoning] Temp=0.0 Rep=1 → Concordo
[2026-05-13 13:02:42,157][__main__][INFO] - ✓ [grok-4-1-fast-reasoning] Temp=0.0 Rep=1 → Discordo fortemente
[2026-05-13 13:02:43,509][__main__][INFO] - ✓ [grok-4-1-fast-reasoning] Temp=0.0 Rep=1 → Concordo
[2026-05-13 13:02:44,387][__main__][INFO] - ✓ [grok-4-1-fast-reasoning] Temp=0.0 Rep=1 → Concordo fortemente
[2026-05-13 13:02:45,185][__main__][INFO] - ✓ [grok-4-1-fast-reasoning] Temp=0.0 Rep=1 → Concordo fortemente
[2026-05-13 13:02:45,464][__main__][INFO] - ✓ [grok-4-1-fast-reasoning] Temp=0.0 Rep=1 → Concordo fortemente
[2026-05-13 13:02:46,688][__main__][INFO] - ✓ [grok-4-1-fast-reasoning] Temp=0.0 Rep=1 → Concordo fortemente
[2026-05-13 13:02:46,743][__main__][INFO] - ✓ [grok-4-1-fast-reasoning] Temp=0.0 Rep=1 → Discordo fortemente
[2026-05-13 13:02:46,917][__main__][INFO] - ✓ [grok-4-1-fast-reasoning] Temp=0.0 Rep=1 → Concordo fortemente
[2026-05-13 13:02:48,470][__main__][INFO] - ✓ [grok-4-1-fast-reasoning] Temp=0.0 Rep=1 → Concordo fortemente
[2026-05-13 13:02:49,692][__main__][INFO] - ✓ [grok-4-1-fast-reasoning] Temp=0.0 Rep=1 → Discordo fortemente
[2026-05-13 13:02:49,699][__main__][INFO] - ✓ [grok-4-1-fast-reasoning] Temp=0.0 Rep=1 → Discordo
[2026-05-13 13:02:49,833][__main__][INFO] - ✓ [grok-4-1-fast-reasoning] Temp=0.0 Rep=1 → Concordo
[2026-05-13 13:02:51,677][__main__][INFO] - ✓ [grok-4-1-fast-reasoning] Temp=0.0 Rep=1 → Discordo fortemente
[2026-05-13 13:02:52,125][__main__][INFO] - ✓ [grok-4-1-fast-reasoning] Temp=0.0 Rep=1 → Concordo fortemente
[2026-05-13 13:02:52,217][__main__][INFO] - ✓ [grok-4-1-fast-reasoning] Temp=0.0 Rep=1 → Concordo fortemente
[2026-05-13 13:02:55,616][__main__][INFO] - ✓ [grok-4-1-fast-reasoning] Temp=0.0 Rep=1 → Concordo fortemente
[2026-05-13 13:02:55,638][__main__][INFO] - ✓ [grok-4-1-fast-reasoning] Temp=0.0 Rep=1 → Discordo fortemente
[2026-05-13 13:02:55,798][__main__][INFO] - ✓ [grok-4-1-fast-reasoning] Temp=0.0 Rep=1 → Discordo fortemente
[2026-05-13 13:02:56,411][__main__][INFO] - Salvamento incremental (40 novas respostas)...
[2026-05-13 13:02:56,486][__main__][INFO] - Cache salvo com 258500 entradas
[2026-05-13 13:02:56,486][__main__][INFO] - ✓ [grok-4-1-fast-reasoning] Temp=0.0 Rep=1 → Concordo
[2026-05-13 13:02:56,697][__main__][INFO] - ✓ [grok-4-1-fast-reasoning] Temp=0.0 Rep=1 → Concordo fortemente
[2026-05-13 13:02:56,936][__main__][INFO] - ✓ [grok-4-1-fast-reasoning] Temp=0.0 Rep=1 → Concordo fortemente
[2026-05-13 13:02:57,004][__main__][INFO] - ✓ [grok-4-1-fast-reasoning] Temp=0.0 Rep=1 → Concordo fortemente
[2026-05-13 13:02:57,036][__main__][INFO] - ✓ [grok-4-1-fast-reasoning] Temp=0.0 Rep=1 → Concordo fortemente
[2026-05-13 13:02:57,092][__main__][INFO] - ✓ [grok-4-1-fast-reasoning] Temp=0.0 Rep=1 → Discordo
[2026-05-13 13:02:58,055][__main__][INFO] - ✓ [grok-4-1-fast-reasoning] Temp=0.0 Rep=1 → Discordo fortemente
[2026-05-13 13:02:58,581][__main__][INFO] - ✓ [grok-4-1-fast-reasoning] Temp=0.0 Rep=1 → Discordo fortemente
[2026-05-13 13:02:59,570][__main__][INFO] - ✓ [grok-4-1-fast-reasoning] Temp=0.0 Rep=1 → Concordo fortemente
[2026-05-13 13:03:03,133][__main__][INFO] - ✓ [grok-4-1-fast-reasoning] Temp=0.0 Rep=1 → Discordo fortemente
[2026-05-13 13:03:03,135][__main__][INFO] - ✓ [grok-4-1-fast-reasoning] Temp=0.0 Rep=1 → Discordo fortemente
[2026-05-13 13:03:03,396][__main__][INFO] - ✓ [grok-4-1-fast-reasoning] Temp=0.0 Rep=1 → Discordo fortemente
[2026-05-13 13:03:03,438][__main__][INFO] - ✓ [grok-4-1-fast-reasoning] Temp=0.0 Rep=1 → Concordo fortemente
[2026-05-13 13:03:07,969][__main__][INFO] - ✓ [grok-4-1-fast-reasoning] Temp=0.0 Rep=1 → Concordo
[2026-05-13 13:03:08,062][__main__][INFO] - ✓ [grok-4-1-fast-reasoning] Temp=0.0 Rep=1 → Discordo
[2026-05-13 13:03:08,187][__main__][INFO] - ✓ [grok-4-1-fast-reasoning] Temp=0.0 Rep=1 → Concordo fortemente
[2026-05-13 13:03:08,472][__main__][INFO] - ✓ [grok-4-1-fast-reasoning] Temp=0.0 Rep=1 → Concordo fortemente
[2026-05-13 13:03:08,591][__main__][INFO] - ✓ [grok-4-1-fast-reasoning] Temp=0.0 Rep=1 → Discordo fortemente
[2026-05-13 13:03:08,902][__main__][INFO] - ✓ [grok-4-1-fast-reasoning] Temp=0.0 Rep=1 → Neutro
[2026-05-13 13:03:08,977][__main__][INFO] - ✓ [grok-4-1-fast-reasoning] Temp=0.0 Rep=1 → Concordo
[2026-05-13 13:03:09,542][__main__][INFO] - ✓ [grok-4-1-fast-reasoning] Temp=0.0 Rep=1 → Concordo
[2026-05-13 13:03:10,735][__main__][INFO] - ✓ [grok-4-1-fast-reasoning] Temp=0.0 Rep=1 → Discordo fortemente
[2026-05-13 13:03:12,247][__main__][INFO] - ✓ [grok-4-1-fast-reasoning] Temp=0.0 Rep=1 → Neutro
[2026-05-13 13:03:12,570][__main__][INFO] - ✓ [grok-4-1-fast-reasoning] Temp=0.0 Rep=1 → Neutro
[2026-05-13 13:03:13,467][__main__][INFO] - ✓ [grok-4-1-fast-reasoning] Temp=0.0 Rep=1 → Concordo fortemente
[2026-05-13 13:03:14,677][__main__][INFO] - ✓ [grok-4-1-fast-reasoning] Temp=0.0 Rep=1 → Discordo fortemente
[2026-05-13 13:03:14,882][__main__][INFO] - ✓ [grok-4-1-fast-reasoning] Temp=0.0 Rep=1 → Concordo fortemente
[2026-05-13 13:03:15,710][__main__][INFO] - ✓ [grok-4-1-fast-reasoning] Temp=0.0 Rep=1 → Discordo fortemente
[2026-05-13 13:03:15,712][__main__][INFO] - ✓ [grok-4-1-fast-reasoning] Temp=0.0 Rep=1 → Discordo fortemente
[2026-05-13 13:03:16,437][__main__][INFO] - ✓ [grok-4-1-fast-reasoning] Temp=0.0 Rep=1 → Concordo fortemente
[2026-05-13 13:03:16,847][__main__][INFO] - ✓ [grok-4-1-fast-reasoning] Temp=0.0 Rep=1 → Concordo fortemente
[2026-05-13 13:03:17,806][__main__][INFO] - ✓ [grok-4-1-fast-reasoning] Temp=0.0 Rep=1 → Concordo
[2026-05-13 13:03:20,034][__main__][INFO] - ✓ [grok-4-1-fast-reasoning] Temp=0.0 Rep=1 → Concordo fortemente
[2026-05-13 13:03:20,088][__main__][INFO] - ✓ [grok-4-1-fast-reasoning] Temp=0.0 Rep=1 → Discordo
[2026-05-13 13:03:20,097][__main__][INFO] - ✓ [grok-4-1-fast-reasoning] Temp=0.0 Rep=1 → Discordo fortemente
[2026-05-13 13:03:20,241][__main__][INFO] - ✓ [grok-4-1-fast-reasoning] Temp=0.0 Rep=1 → Concordo fortemente
[2026-05-13 13:03:21,557][__main__][INFO] - ✓ [grok-4-1-fast-reasoning] Temp=0.0 Rep=1 → Discordo
[2026-05-13 13:03:22,067][__main__][INFO] - ✓ [grok-4-1-fast-reasoning] Temp=0.0 Rep=1 → Discordo fortemente
[2026-05-13 13:03:22,538][__main__][INFO] - ✓ [grok-4-1-fast-reasoning] Temp=0.0 Rep=1 → Concordo fortemente
[2026-05-13 13:03:22,605][__main__][INFO] - ✓ [grok-4-1-fast-reasoning] Temp=0.0 Rep=1 → Discordo
[2026-05-13 13:03:24,258][__main__][INFO] - Salvamento incremental (80 novas respostas)...
[2026-05-13 13:03:24,314][__main__][INFO] - Cache salvo com 258540 entradas
[2026-05-13 13:03:24,315][__main__][INFO] - ✓ [grok-4-1-fast-reasoning] Temp=0.0 Rep=1 → Discordo
[2026-05-13 13:03:24,425][__main__][INFO] - ✓ [grok-4-1-fast-reasoning] Temp=0.0 Rep=1 → Discordo fortemente
[2026-05-13 13:03:24,513][__main__][INFO] - ✓ [grok-4-1-fast-reasoning] Temp=0.0 Rep=1 → Concordo fortemente
[2026-05-13 13:03:25,173][__main__][INFO] - ✓ [grok-4-1-fast-reasoning] Temp=0.0 Rep=1 → Concordo fortemente
[2026-05-13 13:03:25,230][__main__][INFO] - ✓ [grok-4-1-fast-reasoning] Temp=0.0 Rep=1 → Concordo fortemente
[2026-05-13 13:03:26,474][__main__][INFO] - ✓ [grok-4-1-fast-reasoning] Temp=0.0 Rep=1 → Discordo fortemente
[2026-05-13 13:03:27,104][__main__][INFO] - ✓ [grok-4-1-fast-reasoning] Temp=0.0 Rep=1 → Concordo fortemente
[2026-05-13 13:03:27,144][__main__][INFO] - ✓ [grok-4-1-fast-reasoning] Temp=0.0 Rep=1 → Discordo fortemente
[2026-05-13 13:03:28,930][__main__][INFO] - ✓ [grok-4-1-fast-reasoning] Temp=0.0 Rep=1 → Concordo fortemente
[2026-05-13 13:03:29,081][__main__][INFO] - ✓ [grok-4-1-fast-reasoning] Temp=0.0 Rep=1 → Discordo fortemente
[2026-05-13 13:03:30,466][__main__][INFO] - ✓ [grok-4-1-fast-reasoning] Temp=0.0 Rep=1 → Discordo fortemente
[2026-05-13 13:03:31,489][__main__][INFO] - ✓ [grok-4-1-fast-reasoning] Temp=0.0 Rep=1 → Concordo fortemente
[2026-05-13 13:03:32,002][__main__][INFO] - ✓ [grok-4-1-fast-reasoning] Temp=0.0 Rep=1 → Discordo fortemente
[2026-05-13 13:03:33,396][__main__][INFO] - ✓ [grok-4-1-fast-reasoning] Temp=0.0 Rep=1 → Discordo fortemente
[2026-05-13 13:03:33,609][__main__][INFO] - ✓ [grok-4-1-fast-reasoning] Temp=0.0 Rep=1 → Concordo fortemente
[2026-05-13 13:03:36,158][__main__][INFO] - ✓ [grok-4-1-fast-reasoning] Temp=0.0 Rep=1 → Concordo
[2026-05-13 13:03:36,709][__main__][INFO] - ✓ [grok-4-1-fast-reasoning] Temp=0.0 Rep=1 → Neutro
[2026-05-13 13:03:36,758][__main__][INFO] - ✓ [grok-4-1-fast-reasoning] Temp=0.0 Rep=1 → Concordo
[2026-05-13 13:03:40,095][__main__][INFO] - ✓ [grok-4-1-fast-reasoning] Temp=0.0 Rep=1 → Discordo fortemente
[2026-05-13 13:03:40,096][__main__][INFO] - ✓ [grok-4-1-fast-reasoning] Temp=0.0 Rep=1 → Concordo
[2026-05-13 13:03:40,438][__main__][INFO] - ✓ [grok-4-1-fast-reasoning] Temp=0.0 Rep=1 → Discordo
[2026-05-13 13:03:40,885][__main__][INFO] - ✓ [grok-4-1-fast-reasoning] Temp=0.0 Rep=1 → Concordo fortemente
[2026-05-13 13:03:40,886][__main__][INFO] - ✓ [grok-4-1-fast-reasoning] Temp=0.0 Rep=1 → Discordo fortemente
[2026-05-13 13:03:41,527][__main__][INFO] - ✓ [grok-4-1-fast-reasoning] Temp=0.0 Rep=1 → Discordo fortemente
[2026-05-13 13:03:41,933][__main__][INFO] - ✓ [grok-4-1-fast-reasoning] Temp=0.0 Rep=1 → Concordo fortemente
[2026-05-13 13:03:42,816][__main__][INFO] - ✓ [grok-4-1-fast-reasoning] Temp=0.0 Rep=1 → Concordo
[2026-05-13 13:03:44,395][__main__][INFO] - ✓ [grok-4-1-fast-reasoning] Temp=0.0 Rep=1 → Concordo fortemente
[2026-05-13 13:03:44,544][__main__][INFO] - ✓ [grok-4-1-fast-reasoning] Temp=0.0 Rep=1 → Concordo fortemente
[2026-05-13 13:03:44,570][__main__][INFO] - ✓ [grok-4-1-fast-reasoning] Temp=0.0 Rep=1 → Neutro
[2026-05-13 13:03:45,316][__main__][INFO] - ✓ [grok-4-1-fast-reasoning] Temp=0.0 Rep=1 → Concordo fortemente
[2026-05-13 13:03:47,478][__main__][INFO] - ✓ [grok-4-1-fast-reasoning] Temp=0.0 Rep=1 → Concordo fortemente
[2026-05-13 13:03:48,384][__main__][INFO] - ✓ [grok-4-1-fast-reasoning] Temp=0.0 Rep=1 → Concordo fortemente
[2026-05-13 13:03:49,327][__main__][INFO] - ✓ [grok-4-1-fast-reasoning] Temp=0.0 Rep=1 → Concordo fortemente
[2026-05-13 13:03:49,635][__main__][INFO] - ✓ [grok-4-1-fast-reasoning] Temp=0.0 Rep=1 → Discordo fortemente
[2026-05-13 13:03:49,868][__main__][INFO] - ✓ [grok-4-1-fast-reasoning] Temp=0.0 Rep=1 → Discordo fortemente
[2026-05-13 13:03:50,375][__main__][INFO] - ✓ [grok-4-1-fast-reasoning] Temp=0.0 Rep=1 → Discordo fortemente
[2026-05-13 13:03:52,461][__main__][INFO] - ✓ [grok-4-1-fast-reasoning] Temp=0.0 Rep=1 → Discordo
[2026-05-13 13:03:52,530][__main__][INFO] - ✓ [grok-4-1-fast-reasoning] Temp=0.0 Rep=1 → Concordo fortemente
[2026-05-13 13:03:53,067][__main__][INFO] - ✓ [grok-4-1-fast-reasoning] Temp=0.0 Rep=1 → Discordo fortemente
[2026-05-13 13:03:53,121][__main__][INFO] - ✓ [grok-4-1-fast-reasoning] Temp=0.0 Rep=1 → Concordo
[2026-05-13 13:03:55,043][__main__][INFO] - Salvamento incremental (120 novas respostas)...
[2026-05-13 13:03:55,134][__main__][INFO] - Cache salvo com 258580 entradas
[2026-05-13 13:03:55,135][__main__][INFO] - ✓ [grok-4-1-fast-reasoning] Temp=0.0 Rep=1 → Discordo fortemente
[2026-05-13 13:03:55,859][__main__][INFO] - ✓ [grok-4-1-fast-reasoning] Temp=0.0 Rep=1 → Concordo fortemente
[2026-05-13 13:03:56,684][__main__][INFO] - ✓ [grok-4-1-fast-reasoning] Temp=0.0 Rep=1 → Concordo fortemente
[2026-05-13 13:03:56,835][__main__][INFO] - ✓ [grok-4-1-fast-reasoning] Temp=0.0 Rep=1 → Concordo fortemente
[2026-05-13 13:03:58,029][__main__][INFO] - ✓ [grok-4-1-fast-reasoning] Temp=0.0 Rep=1 → Concordo
[2026-05-13 13:03:58,432][__main__][INFO] - ✓ [grok-4-1-fast-reasoning] Temp=0.0 Rep=1 → Discordo fortemente
[2026-05-13 13:03:59,248][__main__][INFO] - ✓ [grok-4-1-fast-reasoning] Temp=0.0 Rep=1 → Discordo fortemente
[2026-05-13 13:03:59,487][__main__][INFO] - ✓ [grok-4-1-fast-reasoning] Temp=0.0 Rep=1 → Concordo fortemente
[2026-05-13 13:04:00,444][__main__][INFO] - ✓ [grok-4-1-fast-reasoning] Temp=0.0 Rep=1 → Discordo fortemente
[2026-05-13 13:04:00,540][__main__][INFO] - ✓ [grok-4-1-fast-reasoning] Temp=0.0 Rep=1 → Concordo fortemente
[2026-05-13 13:04:01,662][__main__][INFO] - ✓ [grok-4-1-fast-reasoning] Temp=0.0 Rep=1 → Discordo
[2026-05-13 13:04:02,904][__main__][INFO] - ✓ [grok-4-1-fast-reasoning] Temp=0.0 Rep=1 → Concordo fortemente
[2026-05-13 13:04:04,666][__main__][INFO] - ✓ [grok-4-1-fast-reasoning] Temp=0.0 Rep=1 → Discordo fortemente
[2026-05-13 13:04:05,066][__main__][INFO] - ✓ [grok-4-1-fast-reasoning] Temp=0.0 Rep=1 → Discordo fortemente
[2026-05-13 13:04:05,285][__main__][INFO] - ✓ [grok-4-1-fast-reasoning] Temp=0.0 Rep=1 → Discordo fortemente
[2026-05-13 13:04:05,747][__main__][INFO] - ✓ [grok-4-1-fast-reasoning] Temp=0.0 Rep=1 → Discordo
[2026-05-13 13:04:05,780][__main__][INFO] - ✓ [grok-4-1-fast-reasoning] Temp=0.0 Rep=1 → Concordo fortemente
[2026-05-13 13:04:05,904][__main__][INFO] - ✓ [grok-4-1-fast-reasoning] Temp=0.0 Rep=1 → Concordo fortemente
[2026-05-13 13:04:06,363][__main__][INFO] - ✓ [grok-4-1-fast-reasoning] Temp=0.0 Rep=1 → Concordo
[2026-05-13 13:04:07,330][__main__][INFO] - ✓ [grok-4-1-fast-reasoning] Temp=0.0 Rep=1 → Discordo
[2026-05-13 13:04:09,486][__main__][INFO] - ✓ [grok-4-1-fast-reasoning] Temp=0.0 Rep=1 → Concordo
[2026-05-13 13:04:09,839][__main__][INFO] - ✓ [grok-4-1-fast-reasoning] Temp=0.0 Rep=1 → Concordo fortemente
[2026-05-13 13:04:10,493][__main__][INFO] - ✓ [grok-4-1-fast-reasoning] Temp=0.0 Rep=1 → Discordo
[2026-05-13 13:04:10,768][__main__][INFO] - ✓ [grok-4-1-fast-reasoning] Temp=0.0 Rep=1 → Discordo fortemente
[2026-05-13 13:04:11,148][__main__][INFO] - ✓ [grok-4-1-fast-reasoning] Temp=0.0 Rep=1 → Discordo fortemente
[2026-05-13 13:04:11,812][__main__][INFO] - ✓ [grok-4-1-fast-reasoning] Temp=0.0 Rep=1 → Concordo
[2026-05-13 13:04:12,055][__main__][INFO] - ✓ [grok-4-1-fast-reasoning] Temp=0.0 Rep=1 → Discordo
[2026-05-13 13:04:12,207][__main__][INFO] - ✓ [grok-4-1-fast-reasoning] Temp=0.0 Rep=1 → Neutro
[2026-05-13 13:04:13,105][__main__][INFO] - ✓ [grok-4-1-fast-reasoning] Temp=0.0 Rep=1 → Discordo fortemente
[2026-05-13 13:04:13,240][__main__][INFO] - ✓ [grok-4-1-fast-reasoning] Temp=0.0 Rep=1 → Concordo
[2026-05-13 13:04:15,123][__main__][INFO] - ✓ [grok-4-1-fast-reasoning] Temp=0.0 Rep=1 → Concordo fortemente
[2026-05-13 13:04:16,204][__main__][INFO] - ✓ [grok-4-1-fast-reasoning] Temp=0.0 Rep=1 → Concordo fortemente
[2026-05-13 13:04:16,953][__main__][INFO] - ✓ [grok-4-1-fast-reasoning] Temp=0.0 Rep=1 → Discordo
[2026-05-13 13:04:17,267][__main__][INFO] - ✓ [grok-4-1-fast-reasoning] Temp=0.0 Rep=1 → Discordo fortemente
[2026-05-13 13:04:19,806][__main__][INFO] - ✓ [grok-4-1-fast-reasoning] Temp=0.0 Rep=1 → Discordo fortemente
[2026-05-13 13:04:19,945][__main__][INFO] - ✓ [grok-4-1-fast-reasoning] Temp=0.0 Rep=1 → Concordo
[2026-05-13 13:04:22,328][__main__][INFO] - ✓ [grok-4-1-fast-reasoning] Temp=0.0 Rep=1 → Concordo fortemente
[2026-05-13 13:04:22,330][__main__][INFO] - ✓ [grok-4-1-fast-reasoning] Temp=0.0 Rep=1 → Discordo
[2026-05-13 13:04:22,956][__main__][INFO] - ✓ [grok-4-1-fast-reasoning] Temp=0.0 Rep=1 → Concordo fortemente
[2026-05-13 13:04:23,776][__main__][INFO] - ✓ [grok-4-1-fast-reasoning] Temp=0.0 Rep=1 → Discordo fortemente
[2026-05-13 13:04:24,047][__main__][INFO] - Salvamento incremental (160 novas respostas)...
[2026-05-13 13:04:24,120][__main__][INFO] - Cache salvo com 258620 entradas
[2026-05-13 13:04:24,120][__main__][INFO] - ✓ [grok-4-1-fast-reasoning] Temp=0.0 Rep=1 → Discordo
[2026-05-13 13:04:24,273][__main__][INFO] - ✓ [grok-4-1-fast-reasoning] Temp=0.0 Rep=1 → Concordo fortemente
[2026-05-13 13:04:25,455][__main__][INFO] - ✓ [grok-4-1-fast-reasoning] Temp=0.0 Rep=1 → Discordo fortemente
[2026-05-13 13:04:25,480][__main__][INFO] - ✓ [grok-4-1-fast-reasoning] Temp=0.0 Rep=1 → Discordo
[2026-05-13 13:04:25,614][__main__][INFO] - ✓ [grok-4-1-fast-reasoning] Temp=0.0 Rep=1 → Discordo fortemente
[2026-05-13 13:04:26,215][__main__][INFO] - ✓ [grok-4-1-fast-reasoning] Temp=0.0 Rep=1 → Concordo
[2026-05-13 13:04:26,389][__main__][INFO] - ✓ [grok-4-1-fast-reasoning] Temp=0.0 Rep=1 → Concordo fortemente
[2026-05-13 13:04:26,992][__main__][INFO] - ✓ [grok-4-1-fast-reasoning] Temp=0.0 Rep=1 → Discordo fortemente
[2026-05-13 13:04:28,000][__main__][INFO] - ✓ [grok-4-1-fast-reasoning] Temp=0.0 Rep=1 → Neutro
[2026-05-13 13:04:29,047][__main__][INFO] - ✓ [grok-4-1-fast-reasoning] Temp=0.0 Rep=1 → Discordo fortemente
[2026-05-13 13:04:29,653][__main__][INFO] - ✓ [grok-4-1-fast-reasoning] Temp=0.0 Rep=1 → Concordo fortemente
[2026-05-13 13:04:29,837][__main__][INFO] - ✓ [grok-4-1-fast-reasoning] Temp=0.0 Rep=1 → Concordo fortemente
[2026-05-13 13:04:31,531][__main__][INFO] - ✓ [grok-4-1-fast-reasoning] Temp=0.0 Rep=1 → Discordo fortemente
[2026-05-13 13:04:32,212][__main__][INFO] - ✓ [grok-4-1-fast-reasoning] Temp=0.0 Rep=1 → Concordo fortemente
[2026-05-13 13:04:32,518][__main__][INFO] - ✓ [grok-4-1-fast-reasoning] Temp=0.0 Rep=1 → Concordo fortemente
[2026-05-13 13:04:32,931][__main__][INFO] - ✓ [grok-4-1-fast-reasoning] Temp=0.0 Rep=1 → Discordo
[2026-05-13 13:04:34,568][__main__][INFO] - ✓ [grok-4-1-fast-reasoning] Temp=0.0 Rep=1 → Discordo fortemente
[2026-05-13 13:04:34,583][__main__][INFO] - ✓ [grok-4-1-fast-reasoning] Temp=0.0 Rep=1 → Discordo fortemente
[2026-05-13 13:04:35,799][__main__][INFO] - ✓ [grok-4-1-fast-reasoning] Temp=0.0 Rep=1 → Neutro
[2026-05-13 13:04:37,765][__main__][INFO] - ✓ [grok-4-1-fast-reasoning] Temp=0.0 Rep=1 → Concordo fortemente
[2026-05-13 13:04:37,859][__main__][INFO] - ✓ [grok-4-1-fast-reasoning] Temp=0.0 Rep=1 → Concordo
[2026-05-13 13:04:37,918][__main__][INFO] - ✓ [grok-4-1-fast-reasoning] Temp=0.0 Rep=1 → Discordo
[2026-05-13 13:04:38,244][__main__][INFO] - ✓ [grok-4-1-fast-reasoning] Temp=0.0 Rep=1 → Concordo
[2026-05-13 13:04:38,764][__main__][INFO] - ✓ [grok-4-1-fast-reasoning] Temp=0.0 Rep=1 → Concordo
[2026-05-13 13:04:39,277][__main__][INFO] - ✓ [grok-4-1-fast-reasoning] Temp=0.0 Rep=1 → Concordo fortemente
[2026-05-13 13:04:40,096][__main__][INFO] - ✓ [grok-4-1-fast-reasoning] Temp=0.0 Rep=1 → Concordo
[2026-05-13 13:04:40,759][__main__][INFO] - ✓ [grok-4-1-fast-reasoning] Temp=0.0 Rep=1 → Concordo
[2026-05-13 13:04:41,805][__main__][INFO] - ✓ [grok-4-1-fast-reasoning] Temp=0.0 Rep=1 → Neutro
[2026-05-13 13:04:43,966][__main__][INFO] - ✓ [grok-4-1-fast-reasoning] Temp=0.0 Rep=1 → Concordo fortemente
[2026-05-13 13:04:44,426][__main__][INFO] - ✓ [grok-4-1-fast-reasoning] Temp=0.0 Rep=1 → Concordo
[2026-05-13 13:04:45,031][__main__][INFO] - ✓ [grok-4-1-fast-reasoning] Temp=0.0 Rep=1 → Discordo fortemente
[2026-05-13 13:04:45,529][__main__][INFO] - ✓ [grok-4-1-fast-reasoning] Temp=0.0 Rep=1 → Discordo fortemente
[2026-05-13 13:04:45,529][__main__][INFO] - ✓ [grok-4-1-fast-reasoning] Temp=0.0 Rep=1 → Discordo fortemente
[2026-05-13 13:04:46,012][__main__][INFO] - ✓ [grok-4-1-fast-reasoning] Temp=0.0 Rep=1 → Concordo fortemente
[2026-05-13 13:04:47,983][__main__][INFO] - ✓ [grok-4-1-fast-reasoning] Temp=0.0 Rep=1 → Discordo fortemente
[2026-05-13 13:04:48,392][__main__][INFO] - ✓ [grok-4-1-fast-reasoning] Temp=0.0 Rep=1 → Concordo fortemente
[2026-05-13 13:04:50,543][__main__][INFO] - ✓ [grok-4-1-fast-reasoning] Temp=0.0 Rep=1 → Concordo
[2026-05-13 13:04:52,694][__main__][INFO] - ✓ [grok-4-1-fast-reasoning] Temp=0.0 Rep=1 → Concordo
[2026-05-13 13:04:53,718][__main__][INFO] - ✓ [grok-4-1-fast-reasoning] Temp=0.0 Rep=1 → Discordo
[2026-05-13 13:04:54,081][__main__][INFO] - ✓ [grok-4-1-fast-reasoning] Temp=0.0 Rep=1 → Concordo fortemente
[2026-05-13 13:04:54,638][__main__][INFO] - Salvamento incremental (200 novas respostas)...
[2026-05-13 13:04:54,699][__main__][INFO] - Cache salvo com 258660 entradas
[2026-05-13 13:04:54,700][__main__][INFO] - ✓ [grok-4-1-fast-reasoning] Temp=0.0 Rep=1 → Discordo fortemente
[2026-05-13 13:04:55,646][__main__][INFO] - ✓ [grok-4-1-fast-reasoning] Temp=0.0 Rep=1 → Concordo
[2026-05-13 13:04:56,381][__main__][INFO] - ✓ [grok-4-1-fast-reasoning] Temp=0.0 Rep=1 → Discordo
[2026-05-13 13:04:56,790][__main__][INFO] - ✓ [grok-4-1-fast-reasoning] Temp=0.0 Rep=1 → Concordo
[2026-05-13 13:04:57,533][__main__][INFO] - ✓ [grok-4-1-fast-reasoning] Temp=0.0 Rep=1 → Discordo fortemente
[2026-05-13 13:04:57,915][__main__][INFO] - ✓ [grok-4-1-fast-reasoning] Temp=0.0 Rep=1 → Discordo fortemente
[2026-05-13 13:04:58,426][__main__][INFO] - ✓ [grok-4-1-fast-reasoning] Temp=0.0 Rep=1 → Concordo fortemente
[2026-05-13 13:04:59,687][__main__][INFO] - ✓ [grok-4-1-fast-reasoning] Temp=0.0 Rep=1 → Concordo fortemente
[2026-05-13 13:05:01,088][__main__][INFO] - ✓ [grok-4-1-fast-reasoning] Temp=0.0 Rep=1 → Concordo fortemente
[2026-05-13 13:05:01,200][__main__][INFO] - ✓ [grok-4-1-fast-reasoning] Temp=0.0 Rep=1 → Concordo fortemente
[2026-05-13 13:05:01,272][__main__][INFO] - ✓ [grok-4-1-fast-reasoning] Temp=0.0 Rep=1 → Concordo fortemente
[2026-05-13 13:05:01,277][__main__][INFO] - ✓ [grok-4-1-fast-reasoning] Temp=0.0 Rep=1 → Neutro
[2026-05-13 13:05:01,596][__main__][INFO] - ✓ [grok-4-1-fast-reasoning] Temp=0.0 Rep=1 → Concordo fortemente
[2026-05-13 13:05:03,852][__main__][INFO] - ✓ [grok-4-1-fast-reasoning] Temp=0.0 Rep=1 → Discordo fortemente
[2026-05-13 13:05:04,670][__main__][INFO] - ✓ [grok-4-1-fast-reasoning] Temp=0.0 Rep=1 → Concordo fortemente
[2026-05-13 13:05:04,755][__main__][INFO] - ✓ [grok-4-1-fast-reasoning] Temp=0.0 Rep=1 → Concordo fortemente
[2026-05-13 13:05:04,870][__main__][INFO] - ✓ [grok-4-1-fast-reasoning] Temp=0.0 Rep=1 → Concordo fortemente
[2026-05-13 13:05:05,186][__main__][INFO] - ✓ [grok-4-1-fast-reasoning] Temp=0.0 Rep=1 → Concordo
[2026-05-13 13:05:05,597][__main__][INFO] - ✓ [grok-4-1-fast-reasoning] Temp=0.0 Rep=1 → Neutro
[2026-05-13 13:05:06,824][__main__][INFO] - ✓ [grok-4-1-fast-reasoning] Temp=0.0 Rep=1 → Concordo
[2026-05-13 13:05:08,320][__main__][INFO] - ✓ [grok-4-1-fast-reasoning] Temp=0.0 Rep=1 → Concordo
[2026-05-13 13:05:08,546][__main__][INFO] - ✓ [grok-4-1-fast-reasoning] Temp=0.0 Rep=1 → Concordo fortemente
[2026-05-13 13:05:08,821][__main__][INFO] - ✓ [grok-4-1-fast-reasoning] Temp=0.0 Rep=1 → Concordo fortemente
[2026-05-13 13:05:10,114][__main__][INFO] - ✓ [grok-4-1-fast-reasoning] Temp=0.0 Rep=1 → Concordo fortemente
[2026-05-13 13:05:10,762][__main__][INFO] - ✓ [grok-4-1-fast-reasoning] Temp=0.0 Rep=1 → Discordo
[2026-05-13 13:05:12,429][__main__][INFO] - ✓ [grok-4-1-fast-reasoning] Temp=0.0 Rep=1 → Concordo fortemente
[2026-05-13 13:05:12,925][__main__][INFO] - ✓ [grok-4-1-fast-reasoning] Temp=0.0 Rep=1 → Concordo
[2026-05-13 13:05:13,612][__main__][INFO] - ✓ [grok-4-1-fast-reasoning] Temp=0.0 Rep=1 → Discordo
[2026-05-13 13:05:13,784][__main__][INFO] - ✓ [grok-4-1-fast-reasoning] Temp=0.0 Rep=1 → Concordo fortemente
[2026-05-13 13:05:14,134][__main__][INFO] - ✓ [grok-4-1-fast-reasoning] Temp=0.0 Rep=1 → Discordo fortemente
[2026-05-13 13:05:14,173][__main__][INFO] - ✓ [grok-4-1-fast-reasoning] Temp=0.0 Rep=1 → Concordo fortemente
[2026-05-13 13:05:14,899][__main__][INFO] - ✓ [grok-4-1-fast-reasoning] Temp=0.0 Rep=1 → Discordo
[2026-05-13 13:05:15,529][__main__][INFO] - ✓ [grok-4-1-fast-reasoning] Temp=0.0 Rep=1 → Discordo fortemente
[2026-05-13 13:05:15,678][__main__][INFO] - ✓ [grok-4-1-fast-reasoning] Temp=0.0 Rep=1 → Concordo fortemente
[2026-05-13 13:05:17,033][__main__][INFO] - ✓ [grok-4-1-fast-reasoning] Temp=0.0 Rep=1 → Concordo
[2026-05-13 13:05:17,098][__main__][INFO] - ✓ [grok-4-1-fast-reasoning] Temp=0.0 Rep=1 → Concordo fortemente
[2026-05-13 13:05:17,197][__main__][INFO] - ✓ [grok-4-1-fast-reasoning] Temp=0.0 Rep=1 → Concordo fortemente
[2026-05-13 13:05:19,625][__main__][INFO] - ✓ [grok-4-1-fast-reasoning] Temp=0.0 Rep=1 → Concordo fortemente
[2026-05-13 13:05:20,075][__main__][INFO] - ✓ [grok-4-1-fast-reasoning] Temp=0.0 Rep=1 → Discordo
[2026-05-13 13:05:21,678][__main__][INFO] - ✓ [grok-4-1-fast-reasoning] Temp=0.0 Rep=1 → Concordo fortemente
[2026-05-13 13:05:21,730][__main__][INFO] - Salvamento incremental (240 novas respostas)...
[2026-05-13 13:05:21,804][__main__][INFO] - Cache salvo com 258700 entradas
[2026-05-13 13:05:21,804][__main__][INFO] - ✓ [grok-4-1-fast-reasoning] Temp=0.0 Rep=1 → Concordo
[2026-05-13 13:05:22,345][__main__][INFO] - ✓ [grok-4-1-fast-reasoning] Temp=0.0 Rep=1 → Concordo fortemente
[2026-05-13 13:05:24,101][__main__][INFO] - ✓ [grok-4-1-fast-reasoning] Temp=0.0 Rep=1 → Concordo fortemente
[2026-05-13 13:05:24,848][__main__][INFO] - ✓ [grok-4-1-fast-reasoning] Temp=0.0 Rep=1 → Neutro
[2026-05-13 13:05:24,996][__main__][INFO] - ✓ [grok-4-1-fast-reasoning] Temp=0.0 Rep=1 → Concordo fortemente
[2026-05-13 13:05:25,427][__main__][INFO] - ✓ [grok-4-1-fast-reasoning] Temp=0.0 Rep=1 → Discordo fortemente
[2026-05-13 13:05:28,851][__main__][INFO] - ✓ [grok-4-1-fast-reasoning] Temp=0.0 Rep=1 → Discordo fortemente
[2026-05-13 13:05:29,232][__main__][INFO] - ✓ [grok-4-1-fast-reasoning] Temp=0.0 Rep=1 → Discordo fortemente
[2026-05-13 13:05:30,904][__main__][INFO] - ✓ [grok-4-1-fast-reasoning] Temp=0.0 Rep=1 → Concordo fortemente
[2026-05-13 13:05:31,702][__main__][INFO] - ✓ [grok-4-1-fast-reasoning] Temp=0.0 Rep=1 → Concordo fortemente
[2026-05-13 13:05:31,782][__main__][INFO] - ✓ [grok-4-1-fast-reasoning] Temp=0.0 Rep=1 → Concordo fortemente
[2026-05-13 13:05:31,928][__main__][INFO] - ✓ [grok-4-1-fast-reasoning] Temp=0.0 Rep=1 → Discordo fortemente
[2026-05-13 13:05:32,672][__main__][INFO] - ✓ [grok-4-1-fast-reasoning] Temp=0.0 Rep=1 → Concordo fortemente
[2026-05-13 13:05:33,242][__main__][INFO] - ✓ [grok-4-1-fast-reasoning] Temp=0.0 Rep=1 → Discordo fortemente
[2026-05-13 13:05:33,243][__main__][INFO] - ✓ [grok-4-1-fast-reasoning] Temp=0.0 Rep=1 → Discordo fortemente
[2026-05-13 13:05:34,471][__main__][INFO] - ✓ [grok-4-1-fast-reasoning] Temp=0.0 Rep=1 → Discordo
[2026-05-13 13:05:35,446][__main__][INFO] - ✓ [grok-4-1-fast-reasoning] Temp=0.0 Rep=1 → Concordo
[2026-05-13 13:05:37,655][__main__][INFO] - ✓ [grok-4-1-fast-reasoning] Temp=0.0 Rep=1 → Concordo fortemente
[2026-05-13 13:05:38,142][__main__][INFO] - ✓ [grok-4-1-fast-reasoning] Temp=0.0 Rep=1 → Discordo fortemente
[2026-05-13 13:05:38,572][__main__][INFO] - ✓ [grok-4-1-fast-reasoning] Temp=0.0 Rep=1 → Concordo fortemente
[2026-05-13 13:05:39,212][__main__][INFO] - ✓ [grok-4-1-fast-reasoning] Temp=0.0 Rep=1 → Discordo fortemente
[2026-05-13 13:05:39,476][__main__][INFO] - ✓ [grok-4-1-fast-reasoning] Temp=0.0 Rep=1 → Concordo fortemente
[2026-05-13 13:05:40,792][__main__][INFO] - ✓ [grok-4-1-fast-reasoning] Temp=0.0 Rep=1 → Concordo fortemente
[2026-05-13 13:05:41,333][__main__][INFO] - ✓ [grok-4-1-fast-reasoning] Temp=0.0 Rep=1 → Discordo
[2026-05-13 13:05:41,333][__main__][INFO] - ✓ [grok-4-1-fast-reasoning] Temp=0.0 Rep=1 → Concordo fortemente
[2026-05-13 13:05:44,753][__main__][INFO] - ✓ [grok-4-1-fast-reasoning] Temp=0.0 Rep=1 → Concordo fortemente
[2026-05-13 13:05:44,812][__main__][INFO] - ✓ [grok-4-1-fast-reasoning] Temp=0.0 Rep=1 → Discordo fortemente
[2026-05-13 13:05:45,265][__main__][INFO] - ✓ [grok-4-1-fast-reasoning] Temp=0.0 Rep=1 → Discordo fortemente
[2026-05-13 13:05:46,167][__main__][INFO] - ✓ [grok-4-1-fast-reasoning] Temp=0.0 Rep=1 → Concordo fortemente
[2026-05-13 13:05:46,842][__main__][INFO] - ✓ [grok-4-1-fast-reasoning] Temp=0.0 Rep=1 → Discordo fortemente
[2026-05-13 13:05:47,998][__main__][INFO] - ✓ [grok-4-1-fast-reasoning] Temp=0.0 Rep=1 → Concordo fortemente
[2026-05-13 13:05:48,708][__main__][INFO] - ✓ [grok-4-1-fast-reasoning] Temp=0.0 Rep=1 → Concordo fortemente
[2026-05-13 13:05:51,037][__main__][INFO] - ✓ [grok-4-1-fast-reasoning] Temp=0.0 Rep=1 → Discordo fortemente
[2026-05-13 13:05:51,200][__main__][INFO] - ✓ [grok-4-1-fast-reasoning] Temp=0.0 Rep=1 → Discordo fortemente
[2026-05-13 13:05:51,854][__main__][INFO] - ✓ [grok-4-1-fast-reasoning] Temp=0.0 Rep=1 → Discordo fortemente
[2026-05-13 13:05:52,070][__main__][INFO] - ✓ [grok-4-1-fast-reasoning] Temp=0.0 Rep=1 → Discordo fortemente
[2026-05-13 13:05:52,598][__main__][INFO] - ✓ [grok-4-1-fast-reasoning] Temp=0.0 Rep=1 → Discordo
[2026-05-13 13:05:53,149][__main__][INFO] - ✓ [grok-4-1-fast-reasoning] Temp=0.0 Rep=1 → Discordo fortemente
[2026-05-13 13:05:54,053][__main__][INFO] - ✓ [grok-4-1-fast-reasoning] Temp=0.0 Rep=1 → Concordo fortemente
[2026-05-13 13:05:54,953][__main__][INFO] - ✓ [grok-4-1-fast-reasoning] Temp=0.0 Rep=1 → Concordo fortemente
[2026-05-13 13:05:57,537][__main__][INFO] - Salvamento incremental (280 novas respostas)...
[2026-05-13 13:05:57,634][__main__][INFO] - Cache salvo com 258740 entradas
[2026-05-13 13:05:57,634][__main__][INFO] - ✓ [grok-4-1-fast-reasoning] Temp=0.0 Rep=1 → Discordo fortemente
[2026-05-13 13:05:58,025][__main__][INFO] - ✓ [grok-4-1-fast-reasoning] Temp=0.0 Rep=1 → Concordo fortemente
[2026-05-13 13:05:59,045][__main__][INFO] - ✓ [grok-4-1-fast-reasoning] Temp=0.0 Rep=1 → Concordo
[2026-05-13 13:05:59,402][__main__][INFO] - ✓ [grok-4-1-fast-reasoning] Temp=0.0 Rep=1 → Discordo fortemente
[2026-05-13 13:05:59,995][__main__][INFO] - ✓ [grok-4-1-fast-reasoning] Temp=0.0 Rep=1 → Discordo fortemente
[2026-05-13 13:06:00,976][__main__][INFO] - ✓ [grok-4-1-fast-reasoning] Temp=0.0 Rep=1 → Concordo fortemente
[2026-05-13 13:06:01,770][__main__][INFO] - ✓ [grok-4-1-fast-reasoning] Temp=0.0 Rep=1 → Concordo
[2026-05-13 13:06:03,466][__main__][INFO] - ✓ [grok-4-1-fast-reasoning] Temp=0.0 Rep=1 → Concordo fortemente
[2026-05-13 13:06:03,882][__main__][INFO] - ✓ [grok-4-1-fast-reasoning] Temp=0.0 Rep=1 → Concordo
[2026-05-13 13:06:04,199][__main__][INFO] - ✓ [grok-4-1-fast-reasoning] Temp=0.0 Rep=1 → Discordo fortemente
[2026-05-13 13:06:04,286][__main__][INFO] - ✓ [grok-4-1-fast-reasoning] Temp=0.0 Rep=1 → Concordo fortemente
[2026-05-13 13:06:04,286][__main__][INFO] - ✓ [grok-4-1-fast-reasoning] Temp=0.0 Rep=1 → Concordo fortemente
[2026-05-13 13:06:04,788][__main__][INFO] - ✓ [grok-4-1-fast-reasoning] Temp=0.0 Rep=1 → Neutro
[2026-05-13 13:06:06,017][__main__][INFO] - ✓ [grok-4-1-fast-reasoning] Temp=0.0 Rep=1 → Concordo fortemente
[2026-05-13 13:06:06,742][__main__][INFO] - ✓ [grok-4-1-fast-reasoning] Temp=0.0 Rep=1 → Discordo fortemente
[2026-05-13 13:06:07,140][__main__][INFO] - ✓ [grok-4-1-fast-reasoning] Temp=0.0 Rep=1 → Concordo fortemente
[2026-05-13 13:06:07,938][__main__][INFO] - ✓ [grok-4-1-fast-reasoning] Temp=0.0 Rep=1 → Discordo fortemente
[2026-05-13 13:06:08,572][__main__][INFO] - ✓ [grok-4-1-fast-reasoning] Temp=0.0 Rep=1 → Discordo
[2026-05-13 13:06:08,838][__main__][INFO] - ✓ [grok-4-1-fast-reasoning] Temp=0.0 Rep=1 → Discordo
[2026-05-13 13:06:09,616][__main__][INFO] - ✓ [grok-4-1-fast-reasoning] Temp=0.0 Rep=1 → Concordo fortemente
[2026-05-13 13:06:10,100][__main__][INFO] - ✓ [grok-4-1-fast-reasoning] Temp=0.0 Rep=1 → Concordo fortemente
[2026-05-13 13:06:10,444][__main__][INFO] - ✓ [grok-4-1-fast-reasoning] Temp=0.0 Rep=1 → Discordo fortemente
[2026-05-13 13:06:10,727][__main__][INFO] - ✓ [grok-4-1-fast-reasoning] Temp=0.0 Rep=1 → Concordo fortemente
[2026-05-13 13:06:11,616][__main__][INFO] - ✓ [grok-4-1-fast-reasoning] Temp=0.0 Rep=1 → Discordo fortemente
[2026-05-13 13:06:11,710][__main__][INFO] - ✓ [grok-4-1-fast-reasoning] Temp=0.0 Rep=1 → Neutro
[2026-05-13 13:06:13,697][__main__][INFO] - ✓ [grok-4-1-fast-reasoning] Temp=0.0 Rep=1 → Concordo
[2026-05-13 13:06:14,921][__main__][INFO] - ✓ [grok-4-1-fast-reasoning] Temp=0.0 Rep=1 → Concordo fortemente
[2026-05-13 13:06:15,030][__main__][INFO] - ✓ [grok-4-1-fast-reasoning] Temp=0.0 Rep=1 → Discordo fortemente
[2026-05-13 13:06:15,534][__main__][INFO] - ✓ [grok-4-1-fast-reasoning] Temp=0.0 Rep=1 → Discordo fortemente
[2026-05-13 13:06:15,658][__main__][INFO] - ✓ [grok-4-1-fast-reasoning] Temp=0.0 Rep=1 → Discordo fortemente
[2026-05-13 13:06:17,284][__main__][INFO] - ✓ [grok-4-1-fast-reasoning] Temp=0.0 Rep=1 → Concordo fortemente
[2026-05-13 13:06:17,559][__main__][INFO] - ✓ [grok-4-1-fast-reasoning] Temp=0.0 Rep=1 → Neutro
[2026-05-13 13:06:18,281][__main__][INFO] - ✓ [grok-4-1-fast-reasoning] Temp=0.0 Rep=1 → Concordo
[2026-05-13 13:06:18,282][__main__][INFO] - ✓ [grok-4-1-fast-reasoning] Temp=0.0 Rep=1 → Concordo fortemente
[2026-05-13 13:06:18,283][__main__][INFO] - ✓ [grok-4-1-fast-reasoning] Temp=0.0 Rep=1 → Concordo fortemente
[2026-05-13 13:06:18,613][__main__][INFO] - ✓ [grok-4-1-fast-reasoning] Temp=0.0 Rep=1 → Concordo fortemente
[2026-05-13 13:06:19,892][__main__][INFO] - ✓ [grok-4-1-fast-reasoning] Temp=0.0 Rep=1 → Discordo fortemente
[2026-05-13 13:06:21,267][__main__][INFO] - ✓ [grok-4-1-fast-reasoning] Temp=0.0 Rep=1 → Discordo fortemente
[2026-05-13 13:06:21,718][__main__][INFO] - ✓ [grok-4-1-fast-reasoning] Temp=0.0 Rep=1 → Neutro
[2026-05-13 13:06:21,761][__main__][INFO] - ✓ [grok-4-1-fast-reasoning] Temp=0.0 Rep=1 → Concordo fortemente
[2026-05-13 13:06:22,191][__main__][INFO] - Salvamento incremental (320 novas respostas)...
[2026-05-13 13:06:22,267][__main__][INFO] - Cache salvo com 258780 entradas
[2026-05-13 13:06:22,267][__main__][INFO] - ✓ [grok-4-1-fast-reasoning] Temp=0.0 Rep=1 → Concordo fortemente
[2026-05-13 13:06:22,805][__main__][INFO] - ✓ [grok-4-1-fast-reasoning] Temp=0.0 Rep=1 → Concordo
[2026-05-13 13:06:23,428][__main__][INFO] - ✓ [grok-4-1-fast-reasoning] Temp=0.0 Rep=1 → Concordo fortemente
[2026-05-13 13:06:23,526][__main__][INFO] - ✓ [grok-4-1-fast-reasoning] Temp=0.0 Rep=1 → Concordo fortemente
[2026-05-13 13:06:23,527][__main__][INFO] - ✓ [grok-4-1-fast-reasoning] Temp=0.0 Rep=1 → Concordo
[2026-05-13 13:06:24,446][__main__][INFO] - ✓ [grok-4-1-fast-reasoning] Temp=0.0 Rep=1 → Discordo fortemente
[2026-05-13 13:06:25,264][__main__][INFO] - ✓ [grok-4-1-fast-reasoning] Temp=0.0 Rep=1 → Concordo fortemente
[2026-05-13 13:06:25,469][__main__][INFO] - ✓ [grok-4-1-fast-reasoning] Temp=0.0 Rep=1 → Concordo fortemente
[2026-05-13 13:06:25,470][__main__][INFO] - ✓ [grok-4-1-fast-reasoning] Temp=0.0 Rep=1 → Concordo fortemente
[2026-05-13 13:06:25,698][__main__][INFO] - ✓ [grok-4-1-fast-reasoning] Temp=0.0 Rep=1 → Concordo fortemente
[2026-05-13 13:06:29,523][__main__][INFO] - ✓ [grok-4-1-fast-reasoning] Temp=0.0 Rep=1 → Concordo fortemente
[2026-05-13 13:06:30,634][__main__][INFO] - ✓ [grok-4-1-fast-reasoning] Temp=0.0 Rep=1 → Concordo fortemente
[2026-05-13 13:06:30,772][__main__][INFO] - ✓ [grok-4-1-fast-reasoning] Temp=0.0 Rep=1 → Concordo
[2026-05-13 13:06:31,204][__main__][INFO] - ✓ [grok-4-1-fast-reasoning] Temp=0.0 Rep=1 → Concordo fortemente
[2026-05-13 13:06:31,919][__main__][INFO] - ✓ [grok-4-1-fast-reasoning] Temp=0.0 Rep=1 → Concordo
[2026-05-13 13:06:31,969][__main__][INFO] - ✓ [grok-4-1-fast-reasoning] Temp=0.0 Rep=1 → Concordo
[2026-05-13 13:06:32,639][__main__][INFO] - ✓ [grok-4-1-fast-reasoning] Temp=0.0 Rep=1 → Concordo
[2026-05-13 13:06:32,830][__main__][INFO] - ✓ [grok-4-1-fast-reasoning] Temp=0.0 Rep=1 → Discordo
[2026-05-13 13:06:33,250][__main__][INFO] - ✓ [grok-4-1-fast-reasoning] Temp=0.0 Rep=1 → Concordo
[2026-05-13 13:06:34,375][__main__][INFO] - ✓ [grok-4-1-fast-reasoning] Temp=0.0 Rep=1 → Concordo
[2026-05-13 13:06:35,059][__main__][INFO] - ✓ [grok-4-1-fast-reasoning] Temp=0.0 Rep=1 → Concordo fortemente
[2026-05-13 13:06:35,605][__main__][INFO] - ✓ [grok-4-1-fast-reasoning] Temp=0.0 Rep=1 → Discordo
[2026-05-13 13:06:35,902][__main__][INFO] - ✓ [grok-4-1-fast-reasoning] Temp=0.0 Rep=1 → Concordo fortemente
[2026-05-13 13:06:37,245][__main__][INFO] - ✓ [grok-4-1-fast-reasoning] Temp=0.0 Rep=1 → Concordo fortemente
[2026-05-13 13:06:38,269][__main__][INFO] - ✓ [grok-4-1-fast-reasoning] Temp=0.0 Rep=1 → Concordo
[2026-05-13 13:06:38,882][__main__][INFO] - ✓ [grok-4-1-fast-reasoning] Temp=0.0 Rep=1 → Discordo
[2026-05-13 13:06:39,291][__main__][INFO] - ✓ [grok-4-1-fast-reasoning] Temp=0.0 Rep=1 → Concordo fortemente
[2026-05-13 13:06:39,291][__main__][INFO] - ✓ [grok-4-1-fast-reasoning] Temp=0.0 Rep=1 → Concordo
[2026-05-13 13:06:40,349][__main__][INFO] - ✓ [grok-4-1-fast-reasoning] Temp=0.0 Rep=1 → Concordo fortemente
[2026-05-13 13:06:42,160][__main__][INFO] - ✓ [grok-4-1-fast-reasoning] Temp=0.0 Rep=1 → Concordo fortemente
[2026-05-13 13:06:42,401][__main__][INFO] - ✓ [grok-4-1-fast-reasoning] Temp=0.0 Rep=1 → Discordo
[2026-05-13 13:06:43,038][__main__][INFO] - ✓ [grok-4-1-fast-reasoning] Temp=0.0 Rep=1 → Concordo fortemente
[2026-05-13 13:06:43,068][__main__][INFO] - ✓ [grok-4-1-fast-reasoning] Temp=0.0 Rep=1 → Discordo
[2026-05-13 13:06:43,071][__main__][INFO] - ✓ [grok-4-1-fast-reasoning] Temp=0.0 Rep=1 → Concordo fortemente
[2026-05-13 13:06:43,465][__main__][INFO] - ✓ [grok-4-1-fast-reasoning] Temp=0.0 Rep=1 → Concordo
[2026-05-13 13:06:44,005][__main__][INFO] - ✓ [grok-4-1-fast-reasoning] Temp=0.0 Rep=1 → Concordo fortemente
[2026-05-13 13:06:46,154][__main__][INFO] - ✓ [grok-4-1-fast-reasoning] Temp=0.0 Rep=1 → Concordo fortemente
[2026-05-13 13:06:47,178][__main__][INFO] - ✓ [grok-4-1-fast-reasoning] Temp=0.0 Rep=1 → Concordo fortemente
[2026-05-13 13:06:49,532][__main__][INFO] - ✓ [grok-4-1-fast-reasoning] Temp=0.0 Rep=1 → Discordo fortemente
[2026-05-13 13:06:49,739][__main__][INFO] - ✓ [grok-4-1-fast-reasoning] Temp=0.0 Rep=1 → Concordo
[2026-05-13 13:06:50,456][__main__][INFO] - Salvamento incremental (360 novas respostas)...
[2026-05-13 13:06:50,512][__main__][INFO] - Cache salvo com 258820 entradas
[2026-05-13 13:06:50,512][__main__][INFO] - ✓ [grok-4-1-fast-reasoning] Temp=0.0 Rep=1 → Concordo fortemente
[2026-05-13 13:06:50,967][__main__][INFO] - ✓ [grok-4-1-fast-reasoning] Temp=0.0 Rep=1 → Discordo
[2026-05-13 13:06:50,968][__main__][INFO] - ✓ [grok-4-1-fast-reasoning] Temp=0.0 Rep=1 → Concordo fortemente
[2026-05-13 13:06:52,091][__main__][INFO] - ✓ [grok-4-1-fast-reasoning] Temp=0.0 Rep=1 → Discordo fortemente
[2026-05-13 13:06:52,552][__main__][INFO] - ✓ [grok-4-1-fast-reasoning] Temp=0.0 Rep=1 → Concordo
[2026-05-13 13:06:53,412][__main__][INFO] - ✓ [grok-4-1-fast-reasoning] Temp=0.0 Rep=1 → Concordo fortemente
[2026-05-13 13:06:53,833][__main__][INFO] - ✓ [grok-4-1-fast-reasoning] Temp=0.0 Rep=1 → Concordo fortemente
[2026-05-13 13:06:54,241][__main__][INFO] - ✓ [grok-4-1-fast-reasoning] Temp=0.0 Rep=1 → Discordo fortemente
[2026-05-13 13:06:55,369][__main__][INFO] - ✓ [grok-4-1-fast-reasoning] Temp=0.0 Rep=1 → Concordo fortemente
[2026-05-13 13:06:55,506][__main__][INFO] - ✓ [grok-4-1-fast-reasoning] Temp=0.0 Rep=1 → Concordo fortemente
[2026-05-13 13:06:56,393][__main__][INFO] - ✓ [grok-4-1-fast-reasoning] Temp=0.0 Rep=1 → Discordo fortemente
[2026-05-13 13:06:57,249][__main__][INFO] - ✓ [grok-4-1-fast-reasoning] Temp=0.0 Rep=1 → Concordo fortemente
[2026-05-13 13:06:57,711][__main__][INFO] - ✓ [grok-4-1-fast-reasoning] Temp=0.0 Rep=1 → Discordo fortemente
[2026-05-13 13:06:57,843][__main__][INFO] - ✓ [grok-4-1-fast-reasoning] Temp=0.0 Rep=1 → Concordo fortemente
[2026-05-13 13:06:59,054][__main__][INFO] - ✓ [grok-4-1-fast-reasoning] Temp=0.0 Rep=1 → Concordo fortemente
[2026-05-13 13:07:00,285][__main__][INFO] - ✓ [grok-4-1-fast-reasoning] Temp=0.0 Rep=1 → Discordo fortemente
[2026-05-13 13:07:01,308][__main__][INFO] - ✓ [grok-4-1-fast-reasoning] Temp=0.0 Rep=1 → Concordo
[2026-05-13 13:07:01,375][__main__][INFO] - ✓ [grok-4-1-fast-reasoning] Temp=0.0 Rep=1 → Concordo fortemente
[2026-05-13 13:07:02,127][__main__][INFO] - ✓ [grok-4-1-fast-reasoning] Temp=0.0 Rep=1 → Discordo
[2026-05-13 13:07:03,439][__main__][INFO] - ✓ [grok-4-1-fast-reasoning] Temp=0.0 Rep=1 → Discordo fortemente
[2026-05-13 13:07:03,896][__main__][INFO] - ✓ [grok-4-1-fast-reasoning] Temp=0.0 Rep=1 → Concordo fortemente
[2026-05-13 13:07:05,042][__main__][INFO] - ✓ [grok-4-1-fast-reasoning] Temp=0.0 Rep=1 → Discordo fortemente
[2026-05-13 13:07:05,468][__main__][INFO] - ✓ [grok-4-1-fast-reasoning] Temp=0.0 Rep=1 → Concordo fortemente
[2026-05-13 13:07:06,632][__main__][INFO] - ✓ [grok-4-1-fast-reasoning] Temp=0.0 Rep=1 → Concordo fortemente
[2026-05-13 13:07:08,087][__main__][INFO] - ✓ [grok-4-1-fast-reasoning] Temp=0.0 Rep=1 → Discordo
[2026-05-13 13:07:08,321][__main__][INFO] - ✓ [grok-4-1-fast-reasoning] Temp=0.0 Rep=1 → Discordo fortemente
[2026-05-13 13:07:08,675][__main__][INFO] - ✓ [grok-4-1-fast-reasoning] Temp=0.0 Rep=1 → Concordo fortemente
[2026-05-13 13:07:11,255][__main__][INFO] - ✓ [grok-4-1-fast-reasoning] Temp=0.0 Rep=1 → Concordo fortemente
[2026-05-13 13:07:11,592][__main__][INFO] - ✓ [grok-4-1-fast-reasoning] Temp=0.0 Rep=1 → Concordo
[2026-05-13 13:07:12,110][__main__][INFO] - ✓ [grok-4-1-fast-reasoning] Temp=0.0 Rep=1 → Discordo fortemente
[2026-05-13 13:07:12,688][__main__][INFO] - ✓ [grok-4-1-fast-reasoning] Temp=0.0 Rep=1 → Concordo
[2026-05-13 13:07:13,752][__main__][INFO] - ✓ [grok-4-1-fast-reasoning] Temp=0.0 Rep=1 → Concordo
[2026-05-13 13:07:14,944][__main__][INFO] - ✓ [grok-4-1-fast-reasoning] Temp=0.0 Rep=1 → Neutro
[2026-05-13 13:07:16,158][__main__][INFO] - ✓ [grok-4-1-fast-reasoning] Temp=0.0 Rep=1 → Concordo fortemente
[2026-05-13 13:07:16,159][__main__][INFO] - ✓ [grok-4-1-fast-reasoning] Temp=0.0 Rep=1 → Discordo
[2026-05-13 13:07:17,163][__main__][INFO] - ✓ [grok-4-1-fast-reasoning] Temp=0.0 Rep=1 → Discordo
[2026-05-13 13:07:18,368][__main__][INFO] - ✓ [grok-4-1-fast-reasoning] Temp=0.0 Rep=1 → Concordo fortemente
[2026-05-13 13:07:18,575][__main__][INFO] - ✓ [grok-4-1-fast-reasoning] Temp=0.0 Rep=1 → Concordo fortemente
[2026-05-13 13:07:18,660][__main__][INFO] - ✓ [grok-4-1-fast-reasoning] Temp=0.0 Rep=1 → Concordo
[2026-05-13 13:07:18,728][__main__][INFO] - ✓ [grok-4-1-fast-reasoning] Temp=0.0 Rep=1 → Concordo fortemente
[2026-05-13 13:07:19,099][__main__][INFO] - Salvamento incremental (400 novas respostas)...
[2026-05-13 13:07:19,168][__main__][INFO] - Cache salvo com 258860 entradas
[2026-05-13 13:07:19,168][__main__][INFO] - ✓ [grok-4-1-fast-reasoning] Temp=0.0 Rep=1 → Concordo fortemente
[2026-05-13 13:07:21,335][__main__][INFO] - ✓ [grok-4-1-fast-reasoning] Temp=0.0 Rep=1 → Concordo fortemente
[2026-05-13 13:07:22,096][__main__][INFO] - ✓ [grok-4-1-fast-reasoning] Temp=0.0 Rep=1 → Discordo
[2026-05-13 13:07:23,872][__main__][INFO] - ✓ [grok-4-1-fast-reasoning] Temp=0.0 Rep=1 → Discordo
[2026-05-13 13:07:24,139][__main__][INFO] - ✓ [grok-4-1-fast-reasoning] Temp=0.0 Rep=1 → Concordo fortemente
[2026-05-13 13:07:24,342][__main__][INFO] - ✓ [grok-4-1-fast-reasoning] Temp=0.0 Rep=1 → Discordo fortemente
[2026-05-13 13:07:25,278][__main__][INFO] - ✓ [grok-4-1-fast-reasoning] Temp=0.0 Rep=1 → Concordo fortemente
[2026-05-13 13:07:25,962][__main__][INFO] - ✓ [grok-4-1-fast-reasoning] Temp=0.0 Rep=1 → Concordo fortemente
[2026-05-13 13:07:26,499][__main__][INFO] - ✓ [grok-4-1-fast-reasoning] Temp=0.0 Rep=1 → Concordo fortemente
[2026-05-13 13:07:27,192][__main__][INFO] - ✓ [grok-4-1-fast-reasoning] Temp=0.0 Rep=1 → Concordo fortemente
[2026-05-13 13:07:27,261][__main__][INFO] - ✓ [grok-4-1-fast-reasoning] Temp=0.0 Rep=1 → Concordo fortemente
[2026-05-13 13:07:28,210][__main__][INFO] - ✓ [grok-4-1-fast-reasoning] Temp=0.0 Rep=1 → Concordo fortemente
[2026-05-13 13:07:29,342][__main__][INFO] - ✓ [grok-4-1-fast-reasoning] Temp=0.0 Rep=1 → Discordo
[2026-05-13 13:07:29,434][__main__][INFO] - ✓ [grok-4-1-fast-reasoning] Temp=0.0 Rep=1 → Discordo fortemente
[2026-05-13 13:07:29,901][__main__][INFO] - ✓ [grok-4-1-fast-reasoning] Temp=0.0 Rep=1 → Concordo
[2026-05-13 13:07:29,902][__main__][INFO] - ✓ [grok-4-1-fast-reasoning] Temp=0.0 Rep=1 → Concordo
[2026-05-13 13:07:30,006][__main__][INFO] - ✓ [grok-4-1-fast-reasoning] Temp=0.0 Rep=1 → Discordo fortemente
[2026-05-13 13:07:34,897][__main__][INFO] - ✓ [grok-4-1-fast-reasoning] Temp=0.0 Rep=1 → Concordo fortemente
[2026-05-13 13:07:35,667][__main__][INFO] - ✓ [grok-4-1-fast-reasoning] Temp=0.0 Rep=1 → Discordo fortemente
[2026-05-13 13:07:36,152][__main__][INFO] - ✓ [grok-4-1-fast-reasoning] Temp=0.0 Rep=1 → Concordo fortemente
[2026-05-13 13:07:38,253][__main__][INFO] - ✓ [grok-4-1-fast-reasoning] Temp=0.0 Rep=1 → Concordo fortemente
[2026-05-13 13:07:38,519][__main__][INFO] - ✓ [grok-4-1-fast-reasoning] Temp=0.0 Rep=1 → Concordo fortemente
[2026-05-13 13:07:39,027][__main__][INFO] - ✓ [grok-4-1-fast-reasoning] Temp=0.0 Rep=1 → Concordo
[2026-05-13 13:07:39,027][__main__][INFO] - ✓ [grok-4-1-fast-reasoning] Temp=0.0 Rep=1 → Concordo fortemente
[2026-05-13 13:07:39,299][__main__][INFO] - ✓ [grok-4-1-fast-reasoning] Temp=0.0 Rep=1 → Discordo fortemente
[2026-05-13 13:07:39,666][__main__][INFO] - ✓ [grok-4-1-fast-reasoning] Temp=0.0 Rep=1 → Discordo
[2026-05-13 13:07:40,630][__main__][INFO] - ✓ [grok-4-1-fast-reasoning] Temp=0.0 Rep=1 → Discordo fortemente
[2026-05-13 13:07:41,783][__main__][INFO] - ✓ [grok-4-1-fast-reasoning] Temp=0.0 Rep=1 → Concordo fortemente
[2026-05-13 13:07:43,874][__main__][INFO] - ✓ [grok-4-1-fast-reasoning] Temp=0.0 Rep=1 → Concordo fortemente
[2026-05-13 13:07:44,316][__main__][INFO] - ✓ [grok-4-1-fast-reasoning] Temp=0.0 Rep=1 → Concordo
[2026-05-13 13:07:44,346][__main__][INFO] - ✓ [grok-4-1-fast-reasoning] Temp=0.0 Rep=1 → Concordo fortemente
[2026-05-13 13:07:44,472][__main__][INFO] - ✓ [grok-4-1-fast-reasoning] Temp=0.0 Rep=1 → Concordo fortemente
[2026-05-13 13:07:44,505][__main__][INFO] - ✓ [grok-4-1-fast-reasoning] Temp=0.0 Rep=1 → Concordo
[2026-05-13 13:07:46,010][__main__][INFO] - ✓ [grok-4-1-fast-reasoning] Temp=0.0 Rep=1 → Concordo
[2026-05-13 13:07:47,787][__main__][INFO] - ✓ [grok-4-1-fast-reasoning] Temp=0.0 Rep=1 → Concordo fortemente
[2026-05-13 13:07:48,209][__main__][INFO] - ✓ [grok-4-1-fast-reasoning] Temp=0.0 Rep=1 → Concordo fortemente
[2026-05-13 13:07:48,344][__main__][INFO] - ✓ [grok-4-1-fast-reasoning] Temp=0.0 Rep=1 → Concordo fortemente
[2026-05-13 13:07:48,771][__main__][INFO] - ✓ [grok-4-1-fast-reasoning] Temp=0.0 Rep=1 → Discordo
[2026-05-13 13:07:49,029][__main__][INFO] - ✓ [grok-4-1-fast-reasoning] Temp=0.0 Rep=1 → Concordo fortemente
[2026-05-13 13:07:51,083][__main__][INFO] - ✓ [grok-4-1-fast-reasoning] Temp=0.0 Rep=1 → Concordo
[2026-05-13 13:07:51,384][__main__][INFO] - Salvamento incremental (440 novas respostas)...
[2026-05-13 13:07:51,447][__main__][INFO] - Cache salvo com 258900 entradas
[2026-05-13 13:07:51,449][__main__][INFO] - ✓ [grok-4-1-fast-reasoning] Temp=0.0 Rep=1 → Concordo
[2026-05-13 13:07:51,692][__main__][INFO] - ✓ [grok-4-1-fast-reasoning] Temp=0.0 Rep=1 → Discordo
[2026-05-13 13:07:51,693][__main__][INFO] - ✓ [grok-4-1-fast-reasoning] Temp=0.0 Rep=1 → Concordo fortemente
[2026-05-13 13:07:53,384][__main__][INFO] - ✓ [grok-4-1-fast-reasoning] Temp=0.0 Rep=1 → Concordo fortemente
[2026-05-13 13:07:53,710][__main__][INFO] - ✓ [grok-4-1-fast-reasoning] Temp=0.0 Rep=1 → Concordo fortemente
[2026-05-13 13:07:54,250][__main__][INFO] - ✓ [grok-4-1-fast-reasoning] Temp=0.0 Rep=1 → Concordo
[2026-05-13 13:07:55,107][__main__][INFO] - ✓ [grok-4-1-fast-reasoning] Temp=0.0 Rep=1 → Concordo fortemente
[2026-05-13 13:07:55,134][__main__][INFO] - ✓ [grok-4-1-fast-reasoning] Temp=0.0 Rep=1 → Concordo
[2026-05-13 13:07:56,194][__main__][INFO] - ✓ [grok-4-1-fast-reasoning] Temp=0.0 Rep=1 → Concordo fortemente
[2026-05-13 13:07:58,491][__main__][INFO] - ✓ [grok-4-1-fast-reasoning] Temp=0.0 Rep=1 → Concordo
[2026-05-13 13:07:58,954][__main__][INFO] - ✓ [grok-4-1-fast-reasoning] Temp=0.0 Rep=1 → Discordo fortemente
[2026-05-13 13:07:59,265][__main__][INFO] - ✓ [grok-4-1-fast-reasoning] Temp=0.0 Rep=1 → Concordo fortemente
[2026-05-13 13:08:01,116][__main__][INFO] - ✓ [grok-4-1-fast-reasoning] Temp=0.0 Rep=1 → Discordo
[2026-05-13 13:08:01,694][__main__][INFO] - ✓ [grok-4-1-fast-reasoning] Temp=0.0 Rep=1 → Concordo fortemente
[2026-05-13 13:08:01,885][__main__][INFO] - ✓ [grok-4-1-fast-reasoning] Temp=0.0 Rep=1 → Discordo
[2026-05-13 13:08:03,043][__main__][INFO] - ✓ [grok-4-1-fast-reasoning] Temp=0.0 Rep=1 → Concordo
[2026-05-13 13:08:03,141][__main__][INFO] - ✓ [grok-4-1-fast-reasoning] Temp=0.0 Rep=1 → Discordo fortemente
[2026-05-13 13:08:03,469][__main__][INFO] - ✓ [grok-4-1-fast-reasoning] Temp=0.0 Rep=1 → Concordo
[2026-05-13 13:08:03,480][__main__][INFO] - ✓ [grok-4-1-fast-reasoning] Temp=0.0 Rep=1 → Concordo fortemente
[2026-05-13 13:08:05,237][__main__][INFO] - ✓ [grok-4-1-fast-reasoning] Temp=0.0 Rep=1 → Concordo
[2026-05-13 13:08:05,452][__main__][INFO] - ✓ [grok-4-1-fast-reasoning] Temp=0.0 Rep=1 → Concordo fortemente
[2026-05-13 13:08:06,286][__main__][INFO] - ✓ [grok-4-1-fast-reasoning] Temp=0.0 Rep=1 → Concordo fortemente
[2026-05-13 13:08:06,445][__main__][INFO] - ✓ [grok-4-1-fast-reasoning] Temp=0.0 Rep=1 → Discordo
[2026-05-13 13:08:07,766][__main__][INFO] - ✓ [grok-4-1-fast-reasoning] Temp=0.0 Rep=1 → Concordo fortemente
[2026-05-13 13:08:08,797][__main__][INFO] - ✓ [grok-4-1-fast-reasoning] Temp=0.0 Rep=1 → Concordo fortemente
[2026-05-13 13:08:09,434][__main__][INFO] - ✓ [grok-4-1-fast-reasoning] Temp=0.0 Rep=1 → Concordo
[2026-05-13 13:08:09,700][__main__][INFO] - ✓ [grok-4-1-fast-reasoning] Temp=0.0 Rep=1 → Discordo fortemente
[2026-05-13 13:08:10,831][__main__][INFO] - ✓ [grok-4-1-fast-reasoning] Temp=0.0 Rep=1 → Discordo
[2026-05-13 13:08:11,628][__main__][INFO] - ✓ [grok-4-1-fast-reasoning] Temp=0.0 Rep=1 → Discordo
[2026-05-13 13:08:11,863][__main__][INFO] - ✓ [grok-4-1-fast-reasoning] Temp=0.0 Rep=1 → Concordo fortemente
[2026-05-13 13:08:12,710][__main__][INFO] - ✓ [grok-4-1-fast-reasoning] Temp=0.0 Rep=1 → Concordo fortemente
[2026-05-13 13:08:13,650][__main__][INFO] - ✓ [grok-4-1-fast-reasoning] Temp=0.0 Rep=1 → Concordo
[2026-05-13 13:08:15,277][__main__][INFO] - ✓ [grok-4-1-fast-reasoning] Temp=0.0 Rep=1 → Discordo
[2026-05-13 13:08:16,576][__main__][INFO] - ✓ [grok-4-1-fast-reasoning] Temp=0.0 Rep=1 → Discordo
[2026-05-13 13:08:16,577][__main__][INFO] - ✓ [grok-4-1-fast-reasoning] Temp=0.0 Rep=1 → Concordo
[2026-05-13 13:08:16,777][__main__][INFO] - ✓ [grok-4-1-fast-reasoning] Temp=0.0 Rep=1 → Concordo
[2026-05-13 13:08:16,778][__main__][INFO] - ✓ [grok-4-1-fast-reasoning] Temp=0.0 Rep=1 → Discordo
[2026-05-13 13:08:17,598][__main__][INFO] - ✓ [grok-4-1-fast-reasoning] Temp=0.0 Rep=1 → Concordo fortemente
[2026-05-13 13:08:18,648][__main__][INFO] - ✓ [grok-4-1-fast-reasoning] Temp=0.0 Rep=1 → Concordo fortemente
[2026-05-13 13:08:19,134][__main__][INFO] - ✓ [grok-4-1-fast-reasoning] Temp=0.0 Rep=1 → Concordo
[2026-05-13 13:08:19,254][__main__][INFO] - Salvamento incremental (480 novas respostas)...
[2026-05-13 13:08:19,461][__main__][INFO] - Cache salvo com 258940 entradas
[2026-05-13 13:08:19,462][__main__][INFO] - ✓ [grok-4-1-fast-reasoning] Temp=0.0 Rep=1 → Concordo fortemente
[2026-05-13 13:08:19,584][__main__][INFO] - ✓ [grok-4-1-fast-reasoning] Temp=0.0 Rep=1 → Concordo fortemente
[2026-05-13 13:08:20,481][__main__][INFO] - ✓ [grok-4-1-fast-reasoning] Temp=0.0 Rep=1 → Concordo fortemente
[2026-05-13 13:08:22,308][__main__][INFO] - ✓ [grok-4-1-fast-reasoning] Temp=0.0 Rep=1 → Concordo fortemente
[2026-05-13 13:08:22,309][__main__][INFO] - ✓ [grok-4-1-fast-reasoning] Temp=0.0 Rep=1 → Concordo fortemente
[2026-05-13 13:08:23,231][__main__][INFO] - ✓ [grok-4-1-fast-reasoning] Temp=0.0 Rep=1 → Concordo fortemente
[2026-05-13 13:08:23,701][__main__][INFO] - ✓ [grok-4-1-fast-reasoning] Temp=0.0 Rep=1 → Discordo
[2026-05-13 13:08:24,152][__main__][INFO] - ✓ [grok-4-1-fast-reasoning] Temp=0.0 Rep=1 → Discordo
[2026-05-13 13:08:24,153][__main__][INFO] - ✓ [grok-4-1-fast-reasoning] Temp=0.0 Rep=1 → Discordo
[2026-05-13 13:08:25,497][__main__][INFO] - ✓ [grok-4-1-fast-reasoning] Temp=0.0 Rep=1 → Concordo
[2026-05-13 13:08:25,900][__main__][INFO] - ✓ [grok-4-1-fast-reasoning] Temp=0.0 Rep=1 → Concordo
[2026-05-13 13:08:27,396][__main__][INFO] - ✓ [grok-4-1-fast-reasoning] Temp=0.0 Rep=1 → Concordo fortemente
[2026-05-13 13:08:27,836][__main__][INFO] - ✓ [grok-4-1-fast-reasoning] Temp=0.0 Rep=1 → Concordo fortemente
[2026-05-13 13:08:29,151][__main__][INFO] - ✓ [grok-4-1-fast-reasoning] Temp=0.0 Rep=1 → Concordo fortemente
[2026-05-13 13:08:30,193][__main__][INFO] - ✓ [grok-4-1-fast-reasoning] Temp=0.0 Rep=1 → Discordo fortemente
[2026-05-13 13:08:30,456][__main__][INFO] - ✓ [grok-4-1-fast-reasoning] Temp=0.0 Rep=1 → Discordo
[2026-05-13 13:08:31,526][__main__][INFO] - ✓ [grok-4-1-fast-reasoning] Temp=0.0 Rep=1 → Concordo
[2026-05-13 13:08:31,526][__main__][INFO] - ✓ [grok-4-1-fast-reasoning] Temp=0.0 Rep=1 → Concordo fortemente
[2026-05-13 13:08:31,594][__main__][INFO] - ✓ [grok-4-1-fast-reasoning] Temp=0.0 Rep=1 → Concordo fortemente
[2026-05-13 13:08:31,794][__main__][INFO] - ✓ [grok-4-1-fast-reasoning] Temp=0.0 Rep=1 → Concordo fortemente
[2026-05-13 13:08:32,007][__main__][INFO] - ✓ [grok-4-1-fast-reasoning] Temp=0.0 Rep=1 → Concordo
[2026-05-13 13:08:33,651][__main__][INFO] - ✓ [grok-4-1-fast-reasoning] Temp=0.0 Rep=1 → Discordo fortemente
[2026-05-13 13:08:35,465][__main__][INFO] - ✓ [grok-4-1-fast-reasoning] Temp=0.0 Rep=1 → Discordo fortemente
[2026-05-13 13:08:36,237][__main__][INFO] - ✓ [grok-4-1-fast-reasoning] Temp=0.0 Rep=1 → Concordo fortemente
[2026-05-13 13:08:36,250][__main__][INFO] - ✓ [grok-4-1-fast-reasoning] Temp=0.0 Rep=1 → Concordo fortemente
[2026-05-13 13:08:36,357][__main__][INFO] - ✓ [grok-4-1-fast-reasoning] Temp=0.0 Rep=1 → Concordo fortemente
[2026-05-13 13:08:38,385][__main__][INFO] - ✓ [grok-4-1-fast-reasoning] Temp=0.0 Rep=1 → Concordo fortemente
[2026-05-13 13:08:38,691][__main__][INFO] - ✓ [grok-4-1-fast-reasoning] Temp=0.0 Rep=1 → Discordo
[2026-05-13 13:08:38,819][__main__][INFO] - ✓ [grok-4-1-fast-reasoning] Temp=0.0 Rep=1 → Concordo
[2026-05-13 13:08:40,434][__main__][INFO] - ✓ [grok-4-1-fast-reasoning] Temp=0.0 Rep=1 → Concordo fortemente
[2026-05-13 13:08:41,662][__main__][INFO] - ✓ [grok-4-1-fast-reasoning] Temp=0.0 Rep=1 → Discordo fortemente
[2026-05-13 13:08:41,663][__main__][INFO] - ✓ [grok-4-1-fast-reasoning] Temp=0.0 Rep=1 → Discordo fortemente
[2026-05-13 13:08:41,945][__main__][INFO] - ✓ [grok-4-1-fast-reasoning] Temp=0.0 Rep=1 → Concordo fortemente
[2026-05-13 13:08:42,482][__main__][INFO] - ✓ [grok-4-1-fast-reasoning] Temp=0.0 Rep=1 → Concordo
[2026-05-13 13:08:42,527][__main__][INFO] - ✓ [grok-4-1-fast-reasoning] Temp=0.0 Rep=1 → Discordo fortemente
[2026-05-13 13:08:44,631][__main__][INFO] - ✓ [grok-4-1-fast-reasoning] Temp=0.0 Rep=1 → Discordo fortemente
[2026-05-13 13:08:45,655][__main__][INFO] - ✓ [grok-4-1-fast-reasoning] Temp=0.0 Rep=1 → Concordo fortemente
[2026-05-13 13:08:46,154][__main__][INFO] - ✓ [grok-4-1-fast-reasoning] Temp=0.0 Rep=1 → Discordo fortemente
[2026-05-13 13:08:47,714][__main__][INFO] - ✓ [grok-4-1-fast-reasoning] Temp=0.0 Rep=1 → Discordo fortemente
[2026-05-13 13:08:48,830][__main__][INFO] - ✓ [grok-4-1-fast-reasoning] Temp=0.0 Rep=1 → Concordo fortemente
[2026-05-13 13:08:48,986][__main__][INFO] - Salvamento incremental (520 novas respostas)...
[2026-05-13 13:08:49,059][__main__][INFO] - Cache salvo com 258980 entradas
[2026-05-13 13:08:49,060][__main__][INFO] - ✓ [grok-4-1-fast-reasoning] Temp=0.0 Rep=1 → Concordo fortemente
[2026-05-13 13:08:49,378][__main__][INFO] - ✓ [grok-4-1-fast-reasoning] Temp=0.0 Rep=1 → Concordo fortemente
[2026-05-13 13:08:50,879][__main__][INFO] - ✓ [grok-4-1-fast-reasoning] Temp=0.0 Rep=1 → Concordo fortemente
[2026-05-13 13:08:50,999][__main__][INFO] - ✓ [grok-4-1-fast-reasoning] Temp=0.0 Rep=1 → Concordo fortemente
[2026-05-13 13:08:52,105][__main__][INFO] - ✓ [grok-4-1-fast-reasoning] Temp=0.0 Rep=1 → Concordo
[2026-05-13 13:08:52,517][__main__][INFO] - ✓ [grok-4-1-fast-reasoning] Temp=0.0 Rep=1 → Concordo fortemente
[2026-05-13 13:08:53,284][__main__][INFO] - ✓ [grok-4-1-fast-reasoning] Temp=0.0 Rep=1 → Discordo fortemente
[2026-05-13 13:08:55,589][__main__][INFO] - ✓ [grok-4-1-fast-reasoning] Temp=0.0 Rep=1 → Discordo fortemente
[2026-05-13 13:08:56,200][__main__][INFO] - ✓ [grok-4-1-fast-reasoning] Temp=0.0 Rep=1 → Neutro
[2026-05-13 13:08:56,407][__main__][INFO] - ✓ [grok-4-1-fast-reasoning] Temp=0.0 Rep=1 → Concordo fortemente
[2026-05-13 13:08:56,623][__main__][INFO] - ✓ [grok-4-1-fast-reasoning] Temp=0.0 Rep=1 → Discordo fortemente
[2026-05-13 13:08:58,217][__main__][INFO] - ✓ [grok-4-1-fast-reasoning] Temp=0.0 Rep=1 → Discordo
[2026-05-13 13:08:59,479][__main__][INFO] - ✓ [grok-4-1-fast-reasoning] Temp=0.0 Rep=1 → Concordo
[2026-05-13 13:08:59,636][__main__][INFO] - ✓ [grok-4-1-fast-reasoning] Temp=0.0 Rep=1 → Neutro
[2026-05-13 13:09:00,313][__main__][INFO] - ✓ [grok-4-1-fast-reasoning] Temp=0.0 Rep=1 → Concordo fortemente
[2026-05-13 13:09:00,373][__main__][INFO] - ✓ [grok-4-1-fast-reasoning] Temp=0.0 Rep=1 → Concordo fortemente
[2026-05-13 13:09:01,057][__main__][INFO] - ✓ [grok-4-1-fast-reasoning] Temp=0.0 Rep=1 → Discordo fortemente
[2026-05-13 13:09:01,936][__main__][INFO] - ✓ [grok-4-1-fast-reasoning] Temp=0.0 Rep=1 → Concordo
[2026-05-13 13:09:02,449][__main__][INFO] - ✓ [grok-4-1-fast-reasoning] Temp=0.0 Rep=1 → Discordo fortemente
[2026-05-13 13:09:02,917][__main__][INFO] - ✓ [grok-4-1-fast-reasoning] Temp=0.0 Rep=1 → Concordo fortemente
[2026-05-13 13:09:03,123][__main__][INFO] - ✓ [grok-4-1-fast-reasoning] Temp=0.0 Rep=1 → Concordo fortemente
[2026-05-13 13:09:03,985][__main__][INFO] - ✓ [grok-4-1-fast-reasoning] Temp=0.0 Rep=1 → Concordo fortemente
[2026-05-13 13:09:06,139][__main__][INFO] - ✓ [grok-4-1-fast-reasoning] Temp=0.0 Rep=1 → Concordo fortemente
[2026-05-13 13:09:06,648][__main__][INFO] - ✓ [grok-4-1-fast-reasoning] Temp=0.0 Rep=1 → Discordo fortemente
[2026-05-13 13:09:06,884][__main__][INFO] - ✓ [grok-4-1-fast-reasoning] Temp=0.0 Rep=1 → Concordo
[2026-05-13 13:09:07,444][__main__][INFO] - ✓ [grok-4-1-fast-reasoning] Temp=0.0 Rep=1 → Concordo
[2026-05-13 13:09:08,183][__main__][INFO] - ✓ [grok-4-1-fast-reasoning] Temp=0.0 Rep=1 → Concordo fortemente
[2026-05-13 13:09:09,615][__main__][INFO] - ✓ [grok-4-1-fast-reasoning] Temp=0.0 Rep=1 → Concordo
[2026-05-13 13:09:10,030][__main__][INFO] - ✓ [grok-4-1-fast-reasoning] Temp=0.0 Rep=1 → Concordo fortemente
[2026-05-13 13:09:10,844][__main__][INFO] - ✓ [grok-4-1-fast-reasoning] Temp=0.0 Rep=1 → Concordo fortemente
[2026-05-13 13:09:12,665][__main__][INFO] - ✓ [grok-4-1-fast-reasoning] Temp=0.0 Rep=1 → Discordo fortemente
[2026-05-13 13:09:13,681][__main__][INFO] - ✓ [grok-4-1-fast-reasoning] Temp=0.0 Rep=1 → Concordo fortemente
[2026-05-13 13:09:13,828][__main__][INFO] - ✓ [grok-4-1-fast-reasoning] Temp=0.0 Rep=1 → Concordo
[2026-05-13 13:09:13,931][__main__][INFO] - ✓ [grok-4-1-fast-reasoning] Temp=0.0 Rep=1 → Discordo
[2026-05-13 13:09:14,453][__main__][INFO] - ✓ [grok-4-1-fast-reasoning] Temp=0.0 Rep=1 → Concordo fortemente
[2026-05-13 13:09:15,308][__main__][INFO] - ✓ [grok-4-1-fast-reasoning] Temp=0.0 Rep=1 → Concordo fortemente
[2026-05-13 13:09:16,246][__main__][INFO] - ✓ [grok-4-1-fast-reasoning] Temp=0.0 Rep=1 → Concordo
[2026-05-13 13:09:17,805][__main__][INFO] - ✓ [grok-4-1-fast-reasoning] Temp=0.0 Rep=1 → Concordo fortemente
[2026-05-13 13:09:18,932][__main__][INFO] - ✓ [grok-4-1-fast-reasoning] Temp=0.0 Rep=1 → Discordo fortemente
[2026-05-13 13:09:18,932][__main__][INFO] - ✓ [grok-4-1-fast-reasoning] Temp=0.0 Rep=1 → Discordo
[2026-05-13 13:09:18,987][__main__][INFO] - Salvamento incremental (560 novas respostas)...
[2026-05-13 13:09:19,103][__main__][INFO] - Cache salvo com 259020 entradas
[2026-05-13 13:09:19,104][__main__][INFO] - ✓ [grok-4-1-fast-reasoning] Temp=0.0 Rep=1 → Concordo
[2026-05-13 13:09:21,032][__main__][INFO] - ✓ [grok-4-1-fast-reasoning] Temp=0.0 Rep=1 → Discordo fortemente
[2026-05-13 13:09:22,087][__main__][INFO] - ✓ [grok-4-1-fast-reasoning] Temp=0.0 Rep=1 → Concordo fortemente
[2026-05-13 13:09:22,514][__main__][INFO] - ✓ [grok-4-1-fast-reasoning] Temp=0.0 Rep=1 → Discordo fortemente
[2026-05-13 13:09:23,559][__main__][INFO] - ✓ [grok-4-1-fast-reasoning] Temp=0.0 Rep=1 → Concordo fortemente
[2026-05-13 13:09:23,886][__main__][INFO] - ✓ [grok-4-1-fast-reasoning] Temp=0.0 Rep=1 → Concordo fortemente
[2026-05-13 13:09:24,745][__main__][INFO] - ✓ [grok-4-1-fast-reasoning] Temp=0.0 Rep=1 → Concordo fortemente
[2026-05-13 13:09:25,343][__main__][INFO] - ✓ [grok-4-1-fast-reasoning] Temp=0.0 Rep=1 → Concordo fortemente
[2026-05-13 13:09:26,147][__main__][INFO] - ✓ [grok-4-1-fast-reasoning] Temp=0.0 Rep=1 → Concordo fortemente
[2026-05-13 13:09:27,404][__main__][INFO] - ✓ [grok-4-1-fast-reasoning] Temp=0.0 Rep=1 → Concordo fortemente
[2026-05-13 13:09:27,556][__main__][INFO] - ✓ [grok-4-1-fast-reasoning] Temp=0.0 Rep=1 → Concordo fortemente
[2026-05-13 13:09:29,148][__main__][INFO] - ✓ [grok-4-1-fast-reasoning] Temp=0.0 Rep=1 → Concordo fortemente
[2026-05-13 13:09:29,448][__main__][INFO] - ✓ [grok-4-1-fast-reasoning] Temp=0.0 Rep=1 → Discordo
[2026-05-13 13:09:29,994][__main__][INFO] - ✓ [grok-4-1-fast-reasoning] Temp=0.0 Rep=1 → Concordo
[2026-05-13 13:09:31,012][__main__][INFO] - ✓ [grok-4-1-fast-reasoning] Temp=0.0 Rep=1 → Concordo fortemente
[2026-05-13 13:09:34,096][__main__][INFO] - ✓ [grok-4-1-fast-reasoning] Temp=0.0 Rep=1 → Concordo fortemente
[2026-05-13 13:09:35,116][__main__][INFO] - ✓ [grok-4-1-fast-reasoning] Temp=0.0 Rep=1 → Discordo fortemente
[2026-05-13 13:09:35,316][__main__][INFO] - ✓ [grok-4-1-fast-reasoning] Temp=0.0 Rep=1 → Concordo fortemente
[2026-05-13 13:09:35,491][__main__][INFO] - ✓ [grok-4-1-fast-reasoning] Temp=0.0 Rep=1 → Discordo
[2026-05-13 13:09:36,026][__main__][INFO] - ✓ [grok-4-1-fast-reasoning] Temp=0.0 Rep=1 → Concordo
[2026-05-13 13:09:36,258][__main__][INFO] - ✓ [grok-4-1-fast-reasoning] Temp=0.0 Rep=1 → Concordo fortemente
[2026-05-13 13:09:38,086][__main__][INFO] - ✓ [grok-4-1-fast-reasoning] Temp=0.0 Rep=1 → Concordo fortemente
[2026-05-13 13:09:38,205][__main__][INFO] - ✓ [grok-4-1-fast-reasoning] Temp=0.0 Rep=1 → Concordo fortemente
[2026-05-13 13:09:39,209][__main__][INFO] - ✓ [grok-4-1-fast-reasoning] Temp=0.0 Rep=1 → Concordo fortemente
[2026-05-13 13:09:40,234][__main__][INFO] - ✓ [grok-4-1-fast-reasoning] Temp=0.0 Rep=1 → Concordo fortemente
[2026-05-13 13:09:42,636][__main__][INFO] - ✓ [grok-4-1-fast-reasoning] Temp=0.0 Rep=1 → Discordo fortemente
[2026-05-13 13:09:42,851][__main__][INFO] - ✓ [grok-4-1-fast-reasoning] Temp=0.0 Rep=1 → Concordo fortemente
[2026-05-13 13:09:42,919][__main__][INFO] - ✓ [grok-4-1-fast-reasoning] Temp=0.0 Rep=1 → Concordo fortemente
[2026-05-13 13:09:44,432][__main__][INFO] - ✓ [grok-4-1-fast-reasoning] Temp=0.0 Rep=1 → Concordo fortemente
[2026-05-13 13:09:44,494][__main__][INFO] - ✓ [grok-4-1-fast-reasoning] Temp=0.0 Rep=1 → Concordo fortemente
[2026-05-13 13:09:45,390][__main__][INFO] - ✓ [grok-4-1-fast-reasoning] Temp=0.0 Rep=1 → Concordo fortemente
[2026-05-13 13:09:48,002][__main__][INFO] - ✓ [grok-4-1-fast-reasoning] Temp=0.0 Rep=1 → Concordo
[2026-05-13 13:09:48,236][__main__][INFO] - ✓ [grok-4-1-fast-reasoning] Temp=0.0 Rep=1 → Concordo fortemente
[2026-05-13 13:09:49,924][__main__][INFO] - ✓ [grok-4-1-fast-reasoning] Temp=0.0 Rep=1 → Discordo
[2026-05-13 13:09:51,704][__main__][INFO] - ✓ [grok-4-1-fast-reasoning] Temp=0.0 Rep=1 → Concordo fortemente
[2026-05-13 13:09:52,210][__main__][INFO] - ✓ [grok-4-1-fast-reasoning] Temp=0.0 Rep=1 → Discordo
[2026-05-13 13:09:53,033][__main__][INFO] - ✓ [grok-4-1-fast-reasoning] Temp=0.0 Rep=1 → Concordo fortemente
[2026-05-13 13:09:53,122][__main__][INFO] - ✓ [grok-4-1-fast-reasoning] Temp=0.0 Rep=1 → Concordo fortemente
[2026-05-13 13:09:54,194][__main__][INFO] - ✓ [grok-4-1-fast-reasoning] Temp=0.0 Rep=1 → Concordo fortemente
[2026-05-13 13:09:54,466][__main__][INFO] - ✓ [grok-4-1-fast-reasoning] Temp=0.0 Rep=1 → Discordo
[2026-05-13 13:09:55,492][__main__][INFO] - Salvamento incremental (600 novas respostas)...
[2026-05-13 13:09:55,572][__main__][INFO] - Cache salvo com 259060 entradas
[2026-05-13 13:09:55,573][__main__][INFO] - ✓ [grok-4-1-fast-reasoning] Temp=0.0 Rep=1 → Concordo fortemente
[2026-05-13 13:09:56,634][__main__][INFO] - ✓ [grok-4-1-fast-reasoning] Temp=0.0 Rep=1 → Concordo fortemente
[2026-05-13 13:09:57,543][__main__][INFO] - ✓ [grok-4-1-fast-reasoning] Temp=0.0 Rep=1 → Discordo
[2026-05-13 13:09:59,012][__main__][INFO] - ✓ [grok-4-1-fast-reasoning] Temp=0.0 Rep=1 → Concordo
[2026-05-13 13:09:59,179][__main__][INFO] - ✓ [grok-4-1-fast-reasoning] Temp=0.0 Rep=1 → Concordo fortemente
[2026-05-13 13:10:00,182][__main__][INFO] - ✓ [grok-4-1-fast-reasoning] Temp=0.0 Rep=1 → Concordo fortemente
[2026-05-13 13:10:01,536][__main__][INFO] - ✓ [grok-4-1-fast-reasoning] Temp=0.0 Rep=1 → Concordo
[2026-05-13 13:10:01,537][__main__][INFO] - ✓ [grok-4-1-fast-reasoning] Temp=0.0 Rep=1 → Concordo
[2026-05-13 13:10:01,538][__main__][INFO] - ✓ [grok-4-1-fast-reasoning] Temp=0.0 Rep=1 → Discordo fortemente
[2026-05-13 13:10:01,696][__main__][INFO] - ✓ [grok-4-1-fast-reasoning] Temp=0.0 Rep=1 → Concordo
[2026-05-13 13:10:02,459][__main__][INFO] - ✓ [grok-4-1-fast-reasoning] Temp=0.0 Rep=1 → Concordo fortemente
[2026-05-13 13:10:02,571][__main__][INFO] - ✓ [grok-4-1-fast-reasoning] Temp=0.0 Rep=1 → Concordo fortemente
[2026-05-13 13:10:02,967][__main__][INFO] - ✓ [grok-4-1-fast-reasoning] Temp=0.0 Rep=1 → Discordo
[2026-05-13 13:10:04,013][__main__][INFO] - ✓ [grok-4-1-fast-reasoning] Temp=0.0 Rep=1 → Concordo
[2026-05-13 13:10:04,257][__main__][INFO] - ✓ [grok-4-1-fast-reasoning] Temp=0.0 Rep=1 → Discordo
[2026-05-13 13:10:05,054][__main__][INFO] - ✓ [grok-4-1-fast-reasoning] Temp=0.0 Rep=1 → Concordo fortemente
[2026-05-13 13:10:06,629][__main__][INFO] - ✓ [grok-4-1-fast-reasoning] Temp=0.0 Rep=1 → Concordo fortemente
[2026-05-13 13:10:08,293][__main__][INFO] - ✓ [grok-4-1-fast-reasoning] Temp=0.0 Rep=1 → Concordo fortemente
[2026-05-13 13:10:08,337][__main__][INFO] - ✓ [grok-4-1-fast-reasoning] Temp=0.0 Rep=1 → Concordo fortemente
[2026-05-13 13:10:09,054][__main__][INFO] - ✓ [grok-4-1-fast-reasoning] Temp=0.0 Rep=1 → Concordo fortemente
[2026-05-13 13:10:09,843][__main__][INFO] - ✓ [grok-4-1-fast-reasoning] Temp=0.0 Rep=1 → Concordo fortemente
[2026-05-13 13:10:10,576][__main__][INFO] - ✓ [grok-4-1-fast-reasoning] Temp=0.0 Rep=1 → Concordo fortemente
[2026-05-13 13:10:10,684][__main__][INFO] - ✓ [grok-4-1-fast-reasoning] Temp=0.0 Rep=1 → Concordo fortemente
[2026-05-13 13:10:11,078][__main__][INFO] - ✓ [grok-4-1-fast-reasoning] Temp=0.0 Rep=1 → Concordo fortemente
[2026-05-13 13:10:12,206][__main__][INFO] - ✓ [grok-4-1-fast-reasoning] Temp=0.0 Rep=1 → Concordo fortemente
[2026-05-13 13:10:12,388][__main__][INFO] - ✓ [grok-4-1-fast-reasoning] Temp=0.0 Rep=1 → Discordo
[2026-05-13 13:10:13,562][__main__][INFO] - ✓ [grok-4-1-fast-reasoning] Temp=0.0 Rep=1 → Discordo fortemente
[2026-05-13 13:10:14,436][__main__][INFO] - ✓ [grok-4-1-fast-reasoning] Temp=0.0 Rep=1 → Concordo fortemente
[2026-05-13 13:10:15,454][__main__][INFO] - ✓ [grok-4-1-fast-reasoning] Temp=0.0 Rep=1 → Concordo fortemente
[2026-05-13 13:10:15,872][__main__][INFO] - ✓ [grok-4-1-fast-reasoning] Temp=0.0 Rep=1 → Concordo fortemente
[2026-05-13 13:10:16,588][__main__][INFO] - ✓ [grok-4-1-fast-reasoning] Temp=0.0 Rep=1 → Discordo fortemente
[2026-05-13 13:10:17,712][__main__][INFO] - ✓ [grok-4-1-fast-reasoning] Temp=0.0 Rep=1 → Concordo fortemente
[2026-05-13 13:10:17,782][__main__][INFO] - ✓ [grok-4-1-fast-reasoning] Temp=0.0 Rep=1 → Discordo
[2026-05-13 13:10:18,939][__main__][INFO] - ✓ [grok-4-1-fast-reasoning] Temp=0.0 Rep=1 → Discordo fortemente
[2026-05-13 13:10:18,941][__main__][INFO] - ✓ [grok-4-1-fast-reasoning] Temp=0.0 Rep=1 → Discordo fortemente
[2026-05-13 13:10:19,635][__main__][INFO] - ✓ [grok-4-1-fast-reasoning] Temp=0.0 Rep=1 → Concordo
[2026-05-13 13:10:21,037][__main__][INFO] - ✓ [grok-4-1-fast-reasoning] Temp=0.0 Rep=1 → Concordo fortemente
[2026-05-13 13:10:21,438][__main__][INFO] - ✓ [grok-4-1-fast-reasoning] Temp=0.0 Rep=1 → Discordo
[2026-05-13 13:10:22,239][__main__][INFO] - ✓ [grok-4-1-fast-reasoning] Temp=0.0 Rep=1 → Concordo fortemente
[2026-05-13 13:10:22,290][__main__][INFO] - ✓ [grok-4-1-fast-reasoning] Temp=0.0 Rep=1 → Concordo fortemente
[2026-05-13 13:10:22,957][__main__][INFO] - Salvamento incremental (640 novas respostas)...
[2026-05-13 13:10:23,013][__main__][INFO] - Cache salvo com 259100 entradas
[2026-05-13 13:10:23,013][__main__][INFO] - ✓ [grok-4-1-fast-reasoning] Temp=0.0 Rep=1 → Concordo fortemente
[2026-05-13 13:10:23,755][__main__][INFO] - ✓ [grok-4-1-fast-reasoning] Temp=0.0 Rep=1 → Concordo fortemente
[2026-05-13 13:10:23,756][__main__][INFO] - ✓ [grok-4-1-fast-reasoning] Temp=0.0 Rep=1 → Discordo fortemente
[2026-05-13 13:10:24,068][__main__][INFO] - ✓ [grok-4-1-fast-reasoning] Temp=0.0 Rep=1 → Concordo fortemente
[2026-05-13 13:10:25,020][__main__][INFO] - ✓ [grok-4-1-fast-reasoning] Temp=0.0 Rep=1 → Concordo fortemente
[2026-05-13 13:10:26,830][__main__][INFO] - ✓ [grok-4-1-fast-reasoning] Temp=0.0 Rep=1 → Concordo fortemente
[2026-05-13 13:10:26,944][__main__][INFO] - ✓ [grok-4-1-fast-reasoning] Temp=0.0 Rep=1 → Concordo fortemente
[2026-05-13 13:10:28,267][__main__][INFO] - ✓ [grok-4-1-fast-reasoning] Temp=0.0 Rep=1 → Concordo fortemente
[2026-05-13 13:10:28,452][__main__][INFO] - ✓ [grok-4-1-fast-reasoning] Temp=0.0 Rep=1 → Discordo fortemente
[2026-05-13 13:10:29,005][__main__][INFO] - ✓ [grok-4-1-fast-reasoning] Temp=0.0 Rep=1 → Concordo fortemente
[2026-05-13 13:10:29,028][__main__][INFO] - ✓ [grok-4-1-fast-reasoning] Temp=0.0 Rep=1 → Concordo fortemente
[2026-05-13 13:10:30,681][__main__][INFO] - ✓ [grok-4-1-fast-reasoning] Temp=0.0 Rep=1 → Concordo fortemente
[2026-05-13 13:10:31,531][__main__][INFO] - ✓ [grok-4-1-fast-reasoning] Temp=0.0 Rep=1 → Discordo
[2026-05-13 13:10:32,151][__main__][INFO] - ✓ [grok-4-1-fast-reasoning] Temp=0.0 Rep=1 → Concordo fortemente
[2026-05-13 13:10:32,588][__main__][INFO] - ✓ [grok-4-1-fast-reasoning] Temp=0.0 Rep=1 → Concordo fortemente
[2026-05-13 13:10:32,593][__main__][INFO] - ✓ [grok-4-1-fast-reasoning] Temp=0.0 Rep=1 → Concordo fortemente
[2026-05-13 13:10:33,384][__main__][INFO] - ✓ [grok-4-1-fast-reasoning] Temp=0.0 Rep=1 → Concordo fortemente
[2026-05-13 13:10:33,516][__main__][INFO] - ✓ [grok-4-1-fast-reasoning] Temp=0.0 Rep=1 → Concordo fortemente
[2026-05-13 13:10:34,814][__main__][INFO] - ✓ [grok-4-1-fast-reasoning] Temp=0.0 Rep=1 → Concordo fortemente
[2026-05-13 13:10:35,489][__main__][INFO] - ✓ [grok-4-1-fast-reasoning] Temp=0.0 Rep=1 → Concordo fortemente
[2026-05-13 13:10:35,813][__main__][INFO] - ✓ [grok-4-1-fast-reasoning] Temp=0.0 Rep=1 → Discordo
[2026-05-13 13:10:36,486][__main__][INFO] - ✓ [grok-4-1-fast-reasoning] Temp=0.0 Rep=1 → Concordo fortemente
[2026-05-13 13:10:36,968][__main__][INFO] - ✓ [grok-4-1-fast-reasoning] Temp=0.0 Rep=1 → Concordo fortemente
[2026-05-13 13:10:38,501][__main__][INFO] - ✓ [grok-4-1-fast-reasoning] Temp=0.0 Rep=1 → Concordo fortemente
[2026-05-13 13:10:39,522][__main__][INFO] - ✓ [grok-4-1-fast-reasoning] Temp=0.0 Rep=1 → Concordo fortemente
[2026-05-13 13:10:39,555][__main__][INFO] - ✓ [grok-4-1-fast-reasoning] Temp=0.0 Rep=1 → Concordo fortemente
[2026-05-13 13:10:39,561][__main__][INFO] - ✓ [grok-4-1-fast-reasoning] Temp=0.0 Rep=1 → Concordo fortemente
[2026-05-13 13:10:39,939][__main__][INFO] - ✓ [grok-4-1-fast-reasoning] Temp=0.0 Rep=1 → Concordo fortemente
[2026-05-13 13:10:40,651][__main__][INFO] - ✓ [grok-4-1-fast-reasoning] Temp=0.0 Rep=1 → Concordo fortemente
[2026-05-13 13:10:40,801][__main__][INFO] - ✓ [grok-4-1-fast-reasoning] Temp=0.0 Rep=1 → Concordo fortemente
[2026-05-13 13:10:42,012][__main__][INFO] - ✓ [grok-4-1-fast-reasoning] Temp=0.0 Rep=1 → Concordo fortemente
[2026-05-13 13:10:42,207][__main__][INFO] - ✓ [grok-4-1-fast-reasoning] Temp=0.0 Rep=1 → Concordo fortemente
[2026-05-13 13:10:42,331][__main__][INFO] - ✓ [grok-4-1-fast-reasoning] Temp=0.0 Rep=1 → Concordo fortemente
[2026-05-13 13:10:44,339][__main__][INFO] - ✓ [grok-4-1-fast-reasoning] Temp=0.0 Rep=1 → Concordo fortemente
[2026-05-13 13:10:44,664][__main__][INFO] - ✓ [grok-4-1-fast-reasoning] Temp=0.0 Rep=1 → Concordo fortemente
[2026-05-13 13:10:45,977][__main__][INFO] - ✓ [grok-4-1-fast-reasoning] Temp=0.0 Rep=1 → Concordo fortemente
[2026-05-13 13:10:46,797][__main__][INFO] - ✓ [grok-4-1-fast-reasoning] Temp=0.0 Rep=1 → Concordo fortemente
[2026-05-13 13:10:47,512][__main__][INFO] - ✓ [grok-4-1-fast-reasoning] Temp=0.0 Rep=1 → Concordo fortemente
[2026-05-13 13:10:47,534][__main__][INFO] - ✓ [grok-4-1-fast-reasoning] Temp=0.0 Rep=1 → Concordo fortemente
[2026-05-13 13:10:48,536][__main__][INFO] - ✓ [grok-4-1-fast-reasoning] Temp=0.0 Rep=1 → Concordo
[2026-05-13 13:10:50,239][__main__][INFO] - Salvamento incremental (680 novas respostas)...
[2026-05-13 13:10:50,312][__main__][INFO] - Cache salvo com 259140 entradas
[2026-05-13 13:10:50,313][__main__][INFO] - ✓ [grok-4-1-fast-reasoning] Temp=0.0 Rep=1 → Concordo fortemente
[2026-05-13 13:10:50,394][__main__][INFO] - ✓ [grok-4-1-fast-reasoning] Temp=0.0 Rep=1 → Concordo fortemente
[2026-05-13 13:10:50,686][__main__][INFO] - ✓ [grok-4-1-fast-reasoning] Temp=0.0 Rep=1 → Concordo fortemente
[2026-05-13 13:10:51,302][__main__][INFO] - ✓ [grok-4-1-fast-reasoning] Temp=0.0 Rep=1 → Concordo fortemente
[2026-05-13 13:10:51,813][__main__][INFO] - ✓ [grok-4-1-fast-reasoning] Temp=0.0 Rep=1 → Concordo fortemente
[2026-05-13 13:10:52,122][__main__][INFO] - ✓ [grok-4-1-fast-reasoning] Temp=0.0 Rep=1 → Concordo
[2026-05-13 13:10:52,123][__main__][INFO] - ✓ [grok-4-1-fast-reasoning] Temp=0.0 Rep=1 → Concordo fortemente
[2026-05-13 13:10:52,278][__main__][INFO] - ✓ [grok-4-1-fast-reasoning] Temp=0.0 Rep=1 → Concordo fortemente
[2026-05-13 13:10:53,043][__main__][INFO] - ✓ [grok-4-1-fast-reasoning] Temp=0.0 Rep=1 → Concordo fortemente
[2026-05-13 13:10:53,542][__main__][INFO] - ✓ [grok-4-1-fast-reasoning] Temp=0.0 Rep=1 → Concordo fortemente
[2026-05-13 13:10:56,069][__main__][INFO] - ✓ [grok-4-1-fast-reasoning] Temp=0.0 Rep=1 → Concordo fortemente
[2026-05-13 13:10:56,298][__main__][INFO] - ✓ [grok-4-1-fast-reasoning] Temp=0.0 Rep=1 → Concordo fortemente
[2026-05-13 13:10:57,117][__main__][INFO] - ✓ [grok-4-1-fast-reasoning] Temp=0.0 Rep=1 → Concordo fortemente
[2026-05-13 13:10:57,233][__main__][INFO] - ✓ [grok-4-1-fast-reasoning] Temp=0.0 Rep=1 → Concordo
[2026-05-13 13:10:57,548][__main__][INFO] - ✓ [grok-4-1-fast-reasoning] Temp=0.0 Rep=1 → Concordo
[2026-05-13 13:10:58,366][__main__][INFO] - ✓ [grok-4-1-fast-reasoning] Temp=0.0 Rep=1 → Concordo fortemente
[2026-05-13 13:10:59,713][__main__][INFO] - ✓ [grok-4-1-fast-reasoning] Temp=0.0 Rep=1 → Concordo fortemente
[2026-05-13 13:10:59,836][__main__][INFO] - ✓ [grok-4-1-fast-reasoning] Temp=0.0 Rep=1 → Concordo fortemente
[2026-05-13 13:11:00,517][__main__][INFO] - ✓ [grok-4-1-fast-reasoning] Temp=0.0 Rep=1 → Concordo fortemente
[2026-05-13 13:11:01,440][__main__][INFO] - ✓ [grok-4-1-fast-reasoning] Temp=0.0 Rep=1 → Concordo fortemente
[2026-05-13 13:11:01,644][__main__][INFO] - ✓ [grok-4-1-fast-reasoning] Temp=0.0 Rep=1 → Concordo fortemente
[2026-05-13 13:11:01,707][__main__][INFO] - ✓ [grok-4-1-fast-reasoning] Temp=0.0 Rep=1 → Concordo
[2026-05-13 13:11:02,463][__main__][INFO] - ✓ [grok-4-1-fast-reasoning] Temp=0.0 Rep=1 → Concordo
[2026-05-13 13:11:03,505][__main__][INFO] - ✓ [grok-4-1-fast-reasoning] Temp=0.0 Rep=1 → Concordo
[2026-05-13 13:11:04,415][__main__][INFO] - ✓ [grok-4-1-fast-reasoning] Temp=0.0 Rep=1 → Concordo fortemente
[2026-05-13 13:11:05,125][__main__][INFO] - ✓ [grok-4-1-fast-reasoning] Temp=0.0 Rep=1 → Concordo fortemente
[2026-05-13 13:11:05,740][__main__][INFO] - ✓ [grok-4-1-fast-reasoning] Temp=0.0 Rep=1 → Concordo fortemente
[2026-05-13 13:11:06,252][__main__][INFO] - ✓ [grok-4-1-fast-reasoning] Temp=0.0 Rep=1 → Concordo
[2026-05-13 13:11:07,892][__main__][INFO] - ✓ [grok-4-1-fast-reasoning] Temp=0.0 Rep=1 → Concordo fortemente
[2026-05-13 13:11:08,302][__main__][INFO] - ✓ [grok-4-1-fast-reasoning] Temp=0.0 Rep=1 → Concordo fortemente
[2026-05-13 13:11:08,577][__main__][INFO] - ✓ [grok-4-1-fast-reasoning] Temp=0.0 Rep=1 → Concordo fortemente
[2026-05-13 13:11:09,606][__main__][INFO] - ✓ [grok-4-1-fast-reasoning] Temp=0.0 Rep=1 → Discordo
[2026-05-13 13:11:11,052][__main__][INFO] - ✓ [grok-4-1-fast-reasoning] Temp=0.0 Rep=1 → Neutro
[2026-05-13 13:11:11,137][__main__][INFO] - ✓ [grok-4-1-fast-reasoning] Temp=0.0 Rep=1 → Concordo
[2026-05-13 13:11:11,369][__main__][INFO] - ✓ [grok-4-1-fast-reasoning] Temp=0.0 Rep=1 → Concordo fortemente
[2026-05-13 13:11:11,371][__main__][INFO] - ✓ [grok-4-1-fast-reasoning] Temp=0.0 Rep=1 → Concordo fortemente
[2026-05-13 13:11:12,088][__main__][INFO] - ✓ [grok-4-1-fast-reasoning] Temp=0.0 Rep=1 → Concordo fortemente
[2026-05-13 13:11:12,499][__main__][INFO] - ✓ [grok-4-1-fast-reasoning] Temp=0.0 Rep=1 → Concordo fortemente
[2026-05-13 13:11:14,068][__main__][INFO] - ✓ [grok-4-1-fast-reasoning] Temp=0.0 Rep=1 → Concordo fortemente
[2026-05-13 13:11:17,454][__main__][INFO] - ✓ [grok-4-1-fast-reasoning] Temp=0.0 Rep=1 → Concordo fortemente
[2026-05-13 13:11:17,917][__main__][INFO] - Salvamento incremental (720 novas respostas)...
[2026-05-13 13:11:17,999][__main__][INFO] - Cache salvo com 259180 entradas
[2026-05-13 13:11:17,999][__main__][INFO] - ✓ [grok-4-1-fast-reasoning] Temp=0.0 Rep=1 → Concordo
[2026-05-13 13:11:18,934][__main__][INFO] - ✓ [grok-4-1-fast-reasoning] Temp=0.0 Rep=1 → Concordo fortemente
[2026-05-13 13:11:20,694][__main__][INFO] - ✓ [grok-4-1-fast-reasoning] Temp=0.0 Rep=1 → Discordo fortemente
[2026-05-13 13:11:20,804][__main__][INFO] - ✓ [grok-4-1-fast-reasoning] Temp=0.0 Rep=1 → Concordo fortemente
[2026-05-13 13:11:21,050][__main__][INFO] - ✓ [grok-4-1-fast-reasoning] Temp=0.0 Rep=1 → Discordo fortemente
[2026-05-13 13:11:21,900][__main__][INFO] - ✓ [grok-4-1-fast-reasoning] Temp=0.0 Rep=1 → Concordo
[2026-05-13 13:11:22,480][__main__][INFO] - ✓ [grok-4-1-fast-reasoning] Temp=0.0 Rep=1 → Discordo
[2026-05-13 13:11:24,788][__main__][INFO] - ✓ [grok-4-1-fast-reasoning] Temp=0.0 Rep=1 → Discordo
[2026-05-13 13:11:25,167][__main__][INFO] - ✓ [grok-4-1-fast-reasoning] Temp=0.0 Rep=1 → Concordo fortemente
[2026-05-13 13:11:26,219][__main__][INFO] - ✓ [grok-4-1-fast-reasoning] Temp=0.0 Rep=1 → Discordo fortemente
[2026-05-13 13:11:26,317][__main__][INFO] - ✓ [grok-4-1-fast-reasoning] Temp=0.0 Rep=1 → Concordo fortemente
[2026-05-13 13:11:27,654][__main__][INFO] - ✓ [grok-4-1-fast-reasoning] Temp=0.0 Rep=1 → Concordo fortemente
[2026-05-13 13:11:29,364][__main__][INFO] - ✓ [grok-4-1-fast-reasoning] Temp=0.0 Rep=1 → Concordo fortemente
[2026-05-13 13:11:30,254][__main__][INFO] - ✓ [grok-4-1-fast-reasoning] Temp=0.0 Rep=1 → Discordo fortemente
[2026-05-13 13:11:30,320][__main__][INFO] - ✓ [grok-4-1-fast-reasoning] Temp=0.0 Rep=1 → Discordo
[2026-05-13 13:11:32,059][__main__][INFO] - ✓ [grok-4-1-fast-reasoning] Temp=0.0 Rep=1 → Concordo fortemente
[2026-05-13 13:11:32,401][__main__][INFO] - ✓ [grok-4-1-fast-reasoning] Temp=0.0 Rep=1 → Discordo fortemente
[2026-05-13 13:11:32,437][__main__][INFO] - ✓ [grok-4-1-fast-reasoning] Temp=0.0 Rep=1 → Discordo fortemente
[2026-05-13 13:11:32,876][__main__][INFO] - ✓ [grok-4-1-fast-reasoning] Temp=0.0 Rep=1 → Discordo fortemente
[2026-05-13 13:11:34,512][__main__][INFO] - ✓ [grok-4-1-fast-reasoning] Temp=0.0 Rep=1 → Discordo fortemente
[2026-05-13 13:11:34,534][__main__][INFO] - ✓ [grok-4-1-fast-reasoning] Temp=0.0 Rep=1 → Concordo fortemente
[2026-05-13 13:11:34,965][__main__][INFO] - ✓ [grok-4-1-fast-reasoning] Temp=0.0 Rep=1 → Discordo fortemente
[2026-05-13 13:11:36,948][__main__][INFO] - ✓ [grok-4-1-fast-reasoning] Temp=0.0 Rep=1 → Concordo fortemente
[2026-05-13 13:11:37,346][__main__][INFO] - ✓ [grok-4-1-fast-reasoning] Temp=0.0 Rep=1 → Concordo fortemente
[2026-05-13 13:11:38,683][__main__][INFO] - ✓ [grok-4-1-fast-reasoning] Temp=0.0 Rep=1 → Concordo fortemente
[2026-05-13 13:11:39,170][__main__][INFO] - ✓ [grok-4-1-fast-reasoning] Temp=0.0 Rep=1 → Discordo fortemente
[2026-05-13 13:11:40,457][__main__][INFO] - ✓ [grok-4-1-fast-reasoning] Temp=0.0 Rep=1 → Concordo
[2026-05-13 13:11:40,458][__main__][INFO] - ✓ [grok-4-1-fast-reasoning] Temp=0.0 Rep=1 → Concordo
[2026-05-13 13:11:40,460][__main__][INFO] - ✓ [grok-4-1-fast-reasoning] Temp=0.0 Rep=1 → Concordo fortemente
[2026-05-13 13:11:40,626][__main__][INFO] - ✓ [grok-4-1-fast-reasoning] Temp=0.0 Rep=1 → Discordo fortemente
[2026-05-13 13:11:40,837][__main__][INFO] - ✓ [grok-4-1-fast-reasoning] Temp=0.0 Rep=1 → Concordo fortemente
[2026-05-13 13:11:40,891][__main__][INFO] - ✓ [grok-4-1-fast-reasoning] Temp=0.0 Rep=1 → Discordo fortemente
[2026-05-13 13:11:41,323][__main__][INFO] - ✓ [grok-4-1-fast-reasoning] Temp=0.0 Rep=1 → Concordo fortemente
[2026-05-13 13:11:41,904][__main__][INFO] - ✓ [grok-4-1-fast-reasoning] Temp=0.0 Rep=1 → Concordo fortemente
[2026-05-13 13:11:42,002][__main__][INFO] - ✓ [grok-4-1-fast-reasoning] Temp=0.0 Rep=1 → Concordo fortemente
[2026-05-13 13:11:42,631][__main__][INFO] - ✓ [grok-4-1-fast-reasoning] Temp=0.0 Rep=1 → Concordo fortemente
[2026-05-13 13:11:44,157][__main__][INFO] - ✓ [grok-4-1-fast-reasoning] Temp=0.0 Rep=1 → Concordo fortemente
[2026-05-13 13:11:45,300][__main__][INFO] - ✓ [grok-4-1-fast-reasoning] Temp=0.0 Rep=1 → Concordo fortemente
[2026-05-13 13:11:45,362][__main__][INFO] - ✓ [grok-4-1-fast-reasoning] Temp=0.0 Rep=1 → Concordo fortemente
[2026-05-13 13:11:47,622][__main__][INFO] - ✓ [grok-4-1-fast-reasoning] Temp=0.0 Rep=1 → Concordo
[2026-05-13 13:11:48,135][__main__][INFO] - Salvamento incremental (760 novas respostas)...
[2026-05-13 13:11:48,205][__main__][INFO] - Cache salvo com 259220 entradas
[2026-05-13 13:11:48,206][__main__][INFO] - ✓ [grok-4-1-fast-reasoning] Temp=0.0 Rep=1 → Concordo fortemente
[2026-05-13 13:11:48,206][__main__][INFO] - ✓ [grok-4-1-fast-reasoning] Temp=0.0 Rep=1 → Concordo fortemente
[2026-05-13 13:11:49,012][__main__][INFO] - ✓ [grok-4-1-fast-reasoning] Temp=0.0 Rep=1 → Concordo fortemente
[2026-05-13 13:11:49,671][__main__][INFO] - ✓ [grok-4-1-fast-reasoning] Temp=0.0 Rep=1 → Concordo
[2026-05-13 13:11:49,885][__main__][INFO] - ✓ [grok-4-1-fast-reasoning] Temp=0.0 Rep=1 → Concordo fortemente
[2026-05-13 13:11:50,387][__main__][INFO] - ✓ [grok-4-1-fast-reasoning] Temp=0.0 Rep=1 → Concordo fortemente
[2026-05-13 13:11:50,591][__main__][INFO] - ✓ [grok-4-1-fast-reasoning] Temp=0.0 Rep=1 → Discordo
[2026-05-13 13:11:51,536][__main__][INFO] - ✓ [grok-4-1-fast-reasoning] Temp=0.0 Rep=1 → Concordo fortemente
[2026-05-13 13:11:53,049][__main__][INFO] - ✓ [grok-4-1-fast-reasoning] Temp=0.0 Rep=1 → Concordo fortemente
[2026-05-13 13:11:53,050][__main__][INFO] - ✓ [grok-4-1-fast-reasoning] Temp=0.0 Rep=1 → Concordo fortemente
[2026-05-13 13:11:53,346][__main__][INFO] - ✓ [grok-4-1-fast-reasoning] Temp=0.0 Rep=1 → Concordo fortemente
[2026-05-13 13:11:54,456][__main__][INFO] - ✓ [grok-4-1-fast-reasoning] Temp=0.0 Rep=1 → Concordo fortemente
[2026-05-13 13:11:55,199][__main__][INFO] - ✓ [grok-4-1-fast-reasoning] Temp=0.0 Rep=1 → Concordo
[2026-05-13 13:11:55,264][__main__][INFO] - ✓ [grok-4-1-fast-reasoning] Temp=0.0 Rep=1 → Concordo fortemente
[2026-05-13 13:11:56,561][__main__][INFO] - ✓ [grok-4-1-fast-reasoning] Temp=0.0 Rep=1 → Discordo
[2026-05-13 13:11:57,356][__main__][INFO] - ✓ [grok-4-1-fast-reasoning] Temp=0.0 Rep=1 → Discordo
[2026-05-13 13:11:57,526][__main__][INFO] - ✓ [grok-4-1-fast-reasoning] Temp=0.0 Rep=1 → Concordo fortemente
[2026-05-13 13:11:57,656][__main__][INFO] - ✓ [grok-4-1-fast-reasoning] Temp=0.0 Rep=1 → Discordo
[2026-05-13 13:11:58,562][__main__][INFO] - ✓ [grok-4-1-fast-reasoning] Temp=0.0 Rep=1 → Concordo fortemente
[2026-05-13 13:11:58,630][__main__][INFO] - ✓ [grok-4-1-fast-reasoning] Temp=0.0 Rep=1 → Concordo fortemente
[2026-05-13 13:11:59,297][__main__][INFO] - ✓ [grok-4-1-fast-reasoning] Temp=0.0 Rep=1 → Concordo fortemente
[2026-05-13 13:11:59,343][__main__][INFO] - ✓ [grok-4-1-fast-reasoning] Temp=0.0 Rep=1 → Concordo fortemente
[2026-05-13 13:12:01,753][__main__][INFO] - ✓ [grok-4-1-fast-reasoning] Temp=0.0 Rep=1 → Concordo fortemente
[2026-05-13 13:12:01,808][__main__][INFO] - ✓ [grok-4-1-fast-reasoning] Temp=0.0 Rep=1 → Concordo fortemente
[2026-05-13 13:12:02,026][__main__][INFO] - ✓ [grok-4-1-fast-reasoning] Temp=0.0 Rep=1 → Concordo
[2026-05-13 13:12:02,068][__main__][INFO] - ✓ [grok-4-1-fast-reasoning] Temp=0.0 Rep=1 → Concordo fortemente
[2026-05-13 13:12:02,394][__main__][INFO] - ✓ [grok-4-1-fast-reasoning] Temp=0.0 Rep=1 → Concordo fortemente
[2026-05-13 13:12:04,332][__main__][INFO] - ✓ [grok-4-1-fast-reasoning] Temp=0.0 Rep=1 → Concordo fortemente
[2026-05-13 13:12:04,332][__main__][INFO] - ✓ [grok-4-1-fast-reasoning] Temp=0.0 Rep=1 → Concordo fortemente
[2026-05-13 13:12:05,051][__main__][INFO] - ✓ [grok-4-1-fast-reasoning] Temp=0.0 Rep=1 → Concordo
[2026-05-13 13:12:06,466][__main__][INFO] - ✓ [grok-4-1-fast-reasoning] Temp=0.0 Rep=1 → Concordo
[2026-05-13 13:12:06,467][__main__][INFO] - ✓ [grok-4-1-fast-reasoning] Temp=0.0 Rep=1 → Concordo fortemente
[2026-05-13 13:12:06,977][__main__][INFO] - ✓ [grok-4-1-fast-reasoning] Temp=0.0 Rep=1 → Discordo fortemente
[2026-05-13 13:12:06,978][__main__][INFO] - ✓ [grok-4-1-fast-reasoning] Temp=0.0 Rep=1 → Concordo fortemente
[2026-05-13 13:12:08,821][__main__][INFO] - ✓ [grok-4-1-fast-reasoning] Temp=0.0 Rep=1 → Discordo
[2026-05-13 13:12:09,048][__main__][INFO] - ✓ [grok-4-1-fast-reasoning] Temp=0.0 Rep=1 → Concordo fortemente
[2026-05-13 13:12:09,888][__main__][INFO] - ✓ [grok-4-1-fast-reasoning] Temp=0.0 Rep=1 → Discordo fortemente
[2026-05-13 13:12:10,708][__main__][INFO] - ✓ [grok-4-1-fast-reasoning] Temp=0.0 Rep=1 → Concordo fortemente
[2026-05-13 13:12:11,324][__main__][INFO] - ✓ [grok-4-1-fast-reasoning] Temp=0.0 Rep=1 → Discordo fortemente
[2026-05-13 13:12:11,686][__main__][INFO] - ✓ [grok-4-1-fast-reasoning] Temp=0.0 Rep=1 → Concordo
[2026-05-13 13:12:12,487][__main__][INFO] - Salvamento incremental (800 novas respostas)...
[2026-05-13 13:12:12,557][__main__][INFO] - Cache salvo com 259260 entradas
[2026-05-13 13:12:12,557][__main__][INFO] - ✓ [grok-4-1-fast-reasoning] Temp=0.0 Rep=1 → Concordo fortemente
[2026-05-13 13:12:12,558][__main__][INFO] - ✓ [grok-4-1-fast-reasoning] Temp=0.0 Rep=1 → Discordo
[2026-05-13 13:12:12,581][__main__][INFO] - ✓ [grok-4-1-fast-reasoning] Temp=0.0 Rep=1 → Discordo fortemente
[2026-05-13 13:12:14,437][__main__][INFO] - ✓ [grok-4-1-fast-reasoning] Temp=0.0 Rep=1 → Concordo fortemente
[2026-05-13 13:12:14,861][__main__][INFO] - ✓ [grok-4-1-fast-reasoning] Temp=0.0 Rep=1 → Concordo fortemente
[2026-05-13 13:12:14,862][__main__][INFO] - ✓ [grok-4-1-fast-reasoning] Temp=0.0 Rep=1 → Discordo
[2026-05-13 13:12:15,634][__main__][INFO] - ✓ [grok-4-1-fast-reasoning] Temp=0.0 Rep=1 → Concordo
[2026-05-13 13:12:15,863][__main__][INFO] - ✓ [grok-4-1-fast-reasoning] Temp=0.0 Rep=1 → Discordo fortemente
[2026-05-13 13:12:16,295][__main__][INFO] - ✓ [grok-4-1-fast-reasoning] Temp=0.0 Rep=1 → Discordo
[2026-05-13 13:12:16,296][__main__][INFO] - ✓ [grok-4-1-fast-reasoning] Temp=0.0 Rep=1 → Concordo fortemente
[2026-05-13 13:12:17,522][__main__][INFO] - ✓ [grok-4-1-fast-reasoning] Temp=0.0 Rep=1 → Concordo fortemente
[2026-05-13 13:12:18,752][__main__][INFO] - ✓ [grok-4-1-fast-reasoning] Temp=0.0 Rep=1 → Discordo fortemente
[2026-05-13 13:12:20,493][__main__][INFO] - ✓ [grok-4-1-fast-reasoning] Temp=0.0 Rep=1 → Concordo fortemente
[2026-05-13 13:12:20,494][__main__][INFO] - ✓ [grok-4-1-fast-reasoning] Temp=0.0 Rep=1 → Discordo fortemente
[2026-05-13 13:12:21,105][__main__][INFO] - ✓ [grok-4-1-fast-reasoning] Temp=0.0 Rep=1 → Concordo
[2026-05-13 13:12:22,235][__main__][INFO] - ✓ [grok-4-1-fast-reasoning] Temp=0.0 Rep=1 → Concordo fortemente
[2026-05-13 13:12:22,847][__main__][INFO] - ✓ [grok-4-1-fast-reasoning] Temp=0.0 Rep=1 → Discordo fortemente
[2026-05-13 13:12:23,326][__main__][INFO] - ✓ [grok-4-1-fast-reasoning] Temp=0.0 Rep=1 → Concordo fortemente
[2026-05-13 13:12:23,503][__main__][INFO] - ✓ [grok-4-1-fast-reasoning] Temp=0.0 Rep=1 → Concordo fortemente
[2026-05-13 13:12:24,975][__main__][INFO] - ✓ [grok-4-1-fast-reasoning] Temp=0.0 Rep=1 → Concordo
[2026-05-13 13:12:25,510][__main__][INFO] - ✓ [grok-4-1-fast-reasoning] Temp=0.0 Rep=1 → Concordo fortemente
[2026-05-13 13:12:26,434][__main__][INFO] - ✓ [grok-4-1-fast-reasoning] Temp=0.0 Rep=1 → Discordo
[2026-05-13 13:12:26,737][__main__][INFO] - ✓ [grok-4-1-fast-reasoning] Temp=0.0 Rep=1 → Concordo fortemente
[2026-05-13 13:12:27,660][__main__][INFO] - ✓ [grok-4-1-fast-reasoning] Temp=0.0 Rep=1 → Concordo
[2026-05-13 13:12:28,173][__main__][INFO] - ✓ [grok-4-1-fast-reasoning] Temp=0.0 Rep=1 → Concordo fortemente
[2026-05-13 13:12:28,838][__main__][INFO] - ✓ [grok-4-1-fast-reasoning] Temp=0.0 Rep=1 → Concordo fortemente
[2026-05-13 13:12:29,503][__main__][INFO] - ✓ [grok-4-1-fast-reasoning] Temp=0.0 Rep=1 → Concordo fortemente
[2026-05-13 13:12:29,503][__main__][INFO] - ✓ [grok-4-1-fast-reasoning] Temp=0.0 Rep=1 → Concordo fortemente
[2026-05-13 13:12:30,428][__main__][INFO] - ✓ [grok-4-1-fast-reasoning] Temp=0.0 Rep=1 → Discordo fortemente
[2026-05-13 13:12:31,345][__main__][INFO] - ✓ [grok-4-1-fast-reasoning] Temp=0.0 Rep=1 → Concordo
[2026-05-13 13:12:32,117][__main__][INFO] - ✓ [grok-4-1-fast-reasoning] Temp=0.0 Rep=1 → Concordo
[2026-05-13 13:12:32,117][__main__][INFO] - ✓ [grok-4-1-fast-reasoning] Temp=0.0 Rep=1 → Concordo
[2026-05-13 13:12:33,702][__main__][INFO] - ✓ [grok-4-1-fast-reasoning] Temp=0.0 Rep=1 → Concordo
[2026-05-13 13:12:33,778][__main__][INFO] - ✓ [grok-4-1-fast-reasoning] Temp=0.0 Rep=1 → Concordo fortemente
[2026-05-13 13:12:36,983][__main__][INFO] - ✓ [grok-4-1-fast-reasoning] Temp=0.0 Rep=1 → Discordo fortemente
[2026-05-13 13:12:36,985][__main__][INFO] - ✓ [grok-4-1-fast-reasoning] Temp=0.0 Rep=1 → Concordo fortemente
[2026-05-13 13:12:37,111][__main__][INFO] - ✓ [grok-4-1-fast-reasoning] Temp=0.0 Rep=1 → Concordo fortemente
[2026-05-13 13:12:37,697][__main__][INFO] - ✓ [grok-4-1-fast-reasoning] Temp=0.0 Rep=1 → Concordo
[2026-05-13 13:12:37,698][__main__][INFO] - ✓ [grok-4-1-fast-reasoning] Temp=0.0 Rep=1 → Concordo fortemente
[2026-05-13 13:12:38,026][__main__][INFO] - ✓ [grok-4-1-fast-reasoning] Temp=0.0 Rep=1 → Concordo fortemente
[2026-05-13 13:12:38,813][__main__][INFO] - Salvamento incremental (840 novas respostas)...
[2026-05-13 13:12:38,884][__main__][INFO] - Cache salvo com 259300 entradas
[2026-05-13 13:12:38,884][__main__][INFO] - ✓ [grok-4-1-fast-reasoning] Temp=0.0 Rep=1 → Concordo
[2026-05-13 13:12:39,130][__main__][INFO] - ✓ [grok-4-1-fast-reasoning] Temp=0.0 Rep=1 → Concordo
[2026-05-13 13:12:39,336][__main__][INFO] - ✓ [grok-4-1-fast-reasoning] Temp=0.0 Rep=1 → Discordo fortemente
[2026-05-13 13:12:39,509][__main__][INFO] - ✓ [grok-4-1-fast-reasoning] Temp=0.0 Rep=1 → Concordo fortemente
[2026-05-13 13:12:40,665][__main__][INFO] - ✓ [grok-4-1-fast-reasoning] Temp=0.0 Rep=1 → Concordo fortemente
[2026-05-13 13:12:41,682][__main__][INFO] - ✓ [grok-4-1-fast-reasoning] Temp=0.0 Rep=1 → Discordo fortemente
[2026-05-13 13:12:42,202][__main__][INFO] - ✓ [grok-4-1-fast-reasoning] Temp=0.0 Rep=1 → Concordo fortemente
[2026-05-13 13:12:43,651][__main__][INFO] - ✓ [grok-4-1-fast-reasoning] Temp=0.0 Rep=1 → Concordo fortemente
[2026-05-13 13:12:44,045][__main__][INFO] - ✓ [grok-4-1-fast-reasoning] Temp=0.0 Rep=1 → Discordo fortemente
[2026-05-13 13:12:44,184][__main__][INFO] - ✓ [grok-4-1-fast-reasoning] Temp=0.0 Rep=1 → Concordo fortemente
[2026-05-13 13:12:44,968][__main__][INFO] - ✓ [grok-4-1-fast-reasoning] Temp=0.0 Rep=1 → Concordo
[2026-05-13 13:12:48,245][__main__][INFO] - ✓ [grok-4-1-fast-reasoning] Temp=0.0 Rep=1 → Discordo fortemente
[2026-05-13 13:12:48,246][__main__][INFO] - ✓ [grok-4-1-fast-reasoning] Temp=0.0 Rep=1 → Concordo
[2026-05-13 13:12:49,166][__main__][INFO] - ✓ [grok-4-1-fast-reasoning] Temp=0.0 Rep=1 → Neutro
[2026-05-13 13:12:49,419][__main__][INFO] - ✓ [grok-4-1-fast-reasoning] Temp=0.0 Rep=1 → Concordo
[2026-05-13 13:12:49,543][__main__][INFO] - ✓ [grok-4-1-fast-reasoning] Temp=0.0 Rep=1 → Concordo
[2026-05-13 13:12:49,766][__main__][INFO] - ✓ [grok-4-1-fast-reasoning] Temp=0.0 Rep=1 → Concordo fortemente
[2026-05-13 13:12:50,292][__main__][INFO] - ✓ [grok-4-1-fast-reasoning] Temp=0.0 Rep=1 → Concordo
[2026-05-13 13:12:51,212][__main__][INFO] - ✓ [grok-4-1-fast-reasoning] Temp=0.0 Rep=1 → Neutro
[2026-05-13 13:12:51,298][__main__][INFO] - ✓ [grok-4-1-fast-reasoning] Temp=0.0 Rep=1 → Concordo fortemente
[2026-05-13 13:12:53,089][__main__][INFO] - ✓ [grok-4-1-fast-reasoning] Temp=0.0 Rep=1 → Concordo
[2026-05-13 13:12:54,696][__main__][INFO] - ✓ [grok-4-1-fast-reasoning] Temp=0.0 Rep=1 → Concordo fortemente
[2026-05-13 13:12:54,900][__main__][INFO] - ✓ [grok-4-1-fast-reasoning] Temp=0.0 Rep=1 → Concordo fortemente
[2026-05-13 13:12:55,186][__main__][INFO] - ✓ [grok-4-1-fast-reasoning] Temp=0.0 Rep=1 → Discordo
[2026-05-13 13:12:56,128][__main__][INFO] - ✓ [grok-4-1-fast-reasoning] Temp=0.0 Rep=1 → Concordo
[2026-05-13 13:12:56,846][__main__][INFO] - ✓ [grok-4-1-fast-reasoning] Temp=0.0 Rep=1 → Concordo fortemente
[2026-05-13 13:12:57,972][__main__][INFO] - ✓ [grok-4-1-fast-reasoning] Temp=0.0 Rep=1 → Concordo fortemente
[2026-05-13 13:12:58,687][__main__][INFO] - ✓ [grok-4-1-fast-reasoning] Temp=0.0 Rep=1 → Concordo fortemente
[2026-05-13 13:13:00,777][__main__][INFO] - ✓ [grok-4-1-fast-reasoning] Temp=0.0 Rep=1 → Concordo fortemente
[2026-05-13 13:13:00,854][__main__][INFO] - ✓ [grok-4-1-fast-reasoning] Temp=0.0 Rep=1 → Concordo fortemente
[2026-05-13 13:13:01,680][__main__][INFO] - ✓ [grok-4-1-fast-reasoning] Temp=0.0 Rep=1 → Concordo fortemente
[2026-05-13 13:13:02,886][__main__][INFO] - ✓ [grok-4-1-fast-reasoning] Temp=0.0 Rep=1 → Concordo
[2026-05-13 13:13:03,169][__main__][INFO] - ✓ [grok-4-1-fast-reasoning] Temp=0.0 Rep=1 → Concordo
[2026-05-13 13:13:03,283][__main__][INFO] - ✓ [grok-4-1-fast-reasoning] Temp=0.0 Rep=1 → Discordo fortemente
[2026-05-13 13:13:03,613][__main__][INFO] - ✓ [grok-4-1-fast-reasoning] Temp=0.0 Rep=1 → Concordo fortemente
[2026-05-13 13:13:05,342][__main__][INFO] - ✓ [grok-4-1-fast-reasoning] Temp=0.0 Rep=1 → Concordo
[2026-05-13 13:13:07,392][__main__][INFO] - ✓ [grok-4-1-fast-reasoning] Temp=0.0 Rep=1 → Concordo fortemente
[2026-05-13 13:13:07,776][__main__][INFO] - ✓ [grok-4-1-fast-reasoning] Temp=0.0 Rep=1 → Concordo fortemente
[2026-05-13 13:13:08,006][__main__][INFO] - ✓ [grok-4-1-fast-reasoning] Temp=0.0 Rep=1 → Concordo fortemente
[2026-05-13 13:13:08,630][__main__][INFO] - ✓ [grok-4-1-fast-reasoning] Temp=0.0 Rep=1 → Concordo
[2026-05-13 13:13:09,148][__main__][INFO] - Salvamento incremental (880 novas respostas)...
[2026-05-13 13:13:09,230][__main__][INFO] - Cache salvo com 259340 entradas
[2026-05-13 13:13:09,230][__main__][INFO] - ✓ [grok-4-1-fast-reasoning] Temp=0.0 Rep=1 → Concordo
[2026-05-13 13:13:10,918][__main__][INFO] - ✓ [grok-4-1-fast-reasoning] Temp=0.0 Rep=1 → Concordo fortemente
[2026-05-13 13:13:11,182][__main__][INFO] - ✓ [grok-4-1-fast-reasoning] Temp=0.0 Rep=1 → Concordo
[2026-05-13 13:13:11,322][__main__][INFO] - ✓ [grok-4-1-fast-reasoning] Temp=0.0 Rep=1 → Concordo fortemente
[2026-05-13 13:13:12,512][__main__][INFO] - ✓ [grok-4-1-fast-reasoning] Temp=0.0 Rep=1 → Discordo fortemente
[2026-05-13 13:13:13,955][__main__][INFO] - ✓ [grok-4-1-fast-reasoning] Temp=0.0 Rep=1 → Discordo
[2026-05-13 13:13:15,638][__main__][INFO] - ✓ [grok-4-1-fast-reasoning] Temp=0.0 Rep=1 → Discordo
[2026-05-13 13:13:16,881][__main__][INFO] - ✓ [grok-4-1-fast-reasoning] Temp=0.0 Rep=1 → Neutro
[2026-05-13 13:13:17,006][__main__][INFO] - ✓ [grok-4-1-fast-reasoning] Temp=0.0 Rep=1 → Concordo fortemente
[2026-05-13 13:13:18,657][__main__][INFO] - ✓ [grok-4-1-fast-reasoning] Temp=0.0 Rep=1 → Discordo fortemente
[2026-05-13 13:13:18,950][__main__][INFO] - ✓ [grok-4-1-fast-reasoning] Temp=0.0 Rep=1 → Concordo
[2026-05-13 13:13:19,306][__main__][INFO] - ✓ [grok-4-1-fast-reasoning] Temp=0.0 Rep=1 → Concordo fortemente
[2026-05-13 13:13:19,533][__main__][INFO] - ✓ [grok-4-1-fast-reasoning] Temp=0.0 Rep=1 → Discordo
[2026-05-13 13:13:22,138][__main__][INFO] - ✓ [grok-4-1-fast-reasoning] Temp=0.0 Rep=1 → Concordo
[2026-05-13 13:13:22,856][__main__][INFO] - ✓ [grok-4-1-fast-reasoning] Temp=0.0 Rep=1 → Discordo
[2026-05-13 13:13:24,290][__main__][INFO] - ✓ [grok-4-1-fast-reasoning] Temp=0.0 Rep=1 → Discordo
[2026-05-13 13:13:24,399][__main__][INFO] - ✓ [grok-4-1-fast-reasoning] Temp=0.0 Rep=1 → Concordo
[2026-05-13 13:13:24,578][__main__][INFO] - ✓ [grok-4-1-fast-reasoning] Temp=0.0 Rep=1 → Concordo fortemente
[2026-05-13 13:13:24,604][__main__][INFO] - ✓ [grok-4-1-fast-reasoning] Temp=0.0 Rep=1 → Concordo
[2026-05-13 13:13:26,950][__main__][INFO] - ✓ [grok-4-1-fast-reasoning] Temp=0.0 Rep=1 → Concordo
[2026-05-13 13:13:27,769][__main__][INFO] - ✓ [grok-4-1-fast-reasoning] Temp=0.0 Rep=1 → Concordo
[2026-05-13 13:13:27,898][__main__][INFO] - ✓ [grok-4-1-fast-reasoning] Temp=0.0 Rep=1 → Discordo
[2026-05-13 13:13:28,486][__main__][INFO] - ✓ [grok-4-1-fast-reasoning] Temp=0.0 Rep=1 → Concordo fortemente
[2026-05-13 13:13:32,270][__main__][INFO] - ✓ [grok-4-1-fast-reasoning] Temp=0.0 Rep=1 → Discordo
[2026-05-13 13:13:33,803][__main__][INFO] - ✓ [grok-4-1-fast-reasoning] Temp=0.0 Rep=1 → Concordo
[2026-05-13 13:13:34,168][__main__][INFO] - ✓ [grok-4-1-fast-reasoning] Temp=0.0 Rep=1 → Concordo fortemente
[2026-05-13 13:13:34,557][__main__][INFO] - ✓ [grok-4-1-fast-reasoning] Temp=0.0 Rep=1 → Concordo
[2026-05-13 13:13:35,855][__main__][INFO] - ✓ [grok-4-1-fast-reasoning] Temp=0.0 Rep=1 → Discordo
[2026-05-13 13:13:35,943][__main__][INFO] - ✓ [grok-4-1-fast-reasoning] Temp=0.0 Rep=1 → Discordo
[2026-05-13 13:13:36,081][__main__][INFO] - ✓ [grok-4-1-fast-reasoning] Temp=0.0 Rep=1 → Concordo fortemente
[2026-05-13 13:13:37,292][__main__][INFO] - ✓ [grok-4-1-fast-reasoning] Temp=0.0 Rep=1 → Discordo
[2026-05-13 13:13:37,319][__main__][INFO] - ✓ [grok-4-1-fast-reasoning] Temp=0.0 Rep=1 → Discordo
[2026-05-13 13:13:38,312][__main__][INFO] - ✓ [grok-4-1-fast-reasoning] Temp=0.0 Rep=1 → Concordo fortemente
[2026-05-13 13:13:39,541][__main__][INFO] - ✓ [grok-4-1-fast-reasoning] Temp=0.0 Rep=1 → Concordo
[2026-05-13 13:13:40,273][__main__][INFO] - ✓ [grok-4-1-fast-reasoning] Temp=0.0 Rep=1 → Concordo fortemente
[2026-05-13 13:13:40,373][__main__][INFO] - ✓ [grok-4-1-fast-reasoning] Temp=0.0 Rep=1 → Concordo fortemente
[2026-05-13 13:13:42,510][__main__][INFO] - ✓ [grok-4-1-fast-reasoning] Temp=0.0 Rep=1 → Concordo fortemente
[2026-05-13 13:13:42,922][__main__][INFO] - ✓ [grok-4-1-fast-reasoning] Temp=0.0 Rep=1 → Concordo
[2026-05-13 13:13:43,021][__main__][INFO] - ✓ [grok-4-1-fast-reasoning] Temp=0.0 Rep=1 → Concordo
[2026-05-13 13:13:45,515][__main__][INFO] - ✓ [grok-4-1-fast-reasoning] Temp=0.0 Rep=1 → Concordo fortemente
[2026-05-13 13:13:45,554][__main__][INFO] - Salvamento incremental (920 novas respostas)...
[2026-05-13 13:13:45,629][__main__][INFO] - Cache salvo com 259380 entradas
[2026-05-13 13:13:45,629][__main__][INFO] - ✓ [grok-4-1-fast-reasoning] Temp=0.0 Rep=1 → Concordo
[2026-05-13 13:13:46,096][__main__][INFO] - ✓ [grok-4-1-fast-reasoning] Temp=0.0 Rep=1 → Concordo
[2026-05-13 13:13:46,097][__main__][INFO] - ✓ [grok-4-1-fast-reasoning] Temp=0.0 Rep=1 → Concordo fortemente
[2026-05-13 13:13:46,400][__main__][INFO] - ✓ [grok-4-1-fast-reasoning] Temp=0.0 Rep=1 → Concordo
[2026-05-13 13:13:48,448][__main__][INFO] - ✓ [grok-4-1-fast-reasoning] Temp=0.0 Rep=1 → Concordo fortemente
[2026-05-13 13:13:48,813][__main__][INFO] - ✓ [grok-4-1-fast-reasoning] Temp=0.0 Rep=1 → Concordo fortemente
[2026-05-13 13:13:49,258][__main__][INFO] - ✓ [grok-4-1-fast-reasoning] Temp=0.0 Rep=1 → Discordo
[2026-05-13 13:13:49,340][__main__][INFO] - ✓ [grok-4-1-fast-reasoning] Temp=0.0 Rep=1 → Concordo
[2026-05-13 13:13:50,496][__main__][INFO] - ✓ [grok-4-1-fast-reasoning] Temp=0.0 Rep=1 → Concordo
[2026-05-13 13:13:51,807][__main__][INFO] - ✓ [grok-4-1-fast-reasoning] Temp=0.0 Rep=1 → Concordo
[2026-05-13 13:13:51,809][__main__][INFO] - ✓ [grok-4-1-fast-reasoning] Temp=0.0 Rep=1 → Concordo fortemente
[2026-05-13 13:13:52,238][__main__][INFO] - ✓ [grok-4-1-fast-reasoning] Temp=0.0 Rep=1 → Concordo fortemente
[2026-05-13 13:13:53,541][__main__][INFO] - ✓ [grok-4-1-fast-reasoning] Temp=0.0 Rep=1 → Concordo fortemente
[2026-05-13 13:13:53,674][__main__][INFO] - ✓ [grok-4-1-fast-reasoning] Temp=0.0 Rep=1 → Concordo
[2026-05-13 13:13:53,765][__main__][INFO] - ✓ [grok-4-1-fast-reasoning] Temp=0.0 Rep=1 → Discordo
[2026-05-13 13:13:53,904][__main__][INFO] - ✓ [grok-4-1-fast-reasoning] Temp=0.0 Rep=1 → Concordo fortemente
[2026-05-13 13:13:54,001][__main__][INFO] - ✓ [grok-4-1-fast-reasoning] Temp=0.0 Rep=1 → Discordo fortemente
[2026-05-13 13:13:55,205][__main__][INFO] - ✓ [grok-4-1-fast-reasoning] Temp=0.0 Rep=1 → Concordo fortemente
[2026-05-13 13:13:56,024][__main__][INFO] - ✓ [grok-4-1-fast-reasoning] Temp=0.0 Rep=1 → Concordo fortemente
[2026-05-13 13:13:57,254][__main__][INFO] - ✓ [grok-4-1-fast-reasoning] Temp=0.0 Rep=1 → Concordo fortemente
[2026-05-13 13:13:57,970][__main__][INFO] - ✓ [grok-4-1-fast-reasoning] Temp=0.0 Rep=1 → Discordo
[2026-05-13 13:13:59,461][__main__][INFO] - ✓ [grok-4-1-fast-reasoning] Temp=0.0 Rep=1 → Concordo fortemente
[2026-05-13 13:14:00,734][__main__][INFO] - ✓ [grok-4-1-fast-reasoning] Temp=0.0 Rep=1 → Discordo fortemente
[2026-05-13 13:14:01,144][__main__][INFO] - ✓ [grok-4-1-fast-reasoning] Temp=0.0 Rep=1 → Discordo fortemente
[2026-05-13 13:14:01,861][__main__][INFO] - ✓ [grok-4-1-fast-reasoning] Temp=0.0 Rep=1 → Concordo fortemente
[2026-05-13 13:14:02,168][__main__][INFO] - ✓ [grok-4-1-fast-reasoning] Temp=0.0 Rep=1 → Concordo
[2026-05-13 13:14:04,710][__main__][INFO] - ✓ [grok-4-1-fast-reasoning] Temp=0.0 Rep=1 → Discordo fortemente
[2026-05-13 13:14:04,914][__main__][INFO] - ✓ [grok-4-1-fast-reasoning] Temp=0.0 Rep=1 → Concordo
[2026-05-13 13:14:05,041][__main__][INFO] - ✓ [grok-4-1-fast-reasoning] Temp=0.0 Rep=1 → Discordo fortemente
[2026-05-13 13:14:05,438][__main__][INFO] - ✓ [grok-4-1-fast-reasoning] Temp=0.0 Rep=1 → Concordo fortemente
[2026-05-13 13:14:05,854][__main__][INFO] - ✓ [grok-4-1-fast-reasoning] Temp=0.0 Rep=1 → Concordo
[2026-05-13 13:14:05,961][__main__][INFO] - ✓ [grok-4-1-fast-reasoning] Temp=0.0 Rep=1 → Discordo fortemente
[2026-05-13 13:14:07,084][__main__][INFO] - ✓ [grok-4-1-fast-reasoning] Temp=0.0 Rep=1 → Concordo fortemente
[2026-05-13 13:14:09,313][__main__][INFO] - ✓ [grok-4-1-fast-reasoning] Temp=0.0 Rep=1 → Concordo fortemente
[2026-05-13 13:14:09,515][__main__][INFO] - ✓ [grok-4-1-fast-reasoning] Temp=0.0 Rep=1 → Concordo fortemente
[2026-05-13 13:14:09,959][__main__][INFO] - ✓ [grok-4-1-fast-reasoning] Temp=0.0 Rep=1 → Discordo
[2026-05-13 13:14:11,896][__main__][INFO] - ✓ [grok-4-1-fast-reasoning] Temp=0.0 Rep=1 → Concordo
[2026-05-13 13:14:11,952][__main__][INFO] - ✓ [grok-4-1-fast-reasoning] Temp=0.0 Rep=1 → Discordo fortemente
[2026-05-13 13:14:13,486][__main__][INFO] - ✓ [grok-4-1-fast-reasoning] Temp=0.0 Rep=1 → Concordo fortemente
[2026-05-13 13:14:14,252][__main__][INFO] - ✓ [grok-4-1-fast-reasoning] Temp=0.0 Rep=1 → Discordo fortemente
[2026-05-13 13:14:14,253][__main__][INFO] - Salvamento incremental (960 novas respostas)...
[2026-05-13 13:14:14,318][__main__][INFO] - Cache salvo com 259420 entradas
[2026-05-13 13:14:14,318][__main__][INFO] - ✓ [grok-4-1-fast-reasoning] Temp=0.0 Rep=1 → Concordo
[2026-05-13 13:14:14,970][__main__][INFO] - ✓ [grok-4-1-fast-reasoning] Temp=0.0 Rep=1 → Concordo
[2026-05-13 13:14:14,973][__main__][INFO] - ✓ [grok-4-1-fast-reasoning] Temp=0.0 Rep=1 → Discordo
[2026-05-13 13:14:15,992][__main__][INFO] - ✓ [grok-4-1-fast-reasoning] Temp=0.0 Rep=1 → Concordo fortemente
[2026-05-13 13:14:18,449][__main__][INFO] - ✓ [grok-4-1-fast-reasoning] Temp=0.0 Rep=1 → Concordo fortemente
[2026-05-13 13:14:18,860][__main__][INFO] - ✓ [grok-4-1-fast-reasoning] Temp=0.0 Rep=1 → Discordo fortemente
[2026-05-13 13:14:19,144][__main__][INFO] - ✓ [grok-4-1-fast-reasoning] Temp=0.0 Rep=1 → Discordo fortemente
[2026-05-13 13:14:19,609][__main__][INFO] - ✓ [grok-4-1-fast-reasoning] Temp=0.0 Rep=1 → Concordo fortemente
[2026-05-13 13:14:22,342][__main__][INFO] - ✓ [grok-4-1-fast-reasoning] Temp=0.0 Rep=1 → Discordo
[2026-05-13 13:14:23,342][__main__][INFO] - ✓ [grok-4-1-fast-reasoning] Temp=0.0 Rep=1 → Discordo fortemente
[2026-05-13 13:14:24,714][__main__][INFO] - ✓ [grok-4-1-fast-reasoning] Temp=0.0 Rep=1 → Neutro
[2026-05-13 13:14:25,004][__main__][INFO] - ✓ [grok-4-1-fast-reasoning] Temp=0.0 Rep=1 → Concordo
[2026-05-13 13:14:25,038][__main__][INFO] - ✓ [grok-4-1-fast-reasoning] Temp=0.0 Rep=1 → Concordo fortemente
[2026-05-13 13:14:27,256][__main__][INFO] - ✓ [grok-4-1-fast-reasoning] Temp=0.0 Rep=1 → Concordo fortemente
[2026-05-13 13:14:27,351][__main__][INFO] - ✓ [grok-4-1-fast-reasoning] Temp=0.0 Rep=1 → Concordo
[2026-05-13 13:14:28,793][__main__][INFO] - ✓ [grok-4-1-fast-reasoning] Temp=0.0 Rep=1 → Concordo
[2026-05-13 13:14:29,150][__main__][INFO] - ✓ [grok-4-1-fast-reasoning] Temp=0.0 Rep=1 → Concordo fortemente
[2026-05-13 13:14:30,321][__main__][INFO] - ✓ [grok-4-1-fast-reasoning] Temp=0.0 Rep=1 → Concordo fortemente
[2026-05-13 13:14:30,619][__main__][INFO] - ✓ [grok-4-1-fast-reasoning] Temp=0.0 Rep=1 → Discordo fortemente
[2026-05-13 13:14:30,619][__main__][INFO] - ✓ [grok-4-1-fast-reasoning] Temp=0.0 Rep=1 → Neutro
[2026-05-13 13:14:31,148][__main__][INFO] - ✓ [grok-4-1-fast-reasoning] Temp=0.0 Rep=1 → Discordo fortemente
[2026-05-13 13:14:31,149][__main__][INFO] - ✓ [grok-4-1-fast-reasoning] Temp=0.0 Rep=1 → Discordo
[2026-05-13 13:14:31,454][__main__][INFO] - ✓ [grok-4-1-fast-reasoning] Temp=0.0 Rep=1 → Concordo fortemente
[2026-05-13 13:14:32,340][__main__][INFO] - ✓ [grok-4-1-fast-reasoning] Temp=0.0 Rep=1 → Concordo fortemente
[2026-05-13 13:14:33,381][__main__][INFO] - ✓ [grok-4-1-fast-reasoning] Temp=0.0 Rep=1 → Concordo fortemente
[2026-05-13 13:14:33,810][__main__][INFO] - ✓ [grok-4-1-fast-reasoning] Temp=0.0 Rep=1 → Discordo fortemente
[2026-05-13 13:14:36,062][__main__][INFO] - ✓ [grok-4-1-fast-reasoning] Temp=0.0 Rep=1 → Discordo fortemente
[2026-05-13 13:14:36,604][__main__][INFO] - ✓ [grok-4-1-fast-reasoning] Temp=0.0 Rep=1 → Neutro
[2026-05-13 13:14:37,322][__main__][INFO] - ✓ [grok-4-1-fast-reasoning] Temp=0.0 Rep=1 → Concordo fortemente
[2026-05-13 13:14:38,111][__main__][INFO] - ✓ [grok-4-1-fast-reasoning] Temp=0.0 Rep=1 → Concordo fortemente
[2026-05-13 13:14:39,236][__main__][INFO] - ✓ [grok-4-1-fast-reasoning] Temp=0.0 Rep=1 → Discordo fortemente
[2026-05-13 13:14:39,398][__main__][INFO] - ✓ [grok-4-1-fast-reasoning] Temp=0.0 Rep=1 → Concordo fortemente
[2026-05-13 13:14:40,056][__main__][INFO] - ✓ [grok-4-1-fast-reasoning] Temp=0.0 Rep=1 → Discordo fortemente
[2026-05-13 13:14:40,306][__main__][INFO] - ✓ [grok-4-1-fast-reasoning] Temp=0.0 Rep=1 → Discordo fortemente
[2026-05-13 13:14:40,911][__main__][INFO] - ✓ [grok-4-1-fast-reasoning] Temp=0.0 Rep=1 → Concordo
[2026-05-13 13:14:41,387][__main__][INFO] - ✓ [grok-4-1-fast-reasoning] Temp=0.0 Rep=1 → Concordo fortemente
[2026-05-13 13:14:42,001][__main__][INFO] - ✓ [grok-4-1-fast-reasoning] Temp=0.0 Rep=1 → Concordo
[2026-05-13 13:14:42,568][__main__][INFO] - ✓ [grok-4-1-fast-reasoning] Temp=0.0 Rep=1 → Concordo
[2026-05-13 13:14:43,231][__main__][INFO] - ✓ [grok-4-1-fast-reasoning] Temp=0.0 Rep=1 → Concordo fortemente
[2026-05-13 13:14:44,561][__main__][INFO] - ✓ [grok-4-1-fast-reasoning] Temp=0.0 Rep=1 → Discordo fortemente
[2026-05-13 13:14:45,483][__main__][INFO] - Salvamento incremental (1000 novas respostas)...
[2026-05-13 13:14:45,544][__main__][INFO] - Cache salvo com 259460 entradas
[2026-05-13 13:14:45,544][__main__][INFO] - ✓ [grok-4-1-fast-reasoning] Temp=0.0 Rep=1 → Concordo
[2026-05-13 13:14:46,097][__main__][INFO] - ✓ [grok-4-1-fast-reasoning] Temp=0.0 Rep=1 → Concordo fortemente
[2026-05-13 13:14:46,196][__main__][INFO] - ✓ [grok-4-1-fast-reasoning] Temp=0.0 Rep=1 → Neutro
[2026-05-13 13:14:46,609][__main__][INFO] - ✓ [grok-4-1-fast-reasoning] Temp=0.0 Rep=1 → Concordo fortemente
[2026-05-13 13:14:46,916][__main__][INFO] - ✓ [grok-4-1-fast-reasoning] Temp=0.0 Rep=1 → Concordo
[2026-05-13 13:14:48,559][__main__][INFO] - ✓ [grok-4-1-fast-reasoning] Temp=0.0 Rep=1 → Discordo
[2026-05-13 13:14:50,005][__main__][INFO] - ✓ [grok-4-1-fast-reasoning] Temp=0.0 Rep=1 → Discordo
[2026-05-13 13:14:50,397][__main__][INFO] - ✓ [grok-4-1-fast-reasoning] Temp=0.0 Rep=1 → Concordo fortemente
[2026-05-13 13:14:50,411][__main__][INFO] - ✓ [grok-4-1-fast-reasoning] Temp=0.0 Rep=1 → Neutro
[2026-05-13 13:14:51,627][__main__][INFO] - ✓ [grok-4-1-fast-reasoning] Temp=0.0 Rep=1 → Concordo fortemente
[2026-05-13 13:14:51,847][__main__][INFO] - ✓ [grok-4-1-fast-reasoning] Temp=0.0 Rep=1 → Concordo fortemente
[2026-05-13 13:14:52,653][__main__][INFO] - ✓ [grok-4-1-fast-reasoning] Temp=0.0 Rep=1 → Concordo fortemente
[2026-05-13 13:14:53,778][__main__][INFO] - ✓ [grok-4-1-fast-reasoning] Temp=0.0 Rep=1 → Concordo
[2026-05-13 13:14:55,108][__main__][INFO] - ✓ [grok-4-1-fast-reasoning] Temp=0.0 Rep=1 → Concordo
[2026-05-13 13:14:55,620][__main__][INFO] - ✓ [grok-4-1-fast-reasoning] Temp=0.0 Rep=1 → Concordo
[2026-05-13 13:14:55,769][__main__][INFO] - ✓ [grok-4-1-fast-reasoning] Temp=0.0 Rep=1 → Concordo
[2026-05-13 13:14:56,031][__main__][INFO] - ✓ [grok-4-1-fast-reasoning] Temp=0.0 Rep=1 → Concordo fortemente
[2026-05-13 13:14:56,090][__main__][INFO] - ✓ [grok-4-1-fast-reasoning] Temp=0.0 Rep=1 → Concordo fortemente
[2026-05-13 13:14:56,851][__main__][INFO] - ✓ [grok-4-1-fast-reasoning] Temp=0.0 Rep=1 → Concordo
[2026-05-13 13:14:56,852][__main__][INFO] - ✓ [grok-4-1-fast-reasoning] Temp=0.0 Rep=1 → Discordo
[2026-05-13 13:14:57,463][__main__][INFO] - ✓ [grok-4-1-fast-reasoning] Temp=0.0 Rep=1 → Concordo fortemente
[2026-05-13 13:14:57,770][__main__][INFO] - ✓ [grok-4-1-fast-reasoning] Temp=0.0 Rep=1 → Concordo fortemente
[2026-05-13 13:14:58,693][__main__][INFO] - ✓ [grok-4-1-fast-reasoning] Temp=0.0 Rep=1 → Discordo fortemente
[2026-05-13 13:15:01,199][__main__][INFO] - ✓ [grok-4-1-fast-reasoning] Temp=0.0 Rep=1 → Discordo fortemente
[2026-05-13 13:15:01,535][__main__][INFO] - ✓ [grok-4-1-fast-reasoning] Temp=0.0 Rep=1 → Concordo fortemente
[2026-05-13 13:15:01,867][__main__][INFO] - ✓ [grok-4-1-fast-reasoning] Temp=0.0 Rep=1 → Concordo
[2026-05-13 13:15:02,452][__main__][INFO] - ✓ [grok-4-1-fast-reasoning] Temp=0.0 Rep=1 → Discordo
[2026-05-13 13:15:02,593][__main__][INFO] - ✓ [grok-4-1-fast-reasoning] Temp=0.0 Rep=1 → Concordo fortemente
[2026-05-13 13:15:03,282][__main__][INFO] - ✓ [grok-4-1-fast-reasoning] Temp=0.0 Rep=1 → Neutro
[2026-05-13 13:15:03,711][__main__][INFO] - ✓ [grok-4-1-fast-reasoning] Temp=0.0 Rep=1 → Discordo fortemente
[2026-05-13 13:15:05,235][__main__][INFO] - ✓ [grok-4-1-fast-reasoning] Temp=0.0 Rep=1 → Concordo
[2026-05-13 13:15:05,555][__main__][INFO] - ✓ [grok-4-1-fast-reasoning] Temp=0.0 Rep=1 → Concordo fortemente
[2026-05-13 13:15:06,270][__main__][INFO] - ✓ [grok-4-1-fast-reasoning] Temp=0.0 Rep=1 → Concordo
[2026-05-13 13:15:06,376][__main__][INFO] - ✓ [grok-4-1-fast-reasoning] Temp=0.0 Rep=1 → Discordo
[2026-05-13 13:15:07,090][__main__][INFO] - ✓ [grok-4-1-fast-reasoning] Temp=0.0 Rep=1 → Concordo
[2026-05-13 13:15:08,923][__main__][INFO] - ✓ [grok-4-1-fast-reasoning] Temp=0.0 Rep=1 → Discordo fortemente
[2026-05-13 13:15:09,155][__main__][INFO] - ✓ [grok-4-1-fast-reasoning] Temp=0.0 Rep=1 → Concordo fortemente
[2026-05-13 13:15:10,178][__main__][INFO] - ✓ [grok-4-1-fast-reasoning] Temp=0.0 Rep=1 → Discordo fortemente
[2026-05-13 13:15:10,453][__main__][INFO] - ✓ [grok-4-1-fast-reasoning] Temp=0.0 Rep=1 → Concordo
[2026-05-13 13:15:13,608][__main__][INFO] - ✓ [grok-4-1-fast-reasoning] Temp=0.0 Rep=1 → Concordo fortemente
[2026-05-13 13:15:13,740][__main__][INFO] - Salvamento incremental (1040 novas respostas)...
[2026-05-13 13:15:13,815][__main__][INFO] - Cache salvo com 259500 entradas
[2026-05-13 13:15:13,816][__main__][INFO] - ✓ [grok-4-1-fast-reasoning] Temp=0.0 Rep=1 → Concordo fortemente
[2026-05-13 13:15:14,872][__main__][INFO] - ✓ [grok-4-1-fast-reasoning] Temp=0.0 Rep=1 → Concordo
[2026-05-13 13:15:15,999][__main__][INFO] - ✓ [grok-4-1-fast-reasoning] Temp=0.0 Rep=1 → Discordo fortemente
[2026-05-13 13:15:17,091][__main__][INFO] - ✓ [grok-4-1-fast-reasoning] Temp=0.0 Rep=1 → Discordo
[2026-05-13 13:15:17,534][__main__][INFO] - ✓ [grok-4-1-fast-reasoning] Temp=0.0 Rep=1 → Discordo fortemente
[2026-05-13 13:15:19,685][__main__][INFO] - ✓ [grok-4-1-fast-reasoning] Temp=0.0 Rep=1 → Discordo
[2026-05-13 13:15:19,686][__main__][INFO] - ✓ [grok-4-1-fast-reasoning] Temp=0.0 Rep=1 → Concordo fortemente
[2026-05-13 13:15:20,504][__main__][INFO] - ✓ [grok-4-1-fast-reasoning] Temp=0.0 Rep=1 → Concordo fortemente
[2026-05-13 13:15:21,528][__main__][INFO] - ✓ [grok-4-1-fast-reasoning] Temp=0.0 Rep=1 → Discordo fortemente
[2026-05-13 13:15:24,088][__main__][INFO] - ✓ [grok-4-1-fast-reasoning] Temp=0.0 Rep=1 → Concordo fortemente
[2026-05-13 13:15:25,830][__main__][INFO] - ✓ [grok-4-1-fast-reasoning] Temp=0.0 Rep=1 → Discordo fortemente
[2026-05-13 13:15:25,831][__main__][INFO] - ✓ [grok-4-1-fast-reasoning] Temp=0.0 Rep=1 → Concordo
[2026-05-13 13:15:25,936][__main__][INFO] - ✓ [grok-4-1-fast-reasoning] Temp=0.0 Rep=1 → Discordo fortemente
[2026-05-13 13:15:26,021][__main__][INFO] - ✓ [grok-4-1-fast-reasoning] Temp=0.0 Rep=1 → Concordo fortemente
[2026-05-13 13:15:26,353][__main__][INFO] - ✓ [grok-4-1-fast-reasoning] Temp=0.0 Rep=1 → Concordo fortemente
[2026-05-13 13:15:26,710][__main__][INFO] - ✓ [grok-4-1-fast-reasoning] Temp=0.0 Rep=1 → Discordo fortemente
[2026-05-13 13:15:28,697][__main__][INFO] - ✓ [grok-4-1-fast-reasoning] Temp=0.0 Rep=1 → Discordo fortemente
[2026-05-13 13:15:30,006][__main__][INFO] - ✓ [grok-4-1-fast-reasoning] Temp=0.0 Rep=1 → Concordo fortemente
[2026-05-13 13:15:30,135][__main__][INFO] - ✓ [grok-4-1-fast-reasoning] Temp=0.0 Rep=1 → Neutro
[2026-05-13 13:15:30,761][__main__][INFO] - ✓ [grok-4-1-fast-reasoning] Temp=0.0 Rep=1 → Discordo fortemente
[2026-05-13 13:15:31,270][__main__][INFO] - ✓ [grok-4-1-fast-reasoning] Temp=0.0 Rep=1 → Concordo
[2026-05-13 13:15:31,665][__main__][INFO] - ✓ [grok-4-1-fast-reasoning] Temp=0.0 Rep=1 → Concordo fortemente
[2026-05-13 13:15:32,690][__main__][INFO] - ✓ [grok-4-1-fast-reasoning] Temp=0.0 Rep=1 → Concordo fortemente
[2026-05-13 13:15:33,713][__main__][INFO] - ✓ [grok-4-1-fast-reasoning] Temp=0.0 Rep=1 → Concordo fortemente
[2026-05-13 13:15:33,733][__main__][INFO] - ✓ [grok-4-1-fast-reasoning] Temp=0.0 Rep=1 → Discordo
[2026-05-13 13:15:34,633][__main__][INFO] - ✓ [grok-4-1-fast-reasoning] Temp=0.0 Rep=1 → Concordo fortemente
[2026-05-13 13:15:34,775][__main__][INFO] - ✓ [grok-4-1-fast-reasoning] Temp=0.0 Rep=1 → Discordo fortemente
[2026-05-13 13:15:35,615][__main__][INFO] - ✓ [grok-4-1-fast-reasoning] Temp=0.0 Rep=1 → Concordo fortemente
[2026-05-13 13:15:37,299][__main__][INFO] - ✓ [grok-4-1-fast-reasoning] Temp=0.0 Rep=1 → Discordo fortemente
[2026-05-13 13:15:37,461][__main__][INFO] - ✓ [grok-4-1-fast-reasoning] Temp=0.0 Rep=1 → Discordo fortemente
[2026-05-13 13:15:38,323][__main__][INFO] - ✓ [grok-4-1-fast-reasoning] Temp=0.0 Rep=1 → Concordo fortemente
[2026-05-13 13:15:38,605][__main__][INFO] - ✓ [grok-4-1-fast-reasoning] Temp=0.0 Rep=1 → Discordo fortemente
[2026-05-13 13:15:39,624][__main__][INFO] - ✓ [grok-4-1-fast-reasoning] Temp=0.0 Rep=1 → Concordo fortemente
[2026-05-13 13:15:40,063][__main__][INFO] - ✓ [grok-4-1-fast-reasoning] Temp=0.0 Rep=1 → Neutro
[2026-05-13 13:15:40,336][__main__][INFO] - ✓ [grok-4-1-fast-reasoning] Temp=0.0 Rep=1 → Discordo fortemente
[2026-05-13 13:15:40,883][__main__][INFO] - ✓ [grok-4-1-fast-reasoning] Temp=0.0 Rep=1 → Concordo fortemente
[2026-05-13 13:15:44,039][__main__][INFO] - ✓ [grok-4-1-fast-reasoning] Temp=0.0 Rep=1 → Concordo fortemente
[2026-05-13 13:15:44,058][__main__][INFO] - ✓ [grok-4-1-fast-reasoning] Temp=0.0 Rep=1 → Concordo
[2026-05-13 13:15:45,286][__main__][INFO] - ✓ [grok-4-1-fast-reasoning] Temp=0.0 Rep=1 → Concordo fortemente
[2026-05-13 13:15:46,012][__main__][INFO] - ✓ [grok-4-1-fast-reasoning] Temp=0.0 Rep=1 → Concordo fortemente
[2026-05-13 13:15:46,719][__main__][INFO] - Salvamento incremental (1080 novas respostas)...
[2026-05-13 13:15:46,782][__main__][INFO] - Cache salvo com 259540 entradas
[2026-05-13 13:15:46,782][__main__][INFO] - ✓ [grok-4-1-fast-reasoning] Temp=0.0 Rep=1 → Concordo fortemente
[2026-05-13 13:15:47,744][__main__][INFO] - ✓ [grok-4-1-fast-reasoning] Temp=0.0 Rep=1 → Concordo
[2026-05-13 13:15:48,356][__main__][INFO] - ✓ [grok-4-1-fast-reasoning] Temp=0.0 Rep=1 → Discordo
[2026-05-13 13:15:48,807][__main__][INFO] - ✓ [grok-4-1-fast-reasoning] Temp=0.0 Rep=1 → Concordo fortemente
[2026-05-13 13:15:49,792][__main__][INFO] - ✓ [grok-4-1-fast-reasoning] Temp=0.0 Rep=1 → Concordo fortemente
[2026-05-13 13:15:50,200][__main__][INFO] - ✓ [grok-4-1-fast-reasoning] Temp=0.0 Rep=1 → Concordo fortemente
[2026-05-13 13:15:50,713][__main__][INFO] - ✓ [grok-4-1-fast-reasoning] Temp=0.0 Rep=1 → Concordo fortemente
[2026-05-13 13:15:51,431][__main__][INFO] - ✓ [grok-4-1-fast-reasoning] Temp=0.0 Rep=1 → Concordo fortemente
[2026-05-13 13:15:51,431][__main__][INFO] - ✓ [grok-4-1-fast-reasoning] Temp=0.0 Rep=1 → Concordo fortemente
[2026-05-13 13:15:52,043][__main__][INFO] - ✓ [grok-4-1-fast-reasoning] Temp=0.0 Rep=1 → Concordo fortemente
[2026-05-13 13:15:52,658][__main__][INFO] - ✓ [grok-4-1-fast-reasoning] Temp=0.0 Rep=1 → Concordo fortemente
[2026-05-13 13:15:53,015][__main__][INFO] - ✓ [grok-4-1-fast-reasoning] Temp=0.0 Rep=1 → Concordo fortemente
[2026-05-13 13:15:56,141][__main__][INFO] - ✓ [grok-4-1-fast-reasoning] Temp=0.0 Rep=1 → Concordo
[2026-05-13 13:15:56,354][__main__][INFO] - ✓ [grok-4-1-fast-reasoning] Temp=0.0 Rep=1 → Concordo fortemente
[2026-05-13 13:15:57,368][__main__][INFO] - ✓ [grok-4-1-fast-reasoning] Temp=0.0 Rep=1 → Concordo
[2026-05-13 13:15:57,676][__main__][INFO] - ✓ [grok-4-1-fast-reasoning] Temp=0.0 Rep=1 → Concordo
[2026-05-13 13:15:58,392][__main__][INFO] - ✓ [grok-4-1-fast-reasoning] Temp=0.0 Rep=1 → Concordo
[2026-05-13 13:15:59,315][__main__][INFO] - ✓ [grok-4-1-fast-reasoning] Temp=0.0 Rep=1 → Discordo
[2026-05-13 13:15:59,827][__main__][INFO] - ✓ [grok-4-1-fast-reasoning] Temp=0.0 Rep=1 → Concordo
[2026-05-13 13:16:01,727][__main__][INFO] - ✓ [grok-4-1-fast-reasoning] Temp=0.0 Rep=1 → Concordo
[2026-05-13 13:16:02,637][__main__][INFO] - ✓ [grok-4-1-fast-reasoning] Temp=0.0 Rep=1 → Concordo fortemente
[2026-05-13 13:16:02,754][__main__][INFO] - ✓ [grok-4-1-fast-reasoning] Temp=0.0 Rep=1 → Concordo
[2026-05-13 13:16:02,933][__main__][INFO] - ✓ [grok-4-1-fast-reasoning] Temp=0.0 Rep=1 → Concordo fortemente
[2026-05-13 13:16:03,206][__main__][INFO] - ✓ [grok-4-1-fast-reasoning] Temp=0.0 Rep=1 → Concordo
[2026-05-13 13:16:03,929][__main__][INFO] - ✓ [grok-4-1-fast-reasoning] Temp=0.0 Rep=1 → Concordo fortemente
[2026-05-13 13:16:05,017][__main__][INFO] - ✓ [grok-4-1-fast-reasoning] Temp=0.0 Rep=1 → Concordo fortemente
[2026-05-13 13:16:06,073][__main__][INFO] - ✓ [grok-4-1-fast-reasoning] Temp=0.0 Rep=1 → Discordo
[2026-05-13 13:16:07,144][__main__][INFO] - ✓ [grok-4-1-fast-reasoning] Temp=0.0 Rep=1 → Concordo fortemente
[2026-05-13 13:16:07,205][__main__][INFO] - ✓ [grok-4-1-fast-reasoning] Temp=0.0 Rep=1 → Discordo fortemente
[2026-05-13 13:16:07,917][__main__][INFO] - ✓ [grok-4-1-fast-reasoning] Temp=0.0 Rep=1 → Concordo fortemente
[2026-05-13 13:16:08,427][__main__][INFO] - ✓ [grok-4-1-fast-reasoning] Temp=0.0 Rep=1 → Concordo
[2026-05-13 13:16:09,694][__main__][INFO] - ✓ [grok-4-1-fast-reasoning] Temp=0.0 Rep=1 → Discordo
[2026-05-13 13:16:09,723][__main__][INFO] - ✓ [grok-4-1-fast-reasoning] Temp=0.0 Rep=1 → Concordo fortemente
[2026-05-13 13:16:10,650][__main__][INFO] - ✓ [grok-4-1-fast-reasoning] Temp=0.0 Rep=1 → Discordo fortemente
[2026-05-13 13:16:12,102][__main__][INFO] - ✓ [grok-4-1-fast-reasoning] Temp=0.0 Rep=1 → Concordo fortemente
[2026-05-13 13:16:12,421][__main__][INFO] - ✓ [grok-4-1-fast-reasoning] Temp=0.0 Rep=1 → Concordo
[2026-05-13 13:16:12,538][__main__][INFO] - ✓ [grok-4-1-fast-reasoning] Temp=0.0 Rep=1 → Concordo
[2026-05-13 13:16:12,870][__main__][INFO] - ✓ [grok-4-1-fast-reasoning] Temp=0.0 Rep=1 → Concordo
[2026-05-13 13:16:13,672][__main__][INFO] - ✓ [grok-4-1-fast-reasoning] Temp=0.0 Rep=1 → Concordo
[2026-05-13 13:16:14,163][__main__][INFO] - ✓ [grok-4-1-fast-reasoning] Temp=0.0 Rep=1 → Concordo
[2026-05-13 13:16:14,679][__main__][INFO] - Salvamento incremental (1120 novas respostas)...
[2026-05-13 13:16:14,730][__main__][INFO] - Cache salvo com 259580 entradas
[2026-05-13 13:16:14,731][__main__][INFO] - ✓ [grok-4-1-fast-reasoning] Temp=0.0 Rep=1 → Discordo fortemente
[2026-05-13 13:16:16,515][__main__][INFO] - ✓ [grok-4-1-fast-reasoning] Temp=0.0 Rep=1 → Concordo fortemente
[2026-05-13 13:16:17,337][__main__][INFO] - ✓ [grok-4-1-fast-reasoning] Temp=0.0 Rep=1 → Concordo
[2026-05-13 13:16:18,053][__main__][INFO] - ✓ [grok-4-1-fast-reasoning] Temp=0.0 Rep=1 → Concordo fortemente
[2026-05-13 13:16:18,307][__main__][INFO] - ✓ [grok-4-1-fast-reasoning] Temp=0.0 Rep=1 → Discordo fortemente
[2026-05-13 13:16:20,102][__main__][INFO] - ✓ [grok-4-1-fast-reasoning] Temp=0.0 Rep=1 → Discordo fortemente
[2026-05-13 13:16:21,330][__main__][INFO] - ✓ [grok-4-1-fast-reasoning] Temp=0.0 Rep=1 → Concordo fortemente
[2026-05-13 13:16:21,842][__main__][INFO] - ✓ [grok-4-1-fast-reasoning] Temp=0.0 Rep=1 → Discordo
[2026-05-13 13:16:21,978][__main__][INFO] - ✓ [grok-4-1-fast-reasoning] Temp=0.0 Rep=1 → Concordo fortemente
[2026-05-13 13:16:22,502][__main__][INFO] - ✓ [grok-4-1-fast-reasoning] Temp=0.0 Rep=1 → Concordo
[2026-05-13 13:16:23,073][__main__][INFO] - ✓ [grok-4-1-fast-reasoning] Temp=0.0 Rep=1 → Concordo fortemente
[2026-05-13 13:16:24,503][__main__][INFO] - ✓ [grok-4-1-fast-reasoning] Temp=0.0 Rep=1 → Concordo fortemente
[2026-05-13 13:16:24,644][__main__][INFO] - ✓ [grok-4-1-fast-reasoning] Temp=0.0 Rep=1 → Concordo fortemente
[2026-05-13 13:16:25,831][__main__][INFO] - ✓ [grok-4-1-fast-reasoning] Temp=0.0 Rep=1 → Discordo fortemente
[2026-05-13 13:16:27,474][__main__][INFO] - ✓ [grok-4-1-fast-reasoning] Temp=0.0 Rep=1 → Discordo fortemente
[2026-05-13 13:16:27,585][__main__][INFO] - ✓ [grok-4-1-fast-reasoning] Temp=0.0 Rep=1 → Concordo
[2026-05-13 13:16:28,293][__main__][INFO] - ✓ [grok-4-1-fast-reasoning] Temp=0.0 Rep=1 → Discordo fortemente
[2026-05-13 13:16:28,856][__main__][INFO] - ✓ [grok-4-1-fast-reasoning] Temp=0.0 Rep=1 → Concordo
[2026-05-13 13:16:28,857][__main__][INFO] - ✓ [grok-4-1-fast-reasoning] Temp=0.0 Rep=1 → Discordo
[2026-05-13 13:16:29,481][__main__][INFO] - ✓ [grok-4-1-fast-reasoning] Temp=0.0 Rep=1 → Discordo fortemente
[2026-05-13 13:16:30,382][__main__][INFO] - ✓ [grok-4-1-fast-reasoning] Temp=0.0 Rep=1 → Concordo fortemente
[2026-05-13 13:16:31,571][__main__][INFO] - ✓ [grok-4-1-fast-reasoning] Temp=0.0 Rep=1 → Concordo fortemente
[2026-05-13 13:16:35,462][__main__][INFO] - ✓ [grok-4-1-fast-reasoning] Temp=0.0 Rep=1 → Concordo fortemente
[2026-05-13 13:16:35,504][__main__][INFO] - ✓ [grok-4-1-fast-reasoning] Temp=0.0 Rep=1 → Discordo fortemente
[2026-05-13 13:16:36,179][__main__][INFO] - ✓ [grok-4-1-fast-reasoning] Temp=0.0 Rep=1 → Concordo fortemente
[2026-05-13 13:16:36,307][__main__][INFO] - ✓ [grok-4-1-fast-reasoning] Temp=0.0 Rep=1 → Concordo fortemente
[2026-05-13 13:16:37,181][__main__][INFO] - ✓ [grok-4-1-fast-reasoning] Temp=0.0 Rep=1 → Concordo fortemente
[2026-05-13 13:16:37,509][__main__][INFO] - ✓ [grok-4-1-fast-reasoning] Temp=0.0 Rep=1 → Concordo fortemente
[2026-05-13 13:16:37,919][__main__][INFO] - ✓ [grok-4-1-fast-reasoning] Temp=0.0 Rep=1 → Discordo fortemente
[2026-05-13 13:16:38,229][__main__][INFO] - ✓ [grok-4-1-fast-reasoning] Temp=0.0 Rep=1 → Concordo
[2026-05-13 13:16:39,353][__main__][INFO] - ✓ [grok-4-1-fast-reasoning] Temp=0.0 Rep=1 → Concordo
[2026-05-13 13:16:39,558][__main__][INFO] - ✓ [grok-4-1-fast-reasoning] Temp=0.0 Rep=1 → Concordo
[2026-05-13 13:16:42,424][__main__][INFO] - ✓ [grok-4-1-fast-reasoning] Temp=0.0 Rep=1 → Concordo fortemente
[2026-05-13 13:16:42,437][__main__][INFO] - ✓ [grok-4-1-fast-reasoning] Temp=0.0 Rep=1 → Discordo fortemente
[2026-05-13 13:16:42,563][__main__][INFO] - ✓ [grok-4-1-fast-reasoning] Temp=0.0 Rep=1 → Concordo
[2026-05-13 13:16:43,039][__main__][INFO] - ✓ [grok-4-1-fast-reasoning] Temp=0.0 Rep=1 → Concordo fortemente
[2026-05-13 13:16:43,707][__main__][INFO] - ✓ [grok-4-1-fast-reasoning] Temp=0.0 Rep=1 → Discordo fortemente
[2026-05-13 13:16:45,088][__main__][INFO] - ✓ [grok-4-1-fast-reasoning] Temp=0.0 Rep=1 → Discordo fortemente
[2026-05-13 13:16:46,620][__main__][INFO] - ✓ [grok-4-1-fast-reasoning] Temp=0.0 Rep=1 → Concordo fortemente
[2026-05-13 13:16:49,242][__main__][INFO] - ✓ [grok-4-1-fast-reasoning] Temp=0.0 Rep=1 → Concordo
[2026-05-13 13:16:49,375][__main__][INFO] - Salvamento incremental (1160 novas respostas)...
[2026-05-13 13:16:49,435][__main__][INFO] - Cache salvo com 259620 entradas
[2026-05-13 13:16:49,436][__main__][INFO] - ✓ [grok-4-1-fast-reasoning] Temp=0.0 Rep=1 → Concordo fortemente
[2026-05-13 13:16:49,437][__main__][INFO] - ✓ [grok-4-1-fast-reasoning] Temp=0.0 Rep=1 → Concordo fortemente
[2026-05-13 13:16:49,900][__main__][INFO] - ✓ [grok-4-1-fast-reasoning] Temp=0.0 Rep=1 → Discordo
[2026-05-13 13:16:50,515][__main__][INFO] - ✓ [grok-4-1-fast-reasoning] Temp=0.0 Rep=1 → Discordo fortemente
[2026-05-13 13:16:50,879][__main__][INFO] - ✓ [grok-4-1-fast-reasoning] Temp=0.0 Rep=1 → Concordo fortemente
[2026-05-13 13:16:51,502][__main__][INFO] - ✓ [grok-4-1-fast-reasoning] Temp=0.0 Rep=1 → Discordo fortemente
[2026-05-13 13:16:51,581][__main__][INFO] - ✓ [grok-4-1-fast-reasoning] Temp=0.0 Rep=1 → Concordo fortemente
[2026-05-13 13:16:51,736][__main__][INFO] - ✓ [grok-4-1-fast-reasoning] Temp=0.0 Rep=1 → Concordo
[2026-05-13 13:16:52,460][__main__][INFO] - ✓ [grok-4-1-fast-reasoning] Temp=0.0 Rep=1 → Concordo fortemente
[2026-05-13 13:16:53,500][__main__][INFO] - ✓ [grok-4-1-fast-reasoning] Temp=0.0 Rep=1 → Discordo fortemente
[2026-05-13 13:16:53,965][__main__][INFO] - ✓ [grok-4-1-fast-reasoning] Temp=0.0 Rep=1 → Concordo
[2026-05-13 13:16:54,610][__main__][INFO] - ✓ [grok-4-1-fast-reasoning] Temp=0.0 Rep=1 → Concordo fortemente
[2026-05-13 13:16:54,698][__main__][INFO] - ✓ [grok-4-1-fast-reasoning] Temp=0.0 Rep=1 → Concordo fortemente
[2026-05-13 13:16:54,818][__main__][INFO] - ✓ [grok-4-1-fast-reasoning] Temp=0.0 Rep=1 → Concordo fortemente
[2026-05-13 13:16:56,669][__main__][INFO] - ✓ [grok-4-1-fast-reasoning] Temp=0.0 Rep=1 → Concordo fortemente
[2026-05-13 13:16:56,841][__main__][INFO] - ✓ [grok-4-1-fast-reasoning] Temp=0.0 Rep=1 → Concordo fortemente
[2026-05-13 13:16:58,530][__main__][INFO] - ✓ [grok-4-1-fast-reasoning] Temp=0.0 Rep=1 → Concordo fortemente
[2026-05-13 13:16:59,461][__main__][INFO] - ✓ [grok-4-1-fast-reasoning] Temp=0.0 Rep=1 → Discordo fortemente
[2026-05-13 13:16:59,936][__main__][INFO] - ✓ [grok-4-1-fast-reasoning] Temp=0.0 Rep=1 → Concordo
[2026-05-13 13:17:00,447][__main__][INFO] - ✓ [grok-4-1-fast-reasoning] Temp=0.0 Rep=1 → Concordo fortemente
[2026-05-13 13:17:01,574][__main__][INFO] - ✓ [grok-4-1-fast-reasoning] Temp=0.0 Rep=1 → Concordo fortemente
[2026-05-13 13:17:01,927][__main__][INFO] - ✓ [grok-4-1-fast-reasoning] Temp=0.0 Rep=1 → Discordo fortemente
[2026-05-13 13:17:03,429][__main__][INFO] - ✓ [grok-4-1-fast-reasoning] Temp=0.0 Rep=1 → Discordo
[2026-05-13 13:17:04,236][__main__][INFO] - ✓ [grok-4-1-fast-reasoning] Temp=0.0 Rep=1 → Discordo fortemente
[2026-05-13 13:17:04,261][__main__][INFO] - ✓ [grok-4-1-fast-reasoning] Temp=0.0 Rep=1 → Concordo
[2026-05-13 13:17:05,875][__main__][INFO] - ✓ [grok-4-1-fast-reasoning] Temp=0.0 Rep=1 → Neutro
[2026-05-13 13:17:06,592][__main__][INFO] - ✓ [grok-4-1-fast-reasoning] Temp=0.0 Rep=1 → Discordo fortemente
[2026-05-13 13:17:07,434][__main__][INFO] - ✓ [grok-4-1-fast-reasoning] Temp=0.0 Rep=1 → Concordo
[2026-05-13 13:17:08,745][__main__][INFO] - ✓ [grok-4-1-fast-reasoning] Temp=0.0 Rep=1 → Concordo
[2026-05-13 13:17:09,168][__main__][INFO] - ✓ [grok-4-1-fast-reasoning] Temp=0.0 Rep=1 → Concordo
[2026-05-13 13:17:09,255][__main__][INFO] - ✓ [grok-4-1-fast-reasoning] Temp=0.0 Rep=1 → Concordo fortemente
[2026-05-13 13:17:09,281][__main__][INFO] - ✓ [grok-4-1-fast-reasoning] Temp=0.0 Rep=1 → Discordo fortemente
[2026-05-13 13:17:10,113][__main__][INFO] - ✓ [grok-4-1-fast-reasoning] Temp=0.0 Rep=1 → Discordo fortemente
[2026-05-13 13:17:10,739][__main__][INFO] - ✓ [grok-4-1-fast-reasoning] Temp=0.0 Rep=1 → Concordo fortemente
[2026-05-13 13:17:12,633][__main__][INFO] - ✓ [grok-4-1-fast-reasoning] Temp=0.0 Rep=1 → Discordo fortemente
[2026-05-13 13:17:14,076][__main__][INFO] - ✓ [grok-4-1-fast-reasoning] Temp=0.0 Rep=1 → Neutro
[2026-05-13 13:17:14,477][__main__][INFO] - ✓ [grok-4-1-fast-reasoning] Temp=0.0 Rep=1 → Concordo fortemente
[2026-05-13 13:17:14,989][__main__][INFO] - ✓ [grok-4-1-fast-reasoning] Temp=0.0 Rep=1 → Discordo fortemente
[2026-05-13 13:17:15,007][__main__][INFO] - ✓ [grok-4-1-fast-reasoning] Temp=0.0 Rep=1 → Concordo fortemente
[2026-05-13 13:17:16,012][__main__][INFO] - ✓ [grok-4-1-fast-reasoning] Temp=0.0 Rep=1 → Concordo
[2026-05-13 13:17:17,343][__main__][INFO] - Salvamento incremental (1200 novas respostas)...
[2026-05-13 13:17:17,402][__main__][INFO] - Cache salvo com 259660 entradas
[2026-05-13 13:17:17,402][__main__][INFO] - ✓ [grok-4-1-fast-reasoning] Temp=0.0 Rep=1 → Concordo fortemente
[2026-05-13 13:17:17,430][__main__][INFO] - ✓ [grok-4-1-fast-reasoning] Temp=0.0 Rep=1 → Discordo fortemente
[2026-05-13 13:17:17,626][__main__][INFO] - ✓ [grok-4-1-fast-reasoning] Temp=0.0 Rep=1 → Concordo fortemente
[2026-05-13 13:17:19,183][__main__][INFO] - ✓ [grok-4-1-fast-reasoning] Temp=0.0 Rep=1 → Discordo fortemente
[2026-05-13 13:17:19,670][__main__][INFO] - ✓ [grok-4-1-fast-reasoning] Temp=0.0 Rep=1 → Discordo
[2026-05-13 13:17:19,904][__main__][INFO] - ✓ [grok-4-1-fast-reasoning] Temp=0.0 Rep=1 → Discordo
[2026-05-13 13:17:20,427][__main__][INFO] - ✓ [grok-4-1-fast-reasoning] Temp=0.0 Rep=1 → Discordo
[2026-05-13 13:17:20,579][__main__][INFO] - ✓ [grok-4-1-fast-reasoning] Temp=0.0 Rep=1 → Discordo
[2026-05-13 13:17:22,272][__main__][INFO] - ✓ [grok-4-1-fast-reasoning] Temp=0.0 Rep=1 → Concordo fortemente
[2026-05-13 13:17:22,493][__main__][INFO] - ✓ [grok-4-1-fast-reasoning] Temp=0.0 Rep=1 → Discordo fortemente
[2026-05-13 13:17:23,077][__main__][INFO] - ✓ [grok-4-1-fast-reasoning] Temp=0.0 Rep=1 → Concordo fortemente
[2026-05-13 13:17:23,898][__main__][INFO] - ✓ [grok-4-1-fast-reasoning] Temp=0.0 Rep=1 → Discordo
[2026-05-13 13:17:24,894][__main__][INFO] - ✓ [grok-4-1-fast-reasoning] Temp=0.0 Rep=1 → Discordo
[2026-05-13 13:17:25,064][__main__][INFO] - ✓ [grok-4-1-fast-reasoning] Temp=0.0 Rep=1 → Discordo fortemente
[2026-05-13 13:17:28,610][__main__][INFO] - ✓ [grok-4-1-fast-reasoning] Temp=0.0 Rep=1 → Discordo
[2026-05-13 13:17:28,610][__main__][INFO] - ✓ [grok-4-1-fast-reasoning] Temp=0.0 Rep=1 → Concordo fortemente
[2026-05-13 13:17:28,638][__main__][INFO] - ✓ [grok-4-1-fast-reasoning] Temp=0.0 Rep=1 → Discordo fortemente
[2026-05-13 13:17:29,632][__main__][INFO] - ✓ [grok-4-1-fast-reasoning] Temp=0.0 Rep=1 → Concordo
[2026-05-13 13:17:30,147][__main__][INFO] - ✓ [grok-4-1-fast-reasoning] Temp=0.0 Rep=1 → Neutro
[2026-05-13 13:17:31,188][__main__][INFO] - ✓ [grok-4-1-fast-reasoning] Temp=0.0 Rep=1 → Concordo fortemente
[2026-05-13 13:17:31,189][__main__][INFO] - ✓ [grok-4-1-fast-reasoning] Temp=0.0 Rep=1 → Concordo
[2026-05-13 13:17:32,600][__main__][INFO] - ✓ [grok-4-1-fast-reasoning] Temp=0.0 Rep=1 → Concordo fortemente
[2026-05-13 13:17:33,831][__main__][INFO] - ✓ [grok-4-1-fast-reasoning] Temp=0.0 Rep=1 → Discordo fortemente
[2026-05-13 13:17:34,749][__main__][INFO] - ✓ [grok-4-1-fast-reasoning] Temp=0.0 Rep=1 → Concordo
[2026-05-13 13:17:35,570][__main__][INFO] - ✓ [grok-4-1-fast-reasoning] Temp=0.0 Rep=1 → Discordo
[2026-05-13 13:17:36,492][__main__][INFO] - ✓ [grok-4-1-fast-reasoning] Temp=0.0 Rep=1 → Concordo fortemente
[2026-05-13 13:17:36,585][__main__][INFO] - ✓ [grok-4-1-fast-reasoning] Temp=0.0 Rep=1 → Concordo fortemente
[2026-05-13 13:17:37,721][__main__][INFO] - ✓ [grok-4-1-fast-reasoning] Temp=0.0 Rep=1 → Concordo fortemente
[2026-05-13 13:17:38,040][__main__][INFO] - ✓ [grok-4-1-fast-reasoning] Temp=0.0 Rep=1 → Discordo fortemente
[2026-05-13 13:17:38,541][__main__][INFO] - ✓ [grok-4-1-fast-reasoning] Temp=0.0 Rep=1 → Discordo fortemente
[2026-05-13 13:17:40,180][__main__][INFO] - ✓ [grok-4-1-fast-reasoning] Temp=0.0 Rep=1 → Concordo fortemente
[2026-05-13 13:17:40,181][__main__][INFO] - ✓ [grok-4-1-fast-reasoning] Temp=0.0 Rep=1 → Discordo
[2026-05-13 13:17:41,408][__main__][INFO] - ✓ [grok-4-1-fast-reasoning] Temp=0.0 Rep=1 → Concordo fortemente
[2026-05-13 13:17:41,790][__main__][INFO] - ✓ [grok-4-1-fast-reasoning] Temp=0.0 Rep=1 → Discordo fortemente
[2026-05-13 13:17:41,927][__main__][INFO] - ✓ [grok-4-1-fast-reasoning] Temp=0.0 Rep=1 → Discordo fortemente
[2026-05-13 13:17:42,033][__main__][INFO] - ✓ [grok-4-1-fast-reasoning] Temp=0.0 Rep=1 → Discordo
[2026-05-13 13:17:42,197][__main__][INFO] - ✓ [grok-4-1-fast-reasoning] Temp=0.0 Rep=1 → Discordo fortemente
[2026-05-13 13:17:43,968][__main__][INFO] - ✓ [grok-4-1-fast-reasoning] Temp=0.0 Rep=1 → Concordo fortemente
[2026-05-13 13:17:44,991][__main__][INFO] - ✓ [grok-4-1-fast-reasoning] Temp=0.0 Rep=1 → Concordo fortemente
[2026-05-13 13:17:45,869][__main__][INFO] - ✓ [grok-4-1-fast-reasoning] Temp=0.0 Rep=1 → Concordo
[2026-05-13 13:17:46,396][__main__][INFO] - Salvamento incremental (1240 novas respostas)...
[2026-05-13 13:17:46,451][__main__][INFO] - Cache salvo com 259700 entradas
[2026-05-13 13:17:46,452][__main__][INFO] - ✓ [grok-4-1-fast-reasoning] Temp=0.0 Rep=1 → Concordo fortemente
[2026-05-13 13:17:46,937][__main__][INFO] - ✓ [grok-4-1-fast-reasoning] Temp=0.0 Rep=1 → Concordo fortemente
[2026-05-13 13:17:47,143][__main__][INFO] - ✓ [grok-4-1-fast-reasoning] Temp=0.0 Rep=1 → Concordo fortemente
[2026-05-13 13:17:48,064][__main__][INFO] - ✓ [grok-4-1-fast-reasoning] Temp=0.0 Rep=1 → Discordo fortemente
[2026-05-13 13:17:49,183][__main__][INFO] - ✓ [grok-4-1-fast-reasoning] Temp=0.0 Rep=1 → Concordo fortemente
[2026-05-13 13:17:49,299][__main__][INFO] - ✓ [grok-4-1-fast-reasoning] Temp=0.0 Rep=1 → Discordo fortemente
[2026-05-13 13:17:49,537][__main__][INFO] - ✓ [grok-4-1-fast-reasoning] Temp=0.0 Rep=1 → Discordo
[2026-05-13 13:17:50,111][__main__][INFO] - ✓ [grok-4-1-fast-reasoning] Temp=0.0 Rep=1 → Concordo fortemente
[2026-05-13 13:17:51,955][__main__][INFO] - ✓ [grok-4-1-fast-reasoning] Temp=0.0 Rep=1 → Concordo
[2026-05-13 13:17:53,902][__main__][INFO] - ✓ [grok-4-1-fast-reasoning] Temp=0.0 Rep=1 → Discordo fortemente
[2026-05-13 13:17:53,903][__main__][INFO] - ✓ [grok-4-1-fast-reasoning] Temp=0.0 Rep=1 → Discordo fortemente
[2026-05-13 13:17:53,979][__main__][INFO] - ✓ [grok-4-1-fast-reasoning] Temp=0.0 Rep=1 → Discordo
[2026-05-13 13:17:54,052][__main__][INFO] - ✓ [grok-4-1-fast-reasoning] Temp=0.0 Rep=1 → Concordo fortemente
[2026-05-13 13:17:54,925][__main__][INFO] - ✓ [grok-4-1-fast-reasoning] Temp=0.0 Rep=1 → Discordo
[2026-05-13 13:17:55,438][__main__][INFO] - ✓ [grok-4-1-fast-reasoning] Temp=0.0 Rep=1 → Concordo fortemente
[2026-05-13 13:17:56,973][__main__][INFO] - ✓ [grok-4-1-fast-reasoning] Temp=0.0 Rep=1 → Concordo
[2026-05-13 13:17:57,188][__main__][INFO] - ✓ [grok-4-1-fast-reasoning] Temp=0.0 Rep=1 → Concordo fortemente
[2026-05-13 13:17:57,690][__main__][INFO] - ✓ [grok-4-1-fast-reasoning] Temp=0.0 Rep=1 → Concordo
[2026-05-13 13:17:58,981][__main__][INFO] - ✓ [grok-4-1-fast-reasoning] Temp=0.0 Rep=1 → Discordo
[2026-05-13 13:17:59,166][__main__][INFO] - ✓ [grok-4-1-fast-reasoning] Temp=0.0 Rep=1 → Concordo fortemente
[2026-05-13 13:18:00,046][__main__][INFO] - ✓ [grok-4-1-fast-reasoning] Temp=0.0 Rep=1 → Concordo fortemente
[2026-05-13 13:18:00,762][__main__][INFO] - ✓ [grok-4-1-fast-reasoning] Temp=0.0 Rep=1 → Concordo
[2026-05-13 13:18:01,391][__main__][INFO] - ✓ [grok-4-1-fast-reasoning] Temp=0.0 Rep=1 → Discordo fortemente
[2026-05-13 13:18:02,196][__main__][INFO] - ✓ [grok-4-1-fast-reasoning] Temp=0.0 Rep=1 → Discordo fortemente
[2026-05-13 13:18:02,305][__main__][INFO] - ✓ [grok-4-1-fast-reasoning] Temp=0.0 Rep=1 → Concordo fortemente
[2026-05-13 13:18:03,897][__main__][INFO] - ✓ [grok-4-1-fast-reasoning] Temp=0.0 Rep=1 → Concordo fortemente
[2026-05-13 13:18:03,923][__main__][INFO] - ✓ [grok-4-1-fast-reasoning] Temp=0.0 Rep=1 → Discordo fortemente
[2026-05-13 13:18:04,740][__main__][INFO] - ✓ [grok-4-1-fast-reasoning] Temp=0.0 Rep=1 → Concordo fortemente
[2026-05-13 13:18:04,740][__main__][INFO] - ✓ [grok-4-1-fast-reasoning] Temp=0.0 Rep=1 → Concordo fortemente
[2026-05-13 13:18:04,741][__main__][INFO] - ✓ [grok-4-1-fast-reasoning] Temp=0.0 Rep=1 → Concordo
[2026-05-13 13:18:04,741][__main__][INFO] - ✓ [grok-4-1-fast-reasoning] Temp=0.0 Rep=1 → Discordo
[2026-05-13 13:18:06,598][__main__][INFO] - ✓ [grok-4-1-fast-reasoning] Temp=0.0 Rep=1 → Discordo fortemente
[2026-05-13 13:18:06,730][__main__][INFO] - ✓ [grok-4-1-fast-reasoning] Temp=0.0 Rep=1 → Concordo fortemente
[2026-05-13 13:18:09,260][__main__][INFO] - ✓ [grok-4-1-fast-reasoning] Temp=0.0 Rep=1 → Concordo fortemente
[2026-05-13 13:18:09,772][__main__][INFO] - ✓ [grok-4-1-fast-reasoning] Temp=0.0 Rep=1 → Concordo fortemente
[2026-05-13 13:18:10,125][__main__][INFO] - ✓ [grok-4-1-fast-reasoning] Temp=0.0 Rep=1 → Concordo fortemente
[2026-05-13 13:18:11,308][__main__][INFO] - ✓ [grok-4-1-fast-reasoning] Temp=0.0 Rep=1 → Discordo fortemente
[2026-05-13 13:18:11,820][__main__][INFO] - ✓ [grok-4-1-fast-reasoning] Temp=0.0 Rep=1 → Concordo
[2026-05-13 13:18:12,644][__main__][INFO] - ✓ [grok-4-1-fast-reasoning] Temp=0.0 Rep=1 → Concordo fortemente
[2026-05-13 13:18:13,664][__main__][INFO] - ✓ [grok-4-1-fast-reasoning] Temp=0.0 Rep=1 → Discordo
[2026-05-13 13:18:13,849][__main__][INFO] - Salvamento incremental (1280 novas respostas)...
[2026-05-13 13:18:13,908][__main__][INFO] - Cache salvo com 259740 entradas
[2026-05-13 13:18:13,908][__main__][INFO] - ✓ [grok-4-1-fast-reasoning] Temp=0.0 Rep=1 → Concordo
[2026-05-13 13:18:14,789][__main__][INFO] - ✓ [grok-4-1-fast-reasoning] Temp=0.0 Rep=1 → Concordo fortemente
[2026-05-13 13:18:15,135][__main__][INFO] - ✓ [grok-4-1-fast-reasoning] Temp=0.0 Rep=1 → Discordo fortemente
[2026-05-13 13:18:16,840][__main__][INFO] - ✓ [grok-4-1-fast-reasoning] Temp=0.0 Rep=1 → Concordo fortemente
[2026-05-13 13:18:17,557][__main__][INFO] - ✓ [grok-4-1-fast-reasoning] Temp=0.0 Rep=1 → Concordo fortemente
[2026-05-13 13:18:18,272][__main__][INFO] - ✓ [grok-4-1-fast-reasoning] Temp=0.0 Rep=1 → Concordo
[2026-05-13 13:18:19,089][__main__][INFO] - ✓ [grok-4-1-fast-reasoning] Temp=0.0 Rep=1 → Discordo fortemente
[2026-05-13 13:18:19,503][__main__][INFO] - ✓ [grok-4-1-fast-reasoning] Temp=0.0 Rep=1 → Discordo fortemente
[2026-05-13 13:18:20,471][__main__][INFO] - ✓ [grok-4-1-fast-reasoning] Temp=0.0 Rep=1 → Concordo fortemente
[2026-05-13 13:18:21,548][__main__][INFO] - ✓ [grok-4-1-fast-reasoning] Temp=0.0 Rep=1 → Discordo
[2026-05-13 13:18:22,786][__main__][INFO] - ✓ [grok-4-1-fast-reasoning] Temp=0.0 Rep=1 → Concordo fortemente
[2026-05-13 13:18:22,991][__main__][INFO] - ✓ [grok-4-1-fast-reasoning] Temp=0.0 Rep=1 → Concordo
[2026-05-13 13:18:23,156][__main__][INFO] - ✓ [grok-4-1-fast-reasoning] Temp=0.0 Rep=1 → Concordo
[2026-05-13 13:18:23,903][__main__][INFO] - ✓ [grok-4-1-fast-reasoning] Temp=0.0 Rep=1 → Concordo fortemente
[2026-05-13 13:18:25,030][__main__][INFO] - ✓ [grok-4-1-fast-reasoning] Temp=0.0 Rep=1 → Concordo fortemente
[2026-05-13 13:18:25,715][__main__][INFO] - ✓ [grok-4-1-fast-reasoning] Temp=0.0 Rep=1 → Discordo fortemente
[2026-05-13 13:18:25,905][__main__][INFO] - ✓ [grok-4-1-fast-reasoning] Temp=0.0 Rep=1 → Concordo fortemente
[2026-05-13 13:18:27,339][__main__][INFO] - ✓ [grok-4-1-fast-reasoning] Temp=0.0 Rep=1 → Concordo fortemente
[2026-05-13 13:18:27,885][__main__][INFO] - ✓ [grok-4-1-fast-reasoning] Temp=0.0 Rep=1 → Concordo fortemente
[2026-05-13 13:18:29,125][__main__][INFO] - ✓ [grok-4-1-fast-reasoning] Temp=0.0 Rep=1 → Discordo
[2026-05-13 13:18:31,689][__main__][INFO] - ✓ [grok-4-1-fast-reasoning] Temp=0.0 Rep=1 → Discordo
[2026-05-13 13:18:32,300][__main__][INFO] - ✓ [grok-4-1-fast-reasoning] Temp=0.0 Rep=1 → Concordo fortemente
[2026-05-13 13:18:32,364][__main__][INFO] - ✓ [grok-4-1-fast-reasoning] Temp=0.0 Rep=1 → Discordo
[2026-05-13 13:18:32,914][__main__][INFO] - ✓ [grok-4-1-fast-reasoning] Temp=0.0 Rep=1 → Concordo fortemente
[2026-05-13 13:18:33,354][__main__][INFO] - ✓ [grok-4-1-fast-reasoning] Temp=0.0 Rep=1 → Discordo fortemente
[2026-05-13 13:18:33,580][__main__][INFO] - ✓ [grok-4-1-fast-reasoning] Temp=0.0 Rep=1 → Discordo fortemente
[2026-05-13 13:18:34,497][__main__][INFO] - ✓ [grok-4-1-fast-reasoning] Temp=0.0 Rep=1 → Concordo fortemente
[2026-05-13 13:18:36,201][__main__][INFO] - ✓ [grok-4-1-fast-reasoning] Temp=0.0 Rep=1 → Concordo fortemente
[2026-05-13 13:18:37,860][__main__][INFO] - ✓ [grok-4-1-fast-reasoning] Temp=0.0 Rep=1 → Discordo
[2026-05-13 13:18:38,893][__main__][INFO] - ✓ [grok-4-1-fast-reasoning] Temp=0.0 Rep=1 → Discordo fortemente
[2026-05-13 13:18:39,095][__main__][INFO] - ✓ [grok-4-1-fast-reasoning] Temp=0.0 Rep=1 → Neutro
[2026-05-13 13:18:39,455][__main__][INFO] - ✓ [grok-4-1-fast-reasoning] Temp=0.0 Rep=1 → Concordo fortemente
[2026-05-13 13:18:39,461][__main__][INFO] - ✓ [grok-4-1-fast-reasoning] Temp=0.0 Rep=1 → Discordo fortemente
[2026-05-13 13:18:40,084][__main__][INFO] - ✓ [grok-4-1-fast-reasoning] Temp=0.0 Rep=1 → Concordo fortemente
[2026-05-13 13:18:40,086][__main__][INFO] - ✓ [grok-4-1-fast-reasoning] Temp=0.0 Rep=1 → Concordo fortemente
[2026-05-13 13:18:40,086][__main__][INFO] - ✓ [grok-4-1-fast-reasoning] Temp=0.0 Rep=1 → Discordo
[2026-05-13 13:18:41,006][__main__][INFO] - ✓ [grok-4-1-fast-reasoning] Temp=0.0 Rep=1 → Concordo fortemente
[2026-05-13 13:18:41,106][__main__][INFO] - ✓ [grok-4-1-fast-reasoning] Temp=0.0 Rep=1 → Discordo
[2026-05-13 13:18:42,541][__main__][INFO] - ✓ [grok-4-1-fast-reasoning] Temp=0.0 Rep=1 → Concordo fortemente
[2026-05-13 13:18:43,442][__main__][INFO] - ✓ [grok-4-1-fast-reasoning] Temp=0.0 Rep=1 → Neutro
[2026-05-13 13:18:45,223][__main__][INFO] - Salvamento incremental (1320 novas respostas)...
[2026-05-13 13:18:45,278][__main__][INFO] - Cache salvo com 259780 entradas
[2026-05-13 13:18:45,278][__main__][INFO] - ✓ [grok-4-1-fast-reasoning] Temp=0.0 Rep=1 → Concordo fortemente
[2026-05-13 13:18:45,762][__main__][INFO] - ✓ [grok-4-1-fast-reasoning] Temp=0.0 Rep=1 → Concordo fortemente
[2026-05-13 13:18:47,018][__main__][INFO] - ✓ [grok-4-1-fast-reasoning] Temp=0.0 Rep=1 → Discordo
[2026-05-13 13:18:48,481][__main__][INFO] - ✓ [grok-4-1-fast-reasoning] Temp=0.0 Rep=1 → Concordo fortemente
[2026-05-13 13:18:48,482][__main__][INFO] - ✓ [grok-4-1-fast-reasoning] Temp=0.0 Rep=1 → Discordo fortemente
[2026-05-13 13:18:48,820][__main__][INFO] - ✓ [grok-4-1-fast-reasoning] Temp=0.0 Rep=1 → Concordo fortemente
[2026-05-13 13:18:49,402][__main__][INFO] - ✓ [grok-4-1-fast-reasoning] Temp=0.0 Rep=1 → Concordo
[2026-05-13 13:18:50,119][__main__][INFO] - ✓ [grok-4-1-fast-reasoning] Temp=0.0 Rep=1 → Concordo fortemente
[2026-05-13 13:18:50,413][__main__][INFO] - ✓ [grok-4-1-fast-reasoning] Temp=0.0 Rep=1 → Discordo
[2026-05-13 13:18:50,732][__main__][INFO] - ✓ [grok-4-1-fast-reasoning] Temp=0.0 Rep=1 → Discordo
[2026-05-13 13:18:52,041][__main__][INFO] - ✓ [grok-4-1-fast-reasoning] Temp=0.0 Rep=1 → Discordo fortemente
[2026-05-13 13:18:52,478][__main__][INFO] - ✓ [grok-4-1-fast-reasoning] Temp=0.0 Rep=1 → Discordo fortemente
[2026-05-13 13:18:53,278][__main__][INFO] - ✓ [grok-4-1-fast-reasoning] Temp=0.0 Rep=1 → Discordo fortemente
[2026-05-13 13:18:54,113][__main__][INFO] - ✓ [grok-4-1-fast-reasoning] Temp=0.0 Rep=1 → Concordo fortemente
[2026-05-13 13:18:54,140][__main__][INFO] - ✓ [grok-4-1-fast-reasoning] Temp=0.0 Rep=1 → Discordo fortemente
[2026-05-13 13:18:56,876][__main__][INFO] - ✓ [grok-4-1-fast-reasoning] Temp=0.0 Rep=1 → Concordo fortemente
[2026-05-13 13:18:57,561][__main__][INFO] - ✓ [grok-4-1-fast-reasoning] Temp=0.0 Rep=1 → Discordo
[2026-05-13 13:18:58,823][__main__][INFO] - ✓ [grok-4-1-fast-reasoning] Temp=0.0 Rep=1 → Discordo fortemente
[2026-05-13 13:19:00,155][__main__][INFO] - ✓ [grok-4-1-fast-reasoning] Temp=0.0 Rep=1 → Discordo fortemente
[2026-05-13 13:19:00,366][__main__][INFO] - ✓ [grok-4-1-fast-reasoning] Temp=0.0 Rep=1 → Discordo
[2026-05-13 13:19:00,665][__main__][INFO] - ✓ [grok-4-1-fast-reasoning] Temp=0.0 Rep=1 → Neutro
[2026-05-13 13:19:01,485][__main__][INFO] - ✓ [grok-4-1-fast-reasoning] Temp=0.0 Rep=1 → Concordo fortemente
[2026-05-13 13:19:01,690][__main__][INFO] - ✓ [grok-4-1-fast-reasoning] Temp=0.0 Rep=1 → Discordo fortemente
[2026-05-13 13:19:01,702][__main__][INFO] - ✓ [grok-4-1-fast-reasoning] Temp=0.0 Rep=1 → Discordo
[2026-05-13 13:19:02,203][__main__][INFO] - ✓ [grok-4-1-fast-reasoning] Temp=0.0 Rep=1 → Discordo fortemente
[2026-05-13 13:19:02,433][__main__][INFO] - ✓ [grok-4-1-fast-reasoning] Temp=0.0 Rep=1 → Concordo fortemente
[2026-05-13 13:19:05,068][__main__][INFO] - ✓ [grok-4-1-fast-reasoning] Temp=0.0 Rep=1 → Discordo fortemente
[2026-05-13 13:19:05,217][__main__][INFO] - ✓ [grok-4-1-fast-reasoning] Temp=0.0 Rep=1 → Discordo
[2026-05-13 13:19:06,093][__main__][INFO] - ✓ [grok-4-1-fast-reasoning] Temp=0.0 Rep=1 → Concordo fortemente
[2026-05-13 13:19:06,185][__main__][INFO] - ✓ [grok-4-1-fast-reasoning] Temp=0.0 Rep=1 → Discordo fortemente
[2026-05-13 13:19:06,607][__main__][INFO] - ✓ [grok-4-1-fast-reasoning] Temp=0.0 Rep=1 → Discordo
[2026-05-13 13:19:07,220][__main__][INFO] - ✓ [grok-4-1-fast-reasoning] Temp=0.0 Rep=1 → Discordo
[2026-05-13 13:19:07,524][__main__][INFO] - ✓ [grok-4-1-fast-reasoning] Temp=0.0 Rep=1 → Concordo fortemente
[2026-05-13 13:19:08,757][__main__][INFO] - ✓ [grok-4-1-fast-reasoning] Temp=0.0 Rep=1 → Discordo fortemente
[2026-05-13 13:19:08,805][__main__][INFO] - ✓ [grok-4-1-fast-reasoning] Temp=0.0 Rep=1 → Concordo fortemente
[2026-05-13 13:19:10,067][__main__][INFO] - ✓ [grok-4-1-fast-reasoning] Temp=0.0 Rep=1 → Discordo fortemente
[2026-05-13 13:19:10,498][__main__][INFO] - ✓ [grok-4-1-fast-reasoning] Temp=0.0 Rep=1 → Discordo
[2026-05-13 13:19:10,628][__main__][INFO] - ✓ [grok-4-1-fast-reasoning] Temp=0.0 Rep=1 → Concordo fortemente
[2026-05-13 13:19:10,804][__main__][INFO] - ✓ [grok-4-1-fast-reasoning] Temp=0.0 Rep=1 → Concordo
[2026-05-13 13:19:12,178][__main__][INFO] - ✓ [grok-4-1-fast-reasoning] Temp=0.0 Rep=1 → Neutro
[2026-05-13 13:19:13,773][__main__][INFO] - Salvamento incremental (1360 novas respostas)...
[2026-05-13 13:19:13,818][__main__][INFO] - Cache salvo com 259820 entradas
[2026-05-13 13:19:13,818][__main__][INFO] - ✓ [grok-4-1-fast-reasoning] Temp=0.0 Rep=1 → Discordo fortemente
[2026-05-13 13:19:14,477][__main__][INFO] - ✓ [grok-4-1-fast-reasoning] Temp=0.0 Rep=1 → Discordo
[2026-05-13 13:19:14,478][__main__][INFO] - ✓ [grok-4-1-fast-reasoning] Temp=0.0 Rep=1 → Neutro
[2026-05-13 13:19:14,996][__main__][INFO] - ✓ [grok-4-1-fast-reasoning] Temp=0.0 Rep=1 → Concordo fortemente
[2026-05-13 13:19:16,846][__main__][INFO] - ✓ [grok-4-1-fast-reasoning] Temp=0.0 Rep=1 → Concordo
[2026-05-13 13:19:17,357][__main__][INFO] - ✓ [grok-4-1-fast-reasoning] Temp=0.0 Rep=1 → Discordo fortemente
[2026-05-13 13:19:19,200][__main__][INFO] - ✓ [grok-4-1-fast-reasoning] Temp=0.0 Rep=1 → Discordo
[2026-05-13 13:19:19,227][__main__][INFO] - ✓ [grok-4-1-fast-reasoning] Temp=0.0 Rep=1 → Concordo fortemente
[2026-05-13 13:19:19,293][__main__][INFO] - ✓ [grok-4-1-fast-reasoning] Temp=0.0 Rep=1 → Concordo
[2026-05-13 13:19:21,657][__main__][INFO] - ✓ [grok-4-1-fast-reasoning] Temp=0.0 Rep=1 → Concordo
[2026-05-13 13:19:21,814][__main__][INFO] - ✓ [grok-4-1-fast-reasoning] Temp=0.0 Rep=1 → Discordo fortemente
[2026-05-13 13:19:22,477][__main__][INFO] - ✓ [grok-4-1-fast-reasoning] Temp=0.0 Rep=1 → Concordo
[2026-05-13 13:19:23,706][__main__][INFO] - ✓ [grok-4-1-fast-reasoning] Temp=0.0 Rep=1 → Concordo fortemente
[2026-05-13 13:19:25,344][__main__][INFO] - ✓ [grok-4-1-fast-reasoning] Temp=0.0 Rep=1 → Concordo
[2026-05-13 13:19:26,044][__main__][INFO] - ✓ [grok-4-1-fast-reasoning] Temp=0.0 Rep=1 → Concordo fortemente
[2026-05-13 13:19:26,789][__main__][INFO] - ✓ [grok-4-1-fast-reasoning] Temp=0.0 Rep=1 → Concordo
[2026-05-13 13:19:26,874][__main__][INFO] - ✓ [grok-4-1-fast-reasoning] Temp=0.0 Rep=1 → Concordo
[2026-05-13 13:19:28,111][__main__][INFO] - ✓ [grok-4-1-fast-reasoning] Temp=0.0 Rep=1 → Concordo
[2026-05-13 13:19:28,415][__main__][INFO] - ✓ [grok-4-1-fast-reasoning] Temp=0.0 Rep=1 → Concordo fortemente
[2026-05-13 13:19:29,440][__main__][INFO] - ✓ [grok-4-1-fast-reasoning] Temp=0.0 Rep=1 → Concordo fortemente
[2026-05-13 13:19:30,566][__main__][INFO] - ✓ [grok-4-1-fast-reasoning] Temp=0.0 Rep=1 → Concordo fortemente
[2026-05-13 13:19:31,488][__main__][INFO] - ✓ [grok-4-1-fast-reasoning] Temp=0.0 Rep=1 → Discordo fortemente
[2026-05-13 13:19:31,795][__main__][INFO] - ✓ [grok-4-1-fast-reasoning] Temp=0.0 Rep=1 → Concordo fortemente
[2026-05-13 13:19:33,274][__main__][INFO] - ✓ [grok-4-1-fast-reasoning] Temp=0.0 Rep=1 → Concordo fortemente
[2026-05-13 13:19:34,150][__main__][INFO] - ✓ [grok-4-1-fast-reasoning] Temp=0.0 Rep=1 → Discordo fortemente
[2026-05-13 13:19:34,201][__main__][INFO] - ✓ [grok-4-1-fast-reasoning] Temp=0.0 Rep=1 → Concordo fortemente
[2026-05-13 13:19:34,352][__main__][INFO] - ✓ [grok-4-1-fast-reasoning] Temp=0.0 Rep=1 → Concordo fortemente
[2026-05-13 13:19:35,584][__main__][INFO] - ✓ [grok-4-1-fast-reasoning] Temp=0.0 Rep=1 → Concordo fortemente
[2026-05-13 13:19:37,999][__main__][INFO] - ✓ [grok-4-1-fast-reasoning] Temp=0.0 Rep=1 → Concordo fortemente
[2026-05-13 13:19:38,554][__main__][INFO] - ✓ [grok-4-1-fast-reasoning] Temp=0.0 Rep=1 → Concordo fortemente
[2026-05-13 13:19:38,595][__main__][INFO] - ✓ [grok-4-1-fast-reasoning] Temp=0.0 Rep=1 → Concordo
[2026-05-13 13:19:38,868][__main__][INFO] - ✓ [grok-4-1-fast-reasoning] Temp=0.0 Rep=1 → Concordo
[2026-05-13 13:19:39,373][__main__][INFO] - ✓ [grok-4-1-fast-reasoning] Temp=0.0 Rep=1 → Discordo fortemente
[2026-05-13 13:19:40,091][__main__][INFO] - ✓ [grok-4-1-fast-reasoning] Temp=0.0 Rep=1 → Discordo fortemente
[2026-05-13 13:19:40,909][__main__][INFO] - ✓ [grok-4-1-fast-reasoning] Temp=0.0 Rep=1 → Concordo fortemente
[2026-05-13 13:19:41,115][__main__][INFO] - ✓ [grok-4-1-fast-reasoning] Temp=0.0 Rep=1 → Discordo fortemente
[2026-05-13 13:19:41,453][__main__][INFO] - ✓ [grok-4-1-fast-reasoning] Temp=0.0 Rep=1 → Discordo
[2026-05-13 13:19:41,831][__main__][INFO] - ✓ [grok-4-1-fast-reasoning] Temp=0.0 Rep=1 → Neutro
[2026-05-13 13:19:43,829][__main__][INFO] - ✓ [grok-4-1-fast-reasoning] Temp=0.0 Rep=1 → Neutro
[2026-05-13 13:19:44,883][__main__][INFO] - ✓ [grok-4-1-fast-reasoning] Temp=0.0 Rep=1 → Concordo fortemente
[2026-05-13 13:19:45,421][__main__][INFO] - Salvamento incremental (1400 novas respostas)...
[2026-05-13 13:19:45,483][__main__][INFO] - Cache salvo com 259860 entradas
[2026-05-13 13:19:45,484][__main__][INFO] - ✓ [grok-4-1-fast-reasoning] Temp=0.0 Rep=1 → Discordo
[2026-05-13 13:19:46,133][__main__][INFO] - ✓ [grok-4-1-fast-reasoning] Temp=0.0 Rep=1 → Neutro
[2026-05-13 13:19:46,642][__main__][INFO] - ✓ [grok-4-1-fast-reasoning] Temp=0.0 Rep=1 → Concordo fortemente
[2026-05-13 13:19:48,488][__main__][INFO] - ✓ [grok-4-1-fast-reasoning] Temp=0.0 Rep=1 → Concordo
[2026-05-13 13:19:48,518][__main__][INFO] - ✓ [grok-4-1-fast-reasoning] Temp=0.0 Rep=1 → Discordo fortemente
[2026-05-13 13:19:48,980][__main__][INFO] - ✓ [grok-4-1-fast-reasoning] Temp=0.0 Rep=1 → Discordo fortemente
[2026-05-13 13:19:50,944][__main__][INFO] - ✓ [grok-4-1-fast-reasoning] Temp=0.0 Rep=1 → Concordo fortemente
[2026-05-13 13:19:54,016][__main__][INFO] - ✓ [grok-4-1-fast-reasoning] Temp=0.0 Rep=1 → Concordo fortemente
[2026-05-13 13:19:54,303][__main__][INFO] - ✓ [grok-4-1-fast-reasoning] Temp=0.0 Rep=1 → Concordo
[2026-05-13 13:19:55,452][__main__][INFO] - ✓ [grok-4-1-fast-reasoning] Temp=0.0 Rep=1 → Discordo fortemente
[2026-05-13 13:19:55,795][__main__][INFO] - ✓ [grok-4-1-fast-reasoning] Temp=0.0 Rep=1 → Discordo fortemente
[2026-05-13 13:19:57,395][__main__][INFO] - ✓ [grok-4-1-fast-reasoning] Temp=0.0 Rep=1 → Concordo fortemente
[2026-05-13 13:19:58,524][__main__][INFO] - ✓ [grok-4-1-fast-reasoning] Temp=0.0 Rep=1 → Concordo
[2026-05-13 13:19:58,748][__main__][INFO] - ✓ [grok-4-1-fast-reasoning] Temp=0.0 Rep=1 → Concordo fortemente
[2026-05-13 13:20:01,288][__main__][INFO] - ✓ [grok-4-1-fast-reasoning] Temp=0.0 Rep=1 → Concordo fortemente
[2026-05-13 13:20:01,590][__main__][INFO] - ✓ [grok-4-1-fast-reasoning] Temp=0.0 Rep=1 → Discordo fortemente
[2026-05-13 13:20:01,901][__main__][INFO] - ✓ [grok-4-1-fast-reasoning] Temp=0.0 Rep=1 → Discordo
[2026-05-13 13:20:02,088][__main__][INFO] - ✓ [grok-4-1-fast-reasoning] Temp=0.0 Rep=1 → Concordo
[2026-05-13 13:20:02,154][__main__][INFO] - ✓ [grok-4-1-fast-reasoning] Temp=0.0 Rep=1 → Discordo
[2026-05-13 13:20:02,446][__main__][INFO] - ✓ [grok-4-1-fast-reasoning] Temp=0.0 Rep=1 → Discordo fortemente
[2026-05-13 13:20:03,325][__main__][INFO] - ✓ [grok-4-1-fast-reasoning] Temp=0.0 Rep=1 → Concordo fortemente
[2026-05-13 13:20:05,794][__main__][INFO] - ✓ [grok-4-1-fast-reasoning] Temp=0.0 Rep=1 → Concordo fortemente
[2026-05-13 13:20:06,611][__main__][INFO] - ✓ [grok-4-1-fast-reasoning] Temp=0.0 Rep=1 → Concordo fortemente
[2026-05-13 13:20:07,123][__main__][INFO] - ✓ [grok-4-1-fast-reasoning] Temp=0.0 Rep=1 → Concordo fortemente
[2026-05-13 13:20:07,858][__main__][INFO] - ✓ [grok-4-1-fast-reasoning] Temp=0.0 Rep=1 → Concordo
[2026-05-13 13:20:08,560][__main__][INFO] - ✓ [grok-4-1-fast-reasoning] Temp=0.0 Rep=1 → Discordo
[2026-05-13 13:20:08,560][__main__][INFO] - ✓ [grok-4-1-fast-reasoning] Temp=0.0 Rep=1 → Discordo fortemente
[2026-05-13 13:20:08,768][__main__][INFO] - ✓ [grok-4-1-fast-reasoning] Temp=0.0 Rep=1 → Discordo fortemente
[2026-05-13 13:20:09,108][__main__][INFO] - ✓ [grok-4-1-fast-reasoning] Temp=0.0 Rep=1 → Neutro
[2026-05-13 13:20:09,582][__main__][INFO] - ✓ [grok-4-1-fast-reasoning] Temp=0.0 Rep=1 → Concordo
[2026-05-13 13:20:11,117][__main__][INFO] - ✓ [grok-4-1-fast-reasoning] Temp=0.0 Rep=1 → Discordo fortemente
[2026-05-13 13:20:11,527][__main__][INFO] - ✓ [grok-4-1-fast-reasoning] Temp=0.0 Rep=1 → Concordo fortemente
[2026-05-13 13:20:12,653][__main__][INFO] - ✓ [grok-4-1-fast-reasoning] Temp=0.0 Rep=1 → Discordo
[2026-05-13 13:20:12,761][__main__][INFO] - ✓ [grok-4-1-fast-reasoning] Temp=0.0 Rep=1 → Concordo fortemente
[2026-05-13 13:20:13,098][__main__][INFO] - ✓ [grok-4-1-fast-reasoning] Temp=0.0 Rep=1 → Concordo fortemente
[2026-05-13 13:20:15,213][__main__][INFO] - ✓ [grok-4-1-fast-reasoning] Temp=0.0 Rep=1 → Concordo fortemente
[2026-05-13 13:20:16,340][__main__][INFO] - ✓ [grok-4-1-fast-reasoning] Temp=0.0 Rep=1 → Discordo
[2026-05-13 13:20:16,553][__main__][INFO] - ✓ [grok-4-1-fast-reasoning] Temp=0.0 Rep=1 → Discordo fortemente
[2026-05-13 13:20:18,389][__main__][INFO] - ✓ [grok-4-1-fast-reasoning] Temp=0.0 Rep=1 → Concordo fortemente
[2026-05-13 13:20:18,390][__main__][INFO] - ✓ [grok-4-1-fast-reasoning] Temp=0.0 Rep=1 → Concordo fortemente
[2026-05-13 13:20:18,900][__main__][INFO] - Salvamento incremental (1440 novas respostas)...
[2026-05-13 13:20:18,967][__main__][INFO] - Cache salvo com 259900 entradas
[2026-05-13 13:20:18,968][__main__][INFO] - ✓ [grok-4-1-fast-reasoning] Temp=0.0 Rep=1 → Discordo fortemente
[2026-05-13 13:20:20,623][__main__][INFO] - ✓ [grok-4-1-fast-reasoning] Temp=0.0 Rep=1 → Neutro
[2026-05-13 13:20:20,734][__main__][INFO] - ✓ [grok-4-1-fast-reasoning] Temp=0.0 Rep=1 → Discordo fortemente
[2026-05-13 13:20:21,360][__main__][INFO] - ✓ [grok-4-1-fast-reasoning] Temp=0.0 Rep=1 → Concordo fortemente
[2026-05-13 13:20:21,869][__main__][INFO] - ✓ [grok-4-1-fast-reasoning] Temp=0.0 Rep=1 → Concordo fortemente
[2026-05-13 13:20:22,587][__main__][INFO] - ✓ [grok-4-1-fast-reasoning] Temp=0.0 Rep=1 → Discordo fortemente
[2026-05-13 13:20:22,592][__main__][INFO] - ✓ [grok-4-1-fast-reasoning] Temp=0.0 Rep=1 → Concordo fortemente
[2026-05-13 13:20:22,791][__main__][INFO] - ✓ [grok-4-1-fast-reasoning] Temp=0.0 Rep=1 → Discordo
[2026-05-13 13:20:23,815][__main__][INFO] - ✓ [grok-4-1-fast-reasoning] Temp=0.0 Rep=1 → Concordo fortemente
[2026-05-13 13:20:24,429][__main__][INFO] - ✓ [grok-4-1-fast-reasoning] Temp=0.0 Rep=1 → Discordo
[2026-05-13 13:20:25,044][__main__][INFO] - ✓ [grok-4-1-fast-reasoning] Temp=0.0 Rep=1 → Concordo fortemente
[2026-05-13 13:20:25,555][__main__][INFO] - ✓ [grok-4-1-fast-reasoning] Temp=0.0 Rep=1 → Concordo fortemente
[2026-05-13 13:20:26,068][__main__][INFO] - ✓ [grok-4-1-fast-reasoning] Temp=0.0 Rep=1 → Concordo fortemente
[2026-05-13 13:20:26,245][__main__][INFO] - ✓ [grok-4-1-fast-reasoning] Temp=0.0 Rep=1 → Discordo
[2026-05-13 13:20:28,413][__main__][INFO] - ✓ [grok-4-1-fast-reasoning] Temp=0.0 Rep=1 → Concordo fortemente
[2026-05-13 13:20:29,653][__main__][INFO] - ✓ [grok-4-1-fast-reasoning] Temp=0.0 Rep=1 → Concordo fortemente
[2026-05-13 13:20:30,049][__main__][INFO] - ✓ [grok-4-1-fast-reasoning] Temp=0.0 Rep=1 → Discordo fortemente
[2026-05-13 13:20:30,400][__main__][INFO] - ✓ [grok-4-1-fast-reasoning] Temp=0.0 Rep=1 → Concordo fortemente
[2026-05-13 13:20:30,643][__main__][INFO] - ✓ [grok-4-1-fast-reasoning] Temp=0.0 Rep=1 → Concordo fortemente
[2026-05-13 13:20:30,924][__main__][INFO] - ✓ [grok-4-1-fast-reasoning] Temp=0.0 Rep=1 → Discordo fortemente
[2026-05-13 13:20:30,925][__main__][INFO] - ✓ [grok-4-1-fast-reasoning] Temp=0.0 Rep=1 → Discordo fortemente
[2026-05-13 13:20:32,242][__main__][INFO] - ✓ [grok-4-1-fast-reasoning] Temp=0.0 Rep=1 → Concordo fortemente
[2026-05-13 13:20:32,517][__main__][INFO] - ✓ [grok-4-1-fast-reasoning] Temp=0.0 Rep=1 → Concordo fortemente
[2026-05-13 13:20:32,712][__main__][INFO] - ✓ [grok-4-1-fast-reasoning] Temp=0.0 Rep=1 → Discordo fortemente
[2026-05-13 13:20:33,311][__main__][INFO] - ✓ [grok-4-1-fast-reasoning] Temp=0.0 Rep=1 → Discordo fortemente
[2026-05-13 13:20:33,544][__main__][INFO] - ✓ [grok-4-1-fast-reasoning] Temp=0.0 Rep=1 → Concordo
[2026-05-13 13:20:34,445][__main__][INFO] - ✓ [grok-4-1-fast-reasoning] Temp=0.0 Rep=1 → Concordo fortemente
[2026-05-13 13:20:36,821][__main__][INFO] - ✓ [grok-4-1-fast-reasoning] Temp=0.0 Rep=1 → Discordo fortemente
[2026-05-13 13:20:37,743][__main__][INFO] - ✓ [grok-4-1-fast-reasoning] Temp=0.0 Rep=1 → Concordo fortemente
[2026-05-13 13:20:37,744][__main__][INFO] - ✓ [grok-4-1-fast-reasoning] Temp=0.0 Rep=1 → Discordo fortemente
[2026-05-13 13:20:37,905][__main__][INFO] - ✓ [grok-4-1-fast-reasoning] Temp=0.0 Rep=1 → Discordo
[2026-05-13 13:20:39,379][__main__][INFO] - ✓ [grok-4-1-fast-reasoning] Temp=0.0 Rep=1 → Concordo fortemente
[2026-05-13 13:20:39,687][__main__][INFO] - ✓ [grok-4-1-fast-reasoning] Temp=0.0 Rep=1 → Discordo
[2026-05-13 13:20:39,859][__main__][INFO] - ✓ [grok-4-1-fast-reasoning] Temp=0.0 Rep=1 → Concordo fortemente
[2026-05-13 13:20:39,946][__main__][INFO] - ✓ [grok-4-1-fast-reasoning] Temp=0.0 Rep=1 → Concordo fortemente
[2026-05-13 13:20:40,709][__main__][INFO] - ✓ [grok-4-1-fast-reasoning] Temp=0.0 Rep=1 → Concordo fortemente
[2026-05-13 13:20:41,738][__main__][INFO] - ✓ [grok-4-1-fast-reasoning] Temp=0.0 Rep=1 → Concordo fortemente
[2026-05-13 13:20:41,772][__main__][INFO] - ✓ [grok-4-1-fast-reasoning] Temp=0.0 Rep=1 → Discordo fortemente
[2026-05-13 13:20:42,247][__main__][INFO] - ✓ [grok-4-1-fast-reasoning] Temp=0.0 Rep=1 → Discordo fortemente
[2026-05-13 13:20:44,042][__main__][INFO] - ✓ [grok-4-1-fast-reasoning] Temp=0.0 Rep=1 → Concordo fortemente
[2026-05-13 13:20:44,043][__main__][INFO] - Salvamento incremental (1480 novas respostas)...
[2026-05-13 13:20:44,098][__main__][INFO] - Cache salvo com 259940 entradas
[2026-05-13 13:20:44,098][__main__][INFO] - ✓ [grok-4-1-fast-reasoning] Temp=0.0 Rep=1 → Discordo fortemente
[2026-05-13 13:20:44,320][__main__][INFO] - ✓ [grok-4-1-fast-reasoning] Temp=0.0 Rep=1 → Discordo fortemente
[2026-05-13 13:20:44,808][__main__][INFO] - ✓ [grok-4-1-fast-reasoning] Temp=0.0 Rep=1 → Concordo fortemente
[2026-05-13 13:20:45,115][__main__][INFO] - ✓ [grok-4-1-fast-reasoning] Temp=0.0 Rep=1 → Discordo fortemente
[2026-05-13 13:20:46,129][__main__][INFO] - ✓ [grok-4-1-fast-reasoning] Temp=0.0 Rep=1 → Concordo fortemente
[2026-05-13 13:20:46,653][__main__][INFO] - ✓ [grok-4-1-fast-reasoning] Temp=0.0 Rep=1 → Concordo fortemente
[2026-05-13 13:20:46,755][__main__][INFO] - ✓ [grok-4-1-fast-reasoning] Temp=0.0 Rep=1 → Discordo
[2026-05-13 13:20:46,888][__main__][INFO] - ✓ [grok-4-1-fast-reasoning] Temp=0.0 Rep=1 → Concordo fortemente
[2026-05-13 13:20:49,054][__main__][INFO] - ✓ [grok-4-1-fast-reasoning] Temp=0.0 Rep=1 → Discordo fortemente
[2026-05-13 13:20:49,826][__main__][INFO] - ✓ [grok-4-1-fast-reasoning] Temp=0.0 Rep=1 → Discordo fortemente
[2026-05-13 13:20:50,336][__main__][INFO] - ✓ [grok-4-1-fast-reasoning] Temp=0.0 Rep=1 → Discordo fortemente
[2026-05-13 13:20:50,850][__main__][INFO] - ✓ [grok-4-1-fast-reasoning] Temp=0.0 Rep=1 → Discordo fortemente
[2026-05-13 13:20:50,851][__main__][INFO] - ✓ [grok-4-1-fast-reasoning] Temp=0.0 Rep=1 → Discordo
[2026-05-13 13:20:50,917][__main__][INFO] - ✓ [grok-4-1-fast-reasoning] Temp=0.0 Rep=1 → Concordo fortemente
[2026-05-13 13:20:51,669][__main__][INFO] - ✓ [grok-4-1-fast-reasoning] Temp=0.0 Rep=1 → Discordo fortemente
[2026-05-13 13:20:52,795][__main__][INFO] - ✓ [grok-4-1-fast-reasoning] Temp=0.0 Rep=1 → Concordo fortemente
[2026-05-13 13:20:52,796][__main__][INFO] - ✓ [grok-4-1-fast-reasoning] Temp=0.0 Rep=1 → Concordo fortemente
[2026-05-13 13:20:54,179][__main__][INFO] - ✓ [grok-4-1-fast-reasoning] Temp=0.0 Rep=1 → Concordo fortemente
[2026-05-13 13:20:54,405][__main__][INFO] - ✓ [grok-4-1-fast-reasoning] Temp=0.0 Rep=1 → Concordo fortemente
[2026-05-13 13:20:54,843][__main__][INFO] - ✓ [grok-4-1-fast-reasoning] Temp=0.0 Rep=1 → Discordo fortemente
[2026-05-13 13:20:54,912][__main__][INFO] - ✓ [grok-4-1-fast-reasoning] Temp=0.0 Rep=1 → Concordo fortemente
[2026-05-13 13:20:55,299][__main__][INFO] - ✓ [grok-4-1-fast-reasoning] Temp=0.0 Rep=1 → Discordo fortemente
[2026-05-13 13:20:58,017][__main__][INFO] - ✓ [grok-4-1-fast-reasoning] Temp=0.0 Rep=1 → Discordo fortemente
[2026-05-13 13:20:58,064][__main__][INFO] - ✓ [grok-4-1-fast-reasoning] Temp=0.0 Rep=1 → Concordo fortemente
[2026-05-13 13:20:58,731][__main__][INFO] - ✓ [grok-4-1-fast-reasoning] Temp=0.0 Rep=1 → Concordo fortemente
[2026-05-13 13:20:58,988][__main__][INFO] - ✓ [grok-4-1-fast-reasoning] Temp=0.0 Rep=1 → Concordo
[2026-05-13 13:20:59,296][__main__][INFO] - ✓ [grok-4-1-fast-reasoning] Temp=0.0 Rep=1 → Discordo fortemente
[2026-05-13 13:20:59,858][__main__][INFO] - ✓ [grok-4-1-fast-reasoning] Temp=0.0 Rep=1 → Discordo fortemente
[2026-05-13 13:20:59,874][__main__][INFO] - ✓ [grok-4-1-fast-reasoning] Temp=0.0 Rep=1 → Concordo fortemente
[2026-05-13 13:20:59,944][__main__][INFO] - ✓ [grok-4-1-fast-reasoning] Temp=0.0 Rep=1 → Concordo fortemente
[2026-05-13 13:21:00,138][__main__][INFO] - ✓ [grok-4-1-fast-reasoning] Temp=0.0 Rep=1 → Concordo fortemente
[2026-05-13 13:21:00,283][__main__][INFO] - ✓ [grok-4-1-fast-reasoning] Temp=0.0 Rep=1 → Concordo fortemente
[2026-05-13 13:21:03,853][__main__][INFO] - ✓ [grok-4-1-fast-reasoning] Temp=0.0 Rep=1 → Discordo fortemente
[2026-05-13 13:21:04,012][__main__][INFO] - ✓ [grok-4-1-fast-reasoning] Temp=0.0 Rep=1 → Concordo fortemente
[2026-05-13 13:21:04,217][__main__][INFO] - ✓ [grok-4-1-fast-reasoning] Temp=0.0 Rep=1 → Concordo fortemente
[2026-05-13 13:21:04,875][__main__][INFO] - ✓ [grok-4-1-fast-reasoning] Temp=0.0 Rep=1 → Concordo fortemente
[2026-05-13 13:21:05,336][__main__][INFO] - ✓ [grok-4-1-fast-reasoning] Temp=0.0 Rep=1 → Discordo fortemente
[2026-05-13 13:21:05,341][__main__][INFO] - ✓ [grok-4-1-fast-reasoning] Temp=0.0 Rep=1 → Concordo fortemente
[2026-05-13 13:21:06,106][__main__][INFO] - ✓ [grok-4-1-fast-reasoning] Temp=0.0 Rep=1 → Concordo
[2026-05-13 13:21:08,052][__main__][INFO] - ✓ [grok-4-1-fast-reasoning] Temp=0.0 Rep=1 → Concordo fortemente
[2026-05-13 13:21:09,576][__main__][INFO] - Salvamento incremental (1520 novas respostas)...
[2026-05-13 13:21:09,659][__main__][INFO] - Cache salvo com 259980 entradas
[2026-05-13 13:21:09,659][__main__][INFO] - ✓ [grok-4-1-fast-reasoning] Temp=0.0 Rep=1 → Concordo fortemente
[2026-05-13 13:21:09,787][__main__][INFO] - ✓ [grok-4-1-fast-reasoning] Temp=0.0 Rep=1 → Discordo
[2026-05-13 13:21:11,092][__main__][INFO] - ✓ [grok-4-1-fast-reasoning] Temp=0.0 Rep=1 → Concordo fortemente
[2026-05-13 13:21:11,844][__main__][INFO] - ✓ [grok-4-1-fast-reasoning] Temp=0.0 Rep=1 → Concordo fortemente
[2026-05-13 13:21:12,149][__main__][INFO] - ✓ [grok-4-1-fast-reasoning] Temp=0.0 Rep=1 → Discordo fortemente
[2026-05-13 13:21:12,224][__main__][INFO] - ✓ [grok-4-1-fast-reasoning] Temp=0.0 Rep=1 → Discordo fortemente
[2026-05-13 13:21:12,763][__main__][INFO] - ✓ [grok-4-1-fast-reasoning] Temp=0.0 Rep=1 → Discordo
[2026-05-13 13:21:14,092][__main__][INFO] - ✓ [grok-4-1-fast-reasoning] Temp=0.0 Rep=1 → Concordo
[2026-05-13 13:21:14,185][__main__][INFO] - ✓ [grok-4-1-fast-reasoning] Temp=0.0 Rep=1 → Concordo fortemente
[2026-05-13 13:21:14,688][__main__][INFO] - ✓ [grok-4-1-fast-reasoning] Temp=0.0 Rep=1 → Concordo fortemente
[2026-05-13 13:21:15,835][__main__][INFO] - ✓ [grok-4-1-fast-reasoning] Temp=0.0 Rep=1 → Discordo
[2026-05-13 13:21:17,066][__main__][INFO] - ✓ [grok-4-1-fast-reasoning] Temp=0.0 Rep=1 → Discordo
[2026-05-13 13:21:17,768][__main__][INFO] - ✓ [grok-4-1-fast-reasoning] Temp=0.0 Rep=1 → Discordo
[2026-05-13 13:21:17,847][__main__][INFO] - ✓ [grok-4-1-fast-reasoning] Temp=0.0 Rep=1 → Concordo fortemente
[2026-05-13 13:21:17,996][__main__][INFO] - ✓ [grok-4-1-fast-reasoning] Temp=0.0 Rep=1 → Concordo
[2026-05-13 13:21:18,000][__main__][INFO] - ✓ [grok-4-1-fast-reasoning] Temp=0.0 Rep=1 → Concordo fortemente
[2026-05-13 13:21:19,182][__main__][INFO] - ✓ [grok-4-1-fast-reasoning] Temp=0.0 Rep=1 → Discordo fortemente
[2026-05-13 13:21:19,239][__main__][INFO] - ✓ [grok-4-1-fast-reasoning] Temp=0.0 Rep=1 → Concordo
[2026-05-13 13:21:19,749][__main__][INFO] - ✓ [grok-4-1-fast-reasoning] Temp=0.0 Rep=1 → Concordo fortemente
[2026-05-13 13:21:19,877][__main__][INFO] - ✓ [grok-4-1-fast-reasoning] Temp=0.0 Rep=1 → Concordo
[2026-05-13 13:21:23,003][__main__][INFO] - ✓ [grok-4-1-fast-reasoning] Temp=0.0 Rep=1 → Discordo fortemente
[2026-05-13 13:21:23,983][__main__][INFO] - ✓ [grok-4-1-fast-reasoning] Temp=0.0 Rep=1 → Concordo
[2026-05-13 13:21:24,153][__main__][INFO] - ✓ [grok-4-1-fast-reasoning] Temp=0.0 Rep=1 → Concordo fortemente
[2026-05-13 13:21:24,154][__main__][INFO] - ✓ [grok-4-1-fast-reasoning] Temp=0.0 Rep=1 → Concordo fortemente
[2026-05-13 13:21:24,406][__main__][INFO] - ✓ [grok-4-1-fast-reasoning] Temp=0.0 Rep=1 → Concordo fortemente
[2026-05-13 13:21:24,643][__main__][INFO] - ✓ [grok-4-1-fast-reasoning] Temp=0.0 Rep=1 → Concordo fortemente
[2026-05-13 13:21:25,751][__main__][INFO] - ✓ [grok-4-1-fast-reasoning] Temp=0.0 Rep=1 → Concordo
[2026-05-13 13:21:26,281][__main__][INFO] - ✓ [grok-4-1-fast-reasoning] Temp=0.0 Rep=1 → Concordo fortemente
[2026-05-13 13:21:27,064][__main__][INFO] - ✓ [grok-4-1-fast-reasoning] Temp=0.0 Rep=1 → Discordo fortemente
[2026-05-13 13:21:27,115][__main__][INFO] - ✓ [grok-4-1-fast-reasoning] Temp=0.0 Rep=1 → Discordo fortemente
[2026-05-13 13:21:28,636][__main__][INFO] - ✓ [grok-4-1-fast-reasoning] Temp=0.0 Rep=1 → Concordo fortemente
[2026-05-13 13:21:28,637][__main__][INFO] - ✓ [grok-4-1-fast-reasoning] Temp=0.0 Rep=1 → Concordo fortemente
[2026-05-13 13:21:29,658][__main__][INFO] - ✓ [grok-4-1-fast-reasoning] Temp=0.0 Rep=1 → Concordo fortemente
[2026-05-13 13:21:30,478][__main__][INFO] - ✓ [grok-4-1-fast-reasoning] Temp=0.0 Rep=1 → Concordo fortemente
[2026-05-13 13:21:31,300][__main__][INFO] - ✓ [grok-4-1-fast-reasoning] Temp=0.0 Rep=1 → Concordo fortemente
[2026-05-13 13:21:31,427][__main__][INFO] - ✓ [grok-4-1-fast-reasoning] Temp=0.0 Rep=1 → Concordo
[2026-05-13 13:21:32,322][__main__][INFO] - ✓ [grok-4-1-fast-reasoning] Temp=0.0 Rep=1 → Concordo fortemente
[2026-05-13 13:21:33,320][__main__][INFO] - ✓ [grok-4-1-fast-reasoning] Temp=0.0 Rep=1 → Discordo
[2026-05-13 13:21:34,475][__main__][INFO] - ✓ [grok-4-1-fast-reasoning] Temp=0.0 Rep=1 → Concordo
[2026-05-13 13:21:35,190][__main__][INFO] - ✓ [grok-4-1-fast-reasoning] Temp=0.0 Rep=1 → Concordo fortemente
[2026-05-13 13:21:35,191][__main__][INFO] - Salvamento incremental (1560 novas respostas)...
[2026-05-13 13:21:35,260][__main__][INFO] - Cache salvo com 260020 entradas
[2026-05-13 13:21:35,260][__main__][INFO] - ✓ [grok-4-1-fast-reasoning] Temp=0.0 Rep=1 → Concordo
[2026-05-13 13:21:36,010][__main__][INFO] - ✓ [grok-4-1-fast-reasoning] Temp=0.0 Rep=1 → Concordo fortemente
[2026-05-13 13:21:37,134][__main__][INFO] - ✓ [grok-4-1-fast-reasoning] Temp=0.0 Rep=1 → Discordo fortemente
[2026-05-13 13:21:37,219][__main__][INFO] - ✓ [grok-4-1-fast-reasoning] Temp=0.0 Rep=1 → Discordo
[2026-05-13 13:21:38,131][__main__][INFO] - ✓ [grok-4-1-fast-reasoning] Temp=0.0 Rep=1 → Discordo fortemente
[2026-05-13 13:21:38,775][__main__][INFO] - ✓ [grok-4-1-fast-reasoning] Temp=0.0 Rep=1 → Concordo fortemente
[2026-05-13 13:21:38,776][__main__][INFO] - ✓ [grok-4-1-fast-reasoning] Temp=0.0 Rep=1 → Concordo
[2026-05-13 13:21:39,491][__main__][INFO] - ✓ [grok-4-1-fast-reasoning] Temp=0.0 Rep=1 → Discordo fortemente
[2026-05-13 13:21:39,492][__main__][INFO] - ✓ [grok-4-1-fast-reasoning] Temp=0.0 Rep=1 → Concordo
[2026-05-13 13:21:40,308][__main__][INFO] - ✓ [grok-4-1-fast-reasoning] Temp=0.0 Rep=1 → Concordo fortemente
[2026-05-13 13:21:42,255][__main__][INFO] - ✓ [grok-4-1-fast-reasoning] Temp=0.0 Rep=1 → Concordo fortemente
[2026-05-13 13:21:44,201][__main__][INFO] - ✓ [grok-4-1-fast-reasoning] Temp=0.0 Rep=1 → Discordo fortemente
[2026-05-13 13:21:44,201][__main__][INFO] - ✓ [grok-4-1-fast-reasoning] Temp=0.0 Rep=1 → Concordo fortemente
[2026-05-13 13:21:44,506][__main__][INFO] - ✓ [grok-4-1-fast-reasoning] Temp=0.0 Rep=1 → Discordo fortemente
[2026-05-13 13:21:44,689][__main__][INFO] - ✓ [grok-4-1-fast-reasoning] Temp=0.0 Rep=1 → Concordo fortemente
[2026-05-13 13:21:45,603][__main__][INFO] - ✓ [grok-4-1-fast-reasoning] Temp=0.0 Rep=1 → Discordo
[2026-05-13 13:21:46,555][__main__][INFO] - ✓ [grok-4-1-fast-reasoning] Temp=0.0 Rep=1 → Concordo fortemente
[2026-05-13 13:21:46,687][__main__][INFO] - ✓ [grok-4-1-fast-reasoning] Temp=0.0 Rep=1 → Concordo fortemente
[2026-05-13 13:21:46,819][__main__][INFO] - ✓ [grok-4-1-fast-reasoning] Temp=0.0 Rep=1 → Concordo
[2026-05-13 13:21:47,886][__main__][INFO] - ✓ [grok-4-1-fast-reasoning] Temp=0.0 Rep=1 → Discordo fortemente
[2026-05-13 13:21:48,398][__main__][INFO] - ✓ [grok-4-1-fast-reasoning] Temp=0.0 Rep=1 → Discordo
[2026-05-13 13:21:49,106][__main__][INFO] - ✓ [grok-4-1-fast-reasoning] Temp=0.0 Rep=1 → Concordo fortemente
[2026-05-13 13:21:50,140][__main__][INFO] - ✓ [grok-4-1-fast-reasoning] Temp=0.0 Rep=1 → Concordo fortemente
[2026-05-13 13:21:50,205][__main__][INFO] - ✓ [grok-4-1-fast-reasoning] Temp=0.0 Rep=1 → Concordo fortemente
[2026-05-13 13:21:50,231][__main__][INFO] - ✓ [grok-4-1-fast-reasoning] Temp=0.0 Rep=1 → Concordo fortemente
[2026-05-13 13:21:50,754][__main__][INFO] - ✓ [grok-4-1-fast-reasoning] Temp=0.0 Rep=1 → Concordo fortemente
[2026-05-13 13:21:52,084][__main__][INFO] - ✓ [grok-4-1-fast-reasoning] Temp=0.0 Rep=1 → Discordo fortemente
[2026-05-13 13:21:53,244][__main__][INFO] - ✓ [grok-4-1-fast-reasoning] Temp=0.0 Rep=1 → Discordo fortemente
[2026-05-13 13:21:53,915][__main__][INFO] - ✓ [grok-4-1-fast-reasoning] Temp=0.0 Rep=1 → Concordo fortemente
[2026-05-13 13:21:54,338][__main__][INFO] - ✓ [grok-4-1-fast-reasoning] Temp=0.0 Rep=1 → Concordo fortemente
[2026-05-13 13:21:55,482][__main__][INFO] - ✓ [grok-4-1-fast-reasoning] Temp=0.0 Rep=1 → Concordo fortemente
[2026-05-13 13:21:55,952][__main__][INFO] - ✓ [grok-4-1-fast-reasoning] Temp=0.0 Rep=1 → Discordo
[2026-05-13 13:21:56,283][__main__][INFO] - ✓ [grok-4-1-fast-reasoning] Temp=0.0 Rep=1 → Concordo
[2026-05-13 13:21:56,462][__main__][INFO] - ✓ [grok-4-1-fast-reasoning] Temp=0.0 Rep=1 → Discordo
[2026-05-13 13:21:57,200][__main__][INFO] - ✓ [grok-4-1-fast-reasoning] Temp=0.0 Rep=1 → Concordo fortemente
[2026-05-13 13:21:57,614][__main__][INFO] - ✓ [grok-4-1-fast-reasoning] Temp=0.0 Rep=1 → Discordo fortemente
[2026-05-13 13:21:58,330][__main__][INFO] - ✓ [grok-4-1-fast-reasoning] Temp=0.0 Rep=1 → Discordo fortemente
[2026-05-13 13:21:58,741][__main__][INFO] - ✓ [grok-4-1-fast-reasoning] Temp=0.0 Rep=1 → Concordo fortemente
[2026-05-13 13:22:00,686][__main__][INFO] - ✓ [grok-4-1-fast-reasoning] Temp=0.0 Rep=1 → Concordo
[2026-05-13 13:22:00,993][__main__][INFO] - ✓ [grok-4-1-fast-reasoning] Temp=0.0 Rep=1 → Concordo
[2026-05-13 13:22:02,219][__main__][INFO] - Salvamento incremental (1600 novas respostas)...
[2026-05-13 13:22:02,278][__main__][INFO] - Cache salvo com 260060 entradas
[2026-05-13 13:22:02,278][__main__][INFO] - ✓ [grok-4-1-fast-reasoning] Temp=0.0 Rep=1 → Concordo fortemente
[2026-05-13 13:22:02,734][__main__][INFO] - ✓ [grok-4-1-fast-reasoning] Temp=0.0 Rep=1 → Concordo
[2026-05-13 13:22:03,247][__main__][INFO] - ✓ [grok-4-1-fast-reasoning] Temp=0.0 Rep=1 → Concordo fortemente
[2026-05-13 13:22:03,552][__main__][INFO] - ✓ [grok-4-1-fast-reasoning] Temp=0.0 Rep=1 → Discordo fortemente
[2026-05-13 13:22:03,840][__main__][INFO] - ✓ [grok-4-1-fast-reasoning] Temp=0.0 Rep=1 → Discordo fortemente
[2026-05-13 13:22:05,500][__main__][INFO] - ✓ [grok-4-1-fast-reasoning] Temp=0.0 Rep=1 → Concordo
[2026-05-13 13:22:05,857][__main__][INFO] - ✓ [grok-4-1-fast-reasoning] Temp=0.0 Rep=1 → Discordo fortemente
[2026-05-13 13:22:06,113][__main__][INFO] - ✓ [grok-4-1-fast-reasoning] Temp=0.0 Rep=1 → Concordo
[2026-05-13 13:22:07,036][__main__][INFO] - ✓ [grok-4-1-fast-reasoning] Temp=0.0 Rep=1 → Discordo fortemente
[2026-05-13 13:22:07,956][__main__][INFO] - ✓ [grok-4-1-fast-reasoning] Temp=0.0 Rep=1 → Concordo fortemente
[2026-05-13 13:22:08,064][__main__][INFO] - ✓ [grok-4-1-fast-reasoning] Temp=0.0 Rep=1 → Concordo fortemente
[2026-05-13 13:22:08,673][__main__][INFO] - ✓ [grok-4-1-fast-reasoning] Temp=0.0 Rep=1 → Discordo fortemente
[2026-05-13 13:22:09,597][__main__][INFO] - ✓ [grok-4-1-fast-reasoning] Temp=0.0 Rep=1 → Concordo
[2026-05-13 13:22:11,071][__main__][INFO] - ✓ [grok-4-1-fast-reasoning] Temp=0.0 Rep=1 → Concordo fortemente
[2026-05-13 13:22:11,336][__main__][INFO] - ✓ [grok-4-1-fast-reasoning] Temp=0.0 Rep=1 → Concordo fortemente
[2026-05-13 13:22:12,200][__main__][INFO] - ✓ [grok-4-1-fast-reasoning] Temp=0.0 Rep=1 → Concordo fortemente
[2026-05-13 13:22:12,464][__main__][INFO] - ✓ [grok-4-1-fast-reasoning] Temp=0.0 Rep=1 → Concordo fortemente
[2026-05-13 13:22:13,167][__main__][INFO] - ✓ [grok-4-1-fast-reasoning] Temp=0.0 Rep=1 → Concordo
[2026-05-13 13:22:13,322][__main__][INFO] - ✓ [grok-4-1-fast-reasoning] Temp=0.0 Rep=1 → Neutro
[2026-05-13 13:22:15,331][__main__][INFO] - ✓ [grok-4-1-fast-reasoning] Temp=0.0 Rep=1 → Concordo
[2026-05-13 13:22:16,048][__main__][INFO] - ✓ [grok-4-1-fast-reasoning] Temp=0.0 Rep=1 → Discordo
[2026-05-13 13:22:16,049][__main__][INFO] - ✓ [grok-4-1-fast-reasoning] Temp=0.0 Rep=1 → Concordo fortemente
[2026-05-13 13:22:16,865][__main__][INFO] - ✓ [grok-4-1-fast-reasoning] Temp=0.0 Rep=1 → Concordo fortemente
[2026-05-13 13:22:17,787][__main__][INFO] - ✓ [grok-4-1-fast-reasoning] Temp=0.0 Rep=1 → Concordo fortemente
[2026-05-13 13:22:19,529][__main__][INFO] - ✓ [grok-4-1-fast-reasoning] Temp=0.0 Rep=1 → Discordo fortemente
[2026-05-13 13:22:19,530][__main__][INFO] - ✓ [grok-4-1-fast-reasoning] Temp=0.0 Rep=1 → Concordo fortemente
[2026-05-13 13:22:19,835][__main__][INFO] - ✓ [grok-4-1-fast-reasoning] Temp=0.0 Rep=1 → Discordo
[2026-05-13 13:22:20,552][__main__][INFO] - ✓ [grok-4-1-fast-reasoning] Temp=0.0 Rep=1 → Discordo
[2026-05-13 13:22:20,603][__main__][INFO] - ✓ [grok-4-1-fast-reasoning] Temp=0.0 Rep=1 → Discordo
[2026-05-13 13:22:20,858][__main__][INFO] - ✓ [grok-4-1-fast-reasoning] Temp=0.0 Rep=1 → Concordo fortemente
[2026-05-13 13:22:21,457][__main__][INFO] - ✓ [grok-4-1-fast-reasoning] Temp=0.0 Rep=1 → Concordo
[2026-05-13 13:22:21,988][__main__][INFO] - ✓ [grok-4-1-fast-reasoning] Temp=0.0 Rep=1 → Concordo fortemente
[2026-05-13 13:22:21,989][__main__][INFO] - ✓ [grok-4-1-fast-reasoning] Temp=0.0 Rep=1 → Discordo
[2026-05-13 13:22:23,492][__main__][INFO] - ✓ [grok-4-1-fast-reasoning] Temp=0.0 Rep=1 → Concordo fortemente
[2026-05-13 13:22:24,239][__main__][INFO] - ✓ [grok-4-1-fast-reasoning] Temp=0.0 Rep=1 → Concordo
[2026-05-13 13:22:25,813][__main__][INFO] - ✓ [grok-4-1-fast-reasoning] Temp=0.0 Rep=1 → Discordo
[2026-05-13 13:22:26,388][__main__][INFO] - ✓ [grok-4-1-fast-reasoning] Temp=0.0 Rep=1 → Concordo
[2026-05-13 13:22:26,508][__main__][INFO] - ✓ [grok-4-1-fast-reasoning] Temp=0.0 Rep=1 → Concordo fortemente
[2026-05-13 13:22:26,599][__main__][INFO] - ✓ [grok-4-1-fast-reasoning] Temp=0.0 Rep=1 → Discordo
[2026-05-13 13:22:26,802][__main__][INFO] - ✓ [grok-4-1-fast-reasoning] Temp=0.0 Rep=1 → Concordo
[2026-05-13 13:22:27,004][__main__][INFO] - Salvamento incremental (1640 novas respostas)...
[2026-05-13 13:22:27,073][__main__][INFO] - Cache salvo com 260100 entradas
[2026-05-13 13:22:27,074][__main__][INFO] - ✓ [grok-4-1-fast-reasoning] Temp=0.0 Rep=1 → Concordo fortemente
[2026-05-13 13:22:28,438][__main__][INFO] - ✓ [grok-4-1-fast-reasoning] Temp=0.0 Rep=1 → Concordo fortemente
[2026-05-13 13:22:28,471][__main__][INFO] - ✓ [grok-4-1-fast-reasoning] Temp=0.0 Rep=1 → Discordo fortemente
[2026-05-13 13:22:28,745][__main__][INFO] - ✓ [grok-4-1-fast-reasoning] Temp=0.0 Rep=1 → Concordo
[2026-05-13 13:22:29,948][__main__][INFO] - ✓ [grok-4-1-fast-reasoning] Temp=0.0 Rep=1 → Concordo fortemente
[2026-05-13 13:22:30,486][__main__][INFO] - ✓ [grok-4-1-fast-reasoning] Temp=0.0 Rep=1 → Concordo fortemente
[2026-05-13 13:22:30,792][__main__][INFO] - ✓ [grok-4-1-fast-reasoning] Temp=0.0 Rep=1 → Concordo fortemente
[2026-05-13 13:22:31,611][__main__][INFO] - ✓ [grok-4-1-fast-reasoning] Temp=0.0 Rep=1 → Concordo
[2026-05-13 13:22:32,580][__main__][INFO] - ✓ [grok-4-1-fast-reasoning] Temp=0.0 Rep=1 → Concordo
[2026-05-13 13:22:33,267][__main__][INFO] - ✓ [grok-4-1-fast-reasoning] Temp=0.0 Rep=1 → Concordo fortemente
[2026-05-13 13:22:33,864][__main__][INFO] - ✓ [grok-4-1-fast-reasoning] Temp=0.0 Rep=1 → Concordo
[2026-05-13 13:22:34,684][__main__][INFO] - ✓ [grok-4-1-fast-reasoning] Temp=0.0 Rep=1 → Concordo
[2026-05-13 13:22:35,297][__main__][INFO] - ✓ [grok-4-1-fast-reasoning] Temp=0.0 Rep=1 → Discordo
[2026-05-13 13:22:35,328][__main__][INFO] - ✓ [grok-4-1-fast-reasoning] Temp=0.0 Rep=1 → Discordo
[2026-05-13 13:22:35,712][__main__][INFO] - ✓ [grok-4-1-fast-reasoning] Temp=0.0 Rep=1 → Concordo
[2026-05-13 13:22:36,116][__main__][INFO] - ✓ [grok-4-1-fast-reasoning] Temp=0.0 Rep=1 → Discordo fortemente
[2026-05-13 13:22:36,250][__main__][INFO] - ✓ [grok-4-1-fast-reasoning] Temp=0.0 Rep=1 → Concordo fortemente
[2026-05-13 13:22:37,449][__main__][INFO] - ✓ [grok-4-1-fast-reasoning] Temp=0.0 Rep=1 → Discordo fortemente
[2026-05-13 13:22:37,653][__main__][INFO] - ✓ [grok-4-1-fast-reasoning] Temp=0.0 Rep=1 → Concordo
[2026-05-13 13:22:37,707][__main__][INFO] - ✓ [grok-4-1-fast-reasoning] Temp=0.0 Rep=1 → Concordo fortemente
[2026-05-13 13:22:38,477][__main__][INFO] - ✓ [grok-4-1-fast-reasoning] Temp=0.0 Rep=1 → Concordo fortemente
[2026-05-13 13:22:38,477][__main__][INFO] - ✓ [grok-4-1-fast-reasoning] Temp=0.0 Rep=1 → Concordo fortemente
[2026-05-13 13:22:38,882][__main__][INFO] - ✓ [grok-4-1-fast-reasoning] Temp=0.0 Rep=1 → Concordo fortemente
[2026-05-13 13:22:39,394][__main__][INFO] - ✓ [grok-4-1-fast-reasoning] Temp=0.0 Rep=1 → Discordo fortemente
[2026-05-13 13:22:39,803][__main__][INFO] - ✓ [grok-4-1-fast-reasoning] Temp=0.0 Rep=1 → Concordo fortemente
[2026-05-13 13:22:40,827][__main__][INFO] - ✓ [grok-4-1-fast-reasoning] Temp=0.0 Rep=1 → Discordo fortemente
[2026-05-13 13:22:41,051][__main__][INFO] - ✓ [grok-4-1-fast-reasoning] Temp=0.0 Rep=1 → Concordo fortemente
[2026-05-13 13:22:41,222][__main__][INFO] - ✓ [grok-4-1-fast-reasoning] Temp=0.0 Rep=1 → Discordo fortemente
[2026-05-13 13:22:42,875][__main__][INFO] - ✓ [grok-4-1-fast-reasoning] Temp=0.0 Rep=1 → Discordo
[2026-05-13 13:22:44,416][__main__][INFO] - ✓ [grok-4-1-fast-reasoning] Temp=0.0 Rep=1 → Discordo fortemente
[2026-05-13 13:22:45,025][__main__][INFO] - ✓ [grok-4-1-fast-reasoning] Temp=0.0 Rep=1 → Concordo fortemente
[2026-05-13 13:22:45,435][__main__][INFO] - ✓ [grok-4-1-fast-reasoning] Temp=0.0 Rep=1 → Concordo
[2026-05-13 13:22:45,519][__main__][INFO] - ✓ [grok-4-1-fast-reasoning] Temp=0.0 Rep=1 → Concordo fortemente
[2026-05-13 13:22:46,205][__main__][INFO] - ✓ [grok-4-1-fast-reasoning] Temp=0.0 Rep=1 → Concordo fortemente
[2026-05-13 13:22:46,766][__main__][INFO] - ✓ [grok-4-1-fast-reasoning] Temp=0.0 Rep=1 → Concordo
[2026-05-13 13:22:47,380][__main__][INFO] - ✓ [grok-4-1-fast-reasoning] Temp=0.0 Rep=1 → Concordo fortemente
[2026-05-13 13:22:48,300][__main__][INFO] - ✓ [grok-4-1-fast-reasoning] Temp=0.0 Rep=1 → Concordo fortemente
[2026-05-13 13:22:48,608][__main__][INFO] - ✓ [grok-4-1-fast-reasoning] Temp=0.0 Rep=1 → Discordo
[2026-05-13 13:22:50,453][__main__][INFO] - ✓ [grok-4-1-fast-reasoning] Temp=0.0 Rep=1 → Discordo
[2026-05-13 13:22:52,501][__main__][INFO] - ✓ [grok-4-1-fast-reasoning] Temp=0.0 Rep=1 → Concordo fortemente
[2026-05-13 13:22:53,024][__main__][INFO] - Salvamento incremental (1680 novas respostas)...
[2026-05-13 13:22:53,095][__main__][INFO] - Cache salvo com 260140 entradas
[2026-05-13 13:22:53,095][__main__][INFO] - ✓ [grok-4-1-fast-reasoning] Temp=0.0 Rep=1 → Concordo fortemente
[2026-05-13 13:22:53,234][__main__][INFO] - ✓ [grok-4-1-fast-reasoning] Temp=0.0 Rep=1 → Discordo
[2026-05-13 13:22:53,352][__main__][INFO] - ✓ [grok-4-1-fast-reasoning] Temp=0.0 Rep=1 → Discordo
[2026-05-13 13:22:53,730][__main__][INFO] - ✓ [grok-4-1-fast-reasoning] Temp=0.0 Rep=1 → Concordo fortemente
[2026-05-13 13:22:54,140][__main__][INFO] - ✓ [grok-4-1-fast-reasoning] Temp=0.0 Rep=1 → Concordo
[2026-05-13 13:22:54,342][__main__][INFO] - ✓ [grok-4-1-fast-reasoning] Temp=0.0 Rep=1 → Discordo fortemente
[2026-05-13 13:22:54,755][__main__][INFO] - ✓ [grok-4-1-fast-reasoning] Temp=0.0 Rep=1 → Discordo fortemente
[2026-05-13 13:22:55,777][__main__][INFO] - ✓ [grok-4-1-fast-reasoning] Temp=0.0 Rep=1 → Concordo fortemente
[2026-05-13 13:22:56,187][__main__][INFO] - ✓ [grok-4-1-fast-reasoning] Temp=0.0 Rep=1 → Concordo fortemente
[2026-05-13 13:22:57,928][__main__][INFO] - ✓ [grok-4-1-fast-reasoning] Temp=0.0 Rep=1 → Concordo fortemente
[2026-05-13 13:22:58,133][__main__][INFO] - ✓ [grok-4-1-fast-reasoning] Temp=0.0 Rep=1 → Concordo fortemente
[2026-05-13 13:22:58,263][__main__][INFO] - ✓ [grok-4-1-fast-reasoning] Temp=0.0 Rep=1 → Concordo fortemente
[2026-05-13 13:22:58,606][__main__][INFO] - ✓ [grok-4-1-fast-reasoning] Temp=0.0 Rep=1 → Concordo
[2026-05-13 13:22:58,649][__main__][INFO] - ✓ [grok-4-1-fast-reasoning] Temp=0.0 Rep=1 → Concordo fortemente
[2026-05-13 13:22:59,670][__main__][INFO] - ✓ [grok-4-1-fast-reasoning] Temp=0.0 Rep=1 → Concordo fortemente
[2026-05-13 13:23:00,392][__main__][INFO] - ✓ [grok-4-1-fast-reasoning] Temp=0.0 Rep=1 → Concordo fortemente
[2026-05-13 13:23:02,024][__main__][INFO] - ✓ [grok-4-1-fast-reasoning] Temp=0.0 Rep=1 → Concordo
[2026-05-13 13:23:02,212][__main__][INFO] - ✓ [grok-4-1-fast-reasoning] Temp=0.0 Rep=1 → Concordo fortemente
[2026-05-13 13:23:03,546][__main__][INFO] - ✓ [grok-4-1-fast-reasoning] Temp=0.0 Rep=1 → Concordo
[2026-05-13 13:23:03,642][__main__][INFO] - ✓ [grok-4-1-fast-reasoning] Temp=0.0 Rep=1 → Concordo fortemente
[2026-05-13 13:23:04,073][__main__][INFO] - ✓ [grok-4-1-fast-reasoning] Temp=0.0 Rep=1 → Concordo fortemente
[2026-05-13 13:23:05,199][__main__][INFO] - ✓ [grok-4-1-fast-reasoning] Temp=0.0 Rep=1 → Concordo fortemente
[2026-05-13 13:23:05,287][__main__][INFO] - ✓ [grok-4-1-fast-reasoning] Temp=0.0 Rep=1 → Concordo fortemente
[2026-05-13 13:23:06,017][__main__][INFO] - ✓ [grok-4-1-fast-reasoning] Temp=0.0 Rep=1 → Concordo fortemente
[2026-05-13 13:23:07,246][__main__][INFO] - ✓ [grok-4-1-fast-reasoning] Temp=0.0 Rep=1 → Concordo
[2026-05-13 13:23:08,270][__main__][INFO] - ✓ [grok-4-1-fast-reasoning] Temp=0.0 Rep=1 → Concordo fortemente
[2026-05-13 13:23:08,562][__main__][INFO] - ✓ [grok-4-1-fast-reasoning] Temp=0.0 Rep=1 → Concordo fortemente
[2026-05-13 13:23:08,989][__main__][INFO] - ✓ [grok-4-1-fast-reasoning] Temp=0.0 Rep=1 → Concordo fortemente
[2026-05-13 13:23:08,989][__main__][INFO] - ✓ [grok-4-1-fast-reasoning] Temp=0.0 Rep=1 → Concordo fortemente
[2026-05-13 13:23:09,815][__main__][INFO] - ✓ [grok-4-1-fast-reasoning] Temp=0.0 Rep=1 → Concordo fortemente
[2026-05-13 13:23:10,323][__main__][INFO] - ✓ [grok-4-1-fast-reasoning] Temp=0.0 Rep=1 → Discordo
[2026-05-13 13:23:10,361][__main__][INFO] - ✓ [grok-4-1-fast-reasoning] Temp=0.0 Rep=1 → Concordo fortemente
[2026-05-13 13:23:10,845][__main__][INFO] - ✓ [grok-4-1-fast-reasoning] Temp=0.0 Rep=1 → Concordo fortemente
[2026-05-13 13:23:12,674][__main__][INFO] - ✓ [grok-4-1-fast-reasoning] Temp=0.0 Rep=1 → Concordo fortemente
[2026-05-13 13:23:12,709][__main__][INFO] - ✓ [grok-4-1-fast-reasoning] Temp=0.0 Rep=1 → Discordo fortemente
[2026-05-13 13:23:12,994][__main__][INFO] - ✓ [grok-4-1-fast-reasoning] Temp=0.0 Rep=1 → Concordo fortemente
[2026-05-13 13:23:13,543][__main__][INFO] - ✓ [grok-4-1-fast-reasoning] Temp=0.0 Rep=1 → Discordo fortemente
[2026-05-13 13:23:13,704][__main__][INFO] - ✓ [grok-4-1-fast-reasoning] Temp=0.0 Rep=1 → Concordo fortemente
[2026-05-13 13:23:15,831][__main__][INFO] - ✓ [grok-4-1-fast-reasoning] Temp=0.0 Rep=1 → Concordo fortemente
[2026-05-13 13:23:17,187][__main__][INFO] - ✓ [grok-4-1-fast-reasoning] Temp=0.0 Rep=1 → Concordo fortemente
[2026-05-13 13:23:17,290][__main__][INFO] - Salvamento incremental (1720 novas respostas)...
[2026-05-13 13:23:17,346][__main__][INFO] - Cache salvo com 260180 entradas
[2026-05-13 13:23:17,346][__main__][INFO] - ✓ [grok-4-1-fast-reasoning] Temp=0.0 Rep=1 → Concordo fortemente
[2026-05-13 13:23:17,899][__main__][INFO] - ✓ [grok-4-1-fast-reasoning] Temp=0.0 Rep=1 → Discordo fortemente
[2026-05-13 13:23:18,922][__main__][INFO] - ✓ [grok-4-1-fast-reasoning] Temp=0.0 Rep=1 → Concordo fortemente
[2026-05-13 13:23:19,331][__main__][INFO] - ✓ [grok-4-1-fast-reasoning] Temp=0.0 Rep=1 → Concordo fortemente
[2026-05-13 13:23:19,332][__main__][INFO] - ✓ [grok-4-1-fast-reasoning] Temp=0.0 Rep=1 → Discordo
[2026-05-13 13:23:19,414][__main__][INFO] - ✓ [grok-4-1-fast-reasoning] Temp=0.0 Rep=1 → Concordo fortemente
[2026-05-13 13:23:20,045][__main__][INFO] - ✓ [grok-4-1-fast-reasoning] Temp=0.0 Rep=1 → Concordo fortemente
[2026-05-13 13:23:20,282][__main__][INFO] - ✓ [grok-4-1-fast-reasoning] Temp=0.0 Rep=1 → Concordo fortemente
[2026-05-13 13:23:20,558][__main__][INFO] - ✓ [grok-4-1-fast-reasoning] Temp=0.0 Rep=1 → Concordo fortemente
[2026-05-13 13:23:22,379][__main__][INFO] - ✓ [grok-4-1-fast-reasoning] Temp=0.0 Rep=1 → Concordo fortemente
[2026-05-13 13:23:22,380][__main__][INFO] - ✓ [grok-4-1-fast-reasoning] Temp=0.0 Rep=1 → Concordo
[2026-05-13 13:23:25,067][__main__][INFO] - ✓ [grok-4-1-fast-reasoning] Temp=0.0 Rep=1 → Concordo fortemente
[2026-05-13 13:23:25,398][__main__][INFO] - ✓ [grok-4-1-fast-reasoning] Temp=0.0 Rep=1 → Concordo
[2026-05-13 13:23:25,694][__main__][INFO] - ✓ [grok-4-1-fast-reasoning] Temp=0.0 Rep=1 → Concordo fortemente
[2026-05-13 13:23:26,777][__main__][INFO] - ✓ [grok-4-1-fast-reasoning] Temp=0.0 Rep=1 → Concordo fortemente
[2026-05-13 13:23:26,901][__main__][INFO] - ✓ [grok-4-1-fast-reasoning] Temp=0.0 Rep=1 → Concordo fortemente
[2026-05-13 13:23:26,952][__main__][INFO] - ✓ [grok-4-1-fast-reasoning] Temp=0.0 Rep=1 → Concordo fortemente
[2026-05-13 13:23:28,238][__main__][INFO] - ✓ [grok-4-1-fast-reasoning] Temp=0.0 Rep=1 → Concordo fortemente
[2026-05-13 13:23:28,546][__main__][INFO] - ✓ [grok-4-1-fast-reasoning] Temp=0.0 Rep=1 → Concordo fortemente
[2026-05-13 13:23:29,570][__main__][INFO] - ✓ [grok-4-1-fast-reasoning] Temp=0.0 Rep=1 → Concordo fortemente
[2026-05-13 13:23:30,080][__main__][INFO] - ✓ [grok-4-1-fast-reasoning] Temp=0.0 Rep=1 → Concordo fortemente
[2026-05-13 13:23:30,800][__main__][INFO] - ✓ [grok-4-1-fast-reasoning] Temp=0.0 Rep=1 → Concordo fortemente
[2026-05-13 13:23:30,800][__main__][INFO] - ✓ [grok-4-1-fast-reasoning] Temp=0.0 Rep=1 → Concordo fortemente
[2026-05-13 13:23:31,291][__main__][INFO] - ✓ [grok-4-1-fast-reasoning] Temp=0.0 Rep=1 → Discordo fortemente
[2026-05-13 13:23:31,299][__main__][INFO] - ✓ [grok-4-1-fast-reasoning] Temp=0.0 Rep=1 → Concordo fortemente
[2026-05-13 13:23:32,950][__main__][INFO] - ✓ [grok-4-1-fast-reasoning] Temp=0.0 Rep=1 → Concordo
[2026-05-13 13:23:33,059][__main__][INFO] - ✓ [grok-4-1-fast-reasoning] Temp=0.0 Rep=1 → Concordo fortemente
[2026-05-13 13:23:34,179][__main__][INFO] - ✓ [grok-4-1-fast-reasoning] Temp=0.0 Rep=1 → Concordo fortemente
[2026-05-13 13:23:34,540][__main__][INFO] - ✓ [grok-4-1-fast-reasoning] Temp=0.0 Rep=1 → Concordo fortemente
[2026-05-13 13:23:34,812][__main__][INFO] - ✓ [grok-4-1-fast-reasoning] Temp=0.0 Rep=1 → Concordo fortemente
[2026-05-13 13:23:35,730][__main__][INFO] - ✓ [grok-4-1-fast-reasoning] Temp=0.0 Rep=1 → Concordo fortemente
[2026-05-13 13:23:35,780][__main__][INFO] - ✓ [grok-4-1-fast-reasoning] Temp=0.0 Rep=1 → Concordo fortemente
[2026-05-13 13:23:37,864][__main__][INFO] - ✓ [grok-4-1-fast-reasoning] Temp=0.0 Rep=1 → Concordo
[2026-05-13 13:23:37,911][__main__][INFO] - ✓ [grok-4-1-fast-reasoning] Temp=0.0 Rep=1 → Concordo
[2026-05-13 13:23:39,503][__main__][INFO] - ✓ [grok-4-1-fast-reasoning] Temp=0.0 Rep=1 → Concordo fortemente
[2026-05-13 13:23:39,681][__main__][INFO] - ✓ [grok-4-1-fast-reasoning] Temp=0.0 Rep=1 → Concordo fortemente
[2026-05-13 13:23:39,682][__main__][INFO] - ✓ [grok-4-1-fast-reasoning] Temp=0.0 Rep=1 → Concordo fortemente
[2026-05-13 13:23:39,812][__main__][INFO] - ✓ [grok-4-1-fast-reasoning] Temp=0.0 Rep=1 → Concordo fortemente
[2026-05-13 13:23:39,924][__main__][INFO] - ✓ [grok-4-1-fast-reasoning] Temp=0.0 Rep=1 → Concordo fortemente
[2026-05-13 13:23:41,347][__main__][INFO] - ✓ [grok-4-1-fast-reasoning] Temp=0.0 Rep=1 → Concordo fortemente
[2026-05-13 13:23:41,404][__main__][INFO] - Salvamento incremental (1760 novas respostas)...
[2026-05-13 13:23:41,466][__main__][INFO] - Cache salvo com 260220 entradas
[2026-05-13 13:23:41,466][__main__][INFO] - ✓ [grok-4-1-fast-reasoning] Temp=0.0 Rep=1 → Concordo
[2026-05-13 13:23:42,371][__main__][INFO] - ✓ [grok-4-1-fast-reasoning] Temp=0.0 Rep=1 → Discordo
[2026-05-13 13:23:43,087][__main__][INFO] - ✓ [grok-4-1-fast-reasoning] Temp=0.0 Rep=1 → Concordo fortemente
[2026-05-13 13:23:43,410][__main__][INFO] - ✓ [grok-4-1-fast-reasoning] Temp=0.0 Rep=1 → Concordo fortemente
[2026-05-13 13:23:43,906][__main__][INFO] - ✓ [grok-4-1-fast-reasoning] Temp=0.0 Rep=1 → Concordo fortemente
[2026-05-13 13:23:44,623][__main__][INFO] - ✓ [grok-4-1-fast-reasoning] Temp=0.0 Rep=1 → Concordo
[2026-05-13 13:23:44,787][__main__][INFO] - ✓ [grok-4-1-fast-reasoning] Temp=0.0 Rep=1 → Concordo fortemente
[2026-05-13 13:23:45,546][__main__][INFO] - ✓ [grok-4-1-fast-reasoning] Temp=0.0 Rep=1 → Concordo fortemente
[2026-05-13 13:23:46,057][__main__][INFO] - ✓ [grok-4-1-fast-reasoning] Temp=0.0 Rep=1 → Concordo fortemente
[2026-05-13 13:23:47,694][__main__][INFO] - ✓ [grok-4-1-fast-reasoning] Temp=0.0 Rep=1 → Discordo
[2026-05-13 13:23:48,105][__main__][INFO] - ✓ [grok-4-1-fast-reasoning] Temp=0.0 Rep=1 → Concordo fortemente
[2026-05-13 13:23:48,225][__main__][INFO] - ✓ [grok-4-1-fast-reasoning] Temp=0.0 Rep=1 → Concordo fortemente
[2026-05-13 13:23:49,196][__main__][INFO] - ✓ [grok-4-1-fast-reasoning] Temp=0.0 Rep=1 → Concordo fortemente
[2026-05-13 13:23:49,436][__main__][INFO] - ✓ [grok-4-1-fast-reasoning] Temp=0.0 Rep=1 → Concordo fortemente
[2026-05-13 13:23:49,640][__main__][INFO] - ✓ [grok-4-1-fast-reasoning] Temp=0.0 Rep=1 → Concordo fortemente
[2026-05-13 13:23:49,939][__main__][INFO] - ✓ [grok-4-1-fast-reasoning] Temp=0.0 Rep=1 → Concordo fortemente
[2026-05-13 13:23:49,985][__main__][INFO] - ✓ [grok-4-1-fast-reasoning] Temp=0.0 Rep=1 → Discordo
[2026-05-13 13:23:50,235][__main__][INFO] - ✓ [grok-4-1-fast-reasoning] Temp=0.0 Rep=1 → Concordo fortemente
[2026-05-13 13:23:51,966][__main__][INFO] - ✓ [grok-4-1-fast-reasoning] Temp=0.0 Rep=1 → Concordo fortemente
[2026-05-13 13:23:52,023][__main__][INFO] - ✓ [grok-4-1-fast-reasoning] Temp=0.0 Rep=1 → Discordo
[2026-05-13 13:23:52,508][__main__][INFO] - ✓ [grok-4-1-fast-reasoning] Temp=0.0 Rep=1 → Discordo
[2026-05-13 13:23:53,442][__main__][INFO] - ✓ [grok-4-1-fast-reasoning] Temp=0.0 Rep=1 → Concordo fortemente
[2026-05-13 13:23:55,066][__main__][INFO] - ✓ [grok-4-1-fast-reasoning] Temp=0.0 Rep=1 → Concordo fortemente
[2026-05-13 13:23:55,141][__main__][INFO] - ✓ [grok-4-1-fast-reasoning] Temp=0.0 Rep=1 → Concordo fortemente
[2026-05-13 13:23:55,277][__main__][INFO] - ✓ [grok-4-1-fast-reasoning] Temp=0.0 Rep=1 → Concordo
[2026-05-13 13:23:56,502][__main__][INFO] - ✓ [grok-4-1-fast-reasoning] Temp=0.0 Rep=1 → Concordo fortemente
[2026-05-13 13:23:56,503][__main__][INFO] - ✓ [grok-4-1-fast-reasoning] Temp=0.0 Rep=1 → Concordo fortemente
[2026-05-13 13:23:57,218][__main__][INFO] - ✓ [grok-4-1-fast-reasoning] Temp=0.0 Rep=1 → Concordo fortemente
[2026-05-13 13:23:57,525][__main__][INFO] - ✓ [grok-4-1-fast-reasoning] Temp=0.0 Rep=1 → Concordo fortemente
[2026-05-13 13:23:57,583][__main__][INFO] - ✓ [grok-4-1-fast-reasoning] Temp=0.0 Rep=1 → Concordo fortemente
[2026-05-13 13:23:58,037][__main__][INFO] - ✓ [grok-4-1-fast-reasoning] Temp=0.0 Rep=1 → Concordo
[2026-05-13 13:23:58,959][__main__][INFO] - ✓ [grok-4-1-fast-reasoning] Temp=0.0 Rep=1 → Concordo fortemente
[2026-05-13 13:24:01,209][__main__][INFO] - ✓ [grok-4-1-fast-reasoning] Temp=0.0 Rep=1 → Concordo fortemente
[2026-05-13 13:24:02,031][__main__][INFO] - ✓ [grok-4-1-fast-reasoning] Temp=0.0 Rep=1 → Concordo fortemente
[2026-05-13 13:24:02,032][__main__][INFO] - ✓ [grok-4-1-fast-reasoning] Temp=0.0 Rep=1 → Concordo fortemente
[2026-05-13 13:24:02,313][__main__][INFO] - ✓ [grok-4-1-fast-reasoning] Temp=0.0 Rep=1 → Concordo fortemente
[2026-05-13 13:24:02,850][__main__][INFO] - ✓ [grok-4-1-fast-reasoning] Temp=0.0 Rep=1 → Concordo fortemente
[2026-05-13 13:24:03,275][__main__][INFO] - ✓ [grok-4-1-fast-reasoning] Temp=0.0 Rep=1 → Concordo
[2026-05-13 13:24:05,204][__main__][INFO] - ✓ [grok-4-1-fast-reasoning] Temp=0.0 Rep=1 → Concordo fortemente
[2026-05-13 13:24:06,229][__main__][INFO] - ✓ [grok-4-1-fast-reasoning] Temp=0.0 Rep=1 → Concordo
[2026-05-13 13:24:06,249][__main__][INFO] - Salvamento incremental (1800 novas respostas)...
[2026-05-13 13:24:06,313][__main__][INFO] - Cache salvo com 260260 entradas
[2026-05-13 13:24:06,313][__main__][INFO] - ✓ [grok-4-1-fast-reasoning] Temp=0.0 Rep=1 → Concordo fortemente
[2026-05-13 13:24:07,054][__main__][INFO] - ✓ [grok-4-1-fast-reasoning] Temp=0.0 Rep=1 → Concordo fortemente
[2026-05-13 13:24:07,145][__main__][INFO] - ✓ [grok-4-1-fast-reasoning] Temp=0.0 Rep=1 → Concordo fortemente
[2026-05-13 13:24:07,765][__main__][INFO] - ✓ [grok-4-1-fast-reasoning] Temp=0.0 Rep=1 → Concordo fortemente
[2026-05-13 13:24:08,278][__main__][INFO] - ✓ [grok-4-1-fast-reasoning] Temp=0.0 Rep=1 → Concordo fortemente
[2026-05-13 13:24:08,587][__main__][INFO] - ✓ [grok-4-1-fast-reasoning] Temp=0.0 Rep=1 → Concordo
[2026-05-13 13:24:08,587][__main__][INFO] - ✓ [grok-4-1-fast-reasoning] Temp=0.0 Rep=1 → Concordo fortemente
[2026-05-13 13:24:09,611][__main__][INFO] - ✓ [grok-4-1-fast-reasoning] Temp=0.0 Rep=1 → Concordo fortemente
[2026-05-13 13:24:11,022][__main__][INFO] - ✓ [grok-4-1-fast-reasoning] Temp=0.0 Rep=1 → Concordo fortemente
[2026-05-13 13:24:11,143][__main__][INFO] - ✓ [grok-4-1-fast-reasoning] Temp=0.0 Rep=1 → Concordo fortemente
[2026-05-13 13:24:12,272][__main__][INFO] - ✓ [grok-4-1-fast-reasoning] Temp=0.0 Rep=1 → Concordo fortemente
[2026-05-13 13:24:13,607][__main__][INFO] - ✓ [grok-4-1-fast-reasoning] Temp=0.0 Rep=1 → Concordo fortemente
[2026-05-13 13:24:13,921][__main__][INFO] - ✓ [grok-4-1-fast-reasoning] Temp=0.0 Rep=1 → Concordo fortemente
[2026-05-13 13:24:13,941][__main__][INFO] - ✓ [grok-4-1-fast-reasoning] Temp=0.0 Rep=1 → Concordo
[2026-05-13 13:24:14,142][__main__][INFO] - ✓ [grok-4-1-fast-reasoning] Temp=0.0 Rep=1 → Discordo
[2026-05-13 13:24:15,736][__main__][INFO] - ✓ [grok-4-1-fast-reasoning] Temp=0.0 Rep=1 → Discordo
[2026-05-13 13:24:16,469][__main__][INFO] - ✓ [grok-4-1-fast-reasoning] Temp=0.0 Rep=1 → Concordo
[2026-05-13 13:24:16,776][__main__][INFO] - ✓ [grok-4-1-fast-reasoning] Temp=0.0 Rep=1 → Concordo
[2026-05-13 13:24:17,190][__main__][INFO] - ✓ [grok-4-1-fast-reasoning] Temp=0.0 Rep=1 → Concordo fortemente
[2026-05-13 13:24:17,956][__main__][INFO] - ✓ [grok-4-1-fast-reasoning] Temp=0.0 Rep=1 → Discordo
[2026-05-13 13:24:18,313][__main__][INFO] - ✓ [grok-4-1-fast-reasoning] Temp=0.0 Rep=1 → Concordo fortemente
[2026-05-13 13:24:19,440][__main__][INFO] - ✓ [grok-4-1-fast-reasoning] Temp=0.0 Rep=1 → Concordo fortemente
[2026-05-13 13:24:19,655][__main__][INFO] - ✓ [grok-4-1-fast-reasoning] Temp=0.0 Rep=1 → Concordo fortemente
[2026-05-13 13:24:20,154][__main__][INFO] - ✓ [grok-4-1-fast-reasoning] Temp=0.0 Rep=1 → Concordo fortemente
[2026-05-13 13:24:22,205][__main__][INFO] - ✓ [grok-4-1-fast-reasoning] Temp=0.0 Rep=1 → Concordo fortemente
[2026-05-13 13:24:22,514][__main__][INFO] - ✓ [grok-4-1-fast-reasoning] Temp=0.0 Rep=1 → Concordo fortemente
[2026-05-13 13:24:22,519][__main__][INFO] - ✓ [grok-4-1-fast-reasoning] Temp=0.0 Rep=1 → Concordo fortemente
[2026-05-13 13:24:24,046][__main__][INFO] - ✓ [grok-4-1-fast-reasoning] Temp=0.0 Rep=1 → Concordo fortemente
[2026-05-13 13:24:24,348][__main__][INFO] - ✓ [grok-4-1-fast-reasoning] Temp=0.0 Rep=1 → Discordo
[2026-05-13 13:24:25,486][__main__][INFO] - ✓ [grok-4-1-fast-reasoning] Temp=0.0 Rep=1 → Concordo fortemente
[2026-05-13 13:24:25,820][__main__][INFO] - ✓ [grok-4-1-fast-reasoning] Temp=0.0 Rep=1 → Concordo fortemente
[2026-05-13 13:24:26,902][__main__][INFO] - ✓ [grok-4-1-fast-reasoning] Temp=0.0 Rep=1 → Concordo
[2026-05-13 13:24:28,040][__main__][INFO] - ✓ [grok-4-1-fast-reasoning] Temp=0.0 Rep=1 → Discordo fortemente
[2026-05-13 13:24:28,655][__main__][INFO] - ✓ [grok-4-1-fast-reasoning] Temp=0.0 Rep=1 → Concordo
[2026-05-13 13:24:29,066][__main__][INFO] - ✓ [grok-4-1-fast-reasoning] Temp=0.0 Rep=1 → Concordo fortemente
[2026-05-13 13:24:29,121][__main__][INFO] - ✓ [grok-4-1-fast-reasoning] Temp=0.0 Rep=1 → Concordo fortemente
[2026-05-13 13:24:29,577][__main__][INFO] - ✓ [grok-4-1-fast-reasoning] Temp=0.0 Rep=1 → Concordo
[2026-05-13 13:24:31,367][__main__][INFO] - ✓ [grok-4-1-fast-reasoning] Temp=0.0 Rep=1 → Concordo fortemente
[2026-05-13 13:24:31,628][__main__][INFO] - ✓ [grok-4-1-fast-reasoning] Temp=0.0 Rep=1 → Concordo fortemente
[2026-05-13 13:24:32,956][__main__][INFO] - ✓ [grok-4-1-fast-reasoning] Temp=0.0 Rep=1 → Concordo fortemente
[2026-05-13 13:24:33,836][__main__][INFO] - Salvamento incremental (1840 novas respostas)...
[2026-05-13 13:24:33,902][__main__][INFO] - Cache salvo com 260300 entradas
[2026-05-13 13:24:33,902][__main__][INFO] - ✓ [grok-4-1-fast-reasoning] Temp=0.0 Rep=1 → Discordo
[2026-05-13 13:24:33,950][__main__][INFO] - ✓ [grok-4-1-fast-reasoning] Temp=0.0 Rep=1 → Discordo
[2026-05-13 13:24:34,594][__main__][INFO] - ✓ [grok-4-1-fast-reasoning] Temp=0.0 Rep=1 → Concordo fortemente
[2026-05-13 13:24:34,780][__main__][INFO] - ✓ [grok-4-1-fast-reasoning] Temp=0.0 Rep=1 → Concordo
[2026-05-13 13:24:36,337][__main__][INFO] - ✓ [grok-4-1-fast-reasoning] Temp=0.0 Rep=1 → Discordo fortemente
[2026-05-13 13:24:36,338][__main__][INFO] - ✓ [grok-4-1-fast-reasoning] Temp=0.0 Rep=1 → Concordo
[2026-05-13 13:24:36,338][__main__][INFO] - ✓ [grok-4-1-fast-reasoning] Temp=0.0 Rep=1 → Concordo fortemente
[2026-05-13 13:24:36,949][__main__][INFO] - ✓ [grok-4-1-fast-reasoning] Temp=0.0 Rep=1 → Concordo
[2026-05-13 13:24:38,485][__main__][INFO] - ✓ [grok-4-1-fast-reasoning] Temp=0.0 Rep=1 → Concordo fortemente
[2026-05-13 13:24:40,840][__main__][INFO] - ✓ [grok-4-1-fast-reasoning] Temp=0.0 Rep=1 → Discordo
[2026-05-13 13:24:41,024][__main__][INFO] - ✓ [grok-4-1-fast-reasoning] Temp=0.0 Rep=1 → Concordo fortemente
[2026-05-13 13:24:41,311][__main__][INFO] - ✓ [grok-4-1-fast-reasoning] Temp=0.0 Rep=1 → Concordo fortemente
[2026-05-13 13:24:41,619][__main__][INFO] - ✓ [grok-4-1-fast-reasoning] Temp=0.0 Rep=1 → Discordo fortemente
[2026-05-13 13:24:42,172][__main__][INFO] - ✓ [grok-4-1-fast-reasoning] Temp=0.0 Rep=1 → Concordo
[2026-05-13 13:24:42,267][__main__][INFO] - ✓ [grok-4-1-fast-reasoning] Temp=0.0 Rep=1 → Concordo
[2026-05-13 13:24:44,425][__main__][INFO] - ✓ [grok-4-1-fast-reasoning] Temp=0.0 Rep=1 → Concordo fortemente
[2026-05-13 13:24:44,495][__main__][INFO] - ✓ [grok-4-1-fast-reasoning] Temp=0.0 Rep=1 → Concordo fortemente
[2026-05-13 13:24:46,373][__main__][INFO] - ✓ [grok-4-1-fast-reasoning] Temp=0.0 Rep=1 → Discordo
[2026-05-13 13:24:46,883][__main__][INFO] - ✓ [grok-4-1-fast-reasoning] Temp=0.0 Rep=1 → Concordo fortemente
[2026-05-13 13:24:47,069][__main__][INFO] - ✓ [grok-4-1-fast-reasoning] Temp=0.0 Rep=1 → Concordo
[2026-05-13 13:24:47,601][__main__][INFO] - ✓ [grok-4-1-fast-reasoning] Temp=0.0 Rep=1 → Discordo
[2026-05-13 13:24:47,602][__main__][INFO] - ✓ [grok-4-1-fast-reasoning] Temp=0.0 Rep=1 → Concordo
[2026-05-13 13:24:49,237][__main__][INFO] - ✓ [grok-4-1-fast-reasoning] Temp=0.0 Rep=1 → Concordo
[2026-05-13 13:24:49,982][__main__][INFO] - ✓ [grok-4-1-fast-reasoning] Temp=0.0 Rep=1 → Concordo
[2026-05-13 13:24:50,570][__main__][INFO] - ✓ [grok-4-1-fast-reasoning] Temp=0.0 Rep=1 → Concordo fortemente
[2026-05-13 13:24:50,571][__main__][INFO] - ✓ [grok-4-1-fast-reasoning] Temp=0.0 Rep=1 → Concordo
[2026-05-13 13:24:50,774][__main__][INFO] - ✓ [grok-4-1-fast-reasoning] Temp=0.0 Rep=1 → Discordo fortemente
[2026-05-13 13:24:50,825][__main__][INFO] - ✓ [grok-4-1-fast-reasoning] Temp=0.0 Rep=1 → Concordo
[2026-05-13 13:24:51,183][__main__][INFO] - ✓ [grok-4-1-fast-reasoning] Temp=0.0 Rep=1 → Concordo fortemente
[2026-05-13 13:24:53,830][__main__][INFO] - ✓ [grok-4-1-fast-reasoning] Temp=0.0 Rep=1 → Concordo fortemente
[2026-05-13 13:24:54,870][__main__][INFO] - ✓ [grok-4-1-fast-reasoning] Temp=0.0 Rep=1 → Discordo fortemente
[2026-05-13 13:24:54,880][__main__][INFO] - ✓ [grok-4-1-fast-reasoning] Temp=0.0 Rep=1 → Discordo
[2026-05-13 13:24:54,950][__main__][INFO] - ✓ [grok-4-1-fast-reasoning] Temp=0.0 Rep=1 → Concordo fortemente
[2026-05-13 13:24:55,229][__main__][INFO] - ✓ [grok-4-1-fast-reasoning] Temp=0.0 Rep=1 → Concordo fortemente
[2026-05-13 13:24:56,098][__main__][INFO] - ✓ [grok-4-1-fast-reasoning] Temp=0.0 Rep=1 → Discordo fortemente
[2026-05-13 13:24:56,825][__main__][INFO] - ✓ [grok-4-1-fast-reasoning] Temp=0.0 Rep=1 → Discordo
[2026-05-13 13:24:56,926][__main__][INFO] - ✓ [grok-4-1-fast-reasoning] Temp=0.0 Rep=1 → Discordo
[2026-05-13 13:24:57,610][__main__][INFO] - ✓ [grok-4-1-fast-reasoning] Temp=0.0 Rep=1 → Concordo fortemente
[2026-05-13 13:24:58,761][__main__][INFO] - ✓ [grok-4-1-fast-reasoning] Temp=0.0 Rep=1 → Concordo fortemente
[2026-05-13 13:24:59,479][__main__][INFO] - ✓ [grok-4-1-fast-reasoning] Temp=0.0 Rep=1 → Discordo fortemente
[2026-05-13 13:24:59,682][__main__][INFO] - Salvamento incremental (1880 novas respostas)...
[2026-05-13 13:24:59,746][__main__][INFO] - Cache salvo com 260340 entradas
[2026-05-13 13:24:59,747][__main__][INFO] - ✓ [grok-4-1-fast-reasoning] Temp=0.0 Rep=1 → Concordo fortemente
[2026-05-13 13:24:59,747][__main__][INFO] - ✓ [grok-4-1-fast-reasoning] Temp=0.0 Rep=1 → Concordo fortemente
[2026-05-13 13:25:02,758][__main__][INFO] - ✓ [grok-4-1-fast-reasoning] Temp=0.0 Rep=1 → Discordo
[2026-05-13 13:25:02,759][__main__][INFO] - ✓ [grok-4-1-fast-reasoning] Temp=0.0 Rep=1 → Concordo fortemente
[2026-05-13 13:25:03,578][__main__][INFO] - ✓ [grok-4-1-fast-reasoning] Temp=0.0 Rep=1 → Discordo fortemente
[2026-05-13 13:25:03,579][__main__][INFO] - ✓ [grok-4-1-fast-reasoning] Temp=0.0 Rep=1 → Concordo fortemente
[2026-05-13 13:25:03,579][__main__][INFO] - ✓ [grok-4-1-fast-reasoning] Temp=0.0 Rep=1 → Concordo fortemente
[2026-05-13 13:25:04,706][__main__][INFO] - ✓ [grok-4-1-fast-reasoning] Temp=0.0 Rep=1 → Discordo
[2026-05-13 13:25:04,707][__main__][INFO] - ✓ [grok-4-1-fast-reasoning] Temp=0.0 Rep=1 → Discordo fortemente
[2026-05-13 13:25:05,520][__main__][INFO] - ✓ [grok-4-1-fast-reasoning] Temp=0.0 Rep=1 → Concordo fortemente
[2026-05-13 13:25:08,080][__main__][INFO] - ✓ [grok-4-1-fast-reasoning] Temp=0.0 Rep=1 → Concordo fortemente
[2026-05-13 13:25:08,490][__main__][INFO] - ✓ [grok-4-1-fast-reasoning] Temp=0.0 Rep=1 → Neutro
[2026-05-13 13:25:08,898][__main__][INFO] - ✓ [grok-4-1-fast-reasoning] Temp=0.0 Rep=1 → Concordo fortemente
[2026-05-13 13:25:08,913][__main__][INFO] - ✓ [grok-4-1-fast-reasoning] Temp=0.0 Rep=1 → Concordo fortemente
[2026-05-13 13:25:10,436][__main__][INFO] - ✓ [grok-4-1-fast-reasoning] Temp=0.0 Rep=1 → Concordo fortemente
[2026-05-13 13:25:11,015][__main__][INFO] - ✓ [grok-4-1-fast-reasoning] Temp=0.0 Rep=1 → Discordo fortemente
[2026-05-13 13:25:11,663][__main__][INFO] - ✓ [grok-4-1-fast-reasoning] Temp=0.0 Rep=1 → Concordo fortemente
[2026-05-13 13:25:11,819][__main__][INFO] - ✓ [grok-4-1-fast-reasoning] Temp=0.0 Rep=1 → Concordo fortemente
[2026-05-13 13:25:11,970][__main__][INFO] - ✓ [grok-4-1-fast-reasoning] Temp=0.0 Rep=1 → Discordo
[2026-05-13 13:25:13,087][__main__][INFO] - ✓ [grok-4-1-fast-reasoning] Temp=0.0 Rep=1 → Discordo fortemente
[2026-05-13 13:25:14,634][__main__][INFO] - ✓ [grok-4-1-fast-reasoning] Temp=0.0 Rep=1 → Discordo fortemente
[2026-05-13 13:25:15,638][__main__][INFO] - ✓ [grok-4-1-fast-reasoning] Temp=0.0 Rep=1 → Concordo fortemente
[2026-05-13 13:25:16,263][__main__][INFO] - ✓ [grok-4-1-fast-reasoning] Temp=0.0 Rep=1 → Concordo fortemente
[2026-05-13 13:25:16,325][__main__][INFO] - ✓ [grok-4-1-fast-reasoning] Temp=0.0 Rep=1 → Discordo fortemente
[2026-05-13 13:25:16,976][__main__][INFO] - ✓ [grok-4-1-fast-reasoning] Temp=0.0 Rep=1 → Discordo
[2026-05-13 13:25:17,093][__main__][INFO] - ✓ [grok-4-1-fast-reasoning] Temp=0.0 Rep=1 → Discordo
[2026-05-13 13:25:18,045][__main__][INFO] - ✓ [grok-4-1-fast-reasoning] Temp=0.0 Rep=1 → Concordo fortemente
[2026-05-13 13:25:19,307][__main__][INFO] - ✓ [grok-4-1-fast-reasoning] Temp=0.0 Rep=1 → Discordo fortemente
[2026-05-13 13:25:19,857][__main__][INFO] - ✓ [grok-4-1-fast-reasoning] Temp=0.0 Rep=1 → Concordo fortemente
[2026-05-13 13:25:21,494][__main__][INFO] - ✓ [grok-4-1-fast-reasoning] Temp=0.0 Rep=1 → Concordo fortemente
[2026-05-13 13:25:21,597][__main__][INFO] - ✓ [grok-4-1-fast-reasoning] Temp=0.0 Rep=1 → Discordo fortemente
[2026-05-13 13:25:21,744][__main__][INFO] - ✓ [grok-4-1-fast-reasoning] Temp=0.0 Rep=1 → Concordo fortemente
[2026-05-13 13:25:21,834][__main__][INFO] - ✓ [grok-4-1-fast-reasoning] Temp=0.0 Rep=1 → Concordo fortemente
[2026-05-13 13:25:22,725][__main__][INFO] - ✓ [grok-4-1-fast-reasoning] Temp=0.0 Rep=1 → Discordo fortemente
[2026-05-13 13:25:23,500][__main__][INFO] - ✓ [grok-4-1-fast-reasoning] Temp=0.0 Rep=1 → Discordo fortemente
[2026-05-13 13:25:24,577][__main__][INFO] - ✓ [grok-4-1-fast-reasoning] Temp=0.0 Rep=1 → Discordo fortemente
[2026-05-13 13:25:24,577][__main__][INFO] - ✓ [grok-4-1-fast-reasoning] Temp=0.0 Rep=1 → Concordo fortemente
[2026-05-13 13:25:25,073][__main__][INFO] - ✓ [grok-4-1-fast-reasoning] Temp=0.0 Rep=1 → Discordo fortemente
[2026-05-13 13:25:25,310][__main__][INFO] - ✓ [grok-4-1-fast-reasoning] Temp=0.0 Rep=1 → Concordo fortemente
[2026-05-13 13:25:25,610][__main__][INFO] - ✓ [grok-4-1-fast-reasoning] Temp=0.0 Rep=1 → Discordo fortemente
[2026-05-13 13:25:25,899][__main__][INFO] - Salvamento incremental (1920 novas respostas)...
[2026-05-13 13:25:25,968][__main__][INFO] - Cache salvo com 260380 entradas
[2026-05-13 13:25:25,969][__main__][INFO] - ✓ [grok-4-1-fast-reasoning] Temp=0.0 Rep=1 → Discordo fortemente
[2026-05-13 13:25:26,120][__main__][INFO] - ✓ [grok-4-1-fast-reasoning] Temp=0.0 Rep=1 → Concordo fortemente
[2026-05-13 13:25:27,023][__main__][INFO] - ✓ [grok-4-1-fast-reasoning] Temp=0.0 Rep=1 → Concordo fortemente
[2026-05-13 13:25:27,168][__main__][INFO] - ✓ [grok-4-1-fast-reasoning] Temp=0.0 Rep=1 → Concordo
[2026-05-13 13:25:28,355][__main__][INFO] - ✓ [grok-4-1-fast-reasoning] Temp=0.0 Rep=1 → Concordo fortemente
[2026-05-13 13:25:28,765][__main__][INFO] - ✓ [grok-4-1-fast-reasoning] Temp=0.0 Rep=1 → Discordo
[2026-05-13 13:25:29,793][__main__][INFO] - ✓ [grok-4-1-fast-reasoning] Temp=0.0 Rep=1 → Discordo fortemente
[2026-05-13 13:25:29,937][__main__][INFO] - ✓ [grok-4-1-fast-reasoning] Temp=0.0 Rep=1 → Concordo
[2026-05-13 13:25:30,402][__main__][INFO] - ✓ [grok-4-1-fast-reasoning] Temp=0.0 Rep=1 → Concordo fortemente
[2026-05-13 13:25:30,453][__main__][INFO] - ✓ [grok-4-1-fast-reasoning] Temp=0.0 Rep=1 → Concordo fortemente
[2026-05-13 13:25:31,007][__main__][INFO] - ✓ [grok-4-1-fast-reasoning] Temp=0.0 Rep=1 → Concordo
[2026-05-13 13:25:31,949][__main__][INFO] - ✓ [grok-4-1-fast-reasoning] Temp=0.0 Rep=1 → Discordo
[2026-05-13 13:25:33,167][__main__][INFO] - ✓ [grok-4-1-fast-reasoning] Temp=0.0 Rep=1 → Discordo fortemente
[2026-05-13 13:25:33,176][__main__][INFO] - ✓ [grok-4-1-fast-reasoning] Temp=0.0 Rep=1 → Concordo fortemente
[2026-05-13 13:25:34,628][__main__][INFO] - ✓ [grok-4-1-fast-reasoning] Temp=0.0 Rep=1 → Concordo fortemente
[2026-05-13 13:25:35,831][__main__][INFO] - ✓ [grok-4-1-fast-reasoning] Temp=0.0 Rep=1 → Discordo fortemente
[2026-05-13 13:25:36,095][__main__][INFO] - ✓ [grok-4-1-fast-reasoning] Temp=0.0 Rep=1 → Concordo fortemente
[2026-05-13 13:25:36,696][__main__][INFO] - ✓ [grok-4-1-fast-reasoning] Temp=0.0 Rep=1 → Concordo fortemente
[2026-05-13 13:25:37,878][__main__][INFO] - ✓ [grok-4-1-fast-reasoning] Temp=0.0 Rep=1 → Discordo
[2026-05-13 13:25:37,963][__main__][INFO] - ✓ [grok-4-1-fast-reasoning] Temp=0.0 Rep=1 → Discordo fortemente
[2026-05-13 13:25:38,246][__main__][INFO] - ✓ [grok-4-1-fast-reasoning] Temp=0.0 Rep=1 → Concordo
[2026-05-13 13:25:38,359][__main__][INFO] - ✓ [grok-4-1-fast-reasoning] Temp=0.0 Rep=1 → Concordo fortemente
[2026-05-13 13:25:38,558][__main__][INFO] - ✓ [grok-4-1-fast-reasoning] Temp=0.0 Rep=1 → Concordo fortemente
[2026-05-13 13:25:39,570][__main__][INFO] - ✓ [grok-4-1-fast-reasoning] Temp=0.0 Rep=1 → Discordo fortemente
[2026-05-13 13:25:39,756][__main__][INFO] - ✓ [grok-4-1-fast-reasoning] Temp=0.0 Rep=1 → Concordo fortemente
[2026-05-13 13:25:40,850][__main__][INFO] - ✓ [grok-4-1-fast-reasoning] Temp=0.0 Rep=1 → Concordo
[2026-05-13 13:25:43,000][__main__][INFO] - ✓ [grok-4-1-fast-reasoning] Temp=0.0 Rep=1 → Concordo fortemente
[2026-05-13 13:25:43,001][__main__][INFO] - ✓ [grok-4-1-fast-reasoning] Temp=0.0 Rep=1 → Concordo fortemente
[2026-05-13 13:25:43,156][__main__][INFO] - ✓ [grok-4-1-fast-reasoning] Temp=0.0 Rep=1 → Discordo
[2026-05-13 13:25:43,170][__main__][INFO] - ✓ [grok-4-1-fast-reasoning] Temp=0.0 Rep=1 → Concordo fortemente
[2026-05-13 13:25:44,534][__main__][INFO] - ✓ [grok-4-1-fast-reasoning] Temp=0.0 Rep=1 → Concordo fortemente
[2026-05-13 13:25:45,355][__main__][INFO] - ✓ [grok-4-1-fast-reasoning] Temp=0.0 Rep=1 → Concordo fortemente
[2026-05-13 13:25:46,377][__main__][INFO] - ✓ [grok-4-1-fast-reasoning] Temp=0.0 Rep=1 → Discordo
[2026-05-13 13:25:46,570][__main__][INFO] - ✓ [grok-4-1-fast-reasoning] Temp=0.0 Rep=1 → Discordo
[2026-05-13 13:25:47,906][__main__][INFO] - ✓ [grok-4-1-fast-reasoning] Temp=0.0 Rep=1 → Discordo fortemente
[2026-05-13 13:25:49,456][__main__][INFO] - ✓ [grok-4-1-fast-reasoning] Temp=0.0 Rep=1 → Discordo
[2026-05-13 13:25:49,914][__main__][INFO] - ✓ [grok-4-1-fast-reasoning] Temp=0.0 Rep=1 → Discordo fortemente
[2026-05-13 13:25:50,577][__main__][INFO] - ✓ [grok-4-1-fast-reasoning] Temp=0.0 Rep=1 → Concordo fortemente
[2026-05-13 13:25:50,578][__main__][INFO] - ✓ [grok-4-1-fast-reasoning] Temp=0.0 Rep=1 → Discordo fortemente
[2026-05-13 13:25:50,658][__main__][INFO] - ✓ [grok-4-1-fast-reasoning] Temp=0.0 Rep=1 → Concordo fortemente
[2026-05-13 13:25:51,086][__main__][INFO] - Salvamento incremental (1960 novas respostas)...
[2026-05-13 13:25:51,149][__main__][INFO] - Cache salvo com 260420 entradas
[2026-05-13 13:25:51,149][__main__][INFO] - ✓ [grok-4-1-fast-reasoning] Temp=0.0 Rep=1 → Concordo
[2026-05-13 13:25:52,009][__main__][INFO] - ✓ [grok-4-1-fast-reasoning] Temp=0.0 Rep=1 → Discordo
[2026-05-13 13:25:52,030][__main__][INFO] - ✓ [grok-4-1-fast-reasoning] Temp=0.0 Rep=1 → Concordo
[2026-05-13 13:25:54,261][__main__][INFO] - ✓ [grok-4-1-fast-reasoning] Temp=0.0 Rep=1 → Concordo fortemente
[2026-05-13 13:25:54,776][__main__][INFO] - ✓ [grok-4-1-fast-reasoning] Temp=0.0 Rep=1 → Discordo fortemente
[2026-05-13 13:25:55,491][__main__][INFO] - ✓ [grok-4-1-fast-reasoning] Temp=0.0 Rep=1 → Concordo fortemente
[2026-05-13 13:25:55,695][__main__][INFO] - ✓ [grok-4-1-fast-reasoning] Temp=0.0 Rep=1 → Concordo
[2026-05-13 13:25:55,770][__main__][INFO] - ✓ [grok-4-1-fast-reasoning] Temp=0.0 Rep=1 → Concordo fortemente
[2026-05-13 13:25:57,743][__main__][INFO] - ✓ [grok-4-1-fast-reasoning] Temp=0.0 Rep=1 → Concordo
[2026-05-13 13:25:58,767][__main__][INFO] - ✓ [grok-4-1-fast-reasoning] Temp=0.0 Rep=1 → Discordo
[2026-05-13 13:25:58,850][__main__][INFO] - ✓ [grok-4-1-fast-reasoning] Temp=0.0 Rep=1 → Discordo fortemente
[2026-05-13 13:25:59,400][__main__][INFO] - ✓ [grok-4-1-fast-reasoning] Temp=0.0 Rep=1 → Concordo
[2026-05-13 13:26:01,328][__main__][INFO] - ✓ [grok-4-1-fast-reasoning] Temp=0.0 Rep=1 → Concordo fortemente
[2026-05-13 13:26:01,335][__main__][INFO] - ✓ [grok-4-1-fast-reasoning] Temp=0.0 Rep=1 → Concordo fortemente
[2026-05-13 13:26:01,454][__main__][INFO] - ✓ [grok-4-1-fast-reasoning] Temp=0.0 Rep=1 → Discordo fortemente
[2026-05-13 13:26:02,864][__main__][INFO] - ✓ [grok-4-1-fast-reasoning] Temp=0.0 Rep=1 → Concordo
[2026-05-13 13:26:03,351][__main__][INFO] - ✓ [grok-4-1-fast-reasoning] Temp=0.0 Rep=1 → Concordo
[2026-05-13 13:26:03,450][__main__][INFO] - Cache salvo com 260436 entradas
[2026-05-13 13:26:03,450][__main__][INFO] - Coleta de dados concluída!
