[2026-05-08 15:11:34,481][__main__][INFO] - Retrieval ativado: store='wiki_faiss_store', top_n=[0, 3], emb_model='google/embeddinggemma-300m'
[2026-05-08 15:11:34,481][__main__][INFO] - Carregadas 56 perguntas de dados/pairs.json
[2026-05-08 15:11:34,526][__main__][INFO] - Cache carregado com 203023 entradas
[2026-05-08 15:11:36,534][__main__][INFO] - ✓ [nvidia/NVIDIA-Nemotron-Nano-12B-v2-VL] Temp=0.0 Rep=1 → Discordo fortemente
[2026-05-08 15:11:36,702][__main__][INFO] - ✓ [nvidia/NVIDIA-Nemotron-Nano-12B-v2-VL] Temp=0.0 Rep=1 → Concordo fortemente
[2026-05-08 15:11:36,710][__main__][INFO] - ✓ [nvidia/NVIDIA-Nemotron-Nano-12B-v2-VL] Temp=0.0 Rep=1 → Concordo fortemente
[2026-05-08 15:11:36,727][__main__][INFO] - ✓ [microsoft/phi-4] Temp=0.0 Rep=1 → Concordo
[2026-05-08 15:11:36,763][__main__][INFO] - ✓ [microsoft/phi-4] Temp=0.0 Rep=1 → Concordo fortemente
[2026-05-08 15:11:37,059][__main__][INFO] - ✓ [microsoft/phi-4] Temp=0.0 Rep=1 → Concordo
[2026-05-08 15:11:37,073][__main__][INFO] - ✓ [microsoft/phi-4] Temp=0.0 Rep=1 → Concordo
[2026-05-08 15:11:37,077][__main__][INFO] - ✓ [microsoft/phi-4] Temp=0.0 Rep=1 → Concordo fortemente
[2026-05-08 15:11:37,082][__main__][INFO] - ✓ [microsoft/phi-4] Temp=0.0 Rep=1 → Concordo
[2026-05-08 15:11:37,311][__main__][INFO] - ✓ [deepseek-ai/DeepSeek-V3.2] Temp=0.0 Rep=1 → Concordo fortemente
[2026-05-08 15:11:37,419][__main__][INFO] - ✓ [nvidia/NVIDIA-Nemotron-Nano-12B-v2-VL] Temp=0.0 Rep=1 → Discordo fortemente
[2026-05-08 15:11:37,420][__main__][INFO] - ✓ [nvidia/NVIDIA-Nemotron-Nano-12B-v2-VL] Temp=0.0 Rep=1 → Discordo fortemente
[2026-05-08 15:11:37,420][__main__][INFO] - ✓ [nvidia/NVIDIA-Nemotron-Nano-12B-v2-VL] Temp=0.0 Rep=1 → Discordo fortemente
[2026-05-08 15:11:37,629][__main__][INFO] - ✓ [deepseek-ai/DeepSeek-V3.2] Temp=0.0 Rep=1 → Neutro
[2026-05-08 15:11:37,794][__main__][INFO] - ✓ [microsoft/phi-4] Temp=0.0 Rep=1 → Discordo fortemente
[2026-05-08 15:11:37,806][__main__][INFO] - ✓ [microsoft/phi-4] Temp=0.0 Rep=1 → Concordo fortemente
[2026-05-08 15:11:37,943][__main__][INFO] - ✓ [microsoft/phi-4] Temp=0.0 Rep=1 → Discordo fortemente
[2026-05-08 15:11:38,260][__main__][INFO] - ✓ [nvidia/NVIDIA-Nemotron-Nano-12B-v2-VL] Temp=0.0 Rep=1 → Discordo fortemente
[2026-05-08 15:11:38,262][__main__][INFO] - ✓ [nvidia/NVIDIA-Nemotron-Nano-12B-v2-VL] Temp=0.0 Rep=1 → Discordo fortemente
[2026-05-08 15:11:38,272][__main__][INFO] - ✓ [deepseek-ai/DeepSeek-V3.2] Temp=0.0 Rep=1 → Discordo
[2026-05-08 15:11:38,404][__main__][INFO] - ✓ [nvidia/NVIDIA-Nemotron-Nano-12B-v2-VL] Temp=0.0 Rep=1 → Discordo fortemente
[2026-05-08 15:11:38,548][__main__][INFO] - ✓ [deepseek-ai/DeepSeek-V3.2] Temp=0.0 Rep=1 → Concordo fortemente
[2026-05-08 15:11:38,636][__main__][INFO] - ✓ [deepseek-ai/DeepSeek-V3.2] Temp=0.0 Rep=1 → Neutro
[2026-05-08 15:11:38,793][__main__][INFO] - ✓ [microsoft/phi-4] Temp=0.0 Rep=1 → Discordo fortemente
[2026-05-08 15:11:38,830][__main__][INFO] - ✓ [microsoft/phi-4] Temp=0.0 Rep=1 → Concordo
[2026-05-08 15:11:38,884][__main__][INFO] - ✓ [deepseek-ai/DeepSeek-V3.2] Temp=0.0 Rep=1 → Concordo fortemente
[2026-05-08 15:11:38,962][__main__][INFO] - ✓ [microsoft/phi-4] Temp=0.0 Rep=1 → Neutro
[2026-05-08 15:11:39,014][__main__][INFO] - ✓ [deepseek-ai/DeepSeek-V3.2] Temp=0.0 Rep=1 → Neutro
[2026-05-08 15:11:39,114][__main__][INFO] - ✓ [deepseek-ai/DeepSeek-V3.2] Temp=0.0 Rep=1 → Discordo fortemente
[2026-05-08 15:11:39,157][__main__][INFO] - ✓ [nvidia/NVIDIA-Nemotron-Nano-12B-v2-VL] Temp=0.0 Rep=1 → Discordo fortemente
[2026-05-08 15:11:39,305][__main__][INFO] - ✓ [nvidia/NVIDIA-Nemotron-Nano-12B-v2-VL] Temp=0.0 Rep=1 → Discordo fortemente
[2026-05-08 15:11:39,306][__main__][INFO] - ✓ [nvidia/NVIDIA-Nemotron-Nano-12B-v2-VL] Temp=0.0 Rep=1 → Discordo fortemente
[2026-05-08 15:11:39,316][__main__][INFO] - ✓ [deepseek-ai/DeepSeek-V3.2] Temp=0.0 Rep=1 → Discordo
[2026-05-08 15:11:39,483][__main__][INFO] - ✓ [microsoft/phi-4] Temp=0.0 Rep=1 → Concordo fortemente
[2026-05-08 15:11:39,553][__main__][INFO] - ✓ [deepseek-ai/DeepSeek-V3.2] Temp=0.0 Rep=1 → Neutro
[2026-05-08 15:11:39,617][__main__][INFO] - ✓ [nvidia/NVIDIA-Nemotron-Nano-12B-v2-VL] Temp=0.0 Rep=1 → Discordo fortemente
[2026-05-08 15:11:39,687][__main__][INFO] - ✓ [microsoft/phi-4] Temp=0.0 Rep=1 → Concordo fortemente
[2026-05-08 15:11:39,688][__main__][INFO] - ✓ [microsoft/phi-4] Temp=0.0 Rep=1 → Concordo fortemente
[2026-05-08 15:11:39,832][__main__][INFO] - ✓ [nvidia/NVIDIA-Nemotron-Nano-12B-v2-VL] Temp=0.0 Rep=1 → Discordo fortemente
[2026-05-08 15:11:39,856][__main__][INFO] - Salvamento incremental (40 novas respostas)...
[2026-05-08 15:11:39,902][__main__][INFO] - Cache salvo com 203063 entradas
[2026-05-08 15:11:39,902][__main__][INFO] - ✓ [nvidia/NVIDIA-Nemotron-Nano-12B-v2-VL] Temp=0.0 Rep=1 → Concordo fortemente
[2026-05-08 15:11:40,017][__main__][INFO] - ✓ [deepseek-ai/DeepSeek-V3.2] Temp=0.0 Rep=1 → Discordo fortemente
[2026-05-08 15:11:40,215][__main__][INFO] - ✓ [microsoft/phi-4] Temp=0.0 Rep=1 → Concordo fortemente
[2026-05-08 15:11:40,216][__main__][INFO] - ✓ [microsoft/phi-4] Temp=0.0 Rep=1 → Concordo
[2026-05-08 15:11:40,371][__main__][INFO] - ✓ [microsoft/phi-4] Temp=0.0 Rep=1 → Concordo fortemente
[2026-05-08 15:11:40,487][__main__][INFO] - ✓ [deepseek-ai/DeepSeek-V3.2] Temp=0.0 Rep=1 → Neutro
[2026-05-08 15:11:40,576][__main__][INFO] - ✓ [nvidia/NVIDIA-Nemotron-Nano-12B-v2-VL] Temp=0.0 Rep=1 → Discordo fortemente
[2026-05-08 15:11:40,583][__main__][INFO] - ✓ [nvidia/NVIDIA-Nemotron-Nano-12B-v2-VL] Temp=0.0 Rep=1 → Discordo fortemente
[2026-05-08 15:11:40,637][__main__][INFO] - ✓ [deepseek-ai/DeepSeek-V3.2] Temp=0.0 Rep=1 → Concordo fortemente
[2026-05-08 15:11:40,671][__main__][INFO] - ✓ [deepseek-ai/DeepSeek-V3.2] Temp=0.0 Rep=1 → Concordo fortemente
[2026-05-08 15:11:40,674][__main__][INFO] - ✓ [nvidia/NVIDIA-Nemotron-Nano-12B-v2-VL] Temp=0.0 Rep=1 → Discordo fortemente
[2026-05-08 15:11:40,729][__main__][INFO] - ✓ [deepseek-ai/DeepSeek-V3.2] Temp=0.0 Rep=1 → Concordo fortemente
[2026-05-08 15:11:40,774][__main__][INFO] - ✓ [deepseek-ai/DeepSeek-V3.2] Temp=0.0 Rep=1 → Concordo fortemente
[2026-05-08 15:11:40,890][__main__][INFO] - ✓ [deepseek-ai/DeepSeek-V3.2] Temp=0.0 Rep=1 → Concordo fortemente
[2026-05-08 15:11:40,977][__main__][INFO] - ✓ [microsoft/phi-4] Temp=0.0 Rep=1 → Discordo fortemente
[2026-05-08 15:11:41,015][__main__][INFO] - ✓ [deepseek-ai/DeepSeek-V3.2] Temp=0.0 Rep=1 → Concordo fortemente
[2026-05-08 15:11:41,019][__main__][INFO] - ✓ [microsoft/phi-4] Temp=0.0 Rep=1 → Concordo fortemente
[2026-05-08 15:11:41,088][__main__][INFO] - ✓ [nvidia/NVIDIA-Nemotron-Nano-12B-v2-VL] Temp=0.0 Rep=1 → Discordo fortemente
[2026-05-08 15:11:41,188][__main__][INFO] - ✓ [nvidia/NVIDIA-Nemotron-Nano-12B-v2-VL] Temp=0.0 Rep=1 → Discordo fortemente
[2026-05-08 15:11:41,191][__main__][INFO] - ✓ [microsoft/phi-4] Temp=0.0 Rep=1 → Discordo fortemente
[2026-05-08 15:11:41,413][__main__][INFO] - ✓ [microsoft/phi-4] Temp=0.0 Rep=1 → Concordo fortemente
[2026-05-08 15:11:41,415][__main__][INFO] - ✓ [deepseek-ai/DeepSeek-V3.2] Temp=0.0 Rep=1 → Neutro
[2026-05-08 15:11:41,509][__main__][INFO] - ✓ [microsoft/phi-4] Temp=0.0 Rep=1 → Concordo
[2026-05-08 15:11:41,553][__main__][INFO] - ✓ [microsoft/phi-4] Temp=0.0 Rep=1 → Concordo fortemente
[2026-05-08 15:11:41,746][__main__][INFO] - ✓ [nvidia/NVIDIA-Nemotron-Nano-12B-v2-VL] Temp=0.0 Rep=1 → Discordo fortemente
[2026-05-08 15:11:41,926][__main__][INFO] - ✓ [nvidia/NVIDIA-Nemotron-Nano-12B-v2-VL] Temp=0.0 Rep=1 → Discordo fortemente
[2026-05-08 15:11:41,948][__main__][INFO] - ✓ [deepseek-ai/DeepSeek-V3.2] Temp=0.0 Rep=1 → Concordo fortemente
[2026-05-08 15:11:41,973][__main__][INFO] - ✓ [nvidia/NVIDIA-Nemotron-Nano-12B-v2-VL] Temp=0.0 Rep=1 → Discordo fortemente
[2026-05-08 15:11:42,054][__main__][INFO] - ✓ [deepseek-ai/DeepSeek-V3.2] Temp=0.0 Rep=1 → Neutro
[2026-05-08 15:11:42,217][__main__][INFO] - ✓ [deepseek-ai/DeepSeek-V3.2] Temp=0.0 Rep=1 → Concordo fortemente
[2026-05-08 15:11:42,337][__main__][INFO] - ✓ [microsoft/phi-4] Temp=0.0 Rep=1 → Concordo fortemente
[2026-05-08 15:11:42,350][__main__][INFO] - ✓ [microsoft/phi-4] Temp=0.0 Rep=1 → Concordo
[2026-05-08 15:11:42,353][__main__][INFO] - ✓ [microsoft/phi-4] Temp=0.0 Rep=1 → Concordo fortemente
[2026-05-08 15:11:42,457][__main__][INFO] - ✓ [nvidia/NVIDIA-Nemotron-Nano-12B-v2-VL] Temp=0.0 Rep=1 → Discordo fortemente
[2026-05-08 15:11:42,458][__main__][INFO] - ✓ [deepseek-ai/DeepSeek-V3.2] Temp=0.0 Rep=1 → Discordo
[2026-05-08 15:11:42,507][__main__][INFO] - ✓ [nvidia/NVIDIA-Nemotron-Nano-12B-v2-VL] Temp=0.0 Rep=1 → Discordo fortemente
[2026-05-08 15:11:42,604][__main__][INFO] - ✓ [deepseek-ai/DeepSeek-V3.2] Temp=0.0 Rep=1 → Concordo fortemente
[2026-05-08 15:11:42,678][__main__][INFO] - ✓ [nvidia/NVIDIA-Nemotron-Nano-12B-v2-VL] Temp=0.0 Rep=1 → Discordo fortemente
[2026-05-08 15:11:42,689][__main__][INFO] - ✓ [nvidia/NVIDIA-Nemotron-Nano-12B-v2-VL] Temp=0.0 Rep=1 → Concordo fortemente
[2026-05-08 15:11:42,847][__main__][INFO] - ✓ [deepseek-ai/DeepSeek-V3.2] Temp=0.0 Rep=1 → Concordo fortemente
[2026-05-08 15:11:42,873][__main__][INFO] - Salvamento incremental (80 novas respostas)...
[2026-05-08 15:11:42,915][__main__][INFO] - Cache salvo com 203103 entradas
[2026-05-08 15:11:42,915][__main__][INFO] - ✓ [deepseek-ai/DeepSeek-V3.2] Temp=0.0 Rep=1 → Concordo fortemente
[2026-05-08 15:11:42,974][__main__][INFO] - ✓ [microsoft/phi-4] Temp=0.0 Rep=1 → Concordo fortemente
[2026-05-08 15:11:42,974][__main__][INFO] - ✓ [microsoft/phi-4] Temp=0.0 Rep=1 → Concordo
[2026-05-08 15:11:42,982][__main__][INFO] - ✓ [nvidia/NVIDIA-Nemotron-Nano-12B-v2-VL] Temp=0.0 Rep=1 → Discordo fortemente
[2026-05-08 15:11:43,119][__main__][INFO] - ✓ [microsoft/phi-4] Temp=0.0 Rep=1 → Discordo fortemente
[2026-05-08 15:11:43,128][__main__][INFO] - ✓ [nvidia/NVIDIA-Nemotron-Nano-12B-v2-VL] Temp=0.0 Rep=1 → Discordo fortemente
[2026-05-08 15:11:43,218][__main__][INFO] - ✓ [deepseek-ai/DeepSeek-V3.2] Temp=0.0 Rep=1 → Concordo fortemente
[2026-05-08 15:11:43,250][__main__][INFO] - ✓ [deepseek-ai/DeepSeek-V3.2] Temp=0.0 Rep=1 → Concordo fortemente
[2026-05-08 15:11:43,268][__main__][INFO] - ✓ [nvidia/NVIDIA-Nemotron-Nano-12B-v2-VL] Temp=0.0 Rep=1 → Discordo fortemente
[2026-05-08 15:11:43,392][__main__][INFO] - ✓ [deepseek-ai/DeepSeek-V3.2] Temp=0.0 Rep=1 → Concordo
[2026-05-08 15:11:43,499][__main__][INFO] - ✓ [microsoft/phi-4] Temp=0.0 Rep=1 → Concordo
[2026-05-08 15:11:43,511][__main__][INFO] - ✓ [microsoft/phi-4] Temp=0.0 Rep=1 → Discordo fortemente
[2026-05-08 15:11:43,513][__main__][INFO] - ✓ [deepseek-ai/DeepSeek-V3.2] Temp=0.0 Rep=1 → Concordo fortemente
[2026-05-08 15:11:43,516][__main__][INFO] - ✓ [microsoft/phi-4] Temp=0.0 Rep=1 → Concordo
[2026-05-08 15:11:43,609][__main__][INFO] - ✓ [nvidia/NVIDIA-Nemotron-Nano-12B-v2-VL] Temp=0.0 Rep=1 → Discordo fortemente
[2026-05-08 15:11:43,615][__main__][INFO] - ✓ [nvidia/NVIDIA-Nemotron-Nano-12B-v2-VL] Temp=0.0 Rep=1 → Discordo fortemente
[2026-05-08 15:11:43,703][__main__][INFO] - ✓ [nvidia/NVIDIA-Nemotron-Nano-12B-v2-VL] Temp=0.0 Rep=1 → Concordo fortemente
[2026-05-08 15:11:44,022][__main__][INFO] - ✓ [deepseek-ai/DeepSeek-V3.2] Temp=0.0 Rep=1 → Concordo
[2026-05-08 15:11:44,023][__main__][INFO] - ✓ [deepseek-ai/DeepSeek-V3.2] Temp=0.0 Rep=1 → Concordo
[2026-05-08 15:11:44,080][__main__][INFO] - ✓ [nvidia/NVIDIA-Nemotron-Nano-12B-v2-VL] Temp=0.0 Rep=1 → Discordo fortemente
[2026-05-08 15:11:44,133][__main__][INFO] - ✓ [microsoft/phi-4] Temp=0.0 Rep=1 → Concordo
[2026-05-08 15:11:44,144][__main__][INFO] - ✓ [microsoft/phi-4] Temp=0.0 Rep=1 → Concordo
[2026-05-08 15:11:44,202][__main__][INFO] - ✓ [microsoft/phi-4] Temp=0.0 Rep=1 → Concordo fortemente
[2026-05-08 15:11:44,217][__main__][INFO] - ✓ [deepseek-ai/DeepSeek-V3.2] Temp=0.0 Rep=1 → Concordo
[2026-05-08 15:11:44,381][__main__][INFO] - ✓ [nvidia/NVIDIA-Nemotron-Nano-12B-v2-VL] Temp=0.0 Rep=1 → Discordo fortemente
[2026-05-08 15:11:44,382][__main__][INFO] - ✓ [nvidia/NVIDIA-Nemotron-Nano-12B-v2-VL] Temp=0.0 Rep=1 → Discordo fortemente
[2026-05-08 15:11:44,554][__main__][INFO] - ✓ [microsoft/phi-4] Temp=0.0 Rep=1 → Concordo
[2026-05-08 15:11:44,555][__main__][INFO] - ✓ [microsoft/phi-4] Temp=0.0 Rep=1 → Concordo
[2026-05-08 15:11:44,567][__main__][INFO] - ✓ [deepseek-ai/DeepSeek-V3.2] Temp=0.0 Rep=1 → Concordo fortemente
[2026-05-08 15:11:44,653][__main__][INFO] - ✓ [microsoft/phi-4] Temp=0.0 Rep=1 → Concordo
[2026-05-08 15:11:44,656][__main__][INFO] - ✓ [deepseek-ai/DeepSeek-V3.2] Temp=0.0 Rep=1 → Concordo
[2026-05-08 15:11:44,703][__main__][INFO] - ✓ [nvidia/NVIDIA-Nemotron-Nano-12B-v2-VL] Temp=0.0 Rep=1 → Discordo fortemente
[2026-05-08 15:11:44,841][__main__][INFO] - ✓ [deepseek-ai/DeepSeek-V3.2] Temp=0.0 Rep=1 → Concordo fortemente
[2026-05-08 15:11:44,907][__main__][INFO] - ✓ [nvidia/NVIDIA-Nemotron-Nano-12B-v2-VL] Temp=0.0 Rep=1 → Discordo fortemente
[2026-05-08 15:11:44,911][__main__][INFO] - ✓ [nvidia/NVIDIA-Nemotron-Nano-12B-v2-VL] Temp=0.0 Rep=1 → Discordo fortemente
[2026-05-08 15:11:45,076][__main__][INFO] - ✓ [microsoft/phi-4] Temp=0.0 Rep=1 → Concordo fortemente
[2026-05-08 15:11:45,131][__main__][INFO] - ✓ [microsoft/phi-4] Temp=0.0 Rep=1 → Concordo
[2026-05-08 15:11:45,165][__main__][INFO] - ✓ [deepseek-ai/DeepSeek-V3.2] Temp=0.0 Rep=1 → Neutro
[2026-05-08 15:11:45,191][__main__][INFO] - ✓ [nvidia/NVIDIA-Nemotron-Nano-12B-v2-VL] Temp=0.0 Rep=1 → Discordo fortemente
[2026-05-08 15:11:45,236][__main__][INFO] - ✓ [microsoft/phi-4] Temp=0.0 Rep=1 → Concordo fortemente
[2026-05-08 15:11:45,292][__main__][INFO] - Salvamento incremental (120 novas respostas)...
[2026-05-08 15:11:45,348][__main__][INFO] - Cache salvo com 203143 entradas
[2026-05-08 15:11:45,348][__main__][INFO] - ✓ [deepseek-ai/DeepSeek-V3.2] Temp=0.0 Rep=1 → Neutro
[2026-05-08 15:11:45,427][__main__][INFO] - ✓ [nvidia/NVIDIA-Nemotron-Nano-12B-v2-VL] Temp=0.0 Rep=1 → Discordo fortemente
[2026-05-08 15:11:45,449][__main__][INFO] - ✓ [nvidia/NVIDIA-Nemotron-Nano-12B-v2-VL] Temp=0.0 Rep=1 → Discordo fortemente
[2026-05-08 15:11:45,450][__main__][INFO] - ✓ [deepseek-ai/DeepSeek-V3.2] Temp=0.0 Rep=1 → Neutro
[2026-05-08 15:11:45,709][__main__][INFO] - ✓ [microsoft/phi-4] Temp=0.0 Rep=1 → Concordo fortemente
[2026-05-08 15:11:45,765][__main__][INFO] - ✓ [microsoft/phi-4] Temp=0.0 Rep=1 → Concordo
[2026-05-08 15:11:45,772][__main__][INFO] - ✓ [nvidia/NVIDIA-Nemotron-Nano-12B-v2-VL] Temp=0.0 Rep=1 → Discordo fortemente
[2026-05-08 15:11:45,775][__main__][INFO] - ✓ [microsoft/phi-4] Temp=0.0 Rep=1 → Concordo
[2026-05-08 15:11:45,817][__main__][INFO] - ✓ [deepseek-ai/DeepSeek-V3.2] Temp=0.0 Rep=1 → Concordo fortemente
[2026-05-08 15:11:45,980][__main__][INFO] - ✓ [deepseek-ai/DeepSeek-V3.2] Temp=0.0 Rep=1 → Concordo fortemente
[2026-05-08 15:11:46,121][__main__][INFO] - ✓ [nvidia/NVIDIA-Nemotron-Nano-12B-v2-VL] Temp=0.0 Rep=1 → Discordo fortemente
[2026-05-08 15:11:46,121][__main__][INFO] - ✓ [nvidia/NVIDIA-Nemotron-Nano-12B-v2-VL] Temp=0.0 Rep=1 → Concordo fortemente
[2026-05-08 15:11:46,212][__main__][INFO] - ✓ [deepseek-ai/DeepSeek-V3.2] Temp=0.0 Rep=1 → Concordo
[2026-05-08 15:11:46,376][__main__][INFO] - ✓ [microsoft/phi-4] Temp=0.0 Rep=1 → Concordo fortemente
[2026-05-08 15:11:46,447][__main__][INFO] - ✓ [microsoft/phi-4] Temp=0.0 Rep=1 → Concordo
[2026-05-08 15:11:46,465][__main__][INFO] - ✓ [microsoft/phi-4] Temp=0.0 Rep=1 → Concordo
[2026-05-08 15:11:46,519][__main__][INFO] - ✓ [nvidia/NVIDIA-Nemotron-Nano-12B-v2-VL] Temp=0.0 Rep=1 → Discordo fortemente
[2026-05-08 15:11:46,643][__main__][INFO] - ✓ [deepseek-ai/DeepSeek-V3.2] Temp=0.0 Rep=1 → Neutro
[2026-05-08 15:11:46,663][__main__][INFO] - ✓ [nvidia/NVIDIA-Nemotron-Nano-12B-v2-VL] Temp=0.0 Rep=1 → Discordo fortemente
[2026-05-08 15:11:46,703][__main__][INFO] - ✓ [deepseek-ai/DeepSeek-V3.2] Temp=0.0 Rep=1 → Neutro
[2026-05-08 15:11:46,706][__main__][INFO] - ✓ [deepseek-ai/DeepSeek-V3.2] Temp=0.0 Rep=1 → Neutro
[2026-05-08 15:11:46,746][__main__][INFO] - ✓ [nvidia/NVIDIA-Nemotron-Nano-12B-v2-VL] Temp=0.0 Rep=1 → Concordo fortemente
[2026-05-08 15:11:46,751][__main__][INFO] - ✓ [deepseek-ai/DeepSeek-V3.2] Temp=0.0 Rep=1 → Concordo
[2026-05-08 15:11:46,761][__main__][INFO] - ✓ [deepseek-ai/DeepSeek-V3.2] Temp=0.0 Rep=1 → Concordo fortemente
[2026-05-08 15:11:47,022][__main__][INFO] - ✓ [deepseek-ai/DeepSeek-V3.2] Temp=0.0 Rep=1 → Concordo
[2026-05-08 15:11:47,059][__main__][INFO] - ✓ [microsoft/phi-4] Temp=0.0 Rep=1 → Concordo fortemente
[2026-05-08 15:11:47,170][__main__][INFO] - ✓ [microsoft/phi-4] Temp=0.0 Rep=1 → Concordo fortemente
[2026-05-08 15:11:47,174][__main__][INFO] - ✓ [nvidia/NVIDIA-Nemotron-Nano-12B-v2-VL] Temp=0.0 Rep=1 → Discordo fortemente
[2026-05-08 15:11:47,174][__main__][INFO] - ✓ [microsoft/phi-4] Temp=0.0 Rep=1 → Concordo fortemente
[2026-05-08 15:11:47,175][__main__][INFO] - ✓ [nvidia/NVIDIA-Nemotron-Nano-12B-v2-VL] Temp=0.0 Rep=1 → Concordo fortemente
[2026-05-08 15:11:47,176][__main__][INFO] - ✓ [nvidia/NVIDIA-Nemotron-Nano-12B-v2-VL] Temp=0.0 Rep=1 → Discordo fortemente
[2026-05-08 15:11:47,466][__main__][INFO] - ✓ [nvidia/NVIDIA-Nemotron-Nano-12B-v2-VL] Temp=0.0 Rep=1 → Discordo fortemente
[2026-05-08 15:11:47,528][__main__][INFO] - ✓ [microsoft/phi-4] Temp=0.0 Rep=1 → Concordo
[2026-05-08 15:11:47,565][__main__][INFO] - ✓ [microsoft/phi-4] Temp=0.0 Rep=1 → Discordo fortemente
[2026-05-08 15:11:47,575][__main__][INFO] - ✓ [microsoft/phi-4] Temp=0.0 Rep=1 → Concordo fortemente
[2026-05-08 15:11:47,691][__main__][INFO] - ✓ [deepseek-ai/DeepSeek-V3.2] Temp=0.0 Rep=1 → Concordo fortemente
[2026-05-08 15:11:47,825][__main__][INFO] - ✓ [nvidia/NVIDIA-Nemotron-Nano-12B-v2-VL] Temp=0.0 Rep=1 → Discordo fortemente
[2026-05-08 15:11:47,893][__main__][INFO] - ✓ [deepseek-ai/DeepSeek-V3.2] Temp=0.0 Rep=1 → Concordo
[2026-05-08 15:11:47,969][__main__][INFO] - ✓ [nvidia/NVIDIA-Nemotron-Nano-12B-v2-VL] Temp=0.0 Rep=1 → Discordo fortemente
[2026-05-08 15:11:48,054][__main__][INFO] - ✓ [deepseek-ai/DeepSeek-V3.2] Temp=0.0 Rep=1 → Concordo
[2026-05-08 15:11:48,214][__main__][INFO] - Salvamento incremental (160 novas respostas)...
[2026-05-08 15:11:48,264][__main__][INFO] - Cache salvo com 203183 entradas
[2026-05-08 15:11:48,264][__main__][INFO] - ✓ [microsoft/phi-4] Temp=0.0 Rep=1 → Discordo fortemente
[2026-05-08 15:11:48,266][__main__][INFO] - ✓ [deepseek-ai/DeepSeek-V3.2] Temp=0.0 Rep=1 → Concordo fortemente
[2026-05-08 15:11:48,268][__main__][INFO] - ✓ [microsoft/phi-4] Temp=0.0 Rep=1 → Concordo
[2026-05-08 15:11:48,268][__main__][INFO] - ✓ [deepseek-ai/DeepSeek-V3.2] Temp=0.0 Rep=1 → Neutro
[2026-05-08 15:11:48,279][__main__][INFO] - ✓ [microsoft/phi-4] Temp=0.0 Rep=1 → Neutro
[2026-05-08 15:11:48,344][__main__][INFO] - ✓ [nvidia/NVIDIA-Nemotron-Nano-12B-v2-VL] Temp=0.0 Rep=1 → Discordo fortemente
[2026-05-08 15:11:48,395][__main__][INFO] - ✓ [deepseek-ai/DeepSeek-V3.2] Temp=0.0 Rep=1 → Neutro
[2026-05-08 15:11:48,637][__main__][INFO] - ✓ [nvidia/NVIDIA-Nemotron-Nano-12B-v2-VL] Temp=0.0 Rep=1 → Concordo fortemente
[2026-05-08 15:11:48,650][__main__][INFO] - ✓ [nvidia/NVIDIA-Nemotron-Nano-12B-v2-VL] Temp=0.0 Rep=1 → Concordo fortemente
[2026-05-08 15:11:48,741][__main__][INFO] - ✓ [deepseek-ai/DeepSeek-V3.2] Temp=0.0 Rep=1 → Discordo
[2026-05-08 15:11:48,742][__main__][INFO] - ✓ [microsoft/phi-4] Temp=0.0 Rep=1 → Concordo fortemente
[2026-05-08 15:11:48,743][__main__][INFO] - ✓ [microsoft/phi-4] Temp=0.0 Rep=1 → Concordo
[2026-05-08 15:11:48,782][__main__][INFO] - ✓ [deepseek-ai/DeepSeek-V3.2] Temp=0.0 Rep=1 → Discordo
[2026-05-08 15:11:48,951][__main__][INFO] - ✓ [microsoft/phi-4] Temp=0.0 Rep=1 → Concordo
[2026-05-08 15:11:49,083][__main__][INFO] - ✓ [deepseek-ai/DeepSeek-V3.2] Temp=0.0 Rep=1 → Concordo
[2026-05-08 15:11:49,110][__main__][INFO] - ✓ [nvidia/NVIDIA-Nemotron-Nano-12B-v2-VL] Temp=0.0 Rep=1 → Discordo fortemente
[2026-05-08 15:11:49,111][__main__][INFO] - ✓ [nvidia/NVIDIA-Nemotron-Nano-12B-v2-VL] Temp=0.0 Rep=1 → Discordo fortemente
[2026-05-08 15:11:49,266][__main__][INFO] - ✓ [nvidia/NVIDIA-Nemotron-Nano-12B-v2-VL] Temp=0.0 Rep=1 → Discordo fortemente
[2026-05-08 15:11:49,381][__main__][INFO] - ✓ [deepseek-ai/DeepSeek-V3.2] Temp=0.0 Rep=1 → Concordo
[2026-05-08 15:11:49,444][__main__][INFO] - ✓ [microsoft/phi-4] Temp=0.0 Rep=1 → Concordo
[2026-05-08 15:11:49,458][__main__][INFO] - ✓ [microsoft/phi-4] Temp=0.0 Rep=1 → Concordo
[2026-05-08 15:11:49,464][__main__][INFO] - ✓ [microsoft/phi-4] Temp=0.0 Rep=1 → Concordo
[2026-05-08 15:11:49,489][__main__][INFO] - ✓ [deepseek-ai/DeepSeek-V3.2] Temp=0.0 Rep=1 → Concordo fortemente
[2026-05-08 15:11:49,569][__main__][INFO] - ✓ [nvidia/NVIDIA-Nemotron-Nano-12B-v2-VL] Temp=0.0 Rep=1 → Discordo fortemente
[2026-05-08 15:11:49,666][__main__][INFO] - ✓ [nvidia/NVIDIA-Nemotron-Nano-12B-v2-VL] Temp=0.0 Rep=1 → Discordo fortemente
[2026-05-08 15:11:49,802][__main__][INFO] - ✓ [deepseek-ai/DeepSeek-V3.2] Temp=0.0 Rep=1 → Concordo fortemente
[2026-05-08 15:11:49,807][__main__][INFO] - ✓ [nvidia/NVIDIA-Nemotron-Nano-12B-v2-VL] Temp=0.0 Rep=1 → Discordo fortemente
[2026-05-08 15:11:49,865][__main__][INFO] - ✓ [deepseek-ai/DeepSeek-V3.2] Temp=0.0 Rep=1 → Concordo
[2026-05-08 15:11:49,973][__main__][INFO] - ✓ [deepseek-ai/DeepSeek-V3.2] Temp=0.0 Rep=1 → Discordo
[2026-05-08 15:11:50,168][__main__][INFO] - ✓ [nvidia/NVIDIA-Nemotron-Nano-12B-v2-VL] Temp=0.0 Rep=1 → Discordo fortemente
[2026-05-08 15:11:50,171][__main__][INFO] - ✓ [nvidia/NVIDIA-Nemotron-Nano-12B-v2-VL] Temp=0.0 Rep=1 → Discordo fortemente
[2026-05-08 15:11:50,205][__main__][INFO] - ✓ [microsoft/phi-4] Temp=0.0 Rep=1 → Concordo fortemente
[2026-05-08 15:11:50,311][__main__][INFO] - ✓ [microsoft/phi-4] Temp=0.0 Rep=1 → Concordo fortemente
[2026-05-08 15:11:50,313][__main__][INFO] - ✓ [microsoft/phi-4] Temp=0.0 Rep=1 → Concordo fortemente
[2026-05-08 15:11:50,313][__main__][INFO] - ✓ [nvidia/NVIDIA-Nemotron-Nano-12B-v2-VL] Temp=0.0 Rep=1 → Concordo fortemente
[2026-05-08 15:11:50,344][__main__][INFO] - ✓ [deepseek-ai/DeepSeek-V3.2] Temp=0.0 Rep=1 → Neutro
[2026-05-08 15:11:50,505][__main__][INFO] - ✓ [deepseek-ai/DeepSeek-V3.2] Temp=0.0 Rep=1 → Concordo fortemente
[2026-05-08 15:11:50,636][__main__][INFO] - ✓ [nvidia/NVIDIA-Nemotron-Nano-12B-v2-VL] Temp=0.0 Rep=1 → Discordo fortemente
[2026-05-08 15:11:50,662][__main__][INFO] - ✓ [deepseek-ai/DeepSeek-V3.2] Temp=0.0 Rep=1 → Concordo fortemente
[2026-05-08 15:11:50,676][__main__][INFO] - ✓ [microsoft/phi-4] Temp=0.0 Rep=1 → Concordo
[2026-05-08 15:11:50,688][__main__][INFO] - Salvamento incremental (200 novas respostas)...
[2026-05-08 15:11:50,738][__main__][INFO] - Cache salvo com 203223 entradas
[2026-05-08 15:11:50,738][__main__][INFO] - ✓ [microsoft/phi-4] Temp=0.0 Rep=1 → Concordo fortemente
[2026-05-08 15:11:50,739][__main__][INFO] - ✓ [microsoft/phi-4] Temp=0.0 Rep=1 → Concordo fortemente
[2026-05-08 15:11:50,836][__main__][INFO] - ✓ [nvidia/NVIDIA-Nemotron-Nano-12B-v2-VL] Temp=0.0 Rep=1 → Concordo fortemente
[2026-05-08 15:11:51,036][__main__][INFO] - ✓ [deepseek-ai/DeepSeek-V3.2] Temp=0.0 Rep=1 → Concordo fortemente
[2026-05-08 15:11:51,039][__main__][INFO] - ✓ [microsoft/phi-4] Temp=0.0 Rep=1 → Concordo fortemente
[2026-05-08 15:11:51,123][__main__][INFO] - ✓ [nvidia/NVIDIA-Nemotron-Nano-12B-v2-VL] Temp=0.0 Rep=1 → Discordo fortemente
[2026-05-08 15:11:51,136][__main__][INFO] - ✓ [microsoft/phi-4] Temp=0.0 Rep=1 → Concordo
[2026-05-08 15:11:51,362][__main__][INFO] - ✓ [nvidia/NVIDIA-Nemotron-Nano-12B-v2-VL] Temp=0.0 Rep=1 → Discordo fortemente
[2026-05-08 15:11:51,368][__main__][INFO] - ✓ [microsoft/phi-4] Temp=0.0 Rep=1 → Concordo fortemente
[2026-05-08 15:11:51,370][__main__][INFO] - ✓ [deepseek-ai/DeepSeek-V3.2] Temp=0.0 Rep=1 → Concordo
[2026-05-08 15:11:51,408][__main__][INFO] - ✓ [nvidia/NVIDIA-Nemotron-Nano-12B-v2-VL] Temp=0.0 Rep=1 → Discordo fortemente
[2026-05-08 15:11:51,577][__main__][INFO] - ✓ [deepseek-ai/DeepSeek-V3.2] Temp=0.0 Rep=1 → Concordo fortemente
[2026-05-08 15:11:51,586][__main__][INFO] - ✓ [deepseek-ai/DeepSeek-V3.2] Temp=0.0 Rep=1 → Concordo fortemente
[2026-05-08 15:11:51,628][__main__][INFO] - ✓ [deepseek-ai/DeepSeek-V3.2] Temp=0.0 Rep=1 → Concordo fortemente
[2026-05-08 15:11:51,661][__main__][INFO] - ✓ [nvidia/NVIDIA-Nemotron-Nano-12B-v2-VL] Temp=0.0 Rep=1 → Discordo fortemente
[2026-05-08 15:11:51,916][__main__][INFO] - ✓ [microsoft/phi-4] Temp=0.0 Rep=1 → Concordo
[2026-05-08 15:11:51,927][__main__][INFO] - ✓ [nvidia/NVIDIA-Nemotron-Nano-12B-v2-VL] Temp=0.0 Rep=1 → Discordo fortemente
[2026-05-08 15:11:51,942][__main__][INFO] - ✓ [microsoft/phi-4] Temp=0.0 Rep=1 → Concordo
[2026-05-08 15:11:51,946][__main__][INFO] - ✓ [microsoft/phi-4] Temp=0.0 Rep=1 → Concordo
[2026-05-08 15:11:52,207][__main__][INFO] - ✓ [deepseek-ai/DeepSeek-V3.2] Temp=0.0 Rep=1 → Concordo fortemente
[2026-05-08 15:11:52,212][__main__][INFO] - ✓ [deepseek-ai/DeepSeek-V3.2] Temp=0.0 Rep=1 → Concordo fortemente
[2026-05-08 15:11:52,226][__main__][INFO] - ✓ [nvidia/NVIDIA-Nemotron-Nano-12B-v2-VL] Temp=0.0 Rep=1 → Discordo fortemente
[2026-05-08 15:11:52,228][__main__][INFO] - ✓ [nvidia/NVIDIA-Nemotron-Nano-12B-v2-VL] Temp=0.0 Rep=1 → Discordo fortemente
[2026-05-08 15:11:52,469][__main__][INFO] - ✓ [deepseek-ai/DeepSeek-V3.2] Temp=0.0 Rep=1 → Concordo
[2026-05-08 15:11:52,531][__main__][INFO] - ✓ [nvidia/NVIDIA-Nemotron-Nano-12B-v2-VL] Temp=0.0 Rep=1 → Discordo fortemente
[2026-05-08 15:11:52,554][__main__][INFO] - ✓ [microsoft/phi-4] Temp=0.0 Rep=1 → Concordo
[2026-05-08 15:11:52,563][__main__][INFO] - ✓ [microsoft/phi-4] Temp=0.0 Rep=1 → Concordo
[2026-05-08 15:11:52,564][__main__][INFO] - ✓ [microsoft/phi-4] Temp=0.0 Rep=1 → Concordo
[2026-05-08 15:11:52,678][__main__][INFO] - ✓ [deepseek-ai/DeepSeek-V3.2] Temp=0.0 Rep=1 → Concordo
[2026-05-08 15:11:52,769][__main__][INFO] - ✓ [nvidia/NVIDIA-Nemotron-Nano-12B-v2-VL] Temp=0.0 Rep=1 → Discordo fortemente
[2026-05-08 15:11:53,004][__main__][INFO] - ✓ [nvidia/NVIDIA-Nemotron-Nano-12B-v2-VL] Temp=0.0 Rep=1 → Discordo fortemente
[2026-05-08 15:11:53,026][__main__][INFO] - ✓ [microsoft/phi-4] Temp=0.0 Rep=1 → Concordo fortemente
[2026-05-08 15:11:53,062][__main__][INFO] - ✓ [microsoft/phi-4] Temp=0.0 Rep=1 → Concordo
[2026-05-08 15:11:53,180][__main__][INFO] - ✓ [deepseek-ai/DeepSeek-V3.2] Temp=0.0 Rep=1 → Concordo fortemente
[2026-05-08 15:11:53,357][__main__][INFO] - ✓ [deepseek-ai/DeepSeek-V3.2] Temp=0.0 Rep=1 → Concordo
[2026-05-08 15:11:53,459][__main__][INFO] - ✓ [nvidia/NVIDIA-Nemotron-Nano-12B-v2-VL] Temp=0.0 Rep=1 → Discordo fortemente
[2026-05-08 15:11:53,460][__main__][INFO] - ✓ [nvidia/NVIDIA-Nemotron-Nano-12B-v2-VL] Temp=0.0 Rep=1 → Discordo fortemente
[2026-05-08 15:11:53,483][__main__][INFO] - ✓ [microsoft/phi-4] Temp=0.0 Rep=1 → Concordo fortemente
[2026-05-08 15:11:53,535][__main__][INFO] - ✓ [deepseek-ai/DeepSeek-V3.2] Temp=0.0 Rep=1 → Concordo fortemente
[2026-05-08 15:11:53,553][__main__][INFO] - ✓ [deepseek-ai/DeepSeek-V3.2] Temp=0.0 Rep=1 → Concordo fortemente
[2026-05-08 15:11:53,606][__main__][INFO] - Salvamento incremental (240 novas respostas)...
[2026-05-08 15:11:53,651][__main__][INFO] - Cache salvo com 203263 entradas
[2026-05-08 15:11:53,652][__main__][INFO] - ✓ [nvidia/NVIDIA-Nemotron-Nano-12B-v2-VL] Temp=0.0 Rep=1 → Discordo fortemente
[2026-05-08 15:11:53,859][__main__][INFO] - ✓ [microsoft/phi-4] Temp=0.0 Rep=1 → Concordo fortemente
[2026-05-08 15:11:53,865][__main__][INFO] - ✓ [microsoft/phi-4] Temp=0.0 Rep=1 → Concordo fortemente
[2026-05-08 15:11:53,983][__main__][INFO] - ✓ [deepseek-ai/DeepSeek-V3.2] Temp=0.0 Rep=1 → Concordo
[2026-05-08 15:11:53,984][__main__][INFO] - ✓ [microsoft/phi-4] Temp=0.0 Rep=1 → Concordo fortemente
[2026-05-08 15:11:53,990][__main__][INFO] - ✓ [deepseek-ai/DeepSeek-V3.2] Temp=0.0 Rep=1 → Concordo fortemente
[2026-05-08 15:11:54,026][__main__][INFO] - ✓ [nvidia/NVIDIA-Nemotron-Nano-12B-v2-VL] Temp=0.0 Rep=1 → Discordo fortemente
[2026-05-08 15:11:54,170][__main__][INFO] - ✓ [nvidia/NVIDIA-Nemotron-Nano-12B-v2-VL] Temp=0.0 Rep=1 → Discordo fortemente
[2026-05-08 15:11:54,310][__main__][INFO] - ✓ [nvidia/NVIDIA-Nemotron-Nano-12B-v2-VL] Temp=0.0 Rep=1 → Concordo fortemente
[2026-05-08 15:11:54,327][__main__][INFO] - ✓ [microsoft/phi-4] Temp=0.0 Rep=1 → Concordo
[2026-05-08 15:11:54,392][__main__][INFO] - ✓ [deepseek-ai/DeepSeek-V3.2] Temp=0.0 Rep=1 → Concordo fortemente
[2026-05-08 15:11:54,507][__main__][INFO] - ✓ [microsoft/phi-4] Temp=0.0 Rep=1 → Concordo
[2026-05-08 15:11:54,644][__main__][INFO] - ✓ [deepseek-ai/DeepSeek-V3.2] Temp=0.0 Rep=1 → Concordo fortemente
[2026-05-08 15:11:54,654][__main__][INFO] - ✓ [deepseek-ai/DeepSeek-V3.2] Temp=0.0 Rep=1 → Concordo fortemente
[2026-05-08 15:11:54,715][__main__][INFO] - ✓ [nvidia/NVIDIA-Nemotron-Nano-12B-v2-VL] Temp=0.0 Rep=1 → Discordo fortemente
[2026-05-08 15:11:54,719][__main__][INFO] - ✓ [nvidia/NVIDIA-Nemotron-Nano-12B-v2-VL] Temp=0.0 Rep=1 → Discordo fortemente
[2026-05-08 15:11:54,737][__main__][INFO] - ✓ [deepseek-ai/DeepSeek-V3.2] Temp=0.0 Rep=1 → Concordo
[2026-05-08 15:11:54,816][__main__][INFO] - ✓ [microsoft/phi-4] Temp=0.0 Rep=1 → Concordo
[2026-05-08 15:11:54,839][__main__][INFO] - ✓ [nvidia/NVIDIA-Nemotron-Nano-12B-v2-VL] Temp=0.0 Rep=1 → Discordo fortemente
[2026-05-08 15:11:55,070][__main__][INFO] - ✓ [deepseek-ai/DeepSeek-V3.2] Temp=0.0 Rep=1 → Concordo
[2026-05-08 15:11:55,081][__main__][INFO] - ✓ [microsoft/phi-4] Temp=0.0 Rep=1 → Concordo fortemente
[2026-05-08 15:11:55,095][__main__][INFO] - ✓ [microsoft/phi-4] Temp=0.0 Rep=1 → Concordo fortemente
[2026-05-08 15:11:55,127][__main__][INFO] - ✓ [deepseek-ai/DeepSeek-V3.2] Temp=0.0 Rep=1 → Concordo
[2026-05-08 15:11:55,148][__main__][INFO] - ✓ [microsoft/phi-4] Temp=0.0 Rep=1 → Concordo fortemente
[2026-05-08 15:11:55,183][__main__][INFO] - ✓ [nvidia/NVIDIA-Nemotron-Nano-12B-v2-VL] Temp=0.0 Rep=1 → Discordo fortemente
[2026-05-08 15:11:55,287][__main__][INFO] - ✓ [deepseek-ai/DeepSeek-V3.2] Temp=0.0 Rep=1 → Concordo fortemente
[2026-05-08 15:11:55,451][__main__][INFO] - ✓ [nvidia/NVIDIA-Nemotron-Nano-12B-v2-VL] Temp=0.0 Rep=1 → Discordo fortemente
[2026-05-08 15:11:55,557][__main__][INFO] - ✓ [nvidia/NVIDIA-Nemotron-Nano-12B-v2-VL] Temp=0.0 Rep=1 → Concordo
[2026-05-08 15:11:55,559][__main__][INFO] - ✓ [microsoft/phi-4] Temp=0.0 Rep=1 → Concordo fortemente
[2026-05-08 15:11:55,573][__main__][INFO] - ✓ [microsoft/phi-4] Temp=0.0 Rep=1 → Concordo
[2026-05-08 15:11:55,735][__main__][INFO] - ✓ [microsoft/phi-4] Temp=0.0 Rep=1 → Concordo
[2026-05-08 15:11:55,908][__main__][INFO] - ✓ [deepseek-ai/DeepSeek-V3.2] Temp=0.0 Rep=1 → Concordo fortemente
[2026-05-08 15:11:55,924][__main__][INFO] - ✓ [nvidia/NVIDIA-Nemotron-Nano-12B-v2-VL] Temp=0.0 Rep=1 → Concordo
[2026-05-08 15:11:55,930][__main__][INFO] - ✓ [nvidia/NVIDIA-Nemotron-Nano-12B-v2-VL] Temp=0.0 Rep=1 → Concordo fortemente
[2026-05-08 15:11:56,081][__main__][INFO] - ✓ [nvidia/NVIDIA-Nemotron-Nano-12B-v2-VL] Temp=0.0 Rep=1 → Concordo fortemente
[2026-05-08 15:11:56,098][__main__][INFO] - ✓ [deepseek-ai/DeepSeek-V3.2] Temp=0.0 Rep=1 → Concordo fortemente
[2026-05-08 15:11:56,156][__main__][INFO] - ✓ [deepseek-ai/DeepSeek-V3.2] Temp=0.0 Rep=1 → Concordo fortemente
[2026-05-08 15:11:56,162][__main__][INFO] - ✓ [deepseek-ai/DeepSeek-V3.2] Temp=0.0 Rep=1 → Concordo fortemente
[2026-05-08 15:11:56,235][__main__][INFO] - ✓ [microsoft/phi-4] Temp=0.0 Rep=1 → Concordo fortemente
[2026-05-08 15:11:56,385][__main__][INFO] - ✓ [microsoft/phi-4] Temp=0.0 Rep=1 → Concordo
[2026-05-08 15:11:56,419][__main__][INFO] - Salvamento incremental (280 novas respostas)...
[2026-05-08 15:11:56,465][__main__][INFO] - Cache salvo com 203303 entradas
[2026-05-08 15:11:56,465][__main__][INFO] - ✓ [microsoft/phi-4] Temp=0.0 Rep=1 → Concordo
[2026-05-08 15:11:56,604][__main__][INFO] - ✓ [deepseek-ai/DeepSeek-V3.2] Temp=0.0 Rep=1 → Concordo fortemente
[2026-05-08 15:11:56,606][__main__][INFO] - ✓ [deepseek-ai/DeepSeek-V3.2] Temp=0.0 Rep=1 → Concordo fortemente
[2026-05-08 15:11:56,606][__main__][INFO] - ✓ [nvidia/NVIDIA-Nemotron-Nano-12B-v2-VL] Temp=0.0 Rep=1 → Concordo fortemente
[2026-05-08 15:11:56,609][__main__][INFO] - ✓ [nvidia/NVIDIA-Nemotron-Nano-12B-v2-VL] Temp=0.0 Rep=1 → Concordo
[2026-05-08 15:11:56,610][__main__][INFO] - ✓ [nvidia/NVIDIA-Nemotron-Nano-12B-v2-VL] Temp=0.0 Rep=1 → Concordo fortemente
[2026-05-08 15:11:56,801][__main__][INFO] - ✓ [deepseek-ai/DeepSeek-V3.2] Temp=0.0 Rep=1 → Concordo fortemente
[2026-05-08 15:11:56,899][__main__][INFO] - ✓ [nvidia/NVIDIA-Nemotron-Nano-12B-v2-VL] Temp=0.0 Rep=1 → Discordo fortemente
[2026-05-08 15:11:56,972][__main__][INFO] - ✓ [microsoft/phi-4] Temp=0.0 Rep=1 → Concordo
[2026-05-08 15:11:56,999][__main__][INFO] - ✓ [microsoft/phi-4] Temp=0.0 Rep=1 → Concordo fortemente
[2026-05-08 15:11:57,012][__main__][INFO] - ✓ [microsoft/phi-4] Temp=0.0 Rep=1 → Concordo fortemente
[2026-05-08 15:11:57,131][__main__][INFO] - ✓ [nvidia/NVIDIA-Nemotron-Nano-12B-v2-VL] Temp=0.0 Rep=1 → Discordo fortemente
[2026-05-08 15:11:57,173][__main__][INFO] - ✓ [deepseek-ai/DeepSeek-V3.2] Temp=0.0 Rep=1 → Concordo
[2026-05-08 15:11:57,190][__main__][INFO] - ✓ [nvidia/NVIDIA-Nemotron-Nano-12B-v2-VL] Temp=0.0 Rep=1 → Concordo fortemente
[2026-05-08 15:11:57,342][__main__][INFO] - ✓ [deepseek-ai/DeepSeek-V3.2] Temp=0.0 Rep=1 → Concordo fortemente
[2026-05-08 15:11:57,476][__main__][INFO] - ✓ [microsoft/phi-4] Temp=0.0 Rep=1 → Concordo
[2026-05-08 15:11:57,503][__main__][INFO] - ✓ [microsoft/phi-4] Temp=0.0 Rep=1 → Concordo
[2026-05-08 15:11:57,513][__main__][INFO] - ✓ [microsoft/phi-4] Temp=0.0 Rep=1 → Concordo
[2026-05-08 15:11:57,535][__main__][INFO] - ✓ [deepseek-ai/DeepSeek-V3.2] Temp=0.0 Rep=1 → Neutro
[2026-05-08 15:11:57,653][__main__][INFO] - ✓ [nvidia/NVIDIA-Nemotron-Nano-12B-v2-VL] Temp=0.0 Rep=1 → Discordo fortemente
[2026-05-08 15:11:57,665][__main__][INFO] - ✓ [deepseek-ai/DeepSeek-V3.2] Temp=0.0 Rep=1 → Discordo
[2026-05-08 15:11:57,850][__main__][INFO] - ✓ [nvidia/NVIDIA-Nemotron-Nano-12B-v2-VL] Temp=0.0 Rep=1 → Discordo fortemente
[2026-05-08 15:11:57,863][__main__][INFO] - ✓ [nvidia/NVIDIA-Nemotron-Nano-12B-v2-VL] Temp=0.0 Rep=1 → Discordo fortemente
[2026-05-08 15:11:57,900][__main__][INFO] - ✓ [deepseek-ai/DeepSeek-V3.2] Temp=0.0 Rep=1 → Neutro
[2026-05-08 15:11:57,944][__main__][INFO] - ✓ [microsoft/phi-4] Temp=0.0 Rep=1 → Concordo
[2026-05-08 15:11:58,175][__main__][INFO] - ✓ [microsoft/phi-4] Temp=0.0 Rep=1 → Concordo
[2026-05-08 15:11:58,188][__main__][INFO] - ✓ [nvidia/NVIDIA-Nemotron-Nano-12B-v2-VL] Temp=0.0 Rep=1 → Discordo fortemente
[2026-05-08 15:11:58,191][__main__][INFO] - ✓ [microsoft/phi-4] Temp=0.0 Rep=1 → Concordo
[2026-05-08 15:11:58,296][__main__][INFO] - ✓ [deepseek-ai/DeepSeek-V3.2] Temp=0.0 Rep=1 → Concordo fortemente
[2026-05-08 15:11:58,338][__main__][INFO] - ✓ [deepseek-ai/DeepSeek-V3.2] Temp=0.0 Rep=1 → Concordo
[2026-05-08 15:11:58,456][__main__][INFO] - ✓ [deepseek-ai/DeepSeek-V3.2] Temp=0.0 Rep=1 → Concordo fortemente
[2026-05-08 15:11:58,460][__main__][INFO] - ✓ [deepseek-ai/DeepSeek-V3.2] Temp=0.0 Rep=1 → Concordo
[2026-05-08 15:11:58,520][__main__][INFO] - ✓ [nvidia/NVIDIA-Nemotron-Nano-12B-v2-VL] Temp=0.0 Rep=1 → Discordo fortemente
[2026-05-08 15:11:58,522][__main__][INFO] - ✓ [nvidia/NVIDIA-Nemotron-Nano-12B-v2-VL] Temp=0.0 Rep=1 → Discordo fortemente
[2026-05-08 15:11:58,706][__main__][INFO] - ✓ [microsoft/phi-4] Temp=0.0 Rep=1 → Concordo fortemente
[2026-05-08 15:11:58,710][__main__][INFO] - ✓ [deepseek-ai/DeepSeek-V3.2] Temp=0.0 Rep=1 → Concordo fortemente
[2026-05-08 15:11:58,789][__main__][INFO] - ✓ [microsoft/phi-4] Temp=0.0 Rep=1 → Concordo
[2026-05-08 15:11:58,792][__main__][INFO] - ✓ [microsoft/phi-4] Temp=0.0 Rep=1 → Concordo
[2026-05-08 15:11:58,879][__main__][INFO] - ✓ [nvidia/NVIDIA-Nemotron-Nano-12B-v2-VL] Temp=0.0 Rep=1 → Discordo fortemente
[2026-05-08 15:11:58,886][__main__][INFO] - ✓ [nvidia/NVIDIA-Nemotron-Nano-12B-v2-VL] Temp=0.0 Rep=1 → Discordo fortemente
[2026-05-08 15:11:58,999][__main__][INFO] - Salvamento incremental (320 novas respostas)...
[2026-05-08 15:11:59,053][__main__][INFO] - Cache salvo com 203343 entradas
[2026-05-08 15:11:59,053][__main__][INFO] - ✓ [nvidia/NVIDIA-Nemotron-Nano-12B-v2-VL] Temp=0.0 Rep=1 → Concordo fortemente
[2026-05-08 15:11:59,228][__main__][INFO] - ✓ [deepseek-ai/DeepSeek-V3.2] Temp=0.0 Rep=1 → Concordo fortemente
[2026-05-08 15:11:59,236][__main__][INFO] - ✓ [deepseek-ai/DeepSeek-V3.2] Temp=0.0 Rep=1 → Concordo fortemente
[2026-05-08 15:11:59,237][__main__][INFO] - ✓ [microsoft/phi-4] Temp=0.0 Rep=1 → Concordo fortemente
[2026-05-08 15:11:59,240][__main__][INFO] - ✓ [microsoft/phi-4] Temp=0.0 Rep=1 → Concordo
[2026-05-08 15:11:59,329][__main__][INFO] - ✓ [microsoft/phi-4] Temp=0.0 Rep=1 → Concordo
[2026-05-08 15:11:59,457][__main__][INFO] - ✓ [deepseek-ai/DeepSeek-V3.2] Temp=0.0 Rep=1 → Concordo fortemente
[2026-05-08 15:11:59,545][__main__][INFO] - ✓ [deepseek-ai/DeepSeek-V3.2] Temp=0.0 Rep=1 → Concordo fortemente
[2026-05-08 15:11:59,596][__main__][INFO] - ✓ [nvidia/NVIDIA-Nemotron-Nano-12B-v2-VL] Temp=0.0 Rep=1 → Discordo fortemente
[2026-05-08 15:11:59,600][__main__][INFO] - ✓ [nvidia/NVIDIA-Nemotron-Nano-12B-v2-VL] Temp=0.0 Rep=1 → Discordo fortemente
[2026-05-08 15:11:59,607][__main__][INFO] - ✓ [nvidia/NVIDIA-Nemotron-Nano-12B-v2-VL] Temp=0.0 Rep=1 → Discordo fortemente
[2026-05-08 15:11:59,778][__main__][INFO] - ✓ [deepseek-ai/DeepSeek-V3.2] Temp=0.0 Rep=1 → Concordo fortemente
[2026-05-08 15:11:59,887][__main__][INFO] - ✓ [nvidia/NVIDIA-Nemotron-Nano-12B-v2-VL] Temp=0.0 Rep=1 → Discordo fortemente
[2026-05-08 15:11:59,912][__main__][INFO] - ✓ [microsoft/phi-4] Temp=0.0 Rep=1 → Concordo fortemente
[2026-05-08 15:11:59,957][__main__][INFO] - ✓ [microsoft/phi-4] Temp=0.0 Rep=1 → Concordo fortemente
[2026-05-08 15:11:59,965][__main__][INFO] - ✓ [deepseek-ai/DeepSeek-V3.2] Temp=0.0 Rep=1 → Concordo fortemente
[2026-05-08 15:11:59,974][__main__][INFO] - ✓ [microsoft/phi-4] Temp=0.0 Rep=1 → Concordo fortemente
[2026-05-08 15:11:59,999][__main__][INFO] - ✓ [deepseek-ai/DeepSeek-V3.2] Temp=0.0 Rep=1 → Concordo fortemente
[2026-05-08 15:12:00,145][__main__][INFO] - ✓ [nvidia/NVIDIA-Nemotron-Nano-12B-v2-VL] Temp=0.0 Rep=1 → Discordo fortemente
[2026-05-08 15:12:00,279][__main__][INFO] - ✓ [nvidia/NVIDIA-Nemotron-Nano-12B-v2-VL] Temp=0.0 Rep=1 → Discordo fortemente
[2026-05-08 15:12:00,314][__main__][INFO] - ✓ [microsoft/phi-4] Temp=0.0 Rep=1 → Concordo fortemente
[2026-05-08 15:12:00,333][__main__][INFO] - ✓ [microsoft/phi-4] Temp=0.0 Rep=1 → Concordo fortemente
[2026-05-08 15:12:00,379][__main__][INFO] - ✓ [deepseek-ai/DeepSeek-V3.2] Temp=0.0 Rep=1 → Concordo fortemente
[2026-05-08 15:12:00,431][__main__][INFO] - ✓ [deepseek-ai/DeepSeek-V3.2] Temp=0.0 Rep=1 → Concordo fortemente
[2026-05-08 15:12:00,489][__main__][INFO] - ✓ [microsoft/phi-4] Temp=0.0 Rep=1 → Concordo fortemente
[2026-05-08 15:12:00,636][__main__][WARNING] - Resposta inválida (tentativa 1/3) de nvidia/NVIDIA-Nemotron-Nano-12B-v2-VL: Discord
[2026-05-08 15:12:00,636][__main__][INFO] - Fazendo retry 2/3...
[2026-05-08 15:12:00,638][__main__][INFO] - ✓ [nvidia/NVIDIA-Nemotron-Nano-12B-v2-VL] Temp=0.0 Rep=1 → Discordo fortemente
[2026-05-08 15:12:00,640][__main__][INFO] - ✓ [nvidia/NVIDIA-Nemotron-Nano-12B-v2-VL] Temp=0.0 Rep=1 → Concordo fortemente
[2026-05-08 15:12:00,835][__main__][INFO] - ✓ [deepseek-ai/DeepSeek-V3.2] Temp=0.0 Rep=1 → Concordo fortemente
[2026-05-08 15:12:00,951][__main__][INFO] - ✓ [microsoft/phi-4] Temp=0.0 Rep=1 → Concordo
[2026-05-08 15:12:00,976][__main__][INFO] - ✓ [microsoft/phi-4] Temp=0.0 Rep=1 → Concordo fortemente
[2026-05-08 15:12:01,074][__main__][INFO] - ✓ [microsoft/phi-4] Temp=0.0 Rep=1 → Concordo
[2026-05-08 15:12:01,126][__main__][INFO] - ✓ [nvidia/NVIDIA-Nemotron-Nano-12B-v2-VL] Temp=0.0 Rep=1 → Discordo fortemente
[2026-05-08 15:12:01,343][__main__][INFO] - ✓ [nvidia/NVIDIA-Nemotron-Nano-12B-v2-VL] Temp=0.0 Rep=1 → Discordo fortemente
[2026-05-08 15:12:01,345][__main__][INFO] - ✓ [nvidia/NVIDIA-Nemotron-Nano-12B-v2-VL] Temp=0.0 Rep=1 → Discordo fortemente
[2026-05-08 15:12:01,424][__main__][INFO] - ✓ [deepseek-ai/DeepSeek-V3.2] Temp=0.0 Rep=1 → Concordo fortemente
[2026-05-08 15:12:01,549][__main__][INFO] - ✓ [deepseek-ai/DeepSeek-V3.2] Temp=0.0 Rep=1 → Concordo fortemente
[2026-05-08 15:12:01,551][__main__][INFO] - ✓ [deepseek-ai/DeepSeek-V3.2] Temp=0.0 Rep=1 → Concordo fortemente
[2026-05-08 15:12:01,554][__main__][INFO] - ✓ [deepseek-ai/DeepSeek-V3.2] Temp=0.0 Rep=1 → Neutro
[2026-05-08 15:12:01,555][__main__][INFO] - ✓ [deepseek-ai/DeepSeek-V3.2] Temp=0.0 Rep=1 → Concordo fortemente
[2026-05-08 15:12:01,631][__main__][INFO] - ✓ [deepseek-ai/DeepSeek-V3.2] Temp=0.0 Rep=1 → Neutro
[2026-05-08 15:12:01,707][__main__][INFO] - Salvamento incremental (360 novas respostas)...
[2026-05-08 15:12:01,755][__main__][INFO] - Cache salvo com 203383 entradas
[2026-05-08 15:12:01,755][__main__][INFO] - ✓ [microsoft/phi-4] Temp=0.0 Rep=1 → Concordo fortemente
[2026-05-08 15:12:01,757][__main__][INFO] - ✓ [microsoft/phi-4] Temp=0.0 Rep=1 → Concordo
[2026-05-08 15:12:01,852][__main__][INFO] - ✓ [microsoft/phi-4] Temp=0.0 Rep=1 → Concordo
[2026-05-08 15:12:01,903][__main__][INFO] - ✓ [nvidia/NVIDIA-Nemotron-Nano-12B-v2-VL] Temp=0.0 Rep=1 → Discordo fortemente
[2026-05-08 15:12:01,911][__main__][INFO] - ✓ [nvidia/NVIDIA-Nemotron-Nano-12B-v2-VL] Temp=0.0 Rep=1 → Discordo fortemente
[2026-05-08 15:12:01,932][__main__][INFO] - ✓ [nvidia/NVIDIA-Nemotron-Nano-12B-v2-VL] Temp=0.0 Rep=1 → Discordo fortemente
[2026-05-08 15:12:02,048][__main__][INFO] - ✓ [deepseek-ai/DeepSeek-V3.2] Temp=0.0 Rep=1 → Discordo
[2026-05-08 15:12:02,222][__main__][INFO] - ✓ [nvidia/NVIDIA-Nemotron-Nano-12B-v2-VL] Temp=0.0 Rep=1 → Concordo fortemente
[2026-05-08 15:12:02,375][__main__][INFO] - ✓ [microsoft/phi-4] Temp=0.0 Rep=1 → Concordo
[2026-05-08 15:12:02,375][__main__][INFO] - ✓ [nvidia/NVIDIA-Nemotron-Nano-12B-v2-VL] Temp=0.0 Rep=1 → Concordo fortemente
[2026-05-08 15:12:02,377][__main__][INFO] - ✓ [microsoft/phi-4] Temp=0.0 Rep=1 → Concordo fortemente
[2026-05-08 15:12:02,420][__main__][INFO] - ✓ [microsoft/phi-4] Temp=0.0 Rep=1 → Concordo fortemente
[2026-05-08 15:12:02,436][__main__][INFO] - ✓ [deepseek-ai/DeepSeek-V3.2] Temp=0.0 Rep=1 → Neutro
[2026-05-08 15:12:02,525][__main__][INFO] - ✓ [deepseek-ai/DeepSeek-V3.2] Temp=0.0 Rep=1 → Neutro
[2026-05-08 15:12:02,672][__main__][INFO] - ✓ [nvidia/NVIDIA-Nemotron-Nano-12B-v2-VL] Temp=0.0 Rep=1 → Concordo fortemente
[2026-05-08 15:12:02,719][__main__][INFO] - ✓ [deepseek-ai/DeepSeek-V3.2] Temp=0.0 Rep=1 → Concordo fortemente
[2026-05-08 15:12:02,765][__main__][INFO] - ✓ [microsoft/phi-4] Temp=0.0 Rep=1 → Concordo
[2026-05-08 15:12:02,778][__main__][INFO] - ✓ [deepseek-ai/DeepSeek-V3.2] Temp=0.0 Rep=1 → Concordo fortemente
[2026-05-08 15:12:02,791][__main__][INFO] - ✓ [microsoft/phi-4] Temp=0.0 Rep=1 → Discordo fortemente
[2026-05-08 15:12:02,899][__main__][INFO] - ✓ [microsoft/phi-4] Temp=0.0 Rep=1 → Concordo
[2026-05-08 15:12:02,974][__main__][INFO] - ✓ [deepseek-ai/DeepSeek-V3.2] Temp=0.0 Rep=1 → Concordo fortemente
[2026-05-08 15:12:03,088][__main__][INFO] - ✓ [nvidia/NVIDIA-Nemotron-Nano-12B-v2-VL] Temp=0.0 Rep=1 → Discordo fortemente
[2026-05-08 15:12:03,094][__main__][INFO] - ✓ [nvidia/NVIDIA-Nemotron-Nano-12B-v2-VL] Temp=0.0 Rep=1 → Discordo fortemente
[2026-05-08 15:12:03,185][__main__][INFO] - ✓ [nvidia/NVIDIA-Nemotron-Nano-12B-v2-VL] Temp=0.0 Rep=1 → Discordo fortemente
[2026-05-08 15:12:03,296][__main__][INFO] - ✓ [deepseek-ai/DeepSeek-V3.2] Temp=0.0 Rep=1 → Concordo
[2026-05-08 15:12:03,302][__main__][INFO] - ✓ [deepseek-ai/DeepSeek-V3.2] Temp=0.0 Rep=1 → Concordo
[2026-05-08 15:12:03,313][__main__][INFO] - ✓ [microsoft/phi-4] Temp=0.0 Rep=1 → Concordo fortemente
[2026-05-08 15:12:03,572][__main__][INFO] - ✓ [deepseek-ai/DeepSeek-V3.2] Temp=0.0 Rep=1 → Concordo
[2026-05-08 15:12:03,770][__main__][INFO] - ✓ [nvidia/NVIDIA-Nemotron-Nano-12B-v2-VL] Temp=0.0 Rep=1 → Discordo fortemente
[2026-05-08 15:12:03,784][__main__][INFO] - ✓ [nvidia/NVIDIA-Nemotron-Nano-12B-v2-VL] Temp=0.0 Rep=1 → Discordo fortemente
[2026-05-08 15:12:03,788][__main__][INFO] - ✓ [nvidia/NVIDIA-Nemotron-Nano-12B-v2-VL] Temp=0.0 Rep=1 → Discordo fortemente
[2026-05-08 15:12:04,031][__main__][INFO] - ✓ [deepseek-ai/DeepSeek-V3.2] Temp=0.0 Rep=1 → Concordo fortemente
[2026-05-08 15:12:04,081][__main__][INFO] - ✓ [deepseek-ai/DeepSeek-V3.2] Temp=0.0 Rep=1 → Concordo fortemente
[2026-05-08 15:12:04,110][__main__][INFO] - ✓ [microsoft/phi-4] Temp=0.0 Rep=1 → Concordo
[2026-05-08 15:12:04,116][__main__][INFO] - ✓ [microsoft/phi-4] Temp=0.0 Rep=1 → Concordo
[2026-05-08 15:12:04,325][__main__][INFO] - ✓ [microsoft/phi-4] Temp=0.0 Rep=1 → Concordo
[2026-05-08 15:12:04,342][__main__][INFO] - ✓ [microsoft/phi-4] Temp=0.0 Rep=1 → Concordo fortemente
[2026-05-08 15:12:04,473][__main__][INFO] - ✓ [nvidia/NVIDIA-Nemotron-Nano-12B-v2-VL] Temp=0.0 Rep=1 → Discordo fortemente
[2026-05-08 15:12:04,475][__main__][INFO] - ✓ [nvidia/NVIDIA-Nemotron-Nano-12B-v2-VL] Temp=0.0 Rep=1 → Discordo fortemente
[2026-05-08 15:12:04,476][__main__][INFO] - ✓ [nvidia/NVIDIA-Nemotron-Nano-12B-v2-VL] Temp=0.0 Rep=1 → Discordo fortemente
[2026-05-08 15:12:04,524][__main__][INFO] - Salvamento incremental (400 novas respostas)...
[2026-05-08 15:12:04,613][__main__][INFO] - Cache salvo com 203423 entradas
[2026-05-08 15:12:04,613][__main__][INFO] - ✓ [microsoft/phi-4] Temp=0.0 Rep=1 → Concordo fortemente
[2026-05-08 15:12:04,755][__main__][INFO] - ✓ [deepseek-ai/DeepSeek-V3.2] Temp=0.0 Rep=1 → Concordo fortemente
[2026-05-08 15:12:04,798][__main__][INFO] - ✓ [microsoft/phi-4] Temp=0.0 Rep=1 → Concordo
[2026-05-08 15:12:04,839][__main__][INFO] - ✓ [microsoft/phi-4] Temp=0.0 Rep=1 → Concordo fortemente
[2026-05-08 15:12:04,995][__main__][INFO] - ✓ [microsoft/phi-4] Temp=0.0 Rep=1 → Concordo fortemente
[2026-05-08 15:12:05,116][__main__][INFO] - ✓ [deepseek-ai/DeepSeek-V3.2] Temp=0.0 Rep=1 → Neutro
[2026-05-08 15:12:05,119][__main__][INFO] - ✓ [nvidia/NVIDIA-Nemotron-Nano-12B-v2-VL] Temp=0.0 Rep=1 → Discordo fortemente
[2026-05-08 15:12:05,129][__main__][INFO] - ✓ [deepseek-ai/DeepSeek-V3.2] Temp=0.0 Rep=1 → Neutro
[2026-05-08 15:12:05,187][__main__][INFO] - ✓ [nvidia/NVIDIA-Nemotron-Nano-12B-v2-VL] Temp=0.0 Rep=1 → Discordo fortemente
[2026-05-08 15:12:05,192][__main__][INFO] - ✓ [nvidia/NVIDIA-Nemotron-Nano-12B-v2-VL] Temp=0.0 Rep=1 → Discordo fortemente
[2026-05-08 15:12:05,220][__main__][INFO] - ✓ [deepseek-ai/DeepSeek-V3.2] Temp=0.0 Rep=1 → Neutro
[2026-05-08 15:12:05,521][__main__][INFO] - ✓ [deepseek-ai/DeepSeek-V3.2] Temp=0.0 Rep=1 → Concordo fortemente
[2026-05-08 15:12:05,522][__main__][INFO] - ✓ [deepseek-ai/DeepSeek-V3.2] Temp=0.0 Rep=1 → Concordo fortemente
[2026-05-08 15:12:05,523][__main__][INFO] - ✓ [microsoft/phi-4] Temp=0.0 Rep=1 → Concordo fortemente
[2026-05-08 15:12:05,523][__main__][INFO] - ✓ [nvidia/NVIDIA-Nemotron-Nano-12B-v2-VL] Temp=0.0 Rep=1 → Discordo fortemente
[2026-05-08 15:12:05,525][__main__][INFO] - ✓ [microsoft/phi-4] Temp=0.0 Rep=1 → Concordo
[2026-05-08 15:12:05,533][__main__][INFO] - ✓ [microsoft/phi-4] Temp=0.0 Rep=1 → Concordo
[2026-05-08 15:12:05,542][__main__][INFO] - ✓ [deepseek-ai/DeepSeek-V3.2] Temp=0.0 Rep=1 → Concordo fortemente
[2026-05-08 15:12:05,858][__main__][INFO] - ✓ [microsoft/phi-4] Temp=0.0 Rep=1 → Concordo
[2026-05-08 15:12:05,866][__main__][INFO] - ✓ [microsoft/phi-4] Temp=0.0 Rep=1 → Concordo fortemente
[2026-05-08 15:12:05,880][__main__][INFO] - ✓ [nvidia/NVIDIA-Nemotron-Nano-12B-v2-VL] Temp=0.0 Rep=1 → Discordo fortemente
[2026-05-08 15:12:05,882][__main__][INFO] - ✓ [nvidia/NVIDIA-Nemotron-Nano-12B-v2-VL] Temp=0.0 Rep=1 → Discordo fortemente
[2026-05-08 15:12:06,043][__main__][INFO] - ✓ [deepseek-ai/DeepSeek-V3.2] Temp=0.0 Rep=1 → Neutro
[2026-05-08 15:12:06,111][__main__][INFO] - ✓ [deepseek-ai/DeepSeek-V3.2] Temp=0.0 Rep=1 → Neutro
[2026-05-08 15:12:06,175][__main__][INFO] - ✓ [microsoft/phi-4] Temp=0.0 Rep=1 → Concordo fortemente
[2026-05-08 15:12:06,285][__main__][INFO] - ✓ [nvidia/NVIDIA-Nemotron-Nano-12B-v2-VL] Temp=0.0 Rep=1 → Discordo fortemente
[2026-05-08 15:12:06,289][__main__][INFO] - ✓ [nvidia/NVIDIA-Nemotron-Nano-12B-v2-VL] Temp=0.0 Rep=1 → Discordo fortemente
[2026-05-08 15:12:06,303][__main__][INFO] - ✓ [nvidia/NVIDIA-Nemotron-Nano-12B-v2-VL] Temp=0.0 Rep=1 → Concordo fortemente
[2026-05-08 15:12:06,574][__main__][INFO] - ✓ [deepseek-ai/DeepSeek-V3.2] Temp=0.0 Rep=1 → Concordo fortemente
[2026-05-08 15:12:06,618][__main__][INFO] - ✓ [microsoft/phi-4] Temp=0.0 Rep=1 → Concordo
[2026-05-08 15:12:06,628][__main__][INFO] - ✓ [microsoft/phi-4] Temp=0.0 Rep=1 → Concordo
[2026-05-08 15:12:06,925][__main__][INFO] - ✓ [deepseek-ai/DeepSeek-V3.2] Temp=0.0 Rep=1 → Neutro
[2026-05-08 15:12:06,996][__main__][INFO] - ✓ [nvidia/NVIDIA-Nemotron-Nano-12B-v2-VL] Temp=0.0 Rep=1 → Concordo fortemente
[2026-05-08 15:12:07,092][__main__][INFO] - ✓ [microsoft/phi-4] Temp=0.0 Rep=1 → Concordo
[2026-05-08 15:12:07,094][__main__][INFO] - ✓ [nvidia/NVIDIA-Nemotron-Nano-12B-v2-VL] Temp=0.0 Rep=1 → Concordo fortemente
[2026-05-08 15:12:07,094][__main__][INFO] - ✓ [nvidia/NVIDIA-Nemotron-Nano-12B-v2-VL] Temp=0.0 Rep=1 → Concordo fortemente
[2026-05-08 15:12:07,140][__main__][INFO] - ✓ [deepseek-ai/DeepSeek-V3.2] Temp=0.0 Rep=1 → Concordo
[2026-05-08 15:12:07,224][__main__][INFO] - ✓ [deepseek-ai/DeepSeek-V3.2] Temp=0.0 Rep=1 → Concordo fortemente
[2026-05-08 15:12:07,274][__main__][INFO] - ✓ [deepseek-ai/DeepSeek-V3.2] Temp=0.0 Rep=1 → Concordo fortemente
[2026-05-08 15:12:07,378][__main__][INFO] - ✓ [deepseek-ai/DeepSeek-V3.2] Temp=0.0 Rep=1 → Concordo fortemente
[2026-05-08 15:12:07,416][__main__][INFO] - Salvamento incremental (440 novas respostas)...
[2026-05-08 15:12:07,582][__main__][INFO] - Cache salvo com 203463 entradas
[2026-05-08 15:12:07,582][__main__][INFO] - ✓ [deepseek-ai/DeepSeek-V3.2] Temp=0.0 Rep=1 → Concordo fortemente
[2026-05-08 15:12:07,586][__main__][INFO] - ✓ [microsoft/phi-4] Temp=0.0 Rep=1 → Concordo
[2026-05-08 15:12:07,587][__main__][INFO] - ✓ [microsoft/phi-4] Temp=0.0 Rep=1 → Concordo
[2026-05-08 15:12:07,588][__main__][INFO] - ✓ [microsoft/phi-4] Temp=0.0 Rep=1 → Concordo
[2026-05-08 15:12:07,618][__main__][INFO] - ✓ [nvidia/NVIDIA-Nemotron-Nano-12B-v2-VL] Temp=0.0 Rep=1 → Concordo fortemente
[2026-05-08 15:12:07,656][__main__][INFO] - ✓ [nvidia/NVIDIA-Nemotron-Nano-12B-v2-VL] Temp=0.0 Rep=1 → Concordo fortemente
[2026-05-08 15:12:07,833][__main__][INFO] - ✓ [nvidia/NVIDIA-Nemotron-Nano-12B-v2-VL] Temp=0.0 Rep=1 → Concordo fortemente
[2026-05-08 15:12:07,913][__main__][INFO] - ✓ [microsoft/phi-4] Temp=0.0 Rep=1 → Concordo
[2026-05-08 15:12:07,928][__main__][INFO] - ✓ [microsoft/phi-4] Temp=0.0 Rep=1 → Concordo
[2026-05-08 15:12:08,022][__main__][INFO] - ✓ [deepseek-ai/DeepSeek-V3.2] Temp=0.0 Rep=1 → Concordo
[2026-05-08 15:12:08,145][__main__][INFO] - ✓ [deepseek-ai/DeepSeek-V3.2] Temp=0.0 Rep=1 → Concordo fortemente
[2026-05-08 15:12:08,154][__main__][INFO] - ✓ [microsoft/phi-4] Temp=0.0 Rep=1 → Concordo
[2026-05-08 15:12:08,155][__main__][INFO] - ✓ [nvidia/NVIDIA-Nemotron-Nano-12B-v2-VL] Temp=0.0 Rep=1 → Discordo fortemente
[2026-05-08 15:12:08,237][__main__][INFO] - ✓ [nvidia/NVIDIA-Nemotron-Nano-12B-v2-VL] Temp=0.0 Rep=1 → Discordo fortemente
[2026-05-08 15:12:08,354][__main__][INFO] - ✓ [deepseek-ai/DeepSeek-V3.2] Temp=0.0 Rep=1 → Concordo fortemente
[2026-05-08 15:12:08,440][__main__][INFO] - ✓ [nvidia/NVIDIA-Nemotron-Nano-12B-v2-VL] Temp=0.0 Rep=1 → Discordo fortemente
[2026-05-08 15:12:08,688][__main__][INFO] - ✓ [microsoft/phi-4] Temp=0.0 Rep=1 → Concordo fortemente
[2026-05-08 15:12:08,690][__main__][INFO] - ✓ [microsoft/phi-4] Temp=0.0 Rep=1 → Concordo fortemente
[2026-05-08 15:12:08,695][__main__][INFO] - ✓ [microsoft/phi-4] Temp=0.0 Rep=1 → Concordo fortemente
[2026-05-08 15:12:08,731][__main__][INFO] - ✓ [nvidia/NVIDIA-Nemotron-Nano-12B-v2-VL] Temp=0.0 Rep=1 → Discordo fortemente
[2026-05-08 15:12:08,755][__main__][INFO] - ✓ [deepseek-ai/DeepSeek-V3.2] Temp=0.0 Rep=1 → Concordo
[2026-05-08 15:12:08,863][__main__][INFO] - ✓ [deepseek-ai/DeepSeek-V3.2] Temp=0.0 Rep=1 → Concordo
[2026-05-08 15:12:08,944][__main__][INFO] - ✓ [deepseek-ai/DeepSeek-V3.2] Temp=0.0 Rep=1 → Concordo fortemente
[2026-05-08 15:12:09,023][__main__][INFO] - ✓ [deepseek-ai/DeepSeek-V3.2] Temp=0.0 Rep=1 → Concordo fortemente
[2026-05-08 15:12:09,070][__main__][INFO] - ✓ [nvidia/NVIDIA-Nemotron-Nano-12B-v2-VL] Temp=0.0 Rep=1 → Discordo fortemente
[2026-05-08 15:12:09,072][__main__][INFO] - ✓ [nvidia/NVIDIA-Nemotron-Nano-12B-v2-VL] Temp=0.0 Rep=1 → Discordo fortemente
[2026-05-08 15:12:09,191][__main__][INFO] - ✓ [microsoft/phi-4] Temp=0.0 Rep=1 → Concordo
[2026-05-08 15:12:09,193][__main__][INFO] - ✓ [deepseek-ai/DeepSeek-V3.2] Temp=0.0 Rep=1 → Neutro
[2026-05-08 15:12:09,239][__main__][INFO] - ✓ [microsoft/phi-4] Temp=0.0 Rep=1 → Concordo
[2026-05-08 15:12:09,326][__main__][INFO] - ✓ [microsoft/phi-4] Temp=0.0 Rep=1 → Concordo
[2026-05-08 15:12:09,339][__main__][INFO] - ✓ [deepseek-ai/DeepSeek-V3.2] Temp=0.0 Rep=1 → Concordo fortemente
[2026-05-08 15:12:09,437][__main__][INFO] - ✓ [nvidia/NVIDIA-Nemotron-Nano-12B-v2-VL] Temp=0.0 Rep=1 → Discordo fortemente
[2026-05-08 15:12:09,514][__main__][INFO] - ✓ [nvidia/NVIDIA-Nemotron-Nano-12B-v2-VL] Temp=0.0 Rep=1 → Discordo fortemente
[2026-05-08 15:12:09,583][__main__][INFO] - ✓ [nvidia/NVIDIA-Nemotron-Nano-12B-v2-VL] Temp=0.0 Rep=1 → Discordo fortemente
[2026-05-08 15:12:09,714][__main__][INFO] - ✓ [microsoft/phi-4] Temp=0.0 Rep=1 → Discordo fortemente
[2026-05-08 15:12:09,733][__main__][INFO] - ✓ [microsoft/phi-4] Temp=0.0 Rep=1 → Concordo
[2026-05-08 15:12:09,812][__main__][INFO] - ✓ [deepseek-ai/DeepSeek-V3.2] Temp=0.0 Rep=1 → Concordo
[2026-05-08 15:12:09,816][__main__][INFO] - ✓ [microsoft/phi-4] Temp=0.0 Rep=1 → Concordo
[2026-05-08 15:12:09,865][__main__][INFO] - ✓ [nvidia/NVIDIA-Nemotron-Nano-12B-v2-VL] Temp=0.0 Rep=1 → Discordo fortemente
[2026-05-08 15:12:09,995][__main__][INFO] - ✓ [deepseek-ai/DeepSeek-V3.2] Temp=0.0 Rep=1 → Concordo
[2026-05-08 15:12:10,054][__main__][INFO] - Salvamento incremental (480 novas respostas)...
[2026-05-08 15:12:10,108][__main__][INFO] - Cache salvo com 203503 entradas
[2026-05-08 15:12:10,108][__main__][INFO] - ✓ [deepseek-ai/DeepSeek-V3.2] Temp=0.0 Rep=1 → Neutro
[2026-05-08 15:12:10,110][__main__][INFO] - ✓ [deepseek-ai/DeepSeek-V3.2] Temp=0.0 Rep=1 → Concordo
[2026-05-08 15:12:10,110][__main__][INFO] - ✓ [nvidia/NVIDIA-Nemotron-Nano-12B-v2-VL] Temp=0.0 Rep=1 → Discordo fortemente
[2026-05-08 15:12:10,241][__main__][INFO] - ✓ [nvidia/NVIDIA-Nemotron-Nano-12B-v2-VL] Temp=0.0 Rep=1 → Concordo fortemente
[2026-05-08 15:12:10,242][__main__][INFO] - ✓ [deepseek-ai/DeepSeek-V3.2] Temp=0.0 Rep=1 → Concordo fortemente
[2026-05-08 15:12:10,302][__main__][INFO] - ✓ [microsoft/phi-4] Temp=0.0 Rep=1 → Concordo fortemente
[2026-05-08 15:12:10,405][__main__][INFO] - ✓ [nvidia/NVIDIA-Nemotron-Nano-12B-v2-VL] Temp=0.0 Rep=1 → Discordo fortemente
[2026-05-08 15:12:10,412][__main__][INFO] - ✓ [microsoft/phi-4] Temp=0.0 Rep=1 → Concordo
[2026-05-08 15:12:10,414][__main__][INFO] - ✓ [microsoft/phi-4] Temp=0.0 Rep=1 → Concordo
[2026-05-08 15:12:10,574][__main__][INFO] - ✓ [deepseek-ai/DeepSeek-V3.2] Temp=0.0 Rep=1 → Concordo
[2026-05-08 15:12:10,614][__main__][INFO] - ✓ [deepseek-ai/DeepSeek-V3.2] Temp=0.0 Rep=1 → Concordo
[2026-05-08 15:12:10,622][__main__][INFO] - ✓ [nvidia/NVIDIA-Nemotron-Nano-12B-v2-VL] Temp=0.0 Rep=1 → Discordo fortemente
[2026-05-08 15:12:10,825][__main__][INFO] - ✓ [nvidia/NVIDIA-Nemotron-Nano-12B-v2-VL] Temp=0.0 Rep=1 → Discordo fortemente
[2026-05-08 15:12:10,914][__main__][INFO] - ✓ [nvidia/NVIDIA-Nemotron-Nano-12B-v2-VL] Temp=0.0 Rep=1 → Discordo fortemente
[2026-05-08 15:12:10,915][__main__][INFO] - ✓ [microsoft/phi-4] Temp=0.0 Rep=1 → Concordo
[2026-05-08 15:12:10,924][__main__][INFO] - ✓ [deepseek-ai/DeepSeek-V3.2] Temp=0.0 Rep=1 → Concordo
[2026-05-08 15:12:10,943][__main__][INFO] - ✓ [microsoft/phi-4] Temp=0.0 Rep=1 → Concordo
[2026-05-08 15:12:10,959][__main__][INFO] - ✓ [microsoft/phi-4] Temp=0.0 Rep=1 → Concordo fortemente
[2026-05-08 15:12:11,123][__main__][INFO] - ✓ [nvidia/NVIDIA-Nemotron-Nano-12B-v2-VL] Temp=0.0 Rep=1 → Discordo fortemente
[2026-05-08 15:12:11,289][__main__][INFO] - ✓ [nvidia/NVIDIA-Nemotron-Nano-12B-v2-VL] Temp=0.0 Rep=1 → Discordo fortemente
[2026-05-08 15:12:11,290][__main__][INFO] - ✓ [deepseek-ai/DeepSeek-V3.2] Temp=0.0 Rep=1 → Neutro
[2026-05-08 15:12:11,356][__main__][INFO] - ✓ [microsoft/phi-4] Temp=0.0 Rep=1 → Discordo fortemente
[2026-05-08 15:12:11,411][__main__][INFO] - ✓ [deepseek-ai/DeepSeek-V3.2] Temp=0.0 Rep=1 → Concordo fortemente
[2026-05-08 15:12:11,451][__main__][INFO] - ✓ [microsoft/phi-4] Temp=0.0 Rep=1 → Concordo
[2026-05-08 15:12:11,563][__main__][INFO] - ✓ [deepseek-ai/DeepSeek-V3.2] Temp=0.0 Rep=1 → Concordo fortemente
[2026-05-08 15:12:11,576][__main__][INFO] - ✓ [microsoft/phi-4] Temp=0.0 Rep=1 → Neutro
[2026-05-08 15:12:11,654][__main__][INFO] - ✓ [nvidia/NVIDIA-Nemotron-Nano-12B-v2-VL] Temp=0.0 Rep=1 → Discordo fortemente
[2026-05-08 15:12:11,812][__main__][INFO] - ✓ [nvidia/NVIDIA-Nemotron-Nano-12B-v2-VL] Temp=0.0 Rep=1 → Discordo fortemente
[2026-05-08 15:12:11,814][__main__][INFO] - ✓ [nvidia/NVIDIA-Nemotron-Nano-12B-v2-VL] Temp=0.0 Rep=1 → Discordo
[2026-05-08 15:12:11,931][__main__][INFO] - ✓ [microsoft/phi-4] Temp=0.0 Rep=1 → Concordo
[2026-05-08 15:12:12,030][__main__][INFO] - ✓ [deepseek-ai/DeepSeek-V3.2] Temp=0.0 Rep=1 → Neutro
[2026-05-08 15:12:12,115][__main__][INFO] - ✓ [microsoft/phi-4] Temp=0.0 Rep=1 → Concordo
[2026-05-08 15:12:12,124][__main__][INFO] - ✓ [microsoft/phi-4] Temp=0.0 Rep=1 → Concordo
[2026-05-08 15:12:12,144][__main__][INFO] - ✓ [deepseek-ai/DeepSeek-V3.2] Temp=0.0 Rep=1 → Neutro
[2026-05-08 15:12:12,336][__main__][INFO] - ✓ [nvidia/NVIDIA-Nemotron-Nano-12B-v2-VL] Temp=0.0 Rep=1 → Discordo fortemente
[2026-05-08 15:12:12,337][__main__][INFO] - ✓ [deepseek-ai/DeepSeek-V3.2] Temp=0.0 Rep=1 → Neutro
[2026-05-08 15:12:12,445][__main__][INFO] - ✓ [nvidia/NVIDIA-Nemotron-Nano-12B-v2-VL] Temp=0.0 Rep=1 → Discordo fortemente
[2026-05-08 15:12:12,452][__main__][INFO] - ✓ [nvidia/NVIDIA-Nemotron-Nano-12B-v2-VL] Temp=0.0 Rep=1 → Concordo fortemente
[2026-05-08 15:12:12,556][__main__][INFO] - ✓ [deepseek-ai/DeepSeek-V3.2] Temp=0.0 Rep=1 → Concordo fortemente
[2026-05-08 15:12:12,631][__main__][INFO] - ✓ [microsoft/phi-4] Temp=0.0 Rep=1 → Concordo fortemente
[2026-05-08 15:12:12,691][__main__][INFO] - Salvamento incremental (520 novas respostas)...
[2026-05-08 15:12:12,747][__main__][INFO] - Cache salvo com 203543 entradas
[2026-05-08 15:12:12,747][__main__][INFO] - ✓ [deepseek-ai/DeepSeek-V3.2] Temp=0.0 Rep=1 → Concordo
[2026-05-08 15:12:12,749][__main__][INFO] - ✓ [deepseek-ai/DeepSeek-V3.2] Temp=0.0 Rep=1 → Concordo
[2026-05-08 15:12:12,860][__main__][INFO] - ✓ [microsoft/phi-4] Temp=0.0 Rep=1 → Concordo
[2026-05-08 15:12:12,861][__main__][INFO] - ✓ [deepseek-ai/DeepSeek-V3.2] Temp=0.0 Rep=1 → Concordo fortemente
[2026-05-08 15:12:12,862][__main__][INFO] - ✓ [nvidia/NVIDIA-Nemotron-Nano-12B-v2-VL] Temp=0.0 Rep=1 → Discordo fortemente
[2026-05-08 15:12:12,883][__main__][INFO] - ✓ [microsoft/phi-4] Temp=0.0 Rep=1 → Concordo
[2026-05-08 15:12:12,928][__main__][INFO] - ✓ [nvidia/NVIDIA-Nemotron-Nano-12B-v2-VL] Temp=0.0 Rep=1 → Discordo fortemente
[2026-05-08 15:12:13,028][__main__][INFO] - ✓ [nvidia/NVIDIA-Nemotron-Nano-12B-v2-VL] Temp=0.0 Rep=1 → Concordo fortemente
[2026-05-08 15:12:13,231][__main__][INFO] - ✓ [microsoft/phi-4] Temp=0.0 Rep=1 → Concordo fortemente
[2026-05-08 15:12:13,242][__main__][INFO] - ✓ [deepseek-ai/DeepSeek-V3.2] Temp=0.0 Rep=1 → Concordo fortemente
[2026-05-08 15:12:13,279][__main__][INFO] - ✓ [microsoft/phi-4] Temp=0.0 Rep=1 → Concordo fortemente
[2026-05-08 15:12:13,386][__main__][INFO] - ✓ [deepseek-ai/DeepSeek-V3.2] Temp=0.0 Rep=1 → Concordo fortemente
[2026-05-08 15:12:13,388][__main__][INFO] - ✓ [nvidia/NVIDIA-Nemotron-Nano-12B-v2-VL] Temp=0.0 Rep=1 → Discordo fortemente
[2026-05-08 15:12:13,388][__main__][INFO] - ✓ [microsoft/phi-4] Temp=0.0 Rep=1 → Concordo fortemente
[2026-05-08 15:12:13,530][__main__][INFO] - ✓ [nvidia/NVIDIA-Nemotron-Nano-12B-v2-VL] Temp=0.0 Rep=1 → Discordo fortemente
[2026-05-08 15:12:13,686][__main__][INFO] - ✓ [nvidia/NVIDIA-Nemotron-Nano-12B-v2-VL] Temp=0.0 Rep=1 → Discordo fortemente
[2026-05-08 15:12:13,690][__main__][INFO] - ✓ [microsoft/phi-4] Temp=0.0 Rep=1 → Discordo fortemente
[2026-05-08 15:12:13,915][__main__][INFO] - ✓ [deepseek-ai/DeepSeek-V3.2] Temp=0.0 Rep=1 → Concordo fortemente
[2026-05-08 15:12:13,916][__main__][INFO] - ✓ [deepseek-ai/DeepSeek-V3.2] Temp=0.0 Rep=1 → Concordo fortemente
[2026-05-08 15:12:13,920][__main__][INFO] - ✓ [deepseek-ai/DeepSeek-V3.2] Temp=0.0 Rep=1 → Concordo fortemente
[2026-05-08 15:12:13,978][__main__][INFO] - ✓ [microsoft/phi-4] Temp=0.0 Rep=1 → Concordo
[2026-05-08 15:12:13,999][__main__][INFO] - ✓ [nvidia/NVIDIA-Nemotron-Nano-12B-v2-VL] Temp=0.0 Rep=1 → Discordo fortemente
[2026-05-08 15:12:14,225][__main__][INFO] - ✓ [microsoft/phi-4] Temp=0.0 Rep=1 → Discordo fortemente
[2026-05-08 15:12:14,271][__main__][INFO] - ✓ [deepseek-ai/DeepSeek-V3.2] Temp=0.0 Rep=1 → Discordo
[2026-05-08 15:12:14,296][__main__][INFO] - ✓ [nvidia/NVIDIA-Nemotron-Nano-12B-v2-VL] Temp=0.0 Rep=1 → Discordo fortemente
[2026-05-08 15:12:14,298][__main__][INFO] - ✓ [nvidia/NVIDIA-Nemotron-Nano-12B-v2-VL] Temp=0.0 Rep=1 → Discordo fortemente
[2026-05-08 15:12:14,434][__main__][INFO] - ✓ [deepseek-ai/DeepSeek-V3.2] Temp=0.0 Rep=1 → Discordo
[2026-05-08 15:12:14,436][__main__][INFO] - ✓ [deepseek-ai/DeepSeek-V3.2] Temp=0.0 Rep=1 → Concordo fortemente
[2026-05-08 15:12:14,577][__main__][INFO] - ✓ [microsoft/phi-4] Temp=0.0 Rep=1 → Concordo fortemente
[2026-05-08 15:12:14,616][__main__][INFO] - ✓ [microsoft/phi-4] Temp=0.0 Rep=1 → Concordo
[2026-05-08 15:12:14,616][__main__][INFO] - ✓ [microsoft/phi-4] Temp=0.0 Rep=1 → Concordo
[2026-05-08 15:12:14,983][__main__][INFO] - ✓ [deepseek-ai/DeepSeek-V3.2] Temp=0.0 Rep=1 → Concordo fortemente
[2026-05-08 15:12:14,986][__main__][INFO] - ✓ [nvidia/NVIDIA-Nemotron-Nano-12B-v2-VL] Temp=0.0 Rep=1 → Concordo fortemente
[2026-05-08 15:12:14,987][__main__][INFO] - ✓ [nvidia/NVIDIA-Nemotron-Nano-12B-v2-VL] Temp=0.0 Rep=1 → Discordo fortemente
[2026-05-08 15:12:14,988][__main__][INFO] - ✓ [nvidia/NVIDIA-Nemotron-Nano-12B-v2-VL] Temp=0.0 Rep=1 → Discordo fortemente
[2026-05-08 15:12:15,314][__main__][INFO] - ✓ [nvidia/NVIDIA-Nemotron-Nano-12B-v2-VL] Temp=0.0 Rep=1 → Discordo fortemente
[2026-05-08 15:12:15,327][__main__][INFO] - ✓ [microsoft/phi-4] Temp=0.0 Rep=1 → Discordo
[2026-05-08 15:12:15,336][__main__][INFO] - ✓ [microsoft/phi-4] Temp=0.0 Rep=1 → Concordo
[2026-05-08 15:12:15,346][__main__][INFO] - ✓ [microsoft/phi-4] Temp=0.0 Rep=1 → Discordo fortemente
[2026-05-08 15:12:15,352][__main__][INFO] - ✓ [deepseek-ai/DeepSeek-V3.2] Temp=0.0 Rep=1 → Concordo fortemente
[2026-05-08 15:12:15,361][__main__][INFO] - Salvamento incremental (560 novas respostas)...
[2026-05-08 15:12:15,408][__main__][INFO] - Cache salvo com 203583 entradas
[2026-05-08 15:12:15,408][__main__][INFO] - ✓ [deepseek-ai/DeepSeek-V3.2] Temp=0.0 Rep=1 → Discordo
[2026-05-08 15:12:15,644][__main__][INFO] - ✓ [nvidia/NVIDIA-Nemotron-Nano-12B-v2-VL] Temp=0.0 Rep=1 → Discordo fortemente
[2026-05-08 15:12:15,649][__main__][INFO] - ✓ [nvidia/NVIDIA-Nemotron-Nano-12B-v2-VL] Temp=0.0 Rep=1 → Discordo fortemente
[2026-05-08 15:12:15,791][__main__][INFO] - ✓ [microsoft/phi-4] Temp=0.0 Rep=1 → Concordo fortemente
[2026-05-08 15:12:15,857][__main__][INFO] - ✓ [deepseek-ai/DeepSeek-V3.2] Temp=0.0 Rep=1 → Discordo
[2026-05-08 15:12:16,015][__main__][INFO] - ✓ [deepseek-ai/DeepSeek-V3.2] Temp=0.0 Rep=1 → Neutro
[2026-05-08 15:12:16,016][__main__][INFO] - ✓ [microsoft/phi-4] Temp=0.0 Rep=1 → Concordo
[2026-05-08 15:12:16,016][__main__][INFO] - ✓ [microsoft/phi-4] Temp=0.0 Rep=1 → Concordo
[2026-05-08 15:12:16,174][__main__][INFO] - ✓ [nvidia/NVIDIA-Nemotron-Nano-12B-v2-VL] Temp=0.0 Rep=1 → Discordo fortemente
[2026-05-08 15:12:16,179][__main__][INFO] - ✓ [nvidia/NVIDIA-Nemotron-Nano-12B-v2-VL] Temp=0.0 Rep=1 → Discordo fortemente
[2026-05-08 15:12:16,314][__main__][INFO] - ✓ [nvidia/NVIDIA-Nemotron-Nano-12B-v2-VL] Temp=0.0 Rep=1 → Discordo fortemente
[2026-05-08 15:12:16,533][__main__][INFO] - ✓ [microsoft/phi-4] Temp=0.0 Rep=1 → Concordo fortemente
[2026-05-08 15:12:16,540][__main__][INFO] - ✓ [deepseek-ai/DeepSeek-V3.2] Temp=0.0 Rep=1 → Concordo
[2026-05-08 15:12:16,542][__main__][INFO] - ✓ [deepseek-ai/DeepSeek-V3.2] Temp=0.0 Rep=1 → Concordo fortemente
[2026-05-08 15:12:16,632][__main__][INFO] - ✓ [microsoft/phi-4] Temp=0.0 Rep=1 → Concordo
[2026-05-08 15:12:16,830][__main__][INFO] - ✓ [deepseek-ai/DeepSeek-V3.2] Temp=0.0 Rep=1 → Concordo fortemente
[2026-05-08 15:12:16,838][__main__][INFO] - ✓ [microsoft/phi-4] Temp=0.0 Rep=1 → Concordo
[2026-05-08 15:12:16,928][__main__][INFO] - ✓ [nvidia/NVIDIA-Nemotron-Nano-12B-v2-VL] Temp=0.0 Rep=1 → Discordo fortemente
[2026-05-08 15:12:17,054][__main__][INFO] - ✓ [deepseek-ai/DeepSeek-V3.2] Temp=0.0 Rep=1 → Concordo fortemente
[2026-05-08 15:12:17,054][__main__][INFO] - ✓ [nvidia/NVIDIA-Nemotron-Nano-12B-v2-VL] Temp=0.0 Rep=1 → Discordo fortemente
[2026-05-08 15:12:17,056][__main__][INFO] - ✓ [nvidia/NVIDIA-Nemotron-Nano-12B-v2-VL] Temp=0.0 Rep=1 → Discordo fortemente
[2026-05-08 15:12:17,299][__main__][INFO] - ✓ [deepseek-ai/DeepSeek-V3.2] Temp=0.0 Rep=1 → Concordo fortemente
[2026-05-08 15:12:17,440][__main__][INFO] - ✓ [microsoft/phi-4] Temp=0.0 Rep=1 → Concordo fortemente
[2026-05-08 15:12:17,442][__main__][INFO] - ✓ [microsoft/phi-4] Temp=0.0 Rep=1 → Concordo fortemente
[2026-05-08 15:12:17,459][__main__][INFO] - ✓ [microsoft/phi-4] Temp=0.0 Rep=1 → Concordo fortemente
[2026-05-08 15:12:17,476][__main__][INFO] - ✓ [deepseek-ai/DeepSeek-V3.2] Temp=0.0 Rep=1 → Neutro
[2026-05-08 15:12:17,580][__main__][INFO] - ✓ [deepseek-ai/DeepSeek-V3.2] Temp=0.0 Rep=1 → Neutro
[2026-05-08 15:12:17,582][__main__][INFO] - ✓ [deepseek-ai/DeepSeek-V3.2] Temp=0.0 Rep=1 → Concordo
[2026-05-08 15:12:17,621][__main__][INFO] - ✓ [nvidia/NVIDIA-Nemotron-Nano-12B-v2-VL] Temp=0.0 Rep=1 → Discordo fortemente
[2026-05-08 15:12:17,744][__main__][INFO] - ✓ [nvidia/NVIDIA-Nemotron-Nano-12B-v2-VL] Temp=0.0 Rep=1 → Discordo fortemente
[2026-05-08 15:12:17,746][__main__][INFO] - ✓ [nvidia/NVIDIA-Nemotron-Nano-12B-v2-VL] Temp=0.0 Rep=1 → Concordo fortemente
[2026-05-08 15:12:17,856][__main__][INFO] - ✓ [deepseek-ai/DeepSeek-V3.2] Temp=0.0 Rep=1 → Concordo fortemente
[2026-05-08 15:12:17,939][__main__][INFO] - ✓ [microsoft/phi-4] Temp=0.0 Rep=1 → Concordo
[2026-05-08 15:12:17,940][__main__][INFO] - ✓ [microsoft/phi-4] Temp=0.0 Rep=1 → Concordo fortemente
[2026-05-08 15:12:18,103][__main__][INFO] - ✓ [microsoft/phi-4] Temp=0.0 Rep=1 → Concordo
[2026-05-08 15:12:18,104][__main__][INFO] - ✓ [nvidia/NVIDIA-Nemotron-Nano-12B-v2-VL] Temp=0.0 Rep=1 → Discordo fortemente
[2026-05-08 15:12:18,154][__main__][INFO] - ✓ [nvidia/NVIDIA-Nemotron-Nano-12B-v2-VL] Temp=0.0 Rep=1 → Discordo fortemente
[2026-05-08 15:12:18,248][__main__][INFO] - ✓ [deepseek-ai/DeepSeek-V3.2] Temp=0.0 Rep=1 → Concordo fortemente
[2026-05-08 15:12:18,418][__main__][INFO] - ✓ [nvidia/NVIDIA-Nemotron-Nano-12B-v2-VL] Temp=0.0 Rep=1 → Discordo fortemente
[2026-05-08 15:12:18,420][__main__][INFO] - ✓ [deepseek-ai/DeepSeek-V3.2] Temp=0.0 Rep=1 → Concordo
[2026-05-08 15:12:18,503][__main__][INFO] - Salvamento incremental (600 novas respostas)...
[2026-05-08 15:12:18,549][__main__][INFO] - Cache salvo com 203623 entradas
[2026-05-08 15:12:18,549][__main__][INFO] - ✓ [microsoft/phi-4] Temp=0.0 Rep=1 → Discordo fortemente
[2026-05-08 15:12:18,627][__main__][INFO] - ✓ [microsoft/phi-4] Temp=0.0 Rep=1 → Concordo fortemente
[2026-05-08 15:12:18,628][__main__][INFO] - ✓ [deepseek-ai/DeepSeek-V3.2] Temp=0.0 Rep=1 → Concordo fortemente
[2026-05-08 15:12:18,735][__main__][INFO] - ✓ [nvidia/NVIDIA-Nemotron-Nano-12B-v2-VL] Temp=0.0 Rep=1 → Discordo fortemente
[2026-05-08 15:12:18,915][__main__][INFO] - ✓ [microsoft/phi-4] Temp=0.0 Rep=1 → Neutro
[2026-05-08 15:12:18,977][__main__][INFO] - ✓ [deepseek-ai/DeepSeek-V3.2] Temp=0.0 Rep=1 → Concordo fortemente
[2026-05-08 15:12:19,019][__main__][INFO] - ✓ [nvidia/NVIDIA-Nemotron-Nano-12B-v2-VL] Temp=0.0 Rep=1 → Discordo fortemente
[2026-05-08 15:12:19,022][__main__][INFO] - ✓ [nvidia/NVIDIA-Nemotron-Nano-12B-v2-VL] Temp=0.0 Rep=1 → Discordo fortemente
[2026-05-08 15:12:19,168][__main__][INFO] - ✓ [deepseek-ai/DeepSeek-V3.2] Temp=0.0 Rep=1 → Neutro
[2026-05-08 15:12:19,221][__main__][INFO] - ✓ [deepseek-ai/DeepSeek-V3.2] Temp=0.0 Rep=1 → Neutro
[2026-05-08 15:12:19,311][__main__][INFO] - ✓ [microsoft/phi-4] Temp=0.0 Rep=1 → Concordo
[2026-05-08 15:12:19,342][__main__][INFO] - ✓ [microsoft/phi-4] Temp=0.0 Rep=1 → Concordo
[2026-05-08 15:12:19,345][__main__][INFO] - ✓ [microsoft/phi-4] Temp=0.0 Rep=1 → Concordo
[2026-05-08 15:12:19,515][__main__][INFO] - ✓ [nvidia/NVIDIA-Nemotron-Nano-12B-v2-VL] Temp=0.0 Rep=1 → Discordo fortemente
[2026-05-08 15:12:19,678][__main__][INFO] - ✓ [nvidia/NVIDIA-Nemotron-Nano-12B-v2-VL] Temp=0.0 Rep=1 → Discordo fortemente
[2026-05-08 15:12:19,682][__main__][INFO] - ✓ [nvidia/NVIDIA-Nemotron-Nano-12B-v2-VL] Temp=0.0 Rep=1 → Concordo
[2026-05-08 15:12:19,683][__main__][INFO] - ✓ [deepseek-ai/DeepSeek-V3.2] Temp=0.0 Rep=1 → Concordo
[2026-05-08 15:12:19,685][__main__][INFO] - ✓ [deepseek-ai/DeepSeek-V3.2] Temp=0.0 Rep=1 → Neutro
[2026-05-08 15:12:19,977][__main__][INFO] - ✓ [nvidia/NVIDIA-Nemotron-Nano-12B-v2-VL] Temp=0.0 Rep=1 → Discordo fortemente
[2026-05-08 15:12:20,009][__main__][INFO] - ✓ [deepseek-ai/DeepSeek-V3.2] Temp=0.0 Rep=1 → Concordo
[2026-05-08 15:12:20,010][__main__][INFO] - ✓ [microsoft/phi-4] Temp=0.0 Rep=1 → Concordo
[2026-05-08 15:12:20,013][__main__][INFO] - ✓ [deepseek-ai/DeepSeek-V3.2] Temp=0.0 Rep=1 → Concordo fortemente
[2026-05-08 15:12:20,021][__main__][INFO] - ✓ [microsoft/phi-4] Temp=0.0 Rep=1 → Concordo
[2026-05-08 15:12:20,023][__main__][INFO] - ✓ [deepseek-ai/DeepSeek-V3.2] Temp=0.0 Rep=1 → Concordo fortemente
[2026-05-08 15:12:20,039][__main__][INFO] - ✓ [microsoft/phi-4] Temp=0.0 Rep=1 → Concordo
[2026-05-08 15:12:20,334][__main__][INFO] - ✓ [nvidia/NVIDIA-Nemotron-Nano-12B-v2-VL] Temp=0.0 Rep=1 → Discordo fortemente
[2026-05-08 15:12:20,345][__main__][INFO] - ✓ [nvidia/NVIDIA-Nemotron-Nano-12B-v2-VL] Temp=0.0 Rep=1 → Discordo fortemente
[2026-05-08 15:12:20,350][__main__][INFO] - ✓ [microsoft/phi-4] Temp=0.0 Rep=1 → Concordo
[2026-05-08 15:12:20,376][__main__][INFO] - ✓ [microsoft/phi-4] Temp=0.0 Rep=1 → Concordo fortemente
[2026-05-08 15:12:20,529][__main__][INFO] - ✓ [deepseek-ai/DeepSeek-V3.2] Temp=0.0 Rep=1 → Concordo
[2026-05-08 15:12:20,598][__main__][INFO] - ✓ [deepseek-ai/DeepSeek-V3.2] Temp=0.0 Rep=1 → Concordo
[2026-05-08 15:12:20,726][__main__][INFO] - ✓ [nvidia/NVIDIA-Nemotron-Nano-12B-v2-VL] Temp=0.0 Rep=1 → Discordo fortemente
[2026-05-08 15:12:20,728][__main__][INFO] - ✓ [nvidia/NVIDIA-Nemotron-Nano-12B-v2-VL] Temp=0.0 Rep=1 → Discordo fortemente
[2026-05-08 15:12:20,929][__main__][INFO] - ✓ [microsoft/phi-4] Temp=0.0 Rep=1 → Concordo
[2026-05-08 15:12:20,932][__main__][INFO] - ✓ [deepseek-ai/DeepSeek-V3.2] Temp=0.0 Rep=1 → Concordo fortemente
[2026-05-08 15:12:21,029][__main__][INFO] - ✓ [nvidia/NVIDIA-Nemotron-Nano-12B-v2-VL] Temp=0.0 Rep=1 → Discordo fortemente
[2026-05-08 15:12:21,036][__main__][INFO] - ✓ [microsoft/phi-4] Temp=0.0 Rep=1 → Discordo fortemente
[2026-05-08 15:12:21,250][__main__][INFO] - ✓ [microsoft/phi-4] Temp=0.0 Rep=1 → Concordo
[2026-05-08 15:12:21,253][__main__][INFO] - ✓ [deepseek-ai/DeepSeek-V3.2] Temp=0.0 Rep=1 → Concordo fortemente
[2026-05-08 15:12:21,254][__main__][INFO] - ✓ [microsoft/phi-4] Temp=0.0 Rep=1 → Concordo
[2026-05-08 15:12:21,258][__main__][INFO] - Salvamento incremental (640 novas respostas)...
[2026-05-08 15:12:21,324][__main__][INFO] - Cache salvo com 203663 entradas
[2026-05-08 15:12:21,324][__main__][INFO] - ✓ [deepseek-ai/DeepSeek-V3.2] Temp=0.0 Rep=1 → Concordo fortemente
[2026-05-08 15:12:21,330][__main__][INFO] - ✓ [nvidia/NVIDIA-Nemotron-Nano-12B-v2-VL] Temp=0.0 Rep=1 → Discordo fortemente
[2026-05-08 15:12:21,460][__main__][INFO] - ✓ [deepseek-ai/DeepSeek-V3.2] Temp=0.0 Rep=1 → Neutro
[2026-05-08 15:12:21,566][__main__][INFO] - ✓ [nvidia/NVIDIA-Nemotron-Nano-12B-v2-VL] Temp=0.0 Rep=1 → Discordo fortemente
[2026-05-08 15:12:21,644][__main__][INFO] - ✓ [nvidia/NVIDIA-Nemotron-Nano-12B-v2-VL] Temp=0.0 Rep=1 → Discordo fortemente
[2026-05-08 15:12:21,787][__main__][INFO] - ✓ [microsoft/phi-4] Temp=0.0 Rep=1 → Concordo
[2026-05-08 15:12:21,869][__main__][INFO] - ✓ [microsoft/phi-4] Temp=0.0 Rep=1 → Concordo
[2026-05-08 15:12:21,889][__main__][INFO] - ✓ [microsoft/phi-4] Temp=0.0 Rep=1 → Concordo fortemente
[2026-05-08 15:12:22,048][__main__][INFO] - ✓ [deepseek-ai/DeepSeek-V3.2] Temp=0.0 Rep=1 → Neutro
[2026-05-08 15:12:22,125][__main__][INFO] - ✓ [deepseek-ai/DeepSeek-V3.2] Temp=0.0 Rep=1 → Concordo fortemente
[2026-05-08 15:12:22,127][__main__][INFO] - ✓ [nvidia/NVIDIA-Nemotron-Nano-12B-v2-VL] Temp=0.0 Rep=1 → Concordo
[2026-05-08 15:12:22,299][__main__][INFO] - ✓ [deepseek-ai/DeepSeek-V3.2] Temp=0.0 Rep=1 → Neutro
[2026-05-08 15:12:22,300][__main__][INFO] - ✓ [nvidia/NVIDIA-Nemotron-Nano-12B-v2-VL] Temp=0.0 Rep=1 → Discordo fortemente
[2026-05-08 15:12:22,339][__main__][INFO] - ✓ [nvidia/NVIDIA-Nemotron-Nano-12B-v2-VL] Temp=0.0 Rep=1 → Concordo
[2026-05-08 15:12:22,418][__main__][INFO] - ✓ [microsoft/phi-4] Temp=0.0 Rep=1 → Discordo fortemente
[2026-05-08 15:12:22,589][__main__][INFO] - ✓ [microsoft/phi-4] Temp=0.0 Rep=1 → Concordo
[2026-05-08 15:12:22,592][__main__][INFO] - ✓ [microsoft/phi-4] Temp=0.0 Rep=1 → Concordo
[2026-05-08 15:12:22,889][__main__][INFO] - ✓ [nvidia/NVIDIA-Nemotron-Nano-12B-v2-VL] Temp=0.0 Rep=1 → Concordo fortemente
[2026-05-08 15:12:22,900][__main__][INFO] - ✓ [nvidia/NVIDIA-Nemotron-Nano-12B-v2-VL] Temp=0.0 Rep=1 → Concordo fortemente
[2026-05-08 15:12:22,902][__main__][INFO] - ✓ [nvidia/NVIDIA-Nemotron-Nano-12B-v2-VL] Temp=0.0 Rep=1 → Concordo fortemente
[2026-05-08 15:12:22,945][__main__][INFO] - ✓ [deepseek-ai/DeepSeek-V3.2] Temp=0.0 Rep=1 → Concordo fortemente
[2026-05-08 15:12:22,951][__main__][INFO] - ✓ [deepseek-ai/DeepSeek-V3.2] Temp=0.0 Rep=1 → Concordo fortemente
[2026-05-08 15:12:22,966][__main__][INFO] - ✓ [deepseek-ai/DeepSeek-V3.2] Temp=0.0 Rep=1 → Concordo fortemente
[2026-05-08 15:12:23,054][__main__][INFO] - ✓ [deepseek-ai/DeepSeek-V3.2] Temp=0.0 Rep=1 → Neutro
[2026-05-08 15:12:23,110][__main__][INFO] - ✓ [deepseek-ai/DeepSeek-V3.2] Temp=0.0 Rep=1 → Neutro
[2026-05-08 15:12:23,209][__main__][INFO] - ✓ [microsoft/phi-4] Temp=0.0 Rep=1 → Discordo
[2026-05-08 15:12:23,246][__main__][INFO] - ✓ [nvidia/NVIDIA-Nemotron-Nano-12B-v2-VL] Temp=0.0 Rep=1 → Discordo fortemente
[2026-05-08 15:12:23,346][__main__][INFO] - ✓ [deepseek-ai/DeepSeek-V3.2] Temp=0.0 Rep=1 → Neutro
[2026-05-08 15:12:23,347][__main__][INFO] - ✓ [microsoft/phi-4] Temp=0.0 Rep=1 → Concordo
[2026-05-08 15:12:23,348][__main__][INFO] - ✓ [microsoft/phi-4] Temp=0.0 Rep=1 → Concordo fortemente
[2026-05-08 15:12:23,395][__main__][INFO] - ✓ [nvidia/NVIDIA-Nemotron-Nano-12B-v2-VL] Temp=0.0 Rep=1 → Discordo fortemente
[2026-05-08 15:12:23,432][__main__][INFO] - ✓ [nvidia/NVIDIA-Nemotron-Nano-12B-v2-VL] Temp=0.0 Rep=1 → Discordo fortemente
[2026-05-08 15:12:23,702][__main__][INFO] - ✓ [microsoft/phi-4] Temp=0.0 Rep=1 → Concordo
[2026-05-08 15:12:23,703][__main__][INFO] - ✓ [microsoft/phi-4] Temp=0.0 Rep=1 → Concordo
[2026-05-08 15:12:23,721][__main__][INFO] - ✓ [nvidia/NVIDIA-Nemotron-Nano-12B-v2-VL] Temp=0.0 Rep=1 → Discordo fortemente
[2026-05-08 15:12:23,727][__main__][INFO] - ✓ [microsoft/phi-4] Temp=0.0 Rep=1 → Concordo fortemente
[2026-05-08 15:12:23,967][__main__][INFO] - ✓ [deepseek-ai/DeepSeek-V3.2] Temp=0.0 Rep=1 → Concordo
[2026-05-08 15:12:24,045][__main__][INFO] - ✓ [nvidia/NVIDIA-Nemotron-Nano-12B-v2-VL] Temp=0.0 Rep=1 → Discordo fortemente
[2026-05-08 15:12:24,052][__main__][INFO] - ✓ [nvidia/NVIDIA-Nemotron-Nano-12B-v2-VL] Temp=0.0 Rep=1 → Discordo fortemente
[2026-05-08 15:12:24,064][__main__][INFO] - ✓ [deepseek-ai/DeepSeek-V3.2] Temp=0.0 Rep=1 → Neutro
[2026-05-08 15:12:24,175][__main__][INFO] - Salvamento incremental (680 novas respostas)...
[2026-05-08 15:12:24,244][__main__][INFO] - Cache salvo com 203703 entradas
[2026-05-08 15:12:24,244][__main__][INFO] - ✓ [deepseek-ai/DeepSeek-V3.2] Temp=0.0 Rep=1 → Concordo fortemente
[2026-05-08 15:12:24,247][__main__][INFO] - ✓ [deepseek-ai/DeepSeek-V3.2] Temp=0.0 Rep=1 → Concordo
[2026-05-08 15:12:24,397][__main__][INFO] - ✓ [microsoft/phi-4] Temp=0.0 Rep=1 → Concordo
[2026-05-08 15:12:24,412][__main__][INFO] - ✓ [microsoft/phi-4] Temp=0.0 Rep=1 → Concordo fortemente
[2026-05-08 15:12:24,438][__main__][INFO] - ✓ [microsoft/phi-4] Temp=0.0 Rep=1 → Concordo fortemente
[2026-05-08 15:12:24,582][__main__][INFO] - ✓ [deepseek-ai/DeepSeek-V3.2] Temp=0.0 Rep=1 → Concordo
[2026-05-08 15:12:24,602][__main__][INFO] - ✓ [nvidia/NVIDIA-Nemotron-Nano-12B-v2-VL] Temp=0.0 Rep=1 → Discordo fortemente
[2026-05-08 15:12:24,608][__main__][INFO] - ✓ [nvidia/NVIDIA-Nemotron-Nano-12B-v2-VL] Temp=0.0 Rep=1 → Discordo fortemente
[2026-05-08 15:12:24,664][__main__][INFO] - ✓ [deepseek-ai/DeepSeek-V3.2] Temp=0.0 Rep=1 → Concordo fortemente
[2026-05-08 15:12:24,665][__main__][INFO] - ✓ [deepseek-ai/DeepSeek-V3.2] Temp=0.0 Rep=1 → Concordo
[2026-05-08 15:12:24,692][__main__][INFO] - ✓ [nvidia/NVIDIA-Nemotron-Nano-12B-v2-VL] Temp=0.0 Rep=1 → Discordo fortemente
[2026-05-08 15:12:24,948][__main__][INFO] - ✓ [deepseek-ai/DeepSeek-V3.2] Temp=0.0 Rep=1 → Concordo fortemente
[2026-05-08 15:12:24,949][__main__][INFO] - ✓ [microsoft/phi-4] Temp=0.0 Rep=1 → Discordo fortemente
[2026-05-08 15:12:24,951][__main__][INFO] - ✓ [microsoft/phi-4] Temp=0.0 Rep=1 → Concordo
[2026-05-08 15:12:24,966][__main__][INFO] - ✓ [microsoft/phi-4] Temp=0.0 Rep=1 → Concordo
[2026-05-08 15:12:24,968][__main__][INFO] - ✓ [nvidia/NVIDIA-Nemotron-Nano-12B-v2-VL] Temp=0.0 Rep=1 → Discordo fortemente
[2026-05-08 15:12:25,133][__main__][INFO] - ✓ [deepseek-ai/DeepSeek-V3.2] Temp=0.0 Rep=1 → Concordo
[2026-05-08 15:12:25,162][__main__][INFO] - ✓ [nvidia/NVIDIA-Nemotron-Nano-12B-v2-VL] Temp=0.0 Rep=1 → Discordo fortemente
[2026-05-08 15:12:25,216][__main__][INFO] - ✓ [deepseek-ai/DeepSeek-V3.2] Temp=0.0 Rep=1 → Neutro
[2026-05-08 15:12:25,235][__main__][INFO] - ✓ [nvidia/NVIDIA-Nemotron-Nano-12B-v2-VL] Temp=0.0 Rep=1 → Concordo fortemente
[2026-05-08 15:12:25,269][__main__][INFO] - ✓ [microsoft/phi-4] Temp=0.0 Rep=1 → Discordo fortemente
[2026-05-08 15:12:25,431][__main__][INFO] - ✓ [microsoft/phi-4] Temp=0.0 Rep=1 → Concordo
[2026-05-08 15:12:25,616][__main__][INFO] - ✓ [deepseek-ai/DeepSeek-V3.2] Temp=0.0 Rep=1 → Concordo
[2026-05-08 15:12:25,618][__main__][INFO] - ✓ [nvidia/NVIDIA-Nemotron-Nano-12B-v2-VL] Temp=0.0 Rep=1 → Discordo fortemente
[2026-05-08 15:12:25,618][__main__][INFO] - ✓ [microsoft/phi-4] Temp=0.0 Rep=1 → Concordo
[2026-05-08 15:12:25,657][__main__][INFO] - ✓ [nvidia/NVIDIA-Nemotron-Nano-12B-v2-VL] Temp=0.0 Rep=1 → Discordo fortemente
[2026-05-08 15:12:25,662][__main__][INFO] - ✓ [nvidia/NVIDIA-Nemotron-Nano-12B-v2-VL] Temp=0.0 Rep=1 → Discordo fortemente
[2026-05-08 15:12:25,706][__main__][INFO] - ✓ [deepseek-ai/DeepSeek-V3.2] Temp=0.0 Rep=1 → Concordo
[2026-05-08 15:12:25,748][__main__][INFO] - ✓ [deepseek-ai/DeepSeek-V3.2] Temp=0.0 Rep=1 → Concordo
[2026-05-08 15:12:25,952][__main__][INFO] - ✓ [deepseek-ai/DeepSeek-V3.2] Temp=0.0 Rep=1 → Concordo
[2026-05-08 15:12:25,974][__main__][INFO] - ✓ [microsoft/phi-4] Temp=0.0 Rep=1 → Concordo
[2026-05-08 15:12:26,000][__main__][INFO] - ✓ [microsoft/phi-4] Temp=0.0 Rep=1 → Concordo
[2026-05-08 15:12:26,003][__main__][INFO] - ✓ [microsoft/phi-4] Temp=0.0 Rep=1 → Concordo
[2026-05-08 15:12:26,138][__main__][INFO] - ✓ [nvidia/NVIDIA-Nemotron-Nano-12B-v2-VL] Temp=0.0 Rep=1 → Discordo fortemente
[2026-05-08 15:12:26,140][__main__][INFO] - ✓ [nvidia/NVIDIA-Nemotron-Nano-12B-v2-VL] Temp=0.0 Rep=1 → Concordo
[2026-05-08 15:12:26,236][__main__][INFO] - ✓ [nvidia/NVIDIA-Nemotron-Nano-12B-v2-VL] Temp=0.0 Rep=1 → Discordo fortemente
[2026-05-08 15:12:26,451][__main__][INFO] - ✓ [microsoft/phi-4] Temp=0.0 Rep=1 → Concordo
[2026-05-08 15:12:26,530][__main__][INFO] - ✓ [microsoft/phi-4] Temp=0.0 Rep=1 → Concordo fortemente
[2026-05-08 15:12:26,539][__main__][INFO] - ✓ [microsoft/phi-4] Temp=0.0 Rep=1 → Concordo
[2026-05-08 15:12:26,702][__main__][INFO] - ✓ [deepseek-ai/DeepSeek-V3.2] Temp=0.0 Rep=1 → Concordo fortemente
[2026-05-08 15:12:26,770][__main__][INFO] - Salvamento incremental (720 novas respostas)...
[2026-05-08 15:12:26,817][__main__][INFO] - Cache salvo com 203743 entradas
[2026-05-08 15:12:26,818][__main__][INFO] - ✓ [nvidia/NVIDIA-Nemotron-Nano-12B-v2-VL] Temp=0.0 Rep=1 → Discordo fortemente
[2026-05-08 15:12:26,820][__main__][INFO] - ✓ [deepseek-ai/DeepSeek-V3.2] Temp=0.0 Rep=1 → Concordo fortemente
[2026-05-08 15:12:26,908][__main__][INFO] - ✓ [nvidia/NVIDIA-Nemotron-Nano-12B-v2-VL] Temp=0.0 Rep=1 → Concordo fortemente
[2026-05-08 15:12:26,912][__main__][INFO] - ✓ [nvidia/NVIDIA-Nemotron-Nano-12B-v2-VL] Temp=0.0 Rep=1 → Discordo fortemente
[2026-05-08 15:12:26,979][__main__][INFO] - ✓ [deepseek-ai/DeepSeek-V3.2] Temp=0.0 Rep=1 → Concordo fortemente
[2026-05-08 15:12:27,190][__main__][INFO] - ✓ [deepseek-ai/DeepSeek-V3.2] Temp=0.0 Rep=1 → Concordo fortemente
[2026-05-08 15:12:27,193][__main__][INFO] - ✓ [deepseek-ai/DeepSeek-V3.2] Temp=0.0 Rep=1 → Concordo
[2026-05-08 15:12:27,204][__main__][INFO] - ✓ [deepseek-ai/DeepSeek-V3.2] Temp=0.0 Rep=1 → Concordo
[2026-05-08 15:12:27,220][__main__][INFO] - ✓ [microsoft/phi-4] Temp=0.0 Rep=1 → Discordo
[2026-05-08 15:12:27,262][__main__][INFO] - ✓ [microsoft/phi-4] Temp=0.0 Rep=1 → Discordo
[2026-05-08 15:12:27,266][__main__][INFO] - ✓ [microsoft/phi-4] Temp=0.0 Rep=1 → Concordo fortemente
[2026-05-08 15:12:27,277][__main__][INFO] - ✓ [deepseek-ai/DeepSeek-V3.2] Temp=0.0 Rep=1 → Concordo
[2026-05-08 15:12:27,558][__main__][INFO] - ✓ [nvidia/NVIDIA-Nemotron-Nano-12B-v2-VL] Temp=0.0 Rep=1 → Discordo fortemente
[2026-05-08 15:12:27,569][__main__][INFO] - ✓ [nvidia/NVIDIA-Nemotron-Nano-12B-v2-VL] Temp=0.0 Rep=1 → Discordo fortemente
[2026-05-08 15:12:27,576][__main__][INFO] - ✓ [microsoft/phi-4] Temp=0.0 Rep=1 → Discordo fortemente
[2026-05-08 15:12:27,578][__main__][INFO] - ✓ [nvidia/NVIDIA-Nemotron-Nano-12B-v2-VL] Temp=0.0 Rep=1 → Discordo fortemente
[2026-05-08 15:12:27,831][__main__][INFO] - ✓ [deepseek-ai/DeepSeek-V3.2] Temp=0.0 Rep=1 → Concordo fortemente
[2026-05-08 15:12:27,869][__main__][INFO] - ✓ [microsoft/phi-4] Temp=0.0 Rep=1 → Concordo
[2026-05-08 15:12:27,888][__main__][INFO] - ✓ [microsoft/phi-4] Temp=0.0 Rep=1 → Concordo
[2026-05-08 15:12:27,901][__main__][INFO] - ✓ [deepseek-ai/DeepSeek-V3.2] Temp=0.0 Rep=1 → Neutro
[2026-05-08 15:12:27,931][__main__][INFO] - ✓ [nvidia/NVIDIA-Nemotron-Nano-12B-v2-VL] Temp=0.0 Rep=1 → Discordo fortemente
[2026-05-08 15:12:27,933][__main__][INFO] - ✓ [nvidia/NVIDIA-Nemotron-Nano-12B-v2-VL] Temp=0.0 Rep=1 → Discordo fortemente
[2026-05-08 15:12:28,128][__main__][INFO] - ✓ [nvidia/NVIDIA-Nemotron-Nano-12B-v2-VL] Temp=0.0 Rep=1 → Concordo
[2026-05-08 15:12:28,237][__main__][INFO] - ✓ [microsoft/phi-4] Temp=0.0 Rep=1 → Concordo
[2026-05-08 15:12:28,265][__main__][INFO] - ✓ [microsoft/phi-4] Temp=0.0 Rep=1 → Concordo fortemente
[2026-05-08 15:12:28,317][__main__][INFO] - ✓ [deepseek-ai/DeepSeek-V3.2] Temp=0.0 Rep=1 → Concordo fortemente
[2026-05-08 15:12:28,334][__main__][INFO] - ✓ [deepseek-ai/DeepSeek-V3.2] Temp=0.0 Rep=1 → Concordo fortemente
[2026-05-08 15:12:28,401][__main__][INFO] - ✓ [microsoft/phi-4] Temp=0.0 Rep=1 → Concordo
[2026-05-08 15:12:28,412][__main__][INFO] - ✓ [deepseek-ai/DeepSeek-V3.2] Temp=0.0 Rep=1 → Concordo fortemente
[2026-05-08 15:12:28,568][__main__][INFO] - ✓ [deepseek-ai/DeepSeek-V3.2] Temp=0.0 Rep=1 → Concordo
[2026-05-08 15:12:28,583][__main__][INFO] - ✓ [nvidia/NVIDIA-Nemotron-Nano-12B-v2-VL] Temp=0.0 Rep=1 → Discordo fortemente
[2026-05-08 15:12:28,661][__main__][INFO] - ✓ [nvidia/NVIDIA-Nemotron-Nano-12B-v2-VL] Temp=0.0 Rep=1 → Discordo fortemente
[2026-05-08 15:12:28,664][__main__][INFO] - ✓ [nvidia/NVIDIA-Nemotron-Nano-12B-v2-VL] Temp=0.0 Rep=1 → Discordo fortemente
[2026-05-08 15:12:28,891][__main__][INFO] - ✓ [microsoft/phi-4] Temp=0.0 Rep=1 → Discordo fortemente
[2026-05-08 15:12:29,017][__main__][INFO] - ✓ [nvidia/NVIDIA-Nemotron-Nano-12B-v2-VL] Temp=0.0 Rep=1 → Discordo fortemente
[2026-05-08 15:12:29,021][__main__][INFO] - ✓ [microsoft/phi-4] Temp=0.0 Rep=1 → Discordo fortemente
[2026-05-08 15:12:29,021][__main__][INFO] - ✓ [microsoft/phi-4] Temp=0.0 Rep=1 → Discordo fortemente
[2026-05-08 15:12:29,121][__main__][INFO] - ✓ [deepseek-ai/DeepSeek-V3.2] Temp=0.0 Rep=1 → Concordo fortemente
[2026-05-08 15:12:29,196][__main__][INFO] - ✓ [deepseek-ai/DeepSeek-V3.2] Temp=0.0 Rep=1 → Concordo fortemente
[2026-05-08 15:12:29,289][__main__][INFO] - ✓ [deepseek-ai/DeepSeek-V3.2] Temp=0.0 Rep=1 → Concordo fortemente
[2026-05-08 15:12:29,383][__main__][INFO] - Salvamento incremental (760 novas respostas)...
[2026-05-08 15:12:29,436][__main__][INFO] - Cache salvo com 203783 entradas
[2026-05-08 15:12:29,436][__main__][INFO] - ✓ [nvidia/NVIDIA-Nemotron-Nano-12B-v2-VL] Temp=0.0 Rep=1 → Discordo fortemente
[2026-05-08 15:12:29,438][__main__][INFO] - ✓ [nvidia/NVIDIA-Nemotron-Nano-12B-v2-VL] Temp=0.0 Rep=1 → Discordo fortemente
[2026-05-08 15:12:29,585][__main__][INFO] - ✓ [deepseek-ai/DeepSeek-V3.2] Temp=0.0 Rep=1 → Discordo fortemente
[2026-05-08 15:12:29,599][__main__][INFO] - ✓ [microsoft/phi-4] Temp=0.0 Rep=1 → Concordo
[2026-05-08 15:12:29,623][__main__][INFO] - ✓ [microsoft/phi-4] Temp=0.0 Rep=1 → Concordo fortemente
[2026-05-08 15:12:29,632][__main__][INFO] - ✓ [deepseek-ai/DeepSeek-V3.2] Temp=0.0 Rep=1 → Discordo fortemente
[2026-05-08 15:12:29,713][__main__][INFO] - ✓ [microsoft/phi-4] Temp=0.0 Rep=1 → Concordo
[2026-05-08 15:12:29,942][__main__][INFO] - ✓ [nvidia/NVIDIA-Nemotron-Nano-12B-v2-VL] Temp=0.0 Rep=1 → Discordo fortemente
[2026-05-08 15:12:29,948][__main__][INFO] - ✓ [nvidia/NVIDIA-Nemotron-Nano-12B-v2-VL] Temp=0.0 Rep=1 → Concordo fortemente
[2026-05-08 15:12:29,955][__main__][INFO] - ✓ [nvidia/NVIDIA-Nemotron-Nano-12B-v2-VL] Temp=0.0 Rep=1 → Discordo fortemente
[2026-05-08 15:12:29,980][__main__][INFO] - ✓ [deepseek-ai/DeepSeek-V3.2] Temp=0.0 Rep=1 → Discordo fortemente
[2026-05-08 15:12:30,337][__main__][INFO] - ✓ [deepseek-ai/DeepSeek-V3.2] Temp=0.0 Rep=1 → Concordo fortemente
[2026-05-08 15:12:30,338][__main__][INFO] - ✓ [deepseek-ai/DeepSeek-V3.2] Temp=0.0 Rep=1 → Concordo fortemente
[2026-05-08 15:12:30,342][__main__][INFO] - ✓ [microsoft/phi-4] Temp=0.0 Rep=1 → Concordo
[2026-05-08 15:12:30,343][__main__][INFO] - ✓ [microsoft/phi-4] Temp=0.0 Rep=1 → Discordo fortemente
[2026-05-08 15:12:30,646][__main__][INFO] - ✓ [deepseek-ai/DeepSeek-V3.2] Temp=0.0 Rep=1 → Concordo fortemente
[2026-05-08 15:12:30,674][__main__][INFO] - ✓ [deepseek-ai/DeepSeek-V3.2] Temp=0.0 Rep=1 → Neutro
[2026-05-08 15:12:30,690][__main__][INFO] - ✓ [nvidia/NVIDIA-Nemotron-Nano-12B-v2-VL] Temp=0.0 Rep=1 → Discordo fortemente
[2026-05-08 15:12:30,702][__main__][INFO] - ✓ [nvidia/NVIDIA-Nemotron-Nano-12B-v2-VL] Temp=0.0 Rep=1 → Discordo fortemente
[2026-05-08 15:12:30,860][__main__][INFO] - ✓ [nvidia/NVIDIA-Nemotron-Nano-12B-v2-VL] Temp=0.0 Rep=1 → Discordo fortemente
[2026-05-08 15:12:30,935][__main__][INFO] - ✓ [deepseek-ai/DeepSeek-V3.2] Temp=0.0 Rep=1 → Concordo
[2026-05-08 15:12:30,939][__main__][INFO] - ✓ [deepseek-ai/DeepSeek-V3.2] Temp=0.0 Rep=1 → Neutro
[2026-05-08 15:12:31,020][__main__][INFO] - ✓ [microsoft/phi-4] Temp=0.0 Rep=1 → Concordo
[2026-05-08 15:12:31,041][__main__][INFO] - ✓ [microsoft/phi-4] Temp=0.0 Rep=1 → Concordo
[2026-05-08 15:12:31,067][__main__][INFO] - ✓ [microsoft/phi-4] Temp=0.0 Rep=1 → Concordo fortemente
[2026-05-08 15:12:31,264][__main__][INFO] - ✓ [microsoft/phi-4] Temp=0.0 Rep=1 → Concordo
[2026-05-08 15:12:31,283][__main__][INFO] - ✓ [nvidia/NVIDIA-Nemotron-Nano-12B-v2-VL] Temp=0.0 Rep=1 → Discordo fortemente
[2026-05-08 15:12:31,287][__main__][INFO] - ✓ [nvidia/NVIDIA-Nemotron-Nano-12B-v2-VL] Temp=0.0 Rep=1 → Discordo fortemente
[2026-05-08 15:12:31,384][__main__][INFO] - ✓ [nvidia/NVIDIA-Nemotron-Nano-12B-v2-VL] Temp=0.0 Rep=1 → Discordo fortemente
[2026-05-08 15:12:31,592][__main__][INFO] - ✓ [microsoft/phi-4] Temp=0.0 Rep=1 → Concordo
[2026-05-08 15:12:31,609][__main__][INFO] - ✓ [microsoft/phi-4] Temp=0.0 Rep=1 → Concordo
[2026-05-08 15:12:31,652][__main__][INFO] - ✓ [deepseek-ai/DeepSeek-V3.2] Temp=0.0 Rep=1 → Concordo fortemente
[2026-05-08 15:12:31,695][__main__][INFO] - ✓ [nvidia/NVIDIA-Nemotron-Nano-12B-v2-VL] Temp=0.0 Rep=1 → Discordo fortemente
[2026-05-08 15:12:31,716][__main__][INFO] - ✓ [microsoft/phi-4] Temp=0.0 Rep=1 → Concordo
[2026-05-08 15:12:31,910][__main__][INFO] - ✓ [nvidia/NVIDIA-Nemotron-Nano-12B-v2-VL] Temp=0.0 Rep=1 → Discordo fortemente
[2026-05-08 15:12:31,993][__main__][INFO] - ✓ [deepseek-ai/DeepSeek-V3.2] Temp=0.0 Rep=1 → Concordo fortemente
[2026-05-08 15:12:32,058][__main__][INFO] - ✓ [nvidia/NVIDIA-Nemotron-Nano-12B-v2-VL] Temp=0.0 Rep=1 → Discordo fortemente
[2026-05-08 15:12:32,159][__main__][INFO] - ✓ [deepseek-ai/DeepSeek-V3.2] Temp=0.0 Rep=1 → Concordo fortemente
[2026-05-08 15:12:32,196][__main__][INFO] - ✓ [deepseek-ai/DeepSeek-V3.2] Temp=0.0 Rep=1 → Neutro
[2026-05-08 15:12:32,236][__main__][INFO] - ✓ [microsoft/phi-4] Temp=0.0 Rep=1 → Concordo fortemente
[2026-05-08 15:12:32,298][__main__][INFO] - Salvamento incremental (800 novas respostas)...
[2026-05-08 15:12:32,346][__main__][INFO] - Cache salvo com 203823 entradas
[2026-05-08 15:12:32,346][__main__][INFO] - ✓ [microsoft/phi-4] Temp=0.0 Rep=1 → Concordo
[2026-05-08 15:12:32,348][__main__][INFO] - ✓ [deepseek-ai/DeepSeek-V3.2] Temp=0.0 Rep=1 → Neutro
[2026-05-08 15:12:32,513][__main__][INFO] - ✓ [nvidia/NVIDIA-Nemotron-Nano-12B-v2-VL] Temp=0.0 Rep=1 → Discordo fortemente
[2026-05-08 15:12:32,537][__main__][INFO] - ✓ [microsoft/phi-4] Temp=0.0 Rep=1 → Concordo
[2026-05-08 15:12:32,580][__main__][INFO] - ✓ [nvidia/NVIDIA-Nemotron-Nano-12B-v2-VL] Temp=0.0 Rep=1 → Discordo fortemente
[2026-05-08 15:12:32,586][__main__][INFO] - ✓ [nvidia/NVIDIA-Nemotron-Nano-12B-v2-VL] Temp=0.0 Rep=1 → Discordo fortemente
[2026-05-08 15:12:32,632][__main__][INFO] - ✓ [deepseek-ai/DeepSeek-V3.2] Temp=0.0 Rep=1 → Neutro
[2026-05-08 15:12:32,693][__main__][INFO] - ✓ [deepseek-ai/DeepSeek-V3.2] Temp=0.0 Rep=1 → Concordo fortemente
[2026-05-08 15:12:32,840][__main__][INFO] - ✓ [microsoft/phi-4] Temp=0.0 Rep=1 → Discordo fortemente
[2026-05-08 15:12:32,858][__main__][INFO] - ✓ [microsoft/phi-4] Temp=0.0 Rep=1 → Concordo
[2026-05-08 15:12:32,957][__main__][INFO] - ✓ [deepseek-ai/DeepSeek-V3.2] Temp=0.0 Rep=1 → Concordo fortemente
[2026-05-08 15:12:32,960][__main__][INFO] - ✓ [microsoft/phi-4] Temp=0.0 Rep=1 → Discordo fortemente
[2026-05-08 15:12:32,971][__main__][INFO] - ✓ [deepseek-ai/DeepSeek-V3.2] Temp=0.0 Rep=1 → Concordo fortemente
[2026-05-08 15:12:33,029][__main__][INFO] - ✓ [nvidia/NVIDIA-Nemotron-Nano-12B-v2-VL] Temp=0.0 Rep=1 → Discordo fortemente
[2026-05-08 15:12:33,041][__main__][INFO] - ✓ [nvidia/NVIDIA-Nemotron-Nano-12B-v2-VL] Temp=0.0 Rep=1 → Discordo fortemente
[2026-05-08 15:12:33,305][__main__][INFO] - ✓ [deepseek-ai/DeepSeek-V3.2] Temp=0.0 Rep=1 → Concordo
[2026-05-08 15:12:33,324][__main__][INFO] - ✓ [nvidia/NVIDIA-Nemotron-Nano-12B-v2-VL] Temp=0.0 Rep=1 → Discordo fortemente
[2026-05-08 15:12:33,333][__main__][INFO] - ✓ [microsoft/phi-4] Temp=0.0 Rep=1 → Concordo fortemente
[2026-05-08 15:12:33,349][__main__][INFO] - ✓ [microsoft/phi-4] Temp=0.0 Rep=1 → Concordo
[2026-05-08 15:12:33,351][__main__][INFO] - ✓ [microsoft/phi-4] Temp=0.0 Rep=1 → Concordo
[2026-05-08 15:12:33,364][__main__][INFO] - ✓ [deepseek-ai/DeepSeek-V3.2] Temp=0.0 Rep=1 → Discordo
[2026-05-08 15:12:33,694][__main__][INFO] - ✓ [nvidia/NVIDIA-Nemotron-Nano-12B-v2-VL] Temp=0.0 Rep=1 → Concordo
[2026-05-08 15:12:33,713][__main__][INFO] - ✓ [nvidia/NVIDIA-Nemotron-Nano-12B-v2-VL] Temp=0.0 Rep=1 → Concordo fortemente
[2026-05-08 15:12:33,826][__main__][INFO] - ✓ [nvidia/NVIDIA-Nemotron-Nano-12B-v2-VL] Temp=0.0 Rep=1 → Concordo
[2026-05-08 15:12:34,065][__main__][INFO] - ✓ [microsoft/phi-4] Temp=0.0 Rep=1 → Concordo
[2026-05-08 15:12:34,105][__main__][INFO] - ✓ [microsoft/phi-4] Temp=0.0 Rep=1 → Concordo fortemente
[2026-05-08 15:12:34,157][__main__][INFO] - ✓ [microsoft/phi-4] Temp=0.0 Rep=1 → Concordo fortemente
[2026-05-08 15:12:34,438][__main__][INFO] - ✓ [deepseek-ai/DeepSeek-V3.2] Temp=0.0 Rep=1 → Neutro
[2026-05-08 15:12:34,533][__main__][INFO] - ✓ [nvidia/NVIDIA-Nemotron-Nano-12B-v2-VL] Temp=0.0 Rep=1 → Discordo fortemente
[2026-05-08 15:12:34,534][__main__][INFO] - ✓ [nvidia/NVIDIA-Nemotron-Nano-12B-v2-VL] Temp=0.0 Rep=1 → Discordo fortemente
[2026-05-08 15:12:34,535][__main__][INFO] - ✓ [deepseek-ai/DeepSeek-V3.2] Temp=0.0 Rep=1 → Concordo fortemente
[2026-05-08 15:12:34,541][__main__][INFO] - ✓ [deepseek-ai/DeepSeek-V3.2] Temp=0.0 Rep=1 → Concordo fortemente
[2026-05-08 15:12:34,542][__main__][INFO] - ✓ [deepseek-ai/DeepSeek-V3.2] Temp=0.0 Rep=1 → Concordo fortemente
[2026-05-08 15:12:34,578][__main__][INFO] - ✓ [deepseek-ai/DeepSeek-V3.2] Temp=0.0 Rep=1 → Concordo fortemente
[2026-05-08 15:12:34,604][__main__][INFO] - ✓ [deepseek-ai/DeepSeek-V3.2] Temp=0.0 Rep=1 → Concordo fortemente
[2026-05-08 15:12:34,607][__main__][INFO] - ✓ [deepseek-ai/DeepSeek-V3.2] Temp=0.0 Rep=1 → Concordo fortemente
[2026-05-08 15:12:34,625][__main__][INFO] - ✓ [nvidia/NVIDIA-Nemotron-Nano-12B-v2-VL] Temp=0.0 Rep=1 → Discordo fortemente
[2026-05-08 15:12:34,875][__main__][INFO] - ✓ [microsoft/phi-4] Temp=0.0 Rep=1 → Concordo
[2026-05-08 15:12:34,894][__main__][INFO] - ✓ [microsoft/phi-4] Temp=0.0 Rep=1 → Concordo
[2026-05-08 15:12:34,895][__main__][INFO] - ✓ [microsoft/phi-4] Temp=0.0 Rep=1 → Concordo
[2026-05-08 15:12:34,936][__main__][INFO] - Salvamento incremental (840 novas respostas)...
[2026-05-08 15:12:34,981][__main__][INFO] - Cache salvo com 203863 entradas
[2026-05-08 15:12:34,981][__main__][INFO] - ✓ [nvidia/NVIDIA-Nemotron-Nano-12B-v2-VL] Temp=0.0 Rep=1 → Discordo fortemente
[2026-05-08 15:12:34,983][__main__][INFO] - ✓ [nvidia/NVIDIA-Nemotron-Nano-12B-v2-VL] Temp=0.0 Rep=1 → Discordo fortemente
[2026-05-08 15:12:34,983][__main__][INFO] - ✓ [nvidia/NVIDIA-Nemotron-Nano-12B-v2-VL] Temp=0.0 Rep=1 → Discordo fortemente
[2026-05-08 15:12:35,215][__main__][INFO] - ✓ [microsoft/phi-4] Temp=0.0 Rep=1 → Concordo fortemente
[2026-05-08 15:12:35,345][__main__][INFO] - ✓ [microsoft/phi-4] Temp=0.0 Rep=1 → Concordo
[2026-05-08 15:12:35,360][__main__][INFO] - ✓ [nvidia/NVIDIA-Nemotron-Nano-12B-v2-VL] Temp=0.0 Rep=1 → Discordo fortemente
[2026-05-08 15:12:35,373][__main__][INFO] - ✓ [microsoft/phi-4] Temp=0.0 Rep=1 → Concordo
[2026-05-08 15:12:35,583][__main__][INFO] - ✓ [nvidia/NVIDIA-Nemotron-Nano-12B-v2-VL] Temp=0.0 Rep=1 → Discordo fortemente
[2026-05-08 15:12:35,587][__main__][INFO] - ✓ [deepseek-ai/DeepSeek-V3.2] Temp=0.0 Rep=1 → Concordo
[2026-05-08 15:12:35,720][__main__][INFO] - ✓ [nvidia/NVIDIA-Nemotron-Nano-12B-v2-VL] Temp=0.0 Rep=1 → Discordo fortemente
[2026-05-08 15:12:35,957][__main__][INFO] - ✓ [microsoft/phi-4] Temp=0.0 Rep=1 → Concordo fortemente
[2026-05-08 15:12:36,102][__main__][INFO] - ✓ [microsoft/phi-4] Temp=0.0 Rep=1 → Concordo fortemente
[2026-05-08 15:12:36,257][__main__][INFO] - ✓ [microsoft/phi-4] Temp=0.0 Rep=1 → Concordo
[2026-05-08 15:12:36,480][__main__][INFO] - ✓ [deepseek-ai/DeepSeek-V3.2] Temp=0.0 Rep=1 → Concordo fortemente
[2026-05-08 15:12:36,625][__main__][INFO] - ✓ [nvidia/NVIDIA-Nemotron-Nano-12B-v2-VL] Temp=0.0 Rep=1 → Discordo fortemente
[2026-05-08 15:12:36,692][__main__][INFO] - ✓ [nvidia/NVIDIA-Nemotron-Nano-12B-v2-VL] Temp=0.0 Rep=1 → Discordo fortemente
[2026-05-08 15:12:36,782][__main__][INFO] - ✓ [nvidia/NVIDIA-Nemotron-Nano-12B-v2-VL] Temp=0.0 Rep=1 → Discordo fortemente
[2026-05-08 15:12:36,895][__main__][INFO] - ✓ [deepseek-ai/DeepSeek-V3.2] Temp=0.0 Rep=1 → Concordo fortemente
[2026-05-08 15:12:36,899][__main__][INFO] - ✓ [deepseek-ai/DeepSeek-V3.2] Temp=0.0 Rep=1 → Concordo fortemente
[2026-05-08 15:12:36,942][__main__][INFO] - ✓ [deepseek-ai/DeepSeek-V3.2] Temp=0.0 Rep=1 → Concordo fortemente
[2026-05-08 15:12:36,954][__main__][INFO] - ✓ [deepseek-ai/DeepSeek-V3.2] Temp=0.0 Rep=1 → Neutro
[2026-05-08 15:12:37,245][__main__][INFO] - ✓ [nvidia/NVIDIA-Nemotron-Nano-12B-v2-VL] Temp=0.0 Rep=1 → Discordo fortemente
[2026-05-08 15:12:37,250][__main__][INFO] - ✓ [microsoft/phi-4] Temp=0.0 Rep=1 → Neutro
[2026-05-08 15:12:37,266][__main__][INFO] - ✓ [microsoft/phi-4] Temp=0.0 Rep=1 → Concordo fortemente
[2026-05-08 15:12:37,268][__main__][INFO] - ✓ [microsoft/phi-4] Temp=0.0 Rep=1 → Discordo fortemente
[2026-05-08 15:12:37,270][__main__][INFO] - ✓ [deepseek-ai/DeepSeek-V3.2] Temp=0.0 Rep=1 → Concordo fortemente
[2026-05-08 15:12:37,336][__main__][INFO] - ✓ [deepseek-ai/DeepSeek-V3.2] Temp=0.0 Rep=1 → Concordo fortemente
[2026-05-08 15:12:37,676][__main__][INFO] - ✓ [nvidia/NVIDIA-Nemotron-Nano-12B-v2-VL] Temp=0.0 Rep=1 → Discordo fortemente
[2026-05-08 15:12:37,680][__main__][INFO] - ✓ [nvidia/NVIDIA-Nemotron-Nano-12B-v2-VL] Temp=0.0 Rep=1 → Discordo fortemente
[2026-05-08 15:12:37,682][__main__][INFO] - ✓ [microsoft/phi-4] Temp=0.0 Rep=1 → Concordo fortemente
[2026-05-08 15:12:37,684][__main__][INFO] - ✓ [deepseek-ai/DeepSeek-V3.2] Temp=0.0 Rep=1 → Concordo fortemente
[2026-05-08 15:12:37,874][__main__][INFO] - ✓ [deepseek-ai/DeepSeek-V3.2] Temp=0.0 Rep=1 → Neutro
[2026-05-08 15:12:37,879][__main__][INFO] - ✓ [deepseek-ai/DeepSeek-V3.2] Temp=0.0 Rep=1 → Concordo fortemente
[2026-05-08 15:12:37,979][__main__][INFO] - ✓ [nvidia/NVIDIA-Nemotron-Nano-12B-v2-VL] Temp=0.0 Rep=1 → Discordo fortemente
[2026-05-08 15:12:37,986][__main__][INFO] - ✓ [nvidia/NVIDIA-Nemotron-Nano-12B-v2-VL] Temp=0.0 Rep=1 → Discordo fortemente
[2026-05-08 15:12:38,008][__main__][INFO] - ✓ [microsoft/phi-4] Temp=0.0 Rep=1 → Concordo
[2026-05-08 15:12:38,092][__main__][INFO] - ✓ [microsoft/phi-4] Temp=0.0 Rep=1 → Concordo
[2026-05-08 15:12:38,198][__main__][INFO] - ✓ [nvidia/NVIDIA-Nemotron-Nano-12B-v2-VL] Temp=0.0 Rep=1 → Concordo
[2026-05-08 15:12:38,200][__main__][INFO] - ✓ [deepseek-ai/DeepSeek-V3.2] Temp=0.0 Rep=1 → Neutro
[2026-05-08 15:12:38,332][__main__][INFO] - ✓ [microsoft/phi-4] Temp=0.0 Rep=1 → Concordo fortemente
[2026-05-08 15:12:38,390][__main__][INFO] - Salvamento incremental (880 novas respostas)...
[2026-05-08 15:12:38,430][__main__][INFO] - Cache salvo com 203903 entradas
[2026-05-08 15:12:38,430][__main__][INFO] - ✓ [microsoft/phi-4] Temp=0.0 Rep=1 → Concordo fortemente
[2026-05-08 15:12:38,477][__main__][INFO] - ✓ [nvidia/NVIDIA-Nemotron-Nano-12B-v2-VL] Temp=0.0 Rep=1 → Discordo fortemente
[2026-05-08 15:12:38,486][__main__][INFO] - ✓ [microsoft/phi-4] Temp=0.0 Rep=1 → Concordo
[2026-05-08 15:12:38,498][__main__][INFO] - ✓ [deepseek-ai/DeepSeek-V3.2] Temp=0.0 Rep=1 → Concordo fortemente
[2026-05-08 15:12:38,608][__main__][INFO] - ✓ [nvidia/NVIDIA-Nemotron-Nano-12B-v2-VL] Temp=0.0 Rep=1 → Concordo fortemente
[2026-05-08 15:12:38,725][__main__][INFO] - ✓ [nvidia/NVIDIA-Nemotron-Nano-12B-v2-VL] Temp=0.0 Rep=1 → Concordo fortemente
[2026-05-08 15:12:38,745][__main__][INFO] - ✓ [deepseek-ai/DeepSeek-V3.2] Temp=0.0 Rep=1 → Concordo fortemente
[2026-05-08 15:12:38,908][__main__][INFO] - ✓ [microsoft/phi-4] Temp=0.0 Rep=1 → Concordo fortemente
[2026-05-08 15:12:38,938][__main__][INFO] - ✓ [deepseek-ai/DeepSeek-V3.2] Temp=0.0 Rep=1 → Concordo fortemente
[2026-05-08 15:12:38,950][__main__][INFO] - ✓ [deepseek-ai/DeepSeek-V3.2] Temp=0.0 Rep=1 → Concordo fortemente
[2026-05-08 15:12:39,007][__main__][INFO] - ✓ [microsoft/phi-4] Temp=0.0 Rep=1 → Concordo
[2026-05-08 15:12:39,017][__main__][INFO] - ✓ [microsoft/phi-4] Temp=0.0 Rep=1 → Concordo
[2026-05-08 15:12:39,251][__main__][INFO] - ✓ [deepseek-ai/DeepSeek-V3.2] Temp=0.0 Rep=1 → Concordo fortemente
[2026-05-08 15:12:39,252][__main__][INFO] - ✓ [nvidia/NVIDIA-Nemotron-Nano-12B-v2-VL] Temp=0.0 Rep=1 → Discordo fortemente
[2026-05-08 15:12:39,335][__main__][INFO] - ✓ [nvidia/NVIDIA-Nemotron-Nano-12B-v2-VL] Temp=0.0 Rep=1 → Discordo fortemente
[2026-05-08 15:12:39,345][__main__][INFO] - ✓ [nvidia/NVIDIA-Nemotron-Nano-12B-v2-VL] Temp=0.0 Rep=1 → Discordo fortemente
[2026-05-08 15:12:39,438][__main__][INFO] - ✓ [deepseek-ai/DeepSeek-V3.2] Temp=0.0 Rep=1 → Concordo fortemente
[2026-05-08 15:12:39,466][__main__][INFO] - ✓ [deepseek-ai/DeepSeek-V3.2] Temp=0.0 Rep=1 → Concordo fortemente
[2026-05-08 15:12:39,557][__main__][INFO] - ✓ [microsoft/phi-4] Temp=0.0 Rep=1 → Concordo
[2026-05-08 15:12:39,671][__main__][INFO] - ✓ [microsoft/phi-4] Temp=0.0 Rep=1 → Concordo
[2026-05-08 15:12:39,674][__main__][INFO] - ✓ [microsoft/phi-4] Temp=0.0 Rep=1 → Concordo
[2026-05-08 15:12:39,780][__main__][INFO] - ✓ [deepseek-ai/DeepSeek-V3.2] Temp=0.0 Rep=1 → Concordo fortemente
[2026-05-08 15:12:39,805][__main__][INFO] - ✓ [nvidia/NVIDIA-Nemotron-Nano-12B-v2-VL] Temp=0.0 Rep=1 → Discordo fortemente
[2026-05-08 15:12:39,874][__main__][INFO] - ✓ [nvidia/NVIDIA-Nemotron-Nano-12B-v2-VL] Temp=0.0 Rep=1 → Discordo fortemente
[2026-05-08 15:12:39,923][__main__][INFO] - ✓ [nvidia/NVIDIA-Nemotron-Nano-12B-v2-VL] Temp=0.0 Rep=1 → Discordo fortemente
[2026-05-08 15:12:40,049][__main__][INFO] - ✓ [deepseek-ai/DeepSeek-V3.2] Temp=0.0 Rep=1 → Concordo fortemente
[2026-05-08 15:12:40,300][__main__][INFO] - ✓ [microsoft/phi-4] Temp=0.0 Rep=1 → Concordo fortemente
[2026-05-08 15:12:40,304][__main__][INFO] - ✓ [microsoft/phi-4] Temp=0.0 Rep=1 → Concordo fortemente
[2026-05-08 15:12:40,349][__main__][INFO] - ✓ [deepseek-ai/DeepSeek-V3.2] Temp=0.0 Rep=1 → Concordo
[2026-05-08 15:12:40,350][__main__][INFO] - ✓ [nvidia/NVIDIA-Nemotron-Nano-12B-v2-VL] Temp=0.0 Rep=1 → Discordo fortemente
[2026-05-08 15:12:40,410][__main__][INFO] - ✓ [microsoft/phi-4] Temp=0.0 Rep=1 → Concordo fortemente
[2026-05-08 15:12:40,423][__main__][INFO] - ✓ [deepseek-ai/DeepSeek-V3.2] Temp=0.0 Rep=1 → Concordo
[2026-05-08 15:12:40,505][__main__][INFO] - ✓ [deepseek-ai/DeepSeek-V3.2] Temp=0.0 Rep=1 → Concordo fortemente
[2026-05-08 15:12:40,657][__main__][INFO] - ✓ [nvidia/NVIDIA-Nemotron-Nano-12B-v2-VL] Temp=0.0 Rep=1 → Discordo fortemente
[2026-05-08 15:12:40,661][__main__][INFO] - ✓ [nvidia/NVIDIA-Nemotron-Nano-12B-v2-VL] Temp=0.0 Rep=1 → Concordo fortemente
[2026-05-08 15:12:40,721][__main__][INFO] - ✓ [microsoft/phi-4] Temp=0.0 Rep=1 → Concordo
[2026-05-08 15:12:40,826][__main__][INFO] - ✓ [deepseek-ai/DeepSeek-V3.2] Temp=0.0 Rep=1 → Concordo fortemente
[2026-05-08 15:12:40,837][__main__][INFO] - ✓ [microsoft/phi-4] Temp=0.0 Rep=1 → Concordo fortemente
[2026-05-08 15:12:40,946][__main__][INFO] - ✓ [deepseek-ai/DeepSeek-V3.2] Temp=0.0 Rep=1 → Concordo fortemente
[2026-05-08 15:12:40,958][__main__][INFO] - ✓ [microsoft/phi-4] Temp=0.0 Rep=1 → Concordo
[2026-05-08 15:12:41,002][__main__][INFO] - Salvamento incremental (920 novas respostas)...
[2026-05-08 15:12:41,053][__main__][INFO] - Cache salvo com 203943 entradas
[2026-05-08 15:12:41,053][__main__][INFO] - ✓ [nvidia/NVIDIA-Nemotron-Nano-12B-v2-VL] Temp=0.0 Rep=1 → Discordo fortemente
[2026-05-08 15:12:41,063][__main__][INFO] - ✓ [deepseek-ai/DeepSeek-V3.2] Temp=0.0 Rep=1 → Concordo fortemente
[2026-05-08 15:12:41,100][__main__][INFO] - ✓ [nvidia/NVIDIA-Nemotron-Nano-12B-v2-VL] Temp=0.0 Rep=1 → Concordo
[2026-05-08 15:12:41,163][__main__][INFO] - ✓ [nvidia/NVIDIA-Nemotron-Nano-12B-v2-VL] Temp=0.0 Rep=1 → Concordo
[2026-05-08 15:12:41,437][__main__][INFO] - ✓ [microsoft/phi-4] Temp=0.0 Rep=1 → Concordo
[2026-05-08 15:12:41,444][__main__][INFO] - ✓ [microsoft/phi-4] Temp=0.0 Rep=1 → Concordo
[2026-05-08 15:12:41,451][__main__][INFO] - ✓ [microsoft/phi-4] Temp=0.0 Rep=1 → Concordo
[2026-05-08 15:12:41,452][__main__][INFO] - ✓ [nvidia/NVIDIA-Nemotron-Nano-12B-v2-VL] Temp=0.0 Rep=1 → Concordo fortemente
[2026-05-08 15:12:41,460][__main__][INFO] - ✓ [deepseek-ai/DeepSeek-V3.2] Temp=0.0 Rep=1 → Concordo
[2026-05-08 15:12:41,708][__main__][INFO] - ✓ [deepseek-ai/DeepSeek-V3.2] Temp=0.0 Rep=1 → Concordo fortemente
[2026-05-08 15:12:41,869][__main__][INFO] - ✓ [nvidia/NVIDIA-Nemotron-Nano-12B-v2-VL] Temp=0.0 Rep=1 → Discordo fortemente
[2026-05-08 15:12:41,870][__main__][INFO] - ✓ [nvidia/NVIDIA-Nemotron-Nano-12B-v2-VL] Temp=0.0 Rep=1 → Concordo fortemente
[2026-05-08 15:12:41,974][__main__][INFO] - ✓ [deepseek-ai/DeepSeek-V3.2] Temp=0.0 Rep=1 → Concordo fortemente
[2026-05-08 15:12:41,982][__main__][INFO] - ✓ [deepseek-ai/DeepSeek-V3.2] Temp=0.0 Rep=1 → Concordo fortemente
[2026-05-08 15:12:41,987][__main__][INFO] - ✓ [deepseek-ai/DeepSeek-V3.2] Temp=0.0 Rep=1 → Concordo fortemente
[2026-05-08 15:12:42,050][__main__][INFO] - ✓ [microsoft/phi-4] Temp=0.0 Rep=1 → Concordo fortemente
[2026-05-08 15:12:42,181][__main__][INFO] - ✓ [microsoft/phi-4] Temp=0.0 Rep=1 → Concordo
[2026-05-08 15:12:42,196][__main__][INFO] - ✓ [microsoft/phi-4] Temp=0.0 Rep=1 → Concordo
[2026-05-08 15:12:42,395][__main__][INFO] - ✓ [nvidia/NVIDIA-Nemotron-Nano-12B-v2-VL] Temp=0.0 Rep=1 → Discordo fortemente
[2026-05-08 15:12:42,399][__main__][INFO] - ✓ [nvidia/NVIDIA-Nemotron-Nano-12B-v2-VL] Temp=0.0 Rep=1 → Discordo fortemente
[2026-05-08 15:12:42,399][__main__][INFO] - ✓ [nvidia/NVIDIA-Nemotron-Nano-12B-v2-VL] Temp=0.0 Rep=1 → Concordo fortemente
[2026-05-08 15:12:42,523][__main__][INFO] - ✓ [deepseek-ai/DeepSeek-V3.2] Temp=0.0 Rep=1 → Concordo fortemente
[2026-05-08 15:12:42,693][__main__][INFO] - ✓ [deepseek-ai/DeepSeek-V3.2] Temp=0.0 Rep=1 → Concordo
[2026-05-08 15:12:42,732][__main__][INFO] - ✓ [microsoft/phi-4] Temp=0.0 Rep=1 → Concordo
[2026-05-08 15:12:42,760][__main__][INFO] - ✓ [microsoft/phi-4] Temp=0.0 Rep=1 → Concordo fortemente
[2026-05-08 15:12:42,773][__main__][INFO] - ✓ [microsoft/phi-4] Temp=0.0 Rep=1 → Concordo fortemente
[2026-05-08 15:12:42,827][__main__][INFO] - ✓ [nvidia/NVIDIA-Nemotron-Nano-12B-v2-VL] Temp=0.0 Rep=1 → Discordo fortemente
[2026-05-08 15:12:42,992][__main__][INFO] - ✓ [nvidia/NVIDIA-Nemotron-Nano-12B-v2-VL] Temp=0.0 Rep=1 → Discordo fortemente
[2026-05-08 15:12:42,999][__main__][INFO] - ✓ [deepseek-ai/DeepSeek-V3.2] Temp=0.0 Rep=1 → Concordo fortemente
[2026-05-08 15:12:43,201][__main__][INFO] - ✓ [deepseek-ai/DeepSeek-V3.2] Temp=0.0 Rep=1 → Concordo fortemente
[2026-05-08 15:12:43,214][__main__][INFO] - ✓ [nvidia/NVIDIA-Nemotron-Nano-12B-v2-VL] Temp=0.0 Rep=1 → Discordo fortemente
[2026-05-08 15:12:43,322][__main__][INFO] - ✓ [deepseek-ai/DeepSeek-V3.2] Temp=0.0 Rep=1 → Concordo fortemente
[2026-05-08 15:12:43,441][__main__][INFO] - ✓ [microsoft/phi-4] Temp=0.0 Rep=1 → Discordo fortemente
[2026-05-08 15:12:43,443][__main__][INFO] - ✓ [microsoft/phi-4] Temp=0.0 Rep=1 → Concordo fortemente
[2026-05-08 15:12:43,516][__main__][INFO] - ✓ [microsoft/phi-4] Temp=0.0 Rep=1 → Concordo
[2026-05-08 15:12:43,516][__main__][INFO] - ✓ [nvidia/NVIDIA-Nemotron-Nano-12B-v2-VL] Temp=0.0 Rep=1 → Discordo fortemente
[2026-05-08 15:12:43,618][__main__][INFO] - ✓ [nvidia/NVIDIA-Nemotron-Nano-12B-v2-VL] Temp=0.0 Rep=1 → Discordo fortemente
[2026-05-08 15:12:43,715][__main__][INFO] - ✓ [deepseek-ai/DeepSeek-V3.2] Temp=0.0 Rep=1 → Concordo fortemente
[2026-05-08 15:12:43,737][__main__][INFO] - ✓ [nvidia/NVIDIA-Nemotron-Nano-12B-v2-VL] Temp=0.0 Rep=1 → Discordo fortemente
[2026-05-08 15:12:43,867][__main__][INFO] - ✓ [deepseek-ai/DeepSeek-V3.2] Temp=0.0 Rep=1 → Neutro
[2026-05-08 15:12:43,966][__main__][INFO] - Salvamento incremental (960 novas respostas)...
[2026-05-08 15:12:44,016][__main__][INFO] - Cache salvo com 203983 entradas
[2026-05-08 15:12:44,017][__main__][INFO] - ✓ [deepseek-ai/DeepSeek-V3.2] Temp=0.0 Rep=1 → Concordo fortemente
[2026-05-08 15:12:44,017][__main__][INFO] - ✓ [microsoft/phi-4] Temp=0.0 Rep=1 → Discordo fortemente
[2026-05-08 15:12:44,062][__main__][INFO] - ✓ [microsoft/phi-4] Temp=0.0 Rep=1 → Concordo
[2026-05-08 15:12:44,070][__main__][INFO] - ✓ [microsoft/phi-4] Temp=0.0 Rep=1 → Concordo fortemente
[2026-05-08 15:12:44,157][__main__][INFO] - ✓ [nvidia/NVIDIA-Nemotron-Nano-12B-v2-VL] Temp=0.0 Rep=1 → Discordo fortemente
[2026-05-08 15:12:44,191][__main__][INFO] - ✓ [deepseek-ai/DeepSeek-V3.2] Temp=0.0 Rep=1 → Concordo fortemente
[2026-05-08 15:12:44,259][__main__][INFO] - ✓ [deepseek-ai/DeepSeek-V3.2] Temp=0.0 Rep=1 → Concordo fortemente
[2026-05-08 15:12:44,367][__main__][INFO] - ✓ [nvidia/NVIDIA-Nemotron-Nano-12B-v2-VL] Temp=0.0 Rep=1 → Discordo fortemente
[2026-05-08 15:12:44,373][__main__][INFO] - ✓ [nvidia/NVIDIA-Nemotron-Nano-12B-v2-VL] Temp=0.0 Rep=1 → Discordo fortemente
[2026-05-08 15:12:44,533][__main__][INFO] - ✓ [microsoft/phi-4] Temp=0.0 Rep=1 → Discordo fortemente
[2026-05-08 15:12:44,561][__main__][INFO] - ✓ [microsoft/phi-4] Temp=0.0 Rep=1 → Concordo
[2026-05-08 15:12:44,610][__main__][INFO] - ✓ [deepseek-ai/DeepSeek-V3.2] Temp=0.0 Rep=1 → Neutro
[2026-05-08 15:12:44,661][__main__][INFO] - ✓ [microsoft/phi-4] Temp=0.0 Rep=1 → Concordo
[2026-05-08 15:12:44,673][__main__][INFO] - ✓ [nvidia/NVIDIA-Nemotron-Nano-12B-v2-VL] Temp=0.0 Rep=1 → Discordo fortemente
[2026-05-08 15:12:44,741][__main__][INFO] - ✓ [deepseek-ai/DeepSeek-V3.2] Temp=0.0 Rep=1 → Concordo
[2026-05-08 15:12:44,898][__main__][INFO] - ✓ [nvidia/NVIDIA-Nemotron-Nano-12B-v2-VL] Temp=0.0 Rep=1 → Concordo fortemente
[2026-05-08 15:12:45,059][__main__][INFO] - ✓ [microsoft/phi-4] Temp=0.0 Rep=1 → Discordo fortemente
[2026-05-08 15:12:45,077][__main__][INFO] - ✓ [deepseek-ai/DeepSeek-V3.2] Temp=0.0 Rep=1 → Concordo
[2026-05-08 15:12:45,231][__main__][INFO] - ✓ [nvidia/NVIDIA-Nemotron-Nano-12B-v2-VL] Temp=0.0 Rep=1 → Discordo fortemente
[2026-05-08 15:12:45,235][__main__][INFO] - ✓ [microsoft/phi-4] Temp=0.0 Rep=1 → Concordo fortemente
[2026-05-08 15:12:45,322][__main__][INFO] - ✓ [deepseek-ai/DeepSeek-V3.2] Temp=0.0 Rep=1 → Neutro
[2026-05-08 15:12:45,347][__main__][INFO] - ✓ [microsoft/phi-4] Temp=0.0 Rep=1 → Concordo
[2026-05-08 15:12:45,376][__main__][INFO] - ✓ [nvidia/NVIDIA-Nemotron-Nano-12B-v2-VL] Temp=0.0 Rep=1 → Discordo fortemente
[2026-05-08 15:12:45,540][__main__][INFO] - ✓ [deepseek-ai/DeepSeek-V3.2] Temp=0.0 Rep=1 → Concordo
[2026-05-08 15:12:45,544][__main__][INFO] - ✓ [deepseek-ai/DeepSeek-V3.2] Temp=0.0 Rep=1 → Neutro
[2026-05-08 15:12:45,553][__main__][INFO] - ✓ [deepseek-ai/DeepSeek-V3.2] Temp=0.0 Rep=1 → Neutro
[2026-05-08 15:12:45,602][__main__][INFO] - ✓ [nvidia/NVIDIA-Nemotron-Nano-12B-v2-VL] Temp=0.0 Rep=1 → Discordo fortemente
[2026-05-08 15:12:45,605][__main__][INFO] - ✓ [nvidia/NVIDIA-Nemotron-Nano-12B-v2-VL] Temp=0.0 Rep=1 → Discordo fortemente
[2026-05-08 15:12:45,869][__main__][INFO] - ✓ [microsoft/phi-4] Temp=0.0 Rep=1 → Concordo
[2026-05-08 15:12:45,884][__main__][INFO] - ✓ [microsoft/phi-4] Temp=0.0 Rep=1 → Concordo
[2026-05-08 15:12:45,889][__main__][INFO] - ✓ [deepseek-ai/DeepSeek-V3.2] Temp=0.0 Rep=1 → Neutro
[2026-05-08 15:12:45,902][__main__][INFO] - ✓ [microsoft/phi-4] Temp=0.0 Rep=1 → Concordo fortemente
[2026-05-08 15:12:45,962][__main__][INFO] - ✓ [nvidia/NVIDIA-Nemotron-Nano-12B-v2-VL] Temp=0.0 Rep=1 → Concordo
[2026-05-08 15:12:45,974][__main__][INFO] - ✓ [nvidia/NVIDIA-Nemotron-Nano-12B-v2-VL] Temp=0.0 Rep=1 → Concordo
[2026-05-08 15:12:46,170][__main__][INFO] - ✓ [nvidia/NVIDIA-Nemotron-Nano-12B-v2-VL] Temp=0.0 Rep=1 → Concordo fortemente
[2026-05-08 15:12:46,301][__main__][INFO] - ✓ [microsoft/phi-4] Temp=0.0 Rep=1 → Concordo fortemente
[2026-05-08 15:12:46,374][__main__][INFO] - ✓ [microsoft/phi-4] Temp=0.0 Rep=1 → Concordo
[2026-05-08 15:12:46,468][__main__][INFO] - ✓ [microsoft/phi-4] Temp=0.0 Rep=1 → Concordo
[2026-05-08 15:12:46,473][__main__][INFO] - ✓ [deepseek-ai/DeepSeek-V3.2] Temp=0.0 Rep=1 → Concordo fortemente
[2026-05-08 15:12:46,589][__main__][INFO] - ✓ [nvidia/NVIDIA-Nemotron-Nano-12B-v2-VL] Temp=0.0 Rep=1 → Discordo fortemente
[2026-05-08 15:12:46,670][__main__][INFO] - Salvamento incremental (1000 novas respostas)...
[2026-05-08 15:12:46,718][__main__][INFO] - Cache salvo com 204023 entradas
[2026-05-08 15:12:46,718][__main__][INFO] - ✓ [nvidia/NVIDIA-Nemotron-Nano-12B-v2-VL] Temp=0.0 Rep=1 → Discordo fortemente
[2026-05-08 15:12:46,720][__main__][INFO] - ✓ [deepseek-ai/DeepSeek-V3.2] Temp=0.0 Rep=1 → Concordo fortemente
[2026-05-08 15:12:46,720][__main__][INFO] - ✓ [deepseek-ai/DeepSeek-V3.2] Temp=0.0 Rep=1 → Neutro
[2026-05-08 15:12:46,821][__main__][INFO] - ✓ [nvidia/NVIDIA-Nemotron-Nano-12B-v2-VL] Temp=0.0 Rep=1 → Concordo fortemente
[2026-05-08 15:12:46,823][__main__][INFO] - ✓ [nvidia/NVIDIA-Nemotron-Nano-12B-v2-VL] Temp=0.0 Rep=1 → Discordo fortemente
[2026-05-08 15:12:47,171][__main__][INFO] - ✓ [deepseek-ai/DeepSeek-V3.2] Temp=0.0 Rep=1 → Concordo fortemente
[2026-05-08 15:12:47,537][__main__][INFO] - ✓ [deepseek-ai/DeepSeek-V3.2] Temp=0.0 Rep=1 → Concordo fortemente
[2026-05-08 15:12:47,538][__main__][INFO] - ✓ [deepseek-ai/DeepSeek-V3.2] Temp=0.0 Rep=1 → Concordo fortemente
[2026-05-08 15:12:47,805][__main__][INFO] - ✓ [deepseek-ai/DeepSeek-V3.2] Temp=0.0 Rep=1 → Concordo fortemente
[2026-05-08 15:12:47,921][__main__][INFO] - Cache salvo com 204031 entradas
[2026-05-08 15:12:47,921][__main__][INFO] - Coleta de dados concluída!
