[2026-05-11 14:47:27,922][__main__][INFO] - Retrieval ativado: store='wiki_faiss_store', top_n=[0, 1, 3, 5], emb_model='google/embeddinggemma-300m'
[2026-05-11 14:47:27,922][__main__][INFO] - Carregadas 56 perguntas de dados/pairs.json
[2026-05-11 14:47:27,974][__main__][INFO] - Cache carregado com 222413 entradas
[2026-05-11 14:47:30,125][__main__][INFO] - ✓ [meta-llama/Meta-Llama-3.1-8B-Instruct] Temp=0.0 Rep=1 → Concordo
[2026-05-11 14:47:30,176][__main__][INFO] - ✓ [meta-llama/Meta-Llama-3.1-8B-Instruct] Temp=0.0 Rep=1 → Concordo
[2026-05-11 14:47:30,284][__main__][INFO] - ✓ [meta-llama/Meta-Llama-3.1-8B-Instruct] Temp=0.0 Rep=1 → Concordo fortemente
[2026-05-11 14:47:30,397][__main__][INFO] - ✓ [deepseek-ai/DeepSeek-V3.2] Temp=0.0 Rep=1 → Concordo fortemente
[2026-05-11 14:47:30,401][__main__][INFO] - ✓ [meta-llama/Meta-Llama-3.1-8B-Instruct] Temp=0.0 Rep=1 → Concordo fortemente
[2026-05-11 14:47:30,617][__main__][INFO] - ✓ [deepseek-ai/DeepSeek-V3.2] Temp=0.0 Rep=1 → Neutro
[2026-05-11 14:47:30,694][__main__][INFO] - ✓ [meta-llama/Meta-Llama-3.1-8B-Instruct] Temp=0.0 Rep=1 → Concordo
[2026-05-11 14:47:30,723][__main__][INFO] - ✓ [deepseek-ai/DeepSeek-V3.2] Temp=0.0 Rep=1 → Concordo
[2026-05-11 14:47:30,747][__main__][INFO] - ✓ [meta-llama/Meta-Llama-3.1-8B-Instruct] Temp=0.0 Rep=1 → Concordo
[2026-05-11 14:47:30,760][__main__][INFO] - ✓ [meta-llama/Meta-Llama-3.1-8B-Instruct] Temp=0.0 Rep=1 → Concordo
[2026-05-11 14:47:31,006][__main__][INFO] - ✓ [deepseek-ai/DeepSeek-V3.2] Temp=0.0 Rep=1 → Concordo fortemente
[2026-05-11 14:47:31,245][__main__][INFO] - ✓ [deepseek-ai/DeepSeek-V3.2] Temp=0.0 Rep=1 → Concordo fortemente
[2026-05-11 14:47:31,272][__main__][INFO] - ✓ [meta-llama/Meta-Llama-3.1-8B-Instruct] Temp=0.0 Rep=1 → Concordo fortemente
[2026-05-11 14:47:31,286][__main__][INFO] - ✓ [meta-llama/Meta-Llama-3.1-8B-Instruct] Temp=0.0 Rep=1 → Concordo fortemente
[2026-05-11 14:47:31,373][__main__][INFO] - ✓ [deepseek-ai/DeepSeek-V3.2] Temp=0.0 Rep=1 → Neutro
[2026-05-11 14:47:31,488][__main__][INFO] - ✓ [meta-llama/Meta-Llama-3.1-8B-Instruct] Temp=0.0 Rep=1 → Concordo fortemente
[2026-05-11 14:47:31,494][__main__][INFO] - ✓ [deepseek-ai/DeepSeek-V3.2] Temp=0.0 Rep=1 → Neutro
[2026-05-11 14:47:31,682][__main__][INFO] - ✓ [deepseek-ai/DeepSeek-V3.2] Temp=0.0 Rep=1 → Concordo fortemente
[2026-05-11 14:47:31,724][__main__][INFO] - ✓ [meta-llama/Meta-Llama-3.1-8B-Instruct] Temp=0.0 Rep=1 → Concordo
[2026-05-11 14:47:31,813][__main__][INFO] - ✓ [meta-llama/Meta-Llama-3.1-8B-Instruct] Temp=0.0 Rep=1 → Concordo
[2026-05-11 14:47:31,994][__main__][INFO] - ✓ [meta-llama/Meta-Llama-3.1-8B-Instruct] Temp=0.0 Rep=1 → Concordo fortemente
[2026-05-11 14:47:32,064][__main__][INFO] - ✓ [meta-llama/Meta-Llama-3.1-8B-Instruct] Temp=0.0 Rep=1 → Concordo
[2026-05-11 14:47:32,188][__main__][INFO] - ✓ [deepseek-ai/DeepSeek-V3.2] Temp=0.0 Rep=1 → Concordo fortemente
[2026-05-11 14:47:32,222][__main__][INFO] - ✓ [deepseek-ai/DeepSeek-V3.2] Temp=0.0 Rep=1 → Concordo fortemente
[2026-05-11 14:47:32,253][__main__][INFO] - ✓ [deepseek-ai/DeepSeek-V3.2] Temp=0.0 Rep=1 → Neutro
[2026-05-11 14:47:32,353][__main__][INFO] - ✓ [meta-llama/Meta-Llama-3.1-8B-Instruct] Temp=0.0 Rep=1 → Concordo
[2026-05-11 14:47:32,530][__main__][INFO] - ✓ [meta-llama/Meta-Llama-3.1-8B-Instruct] Temp=0.0 Rep=1 → Concordo
[2026-05-11 14:47:32,547][__main__][INFO] - ✓ [deepseek-ai/DeepSeek-V3.2] Temp=0.0 Rep=1 → Concordo
[2026-05-11 14:47:32,559][__main__][INFO] - ✓ [deepseek-ai/DeepSeek-V3.2] Temp=0.0 Rep=1 → Concordo
[2026-05-11 14:47:32,603][__main__][INFO] - ✓ [deepseek-ai/DeepSeek-V3.2] Temp=0.0 Rep=1 → Neutro
[2026-05-11 14:47:32,715][__main__][INFO] - ✓ [meta-llama/Meta-Llama-3.1-8B-Instruct] Temp=0.0 Rep=1 → Concordo
[2026-05-11 14:47:32,852][__main__][INFO] - ✓ [deepseek-ai/DeepSeek-V3.2] Temp=0.0 Rep=1 → Concordo fortemente
[2026-05-11 14:47:32,974][__main__][INFO] - ✓ [meta-llama/Meta-Llama-3.1-8B-Instruct] Temp=0.0 Rep=1 → Concordo
[2026-05-11 14:47:32,975][__main__][INFO] - ✓ [meta-llama/Meta-Llama-3.1-8B-Instruct] Temp=0.0 Rep=1 → Concordo fortemente
[2026-05-11 14:47:33,146][__main__][INFO] - ✓ [deepseek-ai/DeepSeek-V3.2] Temp=0.0 Rep=1 → Neutro
[2026-05-11 14:47:33,239][__main__][INFO] - ✓ [deepseek-ai/DeepSeek-V3.2] Temp=0.0 Rep=1 → Concordo
[2026-05-11 14:47:33,242][__main__][INFO] - ✓ [deepseek-ai/DeepSeek-V3.2] Temp=0.0 Rep=1 → Neutro
[2026-05-11 14:47:33,284][__main__][WARNING] - Resposta inválida (tentativa 1/3) de meta-llama/Meta-Llama-3.1-8B-Instruct: Não posso fornecer uma resposta para essa pergunta Posso aju
[2026-05-11 14:47:33,284][__main__][INFO] - Fazendo retry 2/3...
[2026-05-11 14:47:33,358][__main__][INFO] - ✓ [meta-llama/Meta-Llama-3.1-8B-Instruct] Temp=0.0 Rep=1 → Neutro
[2026-05-11 14:47:33,398][__main__][INFO] - ✓ [meta-llama/Meta-Llama-3.1-8B-Instruct] Temp=0.0 Rep=1 → Discordo
[2026-05-11 14:47:33,472][__main__][INFO] - Salvamento incremental (40 novas respostas)...
[2026-05-11 14:47:33,530][__main__][INFO] - Cache salvo com 222453 entradas
[2026-05-11 14:47:33,530][__main__][INFO] - ✓ [deepseek-ai/DeepSeek-V3.2] Temp=0.0 Rep=1 → Neutro
[2026-05-11 14:47:33,555][__main__][INFO] - ✓ [deepseek-ai/DeepSeek-V3.2] Temp=0.0 Rep=1 → Neutro
[2026-05-11 14:47:33,615][__main__][INFO] - ✓ [deepseek-ai/DeepSeek-V3.2] Temp=0.0 Rep=1 → Concordo fortemente
[2026-05-11 14:47:33,636][__main__][INFO] - ✓ [deepseek-ai/DeepSeek-V3.2] Temp=0.0 Rep=1 → Concordo fortemente
[2026-05-11 14:47:33,768][__main__][INFO] - ✓ [meta-llama/Meta-Llama-3.1-8B-Instruct] Temp=0.0 Rep=1 → Neutro
[2026-05-11 14:47:33,769][__main__][INFO] - ✓ [meta-llama/Meta-Llama-3.1-8B-Instruct] Temp=0.0 Rep=1 → Concordo
[2026-05-11 14:47:33,987][__main__][INFO] - ✓ [meta-llama/Meta-Llama-3.1-8B-Instruct] Temp=0.0 Rep=1 → Concordo
[2026-05-11 14:47:34,091][__main__][INFO] - ✓ [deepseek-ai/DeepSeek-V3.2] Temp=0.0 Rep=1 → Neutro
[2026-05-11 14:47:34,136][__main__][INFO] - ✓ [deepseek-ai/DeepSeek-V3.2] Temp=0.0 Rep=1 → Neutro
[2026-05-11 14:47:34,291][__main__][INFO] - ✓ [meta-llama/Meta-Llama-3.1-8B-Instruct] Temp=0.0 Rep=1 → Concordo fortemente
[2026-05-11 14:47:34,333][__main__][INFO] - ✓ [deepseek-ai/DeepSeek-V3.2] Temp=0.0 Rep=1 → Concordo
[2026-05-11 14:47:34,390][__main__][INFO] - ✓ [meta-llama/Meta-Llama-3.1-8B-Instruct] Temp=0.0 Rep=1 → Concordo
[2026-05-11 14:47:34,404][__main__][INFO] - ✓ [meta-llama/Meta-Llama-3.1-8B-Instruct] Temp=0.0 Rep=1 → Concordo fortemente
[2026-05-11 14:47:34,507][__main__][INFO] - ✓ [deepseek-ai/DeepSeek-V3.2] Temp=0.0 Rep=1 → Neutro
[2026-05-11 14:47:34,676][__main__][INFO] - ✓ [deepseek-ai/DeepSeek-V3.2] Temp=0.0 Rep=1 → Concordo fortemente
[2026-05-11 14:47:34,840][__main__][INFO] - ✓ [meta-llama/Meta-Llama-3.1-8B-Instruct] Temp=0.0 Rep=1 → Concordo fortemente
[2026-05-11 14:47:34,923][__main__][INFO] - ✓ [meta-llama/Meta-Llama-3.1-8B-Instruct] Temp=0.0 Rep=1 → Concordo fortemente
[2026-05-11 14:47:34,930][__main__][INFO] - ✓ [meta-llama/Meta-Llama-3.1-8B-Instruct] Temp=0.0 Rep=1 → Concordo fortemente
[2026-05-11 14:47:34,940][__main__][INFO] - ✓ [deepseek-ai/DeepSeek-V3.2] Temp=0.0 Rep=1 → Neutro
[2026-05-11 14:47:35,205][__main__][INFO] - ✓ [deepseek-ai/DeepSeek-V3.2] Temp=0.0 Rep=1 → Neutro
[2026-05-11 14:47:35,334][__main__][INFO] - ✓ [deepseek-ai/DeepSeek-V3.2] Temp=0.0 Rep=1 → Neutro
[2026-05-11 14:47:35,348][__main__][INFO] - ✓ [meta-llama/Meta-Llama-3.1-8B-Instruct] Temp=0.0 Rep=1 → Discordo
[2026-05-11 14:47:35,361][__main__][INFO] - ✓ [deepseek-ai/DeepSeek-V3.2] Temp=0.0 Rep=1 → Neutro
[2026-05-11 14:47:35,368][__main__][INFO] - ✓ [meta-llama/Meta-Llama-3.1-8B-Instruct] Temp=0.0 Rep=1 → Concordo fortemente
[2026-05-11 14:47:35,540][__main__][INFO] - ✓ [deepseek-ai/DeepSeek-V3.2] Temp=0.0 Rep=1 → Concordo fortemente
[2026-05-11 14:47:35,734][__main__][INFO] - ✓ [deepseek-ai/DeepSeek-V3.2] Temp=0.0 Rep=1 → Concordo fortemente
[2026-05-11 14:47:35,753][__main__][INFO] - ✓ [deepseek-ai/DeepSeek-V3.2] Temp=0.0 Rep=1 → Concordo fortemente
[2026-05-11 14:47:35,869][__main__][INFO] - ✓ [meta-llama/Meta-Llama-3.1-8B-Instruct] Temp=0.0 Rep=1 → Concordo fortemente
[2026-05-11 14:47:35,930][__main__][INFO] - ✓ [meta-llama/Meta-Llama-3.1-8B-Instruct] Temp=0.0 Rep=1 → Concordo fortemente
[2026-05-11 14:47:35,999][__main__][INFO] - ✓ [meta-llama/Meta-Llama-3.1-8B-Instruct] Temp=0.0 Rep=1 → Concordo fortemente
[2026-05-11 14:47:36,170][__main__][INFO] - ✓ [deepseek-ai/DeepSeek-V3.2] Temp=0.0 Rep=1 → Neutro
[2026-05-11 14:47:36,206][__main__][INFO] - ✓ [meta-llama/Meta-Llama-3.1-8B-Instruct] Temp=0.0 Rep=1 → Concordo
[2026-05-11 14:47:36,385][__main__][INFO] - ✓ [deepseek-ai/DeepSeek-V3.2] Temp=0.0 Rep=1 → Neutro
[2026-05-11 14:47:36,460][__main__][INFO] - ✓ [deepseek-ai/DeepSeek-V3.2] Temp=0.0 Rep=1 → Concordo
[2026-05-11 14:47:36,500][__main__][INFO] - ✓ [meta-llama/Meta-Llama-3.1-8B-Instruct] Temp=0.0 Rep=1 → Concordo fortemente
[2026-05-11 14:47:36,517][__main__][INFO] - ✓ [meta-llama/Meta-Llama-3.1-8B-Instruct] Temp=0.0 Rep=1 → Concordo fortemente
[2026-05-11 14:47:36,607][__main__][WARNING] - Resposta inválida (tentativa 1/3) de meta-llama/Meta-Llama-3.1-8B-Instruct: Não é possível responder a essa pergunta, pois não está rela
[2026-05-11 14:47:36,608][__main__][INFO] - Fazendo retry 2/3...
[2026-05-11 14:47:36,611][__main__][INFO] - ✓ [deepseek-ai/DeepSeek-V3.2] Temp=0.0 Rep=1 → Neutro
[2026-05-11 14:47:36,778][__main__][INFO] - ✓ [deepseek-ai/DeepSeek-V3.2] Temp=0.0 Rep=1 → Concordo fortemente
[2026-05-11 14:47:36,906][__main__][INFO] - ✓ [deepseek-ai/DeepSeek-V3.2] Temp=0.0 Rep=1 → Discordo
[2026-05-11 14:47:36,910][__main__][INFO] - ✓ [meta-llama/Meta-Llama-3.1-8B-Instruct] Temp=0.0 Rep=1 → Concordo fortemente
[2026-05-11 14:47:37,007][__main__][INFO] - Salvamento incremental (80 novas respostas)...
[2026-05-11 14:47:37,070][__main__][INFO] - Cache salvo com 222493 entradas
[2026-05-11 14:47:37,070][__main__][INFO] - ✓ [deepseek-ai/DeepSeek-V3.2] Temp=0.0 Rep=1 → Concordo fortemente
[2026-05-11 14:47:37,076][__main__][INFO] - ✓ [meta-llama/Meta-Llama-3.1-8B-Instruct] Temp=0.0 Rep=1 → Concordo fortemente
[2026-05-11 14:47:37,076][__main__][INFO] - ✓ [meta-llama/Meta-Llama-3.1-8B-Instruct] Temp=0.0 Rep=1 → Discordo fortemente
[2026-05-11 14:47:37,224][__main__][INFO] - ✓ [meta-llama/Meta-Llama-3.1-8B-Instruct] Temp=0.0 Rep=1 → Concordo fortemente
[2026-05-11 14:47:37,225][__main__][INFO] - ✓ [deepseek-ai/DeepSeek-V3.2] Temp=0.0 Rep=1 → Concordo fortemente
[2026-05-11 14:47:37,287][__main__][INFO] - ✓ [deepseek-ai/DeepSeek-V3.2] Temp=0.0 Rep=1 → Concordo fortemente
[2026-05-11 14:47:37,431][__main__][INFO] - ✓ [deepseek-ai/DeepSeek-V3.2] Temp=0.0 Rep=1 → Discordo
[2026-05-11 14:47:37,541][__main__][INFO] - ✓ [deepseek-ai/DeepSeek-V3.2] Temp=0.0 Rep=1 → Discordo
[2026-05-11 14:47:37,564][__main__][INFO] - ✓ [meta-llama/Meta-Llama-3.1-8B-Instruct] Temp=0.0 Rep=1 → Concordo fortemente
[2026-05-11 14:47:37,651][__main__][INFO] - ✓ [meta-llama/Meta-Llama-3.1-8B-Instruct] Temp=0.0 Rep=1 → Concordo fortemente
[2026-05-11 14:47:37,662][__main__][INFO] - ✓ [meta-llama/Meta-Llama-3.1-8B-Instruct] Temp=0.0 Rep=1 → Concordo fortemente
[2026-05-11 14:47:37,686][__main__][INFO] - ✓ [deepseek-ai/DeepSeek-V3.2] Temp=0.0 Rep=1 → Neutro
[2026-05-11 14:47:37,968][__main__][INFO] - ✓ [meta-llama/Meta-Llama-3.1-8B-Instruct] Temp=0.0 Rep=1 → Concordo fortemente
[2026-05-11 14:47:37,968][__main__][INFO] - ✓ [meta-llama/Meta-Llama-3.1-8B-Instruct] Temp=0.0 Rep=1 → Concordo fortemente
[2026-05-11 14:47:37,970][__main__][INFO] - ✓ [deepseek-ai/DeepSeek-V3.2] Temp=0.0 Rep=1 → Concordo fortemente
[2026-05-11 14:47:38,033][__main__][INFO] - ✓ [deepseek-ai/DeepSeek-V3.2] Temp=0.0 Rep=1 → Concordo fortemente
[2026-05-11 14:47:38,078][__main__][INFO] - ✓ [deepseek-ai/DeepSeek-V3.2] Temp=0.0 Rep=1 → Concordo fortemente
[2026-05-11 14:47:38,092][__main__][INFO] - ✓ [meta-llama/Meta-Llama-3.1-8B-Instruct] Temp=0.0 Rep=1 → Discordo fortemente
[2026-05-11 14:47:38,217][__main__][INFO] - ✓ [meta-llama/Meta-Llama-3.1-8B-Instruct] Temp=0.0 Rep=1 → Concordo fortemente
[2026-05-11 14:47:38,486][__main__][INFO] - ✓ [meta-llama/Meta-Llama-3.1-8B-Instruct] Temp=0.0 Rep=1 → Concordo fortemente
[2026-05-11 14:47:38,491][__main__][INFO] - ✓ [meta-llama/Meta-Llama-3.1-8B-Instruct] Temp=0.0 Rep=1 → Concordo fortemente
[2026-05-11 14:47:38,503][__main__][INFO] - ✓ [meta-llama/Meta-Llama-3.1-8B-Instruct] Temp=0.0 Rep=1 → Neutro
[2026-05-11 14:47:38,607][__main__][INFO] - ✓ [deepseek-ai/DeepSeek-V3.2] Temp=0.0 Rep=1 → Neutro
[2026-05-11 14:47:38,767][__main__][INFO] - ✓ [deepseek-ai/DeepSeek-V3.2] Temp=0.0 Rep=1 → Neutro
[2026-05-11 14:47:38,861][__main__][INFO] - ✓ [meta-llama/Meta-Llama-3.1-8B-Instruct] Temp=0.0 Rep=1 → Neutro
[2026-05-11 14:47:39,003][__main__][INFO] - ✓ [deepseek-ai/DeepSeek-V3.2] Temp=0.0 Rep=1 → Concordo
[2026-05-11 14:47:39,005][__main__][WARNING] - Resposta inválida (tentativa 1/3) de meta-llama/Meta-Llama-3.1-8B-Instruct: Não posso fornecer uma resposta para essa pergunta Posso aju
[2026-05-11 14:47:39,005][__main__][INFO] - Fazendo retry 2/3...
[2026-05-11 14:47:39,060][__main__][INFO] - ✓ [deepseek-ai/DeepSeek-V3.2] Temp=0.0 Rep=1 → Concordo fortemente
[2026-05-11 14:47:39,063][__main__][INFO] - ✓ [deepseek-ai/DeepSeek-V3.2] Temp=0.0 Rep=1 → Concordo fortemente
[2026-05-11 14:47:39,153][__main__][INFO] - ✓ [deepseek-ai/DeepSeek-V3.2] Temp=0.0 Rep=1 → Concordo fortemente
[2026-05-11 14:47:39,336][__main__][INFO] - ✓ [meta-llama/Meta-Llama-3.1-8B-Instruct] Temp=0.0 Rep=1 → Concordo fortemente
[2026-05-11 14:47:39,349][__main__][INFO] - ✓ [deepseek-ai/DeepSeek-V3.2] Temp=0.0 Rep=1 → Neutro
[2026-05-11 14:47:39,389][__main__][INFO] - ✓ [deepseek-ai/DeepSeek-V3.2] Temp=0.0 Rep=1 → Concordo fortemente
[2026-05-11 14:47:39,417][__main__][INFO] - ✓ [meta-llama/Meta-Llama-3.1-8B-Instruct] Temp=0.0 Rep=1 → Concordo
[2026-05-11 14:47:39,713][__main__][INFO] - ✓ [deepseek-ai/DeepSeek-V3.2] Temp=0.0 Rep=1 → Neutro
[2026-05-11 14:47:39,742][__main__][INFO] - ✓ [deepseek-ai/DeepSeek-V3.2] Temp=0.0 Rep=1 → Neutro
[2026-05-11 14:47:39,746][__main__][INFO] - ✓ [deepseek-ai/DeepSeek-V3.2] Temp=0.0 Rep=1 → Neutro
[2026-05-11 14:47:39,752][__main__][INFO] - ✓ [meta-llama/Meta-Llama-3.1-8B-Instruct] Temp=0.0 Rep=1 → Concordo fortemente
[2026-05-11 14:47:39,862][__main__][INFO] - ✓ [deepseek-ai/DeepSeek-V3.2] Temp=0.0 Rep=1 → Concordo fortemente
[2026-05-11 14:47:39,897][__main__][INFO] - ✓ [meta-llama/Meta-Llama-3.1-8B-Instruct] Temp=0.0 Rep=1 → Concordo fortemente
[2026-05-11 14:47:39,904][__main__][INFO] - ✓ [meta-llama/Meta-Llama-3.1-8B-Instruct] Temp=0.0 Rep=1 → Concordo fortemente
[2026-05-11 14:47:40,074][__main__][INFO] - Salvamento incremental (120 novas respostas)...
[2026-05-11 14:47:40,136][__main__][INFO] - Cache salvo com 222533 entradas
[2026-05-11 14:47:40,136][__main__][INFO] - ✓ [deepseek-ai/DeepSeek-V3.2] Temp=0.0 Rep=1 → Concordo
[2026-05-11 14:47:40,152][__main__][INFO] - ✓ [meta-llama/Meta-Llama-3.1-8B-Instruct] Temp=0.0 Rep=1 → Concordo fortemente
[2026-05-11 14:47:40,244][__main__][INFO] - ✓ [meta-llama/Meta-Llama-3.1-8B-Instruct] Temp=0.0 Rep=1 → Concordo fortemente
[2026-05-11 14:47:40,280][__main__][INFO] - ✓ [meta-llama/Meta-Llama-3.1-8B-Instruct] Temp=0.0 Rep=1 → Concordo fortemente
[2026-05-11 14:47:40,587][__main__][INFO] - ✓ [deepseek-ai/DeepSeek-V3.2] Temp=0.0 Rep=1 → Neutro
[2026-05-11 14:47:40,599][__main__][INFO] - ✓ [meta-llama/Meta-Llama-3.1-8B-Instruct] Temp=0.0 Rep=1 → Concordo fortemente
[2026-05-11 14:47:40,624][__main__][INFO] - ✓ [meta-llama/Meta-Llama-3.1-8B-Instruct] Temp=0.0 Rep=1 → Concordo fortemente
[2026-05-11 14:47:40,643][__main__][INFO] - ✓ [meta-llama/Meta-Llama-3.1-8B-Instruct] Temp=0.0 Rep=1 → Concordo fortemente
[2026-05-11 14:47:40,885][__main__][INFO] - ✓ [deepseek-ai/DeepSeek-V3.2] Temp=0.0 Rep=1 → Neutro
[2026-05-11 14:47:40,917][__main__][INFO] - ✓ [deepseek-ai/DeepSeek-V3.2] Temp=0.0 Rep=1 → Concordo fortemente
[2026-05-11 14:47:40,919][__main__][INFO] - ✓ [deepseek-ai/DeepSeek-V3.2] Temp=0.0 Rep=1 → Neutro
[2026-05-11 14:47:41,207][__main__][INFO] - ✓ [meta-llama/Meta-Llama-3.1-8B-Instruct] Temp=0.0 Rep=1 → Concordo fortemente
[2026-05-11 14:47:41,309][__main__][INFO] - ✓ [deepseek-ai/DeepSeek-V3.2] Temp=0.0 Rep=1 → Discordo
[2026-05-11 14:47:41,338][__main__][INFO] - ✓ [meta-llama/Meta-Llama-3.1-8B-Instruct] Temp=0.0 Rep=1 → Concordo fortemente
[2026-05-11 14:47:41,435][__main__][INFO] - ✓ [deepseek-ai/DeepSeek-V3.2] Temp=0.0 Rep=1 → Concordo fortemente
[2026-05-11 14:47:41,734][__main__][INFO] - ✓ [meta-llama/Meta-Llama-3.1-8B-Instruct] Temp=0.0 Rep=1 → Concordo fortemente
[2026-05-11 14:47:41,781][__main__][INFO] - ✓ [meta-llama/Meta-Llama-3.1-8B-Instruct] Temp=0.0 Rep=1 → Concordo fortemente
[2026-05-11 14:47:41,790][__main__][INFO] - ✓ [deepseek-ai/DeepSeek-V3.2] Temp=0.0 Rep=1 → Neutro
[2026-05-11 14:47:41,792][__main__][INFO] - ✓ [deepseek-ai/DeepSeek-V3.2] Temp=0.0 Rep=1 → Discordo
[2026-05-11 14:47:41,796][__main__][INFO] - ✓ [meta-llama/Meta-Llama-3.1-8B-Instruct] Temp=0.0 Rep=1 → Concordo fortemente
[2026-05-11 14:47:41,984][__main__][INFO] - ✓ [deepseek-ai/DeepSeek-V3.2] Temp=0.0 Rep=1 → Concordo fortemente
[2026-05-11 14:47:42,034][__main__][INFO] - ✓ [deepseek-ai/DeepSeek-V3.2] Temp=0.0 Rep=1 → Concordo fortemente
[2026-05-11 14:47:42,154][__main__][INFO] - ✓ [deepseek-ai/DeepSeek-V3.2] Temp=0.0 Rep=1 → Concordo fortemente
[2026-05-11 14:47:42,208][__main__][INFO] - ✓ [meta-llama/Meta-Llama-3.1-8B-Instruct] Temp=0.0 Rep=1 → Concordo fortemente
[2026-05-11 14:47:42,218][__main__][INFO] - ✓ [meta-llama/Meta-Llama-3.1-8B-Instruct] Temp=0.0 Rep=1 → Concordo fortemente
[2026-05-11 14:47:42,241][__main__][INFO] - ✓ [meta-llama/Meta-Llama-3.1-8B-Instruct] Temp=0.0 Rep=1 → Concordo fortemente
[2026-05-11 14:47:42,362][__main__][INFO] - ✓ [meta-llama/Meta-Llama-3.1-8B-Instruct] Temp=0.0 Rep=1 → Concordo fortemente
[2026-05-11 14:47:42,673][__main__][INFO] - ✓ [meta-llama/Meta-Llama-3.1-8B-Instruct] Temp=0.0 Rep=1 → Concordo fortemente
[2026-05-11 14:47:42,673][__main__][INFO] - ✓ [deepseek-ai/DeepSeek-V3.2] Temp=0.0 Rep=1 → Discordo
[2026-05-11 14:47:42,675][__main__][INFO] - ✓ [meta-llama/Meta-Llama-3.1-8B-Instruct] Temp=0.0 Rep=1 → Concordo fortemente
[2026-05-11 14:47:42,709][__main__][INFO] - ✓ [meta-llama/Meta-Llama-3.1-8B-Instruct] Temp=0.0 Rep=1 → Concordo fortemente
[2026-05-11 14:47:42,838][__main__][INFO] - ✓ [deepseek-ai/DeepSeek-V3.2] Temp=0.0 Rep=1 → Discordo
[2026-05-11 14:47:42,847][__main__][INFO] - ✓ [deepseek-ai/DeepSeek-V3.2] Temp=0.0 Rep=1 → Discordo
[2026-05-11 14:47:43,201][__main__][INFO] - ✓ [meta-llama/Meta-Llama-3.1-8B-Instruct] Temp=0.0 Rep=1 → Concordo fortemente
[2026-05-11 14:47:43,202][__main__][INFO] - ✓ [deepseek-ai/DeepSeek-V3.2] Temp=0.0 Rep=1 → Concordo fortemente
[2026-05-11 14:47:43,281][__main__][INFO] - ✓ [deepseek-ai/DeepSeek-V3.2] Temp=0.0 Rep=1 → Concordo fortemente
[2026-05-11 14:47:43,299][__main__][INFO] - ✓ [deepseek-ai/DeepSeek-V3.2] Temp=0.0 Rep=1 → Neutro
[2026-05-11 14:47:43,322][__main__][INFO] - ✓ [deepseek-ai/DeepSeek-V3.2] Temp=0.0 Rep=1 → Concordo fortemente
[2026-05-11 14:47:43,371][__main__][INFO] - ✓ [deepseek-ai/DeepSeek-V3.2] Temp=0.0 Rep=1 → Neutro
[2026-05-11 14:47:43,734][__main__][INFO] - ✓ [meta-llama/Meta-Llama-3.1-8B-Instruct] Temp=0.0 Rep=1 → Concordo fortemente
[2026-05-11 14:47:43,734][__main__][INFO] - Salvamento incremental (160 novas respostas)...
[2026-05-11 14:47:43,780][__main__][INFO] - Cache salvo com 222573 entradas
[2026-05-11 14:47:43,780][__main__][INFO] - ✓ [meta-llama/Meta-Llama-3.1-8B-Instruct] Temp=0.0 Rep=1 → Concordo fortemente
[2026-05-11 14:47:43,780][__main__][INFO] - ✓ [meta-llama/Meta-Llama-3.1-8B-Instruct] Temp=0.0 Rep=1 → Concordo
[2026-05-11 14:47:43,786][__main__][INFO] - ✓ [meta-llama/Meta-Llama-3.1-8B-Instruct] Temp=0.0 Rep=1 → Concordo fortemente
[2026-05-11 14:47:43,796][__main__][INFO] - ✓ [meta-llama/Meta-Llama-3.1-8B-Instruct] Temp=0.0 Rep=1 → Concordo fortemente
[2026-05-11 14:47:43,829][__main__][INFO] - ✓ [deepseek-ai/DeepSeek-V3.2] Temp=0.0 Rep=1 → Discordo fortemente
[2026-05-11 14:47:43,869][__main__][INFO] - ✓ [deepseek-ai/DeepSeek-V3.2] Temp=0.0 Rep=1 → Concordo fortemente
[2026-05-11 14:47:43,947][__main__][INFO] - ✓ [deepseek-ai/DeepSeek-V3.2] Temp=0.0 Rep=1 → Concordo fortemente
[2026-05-11 14:47:44,249][__main__][INFO] - ✓ [meta-llama/Meta-Llama-3.1-8B-Instruct] Temp=0.0 Rep=1 → Concordo fortemente
[2026-05-11 14:47:44,249][__main__][INFO] - ✓ [meta-llama/Meta-Llama-3.1-8B-Instruct] Temp=0.0 Rep=1 → Concordo
[2026-05-11 14:47:44,255][__main__][INFO] - ✓ [meta-llama/Meta-Llama-3.1-8B-Instruct] Temp=0.0 Rep=1 → Concordo fortemente
[2026-05-11 14:47:44,399][__main__][INFO] - ✓ [deepseek-ai/DeepSeek-V3.2] Temp=0.0 Rep=1 → Discordo
[2026-05-11 14:47:44,545][__main__][WARNING] - Resposta inválida (tentativa 1/3) de meta-llama/Meta-Llama-3.1-8B-Instruct: Não posso fornecer uma resposta para essa afirmação Posso aj
[2026-05-11 14:47:44,546][__main__][INFO] - Fazendo retry 2/3...
[2026-05-11 14:47:44,773][__main__][INFO] - ✓ [meta-llama/Meta-Llama-3.1-8B-Instruct] Temp=0.0 Rep=1 → Concordo
[2026-05-11 14:47:44,777][__main__][INFO] - ✓ [meta-llama/Meta-Llama-3.1-8B-Instruct] Temp=0.0 Rep=1 → Concordo fortemente
[2026-05-11 14:47:44,778][__main__][INFO] - ✓ [deepseek-ai/DeepSeek-V3.2] Temp=0.0 Rep=1 → Discordo fortemente
[2026-05-11 14:47:44,779][__main__][INFO] - ✓ [meta-llama/Meta-Llama-3.1-8B-Instruct] Temp=0.0 Rep=1 → Concordo
[2026-05-11 14:47:44,997][__main__][INFO] - ✓ [deepseek-ai/DeepSeek-V3.2] Temp=0.0 Rep=1 → Concordo fortemente
[2026-05-11 14:47:45,060][__main__][INFO] - ✓ [deepseek-ai/DeepSeek-V3.2] Temp=0.0 Rep=1 → Neutro
[2026-05-11 14:47:45,190][__main__][INFO] - ✓ [deepseek-ai/DeepSeek-V3.2] Temp=0.0 Rep=1 → Neutro
[2026-05-11 14:47:45,198][__main__][INFO] - ✓ [meta-llama/Meta-Llama-3.1-8B-Instruct] Temp=0.0 Rep=1 → Neutro
[2026-05-11 14:47:45,648][__main__][INFO] - ✓ [meta-llama/Meta-Llama-3.1-8B-Instruct] Temp=0.0 Rep=1 → Neutro
[2026-05-11 14:47:45,665][__main__][INFO] - ✓ [meta-llama/Meta-Llama-3.1-8B-Instruct] Temp=0.0 Rep=1 → Neutro
[2026-05-11 14:47:45,868][__main__][INFO] - ✓ [deepseek-ai/DeepSeek-V3.2] Temp=0.0 Rep=1 → Neutro
[2026-05-11 14:47:45,963][__main__][INFO] - ✓ [deepseek-ai/DeepSeek-V3.2] Temp=0.0 Rep=1 → Discordo fortemente
[2026-05-11 14:47:46,045][__main__][INFO] - ✓ [deepseek-ai/DeepSeek-V3.2] Temp=0.0 Rep=1 → Neutro
[2026-05-11 14:47:46,049][__main__][INFO] - ✓ [deepseek-ai/DeepSeek-V3.2] Temp=0.0 Rep=1 → Neutro
[2026-05-11 14:47:46,119][__main__][INFO] - ✓ [deepseek-ai/DeepSeek-V3.2] Temp=0.0 Rep=1 → Concordo fortemente
[2026-05-11 14:47:46,142][__main__][INFO] - ✓ [meta-llama/Meta-Llama-3.1-8B-Instruct] Temp=0.0 Rep=1 → Concordo fortemente
[2026-05-11 14:47:46,219][__main__][INFO] - ✓ [meta-llama/Meta-Llama-3.1-8B-Instruct] Temp=0.0 Rep=1 → Concordo
[2026-05-11 14:47:46,383][__main__][WARNING] - Resposta inválida (tentativa 1/3) de meta-llama/Meta-Llama-3.1-8B-Instruct: Não posso fornecer uma resposta para essa pergunta Posso aju
[2026-05-11 14:47:46,383][__main__][INFO] - Fazendo retry 2/3...
[2026-05-11 14:47:46,595][__main__][INFO] - ✓ [meta-llama/Meta-Llama-3.1-8B-Instruct] Temp=0.0 Rep=1 → Concordo fortemente
[2026-05-11 14:47:46,596][__main__][INFO] - ✓ [meta-llama/Meta-Llama-3.1-8B-Instruct] Temp=0.0 Rep=1 → Concordo fortemente
[2026-05-11 14:47:46,602][__main__][INFO] - ✓ [meta-llama/Meta-Llama-3.1-8B-Instruct] Temp=0.0 Rep=1 → Concordo fortemente
[2026-05-11 14:47:46,760][__main__][INFO] - ✓ [deepseek-ai/DeepSeek-V3.2] Temp=0.0 Rep=1 → Discordo
[2026-05-11 14:47:46,866][__main__][INFO] - ✓ [deepseek-ai/DeepSeek-V3.2] Temp=0.0 Rep=1 → Discordo
[2026-05-11 14:47:46,897][__main__][INFO] - ✓ [deepseek-ai/DeepSeek-V3.2] Temp=0.0 Rep=1 → Neutro
[2026-05-11 14:47:47,036][__main__][INFO] - ✓ [meta-llama/Meta-Llama-3.1-8B-Instruct] Temp=0.0 Rep=1 → Discordo fortemente
[2026-05-11 14:47:47,201][__main__][INFO] - ✓ [meta-llama/Meta-Llama-3.1-8B-Instruct] Temp=0.0 Rep=1 → Concordo
[2026-05-11 14:47:47,203][__main__][INFO] - ✓ [deepseek-ai/DeepSeek-V3.2] Temp=0.0 Rep=1 → Concordo fortemente
[2026-05-11 14:47:47,217][__main__][INFO] - ✓ [meta-llama/Meta-Llama-3.1-8B-Instruct] Temp=0.0 Rep=1 → Discordo fortemente
[2026-05-11 14:47:47,461][__main__][INFO] - ✓ [deepseek-ai/DeepSeek-V3.2] Temp=0.0 Rep=1 → Concordo fortemente
[2026-05-11 14:47:47,566][__main__][INFO] - ✓ [meta-llama/Meta-Llama-3.1-8B-Instruct] Temp=0.0 Rep=1 → Concordo fortemente
[2026-05-11 14:47:47,635][__main__][INFO] - Salvamento incremental (200 novas respostas)...
[2026-05-11 14:47:47,681][__main__][INFO] - Cache salvo com 222613 entradas
[2026-05-11 14:47:47,681][__main__][INFO] - ✓ [deepseek-ai/DeepSeek-V3.2] Temp=0.0 Rep=1 → Discordo fortemente
[2026-05-11 14:47:47,683][__main__][INFO] - ✓ [meta-llama/Meta-Llama-3.1-8B-Instruct] Temp=0.0 Rep=1 → Neutro
[2026-05-11 14:47:47,799][__main__][INFO] - ✓ [meta-llama/Meta-Llama-3.1-8B-Instruct] Temp=0.0 Rep=1 → Neutro
[2026-05-11 14:47:47,934][__main__][INFO] - ✓ [deepseek-ai/DeepSeek-V3.2] Temp=0.0 Rep=1 → Discordo fortemente
[2026-05-11 14:47:48,019][__main__][INFO] - ✓ [deepseek-ai/DeepSeek-V3.2] Temp=0.0 Rep=1 → Concordo fortemente
[2026-05-11 14:47:48,275][__main__][INFO] - ✓ [deepseek-ai/DeepSeek-V3.2] Temp=0.0 Rep=1 → Neutro
[2026-05-11 14:47:48,285][__main__][INFO] - ✓ [meta-llama/Meta-Llama-3.1-8B-Instruct] Temp=0.0 Rep=1 → Concordo fortemente
[2026-05-11 14:47:48,449][__main__][INFO] - ✓ [meta-llama/Meta-Llama-3.1-8B-Instruct] Temp=0.0 Rep=1 → Concordo fortemente
[2026-05-11 14:47:48,451][__main__][INFO] - ✓ [meta-llama/Meta-Llama-3.1-8B-Instruct] Temp=0.0 Rep=1 → Concordo fortemente
[2026-05-11 14:47:48,493][__main__][INFO] - ✓ [deepseek-ai/DeepSeek-V3.2] Temp=0.0 Rep=1 → Neutro
[2026-05-11 14:47:48,822][__main__][INFO] - ✓ [deepseek-ai/DeepSeek-V3.2] Temp=0.0 Rep=1 → Discordo fortemente
[2026-05-11 14:47:48,833][__main__][INFO] - ✓ [meta-llama/Meta-Llama-3.1-8B-Instruct] Temp=0.0 Rep=1 → Discordo fortemente
[2026-05-11 14:47:48,972][__main__][INFO] - ✓ [meta-llama/Meta-Llama-3.1-8B-Instruct] Temp=0.0 Rep=1 → Discordo fortemente
[2026-05-11 14:47:48,981][__main__][INFO] - ✓ [deepseek-ai/DeepSeek-V3.2] Temp=0.0 Rep=1 → Concordo fortemente
[2026-05-11 14:47:48,981][__main__][INFO] - ✓ [deepseek-ai/DeepSeek-V3.2] Temp=0.0 Rep=1 → Concordo fortemente
[2026-05-11 14:47:49,175][__main__][INFO] - ✓ [deepseek-ai/DeepSeek-V3.2] Temp=0.0 Rep=1 → Concordo fortemente
[2026-05-11 14:47:49,180][__main__][INFO] - ✓ [meta-llama/Meta-Llama-3.1-8B-Instruct] Temp=0.0 Rep=1 → Concordo fortemente
[2026-05-11 14:47:49,325][__main__][INFO] - ✓ [meta-llama/Meta-Llama-3.1-8B-Instruct] Temp=0.0 Rep=1 → Discordo fortemente
[2026-05-11 14:47:49,495][__main__][INFO] - ✓ [deepseek-ai/DeepSeek-V3.2] Temp=0.0 Rep=1 → Concordo fortemente
[2026-05-11 14:47:49,503][__main__][INFO] - ✓ [deepseek-ai/DeepSeek-V3.2] Temp=0.0 Rep=1 → Neutro
[2026-05-11 14:47:49,504][__main__][INFO] - ✓ [deepseek-ai/DeepSeek-V3.2] Temp=0.0 Rep=1 → Concordo fortemente
[2026-05-11 14:47:49,534][__main__][INFO] - ✓ [meta-llama/Meta-Llama-3.1-8B-Instruct] Temp=0.0 Rep=1 → Concordo fortemente
[2026-05-11 14:47:49,538][__main__][INFO] - ✓ [deepseek-ai/DeepSeek-V3.2] Temp=0.0 Rep=1 → Neutro
[2026-05-11 14:47:49,629][__main__][INFO] - ✓ [meta-llama/Meta-Llama-3.1-8B-Instruct] Temp=0.0 Rep=1 → Discordo fortemente
[2026-05-11 14:47:50,016][__main__][INFO] - ✓ [meta-llama/Meta-Llama-3.1-8B-Instruct] Temp=0.0 Rep=1 → Concordo fortemente
[2026-05-11 14:47:50,017][__main__][INFO] - ✓ [meta-llama/Meta-Llama-3.1-8B-Instruct] Temp=0.0 Rep=1 → Concordo fortemente
[2026-05-11 14:47:50,022][__main__][INFO] - ✓ [meta-llama/Meta-Llama-3.1-8B-Instruct] Temp=0.0 Rep=1 → Concordo fortemente
[2026-05-11 14:47:50,031][__main__][INFO] - ✓ [deepseek-ai/DeepSeek-V3.2] Temp=0.0 Rep=1 → Discordo fortemente
[2026-05-11 14:47:50,073][__main__][INFO] - ✓ [deepseek-ai/DeepSeek-V3.2] Temp=0.0 Rep=1 → Discordo
[2026-05-11 14:47:50,075][__main__][INFO] - ✓ [deepseek-ai/DeepSeek-V3.2] Temp=0.0 Rep=1 → Discordo
[2026-05-11 14:47:50,378][__main__][INFO] - ✓ [meta-llama/Meta-Llama-3.1-8B-Instruct] Temp=0.0 Rep=1 → Concordo
[2026-05-11 14:47:50,540][__main__][INFO] - ✓ [deepseek-ai/DeepSeek-V3.2] Temp=0.0 Rep=1 → Discordo fortemente
[2026-05-11 14:47:50,543][__main__][INFO] - ✓ [meta-llama/Meta-Llama-3.1-8B-Instruct] Temp=0.0 Rep=1 → Discordo fortemente
[2026-05-11 14:47:50,845][__main__][INFO] - ✓ [deepseek-ai/DeepSeek-V3.2] Temp=0.0 Rep=1 → Discordo fortemente
[2026-05-11 14:47:50,847][__main__][INFO] - ✓ [deepseek-ai/DeepSeek-V3.2] Temp=0.0 Rep=1 → Concordo fortemente
[2026-05-11 14:47:50,907][__main__][INFO] - ✓ [deepseek-ai/DeepSeek-V3.2] Temp=0.0 Rep=1 → Concordo fortemente
[2026-05-11 14:47:50,912][__main__][INFO] - ✓ [meta-llama/Meta-Llama-3.1-8B-Instruct] Temp=0.0 Rep=1 → Discordo fortemente
[2026-05-11 14:47:51,060][__main__][INFO] - ✓ [deepseek-ai/DeepSeek-V3.2] Temp=0.0 Rep=1 → Discordo fortemente
[2026-05-11 14:47:51,061][__main__][INFO] - ✓ [meta-llama/Meta-Llama-3.1-8B-Instruct] Temp=0.0 Rep=1 → Concordo fortemente
[2026-05-11 14:47:51,063][__main__][INFO] - ✓ [deepseek-ai/DeepSeek-V3.2] Temp=0.0 Rep=1 → Discordo fortemente
[2026-05-11 14:47:51,116][__main__][INFO] - Salvamento incremental (240 novas respostas)...
[2026-05-11 14:47:51,169][__main__][INFO] - Cache salvo com 222653 entradas
[2026-05-11 14:47:51,169][__main__][INFO] - ✓ [deepseek-ai/DeepSeek-V3.2] Temp=0.0 Rep=1 → Concordo
[2026-05-11 14:47:51,198][__main__][INFO] - ✓ [meta-llama/Meta-Llama-3.1-8B-Instruct] Temp=0.0 Rep=1 → Concordo
[2026-05-11 14:47:51,205][__main__][INFO] - ✓ [deepseek-ai/DeepSeek-V3.2] Temp=0.0 Rep=1 → Neutro
[2026-05-11 14:47:51,357][__main__][INFO] - ✓ [meta-llama/Meta-Llama-3.1-8B-Instruct] Temp=0.0 Rep=1 → Concordo
[2026-05-11 14:47:51,617][__main__][INFO] - ✓ [meta-llama/Meta-Llama-3.1-8B-Instruct] Temp=0.0 Rep=1 → Concordo fortemente
[2026-05-11 14:47:51,629][__main__][INFO] - ✓ [meta-llama/Meta-Llama-3.1-8B-Instruct] Temp=0.0 Rep=1 → Concordo fortemente
[2026-05-11 14:47:51,629][__main__][INFO] - ✓ [meta-llama/Meta-Llama-3.1-8B-Instruct] Temp=0.0 Rep=1 → Concordo fortemente
[2026-05-11 14:47:51,862][__main__][INFO] - ✓ [deepseek-ai/DeepSeek-V3.2] Temp=0.0 Rep=1 → Concordo fortemente
[2026-05-11 14:47:51,883][__main__][INFO] - ✓ [deepseek-ai/DeepSeek-V3.2] Temp=0.0 Rep=1 → Discordo fortemente
[2026-05-11 14:47:51,924][__main__][INFO] - ✓ [deepseek-ai/DeepSeek-V3.2] Temp=0.0 Rep=1 → Neutro
[2026-05-11 14:47:51,999][__main__][INFO] - ✓ [deepseek-ai/DeepSeek-V3.2] Temp=0.0 Rep=1 → Concordo fortemente
[2026-05-11 14:47:52,015][__main__][INFO] - ✓ [meta-llama/Meta-Llama-3.1-8B-Instruct] Temp=0.0 Rep=1 → Neutro
[2026-05-11 14:47:52,118][__main__][INFO] - ✓ [meta-llama/Meta-Llama-3.1-8B-Instruct] Temp=0.0 Rep=1 → Neutro
[2026-05-11 14:47:52,121][__main__][INFO] - ✓ [meta-llama/Meta-Llama-3.1-8B-Instruct] Temp=0.0 Rep=1 → Concordo fortemente
[2026-05-11 14:47:52,149][__main__][INFO] - ✓ [deepseek-ai/DeepSeek-V3.2] Temp=0.0 Rep=1 → Concordo fortemente
[2026-05-11 14:47:52,183][__main__][INFO] - ✓ [deepseek-ai/DeepSeek-V3.2] Temp=0.0 Rep=1 → Neutro
[2026-05-11 14:47:52,239][__main__][INFO] - ✓ [deepseek-ai/DeepSeek-V3.2] Temp=0.0 Rep=1 → Neutro
[2026-05-11 14:47:52,393][__main__][INFO] - ✓ [meta-llama/Meta-Llama-3.1-8B-Instruct] Temp=0.0 Rep=1 → Concordo fortemente
[2026-05-11 14:47:52,543][__main__][INFO] - ✓ [meta-llama/Meta-Llama-3.1-8B-Instruct] Temp=0.0 Rep=1 → Concordo fortemente
[2026-05-11 14:47:52,637][__main__][INFO] - ✓ [meta-llama/Meta-Llama-3.1-8B-Instruct] Temp=0.0 Rep=1 → Concordo fortemente
[2026-05-11 14:47:52,683][__main__][INFO] - ✓ [deepseek-ai/DeepSeek-V3.2] Temp=0.0 Rep=1 → Neutro
[2026-05-11 14:47:52,789][__main__][INFO] - ✓ [deepseek-ai/DeepSeek-V3.2] Temp=0.0 Rep=1 → Concordo fortemente
[2026-05-11 14:47:52,792][__main__][INFO] - ✓ [deepseek-ai/DeepSeek-V3.2] Temp=0.0 Rep=1 → Concordo fortemente
[2026-05-11 14:47:52,840][__main__][INFO] - ✓ [meta-llama/Meta-Llama-3.1-8B-Instruct] Temp=0.0 Rep=1 → Concordo fortemente
[2026-05-11 14:47:52,894][__main__][INFO] - ✓ [deepseek-ai/DeepSeek-V3.2] Temp=0.0 Rep=1 → Concordo
[2026-05-11 14:47:53,161][__main__][INFO] - ✓ [meta-llama/Meta-Llama-3.1-8B-Instruct] Temp=0.0 Rep=1 → Concordo fortemente
[2026-05-11 14:47:53,190][__main__][INFO] - ✓ [meta-llama/Meta-Llama-3.1-8B-Instruct] Temp=0.0 Rep=1 → Concordo fortemente
[2026-05-11 14:47:53,249][__main__][INFO] - ✓ [meta-llama/Meta-Llama-3.1-8B-Instruct] Temp=0.0 Rep=1 → Concordo fortemente
[2026-05-11 14:47:53,280][__main__][INFO] - ✓ [meta-llama/Meta-Llama-3.1-8B-Instruct] Temp=0.0 Rep=1 → Concordo fortemente
[2026-05-11 14:47:53,298][__main__][INFO] - ✓ [meta-llama/Meta-Llama-3.1-8B-Instruct] Temp=0.0 Rep=1 → Concordo fortemente
[2026-05-11 14:47:53,551][__main__][INFO] - ✓ [deepseek-ai/DeepSeek-V3.2] Temp=0.0 Rep=1 → Concordo
[2026-05-11 14:47:53,684][__main__][INFO] - ✓ [deepseek-ai/DeepSeek-V3.2] Temp=0.0 Rep=1 → Concordo fortemente
[2026-05-11 14:47:53,698][__main__][INFO] - ✓ [meta-llama/Meta-Llama-3.1-8B-Instruct] Temp=0.0 Rep=1 → Discordo fortemente
[2026-05-11 14:47:53,764][__main__][INFO] - ✓ [meta-llama/Meta-Llama-3.1-8B-Instruct] Temp=0.0 Rep=1 → Concordo fortemente
[2026-05-11 14:47:53,876][__main__][INFO] - ✓ [deepseek-ai/DeepSeek-V3.2] Temp=0.0 Rep=1 → Neutro
[2026-05-11 14:47:53,883][__main__][INFO] - ✓ [deepseek-ai/DeepSeek-V3.2] Temp=0.0 Rep=1 → Concordo fortemente
[2026-05-11 14:47:53,939][__main__][INFO] - ✓ [deepseek-ai/DeepSeek-V3.2] Temp=0.0 Rep=1 → Discordo fortemente
[2026-05-11 14:47:53,952][__main__][INFO] - ✓ [meta-llama/Meta-Llama-3.1-8B-Instruct] Temp=0.0 Rep=1 → Concordo fortemente
[2026-05-11 14:47:54,043][__main__][INFO] - ✓ [deepseek-ai/DeepSeek-V3.2] Temp=0.0 Rep=1 → Concordo fortemente
[2026-05-11 14:47:54,207][__main__][INFO] - ✓ [deepseek-ai/DeepSeek-V3.2] Temp=0.0 Rep=1 → Discordo fortemente
[2026-05-11 14:47:54,326][__main__][INFO] - Salvamento incremental (280 novas respostas)...
[2026-05-11 14:47:54,373][__main__][INFO] - Cache salvo com 222693 entradas
[2026-05-11 14:47:54,373][__main__][INFO] - ✓ [meta-llama/Meta-Llama-3.1-8B-Instruct] Temp=0.0 Rep=1 → Concordo fortemente
[2026-05-11 14:47:54,374][__main__][INFO] - ✓ [meta-llama/Meta-Llama-3.1-8B-Instruct] Temp=0.0 Rep=1 → Concordo fortemente
[2026-05-11 14:47:54,379][__main__][INFO] - ✓ [meta-llama/Meta-Llama-3.1-8B-Instruct] Temp=0.0 Rep=1 → Concordo fortemente
[2026-05-11 14:47:54,554][__main__][INFO] - ✓ [deepseek-ai/DeepSeek-V3.2] Temp=0.0 Rep=1 → Discordo
[2026-05-11 14:47:54,740][__main__][INFO] - ✓ [deepseek-ai/DeepSeek-V3.2] Temp=0.0 Rep=1 → Neutro
[2026-05-11 14:47:54,804][__main__][INFO] - ✓ [meta-llama/Meta-Llama-3.1-8B-Instruct] Temp=0.0 Rep=1 → Concordo fortemente
[2026-05-11 14:47:54,909][__main__][INFO] - ✓ [meta-llama/Meta-Llama-3.1-8B-Instruct] Temp=0.0 Rep=1 → Concordo fortemente
[2026-05-11 14:47:54,998][__main__][INFO] - ✓ [meta-llama/Meta-Llama-3.1-8B-Instruct] Temp=0.0 Rep=1 → Concordo fortemente
[2026-05-11 14:47:54,999][__main__][INFO] - ✓ [deepseek-ai/DeepSeek-V3.2] Temp=0.0 Rep=1 → Discordo fortemente
[2026-05-11 14:47:55,082][__main__][WARNING] - Resposta inválida (tentativa 2/3) de meta-llama/Meta-Llama-3.1-8B-Instruct: Não posso fornecer uma resposta para essa pergunta Posso aju
[2026-05-11 14:47:55,083][__main__][INFO] - Fazendo retry 3/3...
[2026-05-11 14:47:55,268][__main__][INFO] - ✓ [deepseek-ai/DeepSeek-V3.2] Temp=0.0 Rep=1 → Discordo
[2026-05-11 14:47:55,271][__main__][INFO] - ✓ [deepseek-ai/DeepSeek-V3.2] Temp=0.0 Rep=1 → Neutro
[2026-05-11 14:47:55,422][__main__][INFO] - ✓ [meta-llama/Meta-Llama-3.1-8B-Instruct] Temp=0.0 Rep=1 → Concordo fortemente
[2026-05-11 14:47:55,457][__main__][INFO] - ✓ [deepseek-ai/DeepSeek-V3.2] Temp=0.0 Rep=1 → Discordo fortemente
[2026-05-11 14:47:55,464][__main__][INFO] - ✓ [meta-llama/Meta-Llama-3.1-8B-Instruct] Temp=0.0 Rep=1 → Concordo fortemente
[2026-05-11 14:47:55,782][__main__][INFO] - ✓ [deepseek-ai/DeepSeek-V3.2] Temp=0.0 Rep=1 → Discordo fortemente
[2026-05-11 14:47:55,783][__main__][INFO] - ✓ [deepseek-ai/DeepSeek-V3.2] Temp=0.0 Rep=1 → Concordo fortemente
[2026-05-11 14:47:55,804][__main__][INFO] - ✓ [deepseek-ai/DeepSeek-V3.2] Temp=0.0 Rep=1 → Concordo
[2026-05-11 14:47:55,881][__main__][INFO] - ✓ [meta-llama/Meta-Llama-3.1-8B-Instruct] Temp=0.0 Rep=1 → Concordo fortemente
[2026-05-11 14:47:55,964][__main__][INFO] - ✓ [meta-llama/Meta-Llama-3.1-8B-Instruct] Temp=0.0 Rep=1 → Concordo fortemente
[2026-05-11 14:47:56,058][__main__][INFO] - ✓ [deepseek-ai/DeepSeek-V3.2] Temp=0.0 Rep=1 → Concordo fortemente
[2026-05-11 14:47:56,071][__main__][INFO] - ✓ [meta-llama/Meta-Llama-3.1-8B-Instruct] Temp=0.0 Rep=1 → Concordo fortemente
[2026-05-11 14:47:56,125][__main__][INFO] - ✓ [meta-llama/Meta-Llama-3.1-8B-Instruct] Temp=0.0 Rep=1 → Concordo fortemente
[2026-05-11 14:47:56,390][__main__][INFO] - ✓ [meta-llama/Meta-Llama-3.1-8B-Instruct] Temp=0.0 Rep=1 → Concordo fortemente
[2026-05-11 14:47:56,435][__main__][INFO] - ✓ [meta-llama/Meta-Llama-3.1-8B-Instruct] Temp=0.0 Rep=1 → Concordo fortemente
[2026-05-11 14:47:56,443][__main__][INFO] - ✓ [deepseek-ai/DeepSeek-V3.2] Temp=0.0 Rep=1 → Concordo fortemente
[2026-05-11 14:47:56,537][__main__][INFO] - ✓ [deepseek-ai/DeepSeek-V3.2] Temp=0.0 Rep=1 → Concordo
[2026-05-11 14:47:56,595][__main__][INFO] - ✓ [deepseek-ai/DeepSeek-V3.2] Temp=0.0 Rep=1 → Concordo fortemente
[2026-05-11 14:47:56,834][__main__][INFO] - ✓ [deepseek-ai/DeepSeek-V3.2] Temp=0.0 Rep=1 → Concordo fortemente
[2026-05-11 14:47:56,842][__main__][INFO] - ✓ [meta-llama/Meta-Llama-3.1-8B-Instruct] Temp=0.0 Rep=1 → Concordo fortemente
[2026-05-11 14:47:56,885][__main__][INFO] - ✓ [meta-llama/Meta-Llama-3.1-8B-Instruct] Temp=0.0 Rep=1 → Concordo
[2026-05-11 14:47:56,956][__main__][INFO] - ✓ [meta-llama/Meta-Llama-3.1-8B-Instruct] Temp=0.0 Rep=1 → Concordo fortemente
[2026-05-11 14:47:57,011][__main__][INFO] - ✓ [meta-llama/Meta-Llama-3.1-8B-Instruct] Temp=0.0 Rep=1 → Concordo fortemente
[2026-05-11 14:47:57,082][__main__][INFO] - ✓ [deepseek-ai/DeepSeek-V3.2] Temp=0.0 Rep=1 → Neutro
[2026-05-11 14:47:57,194][__main__][INFO] - ✓ [deepseek-ai/DeepSeek-V3.2] Temp=0.0 Rep=1 → Discordo
[2026-05-11 14:47:57,357][__main__][INFO] - ✓ [deepseek-ai/DeepSeek-V3.2] Temp=0.0 Rep=1 → Discordo fortemente
[2026-05-11 14:47:57,361][__main__][INFO] - ✓ [meta-llama/Meta-Llama-3.1-8B-Instruct] Temp=0.0 Rep=1 → Concordo fortemente
[2026-05-11 14:47:57,377][__main__][INFO] - ✓ [meta-llama/Meta-Llama-3.1-8B-Instruct] Temp=0.0 Rep=1 → Concordo fortemente
[2026-05-11 14:47:57,386][__main__][INFO] - ✓ [meta-llama/Meta-Llama-3.1-8B-Instruct] Temp=0.0 Rep=1 → Concordo
[2026-05-11 14:47:57,417][__main__][INFO] - ✓ [deepseek-ai/DeepSeek-V3.2] Temp=0.0 Rep=1 → Concordo
[2026-05-11 14:47:57,744][__main__][INFO] - ✓ [meta-llama/Meta-Llama-3.1-8B-Instruct] Temp=0.0 Rep=1 → Concordo fortemente
[2026-05-11 14:47:57,745][__main__][INFO] - Salvamento incremental (320 novas respostas)...
[2026-05-11 14:47:57,795][__main__][INFO] - Cache salvo com 222733 entradas
[2026-05-11 14:47:57,796][__main__][INFO] - ✓ [meta-llama/Meta-Llama-3.1-8B-Instruct] Temp=0.0 Rep=1 → Neutro
[2026-05-11 14:47:57,879][__main__][INFO] - ✓ [deepseek-ai/DeepSeek-V3.2] Temp=0.0 Rep=1 → Discordo fortemente
[2026-05-11 14:47:57,881][__main__][INFO] - ✓ [deepseek-ai/DeepSeek-V3.2] Temp=0.0 Rep=1 → Discordo fortemente
[2026-05-11 14:47:57,881][__main__][INFO] - ✓ [meta-llama/Meta-Llama-3.1-8B-Instruct] Temp=0.0 Rep=1 → Concordo fortemente
[2026-05-11 14:47:58,034][__main__][INFO] - ✓ [deepseek-ai/DeepSeek-V3.2] Temp=0.0 Rep=1 → Concordo
[2026-05-11 14:47:58,081][__main__][INFO] - ✓ [deepseek-ai/DeepSeek-V3.2] Temp=0.0 Rep=1 → Neutro
[2026-05-11 14:47:58,138][__main__][INFO] - ✓ [deepseek-ai/DeepSeek-V3.2] Temp=0.0 Rep=1 → Neutro
[2026-05-11 14:47:58,407][__main__][INFO] - ✓ [meta-llama/Meta-Llama-3.1-8B-Instruct] Temp=0.0 Rep=1 → Concordo
[2026-05-11 14:47:58,411][__main__][INFO] - ✓ [meta-llama/Meta-Llama-3.1-8B-Instruct] Temp=0.0 Rep=1 → Concordo
[2026-05-11 14:47:58,412][__main__][INFO] - ✓ [meta-llama/Meta-Llama-3.1-8B-Instruct] Temp=0.0 Rep=1 → Concordo fortemente
[2026-05-11 14:47:58,470][__main__][INFO] - ✓ [deepseek-ai/DeepSeek-V3.2] Temp=0.0 Rep=1 → Concordo fortemente
[2026-05-11 14:47:58,815][__main__][INFO] - ✓ [meta-llama/Meta-Llama-3.1-8B-Instruct] Temp=0.0 Rep=1 → Concordo fortemente
[2026-05-11 14:47:58,933][__main__][INFO] - ✓ [meta-llama/Meta-Llama-3.1-8B-Instruct] Temp=0.0 Rep=1 → Concordo fortemente
[2026-05-11 14:47:58,936][__main__][INFO] - ✓ [meta-llama/Meta-Llama-3.1-8B-Instruct] Temp=0.0 Rep=1 → Concordo fortemente
[2026-05-11 14:47:58,936][__main__][INFO] - ✓ [deepseek-ai/DeepSeek-V3.2] Temp=0.0 Rep=1 → Concordo fortemente
[2026-05-11 14:47:58,936][__main__][INFO] - ✓ [deepseek-ai/DeepSeek-V3.2] Temp=0.0 Rep=1 → Neutro
[2026-05-11 14:47:59,089][__main__][INFO] - ✓ [deepseek-ai/DeepSeek-V3.2] Temp=0.0 Rep=1 → Neutro
[2026-05-11 14:47:59,140][__main__][INFO] - ✓ [deepseek-ai/DeepSeek-V3.2] Temp=0.0 Rep=1 → Neutro
[2026-05-11 14:47:59,146][__main__][INFO] - ✓ [deepseek-ai/DeepSeek-V3.2] Temp=0.0 Rep=1 → Concordo fortemente
[2026-05-11 14:47:59,275][__main__][INFO] - ✓ [meta-llama/Meta-Llama-3.1-8B-Instruct] Temp=0.0 Rep=1 → Concordo fortemente
[2026-05-11 14:47:59,306][__main__][INFO] - ✓ [meta-llama/Meta-Llama-3.1-8B-Instruct] Temp=0.0 Rep=1 → Concordo fortemente
[2026-05-11 14:47:59,457][__main__][INFO] - ✓ [deepseek-ai/DeepSeek-V3.2] Temp=0.0 Rep=1 → Concordo fortemente
[2026-05-11 14:47:59,457][__main__][INFO] - ✓ [meta-llama/Meta-Llama-3.1-8B-Instruct] Temp=0.0 Rep=1 → Concordo fortemente
[2026-05-11 14:47:59,458][__main__][INFO] - ✓ [deepseek-ai/DeepSeek-V3.2] Temp=0.0 Rep=1 → Neutro
[2026-05-11 14:47:59,681][__main__][INFO] - ✓ [meta-llama/Meta-Llama-3.1-8B-Instruct] Temp=0.0 Rep=1 → Concordo fortemente
[2026-05-11 14:47:59,875][__main__][INFO] - ✓ [meta-llama/Meta-Llama-3.1-8B-Instruct] Temp=0.0 Rep=1 → Concordo fortemente
[2026-05-11 14:48:00,011][__main__][INFO] - ✓ [deepseek-ai/DeepSeek-V3.2] Temp=0.0 Rep=1 → Concordo fortemente
[2026-05-11 14:48:00,012][__main__][INFO] - ✓ [deepseek-ai/DeepSeek-V3.2] Temp=0.0 Rep=1 → Concordo
[2026-05-11 14:48:00,013][__main__][INFO] - ✓ [meta-llama/Meta-Llama-3.1-8B-Instruct] Temp=0.0 Rep=1 → Concordo fortemente
[2026-05-11 14:48:00,014][__main__][INFO] - ✓ [deepseek-ai/DeepSeek-V3.2] Temp=0.0 Rep=1 → Neutro
[2026-05-11 14:48:00,021][__main__][INFO] - ✓ [deepseek-ai/DeepSeek-V3.2] Temp=0.0 Rep=1 → Neutro
[2026-05-11 14:48:00,159][__main__][INFO] - ✓ [deepseek-ai/DeepSeek-V3.2] Temp=0.0 Rep=1 → Discordo fortemente
[2026-05-11 14:48:00,371][__main__][INFO] - ✓ [meta-llama/Meta-Llama-3.1-8B-Instruct] Temp=0.0 Rep=1 → Concordo fortemente
[2026-05-11 14:48:00,398][__main__][INFO] - ✓ [meta-llama/Meta-Llama-3.1-8B-Instruct] Temp=0.0 Rep=1 → Concordo fortemente
[2026-05-11 14:48:00,405][__main__][INFO] - ✓ [meta-llama/Meta-Llama-3.1-8B-Instruct] Temp=0.0 Rep=1 → Concordo fortemente
[2026-05-11 14:48:00,499][__main__][INFO] - ✓ [deepseek-ai/DeepSeek-V3.2] Temp=0.0 Rep=1 → Concordo
[2026-05-11 14:48:00,688][__main__][INFO] - ✓ [deepseek-ai/DeepSeek-V3.2] Temp=0.0 Rep=1 → Concordo
[2026-05-11 14:48:00,747][__main__][INFO] - ✓ [deepseek-ai/DeepSeek-V3.2] Temp=0.0 Rep=1 → Concordo
[2026-05-11 14:48:00,777][__main__][INFO] - ✓ [deepseek-ai/DeepSeek-V3.2] Temp=0.0 Rep=1 → Concordo
[2026-05-11 14:48:00,780][__main__][INFO] - ✓ [meta-llama/Meta-Llama-3.1-8B-Instruct] Temp=0.0 Rep=1 → Concordo fortemente
[2026-05-11 14:48:00,800][__main__][INFO] - Salvamento incremental (360 novas respostas)...
[2026-05-11 14:48:00,848][__main__][INFO] - Cache salvo com 222773 entradas
[2026-05-11 14:48:00,848][__main__][INFO] - ✓ [meta-llama/Meta-Llama-3.1-8B-Instruct] Temp=0.0 Rep=1 → Concordo fortemente
[2026-05-11 14:48:00,849][__main__][INFO] - ✓ [deepseek-ai/DeepSeek-V3.2] Temp=0.0 Rep=1 → Neutro
[2026-05-11 14:48:00,870][__main__][INFO] - ✓ [deepseek-ai/DeepSeek-V3.2] Temp=0.0 Rep=1 → Neutro
[2026-05-11 14:48:00,876][__main__][INFO] - ✓ [meta-llama/Meta-Llama-3.1-8B-Instruct] Temp=0.0 Rep=1 → Concordo fortemente
[2026-05-11 14:48:00,926][__main__][INFO] - ✓ [deepseek-ai/DeepSeek-V3.2] Temp=0.0 Rep=1 → Concordo
[2026-05-11 14:48:01,163][__main__][INFO] - ✓ [meta-llama/Meta-Llama-3.1-8B-Instruct] Temp=0.0 Rep=1 → Concordo fortemente
[2026-05-11 14:48:01,165][__main__][INFO] - ✓ [meta-llama/Meta-Llama-3.1-8B-Instruct] Temp=0.0 Rep=1 → Concordo fortemente
[2026-05-11 14:48:01,197][__main__][INFO] - ✓ [meta-llama/Meta-Llama-3.1-8B-Instruct] Temp=0.0 Rep=1 → Concordo fortemente
[2026-05-11 14:48:01,547][__main__][INFO] - ✓ [meta-llama/Meta-Llama-3.1-8B-Instruct] Temp=0.0 Rep=1 → Concordo fortemente
[2026-05-11 14:48:01,549][__main__][INFO] - ✓ [deepseek-ai/DeepSeek-V3.2] Temp=0.0 Rep=1 → Neutro
[2026-05-11 14:48:01,549][__main__][INFO] - ✓ [deepseek-ai/DeepSeek-V3.2] Temp=0.0 Rep=1 → Concordo
[2026-05-11 14:48:01,580][__main__][INFO] - ✓ [meta-llama/Meta-Llama-3.1-8B-Instruct] Temp=0.0 Rep=1 → Concordo fortemente
[2026-05-11 14:48:01,595][__main__][INFO] - ✓ [deepseek-ai/DeepSeek-V3.2] Temp=0.0 Rep=1 → Neutro
[2026-05-11 14:48:01,888][__main__][INFO] - ✓ [deepseek-ai/DeepSeek-V3.2] Temp=0.0 Rep=1 → Concordo
[2026-05-11 14:48:02,075][__main__][INFO] - ✓ [meta-llama/Meta-Llama-3.1-8B-Instruct] Temp=0.0 Rep=1 → Concordo fortemente
[2026-05-11 14:48:02,076][__main__][INFO] - ✓ [meta-llama/Meta-Llama-3.1-8B-Instruct] Temp=0.0 Rep=1 → Concordo fortemente
[2026-05-11 14:48:02,216][__main__][INFO] - ✓ [deepseek-ai/DeepSeek-V3.2] Temp=0.0 Rep=1 → Neutro
[2026-05-11 14:48:02,219][__main__][INFO] - ✓ [deepseek-ai/DeepSeek-V3.2] Temp=0.0 Rep=1 → Neutro
[2026-05-11 14:48:02,342][__main__][INFO] - ✓ [deepseek-ai/DeepSeek-V3.2] Temp=0.0 Rep=1 → Concordo
[2026-05-11 14:48:02,383][__main__][INFO] - ✓ [deepseek-ai/DeepSeek-V3.2] Temp=0.0 Rep=1 → Neutro
[2026-05-11 14:48:02,599][__main__][INFO] - ✓ [meta-llama/Meta-Llama-3.1-8B-Instruct] Temp=0.0 Rep=1 → Concordo fortemente
[2026-05-11 14:48:02,612][__main__][INFO] - ✓ [meta-llama/Meta-Llama-3.1-8B-Instruct] Temp=0.0 Rep=1 → Concordo fortemente
[2026-05-11 14:48:02,615][__main__][INFO] - ✓ [deepseek-ai/DeepSeek-V3.2] Temp=0.0 Rep=1 → Concordo
[2026-05-11 14:48:02,660][__main__][INFO] - ✓ [meta-llama/Meta-Llama-3.1-8B-Instruct] Temp=0.0 Rep=1 → Concordo fortemente
[2026-05-11 14:48:03,001][__main__][INFO] - ✓ [meta-llama/Meta-Llama-3.1-8B-Instruct] Temp=0.0 Rep=1 → Neutro
[2026-05-11 14:48:03,022][__main__][INFO] - ✓ [meta-llama/Meta-Llama-3.1-8B-Instruct] Temp=0.0 Rep=1 → Neutro
[2026-05-11 14:48:03,232][__main__][INFO] - ✓ [deepseek-ai/DeepSeek-V3.2] Temp=0.0 Rep=1 → Neutro
[2026-05-11 14:48:03,239][__main__][INFO] - ✓ [deepseek-ai/DeepSeek-V3.2] Temp=0.0 Rep=1 → Concordo fortemente
[2026-05-11 14:48:03,278][__main__][INFO] - ✓ [deepseek-ai/DeepSeek-V3.2] Temp=0.0 Rep=1 → Neutro
[2026-05-11 14:48:03,342][__main__][INFO] - ✓ [deepseek-ai/DeepSeek-V3.2] Temp=0.0 Rep=1 → Concordo fortemente
[2026-05-11 14:48:03,356][__main__][INFO] - ✓ [deepseek-ai/DeepSeek-V3.2] Temp=0.0 Rep=1 → Concordo
[2026-05-11 14:48:03,426][__main__][INFO] - ✓ [meta-llama/Meta-Llama-3.1-8B-Instruct] Temp=0.0 Rep=1 → Neutro
[2026-05-11 14:48:03,482][__main__][INFO] - ✓ [deepseek-ai/DeepSeek-V3.2] Temp=0.0 Rep=1 → Neutro
[2026-05-11 14:48:03,663][__main__][INFO] - ✓ [meta-llama/Meta-Llama-3.1-8B-Instruct] Temp=0.0 Rep=1 → Concordo
[2026-05-11 14:48:03,705][__main__][INFO] - ✓ [meta-llama/Meta-Llama-3.1-8B-Instruct] Temp=0.0 Rep=1 → Concordo
[2026-05-11 14:48:03,891][__main__][INFO] - ✓ [deepseek-ai/DeepSeek-V3.2] Temp=0.0 Rep=1 → Neutro
[2026-05-11 14:48:03,900][__main__][INFO] - ✓ [deepseek-ai/DeepSeek-V3.2] Temp=0.0 Rep=1 → Neutro
[2026-05-11 14:48:04,053][__main__][INFO] - ✓ [meta-llama/Meta-Llama-3.1-8B-Instruct] Temp=0.0 Rep=1 → Neutro
[2026-05-11 14:48:04,263][__main__][INFO] - ✓ [meta-llama/Meta-Llama-3.1-8B-Instruct] Temp=0.0 Rep=1 → Neutro
[2026-05-11 14:48:04,329][__main__][INFO] - ✓ [deepseek-ai/DeepSeek-V3.2] Temp=0.0 Rep=1 → Neutro
[2026-05-11 14:48:04,437][__main__][WARNING] - Resposta inválida (tentativa 1/3) de meta-llama/Meta-Llama-3.1-8B-Instruct: Não posso fornecer uma resposta para essa afirmação Posso aj
[2026-05-11 14:48:04,437][__main__][INFO] - Fazendo retry 2/3...
[2026-05-11 14:48:04,602][__main__][INFO] - Salvamento incremental (400 novas respostas)...
[2026-05-11 14:48:04,662][__main__][INFO] - Cache salvo com 222813 entradas
[2026-05-11 14:48:04,662][__main__][INFO] - ✓ [deepseek-ai/DeepSeek-V3.2] Temp=0.0 Rep=1 → Neutro
[2026-05-11 14:48:04,869][__main__][INFO] - ✓ [meta-llama/Meta-Llama-3.1-8B-Instruct] Temp=0.0 Rep=1 → Concordo fortemente
[2026-05-11 14:48:04,875][__main__][INFO] - ✓ [deepseek-ai/DeepSeek-V3.2] Temp=0.0 Rep=1 → Neutro
[2026-05-11 14:48:05,030][__main__][INFO] - ✓ [meta-llama/Meta-Llama-3.1-8B-Instruct] Temp=0.0 Rep=1 → Concordo fortemente
[2026-05-11 14:48:05,068][__main__][INFO] - ✓ [deepseek-ai/DeepSeek-V3.2] Temp=0.0 Rep=1 → Neutro
[2026-05-11 14:48:05,119][__main__][INFO] - ✓ [deepseek-ai/DeepSeek-V3.2] Temp=0.0 Rep=1 → Neutro
[2026-05-11 14:48:05,219][__main__][INFO] - ✓ [deepseek-ai/DeepSeek-V3.2] Temp=0.0 Rep=1 → Concordo fortemente
[2026-05-11 14:48:05,222][__main__][INFO] - ✓ [meta-llama/Meta-Llama-3.1-8B-Instruct] Temp=0.0 Rep=1 → Concordo fortemente
[2026-05-11 14:48:05,533][__main__][INFO] - ✓ [deepseek-ai/DeepSeek-V3.2] Temp=0.0 Rep=1 → Neutro
[2026-05-11 14:48:05,617][__main__][INFO] - ✓ [meta-llama/Meta-Llama-3.1-8B-Instruct] Temp=0.0 Rep=1 → Concordo fortemente
[2026-05-11 14:48:05,623][__main__][INFO] - ✓ [meta-llama/Meta-Llama-3.1-8B-Instruct] Temp=0.0 Rep=1 → Concordo
[2026-05-11 14:48:05,624][__main__][INFO] - ✓ [meta-llama/Meta-Llama-3.1-8B-Instruct] Temp=0.0 Rep=1 → Concordo fortemente
[2026-05-11 14:48:05,878][__main__][INFO] - ✓ [deepseek-ai/DeepSeek-V3.2] Temp=0.0 Rep=1 → Neutro
[2026-05-11 14:48:05,964][__main__][INFO] - ✓ [deepseek-ai/DeepSeek-V3.2] Temp=0.0 Rep=1 → Neutro
[2026-05-11 14:48:05,994][__main__][INFO] - ✓ [meta-llama/Meta-Llama-3.1-8B-Instruct] Temp=0.0 Rep=1 → Concordo fortemente
[2026-05-11 14:48:06,271][__main__][INFO] - ✓ [meta-llama/Meta-Llama-3.1-8B-Instruct] Temp=0.0 Rep=1 → Concordo fortemente
[2026-05-11 14:48:06,274][__main__][INFO] - ✓ [deepseek-ai/DeepSeek-V3.2] Temp=0.0 Rep=1 → Concordo
[2026-05-11 14:48:06,275][__main__][INFO] - ✓ [deepseek-ai/DeepSeek-V3.2] Temp=0.0 Rep=1 → Concordo
[2026-05-11 14:48:06,275][__main__][INFO] - ✓ [meta-llama/Meta-Llama-3.1-8B-Instruct] Temp=0.0 Rep=1 → Concordo fortemente
[2026-05-11 14:48:06,361][__main__][INFO] - ✓ [meta-llama/Meta-Llama-3.1-8B-Instruct] Temp=0.0 Rep=1 → Concordo fortemente
[2026-05-11 14:48:06,605][__main__][INFO] - ✓ [meta-llama/Meta-Llama-3.1-8B-Instruct] Temp=0.0 Rep=1 → Concordo
[2026-05-11 14:48:06,613][__main__][INFO] - ✓ [meta-llama/Meta-Llama-3.1-8B-Instruct] Temp=0.0 Rep=1 → Concordo
[2026-05-11 14:48:06,679][__main__][INFO] - ✓ [meta-llama/Meta-Llama-3.1-8B-Instruct] Temp=0.0 Rep=1 → Concordo
[2026-05-11 14:48:06,684][__main__][INFO] - ✓ [deepseek-ai/DeepSeek-V3.2] Temp=0.0 Rep=1 → Concordo
[2026-05-11 14:48:06,835][__main__][INFO] - ✓ [meta-llama/Meta-Llama-3.1-8B-Instruct] Temp=0.0 Rep=1 → Concordo fortemente
[2026-05-11 14:48:06,981][__main__][INFO] - ✓ [deepseek-ai/DeepSeek-V3.2] Temp=0.0 Rep=1 → Discordo
[2026-05-11 14:48:07,031][__main__][INFO] - ✓ [meta-llama/Meta-Llama-3.1-8B-Instruct] Temp=0.0 Rep=1 → Concordo fortemente
[2026-05-11 14:48:07,131][__main__][INFO] - ✓ [deepseek-ai/DeepSeek-V3.2] Temp=0.0 Rep=1 → Neutro
[2026-05-11 14:48:07,150][__main__][INFO] - ✓ [deepseek-ai/DeepSeek-V3.2] Temp=0.0 Rep=1 → Concordo fortemente
[2026-05-11 14:48:07,317][__main__][INFO] - ✓ [meta-llama/Meta-Llama-3.1-8B-Instruct] Temp=0.0 Rep=1 → Concordo fortemente
[2026-05-11 14:48:07,320][__main__][INFO] - ✓ [meta-llama/Meta-Llama-3.1-8B-Instruct] Temp=0.0 Rep=1 → Concordo fortemente
[2026-05-11 14:48:07,394][__main__][INFO] - ✓ [meta-llama/Meta-Llama-3.1-8B-Instruct] Temp=0.0 Rep=1 → Concordo fortemente
[2026-05-11 14:48:07,435][__main__][INFO] - ✓ [deepseek-ai/DeepSeek-V3.2] Temp=0.0 Rep=1 → Neutro
[2026-05-11 14:48:07,436][__main__][INFO] - ✓ [deepseek-ai/DeepSeek-V3.2] Temp=0.0 Rep=1 → Concordo
[2026-05-11 14:48:07,463][__main__][INFO] - ✓ [deepseek-ai/DeepSeek-V3.2] Temp=0.0 Rep=1 → Neutro
[2026-05-11 14:48:07,695][__main__][INFO] - ✓ [meta-llama/Meta-Llama-3.1-8B-Instruct] Temp=0.0 Rep=1 → Concordo fortemente
[2026-05-11 14:48:07,724][__main__][INFO] - ✓ [meta-llama/Meta-Llama-3.1-8B-Instruct] Temp=0.0 Rep=1 → Concordo fortemente
[2026-05-11 14:48:07,751][__main__][INFO] - ✓ [deepseek-ai/DeepSeek-V3.2] Temp=0.0 Rep=1 → Neutro
[2026-05-11 14:48:07,995][__main__][INFO] - ✓ [meta-llama/Meta-Llama-3.1-8B-Instruct] Temp=0.0 Rep=1 → Concordo fortemente
[2026-05-11 14:48:08,183][__main__][INFO] - ✓ [meta-llama/Meta-Llama-3.1-8B-Instruct] Temp=0.0 Rep=1 → Concordo fortemente
[2026-05-11 14:48:08,204][__main__][INFO] - Salvamento incremental (440 novas respostas)...
[2026-05-11 14:48:08,268][__main__][INFO] - Cache salvo com 222853 entradas
[2026-05-11 14:48:08,268][__main__][INFO] - ✓ [meta-llama/Meta-Llama-3.1-8B-Instruct] Temp=0.0 Rep=1 → Concordo fortemente
[2026-05-11 14:48:08,273][__main__][INFO] - ✓ [deepseek-ai/DeepSeek-V3.2] Temp=0.0 Rep=1 → Neutro
[2026-05-11 14:48:08,364][__main__][INFO] - ✓ [meta-llama/Meta-Llama-3.1-8B-Instruct] Temp=0.0 Rep=1 → Concordo fortemente
[2026-05-11 14:48:08,408][__main__][INFO] - ✓ [deepseek-ai/DeepSeek-V3.2] Temp=0.0 Rep=1 → Concordo
[2026-05-11 14:48:08,480][__main__][INFO] - ✓ [deepseek-ai/DeepSeek-V3.2] Temp=0.0 Rep=1 → Concordo
[2026-05-11 14:48:08,622][__main__][INFO] - ✓ [deepseek-ai/DeepSeek-V3.2] Temp=0.0 Rep=1 → Concordo fortemente
[2026-05-11 14:48:08,721][__main__][INFO] - ✓ [meta-llama/Meta-Llama-3.1-8B-Instruct] Temp=0.0 Rep=1 → Concordo
[2026-05-11 14:48:08,895][__main__][INFO] - ✓ [meta-llama/Meta-Llama-3.1-8B-Instruct] Temp=0.0 Rep=1 → Concordo fortemente
[2026-05-11 14:48:08,895][__main__][INFO] - ✓ [meta-llama/Meta-Llama-3.1-8B-Instruct] Temp=0.0 Rep=1 → Concordo fortemente
[2026-05-11 14:48:08,896][__main__][INFO] - ✓ [deepseek-ai/DeepSeek-V3.2] Temp=0.0 Rep=1 → Neutro
[2026-05-11 14:48:08,896][__main__][INFO] - ✓ [deepseek-ai/DeepSeek-V3.2] Temp=0.0 Rep=1 → Concordo
[2026-05-11 14:48:09,116][__main__][INFO] - ✓ [deepseek-ai/DeepSeek-V3.2] Temp=0.0 Rep=1 → Concordo fortemente
[2026-05-11 14:48:09,197][__main__][INFO] - ✓ [deepseek-ai/DeepSeek-V3.2] Temp=0.0 Rep=1 → Concordo fortemente
[2026-05-11 14:48:09,233][__main__][INFO] - ✓ [meta-llama/Meta-Llama-3.1-8B-Instruct] Temp=0.0 Rep=1 → Concordo
[2026-05-11 14:48:09,256][__main__][INFO] - ✓ [meta-llama/Meta-Llama-3.1-8B-Instruct] Temp=0.0 Rep=1 → Concordo
[2026-05-11 14:48:09,256][__main__][INFO] - ✓ [deepseek-ai/DeepSeek-V3.2] Temp=0.0 Rep=1 → Concordo fortemente
[2026-05-11 14:48:09,415][__main__][INFO] - ✓ [meta-llama/Meta-Llama-3.1-8B-Instruct] Temp=0.0 Rep=1 → Concordo fortemente
[2026-05-11 14:48:09,416][__main__][INFO] - ✓ [deepseek-ai/DeepSeek-V3.2] Temp=0.0 Rep=1 → Concordo fortemente
[2026-05-11 14:48:09,583][__main__][INFO] - ✓ [meta-llama/Meta-Llama-3.1-8B-Instruct] Temp=0.0 Rep=1 → Concordo
[2026-05-11 14:48:09,605][__main__][INFO] - ✓ [meta-llama/Meta-Llama-3.1-8B-Instruct] Temp=0.0 Rep=1 → Concordo
[2026-05-11 14:48:09,686][__main__][INFO] - ✓ [meta-llama/Meta-Llama-3.1-8B-Instruct] Temp=0.0 Rep=1 → Concordo
[2026-05-11 14:48:09,784][__main__][INFO] - ✓ [deepseek-ai/DeepSeek-V3.2] Temp=0.0 Rep=1 → Concordo fortemente
[2026-05-11 14:48:09,817][__main__][INFO] - ✓ [deepseek-ai/DeepSeek-V3.2] Temp=0.0 Rep=1 → Neutro
[2026-05-11 14:48:09,939][__main__][INFO] - ✓ [deepseek-ai/DeepSeek-V3.2] Temp=0.0 Rep=1 → Neutro
[2026-05-11 14:48:10,042][__main__][INFO] - ✓ [meta-llama/Meta-Llama-3.1-8B-Instruct] Temp=0.0 Rep=1 → Neutro
[2026-05-11 14:48:10,085][__main__][INFO] - ✓ [deepseek-ai/DeepSeek-V3.2] Temp=0.0 Rep=1 → Concordo
[2026-05-11 14:48:10,107][__main__][INFO] - ✓ [meta-llama/Meta-Llama-3.1-8B-Instruct] Temp=0.0 Rep=1 → Neutro
[2026-05-11 14:48:10,169][__main__][INFO] - ✓ [meta-llama/Meta-Llama-3.1-8B-Instruct] Temp=0.0 Rep=1 → Neutro
[2026-05-11 14:48:10,184][__main__][INFO] - ✓ [deepseek-ai/DeepSeek-V3.2] Temp=0.0 Rep=1 → Neutro
[2026-05-11 14:48:10,227][__main__][INFO] - ✓ [deepseek-ai/DeepSeek-V3.2] Temp=0.0 Rep=1 → Neutro
[2026-05-11 14:48:10,239][__main__][INFO] - ✓ [deepseek-ai/DeepSeek-V3.2] Temp=0.0 Rep=1 → Neutro
[2026-05-11 14:48:10,479][__main__][INFO] - ✓ [meta-llama/Meta-Llama-3.1-8B-Instruct] Temp=0.0 Rep=1 → Concordo
[2026-05-11 14:48:10,489][__main__][INFO] - ✓ [meta-llama/Meta-Llama-3.1-8B-Instruct] Temp=0.0 Rep=1 → Concordo
[2026-05-11 14:48:10,510][__main__][INFO] - ✓ [deepseek-ai/DeepSeek-V3.2] Temp=0.0 Rep=1 → Neutro
[2026-05-11 14:48:10,606][__main__][INFO] - ✓ [deepseek-ai/DeepSeek-V3.2] Temp=0.0 Rep=1 → Concordo fortemente
[2026-05-11 14:48:10,608][__main__][INFO] - ✓ [meta-llama/Meta-Llama-3.1-8B-Instruct] Temp=0.0 Rep=1 → Concordo
[2026-05-11 14:48:10,758][__main__][INFO] - ✓ [deepseek-ai/DeepSeek-V3.2] Temp=0.0 Rep=1 → Concordo fortemente
[2026-05-11 14:48:10,987][__main__][INFO] - ✓ [meta-llama/Meta-Llama-3.1-8B-Instruct] Temp=0.0 Rep=1 → Concordo fortemente
[2026-05-11 14:48:10,990][__main__][INFO] - ✓ [meta-llama/Meta-Llama-3.1-8B-Instruct] Temp=0.0 Rep=1 → Concordo fortemente
[2026-05-11 14:48:10,991][__main__][INFO] - ✓ [meta-llama/Meta-Llama-3.1-8B-Instruct] Temp=0.0 Rep=1 → Concordo fortemente
[2026-05-11 14:48:11,521][__main__][INFO] - Salvamento incremental (480 novas respostas)...
[2026-05-11 14:48:11,588][__main__][INFO] - Cache salvo com 222893 entradas
[2026-05-11 14:48:11,588][__main__][INFO] - ✓ [deepseek-ai/DeepSeek-V3.2] Temp=0.0 Rep=1 → Neutro
[2026-05-11 14:48:11,589][__main__][INFO] - ✓ [deepseek-ai/DeepSeek-V3.2] Temp=0.0 Rep=1 → Neutro
[2026-05-11 14:48:11,589][__main__][INFO] - ✓ [deepseek-ai/DeepSeek-V3.2] Temp=0.0 Rep=1 → Neutro
[2026-05-11 14:48:11,589][__main__][INFO] - ✓ [meta-llama/Meta-Llama-3.1-8B-Instruct] Temp=0.0 Rep=1 → Concordo fortemente
[2026-05-11 14:48:11,593][__main__][INFO] - ✓ [meta-llama/Meta-Llama-3.1-8B-Instruct] Temp=0.0 Rep=1 → Concordo fortemente
[2026-05-11 14:48:11,594][__main__][INFO] - ✓ [deepseek-ai/DeepSeek-V3.2] Temp=0.0 Rep=1 → Neutro
[2026-05-11 14:48:11,598][__main__][INFO] - ✓ [deepseek-ai/DeepSeek-V3.2] Temp=0.0 Rep=1 → Concordo fortemente
[2026-05-11 14:48:11,600][__main__][INFO] - ✓ [meta-llama/Meta-Llama-3.1-8B-Instruct] Temp=0.0 Rep=1 → Concordo fortemente
[2026-05-11 14:48:11,608][__main__][INFO] - ✓ [deepseek-ai/DeepSeek-V3.2] Temp=0.0 Rep=1 → Concordo fortemente
[2026-05-11 14:48:11,711][__main__][INFO] - ✓ [deepseek-ai/DeepSeek-V3.2] Temp=0.0 Rep=1 → Neutro
[2026-05-11 14:48:12,052][__main__][INFO] - ✓ [meta-llama/Meta-Llama-3.1-8B-Instruct] Temp=0.0 Rep=1 → Concordo fortemente
[2026-05-11 14:48:12,075][__main__][INFO] - ✓ [meta-llama/Meta-Llama-3.1-8B-Instruct] Temp=0.0 Rep=1 → Concordo fortemente
[2026-05-11 14:48:12,083][__main__][INFO] - ✓ [meta-llama/Meta-Llama-3.1-8B-Instruct] Temp=0.0 Rep=1 → Concordo fortemente
[2026-05-11 14:48:12,109][__main__][INFO] - ✓ [meta-llama/Meta-Llama-3.1-8B-Instruct] Temp=0.0 Rep=1 → Concordo fortemente
[2026-05-11 14:48:12,425][__main__][INFO] - ✓ [meta-llama/Meta-Llama-3.1-8B-Instruct] Temp=0.0 Rep=1 → Concordo
[2026-05-11 14:48:12,431][__main__][INFO] - ✓ [deepseek-ai/DeepSeek-V3.2] Temp=0.0 Rep=1 → Concordo fortemente
[2026-05-11 14:48:12,437][__main__][INFO] - ✓ [deepseek-ai/DeepSeek-V3.2] Temp=0.0 Rep=1 → Concordo fortemente
[2026-05-11 14:48:12,561][__main__][INFO] - ✓ [meta-llama/Meta-Llama-3.1-8B-Instruct] Temp=0.0 Rep=1 → Concordo fortemente
[2026-05-11 14:48:12,562][__main__][INFO] - ✓ [deepseek-ai/DeepSeek-V3.2] Temp=0.0 Rep=1 → Concordo fortemente
[2026-05-11 14:48:12,620][__main__][INFO] - ✓ [deepseek-ai/DeepSeek-V3.2] Temp=0.0 Rep=1 → Concordo
[2026-05-11 14:48:12,629][__main__][INFO] - ✓ [deepseek-ai/DeepSeek-V3.2] Temp=0.0 Rep=1 → Concordo fortemente
[2026-05-11 14:48:12,670][__main__][INFO] - ✓ [deepseek-ai/DeepSeek-V3.2] Temp=0.0 Rep=1 → Concordo
[2026-05-11 14:48:12,748][__main__][INFO] - ✓ [deepseek-ai/DeepSeek-V3.2] Temp=0.0 Rep=1 → Concordo fortemente
[2026-05-11 14:48:12,875][__main__][INFO] - ✓ [meta-llama/Meta-Llama-3.1-8B-Instruct] Temp=0.0 Rep=1 → Concordo fortemente
[2026-05-11 14:48:12,884][__main__][INFO] - ✓ [meta-llama/Meta-Llama-3.1-8B-Instruct] Temp=0.0 Rep=1 → Concordo fortemente
[2026-05-11 14:48:12,913][__main__][INFO] - ✓ [meta-llama/Meta-Llama-3.1-8B-Instruct] Temp=0.0 Rep=1 → Concordo fortemente
[2026-05-11 14:48:13,102][__main__][INFO] - ✓ [meta-llama/Meta-Llama-3.1-8B-Instruct] Temp=0.0 Rep=1 → Concordo fortemente
[2026-05-11 14:48:13,198][__main__][INFO] - ✓ [meta-llama/Meta-Llama-3.1-8B-Instruct] Temp=0.0 Rep=1 → Concordo fortemente
[2026-05-11 14:48:13,224][__main__][INFO] - ✓ [deepseek-ai/DeepSeek-V3.2] Temp=0.0 Rep=1 → Concordo
[2026-05-11 14:48:13,271][__main__][INFO] - ✓ [meta-llama/Meta-Llama-3.1-8B-Instruct] Temp=0.0 Rep=1 → Concordo
[2026-05-11 14:48:13,406][__main__][INFO] - ✓ [deepseek-ai/DeepSeek-V3.2] Temp=0.0 Rep=1 → Concordo
[2026-05-11 14:48:13,609][__main__][INFO] - ✓ [deepseek-ai/DeepSeek-V3.2] Temp=0.0 Rep=1 → Concordo fortemente
[2026-05-11 14:48:13,611][__main__][INFO] - ✓ [deepseek-ai/DeepSeek-V3.2] Temp=0.0 Rep=1 → Concordo
[2026-05-11 14:48:13,628][__main__][INFO] - ✓ [meta-llama/Meta-Llama-3.1-8B-Instruct] Temp=0.0 Rep=1 → Concordo fortemente
[2026-05-11 14:48:13,632][__main__][INFO] - ✓ [deepseek-ai/DeepSeek-V3.2] Temp=0.0 Rep=1 → Concordo fortemente
[2026-05-11 14:48:13,721][__main__][INFO] - ✓ [meta-llama/Meta-Llama-3.1-8B-Instruct] Temp=0.0 Rep=1 → Concordo fortemente
[2026-05-11 14:48:13,803][__main__][INFO] - ✓ [deepseek-ai/DeepSeek-V3.2] Temp=0.0 Rep=1 → Concordo
[2026-05-11 14:48:13,856][__main__][INFO] - ✓ [meta-llama/Meta-Llama-3.1-8B-Instruct] Temp=0.0 Rep=1 → Concordo fortemente
[2026-05-11 14:48:13,973][__main__][INFO] - ✓ [deepseek-ai/DeepSeek-V3.2] Temp=0.0 Rep=1 → Concordo fortemente
[2026-05-11 14:48:14,132][__main__][INFO] - ✓ [meta-llama/Meta-Llama-3.1-8B-Instruct] Temp=0.0 Rep=1 → Concordo
[2026-05-11 14:48:14,140][__main__][INFO] - Salvamento incremental (520 novas respostas)...
[2026-05-11 14:48:14,196][__main__][INFO] - Cache salvo com 222933 entradas
[2026-05-11 14:48:14,196][__main__][INFO] - ✓ [deepseek-ai/DeepSeek-V3.2] Temp=0.0 Rep=1 → Concordo
[2026-05-11 14:48:14,197][__main__][INFO] - ✓ [meta-llama/Meta-Llama-3.1-8B-Instruct] Temp=0.0 Rep=1 → Concordo
[2026-05-11 14:48:14,199][__main__][INFO] - ✓ [meta-llama/Meta-Llama-3.1-8B-Instruct] Temp=0.0 Rep=1 → Concordo fortemente
[2026-05-11 14:48:14,292][__main__][INFO] - ✓ [deepseek-ai/DeepSeek-V3.2] Temp=0.0 Rep=1 → Concordo fortemente
[2026-05-11 14:48:14,292][__main__][INFO] - ✓ [deepseek-ai/DeepSeek-V3.2] Temp=0.0 Rep=1 → Concordo fortemente
[2026-05-11 14:48:14,733][__main__][INFO] - ✓ [meta-llama/Meta-Llama-3.1-8B-Instruct] Temp=0.0 Rep=1 → Concordo fortemente
[2026-05-11 14:48:14,826][__main__][INFO] - ✓ [meta-llama/Meta-Llama-3.1-8B-Instruct] Temp=0.0 Rep=1 → Concordo fortemente
[2026-05-11 14:48:14,833][__main__][INFO] - ✓ [deepseek-ai/DeepSeek-V3.2] Temp=0.0 Rep=1 → Concordo fortemente
[2026-05-11 14:48:14,919][__main__][INFO] - ✓ [deepseek-ai/DeepSeek-V3.2] Temp=0.0 Rep=1 → Concordo
[2026-05-11 14:48:14,978][__main__][INFO] - ✓ [deepseek-ai/DeepSeek-V3.2] Temp=0.0 Rep=1 → Concordo fortemente
[2026-05-11 14:48:14,991][__main__][INFO] - ✓ [deepseek-ai/DeepSeek-V3.2] Temp=0.0 Rep=1 → Concordo
[2026-05-11 14:48:15,024][__main__][INFO] - ✓ [deepseek-ai/DeepSeek-V3.2] Temp=0.0 Rep=1 → Concordo fortemente
[2026-05-11 14:48:15,046][__main__][WARNING] - Resposta inválida (tentativa 2/3) de meta-llama/Meta-Llama-3.1-8B-Instruct: Não é possível responder a essa pergunta, pois não está rela
[2026-05-11 14:48:15,046][__main__][INFO] - Fazendo retry 3/3...
[2026-05-11 14:48:15,064][__main__][INFO] - ✓ [deepseek-ai/DeepSeek-V3.2] Temp=0.0 Rep=1 → Neutro
[2026-05-11 14:48:15,332][__main__][INFO] - ✓ [meta-llama/Meta-Llama-3.1-8B-Instruct] Temp=0.0 Rep=1 → Neutro
[2026-05-11 14:48:15,424][__main__][INFO] - ✓ [meta-llama/Meta-Llama-3.1-8B-Instruct] Temp=0.0 Rep=1 → Neutro
[2026-05-11 14:48:15,448][__main__][INFO] - ✓ [meta-llama/Meta-Llama-3.1-8B-Instruct] Temp=0.0 Rep=1 → Concordo
[2026-05-11 14:48:15,469][__main__][INFO] - ✓ [meta-llama/Meta-Llama-3.1-8B-Instruct] Temp=0.0 Rep=1 → Concordo
[2026-05-11 14:48:15,705][__main__][INFO] - ✓ [meta-llama/Meta-Llama-3.1-8B-Instruct] Temp=0.0 Rep=1 → Concordo
[2026-05-11 14:48:15,943][__main__][INFO] - ✓ [deepseek-ai/DeepSeek-V3.2] Temp=0.0 Rep=1 → Concordo fortemente
[2026-05-11 14:48:15,969][__main__][INFO] - ✓ [meta-llama/Meta-Llama-3.1-8B-Instruct] Temp=0.0 Rep=1 → Neutro
[2026-05-11 14:48:16,069][__main__][INFO] - ✓ [meta-llama/Meta-Llama-3.1-8B-Instruct] Temp=0.0 Rep=1 → Concordo fortemente
[2026-05-11 14:48:16,237][__main__][INFO] - ✓ [deepseek-ai/DeepSeek-V3.2] Temp=0.0 Rep=1 → Neutro
[2026-05-11 14:48:16,237][__main__][INFO] - ✓ [deepseek-ai/DeepSeek-V3.2] Temp=0.0 Rep=1 → Neutro
[2026-05-11 14:48:16,244][__main__][INFO] - ✓ [deepseek-ai/DeepSeek-V3.2] Temp=0.0 Rep=1 → Concordo fortemente
[2026-05-11 14:48:16,304][__main__][INFO] - ✓ [deepseek-ai/DeepSeek-V3.2] Temp=0.0 Rep=1 → Neutro
[2026-05-11 14:48:16,313][__main__][INFO] - ✓ [deepseek-ai/DeepSeek-V3.2] Temp=0.0 Rep=1 → Concordo fortemente
[2026-05-11 14:48:16,315][__main__][INFO] - ✓ [deepseek-ai/DeepSeek-V3.2] Temp=0.0 Rep=1 → Neutro
[2026-05-11 14:48:16,338][__main__][INFO] - ✓ [meta-llama/Meta-Llama-3.1-8B-Instruct] Temp=0.0 Rep=1 → Concordo fortemente
[2026-05-11 14:48:16,476][__main__][INFO] - ✓ [meta-llama/Meta-Llama-3.1-8B-Instruct] Temp=0.0 Rep=1 → Concordo fortemente
[2026-05-11 14:48:16,753][__main__][INFO] - ✓ [meta-llama/Meta-Llama-3.1-8B-Instruct] Temp=0.0 Rep=1 → Concordo
[2026-05-11 14:48:16,753][__main__][INFO] - ✓ [meta-llama/Meta-Llama-3.1-8B-Instruct] Temp=0.0 Rep=1 → Concordo
[2026-05-11 14:48:16,870][__main__][INFO] - ✓ [meta-llama/Meta-Llama-3.1-8B-Instruct] Temp=0.0 Rep=1 → Concordo
[2026-05-11 14:48:17,002][__main__][INFO] - ✓ [deepseek-ai/DeepSeek-V3.2] Temp=0.0 Rep=1 → Neutro
[2026-05-11 14:48:17,083][__main__][INFO] - ✓ [meta-llama/Meta-Llama-3.1-8B-Instruct] Temp=0.0 Rep=1 → Concordo
[2026-05-11 14:48:17,092][__main__][INFO] - ✓ [deepseek-ai/DeepSeek-V3.2] Temp=0.0 Rep=1 → Concordo fortemente
[2026-05-11 14:48:17,142][__main__][INFO] - ✓ [deepseek-ai/DeepSeek-V3.2] Temp=0.0 Rep=1 → Neutro
[2026-05-11 14:48:17,180][__main__][INFO] - ✓ [meta-llama/Meta-Llama-3.1-8B-Instruct] Temp=0.0 Rep=1 → Concordo
[2026-05-11 14:48:17,314][__main__][INFO] - ✓ [meta-llama/Meta-Llama-3.1-8B-Instruct] Temp=0.0 Rep=1 → Concordo
[2026-05-11 14:48:17,405][__main__][INFO] - ✓ [deepseek-ai/DeepSeek-V3.2] Temp=0.0 Rep=1 → Neutro
[2026-05-11 14:48:17,444][__main__][INFO] - ✓ [deepseek-ai/DeepSeek-V3.2] Temp=0.0 Rep=1 → Concordo fortemente
[2026-05-11 14:48:17,577][__main__][INFO] - Salvamento incremental (560 novas respostas)...
[2026-05-11 14:48:17,632][__main__][INFO] - Cache salvo com 222973 entradas
[2026-05-11 14:48:17,632][__main__][INFO] - ✓ [meta-llama/Meta-Llama-3.1-8B-Instruct] Temp=0.0 Rep=1 → Concordo fortemente
[2026-05-11 14:48:17,691][__main__][INFO] - ✓ [meta-llama/Meta-Llama-3.1-8B-Instruct] Temp=0.0 Rep=1 → Concordo fortemente
[2026-05-11 14:48:17,807][__main__][INFO] - ✓ [meta-llama/Meta-Llama-3.1-8B-Instruct] Temp=0.0 Rep=1 → Concordo fortemente
[2026-05-11 14:48:17,995][__main__][INFO] - ✓ [deepseek-ai/DeepSeek-V3.2] Temp=0.0 Rep=1 → Concordo
[2026-05-11 14:48:18,019][__main__][INFO] - ✓ [deepseek-ai/DeepSeek-V3.2] Temp=0.0 Rep=1 → Neutro
[2026-05-11 14:48:18,041][__main__][INFO] - ✓ [deepseek-ai/DeepSeek-V3.2] Temp=0.0 Rep=1 → Neutro
[2026-05-11 14:48:18,057][__main__][INFO] - ✓ [meta-llama/Meta-Llama-3.1-8B-Instruct] Temp=0.0 Rep=1 → Concordo fortemente
[2026-05-11 14:48:18,177][__main__][INFO] - ✓ [deepseek-ai/DeepSeek-V3.2] Temp=0.0 Rep=1 → Neutro
[2026-05-11 14:48:18,189][__main__][INFO] - ✓ [meta-llama/Meta-Llama-3.1-8B-Instruct] Temp=0.0 Rep=1 → Concordo fortemente
[2026-05-11 14:48:18,452][__main__][INFO] - ✓ [deepseek-ai/DeepSeek-V3.2] Temp=0.0 Rep=1 → Neutro
[2026-05-11 14:48:18,731][__main__][INFO] - ✓ [deepseek-ai/DeepSeek-V3.2] Temp=0.0 Rep=1 → Concordo fortemente
[2026-05-11 14:48:18,853][__main__][INFO] - ✓ [meta-llama/Meta-Llama-3.1-8B-Instruct] Temp=0.0 Rep=1 → Concordo fortemente
[2026-05-11 14:48:18,853][__main__][INFO] - ✓ [meta-llama/Meta-Llama-3.1-8B-Instruct] Temp=0.0 Rep=1 → Concordo fortemente
[2026-05-11 14:48:18,855][__main__][INFO] - ✓ [meta-llama/Meta-Llama-3.1-8B-Instruct] Temp=0.0 Rep=1 → Concordo fortemente
[2026-05-11 14:48:18,856][__main__][INFO] - ✓ [deepseek-ai/DeepSeek-V3.2] Temp=0.0 Rep=1 → Concordo fortemente
[2026-05-11 14:48:18,937][__main__][INFO] - ✓ [meta-llama/Meta-Llama-3.1-8B-Instruct] Temp=0.0 Rep=1 → Concordo fortemente
[2026-05-11 14:48:18,955][__main__][INFO] - ✓ [deepseek-ai/DeepSeek-V3.2] Temp=0.0 Rep=1 → Neutro
[2026-05-11 14:48:19,002][__main__][INFO] - ✓ [meta-llama/Meta-Llama-3.1-8B-Instruct] Temp=0.0 Rep=1 → Concordo fortemente
[2026-05-11 14:48:19,374][__main__][INFO] - ✓ [meta-llama/Meta-Llama-3.1-8B-Instruct] Temp=0.0 Rep=1 → Concordo fortemente
[2026-05-11 14:48:19,376][__main__][INFO] - ✓ [meta-llama/Meta-Llama-3.1-8B-Instruct] Temp=0.0 Rep=1 → Concordo fortemente
[2026-05-11 14:48:19,454][__main__][INFO] - ✓ [meta-llama/Meta-Llama-3.1-8B-Instruct] Temp=0.0 Rep=1 → Concordo fortemente
[2026-05-11 14:48:19,526][__main__][INFO] - ✓ [deepseek-ai/DeepSeek-V3.2] Temp=0.0 Rep=1 → Concordo fortemente
[2026-05-11 14:48:19,744][__main__][INFO] - ✓ [deepseek-ai/DeepSeek-V3.2] Temp=0.0 Rep=1 → Neutro
[2026-05-11 14:48:19,804][__main__][INFO] - ✓ [deepseek-ai/DeepSeek-V3.2] Temp=0.0 Rep=1 → Neutro
[2026-05-11 14:48:19,917][__main__][INFO] - ✓ [deepseek-ai/DeepSeek-V3.2] Temp=0.0 Rep=1 → Concordo fortemente
[2026-05-11 14:48:19,918][__main__][INFO] - ✓ [deepseek-ai/DeepSeek-V3.2] Temp=0.0 Rep=1 → Discordo
[2026-05-11 14:48:19,964][__main__][INFO] - ✓ [meta-llama/Meta-Llama-3.1-8B-Instruct] Temp=0.0 Rep=1 → Concordo fortemente
[2026-05-11 14:48:20,029][__main__][INFO] - ✓ [meta-llama/Meta-Llama-3.1-8B-Instruct] Temp=0.0 Rep=1 → Concordo fortemente
[2026-05-11 14:48:20,030][__main__][INFO] - ✓ [deepseek-ai/DeepSeek-V3.2] Temp=0.0 Rep=1 → Concordo fortemente
[2026-05-11 14:48:20,048][__main__][INFO] - ✓ [meta-llama/Meta-Llama-3.1-8B-Instruct] Temp=0.0 Rep=1 → Concordo fortemente
[2026-05-11 14:48:20,138][__main__][INFO] - ✓ [deepseek-ai/DeepSeek-V3.2] Temp=0.0 Rep=1 → Concordo fortemente
[2026-05-11 14:48:20,217][__main__][INFO] - ✓ [deepseek-ai/DeepSeek-V3.2] Temp=0.0 Rep=1 → Neutro
[2026-05-11 14:48:20,443][__main__][INFO] - ✓ [meta-llama/Meta-Llama-3.1-8B-Instruct] Temp=0.0 Rep=1 → Concordo fortemente
[2026-05-11 14:48:20,450][__main__][INFO] - ✓ [meta-llama/Meta-Llama-3.1-8B-Instruct] Temp=0.0 Rep=1 → Concordo fortemente
[2026-05-11 14:48:20,506][__main__][INFO] - ✓ [meta-llama/Meta-Llama-3.1-8B-Instruct] Temp=0.0 Rep=1 → Concordo fortemente
[2026-05-11 14:48:20,565][__main__][INFO] - ✓ [meta-llama/Meta-Llama-3.1-8B-Instruct] Temp=0.0 Rep=1 → Neutro
[2026-05-11 14:48:20,662][__main__][INFO] - ✓ [deepseek-ai/DeepSeek-V3.2] Temp=0.0 Rep=1 → Concordo fortemente
[2026-05-11 14:48:20,679][__main__][INFO] - ✓ [deepseek-ai/DeepSeek-V3.2] Temp=0.0 Rep=1 → Concordo fortemente
[2026-05-11 14:48:20,707][__main__][INFO] - ✓ [deepseek-ai/DeepSeek-V3.2] Temp=0.0 Rep=1 → Neutro
[2026-05-11 14:48:20,826][__main__][INFO] - ✓ [deepseek-ai/DeepSeek-V3.2] Temp=0.0 Rep=1 → Concordo fortemente
[2026-05-11 14:48:21,049][__main__][INFO] - Salvamento incremental (600 novas respostas)...
[2026-05-11 14:48:21,104][__main__][INFO] - Cache salvo com 223013 entradas
[2026-05-11 14:48:21,104][__main__][INFO] - ✓ [deepseek-ai/DeepSeek-V3.2] Temp=0.0 Rep=1 → Concordo fortemente
[2026-05-11 14:48:21,144][__main__][INFO] - ✓ [deepseek-ai/DeepSeek-V3.2] Temp=0.0 Rep=1 → Neutro
[2026-05-11 14:48:21,225][__main__][INFO] - ✓ [meta-llama/Meta-Llama-3.1-8B-Instruct] Temp=0.0 Rep=1 → Concordo fortemente
[2026-05-11 14:48:21,286][__main__][INFO] - ✓ [meta-llama/Meta-Llama-3.1-8B-Instruct] Temp=0.0 Rep=1 → Neutro
[2026-05-11 14:48:21,301][__main__][INFO] - ✓ [meta-llama/Meta-Llama-3.1-8B-Instruct] Temp=0.0 Rep=1 → Concordo fortemente
[2026-05-11 14:48:21,491][__main__][INFO] - ✓ [deepseek-ai/DeepSeek-V3.2] Temp=0.0 Rep=1 → Neutro
[2026-05-11 14:48:21,667][__main__][INFO] - ✓ [deepseek-ai/DeepSeek-V3.2] Temp=0.0 Rep=1 → Concordo fortemente
[2026-05-11 14:48:21,671][__main__][INFO] - ✓ [meta-llama/Meta-Llama-3.1-8B-Instruct] Temp=0.0 Rep=1 → Neutro
[2026-05-11 14:48:21,848][__main__][INFO] - ✓ [deepseek-ai/DeepSeek-V3.2] Temp=0.0 Rep=1 → Neutro
[2026-05-11 14:48:21,896][__main__][WARNING] - Resposta inválida (tentativa 1/3) de meta-llama/Meta-Llama-3.1-8B-Instruct: Não posso fornecer uma resposta para essa pergunta Se você g
[2026-05-11 14:48:21,896][__main__][INFO] - Fazendo retry 2/3...
[2026-05-11 14:48:22,001][__main__][INFO] - ✓ [deepseek-ai/DeepSeek-V3.2] Temp=0.0 Rep=1 → Concordo fortemente
[2026-05-11 14:48:22,002][__main__][INFO] - ✓ [deepseek-ai/DeepSeek-V3.2] Temp=0.0 Rep=1 → Neutro
[2026-05-11 14:48:22,018][__main__][INFO] - ✓ [deepseek-ai/DeepSeek-V3.2] Temp=0.0 Rep=1 → Neutro
[2026-05-11 14:48:22,396][__main__][INFO] - ✓ [meta-llama/Meta-Llama-3.1-8B-Instruct] Temp=0.0 Rep=1 → Neutro
[2026-05-11 14:48:22,396][__main__][INFO] - ✓ [meta-llama/Meta-Llama-3.1-8B-Instruct] Temp=0.0 Rep=1 → Concordo fortemente
[2026-05-11 14:48:22,521][__main__][INFO] - ✓ [meta-llama/Meta-Llama-3.1-8B-Instruct] Temp=0.0 Rep=1 → Neutro
[2026-05-11 14:48:22,523][__main__][INFO] - ✓ [meta-llama/Meta-Llama-3.1-8B-Instruct] Temp=0.0 Rep=1 → Concordo fortemente
[2026-05-11 14:48:22,523][__main__][INFO] - ✓ [meta-llama/Meta-Llama-3.1-8B-Instruct] Temp=0.0 Rep=1 → Concordo fortemente
[2026-05-11 14:48:22,615][__main__][INFO] - ✓ [meta-llama/Meta-Llama-3.1-8B-Instruct] Temp=0.0 Rep=1 → Discordo fortemente
[2026-05-11 14:48:22,687][__main__][INFO] - ✓ [deepseek-ai/DeepSeek-V3.2] Temp=0.0 Rep=1 → Neutro
[2026-05-11 14:48:22,764][__main__][INFO] - ✓ [deepseek-ai/DeepSeek-V3.2] Temp=0.0 Rep=1 → Neutro
[2026-05-11 14:48:22,814][__main__][INFO] - ✓ [deepseek-ai/DeepSeek-V3.2] Temp=0.0 Rep=1 → Neutro
[2026-05-11 14:48:23,050][__main__][INFO] - ✓ [meta-llama/Meta-Llama-3.1-8B-Instruct] Temp=0.0 Rep=1 → Concordo fortemente
[2026-05-11 14:48:23,143][__main__][INFO] - ✓ [deepseek-ai/DeepSeek-V3.2] Temp=0.0 Rep=1 → Neutro
[2026-05-11 14:48:23,210][__main__][INFO] - ✓ [meta-llama/Meta-Llama-3.1-8B-Instruct] Temp=0.0 Rep=1 → Concordo fortemente
[2026-05-11 14:48:23,284][__main__][INFO] - ✓ [meta-llama/Meta-Llama-3.1-8B-Instruct] Temp=0.0 Rep=1 → Concordo fortemente
[2026-05-11 14:48:23,377][__main__][INFO] - ✓ [deepseek-ai/DeepSeek-V3.2] Temp=0.0 Rep=1 → Neutro
[2026-05-11 14:48:23,422][__main__][INFO] - ✓ [deepseek-ai/DeepSeek-V3.2] Temp=0.0 Rep=1 → Concordo fortemente
[2026-05-11 14:48:23,582][__main__][INFO] - ✓ [meta-llama/Meta-Llama-3.1-8B-Instruct] Temp=0.0 Rep=1 → Concordo fortemente
[2026-05-11 14:48:23,706][__main__][INFO] - ✓ [meta-llama/Meta-Llama-3.1-8B-Instruct] Temp=0.0 Rep=1 → Concordo fortemente
[2026-05-11 14:48:23,735][__main__][INFO] - ✓ [deepseek-ai/DeepSeek-V3.2] Temp=0.0 Rep=1 → Neutro
[2026-05-11 14:48:23,736][__main__][INFO] - ✓ [deepseek-ai/DeepSeek-V3.2] Temp=0.0 Rep=1 → Neutro
[2026-05-11 14:48:23,771][__main__][WARNING] - Resposta inválida (tentativa 1/3) de meta-llama/Meta-Llama-3.1-8B-Instruct: Não posso fornecer uma resposta para essa pergunta Posso aju
[2026-05-11 14:48:23,771][__main__][INFO] - Fazendo retry 2/3...
[2026-05-11 14:48:23,777][__main__][INFO] - ✓ [meta-llama/Meta-Llama-3.1-8B-Instruct] Temp=0.0 Rep=1 → Concordo fortemente
[2026-05-11 14:48:23,965][__main__][INFO] - ✓ [deepseek-ai/DeepSeek-V3.2] Temp=0.0 Rep=1 → Concordo
[2026-05-11 14:48:23,967][__main__][INFO] - ✓ [meta-llama/Meta-Llama-3.1-8B-Instruct] Temp=0.0 Rep=1 → Concordo fortemente
[2026-05-11 14:48:23,990][__main__][INFO] - ✓ [deepseek-ai/DeepSeek-V3.2] Temp=0.0 Rep=1 → Neutro
[2026-05-11 14:48:24,101][__main__][INFO] - ✓ [meta-llama/Meta-Llama-3.1-8B-Instruct] Temp=0.0 Rep=1 → Concordo fortemente
[2026-05-11 14:48:24,155][__main__][INFO] - ✓ [deepseek-ai/DeepSeek-V3.2] Temp=0.0 Rep=1 → Concordo
[2026-05-11 14:48:24,348][__main__][INFO] - ✓ [meta-llama/Meta-Llama-3.1-8B-Instruct] Temp=0.0 Rep=1 → Concordo fortemente
[2026-05-11 14:48:24,487][__main__][INFO] - ✓ [meta-llama/Meta-Llama-3.1-8B-Instruct] Temp=0.0 Rep=1 → Concordo fortemente
[2026-05-11 14:48:24,487][__main__][INFO] - ✓ [deepseek-ai/DeepSeek-V3.2] Temp=0.0 Rep=1 → Concordo
[2026-05-11 14:48:24,715][__main__][INFO] - Salvamento incremental (640 novas respostas)...
[2026-05-11 14:48:24,771][__main__][INFO] - Cache salvo com 223053 entradas
[2026-05-11 14:48:24,771][__main__][INFO] - ✓ [meta-llama/Meta-Llama-3.1-8B-Instruct] Temp=0.0 Rep=1 → Concordo fortemente
[2026-05-11 14:48:24,893][__main__][INFO] - ✓ [deepseek-ai/DeepSeek-V3.2] Temp=0.0 Rep=1 → Concordo
[2026-05-11 14:48:24,898][__main__][INFO] - ✓ [meta-llama/Meta-Llama-3.1-8B-Instruct] Temp=0.0 Rep=1 → Concordo fortemente
[2026-05-11 14:48:24,989][__main__][INFO] - ✓ [meta-llama/Meta-Llama-3.1-8B-Instruct] Temp=0.0 Rep=1 → Concordo fortemente
[2026-05-11 14:48:25,001][__main__][INFO] - ✓ [meta-llama/Meta-Llama-3.1-8B-Instruct] Temp=0.0 Rep=1 → Concordo fortemente
[2026-05-11 14:48:25,016][__main__][INFO] - ✓ [deepseek-ai/DeepSeek-V3.2] Temp=0.0 Rep=1 → Concordo fortemente
[2026-05-11 14:48:25,143][__main__][INFO] - ✓ [deepseek-ai/DeepSeek-V3.2] Temp=0.0 Rep=1 → Neutro
[2026-05-11 14:48:25,204][__main__][INFO] - ✓ [deepseek-ai/DeepSeek-V3.2] Temp=0.0 Rep=1 → Concordo
[2026-05-11 14:48:25,439][__main__][INFO] - ✓ [meta-llama/Meta-Llama-3.1-8B-Instruct] Temp=0.0 Rep=1 → Concordo fortemente
[2026-05-11 14:48:25,446][__main__][INFO] - ✓ [meta-llama/Meta-Llama-3.1-8B-Instruct] Temp=0.0 Rep=1 → Concordo fortemente
[2026-05-11 14:48:25,460][__main__][INFO] - ✓ [deepseek-ai/DeepSeek-V3.2] Temp=0.0 Rep=1 → Discordo fortemente
[2026-05-11 14:48:25,669][__main__][INFO] - ✓ [deepseek-ai/DeepSeek-V3.2] Temp=0.0 Rep=1 → Concordo
[2026-05-11 14:48:25,712][__main__][INFO] - ✓ [deepseek-ai/DeepSeek-V3.2] Temp=0.0 Rep=1 → Concordo
[2026-05-11 14:48:25,760][__main__][INFO] - ✓ [deepseek-ai/DeepSeek-V3.2] Temp=0.0 Rep=1 → Concordo fortemente
[2026-05-11 14:48:25,773][__main__][INFO] - ✓ [deepseek-ai/DeepSeek-V3.2] Temp=0.0 Rep=1 → Concordo fortemente
[2026-05-11 14:48:25,871][__main__][INFO] - ✓ [meta-llama/Meta-Llama-3.1-8B-Instruct] Temp=0.0 Rep=1 → Concordo fortemente
[2026-05-11 14:48:25,898][__main__][INFO] - ✓ [meta-llama/Meta-Llama-3.1-8B-Instruct] Temp=0.0 Rep=1 → Concordo fortemente
[2026-05-11 14:48:25,973][__main__][INFO] - ✓ [deepseek-ai/DeepSeek-V3.2] Temp=0.0 Rep=1 → Discordo fortemente
[2026-05-11 14:48:25,982][__main__][INFO] - ✓ [meta-llama/Meta-Llama-3.1-8B-Instruct] Temp=0.0 Rep=1 → Concordo fortemente
[2026-05-11 14:48:26,191][__main__][INFO] - ✓ [meta-llama/Meta-Llama-3.1-8B-Instruct] Temp=0.0 Rep=1 → Concordo fortemente
[2026-05-11 14:48:26,298][__main__][INFO] - ✓ [meta-llama/Meta-Llama-3.1-8B-Instruct] Temp=0.0 Rep=1 → Concordo
[2026-05-11 14:48:26,396][__main__][INFO] - ✓ [deepseek-ai/DeepSeek-V3.2] Temp=0.0 Rep=1 → Neutro
[2026-05-11 14:48:26,480][__main__][INFO] - ✓ [meta-llama/Meta-Llama-3.1-8B-Instruct] Temp=0.0 Rep=1 → Concordo fortemente
[2026-05-11 14:48:26,546][__main__][INFO] - ✓ [deepseek-ai/DeepSeek-V3.2] Temp=0.0 Rep=1 → Concordo
[2026-05-11 14:48:26,604][__main__][INFO] - ✓ [deepseek-ai/DeepSeek-V3.2] Temp=0.0 Rep=1 → Concordo fortemente
[2026-05-11 14:48:26,796][__main__][WARNING] - Resposta inválida (tentativa 1/3) de meta-llama/Meta-Llama-3.1-8B-Instruct: Não posso fornecer uma resposta para essa afirmação Posso aj
[2026-05-11 14:48:26,797][__main__][INFO] - Fazendo retry 2/3...
[2026-05-11 14:48:26,869][__main__][INFO] - ✓ [deepseek-ai/DeepSeek-V3.2] Temp=0.0 Rep=1 → Concordo fortemente
[2026-05-11 14:48:26,873][__main__][INFO] - ✓ [meta-llama/Meta-Llama-3.1-8B-Instruct] Temp=0.0 Rep=1 → Neutro
[2026-05-11 14:48:26,917][__main__][INFO] - ✓ [meta-llama/Meta-Llama-3.1-8B-Instruct] Temp=0.0 Rep=1 → Neutro
[2026-05-11 14:48:26,954][__main__][INFO] - ✓ [deepseek-ai/DeepSeek-V3.2] Temp=0.0 Rep=1 → Neutro
[2026-05-11 14:48:27,001][__main__][INFO] - ✓ [meta-llama/Meta-Llama-3.1-8B-Instruct] Temp=0.0 Rep=1 → Neutro
[2026-05-11 14:48:27,270][__main__][INFO] - ✓ [meta-llama/Meta-Llama-3.1-8B-Instruct] Temp=0.0 Rep=1 → Concordo fortemente
[2026-05-11 14:48:27,324][__main__][INFO] - ✓ [meta-llama/Meta-Llama-3.1-8B-Instruct] Temp=0.0 Rep=1 → Concordo fortemente
[2026-05-11 14:48:27,371][__main__][INFO] - ✓ [meta-llama/Meta-Llama-3.1-8B-Instruct] Temp=0.0 Rep=1 → Concordo fortemente
[2026-05-11 14:48:27,517][__main__][INFO] - ✓ [deepseek-ai/DeepSeek-V3.2] Temp=0.0 Rep=1 → Concordo fortemente
[2026-05-11 14:48:27,535][__main__][INFO] - ✓ [deepseek-ai/DeepSeek-V3.2] Temp=0.0 Rep=1 → Neutro
[2026-05-11 14:48:27,536][__main__][INFO] - ✓ [deepseek-ai/DeepSeek-V3.2] Temp=0.0 Rep=1 → Neutro
[2026-05-11 14:48:27,829][__main__][INFO] - ✓ [deepseek-ai/DeepSeek-V3.2] Temp=0.0 Rep=1 → Neutro
[2026-05-11 14:48:27,832][__main__][INFO] - ✓ [deepseek-ai/DeepSeek-V3.2] Temp=0.0 Rep=1 → Neutro
[2026-05-11 14:48:27,856][__main__][INFO] - ✓ [meta-llama/Meta-Llama-3.1-8B-Instruct] Temp=0.0 Rep=1 → Concordo
[2026-05-11 14:48:27,903][__main__][INFO] - ✓ [meta-llama/Meta-Llama-3.1-8B-Instruct] Temp=0.0 Rep=1 → Concordo
[2026-05-11 14:48:27,913][__main__][INFO] - Salvamento incremental (680 novas respostas)...
[2026-05-11 14:48:27,966][__main__][INFO] - Cache salvo com 223093 entradas
[2026-05-11 14:48:27,966][__main__][INFO] - ✓ [deepseek-ai/DeepSeek-V3.2] Temp=0.0 Rep=1 → Neutro
[2026-05-11 14:48:27,968][__main__][INFO] - ✓ [meta-llama/Meta-Llama-3.1-8B-Instruct] Temp=0.0 Rep=1 → Concordo
[2026-05-11 14:48:27,980][__main__][INFO] - ✓ [deepseek-ai/DeepSeek-V3.2] Temp=0.0 Rep=1 → Concordo fortemente
[2026-05-11 14:48:28,291][__main__][INFO] - ✓ [deepseek-ai/DeepSeek-V3.2] Temp=0.0 Rep=1 → Concordo
[2026-05-11 14:48:28,336][__main__][INFO] - ✓ [meta-llama/Meta-Llama-3.1-8B-Instruct] Temp=0.0 Rep=1 → Concordo fortemente
[2026-05-11 14:48:28,347][__main__][INFO] - ✓ [meta-llama/Meta-Llama-3.1-8B-Instruct] Temp=0.0 Rep=1 → Discordo fortemente
[2026-05-11 14:48:28,379][__main__][INFO] - ✓ [meta-llama/Meta-Llama-3.1-8B-Instruct] Temp=0.0 Rep=1 → Discordo fortemente
[2026-05-11 14:48:28,546][__main__][INFO] - ✓ [deepseek-ai/DeepSeek-V3.2] Temp=0.0 Rep=1 → Neutro
[2026-05-11 14:48:28,612][__main__][INFO] - ✓ [deepseek-ai/DeepSeek-V3.2] Temp=0.0 Rep=1 → Neutro
[2026-05-11 14:48:28,712][__main__][INFO] - ✓ [deepseek-ai/DeepSeek-V3.2] Temp=0.0 Rep=1 → Neutro
[2026-05-11 14:48:28,810][__main__][INFO] - ✓ [deepseek-ai/DeepSeek-V3.2] Temp=0.0 Rep=1 → Neutro
[2026-05-11 14:48:28,814][__main__][INFO] - ✓ [meta-llama/Meta-Llama-3.1-8B-Instruct] Temp=0.0 Rep=1 → Concordo fortemente
[2026-05-11 14:48:28,815][__main__][INFO] - ✓ [meta-llama/Meta-Llama-3.1-8B-Instruct] Temp=0.0 Rep=1 → Concordo fortemente
[2026-05-11 14:48:28,821][__main__][INFO] - ✓ [meta-llama/Meta-Llama-3.1-8B-Instruct] Temp=0.0 Rep=1 → Concordo fortemente
[2026-05-11 14:48:29,171][__main__][INFO] - ✓ [deepseek-ai/DeepSeek-V3.2] Temp=0.0 Rep=1 → Neutro
[2026-05-11 14:48:29,212][__main__][INFO] - ✓ [meta-llama/Meta-Llama-3.1-8B-Instruct] Temp=0.0 Rep=1 → Concordo
[2026-05-11 14:48:29,234][__main__][INFO] - ✓ [meta-llama/Meta-Llama-3.1-8B-Instruct] Temp=0.0 Rep=1 → Concordo
[2026-05-11 14:48:29,335][__main__][INFO] - ✓ [meta-llama/Meta-Llama-3.1-8B-Instruct] Temp=0.0 Rep=1 → Concordo
[2026-05-11 14:48:29,336][__main__][INFO] - ✓ [meta-llama/Meta-Llama-3.1-8B-Instruct] Temp=0.0 Rep=1 → Concordo
[2026-05-11 14:48:29,461][__main__][INFO] - ✓ [deepseek-ai/DeepSeek-V3.2] Temp=0.0 Rep=1 → Neutro
[2026-05-11 14:48:29,504][__main__][INFO] - ✓ [deepseek-ai/DeepSeek-V3.2] Temp=0.0 Rep=1 → Neutro
[2026-05-11 14:48:29,511][__main__][INFO] - ✓ [deepseek-ai/DeepSeek-V3.2] Temp=0.0 Rep=1 → Neutro
[2026-05-11 14:48:29,701][__main__][INFO] - ✓ [meta-llama/Meta-Llama-3.1-8B-Instruct] Temp=0.0 Rep=1 → Concordo fortemente
[2026-05-11 14:48:29,858][__main__][INFO] - ✓ [meta-llama/Meta-Llama-3.1-8B-Instruct] Temp=0.0 Rep=1 → Concordo fortemente
[2026-05-11 14:48:30,014][__main__][INFO] - ✓ [meta-llama/Meta-Llama-3.1-8B-Instruct] Temp=0.0 Rep=1 → Concordo fortemente
[2026-05-11 14:48:30,031][__main__][INFO] - ✓ [deepseek-ai/DeepSeek-V3.2] Temp=0.0 Rep=1 → Neutro
[2026-05-11 14:48:30,090][__main__][INFO] - ✓ [deepseek-ai/DeepSeek-V3.2] Temp=0.0 Rep=1 → Neutro
[2026-05-11 14:48:30,249][__main__][INFO] - ✓ [deepseek-ai/DeepSeek-V3.2] Temp=0.0 Rep=1 → Neutro
[2026-05-11 14:48:30,386][__main__][INFO] - ✓ [deepseek-ai/DeepSeek-V3.2] Temp=0.0 Rep=1 → Neutro
[2026-05-11 14:48:30,390][__main__][INFO] - ✓ [meta-llama/Meta-Llama-3.1-8B-Instruct] Temp=0.0 Rep=1 → Concordo fortemente
[2026-05-11 14:48:30,469][__main__][INFO] - ✓ [deepseek-ai/DeepSeek-V3.2] Temp=0.0 Rep=1 → Concordo fortemente
[2026-05-11 14:48:30,475][__main__][INFO] - ✓ [deepseek-ai/DeepSeek-V3.2] Temp=0.0 Rep=1 → Concordo fortemente
[2026-05-11 14:48:30,498][__main__][INFO] - ✓ [deepseek-ai/DeepSeek-V3.2] Temp=0.0 Rep=1 → Concordo fortemente
[2026-05-11 14:48:30,532][__main__][INFO] - ✓ [meta-llama/Meta-Llama-3.1-8B-Instruct] Temp=0.0 Rep=1 → Concordo fortemente
[2026-05-11 14:48:30,554][__main__][INFO] - ✓ [meta-llama/Meta-Llama-3.1-8B-Instruct] Temp=0.0 Rep=1 → Concordo fortemente
[2026-05-11 14:48:30,718][__main__][INFO] - ✓ [meta-llama/Meta-Llama-3.1-8B-Instruct] Temp=0.0 Rep=1 → Concordo
[2026-05-11 14:48:30,908][__main__][INFO] - ✓ [meta-llama/Meta-Llama-3.1-8B-Instruct] Temp=0.0 Rep=1 → Concordo
[2026-05-11 14:48:30,967][__main__][INFO] - ✓ [meta-llama/Meta-Llama-3.1-8B-Instruct] Temp=0.0 Rep=1 → Concordo
[2026-05-11 14:48:31,068][__main__][INFO] - ✓ [deepseek-ai/DeepSeek-V3.2] Temp=0.0 Rep=1 → Concordo fortemente
[2026-05-11 14:48:31,099][__main__][INFO] - ✓ [deepseek-ai/DeepSeek-V3.2] Temp=0.0 Rep=1 → Concordo fortemente
[2026-05-11 14:48:31,235][__main__][INFO] - Salvamento incremental (720 novas respostas)...
[2026-05-11 14:48:31,294][__main__][INFO] - Cache salvo com 223133 entradas
[2026-05-11 14:48:31,294][__main__][INFO] - ✓ [deepseek-ai/DeepSeek-V3.2] Temp=0.0 Rep=1 → Concordo fortemente
[2026-05-11 14:48:31,296][__main__][INFO] - ✓ [deepseek-ai/DeepSeek-V3.2] Temp=0.0 Rep=1 → Concordo
[2026-05-11 14:48:31,300][__main__][INFO] - ✓ [meta-llama/Meta-Llama-3.1-8B-Instruct] Temp=0.0 Rep=1 → Concordo fortemente
[2026-05-11 14:48:31,431][__main__][INFO] - ✓ [meta-llama/Meta-Llama-3.1-8B-Instruct] Temp=0.0 Rep=1 → Concordo fortemente
[2026-05-11 14:48:31,511][__main__][INFO] - ✓ [meta-llama/Meta-Llama-3.1-8B-Instruct] Temp=0.0 Rep=1 → Concordo fortemente
[2026-05-11 14:48:31,512][__main__][INFO] - ✓ [deepseek-ai/DeepSeek-V3.2] Temp=0.0 Rep=1 → Neutro
[2026-05-11 14:48:31,616][__main__][INFO] - ✓ [meta-llama/Meta-Llama-3.1-8B-Instruct] Temp=0.0 Rep=1 → Concordo
[2026-05-11 14:48:31,704][__main__][INFO] - ✓ [meta-llama/Meta-Llama-3.1-8B-Instruct] Temp=0.0 Rep=1 → Concordo
[2026-05-11 14:48:31,770][__main__][INFO] - ✓ [meta-llama/Meta-Llama-3.1-8B-Instruct] Temp=0.0 Rep=1 → Concordo
[2026-05-11 14:48:31,867][__main__][INFO] - ✓ [deepseek-ai/DeepSeek-V3.2] Temp=0.0 Rep=1 → Neutro
[2026-05-11 14:48:31,956][__main__][INFO] - ✓ [deepseek-ai/DeepSeek-V3.2] Temp=0.0 Rep=1 → Concordo fortemente
[2026-05-11 14:48:32,059][__main__][INFO] - ✓ [deepseek-ai/DeepSeek-V3.2] Temp=0.0 Rep=1 → Concordo fortemente
[2026-05-11 14:48:32,289][__main__][INFO] - ✓ [deepseek-ai/DeepSeek-V3.2] Temp=0.0 Rep=1 → Neutro
[2026-05-11 14:48:32,493][__main__][INFO] - ✓ [deepseek-ai/DeepSeek-V3.2] Temp=0.0 Rep=1 → Concordo fortemente
[2026-05-11 14:48:32,549][__main__][WARNING] - Resposta inválida (tentativa 1/3) de meta-llama/Meta-Llama-3.1-8B-Instruct: Não posso fornecer uma resposta para essa pergunta
[2026-05-11 14:48:32,549][__main__][INFO] - Fazendo retry 2/3...
[2026-05-11 14:48:32,554][__main__][WARNING] - Resposta inválida (tentativa 1/3) de meta-llama/Meta-Llama-3.1-8B-Instruct: Não posso fornecer uma resposta para essa pergunta Posso aju
[2026-05-11 14:48:32,554][__main__][INFO] - Fazendo retry 2/3...
[2026-05-11 14:48:32,595][__main__][INFO] - ✓ [deepseek-ai/DeepSeek-V3.2] Temp=0.0 Rep=1 → Neutro
[2026-05-11 14:48:32,865][__main__][INFO] - ✓ [meta-llama/Meta-Llama-3.1-8B-Instruct] Temp=0.0 Rep=1 → Concordo
[2026-05-11 14:48:32,875][__main__][INFO] - ✓ [deepseek-ai/DeepSeek-V3.2] Temp=0.0 Rep=1 → Discordo fortemente
[2026-05-11 14:48:32,886][__main__][INFO] - ✓ [meta-llama/Meta-Llama-3.1-8B-Instruct] Temp=0.0 Rep=1 → Concordo
[2026-05-11 14:48:32,894][__main__][INFO] - ✓ [deepseek-ai/DeepSeek-V3.2] Temp=0.0 Rep=1 → Neutro
[2026-05-11 14:48:32,906][__main__][INFO] - ✓ [deepseek-ai/DeepSeek-V3.2] Temp=0.0 Rep=1 → Concordo fortemente
[2026-05-11 14:48:33,012][__main__][INFO] - ✓ [deepseek-ai/DeepSeek-V3.2] Temp=0.0 Rep=1 → Neutro
[2026-05-11 14:48:33,153][__main__][INFO] - ✓ [meta-llama/Meta-Llama-3.1-8B-Instruct] Temp=0.0 Rep=1 → Concordo fortemente
[2026-05-11 14:48:33,264][__main__][INFO] - ✓ [google/gemma-3-27b-it] Temp=0.0 Rep=1 → Neutro
[2026-05-11 14:48:33,289][__main__][INFO] - ✓ [google/gemma-3-27b-it] Temp=0.0 Rep=1 → Concordo fortemente
[2026-05-11 14:48:33,290][__main__][INFO] - ✓ [google/gemma-3-27b-it] Temp=0.0 Rep=1 → Concordo fortemente
[2026-05-11 14:48:33,332][__main__][WARNING] - Resposta inválida (tentativa 1/3) de meta-llama/Meta-Llama-3.1-8B-Instruct: Não posso fornecer uma resposta para essa afirmação Posso aj
[2026-05-11 14:48:33,332][__main__][INFO] - Fazendo retry 2/3...
[2026-05-11 14:48:33,577][__main__][INFO] - ✓ [deepseek-ai/DeepSeek-V3.2] Temp=0.0 Rep=1 → Neutro
[2026-05-11 14:48:33,605][__main__][INFO] - ✓ [deepseek-ai/DeepSeek-V3.2] Temp=0.0 Rep=1 → Neutro
[2026-05-11 14:48:33,814][__main__][WARNING] - Resposta inválida (tentativa 1/3) de meta-llama/Meta-Llama-3.1-8B-Instruct: Não posso fornecer uma resposta para essa afirmação Posso aj
[2026-05-11 14:48:33,815][__main__][INFO] - Fazendo retry 2/3...
[2026-05-11 14:48:33,870][__main__][WARNING] - Resposta inválida (tentativa 1/3) de meta-llama/Meta-Llama-3.1-8B-Instruct: Não posso fornecer uma resposta para essa afirmação Posso aj
[2026-05-11 14:48:33,871][__main__][INFO] - Fazendo retry 2/3...
[2026-05-11 14:48:33,951][__main__][WARNING] - Resposta inválida (tentativa 1/3) de meta-llama/Meta-Llama-3.1-8B-Instruct: Não é possível responder a essa pergunta, pois não está rela
[2026-05-11 14:48:33,951][__main__][INFO] - Fazendo retry 2/3...
[2026-05-11 14:48:34,060][__main__][INFO] - ✓ [deepseek-ai/DeepSeek-V3.2] Temp=0.0 Rep=1 → Neutro
[2026-05-11 14:48:34,061][__main__][INFO] - ✓ [meta-llama/Meta-Llama-3.1-8B-Instruct] Temp=0.0 Rep=1 → Concordo
[2026-05-11 14:48:34,123][__main__][INFO] - ✓ [meta-llama/Meta-Llama-3.1-8B-Instruct] Temp=0.0 Rep=1 → Concordo
[2026-05-11 14:48:34,319][__main__][WARNING] - Resposta inválida (tentativa 1/3) de meta-llama/Meta-Llama-3.1-8B-Instruct: Não posso fornecer uma resposta para essa pergunta Posso aju
[2026-05-11 14:48:34,319][__main__][INFO] - Fazendo retry 2/3...
[2026-05-11 14:48:34,448][__main__][INFO] - ✓ [deepseek-ai/DeepSeek-V3.2] Temp=0.0 Rep=1 → Neutro
[2026-05-11 14:48:34,672][__main__][INFO] - ✓ [meta-llama/Meta-Llama-3.1-8B-Instruct] Temp=0.0 Rep=1 → Concordo fortemente
[2026-05-11 14:48:34,751][__main__][WARNING] - Resposta inválida (tentativa 1/3) de meta-llama/Meta-Llama-3.1-8B-Instruct: Não posso fornecer uma resposta para essa pergunta Posso aju
[2026-05-11 14:48:34,751][__main__][INFO] - Fazendo retry 2/3...
[2026-05-11 14:48:34,796][__main__][WARNING] - Resposta inválida (tentativa 1/3) de meta-llama/Meta-Llama-3.1-8B-Instruct: Não posso fornecer uma resposta para essa pergunta Posso aju
[2026-05-11 14:48:34,796][__main__][INFO] - Fazendo retry 2/3...
[2026-05-11 14:48:34,802][__main__][INFO] - ✓ [deepseek-ai/DeepSeek-V3.2] Temp=0.0 Rep=1 → Neutro
[2026-05-11 14:48:34,856][__main__][INFO] - ✓ [deepseek-ai/DeepSeek-V3.2] Temp=0.0 Rep=1 → Neutro
[2026-05-11 14:48:35,104][__main__][INFO] - ✓ [deepseek-ai/DeepSeek-V3.2] Temp=0.0 Rep=1 → Neutro
[2026-05-11 14:48:35,332][__main__][INFO] - ✓ [meta-llama/Meta-Llama-3.1-8B-Instruct] Temp=0.0 Rep=1 → Concordo fortemente
[2026-05-11 14:48:35,399][__main__][INFO] - ✓ [meta-llama/Meta-Llama-3.1-8B-Instruct] Temp=0.0 Rep=1 → Concordo fortemente
[2026-05-11 14:48:35,426][__main__][INFO] - ✓ [meta-llama/Meta-Llama-3.1-8B-Instruct] Temp=0.0 Rep=1 → Concordo fortemente
[2026-05-11 14:48:35,506][__main__][INFO] - ✓ [deepseek-ai/DeepSeek-V3.2] Temp=0.0 Rep=1 → Neutro
[2026-05-11 14:48:35,522][__main__][INFO] - ✓ [deepseek-ai/DeepSeek-V3.2] Temp=0.0 Rep=1 → Neutro
[2026-05-11 14:48:35,631][__main__][INFO] - Salvamento incremental (760 novas respostas)...
[2026-05-11 14:48:35,694][__main__][INFO] - Cache salvo com 223173 entradas
[2026-05-11 14:48:35,694][__main__][INFO] - ✓ [deepseek-ai/DeepSeek-V3.2] Temp=0.0 Rep=1 → Neutro
[2026-05-11 14:48:35,694][__main__][INFO] - ✓ [deepseek-ai/DeepSeek-V3.2] Temp=0.0 Rep=1 → Neutro
[2026-05-11 14:48:35,696][__main__][INFO] - ✓ [deepseek-ai/DeepSeek-V3.2] Temp=0.0 Rep=1 → Neutro
[2026-05-11 14:48:35,923][__main__][INFO] - ✓ [deepseek-ai/DeepSeek-V3.2] Temp=0.0 Rep=1 → Concordo fortemente
[2026-05-11 14:48:35,925][__main__][INFO] - ✓ [meta-llama/Meta-Llama-3.1-8B-Instruct] Temp=0.0 Rep=1 → Concordo fortemente
[2026-05-11 14:48:35,930][__main__][INFO] - ✓ [meta-llama/Meta-Llama-3.1-8B-Instruct] Temp=0.0 Rep=1 → Concordo fortemente
[2026-05-11 14:48:36,032][__main__][INFO] - ✓ [meta-llama/Meta-Llama-3.1-8B-Instruct] Temp=0.0 Rep=1 → Concordo fortemente
[2026-05-11 14:48:36,152][__main__][INFO] - ✓ [deepseek-ai/DeepSeek-V3.2] Temp=0.0 Rep=1 → Concordo fortemente
[2026-05-11 14:48:36,235][__main__][INFO] - ✓ [deepseek-ai/DeepSeek-V3.2] Temp=0.0 Rep=1 → Concordo fortemente
[2026-05-11 14:48:36,346][__main__][INFO] - ✓ [deepseek-ai/DeepSeek-V3.2] Temp=0.0 Rep=1 → Concordo fortemente
[2026-05-11 14:48:36,351][__main__][INFO] - ✓ [deepseek-ai/DeepSeek-V3.2] Temp=0.0 Rep=1 → Concordo fortemente
[2026-05-11 14:48:36,444][__main__][INFO] - ✓ [meta-llama/Meta-Llama-3.1-8B-Instruct] Temp=0.0 Rep=1 → Concordo fortemente
[2026-05-11 14:48:36,495][__main__][INFO] - ✓ [meta-llama/Meta-Llama-3.1-8B-Instruct] Temp=0.0 Rep=1 → Concordo fortemente
[2026-05-11 14:48:36,514][__main__][INFO] - ✓ [meta-llama/Meta-Llama-3.1-8B-Instruct] Temp=0.0 Rep=1 → Concordo fortemente
[2026-05-11 14:48:36,716][__main__][INFO] - ✓ [deepseek-ai/DeepSeek-V3.2] Temp=0.0 Rep=1 → Concordo fortemente
[2026-05-11 14:48:36,875][__main__][INFO] - ✓ [deepseek-ai/DeepSeek-V3.2] Temp=0.0 Rep=1 → Concordo fortemente
[2026-05-11 14:48:37,089][__main__][INFO] - ✓ [deepseek-ai/DeepSeek-V3.2] Temp=0.0 Rep=1 → Concordo fortemente
[2026-05-11 14:48:37,202][__main__][INFO] - ✓ [deepseek-ai/DeepSeek-V3.2] Temp=0.0 Rep=1 → Concordo fortemente
[2026-05-11 14:48:37,215][__main__][INFO] - ✓ [meta-llama/Meta-Llama-3.1-8B-Instruct] Temp=0.0 Rep=1 → Concordo fortemente
[2026-05-11 14:48:37,221][__main__][INFO] - ✓ [deepseek-ai/DeepSeek-V3.2] Temp=0.0 Rep=1 → Concordo fortemente
[2026-05-11 14:48:37,224][__main__][INFO] - ✓ [deepseek-ai/DeepSeek-V3.2] Temp=0.0 Rep=1 → Concordo fortemente
[2026-05-11 14:48:37,241][__main__][INFO] - ✓ [meta-llama/Meta-Llama-3.1-8B-Instruct] Temp=0.0 Rep=1 → Concordo fortemente
[2026-05-11 14:48:37,379][__main__][INFO] - ✓ [meta-llama/Meta-Llama-3.1-8B-Instruct] Temp=0.0 Rep=1 → Concordo fortemente
[2026-05-11 14:48:37,528][__main__][INFO] - ✓ [deepseek-ai/DeepSeek-V3.2] Temp=0.0 Rep=1 → Concordo fortemente
[2026-05-11 14:48:37,576][__main__][INFO] - ✓ [meta-llama/Meta-Llama-3.1-8B-Instruct] Temp=0.0 Rep=1 → Concordo fortemente
[2026-05-11 14:48:37,581][__main__][INFO] - ✓ [meta-llama/Meta-Llama-3.1-8B-Instruct] Temp=0.0 Rep=1 → Concordo fortemente
[2026-05-11 14:48:37,616][__main__][INFO] - ✓ [deepseek-ai/DeepSeek-V3.2] Temp=0.0 Rep=1 → Concordo fortemente
[2026-05-11 14:48:37,727][__main__][INFO] - ✓ [meta-llama/Meta-Llama-3.1-8B-Instruct] Temp=0.0 Rep=1 → Concordo fortemente
[2026-05-11 14:48:37,769][__main__][INFO] - ✓ [meta-llama/Meta-Llama-3.1-8B-Instruct] Temp=0.0 Rep=1 → Concordo fortemente
[2026-05-11 14:48:37,793][__main__][INFO] - ✓ [meta-llama/Meta-Llama-3.1-8B-Instruct] Temp=0.0 Rep=1 → Concordo fortemente
[2026-05-11 14:48:38,104][__main__][INFO] - ✓ [meta-llama/Meta-Llama-3.1-8B-Instruct] Temp=0.0 Rep=1 → Concordo fortemente
[2026-05-11 14:48:38,252][__main__][INFO] - ✓ [meta-llama/Meta-Llama-3.1-8B-Instruct] Temp=0.0 Rep=1 → Concordo
[2026-05-11 14:48:38,255][__main__][INFO] - ✓ [meta-llama/Meta-Llama-3.1-8B-Instruct] Temp=0.0 Rep=1 → Concordo fortemente
[2026-05-11 14:48:38,255][__main__][INFO] - ✓ [meta-llama/Meta-Llama-3.1-8B-Instruct] Temp=0.0 Rep=1 → Discordo fortemente
[2026-05-11 14:48:38,297][__main__][INFO] - ✓ [deepseek-ai/DeepSeek-V3.2] Temp=0.0 Rep=1 → Concordo
[2026-05-11 14:48:38,329][__main__][INFO] - ✓ [deepseek-ai/DeepSeek-V3.2] Temp=0.0 Rep=1 → Concordo fortemente
[2026-05-11 14:48:38,330][__main__][INFO] - ✓ [deepseek-ai/DeepSeek-V3.2] Temp=0.0 Rep=1 → Concordo fortemente
[2026-05-11 14:48:38,355][__main__][INFO] - ✓ [deepseek-ai/DeepSeek-V3.2] Temp=0.0 Rep=1 → Concordo fortemente
[2026-05-11 14:48:38,371][__main__][INFO] - ✓ [deepseek-ai/DeepSeek-V3.2] Temp=0.0 Rep=1 → Concordo fortemente
[2026-05-11 14:48:38,499][__main__][INFO] - ✓ [deepseek-ai/DeepSeek-V3.2] Temp=0.0 Rep=1 → Concordo fortemente
[2026-05-11 14:48:38,679][__main__][INFO] - Salvamento incremental (800 novas respostas)...
[2026-05-11 14:48:38,727][__main__][INFO] - Cache salvo com 223213 entradas
[2026-05-11 14:48:38,727][__main__][INFO] - ✓ [meta-llama/Meta-Llama-3.1-8B-Instruct] Temp=0.0 Rep=1 → Concordo
[2026-05-11 14:48:38,776][__main__][INFO] - ✓ [meta-llama/Meta-Llama-3.1-8B-Instruct] Temp=0.0 Rep=1 → Concordo fortemente
[2026-05-11 14:48:38,777][__main__][INFO] - ✓ [meta-llama/Meta-Llama-3.1-8B-Instruct] Temp=0.0 Rep=1 → Concordo fortemente
[2026-05-11 14:48:39,039][__main__][INFO] - ✓ [meta-llama/Meta-Llama-3.1-8B-Instruct] Temp=0.0 Rep=1 → Discordo fortemente
[2026-05-11 14:48:39,059][__main__][INFO] - ✓ [deepseek-ai/DeepSeek-V3.2] Temp=0.0 Rep=1 → Concordo fortemente
[2026-05-11 14:48:39,060][__main__][INFO] - ✓ [deepseek-ai/DeepSeek-V3.2] Temp=0.0 Rep=1 → Neutro
[2026-05-11 14:48:39,148][__main__][INFO] - ✓ [deepseek-ai/DeepSeek-V3.2] Temp=0.0 Rep=1 → Neutro
[2026-05-11 14:48:39,190][__main__][INFO] - ✓ [deepseek-ai/DeepSeek-V3.2] Temp=0.0 Rep=1 → Neutro
[2026-05-11 14:48:39,300][__main__][INFO] - ✓ [meta-llama/Meta-Llama-3.1-8B-Instruct] Temp=0.0 Rep=1 → Concordo
[2026-05-11 14:48:39,303][__main__][INFO] - ✓ [meta-llama/Meta-Llama-3.1-8B-Instruct] Temp=0.0 Rep=1 → Concordo fortemente
[2026-05-11 14:48:39,520][__main__][INFO] - ✓ [deepseek-ai/DeepSeek-V3.2] Temp=0.0 Rep=1 → Concordo fortemente
[2026-05-11 14:48:39,823][__main__][INFO] - ✓ [meta-llama/Meta-Llama-3.1-8B-Instruct] Temp=0.0 Rep=1 → Concordo fortemente
[2026-05-11 14:48:39,826][__main__][INFO] - ✓ [meta-llama/Meta-Llama-3.1-8B-Instruct] Temp=0.0 Rep=1 → Concordo fortemente
[2026-05-11 14:48:39,827][__main__][INFO] - ✓ [meta-llama/Meta-Llama-3.1-8B-Instruct] Temp=0.0 Rep=1 → Concordo fortemente
[2026-05-11 14:48:40,104][__main__][INFO] - ✓ [deepseek-ai/DeepSeek-V3.2] Temp=0.0 Rep=1 → Neutro
[2026-05-11 14:48:40,107][__main__][INFO] - ✓ [deepseek-ai/DeepSeek-V3.2] Temp=0.0 Rep=1 → Concordo
[2026-05-11 14:48:40,135][__main__][INFO] - ✓ [deepseek-ai/DeepSeek-V3.2] Temp=0.0 Rep=1 → Neutro
[2026-05-11 14:48:40,177][__main__][INFO] - ✓ [meta-llama/Meta-Llama-3.1-8B-Instruct] Temp=0.0 Rep=1 → Concordo fortemente
[2026-05-11 14:48:40,180][__main__][INFO] - ✓ [deepseek-ai/DeepSeek-V3.2] Temp=0.0 Rep=1 → Neutro
[2026-05-11 14:48:40,184][__main__][INFO] - ✓ [meta-llama/Meta-Llama-3.1-8B-Instruct] Temp=0.0 Rep=1 → Concordo
[2026-05-11 14:48:40,349][__main__][INFO] - ✓ [deepseek-ai/DeepSeek-V3.2] Temp=0.0 Rep=1 → Neutro
[2026-05-11 14:48:40,391][__main__][INFO] - ✓ [meta-llama/Meta-Llama-3.1-8B-Instruct] Temp=0.0 Rep=1 → Concordo fortemente
[2026-05-11 14:48:40,489][__main__][INFO] - ✓ [deepseek-ai/DeepSeek-V3.2] Temp=0.0 Rep=1 → Concordo
[2026-05-11 14:48:40,558][__main__][INFO] - ✓ [meta-llama/Meta-Llama-3.1-8B-Instruct] Temp=0.0 Rep=1 → Concordo fortemente
[2026-05-11 14:48:40,940][__main__][INFO] - ✓ [meta-llama/Meta-Llama-3.1-8B-Instruct] Temp=0.0 Rep=1 → Concordo fortemente
[2026-05-11 14:48:40,944][__main__][INFO] - ✓ [meta-llama/Meta-Llama-3.1-8B-Instruct] Temp=0.0 Rep=1 → Concordo
[2026-05-11 14:48:41,032][__main__][INFO] - ✓ [meta-llama/Meta-Llama-3.1-8B-Instruct] Temp=0.0 Rep=1 → Concordo fortemente
[2026-05-11 14:48:41,091][__main__][INFO] - ✓ [deepseek-ai/DeepSeek-V3.2] Temp=0.0 Rep=1 → Neutro
[2026-05-11 14:48:41,151][__main__][INFO] - ✓ [deepseek-ai/DeepSeek-V3.2] Temp=0.0 Rep=1 → Neutro
[2026-05-11 14:48:41,222][__main__][INFO] - ✓ [deepseek-ai/DeepSeek-V3.2] Temp=0.0 Rep=1 → Concordo fortemente
[2026-05-11 14:48:41,248][__main__][INFO] - ✓ [deepseek-ai/DeepSeek-V3.2] Temp=0.0 Rep=1 → Neutro
[2026-05-11 14:48:41,398][__main__][INFO] - ✓ [deepseek-ai/DeepSeek-V3.2] Temp=0.0 Rep=1 → Concordo fortemente
[2026-05-11 14:48:41,401][__main__][INFO] - ✓ [meta-llama/Meta-Llama-3.1-8B-Instruct] Temp=0.0 Rep=1 → Concordo
[2026-05-11 14:48:41,401][__main__][INFO] - ✓ [meta-llama/Meta-Llama-3.1-8B-Instruct] Temp=0.0 Rep=1 → Concordo
[2026-05-11 14:48:41,702][__main__][INFO] - ✓ [meta-llama/Meta-Llama-3.1-8B-Instruct] Temp=0.0 Rep=1 → Concordo fortemente
[2026-05-11 14:48:41,706][__main__][INFO] - ✓ [meta-llama/Meta-Llama-3.1-8B-Instruct] Temp=0.0 Rep=1 → Concordo fortemente
[2026-05-11 14:48:41,767][__main__][INFO] - ✓ [deepseek-ai/DeepSeek-V3.2] Temp=0.0 Rep=1 → Neutro
[2026-05-11 14:48:41,772][__main__][INFO] - ✓ [deepseek-ai/DeepSeek-V3.2] Temp=0.0 Rep=1 → Concordo
[2026-05-11 14:48:41,798][__main__][INFO] - ✓ [meta-llama/Meta-Llama-3.1-8B-Instruct] Temp=0.0 Rep=1 → Concordo fortemente
[2026-05-11 14:48:42,117][__main__][INFO] - ✓ [deepseek-ai/DeepSeek-V3.2] Temp=0.0 Rep=1 → Concordo
[2026-05-11 14:48:42,170][__main__][INFO] - Salvamento incremental (840 novas respostas)...
[2026-05-11 14:48:42,218][__main__][INFO] - Cache salvo com 223253 entradas
[2026-05-11 14:48:42,218][__main__][INFO] - ✓ [meta-llama/Meta-Llama-3.1-8B-Instruct] Temp=0.0 Rep=1 → Concordo
[2026-05-11 14:48:42,220][__main__][INFO] - ✓ [deepseek-ai/DeepSeek-V3.2] Temp=0.0 Rep=1 → Concordo
[2026-05-11 14:48:42,220][__main__][INFO] - ✓ [meta-llama/Meta-Llama-3.1-8B-Instruct] Temp=0.0 Rep=1 → Concordo fortemente
[2026-05-11 14:48:42,222][__main__][INFO] - ✓ [meta-llama/Meta-Llama-3.1-8B-Instruct] Temp=0.0 Rep=1 → Concordo fortemente
[2026-05-11 14:48:42,283][__main__][INFO] - ✓ [deepseek-ai/DeepSeek-V3.2] Temp=0.0 Rep=1 → Concordo fortemente
[2026-05-11 14:48:42,503][__main__][INFO] - ✓ [deepseek-ai/DeepSeek-V3.2] Temp=0.0 Rep=1 → Concordo fortemente
[2026-05-11 14:48:42,582][__main__][INFO] - ✓ [meta-llama/Meta-Llama-3.1-8B-Instruct] Temp=0.0 Rep=1 → Concordo fortemente
[2026-05-11 14:48:42,814][__main__][INFO] - ✓ [deepseek-ai/DeepSeek-V3.2] Temp=0.0 Rep=1 → Concordo fortemente
[2026-05-11 14:48:42,827][__main__][INFO] - ✓ [meta-llama/Meta-Llama-3.1-8B-Instruct] Temp=0.0 Rep=1 → Concordo fortemente
[2026-05-11 14:48:42,829][__main__][INFO] - ✓ [meta-llama/Meta-Llama-3.1-8B-Instruct] Temp=0.0 Rep=1 → Concordo fortemente
[2026-05-11 14:48:42,970][__main__][INFO] - ✓ [deepseek-ai/DeepSeek-V3.2] Temp=0.0 Rep=1 → Concordo
[2026-05-11 14:48:43,113][__main__][INFO] - ✓ [deepseek-ai/DeepSeek-V3.2] Temp=0.0 Rep=1 → Concordo
[2026-05-11 14:48:43,174][__main__][INFO] - ✓ [meta-llama/Meta-Llama-3.1-8B-Instruct] Temp=0.0 Rep=1 → Concordo fortemente
[2026-05-11 14:48:43,206][__main__][INFO] - ✓ [deepseek-ai/DeepSeek-V3.2] Temp=0.0 Rep=1 → Concordo fortemente
[2026-05-11 14:48:43,297][__main__][INFO] - ✓ [deepseek-ai/DeepSeek-V3.2] Temp=0.0 Rep=1 → Concordo fortemente
[2026-05-11 14:48:43,301][__main__][INFO] - ✓ [meta-llama/Meta-Llama-3.1-8B-Instruct] Temp=0.0 Rep=1 → Concordo fortemente
[2026-05-11 14:48:43,306][__main__][INFO] - ✓ [meta-llama/Meta-Llama-3.1-8B-Instruct] Temp=0.0 Rep=1 → Concordo fortemente
[2026-05-11 14:48:43,325][__main__][INFO] - ✓ [deepseek-ai/DeepSeek-V3.2] Temp=0.0 Rep=1 → Concordo fortemente
[2026-05-11 14:48:43,494][__main__][INFO] - ✓ [deepseek-ai/DeepSeek-V3.2] Temp=0.0 Rep=1 → Concordo fortemente
[2026-05-11 14:48:43,648][__main__][INFO] - ✓ [meta-llama/Meta-Llama-3.1-8B-Instruct] Temp=0.0 Rep=1 → Concordo
[2026-05-11 14:48:43,666][__main__][INFO] - ✓ [meta-llama/Meta-Llama-3.1-8B-Instruct] Temp=0.0 Rep=1 → Concordo
[2026-05-11 14:48:43,773][__main__][INFO] - ✓ [meta-llama/Meta-Llama-3.1-8B-Instruct] Temp=0.0 Rep=1 → Concordo fortemente
[2026-05-11 14:48:43,815][__main__][INFO] - ✓ [deepseek-ai/DeepSeek-V3.2] Temp=0.0 Rep=1 → Concordo fortemente
[2026-05-11 14:48:44,019][__main__][INFO] - ✓ [deepseek-ai/DeepSeek-V3.2] Temp=0.0 Rep=1 → Concordo fortemente
[2026-05-11 14:48:44,023][__main__][INFO] - ✓ [meta-llama/Meta-Llama-3.1-8B-Instruct] Temp=0.0 Rep=1 → Concordo fortemente
[2026-05-11 14:48:44,136][__main__][INFO] - ✓ [deepseek-ai/DeepSeek-V3.2] Temp=0.0 Rep=1 → Concordo
[2026-05-11 14:48:44,148][__main__][INFO] - ✓ [meta-llama/Meta-Llama-3.1-8B-Instruct] Temp=0.0 Rep=1 → Concordo fortemente
[2026-05-11 14:48:44,151][__main__][INFO] - ✓ [meta-llama/Meta-Llama-3.1-8B-Instruct] Temp=0.0 Rep=1 → Concordo fortemente
[2026-05-11 14:48:44,182][__main__][INFO] - ✓ [deepseek-ai/DeepSeek-V3.2] Temp=0.0 Rep=1 → Concordo
[2026-05-11 14:48:44,251][__main__][INFO] - ✓ [deepseek-ai/DeepSeek-V3.2] Temp=0.0 Rep=1 → Concordo
[2026-05-11 14:48:44,253][__main__][INFO] - ✓ [deepseek-ai/DeepSeek-V3.2] Temp=0.0 Rep=1 → Concordo fortemente
[2026-05-11 14:48:44,604][__main__][INFO] - ✓ [meta-llama/Meta-Llama-3.1-8B-Instruct] Temp=0.0 Rep=1 → Concordo fortemente
[2026-05-11 14:48:44,671][__main__][INFO] - ✓ [meta-llama/Meta-Llama-3.1-8B-Instruct] Temp=0.0 Rep=1 → Concordo fortemente
[2026-05-11 14:48:44,688][__main__][INFO] - ✓ [meta-llama/Meta-Llama-3.1-8B-Instruct] Temp=0.0 Rep=1 → Concordo fortemente
[2026-05-11 14:48:44,857][__main__][INFO] - ✓ [deepseek-ai/DeepSeek-V3.2] Temp=0.0 Rep=1 → Concordo fortemente
[2026-05-11 14:48:44,874][__main__][INFO] - ✓ [deepseek-ai/DeepSeek-V3.2] Temp=0.0 Rep=1 → Concordo fortemente
[2026-05-11 14:48:44,878][__main__][INFO] - ✓ [deepseek-ai/DeepSeek-V3.2] Temp=0.0 Rep=1 → Concordo fortemente
[2026-05-11 14:48:44,918][__main__][INFO] - ✓ [deepseek-ai/DeepSeek-V3.2] Temp=0.0 Rep=1 → Concordo fortemente
[2026-05-11 14:48:44,921][__main__][INFO] - ✓ [meta-llama/Meta-Llama-3.1-8B-Instruct] Temp=0.0 Rep=1 → Concordo
[2026-05-11 14:48:44,921][__main__][INFO] - ✓ [deepseek-ai/DeepSeek-V3.2] Temp=0.0 Rep=1 → Concordo fortemente
[2026-05-11 14:48:45,066][__main__][INFO] - Salvamento incremental (880 novas respostas)...
[2026-05-11 14:48:45,111][__main__][INFO] - Cache salvo com 223293 entradas
[2026-05-11 14:48:45,111][__main__][INFO] - ✓ [deepseek-ai/DeepSeek-V3.2] Temp=0.0 Rep=1 → Concordo fortemente
[2026-05-11 14:48:45,112][__main__][INFO] - ✓ [meta-llama/Meta-Llama-3.1-8B-Instruct] Temp=0.0 Rep=1 → Concordo
[2026-05-11 14:48:45,113][__main__][INFO] - ✓ [meta-llama/Meta-Llama-3.1-8B-Instruct] Temp=0.0 Rep=1 → Concordo
[2026-05-11 14:48:45,355][__main__][INFO] - ✓ [deepseek-ai/DeepSeek-V3.2] Temp=0.0 Rep=1 → Neutro
[2026-05-11 14:48:45,389][__main__][INFO] - ✓ [meta-llama/Meta-Llama-3.1-8B-Instruct] Temp=0.0 Rep=1 → Concordo fortemente
[2026-05-11 14:48:45,393][__main__][INFO] - ✓ [meta-llama/Meta-Llama-3.1-8B-Instruct] Temp=0.0 Rep=1 → Concordo fortemente
[2026-05-11 14:48:45,406][__main__][INFO] - ✓ [meta-llama/Meta-Llama-3.1-8B-Instruct] Temp=0.0 Rep=1 → Concordo fortemente
[2026-05-11 14:48:45,673][__main__][INFO] - ✓ [deepseek-ai/DeepSeek-V3.2] Temp=0.0 Rep=1 → Concordo fortemente
[2026-05-11 14:48:45,681][__main__][INFO] - ✓ [deepseek-ai/DeepSeek-V3.2] Temp=0.0 Rep=1 → Neutro
[2026-05-11 14:48:45,715][__main__][INFO] - ✓ [meta-llama/Meta-Llama-3.1-8B-Instruct] Temp=0.0 Rep=1 → Neutro
[2026-05-11 14:48:45,720][__main__][INFO] - ✓ [meta-llama/Meta-Llama-3.1-8B-Instruct] Temp=0.0 Rep=1 → Concordo
[2026-05-11 14:48:45,799][__main__][INFO] - ✓ [meta-llama/Meta-Llama-3.1-8B-Instruct] Temp=0.0 Rep=1 → Concordo
[2026-05-11 14:48:46,026][__main__][INFO] - ✓ [deepseek-ai/DeepSeek-V3.2] Temp=0.0 Rep=1 → Concordo fortemente
[2026-05-11 14:48:46,169][__main__][INFO] - ✓ [meta-llama/Meta-Llama-3.1-8B-Instruct] Temp=0.0 Rep=1 → Concordo fortemente
[2026-05-11 14:48:46,187][__main__][INFO] - ✓ [meta-llama/Meta-Llama-3.1-8B-Instruct] Temp=0.0 Rep=1 → Concordo fortemente
[2026-05-11 14:48:46,209][__main__][INFO] - ✓ [meta-llama/Meta-Llama-3.1-8B-Instruct] Temp=0.0 Rep=1 → Concordo fortemente
[2026-05-11 14:48:46,295][__main__][INFO] - ✓ [deepseek-ai/DeepSeek-V3.2] Temp=0.0 Rep=1 → Neutro
[2026-05-11 14:48:46,321][__main__][INFO] - ✓ [deepseek-ai/DeepSeek-V3.2] Temp=0.0 Rep=1 → Concordo fortemente
[2026-05-11 14:48:46,359][__main__][INFO] - ✓ [deepseek-ai/DeepSeek-V3.2] Temp=0.0 Rep=1 → Concordo fortemente
[2026-05-11 14:48:46,363][__main__][INFO] - ✓ [deepseek-ai/DeepSeek-V3.2] Temp=0.0 Rep=1 → Concordo fortemente
[2026-05-11 14:48:46,370][__main__][INFO] - ✓ [deepseek-ai/DeepSeek-V3.2] Temp=0.0 Rep=1 → Neutro
[2026-05-11 14:48:46,638][__main__][INFO] - ✓ [meta-llama/Meta-Llama-3.1-8B-Instruct] Temp=0.0 Rep=1 → Concordo
[2026-05-11 14:48:46,639][__main__][INFO] - ✓ [meta-llama/Meta-Llama-3.1-8B-Instruct] Temp=0.0 Rep=1 → Concordo
[2026-05-11 14:48:46,643][__main__][INFO] - ✓ [meta-llama/Meta-Llama-3.1-8B-Instruct] Temp=0.0 Rep=1 → Concordo
[2026-05-11 14:48:46,895][__main__][INFO] - ✓ [deepseek-ai/DeepSeek-V3.2] Temp=0.0 Rep=1 → Concordo fortemente
[2026-05-11 14:48:46,967][__main__][INFO] - ✓ [deepseek-ai/DeepSeek-V3.2] Temp=0.0 Rep=1 → Concordo
[2026-05-11 14:48:47,024][__main__][INFO] - ✓ [deepseek-ai/DeepSeek-V3.2] Temp=0.0 Rep=1 → Concordo fortemente
[2026-05-11 14:48:47,029][__main__][INFO] - ✓ [meta-llama/Meta-Llama-3.1-8B-Instruct] Temp=0.0 Rep=1 → Concordo fortemente
[2026-05-11 14:48:47,030][__main__][INFO] - ✓ [deepseek-ai/DeepSeek-V3.2] Temp=0.0 Rep=1 → Neutro
[2026-05-11 14:48:47,174][__main__][INFO] - ✓ [meta-llama/Meta-Llama-3.1-8B-Instruct] Temp=0.0 Rep=1 → Concordo fortemente
[2026-05-11 14:48:47,175][__main__][INFO] - ✓ [meta-llama/Meta-Llama-3.1-8B-Instruct] Temp=0.0 Rep=1 → Concordo fortemente
[2026-05-11 14:48:47,384][__main__][INFO] - ✓ [deepseek-ai/DeepSeek-V3.2] Temp=0.0 Rep=1 → Neutro
[2026-05-11 14:48:47,437][__main__][INFO] - ✓ [meta-llama/Meta-Llama-3.1-8B-Instruct] Temp=0.0 Rep=1 → Concordo fortemente
[2026-05-11 14:48:47,512][__main__][INFO] - ✓ [meta-llama/Meta-Llama-3.1-8B-Instruct] Temp=0.0 Rep=1 → Concordo fortemente
[2026-05-11 14:48:47,536][__main__][INFO] - ✓ [meta-llama/Meta-Llama-3.1-8B-Instruct] Temp=0.0 Rep=1 → Concordo fortemente
[2026-05-11 14:48:47,746][__main__][INFO] - ✓ [deepseek-ai/DeepSeek-V3.2] Temp=0.0 Rep=1 → Concordo fortemente
[2026-05-11 14:48:47,870][__main__][INFO] - ✓ [meta-llama/Meta-Llama-3.1-8B-Instruct] Temp=0.0 Rep=1 → Concordo fortemente
[2026-05-11 14:48:47,925][__main__][INFO] - ✓ [deepseek-ai/DeepSeek-V3.2] Temp=0.0 Rep=1 → Concordo fortemente
[2026-05-11 14:48:47,926][__main__][INFO] - ✓ [meta-llama/Meta-Llama-3.1-8B-Instruct] Temp=0.0 Rep=1 → Concordo fortemente
[2026-05-11 14:48:47,932][__main__][INFO] - ✓ [deepseek-ai/DeepSeek-V3.2] Temp=0.0 Rep=1 → Concordo
[2026-05-11 14:48:48,087][__main__][INFO] - Salvamento incremental (920 novas respostas)...
[2026-05-11 14:48:48,140][__main__][INFO] - Cache salvo com 223333 entradas
[2026-05-11 14:48:48,140][__main__][INFO] - ✓ [deepseek-ai/DeepSeek-V3.2] Temp=0.0 Rep=1 → Concordo fortemente
[2026-05-11 14:48:48,142][__main__][INFO] - ✓ [meta-llama/Meta-Llama-3.1-8B-Instruct] Temp=0.0 Rep=1 → Concordo fortemente
[2026-05-11 14:48:48,239][__main__][INFO] - ✓ [meta-llama/Meta-Llama-3.1-8B-Instruct] Temp=0.0 Rep=1 → Concordo
[2026-05-11 14:48:48,538][__main__][INFO] - ✓ [deepseek-ai/DeepSeek-V3.2] Temp=0.0 Rep=1 → Concordo
[2026-05-11 14:48:48,548][__main__][INFO] - ✓ [deepseek-ai/DeepSeek-V3.2] Temp=0.0 Rep=1 → Concordo fortemente
[2026-05-11 14:48:48,558][__main__][INFO] - ✓ [meta-llama/Meta-Llama-3.1-8B-Instruct] Temp=0.0 Rep=1 → Concordo
[2026-05-11 14:48:48,626][__main__][INFO] - ✓ [meta-llama/Meta-Llama-3.1-8B-Instruct] Temp=0.0 Rep=1 → Concordo fortemente
[2026-05-11 14:48:48,627][__main__][INFO] - ✓ [deepseek-ai/DeepSeek-V3.2] Temp=0.0 Rep=1 → Concordo fortemente
[2026-05-11 14:48:48,635][__main__][INFO] - ✓ [deepseek-ai/DeepSeek-V3.2] Temp=0.0 Rep=1 → Concordo
[2026-05-11 14:48:48,876][__main__][INFO] - ✓ [deepseek-ai/DeepSeek-V3.2] Temp=0.0 Rep=1 → Concordo fortemente
[2026-05-11 14:48:48,962][__main__][INFO] - ✓ [meta-llama/Meta-Llama-3.1-8B-Instruct] Temp=0.0 Rep=1 → Concordo fortemente
[2026-05-11 14:48:49,027][__main__][INFO] - ✓ [meta-llama/Meta-Llama-3.1-8B-Instruct] Temp=0.0 Rep=1 → Concordo fortemente
[2026-05-11 14:48:49,074][__main__][INFO] - ✓ [meta-llama/Meta-Llama-3.1-8B-Instruct] Temp=0.0 Rep=1 → Concordo fortemente
[2026-05-11 14:48:49,165][__main__][INFO] - ✓ [deepseek-ai/DeepSeek-V3.2] Temp=0.0 Rep=1 → Concordo fortemente
[2026-05-11 14:48:49,366][__main__][INFO] - ✓ [deepseek-ai/DeepSeek-V3.2] Temp=0.0 Rep=1 → Concordo
[2026-05-11 14:48:49,371][__main__][INFO] - ✓ [meta-llama/Meta-Llama-3.1-8B-Instruct] Temp=0.0 Rep=1 → Concordo
[2026-05-11 14:48:49,384][__main__][INFO] - ✓ [deepseek-ai/DeepSeek-V3.2] Temp=0.0 Rep=1 → Concordo fortemente
[2026-05-11 14:48:49,418][__main__][INFO] - ✓ [meta-llama/Meta-Llama-3.1-8B-Instruct] Temp=0.0 Rep=1 → Concordo
[2026-05-11 14:48:49,440][__main__][INFO] - ✓ [deepseek-ai/DeepSeek-V3.2] Temp=0.0 Rep=1 → Concordo
[2026-05-11 14:48:49,492][__main__][INFO] - ✓ [deepseek-ai/DeepSeek-V3.2] Temp=0.0 Rep=1 → Concordo fortemente
[2026-05-11 14:48:49,563][__main__][INFO] - ✓ [meta-llama/Meta-Llama-3.1-8B-Instruct] Temp=0.0 Rep=1 → Neutro
[2026-05-11 14:48:49,597][__main__][INFO] - ✓ [deepseek-ai/DeepSeek-V3.2] Temp=0.0 Rep=1 → Concordo fortemente
[2026-05-11 14:48:49,612][__main__][INFO] - ✓ [deepseek-ai/DeepSeek-V3.2] Temp=0.0 Rep=1 → Concordo
[2026-05-11 14:48:49,784][__main__][INFO] - ✓ [deepseek-ai/DeepSeek-V3.2] Temp=0.0 Rep=1 → Concordo fortemente
[2026-05-11 14:48:49,813][__main__][INFO] - ✓ [meta-llama/Meta-Llama-3.1-8B-Instruct] Temp=0.0 Rep=1 → Concordo
[2026-05-11 14:48:49,832][__main__][INFO] - ✓ [meta-llama/Meta-Llama-3.1-8B-Instruct] Temp=0.0 Rep=1 → Concordo fortemente
[2026-05-11 14:48:49,911][__main__][INFO] - ✓ [meta-llama/Meta-Llama-3.1-8B-Instruct] Temp=0.0 Rep=1 → Concordo fortemente
[2026-05-11 14:48:50,105][__main__][INFO] - ✓ [meta-llama/Meta-Llama-3.1-8B-Instruct] Temp=0.0 Rep=1 → Neutro
[2026-05-11 14:48:50,124][__main__][INFO] - ✓ [meta-llama/Meta-Llama-3.1-8B-Instruct] Temp=0.0 Rep=1 → Neutro
[2026-05-11 14:48:50,213][__main__][INFO] - ✓ [meta-llama/Meta-Llama-3.1-8B-Instruct] Temp=0.0 Rep=1 → Concordo
[2026-05-11 14:48:50,340][__main__][INFO] - ✓ [deepseek-ai/DeepSeek-V3.2] Temp=0.0 Rep=1 → Concordo
[2026-05-11 14:48:50,580][__main__][INFO] - ✓ [deepseek-ai/DeepSeek-V3.2] Temp=0.0 Rep=1 → Concordo fortemente
[2026-05-11 14:48:50,607][__main__][INFO] - ✓ [deepseek-ai/DeepSeek-V3.2] Temp=0.0 Rep=1 → Concordo fortemente
[2026-05-11 14:48:50,630][__main__][INFO] - ✓ [meta-llama/Meta-Llama-3.1-8B-Instruct] Temp=0.0 Rep=1 → Concordo fortemente
[2026-05-11 14:48:50,674][__main__][INFO] - ✓ [deepseek-ai/DeepSeek-V3.2] Temp=0.0 Rep=1 → Neutro
[2026-05-11 14:48:50,715][__main__][INFO] - ✓ [deepseek-ai/DeepSeek-V3.2] Temp=0.0 Rep=1 → Neutro
[2026-05-11 14:48:50,833][__main__][INFO] - ✓ [meta-llama/Meta-Llama-3.1-8B-Instruct] Temp=0.0 Rep=1 → Concordo
[2026-05-11 14:48:50,835][__main__][INFO] - ✓ [deepseek-ai/DeepSeek-V3.2] Temp=0.0 Rep=1 → Neutro
[2026-05-11 14:48:50,863][__main__][INFO] - ✓ [meta-llama/Meta-Llama-3.1-8B-Instruct] Temp=0.0 Rep=1 → Neutro
[2026-05-11 14:48:50,871][__main__][INFO] - ✓ [deepseek-ai/DeepSeek-V3.2] Temp=0.0 Rep=1 → Neutro
[2026-05-11 14:48:50,969][__main__][INFO] - Salvamento incremental (960 novas respostas)...
[2026-05-11 14:48:51,039][__main__][INFO] - Cache salvo com 223373 entradas
[2026-05-11 14:48:51,039][__main__][INFO] - ✓ [deepseek-ai/DeepSeek-V3.2] Temp=0.0 Rep=1 → Neutro
[2026-05-11 14:48:51,040][__main__][INFO] - ✓ [deepseek-ai/DeepSeek-V3.2] Temp=0.0 Rep=1 → Neutro
[2026-05-11 14:48:51,129][__main__][INFO] - ✓ [meta-llama/Meta-Llama-3.1-8B-Instruct] Temp=0.0 Rep=1 → Neutro
[2026-05-11 14:48:51,157][__main__][INFO] - ✓ [meta-llama/Meta-Llama-3.1-8B-Instruct] Temp=0.0 Rep=1 → Neutro
[2026-05-11 14:48:51,357][__main__][INFO] - ✓ [deepseek-ai/DeepSeek-V3.2] Temp=0.0 Rep=1 → Concordo
[2026-05-11 14:48:51,454][__main__][INFO] - ✓ [meta-llama/Meta-Llama-3.1-8B-Instruct] Temp=0.0 Rep=1 → Neutro
[2026-05-11 14:48:51,520][__main__][INFO] - ✓ [meta-llama/Meta-Llama-3.1-8B-Instruct] Temp=0.0 Rep=1 → Concordo fortemente
[2026-05-11 14:48:51,568][__main__][INFO] - ✓ [meta-llama/Meta-Llama-3.1-8B-Instruct] Temp=0.0 Rep=1 → Concordo fortemente
[2026-05-11 14:48:51,636][__main__][INFO] - ✓ [deepseek-ai/DeepSeek-V3.2] Temp=0.0 Rep=1 → Concordo fortemente
[2026-05-11 14:48:51,787][__main__][INFO] - ✓ [deepseek-ai/DeepSeek-V3.2] Temp=0.0 Rep=1 → Concordo fortemente
[2026-05-11 14:48:51,882][__main__][INFO] - ✓ [deepseek-ai/DeepSeek-V3.2] Temp=0.0 Rep=1 → Neutro
[2026-05-11 14:48:51,884][__main__][INFO] - ✓ [deepseek-ai/DeepSeek-V3.2] Temp=0.0 Rep=1 → Neutro
[2026-05-11 14:48:51,895][__main__][INFO] - ✓ [deepseek-ai/DeepSeek-V3.2] Temp=0.0 Rep=1 → Concordo
[2026-05-11 14:48:52,037][__main__][INFO] - ✓ [meta-llama/Meta-Llama-3.1-8B-Instruct] Temp=0.0 Rep=1 → Concordo fortemente
[2026-05-11 14:48:52,065][__main__][WARNING] - Resposta inválida (tentativa 1/3) de meta-llama/Meta-Llama-3.1-8B-Instruct: Não posso fornecer uma resposta para essa pergunta Se você g
[2026-05-11 14:48:52,065][__main__][INFO] - Fazendo retry 2/3...
[2026-05-11 14:48:52,091][__main__][INFO] - ✓ [meta-llama/Meta-Llama-3.1-8B-Instruct] Temp=0.0 Rep=1 → Concordo fortemente
[2026-05-11 14:48:52,199][__main__][INFO] - ✓ [meta-llama/Meta-Llama-3.1-8B-Instruct] Temp=0.0 Rep=1 → Concordo fortemente
[2026-05-11 14:48:52,217][__main__][INFO] - ✓ [deepseek-ai/DeepSeek-V3.2] Temp=0.0 Rep=1 → Concordo fortemente
[2026-05-11 14:48:52,408][__main__][INFO] - ✓ [meta-llama/Meta-Llama-3.1-8B-Instruct] Temp=0.0 Rep=1 → Concordo
[2026-05-11 14:48:52,408][__main__][INFO] - ✓ [meta-llama/Meta-Llama-3.1-8B-Instruct] Temp=0.0 Rep=1 → Concordo
[2026-05-11 14:48:52,409][__main__][INFO] - ✓ [deepseek-ai/DeepSeek-V3.2] Temp=0.0 Rep=1 → Concordo fortemente
[2026-05-11 14:48:52,434][__main__][INFO] - ✓ [meta-llama/Meta-Llama-3.1-8B-Instruct] Temp=0.0 Rep=1 → Concordo
[2026-05-11 14:48:52,762][__main__][INFO] - ✓ [meta-llama/Meta-Llama-3.1-8B-Instruct] Temp=0.0 Rep=1 → Concordo fortemente
[2026-05-11 14:48:52,771][__main__][INFO] - ✓ [deepseek-ai/DeepSeek-V3.2] Temp=0.0 Rep=1 → Neutro
[2026-05-11 14:48:52,775][__main__][INFO] - ✓ [meta-llama/Meta-Llama-3.1-8B-Instruct] Temp=0.0 Rep=1 → Concordo fortemente
[2026-05-11 14:48:52,816][__main__][INFO] - ✓ [meta-llama/Meta-Llama-3.1-8B-Instruct] Temp=0.0 Rep=1 → Concordo fortemente
[2026-05-11 14:48:52,929][__main__][INFO] - ✓ [deepseek-ai/DeepSeek-V3.2] Temp=0.0 Rep=1 → Concordo fortemente
[2026-05-11 14:48:52,970][__main__][INFO] - ✓ [deepseek-ai/DeepSeek-V3.2] Temp=0.0 Rep=1 → Concordo
[2026-05-11 14:48:52,998][__main__][INFO] - ✓ [deepseek-ai/DeepSeek-V3.2] Temp=0.0 Rep=1 → Concordo fortemente
[2026-05-11 14:48:53,268][__main__][INFO] - ✓ [meta-llama/Meta-Llama-3.1-8B-Instruct] Temp=0.0 Rep=1 → Concordo fortemente
[2026-05-11 14:48:53,325][__main__][INFO] - ✓ [deepseek-ai/DeepSeek-V3.2] Temp=0.0 Rep=1 → Concordo fortemente
[2026-05-11 14:48:53,338][__main__][INFO] - ✓ [deepseek-ai/DeepSeek-V3.2] Temp=0.0 Rep=1 → Concordo
[2026-05-11 14:48:53,454][__main__][INFO] - ✓ [meta-llama/Meta-Llama-3.1-8B-Instruct] Temp=0.0 Rep=1 → Concordo fortemente
[2026-05-11 14:48:53,454][__main__][INFO] - ✓ [meta-llama/Meta-Llama-3.1-8B-Instruct] Temp=0.0 Rep=1 → Concordo fortemente
[2026-05-11 14:48:53,547][__main__][INFO] - ✓ [deepseek-ai/DeepSeek-V3.2] Temp=0.0 Rep=1 → Concordo
[2026-05-11 14:48:53,569][__main__][INFO] - ✓ [deepseek-ai/DeepSeek-V3.2] Temp=0.0 Rep=1 → Concordo
[2026-05-11 14:48:53,634][__main__][INFO] - ✓ [deepseek-ai/DeepSeek-V3.2] Temp=0.0 Rep=1 → Concordo fortemente
[2026-05-11 14:48:53,776][__main__][INFO] - ✓ [meta-llama/Meta-Llama-3.1-8B-Instruct] Temp=0.0 Rep=1 → Concordo fortemente
[2026-05-11 14:48:53,788][__main__][INFO] - ✓ [meta-llama/Meta-Llama-3.1-8B-Instruct] Temp=0.0 Rep=1 → Concordo fortemente
[2026-05-11 14:48:53,823][__main__][INFO] - ✓ [deepseek-ai/DeepSeek-V3.2] Temp=0.0 Rep=1 → Concordo fortemente
[2026-05-11 14:48:53,978][__main__][INFO] - ✓ [meta-llama/Meta-Llama-3.1-8B-Instruct] Temp=0.0 Rep=1 → Concordo fortemente
[2026-05-11 14:48:53,981][__main__][INFO] - Salvamento incremental (1000 novas respostas)...
[2026-05-11 14:48:54,048][__main__][INFO] - Cache salvo com 223413 entradas
[2026-05-11 14:48:54,048][__main__][INFO] - ✓ [deepseek-ai/DeepSeek-V3.2] Temp=0.0 Rep=1 → Concordo fortemente
[2026-05-11 14:48:54,087][__main__][INFO] - ✓ [meta-llama/Meta-Llama-3.1-8B-Instruct] Temp=0.0 Rep=1 → Concordo
[2026-05-11 14:48:54,128][__main__][INFO] - ✓ [deepseek-ai/DeepSeek-V3.2] Temp=0.0 Rep=1 → Concordo
[2026-05-11 14:48:54,158][__main__][INFO] - ✓ [meta-llama/Meta-Llama-3.1-8B-Instruct] Temp=0.0 Rep=1 → Concordo fortemente
[2026-05-11 14:48:54,273][__main__][INFO] - ✓ [meta-llama/Meta-Llama-3.1-8B-Instruct] Temp=0.0 Rep=1 → Concordo
[2026-05-11 14:48:54,274][__main__][INFO] - ✓ [deepseek-ai/DeepSeek-V3.2] Temp=0.0 Rep=1 → Concordo fortemente
[2026-05-11 14:48:54,504][__main__][INFO] - ✓ [meta-llama/Meta-Llama-3.1-8B-Instruct] Temp=0.0 Rep=1 → Concordo
[2026-05-11 14:48:54,524][__main__][INFO] - ✓ [deepseek-ai/DeepSeek-V3.2] Temp=0.0 Rep=1 → Concordo fortemente
[2026-05-11 14:48:54,573][__main__][INFO] - ✓ [meta-llama/Meta-Llama-3.1-8B-Instruct] Temp=0.0 Rep=1 → Concordo
[2026-05-11 14:48:54,802][__main__][INFO] - ✓ [deepseek-ai/DeepSeek-V3.2] Temp=0.0 Rep=1 → Concordo fortemente
[2026-05-11 14:48:54,807][__main__][INFO] - ✓ [deepseek-ai/DeepSeek-V3.2] Temp=0.0 Rep=1 → Concordo
[2026-05-11 14:48:54,830][__main__][INFO] - ✓ [deepseek-ai/DeepSeek-V3.2] Temp=0.0 Rep=1 → Concordo fortemente
[2026-05-11 14:48:54,913][__main__][INFO] - ✓ [meta-llama/Meta-Llama-3.1-8B-Instruct] Temp=0.0 Rep=1 → Concordo fortemente
[2026-05-11 14:48:55,191][__main__][INFO] - ✓ [meta-llama/Meta-Llama-3.1-8B-Instruct] Temp=0.0 Rep=1 → Concordo fortemente
[2026-05-11 14:48:55,229][__main__][INFO] - ✓ [meta-llama/Meta-Llama-3.1-8B-Instruct] Temp=0.0 Rep=1 → Concordo fortemente
[2026-05-11 14:48:55,387][__main__][INFO] - ✓ [deepseek-ai/DeepSeek-V3.2] Temp=0.0 Rep=1 → Concordo fortemente
[2026-05-11 14:48:55,619][__main__][INFO] - ✓ [deepseek-ai/DeepSeek-V3.2] Temp=0.0 Rep=1 → Neutro
[2026-05-11 14:48:55,621][__main__][INFO] - ✓ [meta-llama/Meta-Llama-3.1-8B-Instruct] Temp=0.0 Rep=1 → Concordo
[2026-05-11 14:48:55,623][__main__][INFO] - ✓ [meta-llama/Meta-Llama-3.1-8B-Instruct] Temp=0.0 Rep=1 → Concordo
[2026-05-11 14:48:55,665][__main__][INFO] - ✓ [deepseek-ai/DeepSeek-V3.2] Temp=0.0 Rep=1 → Neutro
[2026-05-11 14:48:55,820][__main__][INFO] - ✓ [meta-llama/Meta-Llama-3.1-8B-Instruct] Temp=0.0 Rep=1 → Concordo
[2026-05-11 14:48:55,906][__main__][INFO] - ✓ [deepseek-ai/DeepSeek-V3.2] Temp=0.0 Rep=1 → Concordo
[2026-05-11 14:48:55,909][__main__][INFO] - ✓ [deepseek-ai/DeepSeek-V3.2] Temp=0.0 Rep=1 → Concordo fortemente
[2026-05-11 14:48:56,172][__main__][INFO] - ✓ [deepseek-ai/DeepSeek-V3.2] Temp=0.0 Rep=1 → Concordo
[2026-05-11 14:48:56,351][__main__][INFO] - ✓ [meta-llama/Meta-Llama-3.1-8B-Instruct] Temp=0.0 Rep=1 → Concordo
[2026-05-11 14:48:56,354][__main__][INFO] - ✓ [meta-llama/Meta-Llama-3.1-8B-Instruct] Temp=0.0 Rep=1 → Concordo
[2026-05-11 14:48:56,386][__main__][INFO] - ✓ [meta-llama/Meta-Llama-3.1-8B-Instruct] Temp=0.0 Rep=1 → Concordo
[2026-05-11 14:48:56,444][__main__][INFO] - ✓ [deepseek-ai/DeepSeek-V3.2] Temp=0.0 Rep=1 → Concordo fortemente
[2026-05-11 14:48:56,616][__main__][INFO] - ✓ [meta-llama/Meta-Llama-3.1-8B-Instruct] Temp=0.0 Rep=1 → Concordo
[2026-05-11 14:48:56,711][__main__][INFO] - ✓ [deepseek-ai/DeepSeek-V3.2] Temp=0.0 Rep=1 → Neutro
[2026-05-11 14:48:56,890][__main__][INFO] - ✓ [meta-llama/Meta-Llama-3.1-8B-Instruct] Temp=0.0 Rep=1 → Concordo
[2026-05-11 14:48:56,903][__main__][INFO] - ✓ [deepseek-ai/DeepSeek-V3.2] Temp=0.0 Rep=1 → Concordo
[2026-05-11 14:48:56,956][__main__][WARNING] - Resposta inválida (tentativa 2/3) de meta-llama/Meta-Llama-3.1-8B-Instruct: Não posso fornecer uma resposta para essa pergunta Posso aju
[2026-05-11 14:48:56,956][__main__][INFO] - Fazendo retry 3/3...
[2026-05-11 14:48:57,124][__main__][INFO] - ✓ [meta-llama/Meta-Llama-3.1-8B-Instruct] Temp=0.0 Rep=1 → Concordo
[2026-05-11 14:48:57,128][__main__][INFO] - ✓ [deepseek-ai/DeepSeek-V3.2] Temp=0.0 Rep=1 → Concordo
[2026-05-11 14:48:57,132][__main__][INFO] - ✓ [deepseek-ai/DeepSeek-V3.2] Temp=0.0 Rep=1 → Neutro
[2026-05-11 14:48:57,163][__main__][INFO] - ✓ [deepseek-ai/DeepSeek-V3.2] Temp=0.0 Rep=1 → Neutro
[2026-05-11 14:48:57,228][__main__][INFO] - ✓ [meta-llama/Meta-Llama-3.1-8B-Instruct] Temp=0.0 Rep=1 → Concordo
[2026-05-11 14:48:57,308][__main__][INFO] - ✓ [deepseek-ai/DeepSeek-V3.2] Temp=0.0 Rep=1 → Neutro
[2026-05-11 14:48:57,498][__main__][INFO] - ✓ [meta-llama/Meta-Llama-3.1-8B-Instruct] Temp=0.0 Rep=1 → Concordo fortemente
[2026-05-11 14:48:57,515][__main__][INFO] - ✓ [meta-llama/Meta-Llama-3.1-8B-Instruct] Temp=0.0 Rep=1 → Neutro
[2026-05-11 14:48:57,549][__main__][INFO] - Salvamento incremental (1040 novas respostas)...
[2026-05-11 14:48:57,681][__main__][INFO] - Cache salvo com 223453 entradas
[2026-05-11 14:48:57,682][__main__][INFO] - ✓ [meta-llama/Meta-Llama-3.1-8B-Instruct] Temp=0.0 Rep=1 → Concordo fortemente
[2026-05-11 14:48:57,693][__main__][INFO] - ✓ [deepseek-ai/DeepSeek-V3.2] Temp=0.0 Rep=1 → Concordo
[2026-05-11 14:48:57,751][__main__][INFO] - ✓ [deepseek-ai/DeepSeek-V3.2] Temp=0.0 Rep=1 → Neutro
[2026-05-11 14:48:57,941][__main__][INFO] - ✓ [meta-llama/Meta-Llama-3.1-8B-Instruct] Temp=0.0 Rep=1 → Concordo fortemente
[2026-05-11 14:48:58,002][__main__][INFO] - ✓ [deepseek-ai/DeepSeek-V3.2] Temp=0.0 Rep=1 → Neutro
[2026-05-11 14:48:58,006][__main__][INFO] - ✓ [meta-llama/Meta-Llama-3.1-8B-Instruct] Temp=0.0 Rep=1 → Concordo fortemente
[2026-05-11 14:48:58,015][__main__][INFO] - ✓ [meta-llama/Meta-Llama-3.1-8B-Instruct] Temp=0.0 Rep=1 → Concordo fortemente
[2026-05-11 14:48:58,243][__main__][INFO] - ✓ [deepseek-ai/DeepSeek-V3.2] Temp=0.0 Rep=1 → Neutro
[2026-05-11 14:48:58,335][__main__][INFO] - ✓ [meta-llama/Meta-Llama-3.1-8B-Instruct] Temp=0.0 Rep=1 → Concordo fortemente
[2026-05-11 14:48:58,394][__main__][INFO] - ✓ [deepseek-ai/DeepSeek-V3.2] Temp=0.0 Rep=1 → Concordo fortemente
[2026-05-11 14:48:58,405][__main__][INFO] - ✓ [deepseek-ai/DeepSeek-V3.2] Temp=0.0 Rep=1 → Neutro
[2026-05-11 14:48:58,416][__main__][INFO] - ✓ [meta-llama/Meta-Llama-3.1-8B-Instruct] Temp=0.0 Rep=1 → Concordo
[2026-05-11 14:48:58,447][__main__][INFO] - ✓ [meta-llama/Meta-Llama-3.1-8B-Instruct] Temp=0.0 Rep=1 → Concordo fortemente
[2026-05-11 14:48:58,483][__main__][INFO] - ✓ [deepseek-ai/DeepSeek-V3.2] Temp=0.0 Rep=1 → Concordo fortemente
[2026-05-11 14:48:58,712][__main__][INFO] - ✓ [deepseek-ai/DeepSeek-V3.2] Temp=0.0 Rep=1 → Concordo fortemente
[2026-05-11 14:48:58,809][__main__][INFO] - ✓ [meta-llama/Meta-Llama-3.1-8B-Instruct] Temp=0.0 Rep=1 → Concordo fortemente
[2026-05-11 14:48:58,868][__main__][INFO] - ✓ [meta-llama/Meta-Llama-3.1-8B-Instruct] Temp=0.0 Rep=1 → Concordo fortemente
[2026-05-11 14:48:58,890][__main__][INFO] - ✓ [meta-llama/Meta-Llama-3.1-8B-Instruct] Temp=0.0 Rep=1 → Concordo fortemente
[2026-05-11 14:48:59,052][__main__][INFO] - ✓ [deepseek-ai/DeepSeek-V3.2] Temp=0.0 Rep=1 → Neutro
[2026-05-11 14:48:59,335][__main__][INFO] - ✓ [meta-llama/Meta-Llama-3.1-8B-Instruct] Temp=0.0 Rep=1 → Concordo fortemente
[2026-05-11 14:48:59,336][__main__][INFO] - ✓ [meta-llama/Meta-Llama-3.1-8B-Instruct] Temp=0.0 Rep=1 → Concordo fortemente
[2026-05-11 14:48:59,366][__main__][INFO] - ✓ [deepseek-ai/DeepSeek-V3.2] Temp=0.0 Rep=1 → Discordo
[2026-05-11 14:48:59,396][__main__][INFO] - ✓ [meta-llama/Meta-Llama-3.1-8B-Instruct] Temp=0.0 Rep=1 → Concordo fortemente
[2026-05-11 14:48:59,477][__main__][INFO] - ✓ [deepseek-ai/DeepSeek-V3.2] Temp=0.0 Rep=1 → Neutro
[2026-05-11 14:48:59,492][__main__][INFO] - ✓ [deepseek-ai/DeepSeek-V3.2] Temp=0.0 Rep=1 → Concordo fortemente
[2026-05-11 14:48:59,499][__main__][INFO] - ✓ [deepseek-ai/DeepSeek-V3.2] Temp=0.0 Rep=1 → Neutro
[2026-05-11 14:48:59,557][__main__][INFO] - ✓ [deepseek-ai/DeepSeek-V3.2] Temp=0.0 Rep=1 → Concordo fortemente
[2026-05-11 14:48:59,641][__main__][INFO] - ✓ [deepseek-ai/DeepSeek-V3.2] Temp=0.0 Rep=1 → Concordo fortemente
[2026-05-11 14:48:59,863][__main__][INFO] - ✓ [deepseek-ai/DeepSeek-V3.2] Temp=0.0 Rep=1 → Concordo fortemente
[2026-05-11 14:48:59,877][__main__][INFO] - ✓ [meta-llama/Meta-Llama-3.1-8B-Instruct] Temp=0.0 Rep=1 → Concordo fortemente
[2026-05-11 14:48:59,889][__main__][INFO] - ✓ [meta-llama/Meta-Llama-3.1-8B-Instruct] Temp=0.0 Rep=1 → Concordo fortemente
[2026-05-11 14:48:59,936][__main__][INFO] - ✓ [meta-llama/Meta-Llama-3.1-8B-Instruct] Temp=0.0 Rep=1 → Concordo fortemente
[2026-05-11 14:49:00,271][__main__][INFO] - ✓ [deepseek-ai/DeepSeek-V3.2] Temp=0.0 Rep=1 → Discordo fortemente
[2026-05-11 14:49:00,275][__main__][INFO] - ✓ [deepseek-ai/DeepSeek-V3.2] Temp=0.0 Rep=1 → Neutro
[2026-05-11 14:49:00,275][__main__][INFO] - ✓ [meta-llama/Meta-Llama-3.1-8B-Instruct] Temp=0.0 Rep=1 → Concordo fortemente
[2026-05-11 14:49:00,304][__main__][INFO] - ✓ [deepseek-ai/DeepSeek-V3.2] Temp=0.0 Rep=1 → Concordo fortemente
[2026-05-11 14:49:00,328][__main__][INFO] - ✓ [meta-llama/Meta-Llama-3.1-8B-Instruct] Temp=0.0 Rep=1 → Concordo fortemente
[2026-05-11 14:49:00,333][__main__][INFO] - ✓ [meta-llama/Meta-Llama-3.1-8B-Instruct] Temp=0.0 Rep=1 → Concordo fortemente
[2026-05-11 14:49:00,669][__main__][INFO] - ✓ [deepseek-ai/DeepSeek-V3.2] Temp=0.0 Rep=1 → Neutro
[2026-05-11 14:49:00,793][__main__][INFO] - ✓ [deepseek-ai/DeepSeek-V3.2] Temp=0.0 Rep=1 → Concordo fortemente
[2026-05-11 14:49:00,796][__main__][INFO] - Salvamento incremental (1080 novas respostas)...
[2026-05-11 14:49:00,866][__main__][INFO] - Cache salvo com 223493 entradas
[2026-05-11 14:49:00,867][__main__][INFO] - ✓ [meta-llama/Meta-Llama-3.1-8B-Instruct] Temp=0.0 Rep=1 → Concordo fortemente
[2026-05-11 14:49:00,868][__main__][INFO] - ✓ [deepseek-ai/DeepSeek-V3.2] Temp=0.0 Rep=1 → Concordo fortemente
[2026-05-11 14:49:00,925][__main__][INFO] - ✓ [meta-llama/Meta-Llama-3.1-8B-Instruct] Temp=0.0 Rep=1 → Concordo fortemente
[2026-05-11 14:49:00,934][__main__][INFO] - ✓ [deepseek-ai/DeepSeek-V3.2] Temp=0.0 Rep=1 → Neutro
[2026-05-11 14:49:01,000][__main__][INFO] - ✓ [deepseek-ai/DeepSeek-V3.2] Temp=0.0 Rep=1 → Discordo
[2026-05-11 14:49:01,319][__main__][INFO] - ✓ [meta-llama/Meta-Llama-3.1-8B-Instruct] Temp=0.0 Rep=1 → Concordo fortemente
[2026-05-11 14:49:01,323][__main__][INFO] - ✓ [meta-llama/Meta-Llama-3.1-8B-Instruct] Temp=0.0 Rep=1 → Concordo fortemente
[2026-05-11 14:49:01,323][__main__][INFO] - ✓ [meta-llama/Meta-Llama-3.1-8B-Instruct] Temp=0.0 Rep=1 → Concordo fortemente
[2026-05-11 14:49:01,515][__main__][INFO] - ✓ [meta-llama/Meta-Llama-3.1-8B-Instruct] Temp=0.0 Rep=1 → Concordo fortemente
[2026-05-11 14:49:01,578][__main__][INFO] - ✓ [deepseek-ai/DeepSeek-V3.2] Temp=0.0 Rep=1 → Concordo fortemente
[2026-05-11 14:49:01,712][__main__][INFO] - ✓ [deepseek-ai/DeepSeek-V3.2] Temp=0.0 Rep=1 → Concordo fortemente
[2026-05-11 14:49:01,843][__main__][INFO] - ✓ [deepseek-ai/DeepSeek-V3.2] Temp=0.0 Rep=1 → Neutro
[2026-05-11 14:49:01,847][__main__][INFO] - ✓ [meta-llama/Meta-Llama-3.1-8B-Instruct] Temp=0.0 Rep=1 → Concordo
[2026-05-11 14:49:01,848][__main__][INFO] - ✓ [meta-llama/Meta-Llama-3.1-8B-Instruct] Temp=0.0 Rep=1 → Neutro
[2026-05-11 14:49:01,849][__main__][INFO] - ✓ [meta-llama/Meta-Llama-3.1-8B-Instruct] Temp=0.0 Rep=1 → Concordo
[2026-05-11 14:49:02,113][__main__][INFO] - ✓ [deepseek-ai/DeepSeek-V3.2] Temp=0.0 Rep=1 → Discordo fortemente
[2026-05-11 14:49:02,206][__main__][INFO] - ✓ [meta-llama/Meta-Llama-3.1-8B-Instruct] Temp=0.0 Rep=1 → Concordo fortemente
[2026-05-11 14:49:02,221][__main__][INFO] - ✓ [deepseek-ai/DeepSeek-V3.2] Temp=0.0 Rep=1 → Neutro
[2026-05-11 14:49:02,225][__main__][INFO] - ✓ [meta-llama/Meta-Llama-3.1-8B-Instruct] Temp=0.0 Rep=1 → Concordo fortemente
[2026-05-11 14:49:02,368][__main__][INFO] - ✓ [deepseek-ai/DeepSeek-V3.2] Temp=0.0 Rep=1 → Neutro
[2026-05-11 14:49:02,379][__main__][INFO] - ✓ [meta-llama/Meta-Llama-3.1-8B-Instruct] Temp=0.0 Rep=1 → Concordo fortemente
[2026-05-11 14:49:02,638][__main__][INFO] - ✓ [meta-llama/Meta-Llama-3.1-8B-Instruct] Temp=0.0 Rep=1 → Concordo fortemente
[2026-05-11 14:49:02,726][__main__][INFO] - ✓ [deepseek-ai/DeepSeek-V3.2] Temp=0.0 Rep=1 → Concordo fortemente
[2026-05-11 14:49:02,729][__main__][INFO] - ✓ [deepseek-ai/DeepSeek-V3.2] Temp=0.0 Rep=1 → Neutro
[2026-05-11 14:49:02,763][__main__][INFO] - ✓ [meta-llama/Meta-Llama-3.1-8B-Instruct] Temp=0.0 Rep=1 → Concordo fortemente
[2026-05-11 14:49:02,790][__main__][INFO] - ✓ [deepseek-ai/DeepSeek-V3.2] Temp=0.0 Rep=1 → Neutro
[2026-05-11 14:49:02,917][__main__][INFO] - ✓ [deepseek-ai/DeepSeek-V3.2] Temp=0.0 Rep=1 → Neutro
[2026-05-11 14:49:02,939][__main__][INFO] - ✓ [deepseek-ai/DeepSeek-V3.2] Temp=0.0 Rep=1 → Concordo fortemente
[2026-05-11 14:49:02,944][__main__][WARNING] - Resposta inválida (tentativa 1/3) de meta-llama/Meta-Llama-3.1-8B-Instruct: Não posso fornecer uma resposta para essa pergunta Posso aju
[2026-05-11 14:49:02,944][__main__][INFO] - Fazendo retry 2/3...
[2026-05-11 14:49:03,029][__main__][INFO] - ✓ [deepseek-ai/DeepSeek-V3.2] Temp=0.0 Rep=1 → Concordo fortemente
[2026-05-11 14:49:03,056][__main__][INFO] - ✓ [deepseek-ai/DeepSeek-V3.2] Temp=0.0 Rep=1 → Concordo fortemente
[2026-05-11 14:49:03,088][__main__][INFO] - ✓ [meta-llama/Meta-Llama-3.1-8B-Instruct] Temp=0.0 Rep=1 → Concordo
[2026-05-11 14:49:03,144][__main__][INFO] - ✓ [meta-llama/Meta-Llama-3.1-8B-Instruct] Temp=0.0 Rep=1 → Concordo fortemente
[2026-05-11 14:49:03,286][__main__][INFO] - ✓ [meta-llama/Meta-Llama-3.1-8B-Instruct] Temp=0.0 Rep=1 → Concordo fortemente
[2026-05-11 14:49:03,473][__main__][INFO] - ✓ [google/gemma-3-27b-it] Temp=0.0 Rep=1 → Discordo fortemente
[2026-05-11 14:49:03,516][__main__][INFO] - ✓ [google/gemma-3-27b-it] Temp=0.0 Rep=1 → Concordo fortemente
[2026-05-11 14:49:03,539][__main__][INFO] - ✓ [google/gemma-3-27b-it] Temp=0.0 Rep=1 → Concordo fortemente
[2026-05-11 14:49:03,719][__main__][INFO] - ✓ [meta-llama/Meta-Llama-3.1-8B-Instruct] Temp=0.0 Rep=1 → Concordo fortemente
[2026-05-11 14:49:03,834][__main__][INFO] - ✓ [deepseek-ai/DeepSeek-V3.2] Temp=0.0 Rep=1 → Neutro
[2026-05-11 14:49:03,941][__main__][INFO] - ✓ [meta-llama/Meta-Llama-3.1-8B-Instruct] Temp=0.0 Rep=1 → Concordo fortemente
[2026-05-11 14:49:03,945][__main__][INFO] - ✓ [deepseek-ai/DeepSeek-V3.2] Temp=0.0 Rep=1 → Neutro
[2026-05-11 14:49:04,098][__main__][WARNING] - Resposta inválida (tentativa 1/3) de meta-llama/Meta-Llama-3.1-8B-Instruct: Não posso fornecer uma resposta para essa pergunta Posso aju
[2026-05-11 14:49:04,098][__main__][INFO] - Fazendo retry 2/3...
[2026-05-11 14:49:04,152][__main__][INFO] - Salvamento incremental (1120 novas respostas)...
[2026-05-11 14:49:04,240][__main__][INFO] - Cache salvo com 223533 entradas
[2026-05-11 14:49:04,240][__main__][INFO] - ✓ [deepseek-ai/DeepSeek-V3.2] Temp=0.0 Rep=1 → Concordo fortemente
[2026-05-11 14:49:04,242][__main__][INFO] - ✓ [deepseek-ai/DeepSeek-V3.2] Temp=0.0 Rep=1 → Concordo fortemente
[2026-05-11 14:49:04,465][__main__][INFO] - ✓ [meta-llama/Meta-Llama-3.1-8B-Instruct] Temp=0.0 Rep=1 → Concordo fortemente
[2026-05-11 14:49:04,469][__main__][INFO] - ✓ [deepseek-ai/DeepSeek-V3.2] Temp=0.0 Rep=1 → Concordo fortemente
[2026-05-11 14:49:04,469][__main__][INFO] - ✓ [meta-llama/Meta-Llama-3.1-8B-Instruct] Temp=0.0 Rep=1 → Concordo fortemente
[2026-05-11 14:49:04,470][__main__][INFO] - ✓ [meta-llama/Meta-Llama-3.1-8B-Instruct] Temp=0.0 Rep=1 → Concordo fortemente
[2026-05-11 14:49:04,470][__main__][INFO] - ✓ [deepseek-ai/DeepSeek-V3.2] Temp=0.0 Rep=1 → Neutro
[2026-05-11 14:49:04,578][__main__][INFO] - ✓ [deepseek-ai/DeepSeek-V3.2] Temp=0.0 Rep=1 → Concordo fortemente
[2026-05-11 14:49:04,795][__main__][INFO] - ✓ [deepseek-ai/DeepSeek-V3.2] Temp=0.0 Rep=1 → Concordo fortemente
[2026-05-11 14:49:04,824][__main__][INFO] - ✓ [meta-llama/Meta-Llama-3.1-8B-Instruct] Temp=0.0 Rep=1 → Concordo fortemente
[2026-05-11 14:49:04,878][__main__][INFO] - ✓ [meta-llama/Meta-Llama-3.1-8B-Instruct] Temp=0.0 Rep=1 → Concordo fortemente
[2026-05-11 14:49:04,990][__main__][INFO] - ✓ [meta-llama/Meta-Llama-3.1-8B-Instruct] Temp=0.0 Rep=1 → Concordo fortemente
[2026-05-11 14:49:05,223][__main__][INFO] - ✓ [meta-llama/Meta-Llama-3.1-8B-Instruct] Temp=0.0 Rep=1 → Concordo fortemente
[2026-05-11 14:49:05,283][__main__][INFO] - ✓ [meta-llama/Meta-Llama-3.1-8B-Instruct] Temp=0.0 Rep=1 → Concordo fortemente
[2026-05-11 14:49:05,389][__main__][INFO] - ✓ [deepseek-ai/DeepSeek-V3.2] Temp=0.0 Rep=1 → Concordo
[2026-05-11 14:49:05,565][__main__][INFO] - ✓ [deepseek-ai/DeepSeek-V3.2] Temp=0.0 Rep=1 → Concordo fortemente
[2026-05-11 14:49:05,573][__main__][INFO] - ✓ [deepseek-ai/DeepSeek-V3.2] Temp=0.0 Rep=1 → Concordo fortemente
[2026-05-11 14:49:05,583][__main__][INFO] - ✓ [meta-llama/Meta-Llama-3.1-8B-Instruct] Temp=0.0 Rep=1 → Concordo fortemente
[2026-05-11 14:49:05,782][__main__][INFO] - ✓ [deepseek-ai/DeepSeek-V3.2] Temp=0.0 Rep=1 → Concordo fortemente
[2026-05-11 14:49:05,825][__main__][INFO] - ✓ [deepseek-ai/DeepSeek-V3.2] Temp=0.0 Rep=1 → Concordo fortemente
[2026-05-11 14:49:05,869][__main__][INFO] - ✓ [deepseek-ai/DeepSeek-V3.2] Temp=0.0 Rep=1 → Concordo
[2026-05-11 14:49:05,943][__main__][INFO] - ✓ [meta-llama/Meta-Llama-3.1-8B-Instruct] Temp=0.0 Rep=1 → Concordo fortemente
[2026-05-11 14:49:05,947][__main__][INFO] - ✓ [meta-llama/Meta-Llama-3.1-8B-Instruct] Temp=0.0 Rep=1 → Concordo fortemente
[2026-05-11 14:49:06,039][__main__][INFO] - ✓ [meta-llama/Meta-Llama-3.1-8B-Instruct] Temp=0.0 Rep=1 → Concordo fortemente
[2026-05-11 14:49:06,056][__main__][INFO] - ✓ [deepseek-ai/DeepSeek-V3.2] Temp=0.0 Rep=1 → Concordo
[2026-05-11 14:49:06,075][__main__][INFO] - ✓ [deepseek-ai/DeepSeek-V3.2] Temp=0.0 Rep=1 → Concordo
[2026-05-11 14:49:06,213][__main__][INFO] - ✓ [deepseek-ai/DeepSeek-V3.2] Temp=0.0 Rep=1 → Concordo fortemente
[2026-05-11 14:49:06,451][__main__][INFO] - ✓ [meta-llama/Meta-Llama-3.1-8B-Instruct] Temp=0.0 Rep=1 → Concordo fortemente
[2026-05-11 14:49:06,621][__main__][INFO] - ✓ [meta-llama/Meta-Llama-3.1-8B-Instruct] Temp=0.0 Rep=1 → Concordo
[2026-05-11 14:49:06,703][__main__][INFO] - ✓ [meta-llama/Meta-Llama-3.1-8B-Instruct] Temp=0.0 Rep=1 → Concordo fortemente
[2026-05-11 14:49:06,717][__main__][INFO] - ✓ [deepseek-ai/DeepSeek-V3.2] Temp=0.0 Rep=1 → Concordo
[2026-05-11 14:49:06,720][__main__][INFO] - ✓ [deepseek-ai/DeepSeek-V3.2] Temp=0.0 Rep=1 → Neutro
[2026-05-11 14:49:06,797][__main__][INFO] - ✓ [deepseek-ai/DeepSeek-V3.2] Temp=0.0 Rep=1 → Concordo fortemente
[2026-05-11 14:49:06,889][__main__][INFO] - ✓ [deepseek-ai/DeepSeek-V3.2] Temp=0.0 Rep=1 → Concordo fortemente
[2026-05-11 14:49:06,922][__main__][INFO] - ✓ [meta-llama/Meta-Llama-3.1-8B-Instruct] Temp=0.0 Rep=1 → Concordo fortemente
[2026-05-11 14:49:07,087][__main__][INFO] - ✓ [meta-llama/Meta-Llama-3.1-8B-Instruct] Temp=0.0 Rep=1 → Concordo fortemente
[2026-05-11 14:49:07,112][__main__][INFO] - ✓ [deepseek-ai/DeepSeek-V3.2] Temp=0.0 Rep=1 → Neutro
[2026-05-11 14:49:07,118][__main__][INFO] - ✓ [deepseek-ai/DeepSeek-V3.2] Temp=0.0 Rep=1 → Concordo fortemente
[2026-05-11 14:49:07,186][__main__][INFO] - ✓ [meta-llama/Meta-Llama-3.1-8B-Instruct] Temp=0.0 Rep=1 → Concordo fortemente
[2026-05-11 14:49:07,401][__main__][INFO] - ✓ [meta-llama/Meta-Llama-3.1-8B-Instruct] Temp=0.0 Rep=1 → Concordo fortemente
[2026-05-11 14:49:07,488][__main__][INFO] - Salvamento incremental (1160 novas respostas)...
[2026-05-11 14:49:07,548][__main__][INFO] - Cache salvo com 223573 entradas
[2026-05-11 14:49:07,548][__main__][INFO] - ✓ [meta-llama/Meta-Llama-3.1-8B-Instruct] Temp=0.0 Rep=1 → Concordo fortemente
[2026-05-11 14:49:07,613][__main__][INFO] - ✓ [meta-llama/Meta-Llama-3.1-8B-Instruct] Temp=0.0 Rep=1 → Concordo fortemente
[2026-05-11 14:49:07,613][__main__][INFO] - ✓ [deepseek-ai/DeepSeek-V3.2] Temp=0.0 Rep=1 → Concordo
[2026-05-11 14:49:07,615][__main__][INFO] - ✓ [deepseek-ai/DeepSeek-V3.2] Temp=0.0 Rep=1 → Neutro
[2026-05-11 14:49:07,833][__main__][INFO] - ✓ [meta-llama/Meta-Llama-3.1-8B-Instruct] Temp=0.0 Rep=1 → Concordo fortemente
[2026-05-11 14:49:07,895][__main__][INFO] - ✓ [deepseek-ai/DeepSeek-V3.2] Temp=0.0 Rep=1 → Concordo fortemente
[2026-05-11 14:49:07,925][__main__][INFO] - ✓ [meta-llama/Meta-Llama-3.1-8B-Instruct] Temp=0.0 Rep=1 → Concordo
[2026-05-11 14:49:07,971][__main__][INFO] - ✓ [meta-llama/Meta-Llama-3.1-8B-Instruct] Temp=0.0 Rep=1 → Concordo fortemente
[2026-05-11 14:49:08,086][__main__][INFO] - ✓ [deepseek-ai/DeepSeek-V3.2] Temp=0.0 Rep=1 → Concordo
[2026-05-11 14:49:08,192][__main__][INFO] - ✓ [deepseek-ai/DeepSeek-V3.2] Temp=0.0 Rep=1 → Concordo fortemente
[2026-05-11 14:49:08,227][__main__][INFO] - ✓ [meta-llama/Meta-Llama-3.1-8B-Instruct] Temp=0.0 Rep=1 → Concordo
[2026-05-11 14:49:08,236][__main__][INFO] - ✓ [meta-llama/Meta-Llama-3.1-8B-Instruct] Temp=0.0 Rep=1 → Concordo
[2026-05-11 14:49:08,287][__main__][INFO] - ✓ [meta-llama/Meta-Llama-3.1-8B-Instruct] Temp=0.0 Rep=1 → Neutro
[2026-05-11 14:49:08,328][__main__][INFO] - ✓ [deepseek-ai/DeepSeek-V3.2] Temp=0.0 Rep=1 → Concordo fortemente
[2026-05-11 14:49:08,661][__main__][INFO] - ✓ [meta-llama/Meta-Llama-3.1-8B-Instruct] Temp=0.0 Rep=1 → Neutro
[2026-05-11 14:49:08,667][__main__][INFO] - ✓ [deepseek-ai/DeepSeek-V3.2] Temp=0.0 Rep=1 → Neutro
[2026-05-11 14:49:08,673][__main__][INFO] - ✓ [meta-llama/Meta-Llama-3.1-8B-Instruct] Temp=0.0 Rep=1 → Concordo
[2026-05-11 14:49:08,876][__main__][WARNING] - Resposta inválida (tentativa 2/3) de meta-llama/Meta-Llama-3.1-8B-Instruct: Não posso fornecer uma resposta para essa pergunta Posso aju
[2026-05-11 14:49:08,877][__main__][INFO] - Fazendo retry 3/3...
[2026-05-11 14:49:09,207][__main__][INFO] - ✓ [meta-llama/Meta-Llama-3.1-8B-Instruct] Temp=0.0 Rep=1 → Concordo
[2026-05-11 14:49:09,219][__main__][INFO] - ✓ [deepseek-ai/DeepSeek-V3.2] Temp=0.0 Rep=1 → Neutro
[2026-05-11 14:49:09,275][__main__][INFO] - ✓ [deepseek-ai/DeepSeek-V3.2] Temp=0.0 Rep=1 → Neutro
[2026-05-11 14:49:09,301][__main__][INFO] - ✓ [deepseek-ai/DeepSeek-V3.2] Temp=0.0 Rep=1 → Neutro
[2026-05-11 14:49:09,459][__main__][INFO] - ✓ [deepseek-ai/DeepSeek-V3.2] Temp=0.0 Rep=1 → Neutro
[2026-05-11 14:49:09,490][__main__][INFO] - ✓ [deepseek-ai/DeepSeek-V3.2] Temp=0.0 Rep=1 → Neutro
[2026-05-11 14:49:09,539][__main__][INFO] - ✓ [deepseek-ai/DeepSeek-V3.2] Temp=0.0 Rep=1 → Neutro
[2026-05-11 14:49:09,572][__main__][INFO] - ✓ [meta-llama/Meta-Llama-3.1-8B-Instruct] Temp=0.0 Rep=1 → Concordo
[2026-05-11 14:49:09,591][__main__][INFO] - ✓ [deepseek-ai/DeepSeek-V3.2] Temp=0.0 Rep=1 → Neutro
[2026-05-11 14:49:09,708][__main__][INFO] - ✓ [meta-llama/Meta-Llama-3.1-8B-Instruct] Temp=0.0 Rep=1 → Neutro
[2026-05-11 14:49:09,710][__main__][INFO] - ✓ [meta-llama/Meta-Llama-3.1-8B-Instruct] Temp=0.0 Rep=1 → Concordo fortemente
[2026-05-11 14:49:09,866][__main__][INFO] - ✓ [meta-llama/Meta-Llama-3.1-8B-Instruct] Temp=0.0 Rep=1 → Concordo
[2026-05-11 14:49:09,921][__main__][INFO] - ✓ [meta-llama/Meta-Llama-3.1-8B-Instruct] Temp=0.0 Rep=1 → Concordo
[2026-05-11 14:49:10,323][__main__][INFO] - ✓ [meta-llama/Meta-Llama-3.1-8B-Instruct] Temp=0.0 Rep=1 → Neutro
[2026-05-11 14:49:10,467][__main__][INFO] - ✓ [deepseek-ai/DeepSeek-V3.2] Temp=0.0 Rep=1 → Neutro
[2026-05-11 14:49:10,480][__main__][INFO] - ✓ [meta-llama/Meta-Llama-3.1-8B-Instruct] Temp=0.0 Rep=1 → Concordo
[2026-05-11 14:49:10,542][__main__][INFO] - ✓ [deepseek-ai/DeepSeek-V3.2] Temp=0.0 Rep=1 → Neutro
[2026-05-11 14:49:10,544][__main__][INFO] - ✓ [deepseek-ai/DeepSeek-V3.2] Temp=0.0 Rep=1 → Concordo fortemente
[2026-05-11 14:49:10,546][__main__][INFO] - ✓ [deepseek-ai/DeepSeek-V3.2] Temp=0.0 Rep=1 → Concordo
[2026-05-11 14:49:10,635][__main__][INFO] - ✓ [meta-llama/Meta-Llama-3.1-8B-Instruct] Temp=0.0 Rep=1 → Concordo
[2026-05-11 14:49:10,653][__main__][INFO] - ✓ [deepseek-ai/DeepSeek-V3.2] Temp=0.0 Rep=1 → Neutro
[2026-05-11 14:49:10,760][__main__][INFO] - ✓ [deepseek-ai/DeepSeek-V3.2] Temp=0.0 Rep=1 → Concordo
[2026-05-11 14:49:10,760][__main__][INFO] - ✓ [deepseek-ai/DeepSeek-V3.2] Temp=0.0 Rep=1 → Concordo fortemente
[2026-05-11 14:49:10,796][__main__][INFO] - Salvamento incremental (1200 novas respostas)...
[2026-05-11 14:49:10,867][__main__][INFO] - Cache salvo com 223613 entradas
[2026-05-11 14:49:10,868][__main__][INFO] - ✓ [meta-llama/Meta-Llama-3.1-8B-Instruct] Temp=0.0 Rep=1 → Concordo
[2026-05-11 14:49:10,923][__main__][INFO] - ✓ [meta-llama/Meta-Llama-3.1-8B-Instruct] Temp=0.0 Rep=1 → Concordo fortemente
[2026-05-11 14:49:11,020][__main__][INFO] - ✓ [meta-llama/Meta-Llama-3.1-8B-Instruct] Temp=0.0 Rep=1 → Concordo fortemente
[2026-05-11 14:49:11,106][__main__][INFO] - ✓ [meta-llama/Meta-Llama-3.1-8B-Instruct] Temp=0.0 Rep=1 → Concordo fortemente
[2026-05-11 14:49:11,320][__main__][INFO] - ✓ [meta-llama/Meta-Llama-3.1-8B-Instruct] Temp=0.0 Rep=1 → Concordo fortemente
[2026-05-11 14:49:11,352][__main__][INFO] - ✓ [meta-llama/Meta-Llama-3.1-8B-Instruct] Temp=0.0 Rep=1 → Concordo fortemente
[2026-05-11 14:49:11,458][__main__][INFO] - ✓ [deepseek-ai/DeepSeek-V3.2] Temp=0.0 Rep=1 → Neutro
[2026-05-11 14:49:11,517][__main__][INFO] - ✓ [deepseek-ai/DeepSeek-V3.2] Temp=0.0 Rep=1 → Neutro
[2026-05-11 14:49:11,617][__main__][INFO] - ✓ [deepseek-ai/DeepSeek-V3.2] Temp=0.0 Rep=1 → Neutro
[2026-05-11 14:49:11,702][__main__][INFO] - ✓ [deepseek-ai/DeepSeek-V3.2] Temp=0.0 Rep=1 → Neutro
[2026-05-11 14:49:11,807][__main__][INFO] - ✓ [meta-llama/Meta-Llama-3.1-8B-Instruct] Temp=0.0 Rep=1 → Concordo fortemente
[2026-05-11 14:49:11,809][__main__][INFO] - ✓ [deepseek-ai/DeepSeek-V3.2] Temp=0.0 Rep=1 → Neutro
[2026-05-11 14:49:11,853][__main__][INFO] - ✓ [deepseek-ai/DeepSeek-V3.2] Temp=0.0 Rep=1 → Neutro
[2026-05-11 14:49:11,906][__main__][INFO] - ✓ [meta-llama/Meta-Llama-3.1-8B-Instruct] Temp=0.0 Rep=1 → Concordo fortemente
[2026-05-11 14:49:11,965][__main__][INFO] - ✓ [meta-llama/Meta-Llama-3.1-8B-Instruct] Temp=0.0 Rep=1 → Concordo fortemente
[2026-05-11 14:49:12,085][__main__][INFO] - ✓ [meta-llama/Meta-Llama-3.1-8B-Instruct] Temp=0.0 Rep=1 → Concordo fortemente
[2026-05-11 14:49:12,331][__main__][INFO] - ✓ [meta-llama/Meta-Llama-3.1-8B-Instruct] Temp=0.0 Rep=1 → Concordo
[2026-05-11 14:49:12,347][__main__][INFO] - ✓ [meta-llama/Meta-Llama-3.1-8B-Instruct] Temp=0.0 Rep=1 → Concordo fortemente
[2026-05-11 14:49:12,460][__main__][INFO] - ✓ [deepseek-ai/DeepSeek-V3.2] Temp=0.0 Rep=1 → Concordo fortemente
[2026-05-11 14:49:12,515][__main__][INFO] - ✓ [meta-llama/Meta-Llama-3.1-8B-Instruct] Temp=0.0 Rep=1 → Concordo
[2026-05-11 14:49:12,580][__main__][INFO] - ✓ [deepseek-ai/DeepSeek-V3.2] Temp=0.0 Rep=1 → Concordo fortemente
[2026-05-11 14:49:12,609][__main__][INFO] - ✓ [deepseek-ai/DeepSeek-V3.2] Temp=0.0 Rep=1 → Neutro
[2026-05-11 14:49:12,612][__main__][INFO] - ✓ [deepseek-ai/DeepSeek-V3.2] Temp=0.0 Rep=1 → Concordo fortemente
[2026-05-11 14:49:12,616][__main__][INFO] - ✓ [deepseek-ai/DeepSeek-V3.2] Temp=0.0 Rep=1 → Concordo fortemente
[2026-05-11 14:49:12,634][__main__][INFO] - ✓ [deepseek-ai/DeepSeek-V3.2] Temp=0.0 Rep=1 → Concordo
[2026-05-11 14:49:12,941][__main__][INFO] - ✓ [meta-llama/Meta-Llama-3.1-8B-Instruct] Temp=0.0 Rep=1 → Concordo fortemente
[2026-05-11 14:49:13,086][__main__][INFO] - ✓ [meta-llama/Meta-Llama-3.1-8B-Instruct] Temp=0.0 Rep=1 → Concordo fortemente
[2026-05-11 14:49:13,250][__main__][INFO] - ✓ [meta-llama/Meta-Llama-3.1-8B-Instruct] Temp=0.0 Rep=1 → Concordo fortemente
[2026-05-11 14:49:13,378][__main__][INFO] - ✓ [deepseek-ai/DeepSeek-V3.2] Temp=0.0 Rep=1 → Neutro
[2026-05-11 14:49:13,438][__main__][INFO] - ✓ [deepseek-ai/DeepSeek-V3.2] Temp=0.0 Rep=1 → Concordo
[2026-05-11 14:49:13,445][__main__][INFO] - ✓ [meta-llama/Meta-Llama-3.1-8B-Instruct] Temp=0.0 Rep=1 → Concordo fortemente
[2026-05-11 14:49:13,492][__main__][INFO] - ✓ [deepseek-ai/DeepSeek-V3.2] Temp=0.0 Rep=1 → Concordo fortemente
[2026-05-11 14:49:13,495][__main__][INFO] - ✓ [deepseek-ai/DeepSeek-V3.2] Temp=0.0 Rep=1 → Concordo fortemente
[2026-05-11 14:49:13,496][__main__][INFO] - ✓ [deepseek-ai/DeepSeek-V3.2] Temp=0.0 Rep=1 → Concordo fortemente
[2026-05-11 14:49:13,534][__main__][INFO] - ✓ [meta-llama/Meta-Llama-3.1-8B-Instruct] Temp=0.0 Rep=1 → Concordo fortemente
[2026-05-11 14:49:13,569][__main__][INFO] - ✓ [deepseek-ai/DeepSeek-V3.2] Temp=0.0 Rep=1 → Neutro
[2026-05-11 14:49:13,588][__main__][INFO] - ✓ [deepseek-ai/DeepSeek-V3.2] Temp=0.0 Rep=1 → Concordo fortemente
[2026-05-11 14:49:13,730][__main__][INFO] - ✓ [meta-llama/Meta-Llama-3.1-8B-Instruct] Temp=0.0 Rep=1 → Concordo fortemente
[2026-05-11 14:49:13,904][__main__][INFO] - ✓ [meta-llama/Meta-Llama-3.1-8B-Instruct] Temp=0.0 Rep=1 → Concordo fortemente
[2026-05-11 14:49:13,905][__main__][INFO] - ✓ [meta-llama/Meta-Llama-3.1-8B-Instruct] Temp=0.0 Rep=1 → Concordo fortemente
[2026-05-11 14:49:13,946][__main__][INFO] - Salvamento incremental (1240 novas respostas)...
[2026-05-11 14:49:14,001][__main__][INFO] - Cache salvo com 223653 entradas
[2026-05-11 14:49:14,002][__main__][INFO] - ✓ [meta-llama/Meta-Llama-3.1-8B-Instruct] Temp=0.0 Rep=1 → Concordo fortemente
[2026-05-11 14:49:14,199][__main__][INFO] - ✓ [meta-llama/Meta-Llama-3.1-8B-Instruct] Temp=0.0 Rep=1 → Neutro
[2026-05-11 14:49:14,265][__main__][INFO] - ✓ [deepseek-ai/DeepSeek-V3.2] Temp=0.0 Rep=1 → Concordo fortemente
[2026-05-11 14:49:14,330][__main__][INFO] - ✓ [meta-llama/Meta-Llama-3.1-8B-Instruct] Temp=0.0 Rep=1 → Neutro
[2026-05-11 14:49:14,427][__main__][INFO] - ✓ [deepseek-ai/DeepSeek-V3.2] Temp=0.0 Rep=1 → Concordo fortemente
[2026-05-11 14:49:14,428][__main__][INFO] - ✓ [deepseek-ai/DeepSeek-V3.2] Temp=0.0 Rep=1 → Concordo fortemente
[2026-05-11 14:49:14,490][__main__][INFO] - ✓ [deepseek-ai/DeepSeek-V3.2] Temp=0.0 Rep=1 → Neutro
[2026-05-11 14:49:14,586][__main__][INFO] - ✓ [deepseek-ai/DeepSeek-V3.2] Temp=0.0 Rep=1 → Concordo fortemente
[2026-05-11 14:49:14,631][__main__][WARNING] - Resposta inválida (tentativa 1/3) de meta-llama/Meta-Llama-3.1-8B-Instruct: Não posso fornecer uma resposta para essa afirmação Posso aj
[2026-05-11 14:49:14,631][__main__][INFO] - Fazendo retry 2/3...
[2026-05-11 14:49:14,714][__main__][INFO] - ✓ [meta-llama/Meta-Llama-3.1-8B-Instruct] Temp=0.0 Rep=1 → Concordo fortemente
[2026-05-11 14:49:14,783][__main__][INFO] - ✓ [deepseek-ai/DeepSeek-V3.2] Temp=0.0 Rep=1 → Neutro
[2026-05-11 14:49:14,849][__main__][INFO] - ✓ [meta-llama/Meta-Llama-3.1-8B-Instruct] Temp=0.0 Rep=1 → Concordo
[2026-05-11 14:49:14,859][__main__][INFO] - ✓ [deepseek-ai/DeepSeek-V3.2] Temp=0.0 Rep=1 → Concordo fortemente
[2026-05-11 14:49:14,951][__main__][INFO] - ✓ [meta-llama/Meta-Llama-3.1-8B-Instruct] Temp=0.0 Rep=1 → Concordo fortemente
[2026-05-11 14:49:15,109][__main__][INFO] - ✓ [meta-llama/Meta-Llama-3.1-8B-Instruct] Temp=0.0 Rep=1 → Concordo
[2026-05-11 14:49:15,150][__main__][INFO] - ✓ [meta-llama/Meta-Llama-3.1-8B-Instruct] Temp=0.0 Rep=1 → Concordo
[2026-05-11 14:49:15,155][__main__][INFO] - ✓ [deepseek-ai/DeepSeek-V3.2] Temp=0.0 Rep=1 → Neutro
[2026-05-11 14:49:15,161][__main__][INFO] - ✓ [deepseek-ai/DeepSeek-V3.2] Temp=0.0 Rep=1 → Neutro
[2026-05-11 14:49:15,194][__main__][INFO] - ✓ [meta-llama/Meta-Llama-3.1-8B-Instruct] Temp=0.0 Rep=1 → Concordo
[2026-05-11 14:49:15,476][__main__][INFO] - ✓ [deepseek-ai/DeepSeek-V3.2] Temp=0.0 Rep=1 → Concordo fortemente
[2026-05-11 14:49:15,507][__main__][INFO] - ✓ [deepseek-ai/DeepSeek-V3.2] Temp=0.0 Rep=1 → Neutro
[2026-05-11 14:49:15,514][__main__][INFO] - ✓ [deepseek-ai/DeepSeek-V3.2] Temp=0.0 Rep=1 → Concordo fortemente
[2026-05-11 14:49:15,531][__main__][INFO] - ✓ [meta-llama/Meta-Llama-3.1-8B-Instruct] Temp=0.0 Rep=1 → Concordo
[2026-05-11 14:49:15,550][__main__][INFO] - ✓ [meta-llama/Meta-Llama-3.1-8B-Instruct] Temp=0.0 Rep=1 → Concordo
[2026-05-11 14:49:15,571][__main__][INFO] - ✓ [meta-llama/Meta-Llama-3.1-8B-Instruct] Temp=0.0 Rep=1 → Concordo fortemente
[2026-05-11 14:49:15,745][__main__][INFO] - ✓ [deepseek-ai/DeepSeek-V3.2] Temp=0.0 Rep=1 → Concordo fortemente
[2026-05-11 14:49:15,755][__main__][INFO] - ✓ [deepseek-ai/DeepSeek-V3.2] Temp=0.0 Rep=1 → Concordo fortemente
[2026-05-11 14:49:15,838][__main__][INFO] - ✓ [deepseek-ai/DeepSeek-V3.2] Temp=0.0 Rep=1 → Neutro
[2026-05-11 14:49:16,004][__main__][INFO] - ✓ [meta-llama/Meta-Llama-3.1-8B-Instruct] Temp=0.0 Rep=1 → Concordo fortemente
[2026-05-11 14:49:16,007][__main__][INFO] - ✓ [meta-llama/Meta-Llama-3.1-8B-Instruct] Temp=0.0 Rep=1 → Concordo fortemente
[2026-05-11 14:49:16,074][__main__][INFO] - ✓ [meta-llama/Meta-Llama-3.1-8B-Instruct] Temp=0.0 Rep=1 → Concordo fortemente
[2026-05-11 14:49:16,226][__main__][INFO] - ✓ [meta-llama/Meta-Llama-3.1-8B-Instruct] Temp=0.0 Rep=1 → Concordo fortemente
[2026-05-11 14:49:16,263][__main__][INFO] - ✓ [deepseek-ai/DeepSeek-V3.2] Temp=0.0 Rep=1 → Neutro
[2026-05-11 14:49:16,418][__main__][INFO] - ✓ [meta-llama/Meta-Llama-3.1-8B-Instruct] Temp=0.0 Rep=1 → Concordo fortemente
[2026-05-11 14:49:16,527][__main__][INFO] - ✓ [meta-llama/Meta-Llama-3.1-8B-Instruct] Temp=0.0 Rep=1 → Concordo fortemente
[2026-05-11 14:49:16,663][__main__][INFO] - ✓ [deepseek-ai/DeepSeek-V3.2] Temp=0.0 Rep=1 → Concordo fortemente
[2026-05-11 14:49:16,748][__main__][INFO] - ✓ [deepseek-ai/DeepSeek-V3.2] Temp=0.0 Rep=1 → Neutro
[2026-05-11 14:49:16,751][__main__][INFO] - ✓ [deepseek-ai/DeepSeek-V3.2] Temp=0.0 Rep=1 → Concordo fortemente
[2026-05-11 14:49:16,863][__main__][INFO] - ✓ [meta-llama/Meta-Llama-3.1-8B-Instruct] Temp=0.0 Rep=1 → Concordo fortemente
[2026-05-11 14:49:16,928][__main__][INFO] - ✓ [meta-llama/Meta-Llama-3.1-8B-Instruct] Temp=0.0 Rep=1 → Concordo fortemente
[2026-05-11 14:49:17,049][__main__][INFO] - ✓ [deepseek-ai/DeepSeek-V3.2] Temp=0.0 Rep=1 → Concordo
[2026-05-11 14:49:17,091][__main__][INFO] - Salvamento incremental (1280 novas respostas)...
[2026-05-11 14:49:17,215][__main__][INFO] - Cache salvo com 223693 entradas
[2026-05-11 14:49:17,215][__main__][INFO] - ✓ [deepseek-ai/DeepSeek-V3.2] Temp=0.0 Rep=1 → Concordo fortemente
[2026-05-11 14:49:17,217][__main__][INFO] - ✓ [deepseek-ai/DeepSeek-V3.2] Temp=0.0 Rep=1 → Concordo fortemente
[2026-05-11 14:49:17,218][__main__][INFO] - ✓ [meta-llama/Meta-Llama-3.1-8B-Instruct] Temp=0.0 Rep=1 → Concordo fortemente
[2026-05-11 14:49:17,319][__main__][INFO] - ✓ [meta-llama/Meta-Llama-3.1-8B-Instruct] Temp=0.0 Rep=1 → Concordo fortemente
[2026-05-11 14:49:17,416][__main__][INFO] - ✓ [meta-llama/Meta-Llama-3.1-8B-Instruct] Temp=0.0 Rep=1 → Concordo fortemente
[2026-05-11 14:49:17,471][__main__][INFO] - ✓ [deepseek-ai/DeepSeek-V3.2] Temp=0.0 Rep=1 → Concordo fortemente
[2026-05-11 14:49:17,603][__main__][INFO] - ✓ [meta-llama/Meta-Llama-3.1-8B-Instruct] Temp=0.0 Rep=1 → Concordo fortemente
[2026-05-11 14:49:17,743][__main__][INFO] - ✓ [deepseek-ai/DeepSeek-V3.2] Temp=0.0 Rep=1 → Concordo fortemente
[2026-05-11 14:49:17,778][__main__][INFO] - ✓ [deepseek-ai/DeepSeek-V3.2] Temp=0.0 Rep=1 → Concordo fortemente
[2026-05-11 14:49:17,847][__main__][INFO] - ✓ [meta-llama/Meta-Llama-3.1-8B-Instruct] Temp=0.0 Rep=1 → Concordo fortemente
[2026-05-11 14:49:17,886][__main__][INFO] - ✓ [meta-llama/Meta-Llama-3.1-8B-Instruct] Temp=0.0 Rep=1 → Concordo fortemente
[2026-05-11 14:49:17,889][__main__][INFO] - ✓ [deepseek-ai/DeepSeek-V3.2] Temp=0.0 Rep=1 → Concordo fortemente
[2026-05-11 14:49:17,956][__main__][INFO] - ✓ [deepseek-ai/DeepSeek-V3.2] Temp=0.0 Rep=1 → Concordo fortemente
[2026-05-11 14:49:18,098][__main__][INFO] - ✓ [meta-llama/Meta-Llama-3.1-8B-Instruct] Temp=0.0 Rep=1 → Concordo fortemente
[2026-05-11 14:49:18,099][__main__][INFO] - ✓ [deepseek-ai/DeepSeek-V3.2] Temp=0.0 Rep=1 → Concordo fortemente
[2026-05-11 14:49:18,325][__main__][INFO] - ✓ [meta-llama/Meta-Llama-3.1-8B-Instruct] Temp=0.0 Rep=1 → Concordo fortemente
[2026-05-11 14:49:18,329][__main__][INFO] - ✓ [meta-llama/Meta-Llama-3.1-8B-Instruct] Temp=0.0 Rep=1 → Concordo fortemente
[2026-05-11 14:49:18,353][__main__][INFO] - ✓ [meta-llama/Meta-Llama-3.1-8B-Instruct] Temp=0.0 Rep=1 → Concordo
[2026-05-11 14:49:18,722][__main__][INFO] - ✓ [deepseek-ai/DeepSeek-V3.2] Temp=0.0 Rep=1 → Concordo fortemente
[2026-05-11 14:49:18,737][__main__][INFO] - ✓ [meta-llama/Meta-Llama-3.1-8B-Instruct] Temp=0.0 Rep=1 → Concordo fortemente
[2026-05-11 14:49:18,790][__main__][INFO] - ✓ [meta-llama/Meta-Llama-3.1-8B-Instruct] Temp=0.0 Rep=1 → Concordo fortemente
[2026-05-11 14:49:18,834][__main__][INFO] - ✓ [deepseek-ai/DeepSeek-V3.2] Temp=0.0 Rep=1 → Concordo fortemente
[2026-05-11 14:49:18,992][__main__][INFO] - ✓ [deepseek-ai/DeepSeek-V3.2] Temp=0.0 Rep=1 → Concordo fortemente
[2026-05-11 14:49:18,995][__main__][INFO] - ✓ [deepseek-ai/DeepSeek-V3.2] Temp=0.0 Rep=1 → Concordo fortemente
[2026-05-11 14:49:19,213][__main__][INFO] - ✓ [meta-llama/Meta-Llama-3.1-8B-Instruct] Temp=0.0 Rep=1 → Concordo fortemente
[2026-05-11 14:49:19,258][__main__][INFO] - ✓ [deepseek-ai/DeepSeek-V3.2] Temp=0.0 Rep=1 → Concordo fortemente
[2026-05-11 14:49:19,316][__main__][INFO] - ✓ [deepseek-ai/DeepSeek-V3.2] Temp=0.0 Rep=1 → Concordo fortemente
[2026-05-11 14:49:19,391][__main__][INFO] - ✓ [meta-llama/Meta-Llama-3.1-8B-Instruct] Temp=0.0 Rep=1 → Concordo
[2026-05-11 14:49:19,502][__main__][INFO] - ✓ [deepseek-ai/DeepSeek-V3.2] Temp=0.0 Rep=1 → Concordo fortemente
[2026-05-11 14:49:19,509][__main__][INFO] - ✓ [meta-llama/Meta-Llama-3.1-8B-Instruct] Temp=0.0 Rep=1 → Concordo
[2026-05-11 14:49:19,566][__main__][INFO] - ✓ [meta-llama/Meta-Llama-3.1-8B-Instruct] Temp=0.0 Rep=1 → Concordo
[2026-05-11 14:49:19,667][__main__][INFO] - ✓ [deepseek-ai/DeepSeek-V3.2] Temp=0.0 Rep=1 → Concordo fortemente
[2026-05-11 14:49:19,699][__main__][INFO] - ✓ [deepseek-ai/DeepSeek-V3.2] Temp=0.0 Rep=1 → Neutro
[2026-05-11 14:49:19,702][__main__][INFO] - ✓ [deepseek-ai/DeepSeek-V3.2] Temp=0.0 Rep=1 → Concordo fortemente
[2026-05-11 14:49:19,882][__main__][INFO] - ✓ [meta-llama/Meta-Llama-3.1-8B-Instruct] Temp=0.0 Rep=1 → Neutro
[2026-05-11 14:49:19,960][__main__][INFO] - ✓ [deepseek-ai/DeepSeek-V3.2] Temp=0.0 Rep=1 → Concordo
[2026-05-11 14:49:19,964][__main__][INFO] - ✓ [meta-llama/Meta-Llama-3.1-8B-Instruct] Temp=0.0 Rep=1 → Concordo
[2026-05-11 14:49:20,264][__main__][INFO] - ✓ [deepseek-ai/DeepSeek-V3.2] Temp=0.0 Rep=1 → Neutro
[2026-05-11 14:49:20,268][__main__][INFO] - ✓ [meta-llama/Meta-Llama-3.1-8B-Instruct] Temp=0.0 Rep=1 → Concordo fortemente
[2026-05-11 14:49:20,286][__main__][INFO] - ✓ [meta-llama/Meta-Llama-3.1-8B-Instruct] Temp=0.0 Rep=1 → Concordo
[2026-05-11 14:49:20,418][__main__][INFO] - Salvamento incremental (1320 novas respostas)...
[2026-05-11 14:49:20,478][__main__][INFO] - Cache salvo com 223733 entradas
[2026-05-11 14:49:20,478][__main__][INFO] - ✓ [deepseek-ai/DeepSeek-V3.2] Temp=0.0 Rep=1 → Concordo fortemente
[2026-05-11 14:49:20,479][__main__][INFO] - ✓ [deepseek-ai/DeepSeek-V3.2] Temp=0.0 Rep=1 → Neutro
[2026-05-11 14:49:20,533][__main__][INFO] - ✓ [deepseek-ai/DeepSeek-V3.2] Temp=0.0 Rep=1 → Neutro
[2026-05-11 14:49:20,534][__main__][INFO] - ✓ [deepseek-ai/DeepSeek-V3.2] Temp=0.0 Rep=1 → Neutro
[2026-05-11 14:49:20,583][__main__][INFO] - ✓ [meta-llama/Meta-Llama-3.1-8B-Instruct] Temp=0.0 Rep=1 → Concordo fortemente
[2026-05-11 14:49:20,856][__main__][INFO] - ✓ [meta-llama/Meta-Llama-3.1-8B-Instruct] Temp=0.0 Rep=1 → Neutro
[2026-05-11 14:49:20,858][__main__][INFO] - ✓ [meta-llama/Meta-Llama-3.1-8B-Instruct] Temp=0.0 Rep=1 → Concordo fortemente
[2026-05-11 14:49:20,910][__main__][INFO] - ✓ [meta-llama/Meta-Llama-3.1-8B-Instruct] Temp=0.0 Rep=1 → Concordo fortemente
[2026-05-11 14:49:21,033][__main__][INFO] - ✓ [meta-llama/Meta-Llama-3.1-8B-Instruct] Temp=0.0 Rep=1 → Concordo fortemente
[2026-05-11 14:49:21,085][__main__][INFO] - ✓ [deepseek-ai/DeepSeek-V3.2] Temp=0.0 Rep=1 → Concordo
[2026-05-11 14:49:21,247][__main__][INFO] - ✓ [deepseek-ai/DeepSeek-V3.2] Temp=0.0 Rep=1 → Concordo
[2026-05-11 14:49:21,248][__main__][INFO] - ✓ [deepseek-ai/DeepSeek-V3.2] Temp=0.0 Rep=1 → Neutro
[2026-05-11 14:49:21,254][__main__][INFO] - ✓ [deepseek-ai/DeepSeek-V3.2] Temp=0.0 Rep=1 → Concordo
[2026-05-11 14:49:21,351][__main__][INFO] - ✓ [meta-llama/Meta-Llama-3.1-8B-Instruct] Temp=0.0 Rep=1 → Concordo
[2026-05-11 14:49:21,400][__main__][INFO] - ✓ [deepseek-ai/DeepSeek-V3.2] Temp=0.0 Rep=1 → Concordo fortemente
[2026-05-11 14:49:21,427][__main__][INFO] - ✓ [deepseek-ai/DeepSeek-V3.2] Temp=0.0 Rep=1 → Concordo fortemente
[2026-05-11 14:49:21,554][__main__][INFO] - ✓ [meta-llama/Meta-Llama-3.1-8B-Instruct] Temp=0.0 Rep=1 → Concordo fortemente
[2026-05-11 14:49:21,621][__main__][INFO] - ✓ [meta-llama/Meta-Llama-3.1-8B-Instruct] Temp=0.0 Rep=1 → Concordo fortemente
[2026-05-11 14:49:21,641][__main__][INFO] - ✓ [meta-llama/Meta-Llama-3.1-8B-Instruct] Temp=0.0 Rep=1 → Concordo fortemente
[2026-05-11 14:49:21,768][__main__][INFO] - ✓ [meta-llama/Meta-Llama-3.1-8B-Instruct] Temp=0.0 Rep=1 → Concordo fortemente
[2026-05-11 14:49:21,792][__main__][INFO] - ✓ [meta-llama/Meta-Llama-3.1-8B-Instruct] Temp=0.0 Rep=1 → Concordo fortemente
[2026-05-11 14:49:21,987][__main__][INFO] - ✓ [meta-llama/Meta-Llama-3.1-8B-Instruct] Temp=0.0 Rep=1 → Concordo fortemente
[2026-05-11 14:49:22,143][__main__][INFO] - ✓ [meta-llama/Meta-Llama-3.1-8B-Instruct] Temp=0.0 Rep=1 → Concordo fortemente
[2026-05-11 14:49:22,148][__main__][INFO] - ✓ [deepseek-ai/DeepSeek-V3.2] Temp=0.0 Rep=1 → Concordo
[2026-05-11 14:49:22,170][__main__][INFO] - ✓ [meta-llama/Meta-Llama-3.1-8B-Instruct] Temp=0.0 Rep=1 → Concordo fortemente
[2026-05-11 14:49:22,290][__main__][INFO] - ✓ [deepseek-ai/DeepSeek-V3.2] Temp=0.0 Rep=1 → Concordo
[2026-05-11 14:49:22,330][__main__][INFO] - ✓ [deepseek-ai/DeepSeek-V3.2] Temp=0.0 Rep=1 → Neutro
[2026-05-11 14:49:22,371][__main__][INFO] - ✓ [deepseek-ai/DeepSeek-V3.2] Temp=0.0 Rep=1 → Concordo fortemente
[2026-05-11 14:49:22,383][__main__][INFO] - ✓ [deepseek-ai/DeepSeek-V3.2] Temp=0.0 Rep=1 → Concordo fortemente
[2026-05-11 14:49:22,392][__main__][INFO] - ✓ [deepseek-ai/DeepSeek-V3.2] Temp=0.0 Rep=1 → Concordo fortemente
[2026-05-11 14:49:22,553][__main__][INFO] - ✓ [meta-llama/Meta-Llama-3.1-8B-Instruct] Temp=0.0 Rep=1 → Concordo fortemente
[2026-05-11 14:49:22,669][__main__][INFO] - ✓ [meta-llama/Meta-Llama-3.1-8B-Instruct] Temp=0.0 Rep=1 → Concordo fortemente
[2026-05-11 14:49:22,725][__main__][INFO] - ✓ [meta-llama/Meta-Llama-3.1-8B-Instruct] Temp=0.0 Rep=1 → Concordo fortemente
[2026-05-11 14:49:22,945][__main__][INFO] - ✓ [deepseek-ai/DeepSeek-V3.2] Temp=0.0 Rep=1 → Neutro
[2026-05-11 14:49:22,980][__main__][INFO] - ✓ [meta-llama/Meta-Llama-3.1-8B-Instruct] Temp=0.0 Rep=1 → Concordo fortemente
[2026-05-11 14:49:23,019][__main__][INFO] - ✓ [deepseek-ai/DeepSeek-V3.2] Temp=0.0 Rep=1 → Concordo fortemente
[2026-05-11 14:49:23,028][__main__][INFO] - ✓ [meta-llama/Meta-Llama-3.1-8B-Instruct] Temp=0.0 Rep=1 → Concordo fortemente
[2026-05-11 14:49:23,039][__main__][INFO] - ✓ [deepseek-ai/DeepSeek-V3.2] Temp=0.0 Rep=1 → Concordo fortemente
[2026-05-11 14:49:23,177][__main__][INFO] - ✓ [deepseek-ai/DeepSeek-V3.2] Temp=0.0 Rep=1 → Concordo fortemente
[2026-05-11 14:49:23,234][__main__][INFO] - ✓ [deepseek-ai/DeepSeek-V3.2] Temp=0.0 Rep=1 → Concordo fortemente
[2026-05-11 14:49:23,236][__main__][INFO] - Salvamento incremental (1360 novas respostas)...
[2026-05-11 14:49:23,284][__main__][INFO] - Cache salvo com 223773 entradas
[2026-05-11 14:49:23,285][__main__][INFO] - ✓ [meta-llama/Meta-Llama-3.1-8B-Instruct] Temp=0.0 Rep=1 → Concordo fortemente
[2026-05-11 14:49:23,396][__main__][INFO] - ✓ [meta-llama/Meta-Llama-3.1-8B-Instruct] Temp=0.0 Rep=1 → Concordo fortemente
[2026-05-11 14:49:23,438][__main__][INFO] - ✓ [deepseek-ai/DeepSeek-V3.2] Temp=0.0 Rep=1 → Concordo fortemente
[2026-05-11 14:49:23,522][__main__][INFO] - ✓ [meta-llama/Meta-Llama-3.1-8B-Instruct] Temp=0.0 Rep=1 → Concordo fortemente
[2026-05-11 14:49:23,552][__main__][INFO] - ✓ [meta-llama/Meta-Llama-3.1-8B-Instruct] Temp=0.0 Rep=1 → Concordo fortemente
[2026-05-11 14:49:23,754][__main__][INFO] - ✓ [deepseek-ai/DeepSeek-V3.2] Temp=0.0 Rep=1 → Concordo fortemente
[2026-05-11 14:49:23,864][__main__][INFO] - ✓ [deepseek-ai/DeepSeek-V3.2] Temp=0.0 Rep=1 → Concordo fortemente
[2026-05-11 14:49:23,867][__main__][INFO] - ✓ [deepseek-ai/DeepSeek-V3.2] Temp=0.0 Rep=1 → Concordo fortemente
[2026-05-11 14:49:23,943][__main__][INFO] - ✓ [meta-llama/Meta-Llama-3.1-8B-Instruct] Temp=0.0 Rep=1 → Concordo fortemente
[2026-05-11 14:49:23,972][__main__][INFO] - ✓ [meta-llama/Meta-Llama-3.1-8B-Instruct] Temp=0.0 Rep=1 → Concordo fortemente
[2026-05-11 14:49:23,991][__main__][INFO] - ✓ [meta-llama/Meta-Llama-3.1-8B-Instruct] Temp=0.0 Rep=1 → Concordo fortemente
[2026-05-11 14:49:24,091][__main__][INFO] - ✓ [deepseek-ai/DeepSeek-V3.2] Temp=0.0 Rep=1 → Concordo fortemente
[2026-05-11 14:49:24,099][__main__][INFO] - ✓ [deepseek-ai/DeepSeek-V3.2] Temp=0.0 Rep=1 → Concordo fortemente
[2026-05-11 14:49:24,297][__main__][INFO] - ✓ [deepseek-ai/DeepSeek-V3.2] Temp=0.0 Rep=1 → Concordo fortemente
[2026-05-11 14:49:24,389][__main__][INFO] - ✓ [meta-llama/Meta-Llama-3.1-8B-Instruct] Temp=0.0 Rep=1 → Concordo fortemente
[2026-05-11 14:49:24,393][__main__][INFO] - ✓ [meta-llama/Meta-Llama-3.1-8B-Instruct] Temp=0.0 Rep=1 → Concordo fortemente
[2026-05-11 14:49:24,393][__main__][INFO] - ✓ [meta-llama/Meta-Llama-3.1-8B-Instruct] Temp=0.0 Rep=1 → Concordo fortemente
[2026-05-11 14:49:24,432][__main__][INFO] - ✓ [deepseek-ai/DeepSeek-V3.2] Temp=0.0 Rep=1 → Concordo fortemente
[2026-05-11 14:49:24,537][__main__][INFO] - ✓ [deepseek-ai/DeepSeek-V3.2] Temp=0.0 Rep=1 → Concordo fortemente
[2026-05-11 14:49:24,702][__main__][INFO] - ✓ [deepseek-ai/DeepSeek-V3.2] Temp=0.0 Rep=1 → Concordo fortemente
[2026-05-11 14:49:24,785][__main__][INFO] - ✓ [meta-llama/Meta-Llama-3.1-8B-Instruct] Temp=0.0 Rep=1 → Concordo fortemente
[2026-05-11 14:49:24,914][__main__][INFO] - ✓ [meta-llama/Meta-Llama-3.1-8B-Instruct] Temp=0.0 Rep=1 → Concordo fortemente
[2026-05-11 14:49:24,914][__main__][INFO] - ✓ [meta-llama/Meta-Llama-3.1-8B-Instruct] Temp=0.0 Rep=1 → Concordo fortemente
[2026-05-11 14:49:25,214][__main__][INFO] - ✓ [deepseek-ai/DeepSeek-V3.2] Temp=0.0 Rep=1 → Concordo fortemente
[2026-05-11 14:49:25,266][__main__][INFO] - ✓ [meta-llama/Meta-Llama-3.1-8B-Instruct] Temp=0.0 Rep=1 → Concordo fortemente
[2026-05-11 14:49:25,274][__main__][INFO] - ✓ [deepseek-ai/DeepSeek-V3.2] Temp=0.0 Rep=1 → Concordo fortemente
[2026-05-11 14:49:25,290][__main__][INFO] - ✓ [deepseek-ai/DeepSeek-V3.2] Temp=0.0 Rep=1 → Concordo fortemente
[2026-05-11 14:49:25,342][__main__][INFO] - ✓ [meta-llama/Meta-Llama-3.1-8B-Instruct] Temp=0.0 Rep=1 → Concordo fortemente
[2026-05-11 14:49:25,346][__main__][INFO] - ✓ [deepseek-ai/DeepSeek-V3.2] Temp=0.0 Rep=1 → Neutro
[2026-05-11 14:49:25,437][__main__][INFO] - ✓ [deepseek-ai/DeepSeek-V3.2] Temp=0.0 Rep=1 → Concordo fortemente
[2026-05-11 14:49:25,439][__main__][INFO] - ✓ [meta-llama/Meta-Llama-3.1-8B-Instruct] Temp=0.0 Rep=1 → Concordo fortemente
[2026-05-11 14:49:25,439][__main__][INFO] - ✓ [deepseek-ai/DeepSeek-V3.2] Temp=0.0 Rep=1 → Concordo fortemente
[2026-05-11 14:49:25,467][__main__][INFO] - ✓ [deepseek-ai/DeepSeek-V3.2] Temp=0.0 Rep=1 → Concordo fortemente
[2026-05-11 14:49:25,749][__main__][INFO] - ✓ [meta-llama/Meta-Llama-3.1-8B-Instruct] Temp=0.0 Rep=1 → Concordo
[2026-05-11 14:49:25,820][__main__][INFO] - ✓ [meta-llama/Meta-Llama-3.1-8B-Instruct] Temp=0.0 Rep=1 → Concordo
[2026-05-11 14:49:25,863][__main__][INFO] - ✓ [meta-llama/Meta-Llama-3.1-8B-Instruct] Temp=0.0 Rep=1 → Concordo fortemente
[2026-05-11 14:49:25,961][__main__][INFO] - ✓ [deepseek-ai/DeepSeek-V3.2] Temp=0.0 Rep=1 → Concordo fortemente
[2026-05-11 14:49:25,963][__main__][INFO] - ✓ [meta-llama/Meta-Llama-3.1-8B-Instruct] Temp=0.0 Rep=1 → Concordo fortemente
[2026-05-11 14:49:26,081][__main__][INFO] - ✓ [deepseek-ai/DeepSeek-V3.2] Temp=0.0 Rep=1 → Neutro
[2026-05-11 14:49:26,183][__main__][INFO] - ✓ [meta-llama/Meta-Llama-3.1-8B-Instruct] Temp=0.0 Rep=1 → Concordo fortemente
[2026-05-11 14:49:26,202][__main__][INFO] - Salvamento incremental (1400 novas respostas)...
[2026-05-11 14:49:26,274][__main__][INFO] - Cache salvo com 223813 entradas
[2026-05-11 14:49:26,275][__main__][INFO] - ✓ [deepseek-ai/DeepSeek-V3.2] Temp=0.0 Rep=1 → Neutro
[2026-05-11 14:49:26,332][__main__][INFO] - ✓ [deepseek-ai/DeepSeek-V3.2] Temp=0.0 Rep=1 → Concordo fortemente
[2026-05-11 14:49:26,486][__main__][INFO] - ✓ [meta-llama/Meta-Llama-3.1-8B-Instruct] Temp=0.0 Rep=1 → Concordo fortemente
[2026-05-11 14:49:26,490][__main__][INFO] - ✓ [deepseek-ai/DeepSeek-V3.2] Temp=0.0 Rep=1 → Concordo fortemente
[2026-05-11 14:49:26,491][__main__][INFO] - ✓ [deepseek-ai/DeepSeek-V3.2] Temp=0.0 Rep=1 → Concordo fortemente
[2026-05-11 14:49:26,493][__main__][INFO] - ✓ [meta-llama/Meta-Llama-3.1-8B-Instruct] Temp=0.0 Rep=1 → Concordo fortemente
[2026-05-11 14:49:26,575][__main__][INFO] - ✓ [meta-llama/Meta-Llama-3.1-8B-Instruct] Temp=0.0 Rep=1 → Concordo fortemente
[2026-05-11 14:49:26,662][__main__][INFO] - ✓ [meta-llama/Meta-Llama-3.1-8B-Instruct] Temp=0.0 Rep=1 → Concordo fortemente
[2026-05-11 14:49:26,831][__main__][INFO] - ✓ [meta-llama/Meta-Llama-3.1-8B-Instruct] Temp=0.0 Rep=1 → Concordo
[2026-05-11 14:49:26,874][__main__][INFO] - ✓ [meta-llama/Meta-Llama-3.1-8B-Instruct] Temp=0.0 Rep=1 → Concordo
[2026-05-11 14:49:27,013][__main__][INFO] - ✓ [meta-llama/Meta-Llama-3.1-8B-Instruct] Temp=0.0 Rep=1 → Concordo fortemente
[2026-05-11 14:49:27,016][__main__][INFO] - ✓ [deepseek-ai/DeepSeek-V3.2] Temp=0.0 Rep=1 → Neutro
[2026-05-11 14:49:27,088][__main__][INFO] - ✓ [deepseek-ai/DeepSeek-V3.2] Temp=0.0 Rep=1 → Concordo fortemente
[2026-05-11 14:49:27,420][__main__][INFO] - ✓ [meta-llama/Meta-Llama-3.1-8B-Instruct] Temp=0.0 Rep=1 → Concordo fortemente
[2026-05-11 14:49:27,534][__main__][INFO] - ✓ [deepseek-ai/DeepSeek-V3.2] Temp=0.0 Rep=1 → Concordo fortemente
[2026-05-11 14:49:27,547][__main__][INFO] - ✓ [deepseek-ai/DeepSeek-V3.2] Temp=0.0 Rep=1 → Neutro
[2026-05-11 14:49:27,570][__main__][INFO] - ✓ [deepseek-ai/DeepSeek-V3.2] Temp=0.0 Rep=1 → Concordo fortemente
[2026-05-11 14:49:27,701][__main__][INFO] - ✓ [deepseek-ai/DeepSeek-V3.2] Temp=0.0 Rep=1 → Neutro
[2026-05-11 14:49:27,747][__main__][INFO] - ✓ [deepseek-ai/DeepSeek-V3.2] Temp=0.0 Rep=1 → Neutro
[2026-05-11 14:49:27,795][__main__][INFO] - ✓ [deepseek-ai/DeepSeek-V3.2] Temp=0.0 Rep=1 → Neutro
[2026-05-11 14:49:27,798][__main__][INFO] - ✓ [meta-llama/Meta-Llama-3.1-8B-Instruct] Temp=0.0 Rep=1 → Concordo fortemente
[2026-05-11 14:49:27,882][__main__][INFO] - ✓ [deepseek-ai/DeepSeek-V3.2] Temp=0.0 Rep=1 → Neutro
[2026-05-11 14:49:28,061][__main__][INFO] - ✓ [meta-llama/Meta-Llama-3.1-8B-Instruct] Temp=0.0 Rep=1 → Concordo fortemente
[2026-05-11 14:49:28,062][__main__][INFO] - ✓ [meta-llama/Meta-Llama-3.1-8B-Instruct] Temp=0.0 Rep=1 → Concordo fortemente
[2026-05-11 14:49:28,081][__main__][INFO] - ✓ [meta-llama/Meta-Llama-3.1-8B-Instruct] Temp=0.0 Rep=1 → Concordo fortemente
[2026-05-11 14:49:28,096][__main__][INFO] - ✓ [meta-llama/Meta-Llama-3.1-8B-Instruct] Temp=0.0 Rep=1 → Concordo fortemente
[2026-05-11 14:49:28,380][__main__][INFO] - ✓ [deepseek-ai/DeepSeek-V3.2] Temp=0.0 Rep=1 → Neutro
[2026-05-11 14:49:28,452][__main__][INFO] - ✓ [deepseek-ai/DeepSeek-V3.2] Temp=0.0 Rep=1 → Concordo
[2026-05-11 14:49:28,455][__main__][INFO] - ✓ [meta-llama/Meta-Llama-3.1-8B-Instruct] Temp=0.0 Rep=1 → Concordo fortemente
[2026-05-11 14:49:28,469][__main__][INFO] - ✓ [meta-llama/Meta-Llama-3.1-8B-Instruct] Temp=0.0 Rep=1 → Concordo fortemente
[2026-05-11 14:49:28,584][__main__][INFO] - ✓ [deepseek-ai/DeepSeek-V3.2] Temp=0.0 Rep=1 → Neutro
[2026-05-11 14:49:28,586][__main__][INFO] - ✓ [meta-llama/Meta-Llama-3.1-8B-Instruct] Temp=0.0 Rep=1 → Concordo fortemente
[2026-05-11 14:49:28,590][__main__][INFO] - ✓ [deepseek-ai/DeepSeek-V3.2] Temp=0.0 Rep=1 → Concordo fortemente
[2026-05-11 14:49:28,667][__main__][INFO] - ✓ [deepseek-ai/DeepSeek-V3.2] Temp=0.0 Rep=1 → Concordo fortemente
[2026-05-11 14:49:28,860][__main__][INFO] - ✓ [meta-llama/Meta-Llama-3.1-8B-Instruct] Temp=0.0 Rep=1 → Concordo fortemente
[2026-05-11 14:49:28,870][__main__][INFO] - ✓ [meta-llama/Meta-Llama-3.1-8B-Instruct] Temp=0.0 Rep=1 → Concordo fortemente
[2026-05-11 14:49:28,984][__main__][INFO] - ✓ [deepseek-ai/DeepSeek-V3.2] Temp=0.0 Rep=1 → Concordo fortemente
[2026-05-11 14:49:29,131][__main__][INFO] - ✓ [meta-llama/Meta-Llama-3.1-8B-Instruct] Temp=0.0 Rep=1 → Concordo fortemente
[2026-05-11 14:49:29,233][__main__][INFO] - ✓ [deepseek-ai/DeepSeek-V3.2] Temp=0.0 Rep=1 → Concordo fortemente
[2026-05-11 14:49:29,239][__main__][INFO] - ✓ [meta-llama/Meta-Llama-3.1-8B-Instruct] Temp=0.0 Rep=1 → Concordo fortemente
[2026-05-11 14:49:29,337][__main__][INFO] - Salvamento incremental (1440 novas respostas)...
[2026-05-11 14:49:29,408][__main__][INFO] - Cache salvo com 223853 entradas
[2026-05-11 14:49:29,408][__main__][INFO] - ✓ [deepseek-ai/DeepSeek-V3.2] Temp=0.0 Rep=1 → Concordo fortemente
[2026-05-11 14:49:29,410][__main__][INFO] - ✓ [meta-llama/Meta-Llama-3.1-8B-Instruct] Temp=0.0 Rep=1 → Concordo fortemente
[2026-05-11 14:49:29,412][__main__][INFO] - ✓ [deepseek-ai/DeepSeek-V3.2] Temp=0.0 Rep=1 → Concordo fortemente
[2026-05-11 14:49:29,515][__main__][INFO] - ✓ [deepseek-ai/DeepSeek-V3.2] Temp=0.0 Rep=1 → Neutro
[2026-05-11 14:49:29,525][__main__][INFO] - ✓ [deepseek-ai/DeepSeek-V3.2] Temp=0.0 Rep=1 → Neutro
[2026-05-11 14:49:29,802][__main__][INFO] - ✓ [meta-llama/Meta-Llama-3.1-8B-Instruct] Temp=0.0 Rep=1 → Concordo fortemente
[2026-05-11 14:49:29,839][__main__][INFO] - ✓ [meta-llama/Meta-Llama-3.1-8B-Instruct] Temp=0.0 Rep=1 → Concordo fortemente
[2026-05-11 14:49:29,895][__main__][INFO] - ✓ [meta-llama/Meta-Llama-3.1-8B-Instruct] Temp=0.0 Rep=1 → Concordo fortemente
[2026-05-11 14:49:29,955][__main__][INFO] - ✓ [deepseek-ai/DeepSeek-V3.2] Temp=0.0 Rep=1 → Neutro
[2026-05-11 14:49:30,156][__main__][INFO] - ✓ [deepseek-ai/DeepSeek-V3.2] Temp=0.0 Rep=1 → Concordo fortemente
[2026-05-11 14:49:30,215][__main__][INFO] - ✓ [meta-llama/Meta-Llama-3.1-8B-Instruct] Temp=0.0 Rep=1 → Concordo fortemente
[2026-05-11 14:49:30,247][__main__][INFO] - ✓ [deepseek-ai/DeepSeek-V3.2] Temp=0.0 Rep=1 → Concordo fortemente
[2026-05-11 14:49:30,254][__main__][INFO] - ✓ [meta-llama/Meta-Llama-3.1-8B-Instruct] Temp=0.0 Rep=1 → Concordo fortemente
[2026-05-11 14:49:30,364][__main__][INFO] - ✓ [meta-llama/Meta-Llama-3.1-8B-Instruct] Temp=0.0 Rep=1 → Concordo fortemente
[2026-05-11 14:49:30,456][__main__][INFO] - ✓ [deepseek-ai/DeepSeek-V3.2] Temp=0.0 Rep=1 → Neutro
[2026-05-11 14:49:30,471][__main__][INFO] - ✓ [deepseek-ai/DeepSeek-V3.2] Temp=0.0 Rep=1 → Concordo fortemente
[2026-05-11 14:49:30,679][__main__][INFO] - ✓ [meta-llama/Meta-Llama-3.1-8B-Instruct] Temp=0.0 Rep=1 → Neutro
[2026-05-11 14:49:30,754][__main__][INFO] - ✓ [meta-llama/Meta-Llama-3.1-8B-Instruct] Temp=0.0 Rep=1 → Concordo
[2026-05-11 14:49:30,813][__main__][INFO] - ✓ [meta-llama/Meta-Llama-3.1-8B-Instruct] Temp=0.0 Rep=1 → Concordo
[2026-05-11 14:49:30,860][__main__][INFO] - ✓ [deepseek-ai/DeepSeek-V3.2] Temp=0.0 Rep=1 → Neutro
[2026-05-11 14:49:30,898][__main__][INFO] - ✓ [meta-llama/Meta-Llama-3.1-8B-Instruct] Temp=0.0 Rep=1 → Concordo fortemente
[2026-05-11 14:49:30,962][__main__][INFO] - ✓ [deepseek-ai/DeepSeek-V3.2] Temp=0.0 Rep=1 → Concordo fortemente
[2026-05-11 14:49:31,260][__main__][INFO] - ✓ [meta-llama/Meta-Llama-3.1-8B-Instruct] Temp=0.0 Rep=1 → Concordo fortemente
[2026-05-11 14:49:31,268][__main__][INFO] - ✓ [meta-llama/Meta-Llama-3.1-8B-Instruct] Temp=0.0 Rep=1 → Neutro
[2026-05-11 14:49:31,333][__main__][INFO] - ✓ [deepseek-ai/DeepSeek-V3.2] Temp=0.0 Rep=1 → Concordo fortemente
[2026-05-11 14:49:31,362][__main__][INFO] - ✓ [deepseek-ai/DeepSeek-V3.2] Temp=0.0 Rep=1 → Neutro
[2026-05-11 14:49:31,440][__main__][INFO] - ✓ [meta-llama/Meta-Llama-3.1-8B-Instruct] Temp=0.0 Rep=1 → Concordo fortemente
[2026-05-11 14:49:31,466][__main__][INFO] - ✓ [deepseek-ai/DeepSeek-V3.2] Temp=0.0 Rep=1 → Neutro
[2026-05-11 14:49:31,751][__main__][INFO] - ✓ [deepseek-ai/DeepSeek-V3.2] Temp=0.0 Rep=1 → Neutro
[2026-05-11 14:49:31,764][__main__][INFO] - ✓ [meta-llama/Meta-Llama-3.1-8B-Instruct] Temp=0.0 Rep=1 → Concordo fortemente
[2026-05-11 14:49:31,792][__main__][INFO] - ✓ [deepseek-ai/DeepSeek-V3.2] Temp=0.0 Rep=1 → Neutro
[2026-05-11 14:49:31,883][__main__][INFO] - ✓ [deepseek-ai/DeepSeek-V3.2] Temp=0.0 Rep=1 → Concordo fortemente
[2026-05-11 14:49:32,009][__main__][INFO] - ✓ [meta-llama/Meta-Llama-3.1-8B-Instruct] Temp=0.0 Rep=1 → Concordo
[2026-05-11 14:49:32,140][__main__][INFO] - ✓ [deepseek-ai/DeepSeek-V3.2] Temp=0.0 Rep=1 → Neutro
[2026-05-11 14:49:32,254][__main__][INFO] - ✓ [deepseek-ai/DeepSeek-V3.2] Temp=0.0 Rep=1 → Concordo fortemente
[2026-05-11 14:49:32,258][__main__][INFO] - ✓ [deepseek-ai/DeepSeek-V3.2] Temp=0.0 Rep=1 → Neutro
[2026-05-11 14:49:32,258][__main__][INFO] - ✓ [deepseek-ai/DeepSeek-V3.2] Temp=0.0 Rep=1 → Concordo fortemente
[2026-05-11 14:49:32,259][__main__][INFO] - ✓ [meta-llama/Meta-Llama-3.1-8B-Instruct] Temp=0.0 Rep=1 → Concordo fortemente
[2026-05-11 14:49:32,287][__main__][INFO] - ✓ [meta-llama/Meta-Llama-3.1-8B-Instruct] Temp=0.0 Rep=1 → Concordo fortemente
[2026-05-11 14:49:32,300][__main__][INFO] - ✓ [meta-llama/Meta-Llama-3.1-8B-Instruct] Temp=0.0 Rep=1 → Concordo
[2026-05-11 14:49:32,651][__main__][INFO] - Salvamento incremental (1480 novas respostas)...
[2026-05-11 14:49:32,727][__main__][INFO] - Cache salvo com 223893 entradas
[2026-05-11 14:49:32,727][__main__][INFO] - ✓ [deepseek-ai/DeepSeek-V3.2] Temp=0.0 Rep=1 → Neutro
[2026-05-11 14:49:32,730][__main__][INFO] - ✓ [meta-llama/Meta-Llama-3.1-8B-Instruct] Temp=0.0 Rep=1 → Concordo
[2026-05-11 14:49:32,777][__main__][INFO] - ✓ [meta-llama/Meta-Llama-3.1-8B-Instruct] Temp=0.0 Rep=1 → Concordo fortemente
[2026-05-11 14:49:32,779][__main__][INFO] - ✓ [deepseek-ai/DeepSeek-V3.2] Temp=0.0 Rep=1 → Neutro
[2026-05-11 14:49:33,083][__main__][INFO] - ✓ [deepseek-ai/DeepSeek-V3.2] Temp=0.0 Rep=1 → Concordo
[2026-05-11 14:49:33,085][__main__][INFO] - ✓ [meta-llama/Meta-Llama-3.1-8B-Instruct] Temp=0.0 Rep=1 → Concordo fortemente
[2026-05-11 14:49:33,090][__main__][INFO] - ✓ [meta-llama/Meta-Llama-3.1-8B-Instruct] Temp=0.0 Rep=1 → Concordo fortemente
[2026-05-11 14:49:33,300][__main__][INFO] - ✓ [deepseek-ai/DeepSeek-V3.2] Temp=0.0 Rep=1 → Concordo fortemente
[2026-05-11 14:49:33,302][__main__][INFO] - ✓ [meta-llama/Meta-Llama-3.1-8B-Instruct] Temp=0.0 Rep=1 → Concordo fortemente
[2026-05-11 14:49:33,302][__main__][INFO] - ✓ [meta-llama/Meta-Llama-3.1-8B-Instruct] Temp=0.0 Rep=1 → Concordo fortemente
[2026-05-11 14:49:33,304][__main__][INFO] - ✓ [deepseek-ai/DeepSeek-V3.2] Temp=0.0 Rep=1 → Concordo fortemente
[2026-05-11 14:49:33,304][__main__][INFO] - ✓ [deepseek-ai/DeepSeek-V3.2] Temp=0.0 Rep=1 → Concordo fortemente
[2026-05-11 14:49:33,426][__main__][INFO] - ✓ [deepseek-ai/DeepSeek-V3.2] Temp=0.0 Rep=1 → Concordo
[2026-05-11 14:49:33,528][__main__][INFO] - ✓ [meta-llama/Meta-Llama-3.1-8B-Instruct] Temp=0.0 Rep=1 → Concordo fortemente
[2026-05-11 14:49:33,834][__main__][INFO] - ✓ [meta-llama/Meta-Llama-3.1-8B-Instruct] Temp=0.0 Rep=1 → Concordo fortemente
[2026-05-11 14:49:33,834][__main__][INFO] - ✓ [deepseek-ai/DeepSeek-V3.2] Temp=0.0 Rep=1 → Concordo
[2026-05-11 14:49:33,837][__main__][INFO] - ✓ [meta-llama/Meta-Llama-3.1-8B-Instruct] Temp=0.0 Rep=1 → Concordo fortemente
[2026-05-11 14:49:34,156][__main__][INFO] - ✓ [deepseek-ai/DeepSeek-V3.2] Temp=0.0 Rep=1 → Concordo
[2026-05-11 14:49:34,225][__main__][INFO] - ✓ [deepseek-ai/DeepSeek-V3.2] Temp=0.0 Rep=1 → Concordo fortemente
[2026-05-11 14:49:34,352][__main__][INFO] - ✓ [meta-llama/Meta-Llama-3.1-8B-Instruct] Temp=0.0 Rep=1 → Concordo fortemente
[2026-05-11 14:49:34,422][__main__][INFO] - ✓ [meta-llama/Meta-Llama-3.1-8B-Instruct] Temp=0.0 Rep=1 → Concordo fortemente
[2026-05-11 14:49:34,435][__main__][INFO] - ✓ [meta-llama/Meta-Llama-3.1-8B-Instruct] Temp=0.0 Rep=1 → Concordo fortemente
[2026-05-11 14:49:34,453][__main__][INFO] - ✓ [meta-llama/Meta-Llama-3.1-8B-Instruct] Temp=0.0 Rep=1 → Concordo fortemente
[2026-05-11 14:49:34,503][__main__][INFO] - ✓ [deepseek-ai/DeepSeek-V3.2] Temp=0.0 Rep=1 → Concordo fortemente
[2026-05-11 14:49:34,691][__main__][INFO] - ✓ [deepseek-ai/DeepSeek-V3.2] Temp=0.0 Rep=1 → Concordo
[2026-05-11 14:49:34,760][__main__][INFO] - ✓ [deepseek-ai/DeepSeek-V3.2] Temp=0.0 Rep=1 → Concordo
[2026-05-11 14:49:34,873][__main__][INFO] - ✓ [meta-llama/Meta-Llama-3.1-8B-Instruct] Temp=0.0 Rep=1 → Concordo fortemente
[2026-05-11 14:49:34,937][__main__][INFO] - ✓ [meta-llama/Meta-Llama-3.1-8B-Instruct] Temp=0.0 Rep=1 → Concordo fortemente
[2026-05-11 14:49:34,945][__main__][INFO] - ✓ [meta-llama/Meta-Llama-3.1-8B-Instruct] Temp=0.0 Rep=1 → Concordo fortemente
[2026-05-11 14:49:35,083][__main__][INFO] - ✓ [deepseek-ai/DeepSeek-V3.2] Temp=0.0 Rep=1 → Concordo fortemente
[2026-05-11 14:49:35,096][__main__][INFO] - ✓ [deepseek-ai/DeepSeek-V3.2] Temp=0.0 Rep=1 → Concordo fortemente
[2026-05-11 14:49:35,396][__main__][INFO] - ✓ [deepseek-ai/DeepSeek-V3.2] Temp=0.0 Rep=1 → Concordo
[2026-05-11 14:49:35,397][__main__][INFO] - ✓ [meta-llama/Meta-Llama-3.1-8B-Instruct] Temp=0.0 Rep=1 → Concordo fortemente
[2026-05-11 14:49:35,408][__main__][INFO] - ✓ [meta-llama/Meta-Llama-3.1-8B-Instruct] Temp=0.0 Rep=1 → Concordo fortemente
[2026-05-11 14:49:35,446][__main__][INFO] - ✓ [meta-llama/Meta-Llama-3.1-8B-Instruct] Temp=0.0 Rep=1 → Concordo fortemente
[2026-05-11 14:49:35,477][__main__][INFO] - ✓ [deepseek-ai/DeepSeek-V3.2] Temp=0.0 Rep=1 → Concordo
[2026-05-11 14:49:35,549][__main__][INFO] - ✓ [deepseek-ai/DeepSeek-V3.2] Temp=0.0 Rep=1 → Concordo
[2026-05-11 14:49:35,734][__main__][INFO] - ✓ [deepseek-ai/DeepSeek-V3.2] Temp=0.0 Rep=1 → Concordo fortemente
[2026-05-11 14:49:35,924][__main__][INFO] - ✓ [meta-llama/Meta-Llama-3.1-8B-Instruct] Temp=0.0 Rep=1 → Concordo fortemente
[2026-05-11 14:49:35,928][__main__][INFO] - ✓ [deepseek-ai/DeepSeek-V3.2] Temp=0.0 Rep=1 → Concordo
[2026-05-11 14:49:35,928][__main__][INFO] - Salvamento incremental (1520 novas respostas)...
[2026-05-11 14:49:35,985][__main__][INFO] - Cache salvo com 223933 entradas
[2026-05-11 14:49:35,985][__main__][INFO] - ✓ [meta-llama/Meta-Llama-3.1-8B-Instruct] Temp=0.0 Rep=1 → Concordo fortemente
[2026-05-11 14:49:35,987][__main__][INFO] - ✓ [deepseek-ai/DeepSeek-V3.2] Temp=0.0 Rep=1 → Concordo
[2026-05-11 14:49:36,224][__main__][INFO] - ✓ [deepseek-ai/DeepSeek-V3.2] Temp=0.0 Rep=1 → Neutro
[2026-05-11 14:49:36,232][__main__][INFO] - ✓ [deepseek-ai/DeepSeek-V3.2] Temp=0.0 Rep=1 → Concordo fortemente
[2026-05-11 14:49:36,328][__main__][INFO] - ✓ [meta-llama/Meta-Llama-3.1-8B-Instruct] Temp=0.0 Rep=1 → Neutro
[2026-05-11 14:49:36,332][__main__][INFO] - ✓ [meta-llama/Meta-Llama-3.1-8B-Instruct] Temp=0.0 Rep=1 → Neutro
[2026-05-11 14:49:36,447][__main__][INFO] - ✓ [deepseek-ai/DeepSeek-V3.2] Temp=0.0 Rep=1 → Concordo
[2026-05-11 14:49:36,475][__main__][INFO] - ✓ [deepseek-ai/DeepSeek-V3.2] Temp=0.0 Rep=1 → Discordo fortemente
[2026-05-11 14:49:36,489][__main__][INFO] - ✓ [deepseek-ai/DeepSeek-V3.2] Temp=0.0 Rep=1 → Neutro
[2026-05-11 14:49:36,580][__main__][INFO] - ✓ [meta-llama/Meta-Llama-3.1-8B-Instruct] Temp=0.0 Rep=1 → Concordo fortemente
[2026-05-11 14:49:36,777][__main__][WARNING] - Resposta inválida (tentativa 1/3) de meta-llama/Meta-Llama-3.1-8B-Instruct: Não posso fornecer uma resposta para essa afirmação Posso aj
[2026-05-11 14:49:36,777][__main__][INFO] - Fazendo retry 2/3...
[2026-05-11 14:49:36,800][__main__][INFO] - ✓ [meta-llama/Meta-Llama-3.1-8B-Instruct] Temp=0.0 Rep=1 → Concordo
[2026-05-11 14:49:37,042][__main__][INFO] - ✓ [deepseek-ai/DeepSeek-V3.2] Temp=0.0 Rep=1 → Neutro
[2026-05-11 14:49:37,074][__main__][WARNING] - Resposta inválida (tentativa 1/3) de meta-llama/Meta-Llama-3.1-8B-Instruct: Não posso fornecer uma resposta para essa pergunta Posso aju
[2026-05-11 14:49:37,074][__main__][INFO] - Fazendo retry 2/3...
[2026-05-11 14:49:37,227][__main__][WARNING] - Resposta inválida (tentativa 1/3) de meta-llama/Meta-Llama-3.1-8B-Instruct: Não posso fornecer uma resposta para essa afirmação Posso aj
[2026-05-11 14:49:37,227][__main__][INFO] - Fazendo retry 2/3...
[2026-05-11 14:49:37,233][__main__][INFO] - ✓ [meta-llama/Meta-Llama-3.1-8B-Instruct] Temp=0.0 Rep=1 → Concordo
[2026-05-11 14:49:37,254][__main__][INFO] - ✓ [meta-llama/Meta-Llama-3.1-8B-Instruct] Temp=0.0 Rep=1 → Concordo fortemente
[2026-05-11 14:49:37,496][__main__][INFO] - ✓ [deepseek-ai/DeepSeek-V3.2] Temp=0.0 Rep=1 → Neutro
[2026-05-11 14:49:37,770][__main__][INFO] - ✓ [meta-llama/Meta-Llama-3.1-8B-Instruct] Temp=0.0 Rep=1 → Concordo fortemente
[2026-05-11 14:49:37,795][__main__][INFO] - ✓ [deepseek-ai/DeepSeek-V3.2] Temp=0.0 Rep=1 → Neutro
[2026-05-11 14:49:37,797][__main__][INFO] - ✓ [deepseek-ai/DeepSeek-V3.2] Temp=0.0 Rep=1 → Neutro
[2026-05-11 14:49:38,020][__main__][INFO] - ✓ [deepseek-ai/DeepSeek-V3.2] Temp=0.0 Rep=1 → Neutro
[2026-05-11 14:49:38,023][__main__][INFO] - ✓ [meta-llama/Meta-Llama-3.1-8B-Instruct] Temp=0.0 Rep=1 → Concordo fortemente
[2026-05-11 14:49:38,032][__main__][INFO] - ✓ [deepseek-ai/DeepSeek-V3.2] Temp=0.0 Rep=1 → Neutro
[2026-05-11 14:49:38,075][__main__][INFO] - ✓ [deepseek-ai/DeepSeek-V3.2] Temp=0.0 Rep=1 → Neutro
[2026-05-11 14:49:38,206][__main__][INFO] - ✓ [meta-llama/Meta-Llama-3.1-8B-Instruct] Temp=0.0 Rep=1 → Concordo
[2026-05-11 14:49:38,298][__main__][INFO] - ✓ [deepseek-ai/DeepSeek-V3.2] Temp=0.0 Rep=1 → Neutro
[2026-05-11 14:49:38,308][__main__][INFO] - ✓ [deepseek-ai/DeepSeek-V3.2] Temp=0.0 Rep=1 → Neutro
[2026-05-11 14:49:38,443][__main__][INFO] - ✓ [meta-llama/Meta-Llama-3.1-8B-Instruct] Temp=0.0 Rep=1 → Neutro
[2026-05-11 14:49:38,546][__main__][INFO] - ✓ [meta-llama/Meta-Llama-3.1-8B-Instruct] Temp=0.0 Rep=1 → Concordo fortemente
[2026-05-11 14:49:38,547][__main__][INFO] - ✓ [meta-llama/Meta-Llama-3.1-8B-Instruct] Temp=0.0 Rep=1 → Concordo fortemente
[2026-05-11 14:49:38,876][__main__][INFO] - ✓ [deepseek-ai/DeepSeek-V3.2] Temp=0.0 Rep=1 → Neutro
[2026-05-11 14:49:38,897][__main__][INFO] - ✓ [deepseek-ai/DeepSeek-V3.2] Temp=0.0 Rep=1 → Neutro
[2026-05-11 14:49:38,913][__main__][INFO] - ✓ [meta-llama/Meta-Llama-3.1-8B-Instruct] Temp=0.0 Rep=1 → Concordo fortemente
[2026-05-11 14:49:38,976][__main__][INFO] - ✓ [deepseek-ai/DeepSeek-V3.2] Temp=0.0 Rep=1 → Neutro
[2026-05-11 14:49:39,073][__main__][INFO] - ✓ [meta-llama/Meta-Llama-3.1-8B-Instruct] Temp=0.0 Rep=1 → Concordo
[2026-05-11 14:49:39,079][__main__][INFO] - ✓ [deepseek-ai/DeepSeek-V3.2] Temp=0.0 Rep=1 → Neutro
[2026-05-11 14:49:39,089][__main__][INFO] - ✓ [meta-llama/Meta-Llama-3.1-8B-Instruct] Temp=0.0 Rep=1 → Concordo fortemente
[2026-05-11 14:49:39,105][__main__][INFO] - ✓ [deepseek-ai/DeepSeek-V3.2] Temp=0.0 Rep=1 → Neutro
[2026-05-11 14:49:39,475][__main__][INFO] - ✓ [meta-llama/Meta-Llama-3.1-8B-Instruct] Temp=0.0 Rep=1 → Concordo fortemente
[2026-05-11 14:49:39,596][__main__][INFO] - ✓ [meta-llama/Meta-Llama-3.1-8B-Instruct] Temp=0.0 Rep=1 → Concordo fortemente
[2026-05-11 14:49:39,600][__main__][INFO] - ✓ [meta-llama/Meta-Llama-3.1-8B-Instruct] Temp=0.0 Rep=1 → Concordo fortemente
[2026-05-11 14:49:39,762][__main__][INFO] - ✓ [deepseek-ai/DeepSeek-V3.2] Temp=0.0 Rep=1 → Concordo fortemente
[2026-05-11 14:49:39,855][__main__][INFO] - Salvamento incremental (1560 novas respostas)...
[2026-05-11 14:49:39,909][__main__][INFO] - Cache salvo com 223973 entradas
[2026-05-11 14:49:39,909][__main__][INFO] - ✓ [deepseek-ai/DeepSeek-V3.2] Temp=0.0 Rep=1 → Concordo fortemente
[2026-05-11 14:49:39,927][__main__][INFO] - ✓ [meta-llama/Meta-Llama-3.1-8B-Instruct] Temp=0.0 Rep=1 → Concordo
[2026-05-11 14:49:40,013][__main__][INFO] - ✓ [deepseek-ai/DeepSeek-V3.2] Temp=0.0 Rep=1 → Neutro
[2026-05-11 14:49:40,116][__main__][INFO] - ✓ [deepseek-ai/DeepSeek-V3.2] Temp=0.0 Rep=1 → Neutro
[2026-05-11 14:49:40,118][__main__][INFO] - ✓ [meta-llama/Meta-Llama-3.1-8B-Instruct] Temp=0.0 Rep=1 → Concordo fortemente
[2026-05-11 14:49:40,145][__main__][INFO] - ✓ [meta-llama/Meta-Llama-3.1-8B-Instruct] Temp=0.0 Rep=1 → Concordo fortemente
[2026-05-11 14:49:40,329][__main__][INFO] - ✓ [meta-llama/Meta-Llama-3.1-8B-Instruct] Temp=0.0 Rep=1 → Concordo fortemente
[2026-05-11 14:49:40,364][__main__][INFO] - ✓ [deepseek-ai/DeepSeek-V3.2] Temp=0.0 Rep=1 → Concordo
[2026-05-11 14:49:40,489][__main__][INFO] - ✓ [deepseek-ai/DeepSeek-V3.2] Temp=0.0 Rep=1 → Neutro
[2026-05-11 14:49:40,540][__main__][INFO] - ✓ [deepseek-ai/DeepSeek-V3.2] Temp=0.0 Rep=1 → Neutro
[2026-05-11 14:49:40,651][__main__][INFO] - ✓ [meta-llama/Meta-Llama-3.1-8B-Instruct] Temp=0.0 Rep=1 → Concordo fortemente
[2026-05-11 14:49:40,653][__main__][INFO] - ✓ [meta-llama/Meta-Llama-3.1-8B-Instruct] Temp=0.0 Rep=1 → Concordo fortemente
[2026-05-11 14:49:40,653][__main__][INFO] - ✓ [meta-llama/Meta-Llama-3.1-8B-Instruct] Temp=0.0 Rep=1 → Concordo fortemente
[2026-05-11 14:49:40,996][__main__][INFO] - ✓ [deepseek-ai/DeepSeek-V3.2] Temp=0.0 Rep=1 → Concordo fortemente
[2026-05-11 14:49:40,998][__main__][INFO] - ✓ [deepseek-ai/DeepSeek-V3.2] Temp=0.0 Rep=1 → Concordo fortemente
[2026-05-11 14:49:41,029][__main__][INFO] - ✓ [meta-llama/Meta-Llama-3.1-8B-Instruct] Temp=0.0 Rep=1 → Concordo fortemente
[2026-05-11 14:49:41,061][__main__][INFO] - ✓ [meta-llama/Meta-Llama-3.1-8B-Instruct] Temp=0.0 Rep=1 → Concordo fortemente
[2026-05-11 14:49:41,063][__main__][INFO] - ✓ [deepseek-ai/DeepSeek-V3.2] Temp=0.0 Rep=1 → Concordo
[2026-05-11 14:49:41,167][__main__][INFO] - ✓ [deepseek-ai/DeepSeek-V3.2] Temp=0.0 Rep=1 → Concordo fortemente
[2026-05-11 14:49:41,169][__main__][INFO] - ✓ [meta-llama/Meta-Llama-3.1-8B-Instruct] Temp=0.0 Rep=1 → Concordo fortemente
[2026-05-11 14:49:41,229][__main__][INFO] - ✓ [deepseek-ai/DeepSeek-V3.2] Temp=0.0 Rep=1 → Concordo fortemente
[2026-05-11 14:49:41,337][__main__][INFO] - ✓ [deepseek-ai/DeepSeek-V3.2] Temp=0.0 Rep=1 → Concordo fortemente
[2026-05-11 14:49:41,523][__main__][INFO] - ✓ [meta-llama/Meta-Llama-3.1-8B-Instruct] Temp=0.0 Rep=1 → Concordo fortemente
[2026-05-11 14:49:41,689][__main__][INFO] - ✓ [meta-llama/Meta-Llama-3.1-8B-Instruct] Temp=0.0 Rep=1 → Concordo fortemente
[2026-05-11 14:49:41,690][__main__][INFO] - ✓ [meta-llama/Meta-Llama-3.1-8B-Instruct] Temp=0.0 Rep=1 → Concordo fortemente
[2026-05-11 14:49:41,833][__main__][INFO] - ✓ [deepseek-ai/DeepSeek-V3.2] Temp=0.0 Rep=1 → Concordo fortemente
[2026-05-11 14:49:41,836][__main__][INFO] - ✓ [deepseek-ai/DeepSeek-V3.2] Temp=0.0 Rep=1 → Concordo fortemente
[2026-05-11 14:49:41,905][__main__][INFO] - ✓ [deepseek-ai/DeepSeek-V3.2] Temp=0.0 Rep=1 → Concordo fortemente
[2026-05-11 14:49:41,966][__main__][INFO] - ✓ [deepseek-ai/DeepSeek-V3.2] Temp=0.0 Rep=1 → Concordo fortemente
[2026-05-11 14:49:41,972][__main__][INFO] - ✓ [deepseek-ai/DeepSeek-V3.2] Temp=0.0 Rep=1 → Concordo fortemente
[2026-05-11 14:49:41,974][__main__][INFO] - ✓ [deepseek-ai/DeepSeek-V3.2] Temp=0.0 Rep=1 → Concordo fortemente
[2026-05-11 14:49:42,049][__main__][INFO] - ✓ [meta-llama/Meta-Llama-3.1-8B-Instruct] Temp=0.0 Rep=1 → Concordo fortemente
[2026-05-11 14:49:42,099][__main__][INFO] - ✓ [meta-llama/Meta-Llama-3.1-8B-Instruct] Temp=0.0 Rep=1 → Concordo
[2026-05-11 14:49:42,295][__main__][INFO] - ✓ [meta-llama/Meta-Llama-3.1-8B-Instruct] Temp=0.0 Rep=1 → Concordo fortemente
[2026-05-11 14:49:42,398][__main__][INFO] - ✓ [meta-llama/Meta-Llama-3.1-8B-Instruct] Temp=0.0 Rep=1 → Concordo
[2026-05-11 14:49:42,409][__main__][INFO] - ✓ [meta-llama/Meta-Llama-3.1-8B-Instruct] Temp=0.0 Rep=1 → Concordo
[2026-05-11 14:49:42,541][__main__][INFO] - ✓ [deepseek-ai/DeepSeek-V3.2] Temp=0.0 Rep=1 → Neutro
[2026-05-11 14:49:42,645][__main__][INFO] - ✓ [deepseek-ai/DeepSeek-V3.2] Temp=0.0 Rep=1 → Neutro
[2026-05-11 14:49:42,738][__main__][INFO] - ✓ [meta-llama/Meta-Llama-3.1-8B-Instruct] Temp=0.0 Rep=1 → Concordo
[2026-05-11 14:49:42,739][__main__][INFO] - ✓ [deepseek-ai/DeepSeek-V3.2] Temp=0.0 Rep=1 → Concordo fortemente
[2026-05-11 14:49:42,739][__main__][INFO] - Salvamento incremental (1600 novas respostas)...
[2026-05-11 14:49:42,804][__main__][INFO] - Cache salvo com 224013 entradas
[2026-05-11 14:49:42,804][__main__][INFO] - ✓ [deepseek-ai/DeepSeek-V3.2] Temp=0.0 Rep=1 → Concordo fortemente
[2026-05-11 14:49:42,808][__main__][INFO] - ✓ [meta-llama/Meta-Llama-3.1-8B-Instruct] Temp=0.0 Rep=1 → Concordo
[2026-05-11 14:49:42,808][__main__][INFO] - ✓ [meta-llama/Meta-Llama-3.1-8B-Instruct] Temp=0.0 Rep=1 → Concordo
[2026-05-11 14:49:42,811][__main__][INFO] - ✓ [deepseek-ai/DeepSeek-V3.2] Temp=0.0 Rep=1 → Concordo fortemente
[2026-05-11 14:49:43,097][__main__][INFO] - ✓ [meta-llama/Meta-Llama-3.1-8B-Instruct] Temp=0.0 Rep=1 → Concordo fortemente
[2026-05-11 14:49:43,262][__main__][INFO] - ✓ [meta-llama/Meta-Llama-3.1-8B-Instruct] Temp=0.0 Rep=1 → Concordo
[2026-05-11 14:49:43,320][__main__][INFO] - ✓ [meta-llama/Meta-Llama-3.1-8B-Instruct] Temp=0.0 Rep=1 → Concordo fortemente
[2026-05-11 14:49:43,328][__main__][INFO] - ✓ [meta-llama/Meta-Llama-3.1-8B-Instruct] Temp=0.0 Rep=1 → Concordo fortemente
[2026-05-11 14:49:43,462][__main__][INFO] - ✓ [deepseek-ai/DeepSeek-V3.2] Temp=0.0 Rep=1 → Concordo fortemente
[2026-05-11 14:49:43,655][__main__][INFO] - ✓ [deepseek-ai/DeepSeek-V3.2] Temp=0.0 Rep=1 → Neutro
[2026-05-11 14:49:43,672][__main__][INFO] - ✓ [meta-llama/Meta-Llama-3.1-8B-Instruct] Temp=0.0 Rep=1 → Concordo fortemente
[2026-05-11 14:49:43,676][__main__][INFO] - ✓ [meta-llama/Meta-Llama-3.1-8B-Instruct] Temp=0.0 Rep=1 → Concordo
[2026-05-11 14:49:43,682][__main__][INFO] - ✓ [deepseek-ai/DeepSeek-V3.2] Temp=0.0 Rep=1 → Concordo fortemente
[2026-05-11 14:49:43,691][__main__][INFO] - ✓ [deepseek-ai/DeepSeek-V3.2] Temp=0.0 Rep=1 → Neutro
[2026-05-11 14:49:43,787][__main__][INFO] - ✓ [meta-llama/Meta-Llama-3.1-8B-Instruct] Temp=0.0 Rep=1 → Concordo
[2026-05-11 14:49:43,789][__main__][INFO] - ✓ [deepseek-ai/DeepSeek-V3.2] Temp=0.0 Rep=1 → Neutro
[2026-05-11 14:49:43,913][__main__][INFO] - ✓ [deepseek-ai/DeepSeek-V3.2] Temp=0.0 Rep=1 → Neutro
[2026-05-11 14:49:43,921][__main__][INFO] - ✓ [deepseek-ai/DeepSeek-V3.2] Temp=0.0 Rep=1 → Neutro
[2026-05-11 14:49:43,995][__main__][INFO] - ✓ [meta-llama/Meta-Llama-3.1-8B-Instruct] Temp=0.0 Rep=1 → Concordo
[2026-05-11 14:49:44,005][__main__][INFO] - ✓ [meta-llama/Meta-Llama-3.1-8B-Instruct] Temp=0.0 Rep=1 → Concordo
[2026-05-11 14:49:44,163][__main__][INFO] - ✓ [meta-llama/Meta-Llama-3.1-8B-Instruct] Temp=0.0 Rep=1 → Concordo
[2026-05-11 14:49:44,326][__main__][INFO] - ✓ [meta-llama/Meta-Llama-3.1-8B-Instruct] Temp=0.0 Rep=1 → Concordo
[2026-05-11 14:49:44,393][__main__][INFO] - ✓ [meta-llama/Meta-Llama-3.1-8B-Instruct] Temp=0.0 Rep=1 → Concordo
[2026-05-11 14:49:44,399][__main__][INFO] - ✓ [meta-llama/Meta-Llama-3.1-8B-Instruct] Temp=0.0 Rep=1 → Concordo fortemente
[2026-05-11 14:49:44,501][__main__][INFO] - ✓ [deepseek-ai/DeepSeek-V3.2] Temp=0.0 Rep=1 → Concordo fortemente
[2026-05-11 14:49:44,596][__main__][INFO] - ✓ [deepseek-ai/DeepSeek-V3.2] Temp=0.0 Rep=1 → Concordo fortemente
[2026-05-11 14:49:44,690][__main__][INFO] - ✓ [deepseek-ai/DeepSeek-V3.2] Temp=0.0 Rep=1 → Concordo fortemente
[2026-05-11 14:49:44,835][__main__][INFO] - ✓ [deepseek-ai/DeepSeek-V3.2] Temp=0.0 Rep=1 → Discordo fortemente
[2026-05-11 14:49:44,836][__main__][INFO] - ✓ [meta-llama/Meta-Llama-3.1-8B-Instruct] Temp=0.0 Rep=1 → Concordo fortemente
[2026-05-11 14:49:44,906][__main__][INFO] - ✓ [meta-llama/Meta-Llama-3.1-8B-Instruct] Temp=0.0 Rep=1 → Concordo fortemente
[2026-05-11 14:49:44,907][__main__][INFO] - ✓ [deepseek-ai/DeepSeek-V3.2] Temp=0.0 Rep=1 → Neutro
[2026-05-11 14:49:44,978][__main__][INFO] - ✓ [deepseek-ai/DeepSeek-V3.2] Temp=0.0 Rep=1 → Neutro
[2026-05-11 14:49:45,009][__main__][INFO] - ✓ [deepseek-ai/DeepSeek-V3.2] Temp=0.0 Rep=1 → Concordo fortemente
[2026-05-11 14:49:45,044][__main__][INFO] - ✓ [meta-llama/Meta-Llama-3.1-8B-Instruct] Temp=0.0 Rep=1 → Concordo fortemente
[2026-05-11 14:49:45,049][__main__][INFO] - ✓ [deepseek-ai/DeepSeek-V3.2] Temp=0.0 Rep=1 → Concordo fortemente
[2026-05-11 14:49:45,233][__main__][INFO] - ✓ [deepseek-ai/DeepSeek-V3.2] Temp=0.0 Rep=1 → Concordo fortemente
[2026-05-11 14:49:45,360][__main__][INFO] - ✓ [meta-llama/Meta-Llama-3.1-8B-Instruct] Temp=0.0 Rep=1 → Concordo fortemente
[2026-05-11 14:49:45,362][__main__][INFO] - ✓ [meta-llama/Meta-Llama-3.1-8B-Instruct] Temp=0.0 Rep=1 → Concordo fortemente
[2026-05-11 14:49:45,490][__main__][INFO] - ✓ [meta-llama/Meta-Llama-3.1-8B-Instruct] Temp=0.0 Rep=1 → Concordo fortemente
[2026-05-11 14:49:45,540][__main__][INFO] - ✓ [deepseek-ai/DeepSeek-V3.2] Temp=0.0 Rep=1 → Concordo fortemente
[2026-05-11 14:49:45,626][__main__][INFO] - Salvamento incremental (1640 novas respostas)...
[2026-05-11 14:49:45,679][__main__][INFO] - Cache salvo com 224053 entradas
[2026-05-11 14:49:45,679][__main__][INFO] - ✓ [meta-llama/Meta-Llama-3.1-8B-Instruct] Temp=0.0 Rep=1 → Concordo fortemente
[2026-05-11 14:49:45,681][__main__][INFO] - ✓ [deepseek-ai/DeepSeek-V3.2] Temp=0.0 Rep=1 → Neutro
[2026-05-11 14:49:45,786][__main__][INFO] - ✓ [deepseek-ai/DeepSeek-V3.2] Temp=0.0 Rep=1 → Concordo fortemente
[2026-05-11 14:49:45,791][__main__][INFO] - ✓ [meta-llama/Meta-Llama-3.1-8B-Instruct] Temp=0.0 Rep=1 → Concordo fortemente
[2026-05-11 14:49:45,883][__main__][INFO] - ✓ [meta-llama/Meta-Llama-3.1-8B-Instruct] Temp=0.0 Rep=1 → Concordo fortemente
[2026-05-11 14:49:45,885][__main__][INFO] - ✓ [deepseek-ai/DeepSeek-V3.2] Temp=0.0 Rep=1 → Concordo fortemente
[2026-05-11 14:49:45,885][__main__][INFO] - ✓ [deepseek-ai/DeepSeek-V3.2] Temp=0.0 Rep=1 → Neutro
[2026-05-11 14:49:45,887][__main__][INFO] - ✓ [deepseek-ai/DeepSeek-V3.2] Temp=0.0 Rep=1 → Neutro
[2026-05-11 14:49:46,057][__main__][INFO] - ✓ [meta-llama/Meta-Llama-3.1-8B-Instruct] Temp=0.0 Rep=1 → Concordo fortemente
[2026-05-11 14:49:46,191][__main__][INFO] - ✓ [meta-llama/Meta-Llama-3.1-8B-Instruct] Temp=0.0 Rep=1 → Concordo fortemente
[2026-05-11 14:49:46,293][__main__][INFO] - ✓ [meta-llama/Meta-Llama-3.1-8B-Instruct] Temp=0.0 Rep=1 → Concordo fortemente
[2026-05-11 14:49:46,407][__main__][INFO] - ✓ [meta-llama/Meta-Llama-3.1-8B-Instruct] Temp=0.0 Rep=1 → Concordo fortemente
[2026-05-11 14:49:46,409][__main__][INFO] - ✓ [meta-llama/Meta-Llama-3.1-8B-Instruct] Temp=0.0 Rep=1 → Concordo fortemente
[2026-05-11 14:49:46,450][__main__][INFO] - ✓ [deepseek-ai/DeepSeek-V3.2] Temp=0.0 Rep=1 → Concordo fortemente
[2026-05-11 14:49:46,519][__main__][INFO] - ✓ [deepseek-ai/DeepSeek-V3.2] Temp=0.0 Rep=1 → Concordo fortemente
[2026-05-11 14:49:46,593][__main__][INFO] - ✓ [meta-llama/Meta-Llama-3.1-8B-Instruct] Temp=0.0 Rep=1 → Concordo
[2026-05-11 14:49:46,617][__main__][INFO] - ✓ [deepseek-ai/DeepSeek-V3.2] Temp=0.0 Rep=1 → Concordo fortemente
[2026-05-11 14:49:46,817][__main__][INFO] - ✓ [deepseek-ai/DeepSeek-V3.2] Temp=0.0 Rep=1 → Concordo fortemente
[2026-05-11 14:49:46,946][__main__][INFO] - ✓ [meta-llama/Meta-Llama-3.1-8B-Instruct] Temp=0.0 Rep=1 → Concordo fortemente
[2026-05-11 14:49:46,947][__main__][INFO] - ✓ [deepseek-ai/DeepSeek-V3.2] Temp=0.0 Rep=1 → Concordo fortemente
[2026-05-11 14:49:46,947][__main__][INFO] - ✓ [meta-llama/Meta-Llama-3.1-8B-Instruct] Temp=0.0 Rep=1 → Concordo fortemente
[2026-05-11 14:49:46,951][__main__][INFO] - ✓ [deepseek-ai/DeepSeek-V3.2] Temp=0.0 Rep=1 → Concordo fortemente
[2026-05-11 14:49:47,028][__main__][INFO] - ✓ [meta-llama/Meta-Llama-3.1-8B-Instruct] Temp=0.0 Rep=1 → Concordo
[2026-05-11 14:49:47,297][__main__][INFO] - ✓ [deepseek-ai/DeepSeek-V3.2] Temp=0.0 Rep=1 → Discordo fortemente
[2026-05-11 14:49:47,299][__main__][INFO] - ✓ [meta-llama/Meta-Llama-3.1-8B-Instruct] Temp=0.0 Rep=1 → Neutro
[2026-05-11 14:49:47,324][__main__][INFO] - ✓ [meta-llama/Meta-Llama-3.1-8B-Instruct] Temp=0.0 Rep=1 → Concordo
[2026-05-11 14:49:47,327][__main__][INFO] - ✓ [deepseek-ai/DeepSeek-V3.2] Temp=0.0 Rep=1 → Neutro
[2026-05-11 14:49:47,603][__main__][INFO] - ✓ [deepseek-ai/DeepSeek-V3.2] Temp=0.0 Rep=1 → Neutro
[2026-05-11 14:49:47,676][__main__][WARNING] - Resposta inválida (tentativa 1/3) de meta-llama/Meta-Llama-3.1-8B-Instruct: Não posso fornecer uma resposta para essa afirmação Posso aj
[2026-05-11 14:49:47,676][__main__][INFO] - Fazendo retry 2/3...
[2026-05-11 14:49:47,728][__main__][INFO] - ✓ [meta-llama/Meta-Llama-3.1-8B-Instruct] Temp=0.0 Rep=1 → Concordo fortemente
[2026-05-11 14:49:47,760][__main__][INFO] - ✓ [deepseek-ai/DeepSeek-V3.2] Temp=0.0 Rep=1 → Neutro
[2026-05-11 14:49:47,795][__main__][INFO] - ✓ [meta-llama/Meta-Llama-3.1-8B-Instruct] Temp=0.0 Rep=1 → Concordo fortemente
[2026-05-11 14:49:47,811][__main__][INFO] - ✓ [deepseek-ai/DeepSeek-V3.2] Temp=0.0 Rep=1 → Neutro
[2026-05-11 14:49:47,825][__main__][INFO] - ✓ [deepseek-ai/DeepSeek-V3.2] Temp=0.0 Rep=1 → Neutro
[2026-05-11 14:49:47,841][__main__][INFO] - ✓ [deepseek-ai/DeepSeek-V3.2] Temp=0.0 Rep=1 → Neutro
[2026-05-11 14:49:47,980][__main__][INFO] - ✓ [meta-llama/Meta-Llama-3.1-8B-Instruct] Temp=0.0 Rep=1 → Concordo fortemente
[2026-05-11 14:49:48,003][__main__][INFO] - ✓ [deepseek-ai/DeepSeek-V3.2] Temp=0.0 Rep=1 → Neutro
[2026-05-11 14:49:48,026][__main__][INFO] - ✓ [deepseek-ai/DeepSeek-V3.2] Temp=0.0 Rep=1 → Neutro
[2026-05-11 14:49:48,239][__main__][INFO] - ✓ [meta-llama/Meta-Llama-3.1-8B-Instruct] Temp=0.0 Rep=1 → Concordo fortemente
[2026-05-11 14:49:48,263][__main__][INFO] - ✓ [meta-llama/Meta-Llama-3.1-8B-Instruct] Temp=0.0 Rep=1 → Concordo fortemente
[2026-05-11 14:49:48,517][__main__][INFO] - ✓ [deepseek-ai/DeepSeek-V3.2] Temp=0.0 Rep=1 → Concordo fortemente
[2026-05-11 14:49:48,522][__main__][INFO] - Salvamento incremental (1680 novas respostas)...
[2026-05-11 14:49:48,579][__main__][INFO] - Cache salvo com 224093 entradas
[2026-05-11 14:49:48,579][__main__][INFO] - ✓ [meta-llama/Meta-Llama-3.1-8B-Instruct] Temp=0.0 Rep=1 → Concordo fortemente
[2026-05-11 14:49:48,621][__main__][INFO] - ✓ [meta-llama/Meta-Llama-3.1-8B-Instruct] Temp=0.0 Rep=1 → Concordo
[2026-05-11 14:49:48,663][__main__][INFO] - ✓ [deepseek-ai/DeepSeek-V3.2] Temp=0.0 Rep=1 → Concordo fortemente
[2026-05-11 14:49:48,699][__main__][INFO] - ✓ [meta-llama/Meta-Llama-3.1-8B-Instruct] Temp=0.0 Rep=1 → Concordo fortemente
[2026-05-11 14:49:48,811][__main__][INFO] - ✓ [deepseek-ai/DeepSeek-V3.2] Temp=0.0 Rep=1 → Concordo fortemente
[2026-05-11 14:49:48,840][__main__][INFO] - ✓ [deepseek-ai/DeepSeek-V3.2] Temp=0.0 Rep=1 → Concordo fortemente
[2026-05-11 14:49:49,060][__main__][INFO] - ✓ [deepseek-ai/DeepSeek-V3.2] Temp=0.0 Rep=1 → Concordo fortemente
[2026-05-11 14:49:49,109][__main__][INFO] - ✓ [meta-llama/Meta-Llama-3.1-8B-Instruct] Temp=0.0 Rep=1 → Concordo fortemente
[2026-05-11 14:49:49,171][__main__][INFO] - ✓ [meta-llama/Meta-Llama-3.1-8B-Instruct] Temp=0.0 Rep=1 → Concordo fortemente
[2026-05-11 14:49:49,220][__main__][INFO] - ✓ [meta-llama/Meta-Llama-3.1-8B-Instruct] Temp=0.0 Rep=1 → Concordo fortemente
[2026-05-11 14:49:49,259][__main__][INFO] - ✓ [deepseek-ai/DeepSeek-V3.2] Temp=0.0 Rep=1 → Neutro
[2026-05-11 14:49:49,327][__main__][INFO] - ✓ [meta-llama/Meta-Llama-3.1-8B-Instruct] Temp=0.0 Rep=1 → Concordo fortemente
[2026-05-11 14:49:49,393][__main__][INFO] - ✓ [deepseek-ai/DeepSeek-V3.2] Temp=0.0 Rep=1 → Neutro
[2026-05-11 14:49:49,556][__main__][INFO] - ✓ [meta-llama/Meta-Llama-3.1-8B-Instruct] Temp=0.0 Rep=1 → Concordo fortemente
[2026-05-11 14:49:49,578][__main__][INFO] - ✓ [deepseek-ai/DeepSeek-V3.2] Temp=0.0 Rep=1 → Neutro
[2026-05-11 14:49:49,690][__main__][INFO] - ✓ [meta-llama/Meta-Llama-3.1-8B-Instruct] Temp=0.0 Rep=1 → Concordo fortemente
[2026-05-11 14:49:49,735][__main__][INFO] - ✓ [meta-llama/Meta-Llama-3.1-8B-Instruct] Temp=0.0 Rep=1 → Concordo fortemente
[2026-05-11 14:49:49,885][__main__][INFO] - ✓ [deepseek-ai/DeepSeek-V3.2] Temp=0.0 Rep=1 → Neutro
[2026-05-11 14:49:49,928][__main__][INFO] - ✓ [meta-llama/Meta-Llama-3.1-8B-Instruct] Temp=0.0 Rep=1 → Concordo fortemente
[2026-05-11 14:49:50,078][__main__][INFO] - ✓ [deepseek-ai/DeepSeek-V3.2] Temp=0.0 Rep=1 → Concordo fortemente
[2026-05-11 14:49:50,118][__main__][INFO] - ✓ [meta-llama/Meta-Llama-3.1-8B-Instruct] Temp=0.0 Rep=1 → Concordo fortemente
[2026-05-11 14:49:50,161][__main__][INFO] - ✓ [meta-llama/Meta-Llama-3.1-8B-Instruct] Temp=0.0 Rep=1 → Concordo fortemente
[2026-05-11 14:49:50,165][__main__][INFO] - ✓ [deepseek-ai/DeepSeek-V3.2] Temp=0.0 Rep=1 → Concordo fortemente
[2026-05-11 14:49:50,509][__main__][INFO] - ✓ [deepseek-ai/DeepSeek-V3.2] Temp=0.0 Rep=1 → Concordo fortemente
[2026-05-11 14:49:50,602][__main__][INFO] - ✓ [meta-llama/Meta-Llama-3.1-8B-Instruct] Temp=0.0 Rep=1 → Concordo fortemente
[2026-05-11 14:49:50,605][__main__][INFO] - ✓ [meta-llama/Meta-Llama-3.1-8B-Instruct] Temp=0.0 Rep=1 → Concordo fortemente
[2026-05-11 14:49:50,605][__main__][INFO] - ✓ [meta-llama/Meta-Llama-3.1-8B-Instruct] Temp=0.0 Rep=1 → Concordo fortemente
[2026-05-11 14:49:50,606][__main__][INFO] - ✓ [deepseek-ai/DeepSeek-V3.2] Temp=0.0 Rep=1 → Concordo
[2026-05-11 14:49:50,624][__main__][INFO] - ✓ [deepseek-ai/DeepSeek-V3.2] Temp=0.0 Rep=1 → Concordo fortemente
[2026-05-11 14:49:50,633][__main__][INFO] - ✓ [deepseek-ai/DeepSeek-V3.2] Temp=0.0 Rep=1 → Concordo
[2026-05-11 14:49:50,976][__main__][INFO] - ✓ [meta-llama/Meta-Llama-3.1-8B-Instruct] Temp=0.0 Rep=1 → Concordo fortemente
[2026-05-11 14:49:50,978][__main__][INFO] - ✓ [deepseek-ai/DeepSeek-V3.2] Temp=0.0 Rep=1 → Concordo
[2026-05-11 14:49:50,981][__main__][INFO] - ✓ [deepseek-ai/DeepSeek-V3.2] Temp=0.0 Rep=1 → Concordo fortemente
[2026-05-11 14:49:50,993][__main__][INFO] - ✓ [meta-llama/Meta-Llama-3.1-8B-Instruct] Temp=0.0 Rep=1 → Concordo fortemente
[2026-05-11 14:49:51,125][__main__][INFO] - ✓ [meta-llama/Meta-Llama-3.1-8B-Instruct] Temp=0.0 Rep=1 → Concordo fortemente
[2026-05-11 14:49:51,205][__main__][INFO] - ✓ [deepseek-ai/DeepSeek-V3.2] Temp=0.0 Rep=1 → Concordo
[2026-05-11 14:49:51,333][__main__][INFO] - ✓ [meta-llama/Meta-Llama-3.1-8B-Instruct] Temp=0.0 Rep=1 → Concordo fortemente
[2026-05-11 14:49:51,441][__main__][INFO] - ✓ [deepseek-ai/DeepSeek-V3.2] Temp=0.0 Rep=1 → Concordo fortemente
[2026-05-11 14:49:51,454][__main__][INFO] - ✓ [meta-llama/Meta-Llama-3.1-8B-Instruct] Temp=0.0 Rep=1 → Concordo fortemente
[2026-05-11 14:49:51,511][__main__][INFO] - ✓ [deepseek-ai/DeepSeek-V3.2] Temp=0.0 Rep=1 → Concordo fortemente
[2026-05-11 14:49:51,649][__main__][INFO] - Salvamento incremental (1720 novas respostas)...
[2026-05-11 14:49:51,722][__main__][INFO] - Cache salvo com 224133 entradas
[2026-05-11 14:49:51,722][__main__][INFO] - ✓ [meta-llama/Meta-Llama-3.1-8B-Instruct] Temp=0.0 Rep=1 → Concordo fortemente
[2026-05-11 14:49:51,724][__main__][INFO] - ✓ [deepseek-ai/DeepSeek-V3.2] Temp=0.0 Rep=1 → Concordo
[2026-05-11 14:49:51,725][__main__][INFO] - ✓ [deepseek-ai/DeepSeek-V3.2] Temp=0.0 Rep=1 → Concordo fortemente
[2026-05-11 14:49:51,760][__main__][INFO] - ✓ [deepseek-ai/DeepSeek-V3.2] Temp=0.0 Rep=1 → Concordo fortemente
[2026-05-11 14:49:51,791][__main__][INFO] - ✓ [meta-llama/Meta-Llama-3.1-8B-Instruct] Temp=0.0 Rep=1 → Concordo fortemente
[2026-05-11 14:49:51,993][__main__][INFO] - ✓ [meta-llama/Meta-Llama-3.1-8B-Instruct] Temp=0.0 Rep=1 → Concordo fortemente
[2026-05-11 14:49:52,085][__main__][INFO] - ✓ [meta-llama/Meta-Llama-3.1-8B-Instruct] Temp=0.0 Rep=1 → Concordo fortemente
[2026-05-11 14:49:52,176][__main__][INFO] - ✓ [deepseek-ai/DeepSeek-V3.2] Temp=0.0 Rep=1 → Concordo fortemente
[2026-05-11 14:49:52,179][__main__][INFO] - ✓ [deepseek-ai/DeepSeek-V3.2] Temp=0.0 Rep=1 → Concordo
[2026-05-11 14:49:52,180][__main__][INFO] - ✓ [deepseek-ai/DeepSeek-V3.2] Temp=0.0 Rep=1 → Concordo
[2026-05-11 14:49:52,193][__main__][INFO] - ✓ [deepseek-ai/DeepSeek-V3.2] Temp=0.0 Rep=1 → Concordo
[2026-05-11 14:49:52,328][__main__][INFO] - ✓ [meta-llama/Meta-Llama-3.1-8B-Instruct] Temp=0.0 Rep=1 → Concordo fortemente
[2026-05-11 14:49:52,373][__main__][INFO] - ✓ [meta-llama/Meta-Llama-3.1-8B-Instruct] Temp=0.0 Rep=1 → Concordo
[2026-05-11 14:49:52,508][__main__][INFO] - ✓ [meta-llama/Meta-Llama-3.1-8B-Instruct] Temp=0.0 Rep=1 → Concordo
[2026-05-11 14:49:52,515][__main__][INFO] - ✓ [meta-llama/Meta-Llama-3.1-8B-Instruct] Temp=0.0 Rep=1 → Concordo
[2026-05-11 14:49:52,700][__main__][INFO] - ✓ [meta-llama/Meta-Llama-3.1-8B-Instruct] Temp=0.0 Rep=1 → Concordo
[2026-05-11 14:49:52,868][__main__][INFO] - ✓ [meta-llama/Meta-Llama-3.1-8B-Instruct] Temp=0.0 Rep=1 → Concordo
[2026-05-11 14:49:52,908][__main__][INFO] - ✓ [deepseek-ai/DeepSeek-V3.2] Temp=0.0 Rep=1 → Concordo fortemente
[2026-05-11 14:49:52,994][__main__][INFO] - ✓ [deepseek-ai/DeepSeek-V3.2] Temp=0.0 Rep=1 → Concordo fortemente
[2026-05-11 14:49:53,096][__main__][INFO] - ✓ [deepseek-ai/DeepSeek-V3.2] Temp=0.0 Rep=1 → Concordo fortemente
[2026-05-11 14:49:53,222][__main__][INFO] - ✓ [deepseek-ai/DeepSeek-V3.2] Temp=0.0 Rep=1 → Concordo
[2026-05-11 14:49:53,284][__main__][INFO] - ✓ [meta-llama/Meta-Llama-3.1-8B-Instruct] Temp=0.0 Rep=1 → Concordo fortemente
[2026-05-11 14:49:53,285][__main__][INFO] - ✓ [meta-llama/Meta-Llama-3.1-8B-Instruct] Temp=0.0 Rep=1 → Concordo
[2026-05-11 14:49:53,329][__main__][INFO] - ✓ [meta-llama/Meta-Llama-3.1-8B-Instruct] Temp=0.0 Rep=1 → Concordo fortemente
[2026-05-11 14:49:53,379][__main__][INFO] - ✓ [deepseek-ai/DeepSeek-V3.2] Temp=0.0 Rep=1 → Neutro
[2026-05-11 14:49:53,459][__main__][INFO] - ✓ [deepseek-ai/DeepSeek-V3.2] Temp=0.0 Rep=1 → Neutro
[2026-05-11 14:49:53,630][__main__][INFO] - ✓ [deepseek-ai/DeepSeek-V3.2] Temp=0.0 Rep=1 → Concordo fortemente
[2026-05-11 14:49:53,640][__main__][INFO] - ✓ [meta-llama/Meta-Llama-3.1-8B-Instruct] Temp=0.0 Rep=1 → Discordo
[2026-05-11 14:49:53,643][__main__][INFO] - ✓ [deepseek-ai/DeepSeek-V3.2] Temp=0.0 Rep=1 → Neutro
[2026-05-11 14:49:53,748][__main__][INFO] - ✓ [meta-llama/Meta-Llama-3.1-8B-Instruct] Temp=0.0 Rep=1 → Neutro
[2026-05-11 14:49:53,787][__main__][INFO] - ✓ [meta-llama/Meta-Llama-3.1-8B-Instruct] Temp=0.0 Rep=1 → Neutro
[2026-05-11 14:49:53,954][__main__][INFO] - ✓ [deepseek-ai/DeepSeek-V3.2] Temp=0.0 Rep=1 → Neutro
[2026-05-11 14:49:54,035][__main__][INFO] - ✓ [deepseek-ai/DeepSeek-V3.2] Temp=0.0 Rep=1 → Neutro
[2026-05-11 14:49:54,096][__main__][INFO] - ✓ [deepseek-ai/DeepSeek-V3.2] Temp=0.0 Rep=1 → Concordo fortemente
[2026-05-11 14:49:54,177][__main__][INFO] - ✓ [meta-llama/Meta-Llama-3.1-8B-Instruct] Temp=0.0 Rep=1 → Concordo fortemente
[2026-05-11 14:49:54,179][__main__][INFO] - ✓ [meta-llama/Meta-Llama-3.1-8B-Instruct] Temp=0.0 Rep=1 → Concordo fortemente
[2026-05-11 14:49:54,273][__main__][INFO] - ✓ [meta-llama/Meta-Llama-3.1-8B-Instruct] Temp=0.0 Rep=1 → Concordo fortemente
[2026-05-11 14:49:54,274][__main__][INFO] - ✓ [deepseek-ai/DeepSeek-V3.2] Temp=0.0 Rep=1 → Concordo fortemente
[2026-05-11 14:49:54,315][__main__][INFO] - ✓ [deepseek-ai/DeepSeek-V3.2] Temp=0.0 Rep=1 → Neutro
[2026-05-11 14:49:54,528][__main__][INFO] - ✓ [deepseek-ai/DeepSeek-V3.2] Temp=0.0 Rep=1 → Neutro
[2026-05-11 14:49:54,548][__main__][INFO] - Salvamento incremental (1760 novas respostas)...
[2026-05-11 14:49:54,644][__main__][INFO] - Cache salvo com 224173 entradas
[2026-05-11 14:49:54,644][__main__][INFO] - ✓ [deepseek-ai/DeepSeek-V3.2] Temp=0.0 Rep=1 → Concordo fortemente
[2026-05-11 14:49:54,646][__main__][INFO] - ✓ [meta-llama/Meta-Llama-3.1-8B-Instruct] Temp=0.0 Rep=1 → Concordo
[2026-05-11 14:49:54,689][__main__][INFO] - ✓ [meta-llama/Meta-Llama-3.1-8B-Instruct] Temp=0.0 Rep=1 → Concordo
[2026-05-11 14:49:54,797][__main__][INFO] - ✓ [deepseek-ai/DeepSeek-V3.2] Temp=0.0 Rep=1 → Neutro
[2026-05-11 14:49:54,978][__main__][INFO] - ✓ [meta-llama/Meta-Llama-3.1-8B-Instruct] Temp=0.0 Rep=1 → Concordo
[2026-05-11 14:49:54,996][__main__][INFO] - ✓ [meta-llama/Meta-Llama-3.1-8B-Instruct] Temp=0.0 Rep=1 → Concordo fortemente
[2026-05-11 14:49:55,034][__main__][INFO] - ✓ [deepseek-ai/DeepSeek-V3.2] Temp=0.0 Rep=1 → Neutro
[2026-05-11 14:49:55,035][__main__][INFO] - ✓ [meta-llama/Meta-Llama-3.1-8B-Instruct] Temp=0.0 Rep=1 → Concordo
[2026-05-11 14:49:55,057][__main__][INFO] - ✓ [deepseek-ai/DeepSeek-V3.2] Temp=0.0 Rep=1 → Neutro
[2026-05-11 14:49:55,354][__main__][INFO] - ✓ [meta-llama/Meta-Llama-3.1-8B-Instruct] Temp=0.0 Rep=1 → Neutro
[2026-05-11 14:49:55,409][__main__][INFO] - ✓ [meta-llama/Meta-Llama-3.1-8B-Instruct] Temp=0.0 Rep=1 → Concordo fortemente
[2026-05-11 14:49:55,440][__main__][INFO] - ✓ [meta-llama/Meta-Llama-3.1-8B-Instruct] Temp=0.0 Rep=1 → Concordo fortemente
[2026-05-11 14:49:55,442][__main__][INFO] - ✓ [deepseek-ai/DeepSeek-V3.2] Temp=0.0 Rep=1 → Concordo
[2026-05-11 14:49:55,448][__main__][INFO] - ✓ [meta-llama/Meta-Llama-3.1-8B-Instruct] Temp=0.0 Rep=1 → Concordo fortemente
[2026-05-11 14:49:55,483][__main__][INFO] - ✓ [deepseek-ai/DeepSeek-V3.2] Temp=0.0 Rep=1 → Neutro
[2026-05-11 14:49:55,607][__main__][INFO] - ✓ [deepseek-ai/DeepSeek-V3.2] Temp=0.0 Rep=1 → Concordo fortemente
[2026-05-11 14:49:55,847][__main__][INFO] - ✓ [deepseek-ai/DeepSeek-V3.2] Temp=0.0 Rep=1 → Neutro
[2026-05-11 14:49:55,849][__main__][INFO] - ✓ [meta-llama/Meta-Llama-3.1-8B-Instruct] Temp=0.0 Rep=1 → Concordo fortemente
[2026-05-11 14:49:55,850][__main__][INFO] - ✓ [meta-llama/Meta-Llama-3.1-8B-Instruct] Temp=0.0 Rep=1 → Concordo fortemente
[2026-05-11 14:49:55,850][__main__][INFO] - ✓ [deepseek-ai/DeepSeek-V3.2] Temp=0.0 Rep=1 → Neutro
[2026-05-11 14:49:55,850][__main__][INFO] - ✓ [meta-llama/Meta-Llama-3.1-8B-Instruct] Temp=0.0 Rep=1 → Concordo fortemente
[2026-05-11 14:49:56,183][__main__][INFO] - ✓ [meta-llama/Meta-Llama-3.1-8B-Instruct] Temp=0.0 Rep=1 → Concordo
[2026-05-11 14:49:56,225][__main__][INFO] - ✓ [meta-llama/Meta-Llama-3.1-8B-Instruct] Temp=0.0 Rep=1 → Concordo fortemente
[2026-05-11 14:49:56,229][__main__][INFO] - ✓ [meta-llama/Meta-Llama-3.1-8B-Instruct] Temp=0.0 Rep=1 → Concordo fortemente
[2026-05-11 14:49:56,250][__main__][INFO] - ✓ [deepseek-ai/DeepSeek-V3.2] Temp=0.0 Rep=1 → Concordo fortemente
[2026-05-11 14:49:56,369][__main__][INFO] - ✓ [deepseek-ai/DeepSeek-V3.2] Temp=0.0 Rep=1 → Concordo fortemente
[2026-05-11 14:49:56,372][__main__][INFO] - ✓ [deepseek-ai/DeepSeek-V3.2] Temp=0.0 Rep=1 → Concordo fortemente
[2026-05-11 14:49:56,387][__main__][INFO] - ✓ [deepseek-ai/DeepSeek-V3.2] Temp=0.0 Rep=1 → Concordo fortemente
[2026-05-11 14:49:56,555][__main__][INFO] - ✓ [deepseek-ai/DeepSeek-V3.2] Temp=0.0 Rep=1 → Concordo
[2026-05-11 14:49:56,598][__main__][INFO] - ✓ [deepseek-ai/DeepSeek-V3.2] Temp=0.0 Rep=1 → Concordo fortemente
[2026-05-11 14:49:56,656][__main__][INFO] - ✓ [meta-llama/Meta-Llama-3.1-8B-Instruct] Temp=0.0 Rep=1 → Concordo fortemente
[2026-05-11 14:49:56,735][__main__][INFO] - ✓ [meta-llama/Meta-Llama-3.1-8B-Instruct] Temp=0.0 Rep=1 → Concordo fortemente
[2026-05-11 14:49:56,740][__main__][INFO] - ✓ [meta-llama/Meta-Llama-3.1-8B-Instruct] Temp=0.0 Rep=1 → Concordo fortemente
[2026-05-11 14:49:57,039][__main__][INFO] - ✓ [meta-llama/Meta-Llama-3.1-8B-Instruct] Temp=0.0 Rep=1 → Concordo fortemente
[2026-05-11 14:49:57,050][__main__][INFO] - ✓ [deepseek-ai/DeepSeek-V3.2] Temp=0.0 Rep=1 → Concordo fortemente
[2026-05-11 14:49:57,054][__main__][INFO] - ✓ [deepseek-ai/DeepSeek-V3.2] Temp=0.0 Rep=1 → Concordo fortemente
[2026-05-11 14:49:57,069][__main__][INFO] - ✓ [meta-llama/Meta-Llama-3.1-8B-Instruct] Temp=0.0 Rep=1 → Concordo
[2026-05-11 14:49:57,109][__main__][INFO] - ✓ [meta-llama/Meta-Llama-3.1-8B-Instruct] Temp=0.0 Rep=1 → Concordo fortemente
[2026-05-11 14:49:57,197][__main__][INFO] - ✓ [deepseek-ai/DeepSeek-V3.2] Temp=0.0 Rep=1 → Concordo
[2026-05-11 14:49:57,220][__main__][INFO] - ✓ [deepseek-ai/DeepSeek-V3.2] Temp=0.0 Rep=1 → Concordo fortemente
[2026-05-11 14:49:57,273][__main__][INFO] - Salvamento incremental (1800 novas respostas)...
[2026-05-11 14:49:57,327][__main__][INFO] - Cache salvo com 224213 entradas
[2026-05-11 14:49:57,327][__main__][INFO] - ✓ [deepseek-ai/DeepSeek-V3.2] Temp=0.0 Rep=1 → Concordo
[2026-05-11 14:49:57,417][__main__][INFO] - ✓ [deepseek-ai/DeepSeek-V3.2] Temp=0.0 Rep=1 → Concordo fortemente
[2026-05-11 14:49:57,420][__main__][INFO] - ✓ [meta-llama/Meta-Llama-3.1-8B-Instruct] Temp=0.0 Rep=1 → Concordo fortemente
[2026-05-11 14:49:57,424][__main__][INFO] - ✓ [meta-llama/Meta-Llama-3.1-8B-Instruct] Temp=0.0 Rep=1 → Concordo fortemente
[2026-05-11 14:49:57,600][__main__][INFO] - ✓ [meta-llama/Meta-Llama-3.1-8B-Instruct] Temp=0.0 Rep=1 → Concordo fortemente
[2026-05-11 14:49:57,739][__main__][INFO] - ✓ [deepseek-ai/DeepSeek-V3.2] Temp=0.0 Rep=1 → Concordo fortemente
[2026-05-11 14:49:57,758][__main__][INFO] - ✓ [meta-llama/Meta-Llama-3.1-8B-Instruct] Temp=0.0 Rep=1 → Neutro
[2026-05-11 14:49:57,945][__main__][INFO] - ✓ [deepseek-ai/DeepSeek-V3.2] Temp=0.0 Rep=1 → Concordo fortemente
[2026-05-11 14:49:57,947][__main__][INFO] - ✓ [deepseek-ai/DeepSeek-V3.2] Temp=0.0 Rep=1 → Neutro
[2026-05-11 14:49:57,947][__main__][INFO] - ✓ [meta-llama/Meta-Llama-3.1-8B-Instruct] Temp=0.0 Rep=1 → Neutro
[2026-05-11 14:49:58,051][__main__][WARNING] - Resposta inválida (tentativa 3/3) de meta-llama/Meta-Llama-3.1-8B-Instruct: Não posso fornecer uma resposta para essa pergunta Posso aju
[2026-05-11 14:49:58,051][__main__][ERROR] - Máximo de tentativas (3) atingido para resposta inválida
[2026-05-11 14:49:58,250][__main__][INFO] - ✓ [deepseek-ai/DeepSeek-V3.2] Temp=0.0 Rep=1 → Concordo fortemente
[2026-05-11 14:49:58,312][__main__][INFO] - ✓ [deepseek-ai/DeepSeek-V3.2] Temp=0.0 Rep=1 → Neutro
[2026-05-11 14:49:58,495][__main__][INFO] - ✓ [deepseek-ai/DeepSeek-V3.2] Temp=0.0 Rep=1 → Neutro
[2026-05-11 14:49:58,503][__main__][INFO] - ✓ [meta-llama/Meta-Llama-3.1-8B-Instruct] Temp=0.0 Rep=1 → Neutro
[2026-05-11 14:49:58,547][__main__][INFO] - ✓ [deepseek-ai/DeepSeek-V3.2] Temp=0.0 Rep=1 → Neutro
[2026-05-11 14:49:58,576][__main__][INFO] - ✓ [meta-llama/Meta-Llama-3.1-8B-Instruct] Temp=0.0 Rep=1 → Concordo
[2026-05-11 14:49:58,587][__main__][WARNING] - Resposta inválida (tentativa 1/3) de meta-llama/Meta-Llama-3.1-8B-Instruct: Não posso fornecer uma resposta para essa afirmação Posso aj
[2026-05-11 14:49:58,587][__main__][INFO] - Fazendo retry 2/3...
[2026-05-11 14:49:58,650][__main__][INFO] - ✓ [deepseek-ai/DeepSeek-V3.2] Temp=0.0 Rep=1 → Neutro
[2026-05-11 14:49:58,657][__main__][INFO] - ✓ [deepseek-ai/DeepSeek-V3.2] Temp=0.0 Rep=1 → Neutro
[2026-05-11 14:49:58,795][__main__][INFO] - ✓ [meta-llama/Meta-Llama-3.1-8B-Instruct] Temp=0.0 Rep=1 → Neutro
[2026-05-11 14:49:58,822][__main__][INFO] - ✓ [deepseek-ai/DeepSeek-V3.2] Temp=0.0 Rep=1 → Neutro
[2026-05-11 14:49:58,893][__main__][INFO] - ✓ [meta-llama/Meta-Llama-3.1-8B-Instruct] Temp=0.0 Rep=1 → Concordo
[2026-05-11 14:49:58,995][__main__][INFO] - ✓ [meta-llama/Meta-Llama-3.1-8B-Instruct] Temp=0.0 Rep=1 → Concordo fortemente
[2026-05-11 14:49:58,996][__main__][INFO] - ✓ [meta-llama/Meta-Llama-3.1-8B-Instruct] Temp=0.0 Rep=1 → Concordo
[2026-05-11 14:49:59,244][__main__][INFO] - ✓ [meta-llama/Meta-Llama-3.1-8B-Instruct] Temp=0.0 Rep=1 → Neutro
[2026-05-11 14:49:59,314][__main__][INFO] - ✓ [meta-llama/Meta-Llama-3.1-8B-Instruct] Temp=0.0 Rep=1 → Concordo
[2026-05-11 14:49:59,574][__main__][INFO] - ✓ [deepseek-ai/DeepSeek-V3.2] Temp=0.0 Rep=1 → Neutro
[2026-05-11 14:49:59,632][__main__][WARNING] - Resposta inválida (tentativa 1/3) de meta-llama/Meta-Llama-3.1-8B-Instruct: Não posso fornecer uma resposta para essa pergunta Posso aju
[2026-05-11 14:49:59,633][__main__][INFO] - Fazendo retry 2/3...
[2026-05-11 14:49:59,710][__main__][INFO] - ✓ [deepseek-ai/DeepSeek-V3.2] Temp=0.0 Rep=1 → Neutro
[2026-05-11 14:49:59,712][__main__][INFO] - ✓ [deepseek-ai/DeepSeek-V3.2] Temp=0.0 Rep=1 → Neutro
[2026-05-11 14:49:59,870][__main__][INFO] - ✓ [deepseek-ai/DeepSeek-V3.2] Temp=0.0 Rep=1 → Concordo fortemente
[2026-05-11 14:49:59,888][__main__][INFO] - ✓ [deepseek-ai/DeepSeek-V3.2] Temp=0.0 Rep=1 → Concordo fortemente
[2026-05-11 14:49:59,895][__main__][INFO] - ✓ [deepseek-ai/DeepSeek-V3.2] Temp=0.0 Rep=1 → Neutro
[2026-05-11 14:50:00,040][__main__][INFO] - ✓ [meta-llama/Meta-Llama-3.1-8B-Instruct] Temp=0.0 Rep=1 → Concordo
[2026-05-11 14:50:00,042][__main__][INFO] - ✓ [deepseek-ai/DeepSeek-V3.2] Temp=0.0 Rep=1 → Neutro
[2026-05-11 14:50:00,044][__main__][INFO] - ✓ [meta-llama/Meta-Llama-3.1-8B-Instruct] Temp=0.0 Rep=1 → Concordo
[2026-05-11 14:50:00,193][__main__][INFO] - ✓ [deepseek-ai/DeepSeek-V3.2] Temp=0.0 Rep=1 → Neutro
[2026-05-11 14:50:00,236][__main__][INFO] - ✓ [deepseek-ai/DeepSeek-V3.2] Temp=0.0 Rep=1 → Neutro
[2026-05-11 14:50:00,239][__main__][INFO] - ✓ [meta-llama/Meta-Llama-3.1-8B-Instruct] Temp=0.0 Rep=1 → Concordo
[2026-05-11 14:50:00,285][__main__][WARNING] - Resposta inválida (tentativa 1/3) de meta-llama/Meta-Llama-3.1-8B-Instruct: Não posso fornecer uma resposta para essa afirmação Posso aj
[2026-05-11 14:50:00,285][__main__][INFO] - Fazendo retry 2/3...
[2026-05-11 14:50:00,418][__main__][INFO] - ✓ [meta-llama/Meta-Llama-3.1-8B-Instruct] Temp=0.0 Rep=1 → Concordo
[2026-05-11 14:50:00,437][__main__][INFO] - ✓ [meta-llama/Meta-Llama-3.1-8B-Instruct] Temp=0.0 Rep=1 → Concordo
[2026-05-11 14:50:00,570][__main__][INFO] - Salvamento incremental (1840 novas respostas)...
[2026-05-11 14:50:00,639][__main__][INFO] - Cache salvo com 224253 entradas
[2026-05-11 14:50:00,639][__main__][INFO] - ✓ [deepseek-ai/DeepSeek-V3.2] Temp=0.0 Rep=1 → Neutro
[2026-05-11 14:50:00,640][__main__][INFO] - ✓ [meta-llama/Meta-Llama-3.1-8B-Instruct] Temp=0.0 Rep=1 → Discordo fortemente
[2026-05-11 14:50:00,642][__main__][INFO] - ✓ [deepseek-ai/DeepSeek-V3.2] Temp=0.0 Rep=1 → Concordo fortemente
[2026-05-11 14:50:00,717][__main__][INFO] - ✓ [deepseek-ai/DeepSeek-V3.2] Temp=0.0 Rep=1 → Concordo
[2026-05-11 14:50:00,752][__main__][INFO] - ✓ [deepseek-ai/DeepSeek-V3.2] Temp=0.0 Rep=1 → Concordo fortemente
[2026-05-11 14:50:00,834][__main__][INFO] - ✓ [meta-llama/Meta-Llama-3.1-8B-Instruct] Temp=0.0 Rep=1 → Discordo
[2026-05-11 14:50:00,875][__main__][INFO] - ✓ [deepseek-ai/DeepSeek-V3.2] Temp=0.0 Rep=1 → Concordo
[2026-05-11 14:50:00,897][__main__][INFO] - ✓ [deepseek-ai/DeepSeek-V3.2] Temp=0.0 Rep=1 → Concordo
[2026-05-11 14:50:01,089][__main__][INFO] - ✓ [meta-llama/Meta-Llama-3.1-8B-Instruct] Temp=0.0 Rep=1 → Concordo fortemente
[2026-05-11 14:50:01,091][__main__][INFO] - ✓ [meta-llama/Meta-Llama-3.1-8B-Instruct] Temp=0.0 Rep=1 → Concordo fortemente
[2026-05-11 14:50:01,307][__main__][INFO] - ✓ [meta-llama/Meta-Llama-3.1-8B-Instruct] Temp=0.0 Rep=1 → Concordo fortemente
[2026-05-11 14:50:01,340][__main__][INFO] - ✓ [deepseek-ai/DeepSeek-V3.2] Temp=0.0 Rep=1 → Neutro
[2026-05-11 14:50:01,424][__main__][INFO] - ✓ [meta-llama/Meta-Llama-3.1-8B-Instruct] Temp=0.0 Rep=1 → Concordo fortemente
[2026-05-11 14:50:01,435][__main__][INFO] - ✓ [deepseek-ai/DeepSeek-V3.2] Temp=0.0 Rep=1 → Concordo
[2026-05-11 14:50:01,454][__main__][INFO] - ✓ [deepseek-ai/DeepSeek-V3.2] Temp=0.0 Rep=1 → Neutro
[2026-05-11 14:50:01,498][__main__][INFO] - ✓ [meta-llama/Meta-Llama-3.1-8B-Instruct] Temp=0.0 Rep=1 → Concordo fortemente
[2026-05-11 14:50:01,637][__main__][INFO] - ✓ [deepseek-ai/DeepSeek-V3.2] Temp=0.0 Rep=1 → Neutro
[2026-05-11 14:50:01,639][__main__][INFO] - ✓ [deepseek-ai/DeepSeek-V3.2] Temp=0.0 Rep=1 → Neutro
[2026-05-11 14:50:01,642][__main__][INFO] - ✓ [deepseek-ai/DeepSeek-V3.2] Temp=0.0 Rep=1 → Concordo
[2026-05-11 14:50:01,684][__main__][INFO] - ✓ [meta-llama/Meta-Llama-3.1-8B-Instruct] Temp=0.0 Rep=1 → Discordo fortemente
[2026-05-11 14:50:01,774][__main__][INFO] - ✓ [meta-llama/Meta-Llama-3.1-8B-Instruct] Temp=0.0 Rep=1 → Concordo fortemente
[2026-05-11 14:50:01,858][__main__][INFO] - ✓ [meta-llama/Meta-Llama-3.1-8B-Instruct] Temp=0.0 Rep=1 → Concordo
[2026-05-11 14:50:01,888][__main__][INFO] - ✓ [meta-llama/Meta-Llama-3.1-8B-Instruct] Temp=0.0 Rep=1 → Concordo fortemente
[2026-05-11 14:50:02,138][__main__][INFO] - ✓ [meta-llama/Meta-Llama-3.1-8B-Instruct] Temp=0.0 Rep=1 → Concordo fortemente
[2026-05-11 14:50:02,140][__main__][INFO] - ✓ [meta-llama/Meta-Llama-3.1-8B-Instruct] Temp=0.0 Rep=1 → Concordo fortemente
[2026-05-11 14:50:02,141][__main__][INFO] - ✓ [deepseek-ai/DeepSeek-V3.2] Temp=0.0 Rep=1 → Concordo
[2026-05-11 14:50:02,265][__main__][INFO] - ✓ [meta-llama/Meta-Llama-3.1-8B-Instruct] Temp=0.0 Rep=1 → Concordo fortemente
[2026-05-11 14:50:02,409][__main__][INFO] - ✓ [meta-llama/Meta-Llama-3.1-8B-Instruct] Temp=0.0 Rep=1 → Concordo fortemente
[2026-05-11 14:50:02,465][__main__][INFO] - ✓ [deepseek-ai/DeepSeek-V3.2] Temp=0.0 Rep=1 → Concordo
[2026-05-11 14:50:02,513][__main__][INFO] - ✓ [deepseek-ai/DeepSeek-V3.2] Temp=0.0 Rep=1 → Concordo
[2026-05-11 14:50:02,515][__main__][INFO] - ✓ [deepseek-ai/DeepSeek-V3.2] Temp=0.0 Rep=1 → Neutro
[2026-05-11 14:50:02,541][__main__][INFO] - ✓ [deepseek-ai/DeepSeek-V3.2] Temp=0.0 Rep=1 → Concordo
[2026-05-11 14:50:02,715][__main__][INFO] - ✓ [deepseek-ai/DeepSeek-V3.2] Temp=0.0 Rep=1 → Concordo
[2026-05-11 14:50:02,721][__main__][INFO] - ✓ [meta-llama/Meta-Llama-3.1-8B-Instruct] Temp=0.0 Rep=1 → Concordo fortemente
[2026-05-11 14:50:02,746][__main__][INFO] - ✓ [meta-llama/Meta-Llama-3.1-8B-Instruct] Temp=0.0 Rep=1 → Concordo fortemente
[2026-05-11 14:50:02,806][__main__][INFO] - ✓ [meta-llama/Meta-Llama-3.1-8B-Instruct] Temp=0.0 Rep=1 → Concordo fortemente
[2026-05-11 14:50:02,836][__main__][INFO] - ✓ [deepseek-ai/DeepSeek-V3.2] Temp=0.0 Rep=1 → Concordo
[2026-05-11 14:50:02,957][__main__][INFO] - ✓ [deepseek-ai/DeepSeek-V3.2] Temp=0.0 Rep=1 → Concordo
[2026-05-11 14:50:02,961][__main__][INFO] - ✓ [deepseek-ai/DeepSeek-V3.2] Temp=0.0 Rep=1 → Concordo
[2026-05-11 14:50:03,057][__main__][INFO] - ✓ [meta-llama/Meta-Llama-3.1-8B-Instruct] Temp=0.0 Rep=1 → Concordo fortemente
[2026-05-11 14:50:03,188][__main__][INFO] - Salvamento incremental (1880 novas respostas)...
[2026-05-11 14:50:03,232][__main__][INFO] - Cache salvo com 224293 entradas
[2026-05-11 14:50:03,233][__main__][INFO] - ✓ [meta-llama/Meta-Llama-3.1-8B-Instruct] Temp=0.0 Rep=1 → Concordo
[2026-05-11 14:50:03,234][__main__][INFO] - ✓ [meta-llama/Meta-Llama-3.1-8B-Instruct] Temp=0.0 Rep=1 → Concordo
[2026-05-11 14:50:03,340][__main__][INFO] - ✓ [deepseek-ai/DeepSeek-V3.2] Temp=0.0 Rep=1 → Neutro
[2026-05-11 14:50:03,342][__main__][INFO] - ✓ [deepseek-ai/DeepSeek-V3.2] Temp=0.0 Rep=1 → Concordo fortemente
[2026-05-11 14:50:03,349][__main__][INFO] - ✓ [deepseek-ai/DeepSeek-V3.2] Temp=0.0 Rep=1 → Neutro
[2026-05-11 14:50:03,380][__main__][INFO] - ✓ [meta-llama/Meta-Llama-3.1-8B-Instruct] Temp=0.0 Rep=1 → Neutro
[2026-05-11 14:50:03,475][__main__][INFO] - ✓ [deepseek-ai/DeepSeek-V3.2] Temp=0.0 Rep=1 → Concordo fortemente
[2026-05-11 14:50:03,514][__main__][INFO] - ✓ [meta-llama/Meta-Llama-3.1-8B-Instruct] Temp=0.0 Rep=1 → Concordo
[2026-05-11 14:50:04,273][__main__][INFO] - ✓ [meta-llama/Meta-Llama-3.1-8B-Instruct] Temp=0.0 Rep=1 → Neutro
[2026-05-11 14:50:04,279][__main__][INFO] - ✓ [deepseek-ai/DeepSeek-V3.2] Temp=0.0 Rep=1 → Concordo fortemente
[2026-05-11 14:50:04,281][__main__][INFO] - ✓ [meta-llama/Meta-Llama-3.1-8B-Instruct] Temp=0.0 Rep=1 → Concordo
[2026-05-11 14:50:04,282][__main__][INFO] - ✓ [meta-llama/Meta-Llama-3.1-8B-Instruct] Temp=0.0 Rep=1 → Concordo
[2026-05-11 14:50:04,283][__main__][INFO] - ✓ [meta-llama/Meta-Llama-3.1-8B-Instruct] Temp=0.0 Rep=1 → Concordo fortemente
[2026-05-11 14:50:04,294][__main__][INFO] - ✓ [deepseek-ai/DeepSeek-V3.2] Temp=0.0 Rep=1 → Neutro
[2026-05-11 14:50:04,300][__main__][INFO] - ✓ [deepseek-ai/DeepSeek-V3.2] Temp=0.0 Rep=1 → Neutro
[2026-05-11 14:50:04,390][__main__][INFO] - ✓ [deepseek-ai/DeepSeek-V3.2] Temp=0.0 Rep=1 → Neutro
[2026-05-11 14:50:04,392][__main__][INFO] - ✓ [deepseek-ai/DeepSeek-V3.2] Temp=0.0 Rep=1 → Neutro
[2026-05-11 14:50:04,441][__main__][INFO] - ✓ [deepseek-ai/DeepSeek-V3.2] Temp=0.0 Rep=1 → Concordo fortemente
[2026-05-11 14:50:04,649][__main__][INFO] - ✓ [meta-llama/Meta-Llama-3.1-8B-Instruct] Temp=0.0 Rep=1 → Concordo
[2026-05-11 14:50:04,651][__main__][INFO] - ✓ [meta-llama/Meta-Llama-3.1-8B-Instruct] Temp=0.0 Rep=1 → Neutro
[2026-05-11 14:50:04,759][__main__][INFO] - ✓ [meta-llama/Meta-Llama-3.1-8B-Instruct] Temp=0.0 Rep=1 → Concordo fortemente
[2026-05-11 14:50:04,764][__main__][INFO] - ✓ [meta-llama/Meta-Llama-3.1-8B-Instruct] Temp=0.0 Rep=1 → Concordo
[2026-05-11 14:50:04,950][__main__][INFO] - ✓ [meta-llama/Meta-Llama-3.1-8B-Instruct] Temp=0.0 Rep=1 → Concordo fortemente
[2026-05-11 14:50:05,128][__main__][INFO] - ✓ [meta-llama/Meta-Llama-3.1-8B-Instruct] Temp=0.0 Rep=1 → Concordo fortemente
[2026-05-11 14:50:05,142][__main__][INFO] - ✓ [deepseek-ai/DeepSeek-V3.2] Temp=0.0 Rep=1 → Neutro
[2026-05-11 14:50:05,144][__main__][INFO] - ✓ [deepseek-ai/DeepSeek-V3.2] Temp=0.0 Rep=1 → Neutro
[2026-05-11 14:50:05,192][__main__][INFO] - ✓ [deepseek-ai/DeepSeek-V3.2] Temp=0.0 Rep=1 → Neutro
[2026-05-11 14:50:05,284][__main__][INFO] - ✓ [deepseek-ai/DeepSeek-V3.2] Temp=0.0 Rep=1 → Neutro
[2026-05-11 14:50:05,311][__main__][INFO] - ✓ [meta-llama/Meta-Llama-3.1-8B-Instruct] Temp=0.0 Rep=1 → Concordo fortemente
[2026-05-11 14:50:05,485][__main__][INFO] - ✓ [meta-llama/Meta-Llama-3.1-8B-Instruct] Temp=0.0 Rep=1 → Concordo fortemente
[2026-05-11 14:50:05,499][__main__][INFO] - ✓ [meta-llama/Meta-Llama-3.1-8B-Instruct] Temp=0.0 Rep=1 → Concordo fortemente
[2026-05-11 14:50:05,531][__main__][INFO] - ✓ [deepseek-ai/DeepSeek-V3.2] Temp=0.0 Rep=1 → Neutro
[2026-05-11 14:50:05,606][__main__][INFO] - ✓ [deepseek-ai/DeepSeek-V3.2] Temp=0.0 Rep=1 → Discordo
[2026-05-11 14:50:05,687][__main__][INFO] - ✓ [meta-llama/Meta-Llama-3.1-8B-Instruct] Temp=0.0 Rep=1 → Concordo
[2026-05-11 14:50:05,812][__main__][INFO] - ✓ [deepseek-ai/DeepSeek-V3.2] Temp=0.0 Rep=1 → Discordo
[2026-05-11 14:50:05,815][__main__][INFO] - ✓ [meta-llama/Meta-Llama-3.1-8B-Instruct] Temp=0.0 Rep=1 → Concordo
[2026-05-11 14:50:05,912][__main__][INFO] - ✓ [meta-llama/Meta-Llama-3.1-8B-Instruct] Temp=0.0 Rep=1 → Concordo
[2026-05-11 14:50:05,914][__main__][INFO] - ✓ [deepseek-ai/DeepSeek-V3.2] Temp=0.0 Rep=1 → Discordo
[2026-05-11 14:50:06,158][__main__][INFO] - ✓ [deepseek-ai/DeepSeek-V3.2] Temp=0.0 Rep=1 → Concordo fortemente
[2026-05-11 14:50:06,220][__main__][INFO] - ✓ [meta-llama/Meta-Llama-3.1-8B-Instruct] Temp=0.0 Rep=1 → Concordo fortemente
[2026-05-11 14:50:06,225][__main__][INFO] - Salvamento incremental (1920 novas respostas)...
[2026-05-11 14:50:06,288][__main__][INFO] - Cache salvo com 224333 entradas
[2026-05-11 14:50:06,288][__main__][INFO] - ✓ [deepseek-ai/DeepSeek-V3.2] Temp=0.0 Rep=1 → Concordo
[2026-05-11 14:50:06,330][__main__][INFO] - ✓ [deepseek-ai/DeepSeek-V3.2] Temp=0.0 Rep=1 → Concordo fortemente
[2026-05-11 14:50:06,332][__main__][INFO] - ✓ [meta-llama/Meta-Llama-3.1-8B-Instruct] Temp=0.0 Rep=1 → Concordo fortemente
[2026-05-11 14:50:06,381][__main__][INFO] - ✓ [deepseek-ai/DeepSeek-V3.2] Temp=0.0 Rep=1 → Neutro
[2026-05-11 14:50:06,596][__main__][INFO] - ✓ [deepseek-ai/DeepSeek-V3.2] Temp=0.0 Rep=1 → Neutro
[2026-05-11 14:50:06,604][__main__][INFO] - ✓ [deepseek-ai/DeepSeek-V3.2] Temp=0.0 Rep=1 → Neutro
[2026-05-11 14:50:06,661][__main__][INFO] - ✓ [deepseek-ai/DeepSeek-V3.2] Temp=0.0 Rep=1 → Concordo fortemente
[2026-05-11 14:50:06,720][__main__][INFO] - ✓ [meta-llama/Meta-Llama-3.1-8B-Instruct] Temp=0.0 Rep=1 → Discordo fortemente
[2026-05-11 14:50:06,729][__main__][INFO] - ✓ [meta-llama/Meta-Llama-3.1-8B-Instruct] Temp=0.0 Rep=1 → Concordo fortemente
[2026-05-11 14:50:07,057][__main__][INFO] - ✓ [deepseek-ai/DeepSeek-V3.2] Temp=0.0 Rep=1 → Concordo fortemente
[2026-05-11 14:50:07,061][__main__][INFO] - ✓ [meta-llama/Meta-Llama-3.1-8B-Instruct] Temp=0.0 Rep=1 → Concordo fortemente
[2026-05-11 14:50:07,086][__main__][INFO] - ✓ [meta-llama/Meta-Llama-3.1-8B-Instruct] Temp=0.0 Rep=1 → Concordo fortemente
[2026-05-11 14:50:07,118][__main__][INFO] - ✓ [meta-llama/Meta-Llama-3.1-8B-Instruct] Temp=0.0 Rep=1 → Concordo fortemente
[2026-05-11 14:50:07,132][__main__][INFO] - ✓ [meta-llama/Meta-Llama-3.1-8B-Instruct] Temp=0.0 Rep=1 → Concordo fortemente
[2026-05-11 14:50:07,150][__main__][INFO] - ✓ [meta-llama/Meta-Llama-3.1-8B-Instruct] Temp=0.0 Rep=1 → Concordo fortemente
[2026-05-11 14:50:07,236][__main__][INFO] - ✓ [deepseek-ai/DeepSeek-V3.2] Temp=0.0 Rep=1 → Concordo
[2026-05-11 14:50:07,255][__main__][INFO] - ✓ [deepseek-ai/DeepSeek-V3.2] Temp=0.0 Rep=1 → Discordo
[2026-05-11 14:50:07,382][__main__][INFO] - ✓ [deepseek-ai/DeepSeek-V3.2] Temp=0.0 Rep=1 → Discordo
[2026-05-11 14:50:07,386][__main__][INFO] - ✓ [deepseek-ai/DeepSeek-V3.2] Temp=0.0 Rep=1 → Discordo
[2026-05-11 14:50:07,616][__main__][INFO] - ✓ [meta-llama/Meta-Llama-3.1-8B-Instruct] Temp=0.0 Rep=1 → Discordo fortemente
[2026-05-11 14:50:07,658][__main__][INFO] - ✓ [meta-llama/Meta-Llama-3.1-8B-Instruct] Temp=0.0 Rep=1 → Concordo fortemente
[2026-05-11 14:50:07,665][__main__][INFO] - ✓ [meta-llama/Meta-Llama-3.1-8B-Instruct] Temp=0.0 Rep=1 → Concordo fortemente
[2026-05-11 14:50:07,670][__main__][INFO] - ✓ [deepseek-ai/DeepSeek-V3.2] Temp=0.0 Rep=1 → Concordo
[2026-05-11 14:50:07,764][__main__][INFO] - ✓ [meta-llama/Meta-Llama-3.1-8B-Instruct] Temp=0.0 Rep=1 → Discordo fortemente
[2026-05-11 14:50:07,987][__main__][INFO] - ✓ [deepseek-ai/DeepSeek-V3.2] Temp=0.0 Rep=1 → Concordo fortemente
[2026-05-11 14:50:08,022][__main__][INFO] - ✓ [meta-llama/Meta-Llama-3.1-8B-Instruct] Temp=0.0 Rep=1 → Concordo fortemente
[2026-05-11 14:50:08,076][__main__][INFO] - ✓ [meta-llama/Meta-Llama-3.1-8B-Instruct] Temp=0.0 Rep=1 → Discordo fortemente
[2026-05-11 14:50:08,168][__main__][INFO] - ✓ [deepseek-ai/DeepSeek-V3.2] Temp=0.0 Rep=1 → Concordo fortemente
[2026-05-11 14:50:08,252][__main__][INFO] - ✓ [deepseek-ai/DeepSeek-V3.2] Temp=0.0 Rep=1 → Discordo
[2026-05-11 14:50:08,256][__main__][INFO] - ✓ [deepseek-ai/DeepSeek-V3.2] Temp=0.0 Rep=1 → Neutro
[2026-05-11 14:50:08,301][__main__][INFO] - ✓ [deepseek-ai/DeepSeek-V3.2] Temp=0.0 Rep=1 → Neutro
[2026-05-11 14:50:08,430][__main__][INFO] - ✓ [deepseek-ai/DeepSeek-V3.2] Temp=0.0 Rep=1 → Discordo
[2026-05-11 14:50:08,467][__main__][INFO] - ✓ [deepseek-ai/DeepSeek-V3.2] Temp=0.0 Rep=1 → Discordo
[2026-05-11 14:50:08,498][__main__][INFO] - ✓ [meta-llama/Meta-Llama-3.1-8B-Instruct] Temp=0.0 Rep=1 → Concordo
[2026-05-11 14:50:08,499][__main__][INFO] - ✓ [meta-llama/Meta-Llama-3.1-8B-Instruct] Temp=0.0 Rep=1 → Concordo fortemente
[2026-05-11 14:50:08,687][__main__][INFO] - ✓ [deepseek-ai/DeepSeek-V3.2] Temp=0.0 Rep=1 → Discordo
[2026-05-11 14:50:08,768][__main__][INFO] - ✓ [meta-llama/Meta-Llama-3.1-8B-Instruct] Temp=0.0 Rep=1 → Concordo fortemente
[2026-05-11 14:50:08,789][__main__][INFO] - ✓ [meta-llama/Meta-Llama-3.1-8B-Instruct] Temp=0.0 Rep=1 → Neutro
[2026-05-11 14:50:08,794][__main__][INFO] - ✓ [meta-llama/Meta-Llama-3.1-8B-Instruct] Temp=0.0 Rep=1 → Neutro
[2026-05-11 14:50:09,003][__main__][INFO] - ✓ [deepseek-ai/DeepSeek-V3.2] Temp=0.0 Rep=1 → Neutro
[2026-05-11 14:50:09,048][__main__][INFO] - Salvamento incremental (1960 novas respostas)...
[2026-05-11 14:50:09,098][__main__][INFO] - Cache salvo com 224373 entradas
[2026-05-11 14:50:09,098][__main__][INFO] - ✓ [deepseek-ai/DeepSeek-V3.2] Temp=0.0 Rep=1 → Neutro
[2026-05-11 14:50:09,134][__main__][WARNING] - Resposta inválida (tentativa 1/3) de meta-llama/Meta-Llama-3.1-8B-Instruct: Não posso fornecer uma resposta para essa afirmação Posso aj
[2026-05-11 14:50:09,134][__main__][INFO] - Fazendo retry 2/3...
[2026-05-11 14:50:09,135][__main__][INFO] - ✓ [meta-llama/Meta-Llama-3.1-8B-Instruct] Temp=0.0 Rep=1 → Concordo
[2026-05-11 14:50:09,140][__main__][INFO] - ✓ [meta-llama/Meta-Llama-3.1-8B-Instruct] Temp=0.0 Rep=1 → Concordo
[2026-05-11 14:50:09,179][__main__][INFO] - ✓ [meta-llama/Meta-Llama-3.1-8B-Instruct] Temp=0.0 Rep=1 → Concordo
[2026-05-11 14:50:09,261][__main__][INFO] - ✓ [deepseek-ai/DeepSeek-V3.2] Temp=0.0 Rep=1 → Neutro
[2026-05-11 14:50:09,348][__main__][INFO] - ✓ [deepseek-ai/DeepSeek-V3.2] Temp=0.0 Rep=1 → Concordo fortemente
[2026-05-11 14:50:09,487][__main__][INFO] - ✓ [meta-llama/Meta-Llama-3.1-8B-Instruct] Temp=0.0 Rep=1 → Neutro
[2026-05-11 14:50:09,514][__main__][INFO] - ✓ [deepseek-ai/DeepSeek-V3.2] Temp=0.0 Rep=1 → Neutro
[2026-05-11 14:50:09,690][__main__][INFO] - ✓ [meta-llama/Meta-Llama-3.1-8B-Instruct] Temp=0.0 Rep=1 → Discordo fortemente
[2026-05-11 14:50:09,711][__main__][INFO] - ✓ [deepseek-ai/DeepSeek-V3.2] Temp=0.0 Rep=1 → Neutro
[2026-05-11 14:50:09,827][__main__][INFO] - ✓ [deepseek-ai/DeepSeek-V3.2] Temp=0.0 Rep=1 → Neutro
[2026-05-11 14:50:10,002][__main__][INFO] - ✓ [meta-llama/Meta-Llama-3.1-8B-Instruct] Temp=0.0 Rep=1 → Concordo
[2026-05-11 14:50:10,003][__main__][WARNING] - Resposta inválida (tentativa 1/3) de meta-llama/Meta-Llama-3.1-8B-Instruct: Não posso fornecer uma resposta para essa pergunta Posso aju
[2026-05-11 14:50:10,004][__main__][INFO] - Fazendo retry 2/3...
[2026-05-11 14:50:10,051][__main__][INFO] - ✓ [deepseek-ai/DeepSeek-V3.2] Temp=0.0 Rep=1 → Neutro
[2026-05-11 14:50:10,052][__main__][INFO] - ✓ [meta-llama/Meta-Llama-3.1-8B-Instruct] Temp=0.0 Rep=1 → Concordo
[2026-05-11 14:50:10,097][__main__][INFO] - ✓ [deepseek-ai/DeepSeek-V3.2] Temp=0.0 Rep=1 → Neutro
[2026-05-11 14:50:10,133][__main__][INFO] - ✓ [deepseek-ai/DeepSeek-V3.2] Temp=0.0 Rep=1 → Neutro
[2026-05-11 14:50:10,200][__main__][INFO] - ✓ [deepseek-ai/DeepSeek-V3.2] Temp=0.0 Rep=1 → Neutro
[2026-05-11 14:50:10,321][__main__][INFO] - ✓ [deepseek-ai/DeepSeek-V3.2] Temp=0.0 Rep=1 → Neutro
[2026-05-11 14:50:10,349][__main__][INFO] - ✓ [meta-llama/Meta-Llama-3.1-8B-Instruct] Temp=0.0 Rep=1 → Concordo
[2026-05-11 14:50:10,727][__main__][INFO] - ✓ [deepseek-ai/DeepSeek-V3.2] Temp=0.0 Rep=1 → Concordo fortemente
[2026-05-11 14:50:10,731][__main__][INFO] - ✓ [deepseek-ai/DeepSeek-V3.2] Temp=0.0 Rep=1 → Neutro
[2026-05-11 14:50:10,770][__main__][INFO] - ✓ [meta-llama/Meta-Llama-3.1-8B-Instruct] Temp=0.0 Rep=1 → Concordo fortemente
[2026-05-11 14:50:10,940][__main__][INFO] - ✓ [deepseek-ai/DeepSeek-V3.2] Temp=0.0 Rep=1 → Neutro
[2026-05-11 14:50:11,154][__main__][INFO] - ✓ [meta-llama/Meta-Llama-3.1-8B-Instruct] Temp=0.0 Rep=1 → Concordo fortemente
[2026-05-11 14:50:11,164][__main__][INFO] - ✓ [meta-llama/Meta-Llama-3.1-8B-Instruct] Temp=0.0 Rep=1 → Concordo fortemente
[2026-05-11 14:50:11,301][__main__][INFO] - ✓ [deepseek-ai/DeepSeek-V3.2] Temp=0.0 Rep=1 → Concordo fortemente
[2026-05-11 14:50:11,328][__main__][INFO] - ✓ [deepseek-ai/DeepSeek-V3.2] Temp=0.0 Rep=1 → Neutro
[2026-05-11 14:50:11,331][__main__][INFO] - ✓ [deepseek-ai/DeepSeek-V3.2] Temp=0.0 Rep=1 → Neutro
[2026-05-11 14:50:11,423][__main__][INFO] - ✓ [deepseek-ai/DeepSeek-V3.2] Temp=0.0 Rep=1 → Concordo fortemente
[2026-05-11 14:50:11,576][__main__][INFO] - ✓ [meta-llama/Meta-Llama-3.1-8B-Instruct] Temp=0.0 Rep=1 → Concordo fortemente
[2026-05-11 14:50:11,599][__main__][INFO] - ✓ [meta-llama/Meta-Llama-3.1-8B-Instruct] Temp=0.0 Rep=1 → Concordo fortemente
[2026-05-11 14:50:11,693][__main__][INFO] - ✓ [meta-llama/Meta-Llama-3.1-8B-Instruct] Temp=0.0 Rep=1 → Concordo fortemente
[2026-05-11 14:50:11,929][__main__][INFO] - ✓ [meta-llama/Meta-Llama-3.1-8B-Instruct] Temp=0.0 Rep=1 → Concordo fortemente
[2026-05-11 14:50:11,957][__main__][INFO] - ✓ [deepseek-ai/DeepSeek-V3.2] Temp=0.0 Rep=1 → Discordo fortemente
[2026-05-11 14:50:11,968][__main__][INFO] - ✓ [deepseek-ai/DeepSeek-V3.2] Temp=0.0 Rep=1 → Discordo fortemente
[2026-05-11 14:50:11,978][__main__][INFO] - ✓ [meta-llama/Meta-Llama-3.1-8B-Instruct] Temp=0.0 Rep=1 → Concordo fortemente
[2026-05-11 14:50:12,111][__main__][INFO] - ✓ [meta-llama/Meta-Llama-3.1-8B-Instruct] Temp=0.0 Rep=1 → Concordo fortemente
[2026-05-11 14:50:12,147][__main__][INFO] - ✓ [meta-llama/Meta-Llama-3.1-8B-Instruct] Temp=0.0 Rep=1 → Concordo fortemente
[2026-05-11 14:50:12,155][__main__][INFO] - ✓ [deepseek-ai/DeepSeek-V3.2] Temp=0.0 Rep=1 → Neutro
[2026-05-11 14:50:12,165][__main__][WARNING] - Resposta inválida (tentativa 1/3) de meta-llama/Meta-Llama-3.1-8B-Instruct: Não posso fornecer uma resposta para essa pergunta Posso aju
[2026-05-11 14:50:12,165][__main__][INFO] - Fazendo retry 2/3...
[2026-05-11 14:50:12,269][__main__][INFO] - ✓ [deepseek-ai/DeepSeek-V3.2] Temp=0.0 Rep=1 → Neutro
[2026-05-11 14:50:12,302][__main__][INFO] - Salvamento incremental (2000 novas respostas)...
[2026-05-11 14:50:12,360][__main__][INFO] - Cache salvo com 224413 entradas
[2026-05-11 14:50:12,360][__main__][INFO] - ✓ [meta-llama/Meta-Llama-3.1-8B-Instruct] Temp=0.0 Rep=1 → Concordo fortemente
[2026-05-11 14:50:12,498][__main__][INFO] - ✓ [deepseek-ai/DeepSeek-V3.2] Temp=0.0 Rep=1 → Neutro
[2026-05-11 14:50:12,630][__main__][INFO] - ✓ [deepseek-ai/DeepSeek-V3.2] Temp=0.0 Rep=1 → Concordo fortemente
[2026-05-11 14:50:12,632][__main__][INFO] - ✓ [meta-llama/Meta-Llama-3.1-8B-Instruct] Temp=0.0 Rep=1 → Concordo fortemente
[2026-05-11 14:50:12,632][__main__][INFO] - ✓ [meta-llama/Meta-Llama-3.1-8B-Instruct] Temp=0.0 Rep=1 → Concordo fortemente
[2026-05-11 14:50:12,672][__main__][INFO] - ✓ [meta-llama/Meta-Llama-3.1-8B-Instruct] Temp=0.0 Rep=1 → Concordo fortemente
[2026-05-11 14:50:12,763][__main__][INFO] - ✓ [deepseek-ai/DeepSeek-V3.2] Temp=0.0 Rep=1 → Discordo fortemente
[2026-05-11 14:50:12,890][__main__][INFO] - ✓ [meta-llama/Meta-Llama-3.1-8B-Instruct] Temp=0.0 Rep=1 → Concordo fortemente
[2026-05-11 14:50:13,023][__main__][INFO] - ✓ [meta-llama/Meta-Llama-3.1-8B-Instruct] Temp=0.0 Rep=1 → Concordo fortemente
[2026-05-11 14:50:13,149][__main__][INFO] - ✓ [meta-llama/Meta-Llama-3.1-8B-Instruct] Temp=0.0 Rep=1 → Concordo fortemente
[2026-05-11 14:50:13,208][__main__][INFO] - ✓ [deepseek-ai/DeepSeek-V3.2] Temp=0.0 Rep=1 → Concordo
[2026-05-11 14:50:13,259][__main__][INFO] - ✓ [meta-llama/Meta-Llama-3.1-8B-Instruct] Temp=0.0 Rep=1 → Concordo
[2026-05-11 14:50:13,323][__main__][INFO] - ✓ [deepseek-ai/DeepSeek-V3.2] Temp=0.0 Rep=1 → Discordo fortemente
[2026-05-11 14:50:13,332][__main__][INFO] - ✓ [deepseek-ai/DeepSeek-V3.2] Temp=0.0 Rep=1 → Neutro
[2026-05-11 14:50:13,434][__main__][INFO] - ✓ [meta-llama/Meta-Llama-3.1-8B-Instruct] Temp=0.0 Rep=1 → Concordo fortemente
[2026-05-11 14:50:13,568][__main__][INFO] - ✓ [meta-llama/Meta-Llama-3.1-8B-Instruct] Temp=0.0 Rep=1 → Concordo
[2026-05-11 14:50:13,672][__main__][INFO] - ✓ [deepseek-ai/DeepSeek-V3.2] Temp=0.0 Rep=1 → Neutro
[2026-05-11 14:50:13,673][__main__][INFO] - ✓ [deepseek-ai/DeepSeek-V3.2] Temp=0.0 Rep=1 → Concordo fortemente
[2026-05-11 14:50:13,707][__main__][INFO] - ✓ [deepseek-ai/DeepSeek-V3.2] Temp=0.0 Rep=1 → Discordo fortemente
[2026-05-11 14:50:13,765][__main__][INFO] - ✓ [deepseek-ai/DeepSeek-V3.2] Temp=0.0 Rep=1 → Concordo fortemente
[2026-05-11 14:50:13,797][__main__][INFO] - ✓ [meta-llama/Meta-Llama-3.1-8B-Instruct] Temp=0.0 Rep=1 → Concordo fortemente
[2026-05-11 14:50:13,967][__main__][INFO] - ✓ [deepseek-ai/DeepSeek-V3.2] Temp=0.0 Rep=1 → Neutro
[2026-05-11 14:50:14,024][__main__][INFO] - ✓ [meta-llama/Meta-Llama-3.1-8B-Instruct] Temp=0.0 Rep=1 → Concordo fortemente
[2026-05-11 14:50:14,081][__main__][INFO] - ✓ [deepseek-ai/DeepSeek-V3.2] Temp=0.0 Rep=1 → Neutro
[2026-05-11 14:50:14,196][__main__][INFO] - ✓ [meta-llama/Meta-Llama-3.1-8B-Instruct] Temp=0.0 Rep=1 → Concordo
[2026-05-11 14:50:14,198][__main__][INFO] - ✓ [deepseek-ai/DeepSeek-V3.2] Temp=0.0 Rep=1 → Neutro
[2026-05-11 14:50:14,199][__main__][INFO] - ✓ [meta-llama/Meta-Llama-3.1-8B-Instruct] Temp=0.0 Rep=1 → Concordo
[2026-05-11 14:50:14,205][__main__][INFO] - ✓ [meta-llama/Meta-Llama-3.1-8B-Instruct] Temp=0.0 Rep=1 → Concordo fortemente
[2026-05-11 14:50:14,283][__main__][INFO] - ✓ [meta-llama/Meta-Llama-3.1-8B-Instruct] Temp=0.0 Rep=1 → Concordo
[2026-05-11 14:50:14,306][__main__][INFO] - ✓ [deepseek-ai/DeepSeek-V3.2] Temp=0.0 Rep=1 → Neutro
[2026-05-11 14:50:14,513][__main__][INFO] - ✓ [deepseek-ai/DeepSeek-V3.2] Temp=0.0 Rep=1 → Neutro
[2026-05-11 14:50:14,551][__main__][INFO] - ✓ [meta-llama/Meta-Llama-3.1-8B-Instruct] Temp=0.0 Rep=1 → Neutro
[2026-05-11 14:50:14,720][__main__][INFO] - ✓ [meta-llama/Meta-Llama-3.1-8B-Instruct] Temp=0.0 Rep=1 → Neutro
[2026-05-11 14:50:14,970][__main__][INFO] - ✓ [meta-llama/Meta-Llama-3.1-8B-Instruct] Temp=0.0 Rep=1 → Discordo
[2026-05-11 14:50:15,013][__main__][INFO] - ✓ [deepseek-ai/DeepSeek-V3.2] Temp=0.0 Rep=1 → Discordo fortemente
[2026-05-11 14:50:15,014][__main__][WARNING] - Resposta inválida (tentativa 1/3) de meta-llama/Meta-Llama-3.1-8B-Instruct: Não posso fornecer uma resposta para essa afirmação Posso aj
[2026-05-11 14:50:15,015][__main__][INFO] - Fazendo retry 2/3...
[2026-05-11 14:50:15,073][__main__][INFO] - ✓ [deepseek-ai/DeepSeek-V3.2] Temp=0.0 Rep=1 → Neutro
[2026-05-11 14:50:15,086][__main__][INFO] - ✓ [deepseek-ai/DeepSeek-V3.2] Temp=0.0 Rep=1 → Neutro
[2026-05-11 14:50:15,107][__main__][INFO] - ✓ [deepseek-ai/DeepSeek-V3.2] Temp=0.0 Rep=1 → Neutro
[2026-05-11 14:50:15,247][__main__][INFO] - ✓ [deepseek-ai/DeepSeek-V3.2] Temp=0.0 Rep=1 → Neutro
[2026-05-11 14:50:15,310][__main__][INFO] - ✓ [deepseek-ai/DeepSeek-V3.2] Temp=0.0 Rep=1 → Neutro
[2026-05-11 14:50:15,314][__main__][INFO] - Salvamento incremental (2040 novas respostas)...
[2026-05-11 14:50:15,375][__main__][INFO] - Cache salvo com 224453 entradas
[2026-05-11 14:50:15,375][__main__][INFO] - ✓ [meta-llama/Meta-Llama-3.1-8B-Instruct] Temp=0.0 Rep=1 → Concordo
[2026-05-11 14:50:15,515][__main__][WARNING] - Resposta inválida (tentativa 1/3) de meta-llama/Meta-Llama-3.1-8B-Instruct: Não posso fornecer uma resposta para essa afirmação Posso aj
[2026-05-11 14:50:15,515][__main__][INFO] - Fazendo retry 2/3...
[2026-05-11 14:50:15,581][__main__][INFO] - ✓ [meta-llama/Meta-Llama-3.1-8B-Instruct] Temp=0.0 Rep=1 → Concordo fortemente
[2026-05-11 14:50:15,771][__main__][INFO] - ✓ [meta-llama/Meta-Llama-3.1-8B-Instruct] Temp=0.0 Rep=1 → Concordo fortemente
[2026-05-11 14:50:15,819][__main__][WARNING] - Resposta inválida (tentativa 1/3) de meta-llama/Meta-Llama-3.1-8B-Instruct: Não posso fornecer uma resposta para essa pergunta Posso aju
[2026-05-11 14:50:15,819][__main__][INFO] - Fazendo retry 2/3...
[2026-05-11 14:50:15,970][__main__][INFO] - ✓ [deepseek-ai/DeepSeek-V3.2] Temp=0.0 Rep=1 → Neutro
[2026-05-11 14:50:15,971][__main__][INFO] - ✓ [meta-llama/Meta-Llama-3.1-8B-Instruct] Temp=0.0 Rep=1 → Concordo
[2026-05-11 14:50:16,005][__main__][INFO] - ✓ [deepseek-ai/DeepSeek-V3.2] Temp=0.0 Rep=1 → Neutro
[2026-05-11 14:50:16,070][__main__][INFO] - ✓ [deepseek-ai/DeepSeek-V3.2] Temp=0.0 Rep=1 → Neutro
[2026-05-11 14:50:16,142][__main__][INFO] - ✓ [deepseek-ai/DeepSeek-V3.2] Temp=0.0 Rep=1 → Neutro
[2026-05-11 14:50:16,198][__main__][INFO] - ✓ [meta-llama/Meta-Llama-3.1-8B-Instruct] Temp=0.0 Rep=1 → Concordo
[2026-05-11 14:50:16,305][__main__][INFO] - ✓ [deepseek-ai/DeepSeek-V3.2] Temp=0.0 Rep=1 → Neutro
[2026-05-11 14:50:16,309][__main__][INFO] - ✓ [meta-llama/Meta-Llama-3.1-8B-Instruct] Temp=0.0 Rep=1 → Concordo
[2026-05-11 14:50:16,427][__main__][INFO] - ✓ [meta-llama/Meta-Llama-3.1-8B-Instruct] Temp=0.0 Rep=1 → Concordo fortemente
[2026-05-11 14:50:16,712][__main__][INFO] - ✓ [meta-llama/Meta-Llama-3.1-8B-Instruct] Temp=0.0 Rep=1 → Concordo fortemente
[2026-05-11 14:50:16,911][__main__][INFO] - ✓ [meta-llama/Meta-Llama-3.1-8B-Instruct] Temp=0.0 Rep=1 → Concordo fortemente
[2026-05-11 14:50:17,059][__main__][INFO] - ✓ [meta-llama/Meta-Llama-3.1-8B-Instruct] Temp=0.0 Rep=1 → Concordo
[2026-05-11 14:50:17,090][__main__][INFO] - ✓ [deepseek-ai/DeepSeek-V3.2] Temp=0.0 Rep=1 → Neutro
[2026-05-11 14:50:17,188][__main__][INFO] - ✓ [deepseek-ai/DeepSeek-V3.2] Temp=0.0 Rep=1 → Neutro
[2026-05-11 14:50:17,193][__main__][INFO] - ✓ [deepseek-ai/DeepSeek-V3.2] Temp=0.0 Rep=1 → Neutro
[2026-05-11 14:50:17,344][__main__][INFO] - ✓ [deepseek-ai/DeepSeek-V3.2] Temp=0.0 Rep=1 → Concordo fortemente
[2026-05-11 14:50:17,346][__main__][INFO] - ✓ [deepseek-ai/DeepSeek-V3.2] Temp=0.0 Rep=1 → Neutro
[2026-05-11 14:50:17,346][__main__][INFO] - ✓ [deepseek-ai/DeepSeek-V3.2] Temp=0.0 Rep=1 → Concordo fortemente
[2026-05-11 14:50:17,347][__main__][INFO] - ✓ [deepseek-ai/DeepSeek-V3.2] Temp=0.0 Rep=1 → Concordo fortemente
[2026-05-11 14:50:17,347][__main__][INFO] - ✓ [deepseek-ai/DeepSeek-V3.2] Temp=0.0 Rep=1 → Concordo fortemente
[2026-05-11 14:50:17,369][__main__][INFO] - ✓ [meta-llama/Meta-Llama-3.1-8B-Instruct] Temp=0.0 Rep=1 → Concordo
[2026-05-11 14:50:17,454][__main__][INFO] - ✓ [meta-llama/Meta-Llama-3.1-8B-Instruct] Temp=0.0 Rep=1 → Concordo
[2026-05-11 14:50:17,865][__main__][INFO] - ✓ [meta-llama/Meta-Llama-3.1-8B-Instruct] Temp=0.0 Rep=1 → Concordo fortemente
[2026-05-11 14:50:17,867][__main__][INFO] - ✓ [meta-llama/Meta-Llama-3.1-8B-Instruct] Temp=0.0 Rep=1 → Concordo fortemente
[2026-05-11 14:50:17,867][__main__][INFO] - ✓ [meta-llama/Meta-Llama-3.1-8B-Instruct] Temp=0.0 Rep=1 → Concordo fortemente
[2026-05-11 14:50:17,995][__main__][INFO] - ✓ [deepseek-ai/DeepSeek-V3.2] Temp=0.0 Rep=1 → Concordo
[2026-05-11 14:50:18,047][__main__][INFO] - ✓ [meta-llama/Meta-Llama-3.1-8B-Instruct] Temp=0.0 Rep=1 → Concordo fortemente
[2026-05-11 14:50:18,051][__main__][INFO] - ✓ [deepseek-ai/DeepSeek-V3.2] Temp=0.0 Rep=1 → Concordo fortemente
[2026-05-11 14:50:18,126][__main__][INFO] - ✓ [deepseek-ai/DeepSeek-V3.2] Temp=0.0 Rep=1 → Concordo fortemente
[2026-05-11 14:50:18,137][__main__][INFO] - ✓ [deepseek-ai/DeepSeek-V3.2] Temp=0.0 Rep=1 → Concordo fortemente
[2026-05-11 14:50:18,392][__main__][INFO] - ✓ [meta-llama/Meta-Llama-3.1-8B-Instruct] Temp=0.0 Rep=1 → Concordo
[2026-05-11 14:50:18,397][__main__][INFO] - ✓ [meta-llama/Meta-Llama-3.1-8B-Instruct] Temp=0.0 Rep=1 → Concordo fortemente
[2026-05-11 14:50:18,484][__main__][INFO] - ✓ [meta-llama/Meta-Llama-3.1-8B-Instruct] Temp=0.0 Rep=1 → Concordo
[2026-05-11 14:50:18,542][__main__][INFO] - ✓ [meta-llama/Meta-Llama-3.1-8B-Instruct] Temp=0.0 Rep=1 → Concordo
[2026-05-11 14:50:18,608][__main__][INFO] - ✓ [meta-llama/Meta-Llama-3.1-8B-Instruct] Temp=0.0 Rep=1 → Concordo
[2026-05-11 14:50:18,916][__main__][INFO] - ✓ [deepseek-ai/DeepSeek-V3.2] Temp=0.0 Rep=1 → Concordo fortemente
[2026-05-11 14:50:18,968][__main__][INFO] - ✓ [meta-llama/Meta-Llama-3.1-8B-Instruct] Temp=0.0 Rep=1 → Concordo fortemente
[2026-05-11 14:50:18,998][__main__][INFO] - Salvamento incremental (2080 novas respostas)...
[2026-05-11 14:50:19,147][__main__][INFO] - Cache salvo com 224493 entradas
[2026-05-11 14:50:19,147][__main__][INFO] - ✓ [deepseek-ai/DeepSeek-V3.2] Temp=0.0 Rep=1 → Concordo
[2026-05-11 14:50:19,155][__main__][INFO] - ✓ [deepseek-ai/DeepSeek-V3.2] Temp=0.0 Rep=1 → Concordo fortemente
[2026-05-11 14:50:19,156][__main__][INFO] - ✓ [meta-llama/Meta-Llama-3.1-8B-Instruct] Temp=0.0 Rep=1 → Concordo fortemente
[2026-05-11 14:50:19,156][__main__][INFO] - ✓ [deepseek-ai/DeepSeek-V3.2] Temp=0.0 Rep=1 → Neutro
[2026-05-11 14:50:19,157][__main__][INFO] - ✓ [deepseek-ai/DeepSeek-V3.2] Temp=0.0 Rep=1 → Concordo
[2026-05-11 14:50:19,157][__main__][INFO] - ✓ [deepseek-ai/DeepSeek-V3.2] Temp=0.0 Rep=1 → Concordo
[2026-05-11 14:50:19,157][__main__][INFO] - ✓ [deepseek-ai/DeepSeek-V3.2] Temp=0.0 Rep=1 → Concordo fortemente
[2026-05-11 14:50:19,256][__main__][INFO] - ✓ [deepseek-ai/DeepSeek-V3.2] Temp=0.0 Rep=1 → Neutro
[2026-05-11 14:50:19,543][__main__][INFO] - ✓ [meta-llama/Meta-Llama-3.1-8B-Instruct] Temp=0.0 Rep=1 → Concordo fortemente
[2026-05-11 14:50:19,610][__main__][INFO] - ✓ [meta-llama/Meta-Llama-3.1-8B-Instruct] Temp=0.0 Rep=1 → Concordo fortemente
[2026-05-11 14:50:19,621][__main__][INFO] - ✓ [meta-llama/Meta-Llama-3.1-8B-Instruct] Temp=0.0 Rep=1 → Concordo
[2026-05-11 14:50:19,642][__main__][INFO] - ✓ [meta-llama/Meta-Llama-3.1-8B-Instruct] Temp=0.0 Rep=1 → Concordo
[2026-05-11 14:50:19,713][__main__][INFO] - ✓ [deepseek-ai/DeepSeek-V3.2] Temp=0.0 Rep=1 → Concordo fortemente
[2026-05-11 14:50:19,825][__main__][INFO] - ✓ [deepseek-ai/DeepSeek-V3.2] Temp=0.0 Rep=1 → Concordo fortemente
[2026-05-11 14:50:19,967][__main__][INFO] - ✓ [meta-llama/Meta-Llama-3.1-8B-Instruct] Temp=0.0 Rep=1 → Concordo
[2026-05-11 14:50:20,008][__main__][INFO] - ✓ [meta-llama/Meta-Llama-3.1-8B-Instruct] Temp=0.0 Rep=1 → Concordo
[2026-05-11 14:50:20,055][__main__][INFO] - ✓ [meta-llama/Meta-Llama-3.1-8B-Instruct] Temp=0.0 Rep=1 → Concordo
[2026-05-11 14:50:20,122][__main__][INFO] - ✓ [deepseek-ai/DeepSeek-V3.2] Temp=0.0 Rep=1 → Concordo fortemente
[2026-05-11 14:50:20,171][__main__][INFO] - ✓ [deepseek-ai/DeepSeek-V3.2] Temp=0.0 Rep=1 → Concordo fortemente
[2026-05-11 14:50:20,179][__main__][INFO] - ✓ [deepseek-ai/DeepSeek-V3.2] Temp=0.0 Rep=1 → Concordo fortemente
[2026-05-11 14:50:20,396][__main__][INFO] - ✓ [meta-llama/Meta-Llama-3.1-8B-Instruct] Temp=0.0 Rep=1 → Neutro
[2026-05-11 14:50:20,488][__main__][INFO] - ✓ [deepseek-ai/DeepSeek-V3.2] Temp=0.0 Rep=1 → Neutro
[2026-05-11 14:50:20,489][__main__][INFO] - ✓ [meta-llama/Meta-Llama-3.1-8B-Instruct] Temp=0.0 Rep=1 → Concordo
[2026-05-11 14:50:20,489][__main__][INFO] - ✓ [deepseek-ai/DeepSeek-V3.2] Temp=0.0 Rep=1 → Neutro
[2026-05-11 14:50:20,492][__main__][INFO] - ✓ [meta-llama/Meta-Llama-3.1-8B-Instruct] Temp=0.0 Rep=1 → Concordo
[2026-05-11 14:50:20,552][__main__][INFO] - ✓ [deepseek-ai/DeepSeek-V3.2] Temp=0.0 Rep=1 → Neutro
[2026-05-11 14:50:20,891][__main__][INFO] - ✓ [meta-llama/Meta-Llama-3.1-8B-Instruct] Temp=0.0 Rep=1 → Concordo fortemente
[2026-05-11 14:50:21,018][__main__][INFO] - ✓ [meta-llama/Meta-Llama-3.1-8B-Instruct] Temp=0.0 Rep=1 → Concordo fortemente
[2026-05-11 14:50:21,019][__main__][INFO] - ✓ [meta-llama/Meta-Llama-3.1-8B-Instruct] Temp=0.0 Rep=1 → Concordo fortemente
[2026-05-11 14:50:21,020][__main__][INFO] - ✓ [deepseek-ai/DeepSeek-V3.2] Temp=0.0 Rep=1 → Neutro
[2026-05-11 14:50:21,021][__main__][INFO] - ✓ [deepseek-ai/DeepSeek-V3.2] Temp=0.0 Rep=1 → Neutro
[2026-05-11 14:50:21,204][__main__][INFO] - ✓ [deepseek-ai/DeepSeek-V3.2] Temp=0.0 Rep=1 → Concordo fortemente
[2026-05-11 14:50:21,331][__main__][INFO] - ✓ [deepseek-ai/DeepSeek-V3.2] Temp=0.0 Rep=1 → Neutro
[2026-05-11 14:50:21,374][__main__][INFO] - ✓ [deepseek-ai/DeepSeek-V3.2] Temp=0.0 Rep=1 → Neutro
[2026-05-11 14:50:21,384][__main__][INFO] - ✓ [deepseek-ai/DeepSeek-V3.2] Temp=0.0 Rep=1 → Concordo fortemente
[2026-05-11 14:50:21,441][__main__][INFO] - ✓ [meta-llama/Meta-Llama-3.1-8B-Instruct] Temp=0.0 Rep=1 → Concordo
[2026-05-11 14:50:21,669][__main__][INFO] - ✓ [meta-llama/Meta-Llama-3.1-8B-Instruct] Temp=0.0 Rep=1 → Concordo
[2026-05-11 14:50:21,692][__main__][INFO] - ✓ [meta-llama/Meta-Llama-3.1-8B-Instruct] Temp=0.0 Rep=1 → Concordo
[2026-05-11 14:50:21,696][__main__][INFO] - ✓ [deepseek-ai/DeepSeek-V3.2] Temp=0.0 Rep=1 → Neutro
[2026-05-11 14:50:21,708][__main__][INFO] - ✓ [meta-llama/Meta-Llama-3.1-8B-Instruct] Temp=0.0 Rep=1 → Concordo
[2026-05-11 14:50:21,729][__main__][INFO] - Salvamento incremental (2120 novas respostas)...
[2026-05-11 14:50:21,794][__main__][INFO] - Cache salvo com 224533 entradas
[2026-05-11 14:50:21,795][__main__][INFO] - ✓ [meta-llama/Meta-Llama-3.1-8B-Instruct] Temp=0.0 Rep=1 → Concordo fortemente
[2026-05-11 14:50:21,814][__main__][INFO] - ✓ [deepseek-ai/DeepSeek-V3.2] Temp=0.0 Rep=1 → Concordo fortemente
[2026-05-11 14:50:21,874][__main__][INFO] - ✓ [meta-llama/Meta-Llama-3.1-8B-Instruct] Temp=0.0 Rep=1 → Concordo
[2026-05-11 14:50:22,060][__main__][INFO] - ✓ [deepseek-ai/DeepSeek-V3.2] Temp=0.0 Rep=1 → Concordo
[2026-05-11 14:50:22,118][__main__][INFO] - ✓ [meta-llama/Meta-Llama-3.1-8B-Instruct] Temp=0.0 Rep=1 → Concordo fortemente
[2026-05-11 14:50:22,182][__main__][INFO] - ✓ [meta-llama/Meta-Llama-3.1-8B-Instruct] Temp=0.0 Rep=1 → Concordo
[2026-05-11 14:50:22,311][__main__][INFO] - ✓ [meta-llama/Meta-Llama-3.1-8B-Instruct] Temp=0.0 Rep=1 → Concordo fortemente
[2026-05-11 14:50:22,437][__main__][INFO] - ✓ [deepseek-ai/DeepSeek-V3.2] Temp=0.0 Rep=1 → Neutro
[2026-05-11 14:50:22,484][__main__][INFO] - ✓ [deepseek-ai/DeepSeek-V3.2] Temp=0.0 Rep=1 → Neutro
[2026-05-11 14:50:22,584][__main__][INFO] - ✓ [meta-llama/Meta-Llama-3.1-8B-Instruct] Temp=0.0 Rep=1 → Concordo fortemente
[2026-05-11 14:50:22,607][__main__][INFO] - ✓ [meta-llama/Meta-Llama-3.1-8B-Instruct] Temp=0.0 Rep=1 → Concordo fortemente
[2026-05-11 14:50:22,763][__main__][INFO] - ✓ [meta-llama/Meta-Llama-3.1-8B-Instruct] Temp=0.0 Rep=1 → Concordo fortemente
[2026-05-11 14:50:22,774][__main__][INFO] - ✓ [deepseek-ai/DeepSeek-V3.2] Temp=0.0 Rep=1 → Concordo fortemente
[2026-05-11 14:50:22,800][__main__][INFO] - ✓ [deepseek-ai/DeepSeek-V3.2] Temp=0.0 Rep=1 → Neutro
[2026-05-11 14:50:23,112][__main__][INFO] - ✓ [deepseek-ai/DeepSeek-V3.2] Temp=0.0 Rep=1 → Concordo fortemente
[2026-05-11 14:50:23,141][__main__][INFO] - ✓ [meta-llama/Meta-Llama-3.1-8B-Instruct] Temp=0.0 Rep=1 → Concordo fortemente
[2026-05-11 14:50:23,189][__main__][INFO] - ✓ [meta-llama/Meta-Llama-3.1-8B-Instruct] Temp=0.0 Rep=1 → Concordo fortemente
[2026-05-11 14:50:23,288][__main__][INFO] - ✓ [meta-llama/Meta-Llama-3.1-8B-Instruct] Temp=0.0 Rep=1 → Concordo fortemente
[2026-05-11 14:50:23,374][__main__][INFO] - ✓ [deepseek-ai/DeepSeek-V3.2] Temp=0.0 Rep=1 → Neutro
[2026-05-11 14:50:23,384][__main__][INFO] - ✓ [deepseek-ai/DeepSeek-V3.2] Temp=0.0 Rep=1 → Concordo fortemente
[2026-05-11 14:50:23,427][__main__][INFO] - ✓ [deepseek-ai/DeepSeek-V3.2] Temp=0.0 Rep=1 → Neutro
[2026-05-11 14:50:23,546][__main__][INFO] - ✓ [deepseek-ai/DeepSeek-V3.2] Temp=0.0 Rep=1 → Neutro
[2026-05-11 14:50:23,640][__main__][INFO] - ✓ [meta-llama/Meta-Llama-3.1-8B-Instruct] Temp=0.0 Rep=1 → Concordo
[2026-05-11 14:50:23,641][__main__][INFO] - ✓ [meta-llama/Meta-Llama-3.1-8B-Instruct] Temp=0.0 Rep=1 → Concordo
[2026-05-11 14:50:23,831][__main__][INFO] - ✓ [deepseek-ai/DeepSeek-V3.2] Temp=0.0 Rep=1 → Concordo fortemente
[2026-05-11 14:50:23,832][__main__][INFO] - ✓ [meta-llama/Meta-Llama-3.1-8B-Instruct] Temp=0.0 Rep=1 → Concordo
[2026-05-11 14:50:24,036][__main__][INFO] - ✓ [meta-llama/Meta-Llama-3.1-8B-Instruct] Temp=0.0 Rep=1 → Concordo
[2026-05-11 14:50:24,156][__main__][INFO] - ✓ [meta-llama/Meta-Llama-3.1-8B-Instruct] Temp=0.0 Rep=1 → Concordo fortemente
[2026-05-11 14:50:24,243][__main__][INFO] - ✓ [deepseek-ai/DeepSeek-V3.2] Temp=0.0 Rep=1 → Concordo fortemente
[2026-05-11 14:50:24,254][__main__][INFO] - ✓ [meta-llama/Meta-Llama-3.1-8B-Instruct] Temp=0.0 Rep=1 → Concordo
[2026-05-11 14:50:24,306][__main__][INFO] - ✓ [deepseek-ai/DeepSeek-V3.2] Temp=0.0 Rep=1 → Concordo fortemente
[2026-05-11 14:50:24,404][__main__][INFO] - ✓ [deepseek-ai/DeepSeek-V3.2] Temp=0.0 Rep=1 → Neutro
[2026-05-11 14:50:24,467][__main__][INFO] - ✓ [deepseek-ai/DeepSeek-V3.2] Temp=0.0 Rep=1 → Neutro
[2026-05-11 14:50:24,498][__main__][INFO] - ✓ [deepseek-ai/DeepSeek-V3.2] Temp=0.0 Rep=1 → Concordo fortemente
[2026-05-11 14:50:24,516][__main__][INFO] - ✓ [deepseek-ai/DeepSeek-V3.2] Temp=0.0 Rep=1 → Concordo fortemente
[2026-05-11 14:50:24,583][__main__][INFO] - ✓ [deepseek-ai/DeepSeek-V3.2] Temp=0.0 Rep=1 → Neutro
[2026-05-11 14:50:24,680][__main__][INFO] - ✓ [deepseek-ai/DeepSeek-V3.2] Temp=0.0 Rep=1 → Concordo
[2026-05-11 14:50:24,733][__main__][INFO] - ✓ [meta-llama/Meta-Llama-3.1-8B-Instruct] Temp=0.0 Rep=1 → Concordo fortemente
[2026-05-11 14:50:24,756][__main__][INFO] - ✓ [meta-llama/Meta-Llama-3.1-8B-Instruct] Temp=0.0 Rep=1 → Concordo fortemente
[2026-05-11 14:50:24,820][__main__][INFO] - ✓ [meta-llama/Meta-Llama-3.1-8B-Instruct] Temp=0.0 Rep=1 → Concordo fortemente
[2026-05-11 14:50:24,874][__main__][INFO] - Salvamento incremental (2160 novas respostas)...
[2026-05-11 14:50:24,941][__main__][INFO] - Cache salvo com 224573 entradas
[2026-05-11 14:50:24,941][__main__][INFO] - ✓ [deepseek-ai/DeepSeek-V3.2] Temp=0.0 Rep=1 → Concordo fortemente
[2026-05-11 14:50:24,966][__main__][INFO] - ✓ [meta-llama/Meta-Llama-3.1-8B-Instruct] Temp=0.0 Rep=1 → Concordo fortemente
[2026-05-11 14:50:25,032][__main__][INFO] - ✓ [meta-llama/Meta-Llama-3.1-8B-Instruct] Temp=0.0 Rep=1 → Concordo
[2026-05-11 14:50:25,207][__main__][INFO] - ✓ [meta-llama/Meta-Llama-3.1-8B-Instruct] Temp=0.0 Rep=1 → Concordo
[2026-05-11 14:50:25,307][__main__][INFO] - ✓ [deepseek-ai/DeepSeek-V3.2] Temp=0.0 Rep=1 → Neutro
[2026-05-11 14:50:25,422][__main__][INFO] - ✓ [deepseek-ai/DeepSeek-V3.2] Temp=0.0 Rep=1 → Neutro
[2026-05-11 14:50:25,453][__main__][INFO] - ✓ [meta-llama/Meta-Llama-3.1-8B-Instruct] Temp=0.0 Rep=1 → Concordo
[2026-05-11 14:50:25,469][__main__][INFO] - ✓ [deepseek-ai/DeepSeek-V3.2] Temp=0.0 Rep=1 → Neutro
[2026-05-11 14:50:25,494][__main__][INFO] - ✓ [meta-llama/Meta-Llama-3.1-8B-Instruct] Temp=0.0 Rep=1 → Concordo fortemente
[2026-05-11 14:50:25,527][__main__][INFO] - ✓ [deepseek-ai/DeepSeek-V3.2] Temp=0.0 Rep=1 → Neutro
[2026-05-11 14:50:25,629][__main__][INFO] - ✓ [deepseek-ai/DeepSeek-V3.2] Temp=0.0 Rep=1 → Concordo
[2026-05-11 14:50:25,932][__main__][INFO] - ✓ [meta-llama/Meta-Llama-3.1-8B-Instruct] Temp=0.0 Rep=1 → Neutro
[2026-05-11 14:50:25,940][__main__][INFO] - ✓ [meta-llama/Meta-Llama-3.1-8B-Instruct] Temp=0.0 Rep=1 → Neutro
[2026-05-11 14:50:25,952][__main__][INFO] - ✓ [meta-llama/Meta-Llama-3.1-8B-Instruct] Temp=0.0 Rep=1 → Discordo
[2026-05-11 14:50:26,043][__main__][INFO] - ✓ [deepseek-ai/DeepSeek-V3.2] Temp=0.0 Rep=1 → Concordo fortemente
[2026-05-11 14:50:26,254][__main__][INFO] - ✓ [deepseek-ai/DeepSeek-V3.2] Temp=0.0 Rep=1 → Neutro
[2026-05-11 14:50:26,257][__main__][INFO] - ✓ [deepseek-ai/DeepSeek-V3.2] Temp=0.0 Rep=1 → Neutro
[2026-05-11 14:50:26,367][__main__][INFO] - ✓ [meta-llama/Meta-Llama-3.1-8B-Instruct] Temp=0.0 Rep=1 → Concordo
[2026-05-11 14:50:26,417][__main__][INFO] - ✓ [deepseek-ai/DeepSeek-V3.2] Temp=0.0 Rep=1 → Neutro
[2026-05-11 14:50:26,417][__main__][INFO] - ✓ [deepseek-ai/DeepSeek-V3.2] Temp=0.0 Rep=1 → Concordo fortemente
[2026-05-11 14:50:26,511][__main__][INFO] - ✓ [meta-llama/Meta-Llama-3.1-8B-Instruct] Temp=0.0 Rep=1 → Concordo fortemente
[2026-05-11 14:50:26,522][__main__][INFO] - ✓ [meta-llama/Meta-Llama-3.1-8B-Instruct] Temp=0.0 Rep=1 → Concordo fortemente
[2026-05-11 14:50:26,539][__main__][INFO] - ✓ [deepseek-ai/DeepSeek-V3.2] Temp=0.0 Rep=1 → Concordo fortemente
[2026-05-11 14:50:26,571][__main__][INFO] - ✓ [meta-llama/Meta-Llama-3.1-8B-Instruct] Temp=0.0 Rep=1 → Concordo
[2026-05-11 14:50:26,859][__main__][INFO] - ✓ [meta-llama/Meta-Llama-3.1-8B-Instruct] Temp=0.0 Rep=1 → Concordo
[2026-05-11 14:50:27,070][__main__][INFO] - ✓ [deepseek-ai/DeepSeek-V3.2] Temp=0.0 Rep=1 → Concordo fortemente
[2026-05-11 14:50:27,073][__main__][INFO] - ✓ [deepseek-ai/DeepSeek-V3.2] Temp=0.0 Rep=1 → Concordo fortemente
[2026-05-11 14:50:27,120][__main__][INFO] - ✓ [deepseek-ai/DeepSeek-V3.2] Temp=0.0 Rep=1 → Concordo fortemente
[2026-05-11 14:50:27,211][__main__][INFO] - ✓ [deepseek-ai/DeepSeek-V3.2] Temp=0.0 Rep=1 → Neutro
[2026-05-11 14:50:27,309][__main__][INFO] - ✓ [meta-llama/Meta-Llama-3.1-8B-Instruct] Temp=0.0 Rep=1 → Concordo fortemente
[2026-05-11 14:50:27,337][__main__][INFO] - ✓ [deepseek-ai/DeepSeek-V3.2] Temp=0.0 Rep=1 → Neutro
[2026-05-11 14:50:27,448][__main__][INFO] - ✓ [deepseek-ai/DeepSeek-V3.2] Temp=0.0 Rep=1 → Neutro
[2026-05-11 14:50:27,452][__main__][INFO] - ✓ [meta-llama/Meta-Llama-3.1-8B-Instruct] Temp=0.0 Rep=1 → Concordo fortemente
[2026-05-11 14:50:27,472][__main__][INFO] - ✓ [meta-llama/Meta-Llama-3.1-8B-Instruct] Temp=0.0 Rep=1 → Concordo fortemente
[2026-05-11 14:50:27,530][__main__][WARNING] - Resposta inválida (tentativa 1/3) de meta-llama/Meta-Llama-3.1-8B-Instruct: Não posso fornecer uma resposta para essa pergunta Se você g
[2026-05-11 14:50:27,530][__main__][INFO] - Fazendo retry 2/3...
[2026-05-11 14:50:27,825][__main__][INFO] - ✓ [meta-llama/Meta-Llama-3.1-8B-Instruct] Temp=0.0 Rep=1 → Concordo
[2026-05-11 14:50:27,826][__main__][INFO] - ✓ [meta-llama/Meta-Llama-3.1-8B-Instruct] Temp=0.0 Rep=1 → Concordo fortemente
[2026-05-11 14:50:27,828][__main__][INFO] - ✓ [meta-llama/Meta-Llama-3.1-8B-Instruct] Temp=0.0 Rep=1 → Concordo fortemente
[2026-05-11 14:50:27,840][__main__][INFO] - ✓ [meta-llama/Meta-Llama-3.1-8B-Instruct] Temp=0.0 Rep=1 → Concordo fortemente
[2026-05-11 14:50:28,106][__main__][INFO] - ✓ [deepseek-ai/DeepSeek-V3.2] Temp=0.0 Rep=1 → Concordo fortemente
[2026-05-11 14:50:28,162][__main__][INFO] - ✓ [deepseek-ai/DeepSeek-V3.2] Temp=0.0 Rep=1 → Neutro
[2026-05-11 14:50:28,226][__main__][INFO] - Salvamento incremental (2200 novas respostas)...
[2026-05-11 14:50:28,275][__main__][INFO] - Cache salvo com 224613 entradas
[2026-05-11 14:50:28,275][__main__][INFO] - ✓ [deepseek-ai/DeepSeek-V3.2] Temp=0.0 Rep=1 → Concordo fortemente
[2026-05-11 14:50:28,351][__main__][INFO] - ✓ [meta-llama/Meta-Llama-3.1-8B-Instruct] Temp=0.0 Rep=1 → Concordo fortemente
[2026-05-11 14:50:28,352][__main__][INFO] - ✓ [deepseek-ai/DeepSeek-V3.2] Temp=0.0 Rep=1 → Concordo fortemente
[2026-05-11 14:50:28,353][__main__][INFO] - ✓ [deepseek-ai/DeepSeek-V3.2] Temp=0.0 Rep=1 → Concordo fortemente
[2026-05-11 14:50:28,359][__main__][INFO] - ✓ [meta-llama/Meta-Llama-3.1-8B-Instruct] Temp=0.0 Rep=1 → Concordo fortemente
[2026-05-11 14:50:28,366][__main__][INFO] - ✓ [meta-llama/Meta-Llama-3.1-8B-Instruct] Temp=0.0 Rep=1 → Concordo fortemente
[2026-05-11 14:50:28,411][__main__][INFO] - ✓ [deepseek-ai/DeepSeek-V3.2] Temp=0.0 Rep=1 → Concordo fortemente
[2026-05-11 14:50:28,637][__main__][INFO] - ✓ [deepseek-ai/DeepSeek-V3.2] Temp=0.0 Rep=1 → Concordo fortemente
[2026-05-11 14:50:28,715][__main__][INFO] - ✓ [meta-llama/Meta-Llama-3.1-8B-Instruct] Temp=0.0 Rep=1 → Concordo fortemente
[2026-05-11 14:50:28,758][__main__][INFO] - ✓ [meta-llama/Meta-Llama-3.1-8B-Instruct] Temp=0.0 Rep=1 → Concordo
[2026-05-11 14:50:28,774][__main__][INFO] - ✓ [meta-llama/Meta-Llama-3.1-8B-Instruct] Temp=0.0 Rep=1 → Concordo
[2026-05-11 14:50:29,078][__main__][INFO] - ✓ [deepseek-ai/DeepSeek-V3.2] Temp=0.0 Rep=1 → Concordo fortemente
[2026-05-11 14:50:29,098][__main__][INFO] - ✓ [deepseek-ai/DeepSeek-V3.2] Temp=0.0 Rep=1 → Concordo
[2026-05-11 14:50:29,108][__main__][INFO] - ✓ [deepseek-ai/DeepSeek-V3.2] Temp=0.0 Rep=1 → Concordo fortemente
[2026-05-11 14:50:29,140][__main__][INFO] - ✓ [meta-llama/Meta-Llama-3.1-8B-Instruct] Temp=0.0 Rep=1 → Concordo fortemente
[2026-05-11 14:50:29,155][__main__][INFO] - ✓ [meta-llama/Meta-Llama-3.1-8B-Instruct] Temp=0.0 Rep=1 → Concordo fortemente
[2026-05-11 14:50:29,168][__main__][INFO] - ✓ [meta-llama/Meta-Llama-3.1-8B-Instruct] Temp=0.0 Rep=1 → Concordo fortemente
[2026-05-11 14:50:29,244][__main__][INFO] - ✓ [deepseek-ai/DeepSeek-V3.2] Temp=0.0 Rep=1 → Concordo
[2026-05-11 14:50:29,273][__main__][INFO] - ✓ [deepseek-ai/DeepSeek-V3.2] Temp=0.0 Rep=1 → Concordo
[2026-05-11 14:50:29,462][__main__][INFO] - ✓ [deepseek-ai/DeepSeek-V3.2] Temp=0.0 Rep=1 → Concordo fortemente
[2026-05-11 14:50:29,510][__main__][INFO] - ✓ [meta-llama/Meta-Llama-3.1-8B-Instruct] Temp=0.0 Rep=1 → Concordo
[2026-05-11 14:50:29,556][__main__][INFO] - ✓ [meta-llama/Meta-Llama-3.1-8B-Instruct] Temp=0.0 Rep=1 → Concordo
[2026-05-11 14:50:29,577][__main__][INFO] - ✓ [deepseek-ai/DeepSeek-V3.2] Temp=0.0 Rep=1 → Concordo fortemente
[2026-05-11 14:50:29,634][__main__][INFO] - ✓ [meta-llama/Meta-Llama-3.1-8B-Instruct] Temp=0.0 Rep=1 → Concordo fortemente
[2026-05-11 14:50:29,757][__main__][INFO] - ✓ [deepseek-ai/DeepSeek-V3.2] Temp=0.0 Rep=1 → Concordo
[2026-05-11 14:50:29,758][__main__][INFO] - ✓ [deepseek-ai/DeepSeek-V3.2] Temp=0.0 Rep=1 → Concordo
[2026-05-11 14:50:29,778][__main__][INFO] - ✓ [meta-llama/Meta-Llama-3.1-8B-Instruct] Temp=0.0 Rep=1 → Concordo
[2026-05-11 14:50:29,822][__main__][INFO] - ✓ [meta-llama/Meta-Llama-3.1-8B-Instruct] Temp=0.0 Rep=1 → Concordo
[2026-05-11 14:50:30,021][__main__][INFO] - ✓ [meta-llama/Meta-Llama-3.1-8B-Instruct] Temp=0.0 Rep=1 → Concordo
[2026-05-11 14:50:30,127][__main__][INFO] - ✓ [deepseek-ai/DeepSeek-V3.2] Temp=0.0 Rep=1 → Concordo fortemente
[2026-05-11 14:50:30,227][__main__][INFO] - ✓ [meta-llama/Meta-Llama-3.1-8B-Instruct] Temp=0.0 Rep=1 → Concordo
[2026-05-11 14:50:30,282][__main__][INFO] - ✓ [meta-llama/Meta-Llama-3.1-8B-Instruct] Temp=0.0 Rep=1 → Concordo fortemente
[2026-05-11 14:50:30,309][__main__][INFO] - ✓ [meta-llama/Meta-Llama-3.1-8B-Instruct] Temp=0.0 Rep=1 → Concordo fortemente
[2026-05-11 14:50:30,449][__main__][INFO] - ✓ [deepseek-ai/DeepSeek-V3.2] Temp=0.0 Rep=1 → Neutro
[2026-05-11 14:50:30,450][__main__][INFO] - ✓ [deepseek-ai/DeepSeek-V3.2] Temp=0.0 Rep=1 → Neutro
[2026-05-11 14:50:30,567][__main__][INFO] - ✓ [deepseek-ai/DeepSeek-V3.2] Temp=0.0 Rep=1 → Concordo
[2026-05-11 14:50:30,618][__main__][INFO] - ✓ [deepseek-ai/DeepSeek-V3.2] Temp=0.0 Rep=1 → Concordo fortemente
[2026-05-11 14:50:30,750][__main__][INFO] - ✓ [meta-llama/Meta-Llama-3.1-8B-Instruct] Temp=0.0 Rep=1 → Concordo
[2026-05-11 14:50:30,753][__main__][INFO] - ✓ [meta-llama/Meta-Llama-3.1-8B-Instruct] Temp=0.0 Rep=1 → Concordo
[2026-05-11 14:50:30,783][__main__][INFO] - ✓ [deepseek-ai/DeepSeek-V3.2] Temp=0.0 Rep=1 → Concordo fortemente
[2026-05-11 14:50:30,861][__main__][INFO] - Salvamento incremental (2240 novas respostas)...
[2026-05-11 14:50:30,956][__main__][INFO] - Cache salvo com 224653 entradas
[2026-05-11 14:50:30,957][__main__][INFO] - ✓ [deepseek-ai/DeepSeek-V3.2] Temp=0.0 Rep=1 → Concordo fortemente
[2026-05-11 14:50:30,959][__main__][INFO] - ✓ [meta-llama/Meta-Llama-3.1-8B-Instruct] Temp=0.0 Rep=1 → Concordo
[2026-05-11 14:50:31,233][__main__][INFO] - ✓ [meta-llama/Meta-Llama-3.1-8B-Instruct] Temp=0.0 Rep=1 → Neutro
[2026-05-11 14:50:31,240][__main__][INFO] - ✓ [meta-llama/Meta-Llama-3.1-8B-Instruct] Temp=0.0 Rep=1 → Neutro
[2026-05-11 14:50:31,269][__main__][INFO] - ✓ [deepseek-ai/DeepSeek-V3.2] Temp=0.0 Rep=1 → Neutro
[2026-05-11 14:50:31,362][__main__][INFO] - ✓ [meta-llama/Meta-Llama-3.1-8B-Instruct] Temp=0.0 Rep=1 → Neutro
[2026-05-11 14:50:31,497][__main__][INFO] - ✓ [deepseek-ai/DeepSeek-V3.2] Temp=0.0 Rep=1 → Neutro
[2026-05-11 14:50:31,498][__main__][INFO] - ✓ [deepseek-ai/DeepSeek-V3.2] Temp=0.0 Rep=1 → Neutro
[2026-05-11 14:50:31,557][__main__][INFO] - ✓ [meta-llama/Meta-Llama-3.1-8B-Instruct] Temp=0.0 Rep=1 → Concordo
[2026-05-11 14:50:31,561][__main__][INFO] - ✓ [deepseek-ai/DeepSeek-V3.2] Temp=0.0 Rep=1 → Concordo fortemente
[2026-05-11 14:50:31,622][__main__][INFO] - ✓ [meta-llama/Meta-Llama-3.1-8B-Instruct] Temp=0.0 Rep=1 → Concordo
[2026-05-11 14:50:31,667][__main__][INFO] - ✓ [meta-llama/Meta-Llama-3.1-8B-Instruct] Temp=0.0 Rep=1 → Concordo
[2026-05-11 14:50:31,723][__main__][INFO] - ✓ [deepseek-ai/DeepSeek-V3.2] Temp=0.0 Rep=1 → Neutro
[2026-05-11 14:50:31,797][__main__][INFO] - ✓ [deepseek-ai/DeepSeek-V3.2] Temp=0.0 Rep=1 → Concordo fortemente
[2026-05-11 14:50:31,860][__main__][INFO] - ✓ [deepseek-ai/DeepSeek-V3.2] Temp=0.0 Rep=1 → Neutro
[2026-05-11 14:50:31,891][__main__][INFO] - ✓ [meta-llama/Meta-Llama-3.1-8B-Instruct] Temp=0.0 Rep=1 → Discordo
[2026-05-11 14:50:31,925][__main__][INFO] - ✓ [meta-llama/Meta-Llama-3.1-8B-Instruct] Temp=0.0 Rep=1 → Discordo
[2026-05-11 14:50:32,023][__main__][INFO] - ✓ [deepseek-ai/DeepSeek-V3.2] Temp=0.0 Rep=1 → Neutro
[2026-05-11 14:50:32,254][__main__][INFO] - ✓ [meta-llama/Meta-Llama-3.1-8B-Instruct] Temp=0.0 Rep=1 → Discordo
[2026-05-11 14:50:32,260][__main__][INFO] - ✓ [meta-llama/Meta-Llama-3.1-8B-Instruct] Temp=0.0 Rep=1 → Concordo fortemente
[2026-05-11 14:50:32,345][__main__][INFO] - ✓ [meta-llama/Meta-Llama-3.1-8B-Instruct] Temp=0.0 Rep=1 → Concordo fortemente
[2026-05-11 14:50:32,370][__main__][INFO] - ✓ [deepseek-ai/DeepSeek-V3.2] Temp=0.0 Rep=1 → Neutro
[2026-05-11 14:50:32,452][__main__][INFO] - ✓ [deepseek-ai/DeepSeek-V3.2] Temp=0.0 Rep=1 → Neutro
[2026-05-11 14:50:32,547][__main__][INFO] - ✓ [deepseek-ai/DeepSeek-V3.2] Temp=0.0 Rep=1 → Neutro
[2026-05-11 14:50:32,577][__main__][INFO] - ✓ [deepseek-ai/DeepSeek-V3.2] Temp=0.0 Rep=1 → Neutro
[2026-05-11 14:50:32,632][__main__][INFO] - ✓ [meta-llama/Meta-Llama-3.1-8B-Instruct] Temp=0.0 Rep=1 → Concordo fortemente
[2026-05-11 14:50:32,807][__main__][INFO] - ✓ [meta-llama/Meta-Llama-3.1-8B-Instruct] Temp=0.0 Rep=1 → Concordo
[2026-05-11 14:50:32,811][__main__][INFO] - ✓ [deepseek-ai/DeepSeek-V3.2] Temp=0.0 Rep=1 → Concordo fortemente
[2026-05-11 14:50:32,865][__main__][INFO] - ✓ [meta-llama/Meta-Llama-3.1-8B-Instruct] Temp=0.0 Rep=1 → Neutro
[2026-05-11 14:50:32,903][__main__][INFO] - ✓ [deepseek-ai/DeepSeek-V3.2] Temp=0.0 Rep=1 → Neutro
[2026-05-11 14:50:32,951][__main__][INFO] - ✓ [meta-llama/Meta-Llama-3.1-8B-Instruct] Temp=0.0 Rep=1 → Concordo
[2026-05-11 14:50:33,150][__main__][INFO] - ✓ [deepseek-ai/DeepSeek-V3.2] Temp=0.0 Rep=1 → Concordo fortemente
[2026-05-11 14:50:33,152][__main__][INFO] - ✓ [deepseek-ai/DeepSeek-V3.2] Temp=0.0 Rep=1 → Concordo fortemente
[2026-05-11 14:50:33,184][__main__][INFO] - ✓ [meta-llama/Meta-Llama-3.1-8B-Instruct] Temp=0.0 Rep=1 → Concordo fortemente
[2026-05-11 14:50:33,489][__main__][INFO] - ✓ [meta-llama/Meta-Llama-3.1-8B-Instruct] Temp=0.0 Rep=1 → Concordo fortemente
[2026-05-11 14:50:33,501][__main__][INFO] - ✓ [deepseek-ai/DeepSeek-V3.2] Temp=0.0 Rep=1 → Neutro
[2026-05-11 14:50:33,594][__main__][INFO] - ✓ [deepseek-ai/DeepSeek-V3.2] Temp=0.0 Rep=1 → Concordo fortemente
[2026-05-11 14:50:33,664][__main__][INFO] - ✓ [deepseek-ai/DeepSeek-V3.2] Temp=0.0 Rep=1 → Neutro
[2026-05-11 14:50:33,669][__main__][INFO] - ✓ [meta-llama/Meta-Llama-3.1-8B-Instruct] Temp=0.0 Rep=1 → Concordo fortemente
[2026-05-11 14:50:33,686][__main__][INFO] - ✓ [deepseek-ai/DeepSeek-V3.2] Temp=0.0 Rep=1 → Neutro
[2026-05-11 14:50:33,707][__main__][INFO] - Salvamento incremental (2280 novas respostas)...
[2026-05-11 14:50:33,758][__main__][INFO] - Cache salvo com 224693 entradas
[2026-05-11 14:50:33,758][__main__][INFO] - ✓ [deepseek-ai/DeepSeek-V3.2] Temp=0.0 Rep=1 → Concordo fortemente
[2026-05-11 14:50:34,299][__main__][INFO] - ✓ [meta-llama/Meta-Llama-3.1-8B-Instruct] Temp=0.0 Rep=1 → Discordo fortemente
[2026-05-11 14:50:34,373][__main__][INFO] - ✓ [meta-llama/Meta-Llama-3.1-8B-Instruct] Temp=0.0 Rep=1 → Discordo
[2026-05-11 14:50:34,404][__main__][INFO] - ✓ [meta-llama/Meta-Llama-3.1-8B-Instruct] Temp=0.0 Rep=1 → Concordo fortemente
[2026-05-11 14:50:34,466][__main__][INFO] - ✓ [meta-llama/Meta-Llama-3.1-8B-Instruct] Temp=0.0 Rep=1 → Concordo fortemente
[2026-05-11 14:50:34,552][__main__][INFO] - ✓ [meta-llama/Meta-Llama-3.1-8B-Instruct] Temp=0.0 Rep=1 → Concordo fortemente
[2026-05-11 14:50:34,643][__main__][INFO] - ✓ [deepseek-ai/DeepSeek-V3.2] Temp=0.0 Rep=1 → Concordo fortemente
[2026-05-11 14:50:34,694][__main__][INFO] - ✓ [meta-llama/Meta-Llama-3.1-8B-Instruct] Temp=0.0 Rep=1 → Concordo
[2026-05-11 14:50:34,701][__main__][INFO] - ✓ [deepseek-ai/DeepSeek-V3.2] Temp=0.0 Rep=1 → Neutro
[2026-05-11 14:50:34,712][__main__][INFO] - ✓ [deepseek-ai/DeepSeek-V3.2] Temp=0.0 Rep=1 → Concordo fortemente
[2026-05-11 14:50:34,816][__main__][INFO] - ✓ [deepseek-ai/DeepSeek-V3.2] Temp=0.0 Rep=1 → Neutro
[2026-05-11 14:50:34,817][__main__][INFO] - ✓ [deepseek-ai/DeepSeek-V3.2] Temp=0.0 Rep=1 → Neutro
[2026-05-11 14:50:35,051][__main__][INFO] - ✓ [meta-llama/Meta-Llama-3.1-8B-Instruct] Temp=0.0 Rep=1 → Concordo fortemente
[2026-05-11 14:50:35,169][__main__][INFO] - ✓ [meta-llama/Meta-Llama-3.1-8B-Instruct] Temp=0.0 Rep=1 → Concordo fortemente
[2026-05-11 14:50:35,171][__main__][INFO] - ✓ [meta-llama/Meta-Llama-3.1-8B-Instruct] Temp=0.0 Rep=1 → Concordo fortemente
[2026-05-11 14:50:35,212][__main__][INFO] - ✓ [meta-llama/Meta-Llama-3.1-8B-Instruct] Temp=0.0 Rep=1 → Concordo fortemente
[2026-05-11 14:50:35,574][__main__][INFO] - ✓ [meta-llama/Meta-Llama-3.1-8B-Instruct] Temp=0.0 Rep=1 → Concordo fortemente
[2026-05-11 14:50:35,692][__main__][INFO] - ✓ [deepseek-ai/DeepSeek-V3.2] Temp=0.0 Rep=1 → Neutro
[2026-05-11 14:50:35,695][__main__][INFO] - ✓ [deepseek-ai/DeepSeek-V3.2] Temp=0.0 Rep=1 → Concordo
[2026-05-11 14:50:35,695][__main__][INFO] - ✓ [deepseek-ai/DeepSeek-V3.2] Temp=0.0 Rep=1 → Neutro
[2026-05-11 14:50:35,695][__main__][INFO] - ✓ [deepseek-ai/DeepSeek-V3.2] Temp=0.0 Rep=1 → Concordo fortemente
[2026-05-11 14:50:35,708][__main__][INFO] - ✓ [deepseek-ai/DeepSeek-V3.2] Temp=0.0 Rep=1 → Neutro
[2026-05-11 14:50:35,711][__main__][INFO] - ✓ [deepseek-ai/DeepSeek-V3.2] Temp=0.0 Rep=1 → Concordo fortemente
[2026-05-11 14:50:35,744][__main__][INFO] - ✓ [meta-llama/Meta-Llama-3.1-8B-Instruct] Temp=0.0 Rep=1 → Concordo fortemente
[2026-05-11 14:50:35,814][__main__][INFO] - ✓ [deepseek-ai/DeepSeek-V3.2] Temp=0.0 Rep=1 → Concordo fortemente
[2026-05-11 14:50:36,054][__main__][INFO] - ✓ [meta-llama/Meta-Llama-3.1-8B-Instruct] Temp=0.0 Rep=1 → Concordo
[2026-05-11 14:50:36,055][__main__][INFO] - ✓ [meta-llama/Meta-Llama-3.1-8B-Instruct] Temp=0.0 Rep=1 → Concordo
[2026-05-11 14:50:36,065][__main__][INFO] - ✓ [deepseek-ai/DeepSeek-V3.2] Temp=0.0 Rep=1 → Concordo fortemente
[2026-05-11 14:50:36,215][__main__][INFO] - ✓ [meta-llama/Meta-Llama-3.1-8B-Instruct] Temp=0.0 Rep=1 → Concordo
[2026-05-11 14:50:36,219][__main__][INFO] - ✓ [meta-llama/Meta-Llama-3.1-8B-Instruct] Temp=0.0 Rep=1 → Concordo
[2026-05-11 14:50:36,363][__main__][INFO] - ✓ [meta-llama/Meta-Llama-3.1-8B-Instruct] Temp=0.0 Rep=1 → Concordo
[2026-05-11 14:50:36,375][__main__][INFO] - ✓ [meta-llama/Meta-Llama-3.1-8B-Instruct] Temp=0.0 Rep=1 → Concordo
[2026-05-11 14:50:36,485][__main__][INFO] - ✓ [deepseek-ai/DeepSeek-V3.2] Temp=0.0 Rep=1 → Neutro
[2026-05-11 14:50:36,487][__main__][INFO] - ✓ [deepseek-ai/DeepSeek-V3.2] Temp=0.0 Rep=1 → Neutro
[2026-05-11 14:50:36,507][__main__][INFO] - ✓ [deepseek-ai/DeepSeek-V3.2] Temp=0.0 Rep=1 → Concordo fortemente
[2026-05-11 14:50:36,739][__main__][INFO] - ✓ [meta-llama/Meta-Llama-3.1-8B-Instruct] Temp=0.0 Rep=1 → Concordo fortemente
[2026-05-11 14:50:36,740][__main__][INFO] - ✓ [deepseek-ai/DeepSeek-V3.2] Temp=0.0 Rep=1 → Neutro
[2026-05-11 14:50:36,745][__main__][INFO] - ✓ [meta-llama/Meta-Llama-3.1-8B-Instruct] Temp=0.0 Rep=1 → Concordo fortemente
[2026-05-11 14:50:36,900][__main__][INFO] - ✓ [deepseek-ai/DeepSeek-V3.2] Temp=0.0 Rep=1 → Neutro
[2026-05-11 14:50:37,023][__main__][INFO] - ✓ [deepseek-ai/DeepSeek-V3.2] Temp=0.0 Rep=1 → Neutro
[2026-05-11 14:50:37,066][__main__][INFO] - Salvamento incremental (2320 novas respostas)...
[2026-05-11 14:50:37,131][__main__][INFO] - Cache salvo com 224733 entradas
[2026-05-11 14:50:37,131][__main__][INFO] - ✓ [meta-llama/Meta-Llama-3.1-8B-Instruct] Temp=0.0 Rep=1 → Concordo
[2026-05-11 14:50:37,165][__main__][INFO] - ✓ [meta-llama/Meta-Llama-3.1-8B-Instruct] Temp=0.0 Rep=1 → Concordo
[2026-05-11 14:50:37,264][__main__][INFO] - ✓ [meta-llama/Meta-Llama-3.1-8B-Instruct] Temp=0.0 Rep=1 → Concordo
[2026-05-11 14:50:37,271][__main__][INFO] - ✓ [deepseek-ai/DeepSeek-V3.2] Temp=0.0 Rep=1 → Neutro
[2026-05-11 14:50:37,283][__main__][INFO] - ✓ [deepseek-ai/DeepSeek-V3.2] Temp=0.0 Rep=1 → Neutro
[2026-05-11 14:50:37,388][__main__][INFO] - ✓ [deepseek-ai/DeepSeek-V3.2] Temp=0.0 Rep=1 → Concordo fortemente
[2026-05-11 14:50:37,616][__main__][INFO] - ✓ [meta-llama/Meta-Llama-3.1-8B-Instruct] Temp=0.0 Rep=1 → Concordo
[2026-05-11 14:50:37,617][__main__][INFO] - ✓ [meta-llama/Meta-Llama-3.1-8B-Instruct] Temp=0.0 Rep=1 → Concordo
[2026-05-11 14:50:37,691][__main__][INFO] - ✓ [meta-llama/Meta-Llama-3.1-8B-Instruct] Temp=0.0 Rep=1 → Concordo
[2026-05-11 14:50:37,788][__main__][INFO] - ✓ [deepseek-ai/DeepSeek-V3.2] Temp=0.0 Rep=1 → Concordo fortemente
[2026-05-11 14:50:37,808][__main__][INFO] - ✓ [deepseek-ai/DeepSeek-V3.2] Temp=0.0 Rep=1 → Concordo fortemente
[2026-05-11 14:50:37,841][__main__][INFO] - ✓ [meta-llama/Meta-Llama-3.1-8B-Instruct] Temp=0.0 Rep=1 → Concordo
[2026-05-11 14:50:37,956][__main__][INFO] - ✓ [deepseek-ai/DeepSeek-V3.2] Temp=0.0 Rep=1 → Neutro
[2026-05-11 14:50:38,024][__main__][INFO] - ✓ [deepseek-ai/DeepSeek-V3.2] Temp=0.0 Rep=1 → Neutro
[2026-05-11 14:50:38,027][__main__][INFO] - ✓ [deepseek-ai/DeepSeek-V3.2] Temp=0.0 Rep=1 → Neutro
[2026-05-11 14:50:38,357][__main__][INFO] - ✓ [meta-llama/Meta-Llama-3.1-8B-Instruct] Temp=0.0 Rep=1 → Concordo
[2026-05-11 14:50:38,389][__main__][INFO] - ✓ [meta-llama/Meta-Llama-3.1-8B-Instruct] Temp=0.0 Rep=1 → Concordo
[2026-05-11 14:50:38,469][__main__][INFO] - ✓ [deepseek-ai/DeepSeek-V3.2] Temp=0.0 Rep=1 → Neutro
[2026-05-11 14:50:38,577][__main__][INFO] - ✓ [meta-llama/Meta-Llama-3.1-8B-Instruct] Temp=0.0 Rep=1 → Concordo
[2026-05-11 14:50:38,585][__main__][INFO] - ✓ [meta-llama/Meta-Llama-3.1-8B-Instruct] Temp=0.0 Rep=1 → Concordo
[2026-05-11 14:50:38,589][__main__][INFO] - ✓ [meta-llama/Meta-Llama-3.1-8B-Instruct] Temp=0.0 Rep=1 → Concordo
[2026-05-11 14:50:38,591][__main__][INFO] - ✓ [deepseek-ai/DeepSeek-V3.2] Temp=0.0 Rep=1 → Neutro
[2026-05-11 14:50:38,605][__main__][INFO] - ✓ [deepseek-ai/DeepSeek-V3.2] Temp=0.0 Rep=1 → Neutro
[2026-05-11 14:50:38,649][__main__][INFO] - ✓ [deepseek-ai/DeepSeek-V3.2] Temp=0.0 Rep=1 → Neutro
[2026-05-11 14:50:38,839][__main__][INFO] - ✓ [meta-llama/Meta-Llama-3.1-8B-Instruct] Temp=0.0 Rep=1 → Concordo
[2026-05-11 14:50:38,923][__main__][INFO] - ✓ [meta-llama/Meta-Llama-3.1-8B-Instruct] Temp=0.0 Rep=1 → Concordo
[2026-05-11 14:50:38,946][__main__][INFO] - ✓ [meta-llama/Meta-Llama-3.1-8B-Instruct] Temp=0.0 Rep=1 → Concordo
[2026-05-11 14:50:39,085][__main__][INFO] - ✓ [meta-llama/Meta-Llama-3.1-8B-Instruct] Temp=0.0 Rep=1 → Concordo fortemente
[2026-05-11 14:50:39,365][__main__][INFO] - ✓ [meta-llama/Meta-Llama-3.1-8B-Instruct] Temp=0.0 Rep=1 → Concordo
[2026-05-11 14:50:39,366][__main__][INFO] - ✓ [deepseek-ai/DeepSeek-V3.2] Temp=0.0 Rep=1 → Concordo fortemente
[2026-05-11 14:50:39,387][__main__][INFO] - ✓ [deepseek-ai/DeepSeek-V3.2] Temp=0.0 Rep=1 → Discordo
[2026-05-11 14:50:39,394][__main__][INFO] - ✓ [deepseek-ai/DeepSeek-V3.2] Temp=0.0 Rep=1 → Concordo fortemente
[2026-05-11 14:50:39,397][__main__][INFO] - ✓ [meta-llama/Meta-Llama-3.1-8B-Instruct] Temp=0.0 Rep=1 → Concordo fortemente
[2026-05-11 14:50:39,563][__main__][INFO] - ✓ [meta-llama/Meta-Llama-3.1-8B-Instruct] Temp=0.0 Rep=1 → Concordo
[2026-05-11 14:50:39,697][__main__][INFO] - ✓ [deepseek-ai/DeepSeek-V3.2] Temp=0.0 Rep=1 → Concordo fortemente
[2026-05-11 14:50:39,888][__main__][INFO] - ✓ [deepseek-ai/DeepSeek-V3.2] Temp=0.0 Rep=1 → Neutro
[2026-05-11 14:50:39,914][__main__][INFO] - ✓ [meta-llama/Meta-Llama-3.1-8B-Instruct] Temp=0.0 Rep=1 → Concordo
[2026-05-11 14:50:39,925][__main__][INFO] - ✓ [deepseek-ai/DeepSeek-V3.2] Temp=0.0 Rep=1 → Neutro
[2026-05-11 14:50:40,156][__main__][INFO] - ✓ [deepseek-ai/DeepSeek-V3.2] Temp=0.0 Rep=1 → Concordo fortemente
[2026-05-11 14:50:40,160][__main__][INFO] - ✓ [meta-llama/Meta-Llama-3.1-8B-Instruct] Temp=0.0 Rep=1 → Concordo
[2026-05-11 14:50:40,229][__main__][INFO] - Salvamento incremental (2360 novas respostas)...
[2026-05-11 14:50:40,285][__main__][INFO] - Cache salvo com 224773 entradas
[2026-05-11 14:50:40,285][__main__][INFO] - ✓ [deepseek-ai/DeepSeek-V3.2] Temp=0.0 Rep=1 → Neutro
[2026-05-11 14:50:40,410][__main__][INFO] - ✓ [meta-llama/Meta-Llama-3.1-8B-Instruct] Temp=0.0 Rep=1 → Concordo fortemente
[2026-05-11 14:50:40,411][__main__][INFO] - ✓ [deepseek-ai/DeepSeek-V3.2] Temp=0.0 Rep=1 → Concordo fortemente
[2026-05-11 14:50:40,446][__main__][INFO] - ✓ [meta-llama/Meta-Llama-3.1-8B-Instruct] Temp=0.0 Rep=1 → Concordo fortemente
[2026-05-11 14:50:40,500][__main__][INFO] - ✓ [meta-llama/Meta-Llama-3.1-8B-Instruct] Temp=0.0 Rep=1 → Concordo
[2026-05-11 14:50:40,542][__main__][INFO] - ✓ [meta-llama/Meta-Llama-3.1-8B-Instruct] Temp=0.0 Rep=1 → Concordo fortemente
[2026-05-11 14:50:40,614][__main__][INFO] - ✓ [deepseek-ai/DeepSeek-V3.2] Temp=0.0 Rep=1 → Neutro
[2026-05-11 14:50:40,706][__main__][INFO] - ✓ [deepseek-ai/DeepSeek-V3.2] Temp=0.0 Rep=1 → Concordo fortemente
[2026-05-11 14:50:40,759][__main__][INFO] - ✓ [deepseek-ai/DeepSeek-V3.2] Temp=0.0 Rep=1 → Neutro
[2026-05-11 14:50:40,837][__main__][INFO] - ✓ [meta-llama/Meta-Llama-3.1-8B-Instruct] Temp=0.0 Rep=1 → Concordo
[2026-05-11 14:50:40,936][__main__][INFO] - ✓ [meta-llama/Meta-Llama-3.1-8B-Instruct] Temp=0.0 Rep=1 → Concordo
[2026-05-11 14:50:41,161][__main__][INFO] - ✓ [deepseek-ai/DeepSeek-V3.2] Temp=0.0 Rep=1 → Neutro
[2026-05-11 14:50:41,240][__main__][INFO] - ✓ [deepseek-ai/DeepSeek-V3.2] Temp=0.0 Rep=1 → Neutro
[2026-05-11 14:50:41,316][__main__][INFO] - ✓ [meta-llama/Meta-Llama-3.1-8B-Instruct] Temp=0.0 Rep=1 → Concordo
[2026-05-11 14:50:41,346][__main__][INFO] - ✓ [deepseek-ai/DeepSeek-V3.2] Temp=0.0 Rep=1 → Neutro
[2026-05-11 14:50:41,460][__main__][INFO] - ✓ [meta-llama/Meta-Llama-3.1-8B-Instruct] Temp=0.0 Rep=1 → Concordo fortemente
[2026-05-11 14:50:41,652][__main__][INFO] - ✓ [deepseek-ai/DeepSeek-V3.2] Temp=0.0 Rep=1 → Neutro
[2026-05-11 14:50:41,687][__main__][INFO] - ✓ [deepseek-ai/DeepSeek-V3.2] Temp=0.0 Rep=1 → Concordo fortemente
[2026-05-11 14:50:41,739][__main__][INFO] - ✓ [deepseek-ai/DeepSeek-V3.2] Temp=0.0 Rep=1 → Neutro
[2026-05-11 14:50:41,742][__main__][INFO] - ✓ [meta-llama/Meta-Llama-3.1-8B-Instruct] Temp=0.0 Rep=1 → Concordo
[2026-05-11 14:50:41,815][__main__][INFO] - ✓ [deepseek-ai/DeepSeek-V3.2] Temp=0.0 Rep=1 → Neutro
[2026-05-11 14:50:41,984][__main__][INFO] - ✓ [deepseek-ai/DeepSeek-V3.2] Temp=0.0 Rep=1 → Concordo fortemente
[2026-05-11 14:50:41,985][__main__][INFO] - ✓ [meta-llama/Meta-Llama-3.1-8B-Instruct] Temp=0.0 Rep=1 → Concordo
[2026-05-11 14:50:42,040][__main__][INFO] - ✓ [meta-llama/Meta-Llama-3.1-8B-Instruct] Temp=0.0 Rep=1 → Concordo
[2026-05-11 14:50:42,077][__main__][INFO] - ✓ [meta-llama/Meta-Llama-3.1-8B-Instruct] Temp=0.0 Rep=1 → Concordo
[2026-05-11 14:50:42,192][__main__][INFO] - ✓ [deepseek-ai/DeepSeek-V3.2] Temp=0.0 Rep=1 → Concordo fortemente
[2026-05-11 14:50:42,256][__main__][INFO] - ✓ [meta-llama/Meta-Llama-3.1-8B-Instruct] Temp=0.0 Rep=1 → Concordo fortemente
[2026-05-11 14:50:42,258][__main__][INFO] - ✓ [deepseek-ai/DeepSeek-V3.2] Temp=0.0 Rep=1 → Concordo fortemente
[2026-05-11 14:50:42,315][__main__][INFO] - ✓ [meta-llama/Meta-Llama-3.1-8B-Instruct] Temp=0.0 Rep=1 → Concordo
[2026-05-11 14:50:42,330][__main__][INFO] - ✓ [meta-llama/Meta-Llama-3.1-8B-Instruct] Temp=0.0 Rep=1 → Concordo
[2026-05-11 14:50:42,364][__main__][INFO] - ✓ [meta-llama/Meta-Llama-3.1-8B-Instruct] Temp=0.0 Rep=1 → Neutro
[2026-05-11 14:50:42,697][__main__][INFO] - ✓ [meta-llama/Meta-Llama-3.1-8B-Instruct] Temp=0.0 Rep=1 → Concordo fortemente
[2026-05-11 14:50:42,717][__main__][INFO] - ✓ [meta-llama/Meta-Llama-3.1-8B-Instruct] Temp=0.0 Rep=1 → Concordo
[2026-05-11 14:50:42,786][__main__][INFO] - ✓ [meta-llama/Meta-Llama-3.1-8B-Instruct] Temp=0.0 Rep=1 → Concordo fortemente
[2026-05-11 14:50:42,815][__main__][INFO] - ✓ [deepseek-ai/DeepSeek-V3.2] Temp=0.0 Rep=1 → Neutro
[2026-05-11 14:50:43,032][__main__][INFO] - ✓ [deepseek-ai/DeepSeek-V3.2] Temp=0.0 Rep=1 → Neutro
[2026-05-11 14:50:43,033][__main__][INFO] - ✓ [deepseek-ai/DeepSeek-V3.2] Temp=0.0 Rep=1 → Concordo
[2026-05-11 14:50:43,033][__main__][INFO] - ✓ [deepseek-ai/DeepSeek-V3.2] Temp=0.0 Rep=1 → Neutro
[2026-05-11 14:50:43,077][__main__][INFO] - ✓ [deepseek-ai/DeepSeek-V3.2] Temp=0.0 Rep=1 → Neutro
[2026-05-11 14:50:43,159][__main__][INFO] - ✓ [deepseek-ai/DeepSeek-V3.2] Temp=0.0 Rep=1 → Neutro
[2026-05-11 14:50:43,211][__main__][INFO] - Salvamento incremental (2400 novas respostas)...
[2026-05-11 14:50:43,265][__main__][INFO] - Cache salvo com 224813 entradas
[2026-05-11 14:50:43,265][__main__][INFO] - ✓ [meta-llama/Meta-Llama-3.1-8B-Instruct] Temp=0.0 Rep=1 → Concordo
[2026-05-11 14:50:43,267][__main__][INFO] - ✓ [meta-llama/Meta-Llama-3.1-8B-Instruct] Temp=0.0 Rep=1 → Concordo
[2026-05-11 14:50:43,268][__main__][INFO] - ✓ [deepseek-ai/DeepSeek-V3.2] Temp=0.0 Rep=1 → Neutro
[2026-05-11 14:50:43,342][__main__][INFO] - ✓ [meta-llama/Meta-Llama-3.1-8B-Instruct] Temp=0.0 Rep=1 → Concordo
[2026-05-11 14:50:43,362][__main__][INFO] - ✓ [deepseek-ai/DeepSeek-V3.2] Temp=0.0 Rep=1 → Neutro
[2026-05-11 14:50:43,608][__main__][INFO] - ✓ [meta-llama/Meta-Llama-3.1-8B-Instruct] Temp=0.0 Rep=1 → Concordo fortemente
[2026-05-11 14:50:43,619][__main__][INFO] - ✓ [meta-llama/Meta-Llama-3.1-8B-Instruct] Temp=0.0 Rep=1 → Discordo fortemente
[2026-05-11 14:50:43,643][__main__][INFO] - ✓ [meta-llama/Meta-Llama-3.1-8B-Instruct] Temp=0.0 Rep=1 → Concordo fortemente
[2026-05-11 14:50:43,804][__main__][INFO] - ✓ [deepseek-ai/DeepSeek-V3.2] Temp=0.0 Rep=1 → Concordo fortemente
[2026-05-11 14:50:43,849][__main__][INFO] - ✓ [deepseek-ai/DeepSeek-V3.2] Temp=0.0 Rep=1 → Neutro
[2026-05-11 14:50:43,938][__main__][INFO] - ✓ [deepseek-ai/DeepSeek-V3.2] Temp=0.0 Rep=1 → Neutro
[2026-05-11 14:50:44,081][__main__][INFO] - ✓ [deepseek-ai/DeepSeek-V3.2] Temp=0.0 Rep=1 → Neutro
[2026-05-11 14:50:44,083][__main__][INFO] - ✓ [meta-llama/Meta-Llama-3.1-8B-Instruct] Temp=0.0 Rep=1 → Concordo fortemente
[2026-05-11 14:50:44,091][__main__][INFO] - ✓ [meta-llama/Meta-Llama-3.1-8B-Instruct] Temp=0.0 Rep=1 → Concordo fortemente
[2026-05-11 14:50:44,114][__main__][INFO] - ✓ [deepseek-ai/DeepSeek-V3.2] Temp=0.0 Rep=1 → Concordo
[2026-05-11 14:50:44,119][__main__][INFO] - ✓ [meta-llama/Meta-Llama-3.1-8B-Instruct] Temp=0.0 Rep=1 → Concordo fortemente
[2026-05-11 14:50:44,155][__main__][INFO] - ✓ [deepseek-ai/DeepSeek-V3.2] Temp=0.0 Rep=1 → Neutro
[2026-05-11 14:50:44,401][__main__][INFO] - ✓ [meta-llama/Meta-Llama-3.1-8B-Instruct] Temp=0.0 Rep=1 → Concordo
[2026-05-11 14:50:44,471][__main__][INFO] - ✓ [meta-llama/Meta-Llama-3.1-8B-Instruct] Temp=0.0 Rep=1 → Concordo
[2026-05-11 14:50:44,509][__main__][INFO] - ✓ [meta-llama/Meta-Llama-3.1-8B-Instruct] Temp=0.0 Rep=1 → Concordo fortemente
[2026-05-11 14:50:44,610][__main__][INFO] - ✓ [deepseek-ai/DeepSeek-V3.2] Temp=0.0 Rep=1 → Neutro
[2026-05-11 14:50:44,625][__main__][INFO] - ✓ [deepseek-ai/DeepSeek-V3.2] Temp=0.0 Rep=1 → Neutro
[2026-05-11 14:50:44,738][__main__][INFO] - ✓ [deepseek-ai/DeepSeek-V3.2] Temp=0.0 Rep=1 → Concordo
[2026-05-11 14:50:44,846][__main__][INFO] - ✓ [meta-llama/Meta-Llama-3.1-8B-Instruct] Temp=0.0 Rep=1 → Concordo fortemente
[2026-05-11 14:50:44,849][__main__][INFO] - ✓ [deepseek-ai/DeepSeek-V3.2] Temp=0.0 Rep=1 → Neutro
[2026-05-11 14:50:44,852][__main__][INFO] - ✓ [meta-llama/Meta-Llama-3.1-8B-Instruct] Temp=0.0 Rep=1 → Concordo fortemente
[2026-05-11 14:50:45,130][__main__][INFO] - ✓ [deepseek-ai/DeepSeek-V3.2] Temp=0.0 Rep=1 → Concordo
[2026-05-11 14:50:45,260][__main__][INFO] - ✓ [meta-llama/Meta-Llama-3.1-8B-Instruct] Temp=0.0 Rep=1 → Concordo fortemente
[2026-05-11 14:50:45,454][__main__][INFO] - ✓ [meta-llama/Meta-Llama-3.1-8B-Instruct] Temp=0.0 Rep=1 → Concordo fortemente
[2026-05-11 14:50:45,480][__main__][INFO] - ✓ [meta-llama/Meta-Llama-3.1-8B-Instruct] Temp=0.0 Rep=1 → Concordo fortemente
[2026-05-11 14:50:45,494][__main__][INFO] - ✓ [meta-llama/Meta-Llama-3.1-8B-Instruct] Temp=0.0 Rep=1 → Concordo fortemente
[2026-05-11 14:50:45,544][__main__][INFO] - ✓ [deepseek-ai/DeepSeek-V3.2] Temp=0.0 Rep=1 → Neutro
[2026-05-11 14:50:45,652][__main__][INFO] - ✓ [deepseek-ai/DeepSeek-V3.2] Temp=0.0 Rep=1 → Concordo
[2026-05-11 14:50:45,715][__main__][INFO] - ✓ [deepseek-ai/DeepSeek-V3.2] Temp=0.0 Rep=1 → Concordo fortemente
[2026-05-11 14:50:45,816][__main__][INFO] - ✓ [deepseek-ai/DeepSeek-V3.2] Temp=0.0 Rep=1 → Neutro
[2026-05-11 14:50:45,858][__main__][INFO] - ✓ [meta-llama/Meta-Llama-3.1-8B-Instruct] Temp=0.0 Rep=1 → Concordo fortemente
[2026-05-11 14:50:45,894][__main__][INFO] - ✓ [meta-llama/Meta-Llama-3.1-8B-Instruct] Temp=0.0 Rep=1 → Concordo fortemente
[2026-05-11 14:50:45,940][__main__][INFO] - ✓ [deepseek-ai/DeepSeek-V3.2] Temp=0.0 Rep=1 → Concordo fortemente
[2026-05-11 14:50:46,033][__main__][INFO] - ✓ [meta-llama/Meta-Llama-3.1-8B-Instruct] Temp=0.0 Rep=1 → Concordo fortemente
[2026-05-11 14:50:46,178][__main__][INFO] - ✓ [deepseek-ai/DeepSeek-V3.2] Temp=0.0 Rep=1 → Concordo
[2026-05-11 14:50:46,185][__main__][INFO] - Salvamento incremental (2440 novas respostas)...
[2026-05-11 14:50:46,244][__main__][INFO] - Cache salvo com 224853 entradas
[2026-05-11 14:50:46,244][__main__][INFO] - ✓ [meta-llama/Meta-Llama-3.1-8B-Instruct] Temp=0.0 Rep=1 → Discordo fortemente
[2026-05-11 14:50:46,246][__main__][INFO] - ✓ [deepseek-ai/DeepSeek-V3.2] Temp=0.0 Rep=1 → Neutro
[2026-05-11 14:50:46,246][__main__][INFO] - ✓ [meta-llama/Meta-Llama-3.1-8B-Instruct] Temp=0.0 Rep=1 → Concordo fortemente
[2026-05-11 14:50:46,257][__main__][INFO] - ✓ [meta-llama/Meta-Llama-3.1-8B-Instruct] Temp=0.0 Rep=1 → Concordo fortemente
[2026-05-11 14:50:46,595][__main__][INFO] - ✓ [deepseek-ai/DeepSeek-V3.2] Temp=0.0 Rep=1 → Concordo fortemente
[2026-05-11 14:50:46,700][__main__][INFO] - ✓ [deepseek-ai/DeepSeek-V3.2] Temp=0.0 Rep=1 → Neutro
[2026-05-11 14:50:46,702][__main__][INFO] - ✓ [meta-llama/Meta-Llama-3.1-8B-Instruct] Temp=0.0 Rep=1 → Concordo fortemente
[2026-05-11 14:50:46,702][__main__][INFO] - ✓ [meta-llama/Meta-Llama-3.1-8B-Instruct] Temp=0.0 Rep=1 → Concordo
[2026-05-11 14:50:46,704][__main__][INFO] - ✓ [meta-llama/Meta-Llama-3.1-8B-Instruct] Temp=0.0 Rep=1 → Concordo
[2026-05-11 14:50:46,723][__main__][INFO] - ✓ [deepseek-ai/DeepSeek-V3.2] Temp=0.0 Rep=1 → Concordo fortemente
[2026-05-11 14:50:46,855][__main__][INFO] - ✓ [deepseek-ai/DeepSeek-V3.2] Temp=0.0 Rep=1 → Concordo fortemente
[2026-05-11 14:50:46,883][__main__][INFO] - ✓ [deepseek-ai/DeepSeek-V3.2] Temp=0.0 Rep=1 → Neutro
[2026-05-11 14:50:47,029][__main__][INFO] - ✓ [meta-llama/Meta-Llama-3.1-8B-Instruct] Temp=0.0 Rep=1 → Concordo
[2026-05-11 14:50:47,102][__main__][INFO] - ✓ [meta-llama/Meta-Llama-3.1-8B-Instruct] Temp=0.0 Rep=1 → Concordo fortemente
[2026-05-11 14:50:47,121][__main__][INFO] - ✓ [meta-llama/Meta-Llama-3.1-8B-Instruct] Temp=0.0 Rep=1 → Concordo
[2026-05-11 14:50:47,226][__main__][INFO] - ✓ [deepseek-ai/DeepSeek-V3.2] Temp=0.0 Rep=1 → Neutro
[2026-05-11 14:50:47,227][__main__][INFO] - ✓ [deepseek-ai/DeepSeek-V3.2] Temp=0.0 Rep=1 → Concordo fortemente
[2026-05-11 14:50:47,349][__main__][INFO] - ✓ [deepseek-ai/DeepSeek-V3.2] Temp=0.0 Rep=1 → Neutro
[2026-05-11 14:50:47,456][__main__][INFO] - ✓ [meta-llama/Meta-Llama-3.1-8B-Instruct] Temp=0.0 Rep=1 → Discordo fortemente
[2026-05-11 14:50:47,492][__main__][INFO] - ✓ [meta-llama/Meta-Llama-3.1-8B-Instruct] Temp=0.0 Rep=1 → Concordo fortemente
[2026-05-11 14:50:47,506][__main__][INFO] - ✓ [deepseek-ai/DeepSeek-V3.2] Temp=0.0 Rep=1 → Concordo fortemente
[2026-05-11 14:50:47,577][__main__][INFO] - ✓ [deepseek-ai/DeepSeek-V3.2] Temp=0.0 Rep=1 → Concordo
[2026-05-11 14:50:47,598][__main__][INFO] - ✓ [deepseek-ai/DeepSeek-V3.2] Temp=0.0 Rep=1 → Neutro
[2026-05-11 14:50:47,655][__main__][INFO] - ✓ [deepseek-ai/DeepSeek-V3.2] Temp=0.0 Rep=1 → Neutro
[2026-05-11 14:50:47,930][__main__][INFO] - ✓ [meta-llama/Meta-Llama-3.1-8B-Instruct] Temp=0.0 Rep=1 → Concordo
[2026-05-11 14:50:48,027][__main__][INFO] - ✓ [meta-llama/Meta-Llama-3.1-8B-Instruct] Temp=0.0 Rep=1 → Concordo fortemente
[2026-05-11 14:50:48,055][__main__][INFO] - ✓ [meta-llama/Meta-Llama-3.1-8B-Instruct] Temp=0.0 Rep=1 → Concordo
[2026-05-11 14:50:48,091][__main__][INFO] - ✓ [meta-llama/Meta-Llama-3.1-8B-Instruct] Temp=0.0 Rep=1 → Concordo fortemente
[2026-05-11 14:50:48,174][__main__][INFO] - ✓ [deepseek-ai/DeepSeek-V3.2] Temp=0.0 Rep=1 → Neutro
[2026-05-11 14:50:48,344][__main__][INFO] - ✓ [deepseek-ai/DeepSeek-V3.2] Temp=0.0 Rep=1 → Neutro
[2026-05-11 14:50:48,381][__main__][INFO] - ✓ [meta-llama/Meta-Llama-3.1-8B-Instruct] Temp=0.0 Rep=1 → Discordo fortemente
[2026-05-11 14:50:48,434][__main__][INFO] - ✓ [meta-llama/Meta-Llama-3.1-8B-Instruct] Temp=0.0 Rep=1 → Concordo fortemente
[2026-05-11 14:50:48,490][__main__][INFO] - ✓ [deepseek-ai/DeepSeek-V3.2] Temp=0.0 Rep=1 → Neutro
[2026-05-11 14:50:48,515][__main__][INFO] - ✓ [meta-llama/Meta-Llama-3.1-8B-Instruct] Temp=0.0 Rep=1 → Concordo fortemente
[2026-05-11 14:50:48,557][__main__][INFO] - ✓ [deepseek-ai/DeepSeek-V3.2] Temp=0.0 Rep=1 → Neutro
[2026-05-11 14:50:48,574][__main__][INFO] - ✓ [deepseek-ai/DeepSeek-V3.2] Temp=0.0 Rep=1 → Neutro
[2026-05-11 14:50:48,802][__main__][INFO] - ✓ [deepseek-ai/DeepSeek-V3.2] Temp=0.0 Rep=1 → Neutro
[2026-05-11 14:50:48,806][__main__][INFO] - ✓ [meta-llama/Meta-Llama-3.1-8B-Instruct] Temp=0.0 Rep=1 → Concordo
[2026-05-11 14:50:48,927][__main__][INFO] - ✓ [meta-llama/Meta-Llama-3.1-8B-Instruct] Temp=0.0 Rep=1 → Concordo
[2026-05-11 14:50:48,932][__main__][INFO] - ✓ [meta-llama/Meta-Llama-3.1-8B-Instruct] Temp=0.0 Rep=1 → Concordo
[2026-05-11 14:50:48,986][__main__][INFO] - Salvamento incremental (2480 novas respostas)...
[2026-05-11 14:50:49,096][__main__][INFO] - Cache salvo com 224893 entradas
[2026-05-11 14:50:49,096][__main__][INFO] - ✓ [deepseek-ai/DeepSeek-V3.2] Temp=0.0 Rep=1 → Neutro
[2026-05-11 14:50:49,099][__main__][INFO] - ✓ [deepseek-ai/DeepSeek-V3.2] Temp=0.0 Rep=1 → Neutro
[2026-05-11 14:50:49,134][__main__][INFO] - ✓ [deepseek-ai/DeepSeek-V3.2] Temp=0.0 Rep=1 → Concordo fortemente
[2026-05-11 14:50:49,177][__main__][INFO] - ✓ [deepseek-ai/DeepSeek-V3.2] Temp=0.0 Rep=1 → Neutro
[2026-05-11 14:50:49,214][__main__][INFO] - ✓ [deepseek-ai/DeepSeek-V3.2] Temp=0.0 Rep=1 → Concordo
[2026-05-11 14:50:49,373][__main__][INFO] - ✓ [meta-llama/Meta-Llama-3.1-8B-Instruct] Temp=0.0 Rep=1 → Concordo fortemente
[2026-05-11 14:50:49,395][__main__][INFO] - ✓ [deepseek-ai/DeepSeek-V3.2] Temp=0.0 Rep=1 → Neutro
[2026-05-11 14:50:49,420][__main__][INFO] - ✓ [meta-llama/Meta-Llama-3.1-8B-Instruct] Temp=0.0 Rep=1 → Concordo fortemente
[2026-05-11 14:50:49,473][__main__][WARNING] - Resposta inválida (tentativa 2/3) de meta-llama/Meta-Llama-3.1-8B-Instruct: Não posso fornecer uma resposta para essa afirmação Posso aj
[2026-05-11 14:50:49,473][__main__][INFO] - Fazendo retry 3/3...
[2026-05-11 14:50:49,481][__main__][INFO] - ✓ [meta-llama/Meta-Llama-3.1-8B-Instruct] Temp=0.0 Rep=1 → Concordo fortemente
[2026-05-11 14:50:49,615][__main__][INFO] - ✓ [meta-llama/Meta-Llama-3.1-8B-Instruct] Temp=0.0 Rep=1 → Concordo fortemente
[2026-05-11 14:50:49,756][__main__][INFO] - ✓ [meta-llama/Meta-Llama-3.1-8B-Instruct] Temp=0.0 Rep=1 → Concordo fortemente
[2026-05-11 14:50:49,848][__main__][INFO] - ✓ [meta-llama/Meta-Llama-3.1-8B-Instruct] Temp=0.0 Rep=1 → Concordo fortemente
[2026-05-11 14:50:49,854][__main__][INFO] - ✓ [deepseek-ai/DeepSeek-V3.2] Temp=0.0 Rep=1 → Concordo fortemente
[2026-05-11 14:50:49,937][__main__][INFO] - ✓ [meta-llama/Meta-Llama-3.1-8B-Instruct] Temp=0.0 Rep=1 → Concordo
[2026-05-11 14:50:49,943][__main__][INFO] - ✓ [deepseek-ai/DeepSeek-V3.2] Temp=0.0 Rep=1 → Concordo fortemente
[2026-05-11 14:50:50,187][__main__][INFO] - ✓ [deepseek-ai/DeepSeek-V3.2] Temp=0.0 Rep=1 → Concordo fortemente
[2026-05-11 14:50:50,189][__main__][INFO] - ✓ [deepseek-ai/DeepSeek-V3.2] Temp=0.0 Rep=1 → Concordo
[2026-05-11 14:50:50,213][__main__][INFO] - ✓ [deepseek-ai/DeepSeek-V3.2] Temp=0.0 Rep=1 → Concordo fortemente
[2026-05-11 14:50:50,215][__main__][INFO] - ✓ [meta-llama/Meta-Llama-3.1-8B-Instruct] Temp=0.0 Rep=1 → Concordo
[2026-05-11 14:50:50,227][__main__][INFO] - ✓ [deepseek-ai/DeepSeek-V3.2] Temp=0.0 Rep=1 → Concordo
[2026-05-11 14:50:50,235][__main__][INFO] - ✓ [meta-llama/Meta-Llama-3.1-8B-Instruct] Temp=0.0 Rep=1 → Concordo
[2026-05-11 14:50:50,373][__main__][INFO] - ✓ [deepseek-ai/DeepSeek-V3.2] Temp=0.0 Rep=1 → Concordo fortemente
[2026-05-11 14:50:50,531][__main__][INFO] - ✓ [deepseek-ai/DeepSeek-V3.2] Temp=0.0 Rep=1 → Concordo
[2026-05-11 14:50:50,578][__main__][INFO] - ✓ [meta-llama/Meta-Llama-3.1-8B-Instruct] Temp=0.0 Rep=1 → Concordo fortemente
[2026-05-11 14:50:50,585][__main__][INFO] - ✓ [deepseek-ai/DeepSeek-V3.2] Temp=0.0 Rep=1 → Neutro
[2026-05-11 14:50:50,589][__main__][INFO] - ✓ [meta-llama/Meta-Llama-3.1-8B-Instruct] Temp=0.0 Rep=1 → Concordo fortemente
[2026-05-11 14:50:50,648][__main__][INFO] - ✓ [meta-llama/Meta-Llama-3.1-8B-Instruct] Temp=0.0 Rep=1 → Concordo fortemente
[2026-05-11 14:50:50,896][__main__][INFO] - ✓ [meta-llama/Meta-Llama-3.1-8B-Instruct] Temp=0.0 Rep=1 → Concordo fortemente
[2026-05-11 14:50:50,897][__main__][INFO] - ✓ [deepseek-ai/DeepSeek-V3.2] Temp=0.0 Rep=1 → Neutro
[2026-05-11 14:50:50,899][__main__][INFO] - ✓ [meta-llama/Meta-Llama-3.1-8B-Instruct] Temp=0.0 Rep=1 → Concordo fortemente
[2026-05-11 14:50:50,918][__main__][INFO] - ✓ [meta-llama/Meta-Llama-3.1-8B-Instruct] Temp=0.0 Rep=1 → Concordo fortemente
[2026-05-11 14:50:51,013][__main__][INFO] - ✓ [deepseek-ai/DeepSeek-V3.2] Temp=0.0 Rep=1 → Concordo fortemente
[2026-05-11 14:50:51,210][__main__][INFO] - ✓ [meta-llama/Meta-Llama-3.1-8B-Instruct] Temp=0.0 Rep=1 → Concordo
[2026-05-11 14:50:51,215][__main__][INFO] - ✓ [deepseek-ai/DeepSeek-V3.2] Temp=0.0 Rep=1 → Concordo fortemente
[2026-05-11 14:50:51,244][__main__][INFO] - ✓ [deepseek-ai/DeepSeek-V3.2] Temp=0.0 Rep=1 → Concordo
[2026-05-11 14:50:51,256][__main__][INFO] - ✓ [meta-llama/Meta-Llama-3.1-8B-Instruct] Temp=0.0 Rep=1 → Concordo
[2026-05-11 14:50:51,464][__main__][INFO] - ✓ [meta-llama/Meta-Llama-3.1-8B-Instruct] Temp=0.0 Rep=1 → Concordo
[2026-05-11 14:50:51,491][__main__][INFO] - ✓ [deepseek-ai/DeepSeek-V3.2] Temp=0.0 Rep=1 → Neutro
[2026-05-11 14:50:51,537][__main__][INFO] - ✓ [deepseek-ai/DeepSeek-V3.2] Temp=0.0 Rep=1 → Neutro
[2026-05-11 14:50:51,551][__main__][INFO] - ✓ [meta-llama/Meta-Llama-3.1-8B-Instruct] Temp=0.0 Rep=1 → Concordo
[2026-05-11 14:50:51,571][__main__][INFO] - Salvamento incremental (2520 novas respostas)...
[2026-05-11 14:50:51,630][__main__][INFO] - Cache salvo com 224933 entradas
[2026-05-11 14:50:51,630][__main__][INFO] - ✓ [meta-llama/Meta-Llama-3.1-8B-Instruct] Temp=0.0 Rep=1 → Neutro
[2026-05-11 14:50:51,741][__main__][INFO] - ✓ [deepseek-ai/DeepSeek-V3.2] Temp=0.0 Rep=1 → Concordo fortemente
[2026-05-11 14:50:51,787][__main__][INFO] - ✓ [deepseek-ai/DeepSeek-V3.2] Temp=0.0 Rep=1 → Concordo
[2026-05-11 14:50:51,806][__main__][INFO] - ✓ [deepseek-ai/DeepSeek-V3.2] Temp=0.0 Rep=1 → Concordo fortemente
[2026-05-11 14:50:51,829][__main__][INFO] - ✓ [meta-llama/Meta-Llama-3.1-8B-Instruct] Temp=0.0 Rep=1 → Neutro
[2026-05-11 14:50:51,972][__main__][INFO] - ✓ [deepseek-ai/DeepSeek-V3.2] Temp=0.0 Rep=1 → Neutro
[2026-05-11 14:50:51,974][__main__][INFO] - ✓ [meta-llama/Meta-Llama-3.1-8B-Instruct] Temp=0.0 Rep=1 → Concordo fortemente
[2026-05-11 14:50:52,043][__main__][INFO] - ✓ [meta-llama/Meta-Llama-3.1-8B-Instruct] Temp=0.0 Rep=1 → Concordo
[2026-05-11 14:50:52,060][__main__][INFO] - ✓ [meta-llama/Meta-Llama-3.1-8B-Instruct] Temp=0.0 Rep=1 → Concordo fortemente
[2026-05-11 14:50:52,265][__main__][INFO] - ✓ [meta-llama/Meta-Llama-3.1-8B-Instruct] Temp=0.0 Rep=1 → Concordo
[2026-05-11 14:50:52,333][__main__][INFO] - ✓ [meta-llama/Meta-Llama-3.1-8B-Instruct] Temp=0.0 Rep=1 → Concordo
[2026-05-11 14:50:52,579][__main__][INFO] - ✓ [deepseek-ai/DeepSeek-V3.2] Temp=0.0 Rep=1 → Neutro
[2026-05-11 14:50:52,601][__main__][INFO] - ✓ [deepseek-ai/DeepSeek-V3.2] Temp=0.0 Rep=1 → Neutro
[2026-05-11 14:50:52,628][__main__][INFO] - ✓ [deepseek-ai/DeepSeek-V3.2] Temp=0.0 Rep=1 → Neutro
[2026-05-11 14:50:52,773][__main__][INFO] - ✓ [deepseek-ai/DeepSeek-V3.2] Temp=0.0 Rep=1 → Neutro
[2026-05-11 14:50:52,821][__main__][INFO] - ✓ [deepseek-ai/DeepSeek-V3.2] Temp=0.0 Rep=1 → Neutro
[2026-05-11 14:50:52,995][__main__][INFO] - ✓ [meta-llama/Meta-Llama-3.1-8B-Instruct] Temp=0.0 Rep=1 → Concordo
[2026-05-11 14:50:52,997][__main__][INFO] - ✓ [meta-llama/Meta-Llama-3.1-8B-Instruct] Temp=0.0 Rep=1 → Neutro
[2026-05-11 14:50:52,997][__main__][INFO] - ✓ [meta-llama/Meta-Llama-3.1-8B-Instruct] Temp=0.0 Rep=1 → Concordo
[2026-05-11 14:50:53,013][__main__][INFO] - ✓ [meta-llama/Meta-Llama-3.1-8B-Instruct] Temp=0.0 Rep=1 → Concordo
[2026-05-11 14:50:53,023][__main__][INFO] - ✓ [deepseek-ai/DeepSeek-V3.2] Temp=0.0 Rep=1 → Concordo
[2026-05-11 14:50:53,052][__main__][INFO] - ✓ [deepseek-ai/DeepSeek-V3.2] Temp=0.0 Rep=1 → Concordo fortemente
[2026-05-11 14:50:53,340][__main__][INFO] - ✓ [deepseek-ai/DeepSeek-V3.2] Temp=0.0 Rep=1 → Neutro
[2026-05-11 14:50:53,390][__main__][INFO] - ✓ [meta-llama/Meta-Llama-3.1-8B-Instruct] Temp=0.0 Rep=1 → Concordo fortemente
[2026-05-11 14:50:53,516][__main__][INFO] - ✓ [deepseek-ai/DeepSeek-V3.2] Temp=0.0 Rep=1 → Neutro
[2026-05-11 14:50:53,546][__main__][INFO] - ✓ [meta-llama/Meta-Llama-3.1-8B-Instruct] Temp=0.0 Rep=1 → Concordo fortemente
[2026-05-11 14:50:53,583][__main__][INFO] - ✓ [deepseek-ai/DeepSeek-V3.2] Temp=0.0 Rep=1 → Neutro
[2026-05-11 14:50:53,707][__main__][WARNING] - Resposta inválida (tentativa 1/3) de meta-llama/Meta-Llama-3.1-8B-Instruct: Não posso fornecer uma resposta para essa pergunta Posso aju
[2026-05-11 14:50:53,708][__main__][INFO] - Fazendo retry 2/3...
[2026-05-11 14:50:53,724][__main__][INFO] - ✓ [meta-llama/Meta-Llama-3.1-8B-Instruct] Temp=0.0 Rep=1 → Concordo fortemente
[2026-05-11 14:50:53,848][__main__][INFO] - ✓ [meta-llama/Meta-Llama-3.1-8B-Instruct] Temp=0.0 Rep=1 → Concordo fortemente
[2026-05-11 14:50:54,043][__main__][INFO] - ✓ [deepseek-ai/DeepSeek-V3.2] Temp=0.0 Rep=1 → Concordo fortemente
[2026-05-11 14:50:54,047][__main__][INFO] - ✓ [deepseek-ai/DeepSeek-V3.2] Temp=0.0 Rep=1 → Concordo fortemente
[2026-05-11 14:50:54,047][__main__][INFO] - ✓ [meta-llama/Meta-Llama-3.1-8B-Instruct] Temp=0.0 Rep=1 → Concordo fortemente
[2026-05-11 14:50:54,051][__main__][INFO] - ✓ [deepseek-ai/DeepSeek-V3.2] Temp=0.0 Rep=1 → Neutro
[2026-05-11 14:50:54,082][__main__][INFO] - ✓ [deepseek-ai/DeepSeek-V3.2] Temp=0.0 Rep=1 → Neutro
[2026-05-11 14:50:54,175][__main__][INFO] - ✓ [deepseek-ai/DeepSeek-V3.2] Temp=0.0 Rep=1 → Neutro
[2026-05-11 14:50:54,180][__main__][INFO] - ✓ [meta-llama/Meta-Llama-3.1-8B-Instruct] Temp=0.0 Rep=1 → Concordo fortemente
[2026-05-11 14:50:54,329][__main__][INFO] - ✓ [meta-llama/Meta-Llama-3.1-8B-Instruct] Temp=0.0 Rep=1 → Concordo
[2026-05-11 14:50:54,588][__main__][INFO] - ✓ [meta-llama/Meta-Llama-3.1-8B-Instruct] Temp=0.0 Rep=1 → Concordo fortemente
[2026-05-11 14:50:54,592][__main__][INFO] - ✓ [deepseek-ai/DeepSeek-V3.2] Temp=0.0 Rep=1 → Discordo
[2026-05-11 14:50:54,610][__main__][INFO] - ✓ [meta-llama/Meta-Llama-3.1-8B-Instruct] Temp=0.0 Rep=1 → Concordo fortemente
[2026-05-11 14:50:54,631][__main__][INFO] - Salvamento incremental (2560 novas respostas)...
[2026-05-11 14:50:54,723][__main__][INFO] - Cache salvo com 224973 entradas
[2026-05-11 14:50:54,723][__main__][INFO] - ✓ [deepseek-ai/DeepSeek-V3.2] Temp=0.0 Rep=1 → Discordo
[2026-05-11 14:50:54,725][__main__][INFO] - ✓ [meta-llama/Meta-Llama-3.1-8B-Instruct] Temp=0.0 Rep=1 → Concordo fortemente
[2026-05-11 14:50:54,838][__main__][INFO] - ✓ [deepseek-ai/DeepSeek-V3.2] Temp=0.0 Rep=1 → Concordo fortemente
[2026-05-11 14:50:54,944][__main__][INFO] - ✓ [deepseek-ai/DeepSeek-V3.2] Temp=0.0 Rep=1 → Neutro
[2026-05-11 14:50:55,097][__main__][INFO] - ✓ [meta-llama/Meta-Llama-3.1-8B-Instruct] Temp=0.0 Rep=1 → Concordo fortemente
[2026-05-11 14:50:55,098][__main__][INFO] - ✓ [deepseek-ai/DeepSeek-V3.2] Temp=0.0 Rep=1 → Concordo fortemente
[2026-05-11 14:50:55,152][__main__][INFO] - ✓ [meta-llama/Meta-Llama-3.1-8B-Instruct] Temp=0.0 Rep=1 → Concordo fortemente
[2026-05-11 14:50:55,189][__main__][INFO] - ✓ [deepseek-ai/DeepSeek-V3.2] Temp=0.0 Rep=1 → Concordo fortemente
[2026-05-11 14:50:55,257][__main__][INFO] - ✓ [deepseek-ai/DeepSeek-V3.2] Temp=0.0 Rep=1 → Neutro
[2026-05-11 14:50:55,315][__main__][INFO] - ✓ [deepseek-ai/DeepSeek-V3.2] Temp=0.0 Rep=1 → Discordo
[2026-05-11 14:50:55,322][__main__][INFO] - ✓ [meta-llama/Meta-Llama-3.1-8B-Instruct] Temp=0.0 Rep=1 → Concordo fortemente
[2026-05-11 14:50:55,484][__main__][INFO] - ✓ [meta-llama/Meta-Llama-3.1-8B-Instruct] Temp=0.0 Rep=1 → Concordo fortemente
[2026-05-11 14:50:55,643][__main__][INFO] - ✓ [meta-llama/Meta-Llama-3.1-8B-Instruct] Temp=0.0 Rep=1 → Concordo fortemente
[2026-05-11 14:50:55,644][__main__][INFO] - ✓ [meta-llama/Meta-Llama-3.1-8B-Instruct] Temp=0.0 Rep=1 → Concordo fortemente
[2026-05-11 14:50:55,713][__main__][INFO] - ✓ [deepseek-ai/DeepSeek-V3.2] Temp=0.0 Rep=1 → Neutro
[2026-05-11 14:50:55,754][__main__][INFO] - ✓ [meta-llama/Meta-Llama-3.1-8B-Instruct] Temp=0.0 Rep=1 → Concordo fortemente
[2026-05-11 14:50:55,827][__main__][INFO] - ✓ [deepseek-ai/DeepSeek-V3.2] Temp=0.0 Rep=1 → Concordo fortemente
[2026-05-11 14:50:55,910][__main__][INFO] - ✓ [deepseek-ai/DeepSeek-V3.2] Temp=0.0 Rep=1 → Concordo fortemente
[2026-05-11 14:50:55,952][__main__][INFO] - ✓ [deepseek-ai/DeepSeek-V3.2] Temp=0.0 Rep=1 → Neutro
[2026-05-11 14:50:56,142][__main__][INFO] - ✓ [meta-llama/Meta-Llama-3.1-8B-Instruct] Temp=0.0 Rep=1 → Concordo fortemente
[2026-05-11 14:50:56,143][__main__][INFO] - ✓ [meta-llama/Meta-Llama-3.1-8B-Instruct] Temp=0.0 Rep=1 → Concordo fortemente
[2026-05-11 14:50:56,143][__main__][INFO] - ✓ [meta-llama/Meta-Llama-3.1-8B-Instruct] Temp=0.0 Rep=1 → Concordo fortemente
[2026-05-11 14:50:56,279][__main__][INFO] - ✓ [meta-llama/Meta-Llama-3.1-8B-Instruct] Temp=0.0 Rep=1 → Concordo fortemente
[2026-05-11 14:50:56,393][__main__][INFO] - ✓ [deepseek-ai/DeepSeek-V3.2] Temp=0.0 Rep=1 → Discordo fortemente
[2026-05-11 14:50:56,454][__main__][INFO] - ✓ [deepseek-ai/DeepSeek-V3.2] Temp=0.0 Rep=1 → Concordo fortemente
[2026-05-11 14:50:56,455][__main__][INFO] - ✓ [deepseek-ai/DeepSeek-V3.2] Temp=0.0 Rep=1 → Concordo fortemente
[2026-05-11 14:50:56,478][__main__][INFO] - ✓ [meta-llama/Meta-Llama-3.1-8B-Instruct] Temp=0.0 Rep=1 → Concordo
[2026-05-11 14:50:56,571][__main__][INFO] - ✓ [meta-llama/Meta-Llama-3.1-8B-Instruct] Temp=0.0 Rep=1 → Concordo fortemente
[2026-05-11 14:50:56,665][__main__][INFO] - ✓ [deepseek-ai/DeepSeek-V3.2] Temp=0.0 Rep=1 → Concordo fortemente
[2026-05-11 14:50:56,666][__main__][INFO] - ✓ [deepseek-ai/DeepSeek-V3.2] Temp=0.0 Rep=1 → Concordo fortemente
[2026-05-11 14:50:56,882][__main__][INFO] - ✓ [meta-llama/Meta-Llama-3.1-8B-Instruct] Temp=0.0 Rep=1 → Concordo fortemente
[2026-05-11 14:50:56,888][__main__][INFO] - ✓ [deepseek-ai/DeepSeek-V3.2] Temp=0.0 Rep=1 → Concordo fortemente
[2026-05-11 14:50:56,932][__main__][INFO] - ✓ [meta-llama/Meta-Llama-3.1-8B-Instruct] Temp=0.0 Rep=1 → Concordo
[2026-05-11 14:50:57,039][__main__][INFO] - ✓ [meta-llama/Meta-Llama-3.1-8B-Instruct] Temp=0.0 Rep=1 → Concordo fortemente
[2026-05-11 14:50:57,067][__main__][INFO] - ✓ [deepseek-ai/DeepSeek-V3.2] Temp=0.0 Rep=1 → Concordo fortemente
[2026-05-11 14:50:57,199][__main__][INFO] - ✓ [deepseek-ai/DeepSeek-V3.2] Temp=0.0 Rep=1 → Neutro
[2026-05-11 14:50:57,261][__main__][INFO] - ✓ [meta-llama/Meta-Llama-3.1-8B-Instruct] Temp=0.0 Rep=1 → Concordo
[2026-05-11 14:50:57,357][__main__][INFO] - ✓ [deepseek-ai/DeepSeek-V3.2] Temp=0.0 Rep=1 → Concordo
[2026-05-11 14:50:57,451][__main__][INFO] - ✓ [deepseek-ai/DeepSeek-V3.2] Temp=0.0 Rep=1 → Concordo
[2026-05-11 14:50:57,713][__main__][INFO] - ✓ [meta-llama/Meta-Llama-3.1-8B-Instruct] Temp=0.0 Rep=1 → Concordo fortemente
[2026-05-11 14:50:57,734][__main__][INFO] - Salvamento incremental (2600 novas respostas)...
[2026-05-11 14:50:57,797][__main__][INFO] - Cache salvo com 225013 entradas
[2026-05-11 14:50:57,798][__main__][INFO] - ✓ [deepseek-ai/DeepSeek-V3.2] Temp=0.0 Rep=1 → Neutro
[2026-05-11 14:50:57,799][__main__][INFO] - ✓ [deepseek-ai/DeepSeek-V3.2] Temp=0.0 Rep=1 → Discordo
[2026-05-11 14:50:57,809][__main__][INFO] - ✓ [meta-llama/Meta-Llama-3.1-8B-Instruct] Temp=0.0 Rep=1 → Concordo
[2026-05-11 14:50:57,832][__main__][INFO] - ✓ [deepseek-ai/DeepSeek-V3.2] Temp=0.0 Rep=1 → Neutro
[2026-05-11 14:50:58,075][__main__][INFO] - ✓ [deepseek-ai/DeepSeek-V3.2] Temp=0.0 Rep=1 → Neutro
[2026-05-11 14:50:58,120][__main__][INFO] - ✓ [meta-llama/Meta-Llama-3.1-8B-Instruct] Temp=0.0 Rep=1 → Concordo
[2026-05-11 14:50:58,244][__main__][INFO] - ✓ [meta-llama/Meta-Llama-3.1-8B-Instruct] Temp=0.0 Rep=1 → Concordo
[2026-05-11 14:50:58,265][__main__][INFO] - ✓ [meta-llama/Meta-Llama-3.1-8B-Instruct] Temp=0.0 Rep=1 → Concordo fortemente
[2026-05-11 14:50:58,452][__main__][INFO] - ✓ [meta-llama/Meta-Llama-3.1-8B-Instruct] Temp=0.0 Rep=1 → Concordo
[2026-05-11 14:50:58,598][__main__][INFO] - ✓ [deepseek-ai/DeepSeek-V3.2] Temp=0.0 Rep=1 → Neutro
[2026-05-11 14:50:58,670][__main__][INFO] - ✓ [deepseek-ai/DeepSeek-V3.2] Temp=0.0 Rep=1 → Concordo fortemente
[2026-05-11 14:50:58,821][__main__][INFO] - ✓ [deepseek-ai/DeepSeek-V3.2] Temp=0.0 Rep=1 → Neutro
[2026-05-11 14:50:58,830][__main__][INFO] - ✓ [meta-llama/Meta-Llama-3.1-8B-Instruct] Temp=0.0 Rep=1 → Concordo
[2026-05-11 14:50:58,861][__main__][INFO] - ✓ [deepseek-ai/DeepSeek-V3.2] Temp=0.0 Rep=1 → Neutro
[2026-05-11 14:50:58,883][__main__][INFO] - ✓ [meta-llama/Meta-Llama-3.1-8B-Instruct] Temp=0.0 Rep=1 → Concordo
[2026-05-11 14:50:58,889][__main__][INFO] - ✓ [deepseek-ai/DeepSeek-V3.2] Temp=0.0 Rep=1 → Neutro
[2026-05-11 14:50:59,040][__main__][INFO] - ✓ [deepseek-ai/DeepSeek-V3.2] Temp=0.0 Rep=1 → Neutro
[2026-05-11 14:50:59,070][__main__][INFO] - ✓ [meta-llama/Meta-Llama-3.1-8B-Instruct] Temp=0.0 Rep=1 → Concordo fortemente
[2026-05-11 14:50:59,286][__main__][INFO] - ✓ [deepseek-ai/DeepSeek-V3.2] Temp=0.0 Rep=1 → Neutro
[2026-05-11 14:50:59,288][__main__][INFO] - ✓ [meta-llama/Meta-Llama-3.1-8B-Instruct] Temp=0.0 Rep=1 → Concordo
[2026-05-11 14:50:59,353][__main__][INFO] - ✓ [meta-llama/Meta-Llama-3.1-8B-Instruct] Temp=0.0 Rep=1 → Concordo fortemente
[2026-05-11 14:50:59,409][__main__][INFO] - ✓ [meta-llama/Meta-Llama-3.1-8B-Instruct] Temp=0.0 Rep=1 → Concordo fortemente
[2026-05-11 14:50:59,430][__main__][INFO] - ✓ [meta-llama/Meta-Llama-3.1-8B-Instruct] Temp=0.0 Rep=1 → Concordo fortemente
[2026-05-11 14:50:59,538][__main__][INFO] - ✓ [meta-llama/Meta-Llama-3.1-8B-Instruct] Temp=0.0 Rep=1 → Concordo
[2026-05-11 14:50:59,562][__main__][INFO] - ✓ [deepseek-ai/DeepSeek-V3.2] Temp=0.0 Rep=1 → Concordo
[2026-05-11 14:50:59,812][__main__][INFO] - ✓ [meta-llama/Meta-Llama-3.1-8B-Instruct] Temp=0.0 Rep=1 → Concordo fortemente
[2026-05-11 14:50:59,816][__main__][INFO] - ✓ [meta-llama/Meta-Llama-3.1-8B-Instruct] Temp=0.0 Rep=1 → Concordo fortemente
[2026-05-11 14:50:59,827][__main__][INFO] - ✓ [deepseek-ai/DeepSeek-V3.2] Temp=0.0 Rep=1 → Concordo
[2026-05-11 14:50:59,828][__main__][INFO] - ✓ [deepseek-ai/DeepSeek-V3.2] Temp=0.0 Rep=1 → Concordo
[2026-05-11 14:50:59,906][__main__][INFO] - ✓ [meta-llama/Meta-Llama-3.1-8B-Instruct] Temp=0.0 Rep=1 → Concordo fortemente
[2026-05-11 14:51:00,230][__main__][INFO] - ✓ [deepseek-ai/DeepSeek-V3.2] Temp=0.0 Rep=1 → Concordo fortemente
[2026-05-11 14:51:00,335][__main__][INFO] - ✓ [meta-llama/Meta-Llama-3.1-8B-Instruct] Temp=0.0 Rep=1 → Concordo fortemente
[2026-05-11 14:51:00,336][__main__][INFO] - ✓ [deepseek-ai/DeepSeek-V3.2] Temp=0.0 Rep=1 → Concordo fortemente
[2026-05-11 14:51:00,351][__main__][INFO] - ✓ [meta-llama/Meta-Llama-3.1-8B-Instruct] Temp=0.0 Rep=1 → Concordo
[2026-05-11 14:51:00,354][__main__][INFO] - ✓ [meta-llama/Meta-Llama-3.1-8B-Instruct] Temp=0.0 Rep=1 → Concordo
[2026-05-11 14:51:00,387][__main__][INFO] - ✓ [deepseek-ai/DeepSeek-V3.2] Temp=0.0 Rep=1 → Concordo fortemente
[2026-05-11 14:51:00,659][__main__][INFO] - ✓ [deepseek-ai/DeepSeek-V3.2] Temp=0.0 Rep=1 → Concordo fortemente
[2026-05-11 14:51:00,698][__main__][INFO] - ✓ [deepseek-ai/DeepSeek-V3.2] Temp=0.0 Rep=1 → Concordo
[2026-05-11 14:51:00,730][__main__][INFO] - ✓ [meta-llama/Meta-Llama-3.1-8B-Instruct] Temp=0.0 Rep=1 → Concordo
[2026-05-11 14:51:00,862][__main__][INFO] - ✓ [deepseek-ai/DeepSeek-V3.2] Temp=0.0 Rep=1 → Neutro
[2026-05-11 14:51:00,864][__main__][INFO] - Salvamento incremental (2640 novas respostas)...
[2026-05-11 14:51:00,920][__main__][INFO] - Cache salvo com 225053 entradas
[2026-05-11 14:51:00,920][__main__][INFO] - ✓ [meta-llama/Meta-Llama-3.1-8B-Instruct] Temp=0.0 Rep=1 → Concordo
[2026-05-11 14:51:00,923][__main__][INFO] - ✓ [meta-llama/Meta-Llama-3.1-8B-Instruct] Temp=0.0 Rep=1 → Concordo fortemente
[2026-05-11 14:51:00,923][__main__][INFO] - ✓ [deepseek-ai/DeepSeek-V3.2] Temp=0.0 Rep=1 → Concordo
[2026-05-11 14:51:00,944][__main__][INFO] - ✓ [deepseek-ai/DeepSeek-V3.2] Temp=0.0 Rep=1 → Concordo fortemente
[2026-05-11 14:51:01,283][__main__][INFO] - ✓ [deepseek-ai/DeepSeek-V3.2] Temp=0.0 Rep=1 → Concordo
[2026-05-11 14:51:01,383][__main__][INFO] - ✓ [meta-llama/Meta-Llama-3.1-8B-Instruct] Temp=0.0 Rep=1 → Concordo fortemente
[2026-05-11 14:51:01,489][__main__][INFO] - ✓ [deepseek-ai/DeepSeek-V3.2] Temp=0.0 Rep=1 → Concordo
[2026-05-11 14:51:01,494][__main__][INFO] - ✓ [meta-llama/Meta-Llama-3.1-8B-Instruct] Temp=0.0 Rep=1 → Concordo fortemente
[2026-05-11 14:51:01,538][__main__][INFO] - ✓ [meta-llama/Meta-Llama-3.1-8B-Instruct] Temp=0.0 Rep=1 → Concordo fortemente
[2026-05-11 14:51:01,614][__main__][INFO] - ✓ [deepseek-ai/DeepSeek-V3.2] Temp=0.0 Rep=1 → Concordo
[2026-05-11 14:51:01,632][__main__][INFO] - ✓ [deepseek-ai/DeepSeek-V3.2] Temp=0.0 Rep=1 → Concordo
[2026-05-11 14:51:01,673][__main__][INFO] - ✓ [deepseek-ai/DeepSeek-V3.2] Temp=0.0 Rep=1 → Concordo
[2026-05-11 14:51:01,818][__main__][INFO] - ✓ [deepseek-ai/DeepSeek-V3.2] Temp=0.0 Rep=1 → Concordo fortemente
[2026-05-11 14:51:01,907][__main__][INFO] - ✓ [meta-llama/Meta-Llama-3.1-8B-Instruct] Temp=0.0 Rep=1 → Concordo fortemente
[2026-05-11 14:51:01,916][__main__][INFO] - ✓ [meta-llama/Meta-Llama-3.1-8B-Instruct] Temp=0.0 Rep=1 → Concordo fortemente
[2026-05-11 14:51:01,932][__main__][INFO] - ✓ [meta-llama/Meta-Llama-3.1-8B-Instruct] Temp=0.0 Rep=1 → Concordo fortemente
[2026-05-11 14:51:02,108][__main__][INFO] - ✓ [meta-llama/Meta-Llama-3.1-8B-Instruct] Temp=0.0 Rep=1 → Concordo fortemente
[2026-05-11 14:51:02,111][__main__][INFO] - ✓ [meta-llama/Meta-Llama-3.1-8B-Instruct] Temp=0.0 Rep=1 → Concordo fortemente
[2026-05-11 14:51:02,162][__main__][INFO] - ✓ [deepseek-ai/DeepSeek-V3.2] Temp=0.0 Rep=1 → Concordo fortemente
[2026-05-11 14:51:02,216][__main__][INFO] - ✓ [meta-llama/Meta-Llama-3.1-8B-Instruct] Temp=0.0 Rep=1 → Concordo
[2026-05-11 14:51:02,522][__main__][INFO] - ✓ [meta-llama/Meta-Llama-3.1-8B-Instruct] Temp=0.0 Rep=1 → Concordo fortemente
[2026-05-11 14:51:02,526][__main__][INFO] - ✓ [meta-llama/Meta-Llama-3.1-8B-Instruct] Temp=0.0 Rep=1 → Concordo fortemente
[2026-05-11 14:51:02,595][__main__][INFO] - ✓ [meta-llama/Meta-Llama-3.1-8B-Instruct] Temp=0.0 Rep=1 → Concordo fortemente
[2026-05-11 14:51:02,632][__main__][INFO] - ✓ [deepseek-ai/DeepSeek-V3.2] Temp=0.0 Rep=1 → Concordo
[2026-05-11 14:51:02,650][__main__][INFO] - ✓ [deepseek-ai/DeepSeek-V3.2] Temp=0.0 Rep=1 → Concordo fortemente
[2026-05-11 14:51:02,715][__main__][INFO] - ✓ [deepseek-ai/DeepSeek-V3.2] Temp=0.0 Rep=1 → Neutro
[2026-05-11 14:51:02,725][__main__][INFO] - ✓ [deepseek-ai/DeepSeek-V3.2] Temp=0.0 Rep=1 → Concordo fortemente
[2026-05-11 14:51:02,734][__main__][INFO] - ✓ [deepseek-ai/DeepSeek-V3.2] Temp=0.0 Rep=1 → Concordo fortemente
[2026-05-11 14:51:02,978][__main__][INFO] - ✓ [meta-llama/Meta-Llama-3.1-8B-Instruct] Temp=0.0 Rep=1 → Concordo fortemente
[2026-05-11 14:51:02,986][__main__][INFO] - ✓ [deepseek-ai/DeepSeek-V3.2] Temp=0.0 Rep=1 → Neutro
[2026-05-11 14:51:03,047][__main__][INFO] - ✓ [deepseek-ai/DeepSeek-V3.2] Temp=0.0 Rep=1 → Concordo fortemente
[2026-05-11 14:51:03,113][__main__][INFO] - ✓ [meta-llama/Meta-Llama-3.1-8B-Instruct] Temp=0.0 Rep=1 → Concordo
[2026-05-11 14:51:03,114][__main__][INFO] - ✓ [meta-llama/Meta-Llama-3.1-8B-Instruct] Temp=0.0 Rep=1 → Concordo fortemente
[2026-05-11 14:51:03,299][__main__][INFO] - ✓ [meta-llama/Meta-Llama-3.1-8B-Instruct] Temp=0.0 Rep=1 → Concordo
[2026-05-11 14:51:03,483][__main__][INFO] - ✓ [meta-llama/Meta-Llama-3.1-8B-Instruct] Temp=0.0 Rep=1 → Concordo
[2026-05-11 14:51:03,484][__main__][INFO] - ✓ [deepseek-ai/DeepSeek-V3.2] Temp=0.0 Rep=1 → Concordo fortemente
[2026-05-11 14:51:03,589][__main__][INFO] - ✓ [meta-llama/Meta-Llama-3.1-8B-Instruct] Temp=0.0 Rep=1 → Concordo
[2026-05-11 14:51:03,632][__main__][INFO] - ✓ [deepseek-ai/DeepSeek-V3.2] Temp=0.0 Rep=1 → Neutro
[2026-05-11 14:51:03,653][__main__][INFO] - ✓ [deepseek-ai/DeepSeek-V3.2] Temp=0.0 Rep=1 → Neutro
[2026-05-11 14:51:03,668][__main__][INFO] - ✓ [deepseek-ai/DeepSeek-V3.2] Temp=0.0 Rep=1 → Neutro
[2026-05-11 14:51:03,697][__main__][INFO] - Salvamento incremental (2680 novas respostas)...
[2026-05-11 14:51:03,744][__main__][INFO] - Cache salvo com 225093 entradas
[2026-05-11 14:51:03,745][__main__][INFO] - ✓ [deepseek-ai/DeepSeek-V3.2] Temp=0.0 Rep=1 → Neutro
[2026-05-11 14:51:03,746][__main__][INFO] - ✓ [deepseek-ai/DeepSeek-V3.2] Temp=0.0 Rep=1 → Concordo fortemente
[2026-05-11 14:51:04,007][__main__][INFO] - ✓ [meta-llama/Meta-Llama-3.1-8B-Instruct] Temp=0.0 Rep=1 → Concordo fortemente
[2026-05-11 14:51:04,011][__main__][INFO] - ✓ [deepseek-ai/DeepSeek-V3.2] Temp=0.0 Rep=1 → Neutro
[2026-05-11 14:51:04,053][__main__][INFO] - ✓ [meta-llama/Meta-Llama-3.1-8B-Instruct] Temp=0.0 Rep=1 → Concordo
[2026-05-11 14:51:04,067][__main__][INFO] - ✓ [deepseek-ai/DeepSeek-V3.2] Temp=0.0 Rep=1 → Neutro
[2026-05-11 14:51:04,210][__main__][INFO] - ✓ [meta-llama/Meta-Llama-3.1-8B-Instruct] Temp=0.0 Rep=1 → Concordo
[2026-05-11 14:51:04,349][__main__][INFO] - ✓ [deepseek-ai/DeepSeek-V3.2] Temp=0.0 Rep=1 → Concordo fortemente
[2026-05-11 14:51:04,614][__main__][INFO] - ✓ [deepseek-ai/DeepSeek-V3.2] Temp=0.0 Rep=1 → Neutro
[2026-05-11 14:51:04,618][__main__][INFO] - ✓ [deepseek-ai/DeepSeek-V3.2] Temp=0.0 Rep=1 → Neutro
[2026-05-11 14:51:04,653][__main__][INFO] - ✓ [meta-llama/Meta-Llama-3.1-8B-Instruct] Temp=0.0 Rep=1 → Concordo fortemente
[2026-05-11 14:51:04,700][__main__][INFO] - ✓ [deepseek-ai/DeepSeek-V3.2] Temp=0.0 Rep=1 → Concordo
[2026-05-11 14:51:04,727][__main__][INFO] - ✓ [deepseek-ai/DeepSeek-V3.2] Temp=0.0 Rep=1 → Neutro
[2026-05-11 14:51:04,763][__main__][INFO] - ✓ [deepseek-ai/DeepSeek-V3.2] Temp=0.0 Rep=1 → Concordo
[2026-05-11 14:51:04,774][__main__][INFO] - ✓ [meta-llama/Meta-Llama-3.1-8B-Instruct] Temp=0.0 Rep=1 → Concordo
[2026-05-11 14:51:05,080][__main__][INFO] - ✓ [meta-llama/Meta-Llama-3.1-8B-Instruct] Temp=0.0 Rep=1 → Concordo
[2026-05-11 14:51:05,215][__main__][INFO] - ✓ [meta-llama/Meta-Llama-3.1-8B-Instruct] Temp=0.0 Rep=1 → Concordo fortemente
[2026-05-11 14:51:05,266][__main__][INFO] - ✓ [meta-llama/Meta-Llama-3.1-8B-Instruct] Temp=0.0 Rep=1 → Concordo fortemente
[2026-05-11 14:51:05,353][__main__][INFO] - ✓ [deepseek-ai/DeepSeek-V3.2] Temp=0.0 Rep=1 → Neutro
[2026-05-11 14:51:05,396][__main__][INFO] - ✓ [deepseek-ai/DeepSeek-V3.2] Temp=0.0 Rep=1 → Concordo fortemente
[2026-05-11 14:51:05,435][__main__][INFO] - ✓ [meta-llama/Meta-Llama-3.1-8B-Instruct] Temp=0.0 Rep=1 → Concordo
[2026-05-11 14:51:05,619][__main__][INFO] - ✓ [meta-llama/Meta-Llama-3.1-8B-Instruct] Temp=0.0 Rep=1 → Concordo fortemente
[2026-05-11 14:51:05,732][__main__][INFO] - ✓ [meta-llama/Meta-Llama-3.1-8B-Instruct] Temp=0.0 Rep=1 → Discordo fortemente
[2026-05-11 14:51:05,891][__main__][INFO] - ✓ [meta-llama/Meta-Llama-3.1-8B-Instruct] Temp=0.0 Rep=1 → Concordo fortemente
[2026-05-11 14:51:05,904][__main__][INFO] - ✓ [deepseek-ai/DeepSeek-V3.2] Temp=0.0 Rep=1 → Concordo
[2026-05-11 14:51:06,104][__main__][INFO] - ✓ [deepseek-ai/DeepSeek-V3.2] Temp=0.0 Rep=1 → Concordo
[2026-05-11 14:51:06,283][__main__][INFO] - ✓ [meta-llama/Meta-Llama-3.1-8B-Instruct] Temp=0.0 Rep=1 → Concordo fortemente
[2026-05-11 14:51:06,302][__main__][INFO] - ✓ [deepseek-ai/DeepSeek-V3.2] Temp=0.0 Rep=1 → Neutro
[2026-05-11 14:51:06,518][__main__][INFO] - ✓ [deepseek-ai/DeepSeek-V3.2] Temp=0.0 Rep=1 → Neutro
[2026-05-11 14:51:06,627][__main__][INFO] - ✓ [deepseek-ai/DeepSeek-V3.2] Temp=0.0 Rep=1 → Neutro
[2026-05-11 14:51:06,628][__main__][INFO] - ✓ [deepseek-ai/DeepSeek-V3.2] Temp=0.0 Rep=1 → Neutro
[2026-05-11 14:51:06,638][__main__][INFO] - ✓ [meta-llama/Meta-Llama-3.1-8B-Instruct] Temp=0.0 Rep=1 → Concordo fortemente
[2026-05-11 14:51:06,708][__main__][INFO] - ✓ [meta-llama/Meta-Llama-3.1-8B-Instruct] Temp=0.0 Rep=1 → Concordo fortemente
[2026-05-11 14:51:06,831][__main__][INFO] - ✓ [meta-llama/Meta-Llama-3.1-8B-Instruct] Temp=0.0 Rep=1 → Concordo fortemente
[2026-05-11 14:51:06,850][__main__][INFO] - ✓ [meta-llama/Meta-Llama-3.1-8B-Instruct] Temp=0.0 Rep=1 → Concordo fortemente
[2026-05-11 14:51:07,053][__main__][INFO] - ✓ [deepseek-ai/DeepSeek-V3.2] Temp=0.0 Rep=1 → Neutro
[2026-05-11 14:51:07,160][__main__][INFO] - ✓ [meta-llama/Meta-Llama-3.1-8B-Instruct] Temp=0.0 Rep=1 → Concordo fortemente
[2026-05-11 14:51:07,178][__main__][INFO] - ✓ [deepseek-ai/DeepSeek-V3.2] Temp=0.0 Rep=1 → Concordo
[2026-05-11 14:51:07,205][__main__][INFO] - ✓ [meta-llama/Meta-Llama-3.1-8B-Instruct] Temp=0.0 Rep=1 → Concordo fortemente
[2026-05-11 14:51:07,347][__main__][INFO] - ✓ [deepseek-ai/DeepSeek-V3.2] Temp=0.0 Rep=1 → Concordo
[2026-05-11 14:51:07,486][__main__][INFO] - Salvamento incremental (2720 novas respostas)...
[2026-05-11 14:51:07,539][__main__][INFO] - Cache salvo com 225133 entradas
[2026-05-11 14:51:07,540][__main__][INFO] - ✓ [meta-llama/Meta-Llama-3.1-8B-Instruct] Temp=0.0 Rep=1 → Concordo fortemente
[2026-05-11 14:51:07,541][__main__][INFO] - ✓ [deepseek-ai/DeepSeek-V3.2] Temp=0.0 Rep=1 → Neutro
[2026-05-11 14:51:07,555][__main__][INFO] - ✓ [deepseek-ai/DeepSeek-V3.2] Temp=0.0 Rep=1 → Neutro
[2026-05-11 14:51:07,688][__main__][INFO] - ✓ [meta-llama/Meta-Llama-3.1-8B-Instruct] Temp=0.0 Rep=1 → Concordo fortemente
[2026-05-11 14:51:07,691][__main__][INFO] - ✓ [meta-llama/Meta-Llama-3.1-8B-Instruct] Temp=0.0 Rep=1 → Concordo fortemente
[2026-05-11 14:51:07,693][__main__][INFO] - ✓ [deepseek-ai/DeepSeek-V3.2] Temp=0.0 Rep=1 → Neutro
[2026-05-11 14:51:07,699][__main__][INFO] - ✓ [meta-llama/Meta-Llama-3.1-8B-Instruct] Temp=0.0 Rep=1 → Concordo fortemente
[2026-05-11 14:51:08,009][__main__][INFO] - ✓ [meta-llama/Meta-Llama-3.1-8B-Instruct] Temp=0.0 Rep=1 → Concordo fortemente
[2026-05-11 14:51:08,031][__main__][INFO] - ✓ [deepseek-ai/DeepSeek-V3.2] Temp=0.0 Rep=1 → Neutro
[2026-05-11 14:51:08,199][__main__][INFO] - ✓ [meta-llama/Meta-Llama-3.1-8B-Instruct] Temp=0.0 Rep=1 → Concordo fortemente
[2026-05-11 14:51:08,202][__main__][INFO] - ✓ [meta-llama/Meta-Llama-3.1-8B-Instruct] Temp=0.0 Rep=1 → Concordo fortemente
[2026-05-11 14:51:08,241][__main__][INFO] - ✓ [deepseek-ai/DeepSeek-V3.2] Temp=0.0 Rep=1 → Concordo
[2026-05-11 14:51:08,281][__main__][INFO] - ✓ [deepseek-ai/DeepSeek-V3.2] Temp=0.0 Rep=1 → Concordo
[2026-05-11 14:51:08,283][__main__][INFO] - ✓ [deepseek-ai/DeepSeek-V3.2] Temp=0.0 Rep=1 → Concordo
[2026-05-11 14:51:08,561][__main__][INFO] - ✓ [meta-llama/Meta-Llama-3.1-8B-Instruct] Temp=0.0 Rep=1 → Concordo
[2026-05-11 14:51:08,589][__main__][INFO] - ✓ [meta-llama/Meta-Llama-3.1-8B-Instruct] Temp=0.0 Rep=1 → Discordo fortemente
[2026-05-11 14:51:08,633][__main__][INFO] - ✓ [deepseek-ai/DeepSeek-V3.2] Temp=0.0 Rep=1 → Concordo
[2026-05-11 14:51:08,721][__main__][INFO] - ✓ [meta-llama/Meta-Llama-3.1-8B-Instruct] Temp=0.0 Rep=1 → Concordo fortemente
[2026-05-11 14:51:08,723][__main__][INFO] - ✓ [meta-llama/Meta-Llama-3.1-8B-Instruct] Temp=0.0 Rep=1 → Concordo fortemente
[2026-05-11 14:51:08,820][__main__][INFO] - ✓ [deepseek-ai/DeepSeek-V3.2] Temp=0.0 Rep=1 → Neutro
[2026-05-11 14:51:08,981][__main__][INFO] - ✓ [deepseek-ai/DeepSeek-V3.2] Temp=0.0 Rep=1 → Neutro
[2026-05-11 14:51:08,991][__main__][INFO] - ✓ [meta-llama/Meta-Llama-3.1-8B-Instruct] Temp=0.0 Rep=1 → Discordo fortemente
[2026-05-11 14:51:09,023][__main__][INFO] - ✓ [meta-llama/Meta-Llama-3.1-8B-Instruct] Temp=0.0 Rep=1 → Neutro
[2026-05-11 14:51:09,056][__main__][INFO] - ✓ [meta-llama/Meta-Llama-3.1-8B-Instruct] Temp=0.0 Rep=1 → Neutro
[2026-05-11 14:51:09,094][__main__][INFO] - ✓ [deepseek-ai/DeepSeek-V3.2] Temp=0.0 Rep=1 → Neutro
[2026-05-11 14:51:09,247][__main__][INFO] - ✓ [deepseek-ai/DeepSeek-V3.2] Temp=0.0 Rep=1 → Concordo fortemente
[2026-05-11 14:51:09,273][__main__][INFO] - ✓ [deepseek-ai/DeepSeek-V3.2] Temp=0.0 Rep=1 → Concordo fortemente
[2026-05-11 14:51:09,394][__main__][INFO] - ✓ [meta-llama/Meta-Llama-3.1-8B-Instruct] Temp=0.0 Rep=1 → Concordo fortemente
[2026-05-11 14:51:09,440][__main__][INFO] - ✓ [meta-llama/Meta-Llama-3.1-8B-Instruct] Temp=0.0 Rep=1 → Concordo fortemente
[2026-05-11 14:51:09,507][__main__][INFO] - ✓ [deepseek-ai/DeepSeek-V3.2] Temp=0.0 Rep=1 → Neutro
[2026-05-11 14:51:09,594][__main__][INFO] - ✓ [deepseek-ai/DeepSeek-V3.2] Temp=0.0 Rep=1 → Neutro
[2026-05-11 14:51:09,653][__main__][INFO] - ✓ [deepseek-ai/DeepSeek-V3.2] Temp=0.0 Rep=1 → Neutro
[2026-05-11 14:51:09,808][__main__][INFO] - ✓ [meta-llama/Meta-Llama-3.1-8B-Instruct] Temp=0.0 Rep=1 → Concordo fortemente
[2026-05-11 14:51:09,827][__main__][INFO] - ✓ [meta-llama/Meta-Llama-3.1-8B-Instruct] Temp=0.0 Rep=1 → Concordo fortemente
[2026-05-11 14:51:09,844][__main__][INFO] - ✓ [deepseek-ai/DeepSeek-V3.2] Temp=0.0 Rep=1 → Concordo
[2026-05-11 14:51:09,846][__main__][INFO] - ✓ [meta-llama/Meta-Llama-3.1-8B-Instruct] Temp=0.0 Rep=1 → Concordo fortemente
[2026-05-11 14:51:09,877][__main__][INFO] - ✓ [deepseek-ai/DeepSeek-V3.2] Temp=0.0 Rep=1 → Neutro
[2026-05-11 14:51:10,066][__main__][INFO] - ✓ [deepseek-ai/DeepSeek-V3.2] Temp=0.0 Rep=1 → Neutro
[2026-05-11 14:51:10,155][__main__][INFO] - ✓ [meta-llama/Meta-Llama-3.1-8B-Instruct] Temp=0.0 Rep=1 → Concordo fortemente
[2026-05-11 14:51:10,297][__main__][INFO] - ✓ [meta-llama/Meta-Llama-3.1-8B-Instruct] Temp=0.0 Rep=1 → Concordo fortemente
[2026-05-11 14:51:10,301][__main__][INFO] - Salvamento incremental (2760 novas respostas)...
[2026-05-11 14:51:10,371][__main__][INFO] - Cache salvo com 225173 entradas
[2026-05-11 14:51:10,371][__main__][INFO] - ✓ [deepseek-ai/DeepSeek-V3.2] Temp=0.0 Rep=1 → Concordo fortemente
[2026-05-11 14:51:10,373][__main__][INFO] - ✓ [meta-llama/Meta-Llama-3.1-8B-Instruct] Temp=0.0 Rep=1 → Concordo fortemente
[2026-05-11 14:51:10,520][__main__][INFO] - ✓ [meta-llama/Meta-Llama-3.1-8B-Instruct] Temp=0.0 Rep=1 → Concordo fortemente
[2026-05-11 14:51:10,585][__main__][INFO] - ✓ [deepseek-ai/DeepSeek-V3.2] Temp=0.0 Rep=1 → Concordo
[2026-05-11 14:51:10,590][__main__][INFO] - ✓ [meta-llama/Meta-Llama-3.1-8B-Instruct] Temp=0.0 Rep=1 → Concordo fortemente
[2026-05-11 14:51:10,656][__main__][INFO] - ✓ [deepseek-ai/DeepSeek-V3.2] Temp=0.0 Rep=1 → Concordo
[2026-05-11 14:51:10,671][__main__][INFO] - ✓ [deepseek-ai/DeepSeek-V3.2] Temp=0.0 Rep=1 → Neutro
[2026-05-11 14:51:10,676][__main__][INFO] - ✓ [deepseek-ai/DeepSeek-V3.2] Temp=0.0 Rep=1 → Concordo fortemente
[2026-05-11 14:51:10,714][__main__][INFO] - ✓ [meta-llama/Meta-Llama-3.1-8B-Instruct] Temp=0.0 Rep=1 → Concordo fortemente
[2026-05-11 14:51:10,719][__main__][INFO] - ✓ [deepseek-ai/DeepSeek-V3.2] Temp=0.0 Rep=1 → Neutro
[2026-05-11 14:51:10,822][__main__][INFO] - ✓ [meta-llama/Meta-Llama-3.1-8B-Instruct] Temp=0.0 Rep=1 → Concordo fortemente
[2026-05-11 14:51:11,046][__main__][INFO] - ✓ [meta-llama/Meta-Llama-3.1-8B-Instruct] Temp=0.0 Rep=1 → Concordo fortemente
[2026-05-11 14:51:11,099][__main__][INFO] - ✓ [meta-llama/Meta-Llama-3.1-8B-Instruct] Temp=0.0 Rep=1 → Concordo fortemente
[2026-05-11 14:51:11,146][__main__][INFO] - ✓ [meta-llama/Meta-Llama-3.1-8B-Instruct] Temp=0.0 Rep=1 → Concordo fortemente
[2026-05-11 14:51:11,237][__main__][INFO] - ✓ [meta-llama/Meta-Llama-3.1-8B-Instruct] Temp=0.0 Rep=1 → Concordo fortemente
[2026-05-11 14:51:11,350][__main__][INFO] - ✓ [deepseek-ai/DeepSeek-V3.2] Temp=0.0 Rep=1 → Concordo fortemente
[2026-05-11 14:51:11,369][__main__][INFO] - ✓ [deepseek-ai/DeepSeek-V3.2] Temp=0.0 Rep=1 → Concordo fortemente
[2026-05-11 14:51:11,382][__main__][INFO] - ✓ [deepseek-ai/DeepSeek-V3.2] Temp=0.0 Rep=1 → Concordo
[2026-05-11 14:51:11,574][__main__][INFO] - ✓ [meta-llama/Meta-Llama-3.1-8B-Instruct] Temp=0.0 Rep=1 → Concordo fortemente
[2026-05-11 14:51:11,634][__main__][INFO] - ✓ [deepseek-ai/DeepSeek-V3.2] Temp=0.0 Rep=1 → Concordo
[2026-05-11 14:51:11,772][__main__][INFO] - ✓ [meta-llama/Meta-Llama-3.1-8B-Instruct] Temp=0.0 Rep=1 → Concordo fortemente
[2026-05-11 14:51:11,881][__main__][INFO] - ✓ [meta-llama/Meta-Llama-3.1-8B-Instruct] Temp=0.0 Rep=1 → Concordo fortemente
[2026-05-11 14:51:11,940][__main__][INFO] - ✓ [deepseek-ai/DeepSeek-V3.2] Temp=0.0 Rep=1 → Concordo fortemente
[2026-05-11 14:51:11,956][__main__][INFO] - ✓ [meta-llama/Meta-Llama-3.1-8B-Instruct] Temp=0.0 Rep=1 → Concordo fortemente
[2026-05-11 14:51:11,959][__main__][INFO] - ✓ [deepseek-ai/DeepSeek-V3.2] Temp=0.0 Rep=1 → Concordo
[2026-05-11 14:51:12,025][__main__][INFO] - ✓ [deepseek-ai/DeepSeek-V3.2] Temp=0.0 Rep=1 → Concordo
[2026-05-11 14:51:12,193][__main__][INFO] - ✓ [deepseek-ai/DeepSeek-V3.2] Temp=0.0 Rep=1 → Concordo fortemente
[2026-05-11 14:51:12,201][__main__][INFO] - ✓ [meta-llama/Meta-Llama-3.1-8B-Instruct] Temp=0.0 Rep=1 → Concordo fortemente
[2026-05-11 14:51:12,285][__main__][INFO] - ✓ [meta-llama/Meta-Llama-3.1-8B-Instruct] Temp=0.0 Rep=1 → Concordo
[2026-05-11 14:51:12,303][__main__][INFO] - ✓ [meta-llama/Meta-Llama-3.1-8B-Instruct] Temp=0.0 Rep=1 → Concordo
[2026-05-11 14:51:12,393][__main__][INFO] - ✓ [deepseek-ai/DeepSeek-V3.2] Temp=0.0 Rep=1 → Concordo fortemente
[2026-05-11 14:51:12,394][__main__][INFO] - ✓ [meta-llama/Meta-Llama-3.1-8B-Instruct] Temp=0.0 Rep=1 → Discordo fortemente
[2026-05-11 14:51:12,456][__main__][INFO] - ✓ [deepseek-ai/DeepSeek-V3.2] Temp=0.0 Rep=1 → Concordo fortemente
[2026-05-11 14:51:12,480][__main__][INFO] - ✓ [deepseek-ai/DeepSeek-V3.2] Temp=0.0 Rep=1 → Concordo fortemente
[2026-05-11 14:51:12,728][__main__][INFO] - ✓ [meta-llama/Meta-Llama-3.1-8B-Instruct] Temp=0.0 Rep=1 → Concordo fortemente
[2026-05-11 14:51:12,769][__main__][INFO] - ✓ [meta-llama/Meta-Llama-3.1-8B-Instruct] Temp=0.0 Rep=1 → Concordo fortemente
[2026-05-11 14:51:12,916][__main__][INFO] - ✓ [meta-llama/Meta-Llama-3.1-8B-Instruct] Temp=0.0 Rep=1 → Concordo fortemente
[2026-05-11 14:51:13,077][__main__][INFO] - ✓ [deepseek-ai/DeepSeek-V3.2] Temp=0.0 Rep=1 → Neutro
[2026-05-11 14:51:13,089][__main__][INFO] - ✓ [deepseek-ai/DeepSeek-V3.2] Temp=0.0 Rep=1 → Neutro
[2026-05-11 14:51:13,145][__main__][INFO] - ✓ [meta-llama/Meta-Llama-3.1-8B-Instruct] Temp=0.0 Rep=1 → Concordo fortemente
[2026-05-11 14:51:13,169][__main__][INFO] - Salvamento incremental (2800 novas respostas)...
[2026-05-11 14:51:13,224][__main__][INFO] - Cache salvo com 225213 entradas
[2026-05-11 14:51:13,224][__main__][INFO] - ✓ [deepseek-ai/DeepSeek-V3.2] Temp=0.0 Rep=1 → Neutro
[2026-05-11 14:51:13,226][__main__][INFO] - ✓ [meta-llama/Meta-Llama-3.1-8B-Instruct] Temp=0.0 Rep=1 → Concordo fortemente
[2026-05-11 14:51:13,226][__main__][INFO] - ✓ [meta-llama/Meta-Llama-3.1-8B-Instruct] Temp=0.0 Rep=1 → Concordo
[2026-05-11 14:51:13,261][__main__][INFO] - ✓ [deepseek-ai/DeepSeek-V3.2] Temp=0.0 Rep=1 → Concordo fortemente
[2026-05-11 14:51:13,304][__main__][INFO] - ✓ [deepseek-ai/DeepSeek-V3.2] Temp=0.0 Rep=1 → Concordo fortemente
[2026-05-11 14:51:13,533][__main__][INFO] - ✓ [meta-llama/Meta-Llama-3.1-8B-Instruct] Temp=0.0 Rep=1 → Neutro
[2026-05-11 14:51:13,642][__main__][INFO] - ✓ [meta-llama/Meta-Llama-3.1-8B-Instruct] Temp=0.0 Rep=1 → Neutro
[2026-05-11 14:51:13,661][__main__][INFO] - ✓ [meta-llama/Meta-Llama-3.1-8B-Instruct] Temp=0.0 Rep=1 → Neutro
[2026-05-11 14:51:13,871][__main__][INFO] - ✓ [deepseek-ai/DeepSeek-V3.2] Temp=0.0 Rep=1 → Concordo
[2026-05-11 14:51:13,973][__main__][INFO] - ✓ [meta-llama/Meta-Llama-3.1-8B-Instruct] Temp=0.0 Rep=1 → Concordo fortemente
[2026-05-11 14:51:13,975][__main__][INFO] - ✓ [deepseek-ai/DeepSeek-V3.2] Temp=0.0 Rep=1 → Concordo fortemente
[2026-05-11 14:51:14,121][__main__][INFO] - ✓ [deepseek-ai/DeepSeek-V3.2] Temp=0.0 Rep=1 → Concordo
[2026-05-11 14:51:14,155][__main__][INFO] - ✓ [meta-llama/Meta-Llama-3.1-8B-Instruct] Temp=0.0 Rep=1 → Concordo fortemente
[2026-05-11 14:51:14,291][__main__][INFO] - ✓ [deepseek-ai/DeepSeek-V3.2] Temp=0.0 Rep=1 → Neutro
[2026-05-11 14:51:14,344][__main__][INFO] - ✓ [meta-llama/Meta-Llama-3.1-8B-Instruct] Temp=0.0 Rep=1 → Concordo fortemente
[2026-05-11 14:51:14,582][__main__][INFO] - ✓ [meta-llama/Meta-Llama-3.1-8B-Instruct] Temp=0.0 Rep=1 → Concordo
[2026-05-11 14:51:14,612][__main__][INFO] - ✓ [meta-llama/Meta-Llama-3.1-8B-Instruct] Temp=0.0 Rep=1 → Concordo fortemente
[2026-05-11 14:51:14,694][__main__][INFO] - ✓ [meta-llama/Meta-Llama-3.1-8B-Instruct] Temp=0.0 Rep=1 → Neutro
[2026-05-11 14:51:14,723][__main__][INFO] - ✓ [deepseek-ai/DeepSeek-V3.2] Temp=0.0 Rep=1 → Neutro
[2026-05-11 14:51:14,806][__main__][INFO] - ✓ [deepseek-ai/DeepSeek-V3.2] Temp=0.0 Rep=1 → Concordo fortemente
[2026-05-11 14:51:15,171][__main__][INFO] - ✓ [deepseek-ai/DeepSeek-V3.2] Temp=0.0 Rep=1 → Concordo
[2026-05-11 14:51:15,175][__main__][INFO] - ✓ [meta-llama/Meta-Llama-3.1-8B-Instruct] Temp=0.0 Rep=1 → Concordo fortemente
[2026-05-11 14:51:15,217][__main__][INFO] - ✓ [meta-llama/Meta-Llama-3.1-8B-Instruct] Temp=0.0 Rep=1 → Concordo
[2026-05-11 14:51:15,373][__main__][INFO] - ✓ [deepseek-ai/DeepSeek-V3.2] Temp=0.0 Rep=1 → Neutro
[2026-05-11 14:51:15,382][__main__][INFO] - ✓ [deepseek-ai/DeepSeek-V3.2] Temp=0.0 Rep=1 → Neutro
[2026-05-11 14:51:15,598][__main__][INFO] - ✓ [meta-llama/Meta-Llama-3.1-8B-Instruct] Temp=0.0 Rep=1 → Concordo
[2026-05-11 14:51:15,664][__main__][INFO] - ✓ [deepseek-ai/DeepSeek-V3.2] Temp=0.0 Rep=1 → Concordo fortemente
[2026-05-11 14:51:15,862][__main__][INFO] - ✓ [deepseek-ai/DeepSeek-V3.2] Temp=0.0 Rep=1 → Neutro
[2026-05-11 14:51:15,962][__main__][INFO] - ✓ [meta-llama/Meta-Llama-3.1-8B-Instruct] Temp=0.0 Rep=1 → Concordo fortemente
[2026-05-11 14:51:15,973][__main__][INFO] - ✓ [deepseek-ai/DeepSeek-V3.2] Temp=0.0 Rep=1 → Neutro
[2026-05-11 14:51:16,062][__main__][INFO] - ✓ [meta-llama/Meta-Llama-3.1-8B-Instruct] Temp=0.0 Rep=1 → Concordo fortemente
[2026-05-11 14:51:16,669][__main__][INFO] - ✓ [deepseek-ai/DeepSeek-V3.2] Temp=0.0 Rep=1 → Neutro
[2026-05-11 14:51:16,671][__main__][INFO] - ✓ [deepseek-ai/DeepSeek-V3.2] Temp=0.0 Rep=1 → Concordo fortemente
[2026-05-11 14:51:16,671][__main__][INFO] - ✓ [deepseek-ai/DeepSeek-V3.2] Temp=0.0 Rep=1 → Concordo fortemente
[2026-05-11 14:51:16,729][__main__][INFO] - ✓ [deepseek-ai/DeepSeek-V3.2] Temp=0.0 Rep=1 → Concordo
[2026-05-11 14:51:17,111][__main__][INFO] - ✓ [meta-llama/Meta-Llama-3.1-8B-Instruct] Temp=0.0 Rep=1 → Concordo fortemente
[2026-05-11 14:51:17,112][__main__][INFO] - ✓ [meta-llama/Meta-Llama-3.1-8B-Instruct] Temp=0.0 Rep=1 → Concordo fortemente
[2026-05-11 14:51:17,511][__main__][INFO] - ✓ [deepseek-ai/DeepSeek-V3.2] Temp=0.0 Rep=1 → Discordo
[2026-05-11 14:51:17,675][__main__][INFO] - ✓ [deepseek-ai/DeepSeek-V3.2] Temp=0.0 Rep=1 → Concordo fortemente
[2026-05-11 14:51:17,681][__main__][INFO] - ✓ [deepseek-ai/DeepSeek-V3.2] Temp=0.0 Rep=1 → Neutro
[2026-05-11 14:51:17,690][__main__][INFO] - Salvamento incremental (2840 novas respostas)...
[2026-05-11 14:51:17,742][__main__][INFO] - Cache salvo com 225253 entradas
[2026-05-11 14:51:17,742][__main__][INFO] - ✓ [deepseek-ai/DeepSeek-V3.2] Temp=0.0 Rep=1 → Neutro
[2026-05-11 14:51:17,744][__main__][INFO] - ✓ [deepseek-ai/DeepSeek-V3.2] Temp=0.0 Rep=1 → Concordo
[2026-05-11 14:51:17,806][__main__][INFO] - ✓ [meta-llama/Meta-Llama-3.1-8B-Instruct] Temp=0.0 Rep=1 → Concordo fortemente
[2026-05-11 14:51:17,914][__main__][INFO] - ✓ [meta-llama/Meta-Llama-3.1-8B-Instruct] Temp=0.0 Rep=1 → Concordo fortemente
[2026-05-11 14:51:18,068][__main__][INFO] - ✓ [meta-llama/Meta-Llama-3.1-8B-Instruct] Temp=0.0 Rep=1 → Concordo fortemente
[2026-05-11 14:51:18,329][__main__][INFO] - ✓ [meta-llama/Meta-Llama-3.1-8B-Instruct] Temp=0.0 Rep=1 → Concordo fortemente
[2026-05-11 14:51:18,423][__main__][INFO] - ✓ [deepseek-ai/DeepSeek-V3.2] Temp=0.0 Rep=1 → Concordo fortemente
[2026-05-11 14:51:18,444][__main__][INFO] - ✓ [deepseek-ai/DeepSeek-V3.2] Temp=0.0 Rep=1 → Concordo
[2026-05-11 14:51:18,535][__main__][INFO] - ✓ [deepseek-ai/DeepSeek-V3.2] Temp=0.0 Rep=1 → Concordo fortemente
[2026-05-11 14:51:18,684][__main__][INFO] - ✓ [meta-llama/Meta-Llama-3.1-8B-Instruct] Temp=0.0 Rep=1 → Concordo fortemente
[2026-05-11 14:51:18,841][__main__][INFO] - ✓ [meta-llama/Meta-Llama-3.1-8B-Instruct] Temp=0.0 Rep=1 → Concordo fortemente
[2026-05-11 14:51:19,035][__main__][INFO] - ✓ [deepseek-ai/DeepSeek-V3.2] Temp=0.0 Rep=1 → Neutro
[2026-05-11 14:51:19,041][__main__][INFO] - ✓ [deepseek-ai/DeepSeek-V3.2] Temp=0.0 Rep=1 → Neutro
[2026-05-11 14:51:19,068][__main__][INFO] - ✓ [meta-llama/Meta-Llama-3.1-8B-Instruct] Temp=0.0 Rep=1 → Concordo
[2026-05-11 14:51:19,222][__main__][INFO] - ✓ [meta-llama/Meta-Llama-3.1-8B-Instruct] Temp=0.0 Rep=1 → Concordo fortemente
[2026-05-11 14:51:19,641][__main__][INFO] - ✓ [deepseek-ai/DeepSeek-V3.2] Temp=0.0 Rep=1 → Concordo
[2026-05-11 14:51:19,734][__main__][INFO] - ✓ [meta-llama/Meta-Llama-3.1-8B-Instruct] Temp=0.0 Rep=1 → Concordo fortemente
[2026-05-11 14:51:19,741][__main__][INFO] - ✓ [meta-llama/Meta-Llama-3.1-8B-Instruct] Temp=0.0 Rep=1 → Concordo fortemente
[2026-05-11 14:51:19,822][__main__][INFO] - ✓ [deepseek-ai/DeepSeek-V3.2] Temp=0.0 Rep=1 → Concordo
[2026-05-11 14:51:19,926][__main__][INFO] - ✓ [deepseek-ai/DeepSeek-V3.2] Temp=0.0 Rep=1 → Concordo fortemente
[2026-05-11 14:51:20,088][__main__][INFO] - ✓ [meta-llama/Meta-Llama-3.1-8B-Instruct] Temp=0.0 Rep=1 → Concordo fortemente
[2026-05-11 14:51:20,155][__main__][INFO] - ✓ [deepseek-ai/DeepSeek-V3.2] Temp=0.0 Rep=1 → Neutro
[2026-05-11 14:51:20,257][__main__][INFO] - ✓ [meta-llama/Meta-Llama-3.1-8B-Instruct] Temp=0.0 Rep=1 → Concordo
[2026-05-11 14:51:20,259][__main__][INFO] - ✓ [meta-llama/Meta-Llama-3.1-8B-Instruct] Temp=0.0 Rep=1 → Concordo fortemente
[2026-05-11 14:51:20,591][__main__][INFO] - ✓ [deepseek-ai/DeepSeek-V3.2] Temp=0.0 Rep=1 → Neutro
[2026-05-11 14:51:20,602][__main__][INFO] - ✓ [meta-llama/Meta-Llama-3.1-8B-Instruct] Temp=0.0 Rep=1 → Concordo fortemente
[2026-05-11 14:51:20,612][__main__][INFO] - ✓ [deepseek-ai/DeepSeek-V3.2] Temp=0.0 Rep=1 → Concordo
[2026-05-11 14:51:20,613][__main__][INFO] - ✓ [deepseek-ai/DeepSeek-V3.2] Temp=0.0 Rep=1 → Concordo fortemente
[2026-05-11 14:51:20,869][__main__][INFO] - ✓ [meta-llama/Meta-Llama-3.1-8B-Instruct] Temp=0.0 Rep=1 → Concordo fortemente
[2026-05-11 14:51:20,901][__main__][INFO] - ✓ [deepseek-ai/DeepSeek-V3.2] Temp=0.0 Rep=1 → Concordo
[2026-05-11 14:51:20,961][__main__][INFO] - ✓ [meta-llama/Meta-Llama-3.1-8B-Instruct] Temp=0.0 Rep=1 → Concordo fortemente
[2026-05-11 14:51:20,985][__main__][INFO] - ✓ [deepseek-ai/DeepSeek-V3.2] Temp=0.0 Rep=1 → Discordo
[2026-05-11 14:51:21,029][__main__][INFO] - ✓ [deepseek-ai/DeepSeek-V3.2] Temp=0.0 Rep=1 → Concordo fortemente
[2026-05-11 14:51:21,068][__main__][INFO] - ✓ [meta-llama/Meta-Llama-3.1-8B-Instruct] Temp=0.0 Rep=1 → Concordo fortemente
[2026-05-11 14:51:21,167][__main__][INFO] - ✓ [meta-llama/Meta-Llama-3.1-8B-Instruct] Temp=0.0 Rep=1 → Concordo
[2026-05-11 14:51:21,385][__main__][INFO] - ✓ [deepseek-ai/DeepSeek-V3.2] Temp=0.0 Rep=1 → Concordo
[2026-05-11 14:51:21,403][__main__][INFO] - ✓ [meta-llama/Meta-Llama-3.1-8B-Instruct] Temp=0.0 Rep=1 → Concordo fortemente
[2026-05-11 14:51:21,448][__main__][INFO] - ✓ [meta-llama/Meta-Llama-3.1-8B-Instruct] Temp=0.0 Rep=1 → Concordo fortemente
[2026-05-11 14:51:21,517][__main__][INFO] - ✓ [meta-llama/Meta-Llama-3.1-8B-Instruct] Temp=0.0 Rep=1 → Concordo fortemente
[2026-05-11 14:51:21,577][__main__][INFO] - ✓ [deepseek-ai/DeepSeek-V3.2] Temp=0.0 Rep=1 → Neutro
[2026-05-11 14:51:21,620][__main__][INFO] - Salvamento incremental (2880 novas respostas)...
[2026-05-11 14:51:21,672][__main__][INFO] - Cache salvo com 225293 entradas
[2026-05-11 14:51:21,672][__main__][INFO] - ✓ [deepseek-ai/DeepSeek-V3.2] Temp=0.0 Rep=1 → Concordo
[2026-05-11 14:51:21,674][__main__][INFO] - ✓ [meta-llama/Meta-Llama-3.1-8B-Instruct] Temp=0.0 Rep=1 → Concordo fortemente
[2026-05-11 14:51:21,830][__main__][INFO] - ✓ [meta-llama/Meta-Llama-3.1-8B-Instruct] Temp=0.0 Rep=1 → Concordo fortemente
[2026-05-11 14:51:21,898][__main__][INFO] - ✓ [meta-llama/Meta-Llama-3.1-8B-Instruct] Temp=0.0 Rep=1 → Concordo
[2026-05-11 14:51:21,953][__main__][INFO] - ✓ [deepseek-ai/DeepSeek-V3.2] Temp=0.0 Rep=1 → Neutro
[2026-05-11 14:51:21,991][__main__][INFO] - ✓ [meta-llama/Meta-Llama-3.1-8B-Instruct] Temp=0.0 Rep=1 → Concordo
[2026-05-11 14:51:22,005][__main__][INFO] - ✓ [meta-llama/Meta-Llama-3.1-8B-Instruct] Temp=0.0 Rep=1 → Concordo
[2026-05-11 14:51:22,072][__main__][INFO] - ✓ [deepseek-ai/DeepSeek-V3.2] Temp=0.0 Rep=1 → Neutro
[2026-05-11 14:51:22,353][__main__][INFO] - ✓ [deepseek-ai/DeepSeek-V3.2] Temp=0.0 Rep=1 → Neutro
[2026-05-11 14:51:22,368][__main__][INFO] - ✓ [meta-llama/Meta-Llama-3.1-8B-Instruct] Temp=0.0 Rep=1 → Neutro
[2026-05-11 14:51:22,408][__main__][INFO] - ✓ [meta-llama/Meta-Llama-3.1-8B-Instruct] Temp=0.0 Rep=1 → Concordo
[2026-05-11 14:51:22,647][__main__][INFO] - ✓ [deepseek-ai/DeepSeek-V3.2] Temp=0.0 Rep=1 → Concordo
[2026-05-11 14:51:22,878][__main__][INFO] - ✓ [deepseek-ai/DeepSeek-V3.2] Temp=0.0 Rep=1 → Neutro
[2026-05-11 14:51:22,879][__main__][INFO] - ✓ [meta-llama/Meta-Llama-3.1-8B-Instruct] Temp=0.0 Rep=1 → Concordo fortemente
[2026-05-11 14:51:22,882][__main__][INFO] - ✓ [deepseek-ai/DeepSeek-V3.2] Temp=0.0 Rep=1 → Concordo fortemente
[2026-05-11 14:51:22,899][__main__][INFO] - ✓ [meta-llama/Meta-Llama-3.1-8B-Instruct] Temp=0.0 Rep=1 → Concordo fortemente
[2026-05-11 14:51:23,041][__main__][INFO] - ✓ [deepseek-ai/DeepSeek-V3.2] Temp=0.0 Rep=1 → Neutro
[2026-05-11 14:51:23,120][__main__][INFO] - ✓ [deepseek-ai/DeepSeek-V3.2] Temp=0.0 Rep=1 → Neutro
[2026-05-11 14:51:23,188][__main__][INFO] - ✓ [meta-llama/Meta-Llama-3.1-8B-Instruct] Temp=0.0 Rep=1 → Concordo
[2026-05-11 14:51:23,405][__main__][INFO] - ✓ [deepseek-ai/DeepSeek-V3.2] Temp=0.0 Rep=1 → Neutro
[2026-05-11 14:51:23,477][__main__][INFO] - ✓ [deepseek-ai/DeepSeek-V3.2] Temp=0.0 Rep=1 → Concordo fortemente
[2026-05-11 14:51:23,485][__main__][INFO] - ✓ [deepseek-ai/DeepSeek-V3.2] Temp=0.0 Rep=1 → Concordo fortemente
[2026-05-11 14:51:23,490][__main__][INFO] - ✓ [meta-llama/Meta-Llama-3.1-8B-Instruct] Temp=0.0 Rep=1 → Concordo fortemente
[2026-05-11 14:51:23,500][__main__][INFO] - ✓ [deepseek-ai/DeepSeek-V3.2] Temp=0.0 Rep=1 → Neutro
[2026-05-11 14:51:23,640][__main__][INFO] - ✓ [meta-llama/Meta-Llama-3.1-8B-Instruct] Temp=0.0 Rep=1 → Concordo fortemente
[2026-05-11 14:51:23,650][__main__][INFO] - ✓ [meta-llama/Meta-Llama-3.1-8B-Instruct] Temp=0.0 Rep=1 → Concordo fortemente
[2026-05-11 14:51:23,701][__main__][INFO] - ✓ [deepseek-ai/DeepSeek-V3.2] Temp=0.0 Rep=1 → Neutro
[2026-05-11 14:51:23,777][__main__][INFO] - ✓ [deepseek-ai/DeepSeek-V3.2] Temp=0.0 Rep=1 → Neutro
[2026-05-11 14:51:23,806][__main__][INFO] - ✓ [meta-llama/Meta-Llama-3.1-8B-Instruct] Temp=0.0 Rep=1 → Concordo
[2026-05-11 14:51:23,948][__main__][INFO] - ✓ [meta-llama/Meta-Llama-3.1-8B-Instruct] Temp=0.0 Rep=1 → Concordo fortemente
[2026-05-11 14:51:23,952][__main__][INFO] - ✓ [meta-llama/Meta-Llama-3.1-8B-Instruct] Temp=0.0 Rep=1 → Concordo
[2026-05-11 14:51:23,985][__main__][INFO] - ✓ [meta-llama/Meta-Llama-3.1-8B-Instruct] Temp=0.0 Rep=1 → Concordo
[2026-05-11 14:51:24,204][__main__][INFO] - ✓ [meta-llama/Meta-Llama-3.1-8B-Instruct] Temp=0.0 Rep=1 → Concordo fortemente
[2026-05-11 14:51:24,311][__main__][INFO] - ✓ [meta-llama/Meta-Llama-3.1-8B-Instruct] Temp=0.0 Rep=1 → Concordo
[2026-05-11 14:51:24,323][__main__][INFO] - ✓ [meta-llama/Meta-Llama-3.1-8B-Instruct] Temp=0.0 Rep=1 → Concordo fortemente
[2026-05-11 14:51:24,482][__main__][INFO] - ✓ [deepseek-ai/DeepSeek-V3.2] Temp=0.0 Rep=1 → Neutro
[2026-05-11 14:51:24,568][__main__][INFO] - ✓ [deepseek-ai/DeepSeek-V3.2] Temp=0.0 Rep=1 → Neutro
[2026-05-11 14:51:24,573][__main__][INFO] - ✓ [deepseek-ai/DeepSeek-V3.2] Temp=0.0 Rep=1 → Neutro
[2026-05-11 14:51:24,764][__main__][INFO] - ✓ [meta-llama/Meta-Llama-3.1-8B-Instruct] Temp=0.0 Rep=1 → Concordo
[2026-05-11 14:51:24,842][__main__][INFO] - ✓ [deepseek-ai/DeepSeek-V3.2] Temp=0.0 Rep=1 → Concordo fortemente
[2026-05-11 14:51:24,979][__main__][INFO] - Salvamento incremental (2920 novas respostas)...
[2026-05-11 14:51:25,035][__main__][INFO] - Cache salvo com 225333 entradas
[2026-05-11 14:51:25,035][__main__][INFO] - ✓ [meta-llama/Meta-Llama-3.1-8B-Instruct] Temp=0.0 Rep=1 → Concordo
[2026-05-11 14:51:25,038][__main__][INFO] - ✓ [deepseek-ai/DeepSeek-V3.2] Temp=0.0 Rep=1 → Concordo
[2026-05-11 14:51:25,038][__main__][INFO] - ✓ [deepseek-ai/DeepSeek-V3.2] Temp=0.0 Rep=1 → Concordo fortemente
[2026-05-11 14:51:25,038][__main__][INFO] - ✓ [meta-llama/Meta-Llama-3.1-8B-Instruct] Temp=0.0 Rep=1 → Concordo fortemente
[2026-05-11 14:51:25,041][__main__][INFO] - ✓ [deepseek-ai/DeepSeek-V3.2] Temp=0.0 Rep=1 → Concordo fortemente
[2026-05-11 14:51:25,054][__main__][INFO] - ✓ [deepseek-ai/DeepSeek-V3.2] Temp=0.0 Rep=1 → Concordo fortemente
[2026-05-11 14:51:25,401][__main__][INFO] - ✓ [meta-llama/Meta-Llama-3.1-8B-Instruct] Temp=0.0 Rep=1 → Concordo fortemente
[2026-05-11 14:51:25,501][__main__][INFO] - ✓ [deepseek-ai/DeepSeek-V3.2] Temp=0.0 Rep=1 → Concordo fortemente
[2026-05-11 14:51:25,515][__main__][INFO] - ✓ [meta-llama/Meta-Llama-3.1-8B-Instruct] Temp=0.0 Rep=1 → Concordo fortemente
[2026-05-11 14:51:25,524][__main__][INFO] - ✓ [meta-llama/Meta-Llama-3.1-8B-Instruct] Temp=0.0 Rep=1 → Concordo fortemente
[2026-05-11 14:51:25,651][__main__][INFO] - ✓ [deepseek-ai/DeepSeek-V3.2] Temp=0.0 Rep=1 → Neutro
[2026-05-11 14:51:25,696][__main__][INFO] - ✓ [deepseek-ai/DeepSeek-V3.2] Temp=0.0 Rep=1 → Concordo fortemente
[2026-05-11 14:51:25,706][__main__][INFO] - ✓ [deepseek-ai/DeepSeek-V3.2] Temp=0.0 Rep=1 → Neutro
[2026-05-11 14:51:25,821][__main__][INFO] - ✓ [meta-llama/Meta-Llama-3.1-8B-Instruct] Temp=0.0 Rep=1 → Concordo
[2026-05-11 14:51:25,841][__main__][INFO] - ✓ [meta-llama/Meta-Llama-3.1-8B-Instruct] Temp=0.0 Rep=1 → Concordo
[2026-05-11 14:51:25,902][__main__][INFO] - ✓ [deepseek-ai/DeepSeek-V3.2] Temp=0.0 Rep=1 → Concordo fortemente
[2026-05-11 14:51:25,920][__main__][INFO] - ✓ [deepseek-ai/DeepSeek-V3.2] Temp=0.0 Rep=1 → Concordo fortemente
[2026-05-11 14:51:26,023][__main__][INFO] - ✓ [meta-llama/Meta-Llama-3.1-8B-Instruct] Temp=0.0 Rep=1 → Concordo fortemente
[2026-05-11 14:51:26,139][__main__][INFO] - ✓ [meta-llama/Meta-Llama-3.1-8B-Instruct] Temp=0.0 Rep=1 → Concordo
[2026-05-11 14:51:26,175][__main__][INFO] - ✓ [meta-llama/Meta-Llama-3.1-8B-Instruct] Temp=0.0 Rep=1 → Concordo
[2026-05-11 14:51:26,182][__main__][INFO] - ✓ [meta-llama/Meta-Llama-3.1-8B-Instruct] Temp=0.0 Rep=1 → Concordo fortemente
[2026-05-11 14:51:26,374][__main__][INFO] - ✓ [deepseek-ai/DeepSeek-V3.2] Temp=0.0 Rep=1 → Concordo fortemente
[2026-05-11 14:51:26,549][__main__][INFO] - ✓ [deepseek-ai/DeepSeek-V3.2] Temp=0.0 Rep=1 → Discordo fortemente
[2026-05-11 14:51:26,554][__main__][INFO] - ✓ [meta-llama/Meta-Llama-3.1-8B-Instruct] Temp=0.0 Rep=1 → Concordo
[2026-05-11 14:51:26,555][__main__][INFO] - ✓ [meta-llama/Meta-Llama-3.1-8B-Instruct] Temp=0.0 Rep=1 → Concordo fortemente
[2026-05-11 14:51:26,569][__main__][INFO] - ✓ [meta-llama/Meta-Llama-3.1-8B-Instruct] Temp=0.0 Rep=1 → Concordo fortemente
[2026-05-11 14:51:26,585][__main__][INFO] - ✓ [deepseek-ai/DeepSeek-V3.2] Temp=0.0 Rep=1 → Concordo fortemente
[2026-05-11 14:51:26,668][__main__][INFO] - ✓ [deepseek-ai/DeepSeek-V3.2] Temp=0.0 Rep=1 → Neutro
[2026-05-11 14:51:26,709][__main__][INFO] - ✓ [deepseek-ai/DeepSeek-V3.2] Temp=0.0 Rep=1 → Neutro
[2026-05-11 14:51:26,872][__main__][INFO] - ✓ [meta-llama/Meta-Llama-3.1-8B-Instruct] Temp=0.0 Rep=1 → Neutro
[2026-05-11 14:51:26,973][__main__][INFO] - ✓ [meta-llama/Meta-Llama-3.1-8B-Instruct] Temp=0.0 Rep=1 → Concordo
[2026-05-11 14:51:26,981][__main__][INFO] - ✓ [meta-llama/Meta-Llama-3.1-8B-Instruct] Temp=0.0 Rep=1 → Concordo
[2026-05-11 14:51:27,155][__main__][INFO] - ✓ [deepseek-ai/DeepSeek-V3.2] Temp=0.0 Rep=1 → Neutro
[2026-05-11 14:51:27,345][__main__][INFO] - ✓ [meta-llama/Meta-Llama-3.1-8B-Instruct] Temp=0.0 Rep=1 → Concordo fortemente
[2026-05-11 14:51:27,422][__main__][INFO] - ✓ [deepseek-ai/DeepSeek-V3.2] Temp=0.0 Rep=1 → Concordo fortemente
[2026-05-11 14:51:27,500][__main__][INFO] - ✓ [deepseek-ai/DeepSeek-V3.2] Temp=0.0 Rep=1 → Neutro
[2026-05-11 14:51:27,598][__main__][INFO] - ✓ [meta-llama/Meta-Llama-3.1-8B-Instruct] Temp=0.0 Rep=1 → Concordo
[2026-05-11 14:51:27,599][__main__][INFO] - ✓ [meta-llama/Meta-Llama-3.1-8B-Instruct] Temp=0.0 Rep=1 → Neutro
[2026-05-11 14:51:27,600][__main__][INFO] - ✓ [deepseek-ai/DeepSeek-V3.2] Temp=0.0 Rep=1 → Concordo fortemente
[2026-05-11 14:51:27,600][__main__][INFO] - ✓ [deepseek-ai/DeepSeek-V3.2] Temp=0.0 Rep=1 → Neutro
[2026-05-11 14:51:27,617][__main__][INFO] - Salvamento incremental (2960 novas respostas)...
[2026-05-11 14:51:27,676][__main__][INFO] - Cache salvo com 225373 entradas
[2026-05-11 14:51:27,677][__main__][INFO] - ✓ [deepseek-ai/DeepSeek-V3.2] Temp=0.0 Rep=1 → Concordo fortemente
[2026-05-11 14:51:27,898][__main__][INFO] - ✓ [deepseek-ai/DeepSeek-V3.2] Temp=0.0 Rep=1 → Neutro
[2026-05-11 14:51:27,920][__main__][INFO] - ✓ [meta-llama/Meta-Llama-3.1-8B-Instruct] Temp=0.0 Rep=1 → Concordo
[2026-05-11 14:51:27,939][__main__][INFO] - ✓ [meta-llama/Meta-Llama-3.1-8B-Instruct] Temp=0.0 Rep=1 → Concordo
[2026-05-11 14:51:28,005][__main__][INFO] - ✓ [meta-llama/Meta-Llama-3.1-8B-Instruct] Temp=0.0 Rep=1 → Concordo
[2026-05-11 14:51:28,151][__main__][INFO] - ✓ [deepseek-ai/DeepSeek-V3.2] Temp=0.0 Rep=1 → Concordo
[2026-05-11 14:51:28,272][__main__][INFO] - ✓ [meta-llama/Meta-Llama-3.1-8B-Instruct] Temp=0.0 Rep=1 → Discordo fortemente
[2026-05-11 14:51:28,274][__main__][INFO] - ✓ [deepseek-ai/DeepSeek-V3.2] Temp=0.0 Rep=1 → Neutro
[2026-05-11 14:51:28,287][__main__][INFO] - ✓ [meta-llama/Meta-Llama-3.1-8B-Instruct] Temp=0.0 Rep=1 → Discordo fortemente
[2026-05-11 14:51:28,298][__main__][INFO] - ✓ [deepseek-ai/DeepSeek-V3.2] Temp=0.0 Rep=1 → Neutro
[2026-05-11 14:51:28,396][__main__][INFO] - ✓ [meta-llama/Meta-Llama-3.1-8B-Instruct] Temp=0.0 Rep=1 → Discordo fortemente
[2026-05-11 14:51:28,412][__main__][INFO] - ✓ [deepseek-ai/DeepSeek-V3.2] Temp=0.0 Rep=1 → Concordo fortemente
[2026-05-11 14:51:28,647][__main__][INFO] - ✓ [deepseek-ai/DeepSeek-V3.2] Temp=0.0 Rep=1 → Concordo fortemente
[2026-05-11 14:51:28,654][__main__][INFO] - ✓ [meta-llama/Meta-Llama-3.1-8B-Instruct] Temp=0.0 Rep=1 → Concordo
[2026-05-11 14:51:28,659][__main__][INFO] - ✓ [deepseek-ai/DeepSeek-V3.2] Temp=0.0 Rep=1 → Neutro
[2026-05-11 14:51:28,738][__main__][INFO] - ✓ [meta-llama/Meta-Llama-3.1-8B-Instruct] Temp=0.0 Rep=1 → Concordo fortemente
[2026-05-11 14:51:28,741][__main__][INFO] - ✓ [meta-llama/Meta-Llama-3.1-8B-Instruct] Temp=0.0 Rep=1 → Concordo
[2026-05-11 14:51:28,778][__main__][INFO] - ✓ [deepseek-ai/DeepSeek-V3.2] Temp=0.0 Rep=1 → Neutro
[2026-05-11 14:51:28,888][__main__][INFO] - ✓ [deepseek-ai/DeepSeek-V3.2] Temp=0.0 Rep=1 → Discordo fortemente
[2026-05-11 14:51:29,008][__main__][INFO] - ✓ [meta-llama/Meta-Llama-3.1-8B-Instruct] Temp=0.0 Rep=1 → Concordo fortemente
[2026-05-11 14:51:29,169][__main__][INFO] - ✓ [deepseek-ai/DeepSeek-V3.2] Temp=0.0 Rep=1 → Concordo fortemente
[2026-05-11 14:51:29,172][__main__][INFO] - ✓ [meta-llama/Meta-Llama-3.1-8B-Instruct] Temp=0.0 Rep=1 → Concordo fortemente
[2026-05-11 14:51:29,219][__main__][INFO] - ✓ [meta-llama/Meta-Llama-3.1-8B-Instruct] Temp=0.0 Rep=1 → Concordo fortemente
[2026-05-11 14:51:29,561][__main__][INFO] - ✓ [deepseek-ai/DeepSeek-V3.2] Temp=0.0 Rep=1 → Concordo fortemente
[2026-05-11 14:51:29,695][__main__][INFO] - ✓ [meta-llama/Meta-Llama-3.1-8B-Instruct] Temp=0.0 Rep=1 → Concordo fortemente
[2026-05-11 14:51:29,699][__main__][INFO] - ✓ [meta-llama/Meta-Llama-3.1-8B-Instruct] Temp=0.0 Rep=1 → Concordo fortemente
[2026-05-11 14:51:29,776][__main__][INFO] - ✓ [deepseek-ai/DeepSeek-V3.2] Temp=0.0 Rep=1 → Neutro
[2026-05-11 14:51:29,832][__main__][INFO] - ✓ [meta-llama/Meta-Llama-3.1-8B-Instruct] Temp=0.0 Rep=1 → Concordo fortemente
[2026-05-11 14:51:29,884][__main__][INFO] - ✓ [deepseek-ai/DeepSeek-V3.2] Temp=0.0 Rep=1 → Concordo fortemente
[2026-05-11 14:51:29,892][__main__][INFO] - ✓ [deepseek-ai/DeepSeek-V3.2] Temp=0.0 Rep=1 → Discordo fortemente
[2026-05-11 14:51:29,944][__main__][INFO] - ✓ [deepseek-ai/DeepSeek-V3.2] Temp=0.0 Rep=1 → Discordo fortemente
[2026-05-11 14:51:29,983][__main__][INFO] - ✓ [deepseek-ai/DeepSeek-V3.2] Temp=0.0 Rep=1 → Concordo fortemente
[2026-05-11 14:51:30,218][__main__][INFO] - ✓ [meta-llama/Meta-Llama-3.1-8B-Instruct] Temp=0.0 Rep=1 → Discordo fortemente
[2026-05-11 14:51:30,220][__main__][INFO] - ✓ [meta-llama/Meta-Llama-3.1-8B-Instruct] Temp=0.0 Rep=1 → Discordo fortemente
[2026-05-11 14:51:30,261][__main__][INFO] - ✓ [meta-llama/Meta-Llama-3.1-8B-Instruct] Temp=0.0 Rep=1 → Discordo fortemente
[2026-05-11 14:51:30,556][__main__][INFO] - ✓ [deepseek-ai/DeepSeek-V3.2] Temp=0.0 Rep=1 → Concordo fortemente
[2026-05-11 14:51:30,575][__main__][INFO] - ✓ [meta-llama/Meta-Llama-3.1-8B-Instruct] Temp=0.0 Rep=1 → Concordo fortemente
[2026-05-11 14:51:30,592][__main__][INFO] - ✓ [meta-llama/Meta-Llama-3.1-8B-Instruct] Temp=0.0 Rep=1 → Concordo fortemente
[2026-05-11 14:51:30,609][__main__][INFO] - ✓ [meta-llama/Meta-Llama-3.1-8B-Instruct] Temp=0.0 Rep=1 → Concordo fortemente
[2026-05-11 14:51:30,623][__main__][INFO] - ✓ [deepseek-ai/DeepSeek-V3.2] Temp=0.0 Rep=1 → Concordo fortemente
[2026-05-11 14:51:30,792][__main__][INFO] - Salvamento incremental (3000 novas respostas)...
[2026-05-11 14:51:30,855][__main__][INFO] - Cache salvo com 225413 entradas
[2026-05-11 14:51:30,855][__main__][INFO] - ✓ [deepseek-ai/DeepSeek-V3.2] Temp=0.0 Rep=1 → Discordo fortemente
[2026-05-11 14:51:30,858][__main__][INFO] - ✓ [deepseek-ai/DeepSeek-V3.2] Temp=0.0 Rep=1 → Concordo fortemente
[2026-05-11 14:51:30,858][__main__][INFO] - ✓ [deepseek-ai/DeepSeek-V3.2] Temp=0.0 Rep=1 → Concordo fortemente
[2026-05-11 14:51:30,858][__main__][INFO] - ✓ [deepseek-ai/DeepSeek-V3.2] Temp=0.0 Rep=1 → Discordo
[2026-05-11 14:51:30,949][__main__][INFO] - ✓ [meta-llama/Meta-Llama-3.1-8B-Instruct] Temp=0.0 Rep=1 → Concordo fortemente
[2026-05-11 14:51:30,987][__main__][INFO] - ✓ [meta-llama/Meta-Llama-3.1-8B-Instruct] Temp=0.0 Rep=1 → Concordo fortemente
[2026-05-11 14:51:31,055][__main__][INFO] - ✓ [deepseek-ai/DeepSeek-V3.2] Temp=0.0 Rep=1 → Discordo fortemente
[2026-05-11 14:51:31,266][__main__][INFO] - ✓ [meta-llama/Meta-Llama-3.1-8B-Instruct] Temp=0.0 Rep=1 → Concordo fortemente
[2026-05-11 14:51:31,293][__main__][INFO] - ✓ [meta-llama/Meta-Llama-3.1-8B-Instruct] Temp=0.0 Rep=1 → Discordo fortemente
[2026-05-11 14:51:31,419][__main__][INFO] - ✓ [meta-llama/Meta-Llama-3.1-8B-Instruct] Temp=0.0 Rep=1 → Concordo fortemente
[2026-05-11 14:51:31,455][__main__][INFO] - ✓ [meta-llama/Meta-Llama-3.1-8B-Instruct] Temp=0.0 Rep=1 → Concordo fortemente
[2026-05-11 14:51:31,541][__main__][INFO] - ✓ [deepseek-ai/DeepSeek-V3.2] Temp=0.0 Rep=1 → Concordo fortemente
[2026-05-11 14:51:31,549][__main__][INFO] - ✓ [deepseek-ai/DeepSeek-V3.2] Temp=0.0 Rep=1 → Concordo fortemente
[2026-05-11 14:51:31,789][__main__][INFO] - ✓ [deepseek-ai/DeepSeek-V3.2] Temp=0.0 Rep=1 → Concordo fortemente
[2026-05-11 14:51:31,833][__main__][INFO] - ✓ [deepseek-ai/DeepSeek-V3.2] Temp=0.0 Rep=1 → Concordo fortemente
[2026-05-11 14:51:31,835][__main__][INFO] - ✓ [meta-llama/Meta-Llama-3.1-8B-Instruct] Temp=0.0 Rep=1 → Concordo fortemente
[2026-05-11 14:51:31,851][__main__][INFO] - ✓ [meta-llama/Meta-Llama-3.1-8B-Instruct] Temp=0.0 Rep=1 → Concordo
[2026-05-11 14:51:31,914][__main__][INFO] - ✓ [deepseek-ai/DeepSeek-V3.2] Temp=0.0 Rep=1 → Concordo fortemente
[2026-05-11 14:51:31,944][__main__][INFO] - ✓ [deepseek-ai/DeepSeek-V3.2] Temp=0.0 Rep=1 → Concordo fortemente
[2026-05-11 14:51:32,020][__main__][INFO] - ✓ [meta-llama/Meta-Llama-3.1-8B-Instruct] Temp=0.0 Rep=1 → Concordo
[2026-05-11 14:51:32,074][__main__][INFO] - ✓ [deepseek-ai/DeepSeek-V3.2] Temp=0.0 Rep=1 → Discordo fortemente
[2026-05-11 14:51:32,316][__main__][INFO] - ✓ [meta-llama/Meta-Llama-3.1-8B-Instruct] Temp=0.0 Rep=1 → Concordo fortemente
[2026-05-11 14:51:32,318][__main__][INFO] - ✓ [meta-llama/Meta-Llama-3.1-8B-Instruct] Temp=0.0 Rep=1 → Concordo fortemente
[2026-05-11 14:51:32,341][__main__][INFO] - ✓ [meta-llama/Meta-Llama-3.1-8B-Instruct] Temp=0.0 Rep=1 → Concordo fortemente
[2026-05-11 14:51:32,474][__main__][INFO] - ✓ [deepseek-ai/DeepSeek-V3.2] Temp=0.0 Rep=1 → Discordo
[2026-05-11 14:51:32,517][__main__][INFO] - ✓ [deepseek-ai/DeepSeek-V3.2] Temp=0.0 Rep=1 → Discordo fortemente
[2026-05-11 14:51:32,523][__main__][INFO] - ✓ [deepseek-ai/DeepSeek-V3.2] Temp=0.0 Rep=1 → Neutro
[2026-05-11 14:51:32,693][__main__][INFO] - ✓ [meta-llama/Meta-Llama-3.1-8B-Instruct] Temp=0.0 Rep=1 → Concordo fortemente
[2026-05-11 14:51:32,700][__main__][INFO] - ✓ [deepseek-ai/DeepSeek-V3.2] Temp=0.0 Rep=1 → Neutro
[2026-05-11 14:51:32,840][__main__][INFO] - ✓ [meta-llama/Meta-Llama-3.1-8B-Instruct] Temp=0.0 Rep=1 → Neutro
[2026-05-11 14:51:32,841][__main__][INFO] - ✓ [deepseek-ai/DeepSeek-V3.2] Temp=0.0 Rep=1 → Discordo
[2026-05-11 14:51:32,847][__main__][INFO] - ✓ [deepseek-ai/DeepSeek-V3.2] Temp=0.0 Rep=1 → Concordo fortemente
[2026-05-11 14:51:32,920][__main__][INFO] - ✓ [deepseek-ai/DeepSeek-V3.2] Temp=0.0 Rep=1 → Neutro
[2026-05-11 14:51:32,986][__main__][INFO] - ✓ [meta-llama/Meta-Llama-3.1-8B-Instruct] Temp=0.0 Rep=1 → Neutro
[2026-05-11 14:51:33,042][__main__][INFO] - ✓ [meta-llama/Meta-Llama-3.1-8B-Instruct] Temp=0.0 Rep=1 → Discordo fortemente
[2026-05-11 14:51:33,130][__main__][INFO] - ✓ [deepseek-ai/DeepSeek-V3.2] Temp=0.0 Rep=1 → Neutro
[2026-05-11 14:51:33,233][__main__][INFO] - ✓ [meta-llama/Meta-Llama-3.1-8B-Instruct] Temp=0.0 Rep=1 → Neutro
[2026-05-11 14:51:33,253][__main__][INFO] - ✓ [meta-llama/Meta-Llama-3.1-8B-Instruct] Temp=0.0 Rep=1 → Concordo fortemente
[2026-05-11 14:51:33,364][__main__][INFO] - ✓ [deepseek-ai/DeepSeek-V3.2] Temp=0.0 Rep=1 → Discordo
[2026-05-11 14:51:33,367][__main__][INFO] - ✓ [deepseek-ai/DeepSeek-V3.2] Temp=0.0 Rep=1 → Neutro
[2026-05-11 14:51:33,527][__main__][INFO] - Salvamento incremental (3040 novas respostas)...
[2026-05-11 14:51:33,589][__main__][INFO] - Cache salvo com 225453 entradas
[2026-05-11 14:51:33,589][__main__][INFO] - ✓ [meta-llama/Meta-Llama-3.1-8B-Instruct] Temp=0.0 Rep=1 → Concordo fortemente
[2026-05-11 14:51:33,590][__main__][INFO] - ✓ [meta-llama/Meta-Llama-3.1-8B-Instruct] Temp=0.0 Rep=1 → Concordo
[2026-05-11 14:51:33,592][__main__][INFO] - ✓ [meta-llama/Meta-Llama-3.1-8B-Instruct] Temp=0.0 Rep=1 → Concordo
[2026-05-11 14:51:33,888][__main__][INFO] - ✓ [deepseek-ai/DeepSeek-V3.2] Temp=0.0 Rep=1 → Neutro
[2026-05-11 14:51:33,892][__main__][INFO] - ✓ [deepseek-ai/DeepSeek-V3.2] Temp=0.0 Rep=1 → Neutro
[2026-05-11 14:51:33,913][__main__][INFO] - ✓ [meta-llama/Meta-Llama-3.1-8B-Instruct] Temp=0.0 Rep=1 → Concordo
[2026-05-11 14:51:33,934][__main__][INFO] - ✓ [deepseek-ai/DeepSeek-V3.2] Temp=0.0 Rep=1 → Neutro
[2026-05-11 14:51:33,937][__main__][INFO] - ✓ [meta-llama/Meta-Llama-3.1-8B-Instruct] Temp=0.0 Rep=1 → Concordo
[2026-05-11 14:51:33,983][__main__][INFO] - ✓ [meta-llama/Meta-Llama-3.1-8B-Instruct] Temp=0.0 Rep=1 → Concordo fortemente
[2026-05-11 14:51:34,169][__main__][INFO] - ✓ [deepseek-ai/DeepSeek-V3.2] Temp=0.0 Rep=1 → Neutro
[2026-05-11 14:51:34,222][__main__][INFO] - ✓ [deepseek-ai/DeepSeek-V3.2] Temp=0.0 Rep=1 → Neutro
[2026-05-11 14:51:34,282][__main__][INFO] - ✓ [meta-llama/Meta-Llama-3.1-8B-Instruct] Temp=0.0 Rep=1 → Concordo
[2026-05-11 14:51:34,284][__main__][INFO] - ✓ [meta-llama/Meta-Llama-3.1-8B-Instruct] Temp=0.0 Rep=1 → Concordo
[2026-05-11 14:51:34,524][__main__][INFO] - ✓ [deepseek-ai/DeepSeek-V3.2] Temp=0.0 Rep=1 → Concordo fortemente
[2026-05-11 14:51:34,703][__main__][INFO] - ✓ [meta-llama/Meta-Llama-3.1-8B-Instruct] Temp=0.0 Rep=1 → Concordo
[2026-05-11 14:51:34,748][__main__][INFO] - ✓ [deepseek-ai/DeepSeek-V3.2] Temp=0.0 Rep=1 → Concordo
[2026-05-11 14:51:34,802][__main__][INFO] - ✓ [deepseek-ai/DeepSeek-V3.2] Temp=0.0 Rep=1 → Concordo
[2026-05-11 14:51:34,814][__main__][INFO] - ✓ [meta-llama/Meta-Llama-3.1-8B-Instruct] Temp=0.0 Rep=1 → Concordo fortemente
[2026-05-11 14:51:34,838][__main__][INFO] - ✓ [deepseek-ai/DeepSeek-V3.2] Temp=0.0 Rep=1 → Concordo
[2026-05-11 14:51:34,950][__main__][INFO] - ✓ [deepseek-ai/DeepSeek-V3.2] Temp=0.0 Rep=1 → Neutro
[2026-05-11 14:51:34,999][__main__][INFO] - ✓ [meta-llama/Meta-Llama-3.1-8B-Instruct] Temp=0.0 Rep=1 → Concordo fortemente
[2026-05-11 14:51:35,058][__main__][INFO] - ✓ [deepseek-ai/DeepSeek-V3.2] Temp=0.0 Rep=1 → Neutro
[2026-05-11 14:51:35,167][__main__][INFO] - ✓ [meta-llama/Meta-Llama-3.1-8B-Instruct] Temp=0.0 Rep=1 → Concordo fortemente
[2026-05-11 14:51:35,247][__main__][INFO] - ✓ [meta-llama/Meta-Llama-3.1-8B-Instruct] Temp=0.0 Rep=1 → Concordo fortemente
[2026-05-11 14:51:35,266][__main__][INFO] - ✓ [meta-llama/Meta-Llama-3.1-8B-Instruct] Temp=0.0 Rep=1 → Concordo
[2026-05-11 14:51:35,468][__main__][INFO] - ✓ [meta-llama/Meta-Llama-3.1-8B-Instruct] Temp=0.0 Rep=1 → Concordo fortemente
[2026-05-11 14:51:35,569][__main__][INFO] - ✓ [deepseek-ai/DeepSeek-V3.2] Temp=0.0 Rep=1 → Neutro
[2026-05-11 14:51:35,601][__main__][INFO] - ✓ [deepseek-ai/DeepSeek-V3.2] Temp=0.0 Rep=1 → Concordo
[2026-05-11 14:51:35,647][__main__][INFO] - ✓ [deepseek-ai/DeepSeek-V3.2] Temp=0.0 Rep=1 → Neutro
[2026-05-11 14:51:35,674][__main__][INFO] - ✓ [meta-llama/Meta-Llama-3.1-8B-Instruct] Temp=0.0 Rep=1 → Concordo fortemente
[2026-05-11 14:51:35,835][__main__][INFO] - ✓ [meta-llama/Meta-Llama-3.1-8B-Instruct] Temp=0.0 Rep=1 → Concordo fortemente
[2026-05-11 14:51:35,984][__main__][INFO] - ✓ [meta-llama/Meta-Llama-3.1-8B-Instruct] Temp=0.0 Rep=1 → Concordo fortemente
[2026-05-11 14:51:36,097][__main__][INFO] - ✓ [deepseek-ai/DeepSeek-V3.2] Temp=0.0 Rep=1 → Concordo fortemente
[2026-05-11 14:51:36,317][__main__][INFO] - ✓ [deepseek-ai/DeepSeek-V3.2] Temp=0.0 Rep=1 → Concordo fortemente
[2026-05-11 14:51:36,372][__main__][INFO] - ✓ [meta-llama/Meta-Llama-3.1-8B-Instruct] Temp=0.0 Rep=1 → Concordo fortemente
[2026-05-11 14:51:36,379][__main__][INFO] - ✓ [meta-llama/Meta-Llama-3.1-8B-Instruct] Temp=0.0 Rep=1 → Concordo fortemente
[2026-05-11 14:51:36,519][__main__][INFO] - ✓ [deepseek-ai/DeepSeek-V3.2] Temp=0.0 Rep=1 → Neutro
[2026-05-11 14:51:36,570][__main__][INFO] - ✓ [deepseek-ai/DeepSeek-V3.2] Temp=0.0 Rep=1 → Concordo fortemente
[2026-05-11 14:51:36,571][__main__][INFO] - ✓ [meta-llama/Meta-Llama-3.1-8B-Instruct] Temp=0.0 Rep=1 → Concordo fortemente
[2026-05-11 14:51:36,589][__main__][INFO] - ✓ [deepseek-ai/DeepSeek-V3.2] Temp=0.0 Rep=1 → Neutro
[2026-05-11 14:51:36,688][__main__][INFO] - Salvamento incremental (3080 novas respostas)...
[2026-05-11 14:51:36,742][__main__][INFO] - Cache salvo com 225493 entradas
[2026-05-11 14:51:36,742][__main__][INFO] - ✓ [deepseek-ai/DeepSeek-V3.2] Temp=0.0 Rep=1 → Concordo fortemente
[2026-05-11 14:51:37,035][__main__][INFO] - ✓ [meta-llama/Meta-Llama-3.1-8B-Instruct] Temp=0.0 Rep=1 → Concordo fortemente
[2026-05-11 14:51:37,039][__main__][INFO] - ✓ [deepseek-ai/DeepSeek-V3.2] Temp=0.0 Rep=1 → Concordo fortemente
[2026-05-11 14:51:37,040][__main__][INFO] - ✓ [meta-llama/Meta-Llama-3.1-8B-Instruct] Temp=0.0 Rep=1 → Concordo
[2026-05-11 14:51:37,055][__main__][INFO] - ✓ [meta-llama/Meta-Llama-3.1-8B-Instruct] Temp=0.0 Rep=1 → Concordo fortemente
[2026-05-11 14:51:37,174][__main__][INFO] - ✓ [deepseek-ai/DeepSeek-V3.2] Temp=0.0 Rep=1 → Concordo
[2026-05-11 14:51:37,298][__main__][INFO] - ✓ [deepseek-ai/DeepSeek-V3.2] Temp=0.0 Rep=1 → Concordo fortemente
[2026-05-11 14:51:37,347][__main__][INFO] - ✓ [meta-llama/Meta-Llama-3.1-8B-Instruct] Temp=0.0 Rep=1 → Concordo
[2026-05-11 14:51:37,395][__main__][INFO] - ✓ [meta-llama/Meta-Llama-3.1-8B-Instruct] Temp=0.0 Rep=1 → Concordo
[2026-05-11 14:51:37,458][__main__][INFO] - ✓ [meta-llama/Meta-Llama-3.1-8B-Instruct] Temp=0.0 Rep=1 → Concordo fortemente
[2026-05-11 14:51:37,558][__main__][INFO] - ✓ [deepseek-ai/DeepSeek-V3.2] Temp=0.0 Rep=1 → Concordo
[2026-05-11 14:51:37,611][__main__][INFO] - ✓ [deepseek-ai/DeepSeek-V3.2] Temp=0.0 Rep=1 → Concordo fortemente
[2026-05-11 14:51:37,702][__main__][INFO] - ✓ [meta-llama/Meta-Llama-3.1-8B-Instruct] Temp=0.0 Rep=1 → Neutro
[2026-05-11 14:51:37,825][__main__][INFO] - ✓ [deepseek-ai/DeepSeek-V3.2] Temp=0.0 Rep=1 → Discordo fortemente
[2026-05-11 14:51:37,923][__main__][INFO] - ✓ [meta-llama/Meta-Llama-3.1-8B-Instruct] Temp=0.0 Rep=1 → Neutro
[2026-05-11 14:51:38,083][__main__][INFO] - ✓ [deepseek-ai/DeepSeek-V3.2] Temp=0.0 Rep=1 → Neutro
[2026-05-11 14:51:38,088][__main__][INFO] - ✓ [deepseek-ai/DeepSeek-V3.2] Temp=0.0 Rep=1 → Concordo
[2026-05-11 14:51:38,089][__main__][INFO] - ✓ [deepseek-ai/DeepSeek-V3.2] Temp=0.0 Rep=1 → Neutro
[2026-05-11 14:51:38,134][__main__][WARNING] - Resposta inválida (tentativa 1/3) de meta-llama/Meta-Llama-3.1-8B-Instruct: Não posso fornecer uma resposta para essa afirmação Posso aj
[2026-05-11 14:51:38,134][__main__][INFO] - Fazendo retry 2/3...
[2026-05-11 14:51:38,235][__main__][INFO] - ✓ [deepseek-ai/DeepSeek-V3.2] Temp=0.0 Rep=1 → Concordo fortemente
[2026-05-11 14:51:38,287][__main__][INFO] - ✓ [meta-llama/Meta-Llama-3.1-8B-Instruct] Temp=0.0 Rep=1 → Concordo
[2026-05-11 14:51:38,328][__main__][INFO] - ✓ [deepseek-ai/DeepSeek-V3.2] Temp=0.0 Rep=1 → Neutro
[2026-05-11 14:51:38,393][__main__][INFO] - ✓ [meta-llama/Meta-Llama-3.1-8B-Instruct] Temp=0.0 Rep=1 → Concordo
[2026-05-11 14:51:38,413][__main__][INFO] - ✓ [deepseek-ai/DeepSeek-V3.2] Temp=0.0 Rep=1 → Neutro
[2026-05-11 14:51:38,606][__main__][INFO] - ✓ [meta-llama/Meta-Llama-3.1-8B-Instruct] Temp=0.0 Rep=1 → Concordo
[2026-05-11 14:51:38,678][__main__][INFO] - ✓ [meta-llama/Meta-Llama-3.1-8B-Instruct] Temp=0.0 Rep=1 → Concordo fortemente
[2026-05-11 14:51:38,699][__main__][INFO] - ✓ [meta-llama/Meta-Llama-3.1-8B-Instruct] Temp=0.0 Rep=1 → Concordo fortemente
[2026-05-11 14:51:38,769][__main__][INFO] - ✓ [meta-llama/Meta-Llama-3.1-8B-Instruct] Temp=0.0 Rep=1 → Concordo fortemente
[2026-05-11 14:51:38,865][__main__][INFO] - ✓ [deepseek-ai/DeepSeek-V3.2] Temp=0.0 Rep=1 → Neutro
[2026-05-11 14:51:39,026][__main__][INFO] - ✓ [deepseek-ai/DeepSeek-V3.2] Temp=0.0 Rep=1 → Concordo
[2026-05-11 14:51:39,129][__main__][INFO] - ✓ [meta-llama/Meta-Llama-3.1-8B-Instruct] Temp=0.0 Rep=1 → Concordo
[2026-05-11 14:51:39,157][__main__][INFO] - ✓ [deepseek-ai/DeepSeek-V3.2] Temp=0.0 Rep=1 → Concordo fortemente
[2026-05-11 14:51:39,190][__main__][INFO] - ✓ [meta-llama/Meta-Llama-3.1-8B-Instruct] Temp=0.0 Rep=1 → Concordo
[2026-05-11 14:51:39,205][__main__][INFO] - ✓ [meta-llama/Meta-Llama-3.1-8B-Instruct] Temp=0.0 Rep=1 → Concordo fortemente
[2026-05-11 14:51:39,270][__main__][INFO] - ✓ [deepseek-ai/DeepSeek-V3.2] Temp=0.0 Rep=1 → Neutro
[2026-05-11 14:51:39,350][__main__][INFO] - ✓ [deepseek-ai/DeepSeek-V3.2] Temp=0.0 Rep=1 → Concordo
[2026-05-11 14:51:39,658][__main__][INFO] - ✓ [meta-llama/Meta-Llama-3.1-8B-Instruct] Temp=0.0 Rep=1 → Concordo
[2026-05-11 14:51:39,662][__main__][INFO] - ✓ [meta-llama/Meta-Llama-3.1-8B-Instruct] Temp=0.0 Rep=1 → Concordo
[2026-05-11 14:51:39,681][__main__][INFO] - ✓ [meta-llama/Meta-Llama-3.1-8B-Instruct] Temp=0.0 Rep=1 → Concordo fortemente
[2026-05-11 14:51:39,806][__main__][INFO] - ✓ [deepseek-ai/DeepSeek-V3.2] Temp=0.0 Rep=1 → Neutro
[2026-05-11 14:51:39,813][__main__][INFO] - ✓ [deepseek-ai/DeepSeek-V3.2] Temp=0.0 Rep=1 → Concordo fortemente
[2026-05-11 14:51:40,242][__main__][INFO] - Salvamento incremental (3120 novas respostas)...
[2026-05-11 14:51:40,302][__main__][INFO] - Cache salvo com 225533 entradas
[2026-05-11 14:51:40,302][__main__][INFO] - ✓ [meta-llama/Meta-Llama-3.1-8B-Instruct] Temp=0.0 Rep=1 → Concordo
[2026-05-11 14:51:40,304][__main__][INFO] - ✓ [meta-llama/Meta-Llama-3.1-8B-Instruct] Temp=0.0 Rep=1 → Concordo
[2026-05-11 14:51:40,304][__main__][INFO] - ✓ [meta-llama/Meta-Llama-3.1-8B-Instruct] Temp=0.0 Rep=1 → Concordo
[2026-05-11 14:51:40,403][__main__][INFO] - ✓ [deepseek-ai/DeepSeek-V3.2] Temp=0.0 Rep=1 → Neutro
[2026-05-11 14:51:40,404][__main__][INFO] - ✓ [deepseek-ai/DeepSeek-V3.2] Temp=0.0 Rep=1 → Neutro
[2026-05-11 14:51:40,709][__main__][INFO] - ✓ [deepseek-ai/DeepSeek-V3.2] Temp=0.0 Rep=1 → Neutro
[2026-05-11 14:51:40,805][__main__][INFO] - ✓ [meta-llama/Meta-Llama-3.1-8B-Instruct] Temp=0.0 Rep=1 → Concordo fortemente
[2026-05-11 14:51:40,826][__main__][INFO] - ✓ [meta-llama/Meta-Llama-3.1-8B-Instruct] Temp=0.0 Rep=1 → Concordo fortemente
[2026-05-11 14:51:41,082][__main__][INFO] - ✓ [meta-llama/Meta-Llama-3.1-8B-Instruct] Temp=0.0 Rep=1 → Concordo fortemente
[2026-05-11 14:51:41,108][__main__][INFO] - ✓ [deepseek-ai/DeepSeek-V3.2] Temp=0.0 Rep=1 → Neutro
[2026-05-11 14:51:41,370][__main__][INFO] - ✓ [deepseek-ai/DeepSeek-V3.2] Temp=0.0 Rep=1 → Concordo
[2026-05-11 14:51:41,597][__main__][INFO] - ✓ [deepseek-ai/DeepSeek-V3.2] Temp=0.0 Rep=1 → Concordo fortemente
[2026-05-11 14:51:41,616][__main__][INFO] - ✓ [deepseek-ai/DeepSeek-V3.2] Temp=0.0 Rep=1 → Concordo fortemente
[2026-05-11 14:51:41,756][__main__][INFO] - ✓ [meta-llama/Meta-Llama-3.1-8B-Instruct] Temp=0.0 Rep=1 → Concordo
[2026-05-11 14:51:41,757][__main__][INFO] - ✓ [deepseek-ai/DeepSeek-V3.2] Temp=0.0 Rep=1 → Concordo fortemente
[2026-05-11 14:51:41,758][__main__][INFO] - ✓ [deepseek-ai/DeepSeek-V3.2] Temp=0.0 Rep=1 → Neutro
[2026-05-11 14:51:41,758][__main__][INFO] - ✓ [deepseek-ai/DeepSeek-V3.2] Temp=0.0 Rep=1 → Neutro
[2026-05-11 14:51:41,883][__main__][INFO] - ✓ [deepseek-ai/DeepSeek-V3.2] Temp=0.0 Rep=1 → Neutro
[2026-05-11 14:51:42,016][__main__][INFO] - ✓ [deepseek-ai/DeepSeek-V3.2] Temp=0.0 Rep=1 → Concordo fortemente
[2026-05-11 14:51:42,037][__main__][INFO] - ✓ [meta-llama/Meta-Llama-3.1-8B-Instruct] Temp=0.0 Rep=1 → Concordo
[2026-05-11 14:51:42,044][__main__][INFO] - ✓ [meta-llama/Meta-Llama-3.1-8B-Instruct] Temp=0.0 Rep=1 → Concordo fortemente
[2026-05-11 14:51:42,133][__main__][INFO] - ✓ [meta-llama/Meta-Llama-3.1-8B-Instruct] Temp=0.0 Rep=1 → Concordo
[2026-05-11 14:51:42,276][__main__][INFO] - ✓ [meta-llama/Meta-Llama-3.1-8B-Instruct] Temp=0.0 Rep=1 → Concordo
[2026-05-11 14:51:42,279][__main__][INFO] - ✓ [meta-llama/Meta-Llama-3.1-8B-Instruct] Temp=0.0 Rep=1 → Concordo
[2026-05-11 14:51:42,339][__main__][INFO] - ✓ [deepseek-ai/DeepSeek-V3.2] Temp=0.0 Rep=1 → Concordo
[2026-05-11 14:51:42,602][__main__][INFO] - ✓ [deepseek-ai/DeepSeek-V3.2] Temp=0.0 Rep=1 → Concordo
[2026-05-11 14:51:42,615][__main__][INFO] - ✓ [meta-llama/Meta-Llama-3.1-8B-Instruct] Temp=0.0 Rep=1 → Concordo fortemente
[2026-05-11 14:51:42,687][__main__][INFO] - ✓ [meta-llama/Meta-Llama-3.1-8B-Instruct] Temp=0.0 Rep=1 → Concordo fortemente
[2026-05-11 14:51:42,802][__main__][INFO] - ✓ [deepseek-ai/DeepSeek-V3.2] Temp=0.0 Rep=1 → Neutro
[2026-05-11 14:51:42,806][__main__][INFO] - ✓ [meta-llama/Meta-Llama-3.1-8B-Instruct] Temp=0.0 Rep=1 → Concordo fortemente
[2026-05-11 14:51:42,806][__main__][INFO] - ✓ [deepseek-ai/DeepSeek-V3.2] Temp=0.0 Rep=1 → Neutro
[2026-05-11 14:51:42,807][__main__][INFO] - ✓ [deepseek-ai/DeepSeek-V3.2] Temp=0.0 Rep=1 → Neutro
[2026-05-11 14:51:42,819][__main__][INFO] - ✓ [deepseek-ai/DeepSeek-V3.2] Temp=0.0 Rep=1 → Neutro
[2026-05-11 14:51:43,165][__main__][INFO] - ✓ [meta-llama/Meta-Llama-3.1-8B-Instruct] Temp=0.0 Rep=1 → Concordo fortemente
[2026-05-11 14:51:43,210][__main__][INFO] - ✓ [meta-llama/Meta-Llama-3.1-8B-Instruct] Temp=0.0 Rep=1 → Concordo fortemente
[2026-05-11 14:51:43,323][__main__][INFO] - ✓ [deepseek-ai/DeepSeek-V3.2] Temp=0.0 Rep=1 → Neutro
[2026-05-11 14:51:43,352][__main__][INFO] - ✓ [meta-llama/Meta-Llama-3.1-8B-Instruct] Temp=0.0 Rep=1 → Concordo fortemente
[2026-05-11 14:51:43,403][__main__][INFO] - ✓ [deepseek-ai/DeepSeek-V3.2] Temp=0.0 Rep=1 → Concordo fortemente
[2026-05-11 14:51:43,411][__main__][INFO] - ✓ [deepseek-ai/DeepSeek-V3.2] Temp=0.0 Rep=1 → Concordo fortemente
[2026-05-11 14:51:43,494][__main__][INFO] - ✓ [deepseek-ai/DeepSeek-V3.2] Temp=0.0 Rep=1 → Concordo fortemente
[2026-05-11 14:51:43,584][__main__][INFO] - Salvamento incremental (3160 novas respostas)...
[2026-05-11 14:51:43,649][__main__][INFO] - Cache salvo com 225573 entradas
[2026-05-11 14:51:43,649][__main__][INFO] - ✓ [meta-llama/Meta-Llama-3.1-8B-Instruct] Temp=0.0 Rep=1 → Concordo
[2026-05-11 14:51:43,651][__main__][INFO] - ✓ [deepseek-ai/DeepSeek-V3.2] Temp=0.0 Rep=1 → Concordo fortemente
[2026-05-11 14:51:43,651][__main__][INFO] - ✓ [meta-llama/Meta-Llama-3.1-8B-Instruct] Temp=0.0 Rep=1 → Concordo
[2026-05-11 14:51:43,652][__main__][INFO] - ✓ [deepseek-ai/DeepSeek-V3.2] Temp=0.0 Rep=1 → Concordo fortemente
[2026-05-11 14:51:43,747][__main__][INFO] - ✓ [meta-llama/Meta-Llama-3.1-8B-Instruct] Temp=0.0 Rep=1 → Concordo
[2026-05-11 14:51:43,850][__main__][INFO] - ✓ [deepseek-ai/DeepSeek-V3.2] Temp=0.0 Rep=1 → Concordo fortemente
[2026-05-11 14:51:43,949][__main__][INFO] - ✓ [meta-llama/Meta-Llama-3.1-8B-Instruct] Temp=0.0 Rep=1 → Concordo
[2026-05-11 14:51:44,046][__main__][INFO] - ✓ [meta-llama/Meta-Llama-3.1-8B-Instruct] Temp=0.0 Rep=1 → Concordo
[2026-05-11 14:51:44,231][__main__][INFO] - ✓ [deepseek-ai/DeepSeek-V3.2] Temp=0.0 Rep=1 → Concordo
[2026-05-11 14:51:44,252][__main__][INFO] - ✓ [meta-llama/Meta-Llama-3.1-8B-Instruct] Temp=0.0 Rep=1 → Concordo
[2026-05-11 14:51:44,257][__main__][INFO] - ✓ [meta-llama/Meta-Llama-3.1-8B-Instruct] Temp=0.0 Rep=1 → Concordo
[2026-05-11 14:51:44,373][__main__][INFO] - ✓ [meta-llama/Meta-Llama-3.1-8B-Instruct] Temp=0.0 Rep=1 → Concordo
[2026-05-11 14:51:44,385][__main__][INFO] - ✓ [meta-llama/Meta-Llama-3.1-8B-Instruct] Temp=0.0 Rep=1 → Neutro
[2026-05-11 14:51:44,385][__main__][INFO] - ✓ [deepseek-ai/DeepSeek-V3.2] Temp=0.0 Rep=1 → Neutro
[2026-05-11 14:51:44,498][__main__][INFO] - ✓ [deepseek-ai/DeepSeek-V3.2] Temp=0.0 Rep=1 → Neutro
[2026-05-11 14:51:44,596][__main__][INFO] - ✓ [deepseek-ai/DeepSeek-V3.2] Temp=0.0 Rep=1 → Neutro
[2026-05-11 14:51:44,724][__main__][INFO] - ✓ [deepseek-ai/DeepSeek-V3.2] Temp=0.0 Rep=1 → Neutro
[2026-05-11 14:51:44,731][__main__][INFO] - ✓ [deepseek-ai/DeepSeek-V3.2] Temp=0.0 Rep=1 → Neutro
[2026-05-11 14:51:44,904][__main__][INFO] - ✓ [deepseek-ai/DeepSeek-V3.2] Temp=0.0 Rep=1 → Neutro
[2026-05-11 14:51:44,956][__main__][WARNING] - Resposta inválida (tentativa 1/3) de meta-llama/Meta-Llama-3.1-8B-Instruct: Não posso fornecer uma resposta para essa pergunta Posso aju
[2026-05-11 14:51:44,956][__main__][INFO] - Fazendo retry 2/3...
[2026-05-11 14:51:45,078][__main__][INFO] - ✓ [meta-llama/Meta-Llama-3.1-8B-Instruct] Temp=0.0 Rep=1 → Neutro
[2026-05-11 14:51:45,088][__main__][INFO] - ✓ [meta-llama/Meta-Llama-3.1-8B-Instruct] Temp=0.0 Rep=1 → Concordo fortemente
[2026-05-11 14:51:45,127][__main__][INFO] - ✓ [deepseek-ai/DeepSeek-V3.2] Temp=0.0 Rep=1 → Neutro
[2026-05-11 14:51:45,240][__main__][WARNING] - Resposta inválida (tentativa 1/3) de meta-llama/Meta-Llama-3.1-8B-Instruct: Não posso fornecer uma resposta para essa pergunta Se você g
[2026-05-11 14:51:45,240][__main__][INFO] - Fazendo retry 2/3...
[2026-05-11 14:51:45,321][__main__][INFO] - ✓ [deepseek-ai/DeepSeek-V3.2] Temp=0.0 Rep=1 → Concordo fortemente
[2026-05-11 14:51:45,423][__main__][INFO] - ✓ [deepseek-ai/DeepSeek-V3.2] Temp=0.0 Rep=1 → Neutro
[2026-05-11 14:51:45,440][__main__][WARNING] - Resposta inválida (tentativa 1/3) de meta-llama/Meta-Llama-3.1-8B-Instruct: Não posso fornecer uma resposta para essa pergunta Posso aju
[2026-05-11 14:51:45,441][__main__][INFO] - Fazendo retry 2/3...
[2026-05-11 14:51:45,555][__main__][INFO] - ✓ [deepseek-ai/DeepSeek-V3.2] Temp=0.0 Rep=1 → Neutro
[2026-05-11 14:51:45,559][__main__][INFO] - ✓ [deepseek-ai/DeepSeek-V3.2] Temp=0.0 Rep=1 → Concordo
[2026-05-11 14:51:45,688][__main__][INFO] - ✓ [meta-llama/Meta-Llama-3.1-8B-Instruct] Temp=0.0 Rep=1 → Concordo fortemente
[2026-05-11 14:51:45,720][__main__][INFO] - ✓ [meta-llama/Meta-Llama-3.1-8B-Instruct] Temp=0.0 Rep=1 → Concordo
[2026-05-11 14:51:45,738][__main__][WARNING] - Resposta inválida (tentativa 1/3) de meta-llama/Meta-Llama-3.1-8B-Instruct: Não é possível responder a essa afirmação, pois não está rel
[2026-05-11 14:51:45,738][__main__][INFO] - Fazendo retry 2/3...
[2026-05-11 14:51:45,745][__main__][INFO] - ✓ [meta-llama/Meta-Llama-3.1-8B-Instruct] Temp=0.0 Rep=1 → Concordo
[2026-05-11 14:51:45,948][__main__][INFO] - ✓ [deepseek-ai/DeepSeek-V3.2] Temp=0.0 Rep=1 → Neutro
[2026-05-11 14:51:45,992][__main__][INFO] - ✓ [deepseek-ai/DeepSeek-V3.2] Temp=0.0 Rep=1 → Neutro
[2026-05-11 14:51:46,066][__main__][INFO] - ✓ [meta-llama/Meta-Llama-3.1-8B-Instruct] Temp=0.0 Rep=1 → Concordo fortemente
[2026-05-11 14:51:46,118][__main__][INFO] - ✓ [meta-llama/Meta-Llama-3.1-8B-Instruct] Temp=0.0 Rep=1 → Concordo fortemente
[2026-05-11 14:51:46,147][__main__][INFO] - ✓ [meta-llama/Meta-Llama-3.1-8B-Instruct] Temp=0.0 Rep=1 → Concordo fortemente
[2026-05-11 14:51:46,471][__main__][INFO] - ✓ [deepseek-ai/DeepSeek-V3.2] Temp=0.0 Rep=1 → Concordo fortemente
[2026-05-11 14:51:46,474][__main__][INFO] - ✓ [deepseek-ai/DeepSeek-V3.2] Temp=0.0 Rep=1 → Neutro
[2026-05-11 14:51:46,482][__main__][INFO] - ✓ [meta-llama/Meta-Llama-3.1-8B-Instruct] Temp=0.0 Rep=1 → Concordo fortemente
[2026-05-11 14:51:46,496][__main__][INFO] - ✓ [deepseek-ai/DeepSeek-V3.2] Temp=0.0 Rep=1 → Concordo fortemente
[2026-05-11 14:51:46,542][__main__][INFO] - ✓ [meta-llama/Meta-Llama-3.1-8B-Instruct] Temp=0.0 Rep=1 → Concordo fortemente
[2026-05-11 14:51:46,552][__main__][INFO] - ✓ [deepseek-ai/DeepSeek-V3.2] Temp=0.0 Rep=1 → Discordo fortemente
[2026-05-11 14:51:46,556][__main__][INFO] - Salvamento incremental (3200 novas respostas)...
[2026-05-11 14:51:46,607][__main__][INFO] - Cache salvo com 225613 entradas
[2026-05-11 14:51:46,607][__main__][INFO] - ✓ [meta-llama/Meta-Llama-3.1-8B-Instruct] Temp=0.0 Rep=1 → Concordo fortemente
[2026-05-11 14:51:46,609][__main__][INFO] - ✓ [deepseek-ai/DeepSeek-V3.2] Temp=0.0 Rep=1 → Neutro
[2026-05-11 14:51:46,789][__main__][INFO] - ✓ [deepseek-ai/DeepSeek-V3.2] Temp=0.0 Rep=1 → Neutro
[2026-05-11 14:51:47,001][__main__][INFO] - ✓ [meta-llama/Meta-Llama-3.1-8B-Instruct] Temp=0.0 Rep=1 → Concordo fortemente
[2026-05-11 14:51:47,001][__main__][INFO] - ✓ [deepseek-ai/DeepSeek-V3.2] Temp=0.0 Rep=1 → Neutro
[2026-05-11 14:51:47,002][__main__][INFO] - ✓ [meta-llama/Meta-Llama-3.1-8B-Instruct] Temp=0.0 Rep=1 → Concordo fortemente
[2026-05-11 14:51:47,002][__main__][INFO] - ✓ [meta-llama/Meta-Llama-3.1-8B-Instruct] Temp=0.0 Rep=1 → Concordo fortemente
[2026-05-11 14:51:47,403][__main__][INFO] - ✓ [meta-llama/Meta-Llama-3.1-8B-Instruct] Temp=0.0 Rep=1 → Concordo fortemente
[2026-05-11 14:51:47,406][__main__][INFO] - ✓ [meta-llama/Meta-Llama-3.1-8B-Instruct] Temp=0.0 Rep=1 → Concordo fortemente
[2026-05-11 14:51:47,409][__main__][INFO] - ✓ [deepseek-ai/DeepSeek-V3.2] Temp=0.0 Rep=1 → Concordo fortemente
[2026-05-11 14:51:47,413][__main__][INFO] - ✓ [deepseek-ai/DeepSeek-V3.2] Temp=0.0 Rep=1 → Concordo
[2026-05-11 14:51:47,520][__main__][INFO] - ✓ [deepseek-ai/DeepSeek-V3.2] Temp=0.0 Rep=1 → Concordo
[2026-05-11 14:51:47,522][__main__][INFO] - ✓ [meta-llama/Meta-Llama-3.1-8B-Instruct] Temp=0.0 Rep=1 → Concordo fortemente
[2026-05-11 14:51:47,559][__main__][INFO] - ✓ [deepseek-ai/DeepSeek-V3.2] Temp=0.0 Rep=1 → Concordo fortemente
[2026-05-11 14:51:47,777][__main__][INFO] - ✓ [meta-llama/Meta-Llama-3.1-8B-Instruct] Temp=0.0 Rep=1 → Concordo fortemente
[2026-05-11 14:51:47,824][__main__][INFO] - ✓ [deepseek-ai/DeepSeek-V3.2] Temp=0.0 Rep=1 → Concordo fortemente
[2026-05-11 14:51:47,862][__main__][INFO] - ✓ [meta-llama/Meta-Llama-3.1-8B-Instruct] Temp=0.0 Rep=1 → Concordo fortemente
[2026-05-11 14:51:48,046][__main__][WARNING] - Resposta inválida (tentativa 3/3) de meta-llama/Meta-Llama-3.1-8B-Instruct: Não é possível responder a essa pergunta, pois não está rela
[2026-05-11 14:51:48,047][__main__][ERROR] - Máximo de tentativas (3) atingido para resposta inválida
[2026-05-11 14:51:48,051][__main__][INFO] - ✓ [deepseek-ai/DeepSeek-V3.2] Temp=0.0 Rep=1 → Concordo fortemente
[2026-05-11 14:51:48,051][__main__][INFO] - ✓ [meta-llama/Meta-Llama-3.1-8B-Instruct] Temp=0.0 Rep=1 → Concordo fortemente
[2026-05-11 14:51:48,314][__main__][INFO] - ✓ [deepseek-ai/DeepSeek-V3.2] Temp=0.0 Rep=1 → Concordo fortemente
[2026-05-11 14:51:48,315][__main__][INFO] - ✓ [meta-llama/Meta-Llama-3.1-8B-Instruct] Temp=0.0 Rep=1 → Concordo fortemente
[2026-05-11 14:51:48,357][__main__][INFO] - ✓ [deepseek-ai/DeepSeek-V3.2] Temp=0.0 Rep=1 → Concordo fortemente
[2026-05-11 14:51:48,450][__main__][INFO] - ✓ [meta-llama/Meta-Llama-3.1-8B-Instruct] Temp=0.0 Rep=1 → Concordo fortemente
[2026-05-11 14:51:48,452][__main__][INFO] - ✓ [meta-llama/Meta-Llama-3.1-8B-Instruct] Temp=0.0 Rep=1 → Concordo fortemente
[2026-05-11 14:51:48,671][__main__][INFO] - ✓ [deepseek-ai/DeepSeek-V3.2] Temp=0.0 Rep=1 → Concordo fortemente
[2026-05-11 14:51:48,695][__main__][INFO] - ✓ [deepseek-ai/DeepSeek-V3.2] Temp=0.0 Rep=1 → Concordo fortemente
[2026-05-11 14:51:48,770][__main__][INFO] - ✓ [meta-llama/Meta-Llama-3.1-8B-Instruct] Temp=0.0 Rep=1 → Concordo fortemente
[2026-05-11 14:51:48,808][__main__][INFO] - ✓ [meta-llama/Meta-Llama-3.1-8B-Instruct] Temp=0.0 Rep=1 → Concordo fortemente
[2026-05-11 14:51:48,855][__main__][INFO] - ✓ [deepseek-ai/DeepSeek-V3.2] Temp=0.0 Rep=1 → Concordo
[2026-05-11 14:51:48,913][__main__][INFO] - ✓ [meta-llama/Meta-Llama-3.1-8B-Instruct] Temp=0.0 Rep=1 → Concordo fortemente
[2026-05-11 14:51:48,950][__main__][INFO] - ✓ [deepseek-ai/DeepSeek-V3.2] Temp=0.0 Rep=1 → Concordo
[2026-05-11 14:51:49,094][__main__][INFO] - ✓ [deepseek-ai/DeepSeek-V3.2] Temp=0.0 Rep=1 → Concordo fortemente
[2026-05-11 14:51:49,098][__main__][INFO] - ✓ [deepseek-ai/DeepSeek-V3.2] Temp=0.0 Rep=1 → Concordo fortemente
[2026-05-11 14:51:49,239][__main__][INFO] - ✓ [meta-llama/Meta-Llama-3.1-8B-Instruct] Temp=0.0 Rep=1 → Concordo fortemente
[2026-05-11 14:51:49,243][__main__][INFO] - ✓ [deepseek-ai/DeepSeek-V3.2] Temp=0.0 Rep=1 → Neutro
[2026-05-11 14:51:49,289][__main__][INFO] - ✓ [meta-llama/Meta-Llama-3.1-8B-Instruct] Temp=0.0 Rep=1 → Concordo fortemente
[2026-05-11 14:51:49,365][__main__][INFO] - ✓ [meta-llama/Meta-Llama-3.1-8B-Instruct] Temp=0.0 Rep=1 → Concordo fortemente
[2026-05-11 14:51:49,618][__main__][INFO] - ✓ [deepseek-ai/DeepSeek-V3.2] Temp=0.0 Rep=1 → Concordo fortemente
[2026-05-11 14:51:49,652][__main__][INFO] - ✓ [deepseek-ai/DeepSeek-V3.2] Temp=0.0 Rep=1 → Concordo
[2026-05-11 14:51:49,657][__main__][INFO] - Salvamento incremental (3240 novas respostas)...
[2026-05-11 14:51:49,708][__main__][INFO] - Cache salvo com 225653 entradas
[2026-05-11 14:51:49,708][__main__][INFO] - ✓ [meta-llama/Meta-Llama-3.1-8B-Instruct] Temp=0.0 Rep=1 → Concordo fortemente
[2026-05-11 14:51:49,709][__main__][INFO] - ✓ [deepseek-ai/DeepSeek-V3.2] Temp=0.0 Rep=1 → Neutro
[2026-05-11 14:51:49,806][__main__][INFO] - ✓ [deepseek-ai/DeepSeek-V3.2] Temp=0.0 Rep=1 → Discordo
[2026-05-11 14:51:49,841][__main__][INFO] - ✓ [meta-llama/Meta-Llama-3.1-8B-Instruct] Temp=0.0 Rep=1 → Concordo fortemente
[2026-05-11 14:51:49,919][__main__][INFO] - ✓ [meta-llama/Meta-Llama-3.1-8B-Instruct] Temp=0.0 Rep=1 → Concordo fortemente
[2026-05-11 14:51:49,962][__main__][INFO] - ✓ [deepseek-ai/DeepSeek-V3.2] Temp=0.0 Rep=1 → Discordo fortemente
[2026-05-11 14:51:50,044][__main__][INFO] - ✓ [meta-llama/Meta-Llama-3.1-8B-Instruct] Temp=0.0 Rep=1 → Concordo fortemente
[2026-05-11 14:51:50,143][__main__][INFO] - ✓ [meta-llama/Meta-Llama-3.1-8B-Instruct] Temp=0.0 Rep=1 → Concordo fortemente
[2026-05-11 14:51:50,231][__main__][INFO] - ✓ [meta-llama/Meta-Llama-3.1-8B-Instruct] Temp=0.0 Rep=1 → Concordo fortemente
[2026-05-11 14:51:50,356][__main__][INFO] - ✓ [deepseek-ai/DeepSeek-V3.2] Temp=0.0 Rep=1 → Neutro
[2026-05-11 14:51:50,508][__main__][INFO] - ✓ [meta-llama/Meta-Llama-3.1-8B-Instruct] Temp=0.0 Rep=1 → Concordo fortemente
[2026-05-11 14:51:50,517][__main__][INFO] - ✓ [deepseek-ai/DeepSeek-V3.2] Temp=0.0 Rep=1 → Concordo
[2026-05-11 14:51:50,671][__main__][INFO] - ✓ [deepseek-ai/DeepSeek-V3.2] Temp=0.0 Rep=1 → Neutro
[2026-05-11 14:51:50,675][__main__][INFO] - ✓ [meta-llama/Meta-Llama-3.1-8B-Instruct] Temp=0.0 Rep=1 → Concordo fortemente
[2026-05-11 14:51:50,675][__main__][INFO] - ✓ [deepseek-ai/DeepSeek-V3.2] Temp=0.0 Rep=1 → Neutro
[2026-05-11 14:51:50,676][__main__][INFO] - ✓ [deepseek-ai/DeepSeek-V3.2] Temp=0.0 Rep=1 → Concordo fortemente
[2026-05-11 14:51:50,683][__main__][INFO] - ✓ [meta-llama/Meta-Llama-3.1-8B-Instruct] Temp=0.0 Rep=1 → Concordo fortemente
[2026-05-11 14:51:50,725][__main__][INFO] - ✓ [deepseek-ai/DeepSeek-V3.2] Temp=0.0 Rep=1 → Neutro
[2026-05-11 14:51:50,746][__main__][INFO] - ✓ [deepseek-ai/DeepSeek-V3.2] Temp=0.0 Rep=1 → Neutro
[2026-05-11 14:51:51,021][__main__][INFO] - ✓ [meta-llama/Meta-Llama-3.1-8B-Instruct] Temp=0.0 Rep=1 → Concordo fortemente
[2026-05-11 14:51:51,074][__main__][INFO] - ✓ [meta-llama/Meta-Llama-3.1-8B-Instruct] Temp=0.0 Rep=1 → Concordo fortemente
[2026-05-11 14:51:51,191][__main__][INFO] - ✓ [meta-llama/Meta-Llama-3.1-8B-Instruct] Temp=0.0 Rep=1 → Concordo fortemente
[2026-05-11 14:51:51,195][__main__][INFO] - ✓ [meta-llama/Meta-Llama-3.1-8B-Instruct] Temp=0.0 Rep=1 → Concordo fortemente
[2026-05-11 14:51:51,300][__main__][INFO] - ✓ [deepseek-ai/DeepSeek-V3.2] Temp=0.0 Rep=1 → Concordo
[2026-05-11 14:51:51,352][__main__][INFO] - ✓ [deepseek-ai/DeepSeek-V3.2] Temp=0.0 Rep=1 → Neutro
[2026-05-11 14:51:51,366][__main__][INFO] - ✓ [meta-llama/Meta-Llama-3.1-8B-Instruct] Temp=0.0 Rep=1 → Concordo fortemente
[2026-05-11 14:51:51,398][__main__][INFO] - ✓ [deepseek-ai/DeepSeek-V3.2] Temp=0.0 Rep=1 → Concordo
[2026-05-11 14:51:51,412][__main__][INFO] - ✓ [deepseek-ai/DeepSeek-V3.2] Temp=0.0 Rep=1 → Concordo fortemente
[2026-05-11 14:51:51,535][__main__][INFO] - ✓ [deepseek-ai/DeepSeek-V3.2] Temp=0.0 Rep=1 → Concordo fortemente
[2026-05-11 14:51:51,714][__main__][INFO] - ✓ [meta-llama/Meta-Llama-3.1-8B-Instruct] Temp=0.0 Rep=1 → Concordo fortemente
[2026-05-11 14:51:51,718][__main__][INFO] - ✓ [meta-llama/Meta-Llama-3.1-8B-Instruct] Temp=0.0 Rep=1 → Concordo fortemente
[2026-05-11 14:51:51,742][__main__][INFO] - ✓ [deepseek-ai/DeepSeek-V3.2] Temp=0.0 Rep=1 → Concordo
[2026-05-11 14:51:51,749][__main__][INFO] - ✓ [meta-llama/Meta-Llama-3.1-8B-Instruct] Temp=0.0 Rep=1 → Concordo fortemente
[2026-05-11 14:51:52,078][__main__][INFO] - ✓ [deepseek-ai/DeepSeek-V3.2] Temp=0.0 Rep=1 → Concordo
[2026-05-11 14:51:52,108][__main__][INFO] - ✓ [meta-llama/Meta-Llama-3.1-8B-Instruct] Temp=0.0 Rep=1 → Concordo fortemente
[2026-05-11 14:51:52,129][__main__][INFO] - ✓ [meta-llama/Meta-Llama-3.1-8B-Instruct] Temp=0.0 Rep=1 → Concordo fortemente
[2026-05-11 14:51:52,140][__main__][INFO] - ✓ [deepseek-ai/DeepSeek-V3.2] Temp=0.0 Rep=1 → Neutro
[2026-05-11 14:51:52,238][__main__][INFO] - ✓ [meta-llama/Meta-Llama-3.1-8B-Instruct] Temp=0.0 Rep=1 → Concordo fortemente
[2026-05-11 14:51:52,241][__main__][INFO] - ✓ [deepseek-ai/DeepSeek-V3.2] Temp=0.0 Rep=1 → Neutro
[2026-05-11 14:51:52,266][__main__][INFO] - ✓ [deepseek-ai/DeepSeek-V3.2] Temp=0.0 Rep=1 → Concordo fortemente
[2026-05-11 14:51:52,270][__main__][INFO] - Salvamento incremental (3280 novas respostas)...
[2026-05-11 14:51:52,313][__main__][INFO] - Cache salvo com 225693 entradas
[2026-05-11 14:51:52,313][__main__][INFO] - ✓ [deepseek-ai/DeepSeek-V3.2] Temp=0.0 Rep=1 → Concordo fortemente
[2026-05-11 14:51:52,315][__main__][INFO] - ✓ [meta-llama/Meta-Llama-3.1-8B-Instruct] Temp=0.0 Rep=1 → Concordo fortemente
[2026-05-11 14:51:52,524][__main__][INFO] - ✓ [meta-llama/Meta-Llama-3.1-8B-Instruct] Temp=0.0 Rep=1 → Concordo fortemente
[2026-05-11 14:51:52,600][__main__][INFO] - ✓ [meta-llama/Meta-Llama-3.1-8B-Instruct] Temp=0.0 Rep=1 → Concordo fortemente
[2026-05-11 14:51:52,663][__main__][INFO] - ✓ [meta-llama/Meta-Llama-3.1-8B-Instruct] Temp=0.0 Rep=1 → Concordo fortemente
[2026-05-11 14:51:52,764][__main__][INFO] - ✓ [deepseek-ai/DeepSeek-V3.2] Temp=0.0 Rep=1 → Concordo fortemente
[2026-05-11 14:51:52,892][__main__][INFO] - ✓ [deepseek-ai/DeepSeek-V3.2] Temp=0.0 Rep=1 → Concordo
[2026-05-11 14:51:52,904][__main__][INFO] - ✓ [meta-llama/Meta-Llama-3.1-8B-Instruct] Temp=0.0 Rep=1 → Concordo fortemente
[2026-05-11 14:51:52,952][__main__][INFO] - ✓ [meta-llama/Meta-Llama-3.1-8B-Instruct] Temp=0.0 Rep=1 → Concordo fortemente
[2026-05-11 14:51:52,979][__main__][INFO] - ✓ [deepseek-ai/DeepSeek-V3.2] Temp=0.0 Rep=1 → Concordo
[2026-05-11 14:51:53,016][__main__][INFO] - ✓ [meta-llama/Meta-Llama-3.1-8B-Instruct] Temp=0.0 Rep=1 → Concordo fortemente
[2026-05-11 14:51:53,042][__main__][INFO] - ✓ [deepseek-ai/DeepSeek-V3.2] Temp=0.0 Rep=1 → Concordo
[2026-05-11 14:51:53,116][__main__][INFO] - ✓ [deepseek-ai/DeepSeek-V3.2] Temp=0.0 Rep=1 → Neutro
[2026-05-11 14:51:53,286][__main__][INFO] - ✓ [deepseek-ai/DeepSeek-V3.2] Temp=0.0 Rep=1 → Neutro
[2026-05-11 14:51:53,290][__main__][INFO] - ✓ [meta-llama/Meta-Llama-3.1-8B-Instruct] Temp=0.0 Rep=1 → Concordo
[2026-05-11 14:51:53,318][__main__][INFO] - ✓ [deepseek-ai/DeepSeek-V3.2] Temp=0.0 Rep=1 → Neutro
[2026-05-11 14:51:53,430][__main__][INFO] - ✓ [meta-llama/Meta-Llama-3.1-8B-Instruct] Temp=0.0 Rep=1 → Concordo
[2026-05-11 14:51:53,629][__main__][INFO] - ✓ [meta-llama/Meta-Llama-3.1-8B-Instruct] Temp=0.0 Rep=1 → Concordo fortemente
[2026-05-11 14:51:53,646][__main__][INFO] - ✓ [meta-llama/Meta-Llama-3.1-8B-Instruct] Temp=0.0 Rep=1 → Concordo fortemente
[2026-05-11 14:51:53,812][__main__][INFO] - ✓ [deepseek-ai/DeepSeek-V3.2] Temp=0.0 Rep=1 → Concordo fortemente
[2026-05-11 14:51:53,816][__main__][INFO] - ✓ [deepseek-ai/DeepSeek-V3.2] Temp=0.0 Rep=1 → Neutro
[2026-05-11 14:51:53,817][__main__][INFO] - ✓ [meta-llama/Meta-Llama-3.1-8B-Instruct] Temp=0.0 Rep=1 → Concordo fortemente
[2026-05-11 14:51:53,818][__main__][INFO] - ✓ [deepseek-ai/DeepSeek-V3.2] Temp=0.0 Rep=1 → Concordo
[2026-05-11 14:51:53,937][__main__][INFO] - ✓ [deepseek-ai/DeepSeek-V3.2] Temp=0.0 Rep=1 → Neutro
[2026-05-11 14:51:54,158][__main__][INFO] - ✓ [meta-llama/Meta-Llama-3.1-8B-Instruct] Temp=0.0 Rep=1 → Neutro
[2026-05-11 14:51:54,162][__main__][INFO] - ✓ [meta-llama/Meta-Llama-3.1-8B-Instruct] Temp=0.0 Rep=1 → Concordo
[2026-05-11 14:51:54,171][__main__][INFO] - ✓ [meta-llama/Meta-Llama-3.1-8B-Instruct] Temp=0.0 Rep=1 → Concordo
[2026-05-11 14:51:54,194][__main__][INFO] - ✓ [meta-llama/Meta-Llama-3.1-8B-Instruct] Temp=0.0 Rep=1 → Concordo fortemente
[2026-05-11 14:51:54,484][__main__][INFO] - ✓ [deepseek-ai/DeepSeek-V3.2] Temp=0.0 Rep=1 → Concordo fortemente
[2026-05-11 14:51:54,607][__main__][INFO] - ✓ [meta-llama/Meta-Llama-3.1-8B-Instruct] Temp=0.0 Rep=1 → Concordo fortemente
[2026-05-11 14:51:54,611][__main__][INFO] - ✓ [meta-llama/Meta-Llama-3.1-8B-Instruct] Temp=0.0 Rep=1 → Concordo fortemente
[2026-05-11 14:51:54,738][__main__][INFO] - ✓ [deepseek-ai/DeepSeek-V3.2] Temp=0.0 Rep=1 → Concordo
[2026-05-11 14:51:54,865][__main__][INFO] - ✓ [deepseek-ai/DeepSeek-V3.2] Temp=0.0 Rep=1 → Neutro
[2026-05-11 14:51:54,869][__main__][INFO] - ✓ [deepseek-ai/DeepSeek-V3.2] Temp=0.0 Rep=1 → Concordo fortemente
[2026-05-11 14:51:54,872][__main__][INFO] - ✓ [deepseek-ai/DeepSeek-V3.2] Temp=0.0 Rep=1 → Neutro
[2026-05-11 14:51:54,906][__main__][INFO] - ✓ [deepseek-ai/DeepSeek-V3.2] Temp=0.0 Rep=1 → Neutro
[2026-05-11 14:51:55,057][__main__][INFO] - ✓ [deepseek-ai/DeepSeek-V3.2] Temp=0.0 Rep=1 → Concordo fortemente
[2026-05-11 14:51:55,091][__main__][INFO] - ✓ [meta-llama/Meta-Llama-3.1-8B-Instruct] Temp=0.0 Rep=1 → Concordo fortemente
[2026-05-11 14:51:55,185][__main__][INFO] - ✓ [meta-llama/Meta-Llama-3.1-8B-Instruct] Temp=0.0 Rep=1 → Concordo
[2026-05-11 14:51:55,214][__main__][INFO] - ✓ [meta-llama/Meta-Llama-3.1-8B-Instruct] Temp=0.0 Rep=1 → Concordo fortemente
[2026-05-11 14:51:55,272][__main__][INFO] - Salvamento incremental (3320 novas respostas)...
[2026-05-11 14:51:55,330][__main__][INFO] - Cache salvo com 225733 entradas
[2026-05-11 14:51:55,330][__main__][INFO] - ✓ [meta-llama/Meta-Llama-3.1-8B-Instruct] Temp=0.0 Rep=1 → Neutro
[2026-05-11 14:51:55,385][__main__][INFO] - ✓ [deepseek-ai/DeepSeek-V3.2] Temp=0.0 Rep=1 → Concordo fortemente
[2026-05-11 14:51:55,429][__main__][INFO] - ✓ [deepseek-ai/DeepSeek-V3.2] Temp=0.0 Rep=1 → Neutro
[2026-05-11 14:51:55,430][__main__][INFO] - ✓ [deepseek-ai/DeepSeek-V3.2] Temp=0.0 Rep=1 → Concordo fortemente
[2026-05-11 14:51:55,562][__main__][INFO] - ✓ [meta-llama/Meta-Llama-3.1-8B-Instruct] Temp=0.0 Rep=1 → Concordo fortemente
[2026-05-11 14:51:55,576][__main__][INFO] - ✓ [meta-llama/Meta-Llama-3.1-8B-Instruct] Temp=0.0 Rep=1 → Concordo fortemente
[2026-05-11 14:51:55,637][__main__][INFO] - ✓ [deepseek-ai/DeepSeek-V3.2] Temp=0.0 Rep=1 → Concordo fortemente
[2026-05-11 14:51:55,698][__main__][INFO] - ✓ [deepseek-ai/DeepSeek-V3.2] Temp=0.0 Rep=1 → Neutro
[2026-05-11 14:51:55,710][__main__][INFO] - ✓ [meta-llama/Meta-Llama-3.1-8B-Instruct] Temp=0.0 Rep=1 → Neutro
[2026-05-11 14:51:55,909][__main__][INFO] - ✓ [meta-llama/Meta-Llama-3.1-8B-Instruct] Temp=0.0 Rep=1 → Concordo
[2026-05-11 14:51:55,912][__main__][INFO] - ✓ [meta-llama/Meta-Llama-3.1-8B-Instruct] Temp=0.0 Rep=1 → Concordo
[2026-05-11 14:51:56,029][__main__][INFO] - ✓ [meta-llama/Meta-Llama-3.1-8B-Instruct] Temp=0.0 Rep=1 → Concordo
[2026-05-11 14:51:56,187][__main__][INFO] - ✓ [deepseek-ai/DeepSeek-V3.2] Temp=0.0 Rep=1 → Neutro
[2026-05-11 14:51:56,343][__main__][INFO] - ✓ [deepseek-ai/DeepSeek-V3.2] Temp=0.0 Rep=1 → Neutro
[2026-05-11 14:51:56,434][__main__][INFO] - ✓ [deepseek-ai/DeepSeek-V3.2] Temp=0.0 Rep=1 → Concordo fortemente
[2026-05-11 14:51:56,504][__main__][INFO] - ✓ [meta-llama/Meta-Llama-3.1-8B-Instruct] Temp=0.0 Rep=1 → Concordo fortemente
[2026-05-11 14:51:56,523][__main__][INFO] - ✓ [deepseek-ai/DeepSeek-V3.2] Temp=0.0 Rep=1 → Neutro
[2026-05-11 14:51:56,527][__main__][INFO] - ✓ [meta-llama/Meta-Llama-3.1-8B-Instruct] Temp=0.0 Rep=1 → Concordo fortemente
[2026-05-11 14:51:56,589][__main__][INFO] - ✓ [deepseek-ai/DeepSeek-V3.2] Temp=0.0 Rep=1 → Neutro
[2026-05-11 14:51:56,802][__main__][INFO] - ✓ [deepseek-ai/DeepSeek-V3.2] Temp=0.0 Rep=1 → Neutro
[2026-05-11 14:51:56,957][__main__][INFO] - ✓ [deepseek-ai/DeepSeek-V3.2] Temp=0.0 Rep=1 → Neutro
[2026-05-11 14:51:56,969][__main__][INFO] - ✓ [meta-llama/Meta-Llama-3.1-8B-Instruct] Temp=0.0 Rep=1 → Concordo fortemente
[2026-05-11 14:51:56,975][__main__][INFO] - ✓ [meta-llama/Meta-Llama-3.1-8B-Instruct] Temp=0.0 Rep=1 → Concordo fortemente
[2026-05-11 14:51:56,979][__main__][INFO] - ✓ [deepseek-ai/DeepSeek-V3.2] Temp=0.0 Rep=1 → Concordo
[2026-05-11 14:51:57,043][__main__][INFO] - ✓ [meta-llama/Meta-Llama-3.1-8B-Instruct] Temp=0.0 Rep=1 → Concordo fortemente
[2026-05-11 14:51:57,085][__main__][INFO] - ✓ [meta-llama/Meta-Llama-3.1-8B-Instruct] Temp=0.0 Rep=1 → Concordo fortemente
[2026-05-11 14:51:57,233][__main__][INFO] - ✓ [deepseek-ai/DeepSeek-V3.2] Temp=0.0 Rep=1 → Neutro
[2026-05-11 14:51:57,482][__main__][INFO] - ✓ [meta-llama/Meta-Llama-3.1-8B-Instruct] Temp=0.0 Rep=1 → Concordo fortemente
[2026-05-11 14:51:57,483][__main__][INFO] - ✓ [meta-llama/Meta-Llama-3.1-8B-Instruct] Temp=0.0 Rep=1 → Concordo fortemente
[2026-05-11 14:51:57,484][__main__][INFO] - ✓ [meta-llama/Meta-Llama-3.1-8B-Instruct] Temp=0.0 Rep=1 → Concordo fortemente
[2026-05-11 14:51:57,695][__main__][INFO] - ✓ [deepseek-ai/DeepSeek-V3.2] Temp=0.0 Rep=1 → Discordo
[2026-05-11 14:51:57,719][__main__][INFO] - ✓ [deepseek-ai/DeepSeek-V3.2] Temp=0.0 Rep=1 → Concordo fortemente
[2026-05-11 14:51:58,006][__main__][INFO] - ✓ [meta-llama/Meta-Llama-3.1-8B-Instruct] Temp=0.0 Rep=1 → Concordo fortemente
[2026-05-11 14:51:58,012][__main__][INFO] - ✓ [deepseek-ai/DeepSeek-V3.2] Temp=0.0 Rep=1 → Concordo fortemente
[2026-05-11 14:51:58,030][__main__][INFO] - ✓ [meta-llama/Meta-Llama-3.1-8B-Instruct] Temp=0.0 Rep=1 → Concordo fortemente
[2026-05-11 14:51:58,233][__main__][INFO] - ✓ [meta-llama/Meta-Llama-3.1-8B-Instruct] Temp=0.0 Rep=1 → Concordo fortemente
[2026-05-11 14:51:58,312][__main__][INFO] - ✓ [deepseek-ai/DeepSeek-V3.2] Temp=0.0 Rep=1 → Neutro
[2026-05-11 14:51:58,342][__main__][INFO] - ✓ [deepseek-ai/DeepSeek-V3.2] Temp=0.0 Rep=1 → Discordo fortemente
[2026-05-11 14:51:58,551][__main__][INFO] - ✓ [meta-llama/Meta-Llama-3.1-8B-Instruct] Temp=0.0 Rep=1 → Concordo fortemente
[2026-05-11 14:51:58,570][__main__][INFO] - ✓ [deepseek-ai/DeepSeek-V3.2] Temp=0.0 Rep=1 → Discordo
[2026-05-11 14:51:58,581][__main__][INFO] - Salvamento incremental (3360 novas respostas)...
[2026-05-11 14:51:58,627][__main__][INFO] - Cache salvo com 225773 entradas
[2026-05-11 14:51:58,627][__main__][INFO] - ✓ [deepseek-ai/DeepSeek-V3.2] Temp=0.0 Rep=1 → Concordo fortemente
[2026-05-11 14:51:58,629][__main__][INFO] - ✓ [meta-llama/Meta-Llama-3.1-8B-Instruct] Temp=0.0 Rep=1 → Concordo fortemente
[2026-05-11 14:51:58,634][__main__][INFO] - ✓ [meta-llama/Meta-Llama-3.1-8B-Instruct] Temp=0.0 Rep=1 → Concordo fortemente
[2026-05-11 14:51:58,714][__main__][INFO] - ✓ [deepseek-ai/DeepSeek-V3.2] Temp=0.0 Rep=1 → Concordo fortemente
[2026-05-11 14:51:58,764][__main__][INFO] - ✓ [deepseek-ai/DeepSeek-V3.2] Temp=0.0 Rep=1 → Neutro
[2026-05-11 14:51:58,765][__main__][INFO] - ✓ [deepseek-ai/DeepSeek-V3.2] Temp=0.0 Rep=1 → Discordo
[2026-05-11 14:51:58,962][__main__][INFO] - ✓ [meta-llama/Meta-Llama-3.1-8B-Instruct] Temp=0.0 Rep=1 → Concordo fortemente
[2026-05-11 14:51:59,065][__main__][INFO] - ✓ [meta-llama/Meta-Llama-3.1-8B-Instruct] Temp=0.0 Rep=1 → Concordo fortemente
[2026-05-11 14:51:59,085][__main__][INFO] - ✓ [meta-llama/Meta-Llama-3.1-8B-Instruct] Temp=0.0 Rep=1 → Concordo fortemente
[2026-05-11 14:51:59,382][__main__][INFO] - ✓ [meta-llama/Meta-Llama-3.1-8B-Instruct] Temp=0.0 Rep=1 → Concordo
[2026-05-11 14:51:59,450][__main__][INFO] - ✓ [deepseek-ai/DeepSeek-V3.2] Temp=0.0 Rep=1 → Discordo fortemente
[2026-05-11 14:51:59,579][__main__][INFO] - ✓ [deepseek-ai/DeepSeek-V3.2] Temp=0.0 Rep=1 → Discordo
[2026-05-11 14:51:59,583][__main__][INFO] - ✓ [meta-llama/Meta-Llama-3.1-8B-Instruct] Temp=0.0 Rep=1 → Concordo fortemente
[2026-05-11 14:51:59,584][__main__][INFO] - ✓ [meta-llama/Meta-Llama-3.1-8B-Instruct] Temp=0.0 Rep=1 → Concordo fortemente
[2026-05-11 14:51:59,585][__main__][INFO] - ✓ [deepseek-ai/DeepSeek-V3.2] Temp=0.0 Rep=1 → Neutro
[2026-05-11 14:51:59,596][__main__][INFO] - ✓ [deepseek-ai/DeepSeek-V3.2] Temp=0.0 Rep=1 → Concordo
[2026-05-11 14:51:59,657][__main__][INFO] - ✓ [deepseek-ai/DeepSeek-V3.2] Temp=0.0 Rep=1 → Concordo fortemente
[2026-05-11 14:51:59,699][__main__][INFO] - ✓ [deepseek-ai/DeepSeek-V3.2] Temp=0.0 Rep=1 → Concordo fortemente
[2026-05-11 14:51:59,703][__main__][INFO] - ✓ [deepseek-ai/DeepSeek-V3.2] Temp=0.0 Rep=1 → Concordo
[2026-05-11 14:51:59,991][__main__][INFO] - ✓ [meta-llama/Meta-Llama-3.1-8B-Instruct] Temp=0.0 Rep=1 → Concordo
[2026-05-11 14:51:59,995][__main__][INFO] - ✓ [meta-llama/Meta-Llama-3.1-8B-Instruct] Temp=0.0 Rep=1 → Concordo
[2026-05-11 14:52:00,101][__main__][INFO] - ✓ [meta-llama/Meta-Llama-3.1-8B-Instruct] Temp=0.0 Rep=1 → Concordo fortemente
[2026-05-11 14:52:00,105][__main__][INFO] - ✓ [meta-llama/Meta-Llama-3.1-8B-Instruct] Temp=0.0 Rep=1 → Concordo fortemente
[2026-05-11 14:52:00,271][__main__][INFO] - ✓ [deepseek-ai/DeepSeek-V3.2] Temp=0.0 Rep=1 → Neutro
[2026-05-11 14:52:00,288][__main__][INFO] - ✓ [meta-llama/Meta-Llama-3.1-8B-Instruct] Temp=0.0 Rep=1 → Concordo
[2026-05-11 14:52:00,330][__main__][INFO] - ✓ [deepseek-ai/DeepSeek-V3.2] Temp=0.0 Rep=1 → Neutro
[2026-05-11 14:52:00,334][__main__][INFO] - ✓ [deepseek-ai/DeepSeek-V3.2] Temp=0.0 Rep=1 → Concordo fortemente
[2026-05-11 14:52:00,381][__main__][INFO] - ✓ [meta-llama/Meta-Llama-3.1-8B-Instruct] Temp=0.0 Rep=1 → Concordo
[2026-05-11 14:52:00,630][__main__][INFO] - ✓ [deepseek-ai/DeepSeek-V3.2] Temp=0.0 Rep=1 → Neutro
[2026-05-11 14:52:00,633][__main__][INFO] - ✓ [meta-llama/Meta-Llama-3.1-8B-Instruct] Temp=0.0 Rep=1 → Concordo
[2026-05-11 14:52:00,660][__main__][INFO] - ✓ [deepseek-ai/DeepSeek-V3.2] Temp=0.0 Rep=1 → Neutro
[2026-05-11 14:52:00,662][__main__][INFO] - ✓ [meta-llama/Meta-Llama-3.1-8B-Instruct] Temp=0.0 Rep=1 → Concordo
[2026-05-11 14:52:00,675][__main__][INFO] - ✓ [meta-llama/Meta-Llama-3.1-8B-Instruct] Temp=0.0 Rep=1 → Concordo fortemente
[2026-05-11 14:52:00,814][__main__][INFO] - ✓ [deepseek-ai/DeepSeek-V3.2] Temp=0.0 Rep=1 → Concordo fortemente
[2026-05-11 14:52:00,957][__main__][INFO] - ✓ [deepseek-ai/DeepSeek-V3.2] Temp=0.0 Rep=1 → Neutro
[2026-05-11 14:52:00,973][__main__][INFO] - ✓ [meta-llama/Meta-Llama-3.1-8B-Instruct] Temp=0.0 Rep=1 → Concordo
[2026-05-11 14:52:00,995][__main__][INFO] - ✓ [meta-llama/Meta-Llama-3.1-8B-Instruct] Temp=0.0 Rep=1 → Concordo
[2026-05-11 14:52:00,999][__main__][INFO] - ✓ [deepseek-ai/DeepSeek-V3.2] Temp=0.0 Rep=1 → Concordo fortemente
[2026-05-11 14:52:01,040][__main__][INFO] - ✓ [deepseek-ai/DeepSeek-V3.2] Temp=0.0 Rep=1 → Concordo fortemente
[2026-05-11 14:52:01,151][__main__][INFO] - ✓ [meta-llama/Meta-Llama-3.1-8B-Instruct] Temp=0.0 Rep=1 → Concordo
[2026-05-11 14:52:01,379][__main__][INFO] - Salvamento incremental (3400 novas respostas)...
[2026-05-11 14:52:01,432][__main__][INFO] - Cache salvo com 225813 entradas
[2026-05-11 14:52:01,433][__main__][INFO] - ✓ [deepseek-ai/DeepSeek-V3.2] Temp=0.0 Rep=1 → Neutro
[2026-05-11 14:52:01,435][__main__][INFO] - ✓ [meta-llama/Meta-Llama-3.1-8B-Instruct] Temp=0.0 Rep=1 → Concordo fortemente
[2026-05-11 14:52:01,455][__main__][INFO] - ✓ [deepseek-ai/DeepSeek-V3.2] Temp=0.0 Rep=1 → Neutro
[2026-05-11 14:52:01,583][__main__][INFO] - ✓ [meta-llama/Meta-Llama-3.1-8B-Instruct] Temp=0.0 Rep=1 → Concordo
[2026-05-11 14:52:01,586][__main__][INFO] - ✓ [deepseek-ai/DeepSeek-V3.2] Temp=0.0 Rep=1 → Neutro
[2026-05-11 14:52:01,674][__main__][INFO] - ✓ [meta-llama/Meta-Llama-3.1-8B-Instruct] Temp=0.0 Rep=1 → Concordo fortemente
[2026-05-11 14:52:01,678][__main__][INFO] - ✓ [deepseek-ai/DeepSeek-V3.2] Temp=0.0 Rep=1 → Neutro
[2026-05-11 14:52:01,734][__main__][INFO] - ✓ [deepseek-ai/DeepSeek-V3.2] Temp=0.0 Rep=1 → Neutro
[2026-05-11 14:52:01,766][__main__][INFO] - ✓ [deepseek-ai/DeepSeek-V3.2] Temp=0.0 Rep=1 → Neutro
[2026-05-11 14:52:01,821][__main__][INFO] - ✓ [meta-llama/Meta-Llama-3.1-8B-Instruct] Temp=0.0 Rep=1 → Concordo fortemente
[2026-05-11 14:52:01,901][__main__][INFO] - ✓ [deepseek-ai/DeepSeek-V3.2] Temp=0.0 Rep=1 → Concordo fortemente
[2026-05-11 14:52:02,199][__main__][INFO] - ✓ [meta-llama/Meta-Llama-3.1-8B-Instruct] Temp=0.0 Rep=1 → Concordo
[2026-05-11 14:52:02,203][__main__][INFO] - ✓ [meta-llama/Meta-Llama-3.1-8B-Instruct] Temp=0.0 Rep=1 → Concordo fortemente
[2026-05-11 14:52:02,204][__main__][INFO] - ✓ [meta-llama/Meta-Llama-3.1-8B-Instruct] Temp=0.0 Rep=1 → Concordo fortemente
[2026-05-11 14:52:02,245][__main__][INFO] - ✓ [meta-llama/Meta-Llama-3.1-8B-Instruct] Temp=0.0 Rep=1 → Concordo fortemente
[2026-05-11 14:52:02,276][__main__][INFO] - ✓ [deepseek-ai/DeepSeek-V3.2] Temp=0.0 Rep=1 → Concordo fortemente
[2026-05-11 14:52:02,352][__main__][INFO] - ✓ [deepseek-ai/DeepSeek-V3.2] Temp=0.0 Rep=1 → Neutro
[2026-05-11 14:52:02,360][__main__][INFO] - ✓ [meta-llama/Meta-Llama-3.1-8B-Instruct] Temp=0.0 Rep=1 → Concordo fortemente
[2026-05-11 14:52:02,516][__main__][INFO] - ✓ [deepseek-ai/DeepSeek-V3.2] Temp=0.0 Rep=1 → Neutro
[2026-05-11 14:52:02,523][__main__][INFO] - ✓ [deepseek-ai/DeepSeek-V3.2] Temp=0.0 Rep=1 → Concordo fortemente
[2026-05-11 14:52:02,723][__main__][INFO] - ✓ [meta-llama/Meta-Llama-3.1-8B-Instruct] Temp=0.0 Rep=1 → Concordo fortemente
[2026-05-11 14:52:02,725][__main__][INFO] - ✓ [meta-llama/Meta-Llama-3.1-8B-Instruct] Temp=0.0 Rep=1 → Concordo fortemente
[2026-05-11 14:52:02,791][__main__][INFO] - ✓ [meta-llama/Meta-Llama-3.1-8B-Instruct] Temp=0.0 Rep=1 → Concordo fortemente
[2026-05-11 14:52:02,828][__main__][INFO] - ✓ [deepseek-ai/DeepSeek-V3.2] Temp=0.0 Rep=1 → Concordo fortemente
[2026-05-11 14:52:02,832][__main__][INFO] - ✓ [deepseek-ai/DeepSeek-V3.2] Temp=0.0 Rep=1 → Concordo fortemente
[2026-05-11 14:52:03,055][__main__][INFO] - ✓ [meta-llama/Meta-Llama-3.1-8B-Instruct] Temp=0.0 Rep=1 → Concordo fortemente
[2026-05-11 14:52:03,137][__main__][INFO] - ✓ [deepseek-ai/DeepSeek-V3.2] Temp=0.0 Rep=1 → Concordo fortemente
[2026-05-11 14:52:03,149][__main__][INFO] - ✓ [deepseek-ai/DeepSeek-V3.2] Temp=0.0 Rep=1 → Concordo fortemente
[2026-05-11 14:52:03,149][__main__][INFO] - ✓ [meta-llama/Meta-Llama-3.1-8B-Instruct] Temp=0.0 Rep=1 → Concordo fortemente
[2026-05-11 14:52:03,248][__main__][INFO] - ✓ [meta-llama/Meta-Llama-3.1-8B-Instruct] Temp=0.0 Rep=1 → Concordo fortemente
[2026-05-11 14:52:03,484][__main__][INFO] - ✓ [deepseek-ai/DeepSeek-V3.2] Temp=0.0 Rep=1 → Concordo fortemente
[2026-05-11 14:52:03,524][__main__][INFO] - ✓ [deepseek-ai/DeepSeek-V3.2] Temp=0.0 Rep=1 → Concordo fortemente
[2026-05-11 14:52:03,558][__main__][INFO] - ✓ [deepseek-ai/DeepSeek-V3.2] Temp=0.0 Rep=1 → Concordo fortemente
[2026-05-11 14:52:03,560][__main__][INFO] - ✓ [meta-llama/Meta-Llama-3.1-8B-Instruct] Temp=0.0 Rep=1 → Concordo fortemente
[2026-05-11 14:52:03,598][__main__][INFO] - ✓ [meta-llama/Meta-Llama-3.1-8B-Instruct] Temp=0.0 Rep=1 → Concordo fortemente
[2026-05-11 14:52:03,611][__main__][INFO] - ✓ [meta-llama/Meta-Llama-3.1-8B-Instruct] Temp=0.0 Rep=1 → Concordo fortemente
[2026-05-11 14:52:03,634][__main__][INFO] - ✓ [deepseek-ai/DeepSeek-V3.2] Temp=0.0 Rep=1 → Neutro
[2026-05-11 14:52:03,808][__main__][INFO] - ✓ [deepseek-ai/DeepSeek-V3.2] Temp=0.0 Rep=1 → Concordo fortemente
[2026-05-11 14:52:03,927][__main__][INFO] - ✓ [meta-llama/Meta-Llama-3.1-8B-Instruct] Temp=0.0 Rep=1 → Concordo fortemente
[2026-05-11 14:52:03,933][__main__][INFO] - ✓ [meta-llama/Meta-Llama-3.1-8B-Instruct] Temp=0.0 Rep=1 → Concordo fortemente
[2026-05-11 14:52:04,016][__main__][INFO] - Salvamento incremental (3440 novas respostas)...
[2026-05-11 14:52:04,062][__main__][INFO] - Cache salvo com 225853 entradas
[2026-05-11 14:52:04,063][__main__][INFO] - ✓ [meta-llama/Meta-Llama-3.1-8B-Instruct] Temp=0.0 Rep=1 → Concordo fortemente
[2026-05-11 14:52:04,197][__main__][INFO] - ✓ [deepseek-ai/DeepSeek-V3.2] Temp=0.0 Rep=1 → Concordo fortemente
[2026-05-11 14:52:04,198][__main__][INFO] - ✓ [deepseek-ai/DeepSeek-V3.2] Temp=0.0 Rep=1 → Concordo fortemente
[2026-05-11 14:52:04,299][__main__][INFO] - ✓ [meta-llama/Meta-Llama-3.1-8B-Instruct] Temp=0.0 Rep=1 → Concordo fortemente
[2026-05-11 14:52:04,387][__main__][INFO] - ✓ [meta-llama/Meta-Llama-3.1-8B-Instruct] Temp=0.0 Rep=1 → Concordo fortemente
[2026-05-11 14:52:04,391][__main__][INFO] - ✓ [meta-llama/Meta-Llama-3.1-8B-Instruct] Temp=0.0 Rep=1 → Concordo fortemente
[2026-05-11 14:52:04,494][__main__][INFO] - ✓ [deepseek-ai/DeepSeek-V3.2] Temp=0.0 Rep=1 → Concordo fortemente
[2026-05-11 14:52:04,607][__main__][INFO] - ✓ [deepseek-ai/DeepSeek-V3.2] Temp=0.0 Rep=1 → Concordo fortemente
[2026-05-11 14:52:04,674][__main__][INFO] - ✓ [deepseek-ai/DeepSeek-V3.2] Temp=0.0 Rep=1 → Concordo fortemente
[2026-05-11 14:52:04,823][__main__][INFO] - ✓ [meta-llama/Meta-Llama-3.1-8B-Instruct] Temp=0.0 Rep=1 → Concordo fortemente
[2026-05-11 14:52:04,826][__main__][INFO] - ✓ [meta-llama/Meta-Llama-3.1-8B-Instruct] Temp=0.0 Rep=1 → Concordo fortemente
[2026-05-11 14:52:04,830][__main__][INFO] - ✓ [meta-llama/Meta-Llama-3.1-8B-Instruct] Temp=0.0 Rep=1 → Concordo
[2026-05-11 14:52:04,873][__main__][INFO] - ✓ [deepseek-ai/DeepSeek-V3.2] Temp=0.0 Rep=1 → Concordo fortemente
[2026-05-11 14:52:04,961][__main__][INFO] - ✓ [deepseek-ai/DeepSeek-V3.2] Temp=0.0 Rep=1 → Concordo fortemente
[2026-05-11 14:52:05,163][__main__][INFO] - ✓ [meta-llama/Meta-Llama-3.1-8B-Instruct] Temp=0.0 Rep=1 → Concordo
[2026-05-11 14:52:05,176][__main__][INFO] - ✓ [meta-llama/Meta-Llama-3.1-8B-Instruct] Temp=0.0 Rep=1 → Concordo fortemente
[2026-05-11 14:52:05,250][__main__][INFO] - ✓ [meta-llama/Meta-Llama-3.1-8B-Instruct] Temp=0.0 Rep=1 → Concordo fortemente
[2026-05-11 14:52:05,350][__main__][INFO] - ✓ [deepseek-ai/DeepSeek-V3.2] Temp=0.0 Rep=1 → Neutro
[2026-05-11 14:52:05,473][__main__][INFO] - ✓ [deepseek-ai/DeepSeek-V3.2] Temp=0.0 Rep=1 → Concordo fortemente
[2026-05-11 14:52:05,492][__main__][INFO] - ✓ [deepseek-ai/DeepSeek-V3.2] Temp=0.0 Rep=1 → Neutro
[2026-05-11 14:52:05,495][__main__][INFO] - ✓ [deepseek-ai/DeepSeek-V3.2] Temp=0.0 Rep=1 → Neutro
[2026-05-11 14:52:05,730][__main__][INFO] - ✓ [meta-llama/Meta-Llama-3.1-8B-Instruct] Temp=0.0 Rep=1 → Concordo fortemente
[2026-05-11 14:52:05,739][__main__][INFO] - ✓ [meta-llama/Meta-Llama-3.1-8B-Instruct] Temp=0.0 Rep=1 → Concordo fortemente
[2026-05-11 14:52:05,874][__main__][INFO] - ✓ [meta-llama/Meta-Llama-3.1-8B-Instruct] Temp=0.0 Rep=1 → Concordo
[2026-05-11 14:52:05,878][__main__][INFO] - ✓ [deepseek-ai/DeepSeek-V3.2] Temp=0.0 Rep=1 → Concordo fortemente
[2026-05-11 14:52:05,920][__main__][INFO] - ✓ [deepseek-ai/DeepSeek-V3.2] Temp=0.0 Rep=1 → Concordo fortemente
[2026-05-11 14:52:06,002][__main__][INFO] - ✓ [deepseek-ai/DeepSeek-V3.2] Temp=0.0 Rep=1 → Neutro
[2026-05-11 14:52:06,187][__main__][INFO] - ✓ [meta-llama/Meta-Llama-3.1-8B-Instruct] Temp=0.0 Rep=1 → Neutro
[2026-05-11 14:52:06,239][__main__][INFO] - ✓ [meta-llama/Meta-Llama-3.1-8B-Instruct] Temp=0.0 Rep=1 → Concordo
[2026-05-11 14:52:06,395][__main__][INFO] - ✓ [deepseek-ai/DeepSeek-V3.2] Temp=0.0 Rep=1 → Neutro
[2026-05-11 14:52:06,396][__main__][INFO] - ✓ [deepseek-ai/DeepSeek-V3.2] Temp=0.0 Rep=1 → Concordo fortemente
[2026-05-11 14:52:06,409][__main__][INFO] - ✓ [deepseek-ai/DeepSeek-V3.2] Temp=0.0 Rep=1 → Concordo fortemente
[2026-05-11 14:52:06,438][__main__][INFO] - ✓ [deepseek-ai/DeepSeek-V3.2] Temp=0.0 Rep=1 → Concordo fortemente
[2026-05-11 14:52:06,455][__main__][INFO] - ✓ [deepseek-ai/DeepSeek-V3.2] Temp=0.0 Rep=1 → Concordo fortemente
[2026-05-11 14:52:06,539][__main__][INFO] - ✓ [meta-llama/Meta-Llama-3.1-8B-Instruct] Temp=0.0 Rep=1 → Concordo fortemente
[2026-05-11 14:52:06,569][__main__][INFO] - ✓ [meta-llama/Meta-Llama-3.1-8B-Instruct] Temp=0.0 Rep=1 → Concordo fortemente
[2026-05-11 14:52:06,741][__main__][INFO] - ✓ [meta-llama/Meta-Llama-3.1-8B-Instruct] Temp=0.0 Rep=1 → Concordo fortemente
[2026-05-11 14:52:06,785][__main__][INFO] - ✓ [deepseek-ai/DeepSeek-V3.2] Temp=0.0 Rep=1 → Concordo fortemente
[2026-05-11 14:52:06,921][__main__][INFO] - ✓ [deepseek-ai/DeepSeek-V3.2] Temp=0.0 Rep=1 → Concordo fortemente
[2026-05-11 14:52:06,922][__main__][INFO] - ✓ [deepseek-ai/DeepSeek-V3.2] Temp=0.0 Rep=1 → Neutro
[2026-05-11 14:52:07,075][__main__][INFO] - Salvamento incremental (3480 novas respostas)...
[2026-05-11 14:52:07,130][__main__][INFO] - Cache salvo com 225893 entradas
[2026-05-11 14:52:07,130][__main__][INFO] - ✓ [meta-llama/Meta-Llama-3.1-8B-Instruct] Temp=0.0 Rep=1 → Concordo
[2026-05-11 14:52:07,132][__main__][INFO] - ✓ [meta-llama/Meta-Llama-3.1-8B-Instruct] Temp=0.0 Rep=1 → Concordo
[2026-05-11 14:52:07,132][__main__][INFO] - ✓ [meta-llama/Meta-Llama-3.1-8B-Instruct] Temp=0.0 Rep=1 → Concordo fortemente
[2026-05-11 14:52:07,132][__main__][INFO] - ✓ [meta-llama/Meta-Llama-3.1-8B-Instruct] Temp=0.0 Rep=1 → Concordo fortemente
[2026-05-11 14:52:07,449][__main__][INFO] - ✓ [meta-llama/Meta-Llama-3.1-8B-Instruct] Temp=0.0 Rep=1 → Concordo
[2026-05-11 14:52:07,456][__main__][INFO] - ✓ [meta-llama/Meta-Llama-3.1-8B-Instruct] Temp=0.0 Rep=1 → Concordo
[2026-05-11 14:52:07,508][__main__][INFO] - ✓ [deepseek-ai/DeepSeek-V3.2] Temp=0.0 Rep=1 → Concordo fortemente
[2026-05-11 14:52:07,547][__main__][INFO] - ✓ [meta-llama/Meta-Llama-3.1-8B-Instruct] Temp=0.0 Rep=1 → Concordo
[2026-05-11 14:52:07,601][__main__][INFO] - ✓ [deepseek-ai/DeepSeek-V3.2] Temp=0.0 Rep=1 → Concordo fortemente
[2026-05-11 14:52:07,678][__main__][INFO] - ✓ [deepseek-ai/DeepSeek-V3.2] Temp=0.0 Rep=1 → Neutro
[2026-05-11 14:52:07,855][__main__][INFO] - ✓ [deepseek-ai/DeepSeek-V3.2] Temp=0.0 Rep=1 → Concordo fortemente
[2026-05-11 14:52:07,968][__main__][INFO] - ✓ [deepseek-ai/DeepSeek-V3.2] Temp=0.0 Rep=1 → Concordo fortemente
[2026-05-11 14:52:07,969][__main__][INFO] - ✓ [meta-llama/Meta-Llama-3.1-8B-Instruct] Temp=0.0 Rep=1 → Concordo fortemente
[2026-05-11 14:52:07,970][__main__][INFO] - ✓ [meta-llama/Meta-Llama-3.1-8B-Instruct] Temp=0.0 Rep=1 → Concordo fortemente
[2026-05-11 14:52:08,040][__main__][INFO] - ✓ [meta-llama/Meta-Llama-3.1-8B-Instruct] Temp=0.0 Rep=1 → Concordo fortemente
[2026-05-11 14:52:08,324][__main__][INFO] - ✓ [meta-llama/Meta-Llama-3.1-8B-Instruct] Temp=0.0 Rep=1 → Concordo fortemente
[2026-05-11 14:52:08,330][__main__][INFO] - ✓ [deepseek-ai/DeepSeek-V3.2] Temp=0.0 Rep=1 → Concordo fortemente
[2026-05-11 14:52:08,346][__main__][INFO] - ✓ [meta-llama/Meta-Llama-3.1-8B-Instruct] Temp=0.0 Rep=1 → Concordo fortemente
[2026-05-11 14:52:08,390][__main__][INFO] - ✓ [deepseek-ai/DeepSeek-V3.2] Temp=0.0 Rep=1 → Concordo fortemente
[2026-05-11 14:52:08,491][__main__][INFO] - ✓ [deepseek-ai/DeepSeek-V3.2] Temp=0.0 Rep=1 → Concordo fortemente
[2026-05-11 14:52:08,522][__main__][INFO] - ✓ [deepseek-ai/DeepSeek-V3.2] Temp=0.0 Rep=1 → Concordo fortemente
[2026-05-11 14:52:08,755][__main__][INFO] - ✓ [meta-llama/Meta-Llama-3.1-8B-Instruct] Temp=0.0 Rep=1 → Concordo fortemente
[2026-05-11 14:52:08,869][__main__][INFO] - ✓ [meta-llama/Meta-Llama-3.1-8B-Instruct] Temp=0.0 Rep=1 → Concordo fortemente
[2026-05-11 14:52:09,018][__main__][INFO] - ✓ [deepseek-ai/DeepSeek-V3.2] Temp=0.0 Rep=1 → Concordo fortemente
[2026-05-11 14:52:09,021][__main__][INFO] - ✓ [meta-llama/Meta-Llama-3.1-8B-Instruct] Temp=0.0 Rep=1 → Concordo
[2026-05-11 14:52:09,062][__main__][INFO] - ✓ [deepseek-ai/DeepSeek-V3.2] Temp=0.0 Rep=1 → Concordo fortemente
[2026-05-11 14:52:09,064][__main__][INFO] - ✓ [deepseek-ai/DeepSeek-V3.2] Temp=0.0 Rep=1 → Concordo fortemente
[2026-05-11 14:52:09,123][__main__][INFO] - ✓ [deepseek-ai/DeepSeek-V3.2] Temp=0.0 Rep=1 → Concordo fortemente
[2026-05-11 14:52:09,365][__main__][INFO] - ✓ [meta-llama/Meta-Llama-3.1-8B-Instruct] Temp=0.0 Rep=1 → Concordo fortemente
[2026-05-11 14:52:09,382][__main__][INFO] - ✓ [deepseek-ai/DeepSeek-V3.2] Temp=0.0 Rep=1 → Concordo fortemente
[2026-05-11 14:52:09,449][__main__][INFO] - ✓ [meta-llama/Meta-Llama-3.1-8B-Instruct] Temp=0.0 Rep=1 → Concordo fortemente
[2026-05-11 14:52:09,542][__main__][INFO] - ✓ [meta-llama/Meta-Llama-3.1-8B-Instruct] Temp=0.0 Rep=1 → Concordo
[2026-05-11 14:52:09,649][__main__][INFO] - ✓ [deepseek-ai/DeepSeek-V3.2] Temp=0.0 Rep=1 → Concordo fortemente
[2026-05-11 14:52:09,708][__main__][INFO] - ✓ [meta-llama/Meta-Llama-3.1-8B-Instruct] Temp=0.0 Rep=1 → Concordo
[2026-05-11 14:52:09,734][__main__][INFO] - ✓ [deepseek-ai/DeepSeek-V3.2] Temp=0.0 Rep=1 → Concordo fortemente
[2026-05-11 14:52:09,831][__main__][INFO] - ✓ [deepseek-ai/DeepSeek-V3.2] Temp=0.0 Rep=1 → Concordo fortemente
[2026-05-11 14:52:09,875][__main__][INFO] - ✓ [deepseek-ai/DeepSeek-V3.2] Temp=0.0 Rep=1 → Concordo fortemente
[2026-05-11 14:52:09,902][__main__][INFO] - ✓ [meta-llama/Meta-Llama-3.1-8B-Instruct] Temp=0.0 Rep=1 → Concordo fortemente
[2026-05-11 14:52:10,067][__main__][INFO] - ✓ [meta-llama/Meta-Llama-3.1-8B-Instruct] Temp=0.0 Rep=1 → Concordo fortemente
[2026-05-11 14:52:10,070][__main__][INFO] - ✓ [meta-llama/Meta-Llama-3.1-8B-Instruct] Temp=0.0 Rep=1 → Concordo fortemente
[2026-05-11 14:52:10,185][__main__][INFO] - Salvamento incremental (3520 novas respostas)...
[2026-05-11 14:52:10,238][__main__][INFO] - Cache salvo com 225933 entradas
[2026-05-11 14:52:10,238][__main__][INFO] - ✓ [meta-llama/Meta-Llama-3.1-8B-Instruct] Temp=0.0 Rep=1 → Concordo
[2026-05-11 14:52:10,240][__main__][INFO] - ✓ [deepseek-ai/DeepSeek-V3.2] Temp=0.0 Rep=1 → Concordo fortemente
[2026-05-11 14:52:10,240][__main__][INFO] - ✓ [meta-llama/Meta-Llama-3.1-8B-Instruct] Temp=0.0 Rep=1 → Concordo fortemente
[2026-05-11 14:52:10,497][__main__][INFO] - ✓ [meta-llama/Meta-Llama-3.1-8B-Instruct] Temp=0.0 Rep=1 → Concordo
[2026-05-11 14:52:10,633][__main__][INFO] - ✓ [meta-llama/Meta-Llama-3.1-8B-Instruct] Temp=0.0 Rep=1 → Concordo fortemente
[2026-05-11 14:52:10,637][__main__][INFO] - ✓ [deepseek-ai/DeepSeek-V3.2] Temp=0.0 Rep=1 → Concordo fortemente
[2026-05-11 14:52:10,642][__main__][INFO] - ✓ [deepseek-ai/DeepSeek-V3.2] Temp=0.0 Rep=1 → Concordo fortemente
[2026-05-11 14:52:10,910][__main__][INFO] - ✓ [meta-llama/Meta-Llama-3.1-8B-Instruct] Temp=0.0 Rep=1 → Concordo
[2026-05-11 14:52:11,006][__main__][INFO] - ✓ [deepseek-ai/DeepSeek-V3.2] Temp=0.0 Rep=1 → Concordo fortemente
[2026-05-11 14:52:11,115][__main__][INFO] - ✓ [meta-llama/Meta-Llama-3.1-8B-Instruct] Temp=0.0 Rep=1 → Concordo fortemente
[2026-05-11 14:52:11,118][__main__][INFO] - ✓ [deepseek-ai/DeepSeek-V3.2] Temp=0.0 Rep=1 → Concordo fortemente
[2026-05-11 14:52:11,119][__main__][INFO] - ✓ [deepseek-ai/DeepSeek-V3.2] Temp=0.0 Rep=1 → Concordo fortemente
[2026-05-11 14:52:11,231][__main__][INFO] - ✓ [deepseek-ai/DeepSeek-V3.2] Temp=0.0 Rep=1 → Concordo fortemente
[2026-05-11 14:52:11,446][__main__][INFO] - ✓ [meta-llama/Meta-Llama-3.1-8B-Instruct] Temp=0.0 Rep=1 → Concordo
[2026-05-11 14:52:11,463][__main__][INFO] - ✓ [meta-llama/Meta-Llama-3.1-8B-Instruct] Temp=0.0 Rep=1 → Concordo
[2026-05-11 14:52:11,669][__main__][INFO] - ✓ [deepseek-ai/DeepSeek-V3.2] Temp=0.0 Rep=1 → Neutro
[2026-05-11 14:52:11,739][__main__][INFO] - ✓ [deepseek-ai/DeepSeek-V3.2] Temp=0.0 Rep=1 → Concordo fortemente
[2026-05-11 14:52:11,800][__main__][INFO] - ✓ [meta-llama/Meta-Llama-3.1-8B-Instruct] Temp=0.0 Rep=1 → Concordo fortemente
[2026-05-11 14:52:11,881][__main__][INFO] - ✓ [deepseek-ai/DeepSeek-V3.2] Temp=0.0 Rep=1 → Concordo fortemente
[2026-05-11 14:52:11,935][__main__][INFO] - ✓ [deepseek-ai/DeepSeek-V3.2] Temp=0.0 Rep=1 → Neutro
[2026-05-11 14:52:12,001][__main__][INFO] - ✓ [deepseek-ai/DeepSeek-V3.2] Temp=0.0 Rep=1 → Concordo fortemente
[2026-05-11 14:52:12,006][__main__][INFO] - ✓ [deepseek-ai/DeepSeek-V3.2] Temp=0.0 Rep=1 → Concordo fortemente
[2026-05-11 14:52:12,163][__main__][INFO] - ✓ [meta-llama/Meta-Llama-3.1-8B-Instruct] Temp=0.0 Rep=1 → Concordo fortemente
[2026-05-11 14:52:12,168][__main__][INFO] - ✓ [deepseek-ai/DeepSeek-V3.2] Temp=0.0 Rep=1 → Concordo fortemente
[2026-05-11 14:52:12,302][__main__][INFO] - ✓ [meta-llama/Meta-Llama-3.1-8B-Instruct] Temp=0.0 Rep=1 → Concordo
[2026-05-11 14:52:12,331][__main__][INFO] - ✓ [meta-llama/Meta-Llama-3.1-8B-Instruct] Temp=0.0 Rep=1 → Concordo
[2026-05-11 14:52:12,383][__main__][INFO] - ✓ [deepseek-ai/DeepSeek-V3.2] Temp=0.0 Rep=1 → Neutro
[2026-05-11 14:52:12,517][__main__][INFO] - ✓ [meta-llama/Meta-Llama-3.1-8B-Instruct] Temp=0.0 Rep=1 → Concordo
[2026-05-11 14:52:12,687][__main__][INFO] - ✓ [deepseek-ai/DeepSeek-V3.2] Temp=0.0 Rep=1 → Concordo fortemente
[2026-05-11 14:52:12,688][__main__][INFO] - ✓ [meta-llama/Meta-Llama-3.1-8B-Instruct] Temp=0.0 Rep=1 → Concordo fortemente
[2026-05-11 14:52:12,763][__main__][INFO] - ✓ [deepseek-ai/DeepSeek-V3.2] Temp=0.0 Rep=1 → Neutro
[2026-05-11 14:52:13,003][__main__][INFO] - ✓ [meta-llama/Meta-Llama-3.1-8B-Instruct] Temp=0.0 Rep=1 → Concordo
[2026-05-11 14:52:13,032][__main__][INFO] - ✓ [meta-llama/Meta-Llama-3.1-8B-Instruct] Temp=0.0 Rep=1 → Concordo
[2026-05-11 14:52:13,076][__main__][INFO] - ✓ [deepseek-ai/DeepSeek-V3.2] Temp=0.0 Rep=1 → Concordo fortemente
[2026-05-11 14:52:13,210][__main__][INFO] - ✓ [deepseek-ai/DeepSeek-V3.2] Temp=0.0 Rep=1 → Concordo fortemente
[2026-05-11 14:52:13,263][__main__][INFO] - ✓ [meta-llama/Meta-Llama-3.1-8B-Instruct] Temp=0.0 Rep=1 → Concordo
[2026-05-11 14:52:13,275][__main__][INFO] - ✓ [deepseek-ai/DeepSeek-V3.2] Temp=0.0 Rep=1 → Concordo fortemente
[2026-05-11 14:52:13,345][__main__][INFO] - ✓ [deepseek-ai/DeepSeek-V3.2] Temp=0.0 Rep=1 → Neutro
[2026-05-11 14:52:13,401][__main__][INFO] - ✓ [meta-llama/Meta-Llama-3.1-8B-Instruct] Temp=0.0 Rep=1 → Concordo fortemente
[2026-05-11 14:52:13,415][__main__][INFO] - ✓ [meta-llama/Meta-Llama-3.1-8B-Instruct] Temp=0.0 Rep=1 → Concordo fortemente
[2026-05-11 14:52:13,476][__main__][INFO] - Salvamento incremental (3560 novas respostas)...
[2026-05-11 14:52:13,521][__main__][INFO] - Cache salvo com 225973 entradas
[2026-05-11 14:52:13,521][__main__][INFO] - ✓ [deepseek-ai/DeepSeek-V3.2] Temp=0.0 Rep=1 → Concordo
[2026-05-11 14:52:13,574][__main__][INFO] - ✓ [deepseek-ai/DeepSeek-V3.2] Temp=0.0 Rep=1 → Concordo
[2026-05-11 14:52:13,615][__main__][INFO] - ✓ [meta-llama/Meta-Llama-3.1-8B-Instruct] Temp=0.0 Rep=1 → Concordo fortemente
[2026-05-11 14:52:13,734][__main__][INFO] - ✓ [deepseek-ai/DeepSeek-V3.2] Temp=0.0 Rep=1 → Neutro
[2026-05-11 14:52:13,736][__main__][INFO] - ✓ [meta-llama/Meta-Llama-3.1-8B-Instruct] Temp=0.0 Rep=1 → Concordo
[2026-05-11 14:52:13,736][__main__][INFO] - ✓ [meta-llama/Meta-Llama-3.1-8B-Instruct] Temp=0.0 Rep=1 → Concordo
[2026-05-11 14:52:13,742][__main__][INFO] - ✓ [meta-llama/Meta-Llama-3.1-8B-Instruct] Temp=0.0 Rep=1 → Concordo
[2026-05-11 14:52:13,861][__main__][INFO] - ✓ [meta-llama/Meta-Llama-3.1-8B-Instruct] Temp=0.0 Rep=1 → Concordo
[2026-05-11 14:52:14,104][__main__][INFO] - ✓ [meta-llama/Meta-Llama-3.1-8B-Instruct] Temp=0.0 Rep=1 → Concordo fortemente
[2026-05-11 14:52:14,107][__main__][INFO] - ✓ [meta-llama/Meta-Llama-3.1-8B-Instruct] Temp=0.0 Rep=1 → Concordo fortemente
[2026-05-11 14:52:14,135][__main__][INFO] - ✓ [meta-llama/Meta-Llama-3.1-8B-Instruct] Temp=0.0 Rep=1 → Concordo fortemente
[2026-05-11 14:52:14,391][__main__][INFO] - ✓ [deepseek-ai/DeepSeek-V3.2] Temp=0.0 Rep=1 → Concordo fortemente
[2026-05-11 14:52:14,470][__main__][INFO] - ✓ [deepseek-ai/DeepSeek-V3.2] Temp=0.0 Rep=1 → Concordo
[2026-05-11 14:52:14,474][__main__][INFO] - ✓ [deepseek-ai/DeepSeek-V3.2] Temp=0.0 Rep=1 → Concordo
[2026-05-11 14:52:14,480][__main__][INFO] - ✓ [meta-llama/Meta-Llama-3.1-8B-Instruct] Temp=0.0 Rep=1 → Concordo fortemente
[2026-05-11 14:52:14,521][__main__][INFO] - ✓ [deepseek-ai/DeepSeek-V3.2] Temp=0.0 Rep=1 → Concordo fortemente
[2026-05-11 14:52:14,526][__main__][INFO] - ✓ [deepseek-ai/DeepSeek-V3.2] Temp=0.0 Rep=1 → Concordo fortemente
[2026-05-11 14:52:14,566][__main__][INFO] - ✓ [deepseek-ai/DeepSeek-V3.2] Temp=0.0 Rep=1 → Concordo
[2026-05-11 14:52:14,812][__main__][INFO] - ✓ [meta-llama/Meta-Llama-3.1-8B-Instruct] Temp=0.0 Rep=1 → Concordo
[2026-05-11 14:52:14,855][__main__][INFO] - ✓ [deepseek-ai/DeepSeek-V3.2] Temp=0.0 Rep=1 → Concordo fortemente
[2026-05-11 14:52:14,898][__main__][INFO] - ✓ [meta-llama/Meta-Llama-3.1-8B-Instruct] Temp=0.0 Rep=1 → Concordo fortemente
[2026-05-11 14:52:14,942][__main__][INFO] - ✓ [deepseek-ai/DeepSeek-V3.2] Temp=0.0 Rep=1 → Concordo fortemente
[2026-05-11 14:52:14,985][__main__][INFO] - ✓ [deepseek-ai/DeepSeek-V3.2] Temp=0.0 Rep=1 → Concordo fortemente
[2026-05-11 14:52:15,049][__main__][INFO] - ✓ [meta-llama/Meta-Llama-3.1-8B-Instruct] Temp=0.0 Rep=1 → Concordo fortemente
[2026-05-11 14:52:15,068][__main__][INFO] - ✓ [meta-llama/Meta-Llama-3.1-8B-Instruct] Temp=0.0 Rep=1 → Concordo fortemente
[2026-05-11 14:52:15,183][__main__][INFO] - ✓ [meta-llama/Meta-Llama-3.1-8B-Instruct] Temp=0.0 Rep=1 → Concordo fortemente
[2026-05-11 14:52:15,316][__main__][INFO] - ✓ [meta-llama/Meta-Llama-3.1-8B-Instruct] Temp=0.0 Rep=1 → Concordo
[2026-05-11 14:52:15,411][__main__][INFO] - ✓ [deepseek-ai/DeepSeek-V3.2] Temp=0.0 Rep=1 → Concordo
[2026-05-11 14:52:15,430][__main__][INFO] - ✓ [deepseek-ai/DeepSeek-V3.2] Temp=0.0 Rep=1 → Concordo
[2026-05-11 14:52:15,463][__main__][INFO] - ✓ [meta-llama/Meta-Llama-3.1-8B-Instruct] Temp=0.0 Rep=1 → Concordo
[2026-05-11 14:52:15,482][__main__][INFO] - ✓ [deepseek-ai/DeepSeek-V3.2] Temp=0.0 Rep=1 → Concordo fortemente
[2026-05-11 14:52:15,485][__main__][INFO] - ✓ [meta-llama/Meta-Llama-3.1-8B-Instruct] Temp=0.0 Rep=1 → Concordo
[2026-05-11 14:52:15,572][__main__][INFO] - ✓ [deepseek-ai/DeepSeek-V3.2] Temp=0.0 Rep=1 → Concordo fortemente
[2026-05-11 14:52:15,834][__main__][INFO] - ✓ [meta-llama/Meta-Llama-3.1-8B-Instruct] Temp=0.0 Rep=1 → Concordo fortemente
[2026-05-11 14:52:15,905][__main__][INFO] - ✓ [deepseek-ai/DeepSeek-V3.2] Temp=0.0 Rep=1 → Concordo fortemente
[2026-05-11 14:52:16,109][__main__][INFO] - ✓ [deepseek-ai/DeepSeek-V3.2] Temp=0.0 Rep=1 → Neutro
[2026-05-11 14:52:16,146][__main__][INFO] - ✓ [deepseek-ai/DeepSeek-V3.2] Temp=0.0 Rep=1 → Concordo
[2026-05-11 14:52:16,358][__main__][INFO] - ✓ [deepseek-ai/DeepSeek-V3.2] Temp=0.0 Rep=1 → Concordo fortemente
[2026-05-11 14:52:16,362][__main__][INFO] - ✓ [deepseek-ai/DeepSeek-V3.2] Temp=0.0 Rep=1 → Concordo fortemente
[2026-05-11 14:52:16,363][__main__][INFO] - ✓ [deepseek-ai/DeepSeek-V3.2] Temp=0.0 Rep=1 → Concordo fortemente
[2026-05-11 14:52:16,469][__main__][INFO] - Salvamento incremental (3600 novas respostas)...
[2026-05-11 14:52:16,536][__main__][INFO] - Cache salvo com 226013 entradas
[2026-05-11 14:52:16,536][__main__][INFO] - ✓ [meta-llama/Meta-Llama-3.1-8B-Instruct] Temp=0.0 Rep=1 → Concordo
[2026-05-11 14:52:16,538][__main__][INFO] - ✓ [deepseek-ai/DeepSeek-V3.2] Temp=0.0 Rep=1 → Neutro
[2026-05-11 14:52:16,538][__main__][INFO] - ✓ [meta-llama/Meta-Llama-3.1-8B-Instruct] Temp=0.0 Rep=1 → Concordo
[2026-05-11 14:52:16,679][__main__][INFO] - ✓ [deepseek-ai/DeepSeek-V3.2] Temp=0.0 Rep=1 → Neutro
[2026-05-11 14:52:16,885][__main__][INFO] - ✓ [meta-llama/Meta-Llama-3.1-8B-Instruct] Temp=0.0 Rep=1 → Concordo
[2026-05-11 14:52:16,905][__main__][INFO] - ✓ [meta-llama/Meta-Llama-3.1-8B-Instruct] Temp=0.0 Rep=1 → Concordo
[2026-05-11 14:52:16,924][__main__][INFO] - ✓ [meta-llama/Meta-Llama-3.1-8B-Instruct] Temp=0.0 Rep=1 → Concordo
[2026-05-11 14:52:17,261][__main__][INFO] - ✓ [deepseek-ai/DeepSeek-V3.2] Temp=0.0 Rep=1 → Neutro
[2026-05-11 14:52:17,310][__main__][INFO] - ✓ [meta-llama/Meta-Llama-3.1-8B-Instruct] Temp=0.0 Rep=1 → Concordo fortemente
[2026-05-11 14:52:17,460][__main__][INFO] - ✓ [deepseek-ai/DeepSeek-V3.2] Temp=0.0 Rep=1 → Concordo fortemente
[2026-05-11 14:52:17,464][__main__][INFO] - ✓ [deepseek-ai/DeepSeek-V3.2] Temp=0.0 Rep=1 → Concordo fortemente
[2026-05-11 14:52:17,677][__main__][INFO] - ✓ [deepseek-ai/DeepSeek-V3.2] Temp=0.0 Rep=1 → Neutro
[2026-05-11 14:52:17,679][__main__][INFO] - ✓ [meta-llama/Meta-Llama-3.1-8B-Instruct] Temp=0.0 Rep=1 → Concordo
[2026-05-11 14:52:17,729][__main__][INFO] - ✓ [meta-llama/Meta-Llama-3.1-8B-Instruct] Temp=0.0 Rep=1 → Concordo
[2026-05-11 14:52:17,975][__main__][INFO] - ✓ [meta-llama/Meta-Llama-3.1-8B-Instruct] Temp=0.0 Rep=1 → Neutro
[2026-05-11 14:52:18,026][__main__][INFO] - ✓ [deepseek-ai/DeepSeek-V3.2] Temp=0.0 Rep=1 → Neutro
[2026-05-11 14:52:18,063][__main__][INFO] - ✓ [meta-llama/Meta-Llama-3.1-8B-Instruct] Temp=0.0 Rep=1 → Concordo
[2026-05-11 14:52:18,124][__main__][INFO] - ✓ [deepseek-ai/DeepSeek-V3.2] Temp=0.0 Rep=1 → Concordo fortemente
[2026-05-11 14:52:18,301][__main__][INFO] - ✓ [meta-llama/Meta-Llama-3.1-8B-Instruct] Temp=0.0 Rep=1 → Concordo
[2026-05-11 14:52:18,455][__main__][INFO] - ✓ [deepseek-ai/DeepSeek-V3.2] Temp=0.0 Rep=1 → Concordo fortemente
[2026-05-11 14:52:18,467][__main__][INFO] - ✓ [deepseek-ai/DeepSeek-V3.2] Temp=0.0 Rep=1 → Neutro
[2026-05-11 14:52:18,486][__main__][INFO] - ✓ [meta-llama/Meta-Llama-3.1-8B-Instruct] Temp=0.0 Rep=1 → Concordo fortemente
[2026-05-11 14:52:18,496][__main__][INFO] - ✓ [meta-llama/Meta-Llama-3.1-8B-Instruct] Temp=0.0 Rep=1 → Concordo fortemente
[2026-05-11 14:52:18,505][__main__][INFO] - ✓ [meta-llama/Meta-Llama-3.1-8B-Instruct] Temp=0.0 Rep=1 → Concordo
[2026-05-11 14:52:18,639][__main__][INFO] - ✓ [deepseek-ai/DeepSeek-V3.2] Temp=0.0 Rep=1 → Neutro
[2026-05-11 14:52:18,652][__main__][INFO] - ✓ [meta-llama/Meta-Llama-3.1-8B-Instruct] Temp=0.0 Rep=1 → Concordo fortemente
[2026-05-11 14:52:18,791][__main__][INFO] - ✓ [deepseek-ai/DeepSeek-V3.2] Temp=0.0 Rep=1 → Neutro
[2026-05-11 14:52:18,836][__main__][INFO] - ✓ [meta-llama/Meta-Llama-3.1-8B-Instruct] Temp=0.0 Rep=1 → Concordo fortemente
[2026-05-11 14:52:18,837][__main__][INFO] - ✓ [deepseek-ai/DeepSeek-V3.2] Temp=0.0 Rep=1 → Neutro
[2026-05-11 14:52:18,853][__main__][INFO] - ✓ [meta-llama/Meta-Llama-3.1-8B-Instruct] Temp=0.0 Rep=1 → Concordo fortemente
[2026-05-11 14:52:18,980][__main__][INFO] - ✓ [deepseek-ai/DeepSeek-V3.2] Temp=0.0 Rep=1 → Neutro
[2026-05-11 14:52:19,004][__main__][INFO] - ✓ [meta-llama/Meta-Llama-3.1-8B-Instruct] Temp=0.0 Rep=1 → Concordo fortemente
[2026-05-11 14:52:19,145][__main__][INFO] - ✓ [meta-llama/Meta-Llama-3.1-8B-Instruct] Temp=0.0 Rep=1 → Concordo fortemente
[2026-05-11 14:52:19,170][__main__][INFO] - ✓ [meta-llama/Meta-Llama-3.1-8B-Instruct] Temp=0.0 Rep=1 → Concordo fortemente
[2026-05-11 14:52:19,183][__main__][INFO] - ✓ [deepseek-ai/DeepSeek-V3.2] Temp=0.0 Rep=1 → Concordo fortemente
[2026-05-11 14:52:19,291][__main__][INFO] - ✓ [deepseek-ai/DeepSeek-V3.2] Temp=0.0 Rep=1 → Concordo
[2026-05-11 14:52:19,502][__main__][INFO] - ✓ [deepseek-ai/DeepSeek-V3.2] Temp=0.0 Rep=1 → Concordo fortemente
[2026-05-11 14:52:19,525][__main__][INFO] - ✓ [meta-llama/Meta-Llama-3.1-8B-Instruct] Temp=0.0 Rep=1 → Concordo fortemente
[2026-05-11 14:52:19,529][__main__][INFO] - ✓ [meta-llama/Meta-Llama-3.1-8B-Instruct] Temp=0.0 Rep=1 → Concordo fortemente
[2026-05-11 14:52:19,567][__main__][INFO] - ✓ [meta-llama/Meta-Llama-3.1-8B-Instruct] Temp=0.0 Rep=1 → Concordo fortemente
[2026-05-11 14:52:19,789][__main__][INFO] - Salvamento incremental (3640 novas respostas)...
[2026-05-11 14:52:19,843][__main__][INFO] - Cache salvo com 226053 entradas
[2026-05-11 14:52:19,843][__main__][INFO] - ✓ [deepseek-ai/DeepSeek-V3.2] Temp=0.0 Rep=1 → Concordo
[2026-05-11 14:52:19,844][__main__][INFO] - ✓ [deepseek-ai/DeepSeek-V3.2] Temp=0.0 Rep=1 → Concordo fortemente
[2026-05-11 14:52:19,860][__main__][INFO] - ✓ [deepseek-ai/DeepSeek-V3.2] Temp=0.0 Rep=1 → Concordo
[2026-05-11 14:52:19,868][__main__][INFO] - ✓ [deepseek-ai/DeepSeek-V3.2] Temp=0.0 Rep=1 → Concordo fortemente
[2026-05-11 14:52:19,870][__main__][INFO] - ✓ [deepseek-ai/DeepSeek-V3.2] Temp=0.0 Rep=1 → Concordo fortemente
[2026-05-11 14:52:19,889][__main__][INFO] - ✓ [meta-llama/Meta-Llama-3.1-8B-Instruct] Temp=0.0 Rep=1 → Concordo fortemente
[2026-05-11 14:52:19,924][__main__][INFO] - ✓ [meta-llama/Meta-Llama-3.1-8B-Instruct] Temp=0.0 Rep=1 → Concordo fortemente
[2026-05-11 14:52:19,925][__main__][INFO] - ✓ [meta-llama/Meta-Llama-3.1-8B-Instruct] Temp=0.0 Rep=1 → Concordo fortemente
[2026-05-11 14:52:20,214][__main__][INFO] - ✓ [deepseek-ai/DeepSeek-V3.2] Temp=0.0 Rep=1 → Concordo
[2026-05-11 14:52:20,287][__main__][INFO] - ✓ [meta-llama/Meta-Llama-3.1-8B-Instruct] Temp=0.0 Rep=1 → Concordo fortemente
[2026-05-11 14:52:20,357][__main__][INFO] - ✓ [meta-llama/Meta-Llama-3.1-8B-Instruct] Temp=0.0 Rep=1 → Concordo fortemente
[2026-05-11 14:52:20,583][__main__][INFO] - ✓ [deepseek-ai/DeepSeek-V3.2] Temp=0.0 Rep=1 → Concordo fortemente
[2026-05-11 14:52:20,595][__main__][INFO] - ✓ [meta-llama/Meta-Llama-3.1-8B-Instruct] Temp=0.0 Rep=1 → Concordo fortemente
[2026-05-11 14:52:20,610][__main__][INFO] - ✓ [meta-llama/Meta-Llama-3.1-8B-Instruct] Temp=0.0 Rep=1 → Concordo fortemente
[2026-05-11 14:52:20,723][__main__][INFO] - ✓ [deepseek-ai/DeepSeek-V3.2] Temp=0.0 Rep=1 → Concordo
[2026-05-11 14:52:20,750][__main__][INFO] - ✓ [meta-llama/Meta-Llama-3.1-8B-Instruct] Temp=0.0 Rep=1 → Concordo fortemente
[2026-05-11 14:52:20,752][__main__][INFO] - ✓ [deepseek-ai/DeepSeek-V3.2] Temp=0.0 Rep=1 → Concordo
[2026-05-11 14:52:20,786][__main__][INFO] - ✓ [deepseek-ai/DeepSeek-V3.2] Temp=0.0 Rep=1 → Concordo fortemente
[2026-05-11 14:52:20,817][__main__][INFO] - ✓ [deepseek-ai/DeepSeek-V3.2] Temp=0.0 Rep=1 → Concordo
[2026-05-11 14:52:20,832][__main__][INFO] - ✓ [meta-llama/Meta-Llama-3.1-8B-Instruct] Temp=0.0 Rep=1 → Concordo fortemente
[2026-05-11 14:52:20,932][__main__][INFO] - ✓ [deepseek-ai/DeepSeek-V3.2] Temp=0.0 Rep=1 → Concordo fortemente
[2026-05-11 14:52:21,287][__main__][INFO] - ✓ [meta-llama/Meta-Llama-3.1-8B-Instruct] Temp=0.0 Rep=1 → Concordo fortemente
[2026-05-11 14:52:21,311][__main__][INFO] - ✓ [meta-llama/Meta-Llama-3.1-8B-Instruct] Temp=0.0 Rep=1 → Concordo fortemente
[2026-05-11 14:52:21,322][__main__][INFO] - ✓ [meta-llama/Meta-Llama-3.1-8B-Instruct] Temp=0.0 Rep=1 → Concordo fortemente
[2026-05-11 14:52:21,331][__main__][INFO] - ✓ [meta-llama/Meta-Llama-3.1-8B-Instruct] Temp=0.0 Rep=1 → Concordo fortemente
[2026-05-11 14:52:21,599][__main__][INFO] - ✓ [deepseek-ai/DeepSeek-V3.2] Temp=0.0 Rep=1 → Concordo
[2026-05-11 14:52:21,671][__main__][INFO] - ✓ [meta-llama/Meta-Llama-3.1-8B-Instruct] Temp=0.0 Rep=1 → Concordo
[2026-05-11 14:52:21,729][__main__][INFO] - ✓ [meta-llama/Meta-Llama-3.1-8B-Instruct] Temp=0.0 Rep=1 → Concordo fortemente
[2026-05-11 14:52:21,755][__main__][INFO] - ✓ [deepseek-ai/DeepSeek-V3.2] Temp=0.0 Rep=1 → Concordo
[2026-05-11 14:52:22,144][__main__][INFO] - ✓ [deepseek-ai/DeepSeek-V3.2] Temp=0.0 Rep=1 → Concordo fortemente
[2026-05-11 14:52:22,155][__main__][INFO] - ✓ [deepseek-ai/DeepSeek-V3.2] Temp=0.0 Rep=1 → Neutro
[2026-05-11 14:52:22,263][__main__][INFO] - ✓ [deepseek-ai/DeepSeek-V3.2] Temp=0.0 Rep=1 → Concordo fortemente
[2026-05-11 14:52:22,310][__main__][INFO] - ✓ [deepseek-ai/DeepSeek-V3.2] Temp=0.0 Rep=1 → Neutro
[2026-05-11 14:52:22,390][__main__][INFO] - ✓ [deepseek-ai/DeepSeek-V3.2] Temp=0.0 Rep=1 → Neutro
[2026-05-11 14:52:22,416][__main__][INFO] - ✓ [deepseek-ai/DeepSeek-V3.2] Temp=0.0 Rep=1 → Concordo fortemente
[2026-05-11 14:52:22,464][__main__][WARNING] - Resposta inválida (tentativa 1/3) de meta-llama/Meta-Llama-3.1-8B-Instruct: Não posso fornecer uma resposta para essa afirmação Posso aj
[2026-05-11 14:52:22,465][__main__][INFO] - Fazendo retry 2/3...
[2026-05-11 14:52:22,528][__main__][INFO] - ✓ [deepseek-ai/DeepSeek-V3.2] Temp=0.0 Rep=1 → Neutro
[2026-05-11 14:52:22,742][__main__][INFO] - ✓ [meta-llama/Meta-Llama-3.1-8B-Instruct] Temp=0.0 Rep=1 → Concordo
[2026-05-11 14:52:22,745][__main__][INFO] - ✓ [meta-llama/Meta-Llama-3.1-8B-Instruct] Temp=0.0 Rep=1 → Concordo
[2026-05-11 14:52:22,787][__main__][INFO] - ✓ [meta-llama/Meta-Llama-3.1-8B-Instruct] Temp=0.0 Rep=1 → Concordo
[2026-05-11 14:52:22,813][__main__][WARNING] - Resposta inválida (tentativa 1/3) de meta-llama/Meta-Llama-3.1-8B-Instruct: Não posso fornecer uma resposta para essa afirmação Posso aj
[2026-05-11 14:52:22,814][__main__][INFO] - Fazendo retry 2/3...
[2026-05-11 14:52:22,883][__main__][INFO] - ✓ [meta-llama/Meta-Llama-3.1-8B-Instruct] Temp=0.0 Rep=1 → Concordo fortemente
[2026-05-11 14:52:23,226][__main__][INFO] - Salvamento incremental (3680 novas respostas)...
[2026-05-11 14:52:23,283][__main__][INFO] - Cache salvo com 226093 entradas
[2026-05-11 14:52:23,284][__main__][INFO] - ✓ [meta-llama/Meta-Llama-3.1-8B-Instruct] Temp=0.0 Rep=1 → Concordo
[2026-05-11 14:52:23,285][__main__][INFO] - ✓ [meta-llama/Meta-Llama-3.1-8B-Instruct] Temp=0.0 Rep=1 → Concordo fortemente
[2026-05-11 14:52:23,286][__main__][INFO] - ✓ [meta-llama/Meta-Llama-3.1-8B-Instruct] Temp=0.0 Rep=1 → Concordo
[2026-05-11 14:52:23,321][__main__][INFO] - ✓ [deepseek-ai/DeepSeek-V3.2] Temp=0.0 Rep=1 → Neutro
[2026-05-11 14:52:23,356][__main__][INFO] - ✓ [deepseek-ai/DeepSeek-V3.2] Temp=0.0 Rep=1 → Neutro
[2026-05-11 14:52:23,416][__main__][INFO] - ✓ [deepseek-ai/DeepSeek-V3.2] Temp=0.0 Rep=1 → Neutro
[2026-05-11 14:52:23,469][__main__][INFO] - ✓ [deepseek-ai/DeepSeek-V3.2] Temp=0.0 Rep=1 → Neutro
[2026-05-11 14:52:23,545][__main__][INFO] - ✓ [deepseek-ai/DeepSeek-V3.2] Temp=0.0 Rep=1 → Neutro
[2026-05-11 14:52:23,697][__main__][INFO] - ✓ [meta-llama/Meta-Llama-3.1-8B-Instruct] Temp=0.0 Rep=1 → Concordo
[2026-05-11 14:52:23,699][__main__][INFO] - ✓ [meta-llama/Meta-Llama-3.1-8B-Instruct] Temp=0.0 Rep=1 → Concordo
[2026-05-11 14:52:23,737][__main__][INFO] - ✓ [deepseek-ai/DeepSeek-V3.2] Temp=0.0 Rep=1 → Concordo
[2026-05-11 14:52:23,756][__main__][INFO] - ✓ [meta-llama/Meta-Llama-3.1-8B-Instruct] Temp=0.0 Rep=1 → Concordo fortemente
[2026-05-11 14:52:24,022][__main__][INFO] - ✓ [meta-llama/Meta-Llama-3.1-8B-Instruct] Temp=0.0 Rep=1 → Concordo
[2026-05-11 14:52:24,104][__main__][INFO] - ✓ [meta-llama/Meta-Llama-3.1-8B-Instruct] Temp=0.0 Rep=1 → Concordo
[2026-05-11 14:52:24,222][__main__][INFO] - ✓ [deepseek-ai/DeepSeek-V3.2] Temp=0.0 Rep=1 → Concordo
[2026-05-11 14:52:24,227][__main__][INFO] - ✓ [deepseek-ai/DeepSeek-V3.2] Temp=0.0 Rep=1 → Neutro
[2026-05-11 14:52:24,228][__main__][INFO] - ✓ [deepseek-ai/DeepSeek-V3.2] Temp=0.0 Rep=1 → Neutro
[2026-05-11 14:52:24,229][__main__][INFO] - ✓ [meta-llama/Meta-Llama-3.1-8B-Instruct] Temp=0.0 Rep=1 → Concordo fortemente
[2026-05-11 14:52:24,323][__main__][INFO] - ✓ [deepseek-ai/DeepSeek-V3.2] Temp=0.0 Rep=1 → Neutro
[2026-05-11 14:52:24,426][__main__][INFO] - ✓ [deepseek-ai/DeepSeek-V3.2] Temp=0.0 Rep=1 → Concordo fortemente
[2026-05-11 14:52:24,479][__main__][INFO] - ✓ [deepseek-ai/DeepSeek-V3.2] Temp=0.0 Rep=1 → Concordo
[2026-05-11 14:52:24,603][__main__][INFO] - ✓ [meta-llama/Meta-Llama-3.1-8B-Instruct] Temp=0.0 Rep=1 → Concordo fortemente
[2026-05-11 14:52:24,749][__main__][INFO] - ✓ [deepseek-ai/DeepSeek-V3.2] Temp=0.0 Rep=1 → Neutro
[2026-05-11 14:52:24,842][__main__][INFO] - ✓ [deepseek-ai/DeepSeek-V3.2] Temp=0.0 Rep=1 → Concordo
[2026-05-11 14:52:24,848][__main__][INFO] - ✓ [meta-llama/Meta-Llama-3.1-8B-Instruct] Temp=0.0 Rep=1 → Concordo fortemente
[2026-05-11 14:52:24,858][__main__][INFO] - ✓ [deepseek-ai/DeepSeek-V3.2] Temp=0.0 Rep=1 → Concordo fortemente
[2026-05-11 14:52:24,978][__main__][INFO] - ✓ [meta-llama/Meta-Llama-3.1-8B-Instruct] Temp=0.0 Rep=1 → Concordo fortemente
[2026-05-11 14:52:24,981][__main__][INFO] - ✓ [meta-llama/Meta-Llama-3.1-8B-Instruct] Temp=0.0 Rep=1 → Concordo fortemente
[2026-05-11 14:52:25,062][__main__][INFO] - ✓ [meta-llama/Meta-Llama-3.1-8B-Instruct] Temp=0.0 Rep=1 → Concordo fortemente
[2026-05-11 14:52:25,287][__main__][INFO] - ✓ [meta-llama/Meta-Llama-3.1-8B-Instruct] Temp=0.0 Rep=1 → Concordo fortemente
[2026-05-11 14:52:25,377][__main__][INFO] - ✓ [meta-llama/Meta-Llama-3.1-8B-Instruct] Temp=0.0 Rep=1 → Concordo fortemente
[2026-05-11 14:52:25,446][__main__][INFO] - ✓ [meta-llama/Meta-Llama-3.1-8B-Instruct] Temp=0.0 Rep=1 → Concordo fortemente
[2026-05-11 14:52:25,455][__main__][INFO] - ✓ [meta-llama/Meta-Llama-3.1-8B-Instruct] Temp=0.0 Rep=1 → Concordo fortemente
[2026-05-11 14:52:25,583][__main__][INFO] - ✓ [deepseek-ai/DeepSeek-V3.2] Temp=0.0 Rep=1 → Concordo fortemente
[2026-05-11 14:52:25,590][__main__][INFO] - ✓ [deepseek-ai/DeepSeek-V3.2] Temp=0.0 Rep=1 → Concordo fortemente
[2026-05-11 14:52:25,591][__main__][INFO] - ✓ [deepseek-ai/DeepSeek-V3.2] Temp=0.0 Rep=1 → Concordo
[2026-05-11 14:52:25,794][__main__][INFO] - ✓ [deepseek-ai/DeepSeek-V3.2] Temp=0.0 Rep=1 → Concordo fortemente
[2026-05-11 14:52:25,999][__main__][INFO] - ✓ [deepseek-ai/DeepSeek-V3.2] Temp=0.0 Rep=1 → Neutro
[2026-05-11 14:52:26,000][__main__][INFO] - ✓ [meta-llama/Meta-Llama-3.1-8B-Instruct] Temp=0.0 Rep=1 → Concordo fortemente
[2026-05-11 14:52:26,001][__main__][INFO] - ✓ [meta-llama/Meta-Llama-3.1-8B-Instruct] Temp=0.0 Rep=1 → Concordo fortemente
[2026-05-11 14:52:26,029][__main__][INFO] - Salvamento incremental (3720 novas respostas)...
[2026-05-11 14:52:26,081][__main__][INFO] - Cache salvo com 226133 entradas
[2026-05-11 14:52:26,081][__main__][INFO] - ✓ [meta-llama/Meta-Llama-3.1-8B-Instruct] Temp=0.0 Rep=1 → Concordo fortemente
[2026-05-11 14:52:26,082][__main__][INFO] - ✓ [deepseek-ai/DeepSeek-V3.2] Temp=0.0 Rep=1 → Concordo
[2026-05-11 14:52:26,383][__main__][INFO] - ✓ [meta-llama/Meta-Llama-3.1-8B-Instruct] Temp=0.0 Rep=1 → Concordo fortemente
[2026-05-11 14:52:26,569][__main__][INFO] - ✓ [deepseek-ai/DeepSeek-V3.2] Temp=0.0 Rep=1 → Concordo fortemente
[2026-05-11 14:52:26,588][__main__][INFO] - ✓ [deepseek-ai/DeepSeek-V3.2] Temp=0.0 Rep=1 → Concordo
[2026-05-11 14:52:26,602][__main__][INFO] - ✓ [deepseek-ai/DeepSeek-V3.2] Temp=0.0 Rep=1 → Concordo
[2026-05-11 14:52:26,668][__main__][INFO] - ✓ [deepseek-ai/DeepSeek-V3.2] Temp=0.0 Rep=1 → Neutro
[2026-05-11 14:52:26,730][__main__][INFO] - ✓ [meta-llama/Meta-Llama-3.1-8B-Instruct] Temp=0.0 Rep=1 → Concordo fortemente
[2026-05-11 14:52:26,731][__main__][INFO] - ✓ [deepseek-ai/DeepSeek-V3.2] Temp=0.0 Rep=1 → Concordo
[2026-05-11 14:52:26,844][__main__][INFO] - ✓ [meta-llama/Meta-Llama-3.1-8B-Instruct] Temp=0.0 Rep=1 → Concordo fortemente
[2026-05-11 14:52:26,847][__main__][INFO] - ✓ [deepseek-ai/DeepSeek-V3.2] Temp=0.0 Rep=1 → Concordo fortemente
[2026-05-11 14:52:27,059][__main__][INFO] - ✓ [meta-llama/Meta-Llama-3.1-8B-Instruct] Temp=0.0 Rep=1 → Concordo
[2026-05-11 14:52:27,117][__main__][INFO] - ✓ [meta-llama/Meta-Llama-3.1-8B-Instruct] Temp=0.0 Rep=1 → Concordo
[2026-05-11 14:52:27,159][__main__][INFO] - ✓ [meta-llama/Meta-Llama-3.1-8B-Instruct] Temp=0.0 Rep=1 → Concordo fortemente
[2026-05-11 14:52:27,225][__main__][WARNING] - Resposta inválida (tentativa 2/3) de meta-llama/Meta-Llama-3.1-8B-Instruct: Não posso fornecer uma resposta para essa pergunta Se você g
[2026-05-11 14:52:27,225][__main__][INFO] - Fazendo retry 3/3...
[2026-05-11 14:52:27,368][__main__][INFO] - ✓ [deepseek-ai/DeepSeek-V3.2] Temp=0.0 Rep=1 → Concordo
[2026-05-11 14:52:27,505][__main__][INFO] - ✓ [deepseek-ai/DeepSeek-V3.2] Temp=0.0 Rep=1 → Concordo fortemente
[2026-05-11 14:52:27,538][__main__][INFO] - ✓ [meta-llama/Meta-Llama-3.1-8B-Instruct] Temp=0.0 Rep=1 → Concordo fortemente
[2026-05-11 14:52:27,546][__main__][INFO] - ✓ [deepseek-ai/DeepSeek-V3.2] Temp=0.0 Rep=1 → Neutro
[2026-05-11 14:52:27,576][__main__][INFO] - ✓ [meta-llama/Meta-Llama-3.1-8B-Instruct] Temp=0.0 Rep=1 → Concordo fortemente
[2026-05-11 14:52:27,637][__main__][INFO] - ✓ [meta-llama/Meta-Llama-3.1-8B-Instruct] Temp=0.0 Rep=1 → Concordo fortemente
[2026-05-11 14:52:27,644][__main__][INFO] - ✓ [deepseek-ai/DeepSeek-V3.2] Temp=0.0 Rep=1 → Neutro
[2026-05-11 14:52:27,714][__main__][INFO] - ✓ [deepseek-ai/DeepSeek-V3.2] Temp=0.0 Rep=1 → Concordo fortemente
[2026-05-11 14:52:27,911][__main__][INFO] - ✓ [meta-llama/Meta-Llama-3.1-8B-Instruct] Temp=0.0 Rep=1 → Concordo
[2026-05-11 14:52:27,921][__main__][INFO] - ✓ [meta-llama/Meta-Llama-3.1-8B-Instruct] Temp=0.0 Rep=1 → Neutro
[2026-05-11 14:52:27,955][__main__][INFO] - ✓ [deepseek-ai/DeepSeek-V3.2] Temp=0.0 Rep=1 → Concordo
[2026-05-11 14:52:28,006][__main__][INFO] - ✓ [meta-llama/Meta-Llama-3.1-8B-Instruct] Temp=0.0 Rep=1 → Concordo
[2026-05-11 14:52:28,104][__main__][INFO] - ✓ [deepseek-ai/DeepSeek-V3.2] Temp=0.0 Rep=1 → Concordo fortemente
[2026-05-11 14:52:28,247][__main__][INFO] - ✓ [meta-llama/Meta-Llama-3.1-8B-Instruct] Temp=0.0 Rep=1 → Concordo
[2026-05-11 14:52:28,323][__main__][INFO] - ✓ [meta-llama/Meta-Llama-3.1-8B-Instruct] Temp=0.0 Rep=1 → Concordo
[2026-05-11 14:52:28,415][__main__][INFO] - ✓ [meta-llama/Meta-Llama-3.1-8B-Instruct] Temp=0.0 Rep=1 → Concordo
[2026-05-11 14:52:28,564][__main__][INFO] - ✓ [deepseek-ai/DeepSeek-V3.2] Temp=0.0 Rep=1 → Neutro
[2026-05-11 14:52:28,657][__main__][INFO] - ✓ [deepseek-ai/DeepSeek-V3.2] Temp=0.0 Rep=1 → Concordo fortemente
[2026-05-11 14:52:28,705][__main__][INFO] - ✓ [deepseek-ai/DeepSeek-V3.2] Temp=0.0 Rep=1 → Neutro
[2026-05-11 14:52:28,777][__main__][INFO] - ✓ [deepseek-ai/DeepSeek-V3.2] Temp=0.0 Rep=1 → Neutro
[2026-05-11 14:52:28,793][__main__][INFO] - ✓ [meta-llama/Meta-Llama-3.1-8B-Instruct] Temp=0.0 Rep=1 → Concordo fortemente
[2026-05-11 14:52:28,804][__main__][INFO] - ✓ [deepseek-ai/DeepSeek-V3.2] Temp=0.0 Rep=1 → Neutro
[2026-05-11 14:52:28,835][__main__][INFO] - ✓ [deepseek-ai/DeepSeek-V3.2] Temp=0.0 Rep=1 → Neutro
[2026-05-11 14:52:28,848][__main__][INFO] - ✓ [meta-llama/Meta-Llama-3.1-8B-Instruct] Temp=0.0 Rep=1 → Concordo
[2026-05-11 14:52:28,938][__main__][INFO] - ✓ [meta-llama/Meta-Llama-3.1-8B-Instruct] Temp=0.0 Rep=1 → Concordo
[2026-05-11 14:52:28,954][__main__][INFO] - ✓ [deepseek-ai/DeepSeek-V3.2] Temp=0.0 Rep=1 → Neutro
[2026-05-11 14:52:29,061][__main__][INFO] - Salvamento incremental (3760 novas respostas)...
[2026-05-11 14:52:29,115][__main__][INFO] - Cache salvo com 226173 entradas
[2026-05-11 14:52:29,115][__main__][INFO] - ✓ [deepseek-ai/DeepSeek-V3.2] Temp=0.0 Rep=1 → Neutro
[2026-05-11 14:52:29,173][__main__][INFO] - ✓ [meta-llama/Meta-Llama-3.1-8B-Instruct] Temp=0.0 Rep=1 → Concordo fortemente
[2026-05-11 14:52:29,247][__main__][INFO] - ✓ [meta-llama/Meta-Llama-3.1-8B-Instruct] Temp=0.0 Rep=1 → Concordo fortemente
[2026-05-11 14:52:29,521][__main__][INFO] - ✓ [meta-llama/Meta-Llama-3.1-8B-Instruct] Temp=0.0 Rep=1 → Concordo
[2026-05-11 14:52:29,543][__main__][INFO] - ✓ [meta-llama/Meta-Llama-3.1-8B-Instruct] Temp=0.0 Rep=1 → Concordo
[2026-05-11 14:52:29,576][__main__][INFO] - ✓ [deepseek-ai/DeepSeek-V3.2] Temp=0.0 Rep=1 → Neutro
[2026-05-11 14:52:29,629][__main__][INFO] - ✓ [meta-llama/Meta-Llama-3.1-8B-Instruct] Temp=0.0 Rep=1 → Concordo
[2026-05-11 14:52:29,809][__main__][INFO] - ✓ [meta-llama/Meta-Llama-3.1-8B-Instruct] Temp=0.0 Rep=1 → Concordo fortemente
[2026-05-11 14:52:29,851][__main__][INFO] - ✓ [deepseek-ai/DeepSeek-V3.2] Temp=0.0 Rep=1 → Discordo
[2026-05-11 14:52:29,898][__main__][INFO] - ✓ [deepseek-ai/DeepSeek-V3.2] Temp=0.0 Rep=1 → Neutro
[2026-05-11 14:52:29,995][__main__][INFO] - ✓ [deepseek-ai/DeepSeek-V3.2] Temp=0.0 Rep=1 → Neutro
[2026-05-11 14:52:29,996][__main__][INFO] - ✓ [meta-llama/Meta-Llama-3.1-8B-Instruct] Temp=0.0 Rep=1 → Concordo fortemente
[2026-05-11 14:52:29,998][__main__][INFO] - ✓ [deepseek-ai/DeepSeek-V3.2] Temp=0.0 Rep=1 → Neutro
[2026-05-11 14:52:30,219][__main__][INFO] - ✓ [meta-llama/Meta-Llama-3.1-8B-Instruct] Temp=0.0 Rep=1 → Concordo fortemente
[2026-05-11 14:52:30,234][__main__][INFO] - ✓ [deepseek-ai/DeepSeek-V3.2] Temp=0.0 Rep=1 → Neutro
[2026-05-11 14:52:30,261][__main__][INFO] - ✓ [meta-llama/Meta-Llama-3.1-8B-Instruct] Temp=0.0 Rep=1 → Concordo fortemente
[2026-05-11 14:52:30,365][__main__][INFO] - ✓ [meta-llama/Meta-Llama-3.1-8B-Instruct] Temp=0.0 Rep=1 → Concordo fortemente
[2026-05-11 14:52:30,370][__main__][INFO] - ✓ [deepseek-ai/DeepSeek-V3.2] Temp=0.0 Rep=1 → Neutro
[2026-05-11 14:52:30,598][__main__][INFO] - ✓ [meta-llama/Meta-Llama-3.1-8B-Instruct] Temp=0.0 Rep=1 → Concordo fortemente
[2026-05-11 14:52:30,664][__main__][INFO] - ✓ [meta-llama/Meta-Llama-3.1-8B-Instruct] Temp=0.0 Rep=1 → Concordo fortemente
[2026-05-11 14:52:30,883][__main__][INFO] - ✓ [deepseek-ai/DeepSeek-V3.2] Temp=0.0 Rep=1 → Neutro
[2026-05-11 14:52:31,037][__main__][INFO] - ✓ [deepseek-ai/DeepSeek-V3.2] Temp=0.0 Rep=1 → Concordo fortemente
[2026-05-11 14:52:31,083][__main__][INFO] - ✓ [meta-llama/Meta-Llama-3.1-8B-Instruct] Temp=0.0 Rep=1 → Concordo fortemente
[2026-05-11 14:52:31,124][__main__][INFO] - ✓ [deepseek-ai/DeepSeek-V3.2] Temp=0.0 Rep=1 → Neutro
[2026-05-11 14:52:31,242][__main__][INFO] - ✓ [meta-llama/Meta-Llama-3.1-8B-Instruct] Temp=0.0 Rep=1 → Concordo fortemente
[2026-05-11 14:52:31,279][__main__][INFO] - ✓ [meta-llama/Meta-Llama-3.1-8B-Instruct] Temp=0.0 Rep=1 → Concordo fortemente
[2026-05-11 14:52:31,586][__main__][INFO] - ✓ [deepseek-ai/DeepSeek-V3.2] Temp=0.0 Rep=1 → Neutro
[2026-05-11 14:52:31,601][__main__][INFO] - ✓ [deepseek-ai/DeepSeek-V3.2] Temp=0.0 Rep=1 → Concordo fortemente
[2026-05-11 14:52:31,627][__main__][INFO] - ✓ [meta-llama/Meta-Llama-3.1-8B-Instruct] Temp=0.0 Rep=1 → Concordo fortemente
[2026-05-11 14:52:31,664][__main__][INFO] - ✓ [meta-llama/Meta-Llama-3.1-8B-Instruct] Temp=0.0 Rep=1 → Concordo fortemente
[2026-05-11 14:52:31,798][__main__][INFO] - ✓ [deepseek-ai/DeepSeek-V3.2] Temp=0.0 Rep=1 → Concordo fortemente
[2026-05-11 14:52:31,804][__main__][INFO] - ✓ [deepseek-ai/DeepSeek-V3.2] Temp=0.0 Rep=1 → Discordo
[2026-05-11 14:52:31,957][__main__][INFO] - ✓ [deepseek-ai/DeepSeek-V3.2] Temp=0.0 Rep=1 → Concordo fortemente
[2026-05-11 14:52:31,974][__main__][INFO] - ✓ [meta-llama/Meta-Llama-3.1-8B-Instruct] Temp=0.0 Rep=1 → Concordo fortemente
[2026-05-11 14:52:32,193][__main__][INFO] - ✓ [deepseek-ai/DeepSeek-V3.2] Temp=0.0 Rep=1 → Concordo fortemente
[2026-05-11 14:52:32,198][__main__][INFO] - ✓ [deepseek-ai/DeepSeek-V3.2] Temp=0.0 Rep=1 → Neutro
[2026-05-11 14:52:32,213][__main__][INFO] - ✓ [meta-llama/Meta-Llama-3.1-8B-Instruct] Temp=0.0 Rep=1 → Concordo fortemente
[2026-05-11 14:52:32,291][__main__][INFO] - ✓ [meta-llama/Meta-Llama-3.1-8B-Instruct] Temp=0.0 Rep=1 → Concordo fortemente
[2026-05-11 14:52:32,315][__main__][INFO] - ✓ [deepseek-ai/DeepSeek-V3.2] Temp=0.0 Rep=1 → Concordo fortemente
[2026-05-11 14:52:32,375][__main__][INFO] - ✓ [meta-llama/Meta-Llama-3.1-8B-Instruct] Temp=0.0 Rep=1 → Concordo fortemente
[2026-05-11 14:52:32,475][__main__][INFO] - Salvamento incremental (3800 novas respostas)...
[2026-05-11 14:52:32,547][__main__][INFO] - Cache salvo com 226213 entradas
[2026-05-11 14:52:32,548][__main__][INFO] - ✓ [deepseek-ai/DeepSeek-V3.2] Temp=0.0 Rep=1 → Concordo fortemente
[2026-05-11 14:52:32,614][__main__][INFO] - ✓ [deepseek-ai/DeepSeek-V3.2] Temp=0.0 Rep=1 → Concordo fortemente
[2026-05-11 14:52:32,615][__main__][INFO] - ✓ [meta-llama/Meta-Llama-3.1-8B-Instruct] Temp=0.0 Rep=1 → Concordo fortemente
[2026-05-11 14:52:32,635][__main__][INFO] - ✓ [deepseek-ai/DeepSeek-V3.2] Temp=0.0 Rep=1 → Concordo fortemente
[2026-05-11 14:52:32,637][__main__][INFO] - ✓ [deepseek-ai/DeepSeek-V3.2] Temp=0.0 Rep=1 → Discordo
[2026-05-11 14:52:32,757][__main__][INFO] - ✓ [meta-llama/Meta-Llama-3.1-8B-Instruct] Temp=0.0 Rep=1 → Concordo
[2026-05-11 14:52:32,764][__main__][INFO] - ✓ [meta-llama/Meta-Llama-3.1-8B-Instruct] Temp=0.0 Rep=1 → Concordo fortemente
[2026-05-11 14:52:33,032][__main__][INFO] - ✓ [meta-llama/Meta-Llama-3.1-8B-Instruct] Temp=0.0 Rep=1 → Concordo fortemente
[2026-05-11 14:52:33,168][__main__][INFO] - ✓ [meta-llama/Meta-Llama-3.1-8B-Instruct] Temp=0.0 Rep=1 → Concordo fortemente
[2026-05-11 14:52:33,364][__main__][INFO] - ✓ [deepseek-ai/DeepSeek-V3.2] Temp=0.0 Rep=1 → Neutro
[2026-05-11 14:52:33,490][__main__][INFO] - ✓ [deepseek-ai/DeepSeek-V3.2] Temp=0.0 Rep=1 → Neutro
[2026-05-11 14:52:33,556][__main__][INFO] - ✓ [deepseek-ai/DeepSeek-V3.2] Temp=0.0 Rep=1 → Neutro
[2026-05-11 14:52:33,560][__main__][INFO] - ✓ [deepseek-ai/DeepSeek-V3.2] Temp=0.0 Rep=1 → Concordo
[2026-05-11 14:52:33,658][__main__][INFO] - ✓ [deepseek-ai/DeepSeek-V3.2] Temp=0.0 Rep=1 → Concordo fortemente
[2026-05-11 14:52:33,659][__main__][INFO] - ✓ [deepseek-ai/DeepSeek-V3.2] Temp=0.0 Rep=1 → Concordo fortemente
[2026-05-11 14:52:33,660][__main__][INFO] - ✓ [deepseek-ai/DeepSeek-V3.2] Temp=0.0 Rep=1 → Neutro
[2026-05-11 14:52:33,660][__main__][INFO] - ✓ [meta-llama/Meta-Llama-3.1-8B-Instruct] Temp=0.0 Rep=1 → Concordo
[2026-05-11 14:52:33,679][__main__][INFO] - ✓ [meta-llama/Meta-Llama-3.1-8B-Instruct] Temp=0.0 Rep=1 → Concordo
[2026-05-11 14:52:33,684][__main__][INFO] - ✓ [deepseek-ai/DeepSeek-V3.2] Temp=0.0 Rep=1 → Neutro
[2026-05-11 14:52:33,826][__main__][INFO] - ✓ [meta-llama/Meta-Llama-3.1-8B-Instruct] Temp=0.0 Rep=1 → Concordo
[2026-05-11 14:52:33,887][__main__][INFO] - ✓ [meta-llama/Meta-Llama-3.1-8B-Instruct] Temp=0.0 Rep=1 → Concordo fortemente
[2026-05-11 14:52:34,027][__main__][INFO] - ✓ [meta-llama/Meta-Llama-3.1-8B-Instruct] Temp=0.0 Rep=1 → Concordo
[2026-05-11 14:52:34,043][__main__][INFO] - ✓ [meta-llama/Meta-Llama-3.1-8B-Instruct] Temp=0.0 Rep=1 → Concordo
[2026-05-11 14:52:34,082][__main__][INFO] - ✓ [meta-llama/Meta-Llama-3.1-8B-Instruct] Temp=0.0 Rep=1 → Concordo
[2026-05-11 14:52:34,273][__main__][INFO] - ✓ [meta-llama/Meta-Llama-3.1-8B-Instruct] Temp=0.0 Rep=1 → Concordo fortemente
[2026-05-11 14:52:34,412][__main__][INFO] - ✓ [meta-llama/Meta-Llama-3.1-8B-Instruct] Temp=0.0 Rep=1 → Neutro
[2026-05-11 14:52:34,433][__main__][INFO] - ✓ [meta-llama/Meta-Llama-3.1-8B-Instruct] Temp=0.0 Rep=1 → Discordo
[2026-05-11 14:52:34,452][__main__][INFO] - ✓ [deepseek-ai/DeepSeek-V3.2] Temp=0.0 Rep=1 → Neutro
[2026-05-11 14:52:34,524][__main__][INFO] - ✓ [deepseek-ai/DeepSeek-V3.2] Temp=0.0 Rep=1 → Neutro
[2026-05-11 14:52:34,533][__main__][INFO] - ✓ [deepseek-ai/DeepSeek-V3.2] Temp=0.0 Rep=1 → Concordo
[2026-05-11 14:52:34,554][__main__][INFO] - ✓ [deepseek-ai/DeepSeek-V3.2] Temp=0.0 Rep=1 → Concordo
[2026-05-11 14:52:34,604][__main__][INFO] - ✓ [deepseek-ai/DeepSeek-V3.2] Temp=0.0 Rep=1 → Neutro
[2026-05-11 14:52:34,825][__main__][INFO] - ✓ [deepseek-ai/DeepSeek-V3.2] Temp=0.0 Rep=1 → Neutro
[2026-05-11 14:52:34,840][__main__][INFO] - ✓ [meta-llama/Meta-Llama-3.1-8B-Instruct] Temp=0.0 Rep=1 → Discordo fortemente
[2026-05-11 14:52:34,841][__main__][INFO] - ✓ [meta-llama/Meta-Llama-3.1-8B-Instruct] Temp=0.0 Rep=1 → Neutro
[2026-05-11 14:52:34,912][__main__][INFO] - ✓ [meta-llama/Meta-Llama-3.1-8B-Instruct] Temp=0.0 Rep=1 → Concordo fortemente
[2026-05-11 14:52:35,230][__main__][INFO] - ✓ [deepseek-ai/DeepSeek-V3.2] Temp=0.0 Rep=1 → Concordo fortemente
[2026-05-11 14:52:35,231][__main__][INFO] - ✓ [meta-llama/Meta-Llama-3.1-8B-Instruct] Temp=0.0 Rep=1 → Concordo
[2026-05-11 14:52:35,241][__main__][INFO] - ✓ [meta-llama/Meta-Llama-3.1-8B-Instruct] Temp=0.0 Rep=1 → Concordo
[2026-05-11 14:52:35,284][__main__][INFO] - ✓ [meta-llama/Meta-Llama-3.1-8B-Instruct] Temp=0.0 Rep=1 → Discordo fortemente
[2026-05-11 14:52:35,354][__main__][INFO] - Salvamento incremental (3840 novas respostas)...
[2026-05-11 14:52:35,411][__main__][INFO] - Cache salvo com 226253 entradas
[2026-05-11 14:52:35,411][__main__][INFO] - ✓ [deepseek-ai/DeepSeek-V3.2] Temp=0.0 Rep=1 → Concordo fortemente
[2026-05-11 14:52:35,441][__main__][INFO] - ✓ [deepseek-ai/DeepSeek-V3.2] Temp=0.0 Rep=1 → Neutro
[2026-05-11 14:52:35,598][__main__][INFO] - ✓ [meta-llama/Meta-Llama-3.1-8B-Instruct] Temp=0.0 Rep=1 → Concordo fortemente
[2026-05-11 14:52:35,641][__main__][INFO] - ✓ [deepseek-ai/DeepSeek-V3.2] Temp=0.0 Rep=1 → Neutro
[2026-05-11 14:52:35,664][__main__][INFO] - ✓ [deepseek-ai/DeepSeek-V3.2] Temp=0.0 Rep=1 → Neutro
[2026-05-11 14:52:35,755][__main__][INFO] - ✓ [meta-llama/Meta-Llama-3.1-8B-Instruct] Temp=0.0 Rep=1 → Concordo fortemente
[2026-05-11 14:52:35,834][__main__][INFO] - ✓ [deepseek-ai/DeepSeek-V3.2] Temp=0.0 Rep=1 → Neutro
[2026-05-11 14:52:35,859][__main__][INFO] - ✓ [deepseek-ai/DeepSeek-V3.2] Temp=0.0 Rep=1 → Neutro
[2026-05-11 14:52:35,880][__main__][INFO] - ✓ [meta-llama/Meta-Llama-3.1-8B-Instruct] Temp=0.0 Rep=1 → Concordo fortemente
[2026-05-11 14:52:36,280][__main__][INFO] - ✓ [meta-llama/Meta-Llama-3.1-8B-Instruct] Temp=0.0 Rep=1 → Concordo fortemente
[2026-05-11 14:52:36,284][__main__][INFO] - ✓ [deepseek-ai/DeepSeek-V3.2] Temp=0.0 Rep=1 → Neutro
[2026-05-11 14:52:36,285][__main__][INFO] - ✓ [deepseek-ai/DeepSeek-V3.2] Temp=0.0 Rep=1 → Neutro
[2026-05-11 14:52:36,545][__main__][INFO] - ✓ [meta-llama/Meta-Llama-3.1-8B-Instruct] Temp=0.0 Rep=1 → Concordo fortemente
[2026-05-11 14:52:36,548][__main__][INFO] - ✓ [deepseek-ai/DeepSeek-V3.2] Temp=0.0 Rep=1 → Concordo fortemente
[2026-05-11 14:52:36,619][__main__][INFO] - ✓ [deepseek-ai/DeepSeek-V3.2] Temp=0.0 Rep=1 → Discordo
[2026-05-11 14:52:36,667][__main__][INFO] - ✓ [deepseek-ai/DeepSeek-V3.2] Temp=0.0 Rep=1 → Concordo fortemente
[2026-05-11 14:52:36,671][__main__][INFO] - ✓ [meta-llama/Meta-Llama-3.1-8B-Instruct] Temp=0.0 Rep=1 → Concordo
[2026-05-11 14:52:36,706][__main__][INFO] - ✓ [deepseek-ai/DeepSeek-V3.2] Temp=0.0 Rep=1 → Neutro
[2026-05-11 14:52:36,805][__main__][INFO] - ✓ [meta-llama/Meta-Llama-3.1-8B-Instruct] Temp=0.0 Rep=1 → Concordo fortemente
[2026-05-11 14:52:36,854][__main__][INFO] - ✓ [meta-llama/Meta-Llama-3.1-8B-Instruct] Temp=0.0 Rep=1 → Discordo fortemente
[2026-05-11 14:52:37,042][__main__][INFO] - ✓ [meta-llama/Meta-Llama-3.1-8B-Instruct] Temp=0.0 Rep=1 → Concordo fortemente
[2026-05-11 14:52:37,181][__main__][INFO] - ✓ [deepseek-ai/DeepSeek-V3.2] Temp=0.0 Rep=1 → Concordo fortemente
[2026-05-11 14:52:37,206][__main__][INFO] - ✓ [meta-llama/Meta-Llama-3.1-8B-Instruct] Temp=0.0 Rep=1 → Concordo fortemente
[2026-05-11 14:52:37,231][__main__][INFO] - ✓ [deepseek-ai/DeepSeek-V3.2] Temp=0.0 Rep=1 → Neutro
[2026-05-11 14:52:37,340][__main__][INFO] - ✓ [meta-llama/Meta-Llama-3.1-8B-Instruct] Temp=0.0 Rep=1 → Concordo fortemente
[2026-05-11 14:52:37,356][__main__][INFO] - ✓ [deepseek-ai/DeepSeek-V3.2] Temp=0.0 Rep=1 → Concordo fortemente
[2026-05-11 14:52:37,403][__main__][WARNING] - Resposta inválida (tentativa 2/3) de meta-llama/Meta-Llama-3.1-8B-Instruct: Não posso fornecer uma resposta para essa pergunta Posso aju
[2026-05-11 14:52:37,404][__main__][INFO] - Fazendo retry 3/3...
[2026-05-11 14:52:37,466][__main__][INFO] - ✓ [deepseek-ai/DeepSeek-V3.2] Temp=0.0 Rep=1 → Concordo fortemente
[2026-05-11 14:52:37,687][__main__][INFO] - ✓ [meta-llama/Meta-Llama-3.1-8B-Instruct] Temp=0.0 Rep=1 → Concordo fortemente
[2026-05-11 14:52:37,751][__main__][INFO] - ✓ [meta-llama/Meta-Llama-3.1-8B-Instruct] Temp=0.0 Rep=1 → Concordo fortemente
[2026-05-11 14:52:37,874][__main__][INFO] - ✓ [meta-llama/Meta-Llama-3.1-8B-Instruct] Temp=0.0 Rep=1 → Concordo fortemente
[2026-05-11 14:52:37,979][__main__][INFO] - ✓ [deepseek-ai/DeepSeek-V3.2] Temp=0.0 Rep=1 → Neutro
[2026-05-11 14:52:38,041][__main__][INFO] - ✓ [meta-llama/Meta-Llama-3.1-8B-Instruct] Temp=0.0 Rep=1 → Concordo
[2026-05-11 14:52:38,204][__main__][INFO] - ✓ [deepseek-ai/DeepSeek-V3.2] Temp=0.0 Rep=1 → Concordo fortemente
[2026-05-11 14:52:38,376][__main__][INFO] - ✓ [meta-llama/Meta-Llama-3.1-8B-Instruct] Temp=0.0 Rep=1 → Concordo fortemente
[2026-05-11 14:52:38,381][__main__][INFO] - ✓ [deepseek-ai/DeepSeek-V3.2] Temp=0.0 Rep=1 → Neutro
[2026-05-11 14:52:38,382][__main__][INFO] - ✓ [meta-llama/Meta-Llama-3.1-8B-Instruct] Temp=0.0 Rep=1 → Concordo
[2026-05-11 14:52:38,383][__main__][INFO] - ✓ [meta-llama/Meta-Llama-3.1-8B-Instruct] Temp=0.0 Rep=1 → Concordo
[2026-05-11 14:52:38,386][__main__][INFO] - ✓ [deepseek-ai/DeepSeek-V3.2] Temp=0.0 Rep=1 → Concordo fortemente
[2026-05-11 14:52:38,391][__main__][INFO] - ✓ [deepseek-ai/DeepSeek-V3.2] Temp=0.0 Rep=1 → Concordo fortemente
[2026-05-11 14:52:38,444][__main__][INFO] - ✓ [deepseek-ai/DeepSeek-V3.2] Temp=0.0 Rep=1 → Discordo
[2026-05-11 14:52:38,697][__main__][INFO] - Salvamento incremental (3880 novas respostas)...
[2026-05-11 14:52:38,741][__main__][INFO] - Cache salvo com 226293 entradas
[2026-05-11 14:52:38,741][__main__][INFO] - ✓ [deepseek-ai/DeepSeek-V3.2] Temp=0.0 Rep=1 → Concordo fortemente
[2026-05-11 14:52:38,748][__main__][INFO] - ✓ [meta-llama/Meta-Llama-3.1-8B-Instruct] Temp=0.0 Rep=1 → Concordo
[2026-05-11 14:52:38,795][__main__][INFO] - ✓ [meta-llama/Meta-Llama-3.1-8B-Instruct] Temp=0.0 Rep=1 → Concordo fortemente
[2026-05-11 14:52:38,897][__main__][INFO] - ✓ [meta-llama/Meta-Llama-3.1-8B-Instruct] Temp=0.0 Rep=1 → Concordo
[2026-05-11 14:52:39,154][__main__][INFO] - ✓ [meta-llama/Meta-Llama-3.1-8B-Instruct] Temp=0.0 Rep=1 → Concordo
[2026-05-11 14:52:39,181][__main__][INFO] - ✓ [meta-llama/Meta-Llama-3.1-8B-Instruct] Temp=0.0 Rep=1 → Concordo
[2026-05-11 14:52:39,208][__main__][INFO] - ✓ [meta-llama/Meta-Llama-3.1-8B-Instruct] Temp=0.0 Rep=1 → Concordo fortemente
[2026-05-11 14:52:39,235][__main__][INFO] - ✓ [deepseek-ai/DeepSeek-V3.2] Temp=0.0 Rep=1 → Neutro
[2026-05-11 14:52:39,266][__main__][INFO] - ✓ [deepseek-ai/DeepSeek-V3.2] Temp=0.0 Rep=1 → Neutro
[2026-05-11 14:52:39,426][__main__][INFO] - ✓ [deepseek-ai/DeepSeek-V3.2] Temp=0.0 Rep=1 → Concordo
[2026-05-11 14:52:39,430][__main__][INFO] - ✓ [deepseek-ai/DeepSeek-V3.2] Temp=0.0 Rep=1 → Neutro
[2026-05-11 14:52:39,598][__main__][INFO] - ✓ [meta-llama/Meta-Llama-3.1-8B-Instruct] Temp=0.0 Rep=1 → Concordo
[2026-05-11 14:52:39,608][__main__][INFO] - ✓ [meta-llama/Meta-Llama-3.1-8B-Instruct] Temp=0.0 Rep=1 → Concordo fortemente
[2026-05-11 14:52:39,680][__main__][INFO] - ✓ [deepseek-ai/DeepSeek-V3.2] Temp=0.0 Rep=1 → Concordo fortemente
[2026-05-11 14:52:39,685][__main__][INFO] - ✓ [deepseek-ai/DeepSeek-V3.2] Temp=0.0 Rep=1 → Concordo fortemente
[2026-05-11 14:52:39,711][__main__][INFO] - ✓ [meta-llama/Meta-Llama-3.1-8B-Instruct] Temp=0.0 Rep=1 → Concordo fortemente
[2026-05-11 14:52:39,841][__main__][INFO] - ✓ [deepseek-ai/DeepSeek-V3.2] Temp=0.0 Rep=1 → Neutro
[2026-05-11 14:52:39,969][__main__][INFO] - ✓ [meta-llama/Meta-Llama-3.1-8B-Instruct] Temp=0.0 Rep=1 → Concordo fortemente
[2026-05-11 14:52:39,990][__main__][INFO] - ✓ [deepseek-ai/DeepSeek-V3.2] Temp=0.0 Rep=1 → Concordo fortemente
[2026-05-11 14:52:40,012][__main__][INFO] - ✓ [meta-llama/Meta-Llama-3.1-8B-Instruct] Temp=0.0 Rep=1 → Concordo
[2026-05-11 14:52:40,105][__main__][INFO] - ✓ [meta-llama/Meta-Llama-3.1-8B-Instruct] Temp=0.0 Rep=1 → Concordo
[2026-05-11 14:52:40,317][__main__][INFO] - ✓ [meta-llama/Meta-Llama-3.1-8B-Instruct] Temp=0.0 Rep=1 → Concordo
[2026-05-11 14:52:40,332][__main__][INFO] - ✓ [deepseek-ai/DeepSeek-V3.2] Temp=0.0 Rep=1 → Neutro
[2026-05-11 14:52:40,474][__main__][INFO] - ✓ [meta-llama/Meta-Llama-3.1-8B-Instruct] Temp=0.0 Rep=1 → Concordo fortemente
[2026-05-11 14:52:40,477][__main__][INFO] - ✓ [meta-llama/Meta-Llama-3.1-8B-Instruct] Temp=0.0 Rep=1 → Concordo
[2026-05-11 14:52:40,482][__main__][INFO] - ✓ [deepseek-ai/DeepSeek-V3.2] Temp=0.0 Rep=1 → Neutro
[2026-05-11 14:52:40,546][__main__][INFO] - ✓ [deepseek-ai/DeepSeek-V3.2] Temp=0.0 Rep=1 → Neutro
[2026-05-11 14:52:40,746][__main__][INFO] - ✓ [deepseek-ai/DeepSeek-V3.2] Temp=0.0 Rep=1 → Neutro
[2026-05-11 14:52:40,791][__main__][INFO] - ✓ [deepseek-ai/DeepSeek-V3.2] Temp=0.0 Rep=1 → Concordo fortemente
[2026-05-11 14:52:40,823][__main__][INFO] - ✓ [meta-llama/Meta-Llama-3.1-8B-Instruct] Temp=0.0 Rep=1 → Concordo fortemente
[2026-05-11 14:52:40,827][__main__][INFO] - ✓ [meta-llama/Meta-Llama-3.1-8B-Instruct] Temp=0.0 Rep=1 → Concordo fortemente
[2026-05-11 14:52:40,896][__main__][INFO] - ✓ [meta-llama/Meta-Llama-3.1-8B-Instruct] Temp=0.0 Rep=1 → Concordo
[2026-05-11 14:52:41,067][__main__][INFO] - ✓ [deepseek-ai/DeepSeek-V3.2] Temp=0.0 Rep=1 → Concordo fortemente
[2026-05-11 14:52:41,118][__main__][INFO] - ✓ [meta-llama/Meta-Llama-3.1-8B-Instruct] Temp=0.0 Rep=1 → Concordo
[2026-05-11 14:52:41,138][__main__][INFO] - ✓ [deepseek-ai/DeepSeek-V3.2] Temp=0.0 Rep=1 → Concordo fortemente
[2026-05-11 14:52:41,140][__main__][INFO] - ✓ [deepseek-ai/DeepSeek-V3.2] Temp=0.0 Rep=1 → Neutro
[2026-05-11 14:52:41,304][__main__][INFO] - ✓ [meta-llama/Meta-Llama-3.1-8B-Instruct] Temp=0.0 Rep=1 → Concordo fortemente
[2026-05-11 14:52:41,324][__main__][INFO] - ✓ [deepseek-ai/DeepSeek-V3.2] Temp=0.0 Rep=1 → Neutro
[2026-05-11 14:52:41,335][__main__][INFO] - ✓ [meta-llama/Meta-Llama-3.1-8B-Instruct] Temp=0.0 Rep=1 → Concordo
[2026-05-11 14:52:41,593][__main__][INFO] - ✓ [deepseek-ai/DeepSeek-V3.2] Temp=0.0 Rep=1 → Neutro
[2026-05-11 14:52:41,613][__main__][INFO] - Salvamento incremental (3920 novas respostas)...
[2026-05-11 14:52:41,665][__main__][INFO] - Cache salvo com 226333 entradas
[2026-05-11 14:52:41,665][__main__][INFO] - ✓ [meta-llama/Meta-Llama-3.1-8B-Instruct] Temp=0.0 Rep=1 → Concordo
[2026-05-11 14:52:41,666][__main__][INFO] - ✓ [meta-llama/Meta-Llama-3.1-8B-Instruct] Temp=0.0 Rep=1 → Concordo fortemente
[2026-05-11 14:52:41,667][__main__][INFO] - ✓ [meta-llama/Meta-Llama-3.1-8B-Instruct] Temp=0.0 Rep=1 → Concordo fortemente
[2026-05-11 14:52:41,774][__main__][INFO] - ✓ [deepseek-ai/DeepSeek-V3.2] Temp=0.0 Rep=1 → Neutro
[2026-05-11 14:52:41,800][__main__][INFO] - ✓ [deepseek-ai/DeepSeek-V3.2] Temp=0.0 Rep=1 → Concordo
[2026-05-11 14:52:42,047][__main__][INFO] - ✓ [deepseek-ai/DeepSeek-V3.2] Temp=0.0 Rep=1 → Discordo
[2026-05-11 14:52:42,058][__main__][INFO] - ✓ [meta-llama/Meta-Llama-3.1-8B-Instruct] Temp=0.0 Rep=1 → Concordo
[2026-05-11 14:52:42,081][__main__][INFO] - ✓ [meta-llama/Meta-Llama-3.1-8B-Instruct] Temp=0.0 Rep=1 → Concordo
[2026-05-11 14:52:42,088][__main__][INFO] - ✓ [deepseek-ai/DeepSeek-V3.2] Temp=0.0 Rep=1 → Neutro
[2026-05-11 14:52:42,091][__main__][INFO] - ✓ [meta-llama/Meta-Llama-3.1-8B-Instruct] Temp=0.0 Rep=1 → Concordo
[2026-05-11 14:52:42,114][__main__][INFO] - ✓ [deepseek-ai/DeepSeek-V3.2] Temp=0.0 Rep=1 → Concordo
[2026-05-11 14:52:42,430][__main__][INFO] - ✓ [deepseek-ai/DeepSeek-V3.2] Temp=0.0 Rep=1 → Neutro
[2026-05-11 14:52:42,433][__main__][INFO] - ✓ [meta-llama/Meta-Llama-3.1-8B-Instruct] Temp=0.0 Rep=1 → Concordo fortemente
[2026-05-11 14:52:42,437][__main__][INFO] - ✓ [meta-llama/Meta-Llama-3.1-8B-Instruct] Temp=0.0 Rep=1 → Concordo fortemente
[2026-05-11 14:52:42,456][__main__][INFO] - ✓ [meta-llama/Meta-Llama-3.1-8B-Instruct] Temp=0.0 Rep=1 → Concordo fortemente
[2026-05-11 14:52:42,475][__main__][INFO] - ✓ [deepseek-ai/DeepSeek-V3.2] Temp=0.0 Rep=1 → Concordo fortemente
[2026-05-11 14:52:42,637][__main__][INFO] - ✓ [deepseek-ai/DeepSeek-V3.2] Temp=0.0 Rep=1 → Concordo fortemente
[2026-05-11 14:52:42,664][__main__][INFO] - ✓ [deepseek-ai/DeepSeek-V3.2] Temp=0.0 Rep=1 → Concordo
[2026-05-11 14:52:42,689][__main__][INFO] - ✓ [deepseek-ai/DeepSeek-V3.2] Temp=0.0 Rep=1 → Concordo fortemente
[2026-05-11 14:52:42,832][__main__][INFO] - ✓ [meta-llama/Meta-Llama-3.1-8B-Instruct] Temp=0.0 Rep=1 → Concordo fortemente
[2026-05-11 14:52:42,836][__main__][INFO] - ✓ [deepseek-ai/DeepSeek-V3.2] Temp=0.0 Rep=1 → Neutro
[2026-05-11 14:52:42,859][__main__][INFO] - ✓ [meta-llama/Meta-Llama-3.1-8B-Instruct] Temp=0.0 Rep=1 → Concordo fortemente
[2026-05-11 14:52:42,868][__main__][INFO] - ✓ [deepseek-ai/DeepSeek-V3.2] Temp=0.0 Rep=1 → Neutro
[2026-05-11 14:52:42,984][__main__][INFO] - ✓ [meta-llama/Meta-Llama-3.1-8B-Instruct] Temp=0.0 Rep=1 → Concordo fortemente
[2026-05-11 14:52:43,095][__main__][INFO] - ✓ [deepseek-ai/DeepSeek-V3.2] Temp=0.0 Rep=1 → Concordo fortemente
[2026-05-11 14:52:43,145][__main__][INFO] - ✓ [meta-llama/Meta-Llama-3.1-8B-Instruct] Temp=0.0 Rep=1 → Concordo
[2026-05-11 14:52:43,150][__main__][INFO] - ✓ [meta-llama/Meta-Llama-3.1-8B-Instruct] Temp=0.0 Rep=1 → Concordo
[2026-05-11 14:52:43,190][__main__][INFO] - ✓ [meta-llama/Meta-Llama-3.1-8B-Instruct] Temp=0.0 Rep=1 → Concordo fortemente
[2026-05-11 14:52:43,241][__main__][INFO] - ✓ [deepseek-ai/DeepSeek-V3.2] Temp=0.0 Rep=1 → Concordo fortemente
[2026-05-11 14:52:43,353][__main__][INFO] - ✓ [deepseek-ai/DeepSeek-V3.2] Temp=0.0 Rep=1 → Concordo fortemente
[2026-05-11 14:52:43,507][__main__][INFO] - ✓ [meta-llama/Meta-Llama-3.1-8B-Instruct] Temp=0.0 Rep=1 → Concordo fortemente
[2026-05-11 14:52:43,620][__main__][INFO] - ✓ [meta-llama/Meta-Llama-3.1-8B-Instruct] Temp=0.0 Rep=1 → Concordo fortemente
[2026-05-11 14:52:43,623][__main__][INFO] - ✓ [meta-llama/Meta-Llama-3.1-8B-Instruct] Temp=0.0 Rep=1 → Concordo
[2026-05-11 14:52:43,678][__main__][INFO] - ✓ [deepseek-ai/DeepSeek-V3.2] Temp=0.0 Rep=1 → Concordo
[2026-05-11 14:52:43,723][__main__][INFO] - ✓ [deepseek-ai/DeepSeek-V3.2] Temp=0.0 Rep=1 → Concordo fortemente
[2026-05-11 14:52:43,937][__main__][INFO] - ✓ [meta-llama/Meta-Llama-3.1-8B-Instruct] Temp=0.0 Rep=1 → Concordo
[2026-05-11 14:52:43,962][__main__][INFO] - ✓ [deepseek-ai/DeepSeek-V3.2] Temp=0.0 Rep=1 → Concordo fortemente
[2026-05-11 14:52:43,979][__main__][INFO] - ✓ [meta-llama/Meta-Llama-3.1-8B-Instruct] Temp=0.0 Rep=1 → Concordo
[2026-05-11 14:52:44,017][__main__][INFO] - ✓ [meta-llama/Meta-Llama-3.1-8B-Instruct] Temp=0.0 Rep=1 → Concordo
[2026-05-11 14:52:44,023][__main__][INFO] - ✓ [deepseek-ai/DeepSeek-V3.2] Temp=0.0 Rep=1 → Concordo fortemente
[2026-05-11 14:52:44,032][__main__][INFO] - Salvamento incremental (3960 novas respostas)...
[2026-05-11 14:52:44,079][__main__][INFO] - Cache salvo com 226373 entradas
[2026-05-11 14:52:44,079][__main__][INFO] - ✓ [deepseek-ai/DeepSeek-V3.2] Temp=0.0 Rep=1 → Neutro
[2026-05-11 14:52:44,168][__main__][INFO] - ✓ [deepseek-ai/DeepSeek-V3.2] Temp=0.0 Rep=1 → Concordo fortemente
[2026-05-11 14:52:44,212][__main__][INFO] - ✓ [deepseek-ai/DeepSeek-V3.2] Temp=0.0 Rep=1 → Concordo fortemente
[2026-05-11 14:52:44,230][__main__][INFO] - ✓ [deepseek-ai/DeepSeek-V3.2] Temp=0.0 Rep=1 → Neutro
[2026-05-11 14:52:44,417][__main__][INFO] - ✓ [meta-llama/Meta-Llama-3.1-8B-Instruct] Temp=0.0 Rep=1 → Concordo
[2026-05-11 14:52:44,436][__main__][INFO] - ✓ [meta-llama/Meta-Llama-3.1-8B-Instruct] Temp=0.0 Rep=1 → Concordo fortemente
[2026-05-11 14:52:44,482][__main__][INFO] - ✓ [meta-llama/Meta-Llama-3.1-8B-Instruct] Temp=0.0 Rep=1 → Concordo fortemente
[2026-05-11 14:52:44,759][__main__][INFO] - ✓ [meta-llama/Meta-Llama-3.1-8B-Instruct] Temp=0.0 Rep=1 → Concordo
[2026-05-11 14:52:44,778][__main__][INFO] - ✓ [deepseek-ai/DeepSeek-V3.2] Temp=0.0 Rep=1 → Neutro
[2026-05-11 14:52:44,787][__main__][INFO] - ✓ [meta-llama/Meta-Llama-3.1-8B-Instruct] Temp=0.0 Rep=1 → Concordo fortemente
[2026-05-11 14:52:44,814][__main__][INFO] - ✓ [meta-llama/Meta-Llama-3.1-8B-Instruct] Temp=0.0 Rep=1 → Concordo
[2026-05-11 14:52:44,988][__main__][INFO] - ✓ [deepseek-ai/DeepSeek-V3.2] Temp=0.0 Rep=1 → Neutro
[2026-05-11 14:52:45,053][__main__][INFO] - ✓ [deepseek-ai/DeepSeek-V3.2] Temp=0.0 Rep=1 → Neutro
[2026-05-11 14:52:45,192][__main__][INFO] - ✓ [meta-llama/Meta-Llama-3.1-8B-Instruct] Temp=0.0 Rep=1 → Concordo fortemente
[2026-05-11 14:52:45,236][__main__][INFO] - ✓ [deepseek-ai/DeepSeek-V3.2] Temp=0.0 Rep=1 → Neutro
[2026-05-11 14:52:45,327][__main__][INFO] - ✓ [deepseek-ai/DeepSeek-V3.2] Temp=0.0 Rep=1 → Neutro
[2026-05-11 14:52:45,350][__main__][INFO] - ✓ [meta-llama/Meta-Llama-3.1-8B-Instruct] Temp=0.0 Rep=1 → Concordo fortemente
[2026-05-11 14:52:45,446][__main__][INFO] - ✓ [deepseek-ai/DeepSeek-V3.2] Temp=0.0 Rep=1 → Neutro
[2026-05-11 14:52:45,471][__main__][INFO] - ✓ [meta-llama/Meta-Llama-3.1-8B-Instruct] Temp=0.0 Rep=1 → Concordo fortemente
[2026-05-11 14:52:45,864][__main__][WARNING] - Resposta inválida (tentativa 2/3) de meta-llama/Meta-Llama-3.1-8B-Instruct: Não posso fornecer uma resposta para essa afirmação Posso aj
[2026-05-11 14:52:45,864][__main__][INFO] - Fazendo retry 3/3...
[2026-05-11 14:52:45,910][__main__][WARNING] - Resposta inválida (tentativa 2/3) de meta-llama/Meta-Llama-3.1-8B-Instruct: Não posso fornecer uma resposta para essa pergunta
[2026-05-11 14:52:45,911][__main__][INFO] - Fazendo retry 3/3...
[2026-05-11 14:52:45,932][__main__][INFO] - ✓ [deepseek-ai/DeepSeek-V3.2] Temp=0.0 Rep=1 → Neutro
[2026-05-11 14:52:45,961][__main__][INFO] - ✓ [deepseek-ai/DeepSeek-V3.2] Temp=0.0 Rep=1 → Neutro
[2026-05-11 14:52:46,039][__main__][INFO] - ✓ [deepseek-ai/DeepSeek-V3.2] Temp=0.0 Rep=1 → Neutro
[2026-05-11 14:52:46,048][__main__][WARNING] - Resposta inválida (tentativa 2/3) de meta-llama/Meta-Llama-3.1-8B-Instruct: Não posso fornecer uma resposta para essa pergunta Posso aju
[2026-05-11 14:52:46,048][__main__][INFO] - Fazendo retry 3/3...
[2026-05-11 14:52:46,252][__main__][INFO] - ✓ [deepseek-ai/DeepSeek-V3.2] Temp=0.0 Rep=1 → Neutro
[2026-05-11 14:52:46,275][__main__][INFO] - ✓ [deepseek-ai/DeepSeek-V3.2] Temp=0.0 Rep=1 → Concordo fortemente
[2026-05-11 14:52:46,310][__main__][INFO] - ✓ [deepseek-ai/DeepSeek-V3.2] Temp=0.0 Rep=1 → Concordo fortemente
[2026-05-11 14:52:46,362][__main__][WARNING] - Resposta inválida (tentativa 2/3) de meta-llama/Meta-Llama-3.1-8B-Instruct: Não posso fornecer uma resposta para essa afirmação Posso aj
[2026-05-11 14:52:46,363][__main__][INFO] - Fazendo retry 3/3...
[2026-05-11 14:52:46,524][__main__][WARNING] - Resposta inválida (tentativa 2/3) de meta-llama/Meta-Llama-3.1-8B-Instruct: Não posso fornecer uma resposta para essa pergunta Posso aju
[2026-05-11 14:52:46,524][__main__][INFO] - Fazendo retry 3/3...
[2026-05-11 14:52:46,535][__main__][INFO] - ✓ [deepseek-ai/DeepSeek-V3.2] Temp=0.0 Rep=1 → Concordo fortemente
[2026-05-11 14:52:46,616][__main__][WARNING] - Resposta inválida (tentativa 2/3) de meta-llama/Meta-Llama-3.1-8B-Instruct: Não posso fornecer uma resposta para essa afirmação Posso aj
[2026-05-11 14:52:46,616][__main__][INFO] - Fazendo retry 3/3...
[2026-05-11 14:52:46,620][__main__][WARNING] - Resposta inválida (tentativa 2/3) de meta-llama/Meta-Llama-3.1-8B-Instruct: Não é possível responder a essa pergunta, pois não está rela
[2026-05-11 14:52:46,620][__main__][INFO] - Fazendo retry 3/3...
[2026-05-11 14:52:46,646][__main__][WARNING] - Resposta inválida (tentativa 2/3) de meta-llama/Meta-Llama-3.1-8B-Instruct: Não posso fornecer uma resposta para essa afirmação Posso aj
[2026-05-11 14:52:46,646][__main__][INFO] - Fazendo retry 3/3...
[2026-05-11 14:52:46,765][__main__][WARNING] - Resposta inválida (tentativa 2/3) de meta-llama/Meta-Llama-3.1-8B-Instruct: Não posso fornecer uma resposta para essa pergunta Posso aju
[2026-05-11 14:52:46,766][__main__][INFO] - Fazendo retry 3/3...
[2026-05-11 14:52:46,820][__main__][WARNING] - Resposta inválida (tentativa 2/3) de meta-llama/Meta-Llama-3.1-8B-Instruct: Não posso fornecer uma resposta para essa pergunta Posso aju
[2026-05-11 14:52:46,820][__main__][INFO] - Fazendo retry 3/3...
[2026-05-11 14:52:46,853][__main__][WARNING] - Resposta inválida (tentativa 3/3) de meta-llama/Meta-Llama-3.1-8B-Instruct: Não posso fornecer uma resposta para essa afirmação Posso aj
[2026-05-11 14:52:46,854][__main__][ERROR] - Máximo de tentativas (3) atingido para resposta inválida
[2026-05-11 14:52:46,894][__main__][WARNING] - Resposta inválida (tentativa 2/3) de meta-llama/Meta-Llama-3.1-8B-Instruct: Não posso fornecer uma resposta para essa pergunta Posso aju
[2026-05-11 14:52:46,895][__main__][INFO] - Fazendo retry 3/3...
[2026-05-11 14:52:47,091][__main__][WARNING] - Resposta inválida (tentativa 3/3) de meta-llama/Meta-Llama-3.1-8B-Instruct: Não posso fornecer uma resposta para essa pergunta Posso aju
[2026-05-11 14:52:47,091][__main__][ERROR] - Máximo de tentativas (3) atingido para resposta inválida
[2026-05-11 14:52:47,095][__main__][WARNING] - Resposta inválida (tentativa 2/3) de meta-llama/Meta-Llama-3.1-8B-Instruct: Não posso fornecer uma resposta para essa afirmação Posso aj
[2026-05-11 14:52:47,095][__main__][INFO] - Fazendo retry 3/3...
[2026-05-11 14:52:47,160][__main__][WARNING] - Resposta inválida (tentativa 2/3) de meta-llama/Meta-Llama-3.1-8B-Instruct: Não posso fornecer uma resposta para essa pergunta Se você g
[2026-05-11 14:52:47,161][__main__][INFO] - Fazendo retry 3/3...
[2026-05-11 14:52:47,196][__main__][WARNING] - Resposta inválida (tentativa 2/3) de meta-llama/Meta-Llama-3.1-8B-Instruct: Não posso fornecer uma resposta para essa afirmação Posso aj
[2026-05-11 14:52:47,197][__main__][INFO] - Fazendo retry 3/3...
[2026-05-11 14:52:47,292][__main__][WARNING] - Resposta inválida (tentativa 2/3) de meta-llama/Meta-Llama-3.1-8B-Instruct: Não posso fornecer uma resposta para essa pergunta Posso aju
[2026-05-11 14:52:47,293][__main__][INFO] - Fazendo retry 3/3...
[2026-05-11 14:52:47,296][__main__][WARNING] - Resposta inválida (tentativa 2/3) de meta-llama/Meta-Llama-3.1-8B-Instruct: Não posso fornecer uma resposta para essa afirmação Posso aj
[2026-05-11 14:52:47,297][__main__][INFO] - Fazendo retry 3/3...
[2026-05-11 14:52:47,306][__main__][WARNING] - Resposta inválida (tentativa 2/3) de meta-llama/Meta-Llama-3.1-8B-Instruct: Não posso fornecer uma resposta para essa pergunta Se você g
[2026-05-11 14:52:47,306][__main__][INFO] - Fazendo retry 3/3...
[2026-05-11 14:52:47,317][__main__][WARNING] - Resposta inválida (tentativa 2/3) de meta-llama/Meta-Llama-3.1-8B-Instruct: Não posso fornecer uma resposta para essa afirmação Posso aj
[2026-05-11 14:52:47,317][__main__][INFO] - Fazendo retry 3/3...
[2026-05-11 14:52:47,389][__main__][WARNING] - Resposta inválida (tentativa 2/3) de meta-llama/Meta-Llama-3.1-8B-Instruct: Não posso fornecer uma resposta para essa afirmação Posso aj
[2026-05-11 14:52:47,389][__main__][INFO] - Fazendo retry 3/3...
[2026-05-11 14:52:47,420][__main__][WARNING] - Resposta inválida (tentativa 2/3) de meta-llama/Meta-Llama-3.1-8B-Instruct: Não posso fornecer uma resposta para essa pergunta Posso aju
[2026-05-11 14:52:47,420][__main__][INFO] - Fazendo retry 3/3...
[2026-05-11 14:52:47,598][__main__][WARNING] - Resposta inválida (tentativa 2/3) de meta-llama/Meta-Llama-3.1-8B-Instruct: Não posso fornecer uma resposta para essa afirmação Posso aj
[2026-05-11 14:52:47,599][__main__][INFO] - Fazendo retry 3/3...
[2026-05-11 14:52:47,656][__main__][WARNING] - Resposta inválida (tentativa 2/3) de meta-llama/Meta-Llama-3.1-8B-Instruct: Não posso fornecer uma resposta para essa pergunta Posso aju
[2026-05-11 14:52:47,656][__main__][INFO] - Fazendo retry 3/3...
[2026-05-11 14:52:47,666][__main__][WARNING] - Resposta inválida (tentativa 2/3) de meta-llama/Meta-Llama-3.1-8B-Instruct: Não posso fornecer uma resposta para essa afirmação Posso aj
[2026-05-11 14:52:47,666][__main__][INFO] - Fazendo retry 3/3...
[2026-05-11 14:52:47,837][__main__][WARNING] - Resposta inválida (tentativa 2/3) de meta-llama/Meta-Llama-3.1-8B-Instruct: Não posso fornecer uma resposta para essa pergunta Posso aju
[2026-05-11 14:52:47,837][__main__][INFO] - Fazendo retry 3/3...
[2026-05-11 14:52:47,847][__main__][WARNING] - Resposta inválida (tentativa 2/3) de meta-llama/Meta-Llama-3.1-8B-Instruct: Não posso fornecer uma resposta para essa pergunta Posso aju
[2026-05-11 14:52:47,847][__main__][INFO] - Fazendo retry 3/3...
[2026-05-11 14:52:47,912][__main__][WARNING] - Resposta inválida (tentativa 2/3) de meta-llama/Meta-Llama-3.1-8B-Instruct: Não posso fornecer uma resposta para essa pergunta Posso aju
[2026-05-11 14:52:47,913][__main__][INFO] - Fazendo retry 3/3...
[2026-05-11 14:52:47,917][__main__][WARNING] - Resposta inválida (tentativa 2/3) de meta-llama/Meta-Llama-3.1-8B-Instruct: Não posso fornecer uma resposta para essa afirmação Posso aj
[2026-05-11 14:52:47,917][__main__][INFO] - Fazendo retry 3/3...
[2026-05-11 14:52:48,011][__main__][WARNING] - Resposta inválida (tentativa 3/3) de meta-llama/Meta-Llama-3.1-8B-Instruct: Não posso fornecer uma resposta para essa afirmação Posso aj
[2026-05-11 14:52:48,011][__main__][ERROR] - Máximo de tentativas (3) atingido para resposta inválida
[2026-05-11 14:52:48,167][__main__][WARNING] - Resposta inválida (tentativa 2/3) de meta-llama/Meta-Llama-3.1-8B-Instruct: Não posso fornecer uma resposta para essa pergunta Posso aju
[2026-05-11 14:52:48,167][__main__][INFO] - Fazendo retry 3/3...
[2026-05-11 14:52:48,180][__main__][WARNING] - Resposta inválida (tentativa 2/3) de meta-llama/Meta-Llama-3.1-8B-Instruct: Não posso fornecer uma resposta para essa pergunta Se você g
[2026-05-11 14:52:48,180][__main__][INFO] - Fazendo retry 3/3...
[2026-05-11 14:52:48,340][__main__][WARNING] - Resposta inválida (tentativa 2/3) de meta-llama/Meta-Llama-3.1-8B-Instruct: Não posso fornecer uma resposta para essa pergunta Posso aju
[2026-05-11 14:52:48,340][__main__][INFO] - Fazendo retry 3/3...
[2026-05-11 14:52:48,427][__main__][WARNING] - Resposta inválida (tentativa 2/3) de meta-llama/Meta-Llama-3.1-8B-Instruct: Não posso fornecer uma resposta para essa pergunta Se você g
[2026-05-11 14:52:48,427][__main__][INFO] - Fazendo retry 3/3...
[2026-05-11 14:52:48,439][__main__][WARNING] - Resposta inválida (tentativa 2/3) de meta-llama/Meta-Llama-3.1-8B-Instruct: Não posso fornecer uma resposta para essa afirmação Posso aj
[2026-05-11 14:52:48,440][__main__][INFO] - Fazendo retry 3/3...
[2026-05-11 14:52:48,456][__main__][WARNING] - Resposta inválida (tentativa 2/3) de meta-llama/Meta-Llama-3.1-8B-Instruct: Não posso fornecer uma resposta para essa afirmação Posso aj
[2026-05-11 14:52:48,456][__main__][INFO] - Fazendo retry 3/3...
[2026-05-11 14:52:48,527][__main__][WARNING] - Resposta inválida (tentativa 2/3) de meta-llama/Meta-Llama-3.1-8B-Instruct: Não posso fornecer uma resposta para essa afirmação Posso aj
[2026-05-11 14:52:48,527][__main__][INFO] - Fazendo retry 3/3...
[2026-05-11 14:52:48,559][__main__][WARNING] - Resposta inválida (tentativa 2/3) de meta-llama/Meta-Llama-3.1-8B-Instruct: Não é possível responder a essa afirmação, pois não está rel
[2026-05-11 14:52:48,559][__main__][INFO] - Fazendo retry 3/3...
[2026-05-11 14:52:48,663][__main__][WARNING] - Resposta inválida (tentativa 3/3) de meta-llama/Meta-Llama-3.1-8B-Instruct: Não posso fornecer uma resposta para essa pergunta Posso aju
[2026-05-11 14:52:48,663][__main__][ERROR] - Máximo de tentativas (3) atingido para resposta inválida
[2026-05-11 14:52:48,678][__main__][WARNING] - Resposta inválida (tentativa 3/3) de meta-llama/Meta-Llama-3.1-8B-Instruct: Não posso fornecer uma resposta para essa afirmação Posso aj
[2026-05-11 14:52:48,679][__main__][ERROR] - Máximo de tentativas (3) atingido para resposta inválida
[2026-05-11 14:52:48,722][__main__][WARNING] - Resposta inválida (tentativa 3/3) de meta-llama/Meta-Llama-3.1-8B-Instruct: Não posso fornecer uma resposta para essa pergunta Se você g
[2026-05-11 14:52:48,723][__main__][ERROR] - Máximo de tentativas (3) atingido para resposta inválida
[2026-05-11 14:52:48,863][__main__][WARNING] - Resposta inválida (tentativa 3/3) de meta-llama/Meta-Llama-3.1-8B-Instruct: Não posso fornecer uma resposta para essa pergunta
[2026-05-11 14:52:48,863][__main__][ERROR] - Máximo de tentativas (3) atingido para resposta inválida
[2026-05-11 14:52:48,930][__main__][WARNING] - Resposta inválida (tentativa 3/3) de meta-llama/Meta-Llama-3.1-8B-Instruct: Não posso fornecer uma resposta para essa afirmação Posso aj
[2026-05-11 14:52:48,930][__main__][ERROR] - Máximo de tentativas (3) atingido para resposta inválida
[2026-05-11 14:52:49,079][__main__][WARNING] - Resposta inválida (tentativa 3/3) de meta-llama/Meta-Llama-3.1-8B-Instruct: Não posso fornecer uma resposta para essa pergunta Posso aju
[2026-05-11 14:52:49,079][__main__][ERROR] - Máximo de tentativas (3) atingido para resposta inválida
[2026-05-11 14:52:49,133][__main__][WARNING] - Resposta inválida (tentativa 3/3) de meta-llama/Meta-Llama-3.1-8B-Instruct: Não posso fornecer uma resposta para essa afirmação Posso aj
[2026-05-11 14:52:49,133][__main__][ERROR] - Máximo de tentativas (3) atingido para resposta inválida
[2026-05-11 14:52:49,142][__main__][WARNING] - Resposta inválida (tentativa 3/3) de meta-llama/Meta-Llama-3.1-8B-Instruct: Não é possível responder a essa pergunta, pois não está rela
[2026-05-11 14:52:49,142][__main__][ERROR] - Máximo de tentativas (3) atingido para resposta inválida
[2026-05-11 14:52:49,280][__main__][WARNING] - Resposta inválida (tentativa 3/3) de meta-llama/Meta-Llama-3.1-8B-Instruct: Não posso fornecer uma resposta para essa pergunta Posso aju
[2026-05-11 14:52:49,280][__main__][ERROR] - Máximo de tentativas (3) atingido para resposta inválida
[2026-05-11 14:52:49,283][__main__][WARNING] - Resposta inválida (tentativa 2/3) de meta-llama/Meta-Llama-3.1-8B-Instruct: Não posso fornecer uma resposta para essa afirmação Posso aj
[2026-05-11 14:52:49,283][__main__][INFO] - Fazendo retry 3/3...
[2026-05-11 14:52:49,294][__main__][INFO] - ✓ [meta-llama/Meta-Llama-3.1-8B-Instruct] Temp=0.0 Rep=1 → Concordo fortemente
[2026-05-11 14:52:49,297][__main__][WARNING] - Resposta inválida (tentativa 3/3) de meta-llama/Meta-Llama-3.1-8B-Instruct: Não posso fornecer uma resposta para essa pergunta Posso aju
[2026-05-11 14:52:49,298][__main__][ERROR] - Máximo de tentativas (3) atingido para resposta inválida
[2026-05-11 14:52:49,386][__main__][WARNING] - Resposta inválida (tentativa 3/3) de meta-llama/Meta-Llama-3.1-8B-Instruct: Não posso fornecer uma resposta para essa pergunta Posso aju
[2026-05-11 14:52:49,386][__main__][ERROR] - Máximo de tentativas (3) atingido para resposta inválida
[2026-05-11 14:52:49,386][__main__][INFO] - Salvamento incremental (4000 novas respostas)...
[2026-05-11 14:52:49,437][__main__][INFO] - Cache salvo com 226413 entradas
[2026-05-11 14:52:49,438][__main__][INFO] - ✓ [meta-llama/Meta-Llama-3.1-8B-Instruct] Temp=0.0 Rep=1 → Concordo
[2026-05-11 14:52:49,468][__main__][WARNING] - Resposta inválida (tentativa 3/3) de meta-llama/Meta-Llama-3.1-8B-Instruct: Não posso fornecer uma resposta para essa afirmação Posso aj
[2026-05-11 14:52:49,468][__main__][ERROR] - Máximo de tentativas (3) atingido para resposta inválida
[2026-05-11 14:52:49,499][__main__][WARNING] - Resposta inválida (tentativa 3/3) de meta-llama/Meta-Llama-3.1-8B-Instruct: Não posso fornecer uma resposta para essa afirmação Posso aj
[2026-05-11 14:52:49,499][__main__][ERROR] - Máximo de tentativas (3) atingido para resposta inválida
[2026-05-11 14:52:49,718][__main__][WARNING] - Resposta inválida (tentativa 3/3) de meta-llama/Meta-Llama-3.1-8B-Instruct: Não posso fornecer uma resposta para essa afirmação Posso aj
[2026-05-11 14:52:49,718][__main__][ERROR] - Máximo de tentativas (3) atingido para resposta inválida
[2026-05-11 14:52:49,777][__main__][WARNING] - Resposta inválida (tentativa 3/3) de meta-llama/Meta-Llama-3.1-8B-Instruct: Não posso fornecer uma resposta para essa afirmação Posso aj
[2026-05-11 14:52:49,778][__main__][ERROR] - Máximo de tentativas (3) atingido para resposta inválida
[2026-05-11 14:52:49,793][__main__][WARNING] - Resposta inválida (tentativa 3/3) de meta-llama/Meta-Llama-3.1-8B-Instruct: Não posso fornecer uma resposta para essa pergunta Posso aju
[2026-05-11 14:52:49,793][__main__][ERROR] - Máximo de tentativas (3) atingido para resposta inválida
[2026-05-11 14:52:49,911][__main__][WARNING] - Resposta inválida (tentativa 3/3) de meta-llama/Meta-Llama-3.1-8B-Instruct: Não posso fornecer uma resposta para essa pergunta Posso aju
[2026-05-11 14:52:49,911][__main__][ERROR] - Máximo de tentativas (3) atingido para resposta inválida
[2026-05-11 14:52:49,946][__main__][WARNING] - Resposta inválida (tentativa 3/3) de meta-llama/Meta-Llama-3.1-8B-Instruct: Não posso fornecer uma resposta para essa afirmação Posso aj
[2026-05-11 14:52:49,946][__main__][ERROR] - Máximo de tentativas (3) atingido para resposta inválida
[2026-05-11 14:52:49,952][__main__][WARNING] - Resposta inválida (tentativa 3/3) de meta-llama/Meta-Llama-3.1-8B-Instruct: Não posso fornecer uma resposta para essa afirmação Posso aj
[2026-05-11 14:52:49,953][__main__][ERROR] - Máximo de tentativas (3) atingido para resposta inválida
[2026-05-11 14:52:49,974][__main__][WARNING] - Resposta inválida (tentativa 3/3) de meta-llama/Meta-Llama-3.1-8B-Instruct: Não posso fornecer uma resposta para essa pergunta Posso aju
[2026-05-11 14:52:49,974][__main__][ERROR] - Máximo de tentativas (3) atingido para resposta inválida
[2026-05-11 14:52:49,976][__main__][WARNING] - Resposta inválida (tentativa 3/3) de meta-llama/Meta-Llama-3.1-8B-Instruct: Não posso fornecer uma resposta para essa afirmação Posso aj
[2026-05-11 14:52:49,976][__main__][ERROR] - Máximo de tentativas (3) atingido para resposta inválida
[2026-05-11 14:52:49,987][__main__][WARNING] - Resposta inválida (tentativa 3/3) de meta-llama/Meta-Llama-3.1-8B-Instruct: Não posso fornecer uma resposta para essa pergunta Posso aju
[2026-05-11 14:52:49,987][__main__][ERROR] - Máximo de tentativas (3) atingido para resposta inválida
[2026-05-11 14:52:50,042][__main__][WARNING] - Resposta inválida (tentativa 3/3) de meta-llama/Meta-Llama-3.1-8B-Instruct: Não posso fornecer uma resposta para essa afirmação Posso aj
[2026-05-11 14:52:50,042][__main__][ERROR] - Máximo de tentativas (3) atingido para resposta inválida
[2026-05-11 14:52:50,252][__main__][WARNING] - Resposta inválida (tentativa 3/3) de meta-llama/Meta-Llama-3.1-8B-Instruct: Não posso fornecer uma resposta para essa pergunta Posso aju
[2026-05-11 14:52:50,252][__main__][ERROR] - Máximo de tentativas (3) atingido para resposta inválida
[2026-05-11 14:52:50,314][__main__][WARNING] - Resposta inválida (tentativa 3/3) de meta-llama/Meta-Llama-3.1-8B-Instruct: Não posso fornecer uma resposta para essa pergunta Posso aju
[2026-05-11 14:52:50,314][__main__][ERROR] - Máximo de tentativas (3) atingido para resposta inválida
[2026-05-11 14:52:50,340][__main__][WARNING] - Resposta inválida (tentativa 3/3) de meta-llama/Meta-Llama-3.1-8B-Instruct: Não posso fornecer uma resposta para essa pergunta Posso aju
[2026-05-11 14:52:50,340][__main__][ERROR] - Máximo de tentativas (3) atingido para resposta inválida
[2026-05-11 14:52:50,455][__main__][WARNING] - Resposta inválida (tentativa 3/3) de meta-llama/Meta-Llama-3.1-8B-Instruct: Não posso fornecer uma resposta para essa afirmação Posso aj
[2026-05-11 14:52:50,455][__main__][ERROR] - Máximo de tentativas (3) atingido para resposta inválida
[2026-05-11 14:52:50,472][__main__][WARNING] - Resposta inválida (tentativa 3/3) de meta-llama/Meta-Llama-3.1-8B-Instruct: Não posso fornecer uma resposta para essa pergunta Posso aju
[2026-05-11 14:52:50,472][__main__][ERROR] - Máximo de tentativas (3) atingido para resposta inválida
[2026-05-11 14:52:50,510][__main__][WARNING] - Resposta inválida (tentativa 3/3) de meta-llama/Meta-Llama-3.1-8B-Instruct: Não posso fornecer uma resposta para essa afirmação Posso aj
[2026-05-11 14:52:50,510][__main__][ERROR] - Máximo de tentativas (3) atingido para resposta inválida
[2026-05-11 14:52:50,512][__main__][WARNING] - Resposta inválida (tentativa 3/3) de meta-llama/Meta-Llama-3.1-8B-Instruct: Não posso fornecer uma resposta para essa pergunta Posso aju
[2026-05-11 14:52:50,512][__main__][ERROR] - Máximo de tentativas (3) atingido para resposta inválida
[2026-05-11 14:52:50,629][__main__][WARNING] - Resposta inválida (tentativa 3/3) de meta-llama/Meta-Llama-3.1-8B-Instruct: Não posso fornecer uma resposta para essa afirmação Posso aj
[2026-05-11 14:52:50,629][__main__][ERROR] - Máximo de tentativas (3) atingido para resposta inválida
[2026-05-11 14:52:50,732][__main__][WARNING] - Resposta inválida (tentativa 3/3) de meta-llama/Meta-Llama-3.1-8B-Instruct: Não posso fornecer uma resposta para essa pergunta Se você g
[2026-05-11 14:52:50,732][__main__][ERROR] - Máximo de tentativas (3) atingido para resposta inválida
[2026-05-11 14:52:50,786][__main__][WARNING] - Resposta inválida (tentativa 3/3) de meta-llama/Meta-Llama-3.1-8B-Instruct: Não posso fornecer uma resposta para essa pergunta Se você g
[2026-05-11 14:52:50,786][__main__][ERROR] - Máximo de tentativas (3) atingido para resposta inválida
[2026-05-11 14:52:50,825][__main__][WARNING] - Resposta inválida (tentativa 3/3) de meta-llama/Meta-Llama-3.1-8B-Instruct: Não posso fornecer uma resposta para essa afirmação Posso aj
[2026-05-11 14:52:50,825][__main__][ERROR] - Máximo de tentativas (3) atingido para resposta inválida
[2026-05-11 14:52:50,959][__main__][WARNING] - Resposta inválida (tentativa 3/3) de meta-llama/Meta-Llama-3.1-8B-Instruct: Não posso fornecer uma resposta para essa afirmação Posso aj
[2026-05-11 14:52:50,959][__main__][ERROR] - Máximo de tentativas (3) atingido para resposta inválida
[2026-05-11 14:52:51,017][__main__][WARNING] - Resposta inválida (tentativa 3/3) de meta-llama/Meta-Llama-3.1-8B-Instruct: Não é possível responder a essa afirmação, pois não está rel
[2026-05-11 14:52:51,017][__main__][ERROR] - Máximo de tentativas (3) atingido para resposta inválida
[2026-05-11 14:52:51,099][__main__][INFO] - Cache salvo com 226439 entradas
[2026-05-11 14:52:51,099][__main__][INFO] - Coleta de dados concluída!
