[2026-05-11 14:41:21,562][__main__][INFO] - Retrieval ativado: store='wiki_faiss_store', top_n=[0, 1, 3, 5], emb_model='google/embeddinggemma-300m'
[2026-05-11 14:41:21,562][__main__][INFO] - Carregadas 56 perguntas de dados/pairs.json
[2026-05-11 14:41:21,608][__main__][INFO] - Cache carregado com 220682 entradas
[2026-05-11 14:41:31,339][__main__][INFO] - ✓ [google/gemma-3-27b-it] Temp=0.0 Rep=1 → Concordo fortemente
[2026-05-11 14:41:31,355][__main__][INFO] - ✓ [google/gemma-3-27b-it] Temp=0.0 Rep=1 → Concordo fortemente
[2026-05-11 14:41:31,746][__main__][INFO] - ✓ [google/gemma-3-27b-it] Temp=0.0 Rep=1 → Concordo
[2026-05-11 14:41:31,783][__main__][INFO] - ✓ [google/gemma-3-27b-it] Temp=0.0 Rep=1 → Discordo fortemente
[2026-05-11 14:41:31,786][__main__][INFO] - ✓ [google/gemma-3-27b-it] Temp=0.0 Rep=1 → Concordo fortemente
[2026-05-11 14:41:31,806][__main__][INFO] - ✓ [google/gemma-3-27b-it] Temp=0.0 Rep=1 → Concordo fortemente
[2026-05-11 14:41:31,812][__main__][INFO] - ✓ [google/gemma-3-27b-it] Temp=0.0 Rep=1 → Discordo fortemente
[2026-05-11 14:41:31,872][__main__][INFO] - ✓ [google/gemma-3-27b-it] Temp=0.0 Rep=1 → Concordo fortemente
[2026-05-11 14:41:32,042][__main__][INFO] - ✓ [google/gemma-3-27b-it] Temp=0.0 Rep=1 → Discordo
[2026-05-11 14:41:32,044][__main__][INFO] - ✓ [google/gemma-3-27b-it] Temp=0.0 Rep=1 → Discordo fortemente
[2026-05-11 14:41:32,274][__main__][INFO] - ✓ [google/gemma-3-27b-it] Temp=0.0 Rep=1 → Discordo fortemente
[2026-05-11 14:41:32,275][__main__][INFO] - ✓ [google/gemma-3-27b-it] Temp=0.0 Rep=1 → Discordo fortemente
[2026-05-11 14:41:32,275][__main__][INFO] - ✓ [google/gemma-3-27b-it] Temp=0.0 Rep=1 → Concordo fortemente
[2026-05-11 14:41:32,280][__main__][INFO] - ✓ [google/gemma-3-27b-it] Temp=0.0 Rep=1 → Concordo fortemente
[2026-05-11 14:41:32,281][__main__][INFO] - ✓ [google/gemma-3-27b-it] Temp=0.0 Rep=1 → Concordo
[2026-05-11 14:41:32,453][__main__][INFO] - ✓ [google/gemma-3-27b-it] Temp=0.0 Rep=1 → Discordo fortemente
[2026-05-11 14:41:32,456][__main__][INFO] - ✓ [google/gemma-3-27b-it] Temp=0.0 Rep=1 → Discordo fortemente
[2026-05-11 14:41:32,460][__main__][INFO] - ✓ [google/gemma-3-27b-it] Temp=0.0 Rep=1 → Concordo fortemente
[2026-05-11 14:41:32,480][__main__][INFO] - ✓ [google/gemma-3-27b-it] Temp=0.0 Rep=1 → Discordo fortemente
[2026-05-11 14:41:32,732][__main__][INFO] - ✓ [google/gemma-3-27b-it] Temp=0.0 Rep=1 → Neutro
[2026-05-11 14:41:32,736][__main__][INFO] - ✓ [google/gemma-3-27b-it] Temp=0.0 Rep=1 → Concordo
[2026-05-11 14:41:32,736][__main__][INFO] - ✓ [google/gemma-3-27b-it] Temp=0.0 Rep=1 → Discordo fortemente
[2026-05-11 14:41:32,774][__main__][INFO] - ✓ [google/gemma-3-27b-it] Temp=0.0 Rep=1 → Concordo fortemente
[2026-05-11 14:41:32,777][__main__][INFO] - ✓ [google/gemma-3-27b-it] Temp=0.0 Rep=1 → Discordo fortemente
[2026-05-11 14:41:32,777][__main__][INFO] - ✓ [google/gemma-3-27b-it] Temp=0.0 Rep=1 → Concordo fortemente
[2026-05-11 14:41:32,914][__main__][INFO] - ✓ [google/gemma-3-27b-it] Temp=0.0 Rep=1 → Neutro
[2026-05-11 14:41:33,025][__main__][INFO] - ✓ [google/gemma-3-27b-it] Temp=0.0 Rep=1 → Concordo fortemente
[2026-05-11 14:41:33,152][__main__][INFO] - ✓ [google/gemma-3-27b-it] Temp=0.0 Rep=1 → Neutro
[2026-05-11 14:41:33,253][__main__][INFO] - ✓ [google/gemma-3-27b-it] Temp=0.0 Rep=1 → Discordo fortemente
[2026-05-11 14:41:33,254][__main__][INFO] - ✓ [google/gemma-3-27b-it] Temp=0.0 Rep=1 → Discordo fortemente
[2026-05-11 14:41:33,280][__main__][INFO] - ✓ [google/gemma-3-27b-it] Temp=0.0 Rep=1 → Neutro
[2026-05-11 14:41:33,318][__main__][INFO] - ✓ [google/gemma-3-27b-it] Temp=0.0 Rep=1 → Concordo fortemente
[2026-05-11 14:41:33,333][__main__][INFO] - ✓ [google/gemma-3-27b-it] Temp=0.0 Rep=1 → Concordo fortemente
[2026-05-11 14:41:33,435][__main__][INFO] - ✓ [google/gemma-3-27b-it] Temp=0.0 Rep=1 → Discordo fortemente
[2026-05-11 14:41:33,436][__main__][INFO] - ✓ [google/gemma-3-27b-it] Temp=0.0 Rep=1 → Discordo fortemente
[2026-05-11 14:41:33,644][__main__][INFO] - ✓ [google/gemma-3-27b-it] Temp=0.0 Rep=1 → Neutro
[2026-05-11 14:41:33,675][__main__][INFO] - ✓ [google/gemma-3-27b-it] Temp=0.0 Rep=1 → Discordo fortemente
[2026-05-11 14:41:33,680][__main__][INFO] - ✓ [google/gemma-3-27b-it] Temp=0.0 Rep=1 → Concordo fortemente
[2026-05-11 14:41:33,771][__main__][INFO] - ✓ [google/gemma-3-27b-it] Temp=0.0 Rep=1 → Concordo
[2026-05-11 14:41:33,773][__main__][INFO] - Salvamento incremental (40 novas respostas)...
[2026-05-11 14:41:33,828][__main__][INFO] - Cache salvo com 220722 entradas
[2026-05-11 14:41:33,828][__main__][INFO] - ✓ [google/gemma-3-27b-it] Temp=0.0 Rep=1 → Concordo fortemente
[2026-05-11 14:41:33,829][__main__][INFO] - ✓ [google/gemma-3-27b-it] Temp=0.0 Rep=1 → Concordo fortemente
[2026-05-11 14:41:33,829][__main__][INFO] - ✓ [google/gemma-3-27b-it] Temp=0.0 Rep=1 → Discordo
[2026-05-11 14:41:33,832][__main__][INFO] - ✓ [google/gemma-3-27b-it] Temp=0.0 Rep=1 → Concordo fortemente
[2026-05-11 14:41:33,944][__main__][INFO] - ✓ [google/gemma-3-27b-it] Temp=0.0 Rep=1 → Neutro
[2026-05-11 14:41:34,011][__main__][INFO] - ✓ [google/gemma-3-27b-it] Temp=0.0 Rep=1 → Discordo fortemente
[2026-05-11 14:41:34,033][__main__][INFO] - ✓ [google/gemma-3-27b-it] Temp=0.0 Rep=1 → Concordo fortemente
[2026-05-11 14:41:34,068][__main__][INFO] - ✓ [google/gemma-3-27b-it] Temp=0.0 Rep=1 → Discordo fortemente
[2026-05-11 14:41:34,127][__main__][INFO] - ✓ [google/gemma-3-27b-it] Temp=0.0 Rep=1 → Concordo fortemente
[2026-05-11 14:41:34,315][__main__][INFO] - ✓ [google/gemma-3-27b-it] Temp=0.0 Rep=1 → Discordo fortemente
[2026-05-11 14:41:34,340][__main__][INFO] - ✓ [google/gemma-3-27b-it] Temp=0.0 Rep=1 → Concordo fortemente
[2026-05-11 14:41:34,371][__main__][INFO] - ✓ [google/gemma-3-27b-it] Temp=0.0 Rep=1 → Discordo
[2026-05-11 14:41:34,391][__main__][INFO] - ✓ [google/gemma-3-27b-it] Temp=0.0 Rep=1 → Discordo fortemente
[2026-05-11 14:41:34,461][__main__][INFO] - ✓ [google/gemma-3-27b-it] Temp=0.0 Rep=1 → Concordo fortemente
[2026-05-11 14:41:34,572][__main__][INFO] - ✓ [google/gemma-3-27b-it] Temp=0.0 Rep=1 → Concordo fortemente
[2026-05-11 14:41:34,641][__main__][INFO] - ✓ [google/gemma-3-27b-it] Temp=0.0 Rep=1 → Discordo
[2026-05-11 14:41:34,680][__main__][INFO] - ✓ [google/gemma-3-27b-it] Temp=0.0 Rep=1 → Discordo fortemente
[2026-05-11 14:41:34,698][__main__][INFO] - ✓ [google/gemma-3-27b-it] Temp=0.0 Rep=1 → Discordo fortemente
[2026-05-11 14:41:34,730][__main__][INFO] - ✓ [google/gemma-3-27b-it] Temp=0.0 Rep=1 → Discordo fortemente
[2026-05-11 14:41:34,833][__main__][INFO] - ✓ [google/gemma-3-27b-it] Temp=0.0 Rep=1 → Concordo fortemente
[2026-05-11 14:41:34,833][__main__][INFO] - ✓ [google/gemma-3-27b-it] Temp=0.0 Rep=1 → Concordo fortemente
[2026-05-11 14:41:34,835][__main__][INFO] - ✓ [google/gemma-3-27b-it] Temp=0.0 Rep=1 → Concordo fortemente
[2026-05-11 14:41:34,836][__main__][INFO] - ✓ [google/gemma-3-27b-it] Temp=0.0 Rep=1 → Concordo fortemente
[2026-05-11 14:41:34,875][__main__][INFO] - ✓ [google/gemma-3-27b-it] Temp=0.0 Rep=1 → Neutro
[2026-05-11 14:41:35,026][__main__][INFO] - ✓ [google/gemma-3-27b-it] Temp=0.0 Rep=1 → Neutro
[2026-05-11 14:41:35,035][__main__][INFO] - ✓ [google/gemma-3-27b-it] Temp=0.0 Rep=1 → Concordo fortemente
[2026-05-11 14:41:35,210][__main__][INFO] - ✓ [google/gemma-3-27b-it] Temp=0.0 Rep=1 → Neutro
[2026-05-11 14:41:35,224][__main__][INFO] - ✓ [google/gemma-3-27b-it] Temp=0.0 Rep=1 → Neutro
[2026-05-11 14:41:35,232][__main__][INFO] - ✓ [google/gemma-3-27b-it] Temp=0.0 Rep=1 → Concordo fortemente
[2026-05-11 14:41:35,346][__main__][INFO] - ✓ [google/gemma-3-27b-it] Temp=0.0 Rep=1 → Discordo fortemente
[2026-05-11 14:41:35,347][__main__][INFO] - ✓ [google/gemma-3-27b-it] Temp=0.0 Rep=1 → Concordo fortemente
[2026-05-11 14:41:35,384][__main__][INFO] - ✓ [google/gemma-3-27b-it] Temp=0.0 Rep=1 → Neutro
[2026-05-11 14:41:35,393][__main__][INFO] - ✓ [google/gemma-3-27b-it] Temp=0.0 Rep=1 → Concordo fortemente
[2026-05-11 14:41:35,416][__main__][INFO] - ✓ [google/gemma-3-27b-it] Temp=0.0 Rep=1 → Discordo fortemente
[2026-05-11 14:41:35,521][__main__][INFO] - ✓ [google/gemma-3-27b-it] Temp=0.0 Rep=1 → Concordo fortemente
[2026-05-11 14:41:35,643][__main__][INFO] - ✓ [google/gemma-3-27b-it] Temp=0.0 Rep=1 → Concordo
[2026-05-11 14:41:35,668][__main__][INFO] - ✓ [google/gemma-3-27b-it] Temp=0.0 Rep=1 → Concordo
[2026-05-11 14:41:35,747][__main__][INFO] - ✓ [google/gemma-3-27b-it] Temp=0.0 Rep=1 → Concordo fortemente
[2026-05-11 14:41:35,871][__main__][INFO] - ✓ [google/gemma-3-27b-it] Temp=0.0 Rep=1 → Concordo fortemente
[2026-05-11 14:41:35,896][__main__][INFO] - ✓ [google/gemma-3-27b-it] Temp=0.0 Rep=1 → Concordo
[2026-05-11 14:41:35,987][__main__][INFO] - Salvamento incremental (80 novas respostas)...
[2026-05-11 14:41:36,041][__main__][INFO] - Cache salvo com 220762 entradas
[2026-05-11 14:41:36,041][__main__][INFO] - ✓ [google/gemma-3-27b-it] Temp=0.0 Rep=1 → Concordo
[2026-05-11 14:41:36,067][__main__][INFO] - ✓ [google/gemma-3-27b-it] Temp=0.0 Rep=1 → Concordo
[2026-05-11 14:41:36,086][__main__][INFO] - ✓ [google/gemma-3-27b-it] Temp=0.0 Rep=1 → Concordo fortemente
[2026-05-11 14:41:36,249][__main__][INFO] - ✓ [google/gemma-3-27b-it] Temp=0.0 Rep=1 → Concordo fortemente
[2026-05-11 14:41:36,452][__main__][INFO] - ✓ [google/gemma-3-27b-it] Temp=0.0 Rep=1 → Concordo fortemente
[2026-05-11 14:41:36,472][__main__][INFO] - ✓ [google/gemma-3-27b-it] Temp=0.0 Rep=1 → Concordo fortemente
[2026-05-11 14:41:36,479][__main__][INFO] - ✓ [google/gemma-3-27b-it] Temp=0.0 Rep=1 → Concordo fortemente
[2026-05-11 14:41:36,499][__main__][INFO] - ✓ [google/gemma-3-27b-it] Temp=0.0 Rep=1 → Concordo fortemente
[2026-05-11 14:41:36,507][__main__][INFO] - ✓ [google/gemma-3-27b-it] Temp=0.0 Rep=1 → Concordo fortemente
[2026-05-11 14:41:36,556][__main__][INFO] - ✓ [google/gemma-3-27b-it] Temp=0.0 Rep=1 → Concordo fortemente
[2026-05-11 14:41:36,563][__main__][INFO] - ✓ [google/gemma-3-27b-it] Temp=0.0 Rep=1 → Concordo fortemente
[2026-05-11 14:41:36,572][__main__][INFO] - ✓ [google/gemma-3-27b-it] Temp=0.0 Rep=1 → Concordo fortemente
[2026-05-11 14:41:36,601][__main__][INFO] - ✓ [google/gemma-3-27b-it] Temp=0.0 Rep=1 → Neutro
[2026-05-11 14:41:36,921][__main__][INFO] - ✓ [google/gemma-3-27b-it] Temp=0.0 Rep=1 → Neutro
[2026-05-11 14:41:36,921][__main__][INFO] - ✓ [google/gemma-3-27b-it] Temp=0.0 Rep=1 → Concordo
[2026-05-11 14:41:36,922][__main__][INFO] - ✓ [google/gemma-3-27b-it] Temp=0.0 Rep=1 → Concordo
[2026-05-11 14:41:36,924][__main__][INFO] - ✓ [google/gemma-3-27b-it] Temp=0.0 Rep=1 → Concordo
[2026-05-11 14:41:36,941][__main__][INFO] - ✓ [google/gemma-3-27b-it] Temp=0.0 Rep=1 → Concordo
[2026-05-11 14:41:36,982][__main__][INFO] - ✓ [google/gemma-3-27b-it] Temp=0.0 Rep=1 → Concordo fortemente
[2026-05-11 14:41:36,995][__main__][INFO] - ✓ [google/gemma-3-27b-it] Temp=0.0 Rep=1 → Concordo fortemente
[2026-05-11 14:41:37,012][__main__][INFO] - ✓ [google/gemma-3-27b-it] Temp=0.0 Rep=1 → Neutro
[2026-05-11 14:41:37,035][__main__][INFO] - ✓ [google/gemma-3-27b-it] Temp=0.0 Rep=1 → Concordo fortemente
[2026-05-11 14:41:37,060][__main__][INFO] - ✓ [google/gemma-3-27b-it] Temp=0.0 Rep=1 → Concordo fortemente
[2026-05-11 14:41:37,446][__main__][INFO] - ✓ [google/gemma-3-27b-it] Temp=0.0 Rep=1 → Neutro
[2026-05-11 14:41:37,449][__main__][INFO] - ✓ [google/gemma-3-27b-it] Temp=0.0 Rep=1 → Concordo fortemente
[2026-05-11 14:41:37,449][__main__][INFO] - ✓ [google/gemma-3-27b-it] Temp=0.0 Rep=1 → Concordo fortemente
[2026-05-11 14:41:37,449][__main__][INFO] - ✓ [google/gemma-3-27b-it] Temp=0.0 Rep=1 → Discordo fortemente
[2026-05-11 14:41:37,450][__main__][INFO] - ✓ [google/gemma-3-27b-it] Temp=0.0 Rep=1 → Concordo fortemente
[2026-05-11 14:41:37,474][__main__][INFO] - ✓ [google/gemma-3-27b-it] Temp=0.0 Rep=1 → Concordo fortemente
[2026-05-11 14:41:37,496][__main__][INFO] - ✓ [google/gemma-3-27b-it] Temp=0.0 Rep=1 → Neutro
[2026-05-11 14:41:37,518][__main__][INFO] - ✓ [google/gemma-3-27b-it] Temp=0.0 Rep=1 → Neutro
[2026-05-11 14:41:37,549][__main__][INFO] - ✓ [google/gemma-3-27b-it] Temp=0.0 Rep=1 → Concordo fortemente
[2026-05-11 14:41:37,551][__main__][INFO] - ✓ [google/gemma-3-27b-it] Temp=0.0 Rep=1 → Concordo fortemente
[2026-05-11 14:41:37,971][__main__][INFO] - ✓ [google/gemma-3-27b-it] Temp=0.0 Rep=1 → Discordo fortemente
[2026-05-11 14:41:37,973][__main__][INFO] - ✓ [google/gemma-3-27b-it] Temp=0.0 Rep=1 → Concordo fortemente
[2026-05-11 14:41:37,974][__main__][INFO] - ✓ [google/gemma-3-27b-it] Temp=0.0 Rep=1 → Discordo fortemente
[2026-05-11 14:41:37,979][__main__][INFO] - ✓ [google/gemma-3-27b-it] Temp=0.0 Rep=1 → Concordo fortemente
[2026-05-11 14:41:38,403][__main__][INFO] - ✓ [google/gemma-3-27b-it] Temp=0.0 Rep=1 → Discordo fortemente
[2026-05-11 14:41:38,491][__main__][INFO] - ✓ [google/gemma-3-27b-it] Temp=0.0 Rep=1 → Discordo fortemente
[2026-05-11 14:41:38,495][__main__][INFO] - ✓ [google/gemma-3-27b-it] Temp=0.0 Rep=1 → Concordo fortemente
[2026-05-11 14:41:38,496][__main__][INFO] - Salvamento incremental (120 novas respostas)...
[2026-05-11 14:41:38,554][__main__][INFO] - Cache salvo com 220802 entradas
[2026-05-11 14:41:38,555][__main__][INFO] - ✓ [google/gemma-3-27b-it] Temp=0.0 Rep=1 → Concordo
[2026-05-11 14:41:38,558][__main__][INFO] - ✓ [google/gemma-3-27b-it] Temp=0.0 Rep=1 → Concordo fortemente
[2026-05-11 14:41:38,558][__main__][INFO] - ✓ [google/gemma-3-27b-it] Temp=0.0 Rep=1 → Concordo fortemente
[2026-05-11 14:41:38,558][__main__][INFO] - ✓ [google/gemma-3-27b-it] Temp=0.0 Rep=1 → Concordo fortemente
[2026-05-11 14:41:38,559][__main__][INFO] - ✓ [google/gemma-3-27b-it] Temp=0.0 Rep=1 → Concordo fortemente
[2026-05-11 14:41:38,559][__main__][INFO] - ✓ [google/gemma-3-27b-it] Temp=0.0 Rep=1 → Concordo fortemente
[2026-05-11 14:41:38,559][__main__][INFO] - ✓ [google/gemma-3-27b-it] Temp=0.0 Rep=1 → Concordo fortemente
[2026-05-11 14:41:39,019][__main__][INFO] - ✓ [google/gemma-3-27b-it] Temp=0.0 Rep=1 → Neutro
[2026-05-11 14:41:39,040][__main__][INFO] - ✓ [google/gemma-3-27b-it] Temp=0.0 Rep=1 → Discordo fortemente
[2026-05-11 14:41:39,050][__main__][INFO] - ✓ [google/gemma-3-27b-it] Temp=0.0 Rep=1 → Discordo fortemente
[2026-05-11 14:41:39,053][__main__][INFO] - ✓ [google/gemma-3-27b-it] Temp=0.0 Rep=1 → Concordo
[2026-05-11 14:41:39,060][__main__][INFO] - ✓ [google/gemma-3-27b-it] Temp=0.0 Rep=1 → Concordo fortemente
[2026-05-11 14:41:39,078][__main__][INFO] - ✓ [google/gemma-3-27b-it] Temp=0.0 Rep=1 → Concordo fortemente
[2026-05-11 14:41:39,390][__main__][INFO] - ✓ [google/gemma-3-27b-it] Temp=0.0 Rep=1 → Neutro
[2026-05-11 14:41:39,420][__main__][INFO] - ✓ [google/gemma-3-27b-it] Temp=0.0 Rep=1 → Discordo fortemente
[2026-05-11 14:41:39,445][__main__][INFO] - ✓ [google/gemma-3-27b-it] Temp=0.0 Rep=1 → Concordo fortemente
[2026-05-11 14:41:39,447][__main__][INFO] - ✓ [google/gemma-3-27b-it] Temp=0.0 Rep=1 → Concordo fortemente
[2026-05-11 14:41:39,545][__main__][INFO] - ✓ [google/gemma-3-27b-it] Temp=0.0 Rep=1 → Neutro
[2026-05-11 14:41:39,546][__main__][INFO] - ✓ [google/gemma-3-27b-it] Temp=0.0 Rep=1 → Discordo fortemente
[2026-05-11 14:41:39,547][__main__][INFO] - ✓ [google/gemma-3-27b-it] Temp=0.0 Rep=1 → Concordo fortemente
[2026-05-11 14:41:39,548][__main__][INFO] - ✓ [google/gemma-3-27b-it] Temp=0.0 Rep=1 → Discordo fortemente
[2026-05-11 14:41:39,548][__main__][INFO] - ✓ [google/gemma-3-27b-it] Temp=0.0 Rep=1 → Discordo fortemente
[2026-05-11 14:41:39,548][__main__][INFO] - ✓ [google/gemma-3-27b-it] Temp=0.0 Rep=1 → Concordo fortemente
[2026-05-11 14:41:39,941][__main__][INFO] - ✓ [google/gemma-3-27b-it] Temp=0.0 Rep=1 → Neutro
[2026-05-11 14:41:39,946][__main__][INFO] - ✓ [google/gemma-3-27b-it] Temp=0.0 Rep=1 → Concordo
[2026-05-11 14:41:40,064][__main__][INFO] - ✓ [google/gemma-3-27b-it] Temp=0.0 Rep=1 → Concordo fortemente
[2026-05-11 14:41:40,067][__main__][INFO] - ✓ [google/gemma-3-27b-it] Temp=0.0 Rep=1 → Concordo fortemente
[2026-05-11 14:41:40,068][__main__][INFO] - ✓ [google/gemma-3-27b-it] Temp=0.0 Rep=1 → Concordo fortemente
[2026-05-11 14:41:40,069][__main__][INFO] - ✓ [google/gemma-3-27b-it] Temp=0.0 Rep=1 → Concordo
[2026-05-11 14:41:40,069][__main__][INFO] - ✓ [google/gemma-3-27b-it] Temp=0.0 Rep=1 → Concordo
[2026-05-11 14:41:40,069][__main__][INFO] - ✓ [google/gemma-3-27b-it] Temp=0.0 Rep=1 → Concordo fortemente
[2026-05-11 14:41:40,272][__main__][INFO] - ✓ [google/gemma-3-27b-it] Temp=0.0 Rep=1 → Discordo
[2026-05-11 14:41:40,404][__main__][INFO] - ✓ [google/gemma-3-27b-it] Temp=0.0 Rep=1 → Discordo fortemente
[2026-05-11 14:41:40,437][__main__][INFO] - ✓ [google/gemma-3-27b-it] Temp=0.0 Rep=1 → Concordo fortemente
[2026-05-11 14:41:40,491][__main__][INFO] - ✓ [google/gemma-3-27b-it] Temp=0.0 Rep=1 → Concordo fortemente
[2026-05-11 14:41:40,492][__main__][INFO] - ✓ [google/gemma-3-27b-it] Temp=0.0 Rep=1 → Concordo
[2026-05-11 14:41:40,596][__main__][INFO] - ✓ [google/gemma-3-27b-it] Temp=0.0 Rep=1 → Concordo
[2026-05-11 14:41:40,597][__main__][INFO] - ✓ [google/gemma-3-27b-it] Temp=0.0 Rep=1 → Concordo
[2026-05-11 14:41:40,598][__main__][INFO] - ✓ [google/gemma-3-27b-it] Temp=0.0 Rep=1 → Concordo fortemente
[2026-05-11 14:41:40,647][__main__][INFO] - ✓ [google/gemma-3-27b-it] Temp=0.0 Rep=1 → Concordo fortemente
[2026-05-11 14:41:40,761][__main__][INFO] - Salvamento incremental (160 novas respostas)...
[2026-05-11 14:41:40,820][__main__][INFO] - Cache salvo com 220842 entradas
[2026-05-11 14:41:40,820][__main__][INFO] - ✓ [google/gemma-3-27b-it] Temp=0.0 Rep=1 → Concordo fortemente
[2026-05-11 14:41:40,822][__main__][INFO] - ✓ [google/gemma-3-27b-it] Temp=0.0 Rep=1 → Concordo fortemente
[2026-05-11 14:41:40,823][__main__][INFO] - ✓ [google/gemma-3-27b-it] Temp=0.0 Rep=1 → Concordo
[2026-05-11 14:41:40,856][__main__][INFO] - ✓ [google/gemma-3-27b-it] Temp=0.0 Rep=1 → Neutro
[2026-05-11 14:41:40,949][__main__][INFO] - ✓ [google/gemma-3-27b-it] Temp=0.0 Rep=1 → Discordo
[2026-05-11 14:41:40,978][__main__][INFO] - ✓ [google/gemma-3-27b-it] Temp=0.0 Rep=1 → Discordo fortemente
[2026-05-11 14:41:40,981][__main__][INFO] - ✓ [google/gemma-3-27b-it] Temp=0.0 Rep=1 → Discordo
[2026-05-11 14:41:40,997][__main__][INFO] - ✓ [google/gemma-3-27b-it] Temp=0.0 Rep=1 → Concordo fortemente
[2026-05-11 14:41:41,119][__main__][INFO] - ✓ [google/gemma-3-27b-it] Temp=0.0 Rep=1 → Concordo fortemente
[2026-05-11 14:41:41,119][__main__][INFO] - ✓ [google/gemma-3-27b-it] Temp=0.0 Rep=1 → Concordo fortemente
[2026-05-11 14:41:41,188][__main__][INFO] - ✓ [google/gemma-3-27b-it] Temp=0.0 Rep=1 → Neutro
[2026-05-11 14:41:41,224][__main__][INFO] - ✓ [google/gemma-3-27b-it] Temp=0.0 Rep=1 → Concordo fortemente
[2026-05-11 14:41:41,272][__main__][INFO] - ✓ [google/gemma-3-27b-it] Temp=0.0 Rep=1 → Concordo fortemente
[2026-05-11 14:41:41,345][__main__][INFO] - ✓ [google/gemma-3-27b-it] Temp=0.0 Rep=1 → Concordo
[2026-05-11 14:41:41,350][__main__][INFO] - ✓ [google/gemma-3-27b-it] Temp=0.0 Rep=1 → Concordo
[2026-05-11 14:41:41,415][__main__][INFO] - ✓ [google/gemma-3-27b-it] Temp=0.0 Rep=1 → Concordo fortemente
[2026-05-11 14:41:41,431][__main__][INFO] - ✓ [google/gemma-3-27b-it] Temp=0.0 Rep=1 → Concordo fortemente
[2026-05-11 14:41:41,438][__main__][INFO] - ✓ [google/gemma-3-27b-it] Temp=0.0 Rep=1 → Concordo fortemente
[2026-05-11 14:41:41,635][__main__][INFO] - ✓ [google/gemma-3-27b-it] Temp=0.0 Rep=1 → Concordo fortemente
[2026-05-11 14:41:41,636][__main__][INFO] - ✓ [google/gemma-3-27b-it] Temp=0.0 Rep=1 → Discordo fortemente
[2026-05-11 14:41:41,663][__main__][INFO] - ✓ [google/gemma-3-27b-it] Temp=0.0 Rep=1 → Concordo fortemente
[2026-05-11 14:41:41,689][__main__][INFO] - ✓ [google/gemma-3-27b-it] Temp=0.0 Rep=1 → Neutro
[2026-05-11 14:41:41,731][__main__][INFO] - ✓ [google/gemma-3-27b-it] Temp=0.0 Rep=1 → Neutro
[2026-05-11 14:41:41,794][__main__][INFO] - ✓ [google/gemma-3-27b-it] Temp=0.0 Rep=1 → Discordo fortemente
[2026-05-11 14:41:41,846][__main__][INFO] - ✓ [google/gemma-3-27b-it] Temp=0.0 Rep=1 → Concordo fortemente
[2026-05-11 14:41:41,872][__main__][INFO] - ✓ [google/gemma-3-27b-it] Temp=0.0 Rep=1 → Concordo fortemente
[2026-05-11 14:41:41,911][__main__][INFO] - ✓ [google/gemma-3-27b-it] Temp=0.0 Rep=1 → Discordo
[2026-05-11 14:41:42,049][__main__][INFO] - ✓ [google/gemma-3-27b-it] Temp=0.0 Rep=1 → Concordo fortemente
[2026-05-11 14:41:42,051][__main__][INFO] - ✓ [google/gemma-3-27b-it] Temp=0.0 Rep=1 → Concordo
[2026-05-11 14:41:42,161][__main__][INFO] - ✓ [google/gemma-3-27b-it] Temp=0.0 Rep=1 → Concordo fortemente
[2026-05-11 14:41:42,164][__main__][INFO] - ✓ [google/gemma-3-27b-it] Temp=0.0 Rep=1 → Concordo fortemente
[2026-05-11 14:41:42,171][__main__][INFO] - ✓ [google/gemma-3-27b-it] Temp=0.0 Rep=1 → Concordo fortemente
[2026-05-11 14:41:42,176][__main__][INFO] - ✓ [google/gemma-3-27b-it] Temp=0.0 Rep=1 → Discordo fortemente
[2026-05-11 14:41:42,271][__main__][INFO] - ✓ [google/gemma-3-27b-it] Temp=0.0 Rep=1 → Concordo
[2026-05-11 14:41:42,276][__main__][INFO] - ✓ [google/gemma-3-27b-it] Temp=0.0 Rep=1 → Concordo fortemente
[2026-05-11 14:41:42,346][__main__][INFO] - ✓ [google/gemma-3-27b-it] Temp=0.0 Rep=1 → Concordo fortemente
[2026-05-11 14:41:42,492][__main__][INFO] - ✓ [google/gemma-3-27b-it] Temp=0.0 Rep=1 → Discordo
[2026-05-11 14:41:42,549][__main__][INFO] - ✓ [google/gemma-3-27b-it] Temp=0.0 Rep=1 → Discordo fortemente
[2026-05-11 14:41:42,560][__main__][INFO] - ✓ [google/gemma-3-27b-it] Temp=0.0 Rep=1 → Concordo
[2026-05-11 14:41:42,578][__main__][INFO] - ✓ [google/gemma-3-27b-it] Temp=0.0 Rep=1 → Concordo
[2026-05-11 14:41:42,579][__main__][INFO] - Salvamento incremental (200 novas respostas)...
[2026-05-11 14:41:42,643][__main__][INFO] - Cache salvo com 220882 entradas
[2026-05-11 14:41:42,644][__main__][INFO] - ✓ [google/gemma-3-27b-it] Temp=0.0 Rep=1 → Concordo fortemente
[2026-05-11 14:41:42,688][__main__][INFO] - ✓ [google/gemma-3-27b-it] Temp=0.0 Rep=1 → Neutro
[2026-05-11 14:41:42,748][__main__][INFO] - ✓ [google/gemma-3-27b-it] Temp=0.0 Rep=1 → Concordo fortemente
[2026-05-11 14:41:43,264][__main__][INFO] - ✓ [google/gemma-3-27b-it] Temp=0.0 Rep=1 → Concordo
[2026-05-11 14:41:43,326][__main__][INFO] - ✓ [google/gemma-3-27b-it] Temp=0.0 Rep=1 → Concordo fortemente
[2026-05-11 14:41:43,438][__main__][INFO] - ✓ [google/gemma-3-27b-it] Temp=0.0 Rep=1 → Concordo fortemente
[2026-05-11 14:41:43,439][__main__][INFO] - ✓ [google/gemma-3-27b-it] Temp=0.0 Rep=1 → Concordo fortemente
[2026-05-11 14:41:43,489][__main__][INFO] - ✓ [google/gemma-3-27b-it] Temp=0.0 Rep=1 → Concordo fortemente
[2026-05-11 14:41:43,491][__main__][INFO] - ✓ [google/gemma-3-27b-it] Temp=0.0 Rep=1 → Discordo fortemente
[2026-05-11 14:41:43,635][__main__][INFO] - ✓ [google/gemma-3-27b-it] Temp=0.0 Rep=1 → Neutro
[2026-05-11 14:41:43,731][__main__][INFO] - ✓ [google/gemma-3-27b-it] Temp=0.0 Rep=1 → Concordo fortemente
[2026-05-11 14:41:43,822][__main__][INFO] - ✓ [google/gemma-3-27b-it] Temp=0.0 Rep=1 → Discordo fortemente
[2026-05-11 14:41:43,853][__main__][INFO] - ✓ [google/gemma-3-27b-it] Temp=0.0 Rep=1 → Neutro
[2026-05-11 14:41:43,856][__main__][INFO] - ✓ [google/gemma-3-27b-it] Temp=0.0 Rep=1 → Concordo
[2026-05-11 14:41:43,924][__main__][INFO] - ✓ [google/gemma-3-27b-it] Temp=0.0 Rep=1 → Concordo fortemente
[2026-05-11 14:41:43,947][__main__][INFO] - ✓ [google/gemma-3-27b-it] Temp=0.0 Rep=1 → Concordo fortemente
[2026-05-11 14:41:43,976][__main__][INFO] - ✓ [google/gemma-3-27b-it] Temp=0.0 Rep=1 → Concordo
[2026-05-11 14:41:44,266][__main__][INFO] - ✓ [google/gemma-3-27b-it] Temp=0.0 Rep=1 → Concordo fortemente
[2026-05-11 14:41:44,267][__main__][INFO] - ✓ [google/gemma-3-27b-it] Temp=0.0 Rep=1 → Concordo fortemente
[2026-05-11 14:41:44,269][__main__][INFO] - ✓ [google/gemma-3-27b-it] Temp=0.0 Rep=1 → Concordo
[2026-05-11 14:41:44,287][__main__][INFO] - ✓ [google/gemma-3-27b-it] Temp=0.0 Rep=1 → Concordo
[2026-05-11 14:41:44,316][__main__][INFO] - ✓ [google/gemma-3-27b-it] Temp=0.0 Rep=1 → Concordo
[2026-05-11 14:41:44,369][__main__][INFO] - ✓ [google/gemma-3-27b-it] Temp=0.0 Rep=1 → Concordo fortemente
[2026-05-11 14:41:44,599][__main__][INFO] - ✓ [google/gemma-3-27b-it] Temp=0.0 Rep=1 → Concordo fortemente
[2026-05-11 14:41:44,659][__main__][INFO] - ✓ [google/gemma-3-27b-it] Temp=0.0 Rep=1 → Concordo fortemente
[2026-05-11 14:41:44,691][__main__][INFO] - ✓ [google/gemma-3-27b-it] Temp=0.0 Rep=1 → Concordo fortemente
[2026-05-11 14:41:44,783][__main__][INFO] - ✓ [google/gemma-3-27b-it] Temp=0.0 Rep=1 → Concordo fortemente
[2026-05-11 14:41:44,795][__main__][INFO] - ✓ [google/gemma-3-27b-it] Temp=0.0 Rep=1 → Concordo fortemente
[2026-05-11 14:41:44,821][__main__][INFO] - ✓ [google/gemma-3-27b-it] Temp=0.0 Rep=1 → Concordo fortemente
[2026-05-11 14:41:44,986][__main__][INFO] - ✓ [google/gemma-3-27b-it] Temp=0.0 Rep=1 → Concordo fortemente
[2026-05-11 14:41:44,996][__main__][INFO] - ✓ [google/gemma-3-27b-it] Temp=0.0 Rep=1 → Concordo
[2026-05-11 14:41:45,024][__main__][INFO] - ✓ [google/gemma-3-27b-it] Temp=0.0 Rep=1 → Concordo
[2026-05-11 14:41:45,183][__main__][INFO] - ✓ [google/gemma-3-27b-it] Temp=0.0 Rep=1 → Concordo
[2026-05-11 14:41:45,187][__main__][INFO] - ✓ [google/gemma-3-27b-it] Temp=0.0 Rep=1 → Concordo fortemente
[2026-05-11 14:41:45,304][__main__][INFO] - ✓ [google/gemma-3-27b-it] Temp=0.0 Rep=1 → Concordo fortemente
[2026-05-11 14:41:45,366][__main__][INFO] - ✓ [google/gemma-3-27b-it] Temp=0.0 Rep=1 → Concordo fortemente
[2026-05-11 14:41:45,392][__main__][INFO] - ✓ [google/gemma-3-27b-it] Temp=0.0 Rep=1 → Concordo fortemente
[2026-05-11 14:41:45,394][__main__][INFO] - ✓ [google/gemma-3-27b-it] Temp=0.0 Rep=1 → Concordo fortemente
[2026-05-11 14:41:45,529][__main__][INFO] - ✓ [google/gemma-3-27b-it] Temp=0.0 Rep=1 → Concordo fortemente
[2026-05-11 14:41:45,559][__main__][INFO] - ✓ [google/gemma-3-27b-it] Temp=0.0 Rep=1 → Neutro
[2026-05-11 14:41:45,626][__main__][INFO] - Salvamento incremental (240 novas respostas)...
[2026-05-11 14:41:45,757][__main__][INFO] - Cache salvo com 220922 entradas
[2026-05-11 14:41:45,757][__main__][INFO] - ✓ [google/gemma-3-27b-it] Temp=0.0 Rep=1 → Concordo
[2026-05-11 14:41:45,760][__main__][INFO] - ✓ [google/gemma-3-27b-it] Temp=0.0 Rep=1 → Concordo fortemente
[2026-05-11 14:41:45,760][__main__][INFO] - ✓ [google/gemma-3-27b-it] Temp=0.0 Rep=1 → Concordo fortemente
[2026-05-11 14:41:45,760][__main__][INFO] - ✓ [google/gemma-3-27b-it] Temp=0.0 Rep=1 → Concordo fortemente
[2026-05-11 14:41:45,837][__main__][INFO] - ✓ [google/gemma-3-27b-it] Temp=0.0 Rep=1 → Concordo
[2026-05-11 14:41:45,844][__main__][INFO] - ✓ [google/gemma-3-27b-it] Temp=0.0 Rep=1 → Concordo fortemente
[2026-05-11 14:41:45,845][__main__][INFO] - ✓ [google/gemma-3-27b-it] Temp=0.0 Rep=1 → Concordo fortemente
[2026-05-11 14:41:45,847][__main__][INFO] - ✓ [google/gemma-3-27b-it] Temp=0.0 Rep=1 → Concordo fortemente
[2026-05-11 14:41:45,968][__main__][INFO] - ✓ [google/gemma-3-27b-it] Temp=0.0 Rep=1 → Concordo fortemente
[2026-05-11 14:41:45,987][__main__][INFO] - ✓ [google/gemma-3-27b-it] Temp=0.0 Rep=1 → Concordo fortemente
[2026-05-11 14:41:46,229][__main__][INFO] - ✓ [google/gemma-3-27b-it] Temp=0.0 Rep=1 → Discordo fortemente
[2026-05-11 14:41:46,249][__main__][INFO] - ✓ [google/gemma-3-27b-it] Temp=0.0 Rep=1 → Neutro
[2026-05-11 14:41:46,263][__main__][INFO] - ✓ [google/gemma-3-27b-it] Temp=0.0 Rep=1 → Concordo fortemente
[2026-05-11 14:41:46,354][__main__][INFO] - ✓ [google/gemma-3-27b-it] Temp=0.0 Rep=1 → Concordo fortemente
[2026-05-11 14:41:46,358][__main__][INFO] - ✓ [google/gemma-3-27b-it] Temp=0.0 Rep=1 → Concordo fortemente
[2026-05-11 14:41:46,359][__main__][INFO] - ✓ [google/gemma-3-27b-it] Temp=0.0 Rep=1 → Concordo fortemente
[2026-05-11 14:41:46,359][__main__][INFO] - ✓ [google/gemma-3-27b-it] Temp=0.0 Rep=1 → Concordo fortemente
[2026-05-11 14:41:46,364][__main__][INFO] - ✓ [google/gemma-3-27b-it] Temp=0.0 Rep=1 → Discordo
[2026-05-11 14:41:46,420][__main__][INFO] - ✓ [google/gemma-3-27b-it] Temp=0.0 Rep=1 → Concordo
[2026-05-11 14:41:46,450][__main__][INFO] - ✓ [google/gemma-3-27b-it] Temp=0.0 Rep=1 → Concordo fortemente
[2026-05-11 14:41:46,722][__main__][INFO] - ✓ [google/gemma-3-27b-it] Temp=0.0 Rep=1 → Concordo fortemente
[2026-05-11 14:41:46,879][__main__][INFO] - ✓ [google/gemma-3-27b-it] Temp=0.0 Rep=1 → Concordo fortemente
[2026-05-11 14:41:46,880][__main__][INFO] - ✓ [google/gemma-3-27b-it] Temp=0.0 Rep=1 → Concordo fortemente
[2026-05-11 14:41:47,005][__main__][INFO] - ✓ [google/gemma-3-27b-it] Temp=0.0 Rep=1 → Discordo fortemente
[2026-05-11 14:41:47,013][__main__][INFO] - ✓ [google/gemma-3-27b-it] Temp=0.0 Rep=1 → Concordo fortemente
[2026-05-11 14:41:47,015][__main__][INFO] - ✓ [google/gemma-3-27b-it] Temp=0.0 Rep=1 → Concordo fortemente
[2026-05-11 14:41:47,017][__main__][INFO] - ✓ [google/gemma-3-27b-it] Temp=0.0 Rep=1 → Concordo fortemente
[2026-05-11 14:41:47,020][__main__][INFO] - ✓ [google/gemma-3-27b-it] Temp=0.0 Rep=1 → Concordo fortemente
[2026-05-11 14:41:47,054][__main__][INFO] - ✓ [google/gemma-3-27b-it] Temp=0.0 Rep=1 → Concordo fortemente
[2026-05-11 14:41:47,079][__main__][INFO] - ✓ [google/gemma-3-27b-it] Temp=0.0 Rep=1 → Concordo fortemente
[2026-05-11 14:41:47,284][__main__][INFO] - ✓ [google/gemma-3-27b-it] Temp=0.0 Rep=1 → Concordo fortemente
[2026-05-11 14:41:47,412][__main__][INFO] - ✓ [google/gemma-3-27b-it] Temp=0.0 Rep=1 → Concordo fortemente
[2026-05-11 14:41:47,412][__main__][INFO] - ✓ [google/gemma-3-27b-it] Temp=0.0 Rep=1 → Concordo fortemente
[2026-05-11 14:41:47,412][__main__][INFO] - ✓ [google/gemma-3-27b-it] Temp=0.0 Rep=1 → Concordo fortemente
[2026-05-11 14:41:47,415][__main__][INFO] - ✓ [google/gemma-3-27b-it] Temp=0.0 Rep=1 → Discordo fortemente
[2026-05-11 14:41:47,416][__main__][INFO] - ✓ [google/gemma-3-27b-it] Temp=0.0 Rep=1 → Concordo fortemente
[2026-05-11 14:41:47,419][__main__][INFO] - ✓ [google/gemma-3-27b-it] Temp=0.0 Rep=1 → Discordo fortemente
[2026-05-11 14:41:47,419][__main__][INFO] - ✓ [google/gemma-3-27b-it] Temp=0.0 Rep=1 → Concordo fortemente
[2026-05-11 14:41:47,451][__main__][INFO] - ✓ [google/gemma-3-27b-it] Temp=0.0 Rep=1 → Concordo fortemente
[2026-05-11 14:41:47,464][__main__][INFO] - ✓ [google/gemma-3-27b-it] Temp=0.0 Rep=1 → Concordo fortemente
[2026-05-11 14:41:47,657][__main__][INFO] - Salvamento incremental (280 novas respostas)...
[2026-05-11 14:41:47,708][__main__][INFO] - Cache salvo com 220962 entradas
[2026-05-11 14:41:47,708][__main__][INFO] - ✓ [google/gemma-3-27b-it] Temp=0.0 Rep=1 → Discordo fortemente
[2026-05-11 14:41:47,756][__main__][INFO] - ✓ [google/gemma-3-27b-it] Temp=0.0 Rep=1 → Neutro
[2026-05-11 14:41:47,782][__main__][INFO] - ✓ [google/gemma-3-27b-it] Temp=0.0 Rep=1 → Neutro
[2026-05-11 14:41:47,804][__main__][INFO] - ✓ [google/gemma-3-27b-it] Temp=0.0 Rep=1 → Discordo fortemente
[2026-05-11 14:41:47,835][__main__][INFO] - ✓ [google/gemma-3-27b-it] Temp=0.0 Rep=1 → Concordo fortemente
[2026-05-11 14:41:47,937][__main__][INFO] - ✓ [google/gemma-3-27b-it] Temp=0.0 Rep=1 → Discordo fortemente
[2026-05-11 14:41:47,937][__main__][INFO] - ✓ [google/gemma-3-27b-it] Temp=0.0 Rep=1 → Concordo fortemente
[2026-05-11 14:41:47,937][__main__][INFO] - ✓ [google/gemma-3-27b-it] Temp=0.0 Rep=1 → Concordo fortemente
[2026-05-11 14:41:47,937][__main__][INFO] - ✓ [google/gemma-3-27b-it] Temp=0.0 Rep=1 → Concordo fortemente
[2026-05-11 14:41:47,940][__main__][INFO] - ✓ [google/gemma-3-27b-it] Temp=0.0 Rep=1 → Discordo fortemente
[2026-05-11 14:41:48,075][__main__][INFO] - ✓ [google/gemma-3-27b-it] Temp=0.0 Rep=1 → Concordo fortemente
[2026-05-11 14:41:48,127][__main__][INFO] - ✓ [google/gemma-3-27b-it] Temp=0.0 Rep=1 → Discordo fortemente
[2026-05-11 14:41:48,139][__main__][INFO] - ✓ [google/gemma-3-27b-it] Temp=0.0 Rep=1 → Concordo fortemente
[2026-05-11 14:41:48,173][__main__][INFO] - ✓ [google/gemma-3-27b-it] Temp=0.0 Rep=1 → Concordo fortemente
[2026-05-11 14:41:48,315][__main__][INFO] - ✓ [google/gemma-3-27b-it] Temp=0.0 Rep=1 → Concordo
[2026-05-11 14:41:48,324][__main__][INFO] - ✓ [google/gemma-3-27b-it] Temp=0.0 Rep=1 → Concordo fortemente
[2026-05-11 14:41:48,326][__main__][INFO] - ✓ [google/gemma-3-27b-it] Temp=0.0 Rep=1 → Concordo fortemente
[2026-05-11 14:41:48,358][__main__][INFO] - ✓ [google/gemma-3-27b-it] Temp=0.0 Rep=1 → Concordo fortemente
[2026-05-11 14:41:48,450][__main__][INFO] - ✓ [google/gemma-3-27b-it] Temp=0.0 Rep=1 → Concordo fortemente
[2026-05-11 14:41:48,477][__main__][INFO] - ✓ [google/gemma-3-27b-it] Temp=0.0 Rep=1 → Concordo fortemente
[2026-05-11 14:41:48,593][__main__][INFO] - ✓ [google/gemma-3-27b-it] Temp=0.0 Rep=1 → Concordo fortemente
[2026-05-11 14:41:48,616][__main__][INFO] - ✓ [google/gemma-3-27b-it] Temp=0.0 Rep=1 → Concordo fortemente
[2026-05-11 14:41:48,641][__main__][INFO] - ✓ [google/gemma-3-27b-it] Temp=0.0 Rep=1 → Concordo fortemente
[2026-05-11 14:41:48,654][__main__][INFO] - ✓ [google/gemma-3-27b-it] Temp=0.0 Rep=1 → Concordo
[2026-05-11 14:41:48,672][__main__][INFO] - ✓ [google/gemma-3-27b-it] Temp=0.0 Rep=1 → Concordo
[2026-05-11 14:41:48,738][__main__][INFO] - ✓ [google/gemma-3-27b-it] Temp=0.0 Rep=1 → Concordo
[2026-05-11 14:41:48,764][__main__][INFO] - ✓ [google/gemma-3-27b-it] Temp=0.0 Rep=1 → Concordo fortemente
[2026-05-11 14:41:48,826][__main__][INFO] - ✓ [google/gemma-3-27b-it] Temp=0.0 Rep=1 → Concordo
[2026-05-11 14:41:48,875][__main__][INFO] - ✓ [google/gemma-3-27b-it] Temp=0.0 Rep=1 → Concordo fortemente
[2026-05-11 14:41:48,975][__main__][INFO] - ✓ [google/gemma-3-27b-it] Temp=0.0 Rep=1 → Concordo
[2026-05-11 14:41:48,979][__main__][INFO] - ✓ [google/gemma-3-27b-it] Temp=0.0 Rep=1 → Discordo fortemente
[2026-05-11 14:41:48,980][__main__][INFO] - ✓ [google/gemma-3-27b-it] Temp=0.0 Rep=1 → Neutro
[2026-05-11 14:41:48,981][__main__][INFO] - ✓ [google/gemma-3-27b-it] Temp=0.0 Rep=1 → Concordo fortemente
[2026-05-11 14:41:48,992][__main__][INFO] - ✓ [google/gemma-3-27b-it] Temp=0.0 Rep=1 → Concordo fortemente
[2026-05-11 14:41:49,039][__main__][INFO] - ✓ [google/gemma-3-27b-it] Temp=0.0 Rep=1 → Neutro
[2026-05-11 14:41:49,132][__main__][INFO] - ✓ [google/gemma-3-27b-it] Temp=0.0 Rep=1 → Discordo fortemente
[2026-05-11 14:41:49,250][__main__][INFO] - ✓ [google/gemma-3-27b-it] Temp=0.0 Rep=1 → Neutro
[2026-05-11 14:41:49,332][__main__][INFO] - ✓ [google/gemma-3-27b-it] Temp=0.0 Rep=1 → Concordo fortemente
[2026-05-11 14:41:49,350][__main__][INFO] - ✓ [google/gemma-3-27b-it] Temp=0.0 Rep=1 → Discordo
[2026-05-11 14:41:49,356][__main__][INFO] - ✓ [google/gemma-3-27b-it] Temp=0.0 Rep=1 → Neutro
[2026-05-11 14:41:49,363][__main__][INFO] - Salvamento incremental (320 novas respostas)...
[2026-05-11 14:41:49,412][__main__][INFO] - Cache salvo com 221002 entradas
[2026-05-11 14:41:49,413][__main__][INFO] - ✓ [google/gemma-3-27b-it] Temp=0.0 Rep=1 → Neutro
[2026-05-11 14:41:49,414][__main__][INFO] - ✓ [google/gemma-3-27b-it] Temp=0.0 Rep=1 → Concordo fortemente
[2026-05-11 14:41:49,415][__main__][INFO] - ✓ [google/gemma-3-27b-it] Temp=0.0 Rep=1 → Discordo fortemente
[2026-05-11 14:41:49,552][__main__][INFO] - ✓ [google/gemma-3-27b-it] Temp=0.0 Rep=1 → Concordo fortemente
[2026-05-11 14:41:49,601][__main__][INFO] - ✓ [google/gemma-3-27b-it] Temp=0.0 Rep=1 → Discordo fortemente
[2026-05-11 14:41:49,647][__main__][INFO] - ✓ [google/gemma-3-27b-it] Temp=0.0 Rep=1 → Neutro
[2026-05-11 14:41:49,718][__main__][INFO] - ✓ [google/gemma-3-27b-it] Temp=0.0 Rep=1 → Concordo fortemente
[2026-05-11 14:41:49,796][__main__][INFO] - ✓ [google/gemma-3-27b-it] Temp=0.0 Rep=1 → Concordo fortemente
[2026-05-11 14:41:50,031][__main__][INFO] - ✓ [google/gemma-3-27b-it] Temp=0.0 Rep=1 → Concordo
[2026-05-11 14:41:50,032][__main__][INFO] - ✓ [google/gemma-3-27b-it] Temp=0.0 Rep=1 → Concordo fortemente
[2026-05-11 14:41:50,032][__main__][INFO] - ✓ [google/gemma-3-27b-it] Temp=0.0 Rep=1 → Concordo fortemente
[2026-05-11 14:41:50,167][__main__][INFO] - ✓ [google/gemma-3-27b-it] Temp=0.0 Rep=1 → Discordo
[2026-05-11 14:41:50,220][__main__][INFO] - ✓ [google/gemma-3-27b-it] Temp=0.0 Rep=1 → Concordo
[2026-05-11 14:41:50,225][__main__][INFO] - ✓ [google/gemma-3-27b-it] Temp=0.0 Rep=1 → Concordo fortemente
[2026-05-11 14:41:50,238][__main__][INFO] - ✓ [google/gemma-3-27b-it] Temp=0.0 Rep=1 → Concordo fortemente
[2026-05-11 14:41:50,246][__main__][INFO] - ✓ [google/gemma-3-27b-it] Temp=0.0 Rep=1 → Concordo
[2026-05-11 14:41:50,266][__main__][INFO] - ✓ [google/gemma-3-27b-it] Temp=0.0 Rep=1 → Concordo fortemente
[2026-05-11 14:41:50,269][__main__][INFO] - ✓ [google/gemma-3-27b-it] Temp=0.0 Rep=1 → Concordo fortemente
[2026-05-11 14:41:50,423][__main__][INFO] - ✓ [google/gemma-3-27b-it] Temp=0.0 Rep=1 → Concordo
[2026-05-11 14:41:50,425][__main__][INFO] - ✓ [google/gemma-3-27b-it] Temp=0.0 Rep=1 → Concordo fortemente
[2026-05-11 14:41:50,597][__main__][INFO] - ✓ [google/gemma-3-27b-it] Temp=0.0 Rep=1 → Concordo fortemente
[2026-05-11 14:41:50,670][__main__][INFO] - ✓ [google/gemma-3-27b-it] Temp=0.0 Rep=1 → Concordo
[2026-05-11 14:41:50,673][__main__][INFO] - ✓ [google/gemma-3-27b-it] Temp=0.0 Rep=1 → Discordo fortemente
[2026-05-11 14:41:50,674][__main__][INFO] - ✓ [google/gemma-3-27b-it] Temp=0.0 Rep=1 → Concordo fortemente
[2026-05-11 14:41:50,704][__main__][INFO] - ✓ [google/gemma-3-27b-it] Temp=0.0 Rep=1 → Concordo fortemente
[2026-05-11 14:41:50,719][__main__][INFO] - ✓ [google/gemma-3-27b-it] Temp=0.0 Rep=1 → Concordo fortemente
[2026-05-11 14:41:50,720][__main__][INFO] - ✓ [google/gemma-3-27b-it] Temp=0.0 Rep=1 → Concordo fortemente
[2026-05-11 14:41:50,722][__main__][INFO] - ✓ [google/gemma-3-27b-it] Temp=0.0 Rep=1 → Neutro
[2026-05-11 14:41:50,729][__main__][INFO] - ✓ [google/gemma-3-27b-it] Temp=0.0 Rep=1 → Concordo fortemente
[2026-05-11 14:41:50,778][__main__][INFO] - ✓ [google/gemma-3-27b-it] Temp=0.0 Rep=1 → Concordo fortemente
[2026-05-11 14:41:51,078][__main__][INFO] - ✓ [google/gemma-3-27b-it] Temp=0.0 Rep=1 → Concordo fortemente
[2026-05-11 14:41:51,092][__main__][INFO] - ✓ [google/gemma-3-27b-it] Temp=0.0 Rep=1 → Concordo fortemente
[2026-05-11 14:41:51,111][__main__][INFO] - ✓ [google/gemma-3-27b-it] Temp=0.0 Rep=1 → Neutro
[2026-05-11 14:41:51,151][__main__][INFO] - ✓ [google/gemma-3-27b-it] Temp=0.0 Rep=1 → Concordo fortemente
[2026-05-11 14:41:51,153][__main__][INFO] - ✓ [google/gemma-3-27b-it] Temp=0.0 Rep=1 → Discordo fortemente
[2026-05-11 14:41:51,154][__main__][INFO] - ✓ [google/gemma-3-27b-it] Temp=0.0 Rep=1 → Concordo fortemente
[2026-05-11 14:41:51,170][__main__][INFO] - ✓ [google/gemma-3-27b-it] Temp=0.0 Rep=1 → Concordo fortemente
[2026-05-11 14:41:51,195][__main__][INFO] - ✓ [google/gemma-3-27b-it] Temp=0.0 Rep=1 → Neutro
[2026-05-11 14:41:51,247][__main__][INFO] - ✓ [google/gemma-3-27b-it] Temp=0.0 Rep=1 → Concordo fortemente
[2026-05-11 14:41:51,250][__main__][INFO] - ✓ [google/gemma-3-27b-it] Temp=0.0 Rep=1 → Discordo fortemente
[2026-05-11 14:41:51,479][__main__][INFO] - Salvamento incremental (360 novas respostas)...
[2026-05-11 14:41:51,540][__main__][INFO] - Cache salvo com 221042 entradas
[2026-05-11 14:41:51,540][__main__][INFO] - ✓ [google/gemma-3-27b-it] Temp=0.0 Rep=1 → Neutro
[2026-05-11 14:41:51,598][__main__][INFO] - ✓ [google/gemma-3-27b-it] Temp=0.0 Rep=1 → Concordo fortemente
[2026-05-11 14:41:51,601][__main__][INFO] - ✓ [google/gemma-3-27b-it] Temp=0.0 Rep=1 → Concordo fortemente
[2026-05-11 14:41:51,604][__main__][INFO] - ✓ [google/gemma-3-27b-it] Temp=0.0 Rep=1 → Concordo fortemente
[2026-05-11 14:41:51,604][__main__][INFO] - ✓ [google/gemma-3-27b-it] Temp=0.0 Rep=1 → Concordo fortemente
[2026-05-11 14:41:51,605][__main__][INFO] - ✓ [google/gemma-3-27b-it] Temp=0.0 Rep=1 → Concordo fortemente
[2026-05-11 14:41:51,605][__main__][INFO] - ✓ [google/gemma-3-27b-it] Temp=0.0 Rep=1 → Concordo fortemente
[2026-05-11 14:41:51,611][__main__][INFO] - ✓ [google/gemma-3-27b-it] Temp=0.0 Rep=1 → Concordo fortemente
[2026-05-11 14:41:51,626][__main__][INFO] - ✓ [google/gemma-3-27b-it] Temp=0.0 Rep=1 → Concordo fortemente
[2026-05-11 14:41:51,637][__main__][INFO] - ✓ [google/gemma-3-27b-it] Temp=0.0 Rep=1 → Concordo fortemente
[2026-05-11 14:41:52,007][__main__][INFO] - ✓ [google/gemma-3-27b-it] Temp=0.0 Rep=1 → Concordo fortemente
[2026-05-11 14:41:52,018][__main__][INFO] - ✓ [google/gemma-3-27b-it] Temp=0.0 Rep=1 → Concordo fortemente
[2026-05-11 14:41:52,019][__main__][INFO] - ✓ [google/gemma-3-27b-it] Temp=0.0 Rep=1 → Concordo fortemente
[2026-05-11 14:41:52,030][__main__][INFO] - ✓ [google/gemma-3-27b-it] Temp=0.0 Rep=1 → Concordo fortemente
[2026-05-11 14:41:52,031][__main__][INFO] - ✓ [google/gemma-3-27b-it] Temp=0.0 Rep=1 → Concordo fortemente
[2026-05-11 14:41:52,124][__main__][INFO] - ✓ [google/gemma-3-27b-it] Temp=0.0 Rep=1 → Concordo fortemente
[2026-05-11 14:41:52,127][__main__][INFO] - ✓ [google/gemma-3-27b-it] Temp=0.0 Rep=1 → Concordo fortemente
[2026-05-11 14:41:52,190][__main__][INFO] - ✓ [google/gemma-3-27b-it] Temp=0.0 Rep=1 → Concordo fortemente
[2026-05-11 14:41:52,216][__main__][INFO] - ✓ [google/gemma-3-27b-it] Temp=0.0 Rep=1 → Concordo fortemente
[2026-05-11 14:41:52,352][__main__][INFO] - ✓ [google/gemma-3-27b-it] Temp=0.0 Rep=1 → Concordo fortemente
[2026-05-11 14:41:52,407][__main__][INFO] - ✓ [google/gemma-3-27b-it] Temp=0.0 Rep=1 → Concordo fortemente
[2026-05-11 14:41:52,410][__main__][INFO] - ✓ [google/gemma-3-27b-it] Temp=0.0 Rep=1 → Concordo fortemente
[2026-05-11 14:41:52,469][__main__][INFO] - ✓ [google/gemma-3-27b-it] Temp=0.0 Rep=1 → Concordo fortemente
[2026-05-11 14:41:52,484][__main__][INFO] - ✓ [google/gemma-3-27b-it] Temp=0.0 Rep=1 → Discordo fortemente
[2026-05-11 14:41:52,500][__main__][INFO] - ✓ [google/gemma-3-27b-it] Temp=0.0 Rep=1 → Concordo
[2026-05-11 14:41:52,540][__main__][INFO] - ✓ [google/gemma-3-27b-it] Temp=0.0 Rep=1 → Concordo fortemente
[2026-05-11 14:41:52,644][__main__][INFO] - ✓ [google/gemma-3-27b-it] Temp=0.0 Rep=1 → Concordo fortemente
[2026-05-11 14:41:52,645][__main__][INFO] - ✓ [google/gemma-3-27b-it] Temp=0.0 Rep=1 → Concordo fortemente
[2026-05-11 14:41:52,813][__main__][INFO] - ✓ [google/gemma-3-27b-it] Temp=0.0 Rep=1 → Concordo fortemente
[2026-05-11 14:41:52,815][__main__][INFO] - ✓ [google/gemma-3-27b-it] Temp=0.0 Rep=1 → Concordo fortemente
[2026-05-11 14:41:52,832][__main__][INFO] - ✓ [google/gemma-3-27b-it] Temp=0.0 Rep=1 → Concordo fortemente
[2026-05-11 14:41:52,880][__main__][INFO] - ✓ [google/gemma-3-27b-it] Temp=0.0 Rep=1 → Concordo fortemente
[2026-05-11 14:41:52,882][__main__][INFO] - ✓ [google/gemma-3-27b-it] Temp=0.0 Rep=1 → Concordo fortemente
[2026-05-11 14:41:52,884][__main__][INFO] - ✓ [google/gemma-3-27b-it] Temp=0.0 Rep=1 → Discordo fortemente
[2026-05-11 14:41:52,908][__main__][INFO] - ✓ [google/gemma-3-27b-it] Temp=0.0 Rep=1 → Concordo fortemente
[2026-05-11 14:41:53,020][__main__][INFO] - ✓ [google/gemma-3-27b-it] Temp=0.0 Rep=1 → Concordo
[2026-05-11 14:41:53,037][__main__][INFO] - ✓ [google/gemma-3-27b-it] Temp=0.0 Rep=1 → Concordo fortemente
[2026-05-11 14:41:53,207][__main__][INFO] - ✓ [google/gemma-3-27b-it] Temp=0.0 Rep=1 → Discordo fortemente
[2026-05-11 14:41:53,255][__main__][INFO] - ✓ [google/gemma-3-27b-it] Temp=0.0 Rep=1 → Concordo fortemente
[2026-05-11 14:41:53,264][__main__][INFO] - ✓ [google/gemma-3-27b-it] Temp=0.0 Rep=1 → Concordo fortemente
[2026-05-11 14:41:53,280][__main__][INFO] - Salvamento incremental (400 novas respostas)...
[2026-05-11 14:41:53,330][__main__][INFO] - Cache salvo com 221082 entradas
[2026-05-11 14:41:53,330][__main__][INFO] - ✓ [google/gemma-3-27b-it] Temp=0.0 Rep=1 → Concordo fortemente
[2026-05-11 14:41:53,332][__main__][INFO] - ✓ [google/gemma-3-27b-it] Temp=0.0 Rep=1 → Concordo fortemente
[2026-05-11 14:41:53,332][__main__][INFO] - ✓ [google/gemma-3-27b-it] Temp=0.0 Rep=1 → Concordo fortemente
[2026-05-11 14:41:53,332][__main__][INFO] - ✓ [google/gemma-3-27b-it] Temp=0.0 Rep=1 → Concordo fortemente
[2026-05-11 14:41:53,396][__main__][INFO] - ✓ [google/gemma-3-27b-it] Temp=0.0 Rep=1 → Concordo fortemente
[2026-05-11 14:41:53,579][__main__][INFO] - ✓ [google/gemma-3-27b-it] Temp=0.0 Rep=1 → Concordo fortemente
[2026-05-11 14:41:53,600][__main__][INFO] - ✓ [google/gemma-3-27b-it] Temp=0.0 Rep=1 → Concordo fortemente
[2026-05-11 14:41:53,603][__main__][INFO] - ✓ [google/gemma-3-27b-it] Temp=0.0 Rep=1 → Concordo fortemente
[2026-05-11 14:41:53,762][__main__][INFO] - ✓ [google/gemma-3-27b-it] Temp=0.0 Rep=1 → Concordo fortemente
[2026-05-11 14:41:53,797][__main__][INFO] - ✓ [google/gemma-3-27b-it] Temp=0.0 Rep=1 → Concordo fortemente
[2026-05-11 14:41:53,873][__main__][INFO] - ✓ [google/gemma-3-27b-it] Temp=0.0 Rep=1 → Concordo fortemente
[2026-05-11 14:41:53,874][__main__][INFO] - ✓ [google/gemma-3-27b-it] Temp=0.0 Rep=1 → Concordo fortemente
[2026-05-11 14:41:53,915][__main__][INFO] - ✓ [google/gemma-3-27b-it] Temp=0.0 Rep=1 → Concordo fortemente
[2026-05-11 14:41:54,222][__main__][INFO] - ✓ [google/gemma-3-27b-it] Temp=0.0 Rep=1 → Concordo fortemente
[2026-05-11 14:41:54,242][__main__][INFO] - ✓ [google/gemma-3-27b-it] Temp=0.0 Rep=1 → Concordo fortemente
[2026-05-11 14:41:54,250][__main__][INFO] - ✓ [google/gemma-3-27b-it] Temp=0.0 Rep=1 → Concordo fortemente
[2026-05-11 14:41:54,258][__main__][INFO] - ✓ [google/gemma-3-27b-it] Temp=0.0 Rep=1 → Concordo fortemente
[2026-05-11 14:41:54,259][__main__][INFO] - ✓ [google/gemma-3-27b-it] Temp=0.0 Rep=1 → Concordo fortemente
[2026-05-11 14:41:54,268][__main__][INFO] - ✓ [google/gemma-3-27b-it] Temp=0.0 Rep=1 → Concordo fortemente
[2026-05-11 14:41:54,292][__main__][INFO] - ✓ [google/gemma-3-27b-it] Temp=0.0 Rep=1 → Concordo fortemente
[2026-05-11 14:41:54,304][__main__][INFO] - ✓ [google/gemma-3-27b-it] Temp=0.0 Rep=1 → Concordo fortemente
[2026-05-11 14:41:54,325][__main__][INFO] - ✓ [google/gemma-3-27b-it] Temp=0.0 Rep=1 → Concordo fortemente
[2026-05-11 14:41:54,342][__main__][INFO] - ✓ [google/gemma-3-27b-it] Temp=0.0 Rep=1 → Concordo fortemente
[2026-05-11 14:41:54,752][__main__][INFO] - ✓ [google/gemma-3-27b-it] Temp=0.0 Rep=1 → Concordo fortemente
[2026-05-11 14:41:54,752][__main__][INFO] - ✓ [google/gemma-3-27b-it] Temp=0.0 Rep=1 → Concordo fortemente
[2026-05-11 14:41:54,753][__main__][INFO] - ✓ [google/gemma-3-27b-it] Temp=0.0 Rep=1 → Concordo fortemente
[2026-05-11 14:41:54,753][__main__][INFO] - ✓ [google/gemma-3-27b-it] Temp=0.0 Rep=1 → Concordo fortemente
[2026-05-11 14:41:54,775][__main__][INFO] - ✓ [google/gemma-3-27b-it] Temp=0.0 Rep=1 → Concordo fortemente
[2026-05-11 14:41:54,777][__main__][INFO] - ✓ [google/gemma-3-27b-it] Temp=0.0 Rep=1 → Concordo fortemente
[2026-05-11 14:41:54,801][__main__][INFO] - ✓ [google/gemma-3-27b-it] Temp=0.0 Rep=1 → Concordo fortemente
[2026-05-11 14:41:54,802][__main__][INFO] - ✓ [google/gemma-3-27b-it] Temp=0.0 Rep=1 → Concordo fortemente
[2026-05-11 14:41:54,821][__main__][INFO] - ✓ [google/gemma-3-27b-it] Temp=0.0 Rep=1 → Concordo fortemente
[2026-05-11 14:41:54,917][__main__][INFO] - ✓ [google/gemma-3-27b-it] Temp=0.0 Rep=1 → Concordo fortemente
[2026-05-11 14:41:55,110][__main__][INFO] - ✓ [google/gemma-3-27b-it] Temp=0.0 Rep=1 → Concordo
[2026-05-11 14:41:55,171][__main__][INFO] - ✓ [google/gemma-3-27b-it] Temp=0.0 Rep=1 → Concordo fortemente
[2026-05-11 14:41:55,267][__main__][INFO] - ✓ [google/gemma-3-27b-it] Temp=0.0 Rep=1 → Concordo fortemente
[2026-05-11 14:41:55,268][__main__][INFO] - ✓ [google/gemma-3-27b-it] Temp=0.0 Rep=1 → Concordo fortemente
[2026-05-11 14:41:55,269][__main__][INFO] - ✓ [google/gemma-3-27b-it] Temp=0.0 Rep=1 → Concordo fortemente
[2026-05-11 14:41:55,269][__main__][INFO] - ✓ [google/gemma-3-27b-it] Temp=0.0 Rep=1 → Concordo fortemente
[2026-05-11 14:41:55,270][__main__][INFO] - ✓ [google/gemma-3-27b-it] Temp=0.0 Rep=1 → Concordo fortemente
[2026-05-11 14:41:55,302][__main__][INFO] - Salvamento incremental (440 novas respostas)...
[2026-05-11 14:41:55,355][__main__][INFO] - Cache salvo com 221122 entradas
[2026-05-11 14:41:55,355][__main__][INFO] - ✓ [google/gemma-3-27b-it] Temp=0.0 Rep=1 → Concordo
[2026-05-11 14:41:55,393][__main__][INFO] - ✓ [google/gemma-3-27b-it] Temp=0.0 Rep=1 → Concordo fortemente
[2026-05-11 14:41:55,793][__main__][INFO] - ✓ [google/gemma-3-27b-it] Temp=0.0 Rep=1 → Concordo fortemente
[2026-05-11 14:41:55,814][__main__][INFO] - ✓ [google/gemma-3-27b-it] Temp=0.0 Rep=1 → Concordo fortemente
[2026-05-11 14:41:55,815][__main__][INFO] - ✓ [google/gemma-3-27b-it] Temp=0.0 Rep=1 → Concordo
[2026-05-11 14:41:55,837][__main__][INFO] - ✓ [google/gemma-3-27b-it] Temp=0.0 Rep=1 → Concordo fortemente
[2026-05-11 14:41:55,873][__main__][INFO] - ✓ [google/gemma-3-27b-it] Temp=0.0 Rep=1 → Concordo fortemente
[2026-05-11 14:41:56,322][__main__][INFO] - ✓ [google/gemma-3-27b-it] Temp=0.0 Rep=1 → Concordo fortemente
[2026-05-11 14:41:56,568][__main__][INFO] - ✓ [google/gemma-3-27b-it] Temp=0.0 Rep=1 → Concordo fortemente
[2026-05-11 14:41:56,572][__main__][INFO] - ✓ [google/gemma-3-27b-it] Temp=0.0 Rep=1 → Concordo fortemente
[2026-05-11 14:41:56,652][__main__][INFO] - ✓ [google/gemma-3-27b-it] Temp=0.0 Rep=1 → Concordo
[2026-05-11 14:41:56,678][__main__][INFO] - ✓ [google/gemma-3-27b-it] Temp=0.0 Rep=1 → Concordo
[2026-05-11 14:41:56,679][__main__][INFO] - ✓ [google/gemma-3-27b-it] Temp=0.0 Rep=1 → Concordo fortemente
[2026-05-11 14:41:56,679][__main__][INFO] - ✓ [google/gemma-3-27b-it] Temp=0.0 Rep=1 → Concordo fortemente
[2026-05-11 14:41:56,679][__main__][INFO] - ✓ [google/gemma-3-27b-it] Temp=0.0 Rep=1 → Concordo fortemente
[2026-05-11 14:41:56,682][__main__][INFO] - ✓ [google/gemma-3-27b-it] Temp=0.0 Rep=1 → Concordo fortemente
[2026-05-11 14:41:56,694][__main__][INFO] - ✓ [google/gemma-3-27b-it] Temp=0.0 Rep=1 → Concordo fortemente
[2026-05-11 14:41:56,735][__main__][INFO] - ✓ [google/gemma-3-27b-it] Temp=0.0 Rep=1 → Concordo fortemente
[2026-05-11 14:41:56,974][__main__][INFO] - ✓ [google/gemma-3-27b-it] Temp=0.0 Rep=1 → Discordo fortemente
[2026-05-11 14:41:57,026][__main__][INFO] - ✓ [google/gemma-3-27b-it] Temp=0.0 Rep=1 → Concordo fortemente
[2026-05-11 14:41:57,045][__main__][INFO] - ✓ [google/gemma-3-27b-it] Temp=0.0 Rep=1 → Neutro
[2026-05-11 14:41:57,049][__main__][INFO] - ✓ [google/gemma-3-27b-it] Temp=0.0 Rep=1 → Concordo fortemente
[2026-05-11 14:41:57,050][__main__][INFO] - ✓ [google/gemma-3-27b-it] Temp=0.0 Rep=1 → Neutro
[2026-05-11 14:41:57,067][__main__][INFO] - ✓ [google/gemma-3-27b-it] Temp=0.0 Rep=1 → Concordo fortemente
[2026-05-11 14:41:57,097][__main__][INFO] - ✓ [google/gemma-3-27b-it] Temp=0.0 Rep=1 → Concordo fortemente
[2026-05-11 14:41:57,107][__main__][INFO] - ✓ [google/gemma-3-27b-it] Temp=0.0 Rep=1 → Discordo fortemente
[2026-05-11 14:41:57,115][__main__][INFO] - ✓ [google/gemma-3-27b-it] Temp=0.0 Rep=1 → Concordo fortemente
[2026-05-11 14:41:57,229][__main__][INFO] - ✓ [google/gemma-3-27b-it] Temp=0.0 Rep=1 → Concordo fortemente
[2026-05-11 14:41:57,372][__main__][INFO] - ✓ [google/gemma-3-27b-it] Temp=0.0 Rep=1 → Neutro
[2026-05-11 14:41:57,414][__main__][INFO] - ✓ [google/gemma-3-27b-it] Temp=0.0 Rep=1 → Concordo
[2026-05-11 14:41:57,416][__main__][INFO] - ✓ [google/gemma-3-27b-it] Temp=0.0 Rep=1 → Discordo fortemente
[2026-05-11 14:41:57,469][__main__][INFO] - ✓ [google/gemma-3-27b-it] Temp=0.0 Rep=1 → Discordo fortemente
[2026-05-11 14:41:57,483][__main__][INFO] - ✓ [google/gemma-3-27b-it] Temp=0.0 Rep=1 → Concordo fortemente
[2026-05-11 14:41:57,493][__main__][INFO] - ✓ [google/gemma-3-27b-it] Temp=0.0 Rep=1 → Concordo fortemente
[2026-05-11 14:41:57,516][__main__][INFO] - ✓ [google/gemma-3-27b-it] Temp=0.0 Rep=1 → Discordo fortemente
[2026-05-11 14:41:57,545][__main__][INFO] - ✓ [google/gemma-3-27b-it] Temp=0.0 Rep=1 → Concordo fortemente
[2026-05-11 14:41:57,667][__main__][INFO] - ✓ [google/gemma-3-27b-it] Temp=0.0 Rep=1 → Concordo fortemente
[2026-05-11 14:41:57,898][__main__][INFO] - ✓ [google/gemma-3-27b-it] Temp=0.0 Rep=1 → Concordo
[2026-05-11 14:41:57,912][__main__][INFO] - ✓ [google/gemma-3-27b-it] Temp=0.0 Rep=1 → Concordo
[2026-05-11 14:41:57,916][__main__][INFO] - ✓ [google/gemma-3-27b-it] Temp=0.0 Rep=1 → Concordo
[2026-05-11 14:41:57,948][__main__][INFO] - Salvamento incremental (480 novas respostas)...
[2026-05-11 14:41:57,993][__main__][INFO] - Cache salvo com 221162 entradas
[2026-05-11 14:41:57,993][__main__][INFO] - ✓ [google/gemma-3-27b-it] Temp=0.0 Rep=1 → Discordo fortemente
[2026-05-11 14:41:57,994][__main__][INFO] - ✓ [google/gemma-3-27b-it] Temp=0.0 Rep=1 → Concordo
[2026-05-11 14:41:57,996][__main__][INFO] - ✓ [google/gemma-3-27b-it] Temp=0.0 Rep=1 → Concordo
[2026-05-11 14:41:57,997][__main__][INFO] - ✓ [google/gemma-3-27b-it] Temp=0.0 Rep=1 → Concordo fortemente
[2026-05-11 14:41:58,004][__main__][INFO] - ✓ [google/gemma-3-27b-it] Temp=0.0 Rep=1 → Concordo fortemente
[2026-05-11 14:41:58,008][__main__][INFO] - ✓ [google/gemma-3-27b-it] Temp=0.0 Rep=1 → Concordo fortemente
[2026-05-11 14:41:58,052][__main__][INFO] - ✓ [google/gemma-3-27b-it] Temp=0.0 Rep=1 → Concordo fortemente
[2026-05-11 14:41:58,255][__main__][INFO] - ✓ [google/gemma-3-27b-it] Temp=0.0 Rep=1 → Concordo fortemente
[2026-05-11 14:41:58,283][__main__][INFO] - ✓ [google/gemma-3-27b-it] Temp=0.0 Rep=1 → Concordo fortemente
[2026-05-11 14:41:58,411][__main__][INFO] - ✓ [google/gemma-3-27b-it] Temp=0.0 Rep=1 → Discordo fortemente
[2026-05-11 14:41:58,413][__main__][INFO] - ✓ [google/gemma-3-27b-it] Temp=0.0 Rep=1 → Discordo fortemente
[2026-05-11 14:41:58,413][__main__][INFO] - ✓ [google/gemma-3-27b-it] Temp=0.0 Rep=1 → Discordo fortemente
[2026-05-11 14:41:58,413][__main__][INFO] - ✓ [google/gemma-3-27b-it] Temp=0.0 Rep=1 → Concordo fortemente
[2026-05-11 14:41:58,416][__main__][INFO] - ✓ [google/gemma-3-27b-it] Temp=0.0 Rep=1 → Discordo fortemente
[2026-05-11 14:41:58,418][__main__][INFO] - ✓ [google/gemma-3-27b-it] Temp=0.0 Rep=1 → Concordo fortemente
[2026-05-11 14:41:58,478][__main__][INFO] - ✓ [google/gemma-3-27b-it] Temp=0.0 Rep=1 → Concordo fortemente
[2026-05-11 14:41:58,479][__main__][INFO] - ✓ [google/gemma-3-27b-it] Temp=0.0 Rep=1 → Concordo fortemente
[2026-05-11 14:41:58,619][__main__][INFO] - ✓ [google/gemma-3-27b-it] Temp=0.0 Rep=1 → Discordo fortemente
[2026-05-11 14:41:58,621][__main__][INFO] - ✓ [google/gemma-3-27b-it] Temp=0.0 Rep=1 → Discordo fortemente
[2026-05-11 14:41:58,821][__main__][INFO] - ✓ [google/gemma-3-27b-it] Temp=0.0 Rep=1 → Discordo fortemente
[2026-05-11 14:41:58,825][__main__][INFO] - ✓ [google/gemma-3-27b-it] Temp=0.0 Rep=1 → Discordo fortemente
[2026-05-11 14:41:58,840][__main__][INFO] - ✓ [google/gemma-3-27b-it] Temp=0.0 Rep=1 → Concordo fortemente
[2026-05-11 14:41:58,937][__main__][INFO] - ✓ [google/gemma-3-27b-it] Temp=0.0 Rep=1 → Neutro
[2026-05-11 14:41:58,938][__main__][INFO] - ✓ [google/gemma-3-27b-it] Temp=0.0 Rep=1 → Concordo fortemente
[2026-05-11 14:41:58,938][__main__][INFO] - ✓ [google/gemma-3-27b-it] Temp=0.0 Rep=1 → Discordo fortemente
[2026-05-11 14:41:58,939][__main__][INFO] - ✓ [google/gemma-3-27b-it] Temp=0.0 Rep=1 → Discordo fortemente
[2026-05-11 14:41:58,956][__main__][INFO] - ✓ [google/gemma-3-27b-it] Temp=0.0 Rep=1 → Concordo fortemente
[2026-05-11 14:41:59,022][__main__][INFO] - ✓ [google/gemma-3-27b-it] Temp=0.0 Rep=1 → Discordo fortemente
[2026-05-11 14:41:59,053][__main__][INFO] - ✓ [google/gemma-3-27b-it] Temp=0.0 Rep=1 → Concordo fortemente
[2026-05-11 14:41:59,240][__main__][INFO] - ✓ [google/gemma-3-27b-it] Temp=0.0 Rep=1 → Concordo fortemente
[2026-05-11 14:41:59,253][__main__][INFO] - ✓ [google/gemma-3-27b-it] Temp=0.0 Rep=1 → Concordo fortemente
[2026-05-11 14:41:59,351][__main__][INFO] - ✓ [google/gemma-3-27b-it] Temp=0.0 Rep=1 → Concordo fortemente
[2026-05-11 14:41:59,462][__main__][INFO] - ✓ [google/gemma-3-27b-it] Temp=0.0 Rep=1 → Concordo fortemente
[2026-05-11 14:41:59,462][__main__][INFO] - ✓ [google/gemma-3-27b-it] Temp=0.0 Rep=1 → Concordo
[2026-05-11 14:41:59,466][__main__][INFO] - ✓ [google/gemma-3-27b-it] Temp=0.0 Rep=1 → Concordo fortemente
[2026-05-11 14:41:59,467][__main__][INFO] - ✓ [google/gemma-3-27b-it] Temp=0.0 Rep=1 → Discordo fortemente
[2026-05-11 14:41:59,487][__main__][INFO] - ✓ [google/gemma-3-27b-it] Temp=0.0 Rep=1 → Concordo
[2026-05-11 14:41:59,533][__main__][INFO] - ✓ [google/gemma-3-27b-it] Temp=0.0 Rep=1 → Concordo fortemente
[2026-05-11 14:41:59,655][__main__][INFO] - ✓ [google/gemma-3-27b-it] Temp=0.0 Rep=1 → Discordo fortemente
[2026-05-11 14:41:59,677][__main__][INFO] - ✓ [google/gemma-3-27b-it] Temp=0.0 Rep=1 → Concordo fortemente
[2026-05-11 14:41:59,772][__main__][INFO] - Salvamento incremental (520 novas respostas)...
[2026-05-11 14:41:59,819][__main__][INFO] - Cache salvo com 221202 entradas
[2026-05-11 14:41:59,819][__main__][INFO] - ✓ [google/gemma-3-27b-it] Temp=0.0 Rep=1 → Concordo fortemente
[2026-05-11 14:41:59,863][__main__][INFO] - ✓ [google/gemma-3-27b-it] Temp=0.0 Rep=1 → Concordo fortemente
[2026-05-11 14:41:59,985][__main__][INFO] - ✓ [google/gemma-3-27b-it] Temp=0.0 Rep=1 → Discordo fortemente
[2026-05-11 14:41:59,987][__main__][INFO] - ✓ [google/gemma-3-27b-it] Temp=0.0 Rep=1 → Concordo fortemente
[2026-05-11 14:41:59,987][__main__][INFO] - ✓ [google/gemma-3-27b-it] Temp=0.0 Rep=1 → Concordo fortemente
[2026-05-11 14:41:59,988][__main__][INFO] - ✓ [google/gemma-3-27b-it] Temp=0.0 Rep=1 → Concordo
[2026-05-11 14:41:59,988][__main__][INFO] - ✓ [google/gemma-3-27b-it] Temp=0.0 Rep=1 → Concordo fortemente
[2026-05-11 14:41:59,991][__main__][INFO] - ✓ [google/gemma-3-27b-it] Temp=0.0 Rep=1 → Concordo fortemente
[2026-05-11 14:42:00,024][__main__][INFO] - ✓ [google/gemma-3-27b-it] Temp=0.0 Rep=1 → Discordo fortemente
[2026-05-11 14:42:00,195][__main__][INFO] - ✓ [google/gemma-3-27b-it] Temp=0.0 Rep=1 → Concordo fortemente
[2026-05-11 14:42:00,224][__main__][INFO] - ✓ [google/gemma-3-27b-it] Temp=0.0 Rep=1 → Concordo fortemente
[2026-05-11 14:42:00,349][__main__][INFO] - ✓ [google/gemma-3-27b-it] Temp=0.0 Rep=1 → Discordo fortemente
[2026-05-11 14:42:00,364][__main__][INFO] - ✓ [google/gemma-3-27b-it] Temp=0.0 Rep=1 → Concordo fortemente
[2026-05-11 14:42:00,372][__main__][INFO] - ✓ [google/gemma-3-27b-it] Temp=0.0 Rep=1 → Discordo fortemente
[2026-05-11 14:42:00,374][__main__][INFO] - ✓ [google/gemma-3-27b-it] Temp=0.0 Rep=1 → Concordo fortemente
[2026-05-11 14:42:00,401][__main__][INFO] - ✓ [google/gemma-3-27b-it] Temp=0.0 Rep=1 → Concordo fortemente
[2026-05-11 14:42:00,407][__main__][INFO] - ✓ [google/gemma-3-27b-it] Temp=0.0 Rep=1 → Concordo fortemente
[2026-05-11 14:42:00,409][__main__][INFO] - ✓ [google/gemma-3-27b-it] Temp=0.0 Rep=1 → Discordo fortemente
[2026-05-11 14:42:00,521][__main__][INFO] - ✓ [google/gemma-3-27b-it] Temp=0.0 Rep=1 → Concordo fortemente
[2026-05-11 14:42:00,767][__main__][INFO] - ✓ [google/gemma-3-27b-it] Temp=0.0 Rep=1 → Concordo fortemente
[2026-05-11 14:42:00,815][__main__][INFO] - ✓ [google/gemma-3-27b-it] Temp=0.0 Rep=1 → Discordo fortemente
[2026-05-11 14:42:00,819][__main__][INFO] - ✓ [google/gemma-3-27b-it] Temp=0.0 Rep=1 → Concordo
[2026-05-11 14:42:00,843][__main__][INFO] - ✓ [google/gemma-3-27b-it] Temp=0.0 Rep=1 → Concordo fortemente
[2026-05-11 14:42:01,045][__main__][INFO] - ✓ [google/gemma-3-27b-it] Temp=0.0 Rep=1 → Concordo fortemente
[2026-05-11 14:42:01,088][__main__][INFO] - ✓ [google/gemma-3-27b-it] Temp=0.0 Rep=1 → Concordo fortemente
[2026-05-11 14:42:01,172][__main__][INFO] - ✓ [google/gemma-3-27b-it] Temp=0.0 Rep=1 → Concordo fortemente
[2026-05-11 14:42:01,210][__main__][INFO] - ✓ [google/gemma-3-27b-it] Temp=0.0 Rep=1 → Concordo fortemente
[2026-05-11 14:42:01,229][__main__][INFO] - ✓ [google/gemma-3-27b-it] Temp=0.0 Rep=1 → Concordo fortemente
[2026-05-11 14:42:01,277][__main__][INFO] - ✓ [google/gemma-3-27b-it] Temp=0.0 Rep=1 → Concordo
[2026-05-11 14:42:01,305][__main__][INFO] - ✓ [google/gemma-3-27b-it] Temp=0.0 Rep=1 → Concordo fortemente
[2026-05-11 14:42:01,448][__main__][INFO] - ✓ [google/gemma-3-27b-it] Temp=0.0 Rep=1 → Discordo fortemente
[2026-05-11 14:42:01,591][__main__][INFO] - ✓ [google/gemma-3-27b-it] Temp=0.0 Rep=1 → Concordo fortemente
[2026-05-11 14:42:01,626][__main__][INFO] - ✓ [google/gemma-3-27b-it] Temp=0.0 Rep=1 → Concordo fortemente
[2026-05-11 14:42:01,655][__main__][INFO] - ✓ [google/gemma-3-27b-it] Temp=0.0 Rep=1 → Concordo fortemente
[2026-05-11 14:42:01,760][__main__][INFO] - ✓ [google/gemma-3-27b-it] Temp=0.0 Rep=1 → Concordo fortemente
[2026-05-11 14:42:01,761][__main__][INFO] - ✓ [google/gemma-3-27b-it] Temp=0.0 Rep=1 → Concordo fortemente
[2026-05-11 14:42:01,777][__main__][INFO] - ✓ [google/gemma-3-27b-it] Temp=0.0 Rep=1 → Discordo
[2026-05-11 14:42:01,992][__main__][INFO] - ✓ [google/gemma-3-27b-it] Temp=0.0 Rep=1 → Concordo fortemente
[2026-05-11 14:42:02,083][__main__][INFO] - ✓ [google/gemma-3-27b-it] Temp=0.0 Rep=1 → Concordo fortemente
[2026-05-11 14:42:02,088][__main__][INFO] - ✓ [google/gemma-3-27b-it] Temp=0.0 Rep=1 → Concordo fortemente
[2026-05-11 14:42:02,088][__main__][INFO] - Salvamento incremental (560 novas respostas)...
[2026-05-11 14:42:02,142][__main__][INFO] - Cache salvo com 221242 entradas
[2026-05-11 14:42:02,142][__main__][INFO] - ✓ [google/gemma-3-27b-it] Temp=0.0 Rep=1 → Concordo fortemente
[2026-05-11 14:42:02,143][__main__][INFO] - ✓ [google/gemma-3-27b-it] Temp=0.0 Rep=1 → Concordo
[2026-05-11 14:42:02,146][__main__][INFO] - ✓ [google/gemma-3-27b-it] Temp=0.0 Rep=1 → Discordo fortemente
[2026-05-11 14:42:02,147][__main__][INFO] - ✓ [google/gemma-3-27b-it] Temp=0.0 Rep=1 → Concordo fortemente
[2026-05-11 14:42:02,605][__main__][INFO] - ✓ [google/gemma-3-27b-it] Temp=0.0 Rep=1 → Concordo fortemente
[2026-05-11 14:42:02,608][__main__][INFO] - ✓ [google/gemma-3-27b-it] Temp=0.0 Rep=1 → Neutro
[2026-05-11 14:42:02,610][__main__][INFO] - ✓ [google/gemma-3-27b-it] Temp=0.0 Rep=1 → Concordo fortemente
[2026-05-11 14:42:02,958][__main__][INFO] - ✓ [google/gemma-3-27b-it] Temp=0.0 Rep=1 → Neutro
[2026-05-11 14:42:02,960][__main__][INFO] - ✓ [google/gemma-3-27b-it] Temp=0.0 Rep=1 → Neutro
[2026-05-11 14:42:02,976][__main__][INFO] - ✓ [google/gemma-3-27b-it] Temp=0.0 Rep=1 → Concordo fortemente
[2026-05-11 14:42:02,983][__main__][INFO] - ✓ [google/gemma-3-27b-it] Temp=0.0 Rep=1 → Discordo fortemente
[2026-05-11 14:42:02,997][__main__][INFO] - ✓ [google/gemma-3-27b-it] Temp=0.0 Rep=1 → Discordo fortemente
[2026-05-11 14:42:03,000][__main__][INFO] - ✓ [google/gemma-3-27b-it] Temp=0.0 Rep=1 → Neutro
[2026-05-11 14:42:03,011][__main__][INFO] - ✓ [google/gemma-3-27b-it] Temp=0.0 Rep=1 → Concordo fortemente
[2026-05-11 14:42:03,012][__main__][INFO] - ✓ [google/gemma-3-27b-it] Temp=0.0 Rep=1 → Discordo fortemente
[2026-05-11 14:42:03,370][__main__][INFO] - ✓ [google/gemma-3-27b-it] Temp=0.0 Rep=1 → Discordo
[2026-05-11 14:42:03,374][__main__][INFO] - ✓ [google/gemma-3-27b-it] Temp=0.0 Rep=1 → Concordo fortemente
[2026-05-11 14:42:03,380][__main__][INFO] - ✓ [google/gemma-3-27b-it] Temp=0.0 Rep=1 → Discordo fortemente
[2026-05-11 14:42:03,382][__main__][INFO] - ✓ [google/gemma-3-27b-it] Temp=0.0 Rep=1 → Concordo fortemente
[2026-05-11 14:42:03,400][__main__][INFO] - ✓ [google/gemma-3-27b-it] Temp=0.0 Rep=1 → Concordo fortemente
[2026-05-11 14:42:03,479][__main__][INFO] - ✓ [google/gemma-3-27b-it] Temp=0.0 Rep=1 → Concordo fortemente
[2026-05-11 14:42:03,508][__main__][INFO] - ✓ [google/gemma-3-27b-it] Temp=0.0 Rep=1 → Concordo fortemente
[2026-05-11 14:42:03,510][__main__][INFO] - ✓ [google/gemma-3-27b-it] Temp=0.0 Rep=1 → Concordo fortemente
[2026-05-11 14:42:03,511][__main__][INFO] - ✓ [google/gemma-3-27b-it] Temp=0.0 Rep=1 → Concordo fortemente
[2026-05-11 14:42:03,515][__main__][INFO] - ✓ [google/gemma-3-27b-it] Temp=0.0 Rep=1 → Concordo fortemente
[2026-05-11 14:42:03,845][__main__][INFO] - ✓ [google/gemma-3-27b-it] Temp=0.0 Rep=1 → Concordo fortemente
[2026-05-11 14:42:03,877][__main__][INFO] - ✓ [google/gemma-3-27b-it] Temp=0.0 Rep=1 → Neutro
[2026-05-11 14:42:03,891][__main__][INFO] - ✓ [google/gemma-3-27b-it] Temp=0.0 Rep=1 → Concordo fortemente
[2026-05-11 14:42:03,895][__main__][INFO] - ✓ [google/gemma-3-27b-it] Temp=0.0 Rep=1 → Concordo
[2026-05-11 14:42:03,901][__main__][INFO] - ✓ [google/gemma-3-27b-it] Temp=0.0 Rep=1 → Discordo fortemente
[2026-05-11 14:42:03,903][__main__][INFO] - ✓ [google/gemma-3-27b-it] Temp=0.0 Rep=1 → Concordo
[2026-05-11 14:42:03,918][__main__][INFO] - ✓ [google/gemma-3-27b-it] Temp=0.0 Rep=1 → Discordo fortemente
[2026-05-11 14:42:03,929][__main__][INFO] - ✓ [google/gemma-3-27b-it] Temp=0.0 Rep=1 → Concordo fortemente
[2026-05-11 14:42:03,946][__main__][INFO] - ✓ [google/gemma-3-27b-it] Temp=0.0 Rep=1 → Concordo
[2026-05-11 14:42:04,236][__main__][INFO] - ✓ [google/gemma-3-27b-it] Temp=0.0 Rep=1 → Concordo fortemente
[2026-05-11 14:42:04,250][__main__][INFO] - ✓ [google/gemma-3-27b-it] Temp=0.0 Rep=1 → Concordo fortemente
[2026-05-11 14:42:04,251][__main__][INFO] - ✓ [google/gemma-3-27b-it] Temp=0.0 Rep=1 → Discordo fortemente
[2026-05-11 14:42:04,252][__main__][INFO] - ✓ [google/gemma-3-27b-it] Temp=0.0 Rep=1 → Concordo fortemente
[2026-05-11 14:42:04,283][__main__][INFO] - ✓ [google/gemma-3-27b-it] Temp=0.0 Rep=1 → Concordo fortemente
[2026-05-11 14:42:04,308][__main__][INFO] - ✓ [google/gemma-3-27b-it] Temp=0.0 Rep=1 → Concordo fortemente
[2026-05-11 14:42:04,384][__main__][INFO] - Salvamento incremental (600 novas respostas)...
[2026-05-11 14:42:04,460][__main__][INFO] - Cache salvo com 221282 entradas
[2026-05-11 14:42:04,460][__main__][INFO] - ✓ [google/gemma-3-27b-it] Temp=0.0 Rep=1 → Concordo fortemente
[2026-05-11 14:42:04,462][__main__][INFO] - ✓ [google/gemma-3-27b-it] Temp=0.0 Rep=1 → Concordo fortemente
[2026-05-11 14:42:04,463][__main__][INFO] - ✓ [google/gemma-3-27b-it] Temp=0.0 Rep=1 → Discordo fortemente
[2026-05-11 14:42:04,706][__main__][INFO] - ✓ [google/gemma-3-27b-it] Temp=0.0 Rep=1 → Neutro
[2026-05-11 14:42:04,708][__main__][INFO] - ✓ [google/gemma-3-27b-it] Temp=0.0 Rep=1 → Concordo fortemente
[2026-05-11 14:42:04,715][__main__][INFO] - ✓ [google/gemma-3-27b-it] Temp=0.0 Rep=1 → Concordo fortemente
[2026-05-11 14:42:04,809][__main__][INFO] - ✓ [google/gemma-3-27b-it] Temp=0.0 Rep=1 → Neutro
[2026-05-11 14:42:05,125][__main__][INFO] - ✓ [google/gemma-3-27b-it] Temp=0.0 Rep=1 → Concordo fortemente
[2026-05-11 14:42:05,236][__main__][INFO] - ✓ [google/gemma-3-27b-it] Temp=0.0 Rep=1 → Discordo
[2026-05-11 14:42:05,236][__main__][INFO] - ✓ [google/gemma-3-27b-it] Temp=0.0 Rep=1 → Concordo
[2026-05-11 14:42:05,236][__main__][INFO] - ✓ [google/gemma-3-27b-it] Temp=0.0 Rep=1 → Concordo fortemente
[2026-05-11 14:42:05,241][__main__][INFO] - ✓ [google/gemma-3-27b-it] Temp=0.0 Rep=1 → Concordo fortemente
[2026-05-11 14:42:05,241][__main__][INFO] - ✓ [google/gemma-3-27b-it] Temp=0.0 Rep=1 → Discordo fortemente
[2026-05-11 14:42:05,366][__main__][INFO] - ✓ [google/gemma-3-27b-it] Temp=0.0 Rep=1 → Neutro
[2026-05-11 14:42:05,416][__main__][INFO] - ✓ [google/gemma-3-27b-it] Temp=0.0 Rep=1 → Discordo fortemente
[2026-05-11 14:42:05,434][__main__][INFO] - ✓ [google/gemma-3-27b-it] Temp=0.0 Rep=1 → Concordo fortemente
[2026-05-11 14:42:05,487][__main__][INFO] - ✓ [google/gemma-3-27b-it] Temp=0.0 Rep=1 → Concordo fortemente
[2026-05-11 14:42:05,579][__main__][INFO] - ✓ [google/gemma-3-27b-it] Temp=0.0 Rep=1 → Discordo
[2026-05-11 14:42:05,580][__main__][INFO] - ✓ [google/gemma-3-27b-it] Temp=0.0 Rep=1 → Concordo
[2026-05-11 14:42:05,755][__main__][INFO] - ✓ [google/gemma-3-27b-it] Temp=0.0 Rep=1 → Discordo fortemente
[2026-05-11 14:42:05,785][__main__][INFO] - ✓ [google/gemma-3-27b-it] Temp=0.0 Rep=1 → Neutro
[2026-05-11 14:42:05,799][__main__][INFO] - ✓ [google/gemma-3-27b-it] Temp=0.0 Rep=1 → Concordo fortemente
[2026-05-11 14:42:05,827][__main__][INFO] - ✓ [google/gemma-3-27b-it] Temp=0.0 Rep=1 → Concordo fortemente
[2026-05-11 14:42:05,849][__main__][INFO] - ✓ [google/gemma-3-27b-it] Temp=0.0 Rep=1 → Discordo fortemente
[2026-05-11 14:42:05,874][__main__][INFO] - ✓ [google/gemma-3-27b-it] Temp=0.0 Rep=1 → Discordo fortemente
[2026-05-11 14:42:05,925][__main__][INFO] - ✓ [google/gemma-3-27b-it] Temp=0.0 Rep=1 → Concordo fortemente
[2026-05-11 14:42:06,276][__main__][INFO] - ✓ [google/gemma-3-27b-it] Temp=0.0 Rep=1 → Discordo fortemente
[2026-05-11 14:42:06,277][__main__][INFO] - ✓ [google/gemma-3-27b-it] Temp=0.0 Rep=1 → Concordo
[2026-05-11 14:42:06,286][__main__][INFO] - ✓ [google/gemma-3-27b-it] Temp=0.0 Rep=1 → Concordo
[2026-05-11 14:42:06,293][__main__][INFO] - ✓ [google/gemma-3-27b-it] Temp=0.0 Rep=1 → Concordo fortemente
[2026-05-11 14:42:06,363][__main__][INFO] - ✓ [google/gemma-3-27b-it] Temp=0.0 Rep=1 → Discordo fortemente
[2026-05-11 14:42:06,369][__main__][INFO] - ✓ [google/gemma-3-27b-it] Temp=0.0 Rep=1 → Discordo fortemente
[2026-05-11 14:42:06,401][__main__][INFO] - ✓ [google/gemma-3-27b-it] Temp=0.0 Rep=1 → Concordo fortemente
[2026-05-11 14:42:06,459][__main__][INFO] - ✓ [google/gemma-3-27b-it] Temp=0.0 Rep=1 → Discordo fortemente
[2026-05-11 14:42:06,801][__main__][INFO] - ✓ [google/gemma-3-27b-it] Temp=0.0 Rep=1 → Neutro
[2026-05-11 14:42:06,805][__main__][INFO] - ✓ [google/gemma-3-27b-it] Temp=0.0 Rep=1 → Neutro
[2026-05-11 14:42:06,805][__main__][INFO] - ✓ [google/gemma-3-27b-it] Temp=0.0 Rep=1 → Discordo fortemente
[2026-05-11 14:42:06,842][__main__][INFO] - ✓ [google/gemma-3-27b-it] Temp=0.0 Rep=1 → Discordo fortemente
[2026-05-11 14:42:06,865][__main__][INFO] - ✓ [google/gemma-3-27b-it] Temp=0.0 Rep=1 → Neutro
[2026-05-11 14:42:06,897][__main__][INFO] - ✓ [google/gemma-3-27b-it] Temp=0.0 Rep=1 → Discordo fortemente
[2026-05-11 14:42:06,912][__main__][INFO] - Salvamento incremental (640 novas respostas)...
[2026-05-11 14:42:06,978][__main__][INFO] - Cache salvo com 221322 entradas
[2026-05-11 14:42:06,978][__main__][INFO] - ✓ [google/gemma-3-27b-it] Temp=0.0 Rep=1 → Discordo fortemente
[2026-05-11 14:42:06,980][__main__][INFO] - ✓ [google/gemma-3-27b-it] Temp=0.0 Rep=1 → Concordo fortemente
[2026-05-11 14:42:06,980][__main__][INFO] - ✓ [google/gemma-3-27b-it] Temp=0.0 Rep=1 → Discordo fortemente
[2026-05-11 14:42:06,981][__main__][INFO] - ✓ [google/gemma-3-27b-it] Temp=0.0 Rep=1 → Concordo fortemente
[2026-05-11 14:42:07,339][__main__][INFO] - ✓ [google/gemma-3-27b-it] Temp=0.0 Rep=1 → Discordo
[2026-05-11 14:42:07,382][__main__][INFO] - ✓ [google/gemma-3-27b-it] Temp=0.0 Rep=1 → Concordo fortemente
[2026-05-11 14:42:07,445][__main__][INFO] - ✓ [google/gemma-3-27b-it] Temp=0.0 Rep=1 → Neutro
[2026-05-11 14:42:07,447][__main__][INFO] - ✓ [google/gemma-3-27b-it] Temp=0.0 Rep=1 → Neutro
[2026-05-11 14:42:07,474][__main__][INFO] - ✓ [google/gemma-3-27b-it] Temp=0.0 Rep=1 → Discordo fortemente
[2026-05-11 14:42:07,476][__main__][INFO] - ✓ [google/gemma-3-27b-it] Temp=0.0 Rep=1 → Discordo fortemente
[2026-05-11 14:42:07,505][__main__][INFO] - ✓ [google/gemma-3-27b-it] Temp=0.0 Rep=1 → Concordo fortemente
[2026-05-11 14:42:07,506][__main__][INFO] - ✓ [google/gemma-3-27b-it] Temp=0.0 Rep=1 → Concordo fortemente
[2026-05-11 14:42:07,515][__main__][INFO] - ✓ [google/gemma-3-27b-it] Temp=0.0 Rep=1 → Concordo fortemente
[2026-05-11 14:42:07,546][__main__][INFO] - ✓ [google/gemma-3-27b-it] Temp=0.0 Rep=1 → Discordo fortemente
[2026-05-11 14:42:07,901][__main__][INFO] - ✓ [google/gemma-3-27b-it] Temp=0.0 Rep=1 → Concordo
[2026-05-11 14:42:07,934][__main__][INFO] - ✓ [google/gemma-3-27b-it] Temp=0.0 Rep=1 → Concordo
[2026-05-11 14:42:08,067][__main__][INFO] - ✓ [google/gemma-3-27b-it] Temp=0.0 Rep=1 → Discordo
[2026-05-11 14:42:08,068][__main__][INFO] - ✓ [google/gemma-3-27b-it] Temp=0.0 Rep=1 → Concordo
[2026-05-11 14:42:08,093][__main__][INFO] - ✓ [google/gemma-3-27b-it] Temp=0.0 Rep=1 → Concordo
[2026-05-11 14:42:08,094][__main__][INFO] - ✓ [google/gemma-3-27b-it] Temp=0.0 Rep=1 → Concordo
[2026-05-11 14:42:08,123][__main__][INFO] - ✓ [google/gemma-3-27b-it] Temp=0.0 Rep=1 → Concordo fortemente
[2026-05-11 14:42:08,124][__main__][INFO] - ✓ [google/gemma-3-27b-it] Temp=0.0 Rep=1 → Concordo fortemente
[2026-05-11 14:42:08,237][__main__][INFO] - ✓ [google/gemma-3-27b-it] Temp=0.0 Rep=1 → Concordo
[2026-05-11 14:42:08,265][__main__][INFO] - ✓ [google/gemma-3-27b-it] Temp=0.0 Rep=1 → Discordo fortemente
[2026-05-11 14:42:08,420][__main__][INFO] - ✓ [google/gemma-3-27b-it] Temp=0.0 Rep=1 → Concordo fortemente
[2026-05-11 14:42:08,537][__main__][INFO] - ✓ [google/gemma-3-27b-it] Temp=0.0 Rep=1 → Concordo fortemente
[2026-05-11 14:42:08,585][__main__][INFO] - ✓ [google/gemma-3-27b-it] Temp=0.0 Rep=1 → Discordo fortemente
[2026-05-11 14:42:08,623][__main__][INFO] - ✓ [google/gemma-3-27b-it] Temp=0.0 Rep=1 → Concordo fortemente
[2026-05-11 14:42:08,624][__main__][INFO] - ✓ [google/gemma-3-27b-it] Temp=0.0 Rep=1 → Concordo
[2026-05-11 14:42:08,625][__main__][INFO] - ✓ [google/gemma-3-27b-it] Temp=0.0 Rep=1 → Discordo fortemente
[2026-05-11 14:42:08,627][__main__][INFO] - ✓ [google/gemma-3-27b-it] Temp=0.0 Rep=1 → Concordo fortemente
[2026-05-11 14:42:08,628][__main__][INFO] - ✓ [google/gemma-3-27b-it] Temp=0.0 Rep=1 → Concordo
[2026-05-11 14:42:08,679][__main__][INFO] - ✓ [google/gemma-3-27b-it] Temp=0.0 Rep=1 → Concordo fortemente
[2026-05-11 14:42:08,709][__main__][INFO] - ✓ [google/gemma-3-27b-it] Temp=0.0 Rep=1 → Concordo fortemente
[2026-05-11 14:42:08,952][__main__][INFO] - ✓ [google/gemma-3-27b-it] Temp=0.0 Rep=1 → Concordo
[2026-05-11 14:42:08,954][__main__][INFO] - ✓ [google/gemma-3-27b-it] Temp=0.0 Rep=1 → Neutro
[2026-05-11 14:42:09,027][__main__][INFO] - ✓ [google/gemma-3-27b-it] Temp=0.0 Rep=1 → Neutro
[2026-05-11 14:42:09,036][__main__][INFO] - ✓ [google/gemma-3-27b-it] Temp=0.0 Rep=1 → Discordo fortemente
[2026-05-11 14:42:09,058][__main__][INFO] - ✓ [google/gemma-3-27b-it] Temp=0.0 Rep=1 → Discordo fortemente
[2026-05-11 14:42:09,082][__main__][INFO] - ✓ [google/gemma-3-27b-it] Temp=0.0 Rep=1 → Discordo fortemente
[2026-05-11 14:42:09,118][__main__][INFO] - Salvamento incremental (680 novas respostas)...
[2026-05-11 14:42:09,166][__main__][INFO] - Cache salvo com 221362 entradas
[2026-05-11 14:42:09,167][__main__][INFO] - ✓ [google/gemma-3-27b-it] Temp=0.0 Rep=1 → Concordo fortemente
[2026-05-11 14:42:09,168][__main__][INFO] - ✓ [google/gemma-3-27b-it] Temp=0.0 Rep=1 → Concordo fortemente
[2026-05-11 14:42:09,422][__main__][INFO] - ✓ [google/gemma-3-27b-it] Temp=0.0 Rep=1 → Concordo
[2026-05-11 14:42:09,426][__main__][INFO] - ✓ [google/gemma-3-27b-it] Temp=0.0 Rep=1 → Neutro
[2026-05-11 14:42:09,448][__main__][INFO] - ✓ [google/gemma-3-27b-it] Temp=0.0 Rep=1 → Neutro
[2026-05-11 14:42:09,452][__main__][INFO] - ✓ [google/gemma-3-27b-it] Temp=0.0 Rep=1 → Discordo fortemente
[2026-05-11 14:42:09,527][__main__][INFO] - ✓ [google/gemma-3-27b-it] Temp=0.0 Rep=1 → Concordo fortemente
[2026-05-11 14:42:09,552][__main__][INFO] - ✓ [google/gemma-3-27b-it] Temp=0.0 Rep=1 → Concordo
[2026-05-11 14:42:09,622][__main__][INFO] - ✓ [google/gemma-3-27b-it] Temp=0.0 Rep=1 → Concordo fortemente
[2026-05-11 14:42:09,639][__main__][INFO] - ✓ [google/gemma-3-27b-it] Temp=0.0 Rep=1 → Discordo fortemente
[2026-05-11 14:42:09,950][__main__][INFO] - ✓ [google/gemma-3-27b-it] Temp=0.0 Rep=1 → Discordo fortemente
[2026-05-11 14:42:09,962][__main__][INFO] - ✓ [google/gemma-3-27b-it] Temp=0.0 Rep=1 → Concordo fortemente
[2026-05-11 14:42:09,994][__main__][INFO] - ✓ [google/gemma-3-27b-it] Temp=0.0 Rep=1 → Concordo fortemente
[2026-05-11 14:42:10,102][__main__][INFO] - ✓ [google/gemma-3-27b-it] Temp=0.0 Rep=1 → Concordo fortemente
[2026-05-11 14:42:10,165][__main__][INFO] - ✓ [google/gemma-3-27b-it] Temp=0.0 Rep=1 → Concordo
[2026-05-11 14:42:10,191][__main__][INFO] - ✓ [google/gemma-3-27b-it] Temp=0.0 Rep=1 → Concordo fortemente
[2026-05-11 14:42:10,194][__main__][INFO] - ✓ [google/gemma-3-27b-it] Temp=0.0 Rep=1 → Concordo fortemente
[2026-05-11 14:42:10,351][__main__][INFO] - ✓ [google/gemma-3-27b-it] Temp=0.0 Rep=1 → Concordo fortemente
[2026-05-11 14:42:10,354][__main__][INFO] - ✓ [google/gemma-3-27b-it] Temp=0.0 Rep=1 → Concordo fortemente
[2026-05-11 14:42:10,523][__main__][INFO] - ✓ [google/gemma-3-27b-it] Temp=0.0 Rep=1 → Discordo fortemente
[2026-05-11 14:42:10,550][__main__][INFO] - ✓ [google/gemma-3-27b-it] Temp=0.0 Rep=1 → Concordo fortemente
[2026-05-11 14:42:10,551][__main__][INFO] - ✓ [google/gemma-3-27b-it] Temp=0.0 Rep=1 → Discordo fortemente
[2026-05-11 14:42:10,632][__main__][INFO] - ✓ [google/gemma-3-27b-it] Temp=0.0 Rep=1 → Concordo fortemente
[2026-05-11 14:42:10,675][__main__][INFO] - ✓ [google/gemma-3-27b-it] Temp=0.0 Rep=1 → Concordo fortemente
[2026-05-11 14:42:10,750][__main__][INFO] - ✓ [google/gemma-3-27b-it] Temp=0.0 Rep=1 → Discordo fortemente
[2026-05-11 14:42:10,881][__main__][INFO] - ✓ [google/gemma-3-27b-it] Temp=0.0 Rep=1 → Concordo
[2026-05-11 14:42:10,995][__main__][INFO] - ✓ [google/gemma-3-27b-it] Temp=0.0 Rep=1 → Concordo fortemente
[2026-05-11 14:42:10,998][__main__][INFO] - ✓ [google/gemma-3-27b-it] Temp=0.0 Rep=1 → Discordo fortemente
[2026-05-11 14:42:11,001][__main__][INFO] - ✓ [google/gemma-3-27b-it] Temp=0.0 Rep=1 → Neutro
[2026-05-11 14:42:11,031][__main__][INFO] - ✓ [google/gemma-3-27b-it] Temp=0.0 Rep=1 → Concordo fortemente
[2026-05-11 14:42:11,067][__main__][INFO] - ✓ [google/gemma-3-27b-it] Temp=0.0 Rep=1 → Discordo fortemente
[2026-05-11 14:42:11,072][__main__][INFO] - ✓ [google/gemma-3-27b-it] Temp=0.0 Rep=1 → Neutro
[2026-05-11 14:42:11,125][__main__][INFO] - ✓ [google/gemma-3-27b-it] Temp=0.0 Rep=1 → Neutro
[2026-05-11 14:42:11,127][__main__][INFO] - ✓ [google/gemma-3-27b-it] Temp=0.0 Rep=1 → Concordo fortemente
[2026-05-11 14:42:11,149][__main__][INFO] - ✓ [google/gemma-3-27b-it] Temp=0.0 Rep=1 → Concordo fortemente
[2026-05-11 14:42:11,296][__main__][INFO] - ✓ [google/gemma-3-27b-it] Temp=0.0 Rep=1 → Discordo fortemente
[2026-05-11 14:42:11,355][__main__][INFO] - ✓ [google/gemma-3-27b-it] Temp=0.0 Rep=1 → Neutro
[2026-05-11 14:42:11,521][__main__][INFO] - ✓ [google/gemma-3-27b-it] Temp=0.0 Rep=1 → Concordo fortemente
[2026-05-11 14:42:11,522][__main__][INFO] - ✓ [google/gemma-3-27b-it] Temp=0.0 Rep=1 → Neutro
[2026-05-11 14:42:11,528][__main__][INFO] - ✓ [google/gemma-3-27b-it] Temp=0.0 Rep=1 → Neutro
[2026-05-11 14:42:11,529][__main__][INFO] - Salvamento incremental (720 novas respostas)...
[2026-05-11 14:42:11,577][__main__][INFO] - Cache salvo com 221402 entradas
[2026-05-11 14:42:11,577][__main__][INFO] - ✓ [google/gemma-3-27b-it] Temp=0.0 Rep=1 → Concordo fortemente
[2026-05-11 14:42:11,577][__main__][INFO] - ✓ [google/gemma-3-27b-it] Temp=0.0 Rep=1 → Discordo fortemente
[2026-05-11 14:42:11,578][__main__][INFO] - ✓ [google/gemma-3-27b-it] Temp=0.0 Rep=1 → Concordo fortemente
[2026-05-11 14:42:11,584][__main__][INFO] - ✓ [google/gemma-3-27b-it] Temp=0.0 Rep=1 → Discordo fortemente
[2026-05-11 14:42:11,725][__main__][INFO] - ✓ [google/gemma-3-27b-it] Temp=0.0 Rep=1 → Concordo fortemente
[2026-05-11 14:42:11,726][__main__][INFO] - ✓ [google/gemma-3-27b-it] Temp=0.0 Rep=1 → Concordo
[2026-05-11 14:42:11,778][__main__][INFO] - ✓ [google/gemma-3-27b-it] Temp=0.0 Rep=1 → Discordo fortemente
[2026-05-11 14:42:12,050][__main__][INFO] - ✓ [google/gemma-3-27b-it] Temp=0.0 Rep=1 → Concordo fortemente
[2026-05-11 14:42:12,385][__main__][INFO] - ✓ [google/gemma-3-27b-it] Temp=0.0 Rep=1 → Concordo fortemente
[2026-05-11 14:42:12,453][__main__][INFO] - ✓ [google/gemma-3-27b-it] Temp=0.0 Rep=1 → Concordo
[2026-05-11 14:42:12,752][__main__][INFO] - ✓ [google/gemma-3-27b-it] Temp=0.0 Rep=1 → Concordo fortemente
[2026-05-11 14:42:12,894][__main__][INFO] - ✓ [google/gemma-3-27b-it] Temp=0.0 Rep=1 → Discordo fortemente
[2026-05-11 14:42:12,895][__main__][INFO] - ✓ [google/gemma-3-27b-it] Temp=0.0 Rep=1 → Concordo fortemente
[2026-05-11 14:42:12,895][__main__][INFO] - ✓ [google/gemma-3-27b-it] Temp=0.0 Rep=1 → Concordo
[2026-05-11 14:42:12,897][__main__][INFO] - ✓ [google/gemma-3-27b-it] Temp=0.0 Rep=1 → Concordo fortemente
[2026-05-11 14:42:12,912][__main__][INFO] - ✓ [google/gemma-3-27b-it] Temp=0.0 Rep=1 → Concordo fortemente
[2026-05-11 14:42:12,964][__main__][INFO] - ✓ [google/gemma-3-27b-it] Temp=0.0 Rep=1 → Discordo fortemente
[2026-05-11 14:42:13,018][__main__][INFO] - ✓ [google/gemma-3-27b-it] Temp=0.0 Rep=1 → Concordo fortemente
[2026-05-11 14:42:13,044][__main__][INFO] - ✓ [google/gemma-3-27b-it] Temp=0.0 Rep=1 → Concordo fortemente
[2026-05-11 14:42:13,181][__main__][INFO] - ✓ [google/gemma-3-27b-it] Temp=0.0 Rep=1 → Discordo fortemente
[2026-05-11 14:42:13,247][__main__][INFO] - ✓ [google/gemma-3-27b-it] Temp=0.0 Rep=1 → Neutro
[2026-05-11 14:42:13,262][__main__][INFO] - ✓ [google/gemma-3-27b-it] Temp=0.0 Rep=1 → Discordo fortemente
[2026-05-11 14:42:13,275][__main__][INFO] - ✓ [google/gemma-3-27b-it] Temp=0.0 Rep=1 → Discordo fortemente
[2026-05-11 14:42:13,300][__main__][INFO] - ✓ [google/gemma-3-27b-it] Temp=0.0 Rep=1 → Concordo fortemente
[2026-05-11 14:42:13,418][__main__][INFO] - ✓ [google/gemma-3-27b-it] Temp=0.0 Rep=1 → Discordo fortemente
[2026-05-11 14:42:13,422][__main__][INFO] - ✓ [google/gemma-3-27b-it] Temp=0.0 Rep=1 → Concordo fortemente
[2026-05-11 14:42:13,422][__main__][INFO] - ✓ [google/gemma-3-27b-it] Temp=0.0 Rep=1 → Neutro
[2026-05-11 14:42:13,468][__main__][INFO] - ✓ [google/gemma-3-27b-it] Temp=0.0 Rep=1 → Concordo fortemente
[2026-05-11 14:42:13,959][__main__][INFO] - ✓ [google/gemma-3-27b-it] Temp=0.0 Rep=1 → Neutro
[2026-05-11 14:42:13,988][__main__][INFO] - ✓ [google/gemma-3-27b-it] Temp=0.0 Rep=1 → Discordo fortemente
[2026-05-11 14:42:14,031][__main__][INFO] - ✓ [google/gemma-3-27b-it] Temp=0.0 Rep=1 → Concordo
[2026-05-11 14:42:14,048][__main__][INFO] - ✓ [google/gemma-3-27b-it] Temp=0.0 Rep=1 → Discordo fortemente
[2026-05-11 14:42:14,051][__main__][INFO] - ✓ [google/gemma-3-27b-it] Temp=0.0 Rep=1 → Concordo fortemente
[2026-05-11 14:42:14,052][__main__][INFO] - ✓ [google/gemma-3-27b-it] Temp=0.0 Rep=1 → Concordo fortemente
[2026-05-11 14:42:14,100][__main__][INFO] - ✓ [google/gemma-3-27b-it] Temp=0.0 Rep=1 → Neutro
[2026-05-11 14:42:14,102][__main__][INFO] - ✓ [google/gemma-3-27b-it] Temp=0.0 Rep=1 → Discordo fortemente
[2026-05-11 14:42:14,126][__main__][INFO] - ✓ [google/gemma-3-27b-it] Temp=0.0 Rep=1 → Concordo
[2026-05-11 14:42:14,152][__main__][INFO] - ✓ [google/gemma-3-27b-it] Temp=0.0 Rep=1 → Concordo fortemente
[2026-05-11 14:42:14,468][__main__][INFO] - ✓ [google/gemma-3-27b-it] Temp=0.0 Rep=1 → Concordo
[2026-05-11 14:42:14,472][__main__][INFO] - ✓ [google/gemma-3-27b-it] Temp=0.0 Rep=1 → Concordo fortemente
[2026-05-11 14:42:14,472][__main__][INFO] - Salvamento incremental (760 novas respostas)...
[2026-05-11 14:42:14,525][__main__][INFO] - Cache salvo com 221442 entradas
[2026-05-11 14:42:14,525][__main__][INFO] - ✓ [google/gemma-3-27b-it] Temp=0.0 Rep=1 → Concordo
[2026-05-11 14:42:14,526][__main__][INFO] - ✓ [google/gemma-3-27b-it] Temp=0.0 Rep=1 → Concordo
[2026-05-11 14:42:14,526][__main__][INFO] - ✓ [google/gemma-3-27b-it] Temp=0.0 Rep=1 → Concordo
[2026-05-11 14:42:14,536][__main__][INFO] - ✓ [google/gemma-3-27b-it] Temp=0.0 Rep=1 → Concordo
[2026-05-11 14:42:14,540][__main__][INFO] - ✓ [google/gemma-3-27b-it] Temp=0.0 Rep=1 → Discordo fortemente
[2026-05-11 14:42:14,610][__main__][INFO] - ✓ [google/gemma-3-27b-it] Temp=0.0 Rep=1 → Concordo fortemente
[2026-05-11 14:42:14,623][__main__][INFO] - ✓ [google/gemma-3-27b-it] Temp=0.0 Rep=1 → Concordo fortemente
[2026-05-11 14:42:15,064][__main__][INFO] - ✓ [google/gemma-3-27b-it] Temp=0.0 Rep=1 → Concordo
[2026-05-11 14:42:15,064][__main__][INFO] - ✓ [google/gemma-3-27b-it] Temp=0.0 Rep=1 → Neutro
[2026-05-11 14:42:15,071][__main__][INFO] - ✓ [google/gemma-3-27b-it] Temp=0.0 Rep=1 → Concordo
[2026-05-11 14:42:15,073][__main__][INFO] - ✓ [google/gemma-3-27b-it] Temp=0.0 Rep=1 → Concordo
[2026-05-11 14:42:15,095][__main__][INFO] - ✓ [google/gemma-3-27b-it] Temp=0.0 Rep=1 → Concordo
[2026-05-11 14:42:15,097][__main__][INFO] - ✓ [google/gemma-3-27b-it] Temp=0.0 Rep=1 → Discordo fortemente
[2026-05-11 14:42:15,119][__main__][INFO] - ✓ [google/gemma-3-27b-it] Temp=0.0 Rep=1 → Concordo fortemente
[2026-05-11 14:42:15,240][__main__][INFO] - ✓ [google/gemma-3-27b-it] Temp=0.0 Rep=1 → Concordo fortemente
[2026-05-11 14:42:15,258][__main__][INFO] - ✓ [google/gemma-3-27b-it] Temp=0.0 Rep=1 → Concordo fortemente
[2026-05-11 14:42:15,264][__main__][INFO] - ✓ [google/gemma-3-27b-it] Temp=0.0 Rep=1 → Concordo fortemente
[2026-05-11 14:42:15,541][__main__][INFO] - ✓ [google/gemma-3-27b-it] Temp=0.0 Rep=1 → Discordo
[2026-05-11 14:42:15,578][__main__][INFO] - ✓ [google/gemma-3-27b-it] Temp=0.0 Rep=1 → Neutro
[2026-05-11 14:42:15,597][__main__][INFO] - ✓ [google/gemma-3-27b-it] Temp=0.0 Rep=1 → Discordo fortemente
[2026-05-11 14:42:15,647][__main__][INFO] - ✓ [google/gemma-3-27b-it] Temp=0.0 Rep=1 → Concordo
[2026-05-11 14:42:15,649][__main__][INFO] - ✓ [google/gemma-3-27b-it] Temp=0.0 Rep=1 → Concordo fortemente
[2026-05-11 14:42:15,675][__main__][INFO] - ✓ [google/gemma-3-27b-it] Temp=0.0 Rep=1 → Discordo fortemente
[2026-05-11 14:42:15,679][__main__][INFO] - ✓ [google/gemma-3-27b-it] Temp=0.0 Rep=1 → Concordo
[2026-05-11 14:42:15,726][__main__][INFO] - ✓ [google/gemma-3-27b-it] Temp=0.0 Rep=1 → Neutro
[2026-05-11 14:42:15,727][__main__][INFO] - ✓ [google/gemma-3-27b-it] Temp=0.0 Rep=1 → Neutro
[2026-05-11 14:42:15,782][__main__][INFO] - ✓ [google/gemma-3-27b-it] Temp=0.0 Rep=1 → Concordo fortemente
[2026-05-11 14:42:15,912][__main__][INFO] - ✓ [google/gemma-3-27b-it] Temp=0.0 Rep=1 → Neutro
[2026-05-11 14:42:16,038][__main__][INFO] - ✓ [google/gemma-3-27b-it] Temp=0.0 Rep=1 → Discordo fortemente
[2026-05-11 14:42:16,039][__main__][INFO] - ✓ [google/gemma-3-27b-it] Temp=0.0 Rep=1 → Concordo fortemente
[2026-05-11 14:42:16,065][__main__][INFO] - ✓ [google/gemma-3-27b-it] Temp=0.0 Rep=1 → Concordo fortemente
[2026-05-11 14:42:16,081][__main__][INFO] - ✓ [google/gemma-3-27b-it] Temp=0.0 Rep=1 → Concordo fortemente
[2026-05-11 14:42:16,085][__main__][INFO] - ✓ [google/gemma-3-27b-it] Temp=0.0 Rep=1 → Discordo fortemente
[2026-05-11 14:42:16,115][__main__][INFO] - ✓ [google/gemma-3-27b-it] Temp=0.0 Rep=1 → Neutro
[2026-05-11 14:42:16,123][__main__][INFO] - ✓ [google/gemma-3-27b-it] Temp=0.0 Rep=1 → Concordo fortemente
[2026-05-11 14:42:16,154][__main__][INFO] - ✓ [google/gemma-3-27b-it] Temp=0.0 Rep=1 → Discordo fortemente
[2026-05-11 14:42:16,256][__main__][INFO] - ✓ [google/gemma-3-27b-it] Temp=0.0 Rep=1 → Concordo
[2026-05-11 14:42:16,306][__main__][INFO] - ✓ [google/gemma-3-27b-it] Temp=0.0 Rep=1 → Concordo
[2026-05-11 14:42:16,563][__main__][INFO] - ✓ [google/gemma-3-27b-it] Temp=0.0 Rep=1 → Concordo fortemente
[2026-05-11 14:42:16,573][__main__][INFO] - ✓ [google/gemma-3-27b-it] Temp=0.0 Rep=1 → Concordo fortemente
[2026-05-11 14:42:16,615][__main__][INFO] - Salvamento incremental (800 novas respostas)...
[2026-05-11 14:42:16,668][__main__][INFO] - Cache salvo com 221482 entradas
[2026-05-11 14:42:16,668][__main__][INFO] - ✓ [google/gemma-3-27b-it] Temp=0.0 Rep=1 → Concordo fortemente
[2026-05-11 14:42:16,670][__main__][INFO] - ✓ [google/gemma-3-27b-it] Temp=0.0 Rep=1 → Discordo fortemente
[2026-05-11 14:42:16,672][__main__][INFO] - ✓ [google/gemma-3-27b-it] Temp=0.0 Rep=1 → Discordo fortemente
[2026-05-11 14:42:16,700][__main__][INFO] - ✓ [google/gemma-3-27b-it] Temp=0.0 Rep=1 → Discordo
[2026-05-11 14:42:16,705][__main__][INFO] - ✓ [google/gemma-3-27b-it] Temp=0.0 Rep=1 → Discordo fortemente
[2026-05-11 14:42:16,706][__main__][INFO] - ✓ [google/gemma-3-27b-it] Temp=0.0 Rep=1 → Concordo fortemente
[2026-05-11 14:42:16,711][__main__][INFO] - ✓ [google/gemma-3-27b-it] Temp=0.0 Rep=1 → Concordo fortemente
[2026-05-11 14:42:17,096][__main__][INFO] - ✓ [google/gemma-3-27b-it] Temp=0.0 Rep=1 → Neutro
[2026-05-11 14:42:17,148][__main__][INFO] - ✓ [google/gemma-3-27b-it] Temp=0.0 Rep=1 → Discordo fortemente
[2026-05-11 14:42:17,166][__main__][INFO] - ✓ [google/gemma-3-27b-it] Temp=0.0 Rep=1 → Concordo fortemente
[2026-05-11 14:42:17,178][__main__][INFO] - ✓ [google/gemma-3-27b-it] Temp=0.0 Rep=1 → Discordo fortemente
[2026-05-11 14:42:17,179][__main__][INFO] - ✓ [google/gemma-3-27b-it] Temp=0.0 Rep=1 → Concordo fortemente
[2026-05-11 14:42:17,209][__main__][INFO] - ✓ [google/gemma-3-27b-it] Temp=0.0 Rep=1 → Discordo fortemente
[2026-05-11 14:42:17,211][__main__][INFO] - ✓ [google/gemma-3-27b-it] Temp=0.0 Rep=1 → Discordo fortemente
[2026-05-11 14:42:17,216][__main__][INFO] - ✓ [google/gemma-3-27b-it] Temp=0.0 Rep=1 → Discordo fortemente
[2026-05-11 14:42:17,297][__main__][INFO] - ✓ [google/gemma-3-27b-it] Temp=0.0 Rep=1 → Concordo fortemente
[2026-05-11 14:42:17,322][__main__][INFO] - ✓ [google/gemma-3-27b-it] Temp=0.0 Rep=1 → Concordo fortemente
[2026-05-11 14:42:17,608][__main__][INFO] - ✓ [google/gemma-3-27b-it] Temp=0.0 Rep=1 → Discordo fortemente
[2026-05-11 14:42:17,609][__main__][INFO] - ✓ [google/gemma-3-27b-it] Temp=0.0 Rep=1 → Neutro
[2026-05-11 14:42:17,651][__main__][INFO] - ✓ [google/gemma-3-27b-it] Temp=0.0 Rep=1 → Neutro
[2026-05-11 14:42:17,654][__main__][INFO] - ✓ [google/gemma-3-27b-it] Temp=0.0 Rep=1 → Concordo fortemente
[2026-05-11 14:42:17,681][__main__][INFO] - ✓ [google/gemma-3-27b-it] Temp=0.0 Rep=1 → Concordo
[2026-05-11 14:42:17,797][__main__][INFO] - ✓ [google/gemma-3-27b-it] Temp=0.0 Rep=1 → Concordo fortemente
[2026-05-11 14:42:17,809][__main__][INFO] - ✓ [google/gemma-3-27b-it] Temp=0.0 Rep=1 → Concordo fortemente
[2026-05-11 14:42:18,011][__main__][INFO] - ✓ [google/gemma-3-27b-it] Temp=0.0 Rep=1 → Neutro
[2026-05-11 14:42:18,141][__main__][INFO] - ✓ [google/gemma-3-27b-it] Temp=0.0 Rep=1 → Neutro
[2026-05-11 14:42:18,143][__main__][INFO] - ✓ [google/gemma-3-27b-it] Temp=0.0 Rep=1 → Discordo fortemente
[2026-05-11 14:42:18,143][__main__][INFO] - ✓ [google/gemma-3-27b-it] Temp=0.0 Rep=1 → Discordo fortemente
[2026-05-11 14:42:18,143][__main__][INFO] - ✓ [google/gemma-3-27b-it] Temp=0.0 Rep=1 → Concordo fortemente
[2026-05-11 14:42:18,182][__main__][INFO] - ✓ [google/gemma-3-27b-it] Temp=0.0 Rep=1 → Concordo fortemente
[2026-05-11 14:42:18,224][__main__][INFO] - ✓ [google/gemma-3-27b-it] Temp=0.0 Rep=1 → Concordo fortemente
[2026-05-11 14:42:18,382][__main__][INFO] - ✓ [google/gemma-3-27b-it] Temp=0.0 Rep=1 → Concordo fortemente
[2026-05-11 14:42:18,484][__main__][INFO] - ✓ [google/gemma-3-27b-it] Temp=0.0 Rep=1 → Concordo fortemente
[2026-05-11 14:42:18,506][__main__][INFO] - ✓ [google/gemma-3-27b-it] Temp=0.0 Rep=1 → Concordo fortemente
[2026-05-11 14:42:18,511][__main__][INFO] - ✓ [google/gemma-3-27b-it] Temp=0.0 Rep=1 → Discordo fortemente
[2026-05-11 14:42:18,512][__main__][INFO] - ✓ [google/gemma-3-27b-it] Temp=0.0 Rep=1 → Discordo fortemente
[2026-05-11 14:42:18,656][__main__][INFO] - ✓ [google/gemma-3-27b-it] Temp=0.0 Rep=1 → Concordo fortemente
[2026-05-11 14:42:18,661][__main__][INFO] - ✓ [google/gemma-3-27b-it] Temp=0.0 Rep=1 → Concordo fortemente
[2026-05-11 14:42:18,665][__main__][INFO] - ✓ [google/gemma-3-27b-it] Temp=0.0 Rep=1 → Concordo fortemente
[2026-05-11 14:42:18,999][__main__][INFO] - ✓ [google/gemma-3-27b-it] Temp=0.0 Rep=1 → Concordo fortemente
[2026-05-11 14:42:19,026][__main__][INFO] - Salvamento incremental (840 novas respostas)...
[2026-05-11 14:42:19,074][__main__][INFO] - Cache salvo com 221522 entradas
[2026-05-11 14:42:19,074][__main__][INFO] - ✓ [google/gemma-3-27b-it] Temp=0.0 Rep=1 → Concordo fortemente
[2026-05-11 14:42:19,077][__main__][INFO] - ✓ [google/gemma-3-27b-it] Temp=0.0 Rep=1 → Concordo
[2026-05-11 14:42:19,077][__main__][INFO] - ✓ [google/gemma-3-27b-it] Temp=0.0 Rep=1 → Concordo fortemente
[2026-05-11 14:42:19,081][__main__][INFO] - ✓ [google/gemma-3-27b-it] Temp=0.0 Rep=1 → Concordo fortemente
[2026-05-11 14:42:19,081][__main__][INFO] - ✓ [google/gemma-3-27b-it] Temp=0.0 Rep=1 → Concordo fortemente
[2026-05-11 14:42:19,082][__main__][INFO] - ✓ [google/gemma-3-27b-it] Temp=0.0 Rep=1 → Concordo
[2026-05-11 14:42:19,181][__main__][INFO] - ✓ [google/gemma-3-27b-it] Temp=0.0 Rep=1 → Concordo fortemente
[2026-05-11 14:42:19,447][__main__][INFO] - ✓ [google/gemma-3-27b-it] Temp=0.0 Rep=1 → Discordo fortemente
[2026-05-11 14:42:19,488][__main__][INFO] - ✓ [google/gemma-3-27b-it] Temp=0.0 Rep=1 → Neutro
[2026-05-11 14:42:19,520][__main__][INFO] - ✓ [google/gemma-3-27b-it] Temp=0.0 Rep=1 → Concordo fortemente
[2026-05-11 14:42:19,550][__main__][INFO] - ✓ [google/gemma-3-27b-it] Temp=0.0 Rep=1 → Concordo fortemente
[2026-05-11 14:42:19,599][__main__][INFO] - ✓ [google/gemma-3-27b-it] Temp=0.0 Rep=1 → Concordo fortemente
[2026-05-11 14:42:19,710][__main__][INFO] - ✓ [google/gemma-3-27b-it] Temp=0.0 Rep=1 → Concordo fortemente
[2026-05-11 14:42:19,712][__main__][INFO] - ✓ [google/gemma-3-27b-it] Temp=0.0 Rep=1 → Concordo fortemente
[2026-05-11 14:42:19,723][__main__][INFO] - ✓ [google/gemma-3-27b-it] Temp=0.0 Rep=1 → Neutro
[2026-05-11 14:42:19,820][__main__][INFO] - ✓ [google/gemma-3-27b-it] Temp=0.0 Rep=1 → Neutro
[2026-05-11 14:42:19,836][__main__][INFO] - ✓ [google/gemma-3-27b-it] Temp=0.0 Rep=1 → Concordo fortemente
[2026-05-11 14:42:19,843][__main__][INFO] - ✓ [google/gemma-3-27b-it] Temp=0.0 Rep=1 → Discordo fortemente
[2026-05-11 14:42:19,856][__main__][INFO] - ✓ [google/gemma-3-27b-it] Temp=0.0 Rep=1 → Concordo fortemente
[2026-05-11 14:42:19,972][__main__][INFO] - ✓ [google/gemma-3-27b-it] Temp=0.0 Rep=1 → Neutro
[2026-05-11 14:42:20,021][__main__][INFO] - ✓ [google/gemma-3-27b-it] Temp=0.0 Rep=1 → Concordo fortemente
[2026-05-11 14:42:20,022][__main__][INFO] - ✓ [google/gemma-3-27b-it] Temp=0.0 Rep=1 → Concordo fortemente
[2026-05-11 14:42:20,246][__main__][INFO] - ✓ [google/gemma-3-27b-it] Temp=0.0 Rep=1 → Neutro
[2026-05-11 14:42:20,310][__main__][INFO] - ✓ [google/gemma-3-27b-it] Temp=0.0 Rep=1 → Concordo fortemente
[2026-05-11 14:42:20,321][__main__][INFO] - ✓ [google/gemma-3-27b-it] Temp=0.0 Rep=1 → Concordo fortemente
[2026-05-11 14:42:20,366][__main__][INFO] - ✓ [google/gemma-3-27b-it] Temp=0.0 Rep=1 → Concordo fortemente
[2026-05-11 14:42:20,391][__main__][INFO] - ✓ [google/gemma-3-27b-it] Temp=0.0 Rep=1 → Discordo fortemente
[2026-05-11 14:42:20,416][__main__][INFO] - ✓ [google/gemma-3-27b-it] Temp=0.0 Rep=1 → Concordo fortemente
[2026-05-11 14:42:20,444][__main__][INFO] - ✓ [google/gemma-3-27b-it] Temp=0.0 Rep=1 → Neutro
[2026-05-11 14:42:20,462][__main__][INFO] - ✓ [google/gemma-3-27b-it] Temp=0.0 Rep=1 → Concordo fortemente
[2026-05-11 14:42:20,469][__main__][INFO] - ✓ [google/gemma-3-27b-it] Temp=0.0 Rep=1 → Concordo fortemente
[2026-05-11 14:42:20,621][__main__][INFO] - ✓ [google/gemma-3-27b-it] Temp=0.0 Rep=1 → Concordo fortemente
[2026-05-11 14:42:20,763][__main__][INFO] - ✓ [google/gemma-3-27b-it] Temp=0.0 Rep=1 → Concordo fortemente
[2026-05-11 14:42:20,787][__main__][INFO] - ✓ [google/gemma-3-27b-it] Temp=0.0 Rep=1 → Concordo fortemente
[2026-05-11 14:42:20,811][__main__][INFO] - ✓ [google/gemma-3-27b-it] Temp=0.0 Rep=1 → Concordo fortemente
[2026-05-11 14:42:20,851][__main__][INFO] - ✓ [google/gemma-3-27b-it] Temp=0.0 Rep=1 → Concordo fortemente
[2026-05-11 14:42:20,903][__main__][INFO] - ✓ [google/gemma-3-27b-it] Temp=0.0 Rep=1 → Concordo fortemente
[2026-05-11 14:42:20,912][__main__][INFO] - ✓ [google/gemma-3-27b-it] Temp=0.0 Rep=1 → Concordo fortemente
[2026-05-11 14:42:20,932][__main__][INFO] - ✓ [google/gemma-3-27b-it] Temp=0.0 Rep=1 → Concordo fortemente
[2026-05-11 14:42:20,934][__main__][INFO] - ✓ [google/gemma-3-27b-it] Temp=0.0 Rep=1 → Concordo fortemente
[2026-05-11 14:42:20,993][__main__][INFO] - Salvamento incremental (880 novas respostas)...
[2026-05-11 14:42:21,088][__main__][INFO] - Cache salvo com 221562 entradas
[2026-05-11 14:42:21,089][__main__][INFO] - ✓ [google/gemma-3-27b-it] Temp=0.0 Rep=1 → Discordo fortemente
[2026-05-11 14:42:21,090][__main__][INFO] - ✓ [google/gemma-3-27b-it] Temp=0.0 Rep=1 → Concordo fortemente
[2026-05-11 14:42:21,294][__main__][INFO] - ✓ [google/gemma-3-27b-it] Temp=0.0 Rep=1 → Concordo fortemente
[2026-05-11 14:42:21,322][__main__][INFO] - ✓ [google/gemma-3-27b-it] Temp=0.0 Rep=1 → Concordo fortemente
[2026-05-11 14:42:21,349][__main__][INFO] - ✓ [google/gemma-3-27b-it] Temp=0.0 Rep=1 → Concordo fortemente
[2026-05-11 14:42:21,450][__main__][INFO] - ✓ [google/gemma-3-27b-it] Temp=0.0 Rep=1 → Concordo fortemente
[2026-05-11 14:42:21,455][__main__][INFO] - ✓ [google/gemma-3-27b-it] Temp=0.0 Rep=1 → Concordo fortemente
[2026-05-11 14:42:21,523][__main__][INFO] - ✓ [google/gemma-3-27b-it] Temp=0.0 Rep=1 → Concordo fortemente
[2026-05-11 14:42:21,525][__main__][INFO] - ✓ [google/gemma-3-27b-it] Temp=0.0 Rep=1 → Discordo fortemente
[2026-05-11 14:42:21,557][__main__][INFO] - ✓ [google/gemma-3-27b-it] Temp=0.0 Rep=1 → Concordo fortemente
[2026-05-11 14:42:21,559][__main__][INFO] - ✓ [google/gemma-3-27b-it] Temp=0.0 Rep=1 → Concordo fortemente
[2026-05-11 14:42:21,687][__main__][INFO] - ✓ [google/gemma-3-27b-it] Temp=0.0 Rep=1 → Discordo fortemente
[2026-05-11 14:42:21,920][__main__][INFO] - ✓ [google/gemma-3-27b-it] Temp=0.0 Rep=1 → Neutro
[2026-05-11 14:42:21,943][__main__][INFO] - ✓ [google/gemma-3-27b-it] Temp=0.0 Rep=1 → Concordo
[2026-05-11 14:42:21,955][__main__][INFO] - ✓ [google/gemma-3-27b-it] Temp=0.0 Rep=1 → Neutro
[2026-05-11 14:42:21,957][__main__][INFO] - ✓ [google/gemma-3-27b-it] Temp=0.0 Rep=1 → Neutro
[2026-05-11 14:42:21,985][__main__][INFO] - ✓ [google/gemma-3-27b-it] Temp=0.0 Rep=1 → Concordo fortemente
[2026-05-11 14:42:22,008][__main__][INFO] - ✓ [google/gemma-3-27b-it] Temp=0.0 Rep=1 → Concordo
[2026-05-11 14:42:22,037][__main__][INFO] - ✓ [google/gemma-3-27b-it] Temp=0.0 Rep=1 → Concordo
[2026-05-11 14:42:22,042][__main__][INFO] - ✓ [google/gemma-3-27b-it] Temp=0.0 Rep=1 → Concordo fortemente
[2026-05-11 14:42:22,331][__main__][INFO] - ✓ [google/gemma-3-27b-it] Temp=0.0 Rep=1 → Discordo fortemente
[2026-05-11 14:42:22,335][__main__][INFO] - ✓ [google/gemma-3-27b-it] Temp=0.0 Rep=1 → Concordo fortemente
[2026-05-11 14:42:22,463][__main__][INFO] - ✓ [google/gemma-3-27b-it] Temp=0.0 Rep=1 → Concordo fortemente
[2026-05-11 14:42:22,589][__main__][INFO] - ✓ [google/gemma-3-27b-it] Temp=0.0 Rep=1 → Concordo
[2026-05-11 14:42:22,599][__main__][INFO] - ✓ [google/gemma-3-27b-it] Temp=0.0 Rep=1 → Discordo fortemente
[2026-05-11 14:42:22,616][__main__][INFO] - ✓ [google/gemma-3-27b-it] Temp=0.0 Rep=1 → Concordo fortemente
[2026-05-11 14:42:22,631][__main__][INFO] - ✓ [google/gemma-3-27b-it] Temp=0.0 Rep=1 → Concordo fortemente
[2026-05-11 14:42:22,726][__main__][INFO] - ✓ [google/gemma-3-27b-it] Temp=0.0 Rep=1 → Concordo fortemente
[2026-05-11 14:42:22,855][__main__][INFO] - ✓ [google/gemma-3-27b-it] Temp=0.0 Rep=1 → Neutro
[2026-05-11 14:42:22,865][__main__][INFO] - ✓ [google/gemma-3-27b-it] Temp=0.0 Rep=1 → Discordo fortemente
[2026-05-11 14:42:22,867][__main__][INFO] - ✓ [google/gemma-3-27b-it] Temp=0.0 Rep=1 → Concordo fortemente
[2026-05-11 14:42:22,919][__main__][INFO] - ✓ [google/gemma-3-27b-it] Temp=0.0 Rep=1 → Concordo fortemente
[2026-05-11 14:42:22,950][__main__][INFO] - ✓ [google/gemma-3-27b-it] Temp=0.0 Rep=1 → Discordo fortemente
[2026-05-11 14:42:23,061][__main__][INFO] - ✓ [google/gemma-3-27b-it] Temp=0.0 Rep=1 → Discordo fortemente
[2026-05-11 14:42:23,089][__main__][INFO] - ✓ [google/gemma-3-27b-it] Temp=0.0 Rep=1 → Discordo fortemente
[2026-05-11 14:42:23,114][__main__][INFO] - ✓ [google/gemma-3-27b-it] Temp=0.0 Rep=1 → Concordo fortemente
[2026-05-11 14:42:23,120][__main__][INFO] - ✓ [google/gemma-3-27b-it] Temp=0.0 Rep=1 → Concordo fortemente
[2026-05-11 14:42:23,275][__main__][INFO] - ✓ [google/gemma-3-27b-it] Temp=0.0 Rep=1 → Discordo fortemente
[2026-05-11 14:42:23,380][__main__][INFO] - ✓ [google/gemma-3-27b-it] Temp=0.0 Rep=1 → Discordo fortemente
[2026-05-11 14:42:23,381][__main__][INFO] - ✓ [google/gemma-3-27b-it] Temp=0.0 Rep=1 → Concordo fortemente
[2026-05-11 14:42:23,501][__main__][INFO] - Salvamento incremental (920 novas respostas)...
[2026-05-11 14:42:23,561][__main__][INFO] - Cache salvo com 221602 entradas
[2026-05-11 14:42:23,561][__main__][INFO] - ✓ [google/gemma-3-27b-it] Temp=0.0 Rep=1 → Discordo fortemente
[2026-05-11 14:42:23,563][__main__][INFO] - ✓ [google/gemma-3-27b-it] Temp=0.0 Rep=1 → Concordo fortemente
[2026-05-11 14:42:23,563][__main__][INFO] - ✓ [google/gemma-3-27b-it] Temp=0.0 Rep=1 → Concordo
[2026-05-11 14:42:23,563][__main__][INFO] - ✓ [google/gemma-3-27b-it] Temp=0.0 Rep=1 → Neutro
[2026-05-11 14:42:23,601][__main__][INFO] - ✓ [google/gemma-3-27b-it] Temp=0.0 Rep=1 → Neutro
[2026-05-11 14:42:23,902][__main__][INFO] - ✓ [google/gemma-3-27b-it] Temp=0.0 Rep=1 → Concordo fortemente
[2026-05-11 14:42:23,953][__main__][INFO] - ✓ [google/gemma-3-27b-it] Temp=0.0 Rep=1 → Neutro
[2026-05-11 14:42:24,033][__main__][INFO] - ✓ [google/gemma-3-27b-it] Temp=0.0 Rep=1 → Discordo fortemente
[2026-05-11 14:42:24,048][__main__][INFO] - ✓ [google/gemma-3-27b-it] Temp=0.0 Rep=1 → Discordo fortemente
[2026-05-11 14:42:24,074][__main__][INFO] - ✓ [google/gemma-3-27b-it] Temp=0.0 Rep=1 → Concordo fortemente
[2026-05-11 14:42:24,077][__main__][INFO] - ✓ [google/gemma-3-27b-it] Temp=0.0 Rep=1 → Neutro
[2026-05-11 14:42:24,131][__main__][INFO] - ✓ [google/gemma-3-27b-it] Temp=0.0 Rep=1 → Concordo fortemente
[2026-05-11 14:42:24,244][__main__][INFO] - ✓ [google/gemma-3-27b-it] Temp=0.0 Rep=1 → Concordo fortemente
[2026-05-11 14:42:24,445][__main__][INFO] - ✓ [google/gemma-3-27b-it] Temp=0.0 Rep=1 → Concordo fortemente
[2026-05-11 14:42:24,448][__main__][INFO] - ✓ [google/gemma-3-27b-it] Temp=0.0 Rep=1 → Discordo
[2026-05-11 14:42:24,516][__main__][INFO] - ✓ [google/gemma-3-27b-it] Temp=0.0 Rep=1 → Discordo fortemente
[2026-05-11 14:42:24,581][__main__][INFO] - ✓ [google/gemma-3-27b-it] Temp=0.0 Rep=1 → Concordo fortemente
[2026-05-11 14:42:24,591][__main__][INFO] - ✓ [google/gemma-3-27b-it] Temp=0.0 Rep=1 → Discordo fortemente
[2026-05-11 14:42:24,618][__main__][INFO] - ✓ [google/gemma-3-27b-it] Temp=0.0 Rep=1 → Concordo fortemente
[2026-05-11 14:42:24,644][__main__][INFO] - ✓ [google/gemma-3-27b-it] Temp=0.0 Rep=1 → Concordo fortemente
[2026-05-11 14:42:24,652][__main__][INFO] - ✓ [google/gemma-3-27b-it] Temp=0.0 Rep=1 → Neutro
[2026-05-11 14:42:24,724][__main__][INFO] - ✓ [google/gemma-3-27b-it] Temp=0.0 Rep=1 → Discordo fortemente
[2026-05-11 14:42:24,756][__main__][INFO] - ✓ [google/gemma-3-27b-it] Temp=0.0 Rep=1 → Concordo fortemente
[2026-05-11 14:42:25,205][__main__][INFO] - ✓ [google/gemma-3-27b-it] Temp=0.0 Rep=1 → Discordo fortemente
[2026-05-11 14:42:25,206][__main__][INFO] - ✓ [google/gemma-3-27b-it] Temp=0.0 Rep=1 → Discordo fortemente
[2026-05-11 14:42:25,227][__main__][INFO] - ✓ [google/gemma-3-27b-it] Temp=0.0 Rep=1 → Concordo fortemente
[2026-05-11 14:42:25,476][__main__][INFO] - ✓ [google/gemma-3-27b-it] Temp=0.0 Rep=1 → Concordo fortemente
[2026-05-11 14:42:25,477][__main__][INFO] - ✓ [google/gemma-3-27b-it] Temp=0.0 Rep=1 → Concordo fortemente
[2026-05-11 14:42:25,549][__main__][INFO] - ✓ [google/gemma-3-27b-it] Temp=0.0 Rep=1 → Discordo fortemente
[2026-05-11 14:42:25,550][__main__][INFO] - ✓ [google/gemma-3-27b-it] Temp=0.0 Rep=1 → Discordo fortemente
[2026-05-11 14:42:25,553][__main__][INFO] - ✓ [google/gemma-3-27b-it] Temp=0.0 Rep=1 → Discordo fortemente
[2026-05-11 14:42:25,582][__main__][INFO] - ✓ [google/gemma-3-27b-it] Temp=0.0 Rep=1 → Concordo fortemente
[2026-05-11 14:42:25,585][__main__][INFO] - ✓ [google/gemma-3-27b-it] Temp=0.0 Rep=1 → Concordo fortemente
[2026-05-11 14:42:25,880][__main__][INFO] - ✓ [google/gemma-3-27b-it] Temp=0.0 Rep=1 → Discordo fortemente
[2026-05-11 14:42:25,905][__main__][INFO] - ✓ [google/gemma-3-27b-it] Temp=0.0 Rep=1 → Concordo fortemente
[2026-05-11 14:42:25,908][__main__][INFO] - ✓ [google/gemma-3-27b-it] Temp=0.0 Rep=1 → Concordo fortemente
[2026-05-11 14:42:26,004][__main__][INFO] - ✓ [google/gemma-3-27b-it] Temp=0.0 Rep=1 → Concordo fortemente
[2026-05-11 14:42:26,006][__main__][INFO] - ✓ [google/gemma-3-27b-it] Temp=0.0 Rep=1 → Discordo fortemente
[2026-05-11 14:42:26,006][__main__][INFO] - ✓ [google/gemma-3-27b-it] Temp=0.0 Rep=1 → Concordo fortemente
[2026-05-11 14:42:26,006][__main__][INFO] - ✓ [google/gemma-3-27b-it] Temp=0.0 Rep=1 → Discordo fortemente
[2026-05-11 14:42:26,007][__main__][INFO] - Salvamento incremental (960 novas respostas)...
[2026-05-11 14:42:26,054][__main__][INFO] - Cache salvo com 221642 entradas
[2026-05-11 14:42:26,054][__main__][INFO] - ✓ [google/gemma-3-27b-it] Temp=0.0 Rep=1 → Concordo fortemente
[2026-05-11 14:42:26,055][__main__][INFO] - ✓ [google/gemma-3-27b-it] Temp=0.0 Rep=1 → Concordo fortemente
[2026-05-11 14:42:26,055][__main__][INFO] - ✓ [google/gemma-3-27b-it] Temp=0.0 Rep=1 → Concordo fortemente
[2026-05-11 14:42:26,211][__main__][INFO] - ✓ [google/gemma-3-27b-it] Temp=0.0 Rep=1 → Neutro
[2026-05-11 14:42:26,417][__main__][INFO] - ✓ [google/gemma-3-27b-it] Temp=0.0 Rep=1 → Neutro
[2026-05-11 14:42:26,525][__main__][INFO] - ✓ [google/gemma-3-27b-it] Temp=0.0 Rep=1 → Concordo fortemente
[2026-05-11 14:42:26,525][__main__][INFO] - ✓ [google/gemma-3-27b-it] Temp=0.0 Rep=1 → Discordo fortemente
[2026-05-11 14:42:26,528][__main__][INFO] - ✓ [google/gemma-3-27b-it] Temp=0.0 Rep=1 → Concordo fortemente
[2026-05-11 14:42:26,528][__main__][INFO] - ✓ [google/gemma-3-27b-it] Temp=0.0 Rep=1 → Concordo fortemente
[2026-05-11 14:42:26,528][__main__][INFO] - ✓ [google/gemma-3-27b-it] Temp=0.0 Rep=1 → Concordo fortemente
[2026-05-11 14:42:26,593][__main__][INFO] - ✓ [google/gemma-3-27b-it] Temp=0.0 Rep=1 → Concordo fortemente
[2026-05-11 14:42:26,618][__main__][INFO] - ✓ [google/gemma-3-27b-it] Temp=0.0 Rep=1 → Discordo fortemente
[2026-05-11 14:42:26,627][__main__][INFO] - ✓ [google/gemma-3-27b-it] Temp=0.0 Rep=1 → Discordo fortemente
[2026-05-11 14:42:26,645][__main__][INFO] - ✓ [google/gemma-3-27b-it] Temp=0.0 Rep=1 → Concordo fortemente
[2026-05-11 14:42:26,768][__main__][INFO] - ✓ [google/gemma-3-27b-it] Temp=0.0 Rep=1 → Concordo
[2026-05-11 14:42:26,944][__main__][INFO] - ✓ [google/gemma-3-27b-it] Temp=0.0 Rep=1 → Concordo fortemente
[2026-05-11 14:42:27,048][__main__][INFO] - ✓ [google/gemma-3-27b-it] Temp=0.0 Rep=1 → Concordo fortemente
[2026-05-11 14:42:27,050][__main__][INFO] - ✓ [google/gemma-3-27b-it] Temp=0.0 Rep=1 → Discordo fortemente
[2026-05-11 14:42:27,051][__main__][INFO] - ✓ [google/gemma-3-27b-it] Temp=0.0 Rep=1 → Concordo fortemente
[2026-05-11 14:42:27,051][__main__][INFO] - ✓ [google/gemma-3-27b-it] Temp=0.0 Rep=1 → Discordo fortemente
[2026-05-11 14:42:27,052][__main__][INFO] - ✓ [google/gemma-3-27b-it] Temp=0.0 Rep=1 → Concordo fortemente
[2026-05-11 14:42:27,054][__main__][INFO] - ✓ [google/gemma-3-27b-it] Temp=0.0 Rep=1 → Concordo fortemente
[2026-05-11 14:42:27,091][__main__][INFO] - ✓ [google/gemma-3-27b-it] Temp=0.0 Rep=1 → Concordo fortemente
[2026-05-11 14:42:27,122][__main__][INFO] - ✓ [google/gemma-3-27b-it] Temp=0.0 Rep=1 → Concordo
[2026-05-11 14:42:27,428][__main__][INFO] - ✓ [google/gemma-3-27b-it] Temp=0.0 Rep=1 → Concordo fortemente
[2026-05-11 14:42:27,575][__main__][INFO] - ✓ [google/gemma-3-27b-it] Temp=0.0 Rep=1 → Discordo fortemente
[2026-05-11 14:42:27,575][__main__][INFO] - ✓ [google/gemma-3-27b-it] Temp=0.0 Rep=1 → Discordo fortemente
[2026-05-11 14:42:27,577][__main__][INFO] - ✓ [google/gemma-3-27b-it] Temp=0.0 Rep=1 → Concordo
[2026-05-11 14:42:27,578][__main__][INFO] - ✓ [google/gemma-3-27b-it] Temp=0.0 Rep=1 → Concordo fortemente
[2026-05-11 14:42:27,578][__main__][INFO] - ✓ [google/gemma-3-27b-it] Temp=0.0 Rep=1 → Concordo fortemente
[2026-05-11 14:42:27,578][__main__][INFO] - ✓ [google/gemma-3-27b-it] Temp=0.0 Rep=1 → Concordo fortemente
[2026-05-11 14:42:27,579][__main__][INFO] - ✓ [google/gemma-3-27b-it] Temp=0.0 Rep=1 → Concordo fortemente
[2026-05-11 14:42:27,587][__main__][INFO] - ✓ [google/gemma-3-27b-it] Temp=0.0 Rep=1 → Concordo fortemente
[2026-05-11 14:42:27,591][__main__][INFO] - ✓ [google/gemma-3-27b-it] Temp=0.0 Rep=1 → Concordo
[2026-05-11 14:42:27,887][__main__][INFO] - ✓ [google/gemma-3-27b-it] Temp=0.0 Rep=1 → Neutro
[2026-05-11 14:42:27,968][__main__][INFO] - ✓ [google/gemma-3-27b-it] Temp=0.0 Rep=1 → Discordo fortemente
[2026-05-11 14:42:27,985][__main__][INFO] - ✓ [google/gemma-3-27b-it] Temp=0.0 Rep=1 → Concordo fortemente
[2026-05-11 14:42:27,993][__main__][INFO] - ✓ [google/gemma-3-27b-it] Temp=0.0 Rep=1 → Neutro
[2026-05-11 14:42:28,007][__main__][INFO] - ✓ [google/gemma-3-27b-it] Temp=0.0 Rep=1 → Discordo fortemente
[2026-05-11 14:42:28,099][__main__][INFO] - ✓ [google/gemma-3-27b-it] Temp=0.0 Rep=1 → Concordo fortemente
[2026-05-11 14:42:28,100][__main__][INFO] - Salvamento incremental (1000 novas respostas)...
[2026-05-11 14:42:28,154][__main__][INFO] - Cache salvo com 221682 entradas
[2026-05-11 14:42:28,154][__main__][INFO] - ✓ [google/gemma-3-27b-it] Temp=0.0 Rep=1 → Concordo fortemente
[2026-05-11 14:42:28,154][__main__][INFO] - ✓ [google/gemma-3-27b-it] Temp=0.0 Rep=1 → Discordo fortemente
[2026-05-11 14:42:28,157][__main__][INFO] - ✓ [google/gemma-3-27b-it] Temp=0.0 Rep=1 → Neutro
[2026-05-11 14:42:28,168][__main__][INFO] - ✓ [google/gemma-3-27b-it] Temp=0.0 Rep=1 → Concordo fortemente
[2026-05-11 14:42:28,302][__main__][INFO] - ✓ [google/gemma-3-27b-it] Temp=0.0 Rep=1 → Neutro
[2026-05-11 14:42:28,313][__main__][INFO] - ✓ [google/gemma-3-27b-it] Temp=0.0 Rep=1 → Discordo fortemente
[2026-05-11 14:42:28,337][__main__][INFO] - ✓ [google/gemma-3-27b-it] Temp=0.0 Rep=1 → Discordo fortemente
[2026-05-11 14:42:28,431][__main__][INFO] - ✓ [google/gemma-3-27b-it] Temp=0.0 Rep=1 → Concordo fortemente
[2026-05-11 14:42:28,521][__main__][INFO] - ✓ [google/gemma-3-27b-it] Temp=0.0 Rep=1 → Neutro
[2026-05-11 14:42:28,624][__main__][INFO] - ✓ [google/gemma-3-27b-it] Temp=0.0 Rep=1 → Concordo fortemente
[2026-05-11 14:42:28,627][__main__][INFO] - ✓ [google/gemma-3-27b-it] Temp=0.0 Rep=1 → Discordo fortemente
[2026-05-11 14:42:28,694][__main__][INFO] - ✓ [google/gemma-3-27b-it] Temp=0.0 Rep=1 → Neutro
[2026-05-11 14:42:28,699][__main__][INFO] - ✓ [google/gemma-3-27b-it] Temp=0.0 Rep=1 → Discordo fortemente
[2026-05-11 14:42:28,709][__main__][INFO] - ✓ [google/gemma-3-27b-it] Temp=0.0 Rep=1 → Concordo
[2026-05-11 14:42:28,726][__main__][INFO] - ✓ [google/gemma-3-27b-it] Temp=0.0 Rep=1 → Discordo fortemente
[2026-05-11 14:42:28,726][__main__][INFO] - ✓ [google/gemma-3-27b-it] Temp=0.0 Rep=1 → Concordo fortemente
[2026-05-11 14:42:28,737][__main__][INFO] - ✓ [google/gemma-3-27b-it] Temp=0.0 Rep=1 → Concordo fortemente
[2026-05-11 14:42:28,914][__main__][INFO] - ✓ [google/gemma-3-27b-it] Temp=0.0 Rep=1 → Discordo fortemente
[2026-05-11 14:42:29,029][__main__][INFO] - ✓ [google/gemma-3-27b-it] Temp=0.0 Rep=1 → Concordo fortemente
[2026-05-11 14:42:29,147][__main__][INFO] - ✓ [google/gemma-3-27b-it] Temp=0.0 Rep=1 → Discordo fortemente
[2026-05-11 14:42:29,150][__main__][INFO] - ✓ [google/gemma-3-27b-it] Temp=0.0 Rep=1 → Concordo fortemente
[2026-05-11 14:42:29,176][__main__][INFO] - ✓ [google/gemma-3-27b-it] Temp=0.0 Rep=1 → Concordo fortemente
[2026-05-11 14:42:29,208][__main__][INFO] - ✓ [google/gemma-3-27b-it] Temp=0.0 Rep=1 → Concordo fortemente
[2026-05-11 14:42:29,209][__main__][INFO] - ✓ [google/gemma-3-27b-it] Temp=0.0 Rep=1 → Concordo fortemente
[2026-05-11 14:42:29,375][__main__][INFO] - ✓ [google/gemma-3-27b-it] Temp=0.0 Rep=1 → Discordo fortemente
[2026-05-11 14:42:29,388][__main__][INFO] - ✓ [google/gemma-3-27b-it] Temp=0.0 Rep=1 → Neutro
[2026-05-11 14:42:29,412][__main__][INFO] - ✓ [google/gemma-3-27b-it] Temp=0.0 Rep=1 → Discordo fortemente
[2026-05-11 14:42:29,414][__main__][INFO] - ✓ [google/gemma-3-27b-it] Temp=0.0 Rep=1 → Concordo
[2026-05-11 14:42:29,450][__main__][INFO] - ✓ [google/gemma-3-27b-it] Temp=0.0 Rep=1 → Concordo fortemente
[2026-05-11 14:42:29,504][__main__][INFO] - ✓ [google/gemma-3-27b-it] Temp=0.0 Rep=1 → Neutro
[2026-05-11 14:42:29,671][__main__][INFO] - ✓ [google/gemma-3-27b-it] Temp=0.0 Rep=1 → Discordo fortemente
[2026-05-11 14:42:29,672][__main__][INFO] - ✓ [google/gemma-3-27b-it] Temp=0.0 Rep=1 → Concordo fortemente
[2026-05-11 14:42:29,672][__main__][INFO] - ✓ [google/gemma-3-27b-it] Temp=0.0 Rep=1 → Neutro
[2026-05-11 14:42:29,752][__main__][INFO] - ✓ [google/gemma-3-27b-it] Temp=0.0 Rep=1 → Neutro
[2026-05-11 14:42:29,762][__main__][INFO] - ✓ [google/gemma-3-27b-it] Temp=0.0 Rep=1 → Concordo fortemente
[2026-05-11 14:42:29,839][__main__][INFO] - ✓ [google/gemma-3-27b-it] Temp=0.0 Rep=1 → Discordo fortemente
[2026-05-11 14:42:29,841][__main__][INFO] - ✓ [google/gemma-3-27b-it] Temp=0.0 Rep=1 → Neutro
[2026-05-11 14:42:29,854][__main__][INFO] - ✓ [google/gemma-3-27b-it] Temp=0.0 Rep=1 → Concordo fortemente
[2026-05-11 14:42:29,856][__main__][INFO] - ✓ [google/gemma-3-27b-it] Temp=0.0 Rep=1 → Discordo fortemente
[2026-05-11 14:42:29,922][__main__][INFO] - ✓ [google/gemma-3-27b-it] Temp=0.0 Rep=1 → Concordo fortemente
[2026-05-11 14:42:30,069][__main__][INFO] - Salvamento incremental (1040 novas respostas)...
[2026-05-11 14:42:30,118][__main__][INFO] - Cache salvo com 221722 entradas
[2026-05-11 14:42:30,118][__main__][INFO] - ✓ [google/gemma-3-27b-it] Temp=0.0 Rep=1 → Discordo fortemente
[2026-05-11 14:42:30,120][__main__][INFO] - ✓ [google/gemma-3-27b-it] Temp=0.0 Rep=1 → Discordo fortemente
[2026-05-11 14:42:30,120][__main__][INFO] - ✓ [google/gemma-3-27b-it] Temp=0.0 Rep=1 → Concordo
[2026-05-11 14:42:30,194][__main__][INFO] - ✓ [google/gemma-3-27b-it] Temp=0.0 Rep=1 → Concordo fortemente
[2026-05-11 14:42:30,196][__main__][INFO] - ✓ [google/gemma-3-27b-it] Temp=0.0 Rep=1 → Concordo fortemente
[2026-05-11 14:42:30,239][__main__][INFO] - ✓ [google/gemma-3-27b-it] Temp=0.0 Rep=1 → Concordo fortemente
[2026-05-11 14:42:30,254][__main__][INFO] - ✓ [google/gemma-3-27b-it] Temp=0.0 Rep=1 → Concordo fortemente
[2026-05-11 14:42:30,260][__main__][INFO] - ✓ [google/gemma-3-27b-it] Temp=0.0 Rep=1 → Discordo
[2026-05-11 14:42:30,278][__main__][INFO] - ✓ [google/gemma-3-27b-it] Temp=0.0 Rep=1 → Concordo fortemente
[2026-05-11 14:42:30,281][__main__][INFO] - ✓ [google/gemma-3-27b-it] Temp=0.0 Rep=1 → Concordo fortemente
[2026-05-11 14:42:30,567][__main__][INFO] - ✓ [google/gemma-3-27b-it] Temp=0.0 Rep=1 → Discordo fortemente
[2026-05-11 14:42:30,624][__main__][INFO] - ✓ [google/gemma-3-27b-it] Temp=0.0 Rep=1 → Concordo fortemente
[2026-05-11 14:42:30,718][__main__][INFO] - ✓ [google/gemma-3-27b-it] Temp=0.0 Rep=1 → Concordo fortemente
[2026-05-11 14:42:30,720][__main__][INFO] - ✓ [google/gemma-3-27b-it] Temp=0.0 Rep=1 → Concordo fortemente
[2026-05-11 14:42:30,720][__main__][INFO] - ✓ [google/gemma-3-27b-it] Temp=0.0 Rep=1 → Concordo fortemente
[2026-05-11 14:42:30,720][__main__][INFO] - ✓ [google/gemma-3-27b-it] Temp=0.0 Rep=1 → Discordo
[2026-05-11 14:42:30,721][__main__][INFO] - ✓ [google/gemma-3-27b-it] Temp=0.0 Rep=1 → Concordo fortemente
[2026-05-11 14:42:30,741][__main__][INFO] - ✓ [google/gemma-3-27b-it] Temp=0.0 Rep=1 → Discordo fortemente
[2026-05-11 14:42:30,783][__main__][INFO] - ✓ [google/gemma-3-27b-it] Temp=0.0 Rep=1 → Concordo fortemente
[2026-05-11 14:42:30,797][__main__][INFO] - ✓ [google/gemma-3-27b-it] Temp=0.0 Rep=1 → Concordo fortemente
[2026-05-11 14:42:30,928][__main__][INFO] - ✓ [google/gemma-3-27b-it] Temp=0.0 Rep=1 → Discordo fortemente
[2026-05-11 14:42:31,040][__main__][INFO] - ✓ [google/gemma-3-27b-it] Temp=0.0 Rep=1 → Concordo fortemente
[2026-05-11 14:42:31,062][__main__][INFO] - ✓ [google/gemma-3-27b-it] Temp=0.0 Rep=1 → Discordo fortemente
[2026-05-11 14:42:31,087][__main__][INFO] - ✓ [google/gemma-3-27b-it] Temp=0.0 Rep=1 → Discordo
[2026-05-11 14:42:31,113][__main__][INFO] - ✓ [google/gemma-3-27b-it] Temp=0.0 Rep=1 → Concordo fortemente
[2026-05-11 14:42:31,114][__main__][INFO] - ✓ [google/gemma-3-27b-it] Temp=0.0 Rep=1 → Concordo fortemente
[2026-05-11 14:42:31,126][__main__][INFO] - ✓ [google/gemma-3-27b-it] Temp=0.0 Rep=1 → Concordo fortemente
[2026-05-11 14:42:31,243][__main__][INFO] - ✓ [google/gemma-3-27b-it] Temp=0.0 Rep=1 → Concordo fortemente
[2026-05-11 14:42:31,245][__main__][INFO] - ✓ [google/gemma-3-27b-it] Temp=0.0 Rep=1 → Concordo fortemente
[2026-05-11 14:42:31,245][__main__][INFO] - ✓ [google/gemma-3-27b-it] Temp=0.0 Rep=1 → Concordo fortemente
[2026-05-11 14:42:31,267][__main__][INFO] - ✓ [google/gemma-3-27b-it] Temp=0.0 Rep=1 → Discordo fortemente
[2026-05-11 14:42:31,585][__main__][INFO] - ✓ [google/gemma-3-27b-it] Temp=0.0 Rep=1 → Discordo fortemente
[2026-05-11 14:42:31,586][__main__][INFO] - ✓ [google/gemma-3-27b-it] Temp=0.0 Rep=1 → Concordo fortemente
[2026-05-11 14:42:31,604][__main__][INFO] - ✓ [google/gemma-3-27b-it] Temp=0.0 Rep=1 → Concordo fortemente
[2026-05-11 14:42:31,628][__main__][INFO] - ✓ [google/gemma-3-27b-it] Temp=0.0 Rep=1 → Discordo fortemente
[2026-05-11 14:42:31,645][__main__][INFO] - ✓ [google/gemma-3-27b-it] Temp=0.0 Rep=1 → Concordo fortemente
[2026-05-11 14:42:31,655][__main__][INFO] - ✓ [google/gemma-3-27b-it] Temp=0.0 Rep=1 → Concordo fortemente
[2026-05-11 14:42:31,664][__main__][INFO] - ✓ [google/gemma-3-27b-it] Temp=0.0 Rep=1 → Neutro
[2026-05-11 14:42:31,768][__main__][INFO] - ✓ [google/gemma-3-27b-it] Temp=0.0 Rep=1 → Concordo fortemente
[2026-05-11 14:42:31,769][__main__][INFO] - ✓ [google/gemma-3-27b-it] Temp=0.0 Rep=1 → Concordo fortemente
[2026-05-11 14:42:31,995][__main__][INFO] - Salvamento incremental (1080 novas respostas)...
[2026-05-11 14:42:32,056][__main__][INFO] - Cache salvo com 221762 entradas
[2026-05-11 14:42:32,056][__main__][INFO] - ✓ [google/gemma-3-27b-it] Temp=0.0 Rep=1 → Neutro
[2026-05-11 14:42:32,118][__main__][INFO] - ✓ [google/gemma-3-27b-it] Temp=0.0 Rep=1 → Concordo fortemente
[2026-05-11 14:42:32,136][__main__][INFO] - ✓ [google/gemma-3-27b-it] Temp=0.0 Rep=1 → Concordo fortemente
[2026-05-11 14:42:32,141][__main__][INFO] - ✓ [google/gemma-3-27b-it] Temp=0.0 Rep=1 → Discordo fortemente
[2026-05-11 14:42:32,158][__main__][INFO] - ✓ [google/gemma-3-27b-it] Temp=0.0 Rep=1 → Discordo fortemente
[2026-05-11 14:42:32,167][__main__][INFO] - ✓ [google/gemma-3-27b-it] Temp=0.0 Rep=1 → Concordo fortemente
[2026-05-11 14:42:32,187][__main__][INFO] - ✓ [google/gemma-3-27b-it] Temp=0.0 Rep=1 → Concordo fortemente
[2026-05-11 14:42:32,302][__main__][INFO] - ✓ [google/gemma-3-27b-it] Temp=0.0 Rep=1 → Concordo fortemente
[2026-05-11 14:42:32,303][__main__][INFO] - ✓ [google/gemma-3-27b-it] Temp=0.0 Rep=1 → Concordo fortemente
[2026-05-11 14:42:32,303][__main__][INFO] - ✓ [google/gemma-3-27b-it] Temp=0.0 Rep=1 → Concordo
[2026-05-11 14:42:32,572][__main__][INFO] - ✓ [google/gemma-3-27b-it] Temp=0.0 Rep=1 → Concordo fortemente
[2026-05-11 14:42:32,587][__main__][INFO] - ✓ [google/gemma-3-27b-it] Temp=0.0 Rep=1 → Discordo fortemente
[2026-05-11 14:42:32,818][__main__][INFO] - ✓ [google/gemma-3-27b-it] Temp=0.0 Rep=1 → Discordo fortemente
[2026-05-11 14:42:32,822][__main__][INFO] - ✓ [google/gemma-3-27b-it] Temp=0.0 Rep=1 → Discordo
[2026-05-11 14:42:32,823][__main__][INFO] - ✓ [google/gemma-3-27b-it] Temp=0.0 Rep=1 → Concordo
[2026-05-11 14:42:32,835][__main__][INFO] - ✓ [google/gemma-3-27b-it] Temp=0.0 Rep=1 → Concordo fortemente
[2026-05-11 14:42:32,891][__main__][INFO] - ✓ [google/gemma-3-27b-it] Temp=0.0 Rep=1 → Concordo fortemente
[2026-05-11 14:42:32,899][__main__][INFO] - ✓ [google/gemma-3-27b-it] Temp=0.0 Rep=1 → Discordo fortemente
[2026-05-11 14:42:32,913][__main__][INFO] - ✓ [google/gemma-3-27b-it] Temp=0.0 Rep=1 → Concordo fortemente
[2026-05-11 14:42:32,990][__main__][INFO] - ✓ [google/gemma-3-27b-it] Temp=0.0 Rep=1 → Concordo fortemente
[2026-05-11 14:42:32,992][__main__][INFO] - ✓ [google/gemma-3-27b-it] Temp=0.0 Rep=1 → Concordo fortemente
[2026-05-11 14:42:33,341][__main__][INFO] - ✓ [google/gemma-3-27b-it] Temp=0.0 Rep=1 → Neutro
[2026-05-11 14:42:33,345][__main__][INFO] - ✓ [google/gemma-3-27b-it] Temp=0.0 Rep=1 → Concordo fortemente
[2026-05-11 14:42:33,604][__main__][INFO] - ✓ [google/gemma-3-27b-it] Temp=0.0 Rep=1 → Discordo fortemente
[2026-05-11 14:42:33,658][__main__][INFO] - ✓ [google/gemma-3-27b-it] Temp=0.0 Rep=1 → Neutro
[2026-05-11 14:42:33,688][__main__][INFO] - ✓ [google/gemma-3-27b-it] Temp=0.0 Rep=1 → Concordo fortemente
[2026-05-11 14:42:33,690][__main__][INFO] - ✓ [google/gemma-3-27b-it] Temp=0.0 Rep=1 → Neutro
[2026-05-11 14:42:33,722][__main__][INFO] - ✓ [google/gemma-3-27b-it] Temp=0.0 Rep=1 → Concordo fortemente
[2026-05-11 14:42:33,736][__main__][INFO] - ✓ [google/gemma-3-27b-it] Temp=0.0 Rep=1 → Discordo fortemente
[2026-05-11 14:42:33,766][__main__][INFO] - ✓ [google/gemma-3-27b-it] Temp=0.0 Rep=1 → Concordo fortemente
[2026-05-11 14:42:33,770][__main__][INFO] - ✓ [google/gemma-3-27b-it] Temp=0.0 Rep=1 → Concordo fortemente
[2026-05-11 14:42:33,864][__main__][INFO] - ✓ [google/gemma-3-27b-it] Temp=0.0 Rep=1 → Concordo fortemente
[2026-05-11 14:42:34,035][__main__][INFO] - ✓ [google/gemma-3-27b-it] Temp=0.0 Rep=1 → Neutro
[2026-05-11 14:42:34,059][__main__][INFO] - ✓ [google/gemma-3-27b-it] Temp=0.0 Rep=1 → Discordo fortemente
[2026-05-11 14:42:34,065][__main__][INFO] - ✓ [google/gemma-3-27b-it] Temp=0.0 Rep=1 → Discordo fortemente
[2026-05-11 14:42:34,069][__main__][INFO] - ✓ [google/gemma-3-27b-it] Temp=0.0 Rep=1 → Neutro
[2026-05-11 14:42:34,114][__main__][INFO] - ✓ [google/gemma-3-27b-it] Temp=0.0 Rep=1 → Concordo fortemente
[2026-05-11 14:42:34,116][__main__][INFO] - ✓ [google/gemma-3-27b-it] Temp=0.0 Rep=1 → Concordo fortemente
[2026-05-11 14:42:34,127][__main__][INFO] - ✓ [google/gemma-3-27b-it] Temp=0.0 Rep=1 → Neutro
[2026-05-11 14:42:34,153][__main__][INFO] - ✓ [google/gemma-3-27b-it] Temp=0.0 Rep=1 → Concordo fortemente
[2026-05-11 14:42:34,214][__main__][INFO] - Salvamento incremental (1120 novas respostas)...
[2026-05-11 14:42:34,279][__main__][INFO] - Cache salvo com 221802 entradas
[2026-05-11 14:42:34,279][__main__][INFO] - ✓ [google/gemma-3-27b-it] Temp=0.0 Rep=1 → Discordo
[2026-05-11 14:42:34,281][__main__][INFO] - ✓ [google/gemma-3-27b-it] Temp=0.0 Rep=1 → Concordo
[2026-05-11 14:42:34,482][__main__][INFO] - ✓ [google/gemma-3-27b-it] Temp=0.0 Rep=1 → Concordo
[2026-05-11 14:42:34,506][__main__][INFO] - ✓ [google/gemma-3-27b-it] Temp=0.0 Rep=1 → Concordo
[2026-05-11 14:42:34,542][__main__][INFO] - ✓ [google/gemma-3-27b-it] Temp=0.0 Rep=1 → Concordo
[2026-05-11 14:42:34,565][__main__][INFO] - ✓ [google/gemma-3-27b-it] Temp=0.0 Rep=1 → Concordo
[2026-05-11 14:42:34,573][__main__][INFO] - ✓ [google/gemma-3-27b-it] Temp=0.0 Rep=1 → Concordo
[2026-05-11 14:42:34,782][__main__][INFO] - ✓ [google/gemma-3-27b-it] Temp=0.0 Rep=1 → Concordo
[2026-05-11 14:42:34,805][__main__][INFO] - ✓ [google/gemma-3-27b-it] Temp=0.0 Rep=1 → Concordo
[2026-05-11 14:42:34,808][__main__][INFO] - ✓ [google/gemma-3-27b-it] Temp=0.0 Rep=1 → Concordo fortemente
[2026-05-11 14:42:35,018][__main__][INFO] - ✓ [google/gemma-3-27b-it] Temp=0.0 Rep=1 → Concordo
[2026-05-11 14:42:35,056][__main__][INFO] - ✓ [google/gemma-3-27b-it] Temp=0.0 Rep=1 → Concordo
[2026-05-11 14:42:35,061][__main__][INFO] - ✓ [google/gemma-3-27b-it] Temp=0.0 Rep=1 → Concordo
[2026-05-11 14:42:35,112][__main__][INFO] - ✓ [google/gemma-3-27b-it] Temp=0.0 Rep=1 → Concordo fortemente
[2026-05-11 14:42:35,122][__main__][INFO] - ✓ [google/gemma-3-27b-it] Temp=0.0 Rep=1 → Concordo fortemente
[2026-05-11 14:42:35,183][__main__][INFO] - ✓ [google/gemma-3-27b-it] Temp=0.0 Rep=1 → Discordo fortemente
[2026-05-11 14:42:35,211][__main__][INFO] - ✓ [google/gemma-3-27b-it] Temp=0.0 Rep=1 → Concordo
[2026-05-11 14:42:35,222][__main__][INFO] - ✓ [google/gemma-3-27b-it] Temp=0.0 Rep=1 → Concordo
[2026-05-11 14:42:35,289][__main__][INFO] - ✓ [google/gemma-3-27b-it] Temp=0.0 Rep=1 → Concordo fortemente
[2026-05-11 14:42:35,437][__main__][INFO] - ✓ [google/gemma-3-27b-it] Temp=0.0 Rep=1 → Concordo
[2026-05-11 14:42:35,508][__main__][INFO] - ✓ [google/gemma-3-27b-it] Temp=0.0 Rep=1 → Concordo fortemente
[2026-05-11 14:42:35,535][__main__][INFO] - ✓ [google/gemma-3-27b-it] Temp=0.0 Rep=1 → Neutro
[2026-05-11 14:42:35,581][__main__][INFO] - ✓ [google/gemma-3-27b-it] Temp=0.0 Rep=1 → Neutro
[2026-05-11 14:42:35,589][__main__][INFO] - ✓ [google/gemma-3-27b-it] Temp=0.0 Rep=1 → Concordo fortemente
[2026-05-11 14:42:35,671][__main__][INFO] - ✓ [google/gemma-3-27b-it] Temp=0.0 Rep=1 → Discordo fortemente
[2026-05-11 14:42:35,848][__main__][INFO] - ✓ [google/gemma-3-27b-it] Temp=0.0 Rep=1 → Neutro
[2026-05-11 14:42:35,963][__main__][INFO] - ✓ [google/gemma-3-27b-it] Temp=0.0 Rep=1 → Discordo fortemente
[2026-05-11 14:42:35,965][__main__][INFO] - ✓ [google/gemma-3-27b-it] Temp=0.0 Rep=1 → Discordo fortemente
[2026-05-11 14:42:35,965][__main__][INFO] - ✓ [google/gemma-3-27b-it] Temp=0.0 Rep=1 → Concordo fortemente
[2026-05-11 14:42:35,965][__main__][INFO] - ✓ [google/gemma-3-27b-it] Temp=0.0 Rep=1 → Neutro
[2026-05-11 14:42:36,019][__main__][INFO] - ✓ [google/gemma-3-27b-it] Temp=0.0 Rep=1 → Concordo fortemente
[2026-05-11 14:42:36,020][__main__][INFO] - ✓ [google/gemma-3-27b-it] Temp=0.0 Rep=1 → Discordo fortemente
[2026-05-11 14:42:36,264][__main__][INFO] - ✓ [google/gemma-3-27b-it] Temp=0.0 Rep=1 → Discordo fortemente
[2026-05-11 14:42:36,359][__main__][INFO] - ✓ [google/gemma-3-27b-it] Temp=0.0 Rep=1 → Discordo fortemente
[2026-05-11 14:42:36,362][__main__][INFO] - ✓ [google/gemma-3-27b-it] Temp=0.0 Rep=1 → Concordo fortemente
[2026-05-11 14:42:36,366][__main__][INFO] - ✓ [google/gemma-3-27b-it] Temp=0.0 Rep=1 → Concordo fortemente
[2026-05-11 14:42:36,372][__main__][INFO] - ✓ [google/gemma-3-27b-it] Temp=0.0 Rep=1 → Concordo
[2026-05-11 14:42:36,394][__main__][INFO] - ✓ [google/gemma-3-27b-it] Temp=0.0 Rep=1 → Neutro
[2026-05-11 14:42:36,395][__main__][INFO] - ✓ [google/gemma-3-27b-it] Temp=0.0 Rep=1 → Concordo fortemente
[2026-05-11 14:42:36,486][__main__][INFO] - ✓ [google/gemma-3-27b-it] Temp=0.0 Rep=1 → Discordo
[2026-05-11 14:42:36,487][__main__][INFO] - Salvamento incremental (1160 novas respostas)...
[2026-05-11 14:42:36,536][__main__][INFO] - Cache salvo com 221842 entradas
[2026-05-11 14:42:36,536][__main__][INFO] - ✓ [google/gemma-3-27b-it] Temp=0.0 Rep=1 → Concordo fortemente
[2026-05-11 14:42:36,538][__main__][INFO] - ✓ [google/gemma-3-27b-it] Temp=0.0 Rep=1 → Neutro
[2026-05-11 14:42:36,880][__main__][INFO] - ✓ [google/gemma-3-27b-it] Temp=0.0 Rep=1 → Concordo
[2026-05-11 14:42:36,884][__main__][INFO] - ✓ [google/gemma-3-27b-it] Temp=0.0 Rep=1 → Discordo fortemente
[2026-05-11 14:42:36,892][__main__][INFO] - ✓ [google/gemma-3-27b-it] Temp=0.0 Rep=1 → Discordo fortemente
[2026-05-11 14:42:36,900][__main__][INFO] - ✓ [google/gemma-3-27b-it] Temp=0.0 Rep=1 → Neutro
[2026-05-11 14:42:36,908][__main__][INFO] - ✓ [google/gemma-3-27b-it] Temp=0.0 Rep=1 → Concordo fortemente
[2026-05-11 14:42:37,011][__main__][INFO] - ✓ [google/gemma-3-27b-it] Temp=0.0 Rep=1 → Concordo fortemente
[2026-05-11 14:42:37,013][__main__][INFO] - ✓ [google/gemma-3-27b-it] Temp=0.0 Rep=1 → Concordo fortemente
[2026-05-11 14:42:37,013][__main__][INFO] - ✓ [google/gemma-3-27b-it] Temp=0.0 Rep=1 → Concordo fortemente
[2026-05-11 14:42:37,013][__main__][INFO] - ✓ [google/gemma-3-27b-it] Temp=0.0 Rep=1 → Concordo fortemente
[2026-05-11 14:42:37,321][__main__][INFO] - ✓ [google/gemma-3-27b-it] Temp=0.0 Rep=1 → Discordo fortemente
[2026-05-11 14:42:37,350][__main__][INFO] - ✓ [google/gemma-3-27b-it] Temp=0.0 Rep=1 → Concordo
[2026-05-11 14:42:37,377][__main__][INFO] - ✓ [google/gemma-3-27b-it] Temp=0.0 Rep=1 → Neutro
[2026-05-11 14:42:37,559][__main__][INFO] - ✓ [google/gemma-3-27b-it] Temp=0.0 Rep=1 → Concordo fortemente
[2026-05-11 14:42:37,560][__main__][INFO] - ✓ [google/gemma-3-27b-it] Temp=0.0 Rep=1 → Concordo fortemente
[2026-05-11 14:42:37,562][__main__][INFO] - ✓ [google/gemma-3-27b-it] Temp=0.0 Rep=1 → Concordo fortemente
[2026-05-11 14:42:37,666][__main__][INFO] - ✓ [google/gemma-3-27b-it] Temp=0.0 Rep=1 → Neutro
[2026-05-11 14:42:37,668][__main__][INFO] - ✓ [google/gemma-3-27b-it] Temp=0.0 Rep=1 → Discordo fortemente
[2026-05-11 14:42:37,709][__main__][INFO] - ✓ [google/gemma-3-27b-it] Temp=0.0 Rep=1 → Discordo fortemente
[2026-05-11 14:42:37,719][__main__][INFO] - ✓ [google/gemma-3-27b-it] Temp=0.0 Rep=1 → Discordo fortemente
[2026-05-11 14:42:37,722][__main__][INFO] - ✓ [google/gemma-3-27b-it] Temp=0.0 Rep=1 → Discordo fortemente
[2026-05-11 14:42:37,749][__main__][INFO] - ✓ [google/gemma-3-27b-it] Temp=0.0 Rep=1 → Concordo fortemente
[2026-05-11 14:42:37,778][__main__][INFO] - ✓ [google/gemma-3-27b-it] Temp=0.0 Rep=1 → Concordo fortemente
[2026-05-11 14:42:37,953][__main__][INFO] - ✓ [google/gemma-3-27b-it] Temp=0.0 Rep=1 → Neutro
[2026-05-11 14:42:37,968][__main__][INFO] - ✓ [google/gemma-3-27b-it] Temp=0.0 Rep=1 → Discordo fortemente
[2026-05-11 14:42:38,060][__main__][INFO] - ✓ [google/gemma-3-27b-it] Temp=0.0 Rep=1 → Neutro
[2026-05-11 14:42:38,082][__main__][INFO] - ✓ [google/gemma-3-27b-it] Temp=0.0 Rep=1 → Concordo fortemente
[2026-05-11 14:42:38,085][__main__][INFO] - ✓ [google/gemma-3-27b-it] Temp=0.0 Rep=1 → Discordo fortemente
[2026-05-11 14:42:38,113][__main__][INFO] - ✓ [google/gemma-3-27b-it] Temp=0.0 Rep=1 → Concordo fortemente
[2026-05-11 14:42:38,163][__main__][INFO] - ✓ [google/gemma-3-27b-it] Temp=0.0 Rep=1 → Concordo fortemente
[2026-05-11 14:42:38,170][__main__][INFO] - ✓ [google/gemma-3-27b-it] Temp=0.0 Rep=1 → Concordo fortemente
[2026-05-11 14:42:38,351][__main__][INFO] - ✓ [google/gemma-3-27b-it] Temp=0.0 Rep=1 → Discordo fortemente
[2026-05-11 14:42:38,401][__main__][INFO] - ✓ [google/gemma-3-27b-it] Temp=0.0 Rep=1 → Concordo fortemente
[2026-05-11 14:42:38,409][__main__][INFO] - ✓ [google/gemma-3-27b-it] Temp=0.0 Rep=1 → Neutro
[2026-05-11 14:42:38,481][__main__][INFO] - ✓ [google/gemma-3-27b-it] Temp=0.0 Rep=1 → Concordo fortemente
[2026-05-11 14:42:38,483][__main__][INFO] - ✓ [google/gemma-3-27b-it] Temp=0.0 Rep=1 → Discordo fortemente
[2026-05-11 14:42:38,585][__main__][INFO] - ✓ [google/gemma-3-27b-it] Temp=0.0 Rep=1 → Discordo fortemente
[2026-05-11 14:42:38,589][__main__][INFO] - ✓ [google/gemma-3-27b-it] Temp=0.0 Rep=1 → Discordo fortemente
[2026-05-11 14:42:38,589][__main__][INFO] - ✓ [google/gemma-3-27b-it] Temp=0.0 Rep=1 → Concordo fortemente
[2026-05-11 14:42:38,857][__main__][INFO] - Salvamento incremental (1200 novas respostas)...
[2026-05-11 14:42:38,927][__main__][INFO] - Cache salvo com 221882 entradas
[2026-05-11 14:42:38,927][__main__][INFO] - ✓ [google/gemma-3-27b-it] Temp=0.0 Rep=1 → Concordo fortemente
[2026-05-11 14:42:38,929][__main__][INFO] - ✓ [google/gemma-3-27b-it] Temp=0.0 Rep=1 → Concordo fortemente
[2026-05-11 14:42:38,930][__main__][INFO] - ✓ [google/gemma-3-27b-it] Temp=0.0 Rep=1 → Concordo fortemente
[2026-05-11 14:42:38,930][__main__][INFO] - ✓ [google/gemma-3-27b-it] Temp=0.0 Rep=1 → Concordo fortemente
[2026-05-11 14:42:38,960][__main__][INFO] - ✓ [google/gemma-3-27b-it] Temp=0.0 Rep=1 → Concordo fortemente
[2026-05-11 14:42:38,961][__main__][INFO] - ✓ [google/gemma-3-27b-it] Temp=0.0 Rep=1 → Concordo fortemente
[2026-05-11 14:42:38,975][__main__][INFO] - ✓ [google/gemma-3-27b-it] Temp=0.0 Rep=1 → Concordo fortemente
[2026-05-11 14:42:39,107][__main__][INFO] - ✓ [google/gemma-3-27b-it] Temp=0.0 Rep=1 → Discordo fortemente
[2026-05-11 14:42:39,109][__main__][INFO] - ✓ [google/gemma-3-27b-it] Temp=0.0 Rep=1 → Discordo fortemente
[2026-05-11 14:42:39,136][__main__][INFO] - ✓ [google/gemma-3-27b-it] Temp=0.0 Rep=1 → Concordo fortemente
[2026-05-11 14:42:39,444][__main__][INFO] - ✓ [google/gemma-3-27b-it] Temp=0.0 Rep=1 → Discordo fortemente
[2026-05-11 14:42:39,455][__main__][INFO] - ✓ [google/gemma-3-27b-it] Temp=0.0 Rep=1 → Neutro
[2026-05-11 14:42:39,458][__main__][INFO] - ✓ [google/gemma-3-27b-it] Temp=0.0 Rep=1 → Discordo fortemente
[2026-05-11 14:42:39,470][__main__][INFO] - ✓ [google/gemma-3-27b-it] Temp=0.0 Rep=1 → Concordo fortemente
[2026-05-11 14:42:39,473][__main__][INFO] - ✓ [google/gemma-3-27b-it] Temp=0.0 Rep=1 → Concordo fortemente
[2026-05-11 14:42:39,531][__main__][INFO] - ✓ [google/gemma-3-27b-it] Temp=0.0 Rep=1 → Concordo fortemente
[2026-05-11 14:42:39,536][__main__][INFO] - ✓ [google/gemma-3-27b-it] Temp=0.0 Rep=1 → Concordo fortemente
[2026-05-11 14:42:39,634][__main__][INFO] - ✓ [google/gemma-3-27b-it] Temp=0.0 Rep=1 → Concordo fortemente
[2026-05-11 14:42:39,635][__main__][INFO] - ✓ [google/gemma-3-27b-it] Temp=0.0 Rep=1 → Discordo fortemente
[2026-05-11 14:42:39,648][__main__][INFO] - ✓ [google/gemma-3-27b-it] Temp=0.0 Rep=1 → Concordo fortemente
[2026-05-11 14:42:39,828][__main__][INFO] - ✓ [google/gemma-3-27b-it] Temp=0.0 Rep=1 → Discordo fortemente
[2026-05-11 14:42:39,840][__main__][INFO] - ✓ [google/gemma-3-27b-it] Temp=0.0 Rep=1 → Discordo fortemente
[2026-05-11 14:42:39,843][__main__][INFO] - ✓ [google/gemma-3-27b-it] Temp=0.0 Rep=1 → Discordo
[2026-05-11 14:42:39,868][__main__][INFO] - ✓ [google/gemma-3-27b-it] Temp=0.0 Rep=1 → Concordo fortemente
[2026-05-11 14:42:39,895][__main__][INFO] - ✓ [google/gemma-3-27b-it] Temp=0.0 Rep=1 → Concordo fortemente
[2026-05-11 14:42:39,988][__main__][INFO] - ✓ [google/gemma-3-27b-it] Temp=0.0 Rep=1 → Concordo fortemente
[2026-05-11 14:42:40,009][__main__][INFO] - ✓ [google/gemma-3-27b-it] Temp=0.0 Rep=1 → Concordo
[2026-05-11 14:42:40,066][__main__][INFO] - ✓ [google/gemma-3-27b-it] Temp=0.0 Rep=1 → Neutro
[2026-05-11 14:42:40,155][__main__][INFO] - ✓ [google/gemma-3-27b-it] Temp=0.0 Rep=1 → Discordo fortemente
[2026-05-11 14:42:40,156][__main__][INFO] - ✓ [google/gemma-3-27b-it] Temp=0.0 Rep=1 → Concordo fortemente
[2026-05-11 14:42:40,224][__main__][INFO] - ✓ [google/gemma-3-27b-it] Temp=0.0 Rep=1 → Neutro
[2026-05-11 14:42:40,234][__main__][INFO] - ✓ [google/gemma-3-27b-it] Temp=0.0 Rep=1 → Concordo fortemente
[2026-05-11 14:42:40,241][__main__][INFO] - ✓ [google/gemma-3-27b-it] Temp=0.0 Rep=1 → Concordo fortemente
[2026-05-11 14:42:40,267][__main__][INFO] - ✓ [google/gemma-3-27b-it] Temp=0.0 Rep=1 → Concordo fortemente
[2026-05-11 14:42:40,308][__main__][INFO] - ✓ [google/gemma-3-27b-it] Temp=0.0 Rep=1 → Discordo fortemente
[2026-05-11 14:42:40,437][__main__][INFO] - ✓ [google/gemma-3-27b-it] Temp=0.0 Rep=1 → Discordo fortemente
[2026-05-11 14:42:40,463][__main__][INFO] - ✓ [google/gemma-3-27b-it] Temp=0.0 Rep=1 → Concordo fortemente
[2026-05-11 14:42:40,679][__main__][INFO] - ✓ [google/gemma-3-27b-it] Temp=0.0 Rep=1 → Concordo fortemente
[2026-05-11 14:42:40,681][__main__][INFO] - ✓ [google/gemma-3-27b-it] Temp=0.0 Rep=1 → Discordo fortemente
[2026-05-11 14:42:40,681][__main__][INFO] - ✓ [google/gemma-3-27b-it] Temp=0.0 Rep=1 → Concordo fortemente
[2026-05-11 14:42:40,682][__main__][INFO] - Salvamento incremental (1240 novas respostas)...
[2026-05-11 14:42:40,732][__main__][INFO] - Cache salvo com 221922 entradas
[2026-05-11 14:42:40,733][__main__][INFO] - ✓ [google/gemma-3-27b-it] Temp=0.0 Rep=1 → Discordo fortemente
[2026-05-11 14:42:40,733][__main__][INFO] - ✓ [google/gemma-3-27b-it] Temp=0.0 Rep=1 → Discordo fortemente
[2026-05-11 14:42:40,737][__main__][INFO] - ✓ [google/gemma-3-27b-it] Temp=0.0 Rep=1 → Concordo fortemente
[2026-05-11 14:42:40,753][__main__][INFO] - ✓ [google/gemma-3-27b-it] Temp=0.0 Rep=1 → Neutro
[2026-05-11 14:42:40,834][__main__][INFO] - ✓ [google/gemma-3-27b-it] Temp=0.0 Rep=1 → Concordo fortemente
[2026-05-11 14:42:41,251][__main__][INFO] - ✓ [google/gemma-3-27b-it] Temp=0.0 Rep=1 → Concordo fortemente
[2026-05-11 14:42:41,254][__main__][INFO] - ✓ [google/gemma-3-27b-it] Temp=0.0 Rep=1 → Neutro
[2026-05-11 14:42:41,255][__main__][INFO] - ✓ [google/gemma-3-27b-it] Temp=0.0 Rep=1 → Discordo fortemente
[2026-05-11 14:42:41,280][__main__][INFO] - ✓ [google/gemma-3-27b-it] Temp=0.0 Rep=1 → Discordo fortemente
[2026-05-11 14:42:41,292][__main__][INFO] - ✓ [google/gemma-3-27b-it] Temp=0.0 Rep=1 → Neutro
[2026-05-11 14:42:41,314][__main__][INFO] - ✓ [google/gemma-3-27b-it] Temp=0.0 Rep=1 → Concordo fortemente
[2026-05-11 14:42:41,316][__main__][INFO] - ✓ [google/gemma-3-27b-it] Temp=0.0 Rep=1 → Concordo fortemente
[2026-05-11 14:42:41,318][__main__][INFO] - ✓ [google/gemma-3-27b-it] Temp=0.0 Rep=1 → Concordo fortemente
[2026-05-11 14:42:41,745][__main__][INFO] - ✓ [google/gemma-3-27b-it] Temp=0.0 Rep=1 → Concordo fortemente
[2026-05-11 14:42:41,751][__main__][INFO] - ✓ [google/gemma-3-27b-it] Temp=0.0 Rep=1 → Discordo fortemente
[2026-05-11 14:42:41,754][__main__][INFO] - ✓ [google/gemma-3-27b-it] Temp=0.0 Rep=1 → Discordo fortemente
[2026-05-11 14:42:41,789][__main__][INFO] - ✓ [google/gemma-3-27b-it] Temp=0.0 Rep=1 → Neutro
[2026-05-11 14:42:41,815][__main__][INFO] - ✓ [google/gemma-3-27b-it] Temp=0.0 Rep=1 → Discordo fortemente
[2026-05-11 14:42:41,846][__main__][INFO] - ✓ [google/gemma-3-27b-it] Temp=0.0 Rep=1 → Concordo fortemente
[2026-05-11 14:42:41,847][__main__][INFO] - ✓ [google/gemma-3-27b-it] Temp=0.0 Rep=1 → Discordo fortemente
[2026-05-11 14:42:41,874][__main__][INFO] - ✓ [google/gemma-3-27b-it] Temp=0.0 Rep=1 → Concordo fortemente
[2026-05-11 14:42:41,884][__main__][INFO] - ✓ [google/gemma-3-27b-it] Temp=0.0 Rep=1 → Concordo fortemente
[2026-05-11 14:42:41,970][__main__][INFO] - ✓ [google/gemma-3-27b-it] Temp=0.0 Rep=1 → Concordo fortemente
[2026-05-11 14:42:42,518][__main__][INFO] - ✓ [google/gemma-3-27b-it] Temp=0.0 Rep=1 → Discordo
[2026-05-11 14:42:42,570][__main__][INFO] - ✓ [google/gemma-3-27b-it] Temp=0.0 Rep=1 → Neutro
[2026-05-11 14:42:42,628][__main__][INFO] - ✓ [google/gemma-3-27b-it] Temp=0.0 Rep=1 → Neutro
[2026-05-11 14:42:42,646][__main__][INFO] - ✓ [google/gemma-3-27b-it] Temp=0.0 Rep=1 → Concordo fortemente
[2026-05-11 14:42:42,672][__main__][INFO] - ✓ [google/gemma-3-27b-it] Temp=0.0 Rep=1 → Concordo fortemente
[2026-05-11 14:42:42,677][__main__][INFO] - ✓ [google/gemma-3-27b-it] Temp=0.0 Rep=1 → Discordo fortemente
[2026-05-11 14:42:42,779][__main__][INFO] - ✓ [google/gemma-3-27b-it] Temp=0.0 Rep=1 → Concordo fortemente
[2026-05-11 14:42:42,781][__main__][INFO] - ✓ [google/gemma-3-27b-it] Temp=0.0 Rep=1 → Discordo fortemente
[2026-05-11 14:42:43,008][__main__][INFO] - ✓ [google/gemma-3-27b-it] Temp=0.0 Rep=1 → Discordo
[2026-05-11 14:42:43,079][__main__][INFO] - ✓ [google/gemma-3-27b-it] Temp=0.0 Rep=1 → Concordo fortemente
[2026-05-11 14:42:43,137][__main__][INFO] - ✓ [google/gemma-3-27b-it] Temp=0.0 Rep=1 → Concordo fortemente
[2026-05-11 14:42:43,302][__main__][INFO] - ✓ [google/gemma-3-27b-it] Temp=0.0 Rep=1 → Concordo fortemente
[2026-05-11 14:42:43,536][__main__][INFO] - ✓ [google/gemma-3-27b-it] Temp=0.0 Rep=1 → Concordo fortemente
[2026-05-11 14:42:43,734][__main__][INFO] - ✓ [google/gemma-3-27b-it] Temp=0.0 Rep=1 → Concordo fortemente
[2026-05-11 14:42:44,108][__main__][INFO] - ✓ [google/gemma-3-27b-it] Temp=0.0 Rep=1 → Discordo fortemente
[2026-05-11 14:42:44,110][__main__][INFO] - ✓ [google/gemma-3-27b-it] Temp=0.0 Rep=1 → Concordo fortemente
[2026-05-11 14:42:44,110][__main__][INFO] - ✓ [google/gemma-3-27b-it] Temp=0.0 Rep=1 → Concordo fortemente
[2026-05-11 14:42:44,147][__main__][INFO] - Salvamento incremental (1280 novas respostas)...
[2026-05-11 14:42:44,215][__main__][INFO] - Cache salvo com 221962 entradas
[2026-05-11 14:42:44,215][__main__][INFO] - ✓ [google/gemma-3-27b-it] Temp=0.0 Rep=1 → Discordo fortemente
[2026-05-11 14:42:44,217][__main__][INFO] - ✓ [google/gemma-3-27b-it] Temp=0.0 Rep=1 → Concordo fortemente
[2026-05-11 14:42:44,240][__main__][INFO] - ✓ [google/gemma-3-27b-it] Temp=0.0 Rep=1 → Concordo fortemente
[2026-05-11 14:42:44,350][__main__][INFO] - ✓ [google/gemma-3-27b-it] Temp=0.0 Rep=1 → Discordo fortemente
[2026-05-11 14:42:44,351][__main__][INFO] - ✓ [google/gemma-3-27b-it] Temp=0.0 Rep=1 → Concordo
[2026-05-11 14:42:44,468][__main__][INFO] - ✓ [google/gemma-3-27b-it] Temp=0.0 Rep=1 → Neutro
[2026-05-11 14:42:44,548][__main__][INFO] - ✓ [google/gemma-3-27b-it] Temp=0.0 Rep=1 → Discordo
[2026-05-11 14:42:44,616][__main__][INFO] - ✓ [google/gemma-3-27b-it] Temp=0.0 Rep=1 → Concordo fortemente
[2026-05-11 14:42:44,619][__main__][INFO] - ✓ [google/gemma-3-27b-it] Temp=0.0 Rep=1 → Discordo
[2026-05-11 14:42:44,659][__main__][INFO] - ✓ [google/gemma-3-27b-it] Temp=0.0 Rep=1 → Discordo fortemente
[2026-05-11 14:42:44,698][__main__][INFO] - ✓ [google/gemma-3-27b-it] Temp=0.0 Rep=1 → Neutro
[2026-05-11 14:42:44,707][__main__][INFO] - ✓ [google/gemma-3-27b-it] Temp=0.0 Rep=1 → Neutro
[2026-05-11 14:42:44,739][__main__][INFO] - ✓ [google/gemma-3-27b-it] Temp=0.0 Rep=1 → Discordo fortemente
[2026-05-11 14:42:44,877][__main__][INFO] - ✓ [google/gemma-3-27b-it] Temp=0.0 Rep=1 → Concordo fortemente
[2026-05-11 14:42:44,882][__main__][INFO] - ✓ [google/gemma-3-27b-it] Temp=0.0 Rep=1 → Concordo fortemente
[2026-05-11 14:42:44,930][__main__][INFO] - ✓ [google/gemma-3-27b-it] Temp=0.0 Rep=1 → Concordo fortemente
[2026-05-11 14:42:44,938][__main__][INFO] - ✓ [google/gemma-3-27b-it] Temp=0.0 Rep=1 → Discordo fortemente
[2026-05-11 14:42:45,024][__main__][INFO] - ✓ [google/gemma-3-27b-it] Temp=0.0 Rep=1 → Discordo fortemente
[2026-05-11 14:42:45,048][__main__][INFO] - ✓ [google/gemma-3-27b-it] Temp=0.0 Rep=1 → Discordo fortemente
[2026-05-11 14:42:45,054][__main__][INFO] - ✓ [google/gemma-3-27b-it] Temp=0.0 Rep=1 → Neutro
[2026-05-11 14:42:45,079][__main__][INFO] - ✓ [google/gemma-3-27b-it] Temp=0.0 Rep=1 → Concordo fortemente
[2026-05-11 14:42:45,106][__main__][INFO] - ✓ [google/gemma-3-27b-it] Temp=0.0 Rep=1 → Concordo
[2026-05-11 14:42:45,145][__main__][INFO] - ✓ [google/gemma-3-27b-it] Temp=0.0 Rep=1 → Concordo fortemente
[2026-05-11 14:42:45,223][__main__][INFO] - ✓ [google/gemma-3-27b-it] Temp=0.0 Rep=1 → Concordo
[2026-05-11 14:42:45,427][__main__][INFO] - ✓ [google/gemma-3-27b-it] Temp=0.0 Rep=1 → Concordo
[2026-05-11 14:42:45,493][__main__][INFO] - ✓ [google/gemma-3-27b-it] Temp=0.0 Rep=1 → Concordo fortemente
[2026-05-11 14:42:45,509][__main__][INFO] - ✓ [google/gemma-3-27b-it] Temp=0.0 Rep=1 → Concordo fortemente
[2026-05-11 14:42:45,608][__main__][INFO] - ✓ [google/gemma-3-27b-it] Temp=0.0 Rep=1 → Concordo fortemente
[2026-05-11 14:42:45,652][__main__][INFO] - ✓ [google/gemma-3-27b-it] Temp=0.0 Rep=1 → Discordo fortemente
[2026-05-11 14:42:45,779][__main__][INFO] - ✓ [google/gemma-3-27b-it] Temp=0.0 Rep=1 → Concordo fortemente
[2026-05-11 14:42:45,958][__main__][INFO] - ✓ [google/gemma-3-27b-it] Temp=0.0 Rep=1 → Concordo fortemente
[2026-05-11 14:42:45,996][__main__][INFO] - ✓ [google/gemma-3-27b-it] Temp=0.0 Rep=1 → Concordo
[2026-05-11 14:42:46,286][__main__][INFO] - ✓ [google/gemma-3-27b-it] Temp=0.0 Rep=1 → Concordo fortemente
[2026-05-11 14:42:46,341][__main__][INFO] - ✓ [google/gemma-3-27b-it] Temp=0.0 Rep=1 → Concordo fortemente
[2026-05-11 14:42:46,342][__main__][INFO] - ✓ [google/gemma-3-27b-it] Temp=0.0 Rep=1 → Discordo fortemente
[2026-05-11 14:42:46,446][__main__][INFO] - ✓ [google/gemma-3-27b-it] Temp=0.0 Rep=1 → Concordo fortemente
[2026-05-11 14:42:46,448][__main__][INFO] - ✓ [google/gemma-3-27b-it] Temp=0.0 Rep=1 → Concordo fortemente
[2026-05-11 14:42:46,466][__main__][INFO] - ✓ [google/gemma-3-27b-it] Temp=0.0 Rep=1 → Concordo fortemente
[2026-05-11 14:42:46,494][__main__][INFO] - ✓ [google/gemma-3-27b-it] Temp=0.0 Rep=1 → Concordo fortemente
[2026-05-11 14:42:46,536][__main__][INFO] - ✓ [google/gemma-3-27b-it] Temp=0.0 Rep=1 → Discordo fortemente
[2026-05-11 14:42:46,565][__main__][INFO] - Salvamento incremental (1320 novas respostas)...
[2026-05-11 14:42:46,630][__main__][INFO] - Cache salvo com 222002 entradas
[2026-05-11 14:42:46,630][__main__][INFO] - ✓ [google/gemma-3-27b-it] Temp=0.0 Rep=1 → Neutro
[2026-05-11 14:42:46,632][__main__][INFO] - ✓ [google/gemma-3-27b-it] Temp=0.0 Rep=1 → Concordo fortemente
[2026-05-11 14:42:46,655][__main__][INFO] - ✓ [google/gemma-3-27b-it] Temp=0.0 Rep=1 → Discordo fortemente
[2026-05-11 14:42:46,707][__main__][INFO] - ✓ [google/gemma-3-27b-it] Temp=0.0 Rep=1 → Discordo fortemente
[2026-05-11 14:42:46,751][__main__][INFO] - ✓ [google/gemma-3-27b-it] Temp=0.0 Rep=1 → Concordo fortemente
[2026-05-11 14:42:46,829][__main__][INFO] - ✓ [google/gemma-3-27b-it] Temp=0.0 Rep=1 → Neutro
[2026-05-11 14:42:46,974][__main__][INFO] - ✓ [google/gemma-3-27b-it] Temp=0.0 Rep=1 → Neutro
[2026-05-11 14:42:46,978][__main__][INFO] - ✓ [google/gemma-3-27b-it] Temp=0.0 Rep=1 → Discordo fortemente
[2026-05-11 14:42:46,978][__main__][INFO] - ✓ [google/gemma-3-27b-it] Temp=0.0 Rep=1 → Concordo fortemente
[2026-05-11 14:42:46,979][__main__][INFO] - ✓ [google/gemma-3-27b-it] Temp=0.0 Rep=1 → Concordo fortemente
[2026-05-11 14:42:46,996][__main__][INFO] - ✓ [google/gemma-3-27b-it] Temp=0.0 Rep=1 → Neutro
[2026-05-11 14:42:47,015][__main__][INFO] - ✓ [google/gemma-3-27b-it] Temp=0.0 Rep=1 → Concordo fortemente
[2026-05-11 14:42:47,027][__main__][INFO] - ✓ [google/gemma-3-27b-it] Temp=0.0 Rep=1 → Discordo fortemente
[2026-05-11 14:42:47,102][__main__][INFO] - ✓ [google/gemma-3-27b-it] Temp=0.0 Rep=1 → Concordo fortemente
[2026-05-11 14:42:47,168][__main__][INFO] - ✓ [google/gemma-3-27b-it] Temp=0.0 Rep=1 → Discordo fortemente
[2026-05-11 14:42:47,194][__main__][INFO] - ✓ [google/gemma-3-27b-it] Temp=0.0 Rep=1 → Neutro
[2026-05-11 14:42:47,382][__main__][INFO] - ✓ [google/gemma-3-27b-it] Temp=0.0 Rep=1 → Discordo fortemente
[2026-05-11 14:42:47,496][__main__][INFO] - ✓ [google/gemma-3-27b-it] Temp=0.0 Rep=1 → Discordo
[2026-05-11 14:42:47,500][__main__][INFO] - ✓ [google/gemma-3-27b-it] Temp=0.0 Rep=1 → Discordo
[2026-05-11 14:42:47,502][__main__][INFO] - ✓ [google/gemma-3-27b-it] Temp=0.0 Rep=1 → Concordo fortemente
[2026-05-11 14:42:47,502][__main__][INFO] - ✓ [google/gemma-3-27b-it] Temp=0.0 Rep=1 → Concordo fortemente
[2026-05-11 14:42:47,504][__main__][INFO] - ✓ [google/gemma-3-27b-it] Temp=0.0 Rep=1 → Discordo fortemente
[2026-05-11 14:42:47,504][__main__][INFO] - ✓ [google/gemma-3-27b-it] Temp=0.0 Rep=1 → Concordo fortemente
[2026-05-11 14:42:47,538][__main__][INFO] - ✓ [google/gemma-3-27b-it] Temp=0.0 Rep=1 → Concordo fortemente
[2026-05-11 14:42:47,660][__main__][INFO] - ✓ [google/gemma-3-27b-it] Temp=0.0 Rep=1 → Discordo fortemente
[2026-05-11 14:42:47,690][__main__][INFO] - ✓ [google/gemma-3-27b-it] Temp=0.0 Rep=1 → Concordo fortemente
[2026-05-11 14:42:47,749][__main__][INFO] - ✓ [google/gemma-3-27b-it] Temp=0.0 Rep=1 → Discordo fortemente
[2026-05-11 14:42:47,915][__main__][INFO] - ✓ [google/gemma-3-27b-it] Temp=0.0 Rep=1 → Discordo fortemente
[2026-05-11 14:42:48,020][__main__][INFO] - ✓ [google/gemma-3-27b-it] Temp=0.0 Rep=1 → Discordo fortemente
[2026-05-11 14:42:48,021][__main__][INFO] - ✓ [google/gemma-3-27b-it] Temp=0.0 Rep=1 → Concordo fortemente
[2026-05-11 14:42:48,021][__main__][INFO] - ✓ [google/gemma-3-27b-it] Temp=0.0 Rep=1 → Concordo fortemente
[2026-05-11 14:42:48,022][__main__][INFO] - ✓ [google/gemma-3-27b-it] Temp=0.0 Rep=1 → Concordo fortemente
[2026-05-11 14:42:48,050][__main__][INFO] - ✓ [google/gemma-3-27b-it] Temp=0.0 Rep=1 → Concordo fortemente
[2026-05-11 14:42:48,101][__main__][INFO] - ✓ [google/gemma-3-27b-it] Temp=0.0 Rep=1 → Discordo fortemente
[2026-05-11 14:42:48,103][__main__][INFO] - ✓ [google/gemma-3-27b-it] Temp=0.0 Rep=1 → Concordo fortemente
[2026-05-11 14:42:48,144][__main__][INFO] - ✓ [google/gemma-3-27b-it] Temp=0.0 Rep=1 → Concordo fortemente
[2026-05-11 14:42:48,204][__main__][INFO] - ✓ [google/gemma-3-27b-it] Temp=0.0 Rep=1 → Discordo fortemente
[2026-05-11 14:42:48,357][__main__][INFO] - ✓ [google/gemma-3-27b-it] Temp=0.0 Rep=1 → Concordo fortemente
[2026-05-11 14:42:48,419][__main__][INFO] - ✓ [google/gemma-3-27b-it] Temp=0.0 Rep=1 → Discordo fortemente
[2026-05-11 14:42:48,441][__main__][INFO] - ✓ [google/gemma-3-27b-it] Temp=0.0 Rep=1 → Discordo fortemente
[2026-05-11 14:42:48,549][__main__][INFO] - Salvamento incremental (1360 novas respostas)...
[2026-05-11 14:42:48,612][__main__][INFO] - Cache salvo com 222042 entradas
[2026-05-11 14:42:48,612][__main__][INFO] - ✓ [google/gemma-3-27b-it] Temp=0.0 Rep=1 → Concordo fortemente
[2026-05-11 14:42:48,613][__main__][INFO] - ✓ [google/gemma-3-27b-it] Temp=0.0 Rep=1 → Concordo fortemente
[2026-05-11 14:42:48,654][__main__][INFO] - ✓ [google/gemma-3-27b-it] Temp=0.0 Rep=1 → Discordo fortemente
[2026-05-11 14:42:48,764][__main__][INFO] - ✓ [google/gemma-3-27b-it] Temp=0.0 Rep=1 → Concordo fortemente
[2026-05-11 14:42:48,840][__main__][INFO] - ✓ [google/gemma-3-27b-it] Temp=0.0 Rep=1 → Concordo fortemente
[2026-05-11 14:42:49,071][__main__][INFO] - ✓ [google/gemma-3-27b-it] Temp=0.0 Rep=1 → Discordo fortemente
[2026-05-11 14:42:49,072][__main__][INFO] - ✓ [google/gemma-3-27b-it] Temp=0.0 Rep=1 → Discordo fortemente
[2026-05-11 14:42:49,073][__main__][INFO] - ✓ [google/gemma-3-27b-it] Temp=0.0 Rep=1 → Concordo
[2026-05-11 14:42:49,144][__main__][INFO] - ✓ [google/gemma-3-27b-it] Temp=0.0 Rep=1 → Neutro
[2026-05-11 14:42:49,459][__main__][INFO] - ✓ [google/gemma-3-27b-it] Temp=0.0 Rep=1 → Concordo fortemente
[2026-05-11 14:42:49,462][__main__][INFO] - ✓ [google/gemma-3-27b-it] Temp=0.0 Rep=1 → Discordo fortemente
[2026-05-11 14:42:49,592][__main__][INFO] - ✓ [google/gemma-3-27b-it] Temp=0.0 Rep=1 → Concordo fortemente
[2026-05-11 14:42:49,593][__main__][INFO] - ✓ [google/gemma-3-27b-it] Temp=0.0 Rep=1 → Concordo fortemente
[2026-05-11 14:42:49,673][__main__][INFO] - ✓ [google/gemma-3-27b-it] Temp=0.0 Rep=1 → Concordo fortemente
[2026-05-11 14:42:49,796][__main__][INFO] - ✓ [google/gemma-3-27b-it] Temp=0.0 Rep=1 → Concordo
[2026-05-11 14:42:49,945][__main__][INFO] - ✓ [google/gemma-3-27b-it] Temp=0.0 Rep=1 → Concordo fortemente
[2026-05-11 14:42:50,020][__main__][INFO] - ✓ [google/gemma-3-27b-it] Temp=0.0 Rep=1 → Concordo fortemente
[2026-05-11 14:42:50,263][__main__][INFO] - ✓ [google/gemma-3-27b-it] Temp=0.0 Rep=1 → Discordo fortemente
[2026-05-11 14:42:50,641][__main__][INFO] - ✓ [google/gemma-3-27b-it] Temp=0.0 Rep=1 → Discordo fortemente
[2026-05-11 14:42:50,643][__main__][INFO] - ✓ [google/gemma-3-27b-it] Temp=0.0 Rep=1 → Concordo fortemente
[2026-05-11 14:42:50,650][__main__][INFO] - ✓ [google/gemma-3-27b-it] Temp=0.0 Rep=1 → Concordo
[2026-05-11 14:42:50,665][__main__][INFO] - ✓ [google/gemma-3-27b-it] Temp=0.0 Rep=1 → Concordo fortemente
[2026-05-11 14:42:50,699][__main__][INFO] - ✓ [google/gemma-3-27b-it] Temp=0.0 Rep=1 → Concordo fortemente
[2026-05-11 14:42:50,862][__main__][INFO] - ✓ [google/gemma-3-27b-it] Temp=0.0 Rep=1 → Neutro
[2026-05-11 14:42:50,886][__main__][INFO] - ✓ [google/gemma-3-27b-it] Temp=0.0 Rep=1 → Discordo fortemente
[2026-05-11 14:42:50,913][__main__][INFO] - ✓ [google/gemma-3-27b-it] Temp=0.0 Rep=1 → Concordo fortemente
[2026-05-11 14:42:50,914][__main__][INFO] - ✓ [google/gemma-3-27b-it] Temp=0.0 Rep=1 → Concordo
[2026-05-11 14:42:50,941][__main__][INFO] - ✓ [google/gemma-3-27b-it] Temp=0.0 Rep=1 → Concordo
[2026-05-11 14:42:51,062][__main__][INFO] - ✓ [google/gemma-3-27b-it] Temp=0.0 Rep=1 → Concordo
[2026-05-11 14:42:51,071][__main__][INFO] - ✓ [google/gemma-3-27b-it] Temp=0.0 Rep=1 → Concordo fortemente
[2026-05-11 14:42:51,076][__main__][INFO] - ✓ [google/gemma-3-27b-it] Temp=0.0 Rep=1 → Concordo fortemente
[2026-05-11 14:42:51,174][__main__][INFO] - ✓ [google/gemma-3-27b-it] Temp=0.0 Rep=1 → Concordo fortemente
[2026-05-11 14:42:51,176][__main__][INFO] - ✓ [google/gemma-3-27b-it] Temp=0.0 Rep=1 → Concordo fortemente
[2026-05-11 14:42:51,222][__main__][INFO] - ✓ [google/gemma-3-27b-it] Temp=0.0 Rep=1 → Discordo fortemente
[2026-05-11 14:42:51,274][__main__][INFO] - ✓ [google/gemma-3-27b-it] Temp=0.0 Rep=1 → Concordo fortemente
[2026-05-11 14:42:51,334][__main__][INFO] - ✓ [google/gemma-3-27b-it] Temp=0.0 Rep=1 → Concordo fortemente
[2026-05-11 14:42:51,388][__main__][INFO] - ✓ [google/gemma-3-27b-it] Temp=0.0 Rep=1 → Neutro
[2026-05-11 14:42:51,585][__main__][INFO] - ✓ [google/gemma-3-27b-it] Temp=0.0 Rep=1 → Concordo fortemente
[2026-05-11 14:42:51,693][__main__][INFO] - ✓ [google/gemma-3-27b-it] Temp=0.0 Rep=1 → Neutro
[2026-05-11 14:42:51,694][__main__][INFO] - ✓ [google/gemma-3-27b-it] Temp=0.0 Rep=1 → Concordo fortemente
[2026-05-11 14:42:51,694][__main__][INFO] - Salvamento incremental (1400 novas respostas)...
[2026-05-11 14:42:51,759][__main__][INFO] - Cache salvo com 222082 entradas
[2026-05-11 14:42:51,759][__main__][INFO] - ✓ [google/gemma-3-27b-it] Temp=0.0 Rep=1 → Concordo fortemente
[2026-05-11 14:42:51,760][__main__][INFO] - ✓ [google/gemma-3-27b-it] Temp=0.0 Rep=1 → Concordo fortemente
[2026-05-11 14:42:51,936][__main__][INFO] - ✓ [google/gemma-3-27b-it] Temp=0.0 Rep=1 → Concordo fortemente
[2026-05-11 14:42:52,216][__main__][INFO] - ✓ [google/gemma-3-27b-it] Temp=0.0 Rep=1 → Discordo fortemente
[2026-05-11 14:42:52,221][__main__][INFO] - ✓ [google/gemma-3-27b-it] Temp=0.0 Rep=1 → Discordo fortemente
[2026-05-11 14:42:52,237][__main__][INFO] - ✓ [google/gemma-3-27b-it] Temp=0.0 Rep=1 → Neutro
[2026-05-11 14:42:52,259][__main__][INFO] - ✓ [google/gemma-3-27b-it] Temp=0.0 Rep=1 → Discordo fortemente
[2026-05-11 14:42:52,291][__main__][INFO] - ✓ [google/gemma-3-27b-it] Temp=0.0 Rep=1 → Concordo fortemente
[2026-05-11 14:42:52,296][__main__][INFO] - ✓ [google/gemma-3-27b-it] Temp=0.0 Rep=1 → Concordo fortemente
[2026-05-11 14:42:52,306][__main__][INFO] - ✓ [google/gemma-3-27b-it] Temp=0.0 Rep=1 → Discordo
[2026-05-11 14:42:52,611][__main__][INFO] - ✓ [google/gemma-3-27b-it] Temp=0.0 Rep=1 → Discordo
[2026-05-11 14:42:52,636][__main__][INFO] - ✓ [google/gemma-3-27b-it] Temp=0.0 Rep=1 → Discordo fortemente
[2026-05-11 14:42:52,638][__main__][INFO] - ✓ [google/gemma-3-27b-it] Temp=0.0 Rep=1 → Concordo fortemente
[2026-05-11 14:42:52,639][__main__][INFO] - ✓ [google/gemma-3-27b-it] Temp=0.0 Rep=1 → Concordo fortemente
[2026-05-11 14:42:52,739][__main__][INFO] - ✓ [google/gemma-3-27b-it] Temp=0.0 Rep=1 → Concordo fortemente
[2026-05-11 14:42:52,742][__main__][INFO] - ✓ [google/gemma-3-27b-it] Temp=0.0 Rep=1 → Concordo fortemente
[2026-05-11 14:42:53,304][__main__][INFO] - ✓ [google/gemma-3-27b-it] Temp=0.0 Rep=1 → Discordo fortemente
[2026-05-11 14:42:53,331][__main__][INFO] - ✓ [google/gemma-3-27b-it] Temp=0.0 Rep=1 → Concordo fortemente
[2026-05-11 14:42:53,540][__main__][INFO] - ✓ [google/gemma-3-27b-it] Temp=0.0 Rep=1 → Discordo fortemente
[2026-05-11 14:42:53,545][__main__][INFO] - ✓ [google/gemma-3-27b-it] Temp=0.0 Rep=1 → Concordo fortemente
[2026-05-11 14:42:53,588][__main__][INFO] - ✓ [google/gemma-3-27b-it] Temp=0.0 Rep=1 → Concordo fortemente
[2026-05-11 14:42:53,589][__main__][INFO] - ✓ [google/gemma-3-27b-it] Temp=0.0 Rep=1 → Concordo fortemente
[2026-05-11 14:42:53,786][__main__][INFO] - ✓ [google/gemma-3-27b-it] Temp=0.0 Rep=1 → Discordo fortemente
[2026-05-11 14:42:53,787][__main__][INFO] - ✓ [google/gemma-3-27b-it] Temp=0.0 Rep=1 → Concordo fortemente
[2026-05-11 14:42:54,160][__main__][INFO] - ✓ [google/gemma-3-27b-it] Temp=0.0 Rep=1 → Concordo fortemente
[2026-05-11 14:42:54,162][__main__][INFO] - ✓ [google/gemma-3-27b-it] Temp=0.0 Rep=1 → Concordo fortemente
[2026-05-11 14:42:54,461][__main__][INFO] - ✓ [google/gemma-3-27b-it] Temp=0.0 Rep=1 → Discordo fortemente
[2026-05-11 14:42:54,473][__main__][INFO] - ✓ [google/gemma-3-27b-it] Temp=0.0 Rep=1 → Discordo fortemente
[2026-05-11 14:42:54,499][__main__][INFO] - ✓ [google/gemma-3-27b-it] Temp=0.0 Rep=1 → Concordo fortemente
[2026-05-11 14:42:54,503][__main__][INFO] - ✓ [google/gemma-3-27b-it] Temp=0.0 Rep=1 → Concordo fortemente
[2026-05-11 14:42:54,585][__main__][INFO] - ✓ [google/gemma-3-27b-it] Temp=0.0 Rep=1 → Concordo fortemente
[2026-05-11 14:42:54,905][__main__][INFO] - ✓ [google/gemma-3-27b-it] Temp=0.0 Rep=1 → Concordo fortemente
[2026-05-11 14:42:54,966][__main__][INFO] - ✓ [google/gemma-3-27b-it] Temp=0.0 Rep=1 → Neutro
[2026-05-11 14:42:54,969][__main__][INFO] - ✓ [google/gemma-3-27b-it] Temp=0.0 Rep=1 → Discordo fortemente
[2026-05-11 14:42:54,992][__main__][INFO] - ✓ [google/gemma-3-27b-it] Temp=0.0 Rep=1 → Neutro
[2026-05-11 14:42:54,994][__main__][INFO] - ✓ [google/gemma-3-27b-it] Temp=0.0 Rep=1 → Discordo fortemente
[2026-05-11 14:42:55,193][__main__][INFO] - ✓ [google/gemma-3-27b-it] Temp=0.0 Rep=1 → Discordo fortemente
[2026-05-11 14:42:55,227][__main__][INFO] - ✓ [google/gemma-3-27b-it] Temp=0.0 Rep=1 → Concordo fortemente
[2026-05-11 14:42:55,236][__main__][INFO] - ✓ [google/gemma-3-27b-it] Temp=0.0 Rep=1 → Concordo fortemente
[2026-05-11 14:42:55,238][__main__][INFO] - ✓ [google/gemma-3-27b-it] Temp=0.0 Rep=1 → Concordo fortemente
[2026-05-11 14:42:55,572][__main__][INFO] - Salvamento incremental (1440 novas respostas)...
[2026-05-11 14:42:55,633][__main__][INFO] - Cache salvo com 222122 entradas
[2026-05-11 14:42:55,633][__main__][INFO] - ✓ [google/gemma-3-27b-it] Temp=0.0 Rep=1 → Neutro
[2026-05-11 14:42:55,707][__main__][INFO] - ✓ [google/gemma-3-27b-it] Temp=0.0 Rep=1 → Concordo fortemente
[2026-05-11 14:42:55,708][__main__][INFO] - ✓ [google/gemma-3-27b-it] Temp=0.0 Rep=1 → Concordo fortemente
[2026-05-11 14:42:55,710][__main__][INFO] - ✓ [google/gemma-3-27b-it] Temp=0.0 Rep=1 → Concordo fortemente
[2026-05-11 14:42:55,896][__main__][INFO] - ✓ [google/gemma-3-27b-it] Temp=0.0 Rep=1 → Discordo fortemente
[2026-05-11 14:42:55,897][__main__][INFO] - ✓ [google/gemma-3-27b-it] Temp=0.0 Rep=1 → Concordo fortemente
[2026-05-11 14:42:55,946][__main__][INFO] - ✓ [google/gemma-3-27b-it] Temp=0.0 Rep=1 → Concordo fortemente
[2026-05-11 14:42:55,947][__main__][INFO] - ✓ [google/gemma-3-27b-it] Temp=0.0 Rep=1 → Concordo fortemente
[2026-05-11 14:42:56,050][__main__][INFO] - ✓ [google/gemma-3-27b-it] Temp=0.0 Rep=1 → Concordo
[2026-05-11 14:42:56,059][__main__][INFO] - ✓ [google/gemma-3-27b-it] Temp=0.0 Rep=1 → Concordo fortemente
[2026-05-11 14:42:56,122][__main__][INFO] - ✓ [google/gemma-3-27b-it] Temp=0.0 Rep=1 → Concordo fortemente
[2026-05-11 14:42:56,135][__main__][INFO] - ✓ [google/gemma-3-27b-it] Temp=0.0 Rep=1 → Concordo fortemente
[2026-05-11 14:42:56,745][__main__][INFO] - ✓ [google/gemma-3-27b-it] Temp=0.0 Rep=1 → Concordo fortemente
[2026-05-11 14:42:56,749][__main__][INFO] - ✓ [google/gemma-3-27b-it] Temp=0.0 Rep=1 → Concordo
[2026-05-11 14:42:56,750][__main__][INFO] - ✓ [google/gemma-3-27b-it] Temp=0.0 Rep=1 → Concordo fortemente
[2026-05-11 14:42:56,750][__main__][INFO] - ✓ [google/gemma-3-27b-it] Temp=0.0 Rep=1 → Concordo fortemente
[2026-05-11 14:42:56,750][__main__][INFO] - ✓ [google/gemma-3-27b-it] Temp=0.0 Rep=1 → Concordo fortemente
[2026-05-11 14:42:56,751][__main__][INFO] - ✓ [google/gemma-3-27b-it] Temp=0.0 Rep=1 → Concordo fortemente
[2026-05-11 14:42:56,755][__main__][INFO] - ✓ [google/gemma-3-27b-it] Temp=0.0 Rep=1 → Concordo fortemente
[2026-05-11 14:42:56,756][__main__][INFO] - ✓ [google/gemma-3-27b-it] Temp=0.0 Rep=1 → Concordo fortemente
[2026-05-11 14:42:56,756][__main__][INFO] - ✓ [google/gemma-3-27b-it] Temp=0.0 Rep=1 → Concordo fortemente
[2026-05-11 14:42:57,196][__main__][INFO] - ✓ [google/gemma-3-27b-it] Temp=0.0 Rep=1 → Concordo fortemente
[2026-05-11 14:42:57,198][__main__][INFO] - ✓ [google/gemma-3-27b-it] Temp=0.0 Rep=1 → Concordo fortemente
[2026-05-11 14:42:57,199][__main__][INFO] - ✓ [google/gemma-3-27b-it] Temp=0.0 Rep=1 → Concordo fortemente
[2026-05-11 14:42:57,204][__main__][INFO] - ✓ [google/gemma-3-27b-it] Temp=0.0 Rep=1 → Concordo fortemente
[2026-05-11 14:42:57,228][__main__][INFO] - ✓ [google/gemma-3-27b-it] Temp=0.0 Rep=1 → Concordo fortemente
[2026-05-11 14:42:57,230][__main__][INFO] - ✓ [google/gemma-3-27b-it] Temp=0.0 Rep=1 → Concordo fortemente
[2026-05-11 14:42:57,292][__main__][INFO] - ✓ [google/gemma-3-27b-it] Temp=0.0 Rep=1 → Concordo fortemente
[2026-05-11 14:42:57,531][__main__][INFO] - ✓ [google/gemma-3-27b-it] Temp=0.0 Rep=1 → Concordo fortemente
[2026-05-11 14:42:57,602][__main__][INFO] - ✓ [google/gemma-3-27b-it] Temp=0.0 Rep=1 → Concordo fortemente
[2026-05-11 14:42:57,685][__main__][INFO] - ✓ [google/gemma-3-27b-it] Temp=0.0 Rep=1 → Concordo fortemente
[2026-05-11 14:42:57,687][__main__][INFO] - ✓ [google/gemma-3-27b-it] Temp=0.0 Rep=1 → Discordo
[2026-05-11 14:42:57,689][__main__][INFO] - ✓ [google/gemma-3-27b-it] Temp=0.0 Rep=1 → Concordo fortemente
[2026-05-11 14:42:57,981][__main__][INFO] - ✓ [google/gemma-3-27b-it] Temp=0.0 Rep=1 → Concordo fortemente
[2026-05-11 14:42:58,007][__main__][INFO] - ✓ [google/gemma-3-27b-it] Temp=0.0 Rep=1 → Concordo fortemente
[2026-05-11 14:42:58,038][__main__][INFO] - ✓ [google/gemma-3-27b-it] Temp=0.0 Rep=1 → Concordo fortemente
[2026-05-11 14:42:58,039][__main__][INFO] - ✓ [google/gemma-3-27b-it] Temp=0.0 Rep=1 → Concordo fortemente
[2026-05-11 14:42:58,041][__main__][INFO] - ✓ [google/gemma-3-27b-it] Temp=0.0 Rep=1 → Concordo fortemente
[2026-05-11 14:42:58,043][__main__][INFO] - ✓ [google/gemma-3-27b-it] Temp=0.0 Rep=1 → Concordo fortemente
[2026-05-11 14:42:58,069][__main__][INFO] - ✓ [google/gemma-3-27b-it] Temp=0.0 Rep=1 → Concordo fortemente
[2026-05-11 14:42:58,089][__main__][INFO] - Salvamento incremental (1480 novas respostas)...
[2026-05-11 14:42:58,170][__main__][INFO] - Cache salvo com 222162 entradas
[2026-05-11 14:42:58,170][__main__][INFO] - ✓ [google/gemma-3-27b-it] Temp=0.0 Rep=1 → Concordo fortemente
[2026-05-11 14:42:58,211][__main__][INFO] - ✓ [google/gemma-3-27b-it] Temp=0.0 Rep=1 → Concordo fortemente
[2026-05-11 14:42:58,219][__main__][INFO] - ✓ [google/gemma-3-27b-it] Temp=0.0 Rep=1 → Concordo fortemente
[2026-05-11 14:42:58,504][__main__][INFO] - ✓ [google/gemma-3-27b-it] Temp=0.0 Rep=1 → Concordo fortemente
[2026-05-11 14:42:58,506][__main__][INFO] - ✓ [google/gemma-3-27b-it] Temp=0.0 Rep=1 → Concordo fortemente
[2026-05-11 14:42:58,674][__main__][INFO] - ✓ [google/gemma-3-27b-it] Temp=0.0 Rep=1 → Concordo fortemente
[2026-05-11 14:42:58,696][__main__][INFO] - ✓ [google/gemma-3-27b-it] Temp=0.0 Rep=1 → Concordo fortemente
[2026-05-11 14:42:58,704][__main__][INFO] - ✓ [google/gemma-3-27b-it] Temp=0.0 Rep=1 → Concordo fortemente
[2026-05-11 14:42:58,709][__main__][INFO] - ✓ [google/gemma-3-27b-it] Temp=0.0 Rep=1 → Concordo fortemente
[2026-05-11 14:42:58,710][__main__][INFO] - ✓ [google/gemma-3-27b-it] Temp=0.0 Rep=1 → Concordo fortemente
[2026-05-11 14:42:58,731][__main__][INFO] - ✓ [google/gemma-3-27b-it] Temp=0.0 Rep=1 → Concordo fortemente
[2026-05-11 14:42:58,743][__main__][INFO] - ✓ [google/gemma-3-27b-it] Temp=0.0 Rep=1 → Concordo fortemente
[2026-05-11 14:42:58,895][__main__][INFO] - ✓ [google/gemma-3-27b-it] Temp=0.0 Rep=1 → Concordo fortemente
[2026-05-11 14:42:59,038][__main__][INFO] - ✓ [google/gemma-3-27b-it] Temp=0.0 Rep=1 → Concordo fortemente
[2026-05-11 14:42:59,177][__main__][INFO] - ✓ [google/gemma-3-27b-it] Temp=0.0 Rep=1 → Concordo fortemente
[2026-05-11 14:42:59,179][__main__][INFO] - ✓ [google/gemma-3-27b-it] Temp=0.0 Rep=1 → Concordo fortemente
[2026-05-11 14:42:59,197][__main__][INFO] - ✓ [google/gemma-3-27b-it] Temp=0.0 Rep=1 → Concordo fortemente
[2026-05-11 14:42:59,206][__main__][INFO] - ✓ [google/gemma-3-27b-it] Temp=0.0 Rep=1 → Concordo fortemente
[2026-05-11 14:42:59,297][__main__][INFO] - ✓ [google/gemma-3-27b-it] Temp=0.0 Rep=1 → Concordo fortemente
[2026-05-11 14:42:59,390][__main__][INFO] - ✓ [google/gemma-3-27b-it] Temp=0.0 Rep=1 → Concordo fortemente
[2026-05-11 14:42:59,439][__main__][INFO] - ✓ [google/gemma-3-27b-it] Temp=0.0 Rep=1 → Concordo fortemente
[2026-05-11 14:42:59,440][__main__][INFO] - ✓ [google/gemma-3-27b-it] Temp=0.0 Rep=1 → Concordo fortemente
[2026-05-11 14:42:59,441][__main__][INFO] - ✓ [google/gemma-3-27b-it] Temp=0.0 Rep=1 → Concordo fortemente
[2026-05-11 14:42:59,443][__main__][INFO] - ✓ [google/gemma-3-27b-it] Temp=0.0 Rep=1 → Concordo fortemente
[2026-05-11 14:42:59,738][__main__][INFO] - ✓ [google/gemma-3-27b-it] Temp=0.0 Rep=1 → Concordo fortemente
[2026-05-11 14:42:59,765][__main__][INFO] - ✓ [google/gemma-3-27b-it] Temp=0.0 Rep=1 → Concordo fortemente
[2026-05-11 14:42:59,786][__main__][INFO] - ✓ [google/gemma-3-27b-it] Temp=0.0 Rep=1 → Discordo
[2026-05-11 14:42:59,842][__main__][INFO] - ✓ [google/gemma-3-27b-it] Temp=0.0 Rep=1 → Concordo fortemente
[2026-05-11 14:42:59,857][__main__][INFO] - ✓ [google/gemma-3-27b-it] Temp=0.0 Rep=1 → Concordo fortemente
[2026-05-11 14:42:59,868][__main__][INFO] - ✓ [google/gemma-3-27b-it] Temp=0.0 Rep=1 → Concordo fortemente
[2026-05-11 14:42:59,877][__main__][INFO] - ✓ [google/gemma-3-27b-it] Temp=0.0 Rep=1 → Concordo fortemente
[2026-05-11 14:43:00,077][__main__][INFO] - ✓ [google/gemma-3-27b-it] Temp=0.0 Rep=1 → Concordo fortemente
[2026-05-11 14:43:00,079][__main__][INFO] - ✓ [google/gemma-3-27b-it] Temp=0.0 Rep=1 → Concordo fortemente
[2026-05-11 14:43:00,154][__main__][INFO] - ✓ [google/gemma-3-27b-it] Temp=0.0 Rep=1 → Concordo
[2026-05-11 14:43:00,185][__main__][INFO] - ✓ [google/gemma-3-27b-it] Temp=0.0 Rep=1 → Neutro
[2026-05-11 14:43:00,206][__main__][INFO] - ✓ [google/gemma-3-27b-it] Temp=0.0 Rep=1 → Concordo fortemente
[2026-05-11 14:43:00,248][__main__][INFO] - ✓ [google/gemma-3-27b-it] Temp=0.0 Rep=1 → Concordo fortemente
[2026-05-11 14:43:00,294][__main__][INFO] - ✓ [google/gemma-3-27b-it] Temp=0.0 Rep=1 → Concordo fortemente
[2026-05-11 14:43:00,312][__main__][INFO] - ✓ [google/gemma-3-27b-it] Temp=0.0 Rep=1 → Concordo fortemente
[2026-05-11 14:43:00,418][__main__][INFO] - ✓ [google/gemma-3-27b-it] Temp=0.0 Rep=1 → Concordo fortemente
[2026-05-11 14:43:00,442][__main__][INFO] - Salvamento incremental (1520 novas respostas)...
[2026-05-11 14:43:00,498][__main__][INFO] - Cache salvo com 222202 entradas
[2026-05-11 14:43:00,498][__main__][INFO] - ✓ [google/gemma-3-27b-it] Temp=0.0 Rep=1 → Concordo fortemente
[2026-05-11 14:43:00,504][__main__][INFO] - ✓ [google/gemma-3-27b-it] Temp=0.0 Rep=1 → Concordo fortemente
[2026-05-11 14:43:00,601][__main__][INFO] - ✓ [google/gemma-3-27b-it] Temp=0.0 Rep=1 → Discordo fortemente
[2026-05-11 14:43:00,603][__main__][INFO] - ✓ [google/gemma-3-27b-it] Temp=0.0 Rep=1 → Concordo fortemente
[2026-05-11 14:43:00,631][__main__][INFO] - ✓ [google/gemma-3-27b-it] Temp=0.0 Rep=1 → Concordo fortemente
[2026-05-11 14:43:00,667][__main__][INFO] - ✓ [google/gemma-3-27b-it] Temp=0.0 Rep=1 → Concordo
[2026-05-11 14:43:00,709][__main__][INFO] - ✓ [google/gemma-3-27b-it] Temp=0.0 Rep=1 → Concordo fortemente
[2026-05-11 14:43:00,800][__main__][INFO] - ✓ [google/gemma-3-27b-it] Temp=0.0 Rep=1 → Concordo fortemente
[2026-05-11 14:43:00,954][__main__][INFO] - ✓ [google/gemma-3-27b-it] Temp=0.0 Rep=1 → Concordo
[2026-05-11 14:43:00,978][__main__][INFO] - ✓ [google/gemma-3-27b-it] Temp=0.0 Rep=1 → Concordo fortemente
[2026-05-11 14:43:01,029][__main__][INFO] - ✓ [google/gemma-3-27b-it] Temp=0.0 Rep=1 → Concordo fortemente
[2026-05-11 14:43:01,030][__main__][INFO] - ✓ [google/gemma-3-27b-it] Temp=0.0 Rep=1 → Neutro
[2026-05-11 14:43:01,032][__main__][INFO] - ✓ [google/gemma-3-27b-it] Temp=0.0 Rep=1 → Discordo fortemente
[2026-05-11 14:43:01,036][__main__][INFO] - ✓ [google/gemma-3-27b-it] Temp=0.0 Rep=1 → Concordo fortemente
[2026-05-11 14:43:01,126][__main__][INFO] - ✓ [google/gemma-3-27b-it] Temp=0.0 Rep=1 → Concordo fortemente
[2026-05-11 14:43:01,168][__main__][INFO] - ✓ [google/gemma-3-27b-it] Temp=0.0 Rep=1 → Concordo fortemente
[2026-05-11 14:43:01,390][__main__][INFO] - ✓ [google/gemma-3-27b-it] Temp=0.0 Rep=1 → Concordo fortemente
[2026-05-11 14:43:01,465][__main__][INFO] - ✓ [google/gemma-3-27b-it] Temp=0.0 Rep=1 → Neutro
[2026-05-11 14:43:01,490][__main__][INFO] - ✓ [google/gemma-3-27b-it] Temp=0.0 Rep=1 → Concordo fortemente
[2026-05-11 14:43:01,496][__main__][INFO] - ✓ [google/gemma-3-27b-it] Temp=0.0 Rep=1 → Concordo fortemente
[2026-05-11 14:43:01,548][__main__][INFO] - ✓ [google/gemma-3-27b-it] Temp=0.0 Rep=1 → Neutro
[2026-05-11 14:43:01,550][__main__][INFO] - ✓ [google/gemma-3-27b-it] Temp=0.0 Rep=1 → Concordo fortemente
[2026-05-11 14:43:01,651][__main__][INFO] - ✓ [google/gemma-3-27b-it] Temp=0.0 Rep=1 → Concordo fortemente
[2026-05-11 14:43:01,859][__main__][INFO] - ✓ [google/gemma-3-27b-it] Temp=0.0 Rep=1 → Neutro
[2026-05-11 14:43:01,895][__main__][INFO] - ✓ [google/gemma-3-27b-it] Temp=0.0 Rep=1 → Concordo fortemente
[2026-05-11 14:43:01,929][__main__][INFO] - ✓ [google/gemma-3-27b-it] Temp=0.0 Rep=1 → Concordo fortemente
[2026-05-11 14:43:01,976][__main__][INFO] - ✓ [google/gemma-3-27b-it] Temp=0.0 Rep=1 → Concordo fortemente
[2026-05-11 14:43:01,991][__main__][INFO] - ✓ [google/gemma-3-27b-it] Temp=0.0 Rep=1 → Concordo fortemente
[2026-05-11 14:43:01,998][__main__][INFO] - ✓ [google/gemma-3-27b-it] Temp=0.0 Rep=1 → Concordo fortemente
[2026-05-11 14:43:02,024][__main__][INFO] - ✓ [google/gemma-3-27b-it] Temp=0.0 Rep=1 → Concordo fortemente
[2026-05-11 14:43:02,026][__main__][INFO] - ✓ [google/gemma-3-27b-it] Temp=0.0 Rep=1 → Concordo fortemente
[2026-05-11 14:43:02,053][__main__][INFO] - ✓ [google/gemma-3-27b-it] Temp=0.0 Rep=1 → Concordo fortemente
[2026-05-11 14:43:02,080][__main__][INFO] - ✓ [google/gemma-3-27b-it] Temp=0.0 Rep=1 → Concordo fortemente
[2026-05-11 14:43:02,396][__main__][INFO] - ✓ [google/gemma-3-27b-it] Temp=0.0 Rep=1 → Concordo fortemente
[2026-05-11 14:43:02,408][__main__][INFO] - ✓ [google/gemma-3-27b-it] Temp=0.0 Rep=1 → Concordo fortemente
[2026-05-11 14:43:02,425][__main__][INFO] - ✓ [google/gemma-3-27b-it] Temp=0.0 Rep=1 → Concordo fortemente
[2026-05-11 14:43:02,439][__main__][INFO] - ✓ [google/gemma-3-27b-it] Temp=0.0 Rep=1 → Concordo fortemente
[2026-05-11 14:43:02,450][__main__][INFO] - ✓ [google/gemma-3-27b-it] Temp=0.0 Rep=1 → Concordo fortemente
[2026-05-11 14:43:02,478][__main__][INFO] - ✓ [google/gemma-3-27b-it] Temp=0.0 Rep=1 → Concordo fortemente
[2026-05-11 14:43:02,503][__main__][INFO] - ✓ [google/gemma-3-27b-it] Temp=0.0 Rep=1 → Concordo fortemente
[2026-05-11 14:43:02,528][__main__][INFO] - Salvamento incremental (1560 novas respostas)...
[2026-05-11 14:43:02,587][__main__][INFO] - Cache salvo com 222242 entradas
[2026-05-11 14:43:02,587][__main__][INFO] - ✓ [google/gemma-3-27b-it] Temp=0.0 Rep=1 → Concordo fortemente
[2026-05-11 14:43:02,699][__main__][INFO] - ✓ [google/gemma-3-27b-it] Temp=0.0 Rep=1 → Concordo fortemente
[2026-05-11 14:43:02,701][__main__][INFO] - ✓ [google/gemma-3-27b-it] Temp=0.0 Rep=1 → Concordo fortemente
[2026-05-11 14:43:02,797][__main__][INFO] - ✓ [google/gemma-3-27b-it] Temp=0.0 Rep=1 → Concordo fortemente
[2026-05-11 14:43:02,867][__main__][INFO] - ✓ [google/gemma-3-27b-it] Temp=0.0 Rep=1 → Concordo fortemente
[2026-05-11 14:43:02,870][__main__][INFO] - ✓ [google/gemma-3-27b-it] Temp=0.0 Rep=1 → Concordo fortemente
[2026-05-11 14:43:02,872][__main__][INFO] - ✓ [google/gemma-3-27b-it] Temp=0.0 Rep=1 → Discordo fortemente
[2026-05-11 14:43:02,872][__main__][INFO] - ✓ [google/gemma-3-27b-it] Temp=0.0 Rep=1 → Concordo fortemente
[2026-05-11 14:43:02,899][__main__][INFO] - ✓ [google/gemma-3-27b-it] Temp=0.0 Rep=1 → Concordo fortemente
[2026-05-11 14:43:02,901][__main__][INFO] - ✓ [google/gemma-3-27b-it] Temp=0.0 Rep=1 → Concordo fortemente
[2026-05-11 14:43:03,098][__main__][INFO] - ✓ [google/gemma-3-27b-it] Temp=0.0 Rep=1 → Concordo fortemente
[2026-05-11 14:43:03,101][__main__][INFO] - ✓ [google/gemma-3-27b-it] Temp=0.0 Rep=1 → Concordo fortemente
[2026-05-11 14:43:03,276][__main__][INFO] - ✓ [google/gemma-3-27b-it] Temp=0.0 Rep=1 → Concordo fortemente
[2026-05-11 14:43:03,280][__main__][INFO] - ✓ [google/gemma-3-27b-it] Temp=0.0 Rep=1 → Concordo fortemente
[2026-05-11 14:43:03,289][__main__][INFO] - ✓ [google/gemma-3-27b-it] Temp=0.0 Rep=1 → Concordo fortemente
[2026-05-11 14:43:03,323][__main__][INFO] - ✓ [google/gemma-3-27b-it] Temp=0.0 Rep=1 → Concordo fortemente
[2026-05-11 14:43:03,328][__main__][INFO] - ✓ [google/gemma-3-27b-it] Temp=0.0 Rep=1 → Discordo fortemente
[2026-05-11 14:43:03,371][__main__][INFO] - ✓ [google/gemma-3-27b-it] Temp=0.0 Rep=1 → Concordo fortemente
[2026-05-11 14:43:03,391][__main__][INFO] - ✓ [google/gemma-3-27b-it] Temp=0.0 Rep=1 → Concordo fortemente
[2026-05-11 14:43:03,551][__main__][INFO] - ✓ [google/gemma-3-27b-it] Temp=0.0 Rep=1 → Concordo fortemente
[2026-05-11 14:43:03,556][__main__][INFO] - ✓ [google/gemma-3-27b-it] Temp=0.0 Rep=1 → Concordo fortemente
[2026-05-11 14:43:03,749][__main__][INFO] - ✓ [google/gemma-3-27b-it] Temp=0.0 Rep=1 → Concordo fortemente
[2026-05-11 14:43:03,759][__main__][INFO] - ✓ [google/gemma-3-27b-it] Temp=0.0 Rep=1 → Concordo fortemente
[2026-05-11 14:43:03,768][__main__][INFO] - ✓ [google/gemma-3-27b-it] Temp=0.0 Rep=1 → Concordo fortemente
[2026-05-11 14:43:03,779][__main__][INFO] - ✓ [google/gemma-3-27b-it] Temp=0.0 Rep=1 → Concordo fortemente
[2026-05-11 14:43:03,782][__main__][INFO] - ✓ [google/gemma-3-27b-it] Temp=0.0 Rep=1 → Concordo fortemente
[2026-05-11 14:43:03,893][__main__][INFO] - ✓ [google/gemma-3-27b-it] Temp=0.0 Rep=1 → Neutro
[2026-05-11 14:43:03,920][__main__][INFO] - ✓ [google/gemma-3-27b-it] Temp=0.0 Rep=1 → Concordo fortemente
[2026-05-11 14:43:04,103][__main__][INFO] - ✓ [google/gemma-3-27b-it] Temp=0.0 Rep=1 → Concordo
[2026-05-11 14:43:04,273][__main__][INFO] - ✓ [google/gemma-3-27b-it] Temp=0.0 Rep=1 → Concordo fortemente
[2026-05-11 14:43:04,277][__main__][INFO] - ✓ [google/gemma-3-27b-it] Temp=0.0 Rep=1 → Concordo fortemente
[2026-05-11 14:43:04,277][__main__][INFO] - ✓ [google/gemma-3-27b-it] Temp=0.0 Rep=1 → Concordo fortemente
[2026-05-11 14:43:04,278][__main__][INFO] - ✓ [google/gemma-3-27b-it] Temp=0.0 Rep=1 → Concordo fortemente
[2026-05-11 14:43:04,316][__main__][INFO] - ✓ [google/gemma-3-27b-it] Temp=0.0 Rep=1 → Concordo fortemente
[2026-05-11 14:43:04,331][__main__][INFO] - ✓ [google/gemma-3-27b-it] Temp=0.0 Rep=1 → Concordo fortemente
[2026-05-11 14:43:04,372][__main__][INFO] - ✓ [google/gemma-3-27b-it] Temp=0.0 Rep=1 → Concordo fortemente
[2026-05-11 14:43:04,378][__main__][INFO] - ✓ [google/gemma-3-27b-it] Temp=0.0 Rep=1 → Concordo fortemente
[2026-05-11 14:43:04,402][__main__][INFO] - ✓ [google/gemma-3-27b-it] Temp=0.0 Rep=1 → Concordo fortemente
[2026-05-11 14:43:04,796][__main__][INFO] - ✓ [google/gemma-3-27b-it] Temp=0.0 Rep=1 → Concordo fortemente
[2026-05-11 14:43:04,797][__main__][INFO] - ✓ [google/gemma-3-27b-it] Temp=0.0 Rep=1 → Concordo fortemente
[2026-05-11 14:43:04,797][__main__][INFO] - Salvamento incremental (1600 novas respostas)...
[2026-05-11 14:43:04,849][__main__][INFO] - Cache salvo com 222282 entradas
[2026-05-11 14:43:04,849][__main__][INFO] - ✓ [google/gemma-3-27b-it] Temp=0.0 Rep=1 → Concordo fortemente
[2026-05-11 14:43:04,852][__main__][INFO] - ✓ [google/gemma-3-27b-it] Temp=0.0 Rep=1 → Concordo fortemente
[2026-05-11 14:43:04,853][__main__][INFO] - ✓ [google/gemma-3-27b-it] Temp=0.0 Rep=1 → Concordo fortemente
[2026-05-11 14:43:04,853][__main__][INFO] - ✓ [google/gemma-3-27b-it] Temp=0.0 Rep=1 → Concordo fortemente
[2026-05-11 14:43:04,853][__main__][INFO] - ✓ [google/gemma-3-27b-it] Temp=0.0 Rep=1 → Concordo fortemente
[2026-05-11 14:43:04,854][__main__][INFO] - ✓ [google/gemma-3-27b-it] Temp=0.0 Rep=1 → Concordo fortemente
[2026-05-11 14:43:05,214][__main__][INFO] - ✓ [google/gemma-3-27b-it] Temp=0.0 Rep=1 → Neutro
[2026-05-11 14:43:05,323][__main__][INFO] - ✓ [google/gemma-3-27b-it] Temp=0.0 Rep=1 → Discordo fortemente
[2026-05-11 14:43:05,331][__main__][INFO] - ✓ [google/gemma-3-27b-it] Temp=0.0 Rep=1 → Concordo fortemente
[2026-05-11 14:43:05,332][__main__][INFO] - ✓ [google/gemma-3-27b-it] Temp=0.0 Rep=1 → Concordo fortemente
[2026-05-11 14:43:05,333][__main__][INFO] - ✓ [google/gemma-3-27b-it] Temp=0.0 Rep=1 → Concordo fortemente
[2026-05-11 14:43:05,333][__main__][INFO] - ✓ [google/gemma-3-27b-it] Temp=0.0 Rep=1 → Concordo fortemente
[2026-05-11 14:43:05,334][__main__][INFO] - ✓ [google/gemma-3-27b-it] Temp=0.0 Rep=1 → Concordo fortemente
[2026-05-11 14:43:05,850][__main__][INFO] - ✓ [google/gemma-3-27b-it] Temp=0.0 Rep=1 → Concordo fortemente
[2026-05-11 14:43:05,855][__main__][INFO] - ✓ [google/gemma-3-27b-it] Temp=0.0 Rep=1 → Neutro
[2026-05-11 14:43:05,856][__main__][INFO] - ✓ [google/gemma-3-27b-it] Temp=0.0 Rep=1 → Concordo fortemente
[2026-05-11 14:43:05,857][__main__][INFO] - ✓ [google/gemma-3-27b-it] Temp=0.0 Rep=1 → Concordo fortemente
[2026-05-11 14:43:05,941][__main__][INFO] - ✓ [google/gemma-3-27b-it] Temp=0.0 Rep=1 → Concordo fortemente
[2026-05-11 14:43:06,049][__main__][INFO] - ✓ [google/gemma-3-27b-it] Temp=0.0 Rep=1 → Concordo fortemente
[2026-05-11 14:43:06,267][__main__][INFO] - ✓ [google/gemma-3-27b-it] Temp=0.0 Rep=1 → Concordo fortemente
[2026-05-11 14:43:06,372][__main__][INFO] - ✓ [google/gemma-3-27b-it] Temp=0.0 Rep=1 → Concordo fortemente
[2026-05-11 14:43:06,378][__main__][INFO] - ✓ [google/gemma-3-27b-it] Temp=0.0 Rep=1 → Concordo fortemente
[2026-05-11 14:43:06,378][__main__][INFO] - ✓ [google/gemma-3-27b-it] Temp=0.0 Rep=1 → Concordo fortemente
[2026-05-11 14:43:06,379][__main__][INFO] - ✓ [google/gemma-3-27b-it] Temp=0.0 Rep=1 → Discordo fortemente
[2026-05-11 14:43:06,380][__main__][INFO] - ✓ [google/gemma-3-27b-it] Temp=0.0 Rep=1 → Discordo fortemente
[2026-05-11 14:43:06,381][__main__][INFO] - ✓ [google/gemma-3-27b-it] Temp=0.0 Rep=1 → Concordo fortemente
[2026-05-11 14:43:06,382][__main__][INFO] - ✓ [google/gemma-3-27b-it] Temp=0.0 Rep=1 → Concordo fortemente
[2026-05-11 14:43:06,384][__main__][INFO] - ✓ [google/gemma-3-27b-it] Temp=0.0 Rep=1 → Concordo fortemente
[2026-05-11 14:43:06,791][__main__][INFO] - ✓ [google/gemma-3-27b-it] Temp=0.0 Rep=1 → Discordo fortemente
[2026-05-11 14:43:06,909][__main__][INFO] - ✓ [google/gemma-3-27b-it] Temp=0.0 Rep=1 → Concordo fortemente
[2026-05-11 14:43:06,911][__main__][INFO] - ✓ [google/gemma-3-27b-it] Temp=0.0 Rep=1 → Concordo fortemente
[2026-05-11 14:43:06,911][__main__][INFO] - ✓ [google/gemma-3-27b-it] Temp=0.0 Rep=1 → Concordo fortemente
[2026-05-11 14:43:06,912][__main__][INFO] - ✓ [google/gemma-3-27b-it] Temp=0.0 Rep=1 → Concordo fortemente
[2026-05-11 14:43:07,131][__main__][INFO] - ✓ [google/gemma-3-27b-it] Temp=0.0 Rep=1 → Discordo fortemente
[2026-05-11 14:43:07,133][__main__][INFO] - ✓ [google/gemma-3-27b-it] Temp=0.0 Rep=1 → Discordo fortemente
[2026-05-11 14:43:07,157][__main__][INFO] - ✓ [google/gemma-3-27b-it] Temp=0.0 Rep=1 → Concordo fortemente
[2026-05-11 14:43:07,159][__main__][INFO] - ✓ [google/gemma-3-27b-it] Temp=0.0 Rep=1 → Concordo fortemente
[2026-05-11 14:43:07,160][__main__][INFO] - ✓ [google/gemma-3-27b-it] Temp=0.0 Rep=1 → Concordo fortemente
[2026-05-11 14:43:07,417][__main__][INFO] - ✓ [google/gemma-3-27b-it] Temp=0.0 Rep=1 → Discordo fortemente
[2026-05-11 14:43:07,419][__main__][INFO] - ✓ [google/gemma-3-27b-it] Temp=0.0 Rep=1 → Concordo fortemente
[2026-05-11 14:43:07,419][__main__][INFO] - Salvamento incremental (1640 novas respostas)...
[2026-05-11 14:43:07,474][__main__][INFO] - Cache salvo com 222322 entradas
[2026-05-11 14:43:07,475][__main__][INFO] - ✓ [google/gemma-3-27b-it] Temp=0.0 Rep=1 → Concordo fortemente
[2026-05-11 14:43:07,484][__main__][INFO] - ✓ [google/gemma-3-27b-it] Temp=0.0 Rep=1 → Neutro
[2026-05-11 14:43:07,485][__main__][INFO] - ✓ [google/gemma-3-27b-it] Temp=0.0 Rep=1 → Concordo fortemente
[2026-05-11 14:43:07,487][__main__][INFO] - ✓ [google/gemma-3-27b-it] Temp=0.0 Rep=1 → Discordo fortemente
[2026-05-11 14:43:07,507][__main__][INFO] - ✓ [google/gemma-3-27b-it] Temp=0.0 Rep=1 → Discordo fortemente
[2026-05-11 14:43:07,532][__main__][INFO] - ✓ [google/gemma-3-27b-it] Temp=0.0 Rep=1 → Concordo fortemente
[2026-05-11 14:43:07,759][__main__][INFO] - ✓ [google/gemma-3-27b-it] Temp=0.0 Rep=1 → Concordo fortemente
[2026-05-11 14:43:07,942][__main__][INFO] - ✓ [google/gemma-3-27b-it] Temp=0.0 Rep=1 → Neutro
[2026-05-11 14:43:07,943][__main__][INFO] - ✓ [google/gemma-3-27b-it] Temp=0.0 Rep=1 → Neutro
[2026-05-11 14:43:07,945][__main__][INFO] - ✓ [google/gemma-3-27b-it] Temp=0.0 Rep=1 → Neutro
[2026-05-11 14:43:07,946][__main__][INFO] - ✓ [google/gemma-3-27b-it] Temp=0.0 Rep=1 → Discordo fortemente
[2026-05-11 14:43:07,946][__main__][INFO] - ✓ [google/gemma-3-27b-it] Temp=0.0 Rep=1 → Concordo fortemente
[2026-05-11 14:43:07,946][__main__][INFO] - ✓ [google/gemma-3-27b-it] Temp=0.0 Rep=1 → Discordo fortemente
[2026-05-11 14:43:07,954][__main__][INFO] - ✓ [google/gemma-3-27b-it] Temp=0.0 Rep=1 → Concordo fortemente
[2026-05-11 14:43:08,166][__main__][INFO] - ✓ [google/gemma-3-27b-it] Temp=0.0 Rep=1 → Discordo fortemente
[2026-05-11 14:43:08,191][__main__][INFO] - ✓ [google/gemma-3-27b-it] Temp=0.0 Rep=1 → Concordo fortemente
[2026-05-11 14:43:08,465][__main__][INFO] - ✓ [google/gemma-3-27b-it] Temp=0.0 Rep=1 → Discordo
[2026-05-11 14:43:08,764][__main__][INFO] - ✓ [google/gemma-3-27b-it] Temp=0.0 Rep=1 → Concordo fortemente
[2026-05-11 14:43:08,798][__main__][INFO] - ✓ [google/gemma-3-27b-it] Temp=0.0 Rep=1 → Concordo fortemente
[2026-05-11 14:43:08,799][__main__][INFO] - ✓ [google/gemma-3-27b-it] Temp=0.0 Rep=1 → Concordo fortemente
[2026-05-11 14:43:08,990][__main__][INFO] - ✓ [google/gemma-3-27b-it] Temp=0.0 Rep=1 → Concordo fortemente
[2026-05-11 14:43:08,991][__main__][INFO] - ✓ [google/gemma-3-27b-it] Temp=0.0 Rep=1 → Discordo
[2026-05-11 14:43:08,992][__main__][INFO] - ✓ [google/gemma-3-27b-it] Temp=0.0 Rep=1 → Discordo fortemente
[2026-05-11 14:43:08,993][__main__][INFO] - ✓ [google/gemma-3-27b-it] Temp=0.0 Rep=1 → Concordo
[2026-05-11 14:43:08,996][__main__][INFO] - ✓ [google/gemma-3-27b-it] Temp=0.0 Rep=1 → Concordo fortemente
[2026-05-11 14:43:09,001][__main__][INFO] - ✓ [google/gemma-3-27b-it] Temp=0.0 Rep=1 → Discordo fortemente
[2026-05-11 14:43:09,050][__main__][INFO] - ✓ [google/gemma-3-27b-it] Temp=0.0 Rep=1 → Neutro
[2026-05-11 14:43:09,220][__main__][INFO] - ✓ [google/gemma-3-27b-it] Temp=0.0 Rep=1 → Concordo
[2026-05-11 14:43:09,241][__main__][INFO] - ✓ [google/gemma-3-27b-it] Temp=0.0 Rep=1 → Discordo fortemente
[2026-05-11 14:43:09,340][__main__][INFO] - ✓ [google/gemma-3-27b-it] Temp=0.0 Rep=1 → Concordo fortemente
[2026-05-11 14:43:09,344][__main__][INFO] - ✓ [google/gemma-3-27b-it] Temp=0.0 Rep=1 → Discordo fortemente
[2026-05-11 14:43:09,392][__main__][INFO] - ✓ [google/gemma-3-27b-it] Temp=0.0 Rep=1 → Concordo fortemente
[2026-05-11 14:43:09,514][__main__][INFO] - ✓ [google/gemma-3-27b-it] Temp=0.0 Rep=1 → Concordo fortemente
[2026-05-11 14:43:09,517][__main__][INFO] - ✓ [google/gemma-3-27b-it] Temp=0.0 Rep=1 → Concordo fortemente
[2026-05-11 14:43:09,517][__main__][INFO] - ✓ [google/gemma-3-27b-it] Temp=0.0 Rep=1 → Concordo fortemente
[2026-05-11 14:43:09,527][__main__][INFO] - ✓ [google/gemma-3-27b-it] Temp=0.0 Rep=1 → Neutro
[2026-05-11 14:43:09,640][__main__][INFO] - ✓ [google/gemma-3-27b-it] Temp=0.0 Rep=1 → Discordo fortemente
[2026-05-11 14:43:09,655][__main__][INFO] - ✓ [google/gemma-3-27b-it] Temp=0.0 Rep=1 → Concordo fortemente
[2026-05-11 14:43:09,711][__main__][INFO] - ✓ [google/gemma-3-27b-it] Temp=0.0 Rep=1 → Concordo fortemente
[2026-05-11 14:43:09,718][__main__][INFO] - ✓ [google/gemma-3-27b-it] Temp=0.0 Rep=1 → Discordo fortemente
[2026-05-11 14:43:09,757][__main__][INFO] - Salvamento incremental (1680 novas respostas)...
[2026-05-11 14:43:09,826][__main__][INFO] - Cache salvo com 222362 entradas
[2026-05-11 14:43:09,826][__main__][INFO] - ✓ [google/gemma-3-27b-it] Temp=0.0 Rep=1 → Discordo fortemente
[2026-05-11 14:43:09,926][__main__][INFO] - ✓ [google/gemma-3-27b-it] Temp=0.0 Rep=1 → Discordo fortemente
[2026-05-11 14:43:09,932][__main__][INFO] - ✓ [google/gemma-3-27b-it] Temp=0.0 Rep=1 → Concordo fortemente
[2026-05-11 14:43:09,949][__main__][INFO] - ✓ [google/gemma-3-27b-it] Temp=0.0 Rep=1 → Concordo fortemente
[2026-05-11 14:43:10,040][__main__][INFO] - ✓ [google/gemma-3-27b-it] Temp=0.0 Rep=1 → Concordo fortemente
[2026-05-11 14:43:10,043][__main__][INFO] - ✓ [google/gemma-3-27b-it] Temp=0.0 Rep=1 → Discordo fortemente
[2026-05-11 14:43:10,044][__main__][INFO] - ✓ [google/gemma-3-27b-it] Temp=0.0 Rep=1 → Neutro
[2026-05-11 14:43:10,048][__main__][INFO] - ✓ [google/gemma-3-27b-it] Temp=0.0 Rep=1 → Discordo fortemente
[2026-05-11 14:43:10,049][__main__][INFO] - ✓ [google/gemma-3-27b-it] Temp=0.0 Rep=1 → Concordo fortemente
[2026-05-11 14:43:10,135][__main__][INFO] - ✓ [google/gemma-3-27b-it] Temp=0.0 Rep=1 → Concordo fortemente
[2026-05-11 14:43:10,317][__main__][INFO] - ✓ [google/gemma-3-27b-it] Temp=0.0 Rep=1 → Concordo fortemente
[2026-05-11 14:43:10,348][__main__][INFO] - ✓ [google/gemma-3-27b-it] Temp=0.0 Rep=1 → Discordo fortemente
[2026-05-11 14:43:10,466][__main__][INFO] - ✓ [google/gemma-3-27b-it] Temp=0.0 Rep=1 → Concordo
[2026-05-11 14:43:10,564][__main__][INFO] - ✓ [google/gemma-3-27b-it] Temp=0.0 Rep=1 → Concordo fortemente
[2026-05-11 14:43:10,570][__main__][INFO] - ✓ [google/gemma-3-27b-it] Temp=0.0 Rep=1 → Concordo fortemente
[2026-05-11 14:43:10,571][__main__][INFO] - ✓ [google/gemma-3-27b-it] Temp=0.0 Rep=1 → Concordo fortemente
[2026-05-11 14:43:10,571][__main__][INFO] - ✓ [google/gemma-3-27b-it] Temp=0.0 Rep=1 → Discordo fortemente
[2026-05-11 14:43:10,695][__main__][INFO] - ✓ [google/gemma-3-27b-it] Temp=0.0 Rep=1 → Concordo
[2026-05-11 14:43:10,711][__main__][INFO] - ✓ [google/gemma-3-27b-it] Temp=0.0 Rep=1 → Discordo fortemente
[2026-05-11 14:43:10,731][__main__][INFO] - ✓ [google/gemma-3-27b-it] Temp=0.0 Rep=1 → Concordo fortemente
[2026-05-11 14:43:10,759][__main__][INFO] - ✓ [google/gemma-3-27b-it] Temp=0.0 Rep=1 → Concordo fortemente
[2026-05-11 14:43:10,816][__main__][INFO] - ✓ [google/gemma-3-27b-it] Temp=0.0 Rep=1 → Concordo fortemente
[2026-05-11 14:43:10,851][__main__][INFO] - ✓ [google/gemma-3-27b-it] Temp=0.0 Rep=1 → Discordo fortemente
[2026-05-11 14:43:10,911][__main__][INFO] - ✓ [google/gemma-3-27b-it] Temp=0.0 Rep=1 → Concordo
[2026-05-11 14:43:10,927][__main__][INFO] - ✓ [google/gemma-3-27b-it] Temp=0.0 Rep=1 → Concordo fortemente
[2026-05-11 14:43:10,939][__main__][INFO] - ✓ [google/gemma-3-27b-it] Temp=0.0 Rep=1 → Concordo
[2026-05-11 14:43:10,943][__main__][INFO] - ✓ [google/gemma-3-27b-it] Temp=0.0 Rep=1 → Concordo fortemente
[2026-05-11 14:43:11,089][__main__][INFO] - ✓ [google/gemma-3-27b-it] Temp=0.0 Rep=1 → Concordo fortemente
[2026-05-11 14:43:11,089][__main__][INFO] - ✓ [google/gemma-3-27b-it] Temp=0.0 Rep=1 → Discordo fortemente
[2026-05-11 14:43:11,099][__main__][INFO] - ✓ [google/gemma-3-27b-it] Temp=0.0 Rep=1 → Concordo
[2026-05-11 14:43:11,128][__main__][INFO] - ✓ [google/gemma-3-27b-it] Temp=0.0 Rep=1 → Concordo fortemente
[2026-05-11 14:43:11,190][__main__][INFO] - ✓ [google/gemma-3-27b-it] Temp=0.0 Rep=1 → Concordo fortemente
[2026-05-11 14:43:11,193][__main__][INFO] - ✓ [google/gemma-3-27b-it] Temp=0.0 Rep=1 → Concordo
[2026-05-11 14:43:11,268][__main__][INFO] - ✓ [google/gemma-3-27b-it] Temp=0.0 Rep=1 → Discordo fortemente
[2026-05-11 14:43:11,288][__main__][INFO] - ✓ [google/gemma-3-27b-it] Temp=0.0 Rep=1 → Discordo fortemente
[2026-05-11 14:43:11,295][__main__][INFO] - ✓ [google/gemma-3-27b-it] Temp=0.0 Rep=1 → Concordo fortemente
[2026-05-11 14:43:11,389][__main__][INFO] - ✓ [google/gemma-3-27b-it] Temp=0.0 Rep=1 → Concordo fortemente
[2026-05-11 14:43:11,440][__main__][INFO] - ✓ [google/gemma-3-27b-it] Temp=0.0 Rep=1 → Concordo fortemente
[2026-05-11 14:43:11,442][__main__][INFO] - ✓ [google/gemma-3-27b-it] Temp=0.0 Rep=1 → Concordo fortemente
[2026-05-11 14:43:11,462][__main__][INFO] - ✓ [google/gemma-3-27b-it] Temp=0.0 Rep=1 → Discordo fortemente
[2026-05-11 14:43:11,480][__main__][INFO] - Salvamento incremental (1720 novas respostas)...
[2026-05-11 14:43:11,526][__main__][INFO] - Cache salvo com 222402 entradas
[2026-05-11 14:43:11,526][__main__][INFO] - ✓ [google/gemma-3-27b-it] Temp=0.0 Rep=1 → Discordo fortemente
[2026-05-11 14:43:11,614][__main__][INFO] - ✓ [google/gemma-3-27b-it] Temp=0.0 Rep=1 → Neutro
[2026-05-11 14:43:11,616][__main__][INFO] - ✓ [google/gemma-3-27b-it] Temp=0.0 Rep=1 → Concordo fortemente
[2026-05-11 14:43:11,616][__main__][INFO] - ✓ [google/gemma-3-27b-it] Temp=0.0 Rep=1 → Neutro
[2026-05-11 14:43:11,627][__main__][INFO] - ✓ [google/gemma-3-27b-it] Temp=0.0 Rep=1 → Discordo fortemente
[2026-05-11 14:43:11,657][__main__][INFO] - ✓ [google/gemma-3-27b-it] Temp=0.0 Rep=1 → Concordo fortemente
[2026-05-11 14:43:11,835][__main__][INFO] - ✓ [google/gemma-3-27b-it] Temp=0.0 Rep=1 → Concordo fortemente
[2026-05-11 14:43:11,893][__main__][INFO] - ✓ [google/gemma-3-27b-it] Temp=0.0 Rep=1 → Discordo fortemente
[2026-05-11 14:43:11,953][__main__][INFO] - ✓ [google/gemma-3-27b-it] Temp=0.0 Rep=1 → Concordo fortemente
[2026-05-11 14:43:12,006][__main__][INFO] - ✓ [google/gemma-3-27b-it] Temp=0.0 Rep=1 → Concordo fortemente
[2026-05-11 14:43:12,370][__main__][INFO] - ✓ [google/gemma-3-27b-it] Temp=0.0 Rep=1 → Discordo fortemente
[2026-05-11 14:43:12,477][__main__][INFO] - ✓ [google/gemma-3-27b-it] Temp=0.0 Rep=1 → Concordo fortemente
[2026-05-11 14:43:12,575][__main__][INFO] - Cache salvo com 222413 entradas
[2026-05-11 14:43:12,575][__main__][INFO] - Coleta de dados concluída!
