[2026-05-08 14:49:29,293][__main__][INFO] - Retrieval ativado: store='wiki_faiss_store', top_n=[0, 3], emb_model='google/embeddinggemma-300m'
[2026-05-08 14:49:29,294][__main__][INFO] - Carregadas 56 perguntas de dados/pairs.json
[2026-05-08 14:49:29,337][__main__][INFO] - Cache carregado com 200068 entradas
[2026-05-08 14:49:31,297][__main__][INFO] - ✓ [google/gemma-3-4b-it] Temp=0.0 Rep=1 → Discordo
[2026-05-08 14:49:31,301][__main__][INFO] - ✓ [google/gemma-3-4b-it] Temp=0.0 Rep=1 → Discordo
[2026-05-08 14:49:31,320][__main__][INFO] - ✓ [google/gemma-3-4b-it] Temp=0.0 Rep=1 → Concordo fortemente
[2026-05-08 14:49:31,324][__main__][INFO] - ✓ [google/gemma-3-4b-it] Temp=0.0 Rep=1 → Concordo fortemente
[2026-05-08 14:49:31,349][__main__][INFO] - ✓ [google/gemma-3-12b-it] Temp=0.0 Rep=1 → Discordo
[2026-05-08 14:49:31,397][__main__][INFO] - ✓ [google/gemma-3-27b-it] Temp=0.0 Rep=1 → Concordo fortemente
[2026-05-08 14:49:31,408][__main__][INFO] - ✓ [google/gemma-3-27b-it] Temp=0.0 Rep=1 → Concordo fortemente
[2026-05-08 14:49:31,438][__main__][INFO] - ✓ [google/gemma-3-12b-it] Temp=0.0 Rep=1 → Concordo
[2026-05-08 14:49:31,568][__main__][INFO] - ✓ [google/gemma-3-27b-it] Temp=0.0 Rep=1 → Discordo fortemente
[2026-05-08 14:49:31,704][__main__][INFO] - ✓ [google/gemma-3-4b-it] Temp=0.0 Rep=1 → Neutro
[2026-05-08 14:49:31,706][__main__][INFO] - ✓ [google/gemma-3-4b-it] Temp=0.0 Rep=1 → Concordo
[2026-05-08 14:49:31,765][__main__][INFO] - ✓ [google/gemma-3-12b-it] Temp=0.0 Rep=1 → Neutro
[2026-05-08 14:49:31,784][__main__][INFO] - ✓ [google/gemma-3-12b-it] Temp=0.0 Rep=1 → Discordo
[2026-05-08 14:49:31,787][__main__][INFO] - ✓ [google/gemma-3-12b-it] Temp=0.0 Rep=1 → Concordo fortemente
[2026-05-08 14:49:31,831][__main__][INFO] - ✓ [google/gemma-3-12b-it] Temp=0.0 Rep=1 → Concordo
[2026-05-08 14:49:31,903][__main__][INFO] - ✓ [google/gemma-3-27b-it] Temp=0.0 Rep=1 → Discordo fortemente
[2026-05-08 14:49:31,917][__main__][INFO] - ✓ [google/gemma-3-4b-it] Temp=0.0 Rep=1 → Concordo fortemente
[2026-05-08 14:49:31,944][__main__][INFO] - ✓ [google/gemma-3-27b-it] Temp=0.0 Rep=1 → Discordo fortemente
[2026-05-08 14:49:32,110][__main__][INFO] - ✓ [google/gemma-3-4b-it] Temp=0.0 Rep=1 → Concordo
[2026-05-08 14:49:32,113][__main__][INFO] - ✓ [google/gemma-3-4b-it] Temp=0.0 Rep=1 → Concordo fortemente
[2026-05-08 14:49:32,262][__main__][INFO] - ✓ [google/gemma-3-4b-it] Temp=0.0 Rep=1 → Discordo fortemente
[2026-05-08 14:49:32,313][__main__][INFO] - ✓ [google/gemma-3-12b-it] Temp=0.0 Rep=1 → Neutro
[2026-05-08 14:49:32,507][__main__][INFO] - ✓ [google/gemma-3-12b-it] Temp=0.0 Rep=1 → Concordo fortemente
[2026-05-08 14:49:32,510][__main__][INFO] - ✓ [google/gemma-3-4b-it] Temp=0.0 Rep=1 → Discordo
[2026-05-08 14:49:32,523][__main__][INFO] - ✓ [google/gemma-3-4b-it] Temp=0.0 Rep=1 → Discordo fortemente
[2026-05-08 14:49:32,791][__main__][INFO] - ✓ [google/gemma-3-12b-it] Temp=0.0 Rep=1 → Concordo fortemente
[2026-05-08 14:49:32,884][__main__][INFO] - ✓ [google/gemma-3-27b-it] Temp=0.0 Rep=1 → Concordo fortemente
[2026-05-08 14:49:32,890][__main__][INFO] - ✓ [google/gemma-3-27b-it] Temp=0.0 Rep=1 → Concordo fortemente
[2026-05-08 14:49:32,930][__main__][INFO] - ✓ [google/gemma-3-12b-it] Temp=0.0 Rep=1 → Discordo
[2026-05-08 14:49:32,981][__main__][INFO] - ✓ [google/gemma-3-12b-it] Temp=0.0 Rep=1 → Concordo
[2026-05-08 14:49:33,020][__main__][INFO] - ✓ [google/gemma-3-27b-it] Temp=0.0 Rep=1 → Discordo fortemente
[2026-05-08 14:49:33,046][__main__][INFO] - ✓ [google/gemma-3-27b-it] Temp=0.0 Rep=1 → Concordo fortemente
[2026-05-08 14:49:33,108][__main__][INFO] - ✓ [google/gemma-3-27b-it] Temp=0.0 Rep=1 → Discordo fortemente
[2026-05-08 14:49:33,115][__main__][INFO] - ✓ [google/gemma-3-27b-it] Temp=0.0 Rep=1 → Concordo fortemente
[2026-05-08 14:49:33,129][__main__][INFO] - ✓ [google/gemma-3-12b-it] Temp=0.0 Rep=1 → Neutro
[2026-05-08 14:49:33,311][__main__][INFO] - ✓ [google/gemma-3-27b-it] Temp=0.0 Rep=1 → Discordo fortemente
[2026-05-08 14:49:33,324][__main__][INFO] - ✓ [google/gemma-3-4b-it] Temp=0.0 Rep=1 → Concordo fortemente
[2026-05-08 14:49:33,331][__main__][INFO] - ✓ [google/gemma-3-4b-it] Temp=0.0 Rep=1 → Concordo fortemente
[2026-05-08 14:49:33,337][__main__][INFO] - ✓ [google/gemma-3-4b-it] Temp=0.0 Rep=1 → Concordo fortemente
[2026-05-08 14:49:33,523][__main__][INFO] - Salvamento incremental (40 novas respostas)...
[2026-05-08 14:49:33,574][__main__][INFO] - Cache salvo com 200108 entradas
[2026-05-08 14:49:33,574][__main__][INFO] - ✓ [google/gemma-3-12b-it] Temp=0.0 Rep=1 → Neutro
[2026-05-08 14:49:33,600][__main__][INFO] - ✓ [google/gemma-3-12b-it] Temp=0.0 Rep=1 → Concordo
[2026-05-08 14:49:33,626][__main__][INFO] - ✓ [google/gemma-3-27b-it] Temp=0.0 Rep=1 → Concordo
[2026-05-08 14:49:33,682][__main__][INFO] - ✓ [google/gemma-3-12b-it] Temp=0.0 Rep=1 → Concordo
[2026-05-08 14:49:33,688][__main__][INFO] - ✓ [google/gemma-3-4b-it] Temp=0.0 Rep=1 → Discordo
[2026-05-08 14:49:33,701][__main__][INFO] - ✓ [google/gemma-3-4b-it] Temp=0.0 Rep=1 → Discordo
[2026-05-08 14:49:33,709][__main__][INFO] - ✓ [google/gemma-3-4b-it] Temp=0.0 Rep=1 → Discordo
[2026-05-08 14:49:33,812][__main__][INFO] - ✓ [google/gemma-3-27b-it] Temp=0.0 Rep=1 → Concordo
[2026-05-08 14:49:33,849][__main__][INFO] - ✓ [google/gemma-3-12b-it] Temp=0.0 Rep=1 → Discordo fortemente
[2026-05-08 14:49:34,031][__main__][INFO] - ✓ [google/gemma-3-12b-it] Temp=0.0 Rep=1 → Discordo
[2026-05-08 14:49:34,040][__main__][INFO] - ✓ [google/gemma-3-12b-it] Temp=0.0 Rep=1 → Concordo
[2026-05-08 14:49:34,061][__main__][INFO] - ✓ [google/gemma-3-4b-it] Temp=0.0 Rep=1 → Discordo
[2026-05-08 14:49:34,101][__main__][INFO] - ✓ [google/gemma-3-27b-it] Temp=0.0 Rep=1 → Concordo fortemente
[2026-05-08 14:49:34,132][__main__][INFO] - ✓ [google/gemma-3-27b-it] Temp=0.0 Rep=1 → Discordo fortemente
[2026-05-08 14:49:34,169][__main__][INFO] - ✓ [google/gemma-3-27b-it] Temp=0.0 Rep=1 → Concordo fortemente
[2026-05-08 14:49:34,192][__main__][INFO] - ✓ [google/gemma-3-4b-it] Temp=0.0 Rep=1 → Concordo fortemente
[2026-05-08 14:49:34,200][__main__][INFO] - ✓ [google/gemma-3-4b-it] Temp=0.0 Rep=1 → Concordo fortemente
[2026-05-08 14:49:34,324][__main__][INFO] - ✓ [google/gemma-3-27b-it] Temp=0.0 Rep=1 → Concordo fortemente
[2026-05-08 14:49:34,326][__main__][INFO] - ✓ [google/gemma-3-12b-it] Temp=0.0 Rep=1 → Discordo
[2026-05-08 14:49:34,595][__main__][INFO] - ✓ [google/gemma-3-27b-it] Temp=0.0 Rep=1 → Discordo fortemente
[2026-05-08 14:49:34,599][__main__][INFO] - ✓ [google/gemma-3-4b-it] Temp=0.0 Rep=1 → Concordo fortemente
[2026-05-08 14:49:34,603][__main__][INFO] - ✓ [google/gemma-3-4b-it] Temp=0.0 Rep=1 → Concordo fortemente
[2026-05-08 14:49:34,682][__main__][INFO] - ✓ [google/gemma-3-27b-it] Temp=0.0 Rep=1 → Concordo fortemente
[2026-05-08 14:49:34,714][__main__][INFO] - ✓ [google/gemma-3-12b-it] Temp=0.0 Rep=1 → Concordo
[2026-05-08 14:49:34,849][__main__][INFO] - ✓ [google/gemma-3-4b-it] Temp=0.0 Rep=1 → Concordo fortemente
[2026-05-08 14:49:34,860][__main__][INFO] - ✓ [google/gemma-3-12b-it] Temp=0.0 Rep=1 → Concordo fortemente
[2026-05-08 14:49:34,864][__main__][INFO] - ✓ [google/gemma-3-27b-it] Temp=0.0 Rep=1 → Concordo fortemente
[2026-05-08 14:49:34,866][__main__][INFO] - ✓ [google/gemma-3-12b-it] Temp=0.0 Rep=1 → Concordo
[2026-05-08 14:49:34,894][__main__][INFO] - ✓ [google/gemma-3-12b-it] Temp=0.0 Rep=1 → Concordo fortemente
[2026-05-08 14:49:35,063][__main__][INFO] - ✓ [google/gemma-3-4b-it] Temp=0.0 Rep=1 → Discordo
[2026-05-08 14:49:35,099][__main__][INFO] - ✓ [google/gemma-3-27b-it] Temp=0.0 Rep=1 → Concordo
[2026-05-08 14:49:35,118][__main__][INFO] - ✓ [google/gemma-3-27b-it] Temp=0.0 Rep=1 → Concordo fortemente
[2026-05-08 14:49:35,150][__main__][INFO] - ✓ [google/gemma-3-12b-it] Temp=0.0 Rep=1 → Concordo
[2026-05-08 14:49:35,211][__main__][INFO] - ✓ [google/gemma-3-27b-it] Temp=0.0 Rep=1 → Concordo fortemente
[2026-05-08 14:49:35,223][__main__][INFO] - ✓ [google/gemma-3-4b-it] Temp=0.0 Rep=1 → Discordo
[2026-05-08 14:49:35,247][__main__][INFO] - ✓ [google/gemma-3-4b-it] Temp=0.0 Rep=1 → Concordo fortemente
[2026-05-08 14:49:35,376][__main__][INFO] - ✓ [google/gemma-3-12b-it] Temp=0.0 Rep=1 → Neutro
[2026-05-08 14:49:35,376][__main__][INFO] - ✓ [google/gemma-3-12b-it] Temp=0.0 Rep=1 → Discordo
[2026-05-08 14:49:35,408][__main__][INFO] - ✓ [google/gemma-3-12b-it] Temp=0.0 Rep=1 → Concordo
[2026-05-08 14:49:35,556][__main__][INFO] - ✓ [google/gemma-3-4b-it] Temp=0.0 Rep=1 → Concordo fortemente
[2026-05-08 14:49:35,571][__main__][INFO] - Salvamento incremental (80 novas respostas)...
[2026-05-08 14:49:35,611][__main__][INFO] - Cache salvo com 200148 entradas
[2026-05-08 14:49:35,612][__main__][INFO] - ✓ [google/gemma-3-27b-it] Temp=0.0 Rep=1 → Discordo fortemente
[2026-05-08 14:49:35,613][__main__][INFO] - ✓ [google/gemma-3-4b-it] Temp=0.0 Rep=1 → Discordo
[2026-05-08 14:49:35,614][__main__][INFO] - ✓ [google/gemma-3-4b-it] Temp=0.0 Rep=1 → Concordo
[2026-05-08 14:49:35,622][__main__][INFO] - ✓ [google/gemma-3-27b-it] Temp=0.0 Rep=1 → Concordo
[2026-05-08 14:49:35,652][__main__][INFO] - ✓ [google/gemma-3-27b-it] Temp=0.0 Rep=1 → Concordo fortemente
[2026-05-08 14:49:35,805][__main__][INFO] - ✓ [google/gemma-3-12b-it] Temp=0.0 Rep=1 → Concordo fortemente
[2026-05-08 14:49:35,927][__main__][INFO] - ✓ [google/gemma-3-12b-it] Temp=0.0 Rep=1 → Concordo
[2026-05-08 14:49:36,033][__main__][INFO] - ✓ [google/gemma-3-4b-it] Temp=0.0 Rep=1 → Discordo
[2026-05-08 14:49:36,036][__main__][INFO] - ✓ [google/gemma-3-4b-it] Temp=0.0 Rep=1 → Discordo
[2026-05-08 14:49:36,057][__main__][INFO] - ✓ [google/gemma-3-4b-it] Temp=0.0 Rep=1 → Concordo fortemente
[2026-05-08 14:49:36,094][__main__][INFO] - ✓ [google/gemma-3-12b-it] Temp=0.0 Rep=1 → Discordo
[2026-05-08 14:49:36,127][__main__][INFO] - ✓ [google/gemma-3-27b-it] Temp=0.0 Rep=1 → Concordo
[2026-05-08 14:49:36,429][__main__][INFO] - ✓ [google/gemma-3-12b-it] Temp=0.0 Rep=1 → Concordo fortemente
[2026-05-08 14:49:36,446][__main__][INFO] - ✓ [google/gemma-3-12b-it] Temp=0.0 Rep=1 → Neutro
[2026-05-08 14:49:36,447][__main__][INFO] - ✓ [google/gemma-3-4b-it] Temp=0.0 Rep=1 → Discordo
[2026-05-08 14:49:36,451][__main__][INFO] - ✓ [google/gemma-3-12b-it] Temp=0.0 Rep=1 → Discordo
[2026-05-08 14:49:36,460][__main__][INFO] - ✓ [google/gemma-3-4b-it] Temp=0.0 Rep=1 → Discordo
[2026-05-08 14:49:36,498][__main__][INFO] - ✓ [google/gemma-3-27b-it] Temp=0.0 Rep=1 → Concordo fortemente
[2026-05-08 14:49:36,571][__main__][INFO] - ✓ [google/gemma-3-27b-it] Temp=0.0 Rep=1 → Concordo fortemente
[2026-05-08 14:49:36,590][__main__][INFO] - ✓ [google/gemma-3-27b-it] Temp=0.0 Rep=1 → Concordo fortemente
[2026-05-08 14:49:36,613][__main__][INFO] - ✓ [google/gemma-3-27b-it] Temp=0.0 Rep=1 → Concordo fortemente
[2026-05-08 14:49:36,629][__main__][INFO] - ✓ [google/gemma-3-27b-it] Temp=0.0 Rep=1 → Concordo fortemente
[2026-05-08 14:49:36,957][__main__][INFO] - ✓ [google/gemma-3-12b-it] Temp=0.0 Rep=1 → Discordo
[2026-05-08 14:49:36,972][__main__][INFO] - ✓ [google/gemma-3-4b-it] Temp=0.0 Rep=1 → Discordo
[2026-05-08 14:49:36,995][__main__][INFO] - ✓ [google/gemma-3-4b-it] Temp=0.0 Rep=1 → Discordo
[2026-05-08 14:49:36,996][__main__][INFO] - ✓ [google/gemma-3-4b-it] Temp=0.0 Rep=1 → Concordo fortemente
[2026-05-08 14:49:37,019][__main__][INFO] - ✓ [google/gemma-3-4b-it] Temp=0.0 Rep=1 → Concordo fortemente
[2026-05-08 14:49:37,080][__main__][INFO] - ✓ [google/gemma-3-27b-it] Temp=0.0 Rep=1 → Concordo fortemente
[2026-05-08 14:49:37,145][__main__][INFO] - ✓ [google/gemma-3-27b-it] Temp=0.0 Rep=1 → Discordo fortemente
[2026-05-08 14:49:37,168][__main__][INFO] - ✓ [google/gemma-3-12b-it] Temp=0.0 Rep=1 → Concordo
[2026-05-08 14:49:37,175][__main__][INFO] - ✓ [google/gemma-3-12b-it] Temp=0.0 Rep=1 → Concordo
[2026-05-08 14:49:37,233][__main__][INFO] - ✓ [google/gemma-3-27b-it] Temp=0.0 Rep=1 → Concordo fortemente
[2026-05-08 14:49:37,528][__main__][INFO] - ✓ [google/gemma-3-4b-it] Temp=0.0 Rep=1 → Discordo fortemente
[2026-05-08 14:49:37,532][__main__][INFO] - ✓ [google/gemma-3-12b-it] Temp=0.0 Rep=1 → Discordo
[2026-05-08 14:49:37,550][__main__][INFO] - ✓ [google/gemma-3-27b-it] Temp=0.0 Rep=1 → Concordo fortemente
[2026-05-08 14:49:37,602][__main__][INFO] - ✓ [google/gemma-3-12b-it] Temp=0.0 Rep=1 → Concordo
[2026-05-08 14:49:37,708][__main__][INFO] - ✓ [google/gemma-3-4b-it] Temp=0.0 Rep=1 → Concordo fortemente
[2026-05-08 14:49:37,712][__main__][INFO] - ✓ [google/gemma-3-12b-it] Temp=0.0 Rep=1 → Concordo fortemente
[2026-05-08 14:49:37,717][__main__][INFO] - ✓ [google/gemma-3-27b-it] Temp=0.0 Rep=1 → Discordo fortemente
[2026-05-08 14:49:37,717][__main__][INFO] - ✓ [google/gemma-3-4b-it] Temp=0.0 Rep=1 → Concordo fortemente
[2026-05-08 14:49:37,804][__main__][INFO] - Salvamento incremental (120 novas respostas)...
[2026-05-08 14:49:37,857][__main__][INFO] - Cache salvo com 200188 entradas
[2026-05-08 14:49:37,857][__main__][INFO] - ✓ [google/gemma-3-12b-it] Temp=0.0 Rep=1 → Neutro
[2026-05-08 14:49:37,859][__main__][INFO] - ✓ [google/gemma-3-27b-it] Temp=0.0 Rep=1 → Concordo fortemente
[2026-05-08 14:49:37,996][__main__][INFO] - ✓ [google/gemma-3-27b-it] Temp=0.0 Rep=1 → Discordo fortemente
[2026-05-08 14:49:38,131][__main__][INFO] - ✓ [google/gemma-3-4b-it] Temp=0.0 Rep=1 → Concordo fortemente
[2026-05-08 14:49:38,148][__main__][INFO] - ✓ [google/gemma-3-27b-it] Temp=0.0 Rep=1 → Concordo fortemente
[2026-05-08 14:49:38,153][__main__][INFO] - ✓ [google/gemma-3-4b-it] Temp=0.0 Rep=1 → Concordo
[2026-05-08 14:49:38,154][__main__][INFO] - ✓ [google/gemma-3-4b-it] Temp=0.0 Rep=1 → Concordo fortemente
[2026-05-08 14:49:38,266][__main__][INFO] - ✓ [google/gemma-3-12b-it] Temp=0.0 Rep=1 → Concordo
[2026-05-08 14:49:38,276][__main__][INFO] - ✓ [google/gemma-3-27b-it] Temp=0.0 Rep=1 → Concordo fortemente
[2026-05-08 14:49:38,337][__main__][INFO] - ✓ [google/gemma-3-12b-it] Temp=0.0 Rep=1 → Concordo fortemente
[2026-05-08 14:49:38,376][__main__][INFO] - ✓ [google/gemma-3-12b-it] Temp=0.0 Rep=1 → Concordo
[2026-05-08 14:49:38,379][__main__][INFO] - ✓ [google/gemma-3-12b-it] Temp=0.0 Rep=1 → Concordo
[2026-05-08 14:49:38,525][__main__][INFO] - ✓ [google/gemma-3-4b-it] Temp=0.0 Rep=1 → Discordo fortemente
[2026-05-08 14:49:38,541][__main__][INFO] - ✓ [google/gemma-3-12b-it] Temp=0.0 Rep=1 → Concordo
[2026-05-08 14:49:38,634][__main__][INFO] - ✓ [google/gemma-3-27b-it] Temp=0.0 Rep=1 → Concordo
[2026-05-08 14:49:38,636][__main__][INFO] - ✓ [google/gemma-3-27b-it] Temp=0.0 Rep=1 → Concordo fortemente
[2026-05-08 14:49:38,638][__main__][INFO] - ✓ [google/gemma-3-4b-it] Temp=0.0 Rep=1 → Concordo fortemente
[2026-05-08 14:49:38,647][__main__][INFO] - ✓ [google/gemma-3-4b-it] Temp=0.0 Rep=1 → Concordo fortemente
[2026-05-08 14:49:38,654][__main__][INFO] - ✓ [google/gemma-3-27b-it] Temp=0.0 Rep=1 → Discordo fortemente
[2026-05-08 14:49:38,809][__main__][INFO] - ✓ [google/gemma-3-12b-it] Temp=0.0 Rep=1 → Discordo
[2026-05-08 14:49:38,841][__main__][INFO] - ✓ [google/gemma-3-12b-it] Temp=0.0 Rep=1 → Concordo
[2026-05-08 14:49:38,849][__main__][INFO] - ✓ [google/gemma-3-12b-it] Temp=0.0 Rep=1 → Discordo
[2026-05-08 14:49:39,047][__main__][INFO] - ✓ [google/gemma-3-4b-it] Temp=0.0 Rep=1 → Concordo fortemente
[2026-05-08 14:49:39,048][__main__][INFO] - ✓ [google/gemma-3-4b-it] Temp=0.0 Rep=1 → Concordo fortemente
[2026-05-08 14:49:39,051][__main__][INFO] - ✓ [google/gemma-3-4b-it] Temp=0.0 Rep=1 → Discordo
[2026-05-08 14:49:39,079][__main__][INFO] - ✓ [google/gemma-3-12b-it] Temp=0.0 Rep=1 → Discordo
[2026-05-08 14:49:39,082][__main__][INFO] - ✓ [google/gemma-3-27b-it] Temp=0.0 Rep=1 → Discordo fortemente
[2026-05-08 14:49:39,130][__main__][INFO] - ✓ [google/gemma-3-27b-it] Temp=0.0 Rep=1 → Concordo
[2026-05-08 14:49:39,156][__main__][INFO] - ✓ [google/gemma-3-27b-it] Temp=0.0 Rep=1 → Concordo fortemente
[2026-05-08 14:49:39,282][__main__][INFO] - ✓ [google/gemma-3-12b-it] Temp=0.0 Rep=1 → Neutro
[2026-05-08 14:49:39,286][__main__][INFO] - ✓ [google/gemma-3-12b-it] Temp=0.0 Rep=1 → Concordo
[2026-05-08 14:49:39,348][__main__][INFO] - ✓ [google/gemma-3-27b-it] Temp=0.0 Rep=1 → Discordo fortemente
[2026-05-08 14:49:39,445][__main__][INFO] - ✓ [google/gemma-3-4b-it] Temp=0.0 Rep=1 → Concordo fortemente
[2026-05-08 14:49:39,450][__main__][INFO] - ✓ [google/gemma-3-4b-it] Temp=0.0 Rep=1 → Discordo
[2026-05-08 14:49:39,457][__main__][INFO] - ✓ [google/gemma-3-4b-it] Temp=0.0 Rep=1 → Concordo fortemente
[2026-05-08 14:49:39,579][__main__][INFO] - ✓ [google/gemma-3-27b-it] Temp=0.0 Rep=1 → Concordo fortemente
[2026-05-08 14:49:39,712][__main__][INFO] - ✓ [google/gemma-3-12b-it] Temp=0.0 Rep=1 → Neutro
[2026-05-08 14:49:39,765][__main__][INFO] - ✓ [google/gemma-3-12b-it] Temp=0.0 Rep=1 → Concordo fortemente
[2026-05-08 14:49:39,786][__main__][INFO] - ✓ [google/gemma-3-4b-it] Temp=0.0 Rep=1 → Discordo
[2026-05-08 14:49:39,825][__main__][INFO] - ✓ [google/gemma-3-4b-it] Temp=0.0 Rep=1 → Concordo fortemente
[2026-05-08 14:49:39,828][__main__][INFO] - Salvamento incremental (160 novas respostas)...
[2026-05-08 14:49:39,874][__main__][INFO] - Cache salvo com 200228 entradas
[2026-05-08 14:49:39,875][__main__][INFO] - ✓ [google/gemma-3-27b-it] Temp=0.0 Rep=1 → Concordo fortemente
[2026-05-08 14:49:39,877][__main__][INFO] - ✓ [google/gemma-3-12b-it] Temp=0.0 Rep=1 → Concordo
[2026-05-08 14:49:39,904][__main__][INFO] - ✓ [google/gemma-3-4b-it] Temp=0.0 Rep=1 → Concordo fortemente
[2026-05-08 14:49:39,939][__main__][INFO] - ✓ [google/gemma-3-27b-it] Temp=0.0 Rep=1 → Concordo
[2026-05-08 14:49:39,943][__main__][INFO] - ✓ [google/gemma-3-27b-it] Temp=0.0 Rep=1 → Concordo fortemente
[2026-05-08 14:49:39,947][__main__][INFO] - ✓ [google/gemma-3-27b-it] Temp=0.0 Rep=1 → Discordo fortemente
[2026-05-08 14:49:40,279][__main__][INFO] - ✓ [google/gemma-3-4b-it] Temp=0.0 Rep=1 → Discordo fortemente
[2026-05-08 14:49:40,283][__main__][INFO] - ✓ [google/gemma-3-4b-it] Temp=0.0 Rep=1 → Discordo
[2026-05-08 14:49:40,327][__main__][INFO] - ✓ [google/gemma-3-27b-it] Temp=0.0 Rep=1 → Concordo fortemente
[2026-05-08 14:49:40,329][__main__][INFO] - ✓ [google/gemma-3-4b-it] Temp=0.0 Rep=1 → Concordo
[2026-05-08 14:49:40,432][__main__][INFO] - ✓ [google/gemma-3-12b-it] Temp=0.0 Rep=1 → Discordo
[2026-05-08 14:49:40,441][__main__][INFO] - ✓ [google/gemma-3-27b-it] Temp=0.0 Rep=1 → Concordo fortemente
[2026-05-08 14:49:40,448][__main__][INFO] - ✓ [google/gemma-3-27b-it] Temp=0.0 Rep=1 → Concordo fortemente
[2026-05-08 14:49:40,465][__main__][INFO] - ✓ [google/gemma-3-12b-it] Temp=0.0 Rep=1 → Concordo
[2026-05-08 14:49:40,467][__main__][INFO] - ✓ [google/gemma-3-12b-it] Temp=0.0 Rep=1 → Concordo fortemente
[2026-05-08 14:49:40,508][__main__][INFO] - ✓ [google/gemma-3-12b-it] Temp=0.0 Rep=1 → Neutro
[2026-05-08 14:49:40,802][__main__][INFO] - ✓ [google/gemma-3-4b-it] Temp=0.0 Rep=1 → Concordo fortemente
[2026-05-08 14:49:40,813][__main__][INFO] - ✓ [google/gemma-3-27b-it] Temp=0.0 Rep=1 → Concordo
[2026-05-08 14:49:40,830][__main__][INFO] - ✓ [google/gemma-3-12b-it] Temp=0.0 Rep=1 → Neutro
[2026-05-08 14:49:40,839][__main__][INFO] - ✓ [google/gemma-3-12b-it] Temp=0.0 Rep=1 → Concordo
[2026-05-08 14:49:40,924][__main__][INFO] - ✓ [google/gemma-3-27b-it] Temp=0.0 Rep=1 → Concordo
[2026-05-08 14:49:40,976][__main__][INFO] - ✓ [google/gemma-3-4b-it] Temp=0.0 Rep=1 → Concordo fortemente
[2026-05-08 14:49:41,141][__main__][INFO] - ✓ [google/gemma-3-27b-it] Temp=0.0 Rep=1 → Concordo fortemente
[2026-05-08 14:49:41,142][__main__][INFO] - ✓ [google/gemma-3-4b-it] Temp=0.0 Rep=1 → Concordo
[2026-05-08 14:49:41,307][__main__][INFO] - ✓ [google/gemma-3-12b-it] Temp=0.0 Rep=1 → Concordo
[2026-05-08 14:49:41,316][__main__][INFO] - ✓ [google/gemma-3-27b-it] Temp=0.0 Rep=1 → Concordo fortemente
[2026-05-08 14:49:41,335][__main__][INFO] - ✓ [google/gemma-3-12b-it] Temp=0.0 Rep=1 → Concordo fortemente
[2026-05-08 14:49:41,337][__main__][INFO] - ✓ [google/gemma-3-4b-it] Temp=0.0 Rep=1 → Neutro
[2026-05-08 14:49:41,339][__main__][INFO] - ✓ [google/gemma-3-27b-it] Temp=0.0 Rep=1 → Concordo fortemente
[2026-05-08 14:49:41,339][__main__][INFO] - ✓ [google/gemma-3-12b-it] Temp=0.0 Rep=1 → Concordo fortemente
[2026-05-08 14:49:41,365][__main__][INFO] - ✓ [google/gemma-3-27b-it] Temp=0.0 Rep=1 → Concordo fortemente
[2026-05-08 14:49:41,369][__main__][INFO] - ✓ [google/gemma-3-4b-it] Temp=0.0 Rep=1 → Concordo
[2026-05-08 14:49:41,467][__main__][INFO] - ✓ [google/gemma-3-4b-it] Temp=0.0 Rep=1 → Concordo
[2026-05-08 14:49:41,531][__main__][INFO] - ✓ [google/gemma-3-12b-it] Temp=0.0 Rep=1 → Neutro
[2026-05-08 14:49:41,739][__main__][INFO] - ✓ [google/gemma-3-4b-it] Temp=0.0 Rep=1 → Concordo fortemente
[2026-05-08 14:49:41,749][__main__][INFO] - ✓ [google/gemma-3-4b-it] Temp=0.0 Rep=1 → Concordo fortemente
[2026-05-08 14:49:41,751][__main__][INFO] - ✓ [google/gemma-3-4b-it] Temp=0.0 Rep=1 → Concordo fortemente
[2026-05-08 14:49:41,820][__main__][INFO] - ✓ [google/gemma-3-12b-it] Temp=0.0 Rep=1 → Neutro
[2026-05-08 14:49:41,854][__main__][INFO] - ✓ [google/gemma-3-27b-it] Temp=0.0 Rep=1 → Concordo fortemente
[2026-05-08 14:49:41,857][__main__][INFO] - ✓ [google/gemma-3-27b-it] Temp=0.0 Rep=1 → Concordo
[2026-05-08 14:49:41,858][__main__][INFO] - Salvamento incremental (200 novas respostas)...
[2026-05-08 14:49:41,913][__main__][INFO] - Cache salvo com 200268 entradas
[2026-05-08 14:49:41,913][__main__][INFO] - ✓ [google/gemma-3-27b-it] Temp=0.0 Rep=1 → Concordo
[2026-05-08 14:49:41,915][__main__][INFO] - ✓ [google/gemma-3-12b-it] Temp=0.0 Rep=1 → Concordo
[2026-05-08 14:49:42,042][__main__][INFO] - ✓ [google/gemma-3-12b-it] Temp=0.0 Rep=1 → Concordo fortemente
[2026-05-08 14:49:42,089][__main__][INFO] - ✓ [google/gemma-3-12b-it] Temp=0.0 Rep=1 → Concordo fortemente
[2026-05-08 14:49:42,192][__main__][INFO] - ✓ [google/gemma-3-12b-it] Temp=0.0 Rep=1 → Concordo fortemente
[2026-05-08 14:49:42,224][__main__][INFO] - ✓ [google/gemma-3-4b-it] Temp=0.0 Rep=1 → Concordo fortemente
[2026-05-08 14:49:42,231][__main__][INFO] - ✓ [google/gemma-3-4b-it] Temp=0.0 Rep=1 → Discordo
[2026-05-08 14:49:42,313][__main__][INFO] - ✓ [google/gemma-3-27b-it] Temp=0.0 Rep=1 → Concordo fortemente
[2026-05-08 14:49:42,323][__main__][INFO] - ✓ [google/gemma-3-27b-it] Temp=0.0 Rep=1 → Concordo fortemente
[2026-05-08 14:49:42,359][__main__][INFO] - ✓ [google/gemma-3-12b-it] Temp=0.0 Rep=1 → Discordo
[2026-05-08 14:49:42,420][__main__][INFO] - ✓ [google/gemma-3-4b-it] Temp=0.0 Rep=1 → Concordo fortemente
[2026-05-08 14:49:42,576][__main__][INFO] - ✓ [google/gemma-3-12b-it] Temp=0.0 Rep=1 → Concordo fortemente
[2026-05-08 14:49:42,583][__main__][INFO] - ✓ [google/gemma-3-12b-it] Temp=0.0 Rep=1 → Concordo
[2026-05-08 14:49:42,712][__main__][INFO] - ✓ [google/gemma-3-4b-it] Temp=0.0 Rep=1 → Discordo
[2026-05-08 14:49:42,713][__main__][INFO] - ✓ [google/gemma-3-4b-it] Temp=0.0 Rep=1 → Concordo fortemente
[2026-05-08 14:49:42,715][__main__][INFO] - ✓ [google/gemma-3-27b-it] Temp=0.0 Rep=1 → Concordo fortemente
[2026-05-08 14:49:42,723][__main__][INFO] - ✓ [google/gemma-3-27b-it] Temp=0.0 Rep=1 → Discordo fortemente
[2026-05-08 14:49:42,764][__main__][INFO] - ✓ [google/gemma-3-27b-it] Temp=0.0 Rep=1 → Concordo fortemente
[2026-05-08 14:49:42,791][__main__][INFO] - ✓ [google/gemma-3-4b-it] Temp=0.0 Rep=1 → Concordo fortemente
[2026-05-08 14:49:42,794][__main__][INFO] - ✓ [google/gemma-3-27b-it] Temp=0.0 Rep=1 → Concordo fortemente
[2026-05-08 14:49:42,867][__main__][INFO] - ✓ [google/gemma-3-12b-it] Temp=0.0 Rep=1 → Concordo fortemente
[2026-05-08 14:49:43,091][__main__][INFO] - ✓ [google/gemma-3-4b-it] Temp=0.0 Rep=1 → Neutro
[2026-05-08 14:49:43,237][__main__][INFO] - ✓ [google/gemma-3-12b-it] Temp=0.0 Rep=1 → Discordo
[2026-05-08 14:49:43,239][__main__][INFO] - ✓ [google/gemma-3-4b-it] Temp=0.0 Rep=1 → Concordo fortemente
[2026-05-08 14:49:43,239][__main__][INFO] - ✓ [google/gemma-3-4b-it] Temp=0.0 Rep=1 → Concordo fortemente
[2026-05-08 14:49:43,242][__main__][INFO] - ✓ [google/gemma-3-27b-it] Temp=0.0 Rep=1 → Concordo fortemente
[2026-05-08 14:49:43,284][__main__][INFO] - ✓ [google/gemma-3-12b-it] Temp=0.0 Rep=1 → Concordo
[2026-05-08 14:49:43,320][__main__][INFO] - ✓ [google/gemma-3-27b-it] Temp=0.0 Rep=1 → Discordo fortemente
[2026-05-08 14:49:43,409][__main__][INFO] - ✓ [google/gemma-3-27b-it] Temp=0.0 Rep=1 → Concordo fortemente
[2026-05-08 14:49:43,437][__main__][INFO] - ✓ [google/gemma-3-12b-it] Temp=0.0 Rep=1 → Neutro
[2026-05-08 14:49:43,598][__main__][INFO] - ✓ [google/gemma-3-12b-it] Temp=0.0 Rep=1 → Concordo
[2026-05-08 14:49:43,644][__main__][INFO] - ✓ [google/gemma-3-4b-it] Temp=0.0 Rep=1 → Discordo fortemente
[2026-05-08 14:49:43,760][__main__][INFO] - ✓ [google/gemma-3-27b-it] Temp=0.0 Rep=1 → Discordo
[2026-05-08 14:49:43,763][__main__][INFO] - ✓ [google/gemma-3-4b-it] Temp=0.0 Rep=1 → Concordo fortemente
[2026-05-08 14:49:43,763][__main__][INFO] - ✓ [google/gemma-3-4b-it] Temp=0.0 Rep=1 → Discordo fortemente
[2026-05-08 14:49:43,765][__main__][INFO] - ✓ [google/gemma-3-27b-it] Temp=0.0 Rep=1 → Concordo
[2026-05-08 14:49:43,799][__main__][INFO] - ✓ [google/gemma-3-27b-it] Temp=0.0 Rep=1 → Concordo fortemente
[2026-05-08 14:49:43,805][__main__][INFO] - ✓ [google/gemma-3-12b-it] Temp=0.0 Rep=1 → Neutro
[2026-05-08 14:49:44,038][__main__][INFO] - ✓ [google/gemma-3-27b-it] Temp=0.0 Rep=1 → Discordo fortemente
[2026-05-08 14:49:44,060][__main__][INFO] - ✓ [google/gemma-3-12b-it] Temp=0.0 Rep=1 → Concordo
[2026-05-08 14:49:44,146][__main__][INFO] - Salvamento incremental (240 novas respostas)...
[2026-05-08 14:49:44,211][__main__][INFO] - Cache salvo com 200308 entradas
[2026-05-08 14:49:44,211][__main__][INFO] - ✓ [google/gemma-3-12b-it] Temp=0.0 Rep=1 → Concordo fortemente
[2026-05-08 14:49:44,213][__main__][INFO] - ✓ [google/gemma-3-4b-it] Temp=0.0 Rep=1 → Concordo fortemente
[2026-05-08 14:49:44,213][__main__][INFO] - ✓ [google/gemma-3-4b-it] Temp=0.0 Rep=1 → Concordo fortemente
[2026-05-08 14:49:44,213][__main__][INFO] - ✓ [google/gemma-3-4b-it] Temp=0.0 Rep=1 → Concordo fortemente
[2026-05-08 14:49:44,214][__main__][INFO] - ✓ [google/gemma-3-12b-it] Temp=0.0 Rep=1 → Concordo
[2026-05-08 14:49:44,289][__main__][INFO] - ✓ [google/gemma-3-12b-it] Temp=0.0 Rep=1 → Concordo fortemente
[2026-05-08 14:49:44,363][__main__][INFO] - ✓ [google/gemma-3-27b-it] Temp=0.0 Rep=1 → Discordo fortemente
[2026-05-08 14:49:44,490][__main__][INFO] - ✓ [google/gemma-3-27b-it] Temp=0.0 Rep=1 → Concordo fortemente
[2026-05-08 14:49:44,707][__main__][INFO] - ✓ [google/gemma-3-12b-it] Temp=0.0 Rep=1 → Concordo
[2026-05-08 14:49:44,714][__main__][INFO] - ✓ [google/gemma-3-4b-it] Temp=0.0 Rep=1 → Concordo fortemente
[2026-05-08 14:49:44,809][__main__][INFO] - ✓ [google/gemma-3-4b-it] Temp=0.0 Rep=1 → Concordo
[2026-05-08 14:49:44,809][__main__][INFO] - ✓ [google/gemma-3-4b-it] Temp=0.0 Rep=1 → Concordo fortemente
[2026-05-08 14:49:44,811][__main__][INFO] - ✓ [google/gemma-3-27b-it] Temp=0.0 Rep=1 → Concordo fortemente
[2026-05-08 14:49:44,812][__main__][INFO] - ✓ [google/gemma-3-27b-it] Temp=0.0 Rep=1 → Concordo fortemente
[2026-05-08 14:49:44,812][__main__][INFO] - ✓ [google/gemma-3-27b-it] Temp=0.0 Rep=1 → Concordo fortemente
[2026-05-08 14:49:44,812][__main__][INFO] - ✓ [google/gemma-3-12b-it] Temp=0.0 Rep=1 → Concordo fortemente
[2026-05-08 14:49:45,199][__main__][INFO] - ✓ [google/gemma-3-4b-it] Temp=0.0 Rep=1 → Concordo fortemente
[2026-05-08 14:49:45,200][__main__][INFO] - ✓ [google/gemma-3-4b-it] Temp=0.0 Rep=1 → Concordo fortemente
[2026-05-08 14:49:45,208][__main__][INFO] - ✓ [google/gemma-3-4b-it] Temp=0.0 Rep=1 → Concordo fortemente
[2026-05-08 14:49:45,335][__main__][INFO] - ✓ [google/gemma-3-27b-it] Temp=0.0 Rep=1 → Concordo fortemente
[2026-05-08 14:49:45,337][__main__][INFO] - ✓ [google/gemma-3-27b-it] Temp=0.0 Rep=1 → Concordo fortemente
[2026-05-08 14:49:45,338][__main__][INFO] - ✓ [google/gemma-3-27b-it] Temp=0.0 Rep=1 → Concordo fortemente
[2026-05-08 14:49:45,375][__main__][INFO] - ✓ [google/gemma-3-12b-it] Temp=0.0 Rep=1 → Concordo
[2026-05-08 14:49:45,379][__main__][INFO] - ✓ [google/gemma-3-12b-it] Temp=0.0 Rep=1 → Concordo
[2026-05-08 14:49:45,471][__main__][INFO] - ✓ [google/gemma-3-12b-it] Temp=0.0 Rep=1 → Concordo fortemente
[2026-05-08 14:49:45,505][__main__][INFO] - ✓ [google/gemma-3-12b-it] Temp=0.0 Rep=1 → Concordo
[2026-05-08 14:49:45,684][__main__][INFO] - ✓ [google/gemma-3-27b-it] Temp=0.0 Rep=1 → Concordo fortemente
[2026-05-08 14:49:45,698][__main__][INFO] - ✓ [google/gemma-3-12b-it] Temp=0.0 Rep=1 → Concordo
[2026-05-08 14:49:45,742][__main__][INFO] - ✓ [google/gemma-3-12b-it] Temp=0.0 Rep=1 → Concordo fortemente
[2026-05-08 14:49:45,857][__main__][INFO] - ✓ [google/gemma-3-4b-it] Temp=0.0 Rep=1 → Concordo fortemente
[2026-05-08 14:49:45,859][__main__][INFO] - ✓ [google/gemma-3-4b-it] Temp=0.0 Rep=1 → Concordo fortemente
[2026-05-08 14:49:45,859][__main__][INFO] - ✓ [google/gemma-3-4b-it] Temp=0.0 Rep=1 → Concordo fortemente
[2026-05-08 14:49:45,859][__main__][INFO] - ✓ [google/gemma-3-27b-it] Temp=0.0 Rep=1 → Concordo fortemente
[2026-05-08 14:49:45,941][__main__][INFO] - ✓ [google/gemma-3-12b-it] Temp=0.0 Rep=1 → Concordo
[2026-05-08 14:49:45,957][__main__][INFO] - ✓ [google/gemma-3-12b-it] Temp=0.0 Rep=1 → Concordo fortemente
[2026-05-08 14:49:46,116][__main__][INFO] - ✓ [google/gemma-3-12b-it] Temp=0.0 Rep=1 → Concordo
[2026-05-08 14:49:46,203][__main__][INFO] - ✓ [google/gemma-3-27b-it] Temp=0.0 Rep=1 → Concordo fortemente
[2026-05-08 14:49:46,259][__main__][INFO] - ✓ [google/gemma-3-4b-it] Temp=0.0 Rep=1 → Concordo fortemente
[2026-05-08 14:49:46,273][__main__][INFO] - ✓ [google/gemma-3-4b-it] Temp=0.0 Rep=1 → Concordo fortemente
[2026-05-08 14:49:46,275][__main__][INFO] - ✓ [google/gemma-3-4b-it] Temp=0.0 Rep=1 → Concordo fortemente
[2026-05-08 14:49:46,383][__main__][INFO] - Salvamento incremental (280 novas respostas)...
[2026-05-08 14:49:46,431][__main__][INFO] - Cache salvo com 200348 entradas
[2026-05-08 14:49:46,431][__main__][INFO] - ✓ [google/gemma-3-27b-it] Temp=0.0 Rep=1 → Concordo fortemente
[2026-05-08 14:49:46,432][__main__][INFO] - ✓ [google/gemma-3-27b-it] Temp=0.0 Rep=1 → Concordo fortemente
[2026-05-08 14:49:46,434][__main__][INFO] - ✓ [google/gemma-3-12b-it] Temp=0.0 Rep=1 → Concordo
[2026-05-08 14:49:46,435][__main__][INFO] - ✓ [google/gemma-3-27b-it] Temp=0.0 Rep=1 → Concordo fortemente
[2026-05-08 14:49:46,458][__main__][INFO] - ✓ [google/gemma-3-12b-it] Temp=0.0 Rep=1 → Concordo
[2026-05-08 14:49:46,613][__main__][INFO] - ✓ [google/gemma-3-4b-it] Temp=0.0 Rep=1 → Concordo
[2026-05-08 14:49:46,628][__main__][INFO] - ✓ [google/gemma-3-12b-it] Temp=0.0 Rep=1 → Concordo
[2026-05-08 14:49:46,671][__main__][INFO] - ✓ [google/gemma-3-27b-it] Temp=0.0 Rep=1 → Concordo fortemente
[2026-05-08 14:49:46,765][__main__][INFO] - ✓ [google/gemma-3-27b-it] Temp=0.0 Rep=1 → Concordo fortemente
[2026-05-08 14:49:46,793][__main__][INFO] - ✓ [google/gemma-3-4b-it] Temp=0.0 Rep=1 → Concordo fortemente
[2026-05-08 14:49:46,813][__main__][INFO] - ✓ [google/gemma-3-4b-it] Temp=0.0 Rep=1 → Concordo fortemente
[2026-05-08 14:49:47,000][__main__][INFO] - ✓ [google/gemma-3-12b-it] Temp=0.0 Rep=1 → Concordo
[2026-05-08 14:49:47,003][__main__][INFO] - ✓ [google/gemma-3-12b-it] Temp=0.0 Rep=1 → Neutro
[2026-05-08 14:49:47,028][__main__][INFO] - ✓ [google/gemma-3-27b-it] Temp=0.0 Rep=1 → Discordo fortemente
[2026-05-08 14:49:47,070][__main__][INFO] - ✓ [google/gemma-3-12b-it] Temp=0.0 Rep=1 → Concordo
[2026-05-08 14:49:47,111][__main__][INFO] - ✓ [google/gemma-3-27b-it] Temp=0.0 Rep=1 → Concordo fortemente
[2026-05-08 14:49:47,155][__main__][INFO] - ✓ [google/gemma-3-4b-it] Temp=0.0 Rep=1 → Neutro
[2026-05-08 14:49:47,168][__main__][INFO] - ✓ [google/gemma-3-27b-it] Temp=0.0 Rep=1 → Concordo fortemente
[2026-05-08 14:49:47,178][__main__][INFO] - ✓ [google/gemma-3-27b-it] Temp=0.0 Rep=1 → Concordo
[2026-05-08 14:49:47,202][__main__][INFO] - ✓ [google/gemma-3-4b-it] Temp=0.0 Rep=1 → Concordo
[2026-05-08 14:49:47,227][__main__][INFO] - ✓ [google/gemma-3-4b-it] Temp=0.0 Rep=1 → Neutro
[2026-05-08 14:49:47,470][__main__][INFO] - ✓ [google/gemma-3-12b-it] Temp=0.0 Rep=1 → Neutro
[2026-05-08 14:49:47,472][__main__][INFO] - ✓ [google/gemma-3-12b-it] Temp=0.0 Rep=1 → Neutro
[2026-05-08 14:49:47,523][__main__][INFO] - ✓ [google/gemma-3-27b-it] Temp=0.0 Rep=1 → Concordo
[2026-05-08 14:49:47,547][__main__][INFO] - ✓ [google/gemma-3-27b-it] Temp=0.0 Rep=1 → Concordo fortemente
[2026-05-08 14:49:47,548][__main__][INFO] - ✓ [google/gemma-3-4b-it] Temp=0.0 Rep=1 → Discordo
[2026-05-08 14:49:47,561][__main__][INFO] - ✓ [google/gemma-3-4b-it] Temp=0.0 Rep=1 → Concordo fortemente
[2026-05-08 14:49:47,573][__main__][INFO] - ✓ [google/gemma-3-4b-it] Temp=0.0 Rep=1 → Concordo fortemente
[2026-05-08 14:49:47,583][__main__][INFO] - ✓ [google/gemma-3-12b-it] Temp=0.0 Rep=1 → Concordo
[2026-05-08 14:49:47,590][__main__][INFO] - ✓ [google/gemma-3-27b-it] Temp=0.0 Rep=1 → Concordo
[2026-05-08 14:49:47,654][__main__][INFO] - ✓ [google/gemma-3-12b-it] Temp=0.0 Rep=1 → Concordo
[2026-05-08 14:49:47,958][__main__][INFO] - ✓ [google/gemma-3-12b-it] Temp=0.0 Rep=1 → Concordo
[2026-05-08 14:49:47,962][__main__][INFO] - ✓ [google/gemma-3-27b-it] Temp=0.0 Rep=1 → Concordo fortemente
[2026-05-08 14:49:47,963][__main__][INFO] - ✓ [google/gemma-3-4b-it] Temp=0.0 Rep=1 → Concordo fortemente
[2026-05-08 14:49:47,965][__main__][INFO] - ✓ [google/gemma-3-4b-it] Temp=0.0 Rep=1 → Discordo fortemente
[2026-05-08 14:49:47,966][__main__][INFO] - ✓ [google/gemma-3-12b-it] Temp=0.0 Rep=1 → Concordo fortemente
[2026-05-08 14:49:47,974][__main__][INFO] - ✓ [google/gemma-3-4b-it] Temp=0.0 Rep=1 → Concordo fortemente
[2026-05-08 14:49:47,987][__main__][INFO] - ✓ [google/gemma-3-12b-it] Temp=0.0 Rep=1 → Concordo
[2026-05-08 14:49:48,045][__main__][INFO] - ✓ [google/gemma-3-27b-it] Temp=0.0 Rep=1 → Concordo fortemente
[2026-05-08 14:49:48,128][__main__][INFO] - ✓ [google/gemma-3-12b-it] Temp=0.0 Rep=1 → Concordo
[2026-05-08 14:49:48,341][__main__][INFO] - Salvamento incremental (320 novas respostas)...
[2026-05-08 14:49:48,389][__main__][INFO] - Cache salvo com 200388 entradas
[2026-05-08 14:49:48,389][__main__][INFO] - ✓ [google/gemma-3-4b-it] Temp=0.0 Rep=1 → Concordo fortemente
[2026-05-08 14:49:48,391][__main__][INFO] - ✓ [google/gemma-3-4b-it] Temp=0.0 Rep=1 → Concordo fortemente
[2026-05-08 14:49:48,391][__main__][INFO] - ✓ [google/gemma-3-4b-it] Temp=0.0 Rep=1 → Concordo fortemente
[2026-05-08 14:49:48,478][__main__][INFO] - ✓ [google/gemma-3-27b-it] Temp=0.0 Rep=1 → Concordo fortemente
[2026-05-08 14:49:48,496][__main__][INFO] - ✓ [google/gemma-3-27b-it] Temp=0.0 Rep=1 → Concordo fortemente
[2026-05-08 14:49:48,568][__main__][INFO] - ✓ [google/gemma-3-27b-it] Temp=0.0 Rep=1 → Concordo fortemente
[2026-05-08 14:49:48,580][__main__][INFO] - ✓ [google/gemma-3-27b-it] Temp=0.0 Rep=1 → Concordo fortemente
[2026-05-08 14:49:48,667][__main__][INFO] - ✓ [google/gemma-3-12b-it] Temp=0.0 Rep=1 → Concordo fortemente
[2026-05-08 14:49:48,731][__main__][INFO] - ✓ [google/gemma-3-12b-it] Temp=0.0 Rep=1 → Concordo
[2026-05-08 14:49:48,859][__main__][INFO] - ✓ [google/gemma-3-4b-it] Temp=0.0 Rep=1 → Concordo fortemente
[2026-05-08 14:49:49,006][__main__][INFO] - ✓ [google/gemma-3-27b-it] Temp=0.0 Rep=1 → Concordo fortemente
[2026-05-08 14:49:49,010][__main__][INFO] - ✓ [google/gemma-3-12b-it] Temp=0.0 Rep=1 → Concordo fortemente
[2026-05-08 14:49:49,011][__main__][INFO] - ✓ [google/gemma-3-27b-it] Temp=0.0 Rep=1 → Concordo fortemente
[2026-05-08 14:49:49,012][__main__][INFO] - ✓ [google/gemma-3-27b-it] Temp=0.0 Rep=1 → Concordo fortemente
[2026-05-08 14:49:49,020][__main__][INFO] - ✓ [google/gemma-3-4b-it] Temp=0.0 Rep=1 → Discordo
[2026-05-08 14:49:49,021][__main__][INFO] - ✓ [google/gemma-3-4b-it] Temp=0.0 Rep=1 → Concordo fortemente
[2026-05-08 14:49:49,042][__main__][INFO] - ✓ [google/gemma-3-12b-it] Temp=0.0 Rep=1 → Concordo fortemente
[2026-05-08 14:49:49,202][__main__][INFO] - ✓ [google/gemma-3-12b-it] Temp=0.0 Rep=1 → Concordo
[2026-05-08 14:49:49,262][__main__][INFO] - ✓ [google/gemma-3-12b-it] Temp=0.0 Rep=1 → Concordo
[2026-05-08 14:49:49,412][__main__][INFO] - ✓ [google/gemma-3-4b-it] Temp=0.0 Rep=1 → Concordo fortemente
[2026-05-08 14:49:49,425][__main__][INFO] - ✓ [google/gemma-3-4b-it] Temp=0.0 Rep=1 → Concordo fortemente
[2026-05-08 14:49:49,432][__main__][INFO] - ✓ [google/gemma-3-4b-it] Temp=0.0 Rep=1 → Concordo fortemente
[2026-05-08 14:49:49,527][__main__][INFO] - ✓ [google/gemma-3-27b-it] Temp=0.0 Rep=1 → Concordo fortemente
[2026-05-08 14:49:49,528][__main__][INFO] - ✓ [google/gemma-3-27b-it] Temp=0.0 Rep=1 → Concordo fortemente
[2026-05-08 14:49:49,531][__main__][INFO] - ✓ [google/gemma-3-12b-it] Temp=0.0 Rep=1 → Concordo
[2026-05-08 14:49:49,637][__main__][INFO] - ✓ [google/gemma-3-12b-it] Temp=0.0 Rep=1 → Concordo
[2026-05-08 14:49:49,735][__main__][INFO] - ✓ [google/gemma-3-27b-it] Temp=0.0 Rep=1 → Concordo fortemente
[2026-05-08 14:49:49,812][__main__][INFO] - ✓ [google/gemma-3-12b-it] Temp=0.0 Rep=1 → Concordo
[2026-05-08 14:49:49,860][__main__][INFO] - ✓ [google/gemma-3-12b-it] Temp=0.0 Rep=1 → Concordo fortemente
[2026-05-08 14:49:49,886][__main__][INFO] - ✓ [google/gemma-3-27b-it] Temp=0.0 Rep=1 → Concordo fortemente
[2026-05-08 14:49:49,906][__main__][INFO] - ✓ [google/gemma-3-4b-it] Temp=0.0 Rep=1 → Discordo
[2026-05-08 14:49:49,918][__main__][INFO] - ✓ [google/gemma-3-27b-it] Temp=0.0 Rep=1 → Concordo fortemente
[2026-05-08 14:49:49,923][__main__][INFO] - ✓ [google/gemma-3-27b-it] Temp=0.0 Rep=1 → Concordo fortemente
[2026-05-08 14:49:49,925][__main__][INFO] - ✓ [google/gemma-3-4b-it] Temp=0.0 Rep=1 → Discordo
[2026-05-08 14:49:49,929][__main__][INFO] - ✓ [google/gemma-3-4b-it] Temp=0.0 Rep=1 → Concordo
[2026-05-08 14:49:50,124][__main__][INFO] - ✓ [google/gemma-3-12b-it] Temp=0.0 Rep=1 → Concordo
[2026-05-08 14:49:50,214][__main__][INFO] - ✓ [google/gemma-3-12b-it] Temp=0.0 Rep=1 → Concordo
[2026-05-08 14:49:50,262][__main__][INFO] - ✓ [google/gemma-3-12b-it] Temp=0.0 Rep=1 → Concordo
[2026-05-08 14:49:50,324][__main__][INFO] - ✓ [google/gemma-3-27b-it] Temp=0.0 Rep=1 → Concordo
[2026-05-08 14:49:50,350][__main__][INFO] - ✓ [google/gemma-3-4b-it] Temp=0.0 Rep=1 → Discordo
[2026-05-08 14:49:50,355][__main__][INFO] - Salvamento incremental (360 novas respostas)...
[2026-05-08 14:49:50,399][__main__][INFO] - Cache salvo com 200428 entradas
[2026-05-08 14:49:50,400][__main__][INFO] - ✓ [google/gemma-3-4b-it] Temp=0.0 Rep=1 → Discordo
[2026-05-08 14:49:50,402][__main__][INFO] - ✓ [google/gemma-3-4b-it] Temp=0.0 Rep=1 → Concordo
[2026-05-08 14:49:50,402][__main__][INFO] - ✓ [google/gemma-3-12b-it] Temp=0.0 Rep=1 → Discordo
[2026-05-08 14:49:50,420][__main__][INFO] - ✓ [google/gemma-3-27b-it] Temp=0.0 Rep=1 → Concordo fortemente
[2026-05-08 14:49:50,454][__main__][INFO] - ✓ [google/gemma-3-27b-it] Temp=0.0 Rep=1 → Concordo fortemente
[2026-05-08 14:49:50,575][__main__][INFO] - ✓ [google/gemma-3-12b-it] Temp=0.0 Rep=1 → Concordo
[2026-05-08 14:49:50,656][__main__][INFO] - ✓ [google/gemma-3-12b-it] Temp=0.0 Rep=1 → Concordo
[2026-05-08 14:49:50,734][__main__][INFO] - ✓ [google/gemma-3-27b-it] Temp=0.0 Rep=1 → Discordo
[2026-05-08 14:49:50,759][__main__][INFO] - ✓ [google/gemma-3-27b-it] Temp=0.0 Rep=1 → Concordo
[2026-05-08 14:49:50,762][__main__][INFO] - ✓ [google/gemma-3-4b-it] Temp=0.0 Rep=1 → Discordo fortemente
[2026-05-08 14:49:50,771][__main__][INFO] - ✓ [google/gemma-3-4b-it] Temp=0.0 Rep=1 → Discordo fortemente
[2026-05-08 14:49:50,784][__main__][INFO] - ✓ [google/gemma-3-4b-it] Temp=0.0 Rep=1 → Concordo fortemente
[2026-05-08 14:49:50,785][__main__][INFO] - ✓ [google/gemma-3-12b-it] Temp=0.0 Rep=1 → Discordo
[2026-05-08 14:49:50,845][__main__][INFO] - ✓ [google/gemma-3-12b-it] Temp=0.0 Rep=1 → Concordo fortemente
[2026-05-08 14:49:51,107][__main__][INFO] - ✓ [google/gemma-3-12b-it] Temp=0.0 Rep=1 → Concordo fortemente
[2026-05-08 14:49:51,108][__main__][INFO] - ✓ [google/gemma-3-27b-it] Temp=0.0 Rep=1 → Discordo fortemente
[2026-05-08 14:49:51,139][__main__][INFO] - ✓ [google/gemma-3-4b-it] Temp=0.0 Rep=1 → Discordo fortemente
[2026-05-08 14:49:51,150][__main__][INFO] - ✓ [google/gemma-3-4b-it] Temp=0.0 Rep=1 → Discordo fortemente
[2026-05-08 14:49:51,166][__main__][INFO] - ✓ [google/gemma-3-27b-it] Temp=0.0 Rep=1 → Concordo fortemente
[2026-05-08 14:49:51,168][__main__][INFO] - ✓ [google/gemma-3-4b-it] Temp=0.0 Rep=1 → Concordo fortemente
[2026-05-08 14:49:51,170][__main__][INFO] - ✓ [google/gemma-3-12b-it] Temp=0.0 Rep=1 → Discordo
[2026-05-08 14:49:51,197][__main__][INFO] - ✓ [google/gemma-3-27b-it] Temp=0.0 Rep=1 → Concordo fortemente
[2026-05-08 14:49:51,202][__main__][INFO] - ✓ [google/gemma-3-27b-it] Temp=0.0 Rep=1 → Concordo fortemente
[2026-05-08 14:49:51,299][__main__][INFO] - ✓ [google/gemma-3-12b-it] Temp=0.0 Rep=1 → Concordo
[2026-05-08 14:49:51,519][__main__][INFO] - ✓ [google/gemma-3-4b-it] Temp=0.0 Rep=1 → Concordo fortemente
[2026-05-08 14:49:51,524][__main__][INFO] - ✓ [google/gemma-3-4b-it] Temp=0.0 Rep=1 → Concordo fortemente
[2026-05-08 14:49:51,527][__main__][INFO] - ✓ [google/gemma-3-4b-it] Temp=0.0 Rep=1 → Concordo fortemente
[2026-05-08 14:49:51,530][__main__][INFO] - ✓ [google/gemma-3-27b-it] Temp=0.0 Rep=1 → Discordo fortemente
[2026-05-08 14:49:51,623][__main__][INFO] - ✓ [google/gemma-3-27b-it] Temp=0.0 Rep=1 → Concordo fortemente
[2026-05-08 14:49:51,654][__main__][INFO] - ✓ [google/gemma-3-27b-it] Temp=0.0 Rep=1 → Concordo fortemente
[2026-05-08 14:49:51,675][__main__][INFO] - ✓ [google/gemma-3-12b-it] Temp=0.0 Rep=1 → Concordo
[2026-05-08 14:49:51,679][__main__][INFO] - ✓ [google/gemma-3-12b-it] Temp=0.0 Rep=1 → Concordo
[2026-05-08 14:49:51,802][__main__][INFO] - ✓ [google/gemma-3-12b-it] Temp=0.0 Rep=1 → Discordo
[2026-05-08 14:49:51,808][__main__][INFO] - ✓ [google/gemma-3-12b-it] Temp=0.0 Rep=1 → Concordo
[2026-05-08 14:49:51,869][__main__][INFO] - ✓ [google/gemma-3-4b-it] Temp=0.0 Rep=1 → Concordo fortemente
[2026-05-08 14:49:51,976][__main__][INFO] - ✓ [google/gemma-3-27b-it] Temp=0.0 Rep=1 → Concordo fortemente
[2026-05-08 14:49:51,987][__main__][INFO] - ✓ [google/gemma-3-27b-it] Temp=0.0 Rep=1 → Concordo fortemente
[2026-05-08 14:49:51,989][__main__][INFO] - ✓ [google/gemma-3-4b-it] Temp=0.0 Rep=1 → Concordo
[2026-05-08 14:49:51,997][__main__][INFO] - ✓ [google/gemma-3-4b-it] Temp=0.0 Rep=1 → Concordo fortemente
[2026-05-08 14:49:52,002][__main__][INFO] - ✓ [google/gemma-3-27b-it] Temp=0.0 Rep=1 → Concordo fortemente
[2026-05-08 14:49:52,148][__main__][INFO] - Salvamento incremental (400 novas respostas)...
[2026-05-08 14:49:52,196][__main__][INFO] - Cache salvo com 200468 entradas
[2026-05-08 14:49:52,196][__main__][INFO] - ✓ [google/gemma-3-12b-it] Temp=0.0 Rep=1 → Concordo
[2026-05-08 14:49:52,198][__main__][INFO] - ✓ [google/gemma-3-12b-it] Temp=0.0 Rep=1 → Concordo fortemente
[2026-05-08 14:49:52,204][__main__][INFO] - ✓ [google/gemma-3-12b-it] Temp=0.0 Rep=1 → Concordo
[2026-05-08 14:49:52,322][__main__][INFO] - ✓ [google/gemma-3-12b-it] Temp=0.0 Rep=1 → Discordo
[2026-05-08 14:49:52,335][__main__][INFO] - ✓ [google/gemma-3-27b-it] Temp=0.0 Rep=1 → Concordo fortemente
[2026-05-08 14:49:52,363][__main__][INFO] - ✓ [google/gemma-3-4b-it] Temp=0.0 Rep=1 → Discordo
[2026-05-08 14:49:52,364][__main__][INFO] - ✓ [google/gemma-3-4b-it] Temp=0.0 Rep=1 → Discordo fortemente
[2026-05-08 14:49:52,368][__main__][INFO] - ✓ [google/gemma-3-4b-it] Temp=0.0 Rep=1 → Discordo fortemente
[2026-05-08 14:49:52,401][__main__][INFO] - ✓ [google/gemma-3-27b-it] Temp=0.0 Rep=1 → Concordo fortemente
[2026-05-08 14:49:52,673][__main__][INFO] - ✓ [google/gemma-3-12b-it] Temp=0.0 Rep=1 → Concordo
[2026-05-08 14:49:52,674][__main__][INFO] - ✓ [google/gemma-3-12b-it] Temp=0.0 Rep=1 → Concordo
[2026-05-08 14:49:52,727][__main__][INFO] - ✓ [google/gemma-3-27b-it] Temp=0.0 Rep=1 → Concordo fortemente
[2026-05-08 14:49:52,733][__main__][INFO] - ✓ [google/gemma-3-27b-it] Temp=0.0 Rep=1 → Concordo
[2026-05-08 14:49:52,762][__main__][INFO] - ✓ [google/gemma-3-27b-it] Temp=0.0 Rep=1 → Concordo fortemente
[2026-05-08 14:49:52,771][__main__][INFO] - ✓ [google/gemma-3-4b-it] Temp=0.0 Rep=1 → Concordo fortemente
[2026-05-08 14:49:52,773][__main__][INFO] - ✓ [google/gemma-3-4b-it] Temp=0.0 Rep=1 → Concordo fortemente
[2026-05-08 14:49:52,780][__main__][INFO] - ✓ [google/gemma-3-4b-it] Temp=0.0 Rep=1 → Concordo fortemente
[2026-05-08 14:49:52,848][__main__][INFO] - ✓ [google/gemma-3-12b-it] Temp=0.0 Rep=1 → Concordo fortemente
[2026-05-08 14:49:52,851][__main__][INFO] - ✓ [google/gemma-3-27b-it] Temp=0.0 Rep=1 → Discordo fortemente
[2026-05-08 14:49:53,051][__main__][INFO] - ✓ [google/gemma-3-12b-it] Temp=0.0 Rep=1 → Concordo
[2026-05-08 14:49:53,084][__main__][INFO] - ✓ [google/gemma-3-12b-it] Temp=0.0 Rep=1 → Concordo fortemente
[2026-05-08 14:49:53,197][__main__][INFO] - ✓ [google/gemma-3-4b-it] Temp=0.0 Rep=1 → Concordo fortemente
[2026-05-08 14:49:53,198][__main__][INFO] - ✓ [google/gemma-3-4b-it] Temp=0.0 Rep=1 → Concordo fortemente
[2026-05-08 14:49:53,200][__main__][INFO] - ✓ [google/gemma-3-27b-it] Temp=0.0 Rep=1 → Concordo fortemente
[2026-05-08 14:49:53,200][__main__][INFO] - ✓ [google/gemma-3-4b-it] Temp=0.0 Rep=1 → Concordo fortemente
[2026-05-08 14:49:53,200][__main__][INFO] - ✓ [google/gemma-3-27b-it] Temp=0.0 Rep=1 → Concordo fortemente
[2026-05-08 14:49:53,201][__main__][INFO] - ✓ [google/gemma-3-27b-it] Temp=0.0 Rep=1 → Concordo fortemente
[2026-05-08 14:49:53,277][__main__][INFO] - ✓ [google/gemma-3-12b-it] Temp=0.0 Rep=1 → Concordo
[2026-05-08 14:49:53,278][__main__][INFO] - ✓ [google/gemma-3-12b-it] Temp=0.0 Rep=1 → Concordo
[2026-05-08 14:49:53,573][__main__][INFO] - ✓ [google/gemma-3-4b-it] Temp=0.0 Rep=1 → Neutro
[2026-05-08 14:49:53,593][__main__][INFO] - ✓ [google/gemma-3-4b-it] Temp=0.0 Rep=1 → Concordo fortemente
[2026-05-08 14:49:53,598][__main__][INFO] - ✓ [google/gemma-3-4b-it] Temp=0.0 Rep=1 → Concordo fortemente
[2026-05-08 14:49:53,820][__main__][INFO] - ✓ [google/gemma-3-12b-it] Temp=0.0 Rep=1 → Concordo
[2026-05-08 14:49:53,853][__main__][INFO] - ✓ [google/gemma-3-12b-it] Temp=0.0 Rep=1 → Discordo
[2026-05-08 14:49:53,858][__main__][INFO] - ✓ [google/gemma-3-12b-it] Temp=0.0 Rep=1 → Concordo
[2026-05-08 14:49:53,885][__main__][INFO] - ✓ [google/gemma-3-12b-it] Temp=0.0 Rep=1 → Concordo
[2026-05-08 14:49:53,973][__main__][INFO] - ✓ [google/gemma-3-27b-it] Temp=0.0 Rep=1 → Concordo fortemente
[2026-05-08 14:49:53,998][__main__][INFO] - ✓ [google/gemma-3-27b-it] Temp=0.0 Rep=1 → Discordo
[2026-05-08 14:49:54,026][__main__][INFO] - ✓ [google/gemma-3-27b-it] Temp=0.0 Rep=1 → Concordo fortemente
[2026-05-08 14:49:54,246][__main__][INFO] - ✓ [google/gemma-3-4b-it] Temp=0.0 Rep=1 → Discordo fortemente
[2026-05-08 14:49:54,250][__main__][INFO] - Salvamento incremental (440 novas respostas)...
[2026-05-08 14:49:54,292][__main__][INFO] - Cache salvo com 200508 entradas
[2026-05-08 14:49:54,292][__main__][INFO] - ✓ [google/gemma-3-12b-it] Temp=0.0 Rep=1 → Discordo
[2026-05-08 14:49:54,293][__main__][INFO] - ✓ [google/gemma-3-4b-it] Temp=0.0 Rep=1 → Discordo fortemente
[2026-05-08 14:49:54,293][__main__][INFO] - ✓ [google/gemma-3-4b-it] Temp=0.0 Rep=1 → Concordo fortemente
[2026-05-08 14:49:54,322][__main__][INFO] - ✓ [google/gemma-3-27b-it] Temp=0.0 Rep=1 → Concordo fortemente
[2026-05-08 14:49:54,521][__main__][INFO] - ✓ [google/gemma-3-27b-it] Temp=0.0 Rep=1 → Discordo fortemente
[2026-05-08 14:49:54,545][__main__][INFO] - ✓ [google/gemma-3-12b-it] Temp=0.0 Rep=1 → Concordo
[2026-05-08 14:49:54,549][__main__][INFO] - ✓ [google/gemma-3-27b-it] Temp=0.0 Rep=1 → Concordo fortemente
[2026-05-08 14:49:54,594][__main__][INFO] - ✓ [google/gemma-3-27b-it] Temp=0.0 Rep=1 → Concordo
[2026-05-08 14:49:54,596][__main__][INFO] - ✓ [google/gemma-3-12b-it] Temp=0.0 Rep=1 → Concordo fortemente
[2026-05-08 14:49:54,660][__main__][INFO] - ✓ [google/gemma-3-4b-it] Temp=0.0 Rep=1 → Discordo
[2026-05-08 14:49:54,670][__main__][INFO] - ✓ [google/gemma-3-4b-it] Temp=0.0 Rep=1 → Discordo
[2026-05-08 14:49:54,676][__main__][INFO] - ✓ [google/gemma-3-4b-it] Temp=0.0 Rep=1 → Concordo
[2026-05-08 14:49:54,769][__main__][INFO] - ✓ [google/gemma-3-27b-it] Temp=0.0 Rep=1 → Concordo fortemente
[2026-05-08 14:49:54,798][__main__][INFO] - ✓ [google/gemma-3-27b-it] Temp=0.0 Rep=1 → Concordo fortemente
[2026-05-08 14:49:54,898][__main__][INFO] - ✓ [google/gemma-3-12b-it] Temp=0.0 Rep=1 → Neutro
[2026-05-08 14:49:54,928][__main__][INFO] - ✓ [google/gemma-3-12b-it] Temp=0.0 Rep=1 → Neutro
[2026-05-08 14:49:54,989][__main__][INFO] - ✓ [google/gemma-3-4b-it] Temp=0.0 Rep=1 → Discordo
[2026-05-08 14:49:55,044][__main__][INFO] - ✓ [google/gemma-3-4b-it] Temp=0.0 Rep=1 → Concordo fortemente
[2026-05-08 14:49:55,052][__main__][INFO] - ✓ [google/gemma-3-12b-it] Temp=0.0 Rep=1 → Concordo
[2026-05-08 14:49:55,057][__main__][INFO] - ✓ [google/gemma-3-27b-it] Temp=0.0 Rep=1 → Concordo
[2026-05-08 14:49:55,096][__main__][INFO] - ✓ [google/gemma-3-4b-it] Temp=0.0 Rep=1 → Concordo fortemente
[2026-05-08 14:49:55,109][__main__][INFO] - ✓ [google/gemma-3-27b-it] Temp=0.0 Rep=1 → Concordo
[2026-05-08 14:49:55,143][__main__][INFO] - ✓ [google/gemma-3-27b-it] Temp=0.0 Rep=1 → Concordo
[2026-05-08 14:49:55,150][__main__][INFO] - ✓ [google/gemma-3-12b-it] Temp=0.0 Rep=1 → Neutro
[2026-05-08 14:49:55,427][__main__][INFO] - ✓ [google/gemma-3-4b-it] Temp=0.0 Rep=1 → Discordo fortemente
[2026-05-08 14:49:55,429][__main__][INFO] - ✓ [google/gemma-3-4b-it] Temp=0.0 Rep=1 → Discordo
[2026-05-08 14:49:55,430][__main__][INFO] - ✓ [google/gemma-3-4b-it] Temp=0.0 Rep=1 → Discordo
[2026-05-08 14:49:55,458][__main__][INFO] - ✓ [google/gemma-3-27b-it] Temp=0.0 Rep=1 → Concordo
[2026-05-08 14:49:55,503][__main__][INFO] - ✓ [google/gemma-3-12b-it] Temp=0.0 Rep=1 → Concordo fortemente
[2026-05-08 14:49:55,511][__main__][INFO] - ✓ [google/gemma-3-27b-it] Temp=0.0 Rep=1 → Concordo fortemente
[2026-05-08 14:49:55,513][__main__][INFO] - ✓ [google/gemma-3-12b-it] Temp=0.0 Rep=1 → Concordo
[2026-05-08 14:49:55,551][__main__][INFO] - ✓ [google/gemma-3-12b-it] Temp=0.0 Rep=1 → Neutro
[2026-05-08 14:49:55,692][__main__][INFO] - ✓ [google/gemma-3-12b-it] Temp=0.0 Rep=1 → Concordo
[2026-05-08 14:49:55,844][__main__][INFO] - ✓ [google/gemma-3-4b-it] Temp=0.0 Rep=1 → Neutro
[2026-05-08 14:49:55,864][__main__][INFO] - ✓ [google/gemma-3-4b-it] Temp=0.0 Rep=1 → Discordo
[2026-05-08 14:49:55,865][__main__][INFO] - ✓ [google/gemma-3-4b-it] Temp=0.0 Rep=1 → Discordo fortemente
[2026-05-08 14:49:55,880][__main__][INFO] - ✓ [google/gemma-3-27b-it] Temp=0.0 Rep=1 → Concordo fortemente
[2026-05-08 14:49:55,930][__main__][INFO] - ✓ [google/gemma-3-12b-it] Temp=0.0 Rep=1 → Neutro
[2026-05-08 14:49:55,962][__main__][INFO] - ✓ [google/gemma-3-27b-it] Temp=0.0 Rep=1 → Concordo
[2026-05-08 14:49:56,123][__main__][INFO] - ✓ [google/gemma-3-12b-it] Temp=0.0 Rep=1 → Concordo
[2026-05-08 14:49:56,178][__main__][INFO] - Salvamento incremental (480 novas respostas)...
[2026-05-08 14:49:56,220][__main__][INFO] - Cache salvo com 200548 entradas
[2026-05-08 14:49:56,220][__main__][INFO] - ✓ [google/gemma-3-27b-it] Temp=0.0 Rep=1 → Discordo fortemente
[2026-05-08 14:49:56,343][__main__][INFO] - ✓ [google/gemma-3-27b-it] Temp=0.0 Rep=1 → Discordo fortemente
[2026-05-08 14:49:56,345][__main__][INFO] - ✓ [google/gemma-3-12b-it] Temp=0.0 Rep=1 → Concordo
[2026-05-08 14:49:56,345][__main__][INFO] - ✓ [google/gemma-3-27b-it] Temp=0.0 Rep=1 → Concordo fortemente
[2026-05-08 14:49:56,345][__main__][INFO] - ✓ [google/gemma-3-4b-it] Temp=0.0 Rep=1 → Discordo
[2026-05-08 14:49:56,345][__main__][INFO] - ✓ [google/gemma-3-12b-it] Temp=0.0 Rep=1 → Concordo
[2026-05-08 14:49:56,358][__main__][INFO] - ✓ [google/gemma-3-4b-it] Temp=0.0 Rep=1 → Concordo fortemente
[2026-05-08 14:49:56,359][__main__][INFO] - ✓ [google/gemma-3-27b-it] Temp=0.0 Rep=1 → Concordo
[2026-05-08 14:49:56,461][__main__][INFO] - ✓ [google/gemma-3-4b-it] Temp=0.0 Rep=1 → Concordo fortemente
[2026-05-08 14:49:56,597][__main__][INFO] - ✓ [google/gemma-3-12b-it] Temp=0.0 Rep=1 → Concordo
[2026-05-08 14:49:56,693][__main__][INFO] - ✓ [google/gemma-3-12b-it] Temp=0.0 Rep=1 → Discordo
[2026-05-08 14:49:56,723][__main__][INFO] - ✓ [google/gemma-3-4b-it] Temp=0.0 Rep=1 → Concordo
[2026-05-08 14:49:56,731][__main__][INFO] - ✓ [google/gemma-3-4b-it] Temp=0.0 Rep=1 → Discordo fortemente
[2026-05-08 14:49:56,753][__main__][INFO] - ✓ [google/gemma-3-12b-it] Temp=0.0 Rep=1 → Concordo
[2026-05-08 14:49:56,867][__main__][INFO] - ✓ [google/gemma-3-4b-it] Temp=0.0 Rep=1 → Discordo
[2026-05-08 14:49:56,868][__main__][INFO] - ✓ [google/gemma-3-27b-it] Temp=0.0 Rep=1 → Concordo fortemente
[2026-05-08 14:49:56,868][__main__][INFO] - ✓ [google/gemma-3-27b-it] Temp=0.0 Rep=1 → Concordo fortemente
[2026-05-08 14:49:56,994][__main__][INFO] - ✓ [google/gemma-3-12b-it] Temp=0.0 Rep=1 → Discordo
[2026-05-08 14:49:57,090][__main__][INFO] - ✓ [google/gemma-3-27b-it] Temp=0.0 Rep=1 → Discordo fortemente
[2026-05-08 14:49:57,132][__main__][INFO] - ✓ [google/gemma-3-27b-it] Temp=0.0 Rep=1 → Discordo fortemente
[2026-05-08 14:49:57,133][__main__][INFO] - ✓ [google/gemma-3-27b-it] Temp=0.0 Rep=1 → Concordo fortemente
[2026-05-08 14:49:57,138][__main__][INFO] - ✓ [google/gemma-3-12b-it] Temp=0.0 Rep=1 → Concordo
[2026-05-08 14:49:57,143][__main__][INFO] - ✓ [google/gemma-3-12b-it] Temp=0.0 Rep=1 → Neutro
[2026-05-08 14:49:57,180][__main__][INFO] - ✓ [google/gemma-3-27b-it] Temp=0.0 Rep=1 → Concordo fortemente
[2026-05-08 14:49:57,214][__main__][INFO] - ✓ [google/gemma-3-4b-it] Temp=0.0 Rep=1 → Discordo fortemente
[2026-05-08 14:49:57,237][__main__][INFO] - ✓ [google/gemma-3-4b-it] Temp=0.0 Rep=1 → Concordo fortemente
[2026-05-08 14:49:57,297][__main__][INFO] - ✓ [google/gemma-3-27b-it] Temp=0.0 Rep=1 → Concordo
[2026-05-08 14:49:57,392][__main__][INFO] - ✓ [google/gemma-3-4b-it] Temp=0.0 Rep=1 → Concordo fortemente
[2026-05-08 14:49:57,529][__main__][INFO] - ✓ [google/gemma-3-4b-it] Temp=0.0 Rep=1 → Concordo
[2026-05-08 14:49:57,563][__main__][INFO] - ✓ [google/gemma-3-12b-it] Temp=0.0 Rep=1 → Concordo fortemente
[2026-05-08 14:49:57,567][__main__][INFO] - ✓ [google/gemma-3-12b-it] Temp=0.0 Rep=1 → Concordo
[2026-05-08 14:49:57,580][__main__][INFO] - ✓ [google/gemma-3-27b-it] Temp=0.0 Rep=1 → Concordo fortemente
[2026-05-08 14:49:57,582][__main__][INFO] - ✓ [google/gemma-3-27b-it] Temp=0.0 Rep=1 → Concordo fortemente
[2026-05-08 14:49:57,600][__main__][INFO] - ✓ [google/gemma-3-12b-it] Temp=0.0 Rep=1 → Concordo fortemente
[2026-05-08 14:49:57,611][__main__][INFO] - ✓ [google/gemma-3-4b-it] Temp=0.0 Rep=1 → Concordo
[2026-05-08 14:49:57,614][__main__][INFO] - ✓ [google/gemma-3-27b-it] Temp=0.0 Rep=1 → Concordo fortemente
[2026-05-08 14:49:57,798][__main__][INFO] - ✓ [google/gemma-3-4b-it] Temp=0.0 Rep=1 → Concordo
[2026-05-08 14:49:57,919][__main__][INFO] - ✓ [google/gemma-3-12b-it] Temp=0.0 Rep=1 → Neutro
[2026-05-08 14:49:57,968][__main__][INFO] - ✓ [google/gemma-3-4b-it] Temp=0.0 Rep=1 → Concordo fortemente
[2026-05-08 14:49:57,972][__main__][INFO] - ✓ [google/gemma-3-4b-it] Temp=0.0 Rep=1 → Concordo fortemente
[2026-05-08 14:49:57,975][__main__][INFO] - Salvamento incremental (520 novas respostas)...
[2026-05-08 14:49:58,021][__main__][INFO] - Cache salvo com 200588 entradas
[2026-05-08 14:49:58,021][__main__][INFO] - ✓ [google/gemma-3-4b-it] Temp=0.0 Rep=1 → Concordo fortemente
[2026-05-08 14:49:58,023][__main__][INFO] - ✓ [google/gemma-3-27b-it] Temp=0.0 Rep=1 → Concordo
[2026-05-08 14:49:58,028][__main__][INFO] - ✓ [google/gemma-3-27b-it] Temp=0.0 Rep=1 → Concordo
[2026-05-08 14:49:58,029][__main__][INFO] - ✓ [google/gemma-3-27b-it] Temp=0.0 Rep=1 → Concordo
[2026-05-08 14:49:58,094][__main__][INFO] - ✓ [google/gemma-3-12b-it] Temp=0.0 Rep=1 → Concordo
[2026-05-08 14:49:58,298][__main__][INFO] - ✓ [google/gemma-3-12b-it] Temp=0.0 Rep=1 → Concordo fortemente
[2026-05-08 14:49:58,317][__main__][INFO] - ✓ [google/gemma-3-12b-it] Temp=0.0 Rep=1 → Concordo
[2026-05-08 14:49:58,442][__main__][INFO] - ✓ [google/gemma-3-4b-it] Temp=0.0 Rep=1 → Discordo
[2026-05-08 14:49:58,447][__main__][INFO] - ✓ [google/gemma-3-12b-it] Temp=0.0 Rep=1 → Concordo
[2026-05-08 14:49:58,447][__main__][INFO] - ✓ [google/gemma-3-4b-it] Temp=0.0 Rep=1 → Discordo
[2026-05-08 14:49:58,448][__main__][INFO] - ✓ [google/gemma-3-12b-it] Temp=0.0 Rep=1 → Neutro
[2026-05-08 14:49:58,449][__main__][INFO] - ✓ [google/gemma-3-4b-it] Temp=0.0 Rep=1 → Discordo
[2026-05-08 14:49:58,513][__main__][INFO] - ✓ [google/gemma-3-27b-it] Temp=0.0 Rep=1 → Concordo fortemente
[2026-05-08 14:49:58,547][__main__][INFO] - ✓ [google/gemma-3-27b-it] Temp=0.0 Rep=1 → Concordo fortemente
[2026-05-08 14:49:58,551][__main__][INFO] - ✓ [google/gemma-3-27b-it] Temp=0.0 Rep=1 → Concordo fortemente
[2026-05-08 14:49:58,787][__main__][INFO] - ✓ [google/gemma-3-12b-it] Temp=0.0 Rep=1 → Discordo
[2026-05-08 14:49:58,806][__main__][INFO] - ✓ [google/gemma-3-4b-it] Temp=0.0 Rep=1 → Concordo fortemente
[2026-05-08 14:49:58,863][__main__][INFO] - ✓ [google/gemma-3-12b-it] Temp=0.0 Rep=1 → Concordo
[2026-05-08 14:49:58,874][__main__][INFO] - ✓ [google/gemma-3-4b-it] Temp=0.0 Rep=1 → Discordo
[2026-05-08 14:49:58,964][__main__][INFO] - ✓ [google/gemma-3-4b-it] Temp=0.0 Rep=1 → Discordo
[2026-05-08 14:49:58,965][__main__][INFO] - ✓ [google/gemma-3-12b-it] Temp=0.0 Rep=1 → Concordo
[2026-05-08 14:49:58,966][__main__][INFO] - ✓ [google/gemma-3-12b-it] Temp=0.0 Rep=1 → Discordo
[2026-05-08 14:49:59,157][__main__][INFO] - ✓ [google/gemma-3-27b-it] Temp=0.0 Rep=1 → Discordo fortemente
[2026-05-08 14:49:59,161][__main__][INFO] - ✓ [google/gemma-3-27b-it] Temp=0.0 Rep=1 → Discordo fortemente
[2026-05-08 14:49:59,176][__main__][INFO] - ✓ [google/gemma-3-12b-it] Temp=0.0 Rep=1 → Discordo
[2026-05-08 14:49:59,203][__main__][INFO] - ✓ [google/gemma-3-12b-it] Temp=0.0 Rep=1 → Concordo
[2026-05-08 14:49:59,299][__main__][INFO] - ✓ [google/gemma-3-4b-it] Temp=0.0 Rep=1 → Neutro
[2026-05-08 14:49:59,301][__main__][INFO] - ✓ [google/gemma-3-27b-it] Temp=0.0 Rep=1 → Concordo fortemente
[2026-05-08 14:49:59,314][__main__][INFO] - ✓ [google/gemma-3-4b-it] Temp=0.0 Rep=1 → Concordo fortemente
[2026-05-08 14:49:59,343][__main__][INFO] - ✓ [google/gemma-3-27b-it] Temp=0.0 Rep=1 → Discordo
[2026-05-08 14:49:59,345][__main__][INFO] - ✓ [google/gemma-3-27b-it] Temp=0.0 Rep=1 → Concordo fortemente
[2026-05-08 14:49:59,394][__main__][INFO] - ✓ [google/gemma-3-27b-it] Temp=0.0 Rep=1 → Concordo
[2026-05-08 14:49:59,503][__main__][INFO] - ✓ [google/gemma-3-4b-it] Temp=0.0 Rep=1 → Concordo
[2026-05-08 14:49:59,646][__main__][INFO] - ✓ [google/gemma-3-12b-it] Temp=0.0 Rep=1 → Concordo
[2026-05-08 14:49:59,671][__main__][INFO] - ✓ [google/gemma-3-12b-it] Temp=0.0 Rep=1 → Concordo
[2026-05-08 14:49:59,675][__main__][INFO] - ✓ [google/gemma-3-4b-it] Temp=0.0 Rep=1 → Concordo
[2026-05-08 14:49:59,697][__main__][INFO] - ✓ [google/gemma-3-12b-it] Temp=0.0 Rep=1 → Concordo
[2026-05-08 14:49:59,732][__main__][INFO] - ✓ [google/gemma-3-27b-it] Temp=0.0 Rep=1 → Concordo
[2026-05-08 14:49:59,734][__main__][INFO] - ✓ [google/gemma-3-27b-it] Temp=0.0 Rep=1 → Concordo
[2026-05-08 14:49:59,822][__main__][INFO] - ✓ [google/gemma-3-4b-it] Temp=0.0 Rep=1 → Concordo
[2026-05-08 14:49:59,906][__main__][INFO] - Salvamento incremental (560 novas respostas)...
[2026-05-08 14:49:59,956][__main__][INFO] - Cache salvo com 200628 entradas
[2026-05-08 14:49:59,956][__main__][INFO] - ✓ [google/gemma-3-12b-it] Temp=0.0 Rep=1 → Concordo
[2026-05-08 14:50:00,013][__main__][INFO] - ✓ [google/gemma-3-4b-it] Temp=0.0 Rep=1 → Concordo
[2026-05-08 14:50:00,040][__main__][INFO] - ✓ [google/gemma-3-12b-it] Temp=0.0 Rep=1 → Concordo
[2026-05-08 14:50:00,045][__main__][INFO] - ✓ [google/gemma-3-12b-it] Temp=0.0 Rep=1 → Concordo
[2026-05-08 14:50:00,121][__main__][INFO] - ✓ [google/gemma-3-4b-it] Temp=0.0 Rep=1 → Concordo fortemente
[2026-05-08 14:50:00,164][__main__][INFO] - ✓ [google/gemma-3-4b-it] Temp=0.0 Rep=1 → Concordo fortemente
[2026-05-08 14:50:00,180][__main__][INFO] - ✓ [google/gemma-3-27b-it] Temp=0.0 Rep=1 → Concordo fortemente
[2026-05-08 14:50:00,214][__main__][INFO] - ✓ [google/gemma-3-27b-it] Temp=0.0 Rep=1 → Concordo fortemente
[2026-05-08 14:50:00,246][__main__][INFO] - ✓ [google/gemma-3-27b-it] Temp=0.0 Rep=1 → Concordo fortemente
[2026-05-08 14:50:00,252][__main__][INFO] - ✓ [google/gemma-3-27b-it] Temp=0.0 Rep=1 → Concordo fortemente
[2026-05-08 14:50:00,592][__main__][INFO] - ✓ [google/gemma-3-4b-it] Temp=0.0 Rep=1 → Concordo fortemente
[2026-05-08 14:50:00,598][__main__][INFO] - ✓ [google/gemma-3-12b-it] Temp=0.0 Rep=1 → Neutro
[2026-05-08 14:50:00,608][__main__][INFO] - ✓ [google/gemma-3-4b-it] Temp=0.0 Rep=1 → Discordo fortemente
[2026-05-08 14:50:00,611][__main__][INFO] - ✓ [google/gemma-3-4b-it] Temp=0.0 Rep=1 → Discordo
[2026-05-08 14:50:00,622][__main__][INFO] - ✓ [google/gemma-3-4b-it] Temp=0.0 Rep=1 → Discordo
[2026-05-08 14:50:00,645][__main__][INFO] - ✓ [google/gemma-3-12b-it] Temp=0.0 Rep=1 → Concordo
[2026-05-08 14:50:00,693][__main__][INFO] - ✓ [google/gemma-3-27b-it] Temp=0.0 Rep=1 → Concordo fortemente
[2026-05-08 14:50:00,695][__main__][INFO] - ✓ [google/gemma-3-27b-it] Temp=0.0 Rep=1 → Concordo fortemente
[2026-05-08 14:50:00,712][__main__][INFO] - ✓ [google/gemma-3-12b-it] Temp=0.0 Rep=1 → Concordo fortemente
[2026-05-08 14:50:00,748][__main__][INFO] - ✓ [google/gemma-3-27b-it] Temp=0.0 Rep=1 → Concordo fortemente
[2026-05-08 14:50:01,062][__main__][INFO] - ✓ [google/gemma-3-27b-it] Temp=0.0 Rep=1 → Concordo fortemente
[2026-05-08 14:50:01,064][__main__][INFO] - ✓ [google/gemma-3-4b-it] Temp=0.0 Rep=1 → Discordo
[2026-05-08 14:50:01,064][__main__][INFO] - ✓ [google/gemma-3-4b-it] Temp=0.0 Rep=1 → Neutro
[2026-05-08 14:50:01,064][__main__][INFO] - ✓ [google/gemma-3-4b-it] Temp=0.0 Rep=1 → Discordo
[2026-05-08 14:50:01,101][__main__][INFO] - ✓ [google/gemma-3-27b-it] Temp=0.0 Rep=1 → Concordo fortemente
[2026-05-08 14:50:01,141][__main__][INFO] - ✓ [google/gemma-3-12b-it] Temp=0.0 Rep=1 → Concordo
[2026-05-08 14:50:01,302][__main__][INFO] - ✓ [google/gemma-3-27b-it] Temp=0.0 Rep=1 → Concordo fortemente
[2026-05-08 14:50:01,368][__main__][INFO] - ✓ [google/gemma-3-12b-it] Temp=0.0 Rep=1 → Concordo
[2026-05-08 14:50:01,405][__main__][INFO] - ✓ [google/gemma-3-12b-it] Temp=0.0 Rep=1 → Concordo
[2026-05-08 14:50:01,416][__main__][INFO] - ✓ [google/gemma-3-12b-it] Temp=0.0 Rep=1 → Discordo
[2026-05-08 14:50:01,589][__main__][INFO] - ✓ [google/gemma-3-4b-it] Temp=0.0 Rep=1 → Neutro
[2026-05-08 14:50:01,590][__main__][INFO] - ✓ [google/gemma-3-27b-it] Temp=0.0 Rep=1 → Concordo fortemente
[2026-05-08 14:50:01,595][__main__][INFO] - ✓ [google/gemma-3-27b-it] Temp=0.0 Rep=1 → Concordo fortemente
[2026-05-08 14:50:01,599][__main__][INFO] - ✓ [google/gemma-3-12b-it] Temp=0.0 Rep=1 → Neutro
[2026-05-08 14:50:01,614][__main__][INFO] - ✓ [google/gemma-3-12b-it] Temp=0.0 Rep=1 → Concordo
[2026-05-08 14:50:01,645][__main__][INFO] - ✓ [google/gemma-3-4b-it] Temp=0.0 Rep=1 → Concordo
[2026-05-08 14:50:01,829][__main__][INFO] - ✓ [google/gemma-3-4b-it] Temp=0.0 Rep=1 → Neutro
[2026-05-08 14:50:01,982][__main__][INFO] - ✓ [google/gemma-3-4b-it] Temp=0.0 Rep=1 → Concordo
[2026-05-08 14:50:01,984][__main__][INFO] - ✓ [google/gemma-3-4b-it] Temp=0.0 Rep=1 → Concordo fortemente
[2026-05-08 14:50:02,003][__main__][INFO] - ✓ [google/gemma-3-27b-it] Temp=0.0 Rep=1 → Discordo fortemente
[2026-05-08 14:50:02,010][__main__][INFO] - Salvamento incremental (600 novas respostas)...
[2026-05-08 14:50:02,059][__main__][INFO] - Cache salvo com 200668 entradas
[2026-05-08 14:50:02,059][__main__][INFO] - ✓ [google/gemma-3-12b-it] Temp=0.0 Rep=1 → Concordo
[2026-05-08 14:50:02,111][__main__][INFO] - ✓ [google/gemma-3-12b-it] Temp=0.0 Rep=1 → Concordo
[2026-05-08 14:50:02,111][__main__][INFO] - ✓ [google/gemma-3-27b-it] Temp=0.0 Rep=1 → Concordo fortemente
[2026-05-08 14:50:02,111][__main__][INFO] - ✓ [google/gemma-3-27b-it] Temp=0.0 Rep=1 → Concordo fortemente
[2026-05-08 14:50:02,147][__main__][INFO] - ✓ [google/gemma-3-12b-it] Temp=0.0 Rep=1 → Concordo
[2026-05-08 14:50:02,185][__main__][INFO] - ✓ [google/gemma-3-4b-it] Temp=0.0 Rep=1 → Concordo fortemente
[2026-05-08 14:50:02,321][__main__][INFO] - ✓ [google/gemma-3-27b-it] Temp=0.0 Rep=1 → Discordo fortemente
[2026-05-08 14:50:02,449][__main__][INFO] - ✓ [google/gemma-3-12b-it] Temp=0.0 Rep=1 → Discordo
[2026-05-08 14:50:02,451][__main__][INFO] - ✓ [google/gemma-3-12b-it] Temp=0.0 Rep=1 → Concordo
[2026-05-08 14:50:02,451][__main__][INFO] - ✓ [google/gemma-3-12b-it] Temp=0.0 Rep=1 → Concordo fortemente
[2026-05-08 14:50:02,453][__main__][INFO] - ✓ [google/gemma-3-4b-it] Temp=0.0 Rep=1 → Concordo fortemente
[2026-05-08 14:50:02,488][__main__][INFO] - ✓ [google/gemma-3-4b-it] Temp=0.0 Rep=1 → Discordo
[2026-05-08 14:50:02,523][__main__][INFO] - ✓ [google/gemma-3-4b-it] Temp=0.0 Rep=1 → Concordo
[2026-05-08 14:50:02,634][__main__][INFO] - ✓ [google/gemma-3-27b-it] Temp=0.0 Rep=1 → Concordo fortemente
[2026-05-08 14:50:02,635][__main__][INFO] - ✓ [google/gemma-3-27b-it] Temp=0.0 Rep=1 → Concordo fortemente
[2026-05-08 14:50:02,679][__main__][INFO] - ✓ [google/gemma-3-27b-it] Temp=0.0 Rep=1 → Concordo fortemente
[2026-05-08 14:50:02,863][__main__][INFO] - ✓ [google/gemma-3-27b-it] Temp=0.0 Rep=1 → Discordo fortemente
[2026-05-08 14:50:02,869][__main__][INFO] - ✓ [google/gemma-3-4b-it] Temp=0.0 Rep=1 → Concordo fortemente
[2026-05-08 14:50:02,917][__main__][INFO] - ✓ [google/gemma-3-27b-it] Temp=0.0 Rep=1 → Concordo fortemente
[2026-05-08 14:50:02,956][__main__][INFO] - ✓ [google/gemma-3-27b-it] Temp=0.0 Rep=1 → Concordo fortemente
[2026-05-08 14:50:02,973][__main__][INFO] - ✓ [google/gemma-3-4b-it] Temp=0.0 Rep=1 → Discordo
[2026-05-08 14:50:03,005][__main__][INFO] - ✓ [google/gemma-3-4b-it] Temp=0.0 Rep=1 → Concordo fortemente
[2026-05-08 14:50:03,177][__main__][INFO] - ✓ [google/gemma-3-12b-it] Temp=0.0 Rep=1 → Discordo
[2026-05-08 14:50:03,290][__main__][INFO] - ✓ [google/gemma-3-12b-it] Temp=0.0 Rep=1 → Concordo
[2026-05-08 14:50:03,295][__main__][INFO] - ✓ [google/gemma-3-12b-it] Temp=0.0 Rep=1 → Concordo fortemente
[2026-05-08 14:50:03,342][__main__][INFO] - ✓ [google/gemma-3-4b-it] Temp=0.0 Rep=1 → Discordo fortemente
[2026-05-08 14:50:03,368][__main__][INFO] - ✓ [google/gemma-3-12b-it] Temp=0.0 Rep=1 → Concordo
[2026-05-08 14:50:03,428][__main__][INFO] - ✓ [google/gemma-3-27b-it] Temp=0.0 Rep=1 → Concordo fortemente
[2026-05-08 14:50:03,479][__main__][INFO] - ✓ [google/gemma-3-12b-it] Temp=0.0 Rep=1 → Concordo fortemente
[2026-05-08 14:50:03,499][__main__][INFO] - ✓ [google/gemma-3-27b-it] Temp=0.0 Rep=1 → Concordo
[2026-05-08 14:50:03,509][__main__][INFO] - ✓ [google/gemma-3-27b-it] Temp=0.0 Rep=1 → Concordo fortemente
[2026-05-08 14:50:03,519][__main__][INFO] - ✓ [google/gemma-3-4b-it] Temp=0.0 Rep=1 → Concordo
[2026-05-08 14:50:03,541][__main__][INFO] - ✓ [google/gemma-3-12b-it] Temp=0.0 Rep=1 → Concordo
[2026-05-08 14:50:03,686][__main__][INFO] - ✓ [google/gemma-3-4b-it] Temp=0.0 Rep=1 → Discordo fortemente
[2026-05-08 14:50:03,915][__main__][INFO] - ✓ [google/gemma-3-4b-it] Temp=0.0 Rep=1 → Neutro
[2026-05-08 14:50:03,919][__main__][INFO] - ✓ [google/gemma-3-12b-it] Temp=0.0 Rep=1 → Neutro
[2026-05-08 14:50:03,920][__main__][INFO] - ✓ [google/gemma-3-12b-it] Temp=0.0 Rep=1 → Discordo fortemente
[2026-05-08 14:50:03,948][__main__][INFO] - ✓ [google/gemma-3-4b-it] Temp=0.0 Rep=1 → Discordo
[2026-05-08 14:50:03,955][__main__][INFO] - ✓ [google/gemma-3-4b-it] Temp=0.0 Rep=1 → Concordo
[2026-05-08 14:50:03,986][__main__][INFO] - ✓ [google/gemma-3-12b-it] Temp=0.0 Rep=1 → Concordo
[2026-05-08 14:50:04,004][__main__][INFO] - Salvamento incremental (640 novas respostas)...
[2026-05-08 14:50:04,049][__main__][INFO] - Cache salvo com 200708 entradas
[2026-05-08 14:50:04,049][__main__][INFO] - ✓ [google/gemma-3-27b-it] Temp=0.0 Rep=1 → Discordo fortemente
[2026-05-08 14:50:04,051][__main__][INFO] - ✓ [google/gemma-3-12b-it] Temp=0.0 Rep=1 → Discordo
[2026-05-08 14:50:04,075][__main__][INFO] - ✓ [google/gemma-3-27b-it] Temp=0.0 Rep=1 → Concordo fortemente
[2026-05-08 14:50:04,362][__main__][INFO] - ✓ [google/gemma-3-27b-it] Temp=0.0 Rep=1 → Discordo fortemente
[2026-05-08 14:50:04,416][__main__][INFO] - ✓ [google/gemma-3-27b-it] Temp=0.0 Rep=1 → Concordo
[2026-05-08 14:50:04,422][__main__][INFO] - ✓ [google/gemma-3-12b-it] Temp=0.0 Rep=1 → Neutro
[2026-05-08 14:50:04,427][__main__][INFO] - ✓ [google/gemma-3-4b-it] Temp=0.0 Rep=1 → Discordo
[2026-05-08 14:50:04,449][__main__][INFO] - ✓ [google/gemma-3-4b-it] Temp=0.0 Rep=1 → Concordo fortemente
[2026-05-08 14:50:04,452][__main__][INFO] - ✓ [google/gemma-3-4b-it] Temp=0.0 Rep=1 → Concordo fortemente
[2026-05-08 14:50:04,460][__main__][INFO] - ✓ [google/gemma-3-12b-it] Temp=0.0 Rep=1 → Concordo
[2026-05-08 14:50:04,482][__main__][INFO] - ✓ [google/gemma-3-27b-it] Temp=0.0 Rep=1 → Concordo fortemente
[2026-05-08 14:50:04,580][__main__][INFO] - ✓ [google/gemma-3-12b-it] Temp=0.0 Rep=1 → Concordo fortemente
[2026-05-08 14:50:04,794][__main__][INFO] - ✓ [google/gemma-3-4b-it] Temp=0.0 Rep=1 → Discordo
[2026-05-08 14:50:04,795][__main__][INFO] - ✓ [google/gemma-3-4b-it] Temp=0.0 Rep=1 → Discordo
[2026-05-08 14:50:04,891][__main__][INFO] - ✓ [google/gemma-3-12b-it] Temp=0.0 Rep=1 → Concordo
[2026-05-08 14:50:04,929][__main__][INFO] - ✓ [google/gemma-3-12b-it] Temp=0.0 Rep=1 → Concordo
[2026-05-08 14:50:04,953][__main__][INFO] - ✓ [google/gemma-3-27b-it] Temp=0.0 Rep=1 → Concordo fortemente
[2026-05-08 14:50:05,021][__main__][INFO] - ✓ [google/gemma-3-27b-it] Temp=0.0 Rep=1 → Concordo
[2026-05-08 14:50:05,255][__main__][INFO] - ✓ [google/gemma-3-27b-it] Temp=0.0 Rep=1 → Concordo fortemente
[2026-05-08 14:50:05,258][__main__][INFO] - ✓ [google/gemma-3-27b-it] Temp=0.0 Rep=1 → Discordo fortemente
[2026-05-08 14:50:05,367][__main__][INFO] - ✓ [google/gemma-3-27b-it] Temp=0.0 Rep=1 → Concordo fortemente
[2026-05-08 14:50:05,398][__main__][INFO] - ✓ [google/gemma-3-27b-it] Temp=0.0 Rep=1 → Concordo fortemente
[2026-05-08 14:50:05,472][__main__][INFO] - ✓ [google/gemma-3-4b-it] Temp=0.0 Rep=1 → Concordo fortemente
[2026-05-08 14:50:05,490][__main__][INFO] - ✓ [google/gemma-3-12b-it] Temp=0.0 Rep=1 → Concordo
[2026-05-08 14:50:05,492][__main__][INFO] - ✓ [google/gemma-3-4b-it] Temp=0.0 Rep=1 → Discordo
[2026-05-08 14:50:05,574][__main__][INFO] - ✓ [google/gemma-3-4b-it] Temp=0.0 Rep=1 → Discordo
[2026-05-08 14:50:05,609][__main__][INFO] - ✓ [google/gemma-3-4b-it] Temp=0.0 Rep=1 → Concordo fortemente
[2026-05-08 14:50:05,653][__main__][INFO] - ✓ [google/gemma-3-12b-it] Temp=0.0 Rep=1 → Neutro
[2026-05-08 14:50:05,779][__main__][INFO] - ✓ [google/gemma-3-12b-it] Temp=0.0 Rep=1 → Concordo
[2026-05-08 14:50:05,904][__main__][INFO] - ✓ [google/gemma-3-12b-it] Temp=0.0 Rep=1 → Discordo
[2026-05-08 14:50:05,945][__main__][INFO] - ✓ [google/gemma-3-27b-it] Temp=0.0 Rep=1 → Concordo
[2026-05-08 14:50:05,963][__main__][INFO] - ✓ [google/gemma-3-4b-it] Temp=0.0 Rep=1 → Discordo
[2026-05-08 14:50:05,976][__main__][INFO] - ✓ [google/gemma-3-27b-it] Temp=0.0 Rep=1 → Concordo fortemente
[2026-05-08 14:50:05,986][__main__][INFO] - ✓ [google/gemma-3-12b-it] Temp=0.0 Rep=1 → Concordo
[2026-05-08 14:50:05,998][__main__][INFO] - ✓ [google/gemma-3-4b-it] Temp=0.0 Rep=1 → Concordo fortemente
[2026-05-08 14:50:06,035][__main__][INFO] - ✓ [google/gemma-3-12b-it] Temp=0.0 Rep=1 → Concordo fortemente
[2026-05-08 14:50:06,099][__main__][INFO] - ✓ [google/gemma-3-4b-it] Temp=0.0 Rep=1 → Discordo
[2026-05-08 14:50:06,193][__main__][INFO] - ✓ [google/gemma-3-27b-it] Temp=0.0 Rep=1 → Concordo fortemente
[2026-05-08 14:50:06,365][__main__][INFO] - ✓ [google/gemma-3-12b-it] Temp=0.0 Rep=1 → Discordo
[2026-05-08 14:50:06,415][__main__][INFO] - ✓ [google/gemma-3-27b-it] Temp=0.0 Rep=1 → Concordo fortemente
[2026-05-08 14:50:06,419][__main__][INFO] - Salvamento incremental (680 novas respostas)...
[2026-05-08 14:50:06,465][__main__][INFO] - Cache salvo com 200748 entradas
[2026-05-08 14:50:06,465][__main__][INFO] - ✓ [google/gemma-3-27b-it] Temp=0.0 Rep=1 → Concordo
[2026-05-08 14:50:06,467][__main__][INFO] - ✓ [google/gemma-3-12b-it] Temp=0.0 Rep=1 → Neutro
[2026-05-08 14:50:06,473][__main__][INFO] - ✓ [google/gemma-3-4b-it] Temp=0.0 Rep=1 → Concordo
[2026-05-08 14:50:06,478][__main__][INFO] - ✓ [google/gemma-3-4b-it] Temp=0.0 Rep=1 → Concordo fortemente
[2026-05-08 14:50:06,481][__main__][INFO] - ✓ [google/gemma-3-12b-it] Temp=0.0 Rep=1 → Concordo
[2026-05-08 14:50:06,486][__main__][INFO] - ✓ [google/gemma-3-27b-it] Temp=0.0 Rep=1 → Discordo fortemente
[2026-05-08 14:50:06,535][__main__][INFO] - ✓ [google/gemma-3-27b-it] Temp=0.0 Rep=1 → Discordo fortemente
[2026-05-08 14:50:06,546][__main__][INFO] - ✓ [google/gemma-3-4b-it] Temp=0.0 Rep=1 → Discordo fortemente
[2026-05-08 14:50:06,838][__main__][INFO] - ✓ [google/gemma-3-4b-it] Temp=0.0 Rep=1 → Neutro
[2026-05-08 14:50:06,849][__main__][INFO] - ✓ [google/gemma-3-12b-it] Temp=0.0 Rep=1 → Neutro
[2026-05-08 14:50:06,879][__main__][INFO] - ✓ [google/gemma-3-4b-it] Temp=0.0 Rep=1 → Concordo
[2026-05-08 14:50:06,900][__main__][INFO] - ✓ [google/gemma-3-4b-it] Temp=0.0 Rep=1 → Concordo fortemente
[2026-05-08 14:50:06,906][__main__][INFO] - ✓ [google/gemma-3-12b-it] Temp=0.0 Rep=1 → Concordo fortemente
[2026-05-08 14:50:06,910][__main__][INFO] - ✓ [google/gemma-3-12b-it] Temp=0.0 Rep=1 → Discordo
[2026-05-08 14:50:06,961][__main__][INFO] - ✓ [google/gemma-3-27b-it] Temp=0.0 Rep=1 → Concordo fortemente
[2026-05-08 14:50:06,962][__main__][INFO] - ✓ [google/gemma-3-27b-it] Temp=0.0 Rep=1 → Concordo fortemente
[2026-05-08 14:50:06,980][__main__][INFO] - ✓ [google/gemma-3-12b-it] Temp=0.0 Rep=1 → Concordo
[2026-05-08 14:50:06,991][__main__][INFO] - ✓ [google/gemma-3-27b-it] Temp=0.0 Rep=1 → Concordo fortemente
[2026-05-08 14:50:07,353][__main__][INFO] - ✓ [google/gemma-3-4b-it] Temp=0.0 Rep=1 → Discordo
[2026-05-08 14:50:07,355][__main__][INFO] - ✓ [google/gemma-3-4b-it] Temp=0.0 Rep=1 → Concordo fortemente
[2026-05-08 14:50:07,367][__main__][INFO] - ✓ [google/gemma-3-27b-it] Temp=0.0 Rep=1 → Concordo
[2026-05-08 14:50:07,408][__main__][INFO] - ✓ [google/gemma-3-27b-it] Temp=0.0 Rep=1 → Concordo
[2026-05-08 14:50:07,410][__main__][INFO] - ✓ [google/gemma-3-4b-it] Temp=0.0 Rep=1 → Discordo
[2026-05-08 14:50:07,444][__main__][INFO] - ✓ [google/gemma-3-12b-it] Temp=0.0 Rep=1 → Discordo
[2026-05-08 14:50:07,471][__main__][INFO] - ✓ [google/gemma-3-12b-it] Temp=0.0 Rep=1 → Concordo
[2026-05-08 14:50:07,472][__main__][INFO] - ✓ [google/gemma-3-12b-it] Temp=0.0 Rep=1 → Concordo
[2026-05-08 14:50:07,480][__main__][INFO] - ✓ [google/gemma-3-12b-it] Temp=0.0 Rep=1 → Concordo
[2026-05-08 14:50:07,498][__main__][INFO] - ✓ [google/gemma-3-27b-it] Temp=0.0 Rep=1 → Concordo
[2026-05-08 14:50:07,784][__main__][INFO] - ✓ [google/gemma-3-4b-it] Temp=0.0 Rep=1 → Discordo
[2026-05-08 14:50:07,880][__main__][INFO] - ✓ [google/gemma-3-4b-it] Temp=0.0 Rep=1 → Concordo fortemente
[2026-05-08 14:50:07,881][__main__][INFO] - ✓ [google/gemma-3-4b-it] Temp=0.0 Rep=1 → Concordo fortemente
[2026-05-08 14:50:07,882][__main__][INFO] - ✓ [google/gemma-3-12b-it] Temp=0.0 Rep=1 → Discordo
[2026-05-08 14:50:07,883][__main__][INFO] - ✓ [google/gemma-3-27b-it] Temp=0.0 Rep=1 → Concordo fortemente
[2026-05-08 14:50:07,888][__main__][INFO] - ✓ [google/gemma-3-27b-it] Temp=0.0 Rep=1 → Concordo fortemente
[2026-05-08 14:50:07,964][__main__][INFO] - ✓ [google/gemma-3-12b-it] Temp=0.0 Rep=1 → Neutro
[2026-05-08 14:50:07,967][__main__][INFO] - ✓ [google/gemma-3-12b-it] Temp=0.0 Rep=1 → Discordo
[2026-05-08 14:50:08,005][__main__][INFO] - ✓ [google/gemma-3-12b-it] Temp=0.0 Rep=1 → Concordo
[2026-05-08 14:50:08,279][__main__][INFO] - ✓ [google/gemma-3-4b-it] Temp=0.0 Rep=1 → Concordo fortemente
[2026-05-08 14:50:08,284][__main__][INFO] - ✓ [google/gemma-3-4b-it] Temp=0.0 Rep=1 → Concordo fortemente
[2026-05-08 14:50:08,287][__main__][INFO] - ✓ [google/gemma-3-4b-it] Temp=0.0 Rep=1 → Discordo fortemente
[2026-05-08 14:50:08,400][__main__][INFO] - Salvamento incremental (720 novas respostas)...
[2026-05-08 14:50:08,515][__main__][INFO] - Cache salvo com 200788 entradas
[2026-05-08 14:50:08,515][__main__][INFO] - ✓ [google/gemma-3-27b-it] Temp=0.0 Rep=1 → Concordo fortemente
[2026-05-08 14:50:08,524][__main__][INFO] - ✓ [google/gemma-3-27b-it] Temp=0.0 Rep=1 → Discordo fortemente
[2026-05-08 14:50:08,525][__main__][INFO] - ✓ [google/gemma-3-27b-it] Temp=0.0 Rep=1 → Concordo
[2026-05-08 14:50:08,526][__main__][INFO] - ✓ [google/gemma-3-27b-it] Temp=0.0 Rep=1 → Concordo fortemente
[2026-05-08 14:50:08,527][__main__][INFO] - ✓ [google/gemma-3-12b-it] Temp=0.0 Rep=1 → Discordo
[2026-05-08 14:50:08,529][__main__][INFO] - ✓ [google/gemma-3-12b-it] Temp=0.0 Rep=1 → Concordo
[2026-05-08 14:50:08,530][__main__][INFO] - ✓ [google/gemma-3-12b-it] Temp=0.0 Rep=1 → Concordo
[2026-05-08 14:50:08,677][__main__][INFO] - ✓ [google/gemma-3-27b-it] Temp=0.0 Rep=1 → Concordo
[2026-05-08 14:50:08,695][__main__][INFO] - ✓ [google/gemma-3-27b-it] Temp=0.0 Rep=1 → Concordo
[2026-05-08 14:50:08,696][__main__][INFO] - ✓ [google/gemma-3-27b-it] Temp=0.0 Rep=1 → Concordo
[2026-05-08 14:50:09,026][__main__][INFO] - ✓ [google/gemma-3-4b-it] Temp=0.0 Rep=1 → Discordo
[2026-05-08 14:50:09,035][__main__][INFO] - ✓ [google/gemma-3-4b-it] Temp=0.0 Rep=1 → Concordo
[2026-05-08 14:50:09,037][__main__][INFO] - ✓ [google/gemma-3-4b-it] Temp=0.0 Rep=1 → Concordo fortemente
[2026-05-08 14:50:09,057][__main__][INFO] - ✓ [google/gemma-3-27b-it] Temp=0.0 Rep=1 → Discordo fortemente
[2026-05-08 14:50:09,070][__main__][INFO] - ✓ [google/gemma-3-4b-it] Temp=0.0 Rep=1 → Concordo fortemente
[2026-05-08 14:50:09,113][__main__][INFO] - ✓ [google/gemma-3-27b-it] Temp=0.0 Rep=1 → Concordo fortemente
[2026-05-08 14:50:09,173][__main__][INFO] - ✓ [google/gemma-3-12b-it] Temp=0.0 Rep=1 → Neutro
[2026-05-08 14:50:09,203][__main__][INFO] - ✓ [google/gemma-3-12b-it] Temp=0.0 Rep=1 → Concordo
[2026-05-08 14:50:09,241][__main__][INFO] - ✓ [google/gemma-3-12b-it] Temp=0.0 Rep=1 → Concordo fortemente
[2026-05-08 14:50:09,450][__main__][INFO] - ✓ [google/gemma-3-27b-it] Temp=0.0 Rep=1 → Concordo fortemente
[2026-05-08 14:50:09,450][__main__][INFO] - ✓ [google/gemma-3-4b-it] Temp=0.0 Rep=1 → Concordo
[2026-05-08 14:50:09,451][__main__][INFO] - ✓ [google/gemma-3-4b-it] Temp=0.0 Rep=1 → Concordo fortemente
[2026-05-08 14:50:09,663][__main__][INFO] - ✓ [google/gemma-3-12b-it] Temp=0.0 Rep=1 → Concordo
[2026-05-08 14:50:09,667][__main__][INFO] - ✓ [google/gemma-3-12b-it] Temp=0.0 Rep=1 → Concordo
[2026-05-08 14:50:09,668][__main__][INFO] - ✓ [google/gemma-3-4b-it] Temp=0.0 Rep=1 → Discordo
[2026-05-08 14:50:09,673][__main__][INFO] - ✓ [google/gemma-3-27b-it] Temp=0.0 Rep=1 → Concordo fortemente
[2026-05-08 14:50:09,718][__main__][INFO] - ✓ [google/gemma-3-12b-it] Temp=0.0 Rep=1 → Concordo fortemente
[2026-05-08 14:50:09,805][__main__][INFO] - ✓ [google/gemma-3-4b-it] Temp=0.0 Rep=1 → Discordo fortemente
[2026-05-08 14:50:09,834][__main__][INFO] - ✓ [google/gemma-3-4b-it] Temp=0.0 Rep=1 → Concordo fortemente
[2026-05-08 14:50:09,857][__main__][INFO] - ✓ [google/gemma-3-12b-it] Temp=0.0 Rep=1 → Discordo
[2026-05-08 14:50:09,861][__main__][INFO] - ✓ [google/gemma-3-27b-it] Temp=0.0 Rep=1 → Concordo fortemente
[2026-05-08 14:50:10,121][__main__][INFO] - ✓ [google/gemma-3-27b-it] Temp=0.0 Rep=1 → Discordo fortemente
[2026-05-08 14:50:10,123][__main__][INFO] - ✓ [google/gemma-3-27b-it] Temp=0.0 Rep=1 → Discordo fortemente
[2026-05-08 14:50:10,151][__main__][INFO] - ✓ [google/gemma-3-27b-it] Temp=0.0 Rep=1 → Concordo fortemente
[2026-05-08 14:50:10,160][__main__][INFO] - ✓ [google/gemma-3-4b-it] Temp=0.0 Rep=1 → Concordo fortemente
[2026-05-08 14:50:10,236][__main__][INFO] - ✓ [google/gemma-3-4b-it] Temp=0.0 Rep=1 → Concordo fortemente
[2026-05-08 14:50:10,245][__main__][INFO] - ✓ [google/gemma-3-4b-it] Temp=0.0 Rep=1 → Concordo fortemente
[2026-05-08 14:50:10,265][__main__][INFO] - ✓ [google/gemma-3-27b-it] Temp=0.0 Rep=1 → Concordo fortemente
[2026-05-08 14:50:10,341][__main__][INFO] - ✓ [google/gemma-3-12b-it] Temp=0.0 Rep=1 → Concordo
[2026-05-08 14:50:10,358][__main__][INFO] - ✓ [google/gemma-3-12b-it] Temp=0.0 Rep=1 → Concordo fortemente
[2026-05-08 14:50:10,393][__main__][INFO] - Salvamento incremental (760 novas respostas)...
[2026-05-08 14:50:10,434][__main__][INFO] - Cache salvo com 200828 entradas
[2026-05-08 14:50:10,434][__main__][INFO] - ✓ [google/gemma-3-12b-it] Temp=0.0 Rep=1 → Concordo
[2026-05-08 14:50:10,586][__main__][INFO] - ✓ [google/gemma-3-4b-it] Temp=0.0 Rep=1 → Discordo
[2026-05-08 14:50:10,633][__main__][INFO] - ✓ [google/gemma-3-4b-it] Temp=0.0 Rep=1 → Discordo
[2026-05-08 14:50:10,639][__main__][INFO] - ✓ [google/gemma-3-27b-it] Temp=0.0 Rep=1 → Concordo fortemente
[2026-05-08 14:50:10,669][__main__][INFO] - ✓ [google/gemma-3-4b-it] Temp=0.0 Rep=1 → Discordo
[2026-05-08 14:50:10,720][__main__][INFO] - ✓ [google/gemma-3-27b-it] Temp=0.0 Rep=1 → Concordo fortemente
[2026-05-08 14:50:10,722][__main__][INFO] - ✓ [google/gemma-3-27b-it] Temp=0.0 Rep=1 → Concordo fortemente
[2026-05-08 14:50:10,893][__main__][INFO] - ✓ [google/gemma-3-12b-it] Temp=0.0 Rep=1 → Concordo
[2026-05-08 14:50:10,894][__main__][INFO] - ✓ [google/gemma-3-12b-it] Temp=0.0 Rep=1 → Concordo
[2026-05-08 14:50:11,022][__main__][INFO] - ✓ [google/gemma-3-12b-it] Temp=0.0 Rep=1 → Discordo fortemente
[2026-05-08 14:50:11,078][__main__][INFO] - ✓ [google/gemma-3-4b-it] Temp=0.0 Rep=1 → Discordo
[2026-05-08 14:50:11,099][__main__][INFO] - ✓ [google/gemma-3-27b-it] Temp=0.0 Rep=1 → Discordo fortemente
[2026-05-08 14:50:11,100][__main__][INFO] - ✓ [google/gemma-3-4b-it] Temp=0.0 Rep=1 → Concordo fortemente
[2026-05-08 14:50:11,124][__main__][INFO] - ✓ [google/gemma-3-12b-it] Temp=0.0 Rep=1 → Discordo
[2026-05-08 14:50:11,159][__main__][INFO] - ✓ [google/gemma-3-27b-it] Temp=0.0 Rep=1 → Discordo fortemente
[2026-05-08 14:50:11,285][__main__][INFO] - ✓ [google/gemma-3-27b-it] Temp=0.0 Rep=1 → Concordo fortemente
[2026-05-08 14:50:11,392][__main__][INFO] - ✓ [google/gemma-3-4b-it] Temp=0.0 Rep=1 → Concordo
[2026-05-08 14:50:11,545][__main__][INFO] - ✓ [google/gemma-3-12b-it] Temp=0.0 Rep=1 → Concordo
[2026-05-08 14:50:11,546][__main__][INFO] - ✓ [google/gemma-3-4b-it] Temp=0.0 Rep=1 → Discordo fortemente
[2026-05-08 14:50:11,575][__main__][INFO] - ✓ [google/gemma-3-27b-it] Temp=0.0 Rep=1 → Concordo
[2026-05-08 14:50:11,645][__main__][INFO] - ✓ [google/gemma-3-4b-it] Temp=0.0 Rep=1 → Concordo
[2026-05-08 14:50:11,681][__main__][INFO] - ✓ [google/gemma-3-27b-it] Temp=0.0 Rep=1 → Discordo
[2026-05-08 14:50:11,710][__main__][INFO] - ✓ [google/gemma-3-4b-it] Temp=0.0 Rep=1 → Neutro
[2026-05-08 14:50:11,754][__main__][INFO] - ✓ [google/gemma-3-27b-it] Temp=0.0 Rep=1 → Concordo fortemente
[2026-05-08 14:50:12,071][__main__][INFO] - ✓ [google/gemma-3-12b-it] Temp=0.0 Rep=1 → Discordo
[2026-05-08 14:50:12,087][__main__][INFO] - ✓ [google/gemma-3-12b-it] Temp=0.0 Rep=1 → Concordo
[2026-05-08 14:50:12,095][__main__][INFO] - ✓ [google/gemma-3-4b-it] Temp=0.0 Rep=1 → Concordo fortemente
[2026-05-08 14:50:12,101][__main__][INFO] - ✓ [google/gemma-3-27b-it] Temp=0.0 Rep=1 → Discordo fortemente
[2026-05-08 14:50:12,111][__main__][INFO] - ✓ [google/gemma-3-27b-it] Temp=0.0 Rep=1 → Concordo
[2026-05-08 14:50:12,146][__main__][INFO] - ✓ [google/gemma-3-27b-it] Temp=0.0 Rep=1 → Concordo fortemente
[2026-05-08 14:50:12,175][__main__][INFO] - ✓ [google/gemma-3-12b-it] Temp=0.0 Rep=1 → Discordo
[2026-05-08 14:50:12,178][__main__][INFO] - ✓ [google/gemma-3-12b-it] Temp=0.0 Rep=1 → Concordo
[2026-05-08 14:50:12,205][__main__][INFO] - ✓ [google/gemma-3-12b-it] Temp=0.0 Rep=1 → Neutro
[2026-05-08 14:50:12,228][__main__][INFO] - ✓ [google/gemma-3-12b-it] Temp=0.0 Rep=1 → Concordo
[2026-05-08 14:50:12,441][__main__][INFO] - ✓ [google/gemma-3-4b-it] Temp=0.0 Rep=1 → Concordo fortemente
[2026-05-08 14:50:12,452][__main__][INFO] - ✓ [google/gemma-3-4b-it] Temp=0.0 Rep=1 → Concordo fortemente
[2026-05-08 14:50:12,596][__main__][INFO] - ✓ [google/gemma-3-4b-it] Temp=0.0 Rep=1 → Discordo fortemente
[2026-05-08 14:50:12,596][__main__][INFO] - ✓ [google/gemma-3-4b-it] Temp=0.0 Rep=1 → Concordo
[2026-05-08 14:50:12,598][__main__][INFO] - ✓ [google/gemma-3-27b-it] Temp=0.0 Rep=1 → Concordo fortemente
[2026-05-08 14:50:12,631][__main__][INFO] - ✓ [google/gemma-3-27b-it] Temp=0.0 Rep=1 → Concordo fortemente
[2026-05-08 14:50:12,659][__main__][INFO] - Salvamento incremental (800 novas respostas)...
[2026-05-08 14:50:12,707][__main__][INFO] - Cache salvo com 200868 entradas
[2026-05-08 14:50:12,708][__main__][INFO] - ✓ [google/gemma-3-27b-it] Temp=0.0 Rep=1 → Concordo fortemente
[2026-05-08 14:50:12,709][__main__][INFO] - ✓ [google/gemma-3-12b-it] Temp=0.0 Rep=1 → Concordo
[2026-05-08 14:50:12,781][__main__][INFO] - ✓ [google/gemma-3-12b-it] Temp=0.0 Rep=1 → Concordo
[2026-05-08 14:50:12,782][__main__][INFO] - ✓ [google/gemma-3-12b-it] Temp=0.0 Rep=1 → Concordo fortemente
[2026-05-08 14:50:12,789][__main__][INFO] - ✓ [google/gemma-3-4b-it] Temp=0.0 Rep=1 → Discordo
[2026-05-08 14:50:13,020][__main__][INFO] - ✓ [google/gemma-3-4b-it] Temp=0.0 Rep=1 → Concordo fortemente
[2026-05-08 14:50:13,119][__main__][INFO] - ✓ [google/gemma-3-12b-it] Temp=0.0 Rep=1 → Discordo fortemente
[2026-05-08 14:50:13,120][__main__][INFO] - ✓ [google/gemma-3-12b-it] Temp=0.0 Rep=1 → Discordo
[2026-05-08 14:50:13,120][__main__][INFO] - ✓ [google/gemma-3-4b-it] Temp=0.0 Rep=1 → Discordo
[2026-05-08 14:50:13,123][__main__][INFO] - ✓ [google/gemma-3-27b-it] Temp=0.0 Rep=1 → Discordo fortemente
[2026-05-08 14:50:13,123][__main__][INFO] - ✓ [google/gemma-3-27b-it] Temp=0.0 Rep=1 → Discordo fortemente
[2026-05-08 14:50:13,125][__main__][INFO] - ✓ [google/gemma-3-12b-it] Temp=0.0 Rep=1 → Concordo
[2026-05-08 14:50:13,127][__main__][INFO] - ✓ [google/gemma-3-4b-it] Temp=0.0 Rep=1 → Concordo fortemente
[2026-05-08 14:50:13,213][__main__][INFO] - ✓ [google/gemma-3-27b-it] Temp=0.0 Rep=1 → Concordo fortemente
[2026-05-08 14:50:13,237][__main__][INFO] - ✓ [google/gemma-3-12b-it] Temp=0.0 Rep=1 → Concordo fortemente
[2026-05-08 14:50:13,476][__main__][INFO] - ✓ [google/gemma-3-12b-it] Temp=0.0 Rep=1 → Neutro
[2026-05-08 14:50:13,497][__main__][INFO] - ✓ [google/gemma-3-4b-it] Temp=0.0 Rep=1 → Concordo
[2026-05-08 14:50:13,501][__main__][INFO] - ✓ [google/gemma-3-4b-it] Temp=0.0 Rep=1 → Concordo fortemente
[2026-05-08 14:50:13,503][__main__][INFO] - ✓ [google/gemma-3-4b-it] Temp=0.0 Rep=1 → Concordo fortemente
[2026-05-08 14:50:13,521][__main__][INFO] - ✓ [google/gemma-3-27b-it] Temp=0.0 Rep=1 → Concordo
[2026-05-08 14:50:13,767][__main__][INFO] - ✓ [google/gemma-3-12b-it] Temp=0.0 Rep=1 → Concordo fortemente
[2026-05-08 14:50:13,804][__main__][INFO] - ✓ [google/gemma-3-27b-it] Temp=0.0 Rep=1 → Concordo fortemente
[2026-05-08 14:50:13,861][__main__][INFO] - ✓ [google/gemma-3-4b-it] Temp=0.0 Rep=1 → Concordo fortemente
[2026-05-08 14:50:13,868][__main__][INFO] - ✓ [google/gemma-3-12b-it] Temp=0.0 Rep=1 → Concordo
[2026-05-08 14:50:13,870][__main__][INFO] - ✓ [google/gemma-3-12b-it] Temp=0.0 Rep=1 → Concordo
[2026-05-08 14:50:13,896][__main__][INFO] - ✓ [google/gemma-3-27b-it] Temp=0.0 Rep=1 → Concordo fortemente
[2026-05-08 14:50:13,924][__main__][INFO] - ✓ [google/gemma-3-27b-it] Temp=0.0 Rep=1 → Concordo fortemente
[2026-05-08 14:50:13,964][__main__][INFO] - ✓ [google/gemma-3-12b-it] Temp=0.0 Rep=1 → Concordo
[2026-05-08 14:50:13,998][__main__][INFO] - ✓ [google/gemma-3-27b-it] Temp=0.0 Rep=1 → Concordo fortemente
[2026-05-08 14:50:14,073][__main__][INFO] - ✓ [google/gemma-3-27b-it] Temp=0.0 Rep=1 → Concordo fortemente
[2026-05-08 14:50:14,171][__main__][INFO] - ✓ [google/gemma-3-4b-it] Temp=0.0 Rep=1 → Concordo
[2026-05-08 14:50:14,174][__main__][INFO] - ✓ [google/gemma-3-4b-it] Temp=0.0 Rep=1 → Concordo fortemente
[2026-05-08 14:50:14,334][__main__][INFO] - ✓ [google/gemma-3-27b-it] Temp=0.0 Rep=1 → Concordo fortemente
[2026-05-08 14:50:14,342][__main__][INFO] - ✓ [google/gemma-3-4b-it] Temp=0.0 Rep=1 → Neutro
[2026-05-08 14:50:14,367][__main__][INFO] - ✓ [google/gemma-3-27b-it] Temp=0.0 Rep=1 → Concordo fortemente
[2026-05-08 14:50:14,395][__main__][INFO] - ✓ [google/gemma-3-27b-it] Temp=0.0 Rep=1 → Concordo fortemente
[2026-05-08 14:50:14,472][__main__][INFO] - ✓ [google/gemma-3-12b-it] Temp=0.0 Rep=1 → Concordo
[2026-05-08 14:50:14,538][__main__][INFO] - ✓ [google/gemma-3-12b-it] Temp=0.0 Rep=1 → Concordo
[2026-05-08 14:50:14,548][__main__][INFO] - ✓ [google/gemma-3-4b-it] Temp=0.0 Rep=1 → Neutro
[2026-05-08 14:50:14,563][__main__][INFO] - ✓ [google/gemma-3-4b-it] Temp=0.0 Rep=1 → Concordo
[2026-05-08 14:50:14,586][__main__][INFO] - Salvamento incremental (840 novas respostas)...
[2026-05-08 14:50:14,636][__main__][INFO] - Cache salvo com 200908 entradas
[2026-05-08 14:50:14,637][__main__][INFO] - ✓ [google/gemma-3-12b-it] Temp=0.0 Rep=1 → Neutro
[2026-05-08 14:50:14,638][__main__][INFO] - ✓ [google/gemma-3-12b-it] Temp=0.0 Rep=1 → Concordo fortemente
[2026-05-08 14:50:14,820][__main__][INFO] - ✓ [google/gemma-3-27b-it] Temp=0.0 Rep=1 → Discordo fortemente
[2026-05-08 14:50:14,824][__main__][INFO] - ✓ [google/gemma-3-27b-it] Temp=0.0 Rep=1 → Concordo fortemente
[2026-05-08 14:50:14,921][__main__][INFO] - ✓ [google/gemma-3-27b-it] Temp=0.0 Rep=1 → Concordo fortemente
[2026-05-08 14:50:14,927][__main__][INFO] - ✓ [google/gemma-3-4b-it] Temp=0.0 Rep=1 → Discordo
[2026-05-08 14:50:14,944][__main__][INFO] - ✓ [google/gemma-3-4b-it] Temp=0.0 Rep=1 → Concordo fortemente
[2026-05-08 14:50:14,959][__main__][INFO] - ✓ [google/gemma-3-4b-it] Temp=0.0 Rep=1 → Concordo fortemente
[2026-05-08 14:50:15,004][__main__][INFO] - ✓ [google/gemma-3-12b-it] Temp=0.0 Rep=1 → Neutro
[2026-05-08 14:50:15,109][__main__][INFO] - ✓ [google/gemma-3-12b-it] Temp=0.0 Rep=1 → Concordo
[2026-05-08 14:50:15,218][__main__][INFO] - ✓ [google/gemma-3-12b-it] Temp=0.0 Rep=1 → Neutro
[2026-05-08 14:50:15,283][__main__][INFO] - ✓ [google/gemma-3-12b-it] Temp=0.0 Rep=1 → Concordo fortemente
[2026-05-08 14:50:15,321][__main__][INFO] - ✓ [google/gemma-3-12b-it] Temp=0.0 Rep=1 → Concordo
[2026-05-08 14:50:15,332][__main__][INFO] - ✓ [google/gemma-3-27b-it] Temp=0.0 Rep=1 → Concordo
[2026-05-08 14:50:15,377][__main__][INFO] - ✓ [google/gemma-3-27b-it] Temp=0.0 Rep=1 → Concordo fortemente
[2026-05-08 14:50:15,389][__main__][INFO] - ✓ [google/gemma-3-4b-it] Temp=0.0 Rep=1 → Concordo
[2026-05-08 14:50:15,409][__main__][INFO] - ✓ [google/gemma-3-4b-it] Temp=0.0 Rep=1 → Concordo
[2026-05-08 14:50:15,421][__main__][INFO] - ✓ [google/gemma-3-4b-it] Temp=0.0 Rep=1 → Concordo fortemente
[2026-05-08 14:50:15,548][__main__][INFO] - ✓ [google/gemma-3-12b-it] Temp=0.0 Rep=1 → Concordo
[2026-05-08 14:50:15,742][__main__][INFO] - ✓ [google/gemma-3-12b-it] Temp=0.0 Rep=1 → Concordo
[2026-05-08 14:50:15,758][__main__][INFO] - ✓ [google/gemma-3-27b-it] Temp=0.0 Rep=1 → Concordo fortemente
[2026-05-08 14:50:15,778][__main__][INFO] - ✓ [google/gemma-3-27b-it] Temp=0.0 Rep=1 → Concordo fortemente
[2026-05-08 14:50:15,783][__main__][INFO] - ✓ [google/gemma-3-4b-it] Temp=0.0 Rep=1 → Discordo
[2026-05-08 14:50:15,794][__main__][INFO] - ✓ [google/gemma-3-4b-it] Temp=0.0 Rep=1 → Concordo fortemente
[2026-05-08 14:50:15,801][__main__][INFO] - ✓ [google/gemma-3-4b-it] Temp=0.0 Rep=1 → Concordo fortemente
[2026-05-08 14:50:15,818][__main__][INFO] - ✓ [google/gemma-3-27b-it] Temp=0.0 Rep=1 → Concordo fortemente
[2026-05-08 14:50:16,025][__main__][INFO] - ✓ [google/gemma-3-12b-it] Temp=0.0 Rep=1 → Concordo
[2026-05-08 14:50:16,148][__main__][INFO] - ✓ [google/gemma-3-4b-it] Temp=0.0 Rep=1 → Concordo
[2026-05-08 14:50:16,174][__main__][INFO] - ✓ [google/gemma-3-4b-it] Temp=0.0 Rep=1 → Concordo
[2026-05-08 14:50:16,266][__main__][INFO] - ✓ [google/gemma-3-27b-it] Temp=0.0 Rep=1 → Concordo fortemente
[2026-05-08 14:50:16,267][__main__][INFO] - ✓ [google/gemma-3-12b-it] Temp=0.0 Rep=1 → Concordo fortemente
[2026-05-08 14:50:16,268][__main__][INFO] - ✓ [google/gemma-3-12b-it] Temp=0.0 Rep=1 → Concordo
[2026-05-08 14:50:16,270][__main__][INFO] - ✓ [google/gemma-3-27b-it] Temp=0.0 Rep=1 → Concordo fortemente
[2026-05-08 14:50:16,270][__main__][INFO] - ✓ [google/gemma-3-12b-it] Temp=0.0 Rep=1 → Concordo
[2026-05-08 14:50:16,271][__main__][INFO] - ✓ [google/gemma-3-27b-it] Temp=0.0 Rep=1 → Concordo fortemente
[2026-05-08 14:50:16,352][__main__][INFO] - ✓ [google/gemma-3-4b-it] Temp=0.0 Rep=1 → Concordo fortemente
[2026-05-08 14:50:16,379][__main__][INFO] - ✓ [google/gemma-3-27b-it] Temp=0.0 Rep=1 → Concordo fortemente
[2026-05-08 14:50:16,598][__main__][INFO] - ✓ [google/gemma-3-4b-it] Temp=0.0 Rep=1 → Concordo fortemente
[2026-05-08 14:50:16,602][__main__][INFO] - ✓ [google/gemma-3-4b-it] Temp=0.0 Rep=1 → Concordo fortemente
[2026-05-08 14:50:16,674][__main__][INFO] - ✓ [google/gemma-3-4b-it] Temp=0.0 Rep=1 → Concordo fortemente
[2026-05-08 14:50:16,802][__main__][INFO] - Salvamento incremental (880 novas respostas)...
[2026-05-08 14:50:16,846][__main__][INFO] - Cache salvo com 200948 entradas
[2026-05-08 14:50:16,846][__main__][INFO] - ✓ [google/gemma-3-27b-it] Temp=0.0 Rep=1 → Concordo fortemente
[2026-05-08 14:50:16,846][__main__][INFO] - ✓ [google/gemma-3-27b-it] Temp=0.0 Rep=1 → Concordo fortemente
[2026-05-08 14:50:16,846][__main__][INFO] - ✓ [google/gemma-3-27b-it] Temp=0.0 Rep=1 → Concordo fortemente
[2026-05-08 14:50:16,847][__main__][INFO] - ✓ [google/gemma-3-12b-it] Temp=0.0 Rep=1 → Concordo
[2026-05-08 14:50:16,900][__main__][INFO] - ✓ [google/gemma-3-12b-it] Temp=0.0 Rep=1 → Concordo
[2026-05-08 14:50:16,908][__main__][INFO] - ✓ [google/gemma-3-12b-it] Temp=0.0 Rep=1 → Concordo
[2026-05-08 14:50:16,966][__main__][INFO] - ✓ [google/gemma-3-12b-it] Temp=0.0 Rep=1 → Concordo
[2026-05-08 14:50:17,053][__main__][INFO] - ✓ [google/gemma-3-27b-it] Temp=0.0 Rep=1 → Concordo fortemente
[2026-05-08 14:50:17,171][__main__][INFO] - ✓ [google/gemma-3-4b-it] Temp=0.0 Rep=1 → Neutro
[2026-05-08 14:50:17,199][__main__][INFO] - ✓ [google/gemma-3-4b-it] Temp=0.0 Rep=1 → Neutro
[2026-05-08 14:50:17,218][__main__][INFO] - ✓ [google/gemma-3-4b-it] Temp=0.0 Rep=1 → Neutro
[2026-05-08 14:50:17,312][__main__][INFO] - ✓ [google/gemma-3-27b-it] Temp=0.0 Rep=1 → Concordo fortemente
[2026-05-08 14:50:17,319][__main__][INFO] - ✓ [google/gemma-3-12b-it] Temp=0.0 Rep=1 → Concordo
[2026-05-08 14:50:17,520][__main__][INFO] - ✓ [google/gemma-3-27b-it] Temp=0.0 Rep=1 → Concordo fortemente
[2026-05-08 14:50:17,521][__main__][INFO] - ✓ [google/gemma-3-12b-it] Temp=0.0 Rep=1 → Concordo
[2026-05-08 14:50:17,525][__main__][INFO] - ✓ [google/gemma-3-12b-it] Temp=0.0 Rep=1 → Neutro
[2026-05-08 14:50:17,555][__main__][INFO] - ✓ [google/gemma-3-12b-it] Temp=0.0 Rep=1 → Neutro
[2026-05-08 14:50:17,603][__main__][INFO] - ✓ [google/gemma-3-12b-it] Temp=0.0 Rep=1 → Concordo
[2026-05-08 14:50:17,672][__main__][INFO] - ✓ [google/gemma-3-27b-it] Temp=0.0 Rep=1 → Concordo
[2026-05-08 14:50:17,688][__main__][INFO] - ✓ [google/gemma-3-27b-it] Temp=0.0 Rep=1 → Concordo fortemente
[2026-05-08 14:50:17,838][__main__][INFO] - ✓ [google/gemma-3-4b-it] Temp=0.0 Rep=1 → Concordo fortemente
[2026-05-08 14:50:17,840][__main__][INFO] - ✓ [google/gemma-3-4b-it] Temp=0.0 Rep=1 → Concordo fortemente
[2026-05-08 14:50:17,872][__main__][INFO] - ✓ [google/gemma-3-27b-it] Temp=0.0 Rep=1 → Concordo fortemente
[2026-05-08 14:50:18,078][__main__][INFO] - ✓ [google/gemma-3-4b-it] Temp=0.0 Rep=1 → Concordo fortemente
[2026-05-08 14:50:18,090][__main__][INFO] - ✓ [google/gemma-3-27b-it] Temp=0.0 Rep=1 → Concordo fortemente
[2026-05-08 14:50:18,118][__main__][INFO] - ✓ [google/gemma-3-27b-it] Temp=0.0 Rep=1 → Concordo fortemente
[2026-05-08 14:50:18,126][__main__][INFO] - ✓ [google/gemma-3-12b-it] Temp=0.0 Rep=1 → Concordo
[2026-05-08 14:50:18,128][__main__][INFO] - ✓ [google/gemma-3-27b-it] Temp=0.0 Rep=1 → Concordo fortemente
[2026-05-08 14:50:18,201][__main__][INFO] - ✓ [google/gemma-3-12b-it] Temp=0.0 Rep=1 → Concordo fortemente
[2026-05-08 14:50:18,213][__main__][INFO] - ✓ [google/gemma-3-12b-it] Temp=0.0 Rep=1 → Concordo fortemente
[2026-05-08 14:50:18,383][__main__][INFO] - ✓ [google/gemma-3-4b-it] Temp=0.0 Rep=1 → Concordo fortemente
[2026-05-08 14:50:18,383][__main__][INFO] - ✓ [google/gemma-3-4b-it] Temp=0.0 Rep=1 → Concordo fortemente
[2026-05-08 14:50:18,385][__main__][INFO] - ✓ [google/gemma-3-4b-it] Temp=0.0 Rep=1 → Concordo fortemente
[2026-05-08 14:50:18,514][__main__][INFO] - ✓ [google/gemma-3-12b-it] Temp=0.0 Rep=1 → Concordo
[2026-05-08 14:50:18,605][__main__][INFO] - ✓ [google/gemma-3-4b-it] Temp=0.0 Rep=1 → Concordo fortemente
[2026-05-08 14:50:18,711][__main__][INFO] - ✓ [google/gemma-3-12b-it] Temp=0.0 Rep=1 → Concordo
[2026-05-08 14:50:18,718][__main__][INFO] - ✓ [google/gemma-3-12b-it] Temp=0.0 Rep=1 → Concordo
[2026-05-08 14:50:18,753][__main__][INFO] - ✓ [google/gemma-3-4b-it] Temp=0.0 Rep=1 → Discordo fortemente
[2026-05-08 14:50:18,759][__main__][INFO] - ✓ [google/gemma-3-4b-it] Temp=0.0 Rep=1 → Concordo fortemente
[2026-05-08 14:50:19,121][__main__][INFO] - ✓ [google/gemma-3-27b-it] Temp=0.0 Rep=1 → Concordo fortemente
[2026-05-08 14:50:19,146][__main__][INFO] - Salvamento incremental (920 novas respostas)...
[2026-05-08 14:50:19,191][__main__][INFO] - Cache salvo com 200988 entradas
[2026-05-08 14:50:19,191][__main__][INFO] - ✓ [google/gemma-3-27b-it] Temp=0.0 Rep=1 → Concordo fortemente
[2026-05-08 14:50:19,193][__main__][INFO] - ✓ [google/gemma-3-27b-it] Temp=0.0 Rep=1 → Concordo fortemente
[2026-05-08 14:50:19,193][__main__][INFO] - ✓ [google/gemma-3-12b-it] Temp=0.0 Rep=1 → Concordo fortemente
[2026-05-08 14:50:19,198][__main__][INFO] - ✓ [google/gemma-3-12b-it] Temp=0.0 Rep=1 → Concordo
[2026-05-08 14:50:19,238][__main__][INFO] - ✓ [google/gemma-3-12b-it] Temp=0.0 Rep=1 → Concordo
[2026-05-08 14:50:19,411][__main__][INFO] - ✓ [google/gemma-3-27b-it] Temp=0.0 Rep=1 → Concordo fortemente
[2026-05-08 14:50:19,412][__main__][INFO] - ✓ [google/gemma-3-27b-it] Temp=0.0 Rep=1 → Concordo fortemente
[2026-05-08 14:50:19,432][__main__][INFO] - ✓ [google/gemma-3-4b-it] Temp=0.0 Rep=1 → Discordo fortemente
[2026-05-08 14:50:19,522][__main__][INFO] - ✓ [google/gemma-3-27b-it] Temp=0.0 Rep=1 → Concordo fortemente
[2026-05-08 14:50:19,525][__main__][INFO] - ✓ [google/gemma-3-4b-it] Temp=0.0 Rep=1 → Concordo fortemente
[2026-05-08 14:50:19,557][__main__][INFO] - ✓ [google/gemma-3-4b-it] Temp=0.0 Rep=1 → Concordo fortemente
[2026-05-08 14:50:19,782][__main__][INFO] - ✓ [google/gemma-3-4b-it] Temp=0.0 Rep=1 → Discordo fortemente
[2026-05-08 14:50:19,818][__main__][INFO] - ✓ [google/gemma-3-12b-it] Temp=0.0 Rep=1 → Neutro
[2026-05-08 14:50:19,935][__main__][INFO] - ✓ [google/gemma-3-12b-it] Temp=0.0 Rep=1 → Concordo
[2026-05-08 14:50:19,937][__main__][INFO] - ✓ [google/gemma-3-12b-it] Temp=0.0 Rep=1 → Concordo
[2026-05-08 14:50:19,937][__main__][INFO] - ✓ [google/gemma-3-27b-it] Temp=0.0 Rep=1 → Concordo fortemente
[2026-05-08 14:50:19,937][__main__][INFO] - ✓ [google/gemma-3-4b-it] Temp=0.0 Rep=1 → Concordo fortemente
[2026-05-08 14:50:19,938][__main__][INFO] - ✓ [google/gemma-3-4b-it] Temp=0.0 Rep=1 → Concordo fortemente
[2026-05-08 14:50:19,941][__main__][INFO] - ✓ [google/gemma-3-27b-it] Temp=0.0 Rep=1 → Concordo fortemente
[2026-05-08 14:50:20,042][__main__][INFO] - ✓ [google/gemma-3-27b-it] Temp=0.0 Rep=1 → Concordo fortemente
[2026-05-08 14:50:20,311][__main__][INFO] - ✓ [google/gemma-3-12b-it] Temp=0.0 Rep=1 → Concordo
[2026-05-08 14:50:20,363][__main__][INFO] - ✓ [google/gemma-3-4b-it] Temp=0.0 Rep=1 → Discordo
[2026-05-08 14:50:20,459][__main__][INFO] - ✓ [google/gemma-3-4b-it] Temp=0.0 Rep=1 → Discordo
[2026-05-08 14:50:20,460][__main__][INFO] - ✓ [google/gemma-3-4b-it] Temp=0.0 Rep=1 → Discordo
[2026-05-08 14:50:20,461][__main__][INFO] - ✓ [google/gemma-3-27b-it] Temp=0.0 Rep=1 → Concordo fortemente
[2026-05-08 14:50:20,461][__main__][INFO] - ✓ [google/gemma-3-27b-it] Temp=0.0 Rep=1 → Concordo fortemente
[2026-05-08 14:50:20,547][__main__][INFO] - ✓ [google/gemma-3-12b-it] Temp=0.0 Rep=1 → Discordo
[2026-05-08 14:50:20,587][__main__][INFO] - ✓ [google/gemma-3-12b-it] Temp=0.0 Rep=1 → Discordo
[2026-05-08 14:50:20,599][__main__][INFO] - ✓ [google/gemma-3-12b-it] Temp=0.0 Rep=1 → Concordo
[2026-05-08 14:50:20,639][__main__][INFO] - ✓ [google/gemma-3-27b-it] Temp=0.0 Rep=1 → Concordo fortemente
[2026-05-08 14:50:20,852][__main__][INFO] - ✓ [google/gemma-3-4b-it] Temp=0.0 Rep=1 → Concordo fortemente
[2026-05-08 14:50:20,865][__main__][INFO] - ✓ [google/gemma-3-12b-it] Temp=0.0 Rep=1 → Concordo
[2026-05-08 14:50:20,869][__main__][INFO] - ✓ [google/gemma-3-12b-it] Temp=0.0 Rep=1 → Concordo
[2026-05-08 14:50:20,983][__main__][INFO] - ✓ [google/gemma-3-4b-it] Temp=0.0 Rep=1 → Discordo
[2026-05-08 14:50:20,984][__main__][INFO] - ✓ [google/gemma-3-27b-it] Temp=0.0 Rep=1 → Discordo fortemente
[2026-05-08 14:50:20,984][__main__][INFO] - ✓ [google/gemma-3-4b-it] Temp=0.0 Rep=1 → Concordo fortemente
[2026-05-08 14:50:20,987][__main__][INFO] - ✓ [google/gemma-3-27b-it] Temp=0.0 Rep=1 → Concordo fortemente
[2026-05-08 14:50:20,997][__main__][INFO] - ✓ [google/gemma-3-27b-it] Temp=0.0 Rep=1 → Concordo fortemente
[2026-05-08 14:50:21,111][__main__][INFO] - ✓ [google/gemma-3-12b-it] Temp=0.0 Rep=1 → Discordo
[2026-05-08 14:50:21,191][__main__][INFO] - ✓ [google/gemma-3-12b-it] Temp=0.0 Rep=1 → Concordo fortemente
[2026-05-08 14:50:21,301][__main__][INFO] - Salvamento incremental (960 novas respostas)...
[2026-05-08 14:50:21,343][__main__][INFO] - Cache salvo com 201028 entradas
[2026-05-08 14:50:21,343][__main__][INFO] - ✓ [google/gemma-3-27b-it] Temp=0.0 Rep=1 → Discordo fortemente
[2026-05-08 14:50:21,345][__main__][INFO] - ✓ [google/gemma-3-4b-it] Temp=0.0 Rep=1 → Discordo
[2026-05-08 14:50:21,345][__main__][INFO] - ✓ [google/gemma-3-4b-it] Temp=0.0 Rep=1 → Neutro
[2026-05-08 14:50:21,377][__main__][INFO] - ✓ [google/gemma-3-4b-it] Temp=0.0 Rep=1 → Concordo
[2026-05-08 14:50:21,506][__main__][INFO] - ✓ [google/gemma-3-27b-it] Temp=0.0 Rep=1 → Concordo fortemente
[2026-05-08 14:50:21,507][__main__][INFO] - ✓ [google/gemma-3-12b-it] Temp=0.0 Rep=1 → Concordo
[2026-05-08 14:50:21,564][__main__][INFO] - ✓ [google/gemma-3-12b-it] Temp=0.0 Rep=1 → Discordo
[2026-05-08 14:50:21,620][__main__][INFO] - ✓ [google/gemma-3-27b-it] Temp=0.0 Rep=1 → Concordo fortemente
[2026-05-08 14:50:21,654][__main__][INFO] - ✓ [google/gemma-3-12b-it] Temp=0.0 Rep=1 → Concordo
[2026-05-08 14:50:21,744][__main__][INFO] - ✓ [google/gemma-3-27b-it] Temp=0.0 Rep=1 → Discordo fortemente
[2026-05-08 14:50:21,745][__main__][INFO] - ✓ [google/gemma-3-4b-it] Temp=0.0 Rep=1 → Concordo fortemente
[2026-05-08 14:50:21,782][__main__][INFO] - ✓ [google/gemma-3-27b-it] Temp=0.0 Rep=1 → Discordo
[2026-05-08 14:50:21,820][__main__][INFO] - ✓ [google/gemma-3-12b-it] Temp=0.0 Rep=1 → Neutro
[2026-05-08 14:50:21,822][__main__][INFO] - ✓ [google/gemma-3-27b-it] Temp=0.0 Rep=1 → Concordo fortemente
[2026-05-08 14:50:21,873][__main__][INFO] - ✓ [google/gemma-3-4b-it] Temp=0.0 Rep=1 → Discordo
[2026-05-08 14:50:21,885][__main__][INFO] - ✓ [google/gemma-3-4b-it] Temp=0.0 Rep=1 → Concordo fortemente
[2026-05-08 14:50:22,226][__main__][INFO] - ✓ [google/gemma-3-4b-it] Temp=0.0 Rep=1 → Concordo fortemente
[2026-05-08 14:50:22,231][__main__][INFO] - ✓ [google/gemma-3-4b-it] Temp=0.0 Rep=1 → Discordo fortemente
[2026-05-08 14:50:22,235][__main__][INFO] - ✓ [google/gemma-3-4b-it] Temp=0.0 Rep=1 → Discordo fortemente
[2026-05-08 14:50:22,239][__main__][INFO] - ✓ [google/gemma-3-27b-it] Temp=0.0 Rep=1 → Concordo fortemente
[2026-05-08 14:50:22,303][__main__][INFO] - ✓ [google/gemma-3-12b-it] Temp=0.0 Rep=1 → Concordo
[2026-05-08 14:50:22,306][__main__][INFO] - ✓ [google/gemma-3-12b-it] Temp=0.0 Rep=1 → Concordo fortemente
[2026-05-08 14:50:22,350][__main__][INFO] - ✓ [google/gemma-3-12b-it] Temp=0.0 Rep=1 → Concordo
[2026-05-08 14:50:22,417][__main__][INFO] - ✓ [google/gemma-3-12b-it] Temp=0.0 Rep=1 → Discordo
[2026-05-08 14:50:22,590][__main__][INFO] - ✓ [google/gemma-3-27b-it] Temp=0.0 Rep=1 → Concordo
[2026-05-08 14:50:22,623][__main__][INFO] - ✓ [google/gemma-3-27b-it] Temp=0.0 Rep=1 → Concordo fortemente
[2026-05-08 14:50:22,705][__main__][INFO] - ✓ [google/gemma-3-27b-it] Temp=0.0 Rep=1 → Concordo
[2026-05-08 14:50:22,707][__main__][INFO] - ✓ [google/gemma-3-27b-it] Temp=0.0 Rep=1 → Discordo fortemente
[2026-05-08 14:50:22,725][__main__][INFO] - ✓ [google/gemma-3-4b-it] Temp=0.0 Rep=1 → Discordo
[2026-05-08 14:50:22,728][__main__][INFO] - ✓ [google/gemma-3-27b-it] Temp=0.0 Rep=1 → Concordo fortemente
[2026-05-08 14:50:22,768][__main__][INFO] - ✓ [google/gemma-3-4b-it] Temp=0.0 Rep=1 → Concordo fortemente
[2026-05-08 14:50:22,790][__main__][INFO] - ✓ [google/gemma-3-4b-it] Temp=0.0 Rep=1 → Concordo fortemente
[2026-05-08 14:50:23,115][__main__][INFO] - ✓ [google/gemma-3-27b-it] Temp=0.0 Rep=1 → Concordo
[2026-05-08 14:50:23,143][__main__][INFO] - ✓ [google/gemma-3-12b-it] Temp=0.0 Rep=1 → Discordo
[2026-05-08 14:50:23,143][__main__][INFO] - ✓ [google/gemma-3-12b-it] Temp=0.0 Rep=1 → Concordo
[2026-05-08 14:50:23,145][__main__][INFO] - ✓ [google/gemma-3-27b-it] Temp=0.0 Rep=1 → Concordo fortemente
[2026-05-08 14:50:23,305][__main__][INFO] - ✓ [google/gemma-3-27b-it] Temp=0.0 Rep=1 → Concordo fortemente
[2026-05-08 14:50:23,358][__main__][INFO] - ✓ [google/gemma-3-12b-it] Temp=0.0 Rep=1 → Concordo
[2026-05-08 14:50:23,441][__main__][INFO] - ✓ [google/gemma-3-12b-it] Temp=0.0 Rep=1 → Concordo
[2026-05-08 14:50:23,442][__main__][INFO] - ✓ [google/gemma-3-12b-it] Temp=0.0 Rep=1 → Concordo
[2026-05-08 14:50:23,493][__main__][INFO] - Cache salvo com 201067 entradas
[2026-05-08 14:50:23,493][__main__][INFO] - Coleta de dados concluída!
