[2026-05-08 15:10:12,065][__main__][INFO] - Retrieval ativado: store='wiki_faiss_store', top_n=[0, 3], emb_model='google/embeddinggemma-300m'
[2026-05-08 15:10:12,066][__main__][INFO] - Carregadas 56 perguntas de dados/pairs.json
[2026-05-08 15:10:12,109][__main__][INFO] - Cache carregado com 202075 entradas
[2026-05-08 15:10:14,208][__main__][INFO] - ✓ [meta-llama/Meta-Llama-3.1-8B-Instruct] Temp=0.0 Rep=1 → Concordo
[2026-05-08 15:10:14,229][__main__][INFO] - ✓ [meta-llama/Meta-Llama-3.1-8B-Instruct] Temp=0.0 Rep=1 → Concordo fortemente
[2026-05-08 15:10:14,376][__main__][INFO] - ✓ [meta-llama/Llama-4-Scout-17B-16E-Instruct] Temp=0.0 Rep=1 → Concordo
[2026-05-08 15:10:14,380][__main__][INFO] - ✓ [meta-llama/Llama-4-Scout-17B-16E-Instruct] Temp=0.0 Rep=1 → Concordo
[2026-05-08 15:10:14,472][__main__][INFO] - ✓ [meta-llama/Llama-4-Scout-17B-16E-Instruct] Temp=0.0 Rep=1 → Concordo fortemente
[2026-05-08 15:10:14,486][__main__][INFO] - ✓ [meta-llama/Meta-Llama-3.1-8B-Instruct] Temp=0.0 Rep=1 → Concordo
[2026-05-08 15:10:14,542][__main__][INFO] - ✓ [meta-llama/Meta-Llama-3.1-8B-Instruct] Temp=0.0 Rep=1 → Concordo fortemente
[2026-05-08 15:10:14,566][__main__][INFO] - ✓ [meta-llama/Meta-Llama-3.1-8B-Instruct] Temp=0.0 Rep=1 → Concordo fortemente
[2026-05-08 15:10:14,889][__main__][INFO] - ✓ [meta-llama/Meta-Llama-3.1-8B-Instruct] Temp=0.0 Rep=1 → Concordo
[2026-05-08 15:10:14,989][__main__][INFO] - ✓ [meta-llama/Meta-Llama-3.1-70B-Instruct] Temp=0.0 Rep=1 → Concordo
[2026-05-08 15:10:15,089][__main__][INFO] - ✓ [meta-llama/Llama-4-Scout-17B-16E-Instruct] Temp=0.0 Rep=1 → Concordo
[2026-05-08 15:10:15,149][__main__][INFO] - ✓ [meta-llama/Meta-Llama-3.1-70B-Instruct] Temp=0.0 Rep=1 → Concordo
[2026-05-08 15:10:15,150][__main__][INFO] - ✓ [meta-llama/Meta-Llama-3.1-70B-Instruct] Temp=0.0 Rep=1 → Concordo
[2026-05-08 15:10:15,232][__main__][INFO] - ✓ [meta-llama/Llama-4-Scout-17B-16E-Instruct] Temp=0.0 Rep=1 → Discordo
[2026-05-08 15:10:15,412][__main__][INFO] - ✓ [meta-llama/Llama-4-Scout-17B-16E-Instruct] Temp=0.0 Rep=1 → Concordo fortemente
[2026-05-08 15:10:15,414][__main__][INFO] - ✓ [meta-llama/Meta-Llama-3.1-8B-Instruct] Temp=0.0 Rep=1 → Concordo fortemente
[2026-05-08 15:10:15,415][__main__][INFO] - ✓ [meta-llama/Meta-Llama-3.1-70B-Instruct] Temp=0.0 Rep=1 → Discordo
[2026-05-08 15:10:15,430][__main__][INFO] - ✓ [meta-llama/Meta-Llama-3.1-8B-Instruct] Temp=0.0 Rep=1 → Concordo fortemente
[2026-05-08 15:10:15,523][__main__][INFO] - ✓ [meta-llama/Meta-Llama-3.1-8B-Instruct] Temp=0.0 Rep=1 → Concordo fortemente
[2026-05-08 15:10:15,718][__main__][INFO] - ✓ [meta-llama/Meta-Llama-3.1-70B-Instruct] Temp=0.0 Rep=1 → Concordo
[2026-05-08 15:10:15,832][__main__][INFO] - ✓ [meta-llama/Meta-Llama-3.1-8B-Instruct] Temp=0.0 Rep=1 → Concordo fortemente
[2026-05-08 15:10:15,935][__main__][INFO] - ✓ [meta-llama/Meta-Llama-3.1-70B-Instruct] Temp=0.0 Rep=1 → Discordo
[2026-05-08 15:10:15,936][__main__][INFO] - ✓ [meta-llama/Meta-Llama-3.1-70B-Instruct] Temp=0.0 Rep=1 → Concordo fortemente
[2026-05-08 15:10:15,939][__main__][INFO] - ✓ [meta-llama/Meta-Llama-3.1-70B-Instruct] Temp=0.0 Rep=1 → Concordo
[2026-05-08 15:10:16,002][__main__][INFO] - ✓ [meta-llama/Meta-Llama-3.1-70B-Instruct] Temp=0.0 Rep=1 → Concordo fortemente
[2026-05-08 15:10:16,031][__main__][INFO] - ✓ [meta-llama/Meta-Llama-3.1-8B-Instruct] Temp=0.0 Rep=1 → Concordo fortemente
[2026-05-08 15:10:16,079][__main__][INFO] - ✓ [meta-llama/Llama-4-Scout-17B-16E-Instruct] Temp=0.0 Rep=1 → Concordo fortemente
[2026-05-08 15:10:16,165][__main__][INFO] - ✓ [meta-llama/Meta-Llama-3.1-8B-Instruct] Temp=0.0 Rep=1 → Concordo fortemente
[2026-05-08 15:10:16,497][__main__][INFO] - ✓ [meta-llama/Meta-Llama-3.1-8B-Instruct] Temp=0.0 Rep=1 → Concordo fortemente
[2026-05-08 15:10:16,558][__main__][INFO] - ✓ [meta-llama/Llama-4-Scout-17B-16E-Instruct] Temp=0.0 Rep=1 → Concordo
[2026-05-08 15:10:16,571][__main__][INFO] - ✓ [meta-llama/Meta-Llama-3.1-70B-Instruct] Temp=0.0 Rep=1 → Concordo fortemente
[2026-05-08 15:10:16,660][__main__][INFO] - ✓ [meta-llama/Llama-4-Scout-17B-16E-Instruct] Temp=0.0 Rep=1 → Discordo fortemente
[2026-05-08 15:10:16,665][__main__][INFO] - ✓ [meta-llama/Llama-4-Scout-17B-16E-Instruct] Temp=0.0 Rep=1 → Concordo fortemente
[2026-05-08 15:10:16,714][__main__][INFO] - ✓ [meta-llama/Meta-Llama-3.1-70B-Instruct] Temp=0.0 Rep=1 → Concordo fortemente
[2026-05-08 15:10:16,715][__main__][INFO] - ✓ [meta-llama/Meta-Llama-3.1-70B-Instruct] Temp=0.0 Rep=1 → Concordo fortemente
[2026-05-08 15:10:16,784][__main__][INFO] - ✓ [meta-llama/Llama-4-Scout-17B-16E-Instruct] Temp=0.0 Rep=1 → Concordo fortemente
[2026-05-08 15:10:16,786][__main__][INFO] - ✓ [meta-llama/Llama-4-Scout-17B-16E-Instruct] Temp=0.0 Rep=1 → Concordo fortemente
[2026-05-08 15:10:17,140][__main__][INFO] - ✓ [meta-llama/Meta-Llama-3.1-8B-Instruct] Temp=0.0 Rep=1 → Concordo fortemente
[2026-05-08 15:10:17,242][__main__][INFO] - ✓ [meta-llama/Llama-4-Scout-17B-16E-Instruct] Temp=0.0 Rep=1 → Discordo
[2026-05-08 15:10:17,259][__main__][INFO] - Salvamento incremental (40 novas respostas)...
[2026-05-08 15:10:17,312][__main__][INFO] - Cache salvo com 202115 entradas
[2026-05-08 15:10:17,312][__main__][INFO] - ✓ [meta-llama/Llama-4-Scout-17B-16E-Instruct] Temp=0.0 Rep=1 → Concordo fortemente
[2026-05-08 15:10:17,314][__main__][INFO] - ✓ [meta-llama/Llama-4-Scout-17B-16E-Instruct] Temp=0.0 Rep=1 → Concordo fortemente
[2026-05-08 15:10:17,315][__main__][INFO] - ✓ [meta-llama/Meta-Llama-3.1-8B-Instruct] Temp=0.0 Rep=1 → Concordo fortemente
[2026-05-08 15:10:17,316][__main__][INFO] - ✓ [meta-llama/Meta-Llama-3.1-8B-Instruct] Temp=0.0 Rep=1 → Concordo fortemente
[2026-05-08 15:10:17,519][__main__][INFO] - ✓ [meta-llama/Meta-Llama-3.1-8B-Instruct] Temp=0.0 Rep=1 → Concordo fortemente
[2026-05-08 15:10:17,705][__main__][INFO] - ✓ [meta-llama/Llama-4-Scout-17B-16E-Instruct] Temp=0.0 Rep=1 → Concordo fortemente
[2026-05-08 15:10:17,714][__main__][INFO] - ✓ [meta-llama/Llama-4-Scout-17B-16E-Instruct] Temp=0.0 Rep=1 → Concordo fortemente
[2026-05-08 15:10:17,797][__main__][INFO] - ✓ [meta-llama/Meta-Llama-3.1-8B-Instruct] Temp=0.0 Rep=1 → Concordo fortemente
[2026-05-08 15:10:18,036][__main__][INFO] - ✓ [meta-llama/Meta-Llama-3.1-70B-Instruct] Temp=0.0 Rep=1 → Discordo
[2026-05-08 15:10:18,085][__main__][INFO] - ✓ [meta-llama/Meta-Llama-3.1-70B-Instruct] Temp=0.0 Rep=1 → Concordo fortemente
[2026-05-08 15:10:18,104][__main__][INFO] - ✓ [meta-llama/Llama-4-Scout-17B-16E-Instruct] Temp=0.0 Rep=1 → Concordo fortemente
[2026-05-08 15:10:18,110][__main__][INFO] - ✓ [meta-llama/Meta-Llama-3.1-70B-Instruct] Temp=0.0 Rep=1 → Concordo fortemente
[2026-05-08 15:10:18,137][__main__][INFO] - ✓ [meta-llama/Meta-Llama-3.1-70B-Instruct] Temp=0.0 Rep=1 → Concordo fortemente
[2026-05-08 15:10:18,172][__main__][INFO] - ✓ [meta-llama/Meta-Llama-3.1-70B-Instruct] Temp=0.0 Rep=1 → Concordo fortemente
[2026-05-08 15:10:18,176][__main__][INFO] - ✓ [meta-llama/Meta-Llama-3.1-8B-Instruct] Temp=0.0 Rep=1 → Concordo fortemente
[2026-05-08 15:10:18,186][__main__][INFO] - ✓ [meta-llama/Meta-Llama-3.1-70B-Instruct] Temp=0.0 Rep=1 → Concordo fortemente
[2026-05-08 15:10:18,349][__main__][INFO] - ✓ [meta-llama/Meta-Llama-3.1-8B-Instruct] Temp=0.0 Rep=1 → Concordo fortemente
[2026-05-08 15:10:18,441][__main__][INFO] - ✓ [meta-llama/Meta-Llama-3.1-8B-Instruct] Temp=0.0 Rep=1 → Concordo fortemente
[2026-05-08 15:10:18,647][__main__][INFO] - ✓ [meta-llama/Llama-4-Scout-17B-16E-Instruct] Temp=0.0 Rep=1 → Concordo
[2026-05-08 15:10:18,673][__main__][INFO] - ✓ [meta-llama/Llama-4-Scout-17B-16E-Instruct] Temp=0.0 Rep=1 → Concordo fortemente
[2026-05-08 15:10:18,674][__main__][INFO] - ✓ [meta-llama/Llama-4-Scout-17B-16E-Instruct] Temp=0.0 Rep=1 → Concordo
[2026-05-08 15:10:18,703][__main__][INFO] - ✓ [meta-llama/Meta-Llama-3.1-8B-Instruct] Temp=0.0 Rep=1 → Concordo fortemente
[2026-05-08 15:10:18,858][__main__][INFO] - ✓ [meta-llama/Meta-Llama-3.1-70B-Instruct] Temp=0.0 Rep=1 → Concordo
[2026-05-08 15:10:18,861][__main__][INFO] - ✓ [meta-llama/Meta-Llama-3.1-8B-Instruct] Temp=0.0 Rep=1 → Concordo fortemente
[2026-05-08 15:10:18,883][__main__][INFO] - ✓ [meta-llama/Meta-Llama-3.1-70B-Instruct] Temp=0.0 Rep=1 → Concordo
[2026-05-08 15:10:18,885][__main__][INFO] - ✓ [meta-llama/Meta-Llama-3.1-70B-Instruct] Temp=0.0 Rep=1 → Concordo
[2026-05-08 15:10:19,147][__main__][INFO] - ✓ [meta-llama/Meta-Llama-3.1-70B-Instruct] Temp=0.0 Rep=1 → Concordo fortemente
[2026-05-08 15:10:19,233][__main__][INFO] - ✓ [meta-llama/Meta-Llama-3.1-70B-Instruct] Temp=0.0 Rep=1 → Concordo fortemente
[2026-05-08 15:10:19,235][__main__][INFO] - ✓ [meta-llama/Meta-Llama-3.1-70B-Instruct] Temp=0.0 Rep=1 → Concordo fortemente
[2026-05-08 15:10:19,312][__main__][INFO] - ✓ [meta-llama/Meta-Llama-3.1-8B-Instruct] Temp=0.0 Rep=1 → Concordo fortemente
[2026-05-08 15:10:19,314][__main__][INFO] - ✓ [meta-llama/Meta-Llama-3.1-8B-Instruct] Temp=0.0 Rep=1 → Concordo fortemente
[2026-05-08 15:10:19,481][__main__][INFO] - ✓ [meta-llama/Meta-Llama-3.1-8B-Instruct] Temp=0.0 Rep=1 → Concordo
[2026-05-08 15:10:19,507][__main__][INFO] - ✓ [meta-llama/Meta-Llama-3.1-8B-Instruct] Temp=0.0 Rep=1 → Concordo fortemente
[2026-05-08 15:10:19,745][__main__][INFO] - ✓ [meta-llama/Llama-4-Scout-17B-16E-Instruct] Temp=0.0 Rep=1 → Concordo fortemente
[2026-05-08 15:10:19,748][__main__][INFO] - ✓ [meta-llama/Llama-4-Scout-17B-16E-Instruct] Temp=0.0 Rep=1 → Concordo fortemente
[2026-05-08 15:10:19,773][__main__][INFO] - ✓ [meta-llama/Llama-4-Scout-17B-16E-Instruct] Temp=0.0 Rep=1 → Concordo fortemente
[2026-05-08 15:10:19,776][__main__][INFO] - ✓ [meta-llama/Meta-Llama-3.1-70B-Instruct] Temp=0.0 Rep=1 → Concordo
[2026-05-08 15:10:19,795][__main__][INFO] - ✓ [meta-llama/Llama-4-Scout-17B-16E-Instruct] Temp=0.0 Rep=1 → Concordo fortemente
[2026-05-08 15:10:19,797][__main__][INFO] - ✓ [meta-llama/Llama-4-Scout-17B-16E-Instruct] Temp=0.0 Rep=1 → Concordo fortemente
[2026-05-08 15:10:19,798][__main__][INFO] - ✓ [meta-llama/Meta-Llama-3.1-70B-Instruct] Temp=0.0 Rep=1 → Concordo
[2026-05-08 15:10:19,840][__main__][INFO] - Salvamento incremental (80 novas respostas)...
[2026-05-08 15:10:19,886][__main__][INFO] - Cache salvo com 202155 entradas
[2026-05-08 15:10:19,886][__main__][INFO] - ✓ [meta-llama/Llama-4-Scout-17B-16E-Instruct] Temp=0.0 Rep=1 → Concordo
[2026-05-08 15:10:19,888][__main__][INFO] - ✓ [meta-llama/Meta-Llama-3.1-70B-Instruct] Temp=0.0 Rep=1 → Concordo
[2026-05-08 15:10:20,131][__main__][INFO] - ✓ [meta-llama/Meta-Llama-3.1-8B-Instruct] Temp=0.0 Rep=1 → Concordo fortemente
[2026-05-08 15:10:20,132][__main__][INFO] - ✓ [meta-llama/Meta-Llama-3.1-8B-Instruct] Temp=0.0 Rep=1 → Concordo fortemente
[2026-05-08 15:10:20,202][__main__][INFO] - ✓ [meta-llama/Meta-Llama-3.1-8B-Instruct] Temp=0.0 Rep=1 → Concordo fortemente
[2026-05-08 15:10:20,277][__main__][INFO] - ✓ [meta-llama/Llama-4-Scout-17B-16E-Instruct] Temp=0.0 Rep=1 → Concordo fortemente
[2026-05-08 15:10:20,371][__main__][INFO] - ✓ [meta-llama/Meta-Llama-3.1-8B-Instruct] Temp=0.0 Rep=1 → Concordo fortemente
[2026-05-08 15:10:20,478][__main__][INFO] - ✓ [meta-llama/Meta-Llama-3.1-8B-Instruct] Temp=0.0 Rep=1 → Concordo fortemente
[2026-05-08 15:10:20,479][__main__][INFO] - ✓ [meta-llama/Meta-Llama-3.1-8B-Instruct] Temp=0.0 Rep=1 → Concordo fortemente
[2026-05-08 15:10:20,489][__main__][INFO] - ✓ [meta-llama/Llama-4-Scout-17B-16E-Instruct] Temp=0.0 Rep=1 → Concordo fortemente
[2026-05-08 15:10:20,491][__main__][INFO] - ✓ [meta-llama/Meta-Llama-3.1-70B-Instruct] Temp=0.0 Rep=1 → Concordo
[2026-05-08 15:10:20,653][__main__][INFO] - ✓ [meta-llama/Llama-4-Scout-17B-16E-Instruct] Temp=0.0 Rep=1 → Concordo fortemente
[2026-05-08 15:10:20,656][__main__][INFO] - ✓ [meta-llama/Meta-Llama-3.1-70B-Instruct] Temp=0.0 Rep=1 → Concordo fortemente
[2026-05-08 15:10:20,702][__main__][INFO] - ✓ [meta-llama/Meta-Llama-3.1-70B-Instruct] Temp=0.0 Rep=1 → Concordo fortemente
[2026-05-08 15:10:20,797][__main__][INFO] - ✓ [meta-llama/Meta-Llama-3.1-70B-Instruct] Temp=0.0 Rep=1 → Concordo
[2026-05-08 15:10:20,890][__main__][INFO] - ✓ [meta-llama/Meta-Llama-3.1-70B-Instruct] Temp=0.0 Rep=1 → Concordo
[2026-05-08 15:10:20,932][__main__][INFO] - ✓ [meta-llama/Meta-Llama-3.1-8B-Instruct] Temp=0.0 Rep=1 → Concordo fortemente
[2026-05-08 15:10:20,942][__main__][INFO] - ✓ [meta-llama/Meta-Llama-3.1-70B-Instruct] Temp=0.0 Rep=1 → Concordo fortemente
[2026-05-08 15:10:21,056][__main__][INFO] - ✓ [meta-llama/Llama-4-Scout-17B-16E-Instruct] Temp=0.0 Rep=1 → Discordo
[2026-05-08 15:10:21,059][__main__][INFO] - ✓ [meta-llama/Llama-4-Scout-17B-16E-Instruct] Temp=0.0 Rep=1 → Discordo
[2026-05-08 15:10:21,084][__main__][INFO] - ✓ [meta-llama/Llama-4-Scout-17B-16E-Instruct] Temp=0.0 Rep=1 → Concordo fortemente
[2026-05-08 15:10:21,307][__main__][INFO] - ✓ [meta-llama/Meta-Llama-3.1-8B-Instruct] Temp=0.0 Rep=1 → Concordo fortemente
[2026-05-08 15:10:21,310][__main__][INFO] - ✓ [meta-llama/Meta-Llama-3.1-8B-Instruct] Temp=0.0 Rep=1 → Concordo fortemente
[2026-05-08 15:10:21,346][__main__][INFO] - ✓ [meta-llama/Meta-Llama-3.1-70B-Instruct] Temp=0.0 Rep=1 → Concordo
[2026-05-08 15:10:21,382][__main__][INFO] - ✓ [meta-llama/Meta-Llama-3.1-8B-Instruct] Temp=0.0 Rep=1 → Concordo fortemente
[2026-05-08 15:10:21,445][__main__][INFO] - ✓ [meta-llama/Llama-4-Scout-17B-16E-Instruct] Temp=0.0 Rep=1 → Concordo
[2026-05-08 15:10:21,448][__main__][INFO] - ✓ [meta-llama/Llama-4-Scout-17B-16E-Instruct] Temp=0.0 Rep=1 → Concordo fortemente
[2026-05-08 15:10:21,452][__main__][INFO] - ✓ [meta-llama/Llama-4-Scout-17B-16E-Instruct] Temp=0.0 Rep=1 → Concordo fortemente
[2026-05-08 15:10:21,530][__main__][INFO] - ✓ [meta-llama/Meta-Llama-3.1-70B-Instruct] Temp=0.0 Rep=1 → Concordo
[2026-05-08 15:10:21,707][__main__][INFO] - ✓ [meta-llama/Meta-Llama-3.1-70B-Instruct] Temp=0.0 Rep=1 → Concordo fortemente
[2026-05-08 15:10:21,868][__main__][INFO] - ✓ [meta-llama/Meta-Llama-3.1-8B-Instruct] Temp=0.0 Rep=1 → Concordo fortemente
[2026-05-08 15:10:21,915][__main__][INFO] - ✓ [meta-llama/Meta-Llama-3.1-8B-Instruct] Temp=0.0 Rep=1 → Concordo fortemente
[2026-05-08 15:10:21,937][__main__][INFO] - ✓ [meta-llama/Llama-4-Scout-17B-16E-Instruct] Temp=0.0 Rep=1 → Concordo fortemente
[2026-05-08 15:10:21,997][__main__][INFO] - ✓ [meta-llama/Meta-Llama-3.1-70B-Instruct] Temp=0.0 Rep=1 → Concordo
[2026-05-08 15:10:22,046][__main__][INFO] - ✓ [meta-llama/Meta-Llama-3.1-8B-Instruct] Temp=0.0 Rep=1 → Concordo fortemente
[2026-05-08 15:10:22,227][__main__][INFO] - ✓ [meta-llama/Llama-4-Scout-17B-16E-Instruct] Temp=0.0 Rep=1 → Concordo fortemente
[2026-05-08 15:10:22,229][__main__][INFO] - ✓ [meta-llama/Llama-4-Scout-17B-16E-Instruct] Temp=0.0 Rep=1 → Concordo fortemente
[2026-05-08 15:10:22,229][__main__][INFO] - ✓ [meta-llama/Meta-Llama-3.1-70B-Instruct] Temp=0.0 Rep=1 → Concordo fortemente
[2026-05-08 15:10:22,285][__main__][INFO] - ✓ [meta-llama/Meta-Llama-3.1-8B-Instruct] Temp=0.0 Rep=1 → Concordo fortemente
[2026-05-08 15:10:22,420][__main__][INFO] - ✓ [meta-llama/Meta-Llama-3.1-70B-Instruct] Temp=0.0 Rep=1 → Concordo fortemente
[2026-05-08 15:10:22,567][__main__][INFO] - Salvamento incremental (120 novas respostas)...
[2026-05-08 15:10:22,654][__main__][INFO] - Cache salvo com 202195 entradas
[2026-05-08 15:10:22,654][__main__][INFO] - ✓ [meta-llama/Llama-4-Scout-17B-16E-Instruct] Temp=0.0 Rep=1 → Concordo fortemente
[2026-05-08 15:10:22,656][__main__][INFO] - ✓ [meta-llama/Meta-Llama-3.1-8B-Instruct] Temp=0.0 Rep=1 → Concordo fortemente
[2026-05-08 15:10:22,656][__main__][INFO] - ✓ [meta-llama/Meta-Llama-3.1-8B-Instruct] Temp=0.0 Rep=1 → Concordo fortemente
[2026-05-08 15:10:22,751][__main__][INFO] - ✓ [meta-llama/Llama-4-Scout-17B-16E-Instruct] Temp=0.0 Rep=1 → Concordo fortemente
[2026-05-08 15:10:22,791][__main__][INFO] - ✓ [meta-llama/Llama-4-Scout-17B-16E-Instruct] Temp=0.0 Rep=1 → Concordo fortemente
[2026-05-08 15:10:22,908][__main__][INFO] - ✓ [meta-llama/Meta-Llama-3.1-8B-Instruct] Temp=0.0 Rep=1 → Concordo fortemente
[2026-05-08 15:10:23,013][__main__][INFO] - ✓ [meta-llama/Meta-Llama-3.1-8B-Instruct] Temp=0.0 Rep=1 → Concordo fortemente
[2026-05-08 15:10:23,275][__main__][INFO] - ✓ [meta-llama/Llama-4-Scout-17B-16E-Instruct] Temp=0.0 Rep=1 → Concordo fortemente
[2026-05-08 15:10:23,276][__main__][INFO] - ✓ [meta-llama/Llama-4-Scout-17B-16E-Instruct] Temp=0.0 Rep=1 → Concordo fortemente
[2026-05-08 15:10:23,319][__main__][INFO] - ✓ [meta-llama/Llama-4-Scout-17B-16E-Instruct] Temp=0.0 Rep=1 → Concordo fortemente
[2026-05-08 15:10:23,645][__main__][INFO] - ✓ [meta-llama/Meta-Llama-3.1-8B-Instruct] Temp=0.0 Rep=1 → Concordo fortemente
[2026-05-08 15:10:23,651][__main__][INFO] - ✓ [meta-llama/Meta-Llama-3.1-8B-Instruct] Temp=0.0 Rep=1 → Concordo fortemente
[2026-05-08 15:10:23,655][__main__][INFO] - ✓ [meta-llama/Meta-Llama-3.1-8B-Instruct] Temp=0.0 Rep=1 → Concordo fortemente
[2026-05-08 15:10:24,112][__main__][INFO] - ✓ [meta-llama/Meta-Llama-3.1-70B-Instruct] Temp=0.0 Rep=1 → Concordo
[2026-05-08 15:10:24,237][__main__][INFO] - ✓ [meta-llama/Meta-Llama-3.1-70B-Instruct] Temp=0.0 Rep=1 → Concordo
[2026-05-08 15:10:24,325][__main__][INFO] - ✓ [meta-llama/Meta-Llama-3.1-70B-Instruct] Temp=0.0 Rep=1 → Concordo
[2026-05-08 15:10:24,381][__main__][INFO] - ✓ [meta-llama/Meta-Llama-3.1-70B-Instruct] Temp=0.0 Rep=1 → Concordo
[2026-05-08 15:10:24,445][__main__][INFO] - ✓ [meta-llama/Meta-Llama-3.1-70B-Instruct] Temp=0.0 Rep=1 → Concordo fortemente
[2026-05-08 15:10:24,498][__main__][INFO] - ✓ [meta-llama/Meta-Llama-3.1-70B-Instruct] Temp=0.0 Rep=1 → Concordo fortemente
[2026-05-08 15:10:24,613][__main__][INFO] - ✓ [meta-llama/Meta-Llama-3.1-70B-Instruct] Temp=0.0 Rep=1 → Concordo fortemente
[2026-05-08 15:10:24,619][__main__][INFO] - ✓ [meta-llama/Meta-Llama-3.1-70B-Instruct] Temp=0.0 Rep=1 → Concordo fortemente
[2026-05-08 15:10:24,852][__main__][INFO] - ✓ [meta-llama/Meta-Llama-3.1-70B-Instruct] Temp=0.0 Rep=1 → Concordo fortemente
[2026-05-08 15:10:24,853][__main__][INFO] - ✓ [meta-llama/Meta-Llama-3.1-8B-Instruct] Temp=0.0 Rep=1 → Concordo fortemente
[2026-05-08 15:10:24,854][__main__][INFO] - ✓ [meta-llama/Meta-Llama-3.1-8B-Instruct] Temp=0.0 Rep=1 → Concordo fortemente
[2026-05-08 15:10:24,854][__main__][INFO] - ✓ [meta-llama/Llama-4-Scout-17B-16E-Instruct] Temp=0.0 Rep=1 → Concordo fortemente
[2026-05-08 15:10:24,863][__main__][INFO] - ✓ [meta-llama/Llama-4-Scout-17B-16E-Instruct] Temp=0.0 Rep=1 → Concordo fortemente
[2026-05-08 15:10:24,874][__main__][INFO] - ✓ [meta-llama/Llama-4-Scout-17B-16E-Instruct] Temp=0.0 Rep=1 → Concordo fortemente
[2026-05-08 15:10:25,040][__main__][INFO] - ✓ [meta-llama/Meta-Llama-3.1-8B-Instruct] Temp=0.0 Rep=1 → Concordo fortemente
[2026-05-08 15:10:25,193][__main__][INFO] - ✓ [meta-llama/Meta-Llama-3.1-70B-Instruct] Temp=0.0 Rep=1 → Concordo
[2026-05-08 15:10:25,218][__main__][INFO] - ✓ [meta-llama/Meta-Llama-3.1-70B-Instruct] Temp=0.0 Rep=1 → Concordo fortemente
[2026-05-08 15:10:25,376][__main__][INFO] - ✓ [meta-llama/Meta-Llama-3.1-70B-Instruct] Temp=0.0 Rep=1 → Concordo fortemente
[2026-05-08 15:10:25,377][__main__][INFO] - ✓ [meta-llama/Llama-4-Scout-17B-16E-Instruct] Temp=0.0 Rep=1 → Concordo fortemente
[2026-05-08 15:10:25,384][__main__][INFO] - ✓ [meta-llama/Llama-4-Scout-17B-16E-Instruct] Temp=0.0 Rep=1 → Concordo fortemente
[2026-05-08 15:10:25,386][__main__][INFO] - ✓ [meta-llama/Llama-4-Scout-17B-16E-Instruct] Temp=0.0 Rep=1 → Concordo fortemente
[2026-05-08 15:10:25,537][__main__][INFO] - ✓ [meta-llama/Meta-Llama-3.1-8B-Instruct] Temp=0.0 Rep=1 → Concordo fortemente
[2026-05-08 15:10:25,548][__main__][INFO] - ✓ [meta-llama/Meta-Llama-3.1-8B-Instruct] Temp=0.0 Rep=1 → Concordo fortemente
[2026-05-08 15:10:25,554][__main__][INFO] - ✓ [meta-llama/Meta-Llama-3.1-8B-Instruct] Temp=0.0 Rep=1 → Concordo fortemente
[2026-05-08 15:10:25,760][__main__][INFO] - ✓ [meta-llama/Meta-Llama-3.1-70B-Instruct] Temp=0.0 Rep=1 → Concordo fortemente
[2026-05-08 15:10:25,917][__main__][INFO] - ✓ [meta-llama/Meta-Llama-3.1-70B-Instruct] Temp=0.0 Rep=1 → Concordo fortemente
[2026-05-08 15:10:25,922][__main__][INFO] - ✓ [meta-llama/Meta-Llama-3.1-70B-Instruct] Temp=0.0 Rep=1 → Concordo fortemente
[2026-05-08 15:10:25,926][__main__][INFO] - Salvamento incremental (160 novas respostas)...
[2026-05-08 15:10:25,971][__main__][INFO] - Cache salvo com 202235 entradas
[2026-05-08 15:10:25,972][__main__][INFO] - ✓ [meta-llama/Llama-4-Scout-17B-16E-Instruct] Temp=0.0 Rep=1 → Concordo fortemente
[2026-05-08 15:10:25,973][__main__][INFO] - ✓ [meta-llama/Llama-4-Scout-17B-16E-Instruct] Temp=0.0 Rep=1 → Concordo fortemente
[2026-05-08 15:10:26,047][__main__][INFO] - ✓ [meta-llama/Meta-Llama-3.1-8B-Instruct] Temp=0.0 Rep=1 → Concordo fortemente
[2026-05-08 15:10:26,099][__main__][INFO] - ✓ [meta-llama/Llama-4-Scout-17B-16E-Instruct] Temp=0.0 Rep=1 → Concordo fortemente
[2026-05-08 15:10:26,166][__main__][INFO] - ✓ [meta-llama/Meta-Llama-3.1-70B-Instruct] Temp=0.0 Rep=1 → Concordo fortemente
[2026-05-08 15:10:26,170][__main__][INFO] - ✓ [meta-llama/Meta-Llama-3.1-8B-Instruct] Temp=0.0 Rep=1 → Concordo fortemente
[2026-05-08 15:10:26,176][__main__][INFO] - ✓ [meta-llama/Meta-Llama-3.1-8B-Instruct] Temp=0.0 Rep=1 → Concordo fortemente
[2026-05-08 15:10:26,198][__main__][INFO] - ✓ [meta-llama/Meta-Llama-3.1-70B-Instruct] Temp=0.0 Rep=1 → Concordo
[2026-05-08 15:10:26,421][__main__][INFO] - ✓ [meta-llama/Llama-4-Scout-17B-16E-Instruct] Temp=0.0 Rep=1 → Concordo
[2026-05-08 15:10:26,422][__main__][INFO] - ✓ [meta-llama/Llama-4-Scout-17B-16E-Instruct] Temp=0.0 Rep=1 → Concordo fortemente
[2026-05-08 15:10:26,429][__main__][INFO] - ✓ [meta-llama/Meta-Llama-3.1-8B-Instruct] Temp=0.0 Rep=1 → Concordo fortemente
[2026-05-08 15:10:26,507][__main__][INFO] - ✓ [meta-llama/Meta-Llama-3.1-70B-Instruct] Temp=0.0 Rep=1 → Concordo
[2026-05-08 15:10:26,594][__main__][INFO] - ✓ [meta-llama/Llama-4-Scout-17B-16E-Instruct] Temp=0.0 Rep=1 → Concordo fortemente
[2026-05-08 15:10:26,695][__main__][INFO] - ✓ [meta-llama/Meta-Llama-3.1-8B-Instruct] Temp=0.0 Rep=1 → Concordo fortemente
[2026-05-08 15:10:26,787][__main__][INFO] - ✓ [meta-llama/Meta-Llama-3.1-8B-Instruct] Temp=0.0 Rep=1 → Concordo fortemente
[2026-05-08 15:10:26,817][__main__][INFO] - ✓ [meta-llama/Llama-4-Scout-17B-16E-Instruct] Temp=0.0 Rep=1 → Concordo fortemente
[2026-05-08 15:10:26,822][__main__][INFO] - ✓ [meta-llama/Llama-4-Scout-17B-16E-Instruct] Temp=0.0 Rep=1 → Concordo fortemente
[2026-05-08 15:10:26,838][__main__][INFO] - ✓ [meta-llama/Meta-Llama-3.1-8B-Instruct] Temp=0.0 Rep=1 → Concordo fortemente
[2026-05-08 15:10:26,945][__main__][INFO] - ✓ [meta-llama/Meta-Llama-3.1-70B-Instruct] Temp=0.0 Rep=1 → Concordo fortemente
[2026-05-08 15:10:26,947][__main__][INFO] - ✓ [meta-llama/Meta-Llama-3.1-70B-Instruct] Temp=0.0 Rep=1 → Concordo fortemente
[2026-05-08 15:10:26,947][__main__][INFO] - ✓ [meta-llama/Meta-Llama-3.1-70B-Instruct] Temp=0.0 Rep=1 → Concordo fortemente
[2026-05-08 15:10:26,948][__main__][INFO] - ✓ [meta-llama/Meta-Llama-3.1-8B-Instruct] Temp=0.0 Rep=1 → Concordo fortemente
[2026-05-08 15:10:27,085][__main__][INFO] - ✓ [meta-llama/Llama-4-Scout-17B-16E-Instruct] Temp=0.0 Rep=1 → Concordo fortemente
[2026-05-08 15:10:27,319][__main__][INFO] - ✓ [meta-llama/Meta-Llama-3.1-8B-Instruct] Temp=0.0 Rep=1 → Concordo fortemente
[2026-05-08 15:10:27,568][__main__][INFO] - ✓ [meta-llama/Meta-Llama-3.1-8B-Instruct] Temp=0.0 Rep=1 → Concordo fortemente
[2026-05-08 15:10:27,571][__main__][INFO] - ✓ [meta-llama/Meta-Llama-3.1-8B-Instruct] Temp=0.0 Rep=1 → Concordo fortemente
[2026-05-08 15:10:27,585][__main__][INFO] - ✓ [meta-llama/Meta-Llama-3.1-70B-Instruct] Temp=0.0 Rep=1 → Discordo
[2026-05-08 15:10:27,667][__main__][INFO] - ✓ [meta-llama/Llama-4-Scout-17B-16E-Instruct] Temp=0.0 Rep=1 → Discordo
[2026-05-08 15:10:27,705][__main__][INFO] - ✓ [meta-llama/Meta-Llama-3.1-70B-Instruct] Temp=0.0 Rep=1 → Concordo
[2026-05-08 15:10:27,708][__main__][INFO] - ✓ [meta-llama/Meta-Llama-3.1-8B-Instruct] Temp=0.0 Rep=1 → Concordo fortemente
[2026-05-08 15:10:27,733][__main__][INFO] - ✓ [meta-llama/Llama-4-Scout-17B-16E-Instruct] Temp=0.0 Rep=1 → Discordo
[2026-05-08 15:10:27,762][__main__][INFO] - ✓ [meta-llama/Llama-4-Scout-17B-16E-Instruct] Temp=0.0 Rep=1 → Concordo fortemente
[2026-05-08 15:10:27,796][__main__][INFO] - ✓ [meta-llama/Meta-Llama-3.1-70B-Instruct] Temp=0.0 Rep=1 → Concordo fortemente
[2026-05-08 15:10:28,017][__main__][INFO] - ✓ [meta-llama/Meta-Llama-3.1-70B-Instruct] Temp=0.0 Rep=1 → Concordo fortemente
[2026-05-08 15:10:28,111][__main__][INFO] - ✓ [meta-llama/Llama-4-Scout-17B-16E-Instruct] Temp=0.0 Rep=1 → Concordo fortemente
[2026-05-08 15:10:28,163][__main__][INFO] - ✓ [meta-llama/Llama-4-Scout-17B-16E-Instruct] Temp=0.0 Rep=1 → Concordo fortemente
[2026-05-08 15:10:28,168][__main__][INFO] - ✓ [meta-llama/Meta-Llama-3.1-70B-Instruct] Temp=0.0 Rep=1 → Concordo
[2026-05-08 15:10:28,200][__main__][INFO] - ✓ [meta-llama/Llama-4-Scout-17B-16E-Instruct] Temp=0.0 Rep=1 → Concordo fortemente
[2026-05-08 15:10:28,251][__main__][INFO] - ✓ [meta-llama/Meta-Llama-3.1-70B-Instruct] Temp=0.0 Rep=1 → Concordo fortemente
[2026-05-08 15:10:28,353][__main__][INFO] - ✓ [meta-llama/Meta-Llama-3.1-8B-Instruct] Temp=0.0 Rep=1 → Concordo fortemente
[2026-05-08 15:10:28,370][__main__][INFO] - Salvamento incremental (200 novas respostas)...
[2026-05-08 15:10:28,413][__main__][INFO] - Cache salvo com 202275 entradas
[2026-05-08 15:10:28,413][__main__][INFO] - ✓ [meta-llama/Meta-Llama-3.1-8B-Instruct] Temp=0.0 Rep=1 → Concordo fortemente
[2026-05-08 15:10:28,516][__main__][INFO] - ✓ [meta-llama/Meta-Llama-3.1-70B-Instruct] Temp=0.0 Rep=1 → Concordo fortemente
[2026-05-08 15:10:28,546][__main__][INFO] - ✓ [meta-llama/Meta-Llama-3.1-8B-Instruct] Temp=0.0 Rep=1 → Concordo fortemente
[2026-05-08 15:10:28,592][__main__][INFO] - ✓ [meta-llama/Llama-4-Scout-17B-16E-Instruct] Temp=0.0 Rep=1 → Concordo fortemente
[2026-05-08 15:10:28,597][__main__][INFO] - ✓ [meta-llama/Llama-4-Scout-17B-16E-Instruct] Temp=0.0 Rep=1 → Concordo fortemente
[2026-05-08 15:10:28,657][__main__][INFO] - ✓ [meta-llama/Meta-Llama-3.1-70B-Instruct] Temp=0.0 Rep=1 → Concordo fortemente
[2026-05-08 15:10:28,679][__main__][INFO] - ✓ [meta-llama/Meta-Llama-3.1-8B-Instruct] Temp=0.0 Rep=1 → Concordo fortemente
[2026-05-08 15:10:28,702][__main__][INFO] - ✓ [meta-llama/Meta-Llama-3.1-70B-Instruct] Temp=0.0 Rep=1 → Concordo fortemente
[2026-05-08 15:10:28,856][__main__][INFO] - ✓ [meta-llama/Meta-Llama-3.1-8B-Instruct] Temp=0.0 Rep=1 → Concordo fortemente
[2026-05-08 15:10:29,042][__main__][INFO] - ✓ [meta-llama/Meta-Llama-3.1-8B-Instruct] Temp=0.0 Rep=1 → Concordo fortemente
[2026-05-08 15:10:29,081][__main__][INFO] - ✓ [meta-llama/Meta-Llama-3.1-70B-Instruct] Temp=0.0 Rep=1 → Discordo
[2026-05-08 15:10:29,136][__main__][INFO] - ✓ [meta-llama/Meta-Llama-3.1-70B-Instruct] Temp=0.0 Rep=1 → Concordo
[2026-05-08 15:10:29,139][__main__][INFO] - ✓ [meta-llama/Meta-Llama-3.1-70B-Instruct] Temp=0.0 Rep=1 → Discordo
[2026-05-08 15:10:29,154][__main__][INFO] - ✓ [meta-llama/Llama-4-Scout-17B-16E-Instruct] Temp=0.0 Rep=1 → Discordo
[2026-05-08 15:10:29,157][__main__][INFO] - ✓ [meta-llama/Llama-4-Scout-17B-16E-Instruct] Temp=0.0 Rep=1 → Discordo
[2026-05-08 15:10:29,222][__main__][INFO] - ✓ [meta-llama/Llama-4-Scout-17B-16E-Instruct] Temp=0.0 Rep=1 → Concordo fortemente
[2026-05-08 15:10:29,308][__main__][INFO] - ✓ [meta-llama/Meta-Llama-3.1-8B-Instruct] Temp=0.0 Rep=1 → Concordo fortemente
[2026-05-08 15:10:29,398][__main__][INFO] - ✓ [meta-llama/Meta-Llama-3.1-8B-Instruct] Temp=0.0 Rep=1 → Concordo fortemente
[2026-05-08 15:10:29,643][__main__][INFO] - ✓ [meta-llama/Meta-Llama-3.1-8B-Instruct] Temp=0.0 Rep=1 → Concordo fortemente
[2026-05-08 15:10:29,697][__main__][INFO] - ✓ [meta-llama/Meta-Llama-3.1-8B-Instruct] Temp=0.0 Rep=1 → Concordo fortemente
[2026-05-08 15:10:29,731][__main__][INFO] - ✓ [meta-llama/Meta-Llama-3.1-8B-Instruct] Temp=0.0 Rep=1 → Concordo fortemente
[2026-05-08 15:10:29,779][__main__][INFO] - ✓ [meta-llama/Meta-Llama-3.1-70B-Instruct] Temp=0.0 Rep=1 → Discordo
[2026-05-08 15:10:29,949][__main__][INFO] - ✓ [meta-llama/Llama-4-Scout-17B-16E-Instruct] Temp=0.0 Rep=1 → Discordo
[2026-05-08 15:10:29,980][__main__][INFO] - ✓ [meta-llama/Llama-4-Scout-17B-16E-Instruct] Temp=0.0 Rep=1 → Concordo fortemente
[2026-05-08 15:10:30,092][__main__][INFO] - ✓ [meta-llama/Llama-4-Scout-17B-16E-Instruct] Temp=0.0 Rep=1 → Concordo fortemente
[2026-05-08 15:10:30,095][__main__][INFO] - ✓ [meta-llama/Llama-4-Scout-17B-16E-Instruct] Temp=0.0 Rep=1 → Concordo fortemente
[2026-05-08 15:10:30,248][__main__][INFO] - ✓ [meta-llama/Meta-Llama-3.1-8B-Instruct] Temp=0.0 Rep=1 → Concordo fortemente
[2026-05-08 15:10:30,269][__main__][INFO] - ✓ [meta-llama/Meta-Llama-3.1-70B-Instruct] Temp=0.0 Rep=1 → Concordo
[2026-05-08 15:10:30,370][__main__][INFO] - ✓ [meta-llama/Llama-4-Scout-17B-16E-Instruct] Temp=0.0 Rep=1 → Discordo fortemente
[2026-05-08 15:10:30,374][__main__][INFO] - ✓ [meta-llama/Llama-4-Scout-17B-16E-Instruct] Temp=0.0 Rep=1 → Concordo fortemente
[2026-05-08 15:10:30,445][__main__][INFO] - ✓ [meta-llama/Llama-4-Scout-17B-16E-Instruct] Temp=0.0 Rep=1 → Concordo
[2026-05-08 15:10:30,615][__main__][INFO] - ✓ [meta-llama/Meta-Llama-3.1-70B-Instruct] Temp=0.0 Rep=1 → Concordo fortemente
[2026-05-08 15:10:30,617][__main__][INFO] - ✓ [meta-llama/Meta-Llama-3.1-70B-Instruct] Temp=0.0 Rep=1 → Concordo
[2026-05-08 15:10:30,617][__main__][INFO] - ✓ [meta-llama/Meta-Llama-3.1-70B-Instruct] Temp=0.0 Rep=1 → Concordo
[2026-05-08 15:10:30,618][__main__][INFO] - ✓ [meta-llama/Meta-Llama-3.1-8B-Instruct] Temp=0.0 Rep=1 → Concordo fortemente
[2026-05-08 15:10:30,678][__main__][INFO] - ✓ [meta-llama/Meta-Llama-3.1-70B-Instruct] Temp=0.0 Rep=1 → Discordo fortemente
[2026-05-08 15:10:30,705][__main__][INFO] - ✓ [meta-llama/Meta-Llama-3.1-8B-Instruct] Temp=0.0 Rep=1 → Concordo fortemente
[2026-05-08 15:10:30,939][__main__][INFO] - ✓ [meta-llama/Meta-Llama-3.1-8B-Instruct] Temp=0.0 Rep=1 → Concordo fortemente
[2026-05-08 15:10:30,971][__main__][INFO] - ✓ [meta-llama/Meta-Llama-3.1-70B-Instruct] Temp=0.0 Rep=1 → Concordo
[2026-05-08 15:10:30,985][__main__][INFO] - ✓ [meta-llama/Meta-Llama-3.1-8B-Instruct] Temp=0.0 Rep=1 → Concordo fortemente
[2026-05-08 15:10:31,304][__main__][INFO] - Salvamento incremental (240 novas respostas)...
[2026-05-08 15:10:31,352][__main__][INFO] - Cache salvo com 202315 entradas
[2026-05-08 15:10:31,353][__main__][INFO] - ✓ [meta-llama/Meta-Llama-3.1-8B-Instruct] Temp=0.0 Rep=1 → Concordo fortemente
[2026-05-08 15:10:31,411][__main__][INFO] - ✓ [meta-llama/Meta-Llama-3.1-8B-Instruct] Temp=0.0 Rep=1 → Concordo fortemente
[2026-05-08 15:10:31,664][__main__][INFO] - ✓ [meta-llama/Meta-Llama-3.1-70B-Instruct] Temp=0.0 Rep=1 → Concordo fortemente
[2026-05-08 15:10:31,881][__main__][INFO] - ✓ [meta-llama/Llama-4-Scout-17B-16E-Instruct] Temp=0.0 Rep=1 → Concordo fortemente
[2026-05-08 15:10:31,882][__main__][INFO] - ✓ [meta-llama/Llama-4-Scout-17B-16E-Instruct] Temp=0.0 Rep=1 → Concordo fortemente
[2026-05-08 15:10:31,884][__main__][INFO] - ✓ [meta-llama/Llama-4-Scout-17B-16E-Instruct] Temp=0.0 Rep=1 → Concordo fortemente
[2026-05-08 15:10:32,207][__main__][INFO] - ✓ [meta-llama/Meta-Llama-3.1-70B-Instruct] Temp=0.0 Rep=1 → Concordo fortemente
[2026-05-08 15:10:32,207][__main__][INFO] - ✓ [meta-llama/Meta-Llama-3.1-70B-Instruct] Temp=0.0 Rep=1 → Concordo fortemente
[2026-05-08 15:10:32,209][__main__][INFO] - ✓ [meta-llama/Meta-Llama-3.1-8B-Instruct] Temp=0.0 Rep=1 → Concordo fortemente
[2026-05-08 15:10:32,210][__main__][INFO] - ✓ [meta-llama/Meta-Llama-3.1-70B-Instruct] Temp=0.0 Rep=1 → Concordo fortemente
[2026-05-08 15:10:32,212][__main__][INFO] - ✓ [meta-llama/Llama-4-Scout-17B-16E-Instruct] Temp=0.0 Rep=1 → Concordo fortemente
[2026-05-08 15:10:32,219][__main__][INFO] - ✓ [meta-llama/Meta-Llama-3.1-70B-Instruct] Temp=0.0 Rep=1 → Concordo fortemente
[2026-05-08 15:10:32,326][__main__][INFO] - ✓ [meta-llama/Llama-4-Scout-17B-16E-Instruct] Temp=0.0 Rep=1 → Concordo fortemente
[2026-05-08 15:10:32,363][__main__][INFO] - ✓ [meta-llama/Llama-4-Scout-17B-16E-Instruct] Temp=0.0 Rep=1 → Concordo fortemente
[2026-05-08 15:10:32,489][__main__][INFO] - ✓ [meta-llama/Meta-Llama-3.1-8B-Instruct] Temp=0.0 Rep=1 → Concordo fortemente
[2026-05-08 15:10:32,499][__main__][INFO] - ✓ [meta-llama/Meta-Llama-3.1-8B-Instruct] Temp=0.0 Rep=1 → Concordo fortemente
[2026-05-08 15:10:32,943][__main__][INFO] - ✓ [meta-llama/Llama-4-Scout-17B-16E-Instruct] Temp=0.0 Rep=1 → Concordo fortemente
[2026-05-08 15:10:32,976][__main__][INFO] - ✓ [meta-llama/Llama-4-Scout-17B-16E-Instruct] Temp=0.0 Rep=1 → Concordo fortemente
[2026-05-08 15:10:32,980][__main__][INFO] - ✓ [meta-llama/Meta-Llama-3.1-70B-Instruct] Temp=0.0 Rep=1 → Concordo fortemente
[2026-05-08 15:10:32,987][__main__][INFO] - ✓ [meta-llama/Meta-Llama-3.1-70B-Instruct] Temp=0.0 Rep=1 → Concordo fortemente
[2026-05-08 15:10:33,009][__main__][INFO] - ✓ [meta-llama/Meta-Llama-3.1-70B-Instruct] Temp=0.0 Rep=1 → Concordo fortemente
[2026-05-08 15:10:33,017][__main__][INFO] - ✓ [meta-llama/Llama-4-Scout-17B-16E-Instruct] Temp=0.0 Rep=1 → Concordo
[2026-05-08 15:10:33,096][__main__][INFO] - ✓ [meta-llama/Meta-Llama-3.1-8B-Instruct] Temp=0.0 Rep=1 → Concordo fortemente
[2026-05-08 15:10:33,098][__main__][INFO] - ✓ [meta-llama/Meta-Llama-3.1-70B-Instruct] Temp=0.0 Rep=1 → Concordo fortemente
[2026-05-08 15:10:33,098][__main__][INFO] - ✓ [meta-llama/Meta-Llama-3.1-8B-Instruct] Temp=0.0 Rep=1 → Concordo fortemente
[2026-05-08 15:10:33,099][__main__][INFO] - ✓ [meta-llama/Meta-Llama-3.1-8B-Instruct] Temp=0.0 Rep=1 → Concordo fortemente
[2026-05-08 15:10:33,669][__main__][INFO] - ✓ [meta-llama/Meta-Llama-3.1-70B-Instruct] Temp=0.0 Rep=1 → Concordo
[2026-05-08 15:10:33,765][__main__][INFO] - ✓ [meta-llama/Meta-Llama-3.1-8B-Instruct] Temp=0.0 Rep=1 → Concordo fortemente
[2026-05-08 15:10:33,767][__main__][INFO] - ✓ [meta-llama/Meta-Llama-3.1-70B-Instruct] Temp=0.0 Rep=1 → Concordo
[2026-05-08 15:10:33,767][__main__][INFO] - ✓ [meta-llama/Meta-Llama-3.1-70B-Instruct] Temp=0.0 Rep=1 → Concordo
[2026-05-08 15:10:33,768][__main__][INFO] - ✓ [meta-llama/Meta-Llama-3.1-8B-Instruct] Temp=0.0 Rep=1 → Concordo fortemente
[2026-05-08 15:10:33,768][__main__][INFO] - ✓ [meta-llama/Meta-Llama-3.1-8B-Instruct] Temp=0.0 Rep=1 → Concordo fortemente
[2026-05-08 15:10:33,799][__main__][INFO] - ✓ [meta-llama/Meta-Llama-3.1-70B-Instruct] Temp=0.0 Rep=1 → Concordo fortemente
[2026-05-08 15:10:33,846][__main__][INFO] - ✓ [meta-llama/Llama-4-Scout-17B-16E-Instruct] Temp=0.0 Rep=1 → Concordo fortemente
[2026-05-08 15:10:33,870][__main__][INFO] - ✓ [meta-llama/Llama-4-Scout-17B-16E-Instruct] Temp=0.0 Rep=1 → Concordo fortemente
[2026-05-08 15:10:34,105][__main__][INFO] - ✓ [meta-llama/Llama-4-Scout-17B-16E-Instruct] Temp=0.0 Rep=1 → Concordo fortemente
[2026-05-08 15:10:34,176][__main__][INFO] - ✓ [meta-llama/Meta-Llama-3.1-70B-Instruct] Temp=0.0 Rep=1 → Concordo
[2026-05-08 15:10:34,290][__main__][INFO] - ✓ [meta-llama/Llama-4-Scout-17B-16E-Instruct] Temp=0.0 Rep=1 → Concordo fortemente
[2026-05-08 15:10:34,355][__main__][INFO] - ✓ [meta-llama/Llama-4-Scout-17B-16E-Instruct] Temp=0.0 Rep=1 → Concordo
[2026-05-08 15:10:34,382][__main__][INFO] - ✓ [meta-llama/Llama-4-Scout-17B-16E-Instruct] Temp=0.0 Rep=1 → Concordo fortemente
[2026-05-08 15:10:34,409][__main__][INFO] - Salvamento incremental (280 novas respostas)...
[2026-05-08 15:10:34,459][__main__][INFO] - Cache salvo com 202355 entradas
[2026-05-08 15:10:34,459][__main__][INFO] - ✓ [meta-llama/Meta-Llama-3.1-8B-Instruct] Temp=0.0 Rep=1 → Concordo fortemente
[2026-05-08 15:10:34,461][__main__][INFO] - ✓ [meta-llama/Meta-Llama-3.1-8B-Instruct] Temp=0.0 Rep=1 → Concordo fortemente
[2026-05-08 15:10:34,461][__main__][INFO] - ✓ [meta-llama/Meta-Llama-3.1-8B-Instruct] Temp=0.0 Rep=1 → Concordo fortemente
[2026-05-08 15:10:34,461][__main__][INFO] - ✓ [meta-llama/Meta-Llama-3.1-70B-Instruct] Temp=0.0 Rep=1 → Concordo
[2026-05-08 15:10:34,544][__main__][INFO] - ✓ [meta-llama/Meta-Llama-3.1-70B-Instruct] Temp=0.0 Rep=1 → Concordo fortemente
[2026-05-08 15:10:34,619][__main__][INFO] - ✓ [meta-llama/Meta-Llama-3.1-70B-Instruct] Temp=0.0 Rep=1 → Concordo fortemente
[2026-05-08 15:10:34,696][__main__][INFO] - ✓ [meta-llama/Llama-4-Scout-17B-16E-Instruct] Temp=0.0 Rep=1 → Concordo fortemente
[2026-05-08 15:10:34,717][__main__][INFO] - ✓ [meta-llama/Meta-Llama-3.1-8B-Instruct] Temp=0.0 Rep=1 → Discordo fortemente
[2026-05-08 15:10:34,816][__main__][INFO] - ✓ [meta-llama/Meta-Llama-3.1-8B-Instruct] Temp=0.0 Rep=1 → Discordo
[2026-05-08 15:10:34,817][__main__][INFO] - ✓ [meta-llama/Llama-4-Scout-17B-16E-Instruct] Temp=0.0 Rep=1 → Concordo fortemente
[2026-05-08 15:10:34,818][__main__][INFO] - ✓ [meta-llama/Meta-Llama-3.1-8B-Instruct] Temp=0.0 Rep=1 → Discordo fortemente
[2026-05-08 15:10:34,919][__main__][INFO] - ✓ [meta-llama/Llama-4-Scout-17B-16E-Instruct] Temp=0.0 Rep=1 → Concordo fortemente
[2026-05-08 15:10:35,058][__main__][INFO] - ✓ [meta-llama/Meta-Llama-3.1-70B-Instruct] Temp=0.0 Rep=1 → Discordo
[2026-05-08 15:10:35,083][__main__][INFO] - ✓ [meta-llama/Meta-Llama-3.1-70B-Instruct] Temp=0.0 Rep=1 → Discordo
[2026-05-08 15:10:35,086][__main__][INFO] - ✓ [meta-llama/Meta-Llama-3.1-70B-Instruct] Temp=0.0 Rep=1 → Concordo
[2026-05-08 15:10:35,099][__main__][INFO] - ✓ [meta-llama/Llama-4-Scout-17B-16E-Instruct] Temp=0.0 Rep=1 → Discordo
[2026-05-08 15:10:35,176][__main__][INFO] - ✓ [meta-llama/Llama-4-Scout-17B-16E-Instruct] Temp=0.0 Rep=1 → Concordo
[2026-05-08 15:10:35,339][__main__][INFO] - ✓ [meta-llama/Meta-Llama-3.1-8B-Instruct] Temp=0.0 Rep=1 → Concordo fortemente
[2026-05-08 15:10:35,339][__main__][INFO] - ✓ [meta-llama/Meta-Llama-3.1-8B-Instruct] Temp=0.0 Rep=1 → Concordo fortemente
[2026-05-08 15:10:35,341][__main__][INFO] - ✓ [meta-llama/Meta-Llama-3.1-8B-Instruct] Temp=0.0 Rep=1 → Concordo fortemente
[2026-05-08 15:10:35,524][__main__][INFO] - ✓ [meta-llama/Meta-Llama-3.1-70B-Instruct] Temp=0.0 Rep=1 → Concordo fortemente
[2026-05-08 15:10:35,538][__main__][INFO] - ✓ [meta-llama/Llama-4-Scout-17B-16E-Instruct] Temp=0.0 Rep=1 → Discordo
[2026-05-08 15:10:35,545][__main__][INFO] - ✓ [meta-llama/Meta-Llama-3.1-70B-Instruct] Temp=0.0 Rep=1 → Concordo
[2026-05-08 15:10:35,560][__main__][INFO] - ✓ [meta-llama/Meta-Llama-3.1-70B-Instruct] Temp=0.0 Rep=1 → Concordo
[2026-05-08 15:10:35,626][__main__][INFO] - ✓ [meta-llama/Llama-4-Scout-17B-16E-Instruct] Temp=0.0 Rep=1 → Concordo fortemente
[2026-05-08 15:10:35,633][__main__][INFO] - ✓ [meta-llama/Llama-4-Scout-17B-16E-Instruct] Temp=0.0 Rep=1 → Concordo fortemente
[2026-05-08 15:10:35,636][__main__][INFO] - ✓ [meta-llama/Llama-4-Scout-17B-16E-Instruct] Temp=0.0 Rep=1 → Concordo fortemente
[2026-05-08 15:10:35,700][__main__][INFO] - ✓ [meta-llama/Meta-Llama-3.1-8B-Instruct] Temp=0.0 Rep=1 → Concordo fortemente
[2026-05-08 15:10:35,701][__main__][INFO] - ✓ [meta-llama/Meta-Llama-3.1-8B-Instruct] Temp=0.0 Rep=1 → Concordo fortemente
[2026-05-08 15:10:35,975][__main__][INFO] - ✓ [meta-llama/Meta-Llama-3.1-8B-Instruct] Temp=0.0 Rep=1 → Concordo fortemente
[2026-05-08 15:10:36,086][__main__][INFO] - ✓ [meta-llama/Meta-Llama-3.1-8B-Instruct] Temp=0.0 Rep=1 → Concordo fortemente
[2026-05-08 15:10:36,122][__main__][INFO] - ✓ [meta-llama/Meta-Llama-3.1-70B-Instruct] Temp=0.0 Rep=1 → Concordo
[2026-05-08 15:10:36,143][__main__][INFO] - ✓ [meta-llama/Llama-4-Scout-17B-16E-Instruct] Temp=0.0 Rep=1 → Concordo fortemente
[2026-05-08 15:10:36,148][__main__][INFO] - ✓ [meta-llama/Llama-4-Scout-17B-16E-Instruct] Temp=0.0 Rep=1 → Concordo
[2026-05-08 15:10:36,154][__main__][INFO] - ✓ [meta-llama/Meta-Llama-3.1-70B-Instruct] Temp=0.0 Rep=1 → Concordo
[2026-05-08 15:10:36,201][__main__][INFO] - ✓ [meta-llama/Meta-Llama-3.1-70B-Instruct] Temp=0.0 Rep=1 → Concordo fortemente
[2026-05-08 15:10:36,241][__main__][INFO] - ✓ [meta-llama/Llama-4-Scout-17B-16E-Instruct] Temp=0.0 Rep=1 → Discordo
[2026-05-08 15:10:36,389][__main__][INFO] - ✓ [meta-llama/Meta-Llama-3.1-8B-Instruct] Temp=0.0 Rep=1 → Concordo fortemente
[2026-05-08 15:10:36,393][__main__][INFO] - ✓ [meta-llama/Meta-Llama-3.1-8B-Instruct] Temp=0.0 Rep=1 → Concordo fortemente
[2026-05-08 15:10:36,538][__main__][INFO] - ✓ [meta-llama/Llama-4-Scout-17B-16E-Instruct] Temp=0.0 Rep=1 → Discordo
[2026-05-08 15:10:36,596][__main__][INFO] - Salvamento incremental (320 novas respostas)...
[2026-05-08 15:10:36,647][__main__][INFO] - Cache salvo com 202395 entradas
[2026-05-08 15:10:36,647][__main__][INFO] - ✓ [meta-llama/Meta-Llama-3.1-70B-Instruct] Temp=0.0 Rep=1 → Concordo
[2026-05-08 15:10:36,669][__main__][INFO] - ✓ [meta-llama/Meta-Llama-3.1-70B-Instruct] Temp=0.0 Rep=1 → Concordo
[2026-05-08 15:10:36,758][__main__][INFO] - ✓ [meta-llama/Llama-4-Scout-17B-16E-Instruct] Temp=0.0 Rep=1 → Concordo
[2026-05-08 15:10:36,767][__main__][INFO] - ✓ [meta-llama/Meta-Llama-3.1-70B-Instruct] Temp=0.0 Rep=1 → Concordo
[2026-05-08 15:10:36,912][__main__][INFO] - ✓ [meta-llama/Meta-Llama-3.1-8B-Instruct] Temp=0.0 Rep=1 → Concordo fortemente
[2026-05-08 15:10:36,918][__main__][INFO] - ✓ [meta-llama/Llama-4-Scout-17B-16E-Instruct] Temp=0.0 Rep=1 → Concordo fortemente
[2026-05-08 15:10:36,919][__main__][INFO] - ✓ [meta-llama/Meta-Llama-3.1-8B-Instruct] Temp=0.0 Rep=1 → Concordo fortemente
[2026-05-08 15:10:37,056][__main__][INFO] - ✓ [meta-llama/Meta-Llama-3.1-8B-Instruct] Temp=0.0 Rep=1 → Concordo fortemente
[2026-05-08 15:10:37,126][__main__][INFO] - ✓ [meta-llama/Meta-Llama-3.1-70B-Instruct] Temp=0.0 Rep=1 → Discordo
[2026-05-08 15:10:37,166][__main__][INFO] - ✓ [meta-llama/Meta-Llama-3.1-70B-Instruct] Temp=0.0 Rep=1 → Concordo fortemente
[2026-05-08 15:10:37,207][__main__][INFO] - ✓ [meta-llama/Meta-Llama-3.1-70B-Instruct] Temp=0.0 Rep=1 → Discordo
[2026-05-08 15:10:37,268][__main__][INFO] - ✓ [meta-llama/Meta-Llama-3.1-8B-Instruct] Temp=0.0 Rep=1 → Concordo fortemente
[2026-05-08 15:10:37,284][__main__][INFO] - ✓ [meta-llama/Meta-Llama-3.1-8B-Instruct] Temp=0.0 Rep=1 → Concordo fortemente
[2026-05-08 15:10:37,438][__main__][INFO] - ✓ [meta-llama/Llama-4-Scout-17B-16E-Instruct] Temp=0.0 Rep=1 → Discordo fortemente
[2026-05-08 15:10:37,450][__main__][INFO] - ✓ [meta-llama/Llama-4-Scout-17B-16E-Instruct] Temp=0.0 Rep=1 → Discordo
[2026-05-08 15:10:37,475][__main__][INFO] - ✓ [meta-llama/Llama-4-Scout-17B-16E-Instruct] Temp=0.0 Rep=1 → Concordo fortemente
[2026-05-08 15:10:37,532][__main__][INFO] - ✓ [meta-llama/Meta-Llama-3.1-8B-Instruct] Temp=0.0 Rep=1 → Concordo fortemente
[2026-05-08 15:10:37,704][__main__][INFO] - ✓ [meta-llama/Llama-4-Scout-17B-16E-Instruct] Temp=0.0 Rep=1 → Concordo fortemente
[2026-05-08 15:10:37,744][__main__][INFO] - ✓ [meta-llama/Llama-4-Scout-17B-16E-Instruct] Temp=0.0 Rep=1 → Concordo fortemente
[2026-05-08 15:10:37,796][__main__][INFO] - ✓ [meta-llama/Meta-Llama-3.1-8B-Instruct] Temp=0.0 Rep=1 → Concordo
[2026-05-08 15:10:37,801][__main__][INFO] - ✓ [meta-llama/Meta-Llama-3.1-8B-Instruct] Temp=0.0 Rep=1 → Concordo
[2026-05-08 15:10:38,030][__main__][INFO] - ✓ [meta-llama/Meta-Llama-3.1-8B-Instruct] Temp=0.0 Rep=1 → Concordo fortemente
[2026-05-08 15:10:38,036][__main__][INFO] - ✓ [meta-llama/Meta-Llama-3.1-70B-Instruct] Temp=0.0 Rep=1 → Concordo
[2026-05-08 15:10:38,041][__main__][INFO] - ✓ [meta-llama/Meta-Llama-3.1-70B-Instruct] Temp=0.0 Rep=1 → Concordo fortemente
[2026-05-08 15:10:38,071][__main__][INFO] - ✓ [meta-llama/Meta-Llama-3.1-70B-Instruct] Temp=0.0 Rep=1 → Concordo fortemente
[2026-05-08 15:10:38,072][__main__][INFO] - ✓ [meta-llama/Meta-Llama-3.1-70B-Instruct] Temp=0.0 Rep=1 → Concordo fortemente
[2026-05-08 15:10:38,185][__main__][INFO] - ✓ [meta-llama/Meta-Llama-3.1-70B-Instruct] Temp=0.0 Rep=1 → Concordo
[2026-05-08 15:10:38,248][__main__][INFO] - ✓ [meta-llama/Meta-Llama-3.1-70B-Instruct] Temp=0.0 Rep=1 → Concordo
[2026-05-08 15:10:38,383][__main__][INFO] - ✓ [meta-llama/Llama-4-Scout-17B-16E-Instruct] Temp=0.0 Rep=1 → Concordo
[2026-05-08 15:10:38,387][__main__][INFO] - ✓ [meta-llama/Llama-4-Scout-17B-16E-Instruct] Temp=0.0 Rep=1 → Concordo
[2026-05-08 15:10:38,393][__main__][INFO] - ✓ [meta-llama/Meta-Llama-3.1-8B-Instruct] Temp=0.0 Rep=1 → Concordo fortemente
[2026-05-08 15:10:38,487][__main__][INFO] - ✓ [meta-llama/Meta-Llama-3.1-8B-Instruct] Temp=0.0 Rep=1 → Concordo fortemente
[2026-05-08 15:10:38,492][__main__][INFO] - ✓ [meta-llama/Llama-4-Scout-17B-16E-Instruct] Temp=0.0 Rep=1 → Concordo fortemente
[2026-05-08 15:10:38,494][__main__][INFO] - ✓ [meta-llama/Llama-4-Scout-17B-16E-Instruct] Temp=0.0 Rep=1 → Concordo
[2026-05-08 15:10:38,658][__main__][INFO] - ✓ [meta-llama/Meta-Llama-3.1-70B-Instruct] Temp=0.0 Rep=1 → Concordo fortemente
[2026-05-08 15:10:38,743][__main__][INFO] - ✓ [meta-llama/Meta-Llama-3.1-8B-Instruct] Temp=0.0 Rep=1 → Concordo fortemente
[2026-05-08 15:10:38,837][__main__][INFO] - ✓ [meta-llama/Meta-Llama-3.1-70B-Instruct] Temp=0.0 Rep=1 → Concordo fortemente
[2026-05-08 15:10:38,855][__main__][INFO] - ✓ [meta-llama/Llama-4-Scout-17B-16E-Instruct] Temp=0.0 Rep=1 → Concordo fortemente
[2026-05-08 15:10:38,875][__main__][INFO] - ✓ [meta-llama/Meta-Llama-3.1-8B-Instruct] Temp=0.0 Rep=1 → Discordo fortemente
[2026-05-08 15:10:38,884][__main__][INFO] - ✓ [meta-llama/Llama-4-Scout-17B-16E-Instruct] Temp=0.0 Rep=1 → Concordo fortemente
[2026-05-08 15:10:38,884][__main__][INFO] - Salvamento incremental (360 novas respostas)...
[2026-05-08 15:10:38,927][__main__][INFO] - Cache salvo com 202435 entradas
[2026-05-08 15:10:38,927][__main__][INFO] - ✓ [meta-llama/Llama-4-Scout-17B-16E-Instruct] Temp=0.0 Rep=1 → Concordo fortemente
[2026-05-08 15:10:39,018][__main__][INFO] - ✓ [meta-llama/Meta-Llama-3.1-70B-Instruct] Temp=0.0 Rep=1 → Concordo fortemente
[2026-05-08 15:10:39,148][__main__][INFO] - ✓ [meta-llama/Meta-Llama-3.1-8B-Instruct] Temp=0.0 Rep=1 → Discordo fortemente
[2026-05-08 15:10:39,160][__main__][INFO] - ✓ [meta-llama/Meta-Llama-3.1-8B-Instruct] Temp=0.0 Rep=1 → Concordo fortemente
[2026-05-08 15:10:39,339][__main__][INFO] - ✓ [meta-llama/Meta-Llama-3.1-8B-Instruct] Temp=0.0 Rep=1 → Concordo fortemente
[2026-05-08 15:10:39,534][__main__][INFO] - ✓ [meta-llama/Llama-4-Scout-17B-16E-Instruct] Temp=0.0 Rep=1 → Discordo
[2026-05-08 15:10:39,636][__main__][INFO] - ✓ [meta-llama/Meta-Llama-3.1-70B-Instruct] Temp=0.0 Rep=1 → Discordo
[2026-05-08 15:10:39,708][__main__][INFO] - ✓ [meta-llama/Meta-Llama-3.1-70B-Instruct] Temp=0.0 Rep=1 → Concordo
[2026-05-08 15:10:39,740][__main__][INFO] - ✓ [meta-llama/Meta-Llama-3.1-70B-Instruct] Temp=0.0 Rep=1 → Discordo fortemente
[2026-05-08 15:10:39,810][__main__][INFO] - ✓ [meta-llama/Meta-Llama-3.1-70B-Instruct] Temp=0.0 Rep=1 → Concordo
[2026-05-08 15:10:39,881][__main__][INFO] - ✓ [meta-llama/Meta-Llama-3.1-70B-Instruct] Temp=0.0 Rep=1 → Concordo fortemente
[2026-05-08 15:10:39,904][__main__][INFO] - ✓ [meta-llama/Meta-Llama-3.1-8B-Instruct] Temp=0.0 Rep=1 → Concordo fortemente
[2026-05-08 15:10:39,918][__main__][INFO] - ✓ [meta-llama/Meta-Llama-3.1-8B-Instruct] Temp=0.0 Rep=1 → Concordo fortemente
[2026-05-08 15:10:40,057][__main__][INFO] - ✓ [meta-llama/Meta-Llama-3.1-70B-Instruct] Temp=0.0 Rep=1 → Concordo fortemente
[2026-05-08 15:10:40,132][__main__][INFO] - ✓ [meta-llama/Meta-Llama-3.1-8B-Instruct] Temp=0.0 Rep=1 → Concordo fortemente
[2026-05-08 15:10:40,315][__main__][INFO] - ✓ [meta-llama/Llama-4-Scout-17B-16E-Instruct] Temp=0.0 Rep=1 → Discordo
[2026-05-08 15:10:40,320][__main__][INFO] - ✓ [meta-llama/Llama-4-Scout-17B-16E-Instruct] Temp=0.0 Rep=1 → Discordo
[2026-05-08 15:10:40,341][__main__][INFO] - ✓ [meta-llama/Llama-4-Scout-17B-16E-Instruct] Temp=0.0 Rep=1 → Concordo fortemente
[2026-05-08 15:10:40,342][__main__][INFO] - ✓ [meta-llama/Llama-4-Scout-17B-16E-Instruct] Temp=0.0 Rep=1 → Concordo fortemente
[2026-05-08 15:10:40,451][__main__][INFO] - ✓ [meta-llama/Llama-4-Scout-17B-16E-Instruct] Temp=0.0 Rep=1 → Concordo
[2026-05-08 15:10:40,585][__main__][INFO] - ✓ [meta-llama/Meta-Llama-3.1-8B-Instruct] Temp=0.0 Rep=1 → Concordo fortemente
[2026-05-08 15:10:40,586][__main__][INFO] - ✓ [meta-llama/Meta-Llama-3.1-8B-Instruct] Temp=0.0 Rep=1 → Concordo fortemente
[2026-05-08 15:10:40,723][__main__][INFO] - ✓ [meta-llama/Llama-4-Scout-17B-16E-Instruct] Temp=0.0 Rep=1 → Concordo
[2026-05-08 15:10:40,730][__main__][INFO] - ✓ [meta-llama/Meta-Llama-3.1-70B-Instruct] Temp=0.0 Rep=1 → Concordo
[2026-05-08 15:10:40,750][__main__][INFO] - ✓ [meta-llama/Llama-4-Scout-17B-16E-Instruct] Temp=0.0 Rep=1 → Concordo fortemente
[2026-05-08 15:10:40,760][__main__][INFO] - ✓ [meta-llama/Llama-4-Scout-17B-16E-Instruct] Temp=0.0 Rep=1 → Concordo
[2026-05-08 15:10:40,955][__main__][INFO] - ✓ [meta-llama/Meta-Llama-3.1-8B-Instruct] Temp=0.0 Rep=1 → Concordo fortemente
[2026-05-08 15:10:41,123][__main__][INFO] - ✓ [meta-llama/Meta-Llama-3.1-8B-Instruct] Temp=0.0 Rep=1 → Concordo fortemente
[2026-05-08 15:10:41,166][__main__][INFO] - ✓ [meta-llama/Meta-Llama-3.1-70B-Instruct] Temp=0.0 Rep=1 → Concordo
[2026-05-08 15:10:41,169][__main__][INFO] - ✓ [meta-llama/Meta-Llama-3.1-8B-Instruct] Temp=0.0 Rep=1 → Concordo
[2026-05-08 15:10:41,172][__main__][INFO] - ✓ [meta-llama/Meta-Llama-3.1-70B-Instruct] Temp=0.0 Rep=1 → Concordo
[2026-05-08 15:10:41,218][__main__][INFO] - ✓ [meta-llama/Llama-4-Scout-17B-16E-Instruct] Temp=0.0 Rep=1 → Concordo fortemente
[2026-05-08 15:10:41,341][__main__][INFO] - ✓ [meta-llama/Llama-4-Scout-17B-16E-Instruct] Temp=0.0 Rep=1 → Concordo
[2026-05-08 15:10:41,358][__main__][INFO] - ✓ [meta-llama/Llama-4-Scout-17B-16E-Instruct] Temp=0.0 Rep=1 → Concordo
[2026-05-08 15:10:41,485][__main__][INFO] - ✓ [meta-llama/Meta-Llama-3.1-8B-Instruct] Temp=0.0 Rep=1 → Concordo fortemente
[2026-05-08 15:10:41,512][__main__][INFO] - ✓ [meta-llama/Meta-Llama-3.1-8B-Instruct] Temp=0.0 Rep=1 → Concordo fortemente
[2026-05-08 15:10:41,516][__main__][INFO] - ✓ [meta-llama/Meta-Llama-3.1-8B-Instruct] Temp=0.0 Rep=1 → Concordo fortemente
[2026-05-08 15:10:41,954][__main__][INFO] - ✓ [meta-llama/Llama-4-Scout-17B-16E-Instruct] Temp=0.0 Rep=1 → Concordo fortemente
[2026-05-08 15:10:41,955][__main__][INFO] - ✓ [meta-llama/Llama-4-Scout-17B-16E-Instruct] Temp=0.0 Rep=1 → Concordo fortemente
[2026-05-08 15:10:42,156][__main__][INFO] - ✓ [meta-llama/Meta-Llama-3.1-8B-Instruct] Temp=0.0 Rep=1 → Concordo
[2026-05-08 15:10:42,157][__main__][INFO] - Salvamento incremental (400 novas respostas)...
[2026-05-08 15:10:42,206][__main__][INFO] - Cache salvo com 202475 entradas
[2026-05-08 15:10:42,206][__main__][INFO] - ✓ [meta-llama/Meta-Llama-3.1-70B-Instruct] Temp=0.0 Rep=1 → Concordo
[2026-05-08 15:10:42,208][__main__][INFO] - ✓ [meta-llama/Meta-Llama-3.1-70B-Instruct] Temp=0.0 Rep=1 → Concordo
[2026-05-08 15:10:42,208][__main__][INFO] - ✓ [meta-llama/Meta-Llama-3.1-70B-Instruct] Temp=0.0 Rep=1 → Concordo
[2026-05-08 15:10:42,271][__main__][INFO] - ✓ [meta-llama/Meta-Llama-3.1-8B-Instruct] Temp=0.0 Rep=1 → Concordo
[2026-05-08 15:10:42,341][__main__][INFO] - ✓ [meta-llama/Llama-4-Scout-17B-16E-Instruct] Temp=0.0 Rep=1 → Concordo fortemente
[2026-05-08 15:10:42,507][__main__][INFO] - ✓ [meta-llama/Meta-Llama-3.1-70B-Instruct] Temp=0.0 Rep=1 → Concordo fortemente
[2026-05-08 15:10:42,515][__main__][INFO] - ✓ [meta-llama/Meta-Llama-3.1-70B-Instruct] Temp=0.0 Rep=1 → Concordo fortemente
[2026-05-08 15:10:42,558][__main__][INFO] - ✓ [meta-llama/Meta-Llama-3.1-8B-Instruct] Temp=0.0 Rep=1 → Concordo
[2026-05-08 15:10:42,678][__main__][INFO] - ✓ [meta-llama/Meta-Llama-3.1-70B-Instruct] Temp=0.0 Rep=1 → Concordo fortemente
[2026-05-08 15:10:42,750][__main__][INFO] - ✓ [meta-llama/Llama-4-Scout-17B-16E-Instruct] Temp=0.0 Rep=1 → Discordo
[2026-05-08 15:10:42,755][__main__][INFO] - ✓ [meta-llama/Llama-4-Scout-17B-16E-Instruct] Temp=0.0 Rep=1 → Discordo fortemente
[2026-05-08 15:10:42,761][__main__][INFO] - ✓ [meta-llama/Llama-4-Scout-17B-16E-Instruct] Temp=0.0 Rep=1 → Concordo fortemente
[2026-05-08 15:10:42,780][__main__][INFO] - ✓ [meta-llama/Meta-Llama-3.1-70B-Instruct] Temp=0.0 Rep=1 → Discordo
[2026-05-08 15:10:42,831][__main__][INFO] - ✓ [meta-llama/Meta-Llama-3.1-8B-Instruct] Temp=0.0 Rep=1 → Concordo fortemente
[2026-05-08 15:10:42,835][__main__][INFO] - ✓ [meta-llama/Meta-Llama-3.1-8B-Instruct] Temp=0.0 Rep=1 → Discordo fortemente
[2026-05-08 15:10:42,870][__main__][INFO] - ✓ [meta-llama/Meta-Llama-3.1-70B-Instruct] Temp=0.0 Rep=1 → Discordo fortemente
[2026-05-08 15:10:42,934][__main__][INFO] - ✓ [meta-llama/Meta-Llama-3.1-70B-Instruct] Temp=0.0 Rep=1 → Concordo fortemente
[2026-05-08 15:10:43,205][__main__][INFO] - ✓ [meta-llama/Meta-Llama-3.1-8B-Instruct] Temp=0.0 Rep=1 → Concordo fortemente
[2026-05-08 15:10:43,206][__main__][INFO] - ✓ [meta-llama/Llama-4-Scout-17B-16E-Instruct] Temp=0.0 Rep=1 → Concordo fortemente
[2026-05-08 15:10:43,207][__main__][INFO] - ✓ [meta-llama/Meta-Llama-3.1-8B-Instruct] Temp=0.0 Rep=1 → Concordo fortemente
[2026-05-08 15:10:43,225][__main__][INFO] - ✓ [meta-llama/Llama-4-Scout-17B-16E-Instruct] Temp=0.0 Rep=1 → Concordo fortemente
[2026-05-08 15:10:43,227][__main__][INFO] - ✓ [meta-llama/Llama-4-Scout-17B-16E-Instruct] Temp=0.0 Rep=1 → Concordo
[2026-05-08 15:10:43,311][__main__][INFO] - ✓ [meta-llama/Meta-Llama-3.1-70B-Instruct] Temp=0.0 Rep=1 → Concordo
[2026-05-08 15:10:43,342][__main__][INFO] - ✓ [meta-llama/Meta-Llama-3.1-70B-Instruct] Temp=0.0 Rep=1 → Discordo
[2026-05-08 15:10:43,374][__main__][INFO] - ✓ [meta-llama/Meta-Llama-3.1-70B-Instruct] Temp=0.0 Rep=1 → Concordo
[2026-05-08 15:10:43,454][__main__][INFO] - ✓ [meta-llama/Meta-Llama-3.1-8B-Instruct] Temp=0.0 Rep=1 → Discordo fortemente
[2026-05-08 15:10:43,537][__main__][INFO] - ✓ [meta-llama/Meta-Llama-3.1-8B-Instruct] Temp=0.0 Rep=1 → Concordo fortemente
[2026-05-08 15:10:43,620][__main__][INFO] - ✓ [meta-llama/Meta-Llama-3.1-70B-Instruct] Temp=0.0 Rep=1 → Discordo
[2026-05-08 15:10:43,623][__main__][INFO] - ✓ [meta-llama/Llama-4-Scout-17B-16E-Instruct] Temp=0.0 Rep=1 → Discordo
[2026-05-08 15:10:43,759][__main__][INFO] - ✓ [meta-llama/Meta-Llama-3.1-8B-Instruct] Temp=0.0 Rep=1 → Concordo
[2026-05-08 15:10:43,832][__main__][INFO] - ✓ [meta-llama/Llama-4-Scout-17B-16E-Instruct] Temp=0.0 Rep=1 → Neutro
[2026-05-08 15:10:43,865][__main__][INFO] - ✓ [meta-llama/Llama-4-Scout-17B-16E-Instruct] Temp=0.0 Rep=1 → Concordo fortemente
[2026-05-08 15:10:44,081][__main__][INFO] - ✓ [meta-llama/Meta-Llama-3.1-8B-Instruct] Temp=0.0 Rep=1 → Concordo
[2026-05-08 15:10:44,136][__main__][INFO] - ✓ [meta-llama/Meta-Llama-3.1-70B-Instruct] Temp=0.0 Rep=1 → Discordo
[2026-05-08 15:10:44,257][__main__][INFO] - ✓ [meta-llama/Meta-Llama-3.1-8B-Instruct] Temp=0.0 Rep=1 → Concordo fortemente
[2026-05-08 15:10:44,259][__main__][INFO] - ✓ [meta-llama/Llama-4-Scout-17B-16E-Instruct] Temp=0.0 Rep=1 → Concordo fortemente
[2026-05-08 15:10:44,265][__main__][INFO] - ✓ [meta-llama/Meta-Llama-3.1-70B-Instruct] Temp=0.0 Rep=1 → Discordo
[2026-05-08 15:10:44,265][__main__][INFO] - ✓ [meta-llama/Meta-Llama-3.1-70B-Instruct] Temp=0.0 Rep=1 → Concordo
[2026-05-08 15:10:44,271][__main__][INFO] - ✓ [meta-llama/Llama-4-Scout-17B-16E-Instruct] Temp=0.0 Rep=1 → Concordo fortemente
[2026-05-08 15:10:44,293][__main__][INFO] - ✓ [meta-llama/Meta-Llama-3.1-70B-Instruct] Temp=0.0 Rep=1 → Concordo fortemente
[2026-05-08 15:10:44,297][__main__][INFO] - Salvamento incremental (440 novas respostas)...
[2026-05-08 15:10:44,338][__main__][INFO] - Cache salvo com 202515 entradas
[2026-05-08 15:10:44,338][__main__][INFO] - ✓ [meta-llama/Meta-Llama-3.1-70B-Instruct] Temp=0.0 Rep=1 → Concordo fortemente
[2026-05-08 15:10:44,340][__main__][INFO] - ✓ [meta-llama/Llama-4-Scout-17B-16E-Instruct] Temp=0.0 Rep=1 → Concordo fortemente
[2026-05-08 15:10:44,690][__main__][INFO] - ✓ [meta-llama/Meta-Llama-3.1-8B-Instruct] Temp=0.0 Rep=1 → Concordo fortemente
[2026-05-08 15:10:44,780][__main__][INFO] - ✓ [meta-llama/Llama-4-Scout-17B-16E-Instruct] Temp=0.0 Rep=1 → Discordo
[2026-05-08 15:10:44,781][__main__][INFO] - ✓ [meta-llama/Llama-4-Scout-17B-16E-Instruct] Temp=0.0 Rep=1 → Concordo fortemente
[2026-05-08 15:10:44,781][__main__][INFO] - ✓ [meta-llama/Llama-4-Scout-17B-16E-Instruct] Temp=0.0 Rep=1 → Concordo
[2026-05-08 15:10:44,831][__main__][INFO] - ✓ [meta-llama/Meta-Llama-3.1-70B-Instruct] Temp=0.0 Rep=1 → Concordo
[2026-05-08 15:10:44,837][__main__][INFO] - ✓ [meta-llama/Meta-Llama-3.1-70B-Instruct] Temp=0.0 Rep=1 → Discordo
[2026-05-08 15:10:44,952][__main__][INFO] - ✓ [meta-llama/Meta-Llama-3.1-70B-Instruct] Temp=0.0 Rep=1 → Concordo fortemente
[2026-05-08 15:10:45,127][__main__][INFO] - ✓ [meta-llama/Meta-Llama-3.1-8B-Instruct] Temp=0.0 Rep=1 → Concordo fortemente
[2026-05-08 15:10:45,305][__main__][INFO] - ✓ [meta-llama/Meta-Llama-3.1-8B-Instruct] Temp=0.0 Rep=1 → Concordo fortemente
[2026-05-08 15:10:45,310][__main__][INFO] - ✓ [meta-llama/Meta-Llama-3.1-8B-Instruct] Temp=0.0 Rep=1 → Concordo
[2026-05-08 15:10:45,311][__main__][INFO] - ✓ [meta-llama/Meta-Llama-3.1-8B-Instruct] Temp=0.0 Rep=1 → Neutro
[2026-05-08 15:10:45,368][__main__][INFO] - ✓ [meta-llama/Llama-4-Scout-17B-16E-Instruct] Temp=0.0 Rep=1 → Discordo fortemente
[2026-05-08 15:10:45,442][__main__][INFO] - ✓ [meta-llama/Meta-Llama-3.1-8B-Instruct] Temp=0.0 Rep=1 → Concordo fortemente
[2026-05-08 15:10:45,451][__main__][INFO] - ✓ [meta-llama/Meta-Llama-3.1-70B-Instruct] Temp=0.0 Rep=1 → Concordo
[2026-05-08 15:10:45,476][__main__][INFO] - ✓ [meta-llama/Meta-Llama-3.1-70B-Instruct] Temp=0.0 Rep=1 → Discordo
[2026-05-08 15:10:45,515][__main__][INFO] - ✓ [meta-llama/Llama-4-Scout-17B-16E-Instruct] Temp=0.0 Rep=1 → Concordo fortemente
[2026-05-08 15:10:45,531][__main__][INFO] - ✓ [meta-llama/Meta-Llama-3.1-70B-Instruct] Temp=0.0 Rep=1 → Discordo fortemente
[2026-05-08 15:10:45,641][__main__][INFO] - ✓ [meta-llama/Meta-Llama-3.1-8B-Instruct] Temp=0.0 Rep=1 → Concordo fortemente
[2026-05-08 15:10:45,645][__main__][INFO] - ✓ [meta-llama/Meta-Llama-3.1-8B-Instruct] Temp=0.0 Rep=1 → Concordo fortemente
[2026-05-08 15:10:45,829][__main__][INFO] - ✓ [meta-llama/Llama-4-Scout-17B-16E-Instruct] Temp=0.0 Rep=1 → Discordo
[2026-05-08 15:10:46,053][__main__][INFO] - ✓ [meta-llama/Meta-Llama-3.1-8B-Instruct] Temp=0.0 Rep=1 → Concordo fortemente
[2026-05-08 15:10:46,054][__main__][INFO] - ✓ [meta-llama/Meta-Llama-3.1-70B-Instruct] Temp=0.0 Rep=1 → Concordo
[2026-05-08 15:10:46,055][__main__][INFO] - ✓ [meta-llama/Meta-Llama-3.1-70B-Instruct] Temp=0.0 Rep=1 → Concordo fortemente
[2026-05-08 15:10:46,062][__main__][INFO] - ✓ [meta-llama/Meta-Llama-3.1-70B-Instruct] Temp=0.0 Rep=1 → Concordo fortemente
[2026-05-08 15:10:46,145][__main__][INFO] - ✓ [meta-llama/Meta-Llama-3.1-8B-Instruct] Temp=0.0 Rep=1 → Concordo fortemente
[2026-05-08 15:10:46,169][__main__][INFO] - ✓ [meta-llama/Llama-4-Scout-17B-16E-Instruct] Temp=0.0 Rep=1 → Concordo fortemente
[2026-05-08 15:10:46,181][__main__][INFO] - ✓ [meta-llama/Meta-Llama-3.1-8B-Instruct] Temp=0.0 Rep=1 → Concordo
[2026-05-08 15:10:46,358][__main__][INFO] - ✓ [meta-llama/Meta-Llama-3.1-8B-Instruct] Temp=0.0 Rep=1 → Concordo fortemente
[2026-05-08 15:10:46,703][__main__][INFO] - ✓ [meta-llama/Meta-Llama-3.1-70B-Instruct] Temp=0.0 Rep=1 → Discordo
[2026-05-08 15:10:46,708][__main__][INFO] - ✓ [meta-llama/Meta-Llama-3.1-70B-Instruct] Temp=0.0 Rep=1 → Concordo
[2026-05-08 15:10:46,740][__main__][INFO] - ✓ [meta-llama/Llama-4-Scout-17B-16E-Instruct] Temp=0.0 Rep=1 → Discordo
[2026-05-08 15:10:46,745][__main__][INFO] - ✓ [meta-llama/Llama-4-Scout-17B-16E-Instruct] Temp=0.0 Rep=1 → Concordo
[2026-05-08 15:10:46,781][__main__][INFO] - ✓ [meta-llama/Meta-Llama-3.1-70B-Instruct] Temp=0.0 Rep=1 → Concordo
[2026-05-08 15:10:46,877][__main__][INFO] - ✓ [meta-llama/Meta-Llama-3.1-8B-Instruct] Temp=0.0 Rep=1 → Concordo fortemente
[2026-05-08 15:10:46,881][__main__][INFO] - ✓ [meta-llama/Llama-4-Scout-17B-16E-Instruct] Temp=0.0 Rep=1 → Discordo
[2026-05-08 15:10:46,964][__main__][INFO] - ✓ [meta-llama/Meta-Llama-3.1-8B-Instruct] Temp=0.0 Rep=1 → Concordo fortemente
[2026-05-08 15:10:46,975][__main__][INFO] - ✓ [meta-llama/Llama-4-Scout-17B-16E-Instruct] Temp=0.0 Rep=1 → Concordo fortemente
[2026-05-08 15:10:46,980][__main__][INFO] - ✓ [meta-llama/Llama-4-Scout-17B-16E-Instruct] Temp=0.0 Rep=1 → Concordo fortemente
[2026-05-08 15:10:47,089][__main__][INFO] - Salvamento incremental (480 novas respostas)...
[2026-05-08 15:10:47,141][__main__][INFO] - Cache salvo com 202555 entradas
[2026-05-08 15:10:47,141][__main__][INFO] - ✓ [meta-llama/Meta-Llama-3.1-8B-Instruct] Temp=0.0 Rep=1 → Concordo fortemente
[2026-05-08 15:10:47,404][__main__][INFO] - ✓ [meta-llama/Meta-Llama-3.1-8B-Instruct] Temp=0.0 Rep=1 → Concordo fortemente
[2026-05-08 15:10:47,405][__main__][INFO] - ✓ [meta-llama/Meta-Llama-3.1-70B-Instruct] Temp=0.0 Rep=1 → Discordo
[2026-05-08 15:10:47,406][__main__][INFO] - ✓ [meta-llama/Meta-Llama-3.1-8B-Instruct] Temp=0.0 Rep=1 → Concordo fortemente
[2026-05-08 15:10:47,420][__main__][INFO] - ✓ [meta-llama/Meta-Llama-3.1-70B-Instruct] Temp=0.0 Rep=1 → Concordo fortemente
[2026-05-08 15:10:47,428][__main__][INFO] - ✓ [meta-llama/Meta-Llama-3.1-70B-Instruct] Temp=0.0 Rep=1 → Concordo fortemente
[2026-05-08 15:10:47,580][__main__][INFO] - ✓ [meta-llama/Meta-Llama-3.1-70B-Instruct] Temp=0.0 Rep=1 → Discordo
[2026-05-08 15:10:47,604][__main__][INFO] - ✓ [meta-llama/Meta-Llama-3.1-8B-Instruct] Temp=0.0 Rep=1 → Concordo fortemente
[2026-05-08 15:10:47,738][__main__][INFO] - ✓ [meta-llama/Llama-4-Scout-17B-16E-Instruct] Temp=0.0 Rep=1 → Discordo
[2026-05-08 15:10:47,741][__main__][INFO] - ✓ [meta-llama/Llama-4-Scout-17B-16E-Instruct] Temp=0.0 Rep=1 → Concordo fortemente
[2026-05-08 15:10:47,802][__main__][INFO] - ✓ [meta-llama/Llama-4-Scout-17B-16E-Instruct] Temp=0.0 Rep=1 → Concordo fortemente
[2026-05-08 15:10:47,927][__main__][INFO] - ✓ [meta-llama/Llama-4-Scout-17B-16E-Instruct] Temp=0.0 Rep=1 → Discordo
[2026-05-08 15:10:47,928][__main__][INFO] - ✓ [meta-llama/Llama-4-Scout-17B-16E-Instruct] Temp=0.0 Rep=1 → Discordo
[2026-05-08 15:10:47,935][__main__][INFO] - ✓ [meta-llama/Llama-4-Scout-17B-16E-Instruct] Temp=0.0 Rep=1 → Concordo fortemente
[2026-05-08 15:10:47,937][__main__][INFO] - ✓ [meta-llama/Meta-Llama-3.1-8B-Instruct] Temp=0.0 Rep=1 → Concordo fortemente
[2026-05-08 15:10:48,070][__main__][INFO] - ✓ [meta-llama/Meta-Llama-3.1-8B-Instruct] Temp=0.0 Rep=1 → Concordo fortemente
[2026-05-08 15:10:48,180][__main__][INFO] - ✓ [meta-llama/Meta-Llama-3.1-8B-Instruct] Temp=0.0 Rep=1 → Concordo fortemente
[2026-05-08 15:10:48,267][__main__][INFO] - ✓ [meta-llama/Meta-Llama-3.1-70B-Instruct] Temp=0.0 Rep=1 → Concordo
[2026-05-08 15:10:48,451][__main__][INFO] - ✓ [meta-llama/Meta-Llama-3.1-8B-Instruct] Temp=0.0 Rep=1 → Concordo fortemente
[2026-05-08 15:10:48,455][__main__][INFO] - ✓ [meta-llama/Meta-Llama-3.1-70B-Instruct] Temp=0.0 Rep=1 → Discordo
[2026-05-08 15:10:48,456][__main__][INFO] - ✓ [meta-llama/Meta-Llama-3.1-70B-Instruct] Temp=0.0 Rep=1 → Concordo fortemente
[2026-05-08 15:10:48,498][__main__][INFO] - ✓ [meta-llama/Meta-Llama-3.1-8B-Instruct] Temp=0.0 Rep=1 → Concordo fortemente
[2026-05-08 15:10:48,524][__main__][INFO] - ✓ [meta-llama/Meta-Llama-3.1-70B-Instruct] Temp=0.0 Rep=1 → Concordo fortemente
[2026-05-08 15:10:48,579][__main__][INFO] - ✓ [meta-llama/Meta-Llama-3.1-70B-Instruct] Temp=0.0 Rep=1 → Concordo fortemente
[2026-05-08 15:10:48,973][__main__][INFO] - ✓ [meta-llama/Meta-Llama-3.1-8B-Instruct] Temp=0.0 Rep=1 → Concordo fortemente
[2026-05-08 15:10:48,974][__main__][INFO] - ✓ [meta-llama/Llama-4-Scout-17B-16E-Instruct] Temp=0.0 Rep=1 → Discordo
[2026-05-08 15:10:48,987][__main__][INFO] - ✓ [meta-llama/Llama-4-Scout-17B-16E-Instruct] Temp=0.0 Rep=1 → Concordo fortemente
[2026-05-08 15:10:49,094][__main__][INFO] - ✓ [meta-llama/Llama-4-Scout-17B-16E-Instruct] Temp=0.0 Rep=1 → Concordo fortemente
[2026-05-08 15:10:49,094][__main__][INFO] - ✓ [meta-llama/Llama-4-Scout-17B-16E-Instruct] Temp=0.0 Rep=1 → Concordo fortemente
[2026-05-08 15:10:49,101][__main__][INFO] - ✓ [meta-llama/Llama-4-Scout-17B-16E-Instruct] Temp=0.0 Rep=1 → Concordo fortemente
[2026-05-08 15:10:49,293][__main__][INFO] - ✓ [meta-llama/Meta-Llama-3.1-70B-Instruct] Temp=0.0 Rep=1 → Discordo
[2026-05-08 15:10:49,315][__main__][INFO] - ✓ [meta-llama/Meta-Llama-3.1-8B-Instruct] Temp=0.0 Rep=1 → Concordo fortemente
[2026-05-08 15:10:49,541][__main__][INFO] - ✓ [meta-llama/Meta-Llama-3.1-70B-Instruct] Temp=0.0 Rep=1 → Concordo fortemente
[2026-05-08 15:10:49,572][__main__][INFO] - ✓ [meta-llama/Llama-4-Scout-17B-16E-Instruct] Temp=0.0 Rep=1 → Concordo
[2026-05-08 15:10:49,606][__main__][INFO] - ✓ [meta-llama/Meta-Llama-3.1-8B-Instruct] Temp=0.0 Rep=1 → Concordo fortemente
[2026-05-08 15:10:49,609][__main__][INFO] - ✓ [meta-llama/Meta-Llama-3.1-8B-Instruct] Temp=0.0 Rep=1 → Concordo fortemente
[2026-05-08 15:10:49,749][__main__][INFO] - ✓ [meta-llama/Meta-Llama-3.1-70B-Instruct] Temp=0.0 Rep=1 → Concordo
[2026-05-08 15:10:49,754][__main__][INFO] - ✓ [meta-llama/Llama-4-Scout-17B-16E-Instruct] Temp=0.0 Rep=1 → Concordo fortemente
[2026-05-08 15:10:49,773][__main__][INFO] - ✓ [meta-llama/Llama-4-Scout-17B-16E-Instruct] Temp=0.0 Rep=1 → Concordo fortemente
[2026-05-08 15:10:49,776][__main__][INFO] - ✓ [meta-llama/Meta-Llama-3.1-70B-Instruct] Temp=0.0 Rep=1 → Concordo
[2026-05-08 15:10:49,854][__main__][INFO] - Salvamento incremental (520 novas respostas)...
[2026-05-08 15:10:49,906][__main__][INFO] - Cache salvo com 202595 entradas
[2026-05-08 15:10:49,906][__main__][INFO] - ✓ [meta-llama/Meta-Llama-3.1-70B-Instruct] Temp=0.0 Rep=1 → Concordo fortemente
[2026-05-08 15:10:49,908][__main__][INFO] - ✓ [meta-llama/Meta-Llama-3.1-8B-Instruct] Temp=0.0 Rep=1 → Concordo fortemente
[2026-05-08 15:10:49,922][__main__][INFO] - ✓ [meta-llama/Meta-Llama-3.1-8B-Instruct] Temp=0.0 Rep=1 → Concordo fortemente
[2026-05-08 15:10:50,021][__main__][INFO] - ✓ [meta-llama/Llama-4-Scout-17B-16E-Instruct] Temp=0.0 Rep=1 → Concordo
[2026-05-08 15:10:50,049][__main__][INFO] - ✓ [meta-llama/Meta-Llama-3.1-70B-Instruct] Temp=0.0 Rep=1 → Concordo fortemente
[2026-05-08 15:10:50,220][__main__][INFO] - ✓ [meta-llama/Llama-4-Scout-17B-16E-Instruct] Temp=0.0 Rep=1 → Discordo
[2026-05-08 15:10:50,224][__main__][INFO] - ✓ [meta-llama/Meta-Llama-3.1-8B-Instruct] Temp=0.0 Rep=1 → Concordo fortemente
[2026-05-08 15:10:50,316][__main__][INFO] - ✓ [meta-llama/Llama-4-Scout-17B-16E-Instruct] Temp=0.0 Rep=1 → Concordo
[2026-05-08 15:10:50,338][__main__][INFO] - ✓ [meta-llama/Llama-4-Scout-17B-16E-Instruct] Temp=0.0 Rep=1 → Concordo fortemente
[2026-05-08 15:10:50,385][__main__][INFO] - ✓ [meta-llama/Meta-Llama-3.1-70B-Instruct] Temp=0.0 Rep=1 → Discordo
[2026-05-08 15:10:50,398][__main__][INFO] - ✓ [meta-llama/Meta-Llama-3.1-70B-Instruct] Temp=0.0 Rep=1 → Concordo
[2026-05-08 15:10:50,420][__main__][INFO] - ✓ [meta-llama/Meta-Llama-3.1-70B-Instruct] Temp=0.0 Rep=1 → Concordo
[2026-05-08 15:10:50,548][__main__][INFO] - ✓ [meta-llama/Meta-Llama-3.1-8B-Instruct] Temp=0.0 Rep=1 → Concordo fortemente
[2026-05-08 15:10:50,671][__main__][INFO] - ✓ [meta-llama/Meta-Llama-3.1-8B-Instruct] Temp=0.0 Rep=1 → Concordo fortemente
[2026-05-08 15:10:50,687][__main__][INFO] - ✓ [meta-llama/Meta-Llama-3.1-8B-Instruct] Temp=0.0 Rep=1 → Concordo fortemente
[2026-05-08 15:10:50,798][__main__][INFO] - ✓ [meta-llama/Llama-4-Scout-17B-16E-Instruct] Temp=0.0 Rep=1 → Concordo
[2026-05-08 15:10:50,822][__main__][INFO] - ✓ [meta-llama/Meta-Llama-3.1-70B-Instruct] Temp=0.0 Rep=1 → Discordo
[2026-05-08 15:10:50,882][__main__][INFO] - ✓ [meta-llama/Meta-Llama-3.1-70B-Instruct] Temp=0.0 Rep=1 → Concordo
[2026-05-08 15:10:50,913][__main__][INFO] - ✓ [meta-llama/Llama-4-Scout-17B-16E-Instruct] Temp=0.0 Rep=1 → Concordo fortemente
[2026-05-08 15:10:50,917][__main__][INFO] - ✓ [meta-llama/Llama-4-Scout-17B-16E-Instruct] Temp=0.0 Rep=1 → Concordo fortemente
[2026-05-08 15:10:50,933][__main__][INFO] - ✓ [meta-llama/Meta-Llama-3.1-70B-Instruct] Temp=0.0 Rep=1 → Concordo fortemente
[2026-05-08 15:10:51,072][__main__][INFO] - ✓ [meta-llama/Meta-Llama-3.1-8B-Instruct] Temp=0.0 Rep=1 → Concordo fortemente
[2026-05-08 15:10:51,076][__main__][INFO] - ✓ [meta-llama/Meta-Llama-3.1-8B-Instruct] Temp=0.0 Rep=1 → Concordo fortemente
[2026-05-08 15:10:51,187][__main__][INFO] - ✓ [meta-llama/Meta-Llama-3.1-8B-Instruct] Temp=0.0 Rep=1 → Concordo fortemente
[2026-05-08 15:10:51,216][__main__][INFO] - ✓ [meta-llama/Meta-Llama-3.1-70B-Instruct] Temp=0.0 Rep=1 → Discordo
[2026-05-08 15:10:51,371][__main__][INFO] - ✓ [meta-llama/Meta-Llama-3.1-70B-Instruct] Temp=0.0 Rep=1 → Concordo
[2026-05-08 15:10:51,376][__main__][INFO] - ✓ [meta-llama/Llama-4-Scout-17B-16E-Instruct] Temp=0.0 Rep=1 → Concordo fortemente
[2026-05-08 15:10:51,380][__main__][INFO] - ✓ [meta-llama/Llama-4-Scout-17B-16E-Instruct] Temp=0.0 Rep=1 → Discordo
[2026-05-08 15:10:51,388][__main__][INFO] - ✓ [meta-llama/Meta-Llama-3.1-70B-Instruct] Temp=0.0 Rep=1 → Concordo
[2026-05-08 15:10:51,458][__main__][INFO] - ✓ [meta-llama/Meta-Llama-3.1-8B-Instruct] Temp=0.0 Rep=1 → Concordo fortemente
[2026-05-08 15:10:51,596][__main__][INFO] - ✓ [meta-llama/Meta-Llama-3.1-8B-Instruct] Temp=0.0 Rep=1 → Concordo fortemente
[2026-05-08 15:10:51,752][__main__][INFO] - ✓ [meta-llama/Llama-4-Scout-17B-16E-Instruct] Temp=0.0 Rep=1 → Concordo
[2026-05-08 15:10:51,797][__main__][INFO] - ✓ [meta-llama/Meta-Llama-3.1-70B-Instruct] Temp=0.0 Rep=1 → Discordo
[2026-05-08 15:10:51,830][__main__][INFO] - ✓ [meta-llama/Llama-4-Scout-17B-16E-Instruct] Temp=0.0 Rep=1 → Discordo
[2026-05-08 15:10:51,843][__main__][INFO] - ✓ [meta-llama/Llama-4-Scout-17B-16E-Instruct] Temp=0.0 Rep=1 → Concordo fortemente
[2026-05-08 15:10:51,911][__main__][INFO] - ✓ [meta-llama/Meta-Llama-3.1-70B-Instruct] Temp=0.0 Rep=1 → Concordo fortemente
[2026-05-08 15:10:51,921][__main__][INFO] - ✓ [meta-llama/Meta-Llama-3.1-8B-Instruct] Temp=0.0 Rep=1 → Concordo fortemente
[2026-05-08 15:10:51,947][__main__][INFO] - ✓ [meta-llama/Llama-4-Scout-17B-16E-Instruct] Temp=0.0 Rep=1 → Concordo fortemente
[2026-05-08 15:10:51,966][__main__][INFO] - ✓ [meta-llama/Meta-Llama-3.1-70B-Instruct] Temp=0.0 Rep=1 → Concordo fortemente
[2026-05-08 15:10:52,122][__main__][INFO] - ✓ [meta-llama/Meta-Llama-3.1-8B-Instruct] Temp=0.0 Rep=1 → Concordo fortemente
[2026-05-08 15:10:52,208][__main__][INFO] - Salvamento incremental (560 novas respostas)...
[2026-05-08 15:10:52,258][__main__][INFO] - Cache salvo com 202635 entradas
[2026-05-08 15:10:52,258][__main__][INFO] - ✓ [meta-llama/Meta-Llama-3.1-8B-Instruct] Temp=0.0 Rep=1 → Discordo fortemente
[2026-05-08 15:10:52,357][__main__][INFO] - ✓ [meta-llama/Meta-Llama-3.1-8B-Instruct] Temp=0.0 Rep=1 → Concordo fortemente
[2026-05-08 15:10:52,386][__main__][INFO] - ✓ [meta-llama/Llama-4-Scout-17B-16E-Instruct] Temp=0.0 Rep=1 → Concordo fortemente
[2026-05-08 15:10:52,388][__main__][INFO] - ✓ [meta-llama/Llama-4-Scout-17B-16E-Instruct] Temp=0.0 Rep=1 → Concordo fortemente
[2026-05-08 15:10:52,430][__main__][INFO] - ✓ [meta-llama/Meta-Llama-3.1-8B-Instruct] Temp=0.0 Rep=1 → Concordo fortemente
[2026-05-08 15:10:52,471][__main__][INFO] - ✓ [meta-llama/Meta-Llama-3.1-70B-Instruct] Temp=0.0 Rep=1 → Concordo
[2026-05-08 15:10:52,520][__main__][INFO] - ✓ [meta-llama/Meta-Llama-3.1-70B-Instruct] Temp=0.0 Rep=1 → Concordo fortemente
[2026-05-08 15:10:52,547][__main__][INFO] - ✓ [meta-llama/Meta-Llama-3.1-70B-Instruct] Temp=0.0 Rep=1 → Concordo fortemente
[2026-05-08 15:10:52,742][__main__][INFO] - ✓ [meta-llama/Meta-Llama-3.1-8B-Instruct] Temp=0.0 Rep=1 → Concordo fortemente
[2026-05-08 15:10:52,813][__main__][INFO] - ✓ [meta-llama/Llama-4-Scout-17B-16E-Instruct] Temp=0.0 Rep=1 → Concordo fortemente
[2026-05-08 15:10:52,867][__main__][INFO] - ✓ [meta-llama/Llama-4-Scout-17B-16E-Instruct] Temp=0.0 Rep=1 → Discordo
[2026-05-08 15:10:52,879][__main__][INFO] - ✓ [meta-llama/Meta-Llama-3.1-8B-Instruct] Temp=0.0 Rep=1 → Concordo fortemente
[2026-05-08 15:10:52,888][__main__][INFO] - ✓ [meta-llama/Llama-4-Scout-17B-16E-Instruct] Temp=0.0 Rep=1 → Concordo fortemente
[2026-05-08 15:10:52,889][__main__][INFO] - ✓ [meta-llama/Llama-4-Scout-17B-16E-Instruct] Temp=0.0 Rep=1 → Concordo
[2026-05-08 15:10:52,975][__main__][INFO] - ✓ [meta-llama/Meta-Llama-3.1-70B-Instruct] Temp=0.0 Rep=1 → Discordo
[2026-05-08 15:10:53,008][__main__][INFO] - ✓ [meta-llama/Meta-Llama-3.1-70B-Instruct] Temp=0.0 Rep=1 → Concordo
[2026-05-08 15:10:53,170][__main__][INFO] - ✓ [meta-llama/Meta-Llama-3.1-70B-Instruct] Temp=0.0 Rep=1 → Concordo fortemente
[2026-05-08 15:10:53,170][__main__][INFO] - ✓ [meta-llama/Meta-Llama-3.1-8B-Instruct] Temp=0.0 Rep=1 → Discordo fortemente
[2026-05-08 15:10:53,343][__main__][INFO] - ✓ [meta-llama/Meta-Llama-3.1-8B-Instruct] Temp=0.0 Rep=1 → Discordo fortemente
[2026-05-08 15:10:53,346][__main__][INFO] - ✓ [meta-llama/Llama-4-Scout-17B-16E-Instruct] Temp=0.0 Rep=1 → Concordo fortemente
[2026-05-08 15:10:53,373][__main__][INFO] - ✓ [meta-llama/Llama-4-Scout-17B-16E-Instruct] Temp=0.0 Rep=1 → Discordo fortemente
[2026-05-08 15:10:53,393][__main__][INFO] - ✓ [meta-llama/Llama-4-Scout-17B-16E-Instruct] Temp=0.0 Rep=1 → Discordo fortemente
[2026-05-08 15:10:53,454][__main__][INFO] - ✓ [meta-llama/Meta-Llama-3.1-8B-Instruct] Temp=0.0 Rep=1 → Discordo fortemente
[2026-05-08 15:10:53,549][__main__][INFO] - ✓ [meta-llama/Meta-Llama-3.1-70B-Instruct] Temp=0.0 Rep=1 → Discordo fortemente
[2026-05-08 15:10:53,566][__main__][INFO] - ✓ [meta-llama/Meta-Llama-3.1-70B-Instruct] Temp=0.0 Rep=1 → Discordo fortemente
[2026-05-08 15:10:53,693][__main__][INFO] - ✓ [meta-llama/Meta-Llama-3.1-70B-Instruct] Temp=0.0 Rep=1 → Concordo fortemente
[2026-05-08 15:10:53,844][__main__][INFO] - ✓ [meta-llama/Meta-Llama-3.1-8B-Instruct] Temp=0.0 Rep=1 → Concordo fortemente
[2026-05-08 15:10:53,860][__main__][INFO] - ✓ [meta-llama/Meta-Llama-3.1-8B-Instruct] Temp=0.0 Rep=1 → Concordo fortemente
[2026-05-08 15:10:53,921][__main__][INFO] - ✓ [meta-llama/Llama-4-Scout-17B-16E-Instruct] Temp=0.0 Rep=1 → Concordo fortemente
[2026-05-08 15:10:53,932][__main__][INFO] - ✓ [meta-llama/Meta-Llama-3.1-8B-Instruct] Temp=0.0 Rep=1 → Concordo fortemente
[2026-05-08 15:10:53,933][__main__][INFO] - ✓ [meta-llama/Llama-4-Scout-17B-16E-Instruct] Temp=0.0 Rep=1 → Discordo
[2026-05-08 15:10:53,968][__main__][INFO] - ✓ [meta-llama/Meta-Llama-3.1-70B-Instruct] Temp=0.0 Rep=1 → Concordo
[2026-05-08 15:10:53,978][__main__][INFO] - ✓ [meta-llama/Meta-Llama-3.1-70B-Instruct] Temp=0.0 Rep=1 → Concordo
[2026-05-08 15:10:53,998][__main__][INFO] - ✓ [meta-llama/Llama-4-Scout-17B-16E-Instruct] Temp=0.0 Rep=1 → Concordo
[2026-05-08 15:10:54,024][__main__][INFO] - ✓ [meta-llama/Meta-Llama-3.1-70B-Instruct] Temp=0.0 Rep=1 → Concordo fortemente
[2026-05-08 15:10:54,330][__main__][INFO] - ✓ [meta-llama/Meta-Llama-3.1-8B-Instruct] Temp=0.0 Rep=1 → Concordo fortemente
[2026-05-08 15:10:54,353][__main__][INFO] - ✓ [meta-llama/Llama-4-Scout-17B-16E-Instruct] Temp=0.0 Rep=1 → Discordo
[2026-05-08 15:10:54,415][__main__][INFO] - ✓ [meta-llama/Llama-4-Scout-17B-16E-Instruct] Temp=0.0 Rep=1 → Discordo
[2026-05-08 15:10:54,425][__main__][INFO] - ✓ [meta-llama/Llama-4-Scout-17B-16E-Instruct] Temp=0.0 Rep=1 → Concordo fortemente
[2026-05-08 15:10:54,530][__main__][INFO] - ✓ [meta-llama/Meta-Llama-3.1-70B-Instruct] Temp=0.0 Rep=1 → Discordo
[2026-05-08 15:10:54,532][__main__][INFO] - Salvamento incremental (600 novas respostas)...
[2026-05-08 15:10:54,575][__main__][INFO] - Cache salvo com 202675 entradas
[2026-05-08 15:10:54,575][__main__][INFO] - ✓ [meta-llama/Meta-Llama-3.1-70B-Instruct] Temp=0.0 Rep=1 → Discordo
[2026-05-08 15:10:54,577][__main__][INFO] - ✓ [meta-llama/Meta-Llama-3.1-8B-Instruct] Temp=0.0 Rep=1 → Concordo fortemente
[2026-05-08 15:10:54,740][__main__][INFO] - ✓ [meta-llama/Meta-Llama-3.1-70B-Instruct] Temp=0.0 Rep=1 → Concordo fortemente
[2026-05-08 15:10:55,030][__main__][INFO] - ✓ [meta-llama/Meta-Llama-3.1-70B-Instruct] Temp=0.0 Rep=1 → Concordo
[2026-05-08 15:10:55,053][__main__][INFO] - ✓ [meta-llama/Llama-4-Scout-17B-16E-Instruct] Temp=0.0 Rep=1 → Concordo fortemente
[2026-05-08 15:10:55,097][__main__][INFO] - ✓ [meta-llama/Llama-4-Scout-17B-16E-Instruct] Temp=0.0 Rep=1 → Concordo
[2026-05-08 15:10:55,134][__main__][INFO] - ✓ [meta-llama/Meta-Llama-3.1-70B-Instruct] Temp=0.0 Rep=1 → Concordo fortemente
[2026-05-08 15:10:55,140][__main__][INFO] - ✓ [meta-llama/Llama-4-Scout-17B-16E-Instruct] Temp=0.0 Rep=1 → Concordo fortemente
[2026-05-08 15:10:55,264][__main__][INFO] - ✓ [meta-llama/Meta-Llama-3.1-70B-Instruct] Temp=0.0 Rep=1 → Concordo fortemente
[2026-05-08 15:10:55,403][__main__][INFO] - ✓ [meta-llama/Meta-Llama-3.1-8B-Instruct] Temp=0.0 Rep=1 → Concordo
[2026-05-08 15:10:55,432][__main__][INFO] - ✓ [meta-llama/Meta-Llama-3.1-8B-Instruct] Temp=0.0 Rep=1 → Concordo
[2026-05-08 15:10:55,459][__main__][INFO] - ✓ [meta-llama/Meta-Llama-3.1-8B-Instruct] Temp=0.0 Rep=1 → Concordo fortemente
[2026-05-08 15:10:55,468][__main__][INFO] - ✓ [meta-llama/Meta-Llama-3.1-8B-Instruct] Temp=0.0 Rep=1 → Concordo fortemente
[2026-05-08 15:10:55,473][__main__][INFO] - ✓ [meta-llama/Meta-Llama-3.1-8B-Instruct] Temp=0.0 Rep=1 → Concordo fortemente
[2026-05-08 15:10:55,478][__main__][INFO] - ✓ [meta-llama/Meta-Llama-3.1-8B-Instruct] Temp=0.0 Rep=1 → Concordo fortemente
[2026-05-08 15:10:55,488][__main__][INFO] - ✓ [meta-llama/Meta-Llama-3.1-8B-Instruct] Temp=0.0 Rep=1 → Concordo fortemente
[2026-05-08 15:10:55,789][__main__][INFO] - ✓ [meta-llama/Meta-Llama-3.1-70B-Instruct] Temp=0.0 Rep=1 → Discordo
[2026-05-08 15:10:55,790][__main__][INFO] - ✓ [meta-llama/Meta-Llama-3.1-70B-Instruct] Temp=0.0 Rep=1 → Concordo
[2026-05-08 15:10:55,831][__main__][INFO] - ✓ [meta-llama/Llama-4-Scout-17B-16E-Instruct] Temp=0.0 Rep=1 → Discordo
[2026-05-08 15:10:55,835][__main__][INFO] - ✓ [meta-llama/Meta-Llama-3.1-8B-Instruct] Temp=0.0 Rep=1 → Concordo fortemente
[2026-05-08 15:10:55,866][__main__][INFO] - ✓ [meta-llama/Meta-Llama-3.1-70B-Instruct] Temp=0.0 Rep=1 → Concordo
[2026-05-08 15:10:55,881][__main__][INFO] - ✓ [meta-llama/Llama-4-Scout-17B-16E-Instruct] Temp=0.0 Rep=1 → Concordo fortemente
[2026-05-08 15:10:55,954][__main__][INFO] - ✓ [meta-llama/Llama-4-Scout-17B-16E-Instruct] Temp=0.0 Rep=1 → Concordo
[2026-05-08 15:10:55,996][__main__][INFO] - ✓ [meta-llama/Meta-Llama-3.1-70B-Instruct] Temp=0.0 Rep=1 → Concordo fortemente
[2026-05-08 15:10:56,122][__main__][INFO] - ✓ [meta-llama/Meta-Llama-3.1-8B-Instruct] Temp=0.0 Rep=1 → Concordo fortemente
[2026-05-08 15:10:56,215][__main__][INFO] - ✓ [meta-llama/Llama-4-Scout-17B-16E-Instruct] Temp=0.0 Rep=1 → Concordo fortemente
[2026-05-08 15:10:56,313][__main__][INFO] - ✓ [meta-llama/Meta-Llama-3.1-8B-Instruct] Temp=0.0 Rep=1 → Concordo fortemente
[2026-05-08 15:10:56,314][__main__][INFO] - ✓ [meta-llama/Meta-Llama-3.1-70B-Instruct] Temp=0.0 Rep=1 → Concordo
[2026-05-08 15:10:56,314][__main__][INFO] - ✓ [meta-llama/Meta-Llama-3.1-8B-Instruct] Temp=0.0 Rep=1 → Concordo fortemente
[2026-05-08 15:10:56,317][__main__][INFO] - ✓ [meta-llama/Meta-Llama-3.1-8B-Instruct] Temp=0.0 Rep=1 → Concordo fortemente
[2026-05-08 15:10:56,392][__main__][INFO] - ✓ [meta-llama/Meta-Llama-3.1-70B-Instruct] Temp=0.0 Rep=1 → Concordo fortemente
[2026-05-08 15:10:56,433][__main__][INFO] - ✓ [meta-llama/Llama-4-Scout-17B-16E-Instruct] Temp=0.0 Rep=1 → Concordo fortemente
[2026-05-08 15:10:56,513][__main__][INFO] - ✓ [meta-llama/Meta-Llama-3.1-8B-Instruct] Temp=0.0 Rep=1 → Concordo fortemente
[2026-05-08 15:10:56,627][__main__][INFO] - ✓ [meta-llama/Meta-Llama-3.1-70B-Instruct] Temp=0.0 Rep=1 → Discordo
[2026-05-08 15:10:56,670][__main__][INFO] - ✓ [meta-llama/Llama-4-Scout-17B-16E-Instruct] Temp=0.0 Rep=1 → Discordo
[2026-05-08 15:10:56,675][__main__][INFO] - ✓ [meta-llama/Llama-4-Scout-17B-16E-Instruct] Temp=0.0 Rep=1 → Concordo fortemente
[2026-05-08 15:10:56,720][__main__][INFO] - ✓ [meta-llama/Llama-4-Scout-17B-16E-Instruct] Temp=0.0 Rep=1 → Discordo fortemente
[2026-05-08 15:10:56,735][__main__][INFO] - ✓ [meta-llama/Llama-4-Scout-17B-16E-Instruct] Temp=0.0 Rep=1 → Concordo fortemente
[2026-05-08 15:10:56,837][__main__][INFO] - ✓ [meta-llama/Meta-Llama-3.1-70B-Instruct] Temp=0.0 Rep=1 → Discordo
[2026-05-08 15:10:56,846][__main__][INFO] - ✓ [meta-llama/Meta-Llama-3.1-70B-Instruct] Temp=0.0 Rep=1 → Concordo fortemente
[2026-05-08 15:10:57,011][__main__][INFO] - Salvamento incremental (640 novas respostas)...
[2026-05-08 15:10:57,054][__main__][INFO] - Cache salvo com 202715 entradas
[2026-05-08 15:10:57,054][__main__][INFO] - ✓ [meta-llama/Meta-Llama-3.1-8B-Instruct] Temp=0.0 Rep=1 → Concordo fortemente
[2026-05-08 15:10:57,056][__main__][INFO] - ✓ [meta-llama/Meta-Llama-3.1-70B-Instruct] Temp=0.0 Rep=1 → Concordo
[2026-05-08 15:10:57,079][__main__][INFO] - ✓ [meta-llama/Meta-Llama-3.1-70B-Instruct] Temp=0.0 Rep=1 → Concordo fortemente
[2026-05-08 15:10:57,089][__main__][INFO] - ✓ [meta-llama/Meta-Llama-3.1-8B-Instruct] Temp=0.0 Rep=1 → Concordo fortemente
[2026-05-08 15:10:57,131][__main__][INFO] - ✓ [meta-llama/Meta-Llama-3.1-70B-Instruct] Temp=0.0 Rep=1 → Concordo fortemente
[2026-05-08 15:10:57,160][__main__][INFO] - ✓ [meta-llama/Meta-Llama-3.1-8B-Instruct] Temp=0.0 Rep=1 → Concordo fortemente
[2026-05-08 15:10:57,184][__main__][INFO] - ✓ [meta-llama/Llama-4-Scout-17B-16E-Instruct] Temp=0.0 Rep=1 → Concordo fortemente
[2026-05-08 15:10:57,195][__main__][INFO] - ✓ [meta-llama/Llama-4-Scout-17B-16E-Instruct] Temp=0.0 Rep=1 → Concordo fortemente
[2026-05-08 15:10:57,212][__main__][INFO] - ✓ [meta-llama/Llama-4-Scout-17B-16E-Instruct] Temp=0.0 Rep=1 → Concordo fortemente
[2026-05-08 15:10:57,362][__main__][INFO] - ✓ [meta-llama/Meta-Llama-3.1-8B-Instruct] Temp=0.0 Rep=1 → Concordo
[2026-05-08 15:10:57,459][__main__][INFO] - ✓ [meta-llama/Meta-Llama-3.1-8B-Instruct] Temp=0.0 Rep=1 → Concordo fortemente
[2026-05-08 15:10:57,518][__main__][INFO] - ✓ [meta-llama/Meta-Llama-3.1-8B-Instruct] Temp=0.0 Rep=1 → Concordo fortemente
[2026-05-08 15:10:57,586][__main__][INFO] - ✓ [meta-llama/Llama-4-Scout-17B-16E-Instruct] Temp=0.0 Rep=1 → Concordo
[2026-05-08 15:10:57,588][__main__][INFO] - ✓ [meta-llama/Llama-4-Scout-17B-16E-Instruct] Temp=0.0 Rep=1 → Concordo fortemente
[2026-05-08 15:10:57,589][__main__][INFO] - ✓ [meta-llama/Llama-4-Scout-17B-16E-Instruct] Temp=0.0 Rep=1 → Concordo fortemente
[2026-05-08 15:10:57,664][__main__][INFO] - ✓ [meta-llama/Meta-Llama-3.1-70B-Instruct] Temp=0.0 Rep=1 → Discordo
[2026-05-08 15:10:57,690][__main__][INFO] - ✓ [meta-llama/Meta-Llama-3.1-8B-Instruct] Temp=0.0 Rep=1 → Concordo fortemente
[2026-05-08 15:10:57,712][__main__][INFO] - ✓ [meta-llama/Meta-Llama-3.1-70B-Instruct] Temp=0.0 Rep=1 → Concordo
[2026-05-08 15:10:57,783][__main__][INFO] - ✓ [meta-llama/Meta-Llama-3.1-70B-Instruct] Temp=0.0 Rep=1 → Concordo fortemente
[2026-05-08 15:10:57,886][__main__][INFO] - ✓ [meta-llama/Meta-Llama-3.1-8B-Instruct] Temp=0.0 Rep=1 → Concordo fortemente
[2026-05-08 15:10:58,024][__main__][INFO] - ✓ [meta-llama/Meta-Llama-3.1-8B-Instruct] Temp=0.0 Rep=1 → Concordo fortemente
[2026-05-08 15:10:58,053][__main__][INFO] - ✓ [meta-llama/Meta-Llama-3.1-8B-Instruct] Temp=0.0 Rep=1 → Concordo
[2026-05-08 15:10:58,116][__main__][INFO] - ✓ [meta-llama/Meta-Llama-3.1-70B-Instruct] Temp=0.0 Rep=1 → Concordo
[2026-05-08 15:10:58,120][__main__][INFO] - ✓ [meta-llama/Llama-4-Scout-17B-16E-Instruct] Temp=0.0 Rep=1 → Concordo fortemente
[2026-05-08 15:10:58,144][__main__][INFO] - ✓ [meta-llama/Llama-4-Scout-17B-16E-Instruct] Temp=0.0 Rep=1 → Concordo fortemente
[2026-05-08 15:10:58,150][__main__][INFO] - ✓ [meta-llama/Llama-4-Scout-17B-16E-Instruct] Temp=0.0 Rep=1 → Concordo
[2026-05-08 15:10:58,208][__main__][INFO] - ✓ [meta-llama/Meta-Llama-3.1-70B-Instruct] Temp=0.0 Rep=1 → Concordo
[2026-05-08 15:10:58,277][__main__][INFO] - ✓ [meta-llama/Meta-Llama-3.1-70B-Instruct] Temp=0.0 Rep=1 → Concordo fortemente
[2026-05-08 15:10:58,411][__main__][INFO] - ✓ [meta-llama/Meta-Llama-3.1-8B-Instruct] Temp=0.0 Rep=1 → Concordo fortemente
[2026-05-08 15:10:58,480][__main__][INFO] - ✓ [meta-llama/Meta-Llama-3.1-8B-Instruct] Temp=0.0 Rep=1 → Concordo fortemente
[2026-05-08 15:10:58,520][__main__][INFO] - ✓ [meta-llama/Meta-Llama-3.1-8B-Instruct] Temp=0.0 Rep=1 → Concordo fortemente
[2026-05-08 15:10:58,563][__main__][INFO] - ✓ [meta-llama/Llama-4-Scout-17B-16E-Instruct] Temp=0.0 Rep=1 → Concordo fortemente
[2026-05-08 15:10:58,567][__main__][INFO] - ✓ [meta-llama/Llama-4-Scout-17B-16E-Instruct] Temp=0.0 Rep=1 → Concordo fortemente
[2026-05-08 15:10:58,587][__main__][INFO] - ✓ [meta-llama/Llama-4-Scout-17B-16E-Instruct] Temp=0.0 Rep=1 → Concordo fortemente
[2026-05-08 15:10:58,620][__main__][INFO] - ✓ [meta-llama/Meta-Llama-3.1-70B-Instruct] Temp=0.0 Rep=1 → Concordo
[2026-05-08 15:10:58,679][__main__][INFO] - ✓ [meta-llama/Meta-Llama-3.1-70B-Instruct] Temp=0.0 Rep=1 → Concordo fortemente
[2026-05-08 15:10:58,720][__main__][INFO] - ✓ [meta-llama/Meta-Llama-3.1-8B-Instruct] Temp=0.0 Rep=1 → Concordo fortemente
[2026-05-08 15:10:58,735][__main__][INFO] - ✓ [meta-llama/Meta-Llama-3.1-70B-Instruct] Temp=0.0 Rep=1 → Concordo fortemente
[2026-05-08 15:10:59,048][__main__][INFO] - ✓ [meta-llama/Meta-Llama-3.1-70B-Instruct] Temp=0.0 Rep=1 → Discordo
[2026-05-08 15:10:59,053][__main__][INFO] - ✓ [meta-llama/Meta-Llama-3.1-8B-Instruct] Temp=0.0 Rep=1 → Concordo fortemente
[2026-05-08 15:10:59,115][__main__][INFO] - Salvamento incremental (680 novas respostas)...
[2026-05-08 15:10:59,161][__main__][INFO] - Cache salvo com 202755 entradas
[2026-05-08 15:10:59,161][__main__][INFO] - ✓ [meta-llama/Llama-4-Scout-17B-16E-Instruct] Temp=0.0 Rep=1 → Concordo fortemente
[2026-05-08 15:10:59,163][__main__][INFO] - ✓ [meta-llama/Meta-Llama-3.1-70B-Instruct] Temp=0.0 Rep=1 → Concordo fortemente
[2026-05-08 15:10:59,163][__main__][INFO] - ✓ [meta-llama/Llama-4-Scout-17B-16E-Instruct] Temp=0.0 Rep=1 → Concordo fortemente
[2026-05-08 15:10:59,165][__main__][INFO] - ✓ [meta-llama/Llama-4-Scout-17B-16E-Instruct] Temp=0.0 Rep=1 → Concordo fortemente
[2026-05-08 15:10:59,171][__main__][INFO] - ✓ [meta-llama/Meta-Llama-3.1-70B-Instruct] Temp=0.0 Rep=1 → Concordo fortemente
[2026-05-08 15:10:59,189][__main__][INFO] - ✓ [meta-llama/Meta-Llama-3.1-8B-Instruct] Temp=0.0 Rep=1 → Concordo fortemente
[2026-05-08 15:10:59,311][__main__][INFO] - ✓ [meta-llama/Meta-Llama-3.1-8B-Instruct] Temp=0.0 Rep=1 → Concordo fortemente
[2026-05-08 15:10:59,364][__main__][INFO] - ✓ [meta-llama/Meta-Llama-3.1-8B-Instruct] Temp=0.0 Rep=1 → Concordo fortemente
[2026-05-08 15:10:59,621][__main__][INFO] - ✓ [meta-llama/Llama-4-Scout-17B-16E-Instruct] Temp=0.0 Rep=1 → Concordo fortemente
[2026-05-08 15:10:59,622][__main__][INFO] - ✓ [meta-llama/Llama-4-Scout-17B-16E-Instruct] Temp=0.0 Rep=1 → Concordo fortemente
[2026-05-08 15:10:59,627][__main__][INFO] - ✓ [meta-llama/Llama-4-Scout-17B-16E-Instruct] Temp=0.0 Rep=1 → Concordo fortemente
[2026-05-08 15:10:59,653][__main__][INFO] - ✓ [meta-llama/Meta-Llama-3.1-70B-Instruct] Temp=0.0 Rep=1 → Concordo
[2026-05-08 15:10:59,675][__main__][INFO] - ✓ [meta-llama/Meta-Llama-3.1-8B-Instruct] Temp=0.0 Rep=1 → Concordo fortemente
[2026-05-08 15:10:59,713][__main__][INFO] - ✓ [meta-llama/Meta-Llama-3.1-70B-Instruct] Temp=0.0 Rep=1 → Concordo fortemente
[2026-05-08 15:10:59,822][__main__][INFO] - ✓ [meta-llama/Meta-Llama-3.1-70B-Instruct] Temp=0.0 Rep=1 → Concordo fortemente
[2026-05-08 15:10:59,844][__main__][INFO] - ✓ [meta-llama/Meta-Llama-3.1-8B-Instruct] Temp=0.0 Rep=1 → Concordo fortemente
[2026-05-08 15:10:59,872][__main__][INFO] - ✓ [meta-llama/Meta-Llama-3.1-8B-Instruct] Temp=0.0 Rep=1 → Concordo fortemente
[2026-05-08 15:11:00,029][__main__][INFO] - ✓ [meta-llama/Llama-4-Scout-17B-16E-Instruct] Temp=0.0 Rep=1 → Concordo fortemente
[2026-05-08 15:11:00,043][__main__][INFO] - ✓ [meta-llama/Llama-4-Scout-17B-16E-Instruct] Temp=0.0 Rep=1 → Concordo fortemente
[2026-05-08 15:11:00,048][__main__][INFO] - ✓ [meta-llama/Llama-4-Scout-17B-16E-Instruct] Temp=0.0 Rep=1 → Concordo fortemente
[2026-05-08 15:11:00,132][__main__][INFO] - ✓ [meta-llama/Meta-Llama-3.1-70B-Instruct] Temp=0.0 Rep=1 → Concordo fortemente
[2026-05-08 15:11:00,153][__main__][INFO] - ✓ [meta-llama/Meta-Llama-3.1-70B-Instruct] Temp=0.0 Rep=1 → Concordo
[2026-05-08 15:11:00,156][__main__][INFO] - ✓ [meta-llama/Meta-Llama-3.1-8B-Instruct] Temp=0.0 Rep=1 → Concordo fortemente
[2026-05-08 15:11:00,223][__main__][INFO] - ✓ [meta-llama/Meta-Llama-3.1-70B-Instruct] Temp=0.0 Rep=1 → Concordo fortemente
[2026-05-08 15:11:00,313][__main__][INFO] - ✓ [meta-llama/Meta-Llama-3.1-70B-Instruct] Temp=0.0 Rep=1 → Concordo fortemente
[2026-05-08 15:11:00,342][__main__][INFO] - ✓ [meta-llama/Meta-Llama-3.1-8B-Instruct] Temp=0.0 Rep=1 → Concordo fortemente
[2026-05-08 15:11:00,508][__main__][INFO] - ✓ [meta-llama/Meta-Llama-3.1-8B-Instruct] Temp=0.0 Rep=1 → Concordo fortemente
[2026-05-08 15:11:00,511][__main__][INFO] - ✓ [meta-llama/Meta-Llama-3.1-70B-Instruct] Temp=0.0 Rep=1 → Concordo fortemente
[2026-05-08 15:11:00,512][__main__][INFO] - ✓ [meta-llama/Meta-Llama-3.1-70B-Instruct] Temp=0.0 Rep=1 → Concordo fortemente
[2026-05-08 15:11:00,539][__main__][INFO] - ✓ [meta-llama/Llama-4-Scout-17B-16E-Instruct] Temp=0.0 Rep=1 → Concordo fortemente
[2026-05-08 15:11:00,552][__main__][INFO] - ✓ [meta-llama/Llama-4-Scout-17B-16E-Instruct] Temp=0.0 Rep=1 → Concordo fortemente
[2026-05-08 15:11:00,556][__main__][INFO] - ✓ [meta-llama/Llama-4-Scout-17B-16E-Instruct] Temp=0.0 Rep=1 → Concordo fortemente
[2026-05-08 15:11:00,768][__main__][INFO] - ✓ [meta-llama/Meta-Llama-3.1-70B-Instruct] Temp=0.0 Rep=1 → Concordo fortemente
[2026-05-08 15:11:00,816][__main__][INFO] - ✓ [meta-llama/Meta-Llama-3.1-8B-Instruct] Temp=0.0 Rep=1 → Concordo
[2026-05-08 15:11:00,854][__main__][INFO] - ✓ [meta-llama/Meta-Llama-3.1-70B-Instruct] Temp=0.0 Rep=1 → Concordo
[2026-05-08 15:11:00,874][__main__][INFO] - ✓ [meta-llama/Meta-Llama-3.1-8B-Instruct] Temp=0.0 Rep=1 → Concordo
[2026-05-08 15:11:00,903][__main__][INFO] - ✓ [meta-llama/Meta-Llama-3.1-8B-Instruct] Temp=0.0 Rep=1 → Concordo
[2026-05-08 15:11:00,932][__main__][INFO] - ✓ [meta-llama/Meta-Llama-3.1-70B-Instruct] Temp=0.0 Rep=1 → Concordo fortemente
[2026-05-08 15:11:01,032][__main__][INFO] - ✓ [meta-llama/Llama-4-Scout-17B-16E-Instruct] Temp=0.0 Rep=1 → Concordo
[2026-05-08 15:11:01,033][__main__][INFO] - ✓ [meta-llama/Llama-4-Scout-17B-16E-Instruct] Temp=0.0 Rep=1 → Concordo fortemente
[2026-05-08 15:11:01,045][__main__][INFO] - Salvamento incremental (720 novas respostas)...
[2026-05-08 15:11:01,088][__main__][INFO] - Cache salvo com 202795 entradas
[2026-05-08 15:11:01,088][__main__][INFO] - ✓ [meta-llama/Llama-4-Scout-17B-16E-Instruct] Temp=0.0 Rep=1 → Concordo fortemente
[2026-05-08 15:11:01,175][__main__][INFO] - ✓ [meta-llama/Meta-Llama-3.1-8B-Instruct] Temp=0.0 Rep=1 → Concordo fortemente
[2026-05-08 15:11:01,382][__main__][INFO] - ✓ [meta-llama/Meta-Llama-3.1-8B-Instruct] Temp=0.0 Rep=1 → Concordo fortemente
[2026-05-08 15:11:01,386][__main__][INFO] - ✓ [meta-llama/Meta-Llama-3.1-8B-Instruct] Temp=0.0 Rep=1 → Concordo
[2026-05-08 15:11:01,390][__main__][INFO] - ✓ [meta-llama/Meta-Llama-3.1-70B-Instruct] Temp=0.0 Rep=1 → Discordo
[2026-05-08 15:11:01,407][__main__][INFO] - ✓ [meta-llama/Llama-4-Scout-17B-16E-Instruct] Temp=0.0 Rep=1 → Concordo
[2026-05-08 15:11:01,435][__main__][INFO] - ✓ [meta-llama/Llama-4-Scout-17B-16E-Instruct] Temp=0.0 Rep=1 → Concordo
[2026-05-08 15:11:01,565][__main__][INFO] - ✓ [meta-llama/Llama-4-Scout-17B-16E-Instruct] Temp=0.0 Rep=1 → Concordo fortemente
[2026-05-08 15:11:01,568][__main__][INFO] - ✓ [meta-llama/Meta-Llama-3.1-70B-Instruct] Temp=0.0 Rep=1 → Concordo
[2026-05-08 15:11:01,569][__main__][INFO] - ✓ [meta-llama/Meta-Llama-3.1-70B-Instruct] Temp=0.0 Rep=1 → Concordo
[2026-05-08 15:11:01,688][__main__][INFO] - ✓ [meta-llama/Meta-Llama-3.1-8B-Instruct] Temp=0.0 Rep=1 → Concordo fortemente
[2026-05-08 15:11:01,829][__main__][INFO] - ✓ [meta-llama/Meta-Llama-3.1-8B-Instruct] Temp=0.0 Rep=1 → Concordo fortemente
[2026-05-08 15:11:01,865][__main__][INFO] - ✓ [meta-llama/Llama-4-Scout-17B-16E-Instruct] Temp=0.0 Rep=1 → Concordo fortemente
[2026-05-08 15:11:01,916][__main__][INFO] - ✓ [meta-llama/Llama-4-Scout-17B-16E-Instruct] Temp=0.0 Rep=1 → Concordo fortemente
[2026-05-08 15:11:01,921][__main__][INFO] - ✓ [meta-llama/Llama-4-Scout-17B-16E-Instruct] Temp=0.0 Rep=1 → Concordo fortemente
[2026-05-08 15:11:01,974][__main__][INFO] - ✓ [meta-llama/Meta-Llama-3.1-70B-Instruct] Temp=0.0 Rep=1 → Concordo
[2026-05-08 15:11:02,082][__main__][INFO] - ✓ [meta-llama/Meta-Llama-3.1-8B-Instruct] Temp=0.0 Rep=1 → Concordo fortemente
[2026-05-08 15:11:02,084][__main__][INFO] - ✓ [meta-llama/Meta-Llama-3.1-70B-Instruct] Temp=0.0 Rep=1 → Concordo fortemente
[2026-05-08 15:11:02,089][__main__][INFO] - ✓ [meta-llama/Meta-Llama-3.1-70B-Instruct] Temp=0.0 Rep=1 → Concordo fortemente
[2026-05-08 15:11:02,171][__main__][INFO] - ✓ [meta-llama/Meta-Llama-3.1-8B-Instruct] Temp=0.0 Rep=1 → Concordo fortemente
[2026-05-08 15:11:02,447][__main__][INFO] - ✓ [meta-llama/Meta-Llama-3.1-8B-Instruct] Temp=0.0 Rep=1 → Concordo fortemente
[2026-05-08 15:11:02,457][__main__][INFO] - ✓ [meta-llama/Meta-Llama-3.1-8B-Instruct] Temp=0.0 Rep=1 → Concordo fortemente
[2026-05-08 15:11:02,460][__main__][INFO] - ✓ [meta-llama/Meta-Llama-3.1-70B-Instruct] Temp=0.0 Rep=1 → Concordo
[2026-05-08 15:11:02,480][__main__][INFO] - ✓ [meta-llama/Meta-Llama-3.1-70B-Instruct] Temp=0.0 Rep=1 → Concordo
[2026-05-08 15:11:02,492][__main__][INFO] - ✓ [meta-llama/Meta-Llama-3.1-8B-Instruct] Temp=0.0 Rep=1 → Concordo fortemente
[2026-05-08 15:11:02,605][__main__][INFO] - ✓ [meta-llama/Meta-Llama-3.1-70B-Instruct] Temp=0.0 Rep=1 → Concordo fortemente
[2026-05-08 15:11:02,608][__main__][INFO] - ✓ [meta-llama/Llama-4-Scout-17B-16E-Instruct] Temp=0.0 Rep=1 → Concordo fortemente
[2026-05-08 15:11:02,641][__main__][INFO] - ✓ [meta-llama/Llama-4-Scout-17B-16E-Instruct] Temp=0.0 Rep=1 → Concordo fortemente
[2026-05-08 15:11:02,711][__main__][INFO] - ✓ [meta-llama/Llama-4-Scout-17B-16E-Instruct] Temp=0.0 Rep=1 → Concordo fortemente
[2026-05-08 15:11:02,823][__main__][INFO] - ✓ [meta-llama/Meta-Llama-3.1-8B-Instruct] Temp=0.0 Rep=1 → Concordo fortemente
[2026-05-08 15:11:02,982][__main__][INFO] - ✓ [meta-llama/Meta-Llama-3.1-8B-Instruct] Temp=0.0 Rep=1 → Concordo fortemente
[2026-05-08 15:11:02,987][__main__][INFO] - ✓ [meta-llama/Llama-4-Scout-17B-16E-Instruct] Temp=0.0 Rep=1 → Concordo fortemente
[2026-05-08 15:11:03,033][__main__][INFO] - ✓ [meta-llama/Llama-4-Scout-17B-16E-Instruct] Temp=0.0 Rep=1 → Concordo fortemente
[2026-05-08 15:11:03,132][__main__][INFO] - ✓ [meta-llama/Llama-4-Scout-17B-16E-Instruct] Temp=0.0 Rep=1 → Concordo fortemente
[2026-05-08 15:11:03,133][__main__][INFO] - ✓ [meta-llama/Meta-Llama-3.1-8B-Instruct] Temp=0.0 Rep=1 → Concordo fortemente
[2026-05-08 15:11:03,136][__main__][INFO] - ✓ [meta-llama/Meta-Llama-3.1-70B-Instruct] Temp=0.0 Rep=1 → Concordo
[2026-05-08 15:11:03,145][__main__][INFO] - ✓ [meta-llama/Meta-Llama-3.1-70B-Instruct] Temp=0.0 Rep=1 → Concordo fortemente
[2026-05-08 15:11:03,161][__main__][INFO] - ✓ [meta-llama/Meta-Llama-3.1-70B-Instruct] Temp=0.0 Rep=1 → Concordo fortemente
[2026-05-08 15:11:03,332][__main__][INFO] - ✓ [meta-llama/Meta-Llama-3.1-8B-Instruct] Temp=0.0 Rep=1 → Concordo fortemente
[2026-05-08 15:11:03,428][__main__][INFO] - ✓ [meta-llama/Meta-Llama-3.1-8B-Instruct] Temp=0.0 Rep=1 → Concordo fortemente
[2026-05-08 15:11:03,446][__main__][INFO] - Salvamento incremental (760 novas respostas)...
[2026-05-08 15:11:03,504][__main__][INFO] - Cache salvo com 202835 entradas
[2026-05-08 15:11:03,504][__main__][INFO] - ✓ [meta-llama/Meta-Llama-3.1-8B-Instruct] Temp=0.0 Rep=1 → Concordo fortemente
[2026-05-08 15:11:03,539][__main__][INFO] - ✓ [meta-llama/Meta-Llama-3.1-70B-Instruct] Temp=0.0 Rep=1 → Concordo
[2026-05-08 15:11:03,653][__main__][INFO] - ✓ [meta-llama/Llama-4-Scout-17B-16E-Instruct] Temp=0.0 Rep=1 → Concordo
[2026-05-08 15:11:03,653][__main__][INFO] - ✓ [meta-llama/Meta-Llama-3.1-70B-Instruct] Temp=0.0 Rep=1 → Concordo
[2026-05-08 15:11:03,655][__main__][INFO] - ✓ [meta-llama/Meta-Llama-3.1-70B-Instruct] Temp=0.0 Rep=1 → Concordo fortemente
[2026-05-08 15:11:03,656][__main__][INFO] - ✓ [meta-llama/Llama-4-Scout-17B-16E-Instruct] Temp=0.0 Rep=1 → Discordo
[2026-05-08 15:11:03,671][__main__][INFO] - ✓ [meta-llama/Llama-4-Scout-17B-16E-Instruct] Temp=0.0 Rep=1 → Concordo fortemente
[2026-05-08 15:11:03,759][__main__][INFO] - ✓ [meta-llama/Meta-Llama-3.1-8B-Instruct] Temp=0.0 Rep=1 → Concordo fortemente
[2026-05-08 15:11:03,936][__main__][INFO] - ✓ [meta-llama/Meta-Llama-3.1-8B-Instruct] Temp=0.0 Rep=1 → Concordo fortemente
[2026-05-08 15:11:03,996][__main__][INFO] - ✓ [meta-llama/Meta-Llama-3.1-70B-Instruct] Temp=0.0 Rep=1 → Concordo
[2026-05-08 15:11:04,006][__main__][INFO] - ✓ [meta-llama/Llama-4-Scout-17B-16E-Instruct] Temp=0.0 Rep=1 → Concordo
[2026-05-08 15:11:04,011][__main__][INFO] - ✓ [meta-llama/Meta-Llama-3.1-70B-Instruct] Temp=0.0 Rep=1 → Concordo fortemente
[2026-05-08 15:11:04,063][__main__][INFO] - ✓ [meta-llama/Meta-Llama-3.1-70B-Instruct] Temp=0.0 Rep=1 → Concordo fortemente
[2026-05-08 15:11:04,176][__main__][INFO] - ✓ [meta-llama/Meta-Llama-3.1-8B-Instruct] Temp=0.0 Rep=1 → Concordo fortemente
[2026-05-08 15:11:04,177][__main__][INFO] - ✓ [meta-llama/Llama-4-Scout-17B-16E-Instruct] Temp=0.0 Rep=1 → Concordo fortemente
[2026-05-08 15:11:04,309][__main__][INFO] - ✓ [meta-llama/Meta-Llama-3.1-8B-Instruct] Temp=0.0 Rep=1 → Concordo fortemente
[2026-05-08 15:11:04,321][__main__][INFO] - ✓ [meta-llama/Meta-Llama-3.1-8B-Instruct] Temp=0.0 Rep=1 → Concordo fortemente
[2026-05-08 15:11:04,430][__main__][INFO] - ✓ [meta-llama/Llama-4-Scout-17B-16E-Instruct] Temp=0.0 Rep=1 → Discordo fortemente
[2026-05-08 15:11:04,508][__main__][INFO] - ✓ [meta-llama/Llama-4-Scout-17B-16E-Instruct] Temp=0.0 Rep=1 → Discordo
[2026-05-08 15:11:04,516][__main__][INFO] - ✓ [meta-llama/Meta-Llama-3.1-70B-Instruct] Temp=0.0 Rep=1 → Discordo
[2026-05-08 15:11:04,552][__main__][INFO] - ✓ [meta-llama/Llama-4-Scout-17B-16E-Instruct] Temp=0.0 Rep=1 → Concordo
[2026-05-08 15:11:04,555][__main__][INFO] - ✓ [meta-llama/Llama-4-Scout-17B-16E-Instruct] Temp=0.0 Rep=1 → Concordo fortemente
[2026-05-08 15:11:04,589][__main__][INFO] - ✓ [meta-llama/Meta-Llama-3.1-70B-Instruct] Temp=0.0 Rep=1 → Concordo
[2026-05-08 15:11:04,703][__main__][INFO] - ✓ [meta-llama/Meta-Llama-3.1-8B-Instruct] Temp=0.0 Rep=1 → Concordo fortemente
[2026-05-08 15:11:04,706][__main__][INFO] - ✓ [meta-llama/Meta-Llama-3.1-8B-Instruct] Temp=0.0 Rep=1 → Concordo fortemente
[2026-05-08 15:11:04,706][__main__][INFO] - ✓ [meta-llama/Meta-Llama-3.1-70B-Instruct] Temp=0.0 Rep=1 → Concordo fortemente
[2026-05-08 15:11:05,019][__main__][INFO] - ✓ [meta-llama/Meta-Llama-3.1-70B-Instruct] Temp=0.0 Rep=1 → Discordo
[2026-05-08 15:11:05,022][__main__][INFO] - ✓ [meta-llama/Meta-Llama-3.1-8B-Instruct] Temp=0.0 Rep=1 → Concordo fortemente
[2026-05-08 15:11:05,046][__main__][INFO] - ✓ [meta-llama/Meta-Llama-3.1-70B-Instruct] Temp=0.0 Rep=1 → Concordo
[2026-05-08 15:11:05,057][__main__][INFO] - ✓ [meta-llama/Llama-4-Scout-17B-16E-Instruct] Temp=0.0 Rep=1 → Concordo fortemente
[2026-05-08 15:11:05,070][__main__][INFO] - ✓ [meta-llama/Meta-Llama-3.1-70B-Instruct] Temp=0.0 Rep=1 → Concordo fortemente
[2026-05-08 15:11:05,237][__main__][INFO] - ✓ [meta-llama/Llama-4-Scout-17B-16E-Instruct] Temp=0.0 Rep=1 → Discordo fortemente
[2026-05-08 15:11:05,239][__main__][INFO] - ✓ [meta-llama/Llama-4-Scout-17B-16E-Instruct] Temp=0.0 Rep=1 → Concordo fortemente
[2026-05-08 15:11:05,332][__main__][INFO] - ✓ [meta-llama/Meta-Llama-3.1-8B-Instruct] Temp=0.0 Rep=1 → Concordo fortemente
[2026-05-08 15:11:05,355][__main__][INFO] - ✓ [meta-llama/Meta-Llama-3.1-8B-Instruct] Temp=0.0 Rep=1 → Concordo fortemente
[2026-05-08 15:11:05,357][__main__][INFO] - ✓ [meta-llama/Meta-Llama-3.1-8B-Instruct] Temp=0.0 Rep=1 → Concordo fortemente
[2026-05-08 15:11:05,520][__main__][INFO] - ✓ [meta-llama/Llama-4-Scout-17B-16E-Instruct] Temp=0.0 Rep=1 → Concordo fortemente
[2026-05-08 15:11:05,602][__main__][INFO] - ✓ [meta-llama/Llama-4-Scout-17B-16E-Instruct] Temp=0.0 Rep=1 → Discordo
[2026-05-08 15:11:05,616][__main__][INFO] - ✓ [meta-llama/Meta-Llama-3.1-70B-Instruct] Temp=0.0 Rep=1 → Discordo
[2026-05-08 15:11:05,636][__main__][INFO] - ✓ [meta-llama/Llama-4-Scout-17B-16E-Instruct] Temp=0.0 Rep=1 → Discordo
[2026-05-08 15:11:05,750][__main__][INFO] - Salvamento incremental (800 novas respostas)...
[2026-05-08 15:11:05,799][__main__][INFO] - Cache salvo com 202875 entradas
[2026-05-08 15:11:05,799][__main__][INFO] - ✓ [meta-llama/Meta-Llama-3.1-8B-Instruct] Temp=0.0 Rep=1 → Concordo fortemente
[2026-05-08 15:11:05,801][__main__][INFO] - ✓ [meta-llama/Meta-Llama-3.1-70B-Instruct] Temp=0.0 Rep=1 → Concordo
[2026-05-08 15:11:05,802][__main__][INFO] - ✓ [meta-llama/Meta-Llama-3.1-70B-Instruct] Temp=0.0 Rep=1 → Concordo fortemente
[2026-05-08 15:11:05,879][__main__][INFO] - ✓ [meta-llama/Meta-Llama-3.1-8B-Instruct] Temp=0.0 Rep=1 → Concordo fortemente
[2026-05-08 15:11:05,888][__main__][INFO] - ✓ [meta-llama/Meta-Llama-3.1-70B-Instruct] Temp=0.0 Rep=1 → Concordo fortemente
[2026-05-08 15:11:05,939][__main__][INFO] - ✓ [meta-llama/Meta-Llama-3.1-8B-Instruct] Temp=0.0 Rep=1 → Concordo fortemente
[2026-05-08 15:11:05,977][__main__][INFO] - ✓ [meta-llama/Meta-Llama-3.1-70B-Instruct] Temp=0.0 Rep=1 → Concordo
[2026-05-08 15:11:06,096][__main__][INFO] - ✓ [meta-llama/Meta-Llama-3.1-70B-Instruct] Temp=0.0 Rep=1 → Concordo fortemente
[2026-05-08 15:11:06,129][__main__][INFO] - ✓ [meta-llama/Meta-Llama-3.1-8B-Instruct] Temp=0.0 Rep=1 → Concordo fortemente
[2026-05-08 15:11:06,179][__main__][INFO] - ✓ [meta-llama/Meta-Llama-3.1-8B-Instruct] Temp=0.0 Rep=1 → Concordo fortemente
[2026-05-08 15:11:06,274][__main__][INFO] - ✓ [meta-llama/Llama-4-Scout-17B-16E-Instruct] Temp=0.0 Rep=1 → Concordo fortemente
[2026-05-08 15:11:06,277][__main__][INFO] - ✓ [meta-llama/Llama-4-Scout-17B-16E-Instruct] Temp=0.0 Rep=1 → Concordo fortemente
[2026-05-08 15:11:06,287][__main__][INFO] - ✓ [meta-llama/Llama-4-Scout-17B-16E-Instruct] Temp=0.0 Rep=1 → Concordo fortemente
[2026-05-08 15:11:06,408][__main__][INFO] - ✓ [meta-llama/Meta-Llama-3.1-8B-Instruct] Temp=0.0 Rep=1 → Concordo fortemente
[2026-05-08 15:11:06,423][__main__][INFO] - ✓ [meta-llama/Meta-Llama-3.1-70B-Instruct] Temp=0.0 Rep=1 → Discordo
[2026-05-08 15:11:06,495][__main__][INFO] - ✓ [meta-llama/Meta-Llama-3.1-70B-Instruct] Temp=0.0 Rep=1 → Concordo
[2026-05-08 15:11:06,583][__main__][INFO] - ✓ [meta-llama/Meta-Llama-3.1-70B-Instruct] Temp=0.0 Rep=1 → Concordo fortemente
[2026-05-08 15:11:06,698][__main__][INFO] - ✓ [meta-llama/Llama-4-Scout-17B-16E-Instruct] Temp=0.0 Rep=1 → Discordo
[2026-05-08 15:11:06,798][__main__][INFO] - ✓ [meta-llama/Llama-4-Scout-17B-16E-Instruct] Temp=0.0 Rep=1 → Concordo fortemente
[2026-05-08 15:11:06,800][__main__][INFO] - ✓ [meta-llama/Llama-4-Scout-17B-16E-Instruct] Temp=0.0 Rep=1 → Discordo
[2026-05-08 15:11:06,888][__main__][INFO] - ✓ [meta-llama/Meta-Llama-3.1-8B-Instruct] Temp=0.0 Rep=1 → Concordo fortemente
[2026-05-08 15:11:06,917][__main__][INFO] - ✓ [meta-llama/Meta-Llama-3.1-8B-Instruct] Temp=0.0 Rep=1 → Concordo fortemente
[2026-05-08 15:11:06,978][__main__][INFO] - ✓ [meta-llama/Llama-4-Scout-17B-16E-Instruct] Temp=0.0 Rep=1 → Concordo fortemente
[2026-05-08 15:11:06,993][__main__][INFO] - ✓ [meta-llama/Meta-Llama-3.1-70B-Instruct] Temp=0.0 Rep=1 → Concordo
[2026-05-08 15:11:07,051][__main__][INFO] - ✓ [meta-llama/Meta-Llama-3.1-70B-Instruct] Temp=0.0 Rep=1 → Concordo fortemente
[2026-05-08 15:11:07,112][__main__][INFO] - ✓ [meta-llama/Meta-Llama-3.1-8B-Instruct] Temp=0.0 Rep=1 → Concordo fortemente
[2026-05-08 15:11:07,179][__main__][INFO] - ✓ [meta-llama/Llama-4-Scout-17B-16E-Instruct] Temp=0.0 Rep=1 → Concordo fortemente
[2026-05-08 15:11:07,323][__main__][INFO] - ✓ [meta-llama/Meta-Llama-3.1-70B-Instruct] Temp=0.0 Rep=1 → Concordo fortemente
[2026-05-08 15:11:07,323][__main__][INFO] - ✓ [meta-llama/Llama-4-Scout-17B-16E-Instruct] Temp=0.0 Rep=1 → Concordo fortemente
[2026-05-08 15:11:07,361][__main__][INFO] - ✓ [meta-llama/Meta-Llama-3.1-70B-Instruct] Temp=0.0 Rep=1 → Discordo
[2026-05-08 15:11:07,369][__main__][INFO] - ✓ [meta-llama/Llama-4-Scout-17B-16E-Instruct] Temp=0.0 Rep=1 → Concordo
[2026-05-08 15:11:07,392][__main__][INFO] - ✓ [meta-llama/Llama-4-Scout-17B-16E-Instruct] Temp=0.0 Rep=1 → Discordo
[2026-05-08 15:11:07,399][__main__][INFO] - ✓ [meta-llama/Llama-4-Scout-17B-16E-Instruct] Temp=0.0 Rep=1 → Concordo
[2026-05-08 15:11:07,612][__main__][INFO] - ✓ [meta-llama/Meta-Llama-3.1-70B-Instruct] Temp=0.0 Rep=1 → Concordo
[2026-05-08 15:11:07,883][__main__][INFO] - ✓ [meta-llama/Llama-4-Scout-17B-16E-Instruct] Temp=0.0 Rep=1 → Concordo fortemente
[2026-05-08 15:11:07,944][__main__][INFO] - ✓ [meta-llama/Meta-Llama-3.1-70B-Instruct] Temp=0.0 Rep=1 → Concordo
[2026-05-08 15:11:07,944][__main__][INFO] - ✓ [meta-llama/Meta-Llama-3.1-70B-Instruct] Temp=0.0 Rep=1 → Concordo fortemente
[2026-05-08 15:11:07,946][__main__][INFO] - ✓ [meta-llama/Llama-4-Scout-17B-16E-Instruct] Temp=0.0 Rep=1 → Concordo fortemente
[2026-05-08 15:11:07,952][__main__][INFO] - ✓ [meta-llama/Llama-4-Scout-17B-16E-Instruct] Temp=0.0 Rep=1 → Concordo fortemente
[2026-05-08 15:11:08,078][__main__][INFO] - ✓ [meta-llama/Meta-Llama-3.1-70B-Instruct] Temp=0.0 Rep=1 → Concordo fortemente
[2026-05-08 15:11:08,104][__main__][INFO] - Salvamento incremental (840 novas respostas)...
[2026-05-08 15:11:08,156][__main__][INFO] - Cache salvo com 202915 entradas
[2026-05-08 15:11:08,156][__main__][INFO] - ✓ [meta-llama/Meta-Llama-3.1-70B-Instruct] Temp=0.0 Rep=1 → Discordo
[2026-05-08 15:11:08,158][__main__][INFO] - ✓ [meta-llama/Meta-Llama-3.1-70B-Instruct] Temp=0.0 Rep=1 → Discordo fortemente
[2026-05-08 15:11:08,159][__main__][INFO] - ✓ [meta-llama/Meta-Llama-3.1-70B-Instruct] Temp=0.0 Rep=1 → Concordo fortemente
[2026-05-08 15:11:08,159][__main__][INFO] - ✓ [meta-llama/Meta-Llama-3.1-70B-Instruct] Temp=0.0 Rep=1 → Concordo fortemente
[2026-05-08 15:11:08,376][__main__][INFO] - ✓ [meta-llama/Llama-4-Scout-17B-16E-Instruct] Temp=0.0 Rep=1 → Discordo
[2026-05-08 15:11:08,381][__main__][INFO] - ✓ [meta-llama/Llama-4-Scout-17B-16E-Instruct] Temp=0.0 Rep=1 → Discordo fortemente
[2026-05-08 15:11:08,382][__main__][INFO] - ✓ [meta-llama/Llama-4-Scout-17B-16E-Instruct] Temp=0.0 Rep=1 → Concordo fortemente
[2026-05-08 15:11:08,604][__main__][INFO] - ✓ [meta-llama/Llama-4-Scout-17B-16E-Instruct] Temp=0.0 Rep=1 → Discordo
[2026-05-08 15:11:08,678][__main__][INFO] - ✓ [meta-llama/Llama-4-Scout-17B-16E-Instruct] Temp=0.0 Rep=1 → Concordo fortemente
[2026-05-08 15:11:08,683][__main__][INFO] - ✓ [meta-llama/Llama-4-Scout-17B-16E-Instruct] Temp=0.0 Rep=1 → Discordo fortemente
[2026-05-08 15:11:08,917][__main__][INFO] - ✓ [meta-llama/Llama-4-Scout-17B-16E-Instruct] Temp=0.0 Rep=1 → Concordo fortemente
[2026-05-08 15:11:08,974][__main__][INFO] - ✓ [meta-llama/Llama-4-Scout-17B-16E-Instruct] Temp=0.0 Rep=1 → Concordo fortemente
[2026-05-08 15:11:09,041][__main__][INFO] - ✓ [meta-llama/Llama-4-Scout-17B-16E-Instruct] Temp=0.0 Rep=1 → Concordo fortemente
[2026-05-08 15:11:09,586][__main__][INFO] - ✓ [meta-llama/Meta-Llama-3.1-70B-Instruct] Temp=0.0 Rep=1 → Discordo fortemente
[2026-05-08 15:11:09,589][__main__][INFO] - ✓ [meta-llama/Meta-Llama-3.1-70B-Instruct] Temp=0.0 Rep=1 → Concordo fortemente
[2026-05-08 15:11:09,609][__main__][INFO] - ✓ [meta-llama/Llama-4-Scout-17B-16E-Instruct] Temp=0.0 Rep=1 → Concordo fortemente
[2026-05-08 15:11:09,822][__main__][INFO] - ✓ [meta-llama/Meta-Llama-3.1-70B-Instruct] Temp=0.0 Rep=1 → Concordo
[2026-05-08 15:11:09,840][__main__][INFO] - ✓ [meta-llama/Meta-Llama-3.1-70B-Instruct] Temp=0.0 Rep=1 → Concordo
[2026-05-08 15:11:09,846][__main__][INFO] - ✓ [meta-llama/Meta-Llama-3.1-70B-Instruct] Temp=0.0 Rep=1 → Discordo fortemente
[2026-05-08 15:11:09,942][__main__][INFO] - ✓ [meta-llama/Meta-Llama-3.1-70B-Instruct] Temp=0.0 Rep=1 → Concordo fortemente
[2026-05-08 15:11:09,969][__main__][INFO] - ✓ [meta-llama/Meta-Llama-3.1-70B-Instruct] Temp=0.0 Rep=1 → Concordo fortemente
[2026-05-08 15:11:10,003][__main__][INFO] - ✓ [meta-llama/Meta-Llama-3.1-70B-Instruct] Temp=0.0 Rep=1 → Concordo fortemente
[2026-05-08 15:11:10,005][__main__][INFO] - ✓ [meta-llama/Llama-4-Scout-17B-16E-Instruct] Temp=0.0 Rep=1 → Concordo fortemente
[2026-05-08 15:11:10,028][__main__][INFO] - ✓ [meta-llama/Meta-Llama-3.1-70B-Instruct] Temp=0.0 Rep=1 → Concordo fortemente
[2026-05-08 15:11:10,182][__main__][INFO] - ✓ [meta-llama/Llama-4-Scout-17B-16E-Instruct] Temp=0.0 Rep=1 → Concordo fortemente
[2026-05-08 15:11:10,214][__main__][INFO] - ✓ [meta-llama/Meta-Llama-3.1-70B-Instruct] Temp=0.0 Rep=1 → Concordo fortemente
[2026-05-08 15:11:10,276][__main__][INFO] - ✓ [meta-llama/Meta-Llama-3.1-70B-Instruct] Temp=0.0 Rep=1 → Concordo
[2026-05-08 15:11:10,471][__main__][INFO] - ✓ [meta-llama/Llama-4-Scout-17B-16E-Instruct] Temp=0.0 Rep=1 → Concordo fortemente
[2026-05-08 15:11:10,564][__main__][INFO] - ✓ [meta-llama/Llama-4-Scout-17B-16E-Instruct] Temp=0.0 Rep=1 → Concordo fortemente
[2026-05-08 15:11:10,567][__main__][INFO] - ✓ [meta-llama/Llama-4-Scout-17B-16E-Instruct] Temp=0.0 Rep=1 → Concordo fortemente
[2026-05-08 15:11:10,594][__main__][INFO] - ✓ [meta-llama/Llama-4-Scout-17B-16E-Instruct] Temp=0.0 Rep=1 → Concordo
[2026-05-08 15:11:10,619][__main__][INFO] - ✓ [meta-llama/Llama-4-Scout-17B-16E-Instruct] Temp=0.0 Rep=1 → Discordo fortemente
[2026-05-08 15:11:10,620][__main__][INFO] - ✓ [meta-llama/Llama-4-Scout-17B-16E-Instruct] Temp=0.0 Rep=1 → Discordo
[2026-05-08 15:11:10,664][__main__][INFO] - ✓ [meta-llama/Meta-Llama-3.1-70B-Instruct] Temp=0.0 Rep=1 → Discordo
[2026-05-08 15:11:10,756][__main__][INFO] - ✓ [meta-llama/Meta-Llama-3.1-70B-Instruct] Temp=0.0 Rep=1 → Discordo fortemente
[2026-05-08 15:11:10,996][__main__][INFO] - ✓ [meta-llama/Meta-Llama-3.1-70B-Instruct] Temp=0.0 Rep=1 → Concordo fortemente
[2026-05-08 15:11:10,998][__main__][INFO] - ✓ [meta-llama/Llama-4-Scout-17B-16E-Instruct] Temp=0.0 Rep=1 → Concordo fortemente
[2026-05-08 15:11:11,006][__main__][INFO] - ✓ [meta-llama/Llama-4-Scout-17B-16E-Instruct] Temp=0.0 Rep=1 → Discordo fortemente
[2026-05-08 15:11:11,006][__main__][INFO] - ✓ [meta-llama/Llama-4-Scout-17B-16E-Instruct] Temp=0.0 Rep=1 → Concordo
[2026-05-08 15:11:11,205][__main__][INFO] - ✓ [meta-llama/Meta-Llama-3.1-70B-Instruct] Temp=0.0 Rep=1 → Concordo fortemente
[2026-05-08 15:11:11,348][__main__][INFO] - Salvamento incremental (880 novas respostas)...
[2026-05-08 15:11:11,399][__main__][INFO] - Cache salvo com 202955 entradas
[2026-05-08 15:11:11,399][__main__][INFO] - ✓ [meta-llama/Meta-Llama-3.1-70B-Instruct] Temp=0.0 Rep=1 → Discordo
[2026-05-08 15:11:11,402][__main__][INFO] - ✓ [meta-llama/Meta-Llama-3.1-70B-Instruct] Temp=0.0 Rep=1 → Discordo fortemente
[2026-05-08 15:11:11,402][__main__][INFO] - ✓ [meta-llama/Llama-4-Scout-17B-16E-Instruct] Temp=0.0 Rep=1 → Discordo
[2026-05-08 15:11:11,403][__main__][INFO] - ✓ [meta-llama/Llama-4-Scout-17B-16E-Instruct] Temp=0.0 Rep=1 → Concordo fortemente
[2026-05-08 15:11:11,556][__main__][INFO] - ✓ [meta-llama/Meta-Llama-3.1-70B-Instruct] Temp=0.0 Rep=1 → Concordo fortemente
[2026-05-08 15:11:11,559][__main__][INFO] - ✓ [meta-llama/Meta-Llama-3.1-70B-Instruct] Temp=0.0 Rep=1 → Concordo fortemente
[2026-05-08 15:11:11,585][__main__][INFO] - ✓ [meta-llama/Llama-4-Scout-17B-16E-Instruct] Temp=0.0 Rep=1 → Concordo
[2026-05-08 15:11:11,589][__main__][INFO] - ✓ [meta-llama/Meta-Llama-3.1-70B-Instruct] Temp=0.0 Rep=1 → Concordo
[2026-05-08 15:11:11,620][__main__][INFO] - ✓ [meta-llama/Meta-Llama-3.1-70B-Instruct] Temp=0.0 Rep=1 → Concordo fortemente
[2026-05-08 15:11:11,890][__main__][INFO] - ✓ [meta-llama/Llama-4-Scout-17B-16E-Instruct] Temp=0.0 Rep=1 → Concordo fortemente
[2026-05-08 15:11:11,924][__main__][INFO] - ✓ [meta-llama/Meta-Llama-3.1-70B-Instruct] Temp=0.0 Rep=1 → Concordo fortemente
[2026-05-08 15:11:12,042][__main__][INFO] - ✓ [meta-llama/Llama-4-Scout-17B-16E-Instruct] Temp=0.0 Rep=1 → Discordo
[2026-05-08 15:11:12,048][__main__][INFO] - ✓ [meta-llama/Llama-4-Scout-17B-16E-Instruct] Temp=0.0 Rep=1 → Concordo
[2026-05-08 15:11:12,049][__main__][INFO] - ✓ [meta-llama/Llama-4-Scout-17B-16E-Instruct] Temp=0.0 Rep=1 → Concordo fortemente
[2026-05-08 15:11:12,089][__main__][INFO] - ✓ [meta-llama/Meta-Llama-3.1-70B-Instruct] Temp=0.0 Rep=1 → Discordo
[2026-05-08 15:11:12,207][__main__][INFO] - ✓ [meta-llama/Meta-Llama-3.1-70B-Instruct] Temp=0.0 Rep=1 → Discordo
[2026-05-08 15:11:12,216][__main__][INFO] - ✓ [meta-llama/Meta-Llama-3.1-70B-Instruct] Temp=0.0 Rep=1 → Concordo fortemente
[2026-05-08 15:11:12,242][__main__][INFO] - ✓ [meta-llama/Meta-Llama-3.1-70B-Instruct] Temp=0.0 Rep=1 → Concordo
[2026-05-08 15:11:12,292][__main__][INFO] - ✓ [meta-llama/Llama-4-Scout-17B-16E-Instruct] Temp=0.0 Rep=1 → Concordo fortemente
[2026-05-08 15:11:12,300][__main__][INFO] - ✓ [meta-llama/Llama-4-Scout-17B-16E-Instruct] Temp=0.0 Rep=1 → Concordo fortemente
[2026-05-08 15:11:12,372][__main__][INFO] - ✓ [meta-llama/Meta-Llama-3.1-70B-Instruct] Temp=0.0 Rep=1 → Concordo fortemente
[2026-05-08 15:11:12,427][__main__][INFO] - ✓ [meta-llama/Llama-4-Scout-17B-16E-Instruct] Temp=0.0 Rep=1 → Discordo
[2026-05-08 15:11:12,736][__main__][INFO] - ✓ [meta-llama/Llama-4-Scout-17B-16E-Instruct] Temp=0.0 Rep=1 → Concordo fortemente
[2026-05-08 15:11:12,877][__main__][INFO] - ✓ [meta-llama/Llama-4-Scout-17B-16E-Instruct] Temp=0.0 Rep=1 → Concordo fortemente
[2026-05-08 15:11:12,927][__main__][INFO] - ✓ [meta-llama/Llama-4-Scout-17B-16E-Instruct] Temp=0.0 Rep=1 → Concordo
[2026-05-08 15:11:12,937][__main__][INFO] - ✓ [meta-llama/Llama-4-Scout-17B-16E-Instruct] Temp=0.0 Rep=1 → Concordo fortemente
[2026-05-08 15:11:13,094][__main__][INFO] - ✓ [meta-llama/Meta-Llama-3.1-70B-Instruct] Temp=0.0 Rep=1 → Concordo
[2026-05-08 15:11:13,113][__main__][INFO] - ✓ [meta-llama/Meta-Llama-3.1-70B-Instruct] Temp=0.0 Rep=1 → Discordo
[2026-05-08 15:11:13,268][__main__][INFO] - ✓ [meta-llama/Llama-4-Scout-17B-16E-Instruct] Temp=0.0 Rep=1 → Concordo fortemente
[2026-05-08 15:11:13,315][__main__][INFO] - ✓ [meta-llama/Meta-Llama-3.1-70B-Instruct] Temp=0.0 Rep=1 → Concordo fortemente
[2026-05-08 15:11:13,323][__main__][INFO] - ✓ [meta-llama/Meta-Llama-3.1-70B-Instruct] Temp=0.0 Rep=1 → Concordo
[2026-05-08 15:11:13,503][__main__][INFO] - ✓ [meta-llama/Llama-4-Scout-17B-16E-Instruct] Temp=0.0 Rep=1 → Concordo fortemente
[2026-05-08 15:11:13,617][__main__][INFO] - ✓ [meta-llama/Meta-Llama-3.1-70B-Instruct] Temp=0.0 Rep=1 → Concordo
[2026-05-08 15:11:13,619][__main__][INFO] - ✓ [meta-llama/Llama-4-Scout-17B-16E-Instruct] Temp=0.0 Rep=1 → Concordo fortemente
[2026-05-08 15:11:13,620][__main__][INFO] - ✓ [meta-llama/Meta-Llama-3.1-70B-Instruct] Temp=0.0 Rep=1 → Concordo fortemente
[2026-05-08 15:11:13,621][__main__][INFO] - ✓ [meta-llama/Meta-Llama-3.1-70B-Instruct] Temp=0.0 Rep=1 → Concordo fortemente
[2026-05-08 15:11:13,808][__main__][INFO] - ✓ [meta-llama/Meta-Llama-3.1-70B-Instruct] Temp=0.0 Rep=1 → Concordo fortemente
[2026-05-08 15:11:13,835][__main__][INFO] - ✓ [meta-llama/Llama-4-Scout-17B-16E-Instruct] Temp=0.0 Rep=1 → Concordo fortemente
[2026-05-08 15:11:13,887][__main__][INFO] - ✓ [meta-llama/Meta-Llama-3.1-70B-Instruct] Temp=0.0 Rep=1 → Concordo fortemente
[2026-05-08 15:11:13,933][__main__][INFO] - ✓ [meta-llama/Meta-Llama-3.1-70B-Instruct] Temp=0.0 Rep=1 → Concordo
[2026-05-08 15:11:14,034][__main__][INFO] - Salvamento incremental (920 novas respostas)...
[2026-05-08 15:11:14,077][__main__][INFO] - Cache salvo com 202995 entradas
[2026-05-08 15:11:14,078][__main__][INFO] - ✓ [meta-llama/Llama-4-Scout-17B-16E-Instruct] Temp=0.0 Rep=1 → Concordo fortemente
[2026-05-08 15:11:14,137][__main__][INFO] - ✓ [meta-llama/Llama-4-Scout-17B-16E-Instruct] Temp=0.0 Rep=1 → Concordo fortemente
[2026-05-08 15:11:14,139][__main__][INFO] - ✓ [meta-llama/Llama-4-Scout-17B-16E-Instruct] Temp=0.0 Rep=1 → Concordo fortemente
[2026-05-08 15:11:14,139][__main__][INFO] - ✓ [meta-llama/Meta-Llama-3.1-70B-Instruct] Temp=0.0 Rep=1 → Concordo
[2026-05-08 15:11:14,141][__main__][INFO] - ✓ [meta-llama/Meta-Llama-3.1-70B-Instruct] Temp=0.0 Rep=1 → Concordo fortemente
[2026-05-08 15:11:14,161][__main__][INFO] - ✓ [meta-llama/Meta-Llama-3.1-70B-Instruct] Temp=0.0 Rep=1 → Discordo
[2026-05-08 15:11:14,269][__main__][INFO] - ✓ [meta-llama/Llama-4-Scout-17B-16E-Instruct] Temp=0.0 Rep=1 → Discordo fortemente
[2026-05-08 15:11:14,294][__main__][INFO] - ✓ [meta-llama/Llama-4-Scout-17B-16E-Instruct] Temp=0.0 Rep=1 → Concordo fortemente
[2026-05-08 15:11:14,439][__main__][INFO] - ✓ [meta-llama/Meta-Llama-3.1-70B-Instruct] Temp=0.0 Rep=1 → Concordo fortemente
[2026-05-08 15:11:14,520][__main__][INFO] - ✓ [meta-llama/Meta-Llama-3.1-70B-Instruct] Temp=0.0 Rep=1 → Concordo
[2026-05-08 15:11:14,666][__main__][INFO] - ✓ [meta-llama/Llama-4-Scout-17B-16E-Instruct] Temp=0.0 Rep=1 → Discordo
[2026-05-08 15:11:14,667][__main__][INFO] - ✓ [meta-llama/Llama-4-Scout-17B-16E-Instruct] Temp=0.0 Rep=1 → Concordo fortemente
[2026-05-08 15:11:14,672][__main__][INFO] - ✓ [meta-llama/Llama-4-Scout-17B-16E-Instruct] Temp=0.0 Rep=1 → Discordo
[2026-05-08 15:11:14,790][__main__][INFO] - ✓ [meta-llama/Llama-4-Scout-17B-16E-Instruct] Temp=0.0 Rep=1 → Concordo fortemente
[2026-05-08 15:11:14,951][__main__][INFO] - ✓ [meta-llama/Meta-Llama-3.1-70B-Instruct] Temp=0.0 Rep=1 → Discordo
[2026-05-08 15:11:15,045][__main__][INFO] - ✓ [meta-llama/Llama-4-Scout-17B-16E-Instruct] Temp=0.0 Rep=1 → Concordo fortemente
[2026-05-08 15:11:15,057][__main__][INFO] - ✓ [meta-llama/Llama-4-Scout-17B-16E-Instruct] Temp=0.0 Rep=1 → Discordo
[2026-05-08 15:11:15,060][__main__][INFO] - ✓ [meta-llama/Llama-4-Scout-17B-16E-Instruct] Temp=0.0 Rep=1 → Discordo
[2026-05-08 15:11:15,232][__main__][INFO] - ✓ [meta-llama/Meta-Llama-3.1-70B-Instruct] Temp=0.0 Rep=1 → Discordo
[2026-05-08 15:11:15,465][__main__][INFO] - ✓ [meta-llama/Meta-Llama-3.1-70B-Instruct] Temp=0.0 Rep=1 → Discordo
[2026-05-08 15:11:15,524][__main__][INFO] - ✓ [meta-llama/Llama-4-Scout-17B-16E-Instruct] Temp=0.0 Rep=1 → Concordo fortemente
[2026-05-08 15:11:15,540][__main__][INFO] - ✓ [meta-llama/Llama-4-Scout-17B-16E-Instruct] Temp=0.0 Rep=1 → Concordo fortemente
[2026-05-08 15:11:15,593][__main__][INFO] - ✓ [meta-llama/Meta-Llama-3.1-70B-Instruct] Temp=0.0 Rep=1 → Concordo fortemente
[2026-05-08 15:11:15,610][__main__][INFO] - ✓ [meta-llama/Meta-Llama-3.1-70B-Instruct] Temp=0.0 Rep=1 → Concordo fortemente
[2026-05-08 15:11:15,613][__main__][INFO] - ✓ [meta-llama/Meta-Llama-3.1-70B-Instruct] Temp=0.0 Rep=1 → Concordo
[2026-05-08 15:11:15,716][__main__][INFO] - ✓ [meta-llama/Meta-Llama-3.1-70B-Instruct] Temp=0.0 Rep=1 → Concordo fortemente
[2026-05-08 15:11:15,717][__main__][INFO] - ✓ [meta-llama/Llama-4-Scout-17B-16E-Instruct] Temp=0.0 Rep=1 → Concordo fortemente
[2026-05-08 15:11:15,717][__main__][INFO] - ✓ [meta-llama/Meta-Llama-3.1-70B-Instruct] Temp=0.0 Rep=1 → Concordo fortemente
[2026-05-08 15:11:15,718][__main__][INFO] - ✓ [meta-llama/Meta-Llama-3.1-70B-Instruct] Temp=0.0 Rep=1 → Concordo fortemente
[2026-05-08 15:11:15,792][__main__][INFO] - Cache salvo com 203023 entradas
[2026-05-08 15:11:15,792][__main__][INFO] - Coleta de dados concluída!
