[2026-05-11 15:23:45,737][__main__][INFO] - Retrieval ativado: store='wiki_faiss_store', top_n=[0, 1, 3, 5], emb_model='google/embeddinggemma-300m'
[2026-05-11 15:23:45,737][__main__][INFO] - Carregadas 56 perguntas de dados/pairs.json
[2026-05-11 15:23:45,781][__main__][INFO] - Cache carregado com 230178 entradas
[2026-05-11 15:23:48,736][__main__][INFO] - ✓ [google/gemma-3-27b-it] Temp=0.0 Rep=1 → Discordo fortemente
[2026-05-11 15:23:48,818][__main__][INFO] - ✓ [google/gemma-3-27b-it] Temp=0.0 Rep=1 → Concordo fortemente
[2026-05-11 15:23:48,871][__main__][INFO] - ✓ [mistralai/Mistral-Small-3.2-24B-Instruct-2506] Temp=0.0 Rep=1 → Neutro
[2026-05-11 15:23:48,874][__main__][INFO] - ✓ [mistralai/Mistral-Small-3.2-24B-Instruct-2506] Temp=0.0 Rep=1 → Concordo
[2026-05-11 15:23:48,890][__main__][INFO] - ✓ [mistralai/Mistral-Small-3.2-24B-Instruct-2506] Temp=0.0 Rep=1 → Neutro
[2026-05-11 15:23:48,922][__main__][INFO] - ✓ [google/gemma-3-27b-it] Temp=0.0 Rep=1 → Neutro
[2026-05-11 15:23:49,203][__main__][INFO] - ✓ [google/gemma-3-27b-it] Temp=0.0 Rep=1 → Discordo fortemente
[2026-05-11 15:23:49,220][__main__][INFO] - ✓ [google/gemma-3-27b-it] Temp=0.0 Rep=1 → Concordo fortemente
[2026-05-11 15:23:49,249][__main__][INFO] - ✓ [google/gemma-3-27b-it] Temp=0.0 Rep=1 → Neutro
[2026-05-11 15:23:49,365][__main__][INFO] - ✓ [deepseek-ai/DeepSeek-V3.2] Temp=0.0 Rep=1 → Neutro
[2026-05-11 15:23:49,444][__main__][INFO] - ✓ [mistralai/Mistral-Small-3.2-24B-Instruct-2506] Temp=0.0 Rep=1 → Neutro
[2026-05-11 15:23:49,460][__main__][INFO] - ✓ [mistralai/Mistral-Small-3.2-24B-Instruct-2506] Temp=0.0 Rep=1 → Concordo fortemente
[2026-05-11 15:23:49,526][__main__][INFO] - ✓ [mistralai/Mistral-Small-3.2-24B-Instruct-2506] Temp=0.0 Rep=1 → Neutro
[2026-05-11 15:23:49,713][__main__][INFO] - ✓ [google/gemma-3-27b-it] Temp=0.0 Rep=1 → Discordo fortemente
[2026-05-11 15:23:49,749][__main__][INFO] - ✓ [deepseek-ai/DeepSeek-V3.2] Temp=0.0 Rep=1 → Concordo fortemente
[2026-05-11 15:23:49,769][__main__][INFO] - ✓ [google/gemma-3-27b-it] Temp=0.0 Rep=1 → Concordo fortemente
[2026-05-11 15:23:49,776][__main__][INFO] - ✓ [mistralai/Mistral-Small-3.2-24B-Instruct-2506] Temp=0.0 Rep=1 → Discordo
[2026-05-11 15:23:49,866][__main__][INFO] - ✓ [google/gemma-3-27b-it] Temp=0.0 Rep=1 → Discordo fortemente
[2026-05-11 15:23:49,876][__main__][INFO] - ✓ [deepseek-ai/DeepSeek-V3.2] Temp=0.0 Rep=1 → Neutro
[2026-05-11 15:23:49,900][__main__][INFO] - ✓ [mistralai/Mistral-Small-3.2-24B-Instruct-2506] Temp=0.0 Rep=1 → Concordo
[2026-05-11 15:23:50,056][__main__][INFO] - ✓ [mistralai/Mistral-Small-3.2-24B-Instruct-2506] Temp=0.0 Rep=1 → Neutro
[2026-05-11 15:23:50,178][__main__][INFO] - ✓ [deepseek-ai/DeepSeek-V3.2] Temp=0.0 Rep=1 → Neutro
[2026-05-11 15:23:50,262][__main__][INFO] - ✓ [google/gemma-3-27b-it] Temp=0.0 Rep=1 → Neutro
[2026-05-11 15:23:50,392][__main__][INFO] - ✓ [google/gemma-3-27b-it] Temp=0.0 Rep=1 → Discordo fortemente
[2026-05-11 15:23:50,395][__main__][INFO] - ✓ [google/gemma-3-27b-it] Temp=0.0 Rep=1 → Concordo fortemente
[2026-05-11 15:23:50,429][__main__][INFO] - ✓ [deepseek-ai/DeepSeek-V3.2] Temp=0.0 Rep=1 → Neutro
[2026-05-11 15:23:50,583][__main__][INFO] - ✓ [mistralai/Mistral-Small-3.2-24B-Instruct-2506] Temp=0.0 Rep=1 → Neutro
[2026-05-11 15:23:50,591][__main__][INFO] - ✓ [deepseek-ai/DeepSeek-V3.2] Temp=0.0 Rep=1 → Neutro
[2026-05-11 15:23:50,617][__main__][INFO] - ✓ [mistralai/Mistral-Small-3.2-24B-Instruct-2506] Temp=0.0 Rep=1 → Concordo fortemente
[2026-05-11 15:23:50,627][__main__][INFO] - ✓ [mistralai/Mistral-Small-3.2-24B-Instruct-2506] Temp=0.0 Rep=1 → Concordo fortemente
[2026-05-11 15:23:50,676][__main__][INFO] - ✓ [deepseek-ai/DeepSeek-V3.2] Temp=0.0 Rep=1 → Neutro
[2026-05-11 15:23:50,825][__main__][INFO] - ✓ [deepseek-ai/DeepSeek-V3.2] Temp=0.0 Rep=1 → Concordo
[2026-05-11 15:23:50,950][__main__][INFO] - ✓ [google/gemma-3-27b-it] Temp=0.0 Rep=1 → Concordo fortemente
[2026-05-11 15:23:50,956][__main__][INFO] - ✓ [mistralai/Mistral-Small-3.2-24B-Instruct-2506] Temp=0.0 Rep=1 → Discordo fortemente
[2026-05-11 15:23:51,028][__main__][INFO] - ✓ [google/gemma-3-27b-it] Temp=0.0 Rep=1 → Discordo fortemente
[2026-05-11 15:23:51,034][__main__][INFO] - ✓ [google/gemma-3-27b-it] Temp=0.0 Rep=1 → Discordo fortemente
[2026-05-11 15:23:51,044][__main__][INFO] - ✓ [mistralai/Mistral-Small-3.2-24B-Instruct-2506] Temp=0.0 Rep=1 → Concordo fortemente
[2026-05-11 15:23:51,094][__main__][INFO] - ✓ [deepseek-ai/DeepSeek-V3.2] Temp=0.0 Rep=1 → Concordo fortemente
[2026-05-11 15:23:51,127][__main__][INFO] - ✓ [deepseek-ai/DeepSeek-V3.2] Temp=0.0 Rep=1 → Concordo fortemente
[2026-05-11 15:23:51,127][__main__][INFO] - Salvamento incremental (40 novas respostas)...
[2026-05-11 15:23:51,184][__main__][INFO] - Cache salvo com 230218 entradas
[2026-05-11 15:23:51,184][__main__][INFO] - ✓ [deepseek-ai/DeepSeek-V3.2] Temp=0.0 Rep=1 → Concordo fortemente
[2026-05-11 15:23:51,224][__main__][INFO] - ✓ [mistralai/Mistral-Small-3.2-24B-Instruct-2506] Temp=0.0 Rep=1 → Neutro
[2026-05-11 15:23:51,542][__main__][INFO] - ✓ [deepseek-ai/DeepSeek-V3.2] Temp=0.0 Rep=1 → Discordo
[2026-05-11 15:23:51,555][__main__][INFO] - ✓ [google/gemma-3-27b-it] Temp=0.0 Rep=1 → Concordo fortemente
[2026-05-11 15:23:51,608][__main__][INFO] - ✓ [google/gemma-3-27b-it] Temp=0.0 Rep=1 → Neutro
[2026-05-11 15:23:51,617][__main__][INFO] - ✓ [google/gemma-3-27b-it] Temp=0.0 Rep=1 → Discordo fortemente
[2026-05-11 15:23:51,813][__main__][INFO] - ✓ [mistralai/Mistral-Small-3.2-24B-Instruct-2506] Temp=0.0 Rep=1 → Neutro
[2026-05-11 15:23:51,856][__main__][INFO] - ✓ [deepseek-ai/DeepSeek-V3.2] Temp=0.0 Rep=1 → Neutro
[2026-05-11 15:23:51,864][__main__][INFO] - ✓ [mistralai/Mistral-Small-3.2-24B-Instruct-2506] Temp=0.0 Rep=1 → Concordo fortemente
[2026-05-11 15:23:52,132][__main__][INFO] - ✓ [mistralai/Mistral-Small-3.2-24B-Instruct-2506] Temp=0.0 Rep=1 → Neutro
[2026-05-11 15:23:52,174][__main__][INFO] - ✓ [deepseek-ai/DeepSeek-V3.2] Temp=0.0 Rep=1 → Neutro
[2026-05-11 15:23:52,200][__main__][INFO] - ✓ [mistralai/Mistral-Small-3.2-24B-Instruct-2506] Temp=0.0 Rep=1 → Discordo fortemente
[2026-05-11 15:23:52,251][__main__][INFO] - ✓ [deepseek-ai/DeepSeek-V3.2] Temp=0.0 Rep=1 → Concordo
[2026-05-11 15:23:52,332][__main__][INFO] - ✓ [google/gemma-3-27b-it] Temp=0.0 Rep=1 → Discordo fortemente
[2026-05-11 15:23:52,341][__main__][INFO] - ✓ [deepseek-ai/DeepSeek-V3.2] Temp=0.0 Rep=1 → Neutro
[2026-05-11 15:23:52,501][__main__][INFO] - ✓ [mistralai/Mistral-Small-3.2-24B-Instruct-2506] Temp=0.0 Rep=1 → Concordo
[2026-05-11 15:23:52,511][__main__][INFO] - ✓ [mistralai/Mistral-Small-3.2-24B-Instruct-2506] Temp=0.0 Rep=1 → Neutro
[2026-05-11 15:23:52,511][__main__][INFO] - ✓ [google/gemma-3-27b-it] Temp=0.0 Rep=1 → Concordo fortemente
[2026-05-11 15:23:52,737][__main__][INFO] - ✓ [google/gemma-3-27b-it] Temp=0.0 Rep=1 → Concordo fortemente
[2026-05-11 15:23:52,798][__main__][INFO] - ✓ [deepseek-ai/DeepSeek-V3.2] Temp=0.0 Rep=1 → Concordo
[2026-05-11 15:23:52,885][__main__][INFO] - ✓ [google/gemma-3-27b-it] Temp=0.0 Rep=1 → Neutro
[2026-05-11 15:23:52,913][__main__][INFO] - ✓ [google/gemma-3-27b-it] Temp=0.0 Rep=1 → Discordo fortemente
[2026-05-11 15:23:53,028][__main__][INFO] - ✓ [deepseek-ai/DeepSeek-V3.2] Temp=0.0 Rep=1 → Neutro
[2026-05-11 15:23:53,288][__main__][INFO] - ✓ [mistralai/Mistral-Small-3.2-24B-Instruct-2506] Temp=0.0 Rep=1 → Concordo fortemente
[2026-05-11 15:23:53,370][__main__][INFO] - ✓ [google/gemma-3-27b-it] Temp=0.0 Rep=1 → Discordo fortemente
[2026-05-11 15:23:53,632][__main__][INFO] - ✓ [mistralai/Mistral-Small-3.2-24B-Instruct-2506] Temp=0.0 Rep=1 → Concordo fortemente
[2026-05-11 15:23:53,635][__main__][INFO] - ✓ [mistralai/Mistral-Small-3.2-24B-Instruct-2506] Temp=0.0 Rep=1 → Neutro
[2026-05-11 15:23:53,774][__main__][INFO] - ✓ [deepseek-ai/DeepSeek-V3.2] Temp=0.0 Rep=1 → Neutro
[2026-05-11 15:23:53,877][__main__][INFO] - ✓ [deepseek-ai/DeepSeek-V3.2] Temp=0.0 Rep=1 → Concordo fortemente
[2026-05-11 15:23:53,906][__main__][INFO] - ✓ [google/gemma-3-27b-it] Temp=0.0 Rep=1 → Discordo fortemente
[2026-05-11 15:23:53,933][__main__][INFO] - ✓ [google/gemma-3-27b-it] Temp=0.0 Rep=1 → Concordo fortemente
[2026-05-11 15:23:54,064][__main__][INFO] - ✓ [google/gemma-3-27b-it] Temp=0.0 Rep=1 → Neutro
[2026-05-11 15:23:54,065][__main__][INFO] - ✓ [mistralai/Mistral-Small-3.2-24B-Instruct-2506] Temp=0.0 Rep=1 → Discordo
[2026-05-11 15:23:54,125][__main__][INFO] - ✓ [mistralai/Mistral-Small-3.2-24B-Instruct-2506] Temp=0.0 Rep=1 → Concordo fortemente
[2026-05-11 15:23:54,161][__main__][INFO] - ✓ [deepseek-ai/DeepSeek-V3.2] Temp=0.0 Rep=1 → Concordo fortemente
[2026-05-11 15:23:54,202][__main__][INFO] - ✓ [mistralai/Mistral-Small-3.2-24B-Instruct-2506] Temp=0.0 Rep=1 → Neutro
[2026-05-11 15:23:54,586][__main__][INFO] - ✓ [google/gemma-3-27b-it] Temp=0.0 Rep=1 → Discordo fortemente
[2026-05-11 15:23:54,590][__main__][INFO] - ✓ [google/gemma-3-27b-it] Temp=0.0 Rep=1 → Discordo fortemente
[2026-05-11 15:23:54,590][__main__][INFO] - ✓ [mistralai/Mistral-Small-3.2-24B-Instruct-2506] Temp=0.0 Rep=1 → Discordo fortemente
[2026-05-11 15:23:54,610][__main__][INFO] - ✓ [deepseek-ai/DeepSeek-V3.2] Temp=0.0 Rep=1 → Concordo fortemente
[2026-05-11 15:23:54,617][__main__][INFO] - Salvamento incremental (80 novas respostas)...
[2026-05-11 15:23:54,661][__main__][INFO] - Cache salvo com 230258 entradas
[2026-05-11 15:23:54,661][__main__][INFO] - ✓ [google/gemma-3-27b-it] Temp=0.0 Rep=1 → Concordo fortemente
[2026-05-11 15:23:55,117][__main__][INFO] - ✓ [deepseek-ai/DeepSeek-V3.2] Temp=0.0 Rep=1 → Concordo
[2026-05-11 15:23:55,119][__main__][INFO] - ✓ [deepseek-ai/DeepSeek-V3.2] Temp=0.0 Rep=1 → Neutro
[2026-05-11 15:23:55,124][__main__][INFO] - ✓ [deepseek-ai/DeepSeek-V3.2] Temp=0.0 Rep=1 → Discordo fortemente
[2026-05-11 15:23:55,125][__main__][INFO] - ✓ [deepseek-ai/DeepSeek-V3.2] Temp=0.0 Rep=1 → Concordo fortemente
[2026-05-11 15:23:55,184][__main__][INFO] - ✓ [deepseek-ai/DeepSeek-V3.2] Temp=0.0 Rep=1 → Discordo fortemente
[2026-05-11 15:23:55,209][__main__][INFO] - ✓ [deepseek-ai/DeepSeek-V3.2] Temp=0.0 Rep=1 → Concordo fortemente
[2026-05-11 15:23:55,463][__main__][INFO] - ✓ [mistralai/Mistral-Small-3.2-24B-Instruct-2506] Temp=0.0 Rep=1 → Concordo fortemente
[2026-05-11 15:23:55,646][__main__][INFO] - ✓ [mistralai/Mistral-Small-3.2-24B-Instruct-2506] Temp=0.0 Rep=1 → Neutro
[2026-05-11 15:23:55,646][__main__][INFO] - ✓ [google/gemma-3-27b-it] Temp=0.0 Rep=1 → Concordo fortemente
[2026-05-11 15:23:55,647][__main__][INFO] - ✓ [google/gemma-3-27b-it] Temp=0.0 Rep=1 → Concordo fortemente
[2026-05-11 15:23:55,667][__main__][INFO] - ✓ [mistralai/Mistral-Small-3.2-24B-Instruct-2506] Temp=0.0 Rep=1 → Concordo
[2026-05-11 15:23:55,705][__main__][INFO] - ✓ [google/gemma-3-27b-it] Temp=0.0 Rep=1 → Concordo fortemente
[2026-05-11 15:23:55,882][__main__][INFO] - ✓ [mistralai/Mistral-Small-3.2-24B-Instruct-2506] Temp=0.0 Rep=1 → Concordo
[2026-05-11 15:23:55,907][__main__][INFO] - ✓ [mistralai/Mistral-Small-3.2-24B-Instruct-2506] Temp=0.0 Rep=1 → Concordo fortemente
[2026-05-11 15:23:56,033][__main__][INFO] - ✓ [google/gemma-3-27b-it] Temp=0.0 Rep=1 → Discordo fortemente
[2026-05-11 15:23:56,034][__main__][INFO] - ✓ [google/gemma-3-27b-it] Temp=0.0 Rep=1 → Neutro
[2026-05-11 15:23:56,244][__main__][INFO] - ✓ [google/gemma-3-27b-it] Temp=0.0 Rep=1 → Concordo fortemente
[2026-05-11 15:23:56,318][__main__][INFO] - ✓ [deepseek-ai/DeepSeek-V3.2] Temp=0.0 Rep=1 → Concordo
[2026-05-11 15:23:56,384][__main__][INFO] - ✓ [deepseek-ai/DeepSeek-V3.2] Temp=0.0 Rep=1 → Discordo fortemente
[2026-05-11 15:23:56,392][__main__][INFO] - ✓ [deepseek-ai/DeepSeek-V3.2] Temp=0.0 Rep=1 → Neutro
[2026-05-11 15:23:56,409][__main__][INFO] - ✓ [deepseek-ai/DeepSeek-V3.2] Temp=0.0 Rep=1 → Neutro
[2026-05-11 15:23:56,542][__main__][INFO] - ✓ [mistralai/Mistral-Small-3.2-24B-Instruct-2506] Temp=0.0 Rep=1 → Discordo fortemente
[2026-05-11 15:23:56,551][__main__][INFO] - ✓ [deepseek-ai/DeepSeek-V3.2] Temp=0.0 Rep=1 → Discordo
[2026-05-11 15:23:56,748][__main__][INFO] - ✓ [deepseek-ai/DeepSeek-V3.2] Temp=0.0 Rep=1 → Concordo fortemente
[2026-05-11 15:23:56,777][__main__][INFO] - ✓ [google/gemma-3-27b-it] Temp=0.0 Rep=1 → Discordo fortemente
[2026-05-11 15:23:56,808][__main__][INFO] - ✓ [google/gemma-3-27b-it] Temp=0.0 Rep=1 → Concordo fortemente
[2026-05-11 15:23:56,818][__main__][INFO] - ✓ [google/gemma-3-27b-it] Temp=0.0 Rep=1 → Neutro
[2026-05-11 15:23:56,866][__main__][INFO] - ✓ [deepseek-ai/DeepSeek-V3.2] Temp=0.0 Rep=1 → Concordo fortemente
[2026-05-11 15:23:57,218][__main__][INFO] - ✓ [deepseek-ai/DeepSeek-V3.2] Temp=0.0 Rep=1 → Neutro
[2026-05-11 15:23:57,504][__main__][INFO] - ✓ [mistralai/Mistral-Small-3.2-24B-Instruct-2506] Temp=0.0 Rep=1 → Neutro
[2026-05-11 15:23:57,738][__main__][INFO] - ✓ [deepseek-ai/DeepSeek-V3.2] Temp=0.0 Rep=1 → Neutro
[2026-05-11 15:23:57,774][__main__][INFO] - ✓ [google/gemma-3-27b-it] Temp=0.0 Rep=1 → Concordo fortemente
[2026-05-11 15:23:57,814][__main__][INFO] - ✓ [google/gemma-3-27b-it] Temp=0.0 Rep=1 → Discordo fortemente
[2026-05-11 15:23:57,826][__main__][INFO] - ✓ [google/gemma-3-27b-it] Temp=0.0 Rep=1 → Neutro
[2026-05-11 15:23:57,842][__main__][INFO] - ✓ [deepseek-ai/DeepSeek-V3.2] Temp=0.0 Rep=1 → Neutro
[2026-05-11 15:23:57,875][__main__][INFO] - ✓ [deepseek-ai/DeepSeek-V3.2] Temp=0.0 Rep=1 → Neutro
[2026-05-11 15:23:58,309][__main__][INFO] - ✓ [mistralai/Mistral-Small-3.2-24B-Instruct-2506] Temp=0.0 Rep=1 → Neutro
[2026-05-11 15:23:58,311][__main__][INFO] - ✓ [mistralai/Mistral-Small-3.2-24B-Instruct-2506] Temp=0.0 Rep=1 → Concordo
[2026-05-11 15:23:58,316][__main__][INFO] - ✓ [mistralai/Mistral-Small-3.2-24B-Instruct-2506] Temp=0.0 Rep=1 → Concordo fortemente
[2026-05-11 15:23:58,332][__main__][INFO] - Salvamento incremental (120 novas respostas)...
[2026-05-11 15:23:58,386][__main__][INFO] - Cache salvo com 230298 entradas
[2026-05-11 15:23:58,387][__main__][INFO] - ✓ [mistralai/Mistral-Small-3.2-24B-Instruct-2506] Temp=0.0 Rep=1 → Neutro
[2026-05-11 15:23:58,388][__main__][INFO] - ✓ [mistralai/Mistral-Small-3.2-24B-Instruct-2506] Temp=0.0 Rep=1 → Neutro
[2026-05-11 15:23:58,471][__main__][INFO] - ✓ [deepseek-ai/DeepSeek-V3.2] Temp=0.0 Rep=1 → Concordo fortemente
[2026-05-11 15:23:58,604][__main__][INFO] - ✓ [deepseek-ai/DeepSeek-V3.2] Temp=0.0 Rep=1 → Neutro
[2026-05-11 15:23:58,651][__main__][INFO] - ✓ [google/gemma-3-27b-it] Temp=0.0 Rep=1 → Discordo fortemente
[2026-05-11 15:23:58,675][__main__][INFO] - ✓ [google/gemma-3-27b-it] Temp=0.0 Rep=1 → Concordo fortemente
[2026-05-11 15:23:58,784][__main__][INFO] - ✓ [mistralai/Mistral-Small-3.2-24B-Instruct-2506] Temp=0.0 Rep=1 → Concordo fortemente
[2026-05-11 15:23:58,784][__main__][INFO] - ✓ [mistralai/Mistral-Small-3.2-24B-Instruct-2506] Temp=0.0 Rep=1 → Neutro
[2026-05-11 15:23:58,785][__main__][INFO] - ✓ [google/gemma-3-27b-it] Temp=0.0 Rep=1 → Concordo fortemente
[2026-05-11 15:23:59,028][__main__][INFO] - ✓ [deepseek-ai/DeepSeek-V3.2] Temp=0.0 Rep=1 → Concordo fortemente
[2026-05-11 15:23:59,116][__main__][INFO] - ✓ [google/gemma-3-27b-it] Temp=0.0 Rep=1 → Discordo fortemente
[2026-05-11 15:23:59,119][__main__][INFO] - ✓ [google/gemma-3-27b-it] Temp=0.0 Rep=1 → Neutro
[2026-05-11 15:23:59,173][__main__][INFO] - ✓ [mistralai/Mistral-Small-3.2-24B-Instruct-2506] Temp=0.0 Rep=1 → Concordo fortemente
[2026-05-11 15:23:59,187][__main__][INFO] - ✓ [google/gemma-3-27b-it] Temp=0.0 Rep=1 → Concordo fortemente
[2026-05-11 15:23:59,318][__main__][INFO] - ✓ [mistralai/Mistral-Small-3.2-24B-Instruct-2506] Temp=0.0 Rep=1 → Neutro
[2026-05-11 15:23:59,323][__main__][INFO] - ✓ [mistralai/Mistral-Small-3.2-24B-Instruct-2506] Temp=0.0 Rep=1 → Discordo
[2026-05-11 15:23:59,348][__main__][INFO] - ✓ [deepseek-ai/DeepSeek-V3.2] Temp=0.0 Rep=1 → Concordo fortemente
[2026-05-11 15:23:59,416][__main__][INFO] - ✓ [deepseek-ai/DeepSeek-V3.2] Temp=0.0 Rep=1 → Concordo fortemente
[2026-05-11 15:23:59,582][__main__][INFO] - ✓ [mistralai/Mistral-Small-3.2-24B-Instruct-2506] Temp=0.0 Rep=1 → Concordo fortemente
[2026-05-11 15:23:59,603][__main__][INFO] - ✓ [mistralai/Mistral-Small-3.2-24B-Instruct-2506] Temp=0.0 Rep=1 → Neutro
[2026-05-11 15:23:59,628][__main__][INFO] - ✓ [mistralai/Mistral-Small-3.2-24B-Instruct-2506] Temp=0.0 Rep=1 → Neutro
[2026-05-11 15:23:59,642][__main__][INFO] - ✓ [google/gemma-3-27b-it] Temp=0.0 Rep=1 → Discordo fortemente
[2026-05-11 15:23:59,688][__main__][INFO] - ✓ [deepseek-ai/DeepSeek-V3.2] Temp=0.0 Rep=1 → Concordo
[2026-05-11 15:23:59,872][__main__][INFO] - ✓ [mistralai/Mistral-Small-3.2-24B-Instruct-2506] Temp=0.0 Rep=1 → Discordo
[2026-05-11 15:23:59,918][__main__][INFO] - ✓ [mistralai/Mistral-Small-3.2-24B-Instruct-2506] Temp=0.0 Rep=1 → Concordo fortemente
[2026-05-11 15:23:59,965][__main__][INFO] - ✓ [google/gemma-3-27b-it] Temp=0.0 Rep=1 → Concordo fortemente
[2026-05-11 15:24:00,106][__main__][INFO] - ✓ [google/gemma-3-27b-it] Temp=0.0 Rep=1 → Neutro
[2026-05-11 15:24:00,354][__main__][INFO] - ✓ [google/gemma-3-27b-it] Temp=0.0 Rep=1 → Concordo fortemente
[2026-05-11 15:24:00,359][__main__][INFO] - ✓ [google/gemma-3-27b-it] Temp=0.0 Rep=1 → Discordo fortemente
[2026-05-11 15:24:00,365][__main__][INFO] - ✓ [mistralai/Mistral-Small-3.2-24B-Instruct-2506] Temp=0.0 Rep=1 → Neutro
[2026-05-11 15:24:00,366][__main__][INFO] - ✓ [deepseek-ai/DeepSeek-V3.2] Temp=0.0 Rep=1 → Concordo fortemente
[2026-05-11 15:24:00,382][__main__][INFO] - ✓ [deepseek-ai/DeepSeek-V3.2] Temp=0.0 Rep=1 → Neutro
[2026-05-11 15:24:00,460][__main__][INFO] - ✓ [google/gemma-3-27b-it] Temp=0.0 Rep=1 → Neutro
[2026-05-11 15:24:00,666][__main__][INFO] - ✓ [mistralai/Mistral-Small-3.2-24B-Instruct-2506] Temp=0.0 Rep=1 → Discordo
[2026-05-11 15:24:00,687][__main__][INFO] - ✓ [mistralai/Mistral-Small-3.2-24B-Instruct-2506] Temp=0.0 Rep=1 → Concordo fortemente
[2026-05-11 15:24:00,886][__main__][INFO] - ✓ [mistralai/Mistral-Small-3.2-24B-Instruct-2506] Temp=0.0 Rep=1 → Concordo fortemente
[2026-05-11 15:24:00,932][__main__][INFO] - ✓ [deepseek-ai/DeepSeek-V3.2] Temp=0.0 Rep=1 → Neutro
[2026-05-11 15:24:00,980][__main__][INFO] - ✓ [deepseek-ai/DeepSeek-V3.2] Temp=0.0 Rep=1 → Concordo fortemente
[2026-05-11 15:24:01,128][__main__][INFO] - ✓ [deepseek-ai/DeepSeek-V3.2] Temp=0.0 Rep=1 → Neutro
[2026-05-11 15:24:01,223][__main__][INFO] - ✓ [mistralai/Mistral-Small-3.2-24B-Instruct-2506] Temp=0.0 Rep=1 → Discordo fortemente
[2026-05-11 15:24:01,252][__main__][INFO] - Salvamento incremental (160 novas respostas)...
[2026-05-11 15:24:01,306][__main__][INFO] - Cache salvo com 230338 entradas
[2026-05-11 15:24:01,306][__main__][INFO] - ✓ [google/gemma-3-27b-it] Temp=0.0 Rep=1 → Neutro
[2026-05-11 15:24:01,311][__main__][INFO] - ✓ [mistralai/Mistral-Small-3.2-24B-Instruct-2506] Temp=0.0 Rep=1 → Concordo
[2026-05-11 15:24:01,402][__main__][INFO] - ✓ [google/gemma-3-27b-it] Temp=0.0 Rep=1 → Concordo fortemente
[2026-05-11 15:24:01,406][__main__][INFO] - ✓ [deepseek-ai/DeepSeek-V3.2] Temp=0.0 Rep=1 → Neutro
[2026-05-11 15:24:01,448][__main__][INFO] - ✓ [mistralai/Mistral-Small-3.2-24B-Instruct-2506] Temp=0.0 Rep=1 → Neutro
[2026-05-11 15:24:01,514][__main__][INFO] - ✓ [google/gemma-3-27b-it] Temp=0.0 Rep=1 → Discordo fortemente
[2026-05-11 15:24:01,757][__main__][INFO] - ✓ [google/gemma-3-27b-it] Temp=0.0 Rep=1 → Discordo fortemente
[2026-05-11 15:24:01,802][__main__][INFO] - ✓ [google/gemma-3-27b-it] Temp=0.0 Rep=1 → Concordo fortemente
[2026-05-11 15:24:01,935][__main__][INFO] - ✓ [google/gemma-3-27b-it] Temp=0.0 Rep=1 → Neutro
[2026-05-11 15:24:01,936][__main__][INFO] - ✓ [mistralai/Mistral-Small-3.2-24B-Instruct-2506] Temp=0.0 Rep=1 → Concordo fortemente
[2026-05-11 15:24:01,940][__main__][INFO] - ✓ [deepseek-ai/DeepSeek-V3.2] Temp=0.0 Rep=1 → Concordo fortemente
[2026-05-11 15:24:01,979][__main__][INFO] - ✓ [deepseek-ai/DeepSeek-V3.2] Temp=0.0 Rep=1 → Discordo
[2026-05-11 15:24:02,075][__main__][INFO] - ✓ [mistralai/Mistral-Small-3.2-24B-Instruct-2506] Temp=0.0 Rep=1 → Neutro
[2026-05-11 15:24:02,124][__main__][INFO] - ✓ [mistralai/Mistral-Small-3.2-24B-Instruct-2506] Temp=0.0 Rep=1 → Neutro
[2026-05-11 15:24:02,154][__main__][INFO] - ✓ [deepseek-ai/DeepSeek-V3.2] Temp=0.0 Rep=1 → Neutro
[2026-05-11 15:24:02,228][__main__][INFO] - ✓ [deepseek-ai/DeepSeek-V3.2] Temp=0.0 Rep=1 → Neutro
[2026-05-11 15:24:02,232][__main__][INFO] - ✓ [deepseek-ai/DeepSeek-V3.2] Temp=0.0 Rep=1 → Neutro
[2026-05-11 15:24:02,298][__main__][INFO] - ✓ [deepseek-ai/DeepSeek-V3.2] Temp=0.0 Rep=1 → Neutro
[2026-05-11 15:24:02,351][__main__][INFO] - ✓ [google/gemma-3-27b-it] Temp=0.0 Rep=1 → Concordo fortemente
[2026-05-11 15:24:02,466][__main__][INFO] - ✓ [google/gemma-3-27b-it] Temp=0.0 Rep=1 → Concordo fortemente
[2026-05-11 15:24:02,582][__main__][INFO] - ✓ [mistralai/Mistral-Small-3.2-24B-Instruct-2506] Temp=0.0 Rep=1 → Neutro
[2026-05-11 15:24:02,615][__main__][INFO] - ✓ [mistralai/Mistral-Small-3.2-24B-Instruct-2506] Temp=0.0 Rep=1 → Neutro
[2026-05-11 15:24:02,626][__main__][INFO] - ✓ [mistralai/Mistral-Small-3.2-24B-Instruct-2506] Temp=0.0 Rep=1 → Neutro
[2026-05-11 15:24:02,676][__main__][INFO] - ✓ [google/gemma-3-27b-it] Temp=0.0 Rep=1 → Neutro
[2026-05-11 15:24:02,982][__main__][INFO] - ✓ [mistralai/Mistral-Small-3.2-24B-Instruct-2506] Temp=0.0 Rep=1 → Concordo fortemente
[2026-05-11 15:24:03,040][__main__][INFO] - ✓ [google/gemma-3-27b-it] Temp=0.0 Rep=1 → Concordo fortemente
[2026-05-11 15:24:03,083][__main__][INFO] - ✓ [deepseek-ai/DeepSeek-V3.2] Temp=0.0 Rep=1 → Neutro
[2026-05-11 15:24:03,094][__main__][INFO] - ✓ [deepseek-ai/DeepSeek-V3.2] Temp=0.0 Rep=1 → Neutro
[2026-05-11 15:24:03,192][__main__][INFO] - ✓ [deepseek-ai/DeepSeek-V3.2] Temp=0.0 Rep=1 → Concordo fortemente
[2026-05-11 15:24:03,262][__main__][INFO] - ✓ [google/gemma-3-27b-it] Temp=0.0 Rep=1 → Neutro
[2026-05-11 15:24:03,286][__main__][INFO] - ✓ [mistralai/Mistral-Small-3.2-24B-Instruct-2506] Temp=0.0 Rep=1 → Concordo fortemente
[2026-05-11 15:24:03,288][__main__][INFO] - ✓ [google/gemma-3-27b-it] Temp=0.0 Rep=1 → Concordo fortemente
[2026-05-11 15:24:03,340][__main__][INFO] - ✓ [mistralai/Mistral-Small-3.2-24B-Instruct-2506] Temp=0.0 Rep=1 → Concordo fortemente
[2026-05-11 15:24:03,507][__main__][INFO] - ✓ [deepseek-ai/DeepSeek-V3.2] Temp=0.0 Rep=1 → Neutro
[2026-05-11 15:24:03,516][__main__][INFO] - ✓ [deepseek-ai/DeepSeek-V3.2] Temp=0.0 Rep=1 → Neutro
[2026-05-11 15:24:03,519][__main__][INFO] - ✓ [deepseek-ai/DeepSeek-V3.2] Temp=0.0 Rep=1 → Neutro
[2026-05-11 15:24:03,626][__main__][INFO] - ✓ [google/gemma-3-27b-it] Temp=0.0 Rep=1 → Discordo fortemente
[2026-05-11 15:24:03,678][__main__][INFO] - ✓ [google/gemma-3-27b-it] Temp=0.0 Rep=1 → Concordo fortemente
[2026-05-11 15:24:03,717][__main__][INFO] - ✓ [deepseek-ai/DeepSeek-V3.2] Temp=0.0 Rep=1 → Concordo fortemente
[2026-05-11 15:24:03,822][__main__][INFO] - ✓ [google/gemma-3-27b-it] Temp=0.0 Rep=1 → Neutro
[2026-05-11 15:24:03,853][__main__][INFO] - Salvamento incremental (200 novas respostas)...
[2026-05-11 15:24:03,907][__main__][INFO] - Cache salvo com 230378 entradas
[2026-05-11 15:24:03,907][__main__][INFO] - ✓ [deepseek-ai/DeepSeek-V3.2] Temp=0.0 Rep=1 → Neutro
[2026-05-11 15:24:03,909][__main__][INFO] - ✓ [deepseek-ai/DeepSeek-V3.2] Temp=0.0 Rep=1 → Concordo fortemente
[2026-05-11 15:24:03,909][__main__][INFO] - ✓ [mistralai/Mistral-Small-3.2-24B-Instruct-2506] Temp=0.0 Rep=1 → Discordo fortemente
[2026-05-11 15:24:03,910][__main__][INFO] - ✓ [mistralai/Mistral-Small-3.2-24B-Instruct-2506] Temp=0.0 Rep=1 → Concordo fortemente
[2026-05-11 15:24:03,917][__main__][INFO] - ✓ [mistralai/Mistral-Small-3.2-24B-Instruct-2506] Temp=0.0 Rep=1 → Neutro
[2026-05-11 15:24:04,151][__main__][INFO] - ✓ [google/gemma-3-27b-it] Temp=0.0 Rep=1 → Discordo fortemente
[2026-05-11 15:24:04,222][__main__][INFO] - ✓ [deepseek-ai/DeepSeek-V3.2] Temp=0.0 Rep=1 → Concordo
[2026-05-11 15:24:04,233][__main__][INFO] - ✓ [mistralai/Mistral-Small-3.2-24B-Instruct-2506] Temp=0.0 Rep=1 → Concordo fortemente
[2026-05-11 15:24:04,244][__main__][INFO] - ✓ [google/gemma-3-27b-it] Temp=0.0 Rep=1 → Neutro
[2026-05-11 15:24:04,250][__main__][INFO] - ✓ [mistralai/Mistral-Small-3.2-24B-Instruct-2506] Temp=0.0 Rep=1 → Neutro
[2026-05-11 15:24:04,299][__main__][INFO] - ✓ [mistralai/Mistral-Small-3.2-24B-Instruct-2506] Temp=0.0 Rep=1 → Neutro
[2026-05-11 15:24:04,545][__main__][INFO] - ✓ [google/gemma-3-27b-it] Temp=0.0 Rep=1 → Concordo fortemente
[2026-05-11 15:24:04,546][__main__][INFO] - ✓ [deepseek-ai/DeepSeek-V3.2] Temp=0.0 Rep=1 → Concordo fortemente
[2026-05-11 15:24:04,580][__main__][INFO] - ✓ [google/gemma-3-27b-it] Temp=0.0 Rep=1 → Neutro
[2026-05-11 15:24:04,584][__main__][INFO] - ✓ [google/gemma-3-27b-it] Temp=0.0 Rep=1 → Concordo fortemente
[2026-05-11 15:24:04,604][__main__][INFO] - ✓ [google/gemma-3-27b-it] Temp=0.0 Rep=1 → Discordo fortemente
[2026-05-11 15:24:04,689][__main__][INFO] - ✓ [mistralai/Mistral-Small-3.2-24B-Instruct-2506] Temp=0.0 Rep=1 → Neutro
[2026-05-11 15:24:04,831][__main__][INFO] - ✓ [mistralai/Mistral-Small-3.2-24B-Instruct-2506] Temp=0.0 Rep=1 → Neutro
[2026-05-11 15:24:04,877][__main__][INFO] - ✓ [deepseek-ai/DeepSeek-V3.2] Temp=0.0 Rep=1 → Concordo fortemente
[2026-05-11 15:24:04,938][__main__][INFO] - ✓ [mistralai/Mistral-Small-3.2-24B-Instruct-2506] Temp=0.0 Rep=1 → Concordo fortemente
[2026-05-11 15:24:04,942][__main__][INFO] - ✓ [deepseek-ai/DeepSeek-V3.2] Temp=0.0 Rep=1 → Concordo
[2026-05-11 15:24:05,082][__main__][INFO] - ✓ [deepseek-ai/DeepSeek-V3.2] Temp=0.0 Rep=1 → Neutro
[2026-05-11 15:24:05,173][__main__][INFO] - ✓ [google/gemma-3-27b-it] Temp=0.0 Rep=1 → Concordo fortemente
[2026-05-11 15:24:05,272][__main__][INFO] - ✓ [google/gemma-3-27b-it] Temp=0.0 Rep=1 → Concordo fortemente
[2026-05-11 15:24:05,286][__main__][INFO] - ✓ [mistralai/Mistral-Small-3.2-24B-Instruct-2506] Temp=0.0 Rep=1 → Neutro
[2026-05-11 15:24:05,371][__main__][INFO] - ✓ [mistralai/Mistral-Small-3.2-24B-Instruct-2506] Temp=0.0 Rep=1 → Concordo fortemente
[2026-05-11 15:24:05,651][__main__][INFO] - ✓ [google/gemma-3-27b-it] Temp=0.0 Rep=1 → Discordo
[2026-05-11 15:24:05,816][__main__][INFO] - ✓ [deepseek-ai/DeepSeek-V3.2] Temp=0.0 Rep=1 → Neutro
[2026-05-11 15:24:05,864][__main__][INFO] - ✓ [mistralai/Mistral-Small-3.2-24B-Instruct-2506] Temp=0.0 Rep=1 → Concordo fortemente
[2026-05-11 15:24:05,894][__main__][INFO] - ✓ [google/gemma-3-27b-it] Temp=0.0 Rep=1 → Discordo fortemente
[2026-05-11 15:24:05,928][__main__][INFO] - ✓ [deepseek-ai/DeepSeek-V3.2] Temp=0.0 Rep=1 → Concordo fortemente
[2026-05-11 15:24:05,990][__main__][INFO] - ✓ [deepseek-ai/DeepSeek-V3.2] Temp=0.0 Rep=1 → Concordo fortemente
[2026-05-11 15:24:05,998][__main__][INFO] - ✓ [deepseek-ai/DeepSeek-V3.2] Temp=0.0 Rep=1 → Concordo fortemente
[2026-05-11 15:24:06,014][__main__][INFO] - ✓ [deepseek-ai/DeepSeek-V3.2] Temp=0.0 Rep=1 → Neutro
[2026-05-11 15:24:06,024][__main__][INFO] - ✓ [google/gemma-3-27b-it] Temp=0.0 Rep=1 → Concordo fortemente
[2026-05-11 15:24:06,146][__main__][INFO] - ✓ [google/gemma-3-27b-it] Temp=0.0 Rep=1 → Neutro
[2026-05-11 15:24:06,366][__main__][INFO] - ✓ [mistralai/Mistral-Small-3.2-24B-Instruct-2506] Temp=0.0 Rep=1 → Concordo
[2026-05-11 15:24:06,369][__main__][INFO] - ✓ [mistralai/Mistral-Small-3.2-24B-Instruct-2506] Temp=0.0 Rep=1 → Neutro
[2026-05-11 15:24:06,380][__main__][INFO] - ✓ [mistralai/Mistral-Small-3.2-24B-Instruct-2506] Temp=0.0 Rep=1 → Neutro
[2026-05-11 15:24:06,536][__main__][INFO] - ✓ [google/gemma-3-27b-it] Temp=0.0 Rep=1 → Concordo
[2026-05-11 15:24:06,552][__main__][INFO] - Salvamento incremental (240 novas respostas)...
[2026-05-11 15:24:06,599][__main__][INFO] - Cache salvo com 230418 entradas
[2026-05-11 15:24:06,599][__main__][INFO] - ✓ [google/gemma-3-27b-it] Temp=0.0 Rep=1 → Concordo fortemente
[2026-05-11 15:24:06,787][__main__][INFO] - ✓ [google/gemma-3-27b-it] Temp=0.0 Rep=1 → Concordo fortemente
[2026-05-11 15:24:06,847][__main__][INFO] - ✓ [mistralai/Mistral-Small-3.2-24B-Instruct-2506] Temp=0.0 Rep=1 → Concordo
[2026-05-11 15:24:06,850][__main__][INFO] - ✓ [mistralai/Mistral-Small-3.2-24B-Instruct-2506] Temp=0.0 Rep=1 → Concordo fortemente
[2026-05-11 15:24:06,875][__main__][INFO] - ✓ [deepseek-ai/DeepSeek-V3.2] Temp=0.0 Rep=1 → Concordo
[2026-05-11 15:24:06,876][__main__][INFO] - ✓ [mistralai/Mistral-Small-3.2-24B-Instruct-2506] Temp=0.0 Rep=1 → Concordo fortemente
[2026-05-11 15:24:06,887][__main__][INFO] - ✓ [deepseek-ai/DeepSeek-V3.2] Temp=0.0 Rep=1 → Neutro
[2026-05-11 15:24:07,179][__main__][INFO] - ✓ [deepseek-ai/DeepSeek-V3.2] Temp=0.0 Rep=1 → Concordo
[2026-05-11 15:24:07,180][__main__][INFO] - ✓ [deepseek-ai/DeepSeek-V3.2] Temp=0.0 Rep=1 → Concordo
[2026-05-11 15:24:07,269][__main__][INFO] - ✓ [google/gemma-3-27b-it] Temp=0.0 Rep=1 → Concordo fortemente
[2026-05-11 15:24:07,276][__main__][INFO] - ✓ [google/gemma-3-27b-it] Temp=0.0 Rep=1 → Concordo fortemente
[2026-05-11 15:24:07,322][__main__][INFO] - ✓ [google/gemma-3-27b-it] Temp=0.0 Rep=1 → Concordo fortemente
[2026-05-11 15:24:07,372][__main__][INFO] - ✓ [deepseek-ai/DeepSeek-V3.2] Temp=0.0 Rep=1 → Concordo fortemente
[2026-05-11 15:24:07,471][__main__][INFO] - ✓ [deepseek-ai/DeepSeek-V3.2] Temp=0.0 Rep=1 → Concordo fortemente
[2026-05-11 15:24:07,703][__main__][INFO] - ✓ [deepseek-ai/DeepSeek-V3.2] Temp=0.0 Rep=1 → Concordo fortemente
[2026-05-11 15:24:07,708][__main__][INFO] - ✓ [deepseek-ai/DeepSeek-V3.2] Temp=0.0 Rep=1 → Neutro
[2026-05-11 15:24:07,745][__main__][INFO] - ✓ [google/gemma-3-27b-it] Temp=0.0 Rep=1 → Concordo fortemente
[2026-05-11 15:24:07,833][__main__][INFO] - ✓ [mistralai/Mistral-Small-3.2-24B-Instruct-2506] Temp=0.0 Rep=1 → Concordo fortemente
[2026-05-11 15:24:07,837][__main__][INFO] - ✓ [google/gemma-3-27b-it] Temp=0.0 Rep=1 → Concordo
[2026-05-11 15:24:07,851][__main__][INFO] - ✓ [mistralai/Mistral-Small-3.2-24B-Instruct-2506] Temp=0.0 Rep=1 → Concordo fortemente
[2026-05-11 15:24:07,851][__main__][INFO] - ✓ [mistralai/Mistral-Small-3.2-24B-Instruct-2506] Temp=0.0 Rep=1 → Neutro
[2026-05-11 15:24:07,877][__main__][INFO] - ✓ [deepseek-ai/DeepSeek-V3.2] Temp=0.0 Rep=1 → Concordo fortemente
[2026-05-11 15:24:07,987][__main__][INFO] - ✓ [mistralai/Mistral-Small-3.2-24B-Instruct-2506] Temp=0.0 Rep=1 → Concordo
[2026-05-11 15:24:08,023][__main__][INFO] - ✓ [mistralai/Mistral-Small-3.2-24B-Instruct-2506] Temp=0.0 Rep=1 → Concordo
[2026-05-11 15:24:08,046][__main__][INFO] - ✓ [deepseek-ai/DeepSeek-V3.2] Temp=0.0 Rep=1 → Neutro
[2026-05-11 15:24:08,052][__main__][INFO] - ✓ [google/gemma-3-27b-it] Temp=0.0 Rep=1 → Concordo
[2026-05-11 15:24:08,122][__main__][INFO] - ✓ [mistralai/Mistral-Small-3.2-24B-Instruct-2506] Temp=0.0 Rep=1 → Neutro
[2026-05-11 15:24:08,217][__main__][INFO] - ✓ [deepseek-ai/DeepSeek-V3.2] Temp=0.0 Rep=1 → Concordo fortemente
[2026-05-11 15:24:08,306][__main__][INFO] - ✓ [mistralai/Mistral-Small-3.2-24B-Instruct-2506] Temp=0.0 Rep=1 → Concordo
[2026-05-11 15:24:08,453][__main__][INFO] - ✓ [mistralai/Mistral-Small-3.2-24B-Instruct-2506] Temp=0.0 Rep=1 → Concordo fortemente
[2026-05-11 15:24:08,479][__main__][INFO] - ✓ [deepseek-ai/DeepSeek-V3.2] Temp=0.0 Rep=1 → Concordo fortemente
[2026-05-11 15:24:08,547][__main__][INFO] - ✓ [deepseek-ai/DeepSeek-V3.2] Temp=0.0 Rep=1 → Neutro
[2026-05-11 15:24:08,567][__main__][INFO] - ✓ [google/gemma-3-27b-it] Temp=0.0 Rep=1 → Concordo fortemente
[2026-05-11 15:24:08,577][__main__][INFO] - ✓ [google/gemma-3-27b-it] Temp=0.0 Rep=1 → Concordo fortemente
[2026-05-11 15:24:08,612][__main__][INFO] - ✓ [google/gemma-3-27b-it] Temp=0.0 Rep=1 → Concordo fortemente
[2026-05-11 15:24:08,759][__main__][INFO] - ✓ [deepseek-ai/DeepSeek-V3.2] Temp=0.0 Rep=1 → Concordo
[2026-05-11 15:24:08,883][__main__][INFO] - ✓ [google/gemma-3-27b-it] Temp=0.0 Rep=1 → Neutro
[2026-05-11 15:24:08,953][__main__][INFO] - ✓ [google/gemma-3-27b-it] Temp=0.0 Rep=1 → Concordo fortemente
[2026-05-11 15:24:08,995][__main__][INFO] - ✓ [deepseek-ai/DeepSeek-V3.2] Temp=0.0 Rep=1 → Concordo fortemente
[2026-05-11 15:24:09,005][__main__][INFO] - ✓ [google/gemma-3-27b-it] Temp=0.0 Rep=1 → Concordo fortemente
[2026-05-11 15:24:09,103][__main__][INFO] - Salvamento incremental (280 novas respostas)...
[2026-05-11 15:24:09,151][__main__][INFO] - Cache salvo com 230458 entradas
[2026-05-11 15:24:09,151][__main__][INFO] - ✓ [deepseek-ai/DeepSeek-V3.2] Temp=0.0 Rep=1 → Concordo
[2026-05-11 15:24:09,167][__main__][INFO] - ✓ [deepseek-ai/DeepSeek-V3.2] Temp=0.0 Rep=1 → Concordo fortemente
[2026-05-11 15:24:09,266][__main__][INFO] - ✓ [mistralai/Mistral-Small-3.2-24B-Instruct-2506] Temp=0.0 Rep=1 → Neutro
[2026-05-11 15:24:09,506][__main__][INFO] - ✓ [google/gemma-3-27b-it] Temp=0.0 Rep=1 → Concordo fortemente
[2026-05-11 15:24:09,684][__main__][INFO] - ✓ [deepseek-ai/DeepSeek-V3.2] Temp=0.0 Rep=1 → Neutro
[2026-05-11 15:24:09,686][__main__][INFO] - ✓ [deepseek-ai/DeepSeek-V3.2] Temp=0.0 Rep=1 → Neutro
[2026-05-11 15:24:09,791][__main__][INFO] - ✓ [deepseek-ai/DeepSeek-V3.2] Temp=0.0 Rep=1 → Neutro
[2026-05-11 15:24:10,088][__main__][INFO] - ✓ [mistralai/Mistral-Small-3.2-24B-Instruct-2506] Temp=0.0 Rep=1 → Neutro
[2026-05-11 15:24:10,558][__main__][INFO] - ✓ [deepseek-ai/DeepSeek-V3.2] Temp=0.0 Rep=1 → Concordo fortemente
[2026-05-11 15:24:10,639][__main__][INFO] - ✓ [deepseek-ai/DeepSeek-V3.2] Temp=0.0 Rep=1 → Concordo fortemente
[2026-05-11 15:24:10,840][__main__][INFO] - ✓ [deepseek-ai/DeepSeek-V3.2] Temp=0.0 Rep=1 → Concordo fortemente
[2026-05-11 15:24:10,989][__main__][INFO] - ✓ [google/gemma-3-27b-it] Temp=0.0 Rep=1 → Discordo fortemente
[2026-05-11 15:24:11,016][__main__][INFO] - ✓ [google/gemma-3-27b-it] Temp=0.0 Rep=1 → Discordo fortemente
[2026-05-11 15:24:11,051][__main__][INFO] - ✓ [google/gemma-3-27b-it] Temp=0.0 Rep=1 → Concordo fortemente
[2026-05-11 15:24:11,146][__main__][INFO] - ✓ [google/gemma-3-27b-it] Temp=0.0 Rep=1 → Neutro
[2026-05-11 15:24:11,363][__main__][INFO] - ✓ [google/gemma-3-27b-it] Temp=0.0 Rep=1 → Concordo fortemente
[2026-05-11 15:24:11,899][__main__][INFO] - ✓ [mistralai/Mistral-Small-3.2-24B-Instruct-2506] Temp=0.0 Rep=1 → Neutro
[2026-05-11 15:24:11,902][__main__][INFO] - ✓ [mistralai/Mistral-Small-3.2-24B-Instruct-2506] Temp=0.0 Rep=1 → Concordo fortemente
[2026-05-11 15:24:11,903][__main__][INFO] - ✓ [mistralai/Mistral-Small-3.2-24B-Instruct-2506] Temp=0.0 Rep=1 → Neutro
[2026-05-11 15:24:11,907][__main__][INFO] - ✓ [deepseek-ai/DeepSeek-V3.2] Temp=0.0 Rep=1 → Neutro
[2026-05-11 15:24:12,304][__main__][INFO] - ✓ [google/gemma-3-27b-it] Temp=0.0 Rep=1 → Discordo fortemente
[2026-05-11 15:24:12,418][__main__][INFO] - ✓ [deepseek-ai/DeepSeek-V3.2] Temp=0.0 Rep=1 → Neutro
[2026-05-11 15:24:12,505][__main__][INFO] - ✓ [google/gemma-3-27b-it] Temp=0.0 Rep=1 → Neutro
[2026-05-11 15:24:12,540][__main__][INFO] - ✓ [google/gemma-3-27b-it] Temp=0.0 Rep=1 → Discordo fortemente
[2026-05-11 15:24:13,330][__main__][INFO] - ✓ [deepseek-ai/DeepSeek-V3.2] Temp=0.0 Rep=1 → Neutro
[2026-05-11 15:24:13,681][__main__][INFO] - ✓ [deepseek-ai/DeepSeek-V3.2] Temp=0.0 Rep=1 → Concordo
[2026-05-11 15:24:13,988][__main__][INFO] - ✓ [mistralai/Mistral-Small-3.2-24B-Instruct-2506] Temp=0.0 Rep=1 → Concordo
[2026-05-11 15:24:13,989][__main__][INFO] - ✓ [mistralai/Mistral-Small-3.2-24B-Instruct-2506] Temp=0.0 Rep=1 → Concordo fortemente
[2026-05-11 15:24:13,989][__main__][INFO] - ✓ [mistralai/Mistral-Small-3.2-24B-Instruct-2506] Temp=0.0 Rep=1 → Discordo
[2026-05-11 15:24:13,989][__main__][INFO] - ✓ [mistralai/Mistral-Small-3.2-24B-Instruct-2506] Temp=0.0 Rep=1 → Concordo fortemente
[2026-05-11 15:24:13,990][__main__][INFO] - ✓ [mistralai/Mistral-Small-3.2-24B-Instruct-2506] Temp=0.0 Rep=1 → Neutro
[2026-05-11 15:24:13,990][__main__][INFO] - ✓ [mistralai/Mistral-Small-3.2-24B-Instruct-2506] Temp=0.0 Rep=1 → Concordo fortemente
[2026-05-11 15:24:14,284][__main__][INFO] - ✓ [deepseek-ai/DeepSeek-V3.2] Temp=0.0 Rep=1 → Neutro
[2026-05-11 15:24:14,312][__main__][INFO] - ✓ [google/gemma-3-27b-it] Temp=0.0 Rep=1 → Neutro
[2026-05-11 15:24:14,370][__main__][INFO] - ✓ [google/gemma-3-27b-it] Temp=0.0 Rep=1 → Concordo fortemente
[2026-05-11 15:24:14,374][__main__][INFO] - ✓ [mistralai/Mistral-Small-3.2-24B-Instruct-2506] Temp=0.0 Rep=1 → Neutro
[2026-05-11 15:24:14,377][__main__][INFO] - ✓ [mistralai/Mistral-Small-3.2-24B-Instruct-2506] Temp=0.0 Rep=1 → Neutro
[2026-05-11 15:24:14,387][__main__][INFO] - ✓ [google/gemma-3-27b-it] Temp=0.0 Rep=1 → Discordo fortemente
[2026-05-11 15:24:14,388][__main__][INFO] - ✓ [mistralai/Mistral-Small-3.2-24B-Instruct-2506] Temp=0.0 Rep=1 → Concordo fortemente
[2026-05-11 15:24:14,508][__main__][INFO] - ✓ [mistralai/Mistral-Small-3.2-24B-Instruct-2506] Temp=0.0 Rep=1 → Discordo fortemente
[2026-05-11 15:24:14,508][__main__][INFO] - Salvamento incremental (320 novas respostas)...
[2026-05-11 15:24:14,555][__main__][INFO] - Cache salvo com 230498 entradas
[2026-05-11 15:24:14,555][__main__][INFO] - ✓ [mistralai/Mistral-Small-3.2-24B-Instruct-2506] Temp=0.0 Rep=1 → Neutro
[2026-05-11 15:24:14,560][__main__][INFO] - ✓ [deepseek-ai/DeepSeek-V3.2] Temp=0.0 Rep=1 → Neutro
[2026-05-11 15:24:14,765][__main__][INFO] - ✓ [google/gemma-3-27b-it] Temp=0.0 Rep=1 → Concordo fortemente
[2026-05-11 15:24:14,796][__main__][INFO] - ✓ [mistralai/Mistral-Small-3.2-24B-Instruct-2506] Temp=0.0 Rep=1 → Concordo fortemente
[2026-05-11 15:24:14,823][__main__][INFO] - ✓ [google/gemma-3-27b-it] Temp=0.0 Rep=1 → Concordo fortemente
[2026-05-11 15:24:14,841][__main__][INFO] - ✓ [google/gemma-3-27b-it] Temp=0.0 Rep=1 → Concordo fortemente
[2026-05-11 15:24:15,033][__main__][INFO] - ✓ [deepseek-ai/DeepSeek-V3.2] Temp=0.0 Rep=1 → Concordo
[2026-05-11 15:24:15,055][__main__][INFO] - ✓ [deepseek-ai/DeepSeek-V3.2] Temp=0.0 Rep=1 → Neutro
[2026-05-11 15:24:15,841][__main__][INFO] - ✓ [deepseek-ai/DeepSeek-V3.2] Temp=0.0 Rep=1 → Concordo fortemente
[2026-05-11 15:24:15,846][__main__][INFO] - ✓ [deepseek-ai/DeepSeek-V3.2] Temp=0.0 Rep=1 → Concordo fortemente
[2026-05-11 15:24:15,849][__main__][INFO] - ✓ [deepseek-ai/DeepSeek-V3.2] Temp=0.0 Rep=1 → Concordo fortemente
[2026-05-11 15:24:15,875][__main__][INFO] - ✓ [deepseek-ai/DeepSeek-V3.2] Temp=0.0 Rep=1 → Concordo fortemente
[2026-05-11 15:24:16,374][__main__][INFO] - ✓ [mistralai/Mistral-Small-3.2-24B-Instruct-2506] Temp=0.0 Rep=1 → Concordo fortemente
[2026-05-11 15:24:16,670][__main__][INFO] - ✓ [deepseek-ai/DeepSeek-V3.2] Temp=0.0 Rep=1 → Neutro
[2026-05-11 15:24:16,971][__main__][INFO] - ✓ [mistralai/Mistral-Small-3.2-24B-Instruct-2506] Temp=0.0 Rep=1 → Concordo
[2026-05-11 15:24:17,026][__main__][INFO] - ✓ [google/gemma-3-27b-it] Temp=0.0 Rep=1 → Concordo fortemente
[2026-05-11 15:24:17,234][__main__][INFO] - ✓ [deepseek-ai/DeepSeek-V3.2] Temp=0.0 Rep=1 → Neutro
[2026-05-11 15:24:17,297][__main__][INFO] - ✓ [mistralai/Mistral-Small-3.2-24B-Instruct-2506] Temp=0.0 Rep=1 → Neutro
[2026-05-11 15:24:17,337][__main__][INFO] - ✓ [mistralai/Mistral-Small-3.2-24B-Instruct-2506] Temp=0.0 Rep=1 → Concordo fortemente
[2026-05-11 15:24:17,383][__main__][INFO] - ✓ [mistralai/Mistral-Small-3.2-24B-Instruct-2506] Temp=0.0 Rep=1 → Neutro
[2026-05-11 15:24:17,412][__main__][INFO] - ✓ [google/gemma-3-27b-it] Temp=0.0 Rep=1 → Concordo fortemente
[2026-05-11 15:24:17,413][__main__][INFO] - ✓ [google/gemma-3-27b-it] Temp=0.0 Rep=1 → Concordo
[2026-05-11 15:24:17,417][__main__][INFO] - ✓ [google/gemma-3-27b-it] Temp=0.0 Rep=1 → Discordo fortemente
[2026-05-11 15:24:17,500][__main__][INFO] - ✓ [mistralai/Mistral-Small-3.2-24B-Instruct-2506] Temp=0.0 Rep=1 → Concordo
[2026-05-11 15:24:17,673][__main__][INFO] - ✓ [google/gemma-3-27b-it] Temp=0.0 Rep=1 → Concordo fortemente
[2026-05-11 15:24:17,719][__main__][INFO] - ✓ [mistralai/Mistral-Small-3.2-24B-Instruct-2506] Temp=0.0 Rep=1 → Concordo fortemente
[2026-05-11 15:24:17,810][__main__][INFO] - ✓ [google/gemma-3-27b-it] Temp=0.0 Rep=1 → Concordo fortemente
[2026-05-11 15:24:17,914][__main__][INFO] - ✓ [mistralai/Mistral-Small-3.2-24B-Instruct-2506] Temp=0.0 Rep=1 → Concordo fortemente
[2026-05-11 15:24:17,993][__main__][INFO] - ✓ [mistralai/Mistral-Small-3.2-24B-Instruct-2506] Temp=0.0 Rep=1 → Concordo
[2026-05-11 15:24:18,061][__main__][INFO] - ✓ [google/gemma-3-27b-it] Temp=0.0 Rep=1 → Concordo fortemente
[2026-05-11 15:24:18,078][__main__][INFO] - ✓ [google/gemma-3-27b-it] Temp=0.0 Rep=1 → Concordo fortemente
[2026-05-11 15:24:18,191][__main__][INFO] - ✓ [deepseek-ai/DeepSeek-V3.2] Temp=0.0 Rep=1 → Concordo fortemente
[2026-05-11 15:24:18,210][__main__][INFO] - ✓ [mistralai/Mistral-Small-3.2-24B-Instruct-2506] Temp=0.0 Rep=1 → Concordo fortemente
[2026-05-11 15:24:18,237][__main__][INFO] - ✓ [deepseek-ai/DeepSeek-V3.2] Temp=0.0 Rep=1 → Neutro
[2026-05-11 15:24:18,239][__main__][INFO] - ✓ [deepseek-ai/DeepSeek-V3.2] Temp=0.0 Rep=1 → Neutro
[2026-05-11 15:24:18,239][__main__][INFO] - ✓ [google/gemma-3-27b-it] Temp=0.0 Rep=1 → Concordo fortemente
[2026-05-11 15:24:18,273][__main__][INFO] - ✓ [mistralai/Mistral-Small-3.2-24B-Instruct-2506] Temp=0.0 Rep=1 → Concordo fortemente
[2026-05-11 15:24:18,700][__main__][INFO] - ✓ [mistralai/Mistral-Small-3.2-24B-Instruct-2506] Temp=0.0 Rep=1 → Concordo fortemente
[2026-05-11 15:24:18,701][__main__][INFO] - ✓ [google/gemma-3-27b-it] Temp=0.0 Rep=1 → Concordo fortemente
[2026-05-11 15:24:18,703][__main__][INFO] - ✓ [google/gemma-3-27b-it] Temp=0.0 Rep=1 → Concordo fortemente
[2026-05-11 15:24:18,703][__main__][INFO] - Salvamento incremental (360 novas respostas)...
[2026-05-11 15:24:18,748][__main__][INFO] - Cache salvo com 230538 entradas
[2026-05-11 15:24:18,748][__main__][INFO] - ✓ [mistralai/Mistral-Small-3.2-24B-Instruct-2506] Temp=0.0 Rep=1 → Concordo fortemente
[2026-05-11 15:24:18,748][__main__][INFO] - ✓ [google/gemma-3-27b-it] Temp=0.0 Rep=1 → Concordo fortemente
[2026-05-11 15:24:18,874][__main__][INFO] - ✓ [deepseek-ai/DeepSeek-V3.2] Temp=0.0 Rep=1 → Concordo fortemente
[2026-05-11 15:24:18,878][__main__][INFO] - ✓ [deepseek-ai/DeepSeek-V3.2] Temp=0.0 Rep=1 → Neutro
[2026-05-11 15:24:19,123][__main__][INFO] - ✓ [google/gemma-3-27b-it] Temp=0.0 Rep=1 → Concordo fortemente
[2026-05-11 15:24:19,499][__main__][INFO] - ✓ [google/gemma-3-27b-it] Temp=0.0 Rep=1 → Neutro
[2026-05-11 15:24:19,505][__main__][INFO] - ✓ [google/gemma-3-27b-it] Temp=0.0 Rep=1 → Concordo fortemente
[2026-05-11 15:24:19,569][__main__][INFO] - ✓ [mistralai/Mistral-Small-3.2-24B-Instruct-2506] Temp=0.0 Rep=1 → Concordo fortemente
[2026-05-11 15:24:19,572][__main__][INFO] - ✓ [mistralai/Mistral-Small-3.2-24B-Instruct-2506] Temp=0.0 Rep=1 → Concordo
[2026-05-11 15:24:19,596][__main__][INFO] - ✓ [deepseek-ai/DeepSeek-V3.2] Temp=0.0 Rep=1 → Concordo fortemente
[2026-05-11 15:24:19,605][__main__][INFO] - ✓ [mistralai/Mistral-Small-3.2-24B-Instruct-2506] Temp=0.0 Rep=1 → Concordo
[2026-05-11 15:24:19,750][__main__][INFO] - ✓ [deepseek-ai/DeepSeek-V3.2] Temp=0.0 Rep=1 → Concordo fortemente
[2026-05-11 15:24:19,758][__main__][INFO] - ✓ [deepseek-ai/DeepSeek-V3.2] Temp=0.0 Rep=1 → Concordo fortemente
[2026-05-11 15:24:19,844][__main__][INFO] - ✓ [mistralai/Mistral-Small-3.2-24B-Instruct-2506] Temp=0.0 Rep=1 → Neutro
[2026-05-11 15:24:19,976][__main__][INFO] - ✓ [google/gemma-3-27b-it] Temp=0.0 Rep=1 → Concordo fortemente
[2026-05-11 15:24:19,980][__main__][INFO] - ✓ [google/gemma-3-27b-it] Temp=0.0 Rep=1 → Discordo fortemente
[2026-05-11 15:24:20,037][__main__][INFO] - ✓ [mistralai/Mistral-Small-3.2-24B-Instruct-2506] Temp=0.0 Rep=1 → Concordo fortemente
[2026-05-11 15:24:20,115][__main__][INFO] - ✓ [mistralai/Mistral-Small-3.2-24B-Instruct-2506] Temp=0.0 Rep=1 → Concordo
[2026-05-11 15:24:20,153][__main__][INFO] - ✓ [deepseek-ai/DeepSeek-V3.2] Temp=0.0 Rep=1 → Neutro
[2026-05-11 15:24:20,275][__main__][INFO] - ✓ [deepseek-ai/DeepSeek-V3.2] Temp=0.0 Rep=1 → Concordo
[2026-05-11 15:24:20,279][__main__][INFO] - ✓ [google/gemma-3-27b-it] Temp=0.0 Rep=1 → Concordo fortemente
[2026-05-11 15:24:20,311][__main__][INFO] - ✓ [mistralai/Mistral-Small-3.2-24B-Instruct-2506] Temp=0.0 Rep=1 → Concordo fortemente
[2026-05-11 15:24:20,322][__main__][INFO] - ✓ [deepseek-ai/DeepSeek-V3.2] Temp=0.0 Rep=1 → Neutro
[2026-05-11 15:24:20,328][__main__][INFO] - ✓ [deepseek-ai/DeepSeek-V3.2] Temp=0.0 Rep=1 → Neutro
[2026-05-11 15:24:20,350][__main__][INFO] - ✓ [deepseek-ai/DeepSeek-V3.2] Temp=0.0 Rep=1 → Concordo fortemente
[2026-05-11 15:24:20,522][__main__][INFO] - ✓ [google/gemma-3-27b-it] Temp=0.0 Rep=1 → Discordo fortemente
[2026-05-11 15:24:20,622][__main__][INFO] - ✓ [google/gemma-3-27b-it] Temp=0.0 Rep=1 → Discordo fortemente
[2026-05-11 15:24:20,645][__main__][INFO] - ✓ [google/gemma-3-27b-it] Temp=0.0 Rep=1 → Discordo fortemente
[2026-05-11 15:24:20,949][__main__][INFO] - ✓ [mistralai/Mistral-Small-3.2-24B-Instruct-2506] Temp=0.0 Rep=1 → Discordo fortemente
[2026-05-11 15:24:20,953][__main__][INFO] - ✓ [deepseek-ai/DeepSeek-V3.2] Temp=0.0 Rep=1 → Concordo fortemente
[2026-05-11 15:24:20,955][__main__][INFO] - ✓ [mistralai/Mistral-Small-3.2-24B-Instruct-2506] Temp=0.0 Rep=1 → Neutro
[2026-05-11 15:24:20,971][__main__][INFO] - ✓ [deepseek-ai/DeepSeek-V3.2] Temp=0.0 Rep=1 → Neutro
[2026-05-11 15:24:21,056][__main__][INFO] - ✓ [google/gemma-3-27b-it] Temp=0.0 Rep=1 → Concordo fortemente
[2026-05-11 15:24:21,085][__main__][INFO] - ✓ [mistralai/Mistral-Small-3.2-24B-Instruct-2506] Temp=0.0 Rep=1 → Neutro
[2026-05-11 15:24:21,197][__main__][INFO] - ✓ [deepseek-ai/DeepSeek-V3.2] Temp=0.0 Rep=1 → Concordo fortemente
[2026-05-11 15:24:21,232][__main__][INFO] - ✓ [deepseek-ai/DeepSeek-V3.2] Temp=0.0 Rep=1 → Concordo fortemente
[2026-05-11 15:24:21,367][__main__][INFO] - ✓ [google/gemma-3-27b-it] Temp=0.0 Rep=1 → Concordo fortemente
[2026-05-11 15:24:21,393][__main__][INFO] - ✓ [deepseek-ai/DeepSeek-V3.2] Temp=0.0 Rep=1 → Neutro
[2026-05-11 15:24:21,396][__main__][INFO] - ✓ [deepseek-ai/DeepSeek-V3.2] Temp=0.0 Rep=1 → Neutro
[2026-05-11 15:24:21,417][__main__][INFO] - ✓ [google/gemma-3-27b-it] Temp=0.0 Rep=1 → Concordo fortemente
[2026-05-11 15:24:21,856][__main__][INFO] - Salvamento incremental (400 novas respostas)...
[2026-05-11 15:24:21,902][__main__][INFO] - Cache salvo com 230578 entradas
[2026-05-11 15:24:21,903][__main__][INFO] - ✓ [google/gemma-3-27b-it] Temp=0.0 Rep=1 → Discordo fortemente
[2026-05-11 15:24:21,903][__main__][INFO] - ✓ [google/gemma-3-27b-it] Temp=0.0 Rep=1 → Concordo fortemente
[2026-05-11 15:24:21,903][__main__][INFO] - ✓ [google/gemma-3-27b-it] Temp=0.0 Rep=1 → Concordo fortemente
[2026-05-11 15:24:21,904][__main__][INFO] - ✓ [mistralai/Mistral-Small-3.2-24B-Instruct-2506] Temp=0.0 Rep=1 → Neutro
[2026-05-11 15:24:21,907][__main__][INFO] - ✓ [mistralai/Mistral-Small-3.2-24B-Instruct-2506] Temp=0.0 Rep=1 → Neutro
[2026-05-11 15:24:21,907][__main__][INFO] - ✓ [mistralai/Mistral-Small-3.2-24B-Instruct-2506] Temp=0.0 Rep=1 → Concordo fortemente
[2026-05-11 15:24:21,909][__main__][INFO] - ✓ [mistralai/Mistral-Small-3.2-24B-Instruct-2506] Temp=0.0 Rep=1 → Neutro
[2026-05-11 15:24:21,969][__main__][INFO] - ✓ [deepseek-ai/DeepSeek-V3.2] Temp=0.0 Rep=1 → Neutro
[2026-05-11 15:24:22,041][__main__][INFO] - ✓ [deepseek-ai/DeepSeek-V3.2] Temp=0.0 Rep=1 → Neutro
[2026-05-11 15:24:22,217][__main__][INFO] - ✓ [mistralai/Mistral-Small-3.2-24B-Instruct-2506] Temp=0.0 Rep=1 → Neutro
[2026-05-11 15:24:22,227][__main__][INFO] - ✓ [mistralai/Mistral-Small-3.2-24B-Instruct-2506] Temp=0.0 Rep=1 → Concordo fortemente
[2026-05-11 15:24:22,379][__main__][INFO] - ✓ [mistralai/Mistral-Small-3.2-24B-Instruct-2506] Temp=0.0 Rep=1 → Concordo fortemente
[2026-05-11 15:24:22,401][__main__][INFO] - ✓ [deepseek-ai/DeepSeek-V3.2] Temp=0.0 Rep=1 → Neutro
[2026-05-11 15:24:22,470][__main__][INFO] - ✓ [google/gemma-3-27b-it] Temp=0.0 Rep=1 → Discordo fortemente
[2026-05-11 15:24:22,495][__main__][INFO] - ✓ [google/gemma-3-27b-it] Temp=0.0 Rep=1 → Concordo fortemente
[2026-05-11 15:24:22,498][__main__][INFO] - ✓ [google/gemma-3-27b-it] Temp=0.0 Rep=1 → Concordo fortemente
[2026-05-11 15:24:22,638][__main__][INFO] - ✓ [deepseek-ai/DeepSeek-V3.2] Temp=0.0 Rep=1 → Neutro
[2026-05-11 15:24:22,706][__main__][INFO] - ✓ [deepseek-ai/DeepSeek-V3.2] Temp=0.0 Rep=1 → Concordo fortemente
[2026-05-11 15:24:22,898][__main__][INFO] - ✓ [google/gemma-3-27b-it] Temp=0.0 Rep=1 → Concordo fortemente
[2026-05-11 15:24:22,966][__main__][INFO] - ✓ [mistralai/Mistral-Small-3.2-24B-Instruct-2506] Temp=0.0 Rep=1 → Neutro
[2026-05-11 15:24:22,992][__main__][INFO] - ✓ [google/gemma-3-27b-it] Temp=0.0 Rep=1 → Discordo fortemente
[2026-05-11 15:24:22,997][__main__][INFO] - ✓ [mistralai/Mistral-Small-3.2-24B-Instruct-2506] Temp=0.0 Rep=1 → Concordo fortemente
[2026-05-11 15:24:23,014][__main__][INFO] - ✓ [google/gemma-3-27b-it] Temp=0.0 Rep=1 → Neutro
[2026-05-11 15:24:23,015][__main__][INFO] - ✓ [mistralai/Mistral-Small-3.2-24B-Instruct-2506] Temp=0.0 Rep=1 → Neutro
[2026-05-11 15:24:23,029][__main__][INFO] - ✓ [deepseek-ai/DeepSeek-V3.2] Temp=0.0 Rep=1 → Neutro
[2026-05-11 15:24:23,192][__main__][INFO] - ✓ [mistralai/Mistral-Small-3.2-24B-Instruct-2506] Temp=0.0 Rep=1 → Concordo
[2026-05-11 15:24:23,250][__main__][INFO] - ✓ [mistralai/Mistral-Small-3.2-24B-Instruct-2506] Temp=0.0 Rep=1 → Neutro
[2026-05-11 15:24:23,437][__main__][INFO] - ✓ [google/gemma-3-27b-it] Temp=0.0 Rep=1 → Discordo fortemente
[2026-05-11 15:24:23,520][__main__][INFO] - ✓ [deepseek-ai/DeepSeek-V3.2] Temp=0.0 Rep=1 → Concordo fortemente
[2026-05-11 15:24:23,603][__main__][INFO] - ✓ [google/gemma-3-27b-it] Temp=0.0 Rep=1 → Concordo fortemente
[2026-05-11 15:24:23,697][__main__][INFO] - ✓ [deepseek-ai/DeepSeek-V3.2] Temp=0.0 Rep=1 → Concordo fortemente
[2026-05-11 15:24:23,784][__main__][INFO] - ✓ [deepseek-ai/DeepSeek-V3.2] Temp=0.0 Rep=1 → Neutro
[2026-05-11 15:24:23,798][__main__][INFO] - ✓ [deepseek-ai/DeepSeek-V3.2] Temp=0.0 Rep=1 → Neutro
[2026-05-11 15:24:23,803][__main__][INFO] - ✓ [deepseek-ai/DeepSeek-V3.2] Temp=0.0 Rep=1 → Neutro
[2026-05-11 15:24:24,082][__main__][INFO] - ✓ [google/gemma-3-27b-it] Temp=0.0 Rep=1 → Concordo fortemente
[2026-05-11 15:24:24,374][__main__][INFO] - ✓ [google/gemma-3-27b-it] Temp=0.0 Rep=1 → Concordo fortemente
[2026-05-11 15:24:24,477][__main__][INFO] - ✓ [mistralai/Mistral-Small-3.2-24B-Instruct-2506] Temp=0.0 Rep=1 → Concordo fortemente
[2026-05-11 15:24:24,479][__main__][INFO] - ✓ [google/gemma-3-27b-it] Temp=0.0 Rep=1 → Concordo fortemente
[2026-05-11 15:24:24,483][__main__][INFO] - ✓ [mistralai/Mistral-Small-3.2-24B-Instruct-2506] Temp=0.0 Rep=1 → Neutro
[2026-05-11 15:24:24,488][__main__][INFO] - ✓ [mistralai/Mistral-Small-3.2-24B-Instruct-2506] Temp=0.0 Rep=1 → Concordo fortemente
[2026-05-11 15:24:24,590][__main__][INFO] - Salvamento incremental (440 novas respostas)...
[2026-05-11 15:24:24,639][__main__][INFO] - Cache salvo com 230618 entradas
[2026-05-11 15:24:24,639][__main__][INFO] - ✓ [deepseek-ai/DeepSeek-V3.2] Temp=0.0 Rep=1 → Concordo fortemente
[2026-05-11 15:24:24,641][__main__][INFO] - ✓ [deepseek-ai/DeepSeek-V3.2] Temp=0.0 Rep=1 → Concordo fortemente
[2026-05-11 15:24:24,671][__main__][INFO] - ✓ [deepseek-ai/DeepSeek-V3.2] Temp=0.0 Rep=1 → Concordo fortemente
[2026-05-11 15:24:24,849][__main__][INFO] - ✓ [google/gemma-3-27b-it] Temp=0.0 Rep=1 → Concordo fortemente
[2026-05-11 15:24:24,852][__main__][INFO] - ✓ [mistralai/Mistral-Small-3.2-24B-Instruct-2506] Temp=0.0 Rep=1 → Concordo
[2026-05-11 15:24:24,861][__main__][INFO] - ✓ [mistralai/Mistral-Small-3.2-24B-Instruct-2506] Temp=0.0 Rep=1 → Concordo
[2026-05-11 15:24:24,876][__main__][INFO] - ✓ [mistralai/Mistral-Small-3.2-24B-Instruct-2506] Temp=0.0 Rep=1 → Neutro
[2026-05-11 15:24:25,154][__main__][INFO] - ✓ [google/gemma-3-27b-it] Temp=0.0 Rep=1 → Neutro
[2026-05-11 15:24:25,223][__main__][INFO] - ✓ [mistralai/Mistral-Small-3.2-24B-Instruct-2506] Temp=0.0 Rep=1 → Neutro
[2026-05-11 15:24:25,226][__main__][INFO] - ✓ [mistralai/Mistral-Small-3.2-24B-Instruct-2506] Temp=0.0 Rep=1 → Neutro
[2026-05-11 15:24:25,282][__main__][INFO] - ✓ [deepseek-ai/DeepSeek-V3.2] Temp=0.0 Rep=1 → Neutro
[2026-05-11 15:24:25,287][__main__][INFO] - ✓ [mistralai/Mistral-Small-3.2-24B-Instruct-2506] Temp=0.0 Rep=1 → Neutro
[2026-05-11 15:24:25,350][__main__][INFO] - ✓ [google/gemma-3-27b-it] Temp=0.0 Rep=1 → Discordo fortemente
[2026-05-11 15:24:25,387][__main__][INFO] - ✓ [deepseek-ai/DeepSeek-V3.2] Temp=0.0 Rep=1 → Concordo fortemente
[2026-05-11 15:24:25,390][__main__][INFO] - ✓ [google/gemma-3-27b-it] Temp=0.0 Rep=1 → Concordo fortemente
[2026-05-11 15:24:25,522][__main__][INFO] - ✓ [deepseek-ai/DeepSeek-V3.2] Temp=0.0 Rep=1 → Concordo fortemente
[2026-05-11 15:24:25,532][__main__][INFO] - ✓ [deepseek-ai/DeepSeek-V3.2] Temp=0.0 Rep=1 → Neutro
[2026-05-11 15:24:25,695][__main__][INFO] - ✓ [google/gemma-3-27b-it] Temp=0.0 Rep=1 → Neutro
[2026-05-11 15:24:25,715][__main__][INFO] - ✓ [mistralai/Mistral-Small-3.2-24B-Instruct-2506] Temp=0.0 Rep=1 → Concordo fortemente
[2026-05-11 15:24:25,783][__main__][INFO] - ✓ [mistralai/Mistral-Small-3.2-24B-Instruct-2506] Temp=0.0 Rep=1 → Discordo fortemente
[2026-05-11 15:24:25,850][__main__][INFO] - ✓ [mistralai/Mistral-Small-3.2-24B-Instruct-2506] Temp=0.0 Rep=1 → Neutro
[2026-05-11 15:24:26,333][__main__][INFO] - ✓ [deepseek-ai/DeepSeek-V3.2] Temp=0.0 Rep=1 → Concordo fortemente
[2026-05-11 15:24:26,564][__main__][INFO] - ✓ [deepseek-ai/DeepSeek-V3.2] Temp=0.0 Rep=1 → Neutro
[2026-05-11 15:24:26,566][__main__][INFO] - ✓ [deepseek-ai/DeepSeek-V3.2] Temp=0.0 Rep=1 → Neutro
[2026-05-11 15:24:26,566][__main__][INFO] - ✓ [deepseek-ai/DeepSeek-V3.2] Temp=0.0 Rep=1 → Neutro
[2026-05-11 15:24:26,584][__main__][INFO] - ✓ [deepseek-ai/DeepSeek-V3.2] Temp=0.0 Rep=1 → Neutro
[2026-05-11 15:24:26,625][__main__][INFO] - ✓ [deepseek-ai/DeepSeek-V3.2] Temp=0.0 Rep=1 → Neutro
[2026-05-11 15:24:26,661][__main__][INFO] - ✓ [google/gemma-3-27b-it] Temp=0.0 Rep=1 → Discordo fortemente
[2026-05-11 15:24:26,679][__main__][INFO] - ✓ [google/gemma-3-27b-it] Temp=0.0 Rep=1 → Discordo
[2026-05-11 15:24:26,683][__main__][INFO] - ✓ [google/gemma-3-27b-it] Temp=0.0 Rep=1 → Concordo fortemente
[2026-05-11 15:24:26,729][__main__][INFO] - ✓ [google/gemma-3-27b-it] Temp=0.0 Rep=1 → Concordo
[2026-05-11 15:24:26,740][__main__][INFO] - ✓ [google/gemma-3-27b-it] Temp=0.0 Rep=1 → Concordo fortemente
[2026-05-11 15:24:26,856][__main__][INFO] - ✓ [mistralai/Mistral-Small-3.2-24B-Instruct-2506] Temp=0.0 Rep=1 → Neutro
[2026-05-11 15:24:26,879][__main__][INFO] - ✓ [mistralai/Mistral-Small-3.2-24B-Instruct-2506] Temp=0.0 Rep=1 → Concordo fortemente
[2026-05-11 15:24:26,972][__main__][INFO] - ✓ [mistralai/Mistral-Small-3.2-24B-Instruct-2506] Temp=0.0 Rep=1 → Concordo
[2026-05-11 15:24:27,090][__main__][INFO] - ✓ [google/gemma-3-27b-it] Temp=0.0 Rep=1 → Discordo fortemente
[2026-05-11 15:24:27,098][__main__][INFO] - ✓ [google/gemma-3-27b-it] Temp=0.0 Rep=1 → Concordo fortemente
[2026-05-11 15:24:27,258][__main__][INFO] - ✓ [deepseek-ai/DeepSeek-V3.2] Temp=0.0 Rep=1 → Neutro
[2026-05-11 15:24:27,267][__main__][INFO] - ✓ [google/gemma-3-27b-it] Temp=0.0 Rep=1 → Neutro
[2026-05-11 15:24:27,288][__main__][INFO] - ✓ [mistralai/Mistral-Small-3.2-24B-Instruct-2506] Temp=0.0 Rep=1 → Neutro
[2026-05-11 15:24:27,345][__main__][INFO] - Salvamento incremental (480 novas respostas)...
[2026-05-11 15:24:27,398][__main__][INFO] - Cache salvo com 230658 entradas
[2026-05-11 15:24:27,398][__main__][INFO] - ✓ [mistralai/Mistral-Small-3.2-24B-Instruct-2506] Temp=0.0 Rep=1 → Concordo
[2026-05-11 15:24:27,481][__main__][INFO] - ✓ [deepseek-ai/DeepSeek-V3.2] Temp=0.0 Rep=1 → Neutro
[2026-05-11 15:24:27,625][__main__][INFO] - ✓ [deepseek-ai/DeepSeek-V3.2] Temp=0.0 Rep=1 → Neutro
[2026-05-11 15:24:27,653][__main__][INFO] - ✓ [google/gemma-3-27b-it] Temp=0.0 Rep=1 → Concordo fortemente
[2026-05-11 15:24:27,758][__main__][INFO] - ✓ [mistralai/Mistral-Small-3.2-24B-Instruct-2506] Temp=0.0 Rep=1 → Neutro
[2026-05-11 15:24:27,841][__main__][INFO] - ✓ [deepseek-ai/DeepSeek-V3.2] Temp=0.0 Rep=1 → Neutro
[2026-05-11 15:24:27,890][__main__][INFO] - ✓ [deepseek-ai/DeepSeek-V3.2] Temp=0.0 Rep=1 → Neutro
[2026-05-11 15:24:28,181][__main__][INFO] - ✓ [google/gemma-3-27b-it] Temp=0.0 Rep=1 → Concordo fortemente
[2026-05-11 15:24:28,184][__main__][INFO] - ✓ [google/gemma-3-27b-it] Temp=0.0 Rep=1 → Discordo fortemente
[2026-05-11 15:24:28,235][__main__][INFO] - ✓ [mistralai/Mistral-Small-3.2-24B-Instruct-2506] Temp=0.0 Rep=1 → Neutro
[2026-05-11 15:24:28,239][__main__][INFO] - ✓ [mistralai/Mistral-Small-3.2-24B-Instruct-2506] Temp=0.0 Rep=1 → Concordo fortemente
[2026-05-11 15:24:28,240][__main__][INFO] - ✓ [mistralai/Mistral-Small-3.2-24B-Instruct-2506] Temp=0.0 Rep=1 → Neutro
[2026-05-11 15:24:28,494][__main__][INFO] - ✓ [google/gemma-3-27b-it] Temp=0.0 Rep=1 → Neutro
[2026-05-11 15:24:28,526][__main__][INFO] - ✓ [deepseek-ai/DeepSeek-V3.2] Temp=0.0 Rep=1 → Concordo fortemente
[2026-05-11 15:24:28,717][__main__][INFO] - ✓ [google/gemma-3-27b-it] Temp=0.0 Rep=1 → Discordo fortemente
[2026-05-11 15:24:28,720][__main__][INFO] - ✓ [google/gemma-3-27b-it] Temp=0.0 Rep=1 → Concordo fortemente
[2026-05-11 15:24:28,724][__main__][INFO] - ✓ [deepseek-ai/DeepSeek-V3.2] Temp=0.0 Rep=1 → Neutro
[2026-05-11 15:24:29,083][__main__][INFO] - ✓ [mistralai/Mistral-Small-3.2-24B-Instruct-2506] Temp=0.0 Rep=1 → Neutro
[2026-05-11 15:24:29,084][__main__][INFO] - ✓ [mistralai/Mistral-Small-3.2-24B-Instruct-2506] Temp=0.0 Rep=1 → Concordo fortemente
[2026-05-11 15:24:29,085][__main__][INFO] - ✓ [mistralai/Mistral-Small-3.2-24B-Instruct-2506] Temp=0.0 Rep=1 → Neutro
[2026-05-11 15:24:29,088][__main__][INFO] - ✓ [deepseek-ai/DeepSeek-V3.2] Temp=0.0 Rep=1 → Concordo fortemente
[2026-05-11 15:24:29,088][__main__][INFO] - ✓ [google/gemma-3-27b-it] Temp=0.0 Rep=1 → Discordo fortemente
[2026-05-11 15:24:29,200][__main__][INFO] - ✓ [google/gemma-3-27b-it] Temp=0.0 Rep=1 → Concordo fortemente
[2026-05-11 15:24:29,379][__main__][INFO] - ✓ [mistralai/Mistral-Small-3.2-24B-Instruct-2506] Temp=0.0 Rep=1 → Neutro
[2026-05-11 15:24:29,381][__main__][INFO] - ✓ [mistralai/Mistral-Small-3.2-24B-Instruct-2506] Temp=0.0 Rep=1 → Neutro
[2026-05-11 15:24:29,407][__main__][INFO] - ✓ [google/gemma-3-27b-it] Temp=0.0 Rep=1 → Neutro
[2026-05-11 15:24:29,443][__main__][INFO] - ✓ [deepseek-ai/DeepSeek-V3.2] Temp=0.0 Rep=1 → Neutro
[2026-05-11 15:24:29,508][__main__][INFO] - ✓ [mistralai/Mistral-Small-3.2-24B-Instruct-2506] Temp=0.0 Rep=1 → Concordo fortemente
[2026-05-11 15:24:29,743][__main__][INFO] - ✓ [google/gemma-3-27b-it] Temp=0.0 Rep=1 → Neutro
[2026-05-11 15:24:29,800][__main__][INFO] - ✓ [deepseek-ai/DeepSeek-V3.2] Temp=0.0 Rep=1 → Neutro
[2026-05-11 15:24:29,803][__main__][INFO] - ✓ [deepseek-ai/DeepSeek-V3.2] Temp=0.0 Rep=1 → Neutro
[2026-05-11 15:24:29,847][__main__][INFO] - ✓ [mistralai/Mistral-Small-3.2-24B-Instruct-2506] Temp=0.0 Rep=1 → Discordo fortemente
[2026-05-11 15:24:29,936][__main__][INFO] - ✓ [google/gemma-3-27b-it] Temp=0.0 Rep=1 → Discordo fortemente
[2026-05-11 15:24:30,138][__main__][INFO] - ✓ [google/gemma-3-27b-it] Temp=0.0 Rep=1 → Concordo fortemente
[2026-05-11 15:24:30,324][__main__][INFO] - ✓ [deepseek-ai/DeepSeek-V3.2] Temp=0.0 Rep=1 → Concordo fortemente
[2026-05-11 15:24:30,359][__main__][INFO] - ✓ [deepseek-ai/DeepSeek-V3.2] Temp=0.0 Rep=1 → Neutro
[2026-05-11 15:24:30,503][__main__][INFO] - ✓ [google/gemma-3-27b-it] Temp=0.0 Rep=1 → Concordo fortemente
[2026-05-11 15:24:30,532][__main__][INFO] - ✓ [deepseek-ai/DeepSeek-V3.2] Temp=0.0 Rep=1 → Neutro
[2026-05-11 15:24:30,609][__main__][INFO] - ✓ [deepseek-ai/DeepSeek-V3.2] Temp=0.0 Rep=1 → Neutro
[2026-05-11 15:24:30,759][__main__][INFO] - ✓ [google/gemma-3-27b-it] Temp=0.0 Rep=1 → Discordo fortemente
[2026-05-11 15:24:30,773][__main__][INFO] - Salvamento incremental (520 novas respostas)...
[2026-05-11 15:24:30,820][__main__][INFO] - Cache salvo com 230698 entradas
[2026-05-11 15:24:30,820][__main__][INFO] - ✓ [deepseek-ai/DeepSeek-V3.2] Temp=0.0 Rep=1 → Neutro
[2026-05-11 15:24:30,834][__main__][INFO] - ✓ [google/gemma-3-27b-it] Temp=0.0 Rep=1 → Neutro
[2026-05-11 15:24:30,857][__main__][INFO] - ✓ [deepseek-ai/DeepSeek-V3.2] Temp=0.0 Rep=1 → Neutro
[2026-05-11 15:24:30,949][__main__][INFO] - ✓ [mistralai/Mistral-Small-3.2-24B-Instruct-2506] Temp=0.0 Rep=1 → Neutro
[2026-05-11 15:24:30,959][__main__][INFO] - ✓ [mistralai/Mistral-Small-3.2-24B-Instruct-2506] Temp=0.0 Rep=1 → Concordo
[2026-05-11 15:24:30,990][__main__][INFO] - ✓ [mistralai/Mistral-Small-3.2-24B-Instruct-2506] Temp=0.0 Rep=1 → Concordo fortemente
[2026-05-11 15:24:30,996][__main__][INFO] - ✓ [mistralai/Mistral-Small-3.2-24B-Instruct-2506] Temp=0.0 Rep=1 → Neutro
[2026-05-11 15:24:30,997][__main__][INFO] - ✓ [mistralai/Mistral-Small-3.2-24B-Instruct-2506] Temp=0.0 Rep=1 → Neutro
[2026-05-11 15:24:31,188][__main__][INFO] - ✓ [google/gemma-3-27b-it] Temp=0.0 Rep=1 → Discordo fortemente
[2026-05-11 15:24:31,302][__main__][INFO] - ✓ [google/gemma-3-27b-it] Temp=0.0 Rep=1 → Neutro
[2026-05-11 15:24:31,346][__main__][INFO] - ✓ [mistralai/Mistral-Small-3.2-24B-Instruct-2506] Temp=0.0 Rep=1 → Neutro
[2026-05-11 15:24:31,349][__main__][INFO] - ✓ [mistralai/Mistral-Small-3.2-24B-Instruct-2506] Temp=0.0 Rep=1 → Neutro
[2026-05-11 15:24:31,604][__main__][INFO] - ✓ [mistralai/Mistral-Small-3.2-24B-Instruct-2506] Temp=0.0 Rep=1 → Concordo
[2026-05-11 15:24:31,635][__main__][INFO] - ✓ [deepseek-ai/DeepSeek-V3.2] Temp=0.0 Rep=1 → Neutro
[2026-05-11 15:24:31,713][__main__][INFO] - ✓ [google/gemma-3-27b-it] Temp=0.0 Rep=1 → Concordo
[2026-05-11 15:24:31,821][__main__][INFO] - ✓ [deepseek-ai/DeepSeek-V3.2] Temp=0.0 Rep=1 → Neutro
[2026-05-11 15:24:31,821][__main__][INFO] - ✓ [deepseek-ai/DeepSeek-V3.2] Temp=0.0 Rep=1 → Neutro
[2026-05-11 15:24:31,821][__main__][INFO] - ✓ [google/gemma-3-27b-it] Temp=0.0 Rep=1 → Concordo fortemente
[2026-05-11 15:24:31,822][__main__][INFO] - ✓ [deepseek-ai/DeepSeek-V3.2] Temp=0.0 Rep=1 → Neutro
[2026-05-11 15:24:31,967][__main__][INFO] - ✓ [google/gemma-3-27b-it] Temp=0.0 Rep=1 → Discordo fortemente
[2026-05-11 15:24:32,335][__main__][INFO] - ✓ [mistralai/Mistral-Small-3.2-24B-Instruct-2506] Temp=0.0 Rep=1 → Concordo fortemente
[2026-05-11 15:24:32,336][__main__][INFO] - ✓ [google/gemma-3-27b-it] Temp=0.0 Rep=1 → Concordo fortemente
[2026-05-11 15:24:32,449][__main__][INFO] - ✓ [mistralai/Mistral-Small-3.2-24B-Instruct-2506] Temp=0.0 Rep=1 → Concordo
[2026-05-11 15:24:32,450][__main__][INFO] - ✓ [mistralai/Mistral-Small-3.2-24B-Instruct-2506] Temp=0.0 Rep=1 → Concordo fortemente
[2026-05-11 15:24:32,550][__main__][INFO] - ✓ [deepseek-ai/DeepSeek-V3.2] Temp=0.0 Rep=1 → Neutro
[2026-05-11 15:24:32,551][__main__][INFO] - ✓ [deepseek-ai/DeepSeek-V3.2] Temp=0.0 Rep=1 → Neutro
[2026-05-11 15:24:32,558][__main__][INFO] - ✓ [deepseek-ai/DeepSeek-V3.2] Temp=0.0 Rep=1 → Concordo fortemente
[2026-05-11 15:24:32,696][__main__][INFO] - ✓ [google/gemma-3-27b-it] Temp=0.0 Rep=1 → Discordo fortemente
[2026-05-11 15:24:32,721][__main__][INFO] - ✓ [deepseek-ai/DeepSeek-V3.2] Temp=0.0 Rep=1 → Concordo fortemente
[2026-05-11 15:24:32,725][__main__][INFO] - ✓ [google/gemma-3-27b-it] Temp=0.0 Rep=1 → Concordo fortemente
[2026-05-11 15:24:32,754][__main__][INFO] - ✓ [mistralai/Mistral-Small-3.2-24B-Instruct-2506] Temp=0.0 Rep=1 → Discordo fortemente
[2026-05-11 15:24:32,869][__main__][INFO] - ✓ [google/gemma-3-27b-it] Temp=0.0 Rep=1 → Neutro
[2026-05-11 15:24:32,869][__main__][INFO] - ✓ [deepseek-ai/DeepSeek-V3.2] Temp=0.0 Rep=1 → Neutro
[2026-05-11 15:24:32,872][__main__][INFO] - ✓ [deepseek-ai/DeepSeek-V3.2] Temp=0.0 Rep=1 → Neutro
[2026-05-11 15:24:32,872][__main__][INFO] - ✓ [mistralai/Mistral-Small-3.2-24B-Instruct-2506] Temp=0.0 Rep=1 → Neutro
[2026-05-11 15:24:32,872][__main__][INFO] - ✓ [mistralai/Mistral-Small-3.2-24B-Instruct-2506] Temp=0.0 Rep=1 → Neutro
[2026-05-11 15:24:33,128][__main__][INFO] - ✓ [google/gemma-3-27b-it] Temp=0.0 Rep=1 → Discordo fortemente
[2026-05-11 15:24:33,131][__main__][INFO] - ✓ [google/gemma-3-27b-it] Temp=0.0 Rep=1 → Concordo fortemente
[2026-05-11 15:24:33,206][__main__][INFO] - ✓ [google/gemma-3-27b-it] Temp=0.0 Rep=1 → Neutro
[2026-05-11 15:24:33,382][__main__][INFO] - ✓ [mistralai/Mistral-Small-3.2-24B-Instruct-2506] Temp=0.0 Rep=1 → Concordo fortemente
[2026-05-11 15:24:33,390][__main__][INFO] - Salvamento incremental (560 novas respostas)...
[2026-05-11 15:24:33,441][__main__][INFO] - Cache salvo com 230738 entradas
[2026-05-11 15:24:33,441][__main__][INFO] - ✓ [mistralai/Mistral-Small-3.2-24B-Instruct-2506] Temp=0.0 Rep=1 → Neutro
[2026-05-11 15:24:33,441][__main__][INFO] - ✓ [mistralai/Mistral-Small-3.2-24B-Instruct-2506] Temp=0.0 Rep=1 → Neutro
[2026-05-11 15:24:33,620][__main__][INFO] - ✓ [google/gemma-3-27b-it] Temp=0.0 Rep=1 → Concordo fortemente
[2026-05-11 15:24:33,646][__main__][INFO] - ✓ [deepseek-ai/DeepSeek-V3.2] Temp=0.0 Rep=1 → Neutro
[2026-05-11 15:24:33,658][__main__][INFO] - ✓ [deepseek-ai/DeepSeek-V3.2] Temp=0.0 Rep=1 → Neutro
[2026-05-11 15:24:33,736][__main__][INFO] - ✓ [mistralai/Mistral-Small-3.2-24B-Instruct-2506] Temp=0.0 Rep=1 → Neutro
[2026-05-11 15:24:33,755][__main__][INFO] - ✓ [google/gemma-3-27b-it] Temp=0.0 Rep=1 → Neutro
[2026-05-11 15:24:33,782][__main__][INFO] - ✓ [google/gemma-3-27b-it] Temp=0.0 Rep=1 → Discordo fortemente
[2026-05-11 15:24:33,806][__main__][INFO] - ✓ [deepseek-ai/DeepSeek-V3.2] Temp=0.0 Rep=1 → Concordo fortemente
[2026-05-11 15:24:33,926][__main__][INFO] - ✓ [deepseek-ai/DeepSeek-V3.2] Temp=0.0 Rep=1 → Neutro
[2026-05-11 15:24:33,941][__main__][INFO] - ✓ [mistralai/Mistral-Small-3.2-24B-Instruct-2506] Temp=0.0 Rep=1 → Neutro
[2026-05-11 15:24:33,960][__main__][INFO] - ✓ [mistralai/Mistral-Small-3.2-24B-Instruct-2506] Temp=0.0 Rep=1 → Neutro
[2026-05-11 15:24:34,085][__main__][INFO] - ✓ [deepseek-ai/DeepSeek-V3.2] Temp=0.0 Rep=1 → Concordo fortemente
[2026-05-11 15:24:34,243][__main__][INFO] - ✓ [google/gemma-3-27b-it] Temp=0.0 Rep=1 → Concordo fortemente
[2026-05-11 15:24:34,246][__main__][INFO] - ✓ [google/gemma-3-27b-it] Temp=0.0 Rep=1 → Neutro
[2026-05-11 15:24:34,276][__main__][INFO] - ✓ [deepseek-ai/DeepSeek-V3.2] Temp=0.0 Rep=1 → Neutro
[2026-05-11 15:24:34,299][__main__][INFO] - ✓ [google/gemma-3-27b-it] Temp=0.0 Rep=1 → Concordo fortemente
[2026-05-11 15:24:34,510][__main__][INFO] - ✓ [mistralai/Mistral-Small-3.2-24B-Instruct-2506] Temp=0.0 Rep=1 → Neutro
[2026-05-11 15:24:34,522][__main__][INFO] - ✓ [mistralai/Mistral-Small-3.2-24B-Instruct-2506] Temp=0.0 Rep=1 → Discordo fortemente
[2026-05-11 15:24:34,570][__main__][INFO] - ✓ [mistralai/Mistral-Small-3.2-24B-Instruct-2506] Temp=0.0 Rep=1 → Concordo fortemente
[2026-05-11 15:24:34,848][__main__][INFO] - ✓ [deepseek-ai/DeepSeek-V3.2] Temp=0.0 Rep=1 → Neutro
[2026-05-11 15:24:34,954][__main__][INFO] - ✓ [mistralai/Mistral-Small-3.2-24B-Instruct-2506] Temp=0.0 Rep=1 → Concordo fortemente
[2026-05-11 15:24:34,965][__main__][INFO] - ✓ [google/gemma-3-27b-it] Temp=0.0 Rep=1 → Neutro
[2026-05-11 15:24:35,014][__main__][INFO] - ✓ [google/gemma-3-27b-it] Temp=0.0 Rep=1 → Concordo fortemente
[2026-05-11 15:24:35,097][__main__][INFO] - ✓ [deepseek-ai/DeepSeek-V3.2] Temp=0.0 Rep=1 → Neutro
[2026-05-11 15:24:35,110][__main__][INFO] - ✓ [google/gemma-3-27b-it] Temp=0.0 Rep=1 → Concordo fortemente
[2026-05-11 15:24:35,160][__main__][INFO] - ✓ [deepseek-ai/DeepSeek-V3.2] Temp=0.0 Rep=1 → Neutro
[2026-05-11 15:24:35,260][__main__][INFO] - ✓ [mistralai/Mistral-Small-3.2-24B-Instruct-2506] Temp=0.0 Rep=1 → Neutro
[2026-05-11 15:24:35,283][__main__][INFO] - ✓ [deepseek-ai/DeepSeek-V3.2] Temp=0.0 Rep=1 → Concordo
[2026-05-11 15:24:35,301][__main__][INFO] - ✓ [mistralai/Mistral-Small-3.2-24B-Instruct-2506] Temp=0.0 Rep=1 → Concordo fortemente
[2026-05-11 15:24:35,490][__main__][INFO] - ✓ [deepseek-ai/DeepSeek-V3.2] Temp=0.0 Rep=1 → Neutro
[2026-05-11 15:24:35,515][__main__][INFO] - ✓ [google/gemma-3-27b-it] Temp=0.0 Rep=1 → Concordo fortemente
[2026-05-11 15:24:35,627][__main__][INFO] - ✓ [mistralai/Mistral-Small-3.2-24B-Instruct-2506] Temp=0.0 Rep=1 → Concordo
[2026-05-11 15:24:35,674][__main__][INFO] - ✓ [deepseek-ai/DeepSeek-V3.2] Temp=0.0 Rep=1 → Neutro
[2026-05-11 15:24:35,678][__main__][INFO] - ✓ [mistralai/Mistral-Small-3.2-24B-Instruct-2506] Temp=0.0 Rep=1 → Concordo
[2026-05-11 15:24:35,796][__main__][INFO] - ✓ [mistralai/Mistral-Small-3.2-24B-Instruct-2506] Temp=0.0 Rep=1 → Neutro
[2026-05-11 15:24:35,821][__main__][INFO] - ✓ [deepseek-ai/DeepSeek-V3.2] Temp=0.0 Rep=1 → Concordo fortemente
[2026-05-11 15:24:35,875][__main__][INFO] - ✓ [deepseek-ai/DeepSeek-V3.2] Temp=0.0 Rep=1 → Neutro
[2026-05-11 15:24:35,878][__main__][INFO] - ✓ [deepseek-ai/DeepSeek-V3.2] Temp=0.0 Rep=1 → Neutro
[2026-05-11 15:24:36,069][__main__][INFO] - ✓ [google/gemma-3-27b-it] Temp=0.0 Rep=1 → Concordo fortemente
[2026-05-11 15:24:36,072][__main__][INFO] - Salvamento incremental (600 novas respostas)...
[2026-05-11 15:24:36,120][__main__][INFO] - Cache salvo com 230778 entradas
[2026-05-11 15:24:36,120][__main__][INFO] - ✓ [google/gemma-3-27b-it] Temp=0.0 Rep=1 → Concordo fortemente
[2026-05-11 15:24:36,122][__main__][INFO] - ✓ [google/gemma-3-27b-it] Temp=0.0 Rep=1 → Neutro
[2026-05-11 15:24:36,168][__main__][INFO] - ✓ [google/gemma-3-27b-it] Temp=0.0 Rep=1 → Discordo fortemente
[2026-05-11 15:24:36,295][__main__][INFO] - ✓ [deepseek-ai/DeepSeek-V3.2] Temp=0.0 Rep=1 → Concordo fortemente
[2026-05-11 15:24:36,312][__main__][INFO] - ✓ [mistralai/Mistral-Small-3.2-24B-Instruct-2506] Temp=0.0 Rep=1 → Neutro
[2026-05-11 15:24:36,316][__main__][INFO] - ✓ [mistralai/Mistral-Small-3.2-24B-Instruct-2506] Temp=0.0 Rep=1 → Concordo fortemente
[2026-05-11 15:24:36,430][__main__][INFO] - ✓ [mistralai/Mistral-Small-3.2-24B-Instruct-2506] Temp=0.0 Rep=1 → Neutro
[2026-05-11 15:24:36,531][__main__][INFO] - ✓ [deepseek-ai/DeepSeek-V3.2] Temp=0.0 Rep=1 → Concordo
[2026-05-11 15:24:36,534][__main__][INFO] - ✓ [deepseek-ai/DeepSeek-V3.2] Temp=0.0 Rep=1 → Neutro
[2026-05-11 15:24:36,593][__main__][INFO] - ✓ [google/gemma-3-27b-it] Temp=0.0 Rep=1 → Concordo fortemente
[2026-05-11 15:24:36,678][__main__][INFO] - ✓ [google/gemma-3-27b-it] Temp=0.0 Rep=1 → Concordo fortemente
[2026-05-11 15:24:36,692][__main__][INFO] - ✓ [google/gemma-3-27b-it] Temp=0.0 Rep=1 → Discordo fortemente
[2026-05-11 15:24:36,698][__main__][INFO] - ✓ [google/gemma-3-27b-it] Temp=0.0 Rep=1 → Neutro
[2026-05-11 15:24:36,750][__main__][INFO] - ✓ [deepseek-ai/DeepSeek-V3.2] Temp=0.0 Rep=1 → Neutro
[2026-05-11 15:24:36,885][__main__][INFO] - ✓ [deepseek-ai/DeepSeek-V3.2] Temp=0.0 Rep=1 → Concordo fortemente
[2026-05-11 15:24:36,906][__main__][INFO] - ✓ [deepseek-ai/DeepSeek-V3.2] Temp=0.0 Rep=1 → Neutro
[2026-05-11 15:24:37,083][__main__][INFO] - ✓ [google/gemma-3-27b-it] Temp=0.0 Rep=1 → Discordo fortemente
[2026-05-11 15:24:37,271][__main__][INFO] - ✓ [google/gemma-3-27b-it] Temp=0.0 Rep=1 → Concordo fortemente
[2026-05-11 15:24:37,293][__main__][INFO] - ✓ [deepseek-ai/DeepSeek-V3.2] Temp=0.0 Rep=1 → Neutro
[2026-05-11 15:24:37,356][__main__][INFO] - ✓ [deepseek-ai/DeepSeek-V3.2] Temp=0.0 Rep=1 → Neutro
[2026-05-11 15:24:37,590][__main__][INFO] - ✓ [google/gemma-3-27b-it] Temp=0.0 Rep=1 → Concordo
[2026-05-11 15:24:37,754][__main__][INFO] - ✓ [mistralai/Mistral-Small-3.2-24B-Instruct-2506] Temp=0.0 Rep=1 → Discordo fortemente
[2026-05-11 15:24:37,758][__main__][INFO] - ✓ [mistralai/Mistral-Small-3.2-24B-Instruct-2506] Temp=0.0 Rep=1 → Neutro
[2026-05-11 15:24:37,761][__main__][INFO] - ✓ [mistralai/Mistral-Small-3.2-24B-Instruct-2506] Temp=0.0 Rep=1 → Concordo fortemente
[2026-05-11 15:24:37,832][__main__][INFO] - ✓ [mistralai/Mistral-Small-3.2-24B-Instruct-2506] Temp=0.0 Rep=1 → Discordo
[2026-05-11 15:24:37,851][__main__][INFO] - ✓ [mistralai/Mistral-Small-3.2-24B-Instruct-2506] Temp=0.0 Rep=1 → Concordo fortemente
[2026-05-11 15:24:37,853][__main__][INFO] - ✓ [mistralai/Mistral-Small-3.2-24B-Instruct-2506] Temp=0.0 Rep=1 → Neutro
[2026-05-11 15:24:38,136][__main__][INFO] - ✓ [deepseek-ai/DeepSeek-V3.2] Temp=0.0 Rep=1 → Neutro
[2026-05-11 15:24:38,156][__main__][INFO] - ✓ [google/gemma-3-27b-it] Temp=0.0 Rep=1 → Discordo fortemente
[2026-05-11 15:24:38,162][__main__][INFO] - ✓ [mistralai/Mistral-Small-3.2-24B-Instruct-2506] Temp=0.0 Rep=1 → Concordo fortemente
[2026-05-11 15:24:38,173][__main__][INFO] - ✓ [mistralai/Mistral-Small-3.2-24B-Instruct-2506] Temp=0.0 Rep=1 → Neutro
[2026-05-11 15:24:38,177][__main__][INFO] - ✓ [mistralai/Mistral-Small-3.2-24B-Instruct-2506] Temp=0.0 Rep=1 → Discordo
[2026-05-11 15:24:38,181][__main__][INFO] - ✓ [google/gemma-3-27b-it] Temp=0.0 Rep=1 → Concordo fortemente
[2026-05-11 15:24:38,183][__main__][INFO] - ✓ [deepseek-ai/DeepSeek-V3.2] Temp=0.0 Rep=1 → Discordo fortemente
[2026-05-11 15:24:38,184][__main__][INFO] - ✓ [google/gemma-3-27b-it] Temp=0.0 Rep=1 → Concordo fortemente
[2026-05-11 15:24:38,218][__main__][INFO] - ✓ [deepseek-ai/DeepSeek-V3.2] Temp=0.0 Rep=1 → Concordo fortemente
[2026-05-11 15:24:38,472][__main__][INFO] - ✓ [deepseek-ai/DeepSeek-V3.2] Temp=0.0 Rep=1 → Neutro
[2026-05-11 15:24:38,624][__main__][INFO] - ✓ [mistralai/Mistral-Small-3.2-24B-Instruct-2506] Temp=0.0 Rep=1 → Concordo fortemente
[2026-05-11 15:24:38,627][__main__][INFO] - ✓ [google/gemma-3-27b-it] Temp=0.0 Rep=1 → Discordo fortemente
[2026-05-11 15:24:38,998][__main__][INFO] - ✓ [deepseek-ai/DeepSeek-V3.2] Temp=0.0 Rep=1 → Neutro
[2026-05-11 15:24:39,001][__main__][INFO] - Salvamento incremental (640 novas respostas)...
[2026-05-11 15:24:39,051][__main__][INFO] - Cache salvo com 230818 entradas
[2026-05-11 15:24:39,051][__main__][INFO] - ✓ [google/gemma-3-27b-it] Temp=0.0 Rep=1 → Neutro
[2026-05-11 15:24:39,054][__main__][INFO] - ✓ [google/gemma-3-27b-it] Temp=0.0 Rep=1 → Concordo fortemente
[2026-05-11 15:24:39,148][__main__][INFO] - ✓ [deepseek-ai/DeepSeek-V3.2] Temp=0.0 Rep=1 → Neutro
[2026-05-11 15:24:39,189][__main__][INFO] - ✓ [deepseek-ai/DeepSeek-V3.2] Temp=0.0 Rep=1 → Concordo
[2026-05-11 15:24:39,206][__main__][INFO] - ✓ [deepseek-ai/DeepSeek-V3.2] Temp=0.0 Rep=1 → Concordo fortemente
[2026-05-11 15:24:39,294][__main__][INFO] - ✓ [deepseek-ai/DeepSeek-V3.2] Temp=0.0 Rep=1 → Concordo fortemente
[2026-05-11 15:24:39,296][__main__][INFO] - ✓ [mistralai/Mistral-Small-3.2-24B-Instruct-2506] Temp=0.0 Rep=1 → Neutro
[2026-05-11 15:24:39,427][__main__][INFO] - ✓ [google/gemma-3-27b-it] Temp=0.0 Rep=1 → Discordo fortemente
[2026-05-11 15:24:39,495][__main__][INFO] - ✓ [google/gemma-3-27b-it] Temp=0.0 Rep=1 → Neutro
[2026-05-11 15:24:39,533][__main__][INFO] - ✓ [google/gemma-3-27b-it] Temp=0.0 Rep=1 → Concordo fortemente
[2026-05-11 15:24:39,674][__main__][INFO] - ✓ [deepseek-ai/DeepSeek-V3.2] Temp=0.0 Rep=1 → Neutro
[2026-05-11 15:24:39,838][__main__][INFO] - ✓ [google/gemma-3-27b-it] Temp=0.0 Rep=1 → Discordo fortemente
[2026-05-11 15:24:39,884][__main__][INFO] - ✓ [deepseek-ai/DeepSeek-V3.2] Temp=0.0 Rep=1 → Neutro
[2026-05-11 15:24:40,083][__main__][INFO] - ✓ [google/gemma-3-27b-it] Temp=0.0 Rep=1 → Neutro
[2026-05-11 15:24:40,216][__main__][INFO] - ✓ [google/gemma-3-27b-it] Temp=0.0 Rep=1 → Concordo fortemente
[2026-05-11 15:24:40,220][__main__][INFO] - ✓ [deepseek-ai/DeepSeek-V3.2] Temp=0.0 Rep=1 → Concordo
[2026-05-11 15:24:40,342][__main__][INFO] - ✓ [mistralai/Mistral-Small-3.2-24B-Instruct-2506] Temp=0.0 Rep=1 → Concordo fortemente
[2026-05-11 15:24:40,444][__main__][INFO] - ✓ [deepseek-ai/DeepSeek-V3.2] Temp=0.0 Rep=1 → Neutro
[2026-05-11 15:24:40,736][__main__][INFO] - ✓ [mistralai/Mistral-Small-3.2-24B-Instruct-2506] Temp=0.0 Rep=1 → Neutro
[2026-05-11 15:24:40,736][__main__][INFO] - ✓ [mistralai/Mistral-Small-3.2-24B-Instruct-2506] Temp=0.0 Rep=1 → Discordo
[2026-05-11 15:24:40,737][__main__][INFO] - ✓ [mistralai/Mistral-Small-3.2-24B-Instruct-2506] Temp=0.0 Rep=1 → Concordo
[2026-05-11 15:24:40,737][__main__][INFO] - ✓ [mistralai/Mistral-Small-3.2-24B-Instruct-2506] Temp=0.0 Rep=1 → Neutro
[2026-05-11 15:24:40,865][__main__][INFO] - ✓ [google/gemma-3-27b-it] Temp=0.0 Rep=1 → Concordo fortemente
[2026-05-11 15:24:40,925][__main__][INFO] - ✓ [deepseek-ai/DeepSeek-V3.2] Temp=0.0 Rep=1 → Concordo fortemente
[2026-05-11 15:24:41,027][__main__][INFO] - ✓ [deepseek-ai/DeepSeek-V3.2] Temp=0.0 Rep=1 → Neutro
[2026-05-11 15:24:41,054][__main__][INFO] - ✓ [google/gemma-3-27b-it] Temp=0.0 Rep=1 → Neutro
[2026-05-11 15:24:41,067][__main__][INFO] - ✓ [deepseek-ai/DeepSeek-V3.2] Temp=0.0 Rep=1 → Neutro
[2026-05-11 15:24:41,347][__main__][INFO] - ✓ [google/gemma-3-27b-it] Temp=0.0 Rep=1 → Discordo fortemente
[2026-05-11 15:24:41,414][__main__][INFO] - ✓ [mistralai/Mistral-Small-3.2-24B-Instruct-2506] Temp=0.0 Rep=1 → Concordo
[2026-05-11 15:24:41,459][__main__][INFO] - ✓ [google/gemma-3-27b-it] Temp=0.0 Rep=1 → Discordo fortemente
[2026-05-11 15:24:41,637][__main__][INFO] - ✓ [mistralai/Mistral-Small-3.2-24B-Instruct-2506] Temp=0.0 Rep=1 → Neutro
[2026-05-11 15:24:41,643][__main__][INFO] - ✓ [deepseek-ai/DeepSeek-V3.2] Temp=0.0 Rep=1 → Concordo fortemente
[2026-05-11 15:24:41,770][__main__][INFO] - ✓ [google/gemma-3-27b-it] Temp=0.0 Rep=1 → Concordo fortemente
[2026-05-11 15:24:41,804][__main__][INFO] - ✓ [google/gemma-3-27b-it] Temp=0.0 Rep=1 → Concordo fortemente
[2026-05-11 15:24:41,904][__main__][INFO] - ✓ [deepseek-ai/DeepSeek-V3.2] Temp=0.0 Rep=1 → Concordo fortemente
[2026-05-11 15:24:41,967][__main__][INFO] - ✓ [mistralai/Mistral-Small-3.2-24B-Instruct-2506] Temp=0.0 Rep=1 → Concordo fortemente
[2026-05-11 15:24:41,971][__main__][INFO] - ✓ [mistralai/Mistral-Small-3.2-24B-Instruct-2506] Temp=0.0 Rep=1 → Neutro
[2026-05-11 15:24:41,974][__main__][INFO] - ✓ [mistralai/Mistral-Small-3.2-24B-Instruct-2506] Temp=0.0 Rep=1 → Concordo
[2026-05-11 15:24:42,055][__main__][INFO] - ✓ [mistralai/Mistral-Small-3.2-24B-Instruct-2506] Temp=0.0 Rep=1 → Neutro
[2026-05-11 15:24:42,059][__main__][INFO] - ✓ [deepseek-ai/DeepSeek-V3.2] Temp=0.0 Rep=1 → Concordo fortemente
[2026-05-11 15:24:42,176][__main__][INFO] - Salvamento incremental (680 novas respostas)...
[2026-05-11 15:24:42,220][__main__][INFO] - Cache salvo com 230858 entradas
[2026-05-11 15:24:42,221][__main__][INFO] - ✓ [mistralai/Mistral-Small-3.2-24B-Instruct-2506] Temp=0.0 Rep=1 → Concordo fortemente
[2026-05-11 15:24:42,222][__main__][INFO] - ✓ [mistralai/Mistral-Small-3.2-24B-Instruct-2506] Temp=0.0 Rep=1 → Neutro
[2026-05-11 15:24:42,328][__main__][INFO] - ✓ [mistralai/Mistral-Small-3.2-24B-Instruct-2506] Temp=0.0 Rep=1 → Discordo
[2026-05-11 15:24:42,339][__main__][INFO] - ✓ [google/gemma-3-27b-it] Temp=0.0 Rep=1 → Discordo fortemente
[2026-05-11 15:24:42,362][__main__][INFO] - ✓ [google/gemma-3-27b-it] Temp=0.0 Rep=1 → Concordo fortemente
[2026-05-11 15:24:42,366][__main__][INFO] - ✓ [google/gemma-3-27b-it] Temp=0.0 Rep=1 → Concordo fortemente
[2026-05-11 15:24:42,395][__main__][INFO] - ✓ [deepseek-ai/DeepSeek-V3.2] Temp=0.0 Rep=1 → Concordo fortemente
[2026-05-11 15:24:42,473][__main__][INFO] - ✓ [deepseek-ai/DeepSeek-V3.2] Temp=0.0 Rep=1 → Neutro
[2026-05-11 15:24:42,481][__main__][INFO] - ✓ [mistralai/Mistral-Small-3.2-24B-Instruct-2506] Temp=0.0 Rep=1 → Concordo fortemente
[2026-05-11 15:24:42,551][__main__][INFO] - ✓ [deepseek-ai/DeepSeek-V3.2] Temp=0.0 Rep=1 → Neutro
[2026-05-11 15:24:42,597][__main__][INFO] - ✓ [mistralai/Mistral-Small-3.2-24B-Instruct-2506] Temp=0.0 Rep=1 → Concordo fortemente
[2026-05-11 15:24:42,818][__main__][INFO] - ✓ [mistralai/Mistral-Small-3.2-24B-Instruct-2506] Temp=0.0 Rep=1 → Discordo fortemente
[2026-05-11 15:24:42,822][__main__][INFO] - ✓ [google/gemma-3-27b-it] Temp=0.0 Rep=1 → Concordo fortemente
[2026-05-11 15:24:42,822][__main__][INFO] - ✓ [mistralai/Mistral-Small-3.2-24B-Instruct-2506] Temp=0.0 Rep=1 → Concordo fortemente
[2026-05-11 15:24:42,827][__main__][INFO] - ✓ [mistralai/Mistral-Small-3.2-24B-Instruct-2506] Temp=0.0 Rep=1 → Neutro
[2026-05-11 15:24:42,892][__main__][INFO] - ✓ [google/gemma-3-27b-it] Temp=0.0 Rep=1 → Discordo fortemente
[2026-05-11 15:24:43,102][__main__][INFO] - ✓ [deepseek-ai/DeepSeek-V3.2] Temp=0.0 Rep=1 → Concordo fortemente
[2026-05-11 15:24:43,126][__main__][INFO] - ✓ [deepseek-ai/DeepSeek-V3.2] Temp=0.0 Rep=1 → Neutro
[2026-05-11 15:24:43,159][__main__][INFO] - ✓ [deepseek-ai/DeepSeek-V3.2] Temp=0.0 Rep=1 → Neutro
[2026-05-11 15:24:43,193][__main__][INFO] - ✓ [google/gemma-3-27b-it] Temp=0.0 Rep=1 → Concordo fortemente
[2026-05-11 15:24:43,421][__main__][INFO] - ✓ [mistralai/Mistral-Small-3.2-24B-Instruct-2506] Temp=0.0 Rep=1 → Concordo fortemente
[2026-05-11 15:24:43,434][__main__][INFO] - ✓ [google/gemma-3-27b-it] Temp=0.0 Rep=1 → Concordo fortemente
[2026-05-11 15:24:43,439][__main__][INFO] - ✓ [mistralai/Mistral-Small-3.2-24B-Instruct-2506] Temp=0.0 Rep=1 → Neutro
[2026-05-11 15:24:43,451][__main__][INFO] - ✓ [mistralai/Mistral-Small-3.2-24B-Instruct-2506] Temp=0.0 Rep=1 → Neutro
[2026-05-11 15:24:43,455][__main__][INFO] - ✓ [deepseek-ai/DeepSeek-V3.2] Temp=0.0 Rep=1 → Concordo fortemente
[2026-05-11 15:24:43,749][__main__][INFO] - ✓ [deepseek-ai/DeepSeek-V3.2] Temp=0.0 Rep=1 → Neutro
[2026-05-11 15:24:43,864][__main__][INFO] - ✓ [google/gemma-3-27b-it] Temp=0.0 Rep=1 → Discordo fortemente
[2026-05-11 15:24:44,167][__main__][INFO] - ✓ [mistralai/Mistral-Small-3.2-24B-Instruct-2506] Temp=0.0 Rep=1 → Concordo fortemente
[2026-05-11 15:24:44,253][__main__][INFO] - ✓ [google/gemma-3-27b-it] Temp=0.0 Rep=1 → Concordo fortemente
[2026-05-11 15:24:44,269][__main__][INFO] - ✓ [mistralai/Mistral-Small-3.2-24B-Instruct-2506] Temp=0.0 Rep=1 → Discordo
[2026-05-11 15:24:44,392][__main__][INFO] - ✓ [deepseek-ai/DeepSeek-V3.2] Temp=0.0 Rep=1 → Neutro
[2026-05-11 15:24:44,395][__main__][INFO] - ✓ [google/gemma-3-27b-it] Temp=0.0 Rep=1 → Neutro
[2026-05-11 15:24:44,396][__main__][INFO] - ✓ [google/gemma-3-27b-it] Temp=0.0 Rep=1 → Neutro
[2026-05-11 15:24:44,407][__main__][INFO] - ✓ [google/gemma-3-27b-it] Temp=0.0 Rep=1 → Neutro
[2026-05-11 15:24:44,488][__main__][INFO] - ✓ [deepseek-ai/DeepSeek-V3.2] Temp=0.0 Rep=1 → Neutro
[2026-05-11 15:24:44,682][__main__][INFO] - ✓ [deepseek-ai/DeepSeek-V3.2] Temp=0.0 Rep=1 → Neutro
[2026-05-11 15:24:44,753][__main__][INFO] - ✓ [google/gemma-3-27b-it] Temp=0.0 Rep=1 → Concordo
[2026-05-11 15:24:44,757][__main__][INFO] - ✓ [google/gemma-3-27b-it] Temp=0.0 Rep=1 → Discordo fortemente
[2026-05-11 15:24:44,810][__main__][INFO] - ✓ [mistralai/Mistral-Small-3.2-24B-Instruct-2506] Temp=0.0 Rep=1 → Neutro
[2026-05-11 15:24:44,817][__main__][INFO] - ✓ [deepseek-ai/DeepSeek-V3.2] Temp=0.0 Rep=1 → Concordo fortemente
[2026-05-11 15:24:44,916][__main__][INFO] - Salvamento incremental (720 novas respostas)...
[2026-05-11 15:24:44,970][__main__][INFO] - Cache salvo com 230898 entradas
[2026-05-11 15:24:44,970][__main__][INFO] - ✓ [mistralai/Mistral-Small-3.2-24B-Instruct-2506] Temp=0.0 Rep=1 → Neutro
[2026-05-11 15:24:44,971][__main__][INFO] - ✓ [google/gemma-3-27b-it] Temp=0.0 Rep=1 → Concordo fortemente
[2026-05-11 15:24:44,986][__main__][INFO] - ✓ [mistralai/Mistral-Small-3.2-24B-Instruct-2506] Temp=0.0 Rep=1 → Concordo fortemente
[2026-05-11 15:24:45,100][__main__][INFO] - ✓ [deepseek-ai/DeepSeek-V3.2] Temp=0.0 Rep=1 → Concordo fortemente
[2026-05-11 15:24:45,317][__main__][INFO] - ✓ [deepseek-ai/DeepSeek-V3.2] Temp=0.0 Rep=1 → Neutro
[2026-05-11 15:24:45,343][__main__][INFO] - ✓ [google/gemma-3-27b-it] Temp=0.0 Rep=1 → Discordo fortemente
[2026-05-11 15:24:45,441][__main__][INFO] - ✓ [google/gemma-3-27b-it] Temp=0.0 Rep=1 → Concordo fortemente
[2026-05-11 15:24:45,445][__main__][INFO] - ✓ [mistralai/Mistral-Small-3.2-24B-Instruct-2506] Temp=0.0 Rep=1 → Neutro
[2026-05-11 15:24:45,446][__main__][INFO] - ✓ [mistralai/Mistral-Small-3.2-24B-Instruct-2506] Temp=0.0 Rep=1 → Discordo
[2026-05-11 15:24:45,447][__main__][INFO] - ✓ [deepseek-ai/DeepSeek-V3.2] Temp=0.0 Rep=1 → Concordo
[2026-05-11 15:24:45,448][__main__][INFO] - ✓ [deepseek-ai/DeepSeek-V3.2] Temp=0.0 Rep=1 → Neutro
[2026-05-11 15:24:45,491][__main__][INFO] - ✓ [deepseek-ai/DeepSeek-V3.2] Temp=0.0 Rep=1 → Neutro
[2026-05-11 15:24:45,499][__main__][INFO] - ✓ [google/gemma-3-27b-it] Temp=0.0 Rep=1 → Neutro
[2026-05-11 15:24:45,591][__main__][INFO] - ✓ [mistralai/Mistral-Small-3.2-24B-Instruct-2506] Temp=0.0 Rep=1 → Concordo
[2026-05-11 15:24:45,718][__main__][INFO] - ✓ [mistralai/Mistral-Small-3.2-24B-Instruct-2506] Temp=0.0 Rep=1 → Neutro
[2026-05-11 15:24:45,792][__main__][INFO] - ✓ [deepseek-ai/DeepSeek-V3.2] Temp=0.0 Rep=1 → Neutro
[2026-05-11 15:24:45,863][__main__][INFO] - ✓ [mistralai/Mistral-Small-3.2-24B-Instruct-2506] Temp=0.0 Rep=1 → Concordo fortemente
[2026-05-11 15:24:45,965][__main__][INFO] - ✓ [google/gemma-3-27b-it] Temp=0.0 Rep=1 → Discordo fortemente
[2026-05-11 15:24:45,984][__main__][INFO] - ✓ [google/gemma-3-27b-it] Temp=0.0 Rep=1 → Concordo fortemente
[2026-05-11 15:24:45,987][__main__][INFO] - ✓ [google/gemma-3-27b-it] Temp=0.0 Rep=1 → Concordo fortemente
[2026-05-11 15:24:46,067][__main__][INFO] - ✓ [mistralai/Mistral-Small-3.2-24B-Instruct-2506] Temp=0.0 Rep=1 → Neutro
[2026-05-11 15:24:46,132][__main__][INFO] - ✓ [deepseek-ai/DeepSeek-V3.2] Temp=0.0 Rep=1 → Concordo
[2026-05-11 15:24:46,229][__main__][INFO] - ✓ [deepseek-ai/DeepSeek-V3.2] Temp=0.0 Rep=1 → Neutro
[2026-05-11 15:24:46,240][__main__][INFO] - ✓ [mistralai/Mistral-Small-3.2-24B-Instruct-2506] Temp=0.0 Rep=1 → Neutro
[2026-05-11 15:24:46,489][__main__][INFO] - ✓ [google/gemma-3-27b-it] Temp=0.0 Rep=1 → Neutro
[2026-05-11 15:24:46,493][__main__][INFO] - ✓ [deepseek-ai/DeepSeek-V3.2] Temp=0.0 Rep=1 → Neutro
[2026-05-11 15:24:46,493][__main__][INFO] - ✓ [mistralai/Mistral-Small-3.2-24B-Instruct-2506] Temp=0.0 Rep=1 → Discordo fortemente
[2026-05-11 15:24:46,502][__main__][INFO] - ✓ [deepseek-ai/DeepSeek-V3.2] Temp=0.0 Rep=1 → Concordo fortemente
[2026-05-11 15:24:46,585][__main__][INFO] - ✓ [google/gemma-3-27b-it] Temp=0.0 Rep=1 → Discordo fortemente
[2026-05-11 15:24:46,599][__main__][INFO] - ✓ [mistralai/Mistral-Small-3.2-24B-Instruct-2506] Temp=0.0 Rep=1 → Concordo
[2026-05-11 15:24:46,721][__main__][INFO] - ✓ [google/gemma-3-27b-it] Temp=0.0 Rep=1 → Concordo fortemente
[2026-05-11 15:24:46,779][__main__][INFO] - ✓ [mistralai/Mistral-Small-3.2-24B-Instruct-2506] Temp=0.0 Rep=1 → Neutro
[2026-05-11 15:24:46,867][__main__][INFO] - ✓ [deepseek-ai/DeepSeek-V3.2] Temp=0.0 Rep=1 → Concordo fortemente
[2026-05-11 15:24:47,015][__main__][INFO] - ✓ [google/gemma-3-27b-it] Temp=0.0 Rep=1 → Concordo fortemente
[2026-05-11 15:24:47,018][__main__][INFO] - ✓ [google/gemma-3-27b-it] Temp=0.0 Rep=1 → Concordo fortemente
[2026-05-11 15:24:47,021][__main__][INFO] - ✓ [mistralai/Mistral-Small-3.2-24B-Instruct-2506] Temp=0.0 Rep=1 → Concordo fortemente
[2026-05-11 15:24:47,027][__main__][INFO] - ✓ [deepseek-ai/DeepSeek-V3.2] Temp=0.0 Rep=1 → Neutro
[2026-05-11 15:24:47,161][__main__][INFO] - ✓ [google/gemma-3-27b-it] Temp=0.0 Rep=1 → Concordo fortemente
[2026-05-11 15:24:47,165][__main__][INFO] - ✓ [mistralai/Mistral-Small-3.2-24B-Instruct-2506] Temp=0.0 Rep=1 → Concordo fortemente
[2026-05-11 15:24:47,193][__main__][INFO] - ✓ [deepseek-ai/DeepSeek-V3.2] Temp=0.0 Rep=1 → Neutro
[2026-05-11 15:24:47,276][__main__][INFO] - Salvamento incremental (760 novas respostas)...
[2026-05-11 15:24:47,330][__main__][INFO] - Cache salvo com 230938 entradas
[2026-05-11 15:24:47,330][__main__][INFO] - ✓ [mistralai/Mistral-Small-3.2-24B-Instruct-2506] Temp=0.0 Rep=1 → Concordo
[2026-05-11 15:24:47,332][__main__][INFO] - ✓ [deepseek-ai/DeepSeek-V3.2] Temp=0.0 Rep=1 → Concordo fortemente
[2026-05-11 15:24:47,350][__main__][INFO] - ✓ [deepseek-ai/DeepSeek-V3.2] Temp=0.0 Rep=1 → Concordo
[2026-05-11 15:24:47,399][__main__][INFO] - ✓ [google/gemma-3-27b-it] Temp=0.0 Rep=1 → Discordo fortemente
[2026-05-11 15:24:47,537][__main__][INFO] - ✓ [mistralai/Mistral-Small-3.2-24B-Instruct-2506] Temp=0.0 Rep=1 → Discordo fortemente
[2026-05-11 15:24:47,583][__main__][INFO] - ✓ [deepseek-ai/DeepSeek-V3.2] Temp=0.0 Rep=1 → Concordo
[2026-05-11 15:24:47,654][__main__][INFO] - ✓ [mistralai/Mistral-Small-3.2-24B-Instruct-2506] Temp=0.0 Rep=1 → Neutro
[2026-05-11 15:24:47,672][__main__][INFO] - ✓ [mistralai/Mistral-Small-3.2-24B-Instruct-2506] Temp=0.0 Rep=1 → Concordo fortemente
[2026-05-11 15:24:47,706][__main__][INFO] - ✓ [google/gemma-3-27b-it] Temp=0.0 Rep=1 → Neutro
[2026-05-11 15:24:47,735][__main__][INFO] - ✓ [google/gemma-3-27b-it] Temp=0.0 Rep=1 → Concordo fortemente
[2026-05-11 15:24:47,748][__main__][INFO] - ✓ [deepseek-ai/DeepSeek-V3.2] Temp=0.0 Rep=1 → Neutro
[2026-05-11 15:24:48,062][__main__][INFO] - ✓ [deepseek-ai/DeepSeek-V3.2] Temp=0.0 Rep=1 → Concordo fortemente
[2026-05-11 15:24:48,066][__main__][INFO] - ✓ [google/gemma-3-27b-it] Temp=0.0 Rep=1 → Discordo fortemente
[2026-05-11 15:24:48,067][__main__][INFO] - ✓ [mistralai/Mistral-Small-3.2-24B-Instruct-2506] Temp=0.0 Rep=1 → Concordo fortemente
[2026-05-11 15:24:48,068][__main__][INFO] - ✓ [mistralai/Mistral-Small-3.2-24B-Instruct-2506] Temp=0.0 Rep=1 → Neutro
[2026-05-11 15:24:48,069][__main__][INFO] - ✓ [mistralai/Mistral-Small-3.2-24B-Instruct-2506] Temp=0.0 Rep=1 → Neutro
[2026-05-11 15:24:48,136][__main__][INFO] - ✓ [deepseek-ai/DeepSeek-V3.2] Temp=0.0 Rep=1 → Neutro
[2026-05-11 15:24:48,145][__main__][INFO] - ✓ [google/gemma-3-27b-it] Temp=0.0 Rep=1 → Neutro
[2026-05-11 15:24:48,311][__main__][INFO] - ✓ [deepseek-ai/DeepSeek-V3.2] Temp=0.0 Rep=1 → Discordo fortemente
[2026-05-11 15:24:48,341][__main__][INFO] - ✓ [google/gemma-3-27b-it] Temp=0.0 Rep=1 → Concordo fortemente
[2026-05-11 15:24:48,449][__main__][INFO] - ✓ [google/gemma-3-27b-it] Temp=0.0 Rep=1 → Concordo fortemente
[2026-05-11 15:24:48,585][__main__][INFO] - ✓ [google/gemma-3-27b-it] Temp=0.0 Rep=1 → Discordo fortemente
[2026-05-11 15:24:48,596][__main__][INFO] - ✓ [google/gemma-3-27b-it] Temp=0.0 Rep=1 → Discordo fortemente
[2026-05-11 15:24:48,614][__main__][INFO] - ✓ [deepseek-ai/DeepSeek-V3.2] Temp=0.0 Rep=1 → Neutro
[2026-05-11 15:24:48,773][__main__][INFO] - ✓ [mistralai/Mistral-Small-3.2-24B-Instruct-2506] Temp=0.0 Rep=1 → Discordo
[2026-05-11 15:24:48,823][__main__][INFO] - ✓ [deepseek-ai/DeepSeek-V3.2] Temp=0.0 Rep=1 → Neutro
[2026-05-11 15:24:48,858][__main__][INFO] - ✓ [mistralai/Mistral-Small-3.2-24B-Instruct-2506] Temp=0.0 Rep=1 → Concordo fortemente
[2026-05-11 15:24:48,874][__main__][INFO] - ✓ [mistralai/Mistral-Small-3.2-24B-Instruct-2506] Temp=0.0 Rep=1 → Neutro
[2026-05-11 15:24:48,998][__main__][INFO] - ✓ [deepseek-ai/DeepSeek-V3.2] Temp=0.0 Rep=1 → Neutro
[2026-05-11 15:24:49,125][__main__][INFO] - ✓ [google/gemma-3-27b-it] Temp=0.0 Rep=1 → Discordo fortemente
[2026-05-11 15:24:49,258][__main__][INFO] - ✓ [deepseek-ai/DeepSeek-V3.2] Temp=0.0 Rep=1 → Concordo fortemente
[2026-05-11 15:24:49,268][__main__][INFO] - ✓ [deepseek-ai/DeepSeek-V3.2] Temp=0.0 Rep=1 → Concordo fortemente
[2026-05-11 15:24:49,328][__main__][INFO] - ✓ [google/gemma-3-27b-it] Temp=0.0 Rep=1 → Concordo fortemente
[2026-05-11 15:24:49,373][__main__][INFO] - ✓ [mistralai/Mistral-Small-3.2-24B-Instruct-2506] Temp=0.0 Rep=1 → Neutro
[2026-05-11 15:24:49,404][__main__][INFO] - ✓ [mistralai/Mistral-Small-3.2-24B-Instruct-2506] Temp=0.0 Rep=1 → Concordo fortemente
[2026-05-11 15:24:49,407][__main__][INFO] - ✓ [mistralai/Mistral-Small-3.2-24B-Instruct-2506] Temp=0.0 Rep=1 → Neutro
[2026-05-11 15:24:49,411][__main__][INFO] - ✓ [deepseek-ai/DeepSeek-V3.2] Temp=0.0 Rep=1 → Concordo
[2026-05-11 15:24:49,478][__main__][INFO] - ✓ [deepseek-ai/DeepSeek-V3.2] Temp=0.0 Rep=1 → Neutro
[2026-05-11 15:24:49,682][__main__][INFO] - ✓ [mistralai/Mistral-Small-3.2-24B-Instruct-2506] Temp=0.0 Rep=1 → Concordo
[2026-05-11 15:24:49,686][__main__][INFO] - ✓ [mistralai/Mistral-Small-3.2-24B-Instruct-2506] Temp=0.0 Rep=1 → Neutro
[2026-05-11 15:24:49,741][__main__][INFO] - Salvamento incremental (800 novas respostas)...
[2026-05-11 15:24:49,795][__main__][INFO] - Cache salvo com 230978 entradas
[2026-05-11 15:24:49,795][__main__][INFO] - ✓ [google/gemma-3-27b-it] Temp=0.0 Rep=1 → Discordo fortemente
[2026-05-11 15:24:49,796][__main__][INFO] - ✓ [google/gemma-3-27b-it] Temp=0.0 Rep=1 → Neutro
[2026-05-11 15:24:49,798][__main__][INFO] - ✓ [mistralai/Mistral-Small-3.2-24B-Instruct-2506] Temp=0.0 Rep=1 → Neutro
[2026-05-11 15:24:49,798][__main__][INFO] - ✓ [google/gemma-3-27b-it] Temp=0.0 Rep=1 → Concordo fortemente
[2026-05-11 15:24:49,799][__main__][INFO] - ✓ [google/gemma-3-27b-it] Temp=0.0 Rep=1 → Concordo fortemente
[2026-05-11 15:24:49,850][__main__][INFO] - ✓ [deepseek-ai/DeepSeek-V3.2] Temp=0.0 Rep=1 → Concordo fortemente
[2026-05-11 15:24:49,908][__main__][INFO] - ✓ [deepseek-ai/DeepSeek-V3.2] Temp=0.0 Rep=1 → Concordo fortemente
[2026-05-11 15:24:50,165][__main__][INFO] - ✓ [mistralai/Mistral-Small-3.2-24B-Instruct-2506] Temp=0.0 Rep=1 → Concordo fortemente
[2026-05-11 15:24:50,168][__main__][INFO] - ✓ [mistralai/Mistral-Small-3.2-24B-Instruct-2506] Temp=0.0 Rep=1 → Neutro
[2026-05-11 15:24:50,217][__main__][INFO] - ✓ [deepseek-ai/DeepSeek-V3.2] Temp=0.0 Rep=1 → Concordo
[2026-05-11 15:24:50,229][__main__][INFO] - ✓ [deepseek-ai/DeepSeek-V3.2] Temp=0.0 Rep=1 → Neutro
[2026-05-11 15:24:50,357][__main__][INFO] - ✓ [google/gemma-3-27b-it] Temp=0.0 Rep=1 → Neutro
[2026-05-11 15:24:50,389][__main__][INFO] - ✓ [google/gemma-3-27b-it] Temp=0.0 Rep=1 → Concordo fortemente
[2026-05-11 15:24:50,567][__main__][INFO] - ✓ [deepseek-ai/DeepSeek-V3.2] Temp=0.0 Rep=1 → Neutro
[2026-05-11 15:24:50,681][__main__][INFO] - ✓ [google/gemma-3-27b-it] Temp=0.0 Rep=1 → Concordo fortemente
[2026-05-11 15:24:50,868][__main__][INFO] - ✓ [google/gemma-3-27b-it] Temp=0.0 Rep=1 → Discordo fortemente
[2026-05-11 15:24:50,876][__main__][INFO] - ✓ [deepseek-ai/DeepSeek-V3.2] Temp=0.0 Rep=1 → Concordo fortemente
[2026-05-11 15:24:50,884][__main__][INFO] - ✓ [deepseek-ai/DeepSeek-V3.2] Temp=0.0 Rep=1 → Neutro
[2026-05-11 15:24:51,204][__main__][INFO] - ✓ [google/gemma-3-27b-it] Temp=0.0 Rep=1 → Discordo fortemente
[2026-05-11 15:24:51,286][__main__][INFO] - ✓ [deepseek-ai/DeepSeek-V3.2] Temp=0.0 Rep=1 → Neutro
[2026-05-11 15:24:51,521][__main__][INFO] - ✓ [google/gemma-3-27b-it] Temp=0.0 Rep=1 → Neutro
[2026-05-11 15:24:51,731][__main__][INFO] - ✓ [deepseek-ai/DeepSeek-V3.2] Temp=0.0 Rep=1 → Neutro
[2026-05-11 15:24:51,798][__main__][INFO] - ✓ [deepseek-ai/DeepSeek-V3.2] Temp=0.0 Rep=1 → Neutro
[2026-05-11 15:24:51,802][__main__][INFO] - ✓ [google/gemma-3-27b-it] Temp=0.0 Rep=1 → Concordo fortemente
[2026-05-11 15:24:51,921][__main__][INFO] - ✓ [google/gemma-3-27b-it] Temp=0.0 Rep=1 → Concordo fortemente
[2026-05-11 15:24:51,973][__main__][INFO] - ✓ [deepseek-ai/DeepSeek-V3.2] Temp=0.0 Rep=1 → Concordo fortemente
[2026-05-11 15:24:52,416][__main__][INFO] - ✓ [deepseek-ai/DeepSeek-V3.2] Temp=0.0 Rep=1 → Neutro
[2026-05-11 15:24:52,478][__main__][INFO] - ✓ [google/gemma-3-27b-it] Temp=0.0 Rep=1 → Concordo fortemente
[2026-05-11 15:24:52,807][__main__][INFO] - ✓ [deepseek-ai/DeepSeek-V3.2] Temp=0.0 Rep=1 → Concordo
[2026-05-11 15:24:52,849][__main__][INFO] - ✓ [mistralai/Mistral-Small-3.2-24B-Instruct-2506] Temp=0.0 Rep=1 → Concordo fortemente
[2026-05-11 15:24:52,875][__main__][INFO] - ✓ [mistralai/Mistral-Small-3.2-24B-Instruct-2506] Temp=0.0 Rep=1 → Discordo
[2026-05-11 15:24:53,203][__main__][INFO] - ✓ [deepseek-ai/DeepSeek-V3.2] Temp=0.0 Rep=1 → Neutro
[2026-05-11 15:24:53,304][__main__][INFO] - ✓ [google/gemma-3-27b-it] Temp=0.0 Rep=1 → Concordo fortemente
[2026-05-11 15:24:53,308][__main__][INFO] - ✓ [deepseek-ai/DeepSeek-V3.2] Temp=0.0 Rep=1 → Concordo
[2026-05-11 15:24:53,308][__main__][INFO] - ✓ [google/gemma-3-27b-it] Temp=0.0 Rep=1 → Concordo fortemente
[2026-05-11 15:24:53,371][__main__][INFO] - ✓ [google/gemma-3-27b-it] Temp=0.0 Rep=1 → Neutro
[2026-05-11 15:24:53,464][__main__][INFO] - ✓ [mistralai/Mistral-Small-3.2-24B-Instruct-2506] Temp=0.0 Rep=1 → Neutro
[2026-05-11 15:24:53,470][__main__][INFO] - ✓ [mistralai/Mistral-Small-3.2-24B-Instruct-2506] Temp=0.0 Rep=1 → Neutro
[2026-05-11 15:24:53,473][__main__][INFO] - ✓ [mistralai/Mistral-Small-3.2-24B-Instruct-2506] Temp=0.0 Rep=1 → Concordo fortemente
[2026-05-11 15:24:53,494][__main__][INFO] - ✓ [mistralai/Mistral-Small-3.2-24B-Instruct-2506] Temp=0.0 Rep=1 → Neutro
[2026-05-11 15:24:53,499][__main__][INFO] - Salvamento incremental (840 novas respostas)...
[2026-05-11 15:24:53,542][__main__][INFO] - Cache salvo com 231018 entradas
[2026-05-11 15:24:53,542][__main__][INFO] - ✓ [mistralai/Mistral-Small-3.2-24B-Instruct-2506] Temp=0.0 Rep=1 → Concordo fortemente
[2026-05-11 15:24:53,829][__main__][INFO] - ✓ [mistralai/Mistral-Small-3.2-24B-Instruct-2506] Temp=0.0 Rep=1 → Concordo
[2026-05-11 15:24:53,834][__main__][INFO] - ✓ [mistralai/Mistral-Small-3.2-24B-Instruct-2506] Temp=0.0 Rep=1 → Neutro
[2026-05-11 15:24:53,879][__main__][INFO] - ✓ [google/gemma-3-27b-it] Temp=0.0 Rep=1 → Concordo fortemente
[2026-05-11 15:24:53,883][__main__][INFO] - ✓ [google/gemma-3-27b-it] Temp=0.0 Rep=1 → Discordo fortemente
[2026-05-11 15:24:53,944][__main__][INFO] - ✓ [google/gemma-3-27b-it] Temp=0.0 Rep=1 → Concordo fortemente
[2026-05-11 15:24:54,033][__main__][INFO] - ✓ [mistralai/Mistral-Small-3.2-24B-Instruct-2506] Temp=0.0 Rep=1 → Concordo fortemente
[2026-05-11 15:24:54,052][__main__][INFO] - ✓ [mistralai/Mistral-Small-3.2-24B-Instruct-2506] Temp=0.0 Rep=1 → Concordo
[2026-05-11 15:24:54,184][__main__][INFO] - ✓ [mistralai/Mistral-Small-3.2-24B-Instruct-2506] Temp=0.0 Rep=1 → Concordo
[2026-05-11 15:24:54,215][__main__][INFO] - ✓ [deepseek-ai/DeepSeek-V3.2] Temp=0.0 Rep=1 → Neutro
[2026-05-11 15:24:54,353][__main__][INFO] - ✓ [mistralai/Mistral-Small-3.2-24B-Instruct-2506] Temp=0.0 Rep=1 → Neutro
[2026-05-11 15:24:54,499][__main__][INFO] - ✓ [mistralai/Mistral-Small-3.2-24B-Instruct-2506] Temp=0.0 Rep=1 → Discordo
[2026-05-11 15:24:54,568][__main__][INFO] - ✓ [google/gemma-3-27b-it] Temp=0.0 Rep=1 → Concordo fortemente
[2026-05-11 15:24:54,571][__main__][INFO] - ✓ [deepseek-ai/DeepSeek-V3.2] Temp=0.0 Rep=1 → Neutro
[2026-05-11 15:24:54,705][__main__][INFO] - ✓ [deepseek-ai/DeepSeek-V3.2] Temp=0.0 Rep=1 → Neutro
[2026-05-11 15:24:54,877][__main__][INFO] - ✓ [mistralai/Mistral-Small-3.2-24B-Instruct-2506] Temp=0.0 Rep=1 → Neutro
[2026-05-11 15:24:54,880][__main__][INFO] - ✓ [mistralai/Mistral-Small-3.2-24B-Instruct-2506] Temp=0.0 Rep=1 → Concordo
[2026-05-11 15:24:54,924][__main__][INFO] - ✓ [deepseek-ai/DeepSeek-V3.2] Temp=0.0 Rep=1 → Neutro
[2026-05-11 15:24:55,067][__main__][INFO] - ✓ [deepseek-ai/DeepSeek-V3.2] Temp=0.0 Rep=1 → Concordo fortemente
[2026-05-11 15:24:55,403][__main__][INFO] - ✓ [deepseek-ai/DeepSeek-V3.2] Temp=0.0 Rep=1 → Concordo
[2026-05-11 15:24:55,404][__main__][INFO] - ✓ [google/gemma-3-27b-it] Temp=0.0 Rep=1 → Concordo fortemente
[2026-05-11 15:24:55,409][__main__][INFO] - ✓ [mistralai/Mistral-Small-3.2-24B-Instruct-2506] Temp=0.0 Rep=1 → Concordo fortemente
[2026-05-11 15:24:55,409][__main__][INFO] - ✓ [google/gemma-3-27b-it] Temp=0.0 Rep=1 → Concordo fortemente
[2026-05-11 15:24:55,452][__main__][INFO] - ✓ [deepseek-ai/DeepSeek-V3.2] Temp=0.0 Rep=1 → Neutro
[2026-05-11 15:24:55,457][__main__][INFO] - ✓ [deepseek-ai/DeepSeek-V3.2] Temp=0.0 Rep=1 → Concordo fortemente
[2026-05-11 15:24:55,494][__main__][INFO] - ✓ [google/gemma-3-27b-it] Temp=0.0 Rep=1 → Discordo fortemente
[2026-05-11 15:24:55,612][__main__][INFO] - ✓ [deepseek-ai/DeepSeek-V3.2] Temp=0.0 Rep=1 → Neutro
[2026-05-11 15:24:55,682][__main__][INFO] - ✓ [google/gemma-3-27b-it] Temp=0.0 Rep=1 → Discordo fortemente
[2026-05-11 15:24:55,715][__main__][INFO] - ✓ [mistralai/Mistral-Small-3.2-24B-Instruct-2506] Temp=0.0 Rep=1 → Concordo
[2026-05-11 15:24:55,767][__main__][INFO] - ✓ [google/gemma-3-27b-it] Temp=0.0 Rep=1 → Concordo fortemente
[2026-05-11 15:24:55,988][__main__][INFO] - ✓ [google/gemma-3-27b-it] Temp=0.0 Rep=1 → Concordo fortemente
[2026-05-11 15:24:55,991][__main__][INFO] - ✓ [mistralai/Mistral-Small-3.2-24B-Instruct-2506] Temp=0.0 Rep=1 → Concordo fortemente
[2026-05-11 15:24:56,007][__main__][INFO] - ✓ [mistralai/Mistral-Small-3.2-24B-Instruct-2506] Temp=0.0 Rep=1 → Concordo fortemente
[2026-05-11 15:24:56,039][__main__][INFO] - ✓ [google/gemma-3-27b-it] Temp=0.0 Rep=1 → Concordo fortemente
[2026-05-11 15:24:56,050][__main__][INFO] - ✓ [mistralai/Mistral-Small-3.2-24B-Instruct-2506] Temp=0.0 Rep=1 → Concordo fortemente
[2026-05-11 15:24:56,060][__main__][INFO] - ✓ [google/gemma-3-27b-it] Temp=0.0 Rep=1 → Concordo fortemente
[2026-05-11 15:24:56,355][__main__][INFO] - ✓ [mistralai/Mistral-Small-3.2-24B-Instruct-2506] Temp=0.0 Rep=1 → Neutro
[2026-05-11 15:24:56,450][__main__][INFO] - ✓ [google/gemma-3-27b-it] Temp=0.0 Rep=1 → Discordo
[2026-05-11 15:24:56,497][__main__][INFO] - ✓ [deepseek-ai/DeepSeek-V3.2] Temp=0.0 Rep=1 → Concordo
[2026-05-11 15:24:56,505][__main__][INFO] - ✓ [google/gemma-3-27b-it] Temp=0.0 Rep=1 → Concordo fortemente
[2026-05-11 15:24:56,534][__main__][INFO] - Salvamento incremental (880 novas respostas)...
[2026-05-11 15:24:56,584][__main__][INFO] - Cache salvo com 231058 entradas
[2026-05-11 15:24:56,584][__main__][INFO] - ✓ [deepseek-ai/DeepSeek-V3.2] Temp=0.0 Rep=1 → Concordo fortemente
[2026-05-11 15:24:56,612][__main__][INFO] - ✓ [deepseek-ai/DeepSeek-V3.2] Temp=0.0 Rep=1 → Neutro
[2026-05-11 15:24:56,625][__main__][INFO] - ✓ [deepseek-ai/DeepSeek-V3.2] Temp=0.0 Rep=1 → Concordo fortemente
[2026-05-11 15:24:56,745][__main__][INFO] - ✓ [google/gemma-3-27b-it] Temp=0.0 Rep=1 → Concordo fortemente
[2026-05-11 15:24:56,764][__main__][INFO] - ✓ [deepseek-ai/DeepSeek-V3.2] Temp=0.0 Rep=1 → Concordo fortemente
[2026-05-11 15:24:56,773][__main__][INFO] - ✓ [mistralai/Mistral-Small-3.2-24B-Instruct-2506] Temp=0.0 Rep=1 → Neutro
[2026-05-11 15:24:56,864][__main__][INFO] - ✓ [mistralai/Mistral-Small-3.2-24B-Instruct-2506] Temp=0.0 Rep=1 → Concordo fortemente
[2026-05-11 15:24:57,087][__main__][INFO] - ✓ [google/gemma-3-27b-it] Temp=0.0 Rep=1 → Concordo fortemente
[2026-05-11 15:24:57,180][__main__][INFO] - ✓ [google/gemma-3-27b-it] Temp=0.0 Rep=1 → Concordo fortemente
[2026-05-11 15:24:57,238][__main__][INFO] - ✓ [mistralai/Mistral-Small-3.2-24B-Instruct-2506] Temp=0.0 Rep=1 → Concordo
[2026-05-11 15:24:57,266][__main__][INFO] - ✓ [mistralai/Mistral-Small-3.2-24B-Instruct-2506] Temp=0.0 Rep=1 → Concordo fortemente
[2026-05-11 15:24:57,306][__main__][INFO] - ✓ [deepseek-ai/DeepSeek-V3.2] Temp=0.0 Rep=1 → Concordo fortemente
[2026-05-11 15:24:57,499][__main__][INFO] - ✓ [mistralai/Mistral-Small-3.2-24B-Instruct-2506] Temp=0.0 Rep=1 → Concordo fortemente
[2026-05-11 15:24:57,892][__main__][INFO] - ✓ [deepseek-ai/DeepSeek-V3.2] Temp=0.0 Rep=1 → Neutro
[2026-05-11 15:24:58,022][__main__][INFO] - ✓ [deepseek-ai/DeepSeek-V3.2] Temp=0.0 Rep=1 → Concordo fortemente
[2026-05-11 15:24:58,079][__main__][INFO] - ✓ [deepseek-ai/DeepSeek-V3.2] Temp=0.0 Rep=1 → Neutro
[2026-05-11 15:24:58,089][__main__][INFO] - ✓ [deepseek-ai/DeepSeek-V3.2] Temp=0.0 Rep=1 → Concordo fortemente
[2026-05-11 15:24:58,127][__main__][INFO] - ✓ [google/gemma-3-27b-it] Temp=0.0 Rep=1 → Concordo fortemente
[2026-05-11 15:24:58,132][__main__][INFO] - ✓ [google/gemma-3-27b-it] Temp=0.0 Rep=1 → Concordo fortemente
[2026-05-11 15:24:58,140][__main__][INFO] - ✓ [google/gemma-3-27b-it] Temp=0.0 Rep=1 → Concordo fortemente
[2026-05-11 15:24:58,167][__main__][INFO] - ✓ [deepseek-ai/DeepSeek-V3.2] Temp=0.0 Rep=1 → Concordo fortemente
[2026-05-11 15:24:58,271][__main__][INFO] - ✓ [deepseek-ai/DeepSeek-V3.2] Temp=0.0 Rep=1 → Concordo fortemente
[2026-05-11 15:24:58,403][__main__][INFO] - ✓ [mistralai/Mistral-Small-3.2-24B-Instruct-2506] Temp=0.0 Rep=1 → Concordo fortemente
[2026-05-11 15:24:58,547][__main__][INFO] - ✓ [mistralai/Mistral-Small-3.2-24B-Instruct-2506] Temp=0.0 Rep=1 → Concordo fortemente
[2026-05-11 15:24:58,550][__main__][INFO] - ✓ [mistralai/Mistral-Small-3.2-24B-Instruct-2506] Temp=0.0 Rep=1 → Neutro
[2026-05-11 15:24:58,830][__main__][INFO] - ✓ [mistralai/Mistral-Small-3.2-24B-Instruct-2506] Temp=0.0 Rep=1 → Concordo
[2026-05-11 15:24:58,832][__main__][INFO] - ✓ [google/gemma-3-27b-it] Temp=0.0 Rep=1 → Concordo fortemente
[2026-05-11 15:24:58,915][__main__][INFO] - ✓ [google/gemma-3-27b-it] Temp=0.0 Rep=1 → Concordo fortemente
[2026-05-11 15:24:59,072][__main__][INFO] - ✓ [google/gemma-3-27b-it] Temp=0.0 Rep=1 → Concordo fortemente
[2026-05-11 15:24:59,092][__main__][INFO] - ✓ [google/gemma-3-27b-it] Temp=0.0 Rep=1 → Concordo fortemente
[2026-05-11 15:24:59,097][__main__][INFO] - ✓ [mistralai/Mistral-Small-3.2-24B-Instruct-2506] Temp=0.0 Rep=1 → Concordo fortemente
[2026-05-11 15:24:59,098][__main__][INFO] - ✓ [mistralai/Mistral-Small-3.2-24B-Instruct-2506] Temp=0.0 Rep=1 → Neutro
[2026-05-11 15:24:59,293][__main__][INFO] - ✓ [deepseek-ai/DeepSeek-V3.2] Temp=0.0 Rep=1 → Concordo fortemente
[2026-05-11 15:24:59,483][__main__][INFO] - ✓ [google/gemma-3-27b-it] Temp=0.0 Rep=1 → Concordo fortemente
[2026-05-11 15:24:59,638][__main__][INFO] - ✓ [deepseek-ai/DeepSeek-V3.2] Temp=0.0 Rep=1 → Neutro
[2026-05-11 15:24:59,643][__main__][INFO] - ✓ [deepseek-ai/DeepSeek-V3.2] Temp=0.0 Rep=1 → Concordo fortemente
[2026-05-11 15:24:59,649][__main__][INFO] - ✓ [deepseek-ai/DeepSeek-V3.2] Temp=0.0 Rep=1 → Concordo fortemente
[2026-05-11 15:24:59,741][__main__][INFO] - ✓ [mistralai/Mistral-Small-3.2-24B-Instruct-2506] Temp=0.0 Rep=1 → Concordo fortemente
[2026-05-11 15:24:59,756][__main__][INFO] - ✓ [mistralai/Mistral-Small-3.2-24B-Instruct-2506] Temp=0.0 Rep=1 → Concordo
[2026-05-11 15:25:00,120][__main__][INFO] - ✓ [google/gemma-3-27b-it] Temp=0.0 Rep=1 → Concordo fortemente
[2026-05-11 15:25:00,158][__main__][INFO] - Salvamento incremental (920 novas respostas)...
[2026-05-11 15:25:00,213][__main__][INFO] - Cache salvo com 231098 entradas
[2026-05-11 15:25:00,213][__main__][INFO] - ✓ [mistralai/Mistral-Small-3.2-24B-Instruct-2506] Temp=0.0 Rep=1 → Concordo fortemente
[2026-05-11 15:25:00,215][__main__][INFO] - ✓ [deepseek-ai/DeepSeek-V3.2] Temp=0.0 Rep=1 → Neutro
[2026-05-11 15:25:00,380][__main__][INFO] - ✓ [mistralai/Mistral-Small-3.2-24B-Instruct-2506] Temp=0.0 Rep=1 → Concordo
[2026-05-11 15:25:00,664][__main__][INFO] - ✓ [google/gemma-3-27b-it] Temp=0.0 Rep=1 → Concordo fortemente
[2026-05-11 15:25:00,690][__main__][INFO] - ✓ [google/gemma-3-27b-it] Temp=0.0 Rep=1 → Concordo fortemente
[2026-05-11 15:25:00,695][__main__][INFO] - ✓ [deepseek-ai/DeepSeek-V3.2] Temp=0.0 Rep=1 → Neutro
[2026-05-11 15:25:00,702][__main__][INFO] - ✓ [google/gemma-3-27b-it] Temp=0.0 Rep=1 → Concordo fortemente
[2026-05-11 15:25:00,706][__main__][INFO] - ✓ [google/gemma-3-27b-it] Temp=0.0 Rep=1 → Concordo fortemente
[2026-05-11 15:25:00,829][__main__][INFO] - ✓ [deepseek-ai/DeepSeek-V3.2] Temp=0.0 Rep=1 → Concordo fortemente
[2026-05-11 15:25:00,931][__main__][INFO] - ✓ [mistralai/Mistral-Small-3.2-24B-Instruct-2506] Temp=0.0 Rep=1 → Neutro
[2026-05-11 15:25:01,168][__main__][INFO] - ✓ [mistralai/Mistral-Small-3.2-24B-Instruct-2506] Temp=0.0 Rep=1 → Concordo fortemente
[2026-05-11 15:25:01,321][__main__][INFO] - ✓ [google/gemma-3-27b-it] Temp=0.0 Rep=1 → Concordo fortemente
[2026-05-11 15:25:01,457][__main__][INFO] - ✓ [deepseek-ai/DeepSeek-V3.2] Temp=0.0 Rep=1 → Neutro
[2026-05-11 15:25:01,507][__main__][INFO] - ✓ [deepseek-ai/DeepSeek-V3.2] Temp=0.0 Rep=1 → Concordo fortemente
[2026-05-11 15:25:01,510][__main__][INFO] - ✓ [mistralai/Mistral-Small-3.2-24B-Instruct-2506] Temp=0.0 Rep=1 → Neutro
[2026-05-11 15:25:01,549][__main__][INFO] - ✓ [mistralai/Mistral-Small-3.2-24B-Instruct-2506] Temp=0.0 Rep=1 → Neutro
[2026-05-11 15:25:01,692][__main__][INFO] - ✓ [mistralai/Mistral-Small-3.2-24B-Instruct-2506] Temp=0.0 Rep=1 → Concordo fortemente
[2026-05-11 15:25:01,699][__main__][INFO] - ✓ [google/gemma-3-27b-it] Temp=0.0 Rep=1 → Concordo fortemente
[2026-05-11 15:25:01,777][__main__][INFO] - ✓ [google/gemma-3-27b-it] Temp=0.0 Rep=1 → Discordo fortemente
[2026-05-11 15:25:01,907][__main__][INFO] - ✓ [mistralai/Mistral-Small-3.2-24B-Instruct-2506] Temp=0.0 Rep=1 → Neutro
[2026-05-11 15:25:02,074][__main__][INFO] - ✓ [google/gemma-3-27b-it] Temp=0.0 Rep=1 → Concordo fortemente
[2026-05-11 15:25:02,216][__main__][INFO] - ✓ [google/gemma-3-27b-it] Temp=0.0 Rep=1 → Concordo fortemente
[2026-05-11 15:25:02,220][__main__][INFO] - ✓ [mistralai/Mistral-Small-3.2-24B-Instruct-2506] Temp=0.0 Rep=1 → Neutro
[2026-05-11 15:25:02,221][__main__][INFO] - ✓ [deepseek-ai/DeepSeek-V3.2] Temp=0.0 Rep=1 → Concordo fortemente
[2026-05-11 15:25:02,370][__main__][INFO] - ✓ [mistralai/Mistral-Small-3.2-24B-Instruct-2506] Temp=0.0 Rep=1 → Concordo fortemente
[2026-05-11 15:25:02,441][__main__][INFO] - ✓ [google/gemma-3-27b-it] Temp=0.0 Rep=1 → Concordo fortemente
[2026-05-11 15:25:02,530][__main__][INFO] - ✓ [mistralai/Mistral-Small-3.2-24B-Instruct-2506] Temp=0.0 Rep=1 → Neutro
[2026-05-11 15:25:02,741][__main__][INFO] - ✓ [deepseek-ai/DeepSeek-V3.2] Temp=0.0 Rep=1 → Concordo fortemente
[2026-05-11 15:25:02,744][__main__][INFO] - ✓ [deepseek-ai/DeepSeek-V3.2] Temp=0.0 Rep=1 → Neutro
[2026-05-11 15:25:02,980][__main__][INFO] - ✓ [google/gemma-3-27b-it] Temp=0.0 Rep=1 → Concordo fortemente
[2026-05-11 15:25:02,981][__main__][INFO] - ✓ [deepseek-ai/DeepSeek-V3.2] Temp=0.0 Rep=1 → Concordo
[2026-05-11 15:25:03,073][__main__][INFO] - ✓ [deepseek-ai/DeepSeek-V3.2] Temp=0.0 Rep=1 → Neutro
[2026-05-11 15:25:03,268][__main__][INFO] - ✓ [mistralai/Mistral-Small-3.2-24B-Instruct-2506] Temp=0.0 Rep=1 → Concordo fortemente
[2026-05-11 15:25:03,271][__main__][INFO] - ✓ [deepseek-ai/DeepSeek-V3.2] Temp=0.0 Rep=1 → Neutro
[2026-05-11 15:25:03,419][__main__][INFO] - ✓ [google/gemma-3-27b-it] Temp=0.0 Rep=1 → Neutro
[2026-05-11 15:25:03,423][__main__][INFO] - ✓ [google/gemma-3-27b-it] Temp=0.0 Rep=1 → Discordo fortemente
[2026-05-11 15:25:03,788][__main__][INFO] - ✓ [mistralai/Mistral-Small-3.2-24B-Instruct-2506] Temp=0.0 Rep=1 → Concordo
[2026-05-11 15:25:03,790][__main__][INFO] - ✓ [mistralai/Mistral-Small-3.2-24B-Instruct-2506] Temp=0.0 Rep=1 → Neutro
[2026-05-11 15:25:03,904][__main__][INFO] - ✓ [deepseek-ai/DeepSeek-V3.2] Temp=0.0 Rep=1 → Neutro
[2026-05-11 15:25:04,011][__main__][INFO] - ✓ [deepseek-ai/DeepSeek-V3.2] Temp=0.0 Rep=1 → Neutro
[2026-05-11 15:25:04,091][__main__][INFO] - Salvamento incremental (960 novas respostas)...
[2026-05-11 15:25:04,142][__main__][INFO] - Cache salvo com 231138 entradas
[2026-05-11 15:25:04,142][__main__][INFO] - ✓ [deepseek-ai/DeepSeek-V3.2] Temp=0.0 Rep=1 → Neutro
[2026-05-11 15:25:04,144][__main__][INFO] - ✓ [mistralai/Mistral-Small-3.2-24B-Instruct-2506] Temp=0.0 Rep=1 → Neutro
[2026-05-11 15:25:04,374][__main__][INFO] - ✓ [google/gemma-3-27b-it] Temp=0.0 Rep=1 → Concordo fortemente
[2026-05-11 15:25:04,436][__main__][INFO] - ✓ [deepseek-ai/DeepSeek-V3.2] Temp=0.0 Rep=1 → Concordo fortemente
[2026-05-11 15:25:04,648][__main__][INFO] - ✓ [google/gemma-3-27b-it] Temp=0.0 Rep=1 → Discordo fortemente
[2026-05-11 15:25:04,657][__main__][INFO] - ✓ [deepseek-ai/DeepSeek-V3.2] Temp=0.0 Rep=1 → Concordo
[2026-05-11 15:25:04,671][__main__][INFO] - ✓ [mistralai/Mistral-Small-3.2-24B-Instruct-2506] Temp=0.0 Rep=1 → Concordo
[2026-05-11 15:25:04,674][__main__][INFO] - ✓ [google/gemma-3-27b-it] Temp=0.0 Rep=1 → Concordo fortemente
[2026-05-11 15:25:04,675][__main__][INFO] - ✓ [deepseek-ai/DeepSeek-V3.2] Temp=0.0 Rep=1 → Concordo fortemente
[2026-05-11 15:25:04,838][__main__][INFO] - ✓ [mistralai/Mistral-Small-3.2-24B-Instruct-2506] Temp=0.0 Rep=1 → Neutro
[2026-05-11 15:25:04,927][__main__][INFO] - ✓ [deepseek-ai/DeepSeek-V3.2] Temp=0.0 Rep=1 → Neutro
[2026-05-11 15:25:04,945][__main__][INFO] - ✓ [mistralai/Mistral-Small-3.2-24B-Instruct-2506] Temp=0.0 Rep=1 → Discordo
[2026-05-11 15:25:04,946][__main__][INFO] - ✓ [mistralai/Mistral-Small-3.2-24B-Instruct-2506] Temp=0.0 Rep=1 → Concordo fortemente
[2026-05-11 15:25:04,978][__main__][INFO] - ✓ [google/gemma-3-27b-it] Temp=0.0 Rep=1 → Neutro
[2026-05-11 15:25:05,107][__main__][INFO] - ✓ [google/gemma-3-27b-it] Temp=0.0 Rep=1 → Discordo fortemente
[2026-05-11 15:25:05,200][__main__][INFO] - ✓ [deepseek-ai/DeepSeek-V3.2] Temp=0.0 Rep=1 → Neutro
[2026-05-11 15:25:05,362][__main__][INFO] - ✓ [google/gemma-3-27b-it] Temp=0.0 Rep=1 → Discordo fortemente
[2026-05-11 15:25:05,413][__main__][INFO] - ✓ [google/gemma-3-27b-it] Temp=0.0 Rep=1 → Concordo fortemente
[2026-05-11 15:25:05,543][__main__][INFO] - ✓ [mistralai/Mistral-Small-3.2-24B-Instruct-2506] Temp=0.0 Rep=1 → Discordo fortemente
[2026-05-11 15:25:05,546][__main__][INFO] - ✓ [mistralai/Mistral-Small-3.2-24B-Instruct-2506] Temp=0.0 Rep=1 → Neutro
[2026-05-11 15:25:05,656][__main__][INFO] - ✓ [deepseek-ai/DeepSeek-V3.2] Temp=0.0 Rep=1 → Neutro
[2026-05-11 15:25:05,660][__main__][INFO] - ✓ [mistralai/Mistral-Small-3.2-24B-Instruct-2506] Temp=0.0 Rep=1 → Concordo fortemente
[2026-05-11 15:25:05,666][__main__][INFO] - ✓ [google/gemma-3-27b-it] Temp=0.0 Rep=1 → Concordo fortemente
[2026-05-11 15:25:05,722][__main__][INFO] - ✓ [mistralai/Mistral-Small-3.2-24B-Instruct-2506] Temp=0.0 Rep=1 → Neutro
[2026-05-11 15:25:05,760][__main__][INFO] - ✓ [deepseek-ai/DeepSeek-V3.2] Temp=0.0 Rep=1 → Neutro
[2026-05-11 15:25:05,887][__main__][INFO] - ✓ [deepseek-ai/DeepSeek-V3.2] Temp=0.0 Rep=1 → Concordo
[2026-05-11 15:25:05,898][__main__][INFO] - ✓ [google/gemma-3-27b-it] Temp=0.0 Rep=1 → Concordo
[2026-05-11 15:25:05,990][__main__][INFO] - ✓ [deepseek-ai/DeepSeek-V3.2] Temp=0.0 Rep=1 → Concordo fortemente
[2026-05-11 15:25:06,030][__main__][INFO] - ✓ [google/gemma-3-27b-it] Temp=0.0 Rep=1 → Discordo fortemente
[2026-05-11 15:25:06,129][__main__][INFO] - ✓ [mistralai/Mistral-Small-3.2-24B-Instruct-2506] Temp=0.0 Rep=1 → Concordo fortemente
[2026-05-11 15:25:06,259][__main__][INFO] - ✓ [google/gemma-3-27b-it] Temp=0.0 Rep=1 → Concordo fortemente
[2026-05-11 15:25:06,409][__main__][INFO] - ✓ [google/gemma-3-27b-it] Temp=0.0 Rep=1 → Concordo fortemente
[2026-05-11 15:25:06,412][__main__][INFO] - ✓ [deepseek-ai/DeepSeek-V3.2] Temp=0.0 Rep=1 → Neutro
[2026-05-11 15:25:06,464][__main__][INFO] - ✓ [mistralai/Mistral-Small-3.2-24B-Instruct-2506] Temp=0.0 Rep=1 → Neutro
[2026-05-11 15:25:06,626][__main__][INFO] - ✓ [google/gemma-3-27b-it] Temp=0.0 Rep=1 → Discordo fortemente
[2026-05-11 15:25:06,797][__main__][INFO] - ✓ [google/gemma-3-27b-it] Temp=0.0 Rep=1 → Concordo fortemente
[2026-05-11 15:25:06,801][__main__][INFO] - ✓ [google/gemma-3-27b-it] Temp=0.0 Rep=1 → Discordo fortemente
[2026-05-11 15:25:06,989][__main__][INFO] - ✓ [deepseek-ai/DeepSeek-V3.2] Temp=0.0 Rep=1 → Concordo fortemente
[2026-05-11 15:25:07,029][__main__][INFO] - ✓ [mistralai/Mistral-Small-3.2-24B-Instruct-2506] Temp=0.0 Rep=1 → Concordo fortemente
[2026-05-11 15:25:07,034][__main__][INFO] - ✓ [deepseek-ai/DeepSeek-V3.2] Temp=0.0 Rep=1 → Concordo fortemente
[2026-05-11 15:25:07,088][__main__][INFO] - Salvamento incremental (1000 novas respostas)...
[2026-05-11 15:25:07,140][__main__][INFO] - Cache salvo com 231178 entradas
[2026-05-11 15:25:07,141][__main__][INFO] - ✓ [mistralai/Mistral-Small-3.2-24B-Instruct-2506] Temp=0.0 Rep=1 → Neutro
[2026-05-11 15:25:07,142][__main__][INFO] - ✓ [mistralai/Mistral-Small-3.2-24B-Instruct-2506] Temp=0.0 Rep=1 → Discordo
[2026-05-11 15:25:07,159][__main__][INFO] - ✓ [deepseek-ai/DeepSeek-V3.2] Temp=0.0 Rep=1 → Neutro
[2026-05-11 15:25:07,326][__main__][INFO] - ✓ [mistralai/Mistral-Small-3.2-24B-Instruct-2506] Temp=0.0 Rep=1 → Concordo fortemente
[2026-05-11 15:25:07,370][__main__][INFO] - ✓ [deepseek-ai/DeepSeek-V3.2] Temp=0.0 Rep=1 → Neutro
[2026-05-11 15:25:07,516][__main__][INFO] - ✓ [mistralai/Mistral-Small-3.2-24B-Instruct-2506] Temp=0.0 Rep=1 → Concordo fortemente
[2026-05-11 15:25:07,522][__main__][INFO] - ✓ [google/gemma-3-27b-it] Temp=0.0 Rep=1 → Concordo fortemente
[2026-05-11 15:25:07,526][__main__][INFO] - ✓ [google/gemma-3-27b-it] Temp=0.0 Rep=1 → Discordo fortemente
[2026-05-11 15:25:07,646][__main__][INFO] - ✓ [google/gemma-3-27b-it] Temp=0.0 Rep=1 → Concordo fortemente
[2026-05-11 15:25:07,775][__main__][INFO] - ✓ [deepseek-ai/DeepSeek-V3.2] Temp=0.0 Rep=1 → Neutro
[2026-05-11 15:25:07,821][__main__][INFO] - ✓ [mistralai/Mistral-Small-3.2-24B-Instruct-2506] Temp=0.0 Rep=1 → Neutro
[2026-05-11 15:25:07,983][__main__][INFO] - ✓ [mistralai/Mistral-Small-3.2-24B-Instruct-2506] Temp=0.0 Rep=1 → Concordo
[2026-05-11 15:25:07,984][__main__][INFO] - ✓ [deepseek-ai/DeepSeek-V3.2] Temp=0.0 Rep=1 → Neutro
[2026-05-11 15:25:08,231][__main__][INFO] - ✓ [deepseek-ai/DeepSeek-V3.2] Temp=0.0 Rep=1 → Neutro
[2026-05-11 15:25:08,315][__main__][INFO] - ✓ [deepseek-ai/DeepSeek-V3.2] Temp=0.0 Rep=1 → Neutro
[2026-05-11 15:25:08,370][__main__][INFO] - ✓ [deepseek-ai/DeepSeek-V3.2] Temp=0.0 Rep=1 → Neutro
[2026-05-11 15:25:08,372][__main__][INFO] - ✓ [deepseek-ai/DeepSeek-V3.2] Temp=0.0 Rep=1 → Concordo fortemente
[2026-05-11 15:25:08,509][__main__][INFO] - ✓ [deepseek-ai/DeepSeek-V3.2] Temp=0.0 Rep=1 → Concordo fortemente
[2026-05-11 15:25:08,579][__main__][INFO] - Cache salvo com 231195 entradas
[2026-05-11 15:25:08,579][__main__][INFO] - Coleta de dados concluída!
